# https://github.com/mikedh/trimesh
v -116.61140000 14.50000000 -10.89660000
v -116.61140000 14.50000000 -12.70000000
v -116.10340000 14.50000000 -10.38860000
v -116.16970731 14.50000000 -10.39294601
v -116.23488007 14.50000000 -10.40590968
v -116.29780318 14.50000000 -10.42726920
v -116.35740000 14.50000000 -10.45665909
v -116.41265081 14.50000000 -10.49357650
v -116.46261024 14.50000000 -10.53738976
v -116.50642350 14.50000000 -10.58734919
v -116.54334091 14.50000000 -10.64260000
v -116.57273080 14.50000000 -10.70219682
v -116.59409032 14.50000000 -10.76511993
v -116.60705399 14.50000000 -10.83029269
v -112.49660000 14.50000000 -10.38860000
v -111.98860000 14.50000000 -10.89660000
v -111.99294601 14.50000000 -10.83029269
v -112.00590968 14.50000000 -10.76511993
v -112.02726920 14.50000000 -10.70219682
v -112.05665909 14.50000000 -10.64260000
v -112.09357650 14.50000000 -10.58734919
v -112.13738976 14.50000000 -10.53738976
v -112.18734919 14.50000000 -10.49357650
v -112.24260000 14.50000000 -10.45665909
v -112.30219682 14.50000000 -10.42726920
v -112.36511993 14.50000000 -10.40590968
v -112.43029269 14.50000000 -10.39294601
v -111.98860000 14.50000000 -12.70000000
v -103.91140000 14.50000000 -12.70000000
v -103.91140000 14.50000000 -10.89660000
v -103.40340000 14.50000000 -10.38860000
v -103.46970731 14.50000000 -10.39294601
v -103.53488007 14.50000000 -10.40590968
v -103.59780318 14.50000000 -10.42726920
v -103.65740000 14.50000000 -10.45665909
v -103.71265081 14.50000000 -10.49357650
v -103.76261024 14.50000000 -10.53738976
v -103.80642350 14.50000000 -10.58734919
v -103.84334091 14.50000000 -10.64260000
v -103.87273080 14.50000000 -10.70219682
v -103.89409032 14.50000000 -10.76511993
v -103.90705399 14.50000000 -10.83029269
v -99.79660000 14.50000000 -10.38860000
v -99.28860000 14.50000000 -10.89660000
v -99.29294601 14.50000000 -10.83029269
v -99.30590968 14.50000000 -10.76511993
v -99.32726920 14.50000000 -10.70219682
v -99.35665909 14.50000000 -10.64260000
v -99.39357650 14.50000000 -10.58734919
v -99.43738976 14.50000000 -10.53738976
v -99.48734919 14.50000000 -10.49357650
v -99.54260000 14.50000000 -10.45665909
v -99.60219682 14.50000000 -10.42726920
v -99.66511993 14.50000000 -10.40590968
v -99.73029269 14.50000000 -10.39294601
v -99.28860000 14.50000000 -12.70000000
v -91.21140000 14.50000000 -12.70000000
v -91.21140000 14.50000000 -10.89660000
v -90.70340000 14.50000000 -10.38860000
v -90.76970731 14.50000000 -10.39294601
v -90.83488007 14.50000000 -10.40590968
v -90.89780318 14.50000000 -10.42726920
v -90.95740000 14.50000000 -10.45665909
v -91.01265081 14.50000000 -10.49357650
v -91.06261024 14.50000000 -10.53738976
v -91.10642350 14.50000000 -10.58734919
v -91.14334091 14.50000000 -10.64260000
v -91.17273080 14.50000000 -10.70219682
v -91.19409032 14.50000000 -10.76511993
v -91.20705399 14.50000000 -10.83029269
v -87.09660000 14.50000000 -10.38860000
v -86.58860000 14.50000000 -10.89660000
v -86.59294601 14.50000000 -10.83029269
v -86.60590968 14.50000000 -10.76511993
v -86.62726920 14.50000000 -10.70219682
v -86.65665909 14.50000000 -10.64260000
v -86.69357650 14.50000000 -10.58734919
v -86.73738976 14.50000000 -10.53738976
v -86.78734919 14.50000000 -10.49357650
v -86.84260000 14.50000000 -10.45665909
v -86.90219682 14.50000000 -10.42726920
v -86.96511993 14.50000000 -10.40590968
v -87.03029269 14.50000000 -10.39294601
v -86.58860000 14.50000000 -12.70000000
v -78.51140000 14.50000000 -12.70000000
v -78.51140000 14.50000000 -10.89660000
v -78.00340000 14.50000000 -10.38860000
v -78.06970731 14.50000000 -10.39294601
v -78.13488007 14.50000000 -10.40590968
v -78.19780318 14.50000000 -10.42726920
v -78.25740000 14.50000000 -10.45665909
v -78.31265081 14.50000000 -10.49357650
v -78.36261024 14.50000000 -10.53738976
v -78.40642350 14.50000000 -10.58734919
v -78.44334091 14.50000000 -10.64260000
v -78.47273080 14.50000000 -10.70219682
v -78.49409032 14.50000000 -10.76511993
v -78.50705399 14.50000000 -10.83029269
v -74.39660000 14.50000000 -10.38860000
v -73.88860000 14.50000000 -10.89660000
v -73.89294601 14.50000000 -10.83029269
v -73.90590968 14.50000000 -10.76511993
v -73.92726920 14.50000000 -10.70219682
v -73.95665909 14.50000000 -10.64260000
v -73.99357650 14.50000000 -10.58734919
v -74.03738976 14.50000000 -10.53738976
v -74.08734919 14.50000000 -10.49357650
v -74.14260000 14.50000000 -10.45665909
v -74.20219682 14.50000000 -10.42726920
v -74.26511993 14.50000000 -10.40590968
v -74.33029269 14.50000000 -10.39294601
v -73.88860000 14.50000000 -12.70000000
v -65.81140000 14.50000000 -12.70000000
v -65.81140000 14.50000000 -10.89660000
v -65.30340000 14.50000000 -10.38860000
v -65.36970731 14.50000000 -10.39294601
v -65.43488007 14.50000000 -10.40590968
v -65.49780318 14.50000000 -10.42726920
v -65.55740000 14.50000000 -10.45665909
v -65.61265081 14.50000000 -10.49357650
v -65.66261024 14.50000000 -10.53738976
v -65.70642350 14.50000000 -10.58734919
v -65.74334091 14.50000000 -10.64260000
v -65.77273080 14.50000000 -10.70219682
v -65.79409032 14.50000000 -10.76511993
v -65.80705399 14.50000000 -10.83029269
v -61.69660000 14.50000000 -10.38860000
v -61.18860000 14.50000000 -10.89660000
v -61.19294601 14.50000000 -10.83029269
v -61.20590968 14.50000000 -10.76511993
v -61.22726920 14.50000000 -10.70219682
v -61.25665909 14.50000000 -10.64260000
v -61.29357650 14.50000000 -10.58734919
v -61.33738976 14.50000000 -10.53738976
v -61.38734919 14.50000000 -10.49357650
v -61.44260000 14.50000000 -10.45665909
v -61.50219682 14.50000000 -10.42726920
v -61.56511993 14.50000000 -10.40590968
v -61.63029269 14.50000000 -10.39294601
v -61.18860000 14.50000000 -12.70000000
v -53.11140000 14.50000000 -12.70000000
v -53.11140000 14.50000000 -10.89660000
v -52.60340000 14.50000000 -10.38860000
v -52.66970731 14.50000000 -10.39294601
v -52.73488007 14.50000000 -10.40590968
v -52.79780318 14.50000000 -10.42726920
v -52.85740000 14.50000000 -10.45665909
v -52.91265081 14.50000000 -10.49357650
v -52.96261024 14.50000000 -10.53738976
v -53.00642350 14.50000000 -10.58734919
v -53.04334091 14.50000000 -10.64260000
v -53.07273080 14.50000000 -10.70219682
v -53.09409032 14.50000000 -10.76511993
v -53.10705399 14.50000000 -10.83029269
v -48.99660000 14.50000000 -10.38860000
v -48.48860000 14.50000000 -10.89660000
v -48.49294601 14.50000000 -10.83029269
v -48.50590968 14.50000000 -10.76511993
v -48.52726920 14.50000000 -10.70219682
v -48.55665909 14.50000000 -10.64260000
v -48.59357650 14.50000000 -10.58734919
v -48.63738976 14.50000000 -10.53738976
v -48.68734919 14.50000000 -10.49357650
v -48.74260000 14.50000000 -10.45665909
v -48.80219682 14.50000000 -10.42726920
v -48.86511993 14.50000000 -10.40590968
v -48.93029269 14.50000000 -10.39294601
v -48.48860000 14.50000000 -12.70000000
v -40.41140000 14.50000000 -12.70000000
v -40.41140000 14.50000000 -10.89660000
v -39.90340000 14.50000000 -10.38860000
v -39.96970731 14.50000000 -10.39294601
v -40.03488007 14.50000000 -10.40590968
v -40.09780318 14.50000000 -10.42726920
v -40.15740000 14.50000000 -10.45665909
v -40.21265081 14.50000000 -10.49357650
v -40.26261024 14.50000000 -10.53738976
v -40.30642350 14.50000000 -10.58734919
v -40.34334091 14.50000000 -10.64260000
v -40.37273080 14.50000000 -10.70219682
v -40.39409032 14.50000000 -10.76511993
v -40.40705399 14.50000000 -10.83029269
v -36.29660000 14.50000000 -10.38860000
v -35.78860000 14.50000000 -10.89660000
v -35.79294601 14.50000000 -10.83029269
v -35.80590968 14.50000000 -10.76511993
v -35.82726920 14.50000000 -10.70219682
v -35.85665909 14.50000000 -10.64260000
v -35.89357650 14.50000000 -10.58734919
v -35.93738976 14.50000000 -10.53738976
v -35.98734919 14.50000000 -10.49357650
v -36.04260000 14.50000000 -10.45665909
v -36.10219682 14.50000000 -10.42726920
v -36.16511993 14.50000000 -10.40590968
v -36.23029269 14.50000000 -10.39294601
v -35.78860000 14.50000000 -12.70000000
v -27.71140000 14.50000000 -12.70000000
v -27.71140000 14.50000000 -10.89660000
v -27.20340000 14.50000000 -10.38860000
v -27.26970731 14.50000000 -10.39294601
v -27.33488007 14.50000000 -10.40590968
v -27.39780318 14.50000000 -10.42726920
v -27.45740000 14.50000000 -10.45665909
v -27.51265081 14.50000000 -10.49357650
v -27.56261024 14.50000000 -10.53738976
v -27.60642350 14.50000000 -10.58734919
v -27.64334091 14.50000000 -10.64260000
v -27.67273080 14.50000000 -10.70219682
v -27.69409032 14.50000000 -10.76511993
v -27.70705399 14.50000000 -10.83029269
v -23.59660000 14.50000000 -10.38860000
v -23.08860000 14.50000000 -10.89660000
v -23.09294601 14.50000000 -10.83029269
v -23.10590968 14.50000000 -10.76511993
v -23.12726920 14.50000000 -10.70219682
v -23.15665909 14.50000000 -10.64260000
v -23.19357650 14.50000000 -10.58734919
v -23.23738976 14.50000000 -10.53738976
v -23.28734919 14.50000000 -10.49357650
v -23.34260000 14.50000000 -10.45665909
v -23.40219682 14.50000000 -10.42726920
v -23.46511993 14.50000000 -10.40590968
v -23.53029269 14.50000000 -10.39294601
v -23.08860000 14.50000000 -12.70000000
v -15.01140000 14.50000000 -12.70000000
v -15.01140000 14.50000000 -10.89660000
v -14.50340000 14.50000000 -10.38860000
v -14.56970731 14.50000000 -10.39294601
v -14.63488007 14.50000000 -10.40590968
v -14.69780318 14.50000000 -10.42726920
v -14.75740000 14.50000000 -10.45665909
v -14.81265081 14.50000000 -10.49357650
v -14.86261024 14.50000000 -10.53738976
v -14.90642350 14.50000000 -10.58734919
v -14.94334091 14.50000000 -10.64260000
v -14.97273080 14.50000000 -10.70219682
v -14.99409032 14.50000000 -10.76511993
v -15.00705399 14.50000000 -10.83029269
v -10.89660000 14.50000000 -10.38860000
v -10.38860000 14.50000000 -10.89660000
v -10.39294601 14.50000000 -10.83029269
v -10.40590968 14.50000000 -10.76511993
v -10.42726920 14.50000000 -10.70219682
v -10.45665909 14.50000000 -10.64260000
v -10.49357650 14.50000000 -10.58734919
v -10.53738976 14.50000000 -10.53738976
v -10.58734919 14.50000000 -10.49357650
v -10.64260000 14.50000000 -10.45665909
v -10.70219682 14.50000000 -10.42726920
v -10.76511993 14.50000000 -10.40590968
v -10.83029269 14.50000000 -10.39294601
v -10.38860000 14.50000000 -12.70000000
v -2.31140000 14.50000000 -12.70000000
v -2.31140000 14.50000000 -10.89660000
v -1.80340000 14.50000000 -10.38860000
v -1.86970731 14.50000000 -10.39294601
v -1.93488007 14.50000000 -10.40590968
v -1.99780318 14.50000000 -10.42726920
v -2.05740000 14.50000000 -10.45665909
v -2.11265081 14.50000000 -10.49357650
v -2.16261024 14.50000000 -10.53738976
v -2.20642350 14.50000000 -10.58734919
v -2.24334091 14.50000000 -10.64260000
v -2.27273080 14.50000000 -10.70219682
v -2.29409032 14.50000000 -10.76511993
v -2.30705399 14.50000000 -10.83029269
v 1.80340000 14.50000000 -10.38860000
v 2.31140000 14.50000000 -10.89660000
v 2.30705399 14.50000000 -10.83029269
v 2.29409032 14.50000000 -10.76511993
v 2.27273080 14.50000000 -10.70219682
v 2.24334091 14.50000000 -10.64260000
v 2.20642350 14.50000000 -10.58734919
v 2.16261024 14.50000000 -10.53738976
v 2.11265081 14.50000000 -10.49357650
v 2.05740000 14.50000000 -10.45665909
v 1.99780318 14.50000000 -10.42726920
v 1.93488007 14.50000000 -10.40590968
v 1.86970731 14.50000000 -10.39294601
v 2.31140000 14.50000000 -12.70000000
v 10.38860000 14.50000000 -12.70000000
v 10.38860000 14.50000000 -10.89660000
v 10.89660000 14.50000000 -10.38860000
v 10.83029269 14.50000000 -10.39294601
v 10.76511993 14.50000000 -10.40590968
v 10.70219682 14.50000000 -10.42726920
v 10.64260000 14.50000000 -10.45665909
v 10.58734919 14.50000000 -10.49357650
v 10.53738976 14.50000000 -10.53738976
v 10.49357650 14.50000000 -10.58734919
v 10.45665909 14.50000000 -10.64260000
v 10.42726920 14.50000000 -10.70219682
v 10.40590968 14.50000000 -10.76511993
v 10.39294601 14.50000000 -10.83029269
v 14.50340000 14.50000000 -10.38860000
v 15.01140000 14.50000000 -10.89660000
v 15.00705399 14.50000000 -10.83029269
v 14.99409032 14.50000000 -10.76511993
v 14.97273080 14.50000000 -10.70219682
v 14.94334091 14.50000000 -10.64260000
v 14.90642350 14.50000000 -10.58734919
v 14.86261024 14.50000000 -10.53738976
v 14.81265081 14.50000000 -10.49357650
v 14.75740000 14.50000000 -10.45665909
v 14.69780318 14.50000000 -10.42726920
v 14.63488007 14.50000000 -10.40590968
v 14.56970731 14.50000000 -10.39294601
v 15.01140000 14.50000000 -12.70000000
v 23.08860000 14.50000000 -12.70000000
v 23.08860000 14.50000000 -10.89660000
v 23.59660000 14.50000000 -10.38860000
v 23.53029269 14.50000000 -10.39294601
v 23.46511993 14.50000000 -10.40590968
v 23.40219682 14.50000000 -10.42726920
v 23.34260000 14.50000000 -10.45665909
v 23.28734919 14.50000000 -10.49357650
v 23.23738976 14.50000000 -10.53738976
v 23.19357650 14.50000000 -10.58734919
v 23.15665909 14.50000000 -10.64260000
v 23.12726920 14.50000000 -10.70219682
v 23.10590968 14.50000000 -10.76511993
v 23.09294601 14.50000000 -10.83029269
v 27.20340000 14.50000000 -10.38860000
v 27.71140000 14.50000000 -10.89660000
v 27.70705399 14.50000000 -10.83029269
v 27.69409032 14.50000000 -10.76511993
v 27.67273080 14.50000000 -10.70219682
v 27.64334091 14.50000000 -10.64260000
v 27.60642350 14.50000000 -10.58734919
v 27.56261024 14.50000000 -10.53738976
v 27.51265081 14.50000000 -10.49357650
v 27.45740000 14.50000000 -10.45665909
v 27.39780318 14.50000000 -10.42726920
v 27.33488007 14.50000000 -10.40590968
v 27.26970731 14.50000000 -10.39294601
v 27.71140000 14.50000000 -12.70000000
v 35.78860000 14.50000000 -12.70000000
v 35.78860000 14.50000000 -10.89660000
v 36.29660000 14.50000000 -10.38860000
v 36.23029269 14.50000000 -10.39294601
v 36.16511993 14.50000000 -10.40590968
v 36.10219682 14.50000000 -10.42726920
v 36.04260000 14.50000000 -10.45665909
v 35.98734919 14.50000000 -10.49357650
v 35.93738976 14.50000000 -10.53738976
v 35.89357650 14.50000000 -10.58734919
v 35.85665909 14.50000000 -10.64260000
v 35.82726920 14.50000000 -10.70219682
v 35.80590968 14.50000000 -10.76511993
v 35.79294601 14.50000000 -10.83029269
v 39.90340000 14.50000000 -10.38860000
v 40.41140000 14.50000000 -10.89660000
v 40.40705399 14.50000000 -10.83029269
v 40.39409032 14.50000000 -10.76511993
v 40.37273080 14.50000000 -10.70219682
v 40.34334091 14.50000000 -10.64260000
v 40.30642350 14.50000000 -10.58734919
v 40.26261024 14.50000000 -10.53738976
v 40.21265081 14.50000000 -10.49357650
v 40.15740000 14.50000000 -10.45665909
v 40.09780318 14.50000000 -10.42726920
v 40.03488007 14.50000000 -10.40590968
v 39.96970731 14.50000000 -10.39294601
v 40.41140000 14.50000000 -12.70000000
v 48.48860000 14.50000000 -12.70000000
v 48.48860000 14.50000000 -10.89660000
v 48.99660000 14.50000000 -10.38860000
v 48.93029269 14.50000000 -10.39294601
v 48.86511993 14.50000000 -10.40590968
v 48.80219682 14.50000000 -10.42726920
v 48.74260000 14.50000000 -10.45665909
v 48.68734919 14.50000000 -10.49357650
v 48.63738976 14.50000000 -10.53738976
v 48.59357650 14.50000000 -10.58734919
v 48.55665909 14.50000000 -10.64260000
v 48.52726920 14.50000000 -10.70219682
v 48.50590968 14.50000000 -10.76511993
v 48.49294601 14.50000000 -10.83029269
v 52.60340000 14.50000000 -10.38860000
v 53.11140000 14.50000000 -10.89660000
v 53.10705399 14.50000000 -10.83029269
v 53.09409032 14.50000000 -10.76511993
v 53.07273080 14.50000000 -10.70219682
v 53.04334091 14.50000000 -10.64260000
v 53.00642350 14.50000000 -10.58734919
v 52.96261024 14.50000000 -10.53738976
v 52.91265081 14.50000000 -10.49357650
v 52.85740000 14.50000000 -10.45665909
v 52.79780318 14.50000000 -10.42726920
v 52.73488007 14.50000000 -10.40590968
v 52.66970731 14.50000000 -10.39294601
v 53.11140000 14.50000000 -12.70000000
v 61.18860000 14.50000000 -12.70000000
v 61.18860000 14.50000000 -10.89660000
v 61.69660000 14.50000000 -10.38860000
v 61.63029269 14.50000000 -10.39294601
v 61.56511993 14.50000000 -10.40590968
v 61.50219682 14.50000000 -10.42726920
v 61.44260000 14.50000000 -10.45665909
v 61.38734919 14.50000000 -10.49357650
v 61.33738976 14.50000000 -10.53738976
v 61.29357650 14.50000000 -10.58734919
v 61.25665909 14.50000000 -10.64260000
v 61.22726920 14.50000000 -10.70219682
v 61.20590968 14.50000000 -10.76511993
v 61.19294601 14.50000000 -10.83029269
v 65.30340000 14.50000000 -10.38860000
v 65.81140000 14.50000000 -10.89660000
v 65.80705399 14.50000000 -10.83029269
v 65.79409032 14.50000000 -10.76511993
v 65.77273080 14.50000000 -10.70219682
v 65.74334091 14.50000000 -10.64260000
v 65.70642350 14.50000000 -10.58734919
v 65.66261024 14.50000000 -10.53738976
v 65.61265081 14.50000000 -10.49357650
v 65.55740000 14.50000000 -10.45665909
v 65.49780318 14.50000000 -10.42726920
v 65.43488007 14.50000000 -10.40590968
v 65.36970731 14.50000000 -10.39294601
v 65.81140000 14.50000000 -12.70000000
v 73.88860000 14.50000000 -12.70000000
v 73.88860000 14.50000000 -10.89660000
v 74.39660000 14.50000000 -10.38860000
v 74.33029269 14.50000000 -10.39294601
v 74.26511993 14.50000000 -10.40590968
v 74.20219682 14.50000000 -10.42726920
v 74.14260000 14.50000000 -10.45665909
v 74.08734919 14.50000000 -10.49357650
v 74.03738976 14.50000000 -10.53738976
v 73.99357650 14.50000000 -10.58734919
v 73.95665909 14.50000000 -10.64260000
v 73.92726920 14.50000000 -10.70219682
v 73.90590968 14.50000000 -10.76511993
v 73.89294601 14.50000000 -10.83029269
v 78.00340000 14.50000000 -10.38860000
v 78.51140000 14.50000000 -10.89660000
v 78.50705399 14.50000000 -10.83029269
v 78.49409032 14.50000000 -10.76511993
v 78.47273080 14.50000000 -10.70219682
v 78.44334091 14.50000000 -10.64260000
v 78.40642350 14.50000000 -10.58734919
v 78.36261024 14.50000000 -10.53738976
v 78.31265081 14.50000000 -10.49357650
v 78.25740000 14.50000000 -10.45665909
v 78.19780318 14.50000000 -10.42726920
v 78.13488007 14.50000000 -10.40590968
v 78.06970731 14.50000000 -10.39294601
v 78.51140000 14.50000000 -12.70000000
v 86.58860000 14.50000000 -12.70000000
v 86.58860000 14.50000000 -10.89660000
v 87.09660000 14.50000000 -10.38860000
v 87.03029269 14.50000000 -10.39294601
v 86.96511993 14.50000000 -10.40590968
v 86.90219682 14.50000000 -10.42726920
v 86.84260000 14.50000000 -10.45665909
v 86.78734919 14.50000000 -10.49357650
v 86.73738976 14.50000000 -10.53738976
v 86.69357650 14.50000000 -10.58734919
v 86.65665909 14.50000000 -10.64260000
v 86.62726920 14.50000000 -10.70219682
v 86.60590968 14.50000000 -10.76511993
v 86.59294601 14.50000000 -10.83029269
v 90.70340000 14.50000000 -10.38860000
v 91.21140000 14.50000000 -10.89660000
v 91.20705399 14.50000000 -10.83029269
v 91.19409032 14.50000000 -10.76511993
v 91.17273080 14.50000000 -10.70219682
v 91.14334091 14.50000000 -10.64260000
v 91.10642350 14.50000000 -10.58734919
v 91.06261024 14.50000000 -10.53738976
v 91.01265081 14.50000000 -10.49357650
v 90.95740000 14.50000000 -10.45665909
v 90.89780318 14.50000000 -10.42726920
v 90.83488007 14.50000000 -10.40590968
v 90.76970731 14.50000000 -10.39294601
v 91.21140000 14.50000000 -12.70000000
v 99.28860000 14.50000000 -12.70000000
v 99.28860000 14.50000000 -10.89660000
v 99.79660000 14.50000000 -10.38860000
v 99.73029269 14.50000000 -10.39294601
v 99.66511993 14.50000000 -10.40590968
v 99.60219682 14.50000000 -10.42726920
v 99.54260000 14.50000000 -10.45665909
v 99.48734919 14.50000000 -10.49357650
v 99.43738976 14.50000000 -10.53738976
v 99.39357650 14.50000000 -10.58734919
v 99.35665909 14.50000000 -10.64260000
v 99.32726920 14.50000000 -10.70219682
v 99.30590968 14.50000000 -10.76511993
v 99.29294601 14.50000000 -10.83029269
v 103.40340000 14.50000000 -10.38860000
v 103.91140000 14.50000000 -10.89660000
v 103.90705399 14.50000000 -10.83029269
v 103.89409032 14.50000000 -10.76511993
v 103.87273080 14.50000000 -10.70219682
v 103.84334091 14.50000000 -10.64260000
v 103.80642350 14.50000000 -10.58734919
v 103.76261024 14.50000000 -10.53738976
v 103.71265081 14.50000000 -10.49357650
v 103.65740000 14.50000000 -10.45665909
v 103.59780318 14.50000000 -10.42726920
v 103.53488007 14.50000000 -10.40590968
v 103.46970731 14.50000000 -10.39294601
v 103.91140000 14.50000000 -12.70000000
v 111.98860000 14.50000000 -12.70000000
v 111.98860000 14.50000000 -10.89660000
v 112.49660000 14.50000000 -10.38860000
v 112.43029269 14.50000000 -10.39294601
v 112.36511993 14.50000000 -10.40590968
v 112.30219682 14.50000000 -10.42726920
v 112.24260000 14.50000000 -10.45665909
v 112.18734919 14.50000000 -10.49357650
v 112.13738976 14.50000000 -10.53738976
v 112.09357650 14.50000000 -10.58734919
v 112.05665909 14.50000000 -10.64260000
v 112.02726920 14.50000000 -10.70219682
v 112.00590968 14.50000000 -10.76511993
v 111.99294601 14.50000000 -10.83029269
v 116.10340000 14.50000000 -10.38860000
v 116.61140000 14.50000000 -10.89660000
v 116.60705399 14.50000000 -10.83029269
v 116.59409032 14.50000000 -10.76511993
v 116.57273080 14.50000000 -10.70219682
v 116.54334091 14.50000000 -10.64260000
v 116.50642350 14.50000000 -10.58734919
v 116.46261024 14.50000000 -10.53738976
v 116.41265081 14.50000000 -10.49357650
v 116.35740000 14.50000000 -10.45665909
v 116.29780318 14.50000000 -10.42726920
v 116.23488007 14.50000000 -10.40590968
v 116.16970731 14.50000000 -10.39294601
v 116.61140000 14.50000000 -12.70000000
v 127.00000000 14.50000000 -12.70000000
v 127.00000000 14.50000000 -0.81280000
v 64.58738505 14.50000000 -0.81280000
v 63.50000000 14.50000000 -1.90018505
v 62.41261495 14.50000000 -0.81280000
v 1.08738505 14.50000000 -0.81280000
v 0.00000000 14.50000000 -1.90018505
v -1.08738505 14.50000000 -0.81280000
v -62.41261495 14.50000000 -0.81280000
v -63.50000000 14.50000000 -1.90018505
v -64.58738505 14.50000000 -0.81280000
v -127.00000000 14.50000000 -0.81280000
v -127.00000000 14.50000000 -12.70000000
v 122.45340000 14.50000000 -8.66140000
v 122.51970731 14.50000000 -8.65705399
v 122.58488007 14.50000000 -8.64409032
v 122.64780318 14.50000000 -8.62273080
v 122.70740000 14.50000000 -8.59334091
v 122.76265081 14.50000000 -8.55642350
v 122.81261024 14.50000000 -8.51261024
v 122.85642350 14.50000000 -8.46265081
v 122.89334091 14.50000000 -8.40740000
v 122.92273080 14.50000000 -8.34780318
v 122.94409032 14.50000000 -8.28488007
v 122.95705399 14.50000000 -8.21970731
v 122.96140000 14.50000000 -8.15340000
v 118.84660000 14.50000000 -8.66140000
v 118.33860000 14.50000000 -8.15340000
v 118.34294601 14.50000000 -8.21970731
v 118.35590968 14.50000000 -8.28488007
v 118.37726920 14.50000000 -8.34780318
v 118.40665909 14.50000000 -8.40740000
v 118.44357650 14.50000000 -8.46265081
v 118.48738976 14.50000000 -8.51261024
v 118.53734919 14.50000000 -8.55642350
v 118.59260000 14.50000000 -8.59334091
v 118.65219682 14.50000000 -8.62273080
v 118.71511993 14.50000000 -8.64409032
v 118.78029269 14.50000000 -8.65705399
v 118.33860000 14.50000000 -4.54660000
v 118.84660000 14.50000000 -4.03860000
v 118.78029269 14.50000000 -4.04294601
v 118.71511993 14.50000000 -4.05590968
v 118.65219682 14.50000000 -4.07726920
v 118.59260000 14.50000000 -4.10665909
v 118.53734919 14.50000000 -4.14357650
v 118.48738976 14.50000000 -4.18738976
v 118.44357650 14.50000000 -4.23734919
v 118.40665909 14.50000000 -4.29260000
v 118.37726920 14.50000000 -4.35219682
v 118.35590968 14.50000000 -4.41511993
v 118.34294601 14.50000000 -4.48029269
v 122.45340000 14.50000000 -4.03860000
v 122.96140000 14.50000000 -4.54660000
v 122.95705399 14.50000000 -4.48029269
v 122.94409032 14.50000000 -4.41511993
v 122.92273080 14.50000000 -4.35219682
v 122.89334091 14.50000000 -4.29260000
v 122.85642350 14.50000000 -4.23734919
v 122.81261024 14.50000000 -4.18738976
v 122.76265081 14.50000000 -4.14357650
v 122.70740000 14.50000000 -4.10665909
v 122.64780318 14.50000000 -4.07726920
v 122.58488007 14.50000000 -4.05590968
v 122.51970731 14.50000000 -4.04294601
v 109.75340000 14.50000000 -8.66140000
v 109.81970731 14.50000000 -8.65705399
v 109.88488007 14.50000000 -8.64409032
v 109.94780318 14.50000000 -8.62273080
v 110.00740000 14.50000000 -8.59334091
v 110.06265081 14.50000000 -8.55642350
v 110.11261024 14.50000000 -8.51261024
v 110.15642350 14.50000000 -8.46265081
v 110.19334091 14.50000000 -8.40740000
v 110.22273080 14.50000000 -8.34780318
v 110.24409032 14.50000000 -8.28488007
v 110.25705399 14.50000000 -8.21970731
v 110.26140000 14.50000000 -8.15340000
v 106.14660000 14.50000000 -8.66140000
v 105.63860000 14.50000000 -8.15340000
v 105.64294601 14.50000000 -8.21970731
v 105.65590968 14.50000000 -8.28488007
v 105.67726920 14.50000000 -8.34780318
v 105.70665909 14.50000000 -8.40740000
v 105.74357650 14.50000000 -8.46265081
v 105.78738976 14.50000000 -8.51261024
v 105.83734919 14.50000000 -8.55642350
v 105.89260000 14.50000000 -8.59334091
v 105.95219682 14.50000000 -8.62273080
v 106.01511993 14.50000000 -8.64409032
v 106.08029269 14.50000000 -8.65705399
v 105.63860000 14.50000000 -4.54660000
v 106.14660000 14.50000000 -4.03860000
v 106.08029269 14.50000000 -4.04294601
v 106.01511993 14.50000000 -4.05590968
v 105.95219682 14.50000000 -4.07726920
v 105.89260000 14.50000000 -4.10665909
v 105.83734919 14.50000000 -4.14357650
v 105.78738976 14.50000000 -4.18738976
v 105.74357650 14.50000000 -4.23734919
v 105.70665909 14.50000000 -4.29260000
v 105.67726920 14.50000000 -4.35219682
v 105.65590968 14.50000000 -4.41511993
v 105.64294601 14.50000000 -4.48029269
v 109.75340000 14.50000000 -4.03860000
v 110.26140000 14.50000000 -4.54660000
v 110.25705399 14.50000000 -4.48029269
v 110.24409032 14.50000000 -4.41511993
v 110.22273080 14.50000000 -4.35219682
v 110.19334091 14.50000000 -4.29260000
v 110.15642350 14.50000000 -4.23734919
v 110.11261024 14.50000000 -4.18738976
v 110.06265081 14.50000000 -4.14357650
v 110.00740000 14.50000000 -4.10665909
v 109.94780318 14.50000000 -4.07726920
v 109.88488007 14.50000000 -4.05590968
v 109.81970731 14.50000000 -4.04294601
v 97.05340000 14.50000000 -8.66140000
v 97.11970731 14.50000000 -8.65705399
v 97.18488007 14.50000000 -8.64409032
v 97.24780318 14.50000000 -8.62273080
v 97.30740000 14.50000000 -8.59334091
v 97.36265081 14.50000000 -8.55642350
v 97.41261024 14.50000000 -8.51261024
v 97.45642350 14.50000000 -8.46265081
v 97.49334091 14.50000000 -8.40740000
v 97.52273080 14.50000000 -8.34780318
v 97.54409032 14.50000000 -8.28488007
v 97.55705399 14.50000000 -8.21970731
v 97.56140000 14.50000000 -8.15340000
v 93.44660000 14.50000000 -8.66140000
v 92.93860000 14.50000000 -8.15340000
v 92.94294601 14.50000000 -8.21970731
v 92.95590968 14.50000000 -8.28488007
v 92.97726920 14.50000000 -8.34780318
v 93.00665909 14.50000000 -8.40740000
v 93.04357650 14.50000000 -8.46265081
v 93.08738976 14.50000000 -8.51261024
v 93.13734919 14.50000000 -8.55642350
v 93.19260000 14.50000000 -8.59334091
v 93.25219682 14.50000000 -8.62273080
v 93.31511993 14.50000000 -8.64409032
v 93.38029269 14.50000000 -8.65705399
v 92.93860000 14.50000000 -4.54660000
v 93.44660000 14.50000000 -4.03860000
v 93.38029269 14.50000000 -4.04294601
v 93.31511993 14.50000000 -4.05590968
v 93.25219682 14.50000000 -4.07726920
v 93.19260000 14.50000000 -4.10665909
v 93.13734919 14.50000000 -4.14357650
v 93.08738976 14.50000000 -4.18738976
v 93.04357650 14.50000000 -4.23734919
v 93.00665909 14.50000000 -4.29260000
v 92.97726920 14.50000000 -4.35219682
v 92.95590968 14.50000000 -4.41511993
v 92.94294601 14.50000000 -4.48029269
v 97.05340000 14.50000000 -4.03860000
v 97.56140000 14.50000000 -4.54660000
v 97.55705399 14.50000000 -4.48029269
v 97.54409032 14.50000000 -4.41511993
v 97.52273080 14.50000000 -4.35219682
v 97.49334091 14.50000000 -4.29260000
v 97.45642350 14.50000000 -4.23734919
v 97.41261024 14.50000000 -4.18738976
v 97.36265081 14.50000000 -4.14357650
v 97.30740000 14.50000000 -4.10665909
v 97.24780318 14.50000000 -4.07726920
v 97.18488007 14.50000000 -4.05590968
v 97.11970731 14.50000000 -4.04294601
v 84.35340000 14.50000000 -8.66140000
v 84.41970731 14.50000000 -8.65705399
v 84.48488007 14.50000000 -8.64409032
v 84.54780318 14.50000000 -8.62273080
v 84.60740000 14.50000000 -8.59334091
v 84.66265081 14.50000000 -8.55642350
v 84.71261024 14.50000000 -8.51261024
v 84.75642350 14.50000000 -8.46265081
v 84.79334091 14.50000000 -8.40740000
v 84.82273080 14.50000000 -8.34780318
v 84.84409032 14.50000000 -8.28488007
v 84.85705399 14.50000000 -8.21970731
v 84.86140000 14.50000000 -8.15340000
v 80.74660000 14.50000000 -8.66140000
v 80.23860000 14.50000000 -8.15340000
v 80.24294601 14.50000000 -8.21970731
v 80.25590968 14.50000000 -8.28488007
v 80.27726920 14.50000000 -8.34780318
v 80.30665909 14.50000000 -8.40740000
v 80.34357650 14.50000000 -8.46265081
v 80.38738976 14.50000000 -8.51261024
v 80.43734919 14.50000000 -8.55642350
v 80.49260000 14.50000000 -8.59334091
v 80.55219682 14.50000000 -8.62273080
v 80.61511993 14.50000000 -8.64409032
v 80.68029269 14.50000000 -8.65705399
v 80.23860000 14.50000000 -4.54660000
v 80.74660000 14.50000000 -4.03860000
v 80.68029269 14.50000000 -4.04294601
v 80.61511993 14.50000000 -4.05590968
v 80.55219682 14.50000000 -4.07726920
v 80.49260000 14.50000000 -4.10665909
v 80.43734919 14.50000000 -4.14357650
v 80.38738976 14.50000000 -4.18738976
v 80.34357650 14.50000000 -4.23734919
v 80.30665909 14.50000000 -4.29260000
v 80.27726920 14.50000000 -4.35219682
v 80.25590968 14.50000000 -4.41511993
v 80.24294601 14.50000000 -4.48029269
v 84.35340000 14.50000000 -4.03860000
v 84.86140000 14.50000000 -4.54660000
v 84.85705399 14.50000000 -4.48029269
v 84.84409032 14.50000000 -4.41511993
v 84.82273080 14.50000000 -4.35219682
v 84.79334091 14.50000000 -4.29260000
v 84.75642350 14.50000000 -4.23734919
v 84.71261024 14.50000000 -4.18738976
v 84.66265081 14.50000000 -4.14357650
v 84.60740000 14.50000000 -4.10665909
v 84.54780318 14.50000000 -4.07726920
v 84.48488007 14.50000000 -4.05590968
v 84.41970731 14.50000000 -4.04294601
v 71.65340000 14.50000000 -8.66140000
v 71.71970731 14.50000000 -8.65705399
v 71.78488007 14.50000000 -8.64409032
v 71.84780318 14.50000000 -8.62273080
v 71.90740000 14.50000000 -8.59334091
v 71.96265081 14.50000000 -8.55642350
v 72.01261024 14.50000000 -8.51261024
v 72.05642350 14.50000000 -8.46265081
v 72.09334091 14.50000000 -8.40740000
v 72.12273080 14.50000000 -8.34780318
v 72.14409032 14.50000000 -8.28488007
v 72.15705399 14.50000000 -8.21970731
v 72.16140000 14.50000000 -8.15340000
v 68.04660000 14.50000000 -8.66140000
v 67.53860000 14.50000000 -8.15340000
v 67.54294601 14.50000000 -8.21970731
v 67.55590968 14.50000000 -8.28488007
v 67.57726920 14.50000000 -8.34780318
v 67.60665909 14.50000000 -8.40740000
v 67.64357650 14.50000000 -8.46265081
v 67.68738976 14.50000000 -8.51261024
v 67.73734919 14.50000000 -8.55642350
v 67.79260000 14.50000000 -8.59334091
v 67.85219682 14.50000000 -8.62273080
v 67.91511993 14.50000000 -8.64409032
v 67.98029269 14.50000000 -8.65705399
v 67.53860000 14.50000000 -4.54660000
v 68.04660000 14.50000000 -4.03860000
v 67.98029269 14.50000000 -4.04294601
v 67.91511993 14.50000000 -4.05590968
v 67.85219682 14.50000000 -4.07726920
v 67.79260000 14.50000000 -4.10665909
v 67.73734919 14.50000000 -4.14357650
v 67.68738976 14.50000000 -4.18738976
v 67.64357650 14.50000000 -4.23734919
v 67.60665909 14.50000000 -4.29260000
v 67.57726920 14.50000000 -4.35219682
v 67.55590968 14.50000000 -4.41511993
v 67.54294601 14.50000000 -4.48029269
v 71.65340000 14.50000000 -4.03860000
v 72.16140000 14.50000000 -4.54660000
v 72.15705399 14.50000000 -4.48029269
v 72.14409032 14.50000000 -4.41511993
v 72.12273080 14.50000000 -4.35219682
v 72.09334091 14.50000000 -4.29260000
v 72.05642350 14.50000000 -4.23734919
v 72.01261024 14.50000000 -4.18738976
v 71.96265081 14.50000000 -4.14357650
v 71.90740000 14.50000000 -4.10665909
v 71.84780318 14.50000000 -4.07726920
v 71.78488007 14.50000000 -4.05590968
v 71.71970731 14.50000000 -4.04294601
v 58.95340000 14.50000000 -8.66140000
v 59.01970731 14.50000000 -8.65705399
v 59.08488007 14.50000000 -8.64409032
v 59.14780318 14.50000000 -8.62273080
v 59.20740000 14.50000000 -8.59334091
v 59.26265081 14.50000000 -8.55642350
v 59.31261024 14.50000000 -8.51261024
v 59.35642350 14.50000000 -8.46265081
v 59.39334091 14.50000000 -8.40740000
v 59.42273080 14.50000000 -8.34780318
v 59.44409032 14.50000000 -8.28488007
v 59.45705399 14.50000000 -8.21970731
v 59.46140000 14.50000000 -8.15340000
v 55.34660000 14.50000000 -8.66140000
v 54.83860000 14.50000000 -8.15340000
v 54.84294601 14.50000000 -8.21970731
v 54.85590968 14.50000000 -8.28488007
v 54.87726920 14.50000000 -8.34780318
v 54.90665909 14.50000000 -8.40740000
v 54.94357650 14.50000000 -8.46265081
v 54.98738976 14.50000000 -8.51261024
v 55.03734919 14.50000000 -8.55642350
v 55.09260000 14.50000000 -8.59334091
v 55.15219682 14.50000000 -8.62273080
v 55.21511993 14.50000000 -8.64409032
v 55.28029269 14.50000000 -8.65705399
v 54.83860000 14.50000000 -4.54660000
v 55.34660000 14.50000000 -4.03860000
v 55.28029269 14.50000000 -4.04294601
v 55.21511993 14.50000000 -4.05590968
v 55.15219682 14.50000000 -4.07726920
v 55.09260000 14.50000000 -4.10665909
v 55.03734919 14.50000000 -4.14357650
v 54.98738976 14.50000000 -4.18738976
v 54.94357650 14.50000000 -4.23734919
v 54.90665909 14.50000000 -4.29260000
v 54.87726920 14.50000000 -4.35219682
v 54.85590968 14.50000000 -4.41511993
v 54.84294601 14.50000000 -4.48029269
v 58.95340000 14.50000000 -4.03860000
v 59.46140000 14.50000000 -4.54660000
v 59.45705399 14.50000000 -4.48029269
v 59.44409032 14.50000000 -4.41511993
v 59.42273080 14.50000000 -4.35219682
v 59.39334091 14.50000000 -4.29260000
v 59.35642350 14.50000000 -4.23734919
v 59.31261024 14.50000000 -4.18738976
v 59.26265081 14.50000000 -4.14357650
v 59.20740000 14.50000000 -4.10665909
v 59.14780318 14.50000000 -4.07726920
v 59.08488007 14.50000000 -4.05590968
v 59.01970731 14.50000000 -4.04294601
v 46.25340000 14.50000000 -8.66140000
v 46.31970731 14.50000000 -8.65705399
v 46.38488007 14.50000000 -8.64409032
v 46.44780318 14.50000000 -8.62273080
v 46.50740000 14.50000000 -8.59334091
v 46.56265081 14.50000000 -8.55642350
v 46.61261024 14.50000000 -8.51261024
v 46.65642350 14.50000000 -8.46265081
v 46.69334091 14.50000000 -8.40740000
v 46.72273080 14.50000000 -8.34780318
v 46.74409032 14.50000000 -8.28488007
v 46.75705399 14.50000000 -8.21970731
v 46.76140000 14.50000000 -8.15340000
v 42.64660000 14.50000000 -8.66140000
v 42.13860000 14.50000000 -8.15340000
v 42.14294601 14.50000000 -8.21970731
v 42.15590968 14.50000000 -8.28488007
v 42.17726920 14.50000000 -8.34780318
v 42.20665909 14.50000000 -8.40740000
v 42.24357650 14.50000000 -8.46265081
v 42.28738976 14.50000000 -8.51261024
v 42.33734919 14.50000000 -8.55642350
v 42.39260000 14.50000000 -8.59334091
v 42.45219682 14.50000000 -8.62273080
v 42.51511993 14.50000000 -8.64409032
v 42.58029269 14.50000000 -8.65705399
v 42.13860000 14.50000000 -4.54660000
v 42.64660000 14.50000000 -4.03860000
v 42.58029269 14.50000000 -4.04294601
v 42.51511993 14.50000000 -4.05590968
v 42.45219682 14.50000000 -4.07726920
v 42.39260000 14.50000000 -4.10665909
v 42.33734919 14.50000000 -4.14357650
v 42.28738976 14.50000000 -4.18738976
v 42.24357650 14.50000000 -4.23734919
v 42.20665909 14.50000000 -4.29260000
v 42.17726920 14.50000000 -4.35219682
v 42.15590968 14.50000000 -4.41511993
v 42.14294601 14.50000000 -4.48029269
v 46.25340000 14.50000000 -4.03860000
v 46.76140000 14.50000000 -4.54660000
v 46.75705399 14.50000000 -4.48029269
v 46.74409032 14.50000000 -4.41511993
v 46.72273080 14.50000000 -4.35219682
v 46.69334091 14.50000000 -4.29260000
v 46.65642350 14.50000000 -4.23734919
v 46.61261024 14.50000000 -4.18738976
v 46.56265081 14.50000000 -4.14357650
v 46.50740000 14.50000000 -4.10665909
v 46.44780318 14.50000000 -4.07726920
v 46.38488007 14.50000000 -4.05590968
v 46.31970731 14.50000000 -4.04294601
v 33.55340000 14.50000000 -8.66140000
v 33.61970731 14.50000000 -8.65705399
v 33.68488007 14.50000000 -8.64409032
v 33.74780318 14.50000000 -8.62273080
v 33.80740000 14.50000000 -8.59334091
v 33.86265081 14.50000000 -8.55642350
v 33.91261024 14.50000000 -8.51261024
v 33.95642350 14.50000000 -8.46265081
v 33.99334091 14.50000000 -8.40740000
v 34.02273080 14.50000000 -8.34780318
v 34.04409032 14.50000000 -8.28488007
v 34.05705399 14.50000000 -8.21970731
v 34.06140000 14.50000000 -8.15340000
v 29.94660000 14.50000000 -8.66140000
v 29.43860000 14.50000000 -8.15340000
v 29.44294601 14.50000000 -8.21970731
v 29.45590968 14.50000000 -8.28488007
v 29.47726920 14.50000000 -8.34780318
v 29.50665909 14.50000000 -8.40740000
v 29.54357650 14.50000000 -8.46265081
v 29.58738976 14.50000000 -8.51261024
v 29.63734919 14.50000000 -8.55642350
v 29.69260000 14.50000000 -8.59334091
v 29.75219682 14.50000000 -8.62273080
v 29.81511993 14.50000000 -8.64409032
v 29.88029269 14.50000000 -8.65705399
v 29.43860000 14.50000000 -4.54660000
v 29.94660000 14.50000000 -4.03860000
v 29.88029269 14.50000000 -4.04294601
v 29.81511993 14.50000000 -4.05590968
v 29.75219682 14.50000000 -4.07726920
v 29.69260000 14.50000000 -4.10665909
v 29.63734919 14.50000000 -4.14357650
v 29.58738976 14.50000000 -4.18738976
v 29.54357650 14.50000000 -4.23734919
v 29.50665909 14.50000000 -4.29260000
v 29.47726920 14.50000000 -4.35219682
v 29.45590968 14.50000000 -4.41511993
v 29.44294601 14.50000000 -4.48029269
v 33.55340000 14.50000000 -4.03860000
v 34.06140000 14.50000000 -4.54660000
v 34.05705399 14.50000000 -4.48029269
v 34.04409032 14.50000000 -4.41511993
v 34.02273080 14.50000000 -4.35219682
v 33.99334091 14.50000000 -4.29260000
v 33.95642350 14.50000000 -4.23734919
v 33.91261024 14.50000000 -4.18738976
v 33.86265081 14.50000000 -4.14357650
v 33.80740000 14.50000000 -4.10665909
v 33.74780318 14.50000000 -4.07726920
v 33.68488007 14.50000000 -4.05590968
v 33.61970731 14.50000000 -4.04294601
v 20.85340000 14.50000000 -8.66140000
v 20.91970731 14.50000000 -8.65705399
v 20.98488007 14.50000000 -8.64409032
v 21.04780318 14.50000000 -8.62273080
v 21.10740000 14.50000000 -8.59334091
v 21.16265081 14.50000000 -8.55642350
v 21.21261024 14.50000000 -8.51261024
v 21.25642350 14.50000000 -8.46265081
v 21.29334091 14.50000000 -8.40740000
v 21.32273080 14.50000000 -8.34780318
v 21.34409032 14.50000000 -8.28488007
v 21.35705399 14.50000000 -8.21970731
v 21.36140000 14.50000000 -8.15340000
v 17.24660000 14.50000000 -8.66140000
v 16.73860000 14.50000000 -8.15340000
v 16.74294601 14.50000000 -8.21970731
v 16.75590968 14.50000000 -8.28488007
v 16.77726920 14.50000000 -8.34780318
v 16.80665909 14.50000000 -8.40740000
v 16.84357650 14.50000000 -8.46265081
v 16.88738976 14.50000000 -8.51261024
v 16.93734919 14.50000000 -8.55642350
v 16.99260000 14.50000000 -8.59334091
v 17.05219682 14.50000000 -8.62273080
v 17.11511993 14.50000000 -8.64409032
v 17.18029269 14.50000000 -8.65705399
v 16.73860000 14.50000000 -4.54660000
v 17.24660000 14.50000000 -4.03860000
v 17.18029269 14.50000000 -4.04294601
v 17.11511993 14.50000000 -4.05590968
v 17.05219682 14.50000000 -4.07726920
v 16.99260000 14.50000000 -4.10665909
v 16.93734919 14.50000000 -4.14357650
v 16.88738976 14.50000000 -4.18738976
v 16.84357650 14.50000000 -4.23734919
v 16.80665909 14.50000000 -4.29260000
v 16.77726920 14.50000000 -4.35219682
v 16.75590968 14.50000000 -4.41511993
v 16.74294601 14.50000000 -4.48029269
v 20.85340000 14.50000000 -4.03860000
v 21.36140000 14.50000000 -4.54660000
v 21.35705399 14.50000000 -4.48029269
v 21.34409032 14.50000000 -4.41511993
v 21.32273080 14.50000000 -4.35219682
v 21.29334091 14.50000000 -4.29260000
v 21.25642350 14.50000000 -4.23734919
v 21.21261024 14.50000000 -4.18738976
v 21.16265081 14.50000000 -4.14357650
v 21.10740000 14.50000000 -4.10665909
v 21.04780318 14.50000000 -4.07726920
v 20.98488007 14.50000000 -4.05590968
v 20.91970731 14.50000000 -4.04294601
v 8.15340000 14.50000000 -8.66140000
v 8.21970731 14.50000000 -8.65705399
v 8.28488007 14.50000000 -8.64409032
v 8.34780318 14.50000000 -8.62273080
v 8.40740000 14.50000000 -8.59334091
v 8.46265081 14.50000000 -8.55642350
v 8.51261024 14.50000000 -8.51261024
v 8.55642350 14.50000000 -8.46265081
v 8.59334091 14.50000000 -8.40740000
v 8.62273080 14.50000000 -8.34780318
v 8.64409032 14.50000000 -8.28488007
v 8.65705399 14.50000000 -8.21970731
v 8.66140000 14.50000000 -8.15340000
v 4.54660000 14.50000000 -8.66140000
v 4.03860000 14.50000000 -8.15340000
v 4.04294601 14.50000000 -8.21970731
v 4.05590968 14.50000000 -8.28488007
v 4.07726920 14.50000000 -8.34780318
v 4.10665909 14.50000000 -8.40740000
v 4.14357650 14.50000000 -8.46265081
v 4.18738976 14.50000000 -8.51261024
v 4.23734919 14.50000000 -8.55642350
v 4.29260000 14.50000000 -8.59334091
v 4.35219682 14.50000000 -8.62273080
v 4.41511993 14.50000000 -8.64409032
v 4.48029269 14.50000000 -8.65705399
v 4.03860000 14.50000000 -4.54660000
v 4.54660000 14.50000000 -4.03860000
v 4.48029269 14.50000000 -4.04294601
v 4.41511993 14.50000000 -4.05590968
v 4.35219682 14.50000000 -4.07726920
v 4.29260000 14.50000000 -4.10665909
v 4.23734919 14.50000000 -4.14357650
v 4.18738976 14.50000000 -4.18738976
v 4.14357650 14.50000000 -4.23734919
v 4.10665909 14.50000000 -4.29260000
v 4.07726920 14.50000000 -4.35219682
v 4.05590968 14.50000000 -4.41511993
v 4.04294601 14.50000000 -4.48029269
v 8.15340000 14.50000000 -4.03860000
v 8.66140000 14.50000000 -4.54660000
v 8.65705399 14.50000000 -4.48029269
v 8.64409032 14.50000000 -4.41511993
v 8.62273080 14.50000000 -4.35219682
v 8.59334091 14.50000000 -4.29260000
v 8.55642350 14.50000000 -4.23734919
v 8.51261024 14.50000000 -4.18738976
v 8.46265081 14.50000000 -4.14357650
v 8.40740000 14.50000000 -4.10665909
v 8.34780318 14.50000000 -4.07726920
v 8.28488007 14.50000000 -4.05590968
v 8.21970731 14.50000000 -4.04294601
v -4.54660000 14.50000000 -8.66140000
v -4.48029269 14.50000000 -8.65705399
v -4.41511993 14.50000000 -8.64409032
v -4.35219682 14.50000000 -8.62273080
v -4.29260000 14.50000000 -8.59334091
v -4.23734919 14.50000000 -8.55642350
v -4.18738976 14.50000000 -8.51261024
v -4.14357650 14.50000000 -8.46265081
v -4.10665909 14.50000000 -8.40740000
v -4.07726920 14.50000000 -8.34780318
v -4.05590968 14.50000000 -8.28488007
v -4.04294601 14.50000000 -8.21970731
v -4.03860000 14.50000000 -8.15340000
v -8.15340000 14.50000000 -8.66140000
v -8.66140000 14.50000000 -8.15340000
v -8.65705399 14.50000000 -8.21970731
v -8.64409032 14.50000000 -8.28488007
v -8.62273080 14.50000000 -8.34780318
v -8.59334091 14.50000000 -8.40740000
v -8.55642350 14.50000000 -8.46265081
v -8.51261024 14.50000000 -8.51261024
v -8.46265081 14.50000000 -8.55642350
v -8.40740000 14.50000000 -8.59334091
v -8.34780318 14.50000000 -8.62273080
v -8.28488007 14.50000000 -8.64409032
v -8.21970731 14.50000000 -8.65705399
v -8.66140000 14.50000000 -4.54660000
v -8.15340000 14.50000000 -4.03860000
v -8.21970731 14.50000000 -4.04294601
v -8.28488007 14.50000000 -4.05590968
v -8.34780318 14.50000000 -4.07726920
v -8.40740000 14.50000000 -4.10665909
v -8.46265081 14.50000000 -4.14357650
v -8.51261024 14.50000000 -4.18738976
v -8.55642350 14.50000000 -4.23734919
v -8.59334091 14.50000000 -4.29260000
v -8.62273080 14.50000000 -4.35219682
v -8.64409032 14.50000000 -4.41511993
v -8.65705399 14.50000000 -4.48029269
v -4.54660000 14.50000000 -4.03860000
v -4.03860000 14.50000000 -4.54660000
v -4.04294601 14.50000000 -4.48029269
v -4.05590968 14.50000000 -4.41511993
v -4.07726920 14.50000000 -4.35219682
v -4.10665909 14.50000000 -4.29260000
v -4.14357650 14.50000000 -4.23734919
v -4.18738976 14.50000000 -4.18738976
v -4.23734919 14.50000000 -4.14357650
v -4.29260000 14.50000000 -4.10665909
v -4.35219682 14.50000000 -4.07726920
v -4.41511993 14.50000000 -4.05590968
v -4.48029269 14.50000000 -4.04294601
v -17.24660000 14.50000000 -8.66140000
v -17.18029269 14.50000000 -8.65705399
v -17.11511993 14.50000000 -8.64409032
v -17.05219682 14.50000000 -8.62273080
v -16.99260000 14.50000000 -8.59334091
v -16.93734919 14.50000000 -8.55642350
v -16.88738976 14.50000000 -8.51261024
v -16.84357650 14.50000000 -8.46265081
v -16.80665909 14.50000000 -8.40740000
v -16.77726920 14.50000000 -8.34780318
v -16.75590968 14.50000000 -8.28488007
v -16.74294601 14.50000000 -8.21970731
v -16.73860000 14.50000000 -8.15340000
v -20.85340000 14.50000000 -8.66140000
v -21.36140000 14.50000000 -8.15340000
v -21.35705399 14.50000000 -8.21970731
v -21.34409032 14.50000000 -8.28488007
v -21.32273080 14.50000000 -8.34780318
v -21.29334091 14.50000000 -8.40740000
v -21.25642350 14.50000000 -8.46265081
v -21.21261024 14.50000000 -8.51261024
v -21.16265081 14.50000000 -8.55642350
v -21.10740000 14.50000000 -8.59334091
v -21.04780318 14.50000000 -8.62273080
v -20.98488007 14.50000000 -8.64409032
v -20.91970731 14.50000000 -8.65705399
v -21.36140000 14.50000000 -4.54660000
v -20.85340000 14.50000000 -4.03860000
v -20.91970731 14.50000000 -4.04294601
v -20.98488007 14.50000000 -4.05590968
v -21.04780318 14.50000000 -4.07726920
v -21.10740000 14.50000000 -4.10665909
v -21.16265081 14.50000000 -4.14357650
v -21.21261024 14.50000000 -4.18738976
v -21.25642350 14.50000000 -4.23734919
v -21.29334091 14.50000000 -4.29260000
v -21.32273080 14.50000000 -4.35219682
v -21.34409032 14.50000000 -4.41511993
v -21.35705399 14.50000000 -4.48029269
v -17.24660000 14.50000000 -4.03860000
v -16.73860000 14.50000000 -4.54660000
v -16.74294601 14.50000000 -4.48029269
v -16.75590968 14.50000000 -4.41511993
v -16.77726920 14.50000000 -4.35219682
v -16.80665909 14.50000000 -4.29260000
v -16.84357650 14.50000000 -4.23734919
v -16.88738976 14.50000000 -4.18738976
v -16.93734919 14.50000000 -4.14357650
v -16.99260000 14.50000000 -4.10665909
v -17.05219682 14.50000000 -4.07726920
v -17.11511993 14.50000000 -4.05590968
v -17.18029269 14.50000000 -4.04294601
v -29.94660000 14.50000000 -8.66140000
v -29.88029269 14.50000000 -8.65705399
v -29.81511993 14.50000000 -8.64409032
v -29.75219682 14.50000000 -8.62273080
v -29.69260000 14.50000000 -8.59334091
v -29.63734919 14.50000000 -8.55642350
v -29.58738976 14.50000000 -8.51261024
v -29.54357650 14.50000000 -8.46265081
v -29.50665909 14.50000000 -8.40740000
v -29.47726920 14.50000000 -8.34780318
v -29.45590968 14.50000000 -8.28488007
v -29.44294601 14.50000000 -8.21970731
v -29.43860000 14.50000000 -8.15340000
v -33.55340000 14.50000000 -8.66140000
v -34.06140000 14.50000000 -8.15340000
v -34.05705399 14.50000000 -8.21970731
v -34.04409032 14.50000000 -8.28488007
v -34.02273080 14.50000000 -8.34780318
v -33.99334091 14.50000000 -8.40740000
v -33.95642350 14.50000000 -8.46265081
v -33.91261024 14.50000000 -8.51261024
v -33.86265081 14.50000000 -8.55642350
v -33.80740000 14.50000000 -8.59334091
v -33.74780318 14.50000000 -8.62273080
v -33.68488007 14.50000000 -8.64409032
v -33.61970731 14.50000000 -8.65705399
v -34.06140000 14.50000000 -4.54660000
v -33.55340000 14.50000000 -4.03860000
v -33.61970731 14.50000000 -4.04294601
v -33.68488007 14.50000000 -4.05590968
v -33.74780318 14.50000000 -4.07726920
v -33.80740000 14.50000000 -4.10665909
v -33.86265081 14.50000000 -4.14357650
v -33.91261024 14.50000000 -4.18738976
v -33.95642350 14.50000000 -4.23734919
v -33.99334091 14.50000000 -4.29260000
v -34.02273080 14.50000000 -4.35219682
v -34.04409032 14.50000000 -4.41511993
v -34.05705399 14.50000000 -4.48029269
v -29.94660000 14.50000000 -4.03860000
v -29.43860000 14.50000000 -4.54660000
v -29.44294601 14.50000000 -4.48029269
v -29.45590968 14.50000000 -4.41511993
v -29.47726920 14.50000000 -4.35219682
v -29.50665909 14.50000000 -4.29260000
v -29.54357650 14.50000000 -4.23734919
v -29.58738976 14.50000000 -4.18738976
v -29.63734919 14.50000000 -4.14357650
v -29.69260000 14.50000000 -4.10665909
v -29.75219682 14.50000000 -4.07726920
v -29.81511993 14.50000000 -4.05590968
v -29.88029269 14.50000000 -4.04294601
v -42.64660000 14.50000000 -8.66140000
v -42.58029269 14.50000000 -8.65705399
v -42.51511993 14.50000000 -8.64409032
v -42.45219682 14.50000000 -8.62273080
v -42.39260000 14.50000000 -8.59334091
v -42.33734919 14.50000000 -8.55642350
v -42.28738976 14.50000000 -8.51261024
v -42.24357650 14.50000000 -8.46265081
v -42.20665909 14.50000000 -8.40740000
v -42.17726920 14.50000000 -8.34780318
v -42.15590968 14.50000000 -8.28488007
v -42.14294601 14.50000000 -8.21970731
v -42.13860000 14.50000000 -8.15340000
v -46.25340000 14.50000000 -8.66140000
v -46.76140000 14.50000000 -8.15340000
v -46.75705399 14.50000000 -8.21970731
v -46.74409032 14.50000000 -8.28488007
v -46.72273080 14.50000000 -8.34780318
v -46.69334091 14.50000000 -8.40740000
v -46.65642350 14.50000000 -8.46265081
v -46.61261024 14.50000000 -8.51261024
v -46.56265081 14.50000000 -8.55642350
v -46.50740000 14.50000000 -8.59334091
v -46.44780318 14.50000000 -8.62273080
v -46.38488007 14.50000000 -8.64409032
v -46.31970731 14.50000000 -8.65705399
v -46.76140000 14.50000000 -4.54660000
v -46.25340000 14.50000000 -4.03860000
v -46.31970731 14.50000000 -4.04294601
v -46.38488007 14.50000000 -4.05590968
v -46.44780318 14.50000000 -4.07726920
v -46.50740000 14.50000000 -4.10665909
v -46.56265081 14.50000000 -4.14357650
v -46.61261024 14.50000000 -4.18738976
v -46.65642350 14.50000000 -4.23734919
v -46.69334091 14.50000000 -4.29260000
v -46.72273080 14.50000000 -4.35219682
v -46.74409032 14.50000000 -4.41511993
v -46.75705399 14.50000000 -4.48029269
v -42.64660000 14.50000000 -4.03860000
v -42.13860000 14.50000000 -4.54660000
v -42.14294601 14.50000000 -4.48029269
v -42.15590968 14.50000000 -4.41511993
v -42.17726920 14.50000000 -4.35219682
v -42.20665909 14.50000000 -4.29260000
v -42.24357650 14.50000000 -4.23734919
v -42.28738976 14.50000000 -4.18738976
v -42.33734919 14.50000000 -4.14357650
v -42.39260000 14.50000000 -4.10665909
v -42.45219682 14.50000000 -4.07726920
v -42.51511993 14.50000000 -4.05590968
v -42.58029269 14.50000000 -4.04294601
v -55.34660000 14.50000000 -8.66140000
v -55.28029269 14.50000000 -8.65705399
v -55.21511993 14.50000000 -8.64409032
v -55.15219682 14.50000000 -8.62273080
v -55.09260000 14.50000000 -8.59334091
v -55.03734919 14.50000000 -8.55642350
v -54.98738976 14.50000000 -8.51261024
v -54.94357650 14.50000000 -8.46265081
v -54.90665909 14.50000000 -8.40740000
v -54.87726920 14.50000000 -8.34780318
v -54.85590968 14.50000000 -8.28488007
v -54.84294601 14.50000000 -8.21970731
v -54.83860000 14.50000000 -8.15340000
v -58.95340000 14.50000000 -8.66140000
v -59.46140000 14.50000000 -8.15340000
v -59.45705399 14.50000000 -8.21970731
v -59.44409032 14.50000000 -8.28488007
v -59.42273080 14.50000000 -8.34780318
v -59.39334091 14.50000000 -8.40740000
v -59.35642350 14.50000000 -8.46265081
v -59.31261024 14.50000000 -8.51261024
v -59.26265081 14.50000000 -8.55642350
v -59.20740000 14.50000000 -8.59334091
v -59.14780318 14.50000000 -8.62273080
v -59.08488007 14.50000000 -8.64409032
v -59.01970731 14.50000000 -8.65705399
v -59.46140000 14.50000000 -4.54660000
v -58.95340000 14.50000000 -4.03860000
v -59.01970731 14.50000000 -4.04294601
v -59.08488007 14.50000000 -4.05590968
v -59.14780318 14.50000000 -4.07726920
v -59.20740000 14.50000000 -4.10665909
v -59.26265081 14.50000000 -4.14357650
v -59.31261024 14.50000000 -4.18738976
v -59.35642350 14.50000000 -4.23734919
v -59.39334091 14.50000000 -4.29260000
v -59.42273080 14.50000000 -4.35219682
v -59.44409032 14.50000000 -4.41511993
v -59.45705399 14.50000000 -4.48029269
v -55.34660000 14.50000000 -4.03860000
v -54.83860000 14.50000000 -4.54660000
v -54.84294601 14.50000000 -4.48029269
v -54.85590968 14.50000000 -4.41511993
v -54.87726920 14.50000000 -4.35219682
v -54.90665909 14.50000000 -4.29260000
v -54.94357650 14.50000000 -4.23734919
v -54.98738976 14.50000000 -4.18738976
v -55.03734919 14.50000000 -4.14357650
v -55.09260000 14.50000000 -4.10665909
v -55.15219682 14.50000000 -4.07726920
v -55.21511993 14.50000000 -4.05590968
v -55.28029269 14.50000000 -4.04294601
v -68.04660000 14.50000000 -8.66140000
v -67.98029269 14.50000000 -8.65705399
v -67.91511993 14.50000000 -8.64409032
v -67.85219682 14.50000000 -8.62273080
v -67.79260000 14.50000000 -8.59334091
v -67.73734919 14.50000000 -8.55642350
v -67.68738976 14.50000000 -8.51261024
v -67.64357650 14.50000000 -8.46265081
v -67.60665909 14.50000000 -8.40740000
v -67.57726920 14.50000000 -8.34780318
v -67.55590968 14.50000000 -8.28488007
v -67.54294601 14.50000000 -8.21970731
v -67.53860000 14.50000000 -8.15340000
v -71.65340000 14.50000000 -8.66140000
v -72.16140000 14.50000000 -8.15340000
v -72.15705399 14.50000000 -8.21970731
v -72.14409032 14.50000000 -8.28488007
v -72.12273080 14.50000000 -8.34780318
v -72.09334091 14.50000000 -8.40740000
v -72.05642350 14.50000000 -8.46265081
v -72.01261024 14.50000000 -8.51261024
v -71.96265081 14.50000000 -8.55642350
v -71.90740000 14.50000000 -8.59334091
v -71.84780318 14.50000000 -8.62273080
v -71.78488007 14.50000000 -8.64409032
v -71.71970731 14.50000000 -8.65705399
v -72.16140000 14.50000000 -4.54660000
v -71.65340000 14.50000000 -4.03860000
v -71.71970731 14.50000000 -4.04294601
v -71.78488007 14.50000000 -4.05590968
v -71.84780318 14.50000000 -4.07726920
v -71.90740000 14.50000000 -4.10665909
v -71.96265081 14.50000000 -4.14357650
v -72.01261024 14.50000000 -4.18738976
v -72.05642350 14.50000000 -4.23734919
v -72.09334091 14.50000000 -4.29260000
v -72.12273080 14.50000000 -4.35219682
v -72.14409032 14.50000000 -4.41511993
v -72.15705399 14.50000000 -4.48029269
v -68.04660000 14.50000000 -4.03860000
v -67.53860000 14.50000000 -4.54660000
v -67.54294601 14.50000000 -4.48029269
v -67.55590968 14.50000000 -4.41511993
v -67.57726920 14.50000000 -4.35219682
v -67.60665909 14.50000000 -4.29260000
v -67.64357650 14.50000000 -4.23734919
v -67.68738976 14.50000000 -4.18738976
v -67.73734919 14.50000000 -4.14357650
v -67.79260000 14.50000000 -4.10665909
v -67.85219682 14.50000000 -4.07726920
v -67.91511993 14.50000000 -4.05590968
v -67.98029269 14.50000000 -4.04294601
v -80.74660000 14.50000000 -8.66140000
v -80.68029269 14.50000000 -8.65705399
v -80.61511993 14.50000000 -8.64409032
v -80.55219682 14.50000000 -8.62273080
v -80.49260000 14.50000000 -8.59334091
v -80.43734919 14.50000000 -8.55642350
v -80.38738976 14.50000000 -8.51261024
v -80.34357650 14.50000000 -8.46265081
v -80.30665909 14.50000000 -8.40740000
v -80.27726920 14.50000000 -8.34780318
v -80.25590968 14.50000000 -8.28488007
v -80.24294601 14.50000000 -8.21970731
v -80.23860000 14.50000000 -8.15340000
v -84.35340000 14.50000000 -8.66140000
v -84.86140000 14.50000000 -8.15340000
v -84.85705399 14.50000000 -8.21970731
v -84.84409032 14.50000000 -8.28488007
v -84.82273080 14.50000000 -8.34780318
v -84.79334091 14.50000000 -8.40740000
v -84.75642350 14.50000000 -8.46265081
v -84.71261024 14.50000000 -8.51261024
v -84.66265081 14.50000000 -8.55642350
v -84.60740000 14.50000000 -8.59334091
v -84.54780318 14.50000000 -8.62273080
v -84.48488007 14.50000000 -8.64409032
v -84.41970731 14.50000000 -8.65705399
v -84.86140000 14.50000000 -4.54660000
v -84.35340000 14.50000000 -4.03860000
v -84.41970731 14.50000000 -4.04294601
v -84.48488007 14.50000000 -4.05590968
v -84.54780318 14.50000000 -4.07726920
v -84.60740000 14.50000000 -4.10665909
v -84.66265081 14.50000000 -4.14357650
v -84.71261024 14.50000000 -4.18738976
v -84.75642350 14.50000000 -4.23734919
v -84.79334091 14.50000000 -4.29260000
v -84.82273080 14.50000000 -4.35219682
v -84.84409032 14.50000000 -4.41511993
v -84.85705399 14.50000000 -4.48029269
v -80.74660000 14.50000000 -4.03860000
v -80.23860000 14.50000000 -4.54660000
v -80.24294601 14.50000000 -4.48029269
v -80.25590968 14.50000000 -4.41511993
v -80.27726920 14.50000000 -4.35219682
v -80.30665909 14.50000000 -4.29260000
v -80.34357650 14.50000000 -4.23734919
v -80.38738976 14.50000000 -4.18738976
v -80.43734919 14.50000000 -4.14357650
v -80.49260000 14.50000000 -4.10665909
v -80.55219682 14.50000000 -4.07726920
v -80.61511993 14.50000000 -4.05590968
v -80.68029269 14.50000000 -4.04294601
v -93.44660000 14.50000000 -8.66140000
v -93.38029269 14.50000000 -8.65705399
v -93.31511993 14.50000000 -8.64409032
v -93.25219682 14.50000000 -8.62273080
v -93.19260000 14.50000000 -8.59334091
v -93.13734919 14.50000000 -8.55642350
v -93.08738976 14.50000000 -8.51261024
v -93.04357650 14.50000000 -8.46265081
v -93.00665909 14.50000000 -8.40740000
v -92.97726920 14.50000000 -8.34780318
v -92.95590968 14.50000000 -8.28488007
v -92.94294601 14.50000000 -8.21970731
v -92.93860000 14.50000000 -8.15340000
v -97.05340000 14.50000000 -8.66140000
v -97.56140000 14.50000000 -8.15340000
v -97.55705399 14.50000000 -8.21970731
v -97.54409032 14.50000000 -8.28488007
v -97.52273080 14.50000000 -8.34780318
v -97.49334091 14.50000000 -8.40740000
v -97.45642350 14.50000000 -8.46265081
v -97.41261024 14.50000000 -8.51261024
v -97.36265081 14.50000000 -8.55642350
v -97.30740000 14.50000000 -8.59334091
v -97.24780318 14.50000000 -8.62273080
v -97.18488007 14.50000000 -8.64409032
v -97.11970731 14.50000000 -8.65705399
v -97.56140000 14.50000000 -4.54660000
v -97.05340000 14.50000000 -4.03860000
v -97.11970731 14.50000000 -4.04294601
v -97.18488007 14.50000000 -4.05590968
v -97.24780318 14.50000000 -4.07726920
v -97.30740000 14.50000000 -4.10665909
v -97.36265081 14.50000000 -4.14357650
v -97.41261024 14.50000000 -4.18738976
v -97.45642350 14.50000000 -4.23734919
v -97.49334091 14.50000000 -4.29260000
v -97.52273080 14.50000000 -4.35219682
v -97.54409032 14.50000000 -4.41511993
v -97.55705399 14.50000000 -4.48029269
v -93.44660000 14.50000000 -4.03860000
v -92.93860000 14.50000000 -4.54660000
v -92.94294601 14.50000000 -4.48029269
v -92.95590968 14.50000000 -4.41511993
v -92.97726920 14.50000000 -4.35219682
v -93.00665909 14.50000000 -4.29260000
v -93.04357650 14.50000000 -4.23734919
v -93.08738976 14.50000000 -4.18738976
v -93.13734919 14.50000000 -4.14357650
v -93.19260000 14.50000000 -4.10665909
v -93.25219682 14.50000000 -4.07726920
v -93.31511993 14.50000000 -4.05590968
v -93.38029269 14.50000000 -4.04294601
v -106.14660000 14.50000000 -8.66140000
v -106.08029269 14.50000000 -8.65705399
v -106.01511993 14.50000000 -8.64409032
v -105.95219682 14.50000000 -8.62273080
v -105.89260000 14.50000000 -8.59334091
v -105.83734919 14.50000000 -8.55642350
v -105.78738976 14.50000000 -8.51261024
v -105.74357650 14.50000000 -8.46265081
v -105.70665909 14.50000000 -8.40740000
v -105.67726920 14.50000000 -8.34780318
v -105.65590968 14.50000000 -8.28488007
v -105.64294601 14.50000000 -8.21970731
v -105.63860000 14.50000000 -8.15340000
v -109.75340000 14.50000000 -8.66140000
v -110.26140000 14.50000000 -8.15340000
v -110.25705399 14.50000000 -8.21970731
v -110.24409032 14.50000000 -8.28488007
v -110.22273080 14.50000000 -8.34780318
v -110.19334091 14.50000000 -8.40740000
v -110.15642350 14.50000000 -8.46265081
v -110.11261024 14.50000000 -8.51261024
v -110.06265081 14.50000000 -8.55642350
v -110.00740000 14.50000000 -8.59334091
v -109.94780318 14.50000000 -8.62273080
v -109.88488007 14.50000000 -8.64409032
v -109.81970731 14.50000000 -8.65705399
v -110.26140000 14.50000000 -4.54660000
v -109.75340000 14.50000000 -4.03860000
v -109.81970731 14.50000000 -4.04294601
v -109.88488007 14.50000000 -4.05590968
v -109.94780318 14.50000000 -4.07726920
v -110.00740000 14.50000000 -4.10665909
v -110.06265081 14.50000000 -4.14357650
v -110.11261024 14.50000000 -4.18738976
v -110.15642350 14.50000000 -4.23734919
v -110.19334091 14.50000000 -4.29260000
v -110.22273080 14.50000000 -4.35219682
v -110.24409032 14.50000000 -4.41511993
v -110.25705399 14.50000000 -4.48029269
v -106.14660000 14.50000000 -4.03860000
v -105.63860000 14.50000000 -4.54660000
v -105.64294601 14.50000000 -4.48029269
v -105.65590968 14.50000000 -4.41511993
v -105.67726920 14.50000000 -4.35219682
v -105.70665909 14.50000000 -4.29260000
v -105.74357650 14.50000000 -4.23734919
v -105.78738976 14.50000000 -4.18738976
v -105.83734919 14.50000000 -4.14357650
v -105.89260000 14.50000000 -4.10665909
v -105.95219682 14.50000000 -4.07726920
v -106.01511993 14.50000000 -4.05590968
v -106.08029269 14.50000000 -4.04294601
v -118.84660000 14.50000000 -8.66140000
v -118.78029269 14.50000000 -8.65705399
v -118.71511993 14.50000000 -8.64409032
v -118.65219682 14.50000000 -8.62273080
v -118.59260000 14.50000000 -8.59334091
v -118.53734919 14.50000000 -8.55642350
v -118.48738976 14.50000000 -8.51261024
v -118.44357650 14.50000000 -8.46265081
v -118.40665909 14.50000000 -8.40740000
v -118.37726920 14.50000000 -8.34780318
v -118.35590968 14.50000000 -8.28488007
v -118.34294601 14.50000000 -8.21970731
v -118.33860000 14.50000000 -8.15340000
v -122.45340000 14.50000000 -8.66140000
v -122.96140000 14.50000000 -8.15340000
v -122.95705399 14.50000000 -8.21970731
v -122.94409032 14.50000000 -8.28488007
v -122.92273080 14.50000000 -8.34780318
v -122.89334091 14.50000000 -8.40740000
v -122.85642350 14.50000000 -8.46265081
v -122.81261024 14.50000000 -8.51261024
v -122.76265081 14.50000000 -8.55642350
v -122.70740000 14.50000000 -8.59334091
v -122.64780318 14.50000000 -8.62273080
v -122.58488007 14.50000000 -8.64409032
v -122.51970731 14.50000000 -8.65705399
v -122.96140000 14.50000000 -4.54660000
v -122.45340000 14.50000000 -4.03860000
v -122.51970731 14.50000000 -4.04294601
v -122.58488007 14.50000000 -4.05590968
v -122.64780318 14.50000000 -4.07726920
v -122.70740000 14.50000000 -4.10665909
v -122.76265081 14.50000000 -4.14357650
v -122.81261024 14.50000000 -4.18738976
v -122.85642350 14.50000000 -4.23734919
v -122.89334091 14.50000000 -4.29260000
v -122.92273080 14.50000000 -4.35219682
v -122.94409032 14.50000000 -4.41511993
v -122.95705399 14.50000000 -4.48029269
v -118.84660000 14.50000000 -4.03860000
v -118.33860000 14.50000000 -4.54660000
v -118.34294601 14.50000000 -4.48029269
v -118.35590968 14.50000000 -4.41511993
v -118.37726920 14.50000000 -4.35219682
v -118.40665909 14.50000000 -4.29260000
v -118.44357650 14.50000000 -4.23734919
v -118.48738976 14.50000000 -4.18738976
v -118.53734919 14.50000000 -4.14357650
v -118.59260000 14.50000000 -4.10665909
v -118.65219682 14.50000000 -4.07726920
v -118.71511993 14.50000000 -4.05590968
v -118.78029269 14.50000000 -4.04294601
v -127.00000000 -12.90000000 -0.81280000
v -127.00000000 -12.90000000 -12.70000000
v -127.00000000 -12.08720000 0.00000000
v -127.00000000 -12.19329169 -0.00695362
v -127.00000000 -12.29756812 -0.02769549
v -127.00000000 -12.39824509 -0.06187072
v -127.00000000 -12.49360000 -0.10889455
v -127.00000000 -12.58200129 -0.16796241
v -127.00000000 -12.66193639 -0.23806361
v -127.00000000 -12.73203759 -0.31799871
v -127.00000000 -12.79110545 -0.40640000
v -127.00000000 -12.83812928 -0.50175491
v -127.00000000 -12.87230451 -0.60243188
v -127.00000000 -12.89304638 -0.70670831
v -127.00000000 12.08720000 0.00000000
v -127.00000000 12.90000000 -0.81280000
v -127.00000000 12.89304638 -0.70670831
v -127.00000000 12.87230451 -0.60243188
v -127.00000000 12.83812928 -0.50175491
v -127.00000000 12.79110545 -0.40640000
v -127.00000000 12.73203759 -0.31799871
v -127.00000000 12.66193639 -0.23806361
v -127.00000000 12.58200129 -0.16796241
v -127.00000000 12.49360000 -0.10889455
v -127.00000000 12.39824509 -0.06187072
v -127.00000000 12.29756812 -0.02769549
v -127.00000000 12.19329169 -0.00695362
v -127.00000000 12.90000000 -12.70000000
v -127.00000000 14.47935816 -0.49786640
v -127.00000000 14.41778583 -0.18832141
v -127.00000000 14.31633654 0.11053859
v -127.00000000 14.17674609 0.39360000
v -127.00000000 14.00140294 0.65601958
v -127.00000000 13.79330724 0.89330724
v -127.00000000 13.55601958 1.10140294
v -127.00000000 13.29360000 1.27674609
v -127.00000000 13.01053859 1.41633654
v -127.00000000 12.71167859 1.51778583
v -127.00000000 12.40213360 1.57935816
v -127.00000000 12.08720000 1.60000000
v -127.00000000 -12.08720000 1.60000000
v -127.00000000 -12.40213360 1.57935816
v -127.00000000 -12.71167859 1.51778583
v -127.00000000 -13.01053859 1.41633654
v -127.00000000 -13.29360000 1.27674609
v -127.00000000 -13.55601958 1.10140294
v -127.00000000 -13.79330724 0.89330724
v -127.00000000 -14.00140294 0.65601958
v -127.00000000 -14.17674609 0.39360000
v -127.00000000 -14.31633654 0.11053859
v -127.00000000 -14.41778583 -0.18832141
v -127.00000000 -14.47935816 -0.49786640
v -127.00000000 -14.50000000 -0.81280000
v -127.00000000 -14.50000000 -12.70000000
v 63.50000000 -12.90000000 -1.90018505
v 63.50000000 -14.50000000 -1.90018505
v 62.41261495 -12.90000000 -0.81280000
v 62.41261495 -14.50000000 -0.81280000
v -0.00000000 -14.50000000 -1.90018505
v -0.00000000 -12.90000000 -1.90018505
v 1.08738505 -14.50000000 -0.81280000
v 1.08738505 -12.90000000 -0.81280000
v 64.58738505 -12.90000000 -0.81280000
v 64.58738505 -14.50000000 -0.81280000
v -1.08738505 -14.50000000 -0.81280000
v -1.08738505 -12.90000000 -0.81280000
v -63.50000000 -12.90000000 -1.90018505
v -62.41261495 -12.90000000 -0.81280000
v -63.50000000 -14.50000000 -1.90018505
v -62.41261495 -14.50000000 -0.81280000
v -64.58738505 -12.90000000 -0.81280000
v -64.58738505 -14.50000000 -0.81280000
v -116.61140000 -12.90000000 -12.70000000
v 127.00000000 -12.90000000 -0.81280000
v 127.00000000 -12.90000000 -12.70000000
v 116.61140000 -12.90000000 -12.70000000
v 116.61140000 -12.90000000 -10.89660000
v 116.60705399 -12.90000000 -10.83029269
v 116.59409032 -12.90000000 -10.76511993
v 116.57273080 -12.90000000 -10.70219682
v 116.54334091 -12.90000000 -10.64260000
v 116.50642350 -12.90000000 -10.58734919
v 116.46261024 -12.90000000 -10.53738976
v 116.41265081 -12.90000000 -10.49357650
v 116.35740000 -12.90000000 -10.45665909
v 116.29780318 -12.90000000 -10.42726920
v 116.23488007 -12.90000000 -10.40590968
v 116.16970731 -12.90000000 -10.39294601
v 116.10340000 -12.90000000 -10.38860000
v 112.49660000 -12.90000000 -10.38860000
v 112.43029269 -12.90000000 -10.39294601
v 112.36511993 -12.90000000 -10.40590968
v 112.30219682 -12.90000000 -10.42726920
v 112.24260000 -12.90000000 -10.45665909
v 112.18734919 -12.90000000 -10.49357650
v 112.13738976 -12.90000000 -10.53738976
v 112.09357650 -12.90000000 -10.58734919
v 112.05665909 -12.90000000 -10.64260000
v 112.02726920 -12.90000000 -10.70219682
v 112.00590968 -12.90000000 -10.76511993
v 111.99294601 -12.90000000 -10.83029269
v 111.98860000 -12.90000000 -10.89660000
v 111.98860000 -12.90000000 -12.70000000
v 103.91140000 -12.90000000 -12.70000000
v 103.91140000 -12.90000000 -10.89660000
v 103.90705399 -12.90000000 -10.83029269
v 103.89409032 -12.90000000 -10.76511993
v 103.87273080 -12.90000000 -10.70219682
v 103.84334091 -12.90000000 -10.64260000
v 103.80642350 -12.90000000 -10.58734919
v 103.76261024 -12.90000000 -10.53738976
v 103.71265081 -12.90000000 -10.49357650
v 103.65740000 -12.90000000 -10.45665909
v 103.59780318 -12.90000000 -10.42726920
v 103.53488007 -12.90000000 -10.40590968
v 103.46970731 -12.90000000 -10.39294601
v 103.40340000 -12.90000000 -10.38860000
v 99.79660000 -12.90000000 -10.38860000
v 99.73029269 -12.90000000 -10.39294601
v 99.66511993 -12.90000000 -10.40590968
v 99.60219682 -12.90000000 -10.42726920
v 99.54260000 -12.90000000 -10.45665909
v 99.48734919 -12.90000000 -10.49357650
v 99.43738976 -12.90000000 -10.53738976
v 99.39357650 -12.90000000 -10.58734919
v 99.35665909 -12.90000000 -10.64260000
v 99.32726920 -12.90000000 -10.70219682
v 99.30590968 -12.90000000 -10.76511993
v 99.29294601 -12.90000000 -10.83029269
v 99.28860000 -12.90000000 -10.89660000
v 99.28860000 -12.90000000 -12.70000000
v 91.21140000 -12.90000000 -12.70000000
v 91.21140000 -12.90000000 -10.89660000
v 91.20705399 -12.90000000 -10.83029269
v 91.19409032 -12.90000000 -10.76511993
v 91.17273080 -12.90000000 -10.70219682
v 91.14334091 -12.90000000 -10.64260000
v 91.10642350 -12.90000000 -10.58734919
v 91.06261024 -12.90000000 -10.53738976
v 91.01265081 -12.90000000 -10.49357650
v 90.95740000 -12.90000000 -10.45665909
v 90.89780318 -12.90000000 -10.42726920
v 90.83488007 -12.90000000 -10.40590968
v 90.76970731 -12.90000000 -10.39294601
v 90.70340000 -12.90000000 -10.38860000
v 87.09660000 -12.90000000 -10.38860000
v 87.03029269 -12.90000000 -10.39294601
v 86.96511993 -12.90000000 -10.40590968
v 86.90219682 -12.90000000 -10.42726920
v 86.84260000 -12.90000000 -10.45665909
v 86.78734919 -12.90000000 -10.49357650
v 86.73738976 -12.90000000 -10.53738976
v 86.69357650 -12.90000000 -10.58734919
v 86.65665909 -12.90000000 -10.64260000
v 86.62726920 -12.90000000 -10.70219682
v 86.60590968 -12.90000000 -10.76511993
v 86.59294601 -12.90000000 -10.83029269
v 86.58860000 -12.90000000 -10.89660000
v 86.58860000 -12.90000000 -12.70000000
v 78.51140000 -12.90000000 -12.70000000
v 78.51140000 -12.90000000 -10.89660000
v 78.50705399 -12.90000000 -10.83029269
v 78.49409032 -12.90000000 -10.76511993
v 78.47273080 -12.90000000 -10.70219682
v 78.44334091 -12.90000000 -10.64260000
v 78.40642350 -12.90000000 -10.58734919
v 78.36261024 -12.90000000 -10.53738976
v 78.31265081 -12.90000000 -10.49357650
v 78.25740000 -12.90000000 -10.45665909
v 78.19780318 -12.90000000 -10.42726920
v 78.13488007 -12.90000000 -10.40590968
v 78.06970731 -12.90000000 -10.39294601
v 78.00340000 -12.90000000 -10.38860000
v 74.39660000 -12.90000000 -10.38860000
v 74.33029269 -12.90000000 -10.39294601
v 74.26511993 -12.90000000 -10.40590968
v 74.20219682 -12.90000000 -10.42726920
v 74.14260000 -12.90000000 -10.45665909
v 74.08734919 -12.90000000 -10.49357650
v 74.03738976 -12.90000000 -10.53738976
v 73.99357650 -12.90000000 -10.58734919
v 73.95665909 -12.90000000 -10.64260000
v 73.92726920 -12.90000000 -10.70219682
v 73.90590968 -12.90000000 -10.76511993
v 73.89294601 -12.90000000 -10.83029269
v 73.88860000 -12.90000000 -10.89660000
v 73.88860000 -12.90000000 -12.70000000
v 65.81140000 -12.90000000 -12.70000000
v 65.81140000 -12.90000000 -10.89660000
v 65.80705399 -12.90000000 -10.83029269
v 65.79409032 -12.90000000 -10.76511993
v 65.77273080 -12.90000000 -10.70219682
v 65.74334091 -12.90000000 -10.64260000
v 65.70642350 -12.90000000 -10.58734919
v 65.66261024 -12.90000000 -10.53738976
v 65.61265081 -12.90000000 -10.49357650
v 65.55740000 -12.90000000 -10.45665909
v 65.49780318 -12.90000000 -10.42726920
v 65.43488007 -12.90000000 -10.40590968
v 65.36970731 -12.90000000 -10.39294601
v 65.30340000 -12.90000000 -10.38860000
v 61.69660000 -12.90000000 -10.38860000
v 61.63029269 -12.90000000 -10.39294601
v 61.56511993 -12.90000000 -10.40590968
v 61.50219682 -12.90000000 -10.42726920
v 61.44260000 -12.90000000 -10.45665909
v 61.38734919 -12.90000000 -10.49357650
v 61.33738976 -12.90000000 -10.53738976
v 61.29357650 -12.90000000 -10.58734919
v 61.25665909 -12.90000000 -10.64260000
v 61.22726920 -12.90000000 -10.70219682
v 61.20590968 -12.90000000 -10.76511993
v 61.19294601 -12.90000000 -10.83029269
v 61.18860000 -12.90000000 -10.89660000
v 61.18860000 -12.90000000 -12.70000000
v 53.11140000 -12.90000000 -12.70000000
v 53.11140000 -12.90000000 -10.89660000
v 53.10705399 -12.90000000 -10.83029269
v 53.09409032 -12.90000000 -10.76511993
v 53.07273080 -12.90000000 -10.70219682
v 53.04334091 -12.90000000 -10.64260000
v 53.00642350 -12.90000000 -10.58734919
v 52.96261024 -12.90000000 -10.53738976
v 52.91265081 -12.90000000 -10.49357650
v 52.85740000 -12.90000000 -10.45665909
v 52.79780318 -12.90000000 -10.42726920
v 52.73488007 -12.90000000 -10.40590968
v 52.66970731 -12.90000000 -10.39294601
v 52.60340000 -12.90000000 -10.38860000
v 48.99660000 -12.90000000 -10.38860000
v 48.93029269 -12.90000000 -10.39294601
v 48.86511993 -12.90000000 -10.40590968
v 48.80219682 -12.90000000 -10.42726920
v 48.74260000 -12.90000000 -10.45665909
v 48.68734919 -12.90000000 -10.49357650
v 48.63738976 -12.90000000 -10.53738976
v 48.59357650 -12.90000000 -10.58734919
v 48.55665909 -12.90000000 -10.64260000
v 48.52726920 -12.90000000 -10.70219682
v 48.50590968 -12.90000000 -10.76511993
v 48.49294601 -12.90000000 -10.83029269
v 48.48860000 -12.90000000 -10.89660000
v 48.48860000 -12.90000000 -12.70000000
v 40.41140000 -12.90000000 -12.70000000
v 40.41140000 -12.90000000 -10.89660000
v 40.40705399 -12.90000000 -10.83029269
v 40.39409032 -12.90000000 -10.76511993
v 40.37273080 -12.90000000 -10.70219682
v 40.34334091 -12.90000000 -10.64260000
v 40.30642350 -12.90000000 -10.58734919
v 40.26261024 -12.90000000 -10.53738976
v 40.21265081 -12.90000000 -10.49357650
v 40.15740000 -12.90000000 -10.45665909
v 40.09780318 -12.90000000 -10.42726920
v 40.03488007 -12.90000000 -10.40590968
v 39.96970731 -12.90000000 -10.39294601
v 39.90340000 -12.90000000 -10.38860000
v 36.29660000 -12.90000000 -10.38860000
v 36.23029269 -12.90000000 -10.39294601
v 36.16511993 -12.90000000 -10.40590968
v 36.10219682 -12.90000000 -10.42726920
v 36.04260000 -12.90000000 -10.45665909
v 35.98734919 -12.90000000 -10.49357650
v 35.93738976 -12.90000000 -10.53738976
v 35.89357650 -12.90000000 -10.58734919
v 35.85665909 -12.90000000 -10.64260000
v 35.82726920 -12.90000000 -10.70219682
v 35.80590968 -12.90000000 -10.76511993
v 35.79294601 -12.90000000 -10.83029269
v 35.78860000 -12.90000000 -10.89660000
v 35.78860000 -12.90000000 -12.70000000
v 27.71140000 -12.90000000 -12.70000000
v 27.71140000 -12.90000000 -10.89660000
v 27.70705399 -12.90000000 -10.83029269
v 27.69409032 -12.90000000 -10.76511993
v 27.67273080 -12.90000000 -10.70219682
v 27.64334091 -12.90000000 -10.64260000
v 27.60642350 -12.90000000 -10.58734919
v 27.56261024 -12.90000000 -10.53738976
v 27.51265081 -12.90000000 -10.49357650
v 27.45740000 -12.90000000 -10.45665909
v 27.39780318 -12.90000000 -10.42726920
v 27.33488007 -12.90000000 -10.40590968
v 27.26970731 -12.90000000 -10.39294601
v 27.20340000 -12.90000000 -10.38860000
v 23.59660000 -12.90000000 -10.38860000
v 23.53029269 -12.90000000 -10.39294601
v 23.46511993 -12.90000000 -10.40590968
v 23.40219682 -12.90000000 -10.42726920
v 23.34260000 -12.90000000 -10.45665909
v 23.28734919 -12.90000000 -10.49357650
v 23.23738976 -12.90000000 -10.53738976
v 23.19357650 -12.90000000 -10.58734919
v 23.15665909 -12.90000000 -10.64260000
v 23.12726920 -12.90000000 -10.70219682
v 23.10590968 -12.90000000 -10.76511993
v 23.09294601 -12.90000000 -10.83029269
v 23.08860000 -12.90000000 -10.89660000
v 23.08860000 -12.90000000 -12.70000000
v 15.01140000 -12.90000000 -12.70000000
v 15.01140000 -12.90000000 -10.89660000
v 15.00705399 -12.90000000 -10.83029269
v 14.99409032 -12.90000000 -10.76511993
v 14.97273080 -12.90000000 -10.70219682
v 14.94334091 -12.90000000 -10.64260000
v 14.90642350 -12.90000000 -10.58734919
v 14.86261024 -12.90000000 -10.53738976
v 14.81265081 -12.90000000 -10.49357650
v 14.75740000 -12.90000000 -10.45665909
v 14.69780318 -12.90000000 -10.42726920
v 14.63488007 -12.90000000 -10.40590968
v 14.56970731 -12.90000000 -10.39294601
v 14.50340000 -12.90000000 -10.38860000
v 10.89660000 -12.90000000 -10.38860000
v 10.83029269 -12.90000000 -10.39294601
v 10.76511993 -12.90000000 -10.40590968
v 10.70219682 -12.90000000 -10.42726920
v 10.64260000 -12.90000000 -10.45665909
v 10.58734919 -12.90000000 -10.49357650
v 10.53738976 -12.90000000 -10.53738976
v 10.49357650 -12.90000000 -10.58734919
v 10.45665909 -12.90000000 -10.64260000
v 10.42726920 -12.90000000 -10.70219682
v 10.40590968 -12.90000000 -10.76511993
v 10.39294601 -12.90000000 -10.83029269
v 10.38860000 -12.90000000 -10.89660000
v 10.38860000 -12.90000000 -12.70000000
v 2.31140000 -12.90000000 -12.70000000
v 2.31140000 -12.90000000 -10.89660000
v 2.30705399 -12.90000000 -10.83029269
v 2.29409032 -12.90000000 -10.76511993
v 2.27273080 -12.90000000 -10.70219682
v 2.24334091 -12.90000000 -10.64260000
v 2.20642350 -12.90000000 -10.58734919
v 2.16261024 -12.90000000 -10.53738976
v 2.11265081 -12.90000000 -10.49357650
v 2.05740000 -12.90000000 -10.45665909
v 1.99780318 -12.90000000 -10.42726920
v 1.93488007 -12.90000000 -10.40590968
v 1.86970731 -12.90000000 -10.39294601
v 1.80340000 -12.90000000 -10.38860000
v -1.80340000 -12.90000000 -10.38860000
v -1.86970731 -12.90000000 -10.39294601
v -1.93488007 -12.90000000 -10.40590968
v -1.99780318 -12.90000000 -10.42726920
v -2.05740000 -12.90000000 -10.45665909
v -2.11265081 -12.90000000 -10.49357650
v -2.16261024 -12.90000000 -10.53738976
v -2.20642350 -12.90000000 -10.58734919
v -2.24334091 -12.90000000 -10.64260000
v -2.27273080 -12.90000000 -10.70219682
v -2.29409032 -12.90000000 -10.76511993
v -2.30705399 -12.90000000 -10.83029269
v -2.31140000 -12.90000000 -10.89660000
v -2.31140000 -12.90000000 -12.70000000
v -10.38860000 -12.90000000 -12.70000000
v -10.38860000 -12.90000000 -10.89660000
v -10.39294601 -12.90000000 -10.83029269
v -10.40590968 -12.90000000 -10.76511993
v -10.42726920 -12.90000000 -10.70219682
v -10.45665909 -12.90000000 -10.64260000
v -10.49357650 -12.90000000 -10.58734919
v -10.53738976 -12.90000000 -10.53738976
v -10.58734919 -12.90000000 -10.49357650
v -10.64260000 -12.90000000 -10.45665909
v -10.70219682 -12.90000000 -10.42726920
v -10.76511993 -12.90000000 -10.40590968
v -10.83029269 -12.90000000 -10.39294601
v -10.89660000 -12.90000000 -10.38860000
v -14.50340000 -12.90000000 -10.38860000
v -14.56970731 -12.90000000 -10.39294601
v -14.63488007 -12.90000000 -10.40590968
v -14.69780318 -12.90000000 -10.42726920
v -14.75740000 -12.90000000 -10.45665909
v -14.81265081 -12.90000000 -10.49357650
v -14.86261024 -12.90000000 -10.53738976
v -14.90642350 -12.90000000 -10.58734919
v -14.94334091 -12.90000000 -10.64260000
v -14.97273080 -12.90000000 -10.70219682
v -14.99409032 -12.90000000 -10.76511993
v -15.00705399 -12.90000000 -10.83029269
v -15.01140000 -12.90000000 -10.89660000
v -15.01140000 -12.90000000 -12.70000000
v -23.08860000 -12.90000000 -12.70000000
v -23.08860000 -12.90000000 -10.89660000
v -23.09294601 -12.90000000 -10.83029269
v -23.10590968 -12.90000000 -10.76511993
v -23.12726920 -12.90000000 -10.70219682
v -23.15665909 -12.90000000 -10.64260000
v -23.19357650 -12.90000000 -10.58734919
v -23.23738976 -12.90000000 -10.53738976
v -23.28734919 -12.90000000 -10.49357650
v -23.34260000 -12.90000000 -10.45665909
v -23.40219682 -12.90000000 -10.42726920
v -23.46511993 -12.90000000 -10.40590968
v -23.53029269 -12.90000000 -10.39294601
v -23.59660000 -12.90000000 -10.38860000
v -27.20340000 -12.90000000 -10.38860000
v -27.26970731 -12.90000000 -10.39294601
v -27.33488007 -12.90000000 -10.40590968
v -27.39780318 -12.90000000 -10.42726920
v -27.45740000 -12.90000000 -10.45665909
v -27.51265081 -12.90000000 -10.49357650
v -27.56261024 -12.90000000 -10.53738976
v -27.60642350 -12.90000000 -10.58734919
v -27.64334091 -12.90000000 -10.64260000
v -27.67273080 -12.90000000 -10.70219682
v -27.69409032 -12.90000000 -10.76511993
v -27.70705399 -12.90000000 -10.83029269
v -27.71140000 -12.90000000 -10.89660000
v -27.71140000 -12.90000000 -12.70000000
v -35.78860000 -12.90000000 -12.70000000
v -35.78860000 -12.90000000 -10.89660000
v -35.79294601 -12.90000000 -10.83029269
v -35.80590968 -12.90000000 -10.76511993
v -35.82726920 -12.90000000 -10.70219682
v -35.85665909 -12.90000000 -10.64260000
v -35.89357650 -12.90000000 -10.58734919
v -35.93738976 -12.90000000 -10.53738976
v -35.98734919 -12.90000000 -10.49357650
v -36.04260000 -12.90000000 -10.45665909
v -36.10219682 -12.90000000 -10.42726920
v -36.16511993 -12.90000000 -10.40590968
v -36.23029269 -12.90000000 -10.39294601
v -36.29660000 -12.90000000 -10.38860000
v -39.90340000 -12.90000000 -10.38860000
v -39.96970731 -12.90000000 -10.39294601
v -40.03488007 -12.90000000 -10.40590968
v -40.09780318 -12.90000000 -10.42726920
v -40.15740000 -12.90000000 -10.45665909
v -40.21265081 -12.90000000 -10.49357650
v -40.26261024 -12.90000000 -10.53738976
v -40.30642350 -12.90000000 -10.58734919
v -40.34334091 -12.90000000 -10.64260000
v -40.37273080 -12.90000000 -10.70219682
v -40.39409032 -12.90000000 -10.76511993
v -40.40705399 -12.90000000 -10.83029269
v -40.41140000 -12.90000000 -10.89660000
v -40.41140000 -12.90000000 -12.70000000
v -48.48860000 -12.90000000 -12.70000000
v -48.48860000 -12.90000000 -10.89660000
v -48.49294601 -12.90000000 -10.83029269
v -48.50590968 -12.90000000 -10.76511993
v -48.52726920 -12.90000000 -10.70219682
v -48.55665909 -12.90000000 -10.64260000
v -48.59357650 -12.90000000 -10.58734919
v -48.63738976 -12.90000000 -10.53738976
v -48.68734919 -12.90000000 -10.49357650
v -48.74260000 -12.90000000 -10.45665909
v -48.80219682 -12.90000000 -10.42726920
v -48.86511993 -12.90000000 -10.40590968
v -48.93029269 -12.90000000 -10.39294601
v -48.99660000 -12.90000000 -10.38860000
v -52.60340000 -12.90000000 -10.38860000
v -52.66970731 -12.90000000 -10.39294601
v -52.73488007 -12.90000000 -10.40590968
v -52.79780318 -12.90000000 -10.42726920
v -52.85740000 -12.90000000 -10.45665909
v -52.91265081 -12.90000000 -10.49357650
v -52.96261024 -12.90000000 -10.53738976
v -53.00642350 -12.90000000 -10.58734919
v -53.04334091 -12.90000000 -10.64260000
v -53.07273080 -12.90000000 -10.70219682
v -53.09409032 -12.90000000 -10.76511993
v -53.10705399 -12.90000000 -10.83029269
v -53.11140000 -12.90000000 -10.89660000
v -53.11140000 -12.90000000 -12.70000000
v -61.18860000 -12.90000000 -12.70000000
v -61.18860000 -12.90000000 -10.89660000
v -61.19294601 -12.90000000 -10.83029269
v -61.20590968 -12.90000000 -10.76511993
v -61.22726920 -12.90000000 -10.70219682
v -61.25665909 -12.90000000 -10.64260000
v -61.29357650 -12.90000000 -10.58734919
v -61.33738976 -12.90000000 -10.53738976
v -61.38734919 -12.90000000 -10.49357650
v -61.44260000 -12.90000000 -10.45665909
v -61.50219682 -12.90000000 -10.42726920
v -61.56511993 -12.90000000 -10.40590968
v -61.63029269 -12.90000000 -10.39294601
v -61.69660000 -12.90000000 -10.38860000
v -65.30340000 -12.90000000 -10.38860000
v -65.36970731 -12.90000000 -10.39294601
v -65.43488007 -12.90000000 -10.40590968
v -65.49780318 -12.90000000 -10.42726920
v -65.55740000 -12.90000000 -10.45665909
v -65.61265081 -12.90000000 -10.49357650
v -65.66261024 -12.90000000 -10.53738976
v -65.70642350 -12.90000000 -10.58734919
v -65.74334091 -12.90000000 -10.64260000
v -65.77273080 -12.90000000 -10.70219682
v -65.79409032 -12.90000000 -10.76511993
v -65.80705399 -12.90000000 -10.83029269
v -65.81140000 -12.90000000 -10.89660000
v -65.81140000 -12.90000000 -12.70000000
v -73.88860000 -12.90000000 -12.70000000
v -73.88860000 -12.90000000 -10.89660000
v -73.89294601 -12.90000000 -10.83029269
v -73.90590968 -12.90000000 -10.76511993
v -73.92726920 -12.90000000 -10.70219682
v -73.95665909 -12.90000000 -10.64260000
v -73.99357650 -12.90000000 -10.58734919
v -74.03738976 -12.90000000 -10.53738976
v -74.08734919 -12.90000000 -10.49357650
v -74.14260000 -12.90000000 -10.45665909
v -74.20219682 -12.90000000 -10.42726920
v -74.26511993 -12.90000000 -10.40590968
v -74.33029269 -12.90000000 -10.39294601
v -74.39660000 -12.90000000 -10.38860000
v -78.00340000 -12.90000000 -10.38860000
v -78.06970731 -12.90000000 -10.39294601
v -78.13488007 -12.90000000 -10.40590968
v -78.19780318 -12.90000000 -10.42726920
v -78.25740000 -12.90000000 -10.45665909
v -78.31265081 -12.90000000 -10.49357650
v -78.36261024 -12.90000000 -10.53738976
v -78.40642350 -12.90000000 -10.58734919
v -78.44334091 -12.90000000 -10.64260000
v -78.47273080 -12.90000000 -10.70219682
v -78.49409032 -12.90000000 -10.76511993
v -78.50705399 -12.90000000 -10.83029269
v -78.51140000 -12.90000000 -10.89660000
v -78.51140000 -12.90000000 -12.70000000
v -86.58860000 -12.90000000 -12.70000000
v -86.58860000 -12.90000000 -10.89660000
v -86.59294601 -12.90000000 -10.83029269
v -86.60590968 -12.90000000 -10.76511993
v -86.62726920 -12.90000000 -10.70219682
v -86.65665909 -12.90000000 -10.64260000
v -86.69357650 -12.90000000 -10.58734919
v -86.73738976 -12.90000000 -10.53738976
v -86.78734919 -12.90000000 -10.49357650
v -86.84260000 -12.90000000 -10.45665909
v -86.90219682 -12.90000000 -10.42726920
v -86.96511993 -12.90000000 -10.40590968
v -87.03029269 -12.90000000 -10.39294601
v -87.09660000 -12.90000000 -10.38860000
v -90.70340000 -12.90000000 -10.38860000
v -90.76970731 -12.90000000 -10.39294601
v -90.83488007 -12.90000000 -10.40590968
v -90.89780318 -12.90000000 -10.42726920
v -90.95740000 -12.90000000 -10.45665909
v -91.01265081 -12.90000000 -10.49357650
v -91.06261024 -12.90000000 -10.53738976
v -91.10642350 -12.90000000 -10.58734919
v -91.14334091 -12.90000000 -10.64260000
v -91.17273080 -12.90000000 -10.70219682
v -91.19409032 -12.90000000 -10.76511993
v -91.20705399 -12.90000000 -10.83029269
v -91.21140000 -12.90000000 -10.89660000
v -91.21140000 -12.90000000 -12.70000000
v -99.28860000 -12.90000000 -12.70000000
v -99.28860000 -12.90000000 -10.89660000
v -99.29294601 -12.90000000 -10.83029269
v -99.30590968 -12.90000000 -10.76511993
v -99.32726920 -12.90000000 -10.70219682
v -99.35665909 -12.90000000 -10.64260000
v -99.39357650 -12.90000000 -10.58734919
v -99.43738976 -12.90000000 -10.53738976
v -99.48734919 -12.90000000 -10.49357650
v -99.54260000 -12.90000000 -10.45665909
v -99.60219682 -12.90000000 -10.42726920
v -99.66511993 -12.90000000 -10.40590968
v -99.73029269 -12.90000000 -10.39294601
v -99.79660000 -12.90000000 -10.38860000
v -103.40340000 -12.90000000 -10.38860000
v -103.46970731 -12.90000000 -10.39294601
v -103.53488007 -12.90000000 -10.40590968
v -103.59780318 -12.90000000 -10.42726920
v -103.65740000 -12.90000000 -10.45665909
v -103.71265081 -12.90000000 -10.49357650
v -103.76261024 -12.90000000 -10.53738976
v -103.80642350 -12.90000000 -10.58734919
v -103.84334091 -12.90000000 -10.64260000
v -103.87273080 -12.90000000 -10.70219682
v -103.89409032 -12.90000000 -10.76511993
v -103.90705399 -12.90000000 -10.83029269
v -103.91140000 -12.90000000 -10.89660000
v -103.91140000 -12.90000000 -12.70000000
v -111.98860000 -12.90000000 -12.70000000
v -111.98860000 -12.90000000 -10.89660000
v -111.99294601 -12.90000000 -10.83029269
v -112.00590968 -12.90000000 -10.76511993
v -112.02726920 -12.90000000 -10.70219682
v -112.05665909 -12.90000000 -10.64260000
v -112.09357650 -12.90000000 -10.58734919
v -112.13738976 -12.90000000 -10.53738976
v -112.18734919 -12.90000000 -10.49357650
v -112.24260000 -12.90000000 -10.45665909
v -112.30219682 -12.90000000 -10.42726920
v -112.36511993 -12.90000000 -10.40590968
v -112.43029269 -12.90000000 -10.39294601
v -112.49660000 -12.90000000 -10.38860000
v -116.10340000 -12.90000000 -10.38860000
v -116.16970731 -12.90000000 -10.39294601
v -116.23488007 -12.90000000 -10.40590968
v -116.29780318 -12.90000000 -10.42726920
v -116.35740000 -12.90000000 -10.45665909
v -116.41265081 -12.90000000 -10.49357650
v -116.46261024 -12.90000000 -10.53738976
v -116.50642350 -12.90000000 -10.58734919
v -116.54334091 -12.90000000 -10.64260000
v -116.57273080 -12.90000000 -10.70219682
v -116.59409032 -12.90000000 -10.76511993
v -116.60705399 -12.90000000 -10.83029269
v -116.61140000 -12.90000000 -10.89660000
v -122.96140000 -12.90000000 -8.15340000
v -122.96140000 -12.90000000 -4.54660000
v -122.95705399 -12.90000000 -8.21970731
v -122.94409032 -12.90000000 -8.28488007
v -122.92273080 -12.90000000 -8.34780318
v -122.89334091 -12.90000000 -8.40740000
v -122.85642350 -12.90000000 -8.46265081
v -122.81261024 -12.90000000 -8.51261024
v -122.76265081 -12.90000000 -8.55642350
v -122.70740000 -12.90000000 -8.59334091
v -122.64780318 -12.90000000 -8.62273080
v -122.58488007 -12.90000000 -8.64409032
v -122.51970731 -12.90000000 -8.65705399
v -122.45340000 -12.90000000 -8.66140000
v -118.84660000 -12.90000000 -8.66140000
v -118.78029269 -12.90000000 -8.65705399
v -118.71511993 -12.90000000 -8.64409032
v -118.65219682 -12.90000000 -8.62273080
v -118.59260000 -12.90000000 -8.59334091
v -118.53734919 -12.90000000 -8.55642350
v -118.48738976 -12.90000000 -8.51261024
v -118.44357650 -12.90000000 -8.46265081
v -118.40665909 -12.90000000 -8.40740000
v -118.37726920 -12.90000000 -8.34780318
v -118.35590968 -12.90000000 -8.28488007
v -118.34294601 -12.90000000 -8.21970731
v -118.33860000 -12.90000000 -8.15340000
v -118.33860000 -12.90000000 -4.54660000
v -118.34294601 -12.90000000 -4.48029269
v -118.35590968 -12.90000000 -4.41511993
v -118.37726920 -12.90000000 -4.35219682
v -118.40665909 -12.90000000 -4.29260000
v -118.44357650 -12.90000000 -4.23734919
v -118.48738976 -12.90000000 -4.18738976
v -118.53734919 -12.90000000 -4.14357650
v -118.59260000 -12.90000000 -4.10665909
v -118.65219682 -12.90000000 -4.07726920
v -118.71511993 -12.90000000 -4.05590968
v -118.78029269 -12.90000000 -4.04294601
v -118.84660000 -12.90000000 -4.03860000
v -122.45340000 -12.90000000 -4.03860000
v -122.51970731 -12.90000000 -4.04294601
v -122.58488007 -12.90000000 -4.05590968
v -122.64780318 -12.90000000 -4.07726920
v -122.70740000 -12.90000000 -4.10665909
v -122.76265081 -12.90000000 -4.14357650
v -122.81261024 -12.90000000 -4.18738976
v -122.85642350 -12.90000000 -4.23734919
v -122.89334091 -12.90000000 -4.29260000
v -122.92273080 -12.90000000 -4.35219682
v -122.94409032 -12.90000000 -4.41511993
v -122.95705399 -12.90000000 -4.48029269
v -110.26140000 -12.90000000 -8.15340000
v -110.26140000 -12.90000000 -4.54660000
v -110.25705399 -12.90000000 -8.21970731
v -110.24409032 -12.90000000 -8.28488007
v -110.22273080 -12.90000000 -8.34780318
v -110.19334091 -12.90000000 -8.40740000
v -110.15642350 -12.90000000 -8.46265081
v -110.11261024 -12.90000000 -8.51261024
v -110.06265081 -12.90000000 -8.55642350
v -110.00740000 -12.90000000 -8.59334091
v -109.94780318 -12.90000000 -8.62273080
v -109.88488007 -12.90000000 -8.64409032
v -109.81970731 -12.90000000 -8.65705399
v -109.75340000 -12.90000000 -8.66140000
v -106.14660000 -12.90000000 -8.66140000
v -106.08029269 -12.90000000 -8.65705399
v -106.01511993 -12.90000000 -8.64409032
v -105.95219682 -12.90000000 -8.62273080
v -105.89260000 -12.90000000 -8.59334091
v -105.83734919 -12.90000000 -8.55642350
v -105.78738976 -12.90000000 -8.51261024
v -105.74357650 -12.90000000 -8.46265081
v -105.70665909 -12.90000000 -8.40740000
v -105.67726920 -12.90000000 -8.34780318
v -105.65590968 -12.90000000 -8.28488007
v -105.64294601 -12.90000000 -8.21970731
v -105.63860000 -12.90000000 -8.15340000
v -105.63860000 -12.90000000 -4.54660000
v -105.64294601 -12.90000000 -4.48029269
v -105.65590968 -12.90000000 -4.41511993
v -105.67726920 -12.90000000 -4.35219682
v -105.70665909 -12.90000000 -4.29260000
v -105.74357650 -12.90000000 -4.23734919
v -105.78738976 -12.90000000 -4.18738976
v -105.83734919 -12.90000000 -4.14357650
v -105.89260000 -12.90000000 -4.10665909
v -105.95219682 -12.90000000 -4.07726920
v -106.01511993 -12.90000000 -4.05590968
v -106.08029269 -12.90000000 -4.04294601
v -106.14660000 -12.90000000 -4.03860000
v -109.75340000 -12.90000000 -4.03860000
v -109.81970731 -12.90000000 -4.04294601
v -109.88488007 -12.90000000 -4.05590968
v -109.94780318 -12.90000000 -4.07726920
v -110.00740000 -12.90000000 -4.10665909
v -110.06265081 -12.90000000 -4.14357650
v -110.11261024 -12.90000000 -4.18738976
v -110.15642350 -12.90000000 -4.23734919
v -110.19334091 -12.90000000 -4.29260000
v -110.22273080 -12.90000000 -4.35219682
v -110.24409032 -12.90000000 -4.41511993
v -110.25705399 -12.90000000 -4.48029269
v -97.56140000 -12.90000000 -8.15340000
v -97.56140000 -12.90000000 -4.54660000
v -97.55705399 -12.90000000 -8.21970731
v -97.54409032 -12.90000000 -8.28488007
v -97.52273080 -12.90000000 -8.34780318
v -97.49334091 -12.90000000 -8.40740000
v -97.45642350 -12.90000000 -8.46265081
v -97.41261024 -12.90000000 -8.51261024
v -97.36265081 -12.90000000 -8.55642350
v -97.30740000 -12.90000000 -8.59334091
v -97.24780318 -12.90000000 -8.62273080
v -97.18488007 -12.90000000 -8.64409032
v -97.11970731 -12.90000000 -8.65705399
v -97.05340000 -12.90000000 -8.66140000
v -93.44660000 -12.90000000 -8.66140000
v -93.38029269 -12.90000000 -8.65705399
v -93.31511993 -12.90000000 -8.64409032
v -93.25219682 -12.90000000 -8.62273080
v -93.19260000 -12.90000000 -8.59334091
v -93.13734919 -12.90000000 -8.55642350
v -93.08738976 -12.90000000 -8.51261024
v -93.04357650 -12.90000000 -8.46265081
v -93.00665909 -12.90000000 -8.40740000
v -92.97726920 -12.90000000 -8.34780318
v -92.95590968 -12.90000000 -8.28488007
v -92.94294601 -12.90000000 -8.21970731
v -92.93860000 -12.90000000 -8.15340000
v -92.93860000 -12.90000000 -4.54660000
v -92.94294601 -12.90000000 -4.48029269
v -92.95590968 -12.90000000 -4.41511993
v -92.97726920 -12.90000000 -4.35219682
v -93.00665909 -12.90000000 -4.29260000
v -93.04357650 -12.90000000 -4.23734919
v -93.08738976 -12.90000000 -4.18738976
v -93.13734919 -12.90000000 -4.14357650
v -93.19260000 -12.90000000 -4.10665909
v -93.25219682 -12.90000000 -4.07726920
v -93.31511993 -12.90000000 -4.05590968
v -93.38029269 -12.90000000 -4.04294601
v -93.44660000 -12.90000000 -4.03860000
v -97.05340000 -12.90000000 -4.03860000
v -97.11970731 -12.90000000 -4.04294601
v -97.18488007 -12.90000000 -4.05590968
v -97.24780318 -12.90000000 -4.07726920
v -97.30740000 -12.90000000 -4.10665909
v -97.36265081 -12.90000000 -4.14357650
v -97.41261024 -12.90000000 -4.18738976
v -97.45642350 -12.90000000 -4.23734919
v -97.49334091 -12.90000000 -4.29260000
v -97.52273080 -12.90000000 -4.35219682
v -97.54409032 -12.90000000 -4.41511993
v -97.55705399 -12.90000000 -4.48029269
v -84.86140000 -12.90000000 -8.15340000
v -84.86140000 -12.90000000 -4.54660000
v -84.85705399 -12.90000000 -8.21970731
v -84.84409032 -12.90000000 -8.28488007
v -84.82273080 -12.90000000 -8.34780318
v -84.79334091 -12.90000000 -8.40740000
v -84.75642350 -12.90000000 -8.46265081
v -84.71261024 -12.90000000 -8.51261024
v -84.66265081 -12.90000000 -8.55642350
v -84.60740000 -12.90000000 -8.59334091
v -84.54780318 -12.90000000 -8.62273080
v -84.48488007 -12.90000000 -8.64409032
v -84.41970731 -12.90000000 -8.65705399
v -84.35340000 -12.90000000 -8.66140000
v -80.74660000 -12.90000000 -8.66140000
v -80.68029269 -12.90000000 -8.65705399
v -80.61511993 -12.90000000 -8.64409032
v -80.55219682 -12.90000000 -8.62273080
v -80.49260000 -12.90000000 -8.59334091
v -80.43734919 -12.90000000 -8.55642350
v -80.38738976 -12.90000000 -8.51261024
v -80.34357650 -12.90000000 -8.46265081
v -80.30665909 -12.90000000 -8.40740000
v -80.27726920 -12.90000000 -8.34780318
v -80.25590968 -12.90000000 -8.28488007
v -80.24294601 -12.90000000 -8.21970731
v -80.23860000 -12.90000000 -8.15340000
v -80.23860000 -12.90000000 -4.54660000
v -80.24294601 -12.90000000 -4.48029269
v -80.25590968 -12.90000000 -4.41511993
v -80.27726920 -12.90000000 -4.35219682
v -80.30665909 -12.90000000 -4.29260000
v -80.34357650 -12.90000000 -4.23734919
v -80.38738976 -12.90000000 -4.18738976
v -80.43734919 -12.90000000 -4.14357650
v -80.49260000 -12.90000000 -4.10665909
v -80.55219682 -12.90000000 -4.07726920
v -80.61511993 -12.90000000 -4.05590968
v -80.68029269 -12.90000000 -4.04294601
v -80.74660000 -12.90000000 -4.03860000
v -84.35340000 -12.90000000 -4.03860000
v -84.41970731 -12.90000000 -4.04294601
v -84.48488007 -12.90000000 -4.05590968
v -84.54780318 -12.90000000 -4.07726920
v -84.60740000 -12.90000000 -4.10665909
v -84.66265081 -12.90000000 -4.14357650
v -84.71261024 -12.90000000 -4.18738976
v -84.75642350 -12.90000000 -4.23734919
v -84.79334091 -12.90000000 -4.29260000
v -84.82273080 -12.90000000 -4.35219682
v -84.84409032 -12.90000000 -4.41511993
v -84.85705399 -12.90000000 -4.48029269
v -72.16140000 -12.90000000 -8.15340000
v -72.16140000 -12.90000000 -4.54660000
v -72.15705399 -12.90000000 -8.21970731
v -72.14409032 -12.90000000 -8.28488007
v -72.12273080 -12.90000000 -8.34780318
v -72.09334091 -12.90000000 -8.40740000
v -72.05642350 -12.90000000 -8.46265081
v -72.01261024 -12.90000000 -8.51261024
v -71.96265081 -12.90000000 -8.55642350
v -71.90740000 -12.90000000 -8.59334091
v -71.84780318 -12.90000000 -8.62273080
v -71.78488007 -12.90000000 -8.64409032
v -71.71970731 -12.90000000 -8.65705399
v -71.65340000 -12.90000000 -8.66140000
v -68.04660000 -12.90000000 -8.66140000
v -67.98029269 -12.90000000 -8.65705399
v -67.91511993 -12.90000000 -8.64409032
v -67.85219682 -12.90000000 -8.62273080
v -67.79260000 -12.90000000 -8.59334091
v -67.73734919 -12.90000000 -8.55642350
v -67.68738976 -12.90000000 -8.51261024
v -67.64357650 -12.90000000 -8.46265081
v -67.60665909 -12.90000000 -8.40740000
v -67.57726920 -12.90000000 -8.34780318
v -67.55590968 -12.90000000 -8.28488007
v -67.54294601 -12.90000000 -8.21970731
v -67.53860000 -12.90000000 -8.15340000
v -67.53860000 -12.90000000 -4.54660000
v -67.54294601 -12.90000000 -4.48029269
v -67.55590968 -12.90000000 -4.41511993
v -67.57726920 -12.90000000 -4.35219682
v -67.60665909 -12.90000000 -4.29260000
v -67.64357650 -12.90000000 -4.23734919
v -67.68738976 -12.90000000 -4.18738976
v -67.73734919 -12.90000000 -4.14357650
v -67.79260000 -12.90000000 -4.10665909
v -67.85219682 -12.90000000 -4.07726920
v -67.91511993 -12.90000000 -4.05590968
v -67.98029269 -12.90000000 -4.04294601
v -68.04660000 -12.90000000 -4.03860000
v -71.65340000 -12.90000000 -4.03860000
v -71.71970731 -12.90000000 -4.04294601
v -71.78488007 -12.90000000 -4.05590968
v -71.84780318 -12.90000000 -4.07726920
v -71.90740000 -12.90000000 -4.10665909
v -71.96265081 -12.90000000 -4.14357650
v -72.01261024 -12.90000000 -4.18738976
v -72.05642350 -12.90000000 -4.23734919
v -72.09334091 -12.90000000 -4.29260000
v -72.12273080 -12.90000000 -4.35219682
v -72.14409032 -12.90000000 -4.41511993
v -72.15705399 -12.90000000 -4.48029269
v -59.46140000 -12.90000000 -8.15340000
v -59.46140000 -12.90000000 -4.54660000
v -59.45705399 -12.90000000 -8.21970731
v -59.44409032 -12.90000000 -8.28488007
v -59.42273080 -12.90000000 -8.34780318
v -59.39334091 -12.90000000 -8.40740000
v -59.35642350 -12.90000000 -8.46265081
v -59.31261024 -12.90000000 -8.51261024
v -59.26265081 -12.90000000 -8.55642350
v -59.20740000 -12.90000000 -8.59334091
v -59.14780318 -12.90000000 -8.62273080
v -59.08488007 -12.90000000 -8.64409032
v -59.01970731 -12.90000000 -8.65705399
v -58.95340000 -12.90000000 -8.66140000
v -55.34660000 -12.90000000 -8.66140000
v -55.28029269 -12.90000000 -8.65705399
v -55.21511993 -12.90000000 -8.64409032
v -55.15219682 -12.90000000 -8.62273080
v -55.09260000 -12.90000000 -8.59334091
v -55.03734919 -12.90000000 -8.55642350
v -54.98738976 -12.90000000 -8.51261024
v -54.94357650 -12.90000000 -8.46265081
v -54.90665909 -12.90000000 -8.40740000
v -54.87726920 -12.90000000 -8.34780318
v -54.85590968 -12.90000000 -8.28488007
v -54.84294601 -12.90000000 -8.21970731
v -54.83860000 -12.90000000 -8.15340000
v -54.83860000 -12.90000000 -4.54660000
v -54.84294601 -12.90000000 -4.48029269
v -54.85590968 -12.90000000 -4.41511993
v -54.87726920 -12.90000000 -4.35219682
v -54.90665909 -12.90000000 -4.29260000
v -54.94357650 -12.90000000 -4.23734919
v -54.98738976 -12.90000000 -4.18738976
v -55.03734919 -12.90000000 -4.14357650
v -55.09260000 -12.90000000 -4.10665909
v -55.15219682 -12.90000000 -4.07726920
v -55.21511993 -12.90000000 -4.05590968
v -55.28029269 -12.90000000 -4.04294601
v -55.34660000 -12.90000000 -4.03860000
v -58.95340000 -12.90000000 -4.03860000
v -59.01970731 -12.90000000 -4.04294601
v -59.08488007 -12.90000000 -4.05590968
v -59.14780318 -12.90000000 -4.07726920
v -59.20740000 -12.90000000 -4.10665909
v -59.26265081 -12.90000000 -4.14357650
v -59.31261024 -12.90000000 -4.18738976
v -59.35642350 -12.90000000 -4.23734919
v -59.39334091 -12.90000000 -4.29260000
v -59.42273080 -12.90000000 -4.35219682
v -59.44409032 -12.90000000 -4.41511993
v -59.45705399 -12.90000000 -4.48029269
v -46.76140000 -12.90000000 -8.15340000
v -46.76140000 -12.90000000 -4.54660000
v -46.75705399 -12.90000000 -8.21970731
v -46.74409032 -12.90000000 -8.28488007
v -46.72273080 -12.90000000 -8.34780318
v -46.69334091 -12.90000000 -8.40740000
v -46.65642350 -12.90000000 -8.46265081
v -46.61261024 -12.90000000 -8.51261024
v -46.56265081 -12.90000000 -8.55642350
v -46.50740000 -12.90000000 -8.59334091
v -46.44780318 -12.90000000 -8.62273080
v -46.38488007 -12.90000000 -8.64409032
v -46.31970731 -12.90000000 -8.65705399
v -46.25340000 -12.90000000 -8.66140000
v -42.64660000 -12.90000000 -8.66140000
v -42.58029269 -12.90000000 -8.65705399
v -42.51511993 -12.90000000 -8.64409032
v -42.45219682 -12.90000000 -8.62273080
v -42.39260000 -12.90000000 -8.59334091
v -42.33734919 -12.90000000 -8.55642350
v -42.28738976 -12.90000000 -8.51261024
v -42.24357650 -12.90000000 -8.46265081
v -42.20665909 -12.90000000 -8.40740000
v -42.17726920 -12.90000000 -8.34780318
v -42.15590968 -12.90000000 -8.28488007
v -42.14294601 -12.90000000 -8.21970731
v -42.13860000 -12.90000000 -8.15340000
v -42.13860000 -12.90000000 -4.54660000
v -42.14294601 -12.90000000 -4.48029269
v -42.15590968 -12.90000000 -4.41511993
v -42.17726920 -12.90000000 -4.35219682
v -42.20665909 -12.90000000 -4.29260000
v -42.24357650 -12.90000000 -4.23734919
v -42.28738976 -12.90000000 -4.18738976
v -42.33734919 -12.90000000 -4.14357650
v -42.39260000 -12.90000000 -4.10665909
v -42.45219682 -12.90000000 -4.07726920
v -42.51511993 -12.90000000 -4.05590968
v -42.58029269 -12.90000000 -4.04294601
v -42.64660000 -12.90000000 -4.03860000
v -46.25340000 -12.90000000 -4.03860000
v -46.31970731 -12.90000000 -4.04294601
v -46.38488007 -12.90000000 -4.05590968
v -46.44780318 -12.90000000 -4.07726920
v -46.50740000 -12.90000000 -4.10665909
v -46.56265081 -12.90000000 -4.14357650
v -46.61261024 -12.90000000 -4.18738976
v -46.65642350 -12.90000000 -4.23734919
v -46.69334091 -12.90000000 -4.29260000
v -46.72273080 -12.90000000 -4.35219682
v -46.74409032 -12.90000000 -4.41511993
v -46.75705399 -12.90000000 -4.48029269
v -34.06140000 -12.90000000 -8.15340000
v -34.06140000 -12.90000000 -4.54660000
v -34.05705399 -12.90000000 -8.21970731
v -34.04409032 -12.90000000 -8.28488007
v -34.02273080 -12.90000000 -8.34780318
v -33.99334091 -12.90000000 -8.40740000
v -33.95642350 -12.90000000 -8.46265081
v -33.91261024 -12.90000000 -8.51261024
v -33.86265081 -12.90000000 -8.55642350
v -33.80740000 -12.90000000 -8.59334091
v -33.74780318 -12.90000000 -8.62273080
v -33.68488007 -12.90000000 -8.64409032
v -33.61970731 -12.90000000 -8.65705399
v -33.55340000 -12.90000000 -8.66140000
v -29.94660000 -12.90000000 -8.66140000
v -29.88029269 -12.90000000 -8.65705399
v -29.81511993 -12.90000000 -8.64409032
v -29.75219682 -12.90000000 -8.62273080
v -29.69260000 -12.90000000 -8.59334091
v -29.63734919 -12.90000000 -8.55642350
v -29.58738976 -12.90000000 -8.51261024
v -29.54357650 -12.90000000 -8.46265081
v -29.50665909 -12.90000000 -8.40740000
v -29.47726920 -12.90000000 -8.34780318
v -29.45590968 -12.90000000 -8.28488007
v -29.44294601 -12.90000000 -8.21970731
v -29.43860000 -12.90000000 -8.15340000
v -29.43860000 -12.90000000 -4.54660000
v -29.44294601 -12.90000000 -4.48029269
v -29.45590968 -12.90000000 -4.41511993
v -29.47726920 -12.90000000 -4.35219682
v -29.50665909 -12.90000000 -4.29260000
v -29.54357650 -12.90000000 -4.23734919
v -29.58738976 -12.90000000 -4.18738976
v -29.63734919 -12.90000000 -4.14357650
v -29.69260000 -12.90000000 -4.10665909
v -29.75219682 -12.90000000 -4.07726920
v -29.81511993 -12.90000000 -4.05590968
v -29.88029269 -12.90000000 -4.04294601
v -29.94660000 -12.90000000 -4.03860000
v -33.55340000 -12.90000000 -4.03860000
v -33.61970731 -12.90000000 -4.04294601
v -33.68488007 -12.90000000 -4.05590968
v -33.74780318 -12.90000000 -4.07726920
v -33.80740000 -12.90000000 -4.10665909
v -33.86265081 -12.90000000 -4.14357650
v -33.91261024 -12.90000000 -4.18738976
v -33.95642350 -12.90000000 -4.23734919
v -33.99334091 -12.90000000 -4.29260000
v -34.02273080 -12.90000000 -4.35219682
v -34.04409032 -12.90000000 -4.41511993
v -34.05705399 -12.90000000 -4.48029269
v -21.36140000 -12.90000000 -8.15340000
v -21.36140000 -12.90000000 -4.54660000
v -21.35705399 -12.90000000 -8.21970731
v -21.34409032 -12.90000000 -8.28488007
v -21.32273080 -12.90000000 -8.34780318
v -21.29334091 -12.90000000 -8.40740000
v -21.25642350 -12.90000000 -8.46265081
v -21.21261024 -12.90000000 -8.51261024
v -21.16265081 -12.90000000 -8.55642350
v -21.10740000 -12.90000000 -8.59334091
v -21.04780318 -12.90000000 -8.62273080
v -20.98488007 -12.90000000 -8.64409032
v -20.91970731 -12.90000000 -8.65705399
v -20.85340000 -12.90000000 -8.66140000
v -17.24660000 -12.90000000 -8.66140000
v -17.18029269 -12.90000000 -8.65705399
v -17.11511993 -12.90000000 -8.64409032
v -17.05219682 -12.90000000 -8.62273080
v -16.99260000 -12.90000000 -8.59334091
v -16.93734919 -12.90000000 -8.55642350
v -16.88738976 -12.90000000 -8.51261024
v -16.84357650 -12.90000000 -8.46265081
v -16.80665909 -12.90000000 -8.40740000
v -16.77726920 -12.90000000 -8.34780318
v -16.75590968 -12.90000000 -8.28488007
v -16.74294601 -12.90000000 -8.21970731
v -16.73860000 -12.90000000 -8.15340000
v -16.73860000 -12.90000000 -4.54660000
v -16.74294601 -12.90000000 -4.48029269
v -16.75590968 -12.90000000 -4.41511993
v -16.77726920 -12.90000000 -4.35219682
v -16.80665909 -12.90000000 -4.29260000
v -16.84357650 -12.90000000 -4.23734919
v -16.88738976 -12.90000000 -4.18738976
v -16.93734919 -12.90000000 -4.14357650
v -16.99260000 -12.90000000 -4.10665909
v -17.05219682 -12.90000000 -4.07726920
v -17.11511993 -12.90000000 -4.05590968
v -17.18029269 -12.90000000 -4.04294601
v -17.24660000 -12.90000000 -4.03860000
v -20.85340000 -12.90000000 -4.03860000
v -20.91970731 -12.90000000 -4.04294601
v -20.98488007 -12.90000000 -4.05590968
v -21.04780318 -12.90000000 -4.07726920
v -21.10740000 -12.90000000 -4.10665909
v -21.16265081 -12.90000000 -4.14357650
v -21.21261024 -12.90000000 -4.18738976
v -21.25642350 -12.90000000 -4.23734919
v -21.29334091 -12.90000000 -4.29260000
v -21.32273080 -12.90000000 -4.35219682
v -21.34409032 -12.90000000 -4.41511993
v -21.35705399 -12.90000000 -4.48029269
v -8.66140000 -12.90000000 -8.15340000
v -8.66140000 -12.90000000 -4.54660000
v -8.65705399 -12.90000000 -8.21970731
v -8.64409032 -12.90000000 -8.28488007
v -8.62273080 -12.90000000 -8.34780318
v -8.59334091 -12.90000000 -8.40740000
v -8.55642350 -12.90000000 -8.46265081
v -8.51261024 -12.90000000 -8.51261024
v -8.46265081 -12.90000000 -8.55642350
v -8.40740000 -12.90000000 -8.59334091
v -8.34780318 -12.90000000 -8.62273080
v -8.28488007 -12.90000000 -8.64409032
v -8.21970731 -12.90000000 -8.65705399
v -8.15340000 -12.90000000 -8.66140000
v -4.54660000 -12.90000000 -8.66140000
v -4.48029269 -12.90000000 -8.65705399
v -4.41511993 -12.90000000 -8.64409032
v -4.35219682 -12.90000000 -8.62273080
v -4.29260000 -12.90000000 -8.59334091
v -4.23734919 -12.90000000 -8.55642350
v -4.18738976 -12.90000000 -8.51261024
v -4.14357650 -12.90000000 -8.46265081
v -4.10665909 -12.90000000 -8.40740000
v -4.07726920 -12.90000000 -8.34780318
v -4.05590968 -12.90000000 -8.28488007
v -4.04294601 -12.90000000 -8.21970731
v -4.03860000 -12.90000000 -8.15340000
v -4.03860000 -12.90000000 -4.54660000
v -4.04294601 -12.90000000 -4.48029269
v -4.05590968 -12.90000000 -4.41511993
v -4.07726920 -12.90000000 -4.35219682
v -4.10665909 -12.90000000 -4.29260000
v -4.14357650 -12.90000000 -4.23734919
v -4.18738976 -12.90000000 -4.18738976
v -4.23734919 -12.90000000 -4.14357650
v -4.29260000 -12.90000000 -4.10665909
v -4.35219682 -12.90000000 -4.07726920
v -4.41511993 -12.90000000 -4.05590968
v -4.48029269 -12.90000000 -4.04294601
v -4.54660000 -12.90000000 -4.03860000
v -8.15340000 -12.90000000 -4.03860000
v -8.21970731 -12.90000000 -4.04294601
v -8.28488007 -12.90000000 -4.05590968
v -8.34780318 -12.90000000 -4.07726920
v -8.40740000 -12.90000000 -4.10665909
v -8.46265081 -12.90000000 -4.14357650
v -8.51261024 -12.90000000 -4.18738976
v -8.55642350 -12.90000000 -4.23734919
v -8.59334091 -12.90000000 -4.29260000
v -8.62273080 -12.90000000 -4.35219682
v -8.64409032 -12.90000000 -4.41511993
v -8.65705399 -12.90000000 -4.48029269
v 4.03860000 -12.90000000 -8.15340000
v 4.03860000 -12.90000000 -4.54660000
v 4.04294601 -12.90000000 -8.21970731
v 4.05590968 -12.90000000 -8.28488007
v 4.07726920 -12.90000000 -8.34780318
v 4.10665909 -12.90000000 -8.40740000
v 4.14357650 -12.90000000 -8.46265081
v 4.18738976 -12.90000000 -8.51261024
v 4.23734919 -12.90000000 -8.55642350
v 4.29260000 -12.90000000 -8.59334091
v 4.35219682 -12.90000000 -8.62273080
v 4.41511993 -12.90000000 -8.64409032
v 4.48029269 -12.90000000 -8.65705399
v 4.54660000 -12.90000000 -8.66140000
v 8.15340000 -12.90000000 -8.66140000
v 8.21970731 -12.90000000 -8.65705399
v 8.28488007 -12.90000000 -8.64409032
v 8.34780318 -12.90000000 -8.62273080
v 8.40740000 -12.90000000 -8.59334091
v 8.46265081 -12.90000000 -8.55642350
v 8.51261024 -12.90000000 -8.51261024
v 8.55642350 -12.90000000 -8.46265081
v 8.59334091 -12.90000000 -8.40740000
v 8.62273080 -12.90000000 -8.34780318
v 8.64409032 -12.90000000 -8.28488007
v 8.65705399 -12.90000000 -8.21970731
v 8.66140000 -12.90000000 -8.15340000
v 8.66140000 -12.90000000 -4.54660000
v 8.65705399 -12.90000000 -4.48029269
v 8.64409032 -12.90000000 -4.41511993
v 8.62273080 -12.90000000 -4.35219682
v 8.59334091 -12.90000000 -4.29260000
v 8.55642350 -12.90000000 -4.23734919
v 8.51261024 -12.90000000 -4.18738976
v 8.46265081 -12.90000000 -4.14357650
v 8.40740000 -12.90000000 -4.10665909
v 8.34780318 -12.90000000 -4.07726920
v 8.28488007 -12.90000000 -4.05590968
v 8.21970731 -12.90000000 -4.04294601
v 8.15340000 -12.90000000 -4.03860000
v 4.54660000 -12.90000000 -4.03860000
v 4.48029269 -12.90000000 -4.04294601
v 4.41511993 -12.90000000 -4.05590968
v 4.35219682 -12.90000000 -4.07726920
v 4.29260000 -12.90000000 -4.10665909
v 4.23734919 -12.90000000 -4.14357650
v 4.18738976 -12.90000000 -4.18738976
v 4.14357650 -12.90000000 -4.23734919
v 4.10665909 -12.90000000 -4.29260000
v 4.07726920 -12.90000000 -4.35219682
v 4.05590968 -12.90000000 -4.41511993
v 4.04294601 -12.90000000 -4.48029269
v 16.73860000 -12.90000000 -8.15340000
v 16.73860000 -12.90000000 -4.54660000
v 16.74294601 -12.90000000 -8.21970731
v 16.75590968 -12.90000000 -8.28488007
v 16.77726920 -12.90000000 -8.34780318
v 16.80665909 -12.90000000 -8.40740000
v 16.84357650 -12.90000000 -8.46265081
v 16.88738976 -12.90000000 -8.51261024
v 16.93734919 -12.90000000 -8.55642350
v 16.99260000 -12.90000000 -8.59334091
v 17.05219682 -12.90000000 -8.62273080
v 17.11511993 -12.90000000 -8.64409032
v 17.18029269 -12.90000000 -8.65705399
v 17.24660000 -12.90000000 -8.66140000
v 20.85340000 -12.90000000 -8.66140000
v 20.91970731 -12.90000000 -8.65705399
v 20.98488007 -12.90000000 -8.64409032
v 21.04780318 -12.90000000 -8.62273080
v 21.10740000 -12.90000000 -8.59334091
v 21.16265081 -12.90000000 -8.55642350
v 21.21261024 -12.90000000 -8.51261024
v 21.25642350 -12.90000000 -8.46265081
v 21.29334091 -12.90000000 -8.40740000
v 21.32273080 -12.90000000 -8.34780318
v 21.34409032 -12.90000000 -8.28488007
v 21.35705399 -12.90000000 -8.21970731
v 21.36140000 -12.90000000 -8.15340000
v 21.36140000 -12.90000000 -4.54660000
v 21.35705399 -12.90000000 -4.48029269
v 21.34409032 -12.90000000 -4.41511993
v 21.32273080 -12.90000000 -4.35219682
v 21.29334091 -12.90000000 -4.29260000
v 21.25642350 -12.90000000 -4.23734919
v 21.21261024 -12.90000000 -4.18738976
v 21.16265081 -12.90000000 -4.14357650
v 21.10740000 -12.90000000 -4.10665909
v 21.04780318 -12.90000000 -4.07726920
v 20.98488007 -12.90000000 -4.05590968
v 20.91970731 -12.90000000 -4.04294601
v 20.85340000 -12.90000000 -4.03860000
v 17.24660000 -12.90000000 -4.03860000
v 17.18029269 -12.90000000 -4.04294601
v 17.11511993 -12.90000000 -4.05590968
v 17.05219682 -12.90000000 -4.07726920
v 16.99260000 -12.90000000 -4.10665909
v 16.93734919 -12.90000000 -4.14357650
v 16.88738976 -12.90000000 -4.18738976
v 16.84357650 -12.90000000 -4.23734919
v 16.80665909 -12.90000000 -4.29260000
v 16.77726920 -12.90000000 -4.35219682
v 16.75590968 -12.90000000 -4.41511993
v 16.74294601 -12.90000000 -4.48029269
v 29.43860000 -12.90000000 -8.15340000
v 29.43860000 -12.90000000 -4.54660000
v 29.44294601 -12.90000000 -8.21970731
v 29.45590968 -12.90000000 -8.28488007
v 29.47726920 -12.90000000 -8.34780318
v 29.50665909 -12.90000000 -8.40740000
v 29.54357650 -12.90000000 -8.46265081
v 29.58738976 -12.90000000 -8.51261024
v 29.63734919 -12.90000000 -8.55642350
v 29.69260000 -12.90000000 -8.59334091
v 29.75219682 -12.90000000 -8.62273080
v 29.81511993 -12.90000000 -8.64409032
v 29.88029269 -12.90000000 -8.65705399
v 29.94660000 -12.90000000 -8.66140000
v 33.55340000 -12.90000000 -8.66140000
v 33.61970731 -12.90000000 -8.65705399
v 33.68488007 -12.90000000 -8.64409032
v 33.74780318 -12.90000000 -8.62273080
v 33.80740000 -12.90000000 -8.59334091
v 33.86265081 -12.90000000 -8.55642350
v 33.91261024 -12.90000000 -8.51261024
v 33.95642350 -12.90000000 -8.46265081
v 33.99334091 -12.90000000 -8.40740000
v 34.02273080 -12.90000000 -8.34780318
v 34.04409032 -12.90000000 -8.28488007
v 34.05705399 -12.90000000 -8.21970731
v 34.06140000 -12.90000000 -8.15340000
v 34.06140000 -12.90000000 -4.54660000
v 34.05705399 -12.90000000 -4.48029269
v 34.04409032 -12.90000000 -4.41511993
v 34.02273080 -12.90000000 -4.35219682
v 33.99334091 -12.90000000 -4.29260000
v 33.95642350 -12.90000000 -4.23734919
v 33.91261024 -12.90000000 -4.18738976
v 33.86265081 -12.90000000 -4.14357650
v 33.80740000 -12.90000000 -4.10665909
v 33.74780318 -12.90000000 -4.07726920
v 33.68488007 -12.90000000 -4.05590968
v 33.61970731 -12.90000000 -4.04294601
v 33.55340000 -12.90000000 -4.03860000
v 29.94660000 -12.90000000 -4.03860000
v 29.88029269 -12.90000000 -4.04294601
v 29.81511993 -12.90000000 -4.05590968
v 29.75219682 -12.90000000 -4.07726920
v 29.69260000 -12.90000000 -4.10665909
v 29.63734919 -12.90000000 -4.14357650
v 29.58738976 -12.90000000 -4.18738976
v 29.54357650 -12.90000000 -4.23734919
v 29.50665909 -12.90000000 -4.29260000
v 29.47726920 -12.90000000 -4.35219682
v 29.45590968 -12.90000000 -4.41511993
v 29.44294601 -12.90000000 -4.48029269
v 42.13860000 -12.90000000 -8.15340000
v 42.13860000 -12.90000000 -4.54660000
v 42.14294601 -12.90000000 -8.21970731
v 42.15590968 -12.90000000 -8.28488007
v 42.17726920 -12.90000000 -8.34780318
v 42.20665909 -12.90000000 -8.40740000
v 42.24357650 -12.90000000 -8.46265081
v 42.28738976 -12.90000000 -8.51261024
v 42.33734919 -12.90000000 -8.55642350
v 42.39260000 -12.90000000 -8.59334091
v 42.45219682 -12.90000000 -8.62273080
v 42.51511993 -12.90000000 -8.64409032
v 42.58029269 -12.90000000 -8.65705399
v 42.64660000 -12.90000000 -8.66140000
v 46.25340000 -12.90000000 -8.66140000
v 46.31970731 -12.90000000 -8.65705399
v 46.38488007 -12.90000000 -8.64409032
v 46.44780318 -12.90000000 -8.62273080
v 46.50740000 -12.90000000 -8.59334091
v 46.56265081 -12.90000000 -8.55642350
v 46.61261024 -12.90000000 -8.51261024
v 46.65642350 -12.90000000 -8.46265081
v 46.69334091 -12.90000000 -8.40740000
v 46.72273080 -12.90000000 -8.34780318
v 46.74409032 -12.90000000 -8.28488007
v 46.75705399 -12.90000000 -8.21970731
v 46.76140000 -12.90000000 -8.15340000
v 46.76140000 -12.90000000 -4.54660000
v 46.75705399 -12.90000000 -4.48029269
v 46.74409032 -12.90000000 -4.41511993
v 46.72273080 -12.90000000 -4.35219682
v 46.69334091 -12.90000000 -4.29260000
v 46.65642350 -12.90000000 -4.23734919
v 46.61261024 -12.90000000 -4.18738976
v 46.56265081 -12.90000000 -4.14357650
v 46.50740000 -12.90000000 -4.10665909
v 46.44780318 -12.90000000 -4.07726920
v 46.38488007 -12.90000000 -4.05590968
v 46.31970731 -12.90000000 -4.04294601
v 46.25340000 -12.90000000 -4.03860000
v 42.64660000 -12.90000000 -4.03860000
v 42.58029269 -12.90000000 -4.04294601
v 42.51511993 -12.90000000 -4.05590968
v 42.45219682 -12.90000000 -4.07726920
v 42.39260000 -12.90000000 -4.10665909
v 42.33734919 -12.90000000 -4.14357650
v 42.28738976 -12.90000000 -4.18738976
v 42.24357650 -12.90000000 -4.23734919
v 42.20665909 -12.90000000 -4.29260000
v 42.17726920 -12.90000000 -4.35219682
v 42.15590968 -12.90000000 -4.41511993
v 42.14294601 -12.90000000 -4.48029269
v 54.83860000 -12.90000000 -8.15340000
v 54.83860000 -12.90000000 -4.54660000
v 54.84294601 -12.90000000 -8.21970731
v 54.85590968 -12.90000000 -8.28488007
v 54.87726920 -12.90000000 -8.34780318
v 54.90665909 -12.90000000 -8.40740000
v 54.94357650 -12.90000000 -8.46265081
v 54.98738976 -12.90000000 -8.51261024
v 55.03734919 -12.90000000 -8.55642350
v 55.09260000 -12.90000000 -8.59334091
v 55.15219682 -12.90000000 -8.62273080
v 55.21511993 -12.90000000 -8.64409032
v 55.28029269 -12.90000000 -8.65705399
v 55.34660000 -12.90000000 -8.66140000
v 58.95340000 -12.90000000 -8.66140000
v 59.01970731 -12.90000000 -8.65705399
v 59.08488007 -12.90000000 -8.64409032
v 59.14780318 -12.90000000 -8.62273080
v 59.20740000 -12.90000000 -8.59334091
v 59.26265081 -12.90000000 -8.55642350
v 59.31261024 -12.90000000 -8.51261024
v 59.35642350 -12.90000000 -8.46265081
v 59.39334091 -12.90000000 -8.40740000
v 59.42273080 -12.90000000 -8.34780318
v 59.44409032 -12.90000000 -8.28488007
v 59.45705399 -12.90000000 -8.21970731
v 59.46140000 -12.90000000 -8.15340000
v 59.46140000 -12.90000000 -4.54660000
v 59.45705399 -12.90000000 -4.48029269
v 59.44409032 -12.90000000 -4.41511993
v 59.42273080 -12.90000000 -4.35219682
v 59.39334091 -12.90000000 -4.29260000
v 59.35642350 -12.90000000 -4.23734919
v 59.31261024 -12.90000000 -4.18738976
v 59.26265081 -12.90000000 -4.14357650
v 59.20740000 -12.90000000 -4.10665909
v 59.14780318 -12.90000000 -4.07726920
v 59.08488007 -12.90000000 -4.05590968
v 59.01970731 -12.90000000 -4.04294601
v 58.95340000 -12.90000000 -4.03860000
v 55.34660000 -12.90000000 -4.03860000
v 55.28029269 -12.90000000 -4.04294601
v 55.21511993 -12.90000000 -4.05590968
v 55.15219682 -12.90000000 -4.07726920
v 55.09260000 -12.90000000 -4.10665909
v 55.03734919 -12.90000000 -4.14357650
v 54.98738976 -12.90000000 -4.18738976
v 54.94357650 -12.90000000 -4.23734919
v 54.90665909 -12.90000000 -4.29260000
v 54.87726920 -12.90000000 -4.35219682
v 54.85590968 -12.90000000 -4.41511993
v 54.84294601 -12.90000000 -4.48029269
v 67.53860000 -12.90000000 -8.15340000
v 67.53860000 -12.90000000 -4.54660000
v 67.54294601 -12.90000000 -8.21970731
v 67.55590968 -12.90000000 -8.28488007
v 67.57726920 -12.90000000 -8.34780318
v 67.60665909 -12.90000000 -8.40740000
v 67.64357650 -12.90000000 -8.46265081
v 67.68738976 -12.90000000 -8.51261024
v 67.73734919 -12.90000000 -8.55642350
v 67.79260000 -12.90000000 -8.59334091
v 67.85219682 -12.90000000 -8.62273080
v 67.91511993 -12.90000000 -8.64409032
v 67.98029269 -12.90000000 -8.65705399
v 68.04660000 -12.90000000 -8.66140000
v 71.65340000 -12.90000000 -8.66140000
v 71.71970731 -12.90000000 -8.65705399
v 71.78488007 -12.90000000 -8.64409032
v 71.84780318 -12.90000000 -8.62273080
v 71.90740000 -12.90000000 -8.59334091
v 71.96265081 -12.90000000 -8.55642350
v 72.01261024 -12.90000000 -8.51261024
v 72.05642350 -12.90000000 -8.46265081
v 72.09334091 -12.90000000 -8.40740000
v 72.12273080 -12.90000000 -8.34780318
v 72.14409032 -12.90000000 -8.28488007
v 72.15705399 -12.90000000 -8.21970731
v 72.16140000 -12.90000000 -8.15340000
v 72.16140000 -12.90000000 -4.54660000
v 72.15705399 -12.90000000 -4.48029269
v 72.14409032 -12.90000000 -4.41511993
v 72.12273080 -12.90000000 -4.35219682
v 72.09334091 -12.90000000 -4.29260000
v 72.05642350 -12.90000000 -4.23734919
v 72.01261024 -12.90000000 -4.18738976
v 71.96265081 -12.90000000 -4.14357650
v 71.90740000 -12.90000000 -4.10665909
v 71.84780318 -12.90000000 -4.07726920
v 71.78488007 -12.90000000 -4.05590968
v 71.71970731 -12.90000000 -4.04294601
v 71.65340000 -12.90000000 -4.03860000
v 68.04660000 -12.90000000 -4.03860000
v 67.98029269 -12.90000000 -4.04294601
v 67.91511993 -12.90000000 -4.05590968
v 67.85219682 -12.90000000 -4.07726920
v 67.79260000 -12.90000000 -4.10665909
v 67.73734919 -12.90000000 -4.14357650
v 67.68738976 -12.90000000 -4.18738976
v 67.64357650 -12.90000000 -4.23734919
v 67.60665909 -12.90000000 -4.29260000
v 67.57726920 -12.90000000 -4.35219682
v 67.55590968 -12.90000000 -4.41511993
v 67.54294601 -12.90000000 -4.48029269
v 80.23860000 -12.90000000 -8.15340000
v 80.23860000 -12.90000000 -4.54660000
v 80.24294601 -12.90000000 -8.21970731
v 80.25590968 -12.90000000 -8.28488007
v 80.27726920 -12.90000000 -8.34780318
v 80.30665909 -12.90000000 -8.40740000
v 80.34357650 -12.90000000 -8.46265081
v 80.38738976 -12.90000000 -8.51261024
v 80.43734919 -12.90000000 -8.55642350
v 80.49260000 -12.90000000 -8.59334091
v 80.55219682 -12.90000000 -8.62273080
v 80.61511993 -12.90000000 -8.64409032
v 80.68029269 -12.90000000 -8.65705399
v 80.74660000 -12.90000000 -8.66140000
v 84.35340000 -12.90000000 -8.66140000
v 84.41970731 -12.90000000 -8.65705399
v 84.48488007 -12.90000000 -8.64409032
v 84.54780318 -12.90000000 -8.62273080
v 84.60740000 -12.90000000 -8.59334091
v 84.66265081 -12.90000000 -8.55642350
v 84.71261024 -12.90000000 -8.51261024
v 84.75642350 -12.90000000 -8.46265081
v 84.79334091 -12.90000000 -8.40740000
v 84.82273080 -12.90000000 -8.34780318
v 84.84409032 -12.90000000 -8.28488007
v 84.85705399 -12.90000000 -8.21970731
v 84.86140000 -12.90000000 -8.15340000
v 84.86140000 -12.90000000 -4.54660000
v 84.85705399 -12.90000000 -4.48029269
v 84.84409032 -12.90000000 -4.41511993
v 84.82273080 -12.90000000 -4.35219682
v 84.79334091 -12.90000000 -4.29260000
v 84.75642350 -12.90000000 -4.23734919
v 84.71261024 -12.90000000 -4.18738976
v 84.66265081 -12.90000000 -4.14357650
v 84.60740000 -12.90000000 -4.10665909
v 84.54780318 -12.90000000 -4.07726920
v 84.48488007 -12.90000000 -4.05590968
v 84.41970731 -12.90000000 -4.04294601
v 84.35340000 -12.90000000 -4.03860000
v 80.74660000 -12.90000000 -4.03860000
v 80.68029269 -12.90000000 -4.04294601
v 80.61511993 -12.90000000 -4.05590968
v 80.55219682 -12.90000000 -4.07726920
v 80.49260000 -12.90000000 -4.10665909
v 80.43734919 -12.90000000 -4.14357650
v 80.38738976 -12.90000000 -4.18738976
v 80.34357650 -12.90000000 -4.23734919
v 80.30665909 -12.90000000 -4.29260000
v 80.27726920 -12.90000000 -4.35219682
v 80.25590968 -12.90000000 -4.41511993
v 80.24294601 -12.90000000 -4.48029269
v 92.93860000 -12.90000000 -8.15340000
v 92.93860000 -12.90000000 -4.54660000
v 92.94294601 -12.90000000 -8.21970731
v 92.95590968 -12.90000000 -8.28488007
v 92.97726920 -12.90000000 -8.34780318
v 93.00665909 -12.90000000 -8.40740000
v 93.04357650 -12.90000000 -8.46265081
v 93.08738976 -12.90000000 -8.51261024
v 93.13734919 -12.90000000 -8.55642350
v 93.19260000 -12.90000000 -8.59334091
v 93.25219682 -12.90000000 -8.62273080
v 93.31511993 -12.90000000 -8.64409032
v 93.38029269 -12.90000000 -8.65705399
v 93.44660000 -12.90000000 -8.66140000
v 97.05340000 -12.90000000 -8.66140000
v 97.11970731 -12.90000000 -8.65705399
v 97.18488007 -12.90000000 -8.64409032
v 97.24780318 -12.90000000 -8.62273080
v 97.30740000 -12.90000000 -8.59334091
v 97.36265081 -12.90000000 -8.55642350
v 97.41261024 -12.90000000 -8.51261024
v 97.45642350 -12.90000000 -8.46265081
v 97.49334091 -12.90000000 -8.40740000
v 97.52273080 -12.90000000 -8.34780318
v 97.54409032 -12.90000000 -8.28488007
v 97.55705399 -12.90000000 -8.21970731
v 97.56140000 -12.90000000 -8.15340000
v 97.56140000 -12.90000000 -4.54660000
v 97.55705399 -12.90000000 -4.48029269
v 97.54409032 -12.90000000 -4.41511993
v 97.52273080 -12.90000000 -4.35219682
v 97.49334091 -12.90000000 -4.29260000
v 97.45642350 -12.90000000 -4.23734919
v 97.41261024 -12.90000000 -4.18738976
v 97.36265081 -12.90000000 -4.14357650
v 97.30740000 -12.90000000 -4.10665909
v 97.24780318 -12.90000000 -4.07726920
v 97.18488007 -12.90000000 -4.05590968
v 97.11970731 -12.90000000 -4.04294601
v 97.05340000 -12.90000000 -4.03860000
v 93.44660000 -12.90000000 -4.03860000
v 93.38029269 -12.90000000 -4.04294601
v 93.31511993 -12.90000000 -4.05590968
v 93.25219682 -12.90000000 -4.07726920
v 93.19260000 -12.90000000 -4.10665909
v 93.13734919 -12.90000000 -4.14357650
v 93.08738976 -12.90000000 -4.18738976
v 93.04357650 -12.90000000 -4.23734919
v 93.00665909 -12.90000000 -4.29260000
v 92.97726920 -12.90000000 -4.35219682
v 92.95590968 -12.90000000 -4.41511993
v 92.94294601 -12.90000000 -4.48029269
v 105.63860000 -12.90000000 -8.15340000
v 105.63860000 -12.90000000 -4.54660000
v 105.64294601 -12.90000000 -8.21970731
v 105.65590968 -12.90000000 -8.28488007
v 105.67726920 -12.90000000 -8.34780318
v 105.70665909 -12.90000000 -8.40740000
v 105.74357650 -12.90000000 -8.46265081
v 105.78738976 -12.90000000 -8.51261024
v 105.83734919 -12.90000000 -8.55642350
v 105.89260000 -12.90000000 -8.59334091
v 105.95219682 -12.90000000 -8.62273080
v 106.01511993 -12.90000000 -8.64409032
v 106.08029269 -12.90000000 -8.65705399
v 106.14660000 -12.90000000 -8.66140000
v 109.75340000 -12.90000000 -8.66140000
v 109.81970731 -12.90000000 -8.65705399
v 109.88488007 -12.90000000 -8.64409032
v 109.94780318 -12.90000000 -8.62273080
v 110.00740000 -12.90000000 -8.59334091
v 110.06265081 -12.90000000 -8.55642350
v 110.11261024 -12.90000000 -8.51261024
v 110.15642350 -12.90000000 -8.46265081
v 110.19334091 -12.90000000 -8.40740000
v 110.22273080 -12.90000000 -8.34780318
v 110.24409032 -12.90000000 -8.28488007
v 110.25705399 -12.90000000 -8.21970731
v 110.26140000 -12.90000000 -8.15340000
v 110.26140000 -12.90000000 -4.54660000
v 110.25705399 -12.90000000 -4.48029269
v 110.24409032 -12.90000000 -4.41511993
v 110.22273080 -12.90000000 -4.35219682
v 110.19334091 -12.90000000 -4.29260000
v 110.15642350 -12.90000000 -4.23734919
v 110.11261024 -12.90000000 -4.18738976
v 110.06265081 -12.90000000 -4.14357650
v 110.00740000 -12.90000000 -4.10665909
v 109.94780318 -12.90000000 -4.07726920
v 109.88488007 -12.90000000 -4.05590968
v 109.81970731 -12.90000000 -4.04294601
v 109.75340000 -12.90000000 -4.03860000
v 106.14660000 -12.90000000 -4.03860000
v 106.08029269 -12.90000000 -4.04294601
v 106.01511993 -12.90000000 -4.05590968
v 105.95219682 -12.90000000 -4.07726920
v 105.89260000 -12.90000000 -4.10665909
v 105.83734919 -12.90000000 -4.14357650
v 105.78738976 -12.90000000 -4.18738976
v 105.74357650 -12.90000000 -4.23734919
v 105.70665909 -12.90000000 -4.29260000
v 105.67726920 -12.90000000 -4.35219682
v 105.65590968 -12.90000000 -4.41511993
v 105.64294601 -12.90000000 -4.48029269
v 118.33860000 -12.90000000 -8.15340000
v 118.33860000 -12.90000000 -4.54660000
v 118.34294601 -12.90000000 -8.21970731
v 118.35590968 -12.90000000 -8.28488007
v 118.37726920 -12.90000000 -8.34780318
v 118.40665909 -12.90000000 -8.40740000
v 118.44357650 -12.90000000 -8.46265081
v 118.48738976 -12.90000000 -8.51261024
v 118.53734919 -12.90000000 -8.55642350
v 118.59260000 -12.90000000 -8.59334091
v 118.65219682 -12.90000000 -8.62273080
v 118.71511993 -12.90000000 -8.64409032
v 118.78029269 -12.90000000 -8.65705399
v 118.84660000 -12.90000000 -8.66140000
v 122.45340000 -12.90000000 -8.66140000
v 122.51970731 -12.90000000 -8.65705399
v 122.58488007 -12.90000000 -8.64409032
v 122.64780318 -12.90000000 -8.62273080
v 122.70740000 -12.90000000 -8.59334091
v 122.76265081 -12.90000000 -8.55642350
v 122.81261024 -12.90000000 -8.51261024
v 122.85642350 -12.90000000 -8.46265081
v 122.89334091 -12.90000000 -8.40740000
v 122.92273080 -12.90000000 -8.34780318
v 122.94409032 -12.90000000 -8.28488007
v 122.95705399 -12.90000000 -8.21970731
v 122.96140000 -12.90000000 -8.15340000
v 122.96140000 -12.90000000 -4.54660000
v 122.95705399 -12.90000000 -4.48029269
v 122.94409032 -12.90000000 -4.41511993
v 122.92273080 -12.90000000 -4.35219682
v 122.89334091 -12.90000000 -4.29260000
v 122.85642350 -12.90000000 -4.23734919
v 122.81261024 -12.90000000 -4.18738976
v 122.76265081 -12.90000000 -4.14357650
v 122.70740000 -12.90000000 -4.10665909
v 122.64780318 -12.90000000 -4.07726920
v 122.58488007 -12.90000000 -4.05590968
v 122.51970731 -12.90000000 -4.04294601
v 122.45340000 -12.90000000 -4.03860000
v 118.84660000 -12.90000000 -4.03860000
v 118.78029269 -12.90000000 -4.04294601
v 118.71511993 -12.90000000 -4.05590968
v 118.65219682 -12.90000000 -4.07726920
v 118.59260000 -12.90000000 -4.10665909
v 118.53734919 -12.90000000 -4.14357650
v 118.48738976 -12.90000000 -4.18738976
v 118.44357650 -12.90000000 -4.23734919
v 118.40665909 -12.90000000 -4.29260000
v 118.37726920 -12.90000000 -4.35219682
v 118.35590968 -12.90000000 -4.41511993
v 118.34294601 -12.90000000 -4.48029269
v 127.00000000 -14.50000000 -0.81280000
v 127.00000000 -14.50000000 -12.70000000
v 116.61140000 -14.50000000 -12.70000000
v 116.61140000 -14.50000000 -10.89660000
v 116.10340000 -14.50000000 -10.38860000
v 116.16970731 -14.50000000 -10.39294601
v 116.23488007 -14.50000000 -10.40590968
v 116.29780318 -14.50000000 -10.42726920
v 116.35740000 -14.50000000 -10.45665909
v 116.41265081 -14.50000000 -10.49357650
v 116.46261024 -14.50000000 -10.53738976
v 116.50642350 -14.50000000 -10.58734919
v 116.54334091 -14.50000000 -10.64260000
v 116.57273080 -14.50000000 -10.70219682
v 116.59409032 -14.50000000 -10.76511993
v 116.60705399 -14.50000000 -10.83029269
v 112.49660000 -14.50000000 -10.38860000
v 111.98860000 -14.50000000 -10.89660000
v 111.99294601 -14.50000000 -10.83029269
v 112.00590968 -14.50000000 -10.76511993
v 112.02726920 -14.50000000 -10.70219682
v 112.05665909 -14.50000000 -10.64260000
v 112.09357650 -14.50000000 -10.58734919
v 112.13738976 -14.50000000 -10.53738976
v 112.18734919 -14.50000000 -10.49357650
v 112.24260000 -14.50000000 -10.45665909
v 112.30219682 -14.50000000 -10.42726920
v 112.36511993 -14.50000000 -10.40590968
v 112.43029269 -14.50000000 -10.39294601
v 111.98860000 -14.50000000 -12.70000000
v 103.91140000 -14.50000000 -12.70000000
v 103.91140000 -14.50000000 -10.89660000
v 103.40340000 -14.50000000 -10.38860000
v 103.46970731 -14.50000000 -10.39294601
v 103.53488007 -14.50000000 -10.40590968
v 103.59780318 -14.50000000 -10.42726920
v 103.65740000 -14.50000000 -10.45665909
v 103.71265081 -14.50000000 -10.49357650
v 103.76261024 -14.50000000 -10.53738976
v 103.80642350 -14.50000000 -10.58734919
v 103.84334091 -14.50000000 -10.64260000
v 103.87273080 -14.50000000 -10.70219682
v 103.89409032 -14.50000000 -10.76511993
v 103.90705399 -14.50000000 -10.83029269
v 99.79660000 -14.50000000 -10.38860000
v 99.28860000 -14.50000000 -10.89660000
v 99.29294601 -14.50000000 -10.83029269
v 99.30590968 -14.50000000 -10.76511993
v 99.32726920 -14.50000000 -10.70219682
v 99.35665909 -14.50000000 -10.64260000
v 99.39357650 -14.50000000 -10.58734919
v 99.43738976 -14.50000000 -10.53738976
v 99.48734919 -14.50000000 -10.49357650
v 99.54260000 -14.50000000 -10.45665909
v 99.60219682 -14.50000000 -10.42726920
v 99.66511993 -14.50000000 -10.40590968
v 99.73029269 -14.50000000 -10.39294601
v 99.28860000 -14.50000000 -12.70000000
v 91.21140000 -14.50000000 -12.70000000
v 91.21140000 -14.50000000 -10.89660000
v 90.70340000 -14.50000000 -10.38860000
v 90.76970731 -14.50000000 -10.39294601
v 90.83488007 -14.50000000 -10.40590968
v 90.89780318 -14.50000000 -10.42726920
v 90.95740000 -14.50000000 -10.45665909
v 91.01265081 -14.50000000 -10.49357650
v 91.06261024 -14.50000000 -10.53738976
v 91.10642350 -14.50000000 -10.58734919
v 91.14334091 -14.50000000 -10.64260000
v 91.17273080 -14.50000000 -10.70219682
v 91.19409032 -14.50000000 -10.76511993
v 91.20705399 -14.50000000 -10.83029269
v 87.09660000 -14.50000000 -10.38860000
v 86.58860000 -14.50000000 -10.89660000
v 86.59294601 -14.50000000 -10.83029269
v 86.60590968 -14.50000000 -10.76511993
v 86.62726920 -14.50000000 -10.70219682
v 86.65665909 -14.50000000 -10.64260000
v 86.69357650 -14.50000000 -10.58734919
v 86.73738976 -14.50000000 -10.53738976
v 86.78734919 -14.50000000 -10.49357650
v 86.84260000 -14.50000000 -10.45665909
v 86.90219682 -14.50000000 -10.42726920
v 86.96511993 -14.50000000 -10.40590968
v 87.03029269 -14.50000000 -10.39294601
v 86.58860000 -14.50000000 -12.70000000
v 78.51140000 -14.50000000 -12.70000000
v 78.51140000 -14.50000000 -10.89660000
v 78.00340000 -14.50000000 -10.38860000
v 78.06970731 -14.50000000 -10.39294601
v 78.13488007 -14.50000000 -10.40590968
v 78.19780318 -14.50000000 -10.42726920
v 78.25740000 -14.50000000 -10.45665909
v 78.31265081 -14.50000000 -10.49357650
v 78.36261024 -14.50000000 -10.53738976
v 78.40642350 -14.50000000 -10.58734919
v 78.44334091 -14.50000000 -10.64260000
v 78.47273080 -14.50000000 -10.70219682
v 78.49409032 -14.50000000 -10.76511993
v 78.50705399 -14.50000000 -10.83029269
v 74.39660000 -14.50000000 -10.38860000
v 73.88860000 -14.50000000 -10.89660000
v 73.89294601 -14.50000000 -10.83029269
v 73.90590968 -14.50000000 -10.76511993
v 73.92726920 -14.50000000 -10.70219682
v 73.95665909 -14.50000000 -10.64260000
v 73.99357650 -14.50000000 -10.58734919
v 74.03738976 -14.50000000 -10.53738976
v 74.08734919 -14.50000000 -10.49357650
v 74.14260000 -14.50000000 -10.45665909
v 74.20219682 -14.50000000 -10.42726920
v 74.26511993 -14.50000000 -10.40590968
v 74.33029269 -14.50000000 -10.39294601
v 73.88860000 -14.50000000 -12.70000000
v 65.81140000 -14.50000000 -12.70000000
v 65.81140000 -14.50000000 -10.89660000
v 65.30340000 -14.50000000 -10.38860000
v 65.36970731 -14.50000000 -10.39294601
v 65.43488007 -14.50000000 -10.40590968
v 65.49780318 -14.50000000 -10.42726920
v 65.55740000 -14.50000000 -10.45665909
v 65.61265081 -14.50000000 -10.49357650
v 65.66261024 -14.50000000 -10.53738976
v 65.70642350 -14.50000000 -10.58734919
v 65.74334091 -14.50000000 -10.64260000
v 65.77273080 -14.50000000 -10.70219682
v 65.79409032 -14.50000000 -10.76511993
v 65.80705399 -14.50000000 -10.83029269
v 61.69660000 -14.50000000 -10.38860000
v 61.18860000 -14.50000000 -10.89660000
v 61.19294601 -14.50000000 -10.83029269
v 61.20590968 -14.50000000 -10.76511993
v 61.22726920 -14.50000000 -10.70219682
v 61.25665909 -14.50000000 -10.64260000
v 61.29357650 -14.50000000 -10.58734919
v 61.33738976 -14.50000000 -10.53738976
v 61.38734919 -14.50000000 -10.49357650
v 61.44260000 -14.50000000 -10.45665909
v 61.50219682 -14.50000000 -10.42726920
v 61.56511993 -14.50000000 -10.40590968
v 61.63029269 -14.50000000 -10.39294601
v 61.18860000 -14.50000000 -12.70000000
v 53.11140000 -14.50000000 -12.70000000
v 53.11140000 -14.50000000 -10.89660000
v 52.60340000 -14.50000000 -10.38860000
v 52.66970731 -14.50000000 -10.39294601
v 52.73488007 -14.50000000 -10.40590968
v 52.79780318 -14.50000000 -10.42726920
v 52.85740000 -14.50000000 -10.45665909
v 52.91265081 -14.50000000 -10.49357650
v 52.96261024 -14.50000000 -10.53738976
v 53.00642350 -14.50000000 -10.58734919
v 53.04334091 -14.50000000 -10.64260000
v 53.07273080 -14.50000000 -10.70219682
v 53.09409032 -14.50000000 -10.76511993
v 53.10705399 -14.50000000 -10.83029269
v 48.99660000 -14.50000000 -10.38860000
v 48.48860000 -14.50000000 -10.89660000
v 48.49294601 -14.50000000 -10.83029269
v 48.50590968 -14.50000000 -10.76511993
v 48.52726920 -14.50000000 -10.70219682
v 48.55665909 -14.50000000 -10.64260000
v 48.59357650 -14.50000000 -10.58734919
v 48.63738976 -14.50000000 -10.53738976
v 48.68734919 -14.50000000 -10.49357650
v 48.74260000 -14.50000000 -10.45665909
v 48.80219682 -14.50000000 -10.42726920
v 48.86511993 -14.50000000 -10.40590968
v 48.93029269 -14.50000000 -10.39294601
v 48.48860000 -14.50000000 -12.70000000
v 40.41140000 -14.50000000 -12.70000000
v 40.41140000 -14.50000000 -10.89660000
v 39.90340000 -14.50000000 -10.38860000
v 39.96970731 -14.50000000 -10.39294601
v 40.03488007 -14.50000000 -10.40590968
v 40.09780318 -14.50000000 -10.42726920
v 40.15740000 -14.50000000 -10.45665909
v 40.21265081 -14.50000000 -10.49357650
v 40.26261024 -14.50000000 -10.53738976
v 40.30642350 -14.50000000 -10.58734919
v 40.34334091 -14.50000000 -10.64260000
v 40.37273080 -14.50000000 -10.70219682
v 40.39409032 -14.50000000 -10.76511993
v 40.40705399 -14.50000000 -10.83029269
v 36.29660000 -14.50000000 -10.38860000
v 35.78860000 -14.50000000 -10.89660000
v 35.79294601 -14.50000000 -10.83029269
v 35.80590968 -14.50000000 -10.76511993
v 35.82726920 -14.50000000 -10.70219682
v 35.85665909 -14.50000000 -10.64260000
v 35.89357650 -14.50000000 -10.58734919
v 35.93738976 -14.50000000 -10.53738976
v 35.98734919 -14.50000000 -10.49357650
v 36.04260000 -14.50000000 -10.45665909
v 36.10219682 -14.50000000 -10.42726920
v 36.16511993 -14.50000000 -10.40590968
v 36.23029269 -14.50000000 -10.39294601
v 35.78860000 -14.50000000 -12.70000000
v 27.71140000 -14.50000000 -12.70000000
v 27.71140000 -14.50000000 -10.89660000
v 27.20340000 -14.50000000 -10.38860000
v 27.26970731 -14.50000000 -10.39294601
v 27.33488007 -14.50000000 -10.40590968
v 27.39780318 -14.50000000 -10.42726920
v 27.45740000 -14.50000000 -10.45665909
v 27.51265081 -14.50000000 -10.49357650
v 27.56261024 -14.50000000 -10.53738976
v 27.60642350 -14.50000000 -10.58734919
v 27.64334091 -14.50000000 -10.64260000
v 27.67273080 -14.50000000 -10.70219682
v 27.69409032 -14.50000000 -10.76511993
v 27.70705399 -14.50000000 -10.83029269
v 23.59660000 -14.50000000 -10.38860000
v 23.08860000 -14.50000000 -10.89660000
v 23.09294601 -14.50000000 -10.83029269
v 23.10590968 -14.50000000 -10.76511993
v 23.12726920 -14.50000000 -10.70219682
v 23.15665909 -14.50000000 -10.64260000
v 23.19357650 -14.50000000 -10.58734919
v 23.23738976 -14.50000000 -10.53738976
v 23.28734919 -14.50000000 -10.49357650
v 23.34260000 -14.50000000 -10.45665909
v 23.40219682 -14.50000000 -10.42726920
v 23.46511993 -14.50000000 -10.40590968
v 23.53029269 -14.50000000 -10.39294601
v 23.08860000 -14.50000000 -12.70000000
v 15.01140000 -14.50000000 -12.70000000
v 15.01140000 -14.50000000 -10.89660000
v 14.50340000 -14.50000000 -10.38860000
v 14.56970731 -14.50000000 -10.39294601
v 14.63488007 -14.50000000 -10.40590968
v 14.69780318 -14.50000000 -10.42726920
v 14.75740000 -14.50000000 -10.45665909
v 14.81265081 -14.50000000 -10.49357650
v 14.86261024 -14.50000000 -10.53738976
v 14.90642350 -14.50000000 -10.58734919
v 14.94334091 -14.50000000 -10.64260000
v 14.97273080 -14.50000000 -10.70219682
v 14.99409032 -14.50000000 -10.76511993
v 15.00705399 -14.50000000 -10.83029269
v 10.89660000 -14.50000000 -10.38860000
v 10.38860000 -14.50000000 -10.89660000
v 10.39294601 -14.50000000 -10.83029269
v 10.40590968 -14.50000000 -10.76511993
v 10.42726920 -14.50000000 -10.70219682
v 10.45665909 -14.50000000 -10.64260000
v 10.49357650 -14.50000000 -10.58734919
v 10.53738976 -14.50000000 -10.53738976
v 10.58734919 -14.50000000 -10.49357650
v 10.64260000 -14.50000000 -10.45665909
v 10.70219682 -14.50000000 -10.42726920
v 10.76511993 -14.50000000 -10.40590968
v 10.83029269 -14.50000000 -10.39294601
v 10.38860000 -14.50000000 -12.70000000
v 2.31140000 -14.50000000 -12.70000000
v 2.31140000 -14.50000000 -10.89660000
v 1.80340000 -14.50000000 -10.38860000
v 1.86970731 -14.50000000 -10.39294601
v 1.93488007 -14.50000000 -10.40590968
v 1.99780318 -14.50000000 -10.42726920
v 2.05740000 -14.50000000 -10.45665909
v 2.11265081 -14.50000000 -10.49357650
v 2.16261024 -14.50000000 -10.53738976
v 2.20642350 -14.50000000 -10.58734919
v 2.24334091 -14.50000000 -10.64260000
v 2.27273080 -14.50000000 -10.70219682
v 2.29409032 -14.50000000 -10.76511993
v 2.30705399 -14.50000000 -10.83029269
v -1.80340000 -14.50000000 -10.38860000
v -2.31140000 -14.50000000 -10.89660000
v -2.30705399 -14.50000000 -10.83029269
v -2.29409032 -14.50000000 -10.76511993
v -2.27273080 -14.50000000 -10.70219682
v -2.24334091 -14.50000000 -10.64260000
v -2.20642350 -14.50000000 -10.58734919
v -2.16261024 -14.50000000 -10.53738976
v -2.11265081 -14.50000000 -10.49357650
v -2.05740000 -14.50000000 -10.45665909
v -1.99780318 -14.50000000 -10.42726920
v -1.93488007 -14.50000000 -10.40590968
v -1.86970731 -14.50000000 -10.39294601
v -2.31140000 -14.50000000 -12.70000000
v -10.38860000 -14.50000000 -12.70000000
v -10.38860000 -14.50000000 -10.89660000
v -10.89660000 -14.50000000 -10.38860000
v -10.83029269 -14.50000000 -10.39294601
v -10.76511993 -14.50000000 -10.40590968
v -10.70219682 -14.50000000 -10.42726920
v -10.64260000 -14.50000000 -10.45665909
v -10.58734919 -14.50000000 -10.49357650
v -10.53738976 -14.50000000 -10.53738976
v -10.49357650 -14.50000000 -10.58734919
v -10.45665909 -14.50000000 -10.64260000
v -10.42726920 -14.50000000 -10.70219682
v -10.40590968 -14.50000000 -10.76511993
v -10.39294601 -14.50000000 -10.83029269
v -14.50340000 -14.50000000 -10.38860000
v -15.01140000 -14.50000000 -10.89660000
v -15.00705399 -14.50000000 -10.83029269
v -14.99409032 -14.50000000 -10.76511993
v -14.97273080 -14.50000000 -10.70219682
v -14.94334091 -14.50000000 -10.64260000
v -14.90642350 -14.50000000 -10.58734919
v -14.86261024 -14.50000000 -10.53738976
v -14.81265081 -14.50000000 -10.49357650
v -14.75740000 -14.50000000 -10.45665909
v -14.69780318 -14.50000000 -10.42726920
v -14.63488007 -14.50000000 -10.40590968
v -14.56970731 -14.50000000 -10.39294601
v -15.01140000 -14.50000000 -12.70000000
v -23.08860000 -14.50000000 -12.70000000
v -23.08860000 -14.50000000 -10.89660000
v -23.59660000 -14.50000000 -10.38860000
v -23.53029269 -14.50000000 -10.39294601
v -23.46511993 -14.50000000 -10.40590968
v -23.40219682 -14.50000000 -10.42726920
v -23.34260000 -14.50000000 -10.45665909
v -23.28734919 -14.50000000 -10.49357650
v -23.23738976 -14.50000000 -10.53738976
v -23.19357650 -14.50000000 -10.58734919
v -23.15665909 -14.50000000 -10.64260000
v -23.12726920 -14.50000000 -10.70219682
v -23.10590968 -14.50000000 -10.76511993
v -23.09294601 -14.50000000 -10.83029269
v -27.20340000 -14.50000000 -10.38860000
v -27.71140000 -14.50000000 -10.89660000
v -27.70705399 -14.50000000 -10.83029269
v -27.69409032 -14.50000000 -10.76511993
v -27.67273080 -14.50000000 -10.70219682
v -27.64334091 -14.50000000 -10.64260000
v -27.60642350 -14.50000000 -10.58734919
v -27.56261024 -14.50000000 -10.53738976
v -27.51265081 -14.50000000 -10.49357650
v -27.45740000 -14.50000000 -10.45665909
v -27.39780318 -14.50000000 -10.42726920
v -27.33488007 -14.50000000 -10.40590968
v -27.26970731 -14.50000000 -10.39294601
v -27.71140000 -14.50000000 -12.70000000
v -35.78860000 -14.50000000 -12.70000000
v -35.78860000 -14.50000000 -10.89660000
v -36.29660000 -14.50000000 -10.38860000
v -36.23029269 -14.50000000 -10.39294601
v -36.16511993 -14.50000000 -10.40590968
v -36.10219682 -14.50000000 -10.42726920
v -36.04260000 -14.50000000 -10.45665909
v -35.98734919 -14.50000000 -10.49357650
v -35.93738976 -14.50000000 -10.53738976
v -35.89357650 -14.50000000 -10.58734919
v -35.85665909 -14.50000000 -10.64260000
v -35.82726920 -14.50000000 -10.70219682
v -35.80590968 -14.50000000 -10.76511993
v -35.79294601 -14.50000000 -10.83029269
v -39.90340000 -14.50000000 -10.38860000
v -40.41140000 -14.50000000 -10.89660000
v -40.40705399 -14.50000000 -10.83029269
v -40.39409032 -14.50000000 -10.76511993
v -40.37273080 -14.50000000 -10.70219682
v -40.34334091 -14.50000000 -10.64260000
v -40.30642350 -14.50000000 -10.58734919
v -40.26261024 -14.50000000 -10.53738976
v -40.21265081 -14.50000000 -10.49357650
v -40.15740000 -14.50000000 -10.45665909
v -40.09780318 -14.50000000 -10.42726920
v -40.03488007 -14.50000000 -10.40590968
v -39.96970731 -14.50000000 -10.39294601
v -40.41140000 -14.50000000 -12.70000000
v -48.48860000 -14.50000000 -12.70000000
v -48.48860000 -14.50000000 -10.89660000
v -48.99660000 -14.50000000 -10.38860000
v -48.93029269 -14.50000000 -10.39294601
v -48.86511993 -14.50000000 -10.40590968
v -48.80219682 -14.50000000 -10.42726920
v -48.74260000 -14.50000000 -10.45665909
v -48.68734919 -14.50000000 -10.49357650
v -48.63738976 -14.50000000 -10.53738976
v -48.59357650 -14.50000000 -10.58734919
v -48.55665909 -14.50000000 -10.64260000
v -48.52726920 -14.50000000 -10.70219682
v -48.50590968 -14.50000000 -10.76511993
v -48.49294601 -14.50000000 -10.83029269
v -52.60340000 -14.50000000 -10.38860000
v -53.11140000 -14.50000000 -10.89660000
v -53.10705399 -14.50000000 -10.83029269
v -53.09409032 -14.50000000 -10.76511993
v -53.07273080 -14.50000000 -10.70219682
v -53.04334091 -14.50000000 -10.64260000
v -53.00642350 -14.50000000 -10.58734919
v -52.96261024 -14.50000000 -10.53738976
v -52.91265081 -14.50000000 -10.49357650
v -52.85740000 -14.50000000 -10.45665909
v -52.79780318 -14.50000000 -10.42726920
v -52.73488007 -14.50000000 -10.40590968
v -52.66970731 -14.50000000 -10.39294601
v -53.11140000 -14.50000000 -12.70000000
v -61.18860000 -14.50000000 -12.70000000
v -61.18860000 -14.50000000 -10.89660000
v -61.69660000 -14.50000000 -10.38860000
v -61.63029269 -14.50000000 -10.39294601
v -61.56511993 -14.50000000 -10.40590968
v -61.50219682 -14.50000000 -10.42726920
v -61.44260000 -14.50000000 -10.45665909
v -61.38734919 -14.50000000 -10.49357650
v -61.33738976 -14.50000000 -10.53738976
v -61.29357650 -14.50000000 -10.58734919
v -61.25665909 -14.50000000 -10.64260000
v -61.22726920 -14.50000000 -10.70219682
v -61.20590968 -14.50000000 -10.76511993
v -61.19294601 -14.50000000 -10.83029269
v -65.30340000 -14.50000000 -10.38860000
v -65.81140000 -14.50000000 -10.89660000
v -65.80705399 -14.50000000 -10.83029269
v -65.79409032 -14.50000000 -10.76511993
v -65.77273080 -14.50000000 -10.70219682
v -65.74334091 -14.50000000 -10.64260000
v -65.70642350 -14.50000000 -10.58734919
v -65.66261024 -14.50000000 -10.53738976
v -65.61265081 -14.50000000 -10.49357650
v -65.55740000 -14.50000000 -10.45665909
v -65.49780318 -14.50000000 -10.42726920
v -65.43488007 -14.50000000 -10.40590968
v -65.36970731 -14.50000000 -10.39294601
v -65.81140000 -14.50000000 -12.70000000
v -73.88860000 -14.50000000 -12.70000000
v -73.88860000 -14.50000000 -10.89660000
v -74.39660000 -14.50000000 -10.38860000
v -74.33029269 -14.50000000 -10.39294601
v -74.26511993 -14.50000000 -10.40590968
v -74.20219682 -14.50000000 -10.42726920
v -74.14260000 -14.50000000 -10.45665909
v -74.08734919 -14.50000000 -10.49357650
v -74.03738976 -14.50000000 -10.53738976
v -73.99357650 -14.50000000 -10.58734919
v -73.95665909 -14.50000000 -10.64260000
v -73.92726920 -14.50000000 -10.70219682
v -73.90590968 -14.50000000 -10.76511993
v -73.89294601 -14.50000000 -10.83029269
v -78.00340000 -14.50000000 -10.38860000
v -78.51140000 -14.50000000 -10.89660000
v -78.50705399 -14.50000000 -10.83029269
v -78.49409032 -14.50000000 -10.76511993
v -78.47273080 -14.50000000 -10.70219682
v -78.44334091 -14.50000000 -10.64260000
v -78.40642350 -14.50000000 -10.58734919
v -78.36261024 -14.50000000 -10.53738976
v -78.31265081 -14.50000000 -10.49357650
v -78.25740000 -14.50000000 -10.45665909
v -78.19780318 -14.50000000 -10.42726920
v -78.13488007 -14.50000000 -10.40590968
v -78.06970731 -14.50000000 -10.39294601
v -78.51140000 -14.50000000 -12.70000000
v -86.58860000 -14.50000000 -12.70000000
v -86.58860000 -14.50000000 -10.89660000
v -87.09660000 -14.50000000 -10.38860000
v -87.03029269 -14.50000000 -10.39294601
v -86.96511993 -14.50000000 -10.40590968
v -86.90219682 -14.50000000 -10.42726920
v -86.84260000 -14.50000000 -10.45665909
v -86.78734919 -14.50000000 -10.49357650
v -86.73738976 -14.50000000 -10.53738976
v -86.69357650 -14.50000000 -10.58734919
v -86.65665909 -14.50000000 -10.64260000
v -86.62726920 -14.50000000 -10.70219682
v -86.60590968 -14.50000000 -10.76511993
v -86.59294601 -14.50000000 -10.83029269
v -90.70340000 -14.50000000 -10.38860000
v -91.21140000 -14.50000000 -10.89660000
v -91.20705399 -14.50000000 -10.83029269
v -91.19409032 -14.50000000 -10.76511993
v -91.17273080 -14.50000000 -10.70219682
v -91.14334091 -14.50000000 -10.64260000
v -91.10642350 -14.50000000 -10.58734919
v -91.06261024 -14.50000000 -10.53738976
v -91.01265081 -14.50000000 -10.49357650
v -90.95740000 -14.50000000 -10.45665909
v -90.89780318 -14.50000000 -10.42726920
v -90.83488007 -14.50000000 -10.40590968
v -90.76970731 -14.50000000 -10.39294601
v -91.21140000 -14.50000000 -12.70000000
v -99.28860000 -14.50000000 -12.70000000
v -99.28860000 -14.50000000 -10.89660000
v -99.79660000 -14.50000000 -10.38860000
v -99.73029269 -14.50000000 -10.39294601
v -99.66511993 -14.50000000 -10.40590968
v -99.60219682 -14.50000000 -10.42726920
v -99.54260000 -14.50000000 -10.45665909
v -99.48734919 -14.50000000 -10.49357650
v -99.43738976 -14.50000000 -10.53738976
v -99.39357650 -14.50000000 -10.58734919
v -99.35665909 -14.50000000 -10.64260000
v -99.32726920 -14.50000000 -10.70219682
v -99.30590968 -14.50000000 -10.76511993
v -99.29294601 -14.50000000 -10.83029269
v -103.40340000 -14.50000000 -10.38860000
v -103.91140000 -14.50000000 -10.89660000
v -103.90705399 -14.50000000 -10.83029269
v -103.89409032 -14.50000000 -10.76511993
v -103.87273080 -14.50000000 -10.70219682
v -103.84334091 -14.50000000 -10.64260000
v -103.80642350 -14.50000000 -10.58734919
v -103.76261024 -14.50000000 -10.53738976
v -103.71265081 -14.50000000 -10.49357650
v -103.65740000 -14.50000000 -10.45665909
v -103.59780318 -14.50000000 -10.42726920
v -103.53488007 -14.50000000 -10.40590968
v -103.46970731 -14.50000000 -10.39294601
v -103.91140000 -14.50000000 -12.70000000
v -111.98860000 -14.50000000 -12.70000000
v -111.98860000 -14.50000000 -10.89660000
v -112.49660000 -14.50000000 -10.38860000
v -112.43029269 -14.50000000 -10.39294601
v -112.36511993 -14.50000000 -10.40590968
v -112.30219682 -14.50000000 -10.42726920
v -112.24260000 -14.50000000 -10.45665909
v -112.18734919 -14.50000000 -10.49357650
v -112.13738976 -14.50000000 -10.53738976
v -112.09357650 -14.50000000 -10.58734919
v -112.05665909 -14.50000000 -10.64260000
v -112.02726920 -14.50000000 -10.70219682
v -112.00590968 -14.50000000 -10.76511993
v -111.99294601 -14.50000000 -10.83029269
v -116.10340000 -14.50000000 -10.38860000
v -116.61140000 -14.50000000 -10.89660000
v -116.60705399 -14.50000000 -10.83029269
v -116.59409032 -14.50000000 -10.76511993
v -116.57273080 -14.50000000 -10.70219682
v -116.54334091 -14.50000000 -10.64260000
v -116.50642350 -14.50000000 -10.58734919
v -116.46261024 -14.50000000 -10.53738976
v -116.41265081 -14.50000000 -10.49357650
v -116.35740000 -14.50000000 -10.45665909
v -116.29780318 -14.50000000 -10.42726920
v -116.23488007 -14.50000000 -10.40590968
v -116.16970731 -14.50000000 -10.39294601
v -116.61140000 -14.50000000 -12.70000000
v -118.33860000 -14.50000000 -8.15340000
v -118.34294601 -14.50000000 -8.21970731
v -118.35590968 -14.50000000 -8.28488007
v -118.37726920 -14.50000000 -8.34780318
v -118.40665909 -14.50000000 -8.40740000
v -118.44357650 -14.50000000 -8.46265081
v -118.48738976 -14.50000000 -8.51261024
v -118.53734919 -14.50000000 -8.55642350
v -118.59260000 -14.50000000 -8.59334091
v -118.65219682 -14.50000000 -8.62273080
v -118.71511993 -14.50000000 -8.64409032
v -118.78029269 -14.50000000 -8.65705399
v -118.84660000 -14.50000000 -8.66140000
v -118.33860000 -14.50000000 -4.54660000
v -118.84660000 -14.50000000 -4.03860000
v -118.78029269 -14.50000000 -4.04294601
v -118.71511993 -14.50000000 -4.05590968
v -118.65219682 -14.50000000 -4.07726920
v -118.59260000 -14.50000000 -4.10665909
v -118.53734919 -14.50000000 -4.14357650
v -118.48738976 -14.50000000 -4.18738976
v -118.44357650 -14.50000000 -4.23734919
v -118.40665909 -14.50000000 -4.29260000
v -118.37726920 -14.50000000 -4.35219682
v -118.35590968 -14.50000000 -4.41511993
v -118.34294601 -14.50000000 -4.48029269
v -122.45340000 -14.50000000 -4.03860000
v -122.96140000 -14.50000000 -4.54660000
v -122.95705399 -14.50000000 -4.48029269
v -122.94409032 -14.50000000 -4.41511993
v -122.92273080 -14.50000000 -4.35219682
v -122.89334091 -14.50000000 -4.29260000
v -122.85642350 -14.50000000 -4.23734919
v -122.81261024 -14.50000000 -4.18738976
v -122.76265081 -14.50000000 -4.14357650
v -122.70740000 -14.50000000 -4.10665909
v -122.64780318 -14.50000000 -4.07726920
v -122.58488007 -14.50000000 -4.05590968
v -122.51970731 -14.50000000 -4.04294601
v -122.96140000 -14.50000000 -8.15340000
v -122.45340000 -14.50000000 -8.66140000
v -122.51970731 -14.50000000 -8.65705399
v -122.58488007 -14.50000000 -8.64409032
v -122.64780318 -14.50000000 -8.62273080
v -122.70740000 -14.50000000 -8.59334091
v -122.76265081 -14.50000000 -8.55642350
v -122.81261024 -14.50000000 -8.51261024
v -122.85642350 -14.50000000 -8.46265081
v -122.89334091 -14.50000000 -8.40740000
v -122.92273080 -14.50000000 -8.34780318
v -122.94409032 -14.50000000 -8.28488007
v -122.95705399 -14.50000000 -8.21970731
v -105.63860000 -14.50000000 -8.15340000
v -105.64294601 -14.50000000 -8.21970731
v -105.65590968 -14.50000000 -8.28488007
v -105.67726920 -14.50000000 -8.34780318
v -105.70665909 -14.50000000 -8.40740000
v -105.74357650 -14.50000000 -8.46265081
v -105.78738976 -14.50000000 -8.51261024
v -105.83734919 -14.50000000 -8.55642350
v -105.89260000 -14.50000000 -8.59334091
v -105.95219682 -14.50000000 -8.62273080
v -106.01511993 -14.50000000 -8.64409032
v -106.08029269 -14.50000000 -8.65705399
v -106.14660000 -14.50000000 -8.66140000
v -105.63860000 -14.50000000 -4.54660000
v -106.14660000 -14.50000000 -4.03860000
v -106.08029269 -14.50000000 -4.04294601
v -106.01511993 -14.50000000 -4.05590968
v -105.95219682 -14.50000000 -4.07726920
v -105.89260000 -14.50000000 -4.10665909
v -105.83734919 -14.50000000 -4.14357650
v -105.78738976 -14.50000000 -4.18738976
v -105.74357650 -14.50000000 -4.23734919
v -105.70665909 -14.50000000 -4.29260000
v -105.67726920 -14.50000000 -4.35219682
v -105.65590968 -14.50000000 -4.41511993
v -105.64294601 -14.50000000 -4.48029269
v -109.75340000 -14.50000000 -4.03860000
v -110.26140000 -14.50000000 -4.54660000
v -110.25705399 -14.50000000 -4.48029269
v -110.24409032 -14.50000000 -4.41511993
v -110.22273080 -14.50000000 -4.35219682
v -110.19334091 -14.50000000 -4.29260000
v -110.15642350 -14.50000000 -4.23734919
v -110.11261024 -14.50000000 -4.18738976
v -110.06265081 -14.50000000 -4.14357650
v -110.00740000 -14.50000000 -4.10665909
v -109.94780318 -14.50000000 -4.07726920
v -109.88488007 -14.50000000 -4.05590968
v -109.81970731 -14.50000000 -4.04294601
v -110.26140000 -14.50000000 -8.15340000
v -109.75340000 -14.50000000 -8.66140000
v -109.81970731 -14.50000000 -8.65705399
v -109.88488007 -14.50000000 -8.64409032
v -109.94780318 -14.50000000 -8.62273080
v -110.00740000 -14.50000000 -8.59334091
v -110.06265081 -14.50000000 -8.55642350
v -110.11261024 -14.50000000 -8.51261024
v -110.15642350 -14.50000000 -8.46265081
v -110.19334091 -14.50000000 -8.40740000
v -110.22273080 -14.50000000 -8.34780318
v -110.24409032 -14.50000000 -8.28488007
v -110.25705399 -14.50000000 -8.21970731
v -92.93860000 -14.50000000 -8.15340000
v -92.94294601 -14.50000000 -8.21970731
v -92.95590968 -14.50000000 -8.28488007
v -92.97726920 -14.50000000 -8.34780318
v -93.00665909 -14.50000000 -8.40740000
v -93.04357650 -14.50000000 -8.46265081
v -93.08738976 -14.50000000 -8.51261024
v -93.13734919 -14.50000000 -8.55642350
v -93.19260000 -14.50000000 -8.59334091
v -93.25219682 -14.50000000 -8.62273080
v -93.31511993 -14.50000000 -8.64409032
v -93.38029269 -14.50000000 -8.65705399
v -93.44660000 -14.50000000 -8.66140000
v -92.93860000 -14.50000000 -4.54660000
v -93.44660000 -14.50000000 -4.03860000
v -93.38029269 -14.50000000 -4.04294601
v -93.31511993 -14.50000000 -4.05590968
v -93.25219682 -14.50000000 -4.07726920
v -93.19260000 -14.50000000 -4.10665909
v -93.13734919 -14.50000000 -4.14357650
v -93.08738976 -14.50000000 -4.18738976
v -93.04357650 -14.50000000 -4.23734919
v -93.00665909 -14.50000000 -4.29260000
v -92.97726920 -14.50000000 -4.35219682
v -92.95590968 -14.50000000 -4.41511993
v -92.94294601 -14.50000000 -4.48029269
v -97.05340000 -14.50000000 -4.03860000
v -97.56140000 -14.50000000 -4.54660000
v -97.55705399 -14.50000000 -4.48029269
v -97.54409032 -14.50000000 -4.41511993
v -97.52273080 -14.50000000 -4.35219682
v -97.49334091 -14.50000000 -4.29260000
v -97.45642350 -14.50000000 -4.23734919
v -97.41261024 -14.50000000 -4.18738976
v -97.36265081 -14.50000000 -4.14357650
v -97.30740000 -14.50000000 -4.10665909
v -97.24780318 -14.50000000 -4.07726920
v -97.18488007 -14.50000000 -4.05590968
v -97.11970731 -14.50000000 -4.04294601
v -97.56140000 -14.50000000 -8.15340000
v -97.05340000 -14.50000000 -8.66140000
v -97.11970731 -14.50000000 -8.65705399
v -97.18488007 -14.50000000 -8.64409032
v -97.24780318 -14.50000000 -8.62273080
v -97.30740000 -14.50000000 -8.59334091
v -97.36265081 -14.50000000 -8.55642350
v -97.41261024 -14.50000000 -8.51261024
v -97.45642350 -14.50000000 -8.46265081
v -97.49334091 -14.50000000 -8.40740000
v -97.52273080 -14.50000000 -8.34780318
v -97.54409032 -14.50000000 -8.28488007
v -97.55705399 -14.50000000 -8.21970731
v -80.23860000 -14.50000000 -8.15340000
v -80.24294601 -14.50000000 -8.21970731
v -80.25590968 -14.50000000 -8.28488007
v -80.27726920 -14.50000000 -8.34780318
v -80.30665909 -14.50000000 -8.40740000
v -80.34357650 -14.50000000 -8.46265081
v -80.38738976 -14.50000000 -8.51261024
v -80.43734919 -14.50000000 -8.55642350
v -80.49260000 -14.50000000 -8.59334091
v -80.55219682 -14.50000000 -8.62273080
v -80.61511993 -14.50000000 -8.64409032
v -80.68029269 -14.50000000 -8.65705399
v -80.74660000 -14.50000000 -8.66140000
v -80.23860000 -14.50000000 -4.54660000
v -80.74660000 -14.50000000 -4.03860000
v -80.68029269 -14.50000000 -4.04294601
v -80.61511993 -14.50000000 -4.05590968
v -80.55219682 -14.50000000 -4.07726920
v -80.49260000 -14.50000000 -4.10665909
v -80.43734919 -14.50000000 -4.14357650
v -80.38738976 -14.50000000 -4.18738976
v -80.34357650 -14.50000000 -4.23734919
v -80.30665909 -14.50000000 -4.29260000
v -80.27726920 -14.50000000 -4.35219682
v -80.25590968 -14.50000000 -4.41511993
v -80.24294601 -14.50000000 -4.48029269
v -84.35340000 -14.50000000 -4.03860000
v -84.86140000 -14.50000000 -4.54660000
v -84.85705399 -14.50000000 -4.48029269
v -84.84409032 -14.50000000 -4.41511993
v -84.82273080 -14.50000000 -4.35219682
v -84.79334091 -14.50000000 -4.29260000
v -84.75642350 -14.50000000 -4.23734919
v -84.71261024 -14.50000000 -4.18738976
v -84.66265081 -14.50000000 -4.14357650
v -84.60740000 -14.50000000 -4.10665909
v -84.54780318 -14.50000000 -4.07726920
v -84.48488007 -14.50000000 -4.05590968
v -84.41970731 -14.50000000 -4.04294601
v -84.86140000 -14.50000000 -8.15340000
v -84.35340000 -14.50000000 -8.66140000
v -84.41970731 -14.50000000 -8.65705399
v -84.48488007 -14.50000000 -8.64409032
v -84.54780318 -14.50000000 -8.62273080
v -84.60740000 -14.50000000 -8.59334091
v -84.66265081 -14.50000000 -8.55642350
v -84.71261024 -14.50000000 -8.51261024
v -84.75642350 -14.50000000 -8.46265081
v -84.79334091 -14.50000000 -8.40740000
v -84.82273080 -14.50000000 -8.34780318
v -84.84409032 -14.50000000 -8.28488007
v -84.85705399 -14.50000000 -8.21970731
v -67.53860000 -14.50000000 -8.15340000
v -67.54294601 -14.50000000 -8.21970731
v -67.55590968 -14.50000000 -8.28488007
v -67.57726920 -14.50000000 -8.34780318
v -67.60665909 -14.50000000 -8.40740000
v -67.64357650 -14.50000000 -8.46265081
v -67.68738976 -14.50000000 -8.51261024
v -67.73734919 -14.50000000 -8.55642350
v -67.79260000 -14.50000000 -8.59334091
v -67.85219682 -14.50000000 -8.62273080
v -67.91511993 -14.50000000 -8.64409032
v -67.98029269 -14.50000000 -8.65705399
v -68.04660000 -14.50000000 -8.66140000
v -67.53860000 -14.50000000 -4.54660000
v -68.04660000 -14.50000000 -4.03860000
v -67.98029269 -14.50000000 -4.04294601
v -67.91511993 -14.50000000 -4.05590968
v -67.85219682 -14.50000000 -4.07726920
v -67.79260000 -14.50000000 -4.10665909
v -67.73734919 -14.50000000 -4.14357650
v -67.68738976 -14.50000000 -4.18738976
v -67.64357650 -14.50000000 -4.23734919
v -67.60665909 -14.50000000 -4.29260000
v -67.57726920 -14.50000000 -4.35219682
v -67.55590968 -14.50000000 -4.41511993
v -67.54294601 -14.50000000 -4.48029269
v -71.65340000 -14.50000000 -4.03860000
v -72.16140000 -14.50000000 -4.54660000
v -72.15705399 -14.50000000 -4.48029269
v -72.14409032 -14.50000000 -4.41511993
v -72.12273080 -14.50000000 -4.35219682
v -72.09334091 -14.50000000 -4.29260000
v -72.05642350 -14.50000000 -4.23734919
v -72.01261024 -14.50000000 -4.18738976
v -71.96265081 -14.50000000 -4.14357650
v -71.90740000 -14.50000000 -4.10665909
v -71.84780318 -14.50000000 -4.07726920
v -71.78488007 -14.50000000 -4.05590968
v -71.71970731 -14.50000000 -4.04294601
v -72.16140000 -14.50000000 -8.15340000
v -71.65340000 -14.50000000 -8.66140000
v -71.71970731 -14.50000000 -8.65705399
v -71.78488007 -14.50000000 -8.64409032
v -71.84780318 -14.50000000 -8.62273080
v -71.90740000 -14.50000000 -8.59334091
v -71.96265081 -14.50000000 -8.55642350
v -72.01261024 -14.50000000 -8.51261024
v -72.05642350 -14.50000000 -8.46265081
v -72.09334091 -14.50000000 -8.40740000
v -72.12273080 -14.50000000 -8.34780318
v -72.14409032 -14.50000000 -8.28488007
v -72.15705399 -14.50000000 -8.21970731
v -54.83860000 -14.50000000 -8.15340000
v -54.84294601 -14.50000000 -8.21970731
v -54.85590968 -14.50000000 -8.28488007
v -54.87726920 -14.50000000 -8.34780318
v -54.90665909 -14.50000000 -8.40740000
v -54.94357650 -14.50000000 -8.46265081
v -54.98738976 -14.50000000 -8.51261024
v -55.03734919 -14.50000000 -8.55642350
v -55.09260000 -14.50000000 -8.59334091
v -55.15219682 -14.50000000 -8.62273080
v -55.21511993 -14.50000000 -8.64409032
v -55.28029269 -14.50000000 -8.65705399
v -55.34660000 -14.50000000 -8.66140000
v -54.83860000 -14.50000000 -4.54660000
v -55.34660000 -14.50000000 -4.03860000
v -55.28029269 -14.50000000 -4.04294601
v -55.21511993 -14.50000000 -4.05590968
v -55.15219682 -14.50000000 -4.07726920
v -55.09260000 -14.50000000 -4.10665909
v -55.03734919 -14.50000000 -4.14357650
v -54.98738976 -14.50000000 -4.18738976
v -54.94357650 -14.50000000 -4.23734919
v -54.90665909 -14.50000000 -4.29260000
v -54.87726920 -14.50000000 -4.35219682
v -54.85590968 -14.50000000 -4.41511993
v -54.84294601 -14.50000000 -4.48029269
v -58.95340000 -14.50000000 -4.03860000
v -59.46140000 -14.50000000 -4.54660000
v -59.45705399 -14.50000000 -4.48029269
v -59.44409032 -14.50000000 -4.41511993
v -59.42273080 -14.50000000 -4.35219682
v -59.39334091 -14.50000000 -4.29260000
v -59.35642350 -14.50000000 -4.23734919
v -59.31261024 -14.50000000 -4.18738976
v -59.26265081 -14.50000000 -4.14357650
v -59.20740000 -14.50000000 -4.10665909
v -59.14780318 -14.50000000 -4.07726920
v -59.08488007 -14.50000000 -4.05590968
v -59.01970731 -14.50000000 -4.04294601
v -59.46140000 -14.50000000 -8.15340000
v -58.95340000 -14.50000000 -8.66140000
v -59.01970731 -14.50000000 -8.65705399
v -59.08488007 -14.50000000 -8.64409032
v -59.14780318 -14.50000000 -8.62273080
v -59.20740000 -14.50000000 -8.59334091
v -59.26265081 -14.50000000 -8.55642350
v -59.31261024 -14.50000000 -8.51261024
v -59.35642350 -14.50000000 -8.46265081
v -59.39334091 -14.50000000 -8.40740000
v -59.42273080 -14.50000000 -8.34780318
v -59.44409032 -14.50000000 -8.28488007
v -59.45705399 -14.50000000 -8.21970731
v -42.13860000 -14.50000000 -8.15340000
v -42.14294601 -14.50000000 -8.21970731
v -42.15590968 -14.50000000 -8.28488007
v -42.17726920 -14.50000000 -8.34780318
v -42.20665909 -14.50000000 -8.40740000
v -42.24357650 -14.50000000 -8.46265081
v -42.28738976 -14.50000000 -8.51261024
v -42.33734919 -14.50000000 -8.55642350
v -42.39260000 -14.50000000 -8.59334091
v -42.45219682 -14.50000000 -8.62273080
v -42.51511993 -14.50000000 -8.64409032
v -42.58029269 -14.50000000 -8.65705399
v -42.64660000 -14.50000000 -8.66140000
v -42.13860000 -14.50000000 -4.54660000
v -42.64660000 -14.50000000 -4.03860000
v -42.58029269 -14.50000000 -4.04294601
v -42.51511993 -14.50000000 -4.05590968
v -42.45219682 -14.50000000 -4.07726920
v -42.39260000 -14.50000000 -4.10665909
v -42.33734919 -14.50000000 -4.14357650
v -42.28738976 -14.50000000 -4.18738976
v -42.24357650 -14.50000000 -4.23734919
v -42.20665909 -14.50000000 -4.29260000
v -42.17726920 -14.50000000 -4.35219682
v -42.15590968 -14.50000000 -4.41511993
v -42.14294601 -14.50000000 -4.48029269
v -46.25340000 -14.50000000 -4.03860000
v -46.76140000 -14.50000000 -4.54660000
v -46.75705399 -14.50000000 -4.48029269
v -46.74409032 -14.50000000 -4.41511993
v -46.72273080 -14.50000000 -4.35219682
v -46.69334091 -14.50000000 -4.29260000
v -46.65642350 -14.50000000 -4.23734919
v -46.61261024 -14.50000000 -4.18738976
v -46.56265081 -14.50000000 -4.14357650
v -46.50740000 -14.50000000 -4.10665909
v -46.44780318 -14.50000000 -4.07726920
v -46.38488007 -14.50000000 -4.05590968
v -46.31970731 -14.50000000 -4.04294601
v -46.76140000 -14.50000000 -8.15340000
v -46.25340000 -14.50000000 -8.66140000
v -46.31970731 -14.50000000 -8.65705399
v -46.38488007 -14.50000000 -8.64409032
v -46.44780318 -14.50000000 -8.62273080
v -46.50740000 -14.50000000 -8.59334091
v -46.56265081 -14.50000000 -8.55642350
v -46.61261024 -14.50000000 -8.51261024
v -46.65642350 -14.50000000 -8.46265081
v -46.69334091 -14.50000000 -8.40740000
v -46.72273080 -14.50000000 -8.34780318
v -46.74409032 -14.50000000 -8.28488007
v -46.75705399 -14.50000000 -8.21970731
v -29.43860000 -14.50000000 -8.15340000
v -29.44294601 -14.50000000 -8.21970731
v -29.45590968 -14.50000000 -8.28488007
v -29.47726920 -14.50000000 -8.34780318
v -29.50665909 -14.50000000 -8.40740000
v -29.54357650 -14.50000000 -8.46265081
v -29.58738976 -14.50000000 -8.51261024
v -29.63734919 -14.50000000 -8.55642350
v -29.69260000 -14.50000000 -8.59334091
v -29.75219682 -14.50000000 -8.62273080
v -29.81511993 -14.50000000 -8.64409032
v -29.88029269 -14.50000000 -8.65705399
v -29.94660000 -14.50000000 -8.66140000
v -29.43860000 -14.50000000 -4.54660000
v -29.94660000 -14.50000000 -4.03860000
v -29.88029269 -14.50000000 -4.04294601
v -29.81511993 -14.50000000 -4.05590968
v -29.75219682 -14.50000000 -4.07726920
v -29.69260000 -14.50000000 -4.10665909
v -29.63734919 -14.50000000 -4.14357650
v -29.58738976 -14.50000000 -4.18738976
v -29.54357650 -14.50000000 -4.23734919
v -29.50665909 -14.50000000 -4.29260000
v -29.47726920 -14.50000000 -4.35219682
v -29.45590968 -14.50000000 -4.41511993
v -29.44294601 -14.50000000 -4.48029269
v -33.55340000 -14.50000000 -4.03860000
v -34.06140000 -14.50000000 -4.54660000
v -34.05705399 -14.50000000 -4.48029269
v -34.04409032 -14.50000000 -4.41511993
v -34.02273080 -14.50000000 -4.35219682
v -33.99334091 -14.50000000 -4.29260000
v -33.95642350 -14.50000000 -4.23734919
v -33.91261024 -14.50000000 -4.18738976
v -33.86265081 -14.50000000 -4.14357650
v -33.80740000 -14.50000000 -4.10665909
v -33.74780318 -14.50000000 -4.07726920
v -33.68488007 -14.50000000 -4.05590968
v -33.61970731 -14.50000000 -4.04294601
v -34.06140000 -14.50000000 -8.15340000
v -33.55340000 -14.50000000 -8.66140000
v -33.61970731 -14.50000000 -8.65705399
v -33.68488007 -14.50000000 -8.64409032
v -33.74780318 -14.50000000 -8.62273080
v -33.80740000 -14.50000000 -8.59334091
v -33.86265081 -14.50000000 -8.55642350
v -33.91261024 -14.50000000 -8.51261024
v -33.95642350 -14.50000000 -8.46265081
v -33.99334091 -14.50000000 -8.40740000
v -34.02273080 -14.50000000 -8.34780318
v -34.04409032 -14.50000000 -8.28488007
v -34.05705399 -14.50000000 -8.21970731
v -16.73860000 -14.50000000 -8.15340000
v -16.74294601 -14.50000000 -8.21970731
v -16.75590968 -14.50000000 -8.28488007
v -16.77726920 -14.50000000 -8.34780318
v -16.80665909 -14.50000000 -8.40740000
v -16.84357650 -14.50000000 -8.46265081
v -16.88738976 -14.50000000 -8.51261024
v -16.93734919 -14.50000000 -8.55642350
v -16.99260000 -14.50000000 -8.59334091
v -17.05219682 -14.50000000 -8.62273080
v -17.11511993 -14.50000000 -8.64409032
v -17.18029269 -14.50000000 -8.65705399
v -17.24660000 -14.50000000 -8.66140000
v -16.73860000 -14.50000000 -4.54660000
v -17.24660000 -14.50000000 -4.03860000
v -17.18029269 -14.50000000 -4.04294601
v -17.11511993 -14.50000000 -4.05590968
v -17.05219682 -14.50000000 -4.07726920
v -16.99260000 -14.50000000 -4.10665909
v -16.93734919 -14.50000000 -4.14357650
v -16.88738976 -14.50000000 -4.18738976
v -16.84357650 -14.50000000 -4.23734919
v -16.80665909 -14.50000000 -4.29260000
v -16.77726920 -14.50000000 -4.35219682
v -16.75590968 -14.50000000 -4.41511993
v -16.74294601 -14.50000000 -4.48029269
v -20.85340000 -14.50000000 -4.03860000
v -21.36140000 -14.50000000 -4.54660000
v -21.35705399 -14.50000000 -4.48029269
v -21.34409032 -14.50000000 -4.41511993
v -21.32273080 -14.50000000 -4.35219682
v -21.29334091 -14.50000000 -4.29260000
v -21.25642350 -14.50000000 -4.23734919
v -21.21261024 -14.50000000 -4.18738976
v -21.16265081 -14.50000000 -4.14357650
v -21.10740000 -14.50000000 -4.10665909
v -21.04780318 -14.50000000 -4.07726920
v -20.98488007 -14.50000000 -4.05590968
v -20.91970731 -14.50000000 -4.04294601
v -21.36140000 -14.50000000 -8.15340000
v -20.85340000 -14.50000000 -8.66140000
v -20.91970731 -14.50000000 -8.65705399
v -20.98488007 -14.50000000 -8.64409032
v -21.04780318 -14.50000000 -8.62273080
v -21.10740000 -14.50000000 -8.59334091
v -21.16265081 -14.50000000 -8.55642350
v -21.21261024 -14.50000000 -8.51261024
v -21.25642350 -14.50000000 -8.46265081
v -21.29334091 -14.50000000 -8.40740000
v -21.32273080 -14.50000000 -8.34780318
v -21.34409032 -14.50000000 -8.28488007
v -21.35705399 -14.50000000 -8.21970731
v -4.03860000 -14.50000000 -8.15340000
v -4.04294601 -14.50000000 -8.21970731
v -4.05590968 -14.50000000 -8.28488007
v -4.07726920 -14.50000000 -8.34780318
v -4.10665909 -14.50000000 -8.40740000
v -4.14357650 -14.50000000 -8.46265081
v -4.18738976 -14.50000000 -8.51261024
v -4.23734919 -14.50000000 -8.55642350
v -4.29260000 -14.50000000 -8.59334091
v -4.35219682 -14.50000000 -8.62273080
v -4.41511993 -14.50000000 -8.64409032
v -4.48029269 -14.50000000 -8.65705399
v -4.54660000 -14.50000000 -8.66140000
v -4.03860000 -14.50000000 -4.54660000
v -4.54660000 -14.50000000 -4.03860000
v -4.48029269 -14.50000000 -4.04294601
v -4.41511993 -14.50000000 -4.05590968
v -4.35219682 -14.50000000 -4.07726920
v -4.29260000 -14.50000000 -4.10665909
v -4.23734919 -14.50000000 -4.14357650
v -4.18738976 -14.50000000 -4.18738976
v -4.14357650 -14.50000000 -4.23734919
v -4.10665909 -14.50000000 -4.29260000
v -4.07726920 -14.50000000 -4.35219682
v -4.05590968 -14.50000000 -4.41511993
v -4.04294601 -14.50000000 -4.48029269
v -8.15340000 -14.50000000 -4.03860000
v -8.66140000 -14.50000000 -4.54660000
v -8.65705399 -14.50000000 -4.48029269
v -8.64409032 -14.50000000 -4.41511993
v -8.62273080 -14.50000000 -4.35219682
v -8.59334091 -14.50000000 -4.29260000
v -8.55642350 -14.50000000 -4.23734919
v -8.51261024 -14.50000000 -4.18738976
v -8.46265081 -14.50000000 -4.14357650
v -8.40740000 -14.50000000 -4.10665909
v -8.34780318 -14.50000000 -4.07726920
v -8.28488007 -14.50000000 -4.05590968
v -8.21970731 -14.50000000 -4.04294601
v -8.66140000 -14.50000000 -8.15340000
v -8.15340000 -14.50000000 -8.66140000
v -8.21970731 -14.50000000 -8.65705399
v -8.28488007 -14.50000000 -8.64409032
v -8.34780318 -14.50000000 -8.62273080
v -8.40740000 -14.50000000 -8.59334091
v -8.46265081 -14.50000000 -8.55642350
v -8.51261024 -14.50000000 -8.51261024
v -8.55642350 -14.50000000 -8.46265081
v -8.59334091 -14.50000000 -8.40740000
v -8.62273080 -14.50000000 -8.34780318
v -8.64409032 -14.50000000 -8.28488007
v -8.65705399 -14.50000000 -8.21970731
v 8.66140000 -14.50000000 -8.15340000
v 8.65705399 -14.50000000 -8.21970731
v 8.64409032 -14.50000000 -8.28488007
v 8.62273080 -14.50000000 -8.34780318
v 8.59334091 -14.50000000 -8.40740000
v 8.55642350 -14.50000000 -8.46265081
v 8.51261024 -14.50000000 -8.51261024
v 8.46265081 -14.50000000 -8.55642350
v 8.40740000 -14.50000000 -8.59334091
v 8.34780318 -14.50000000 -8.62273080
v 8.28488007 -14.50000000 -8.64409032
v 8.21970731 -14.50000000 -8.65705399
v 8.15340000 -14.50000000 -8.66140000
v 8.66140000 -14.50000000 -4.54660000
v 8.15340000 -14.50000000 -4.03860000
v 8.21970731 -14.50000000 -4.04294601
v 8.28488007 -14.50000000 -4.05590968
v 8.34780318 -14.50000000 -4.07726920
v 8.40740000 -14.50000000 -4.10665909
v 8.46265081 -14.50000000 -4.14357650
v 8.51261024 -14.50000000 -4.18738976
v 8.55642350 -14.50000000 -4.23734919
v 8.59334091 -14.50000000 -4.29260000
v 8.62273080 -14.50000000 -4.35219682
v 8.64409032 -14.50000000 -4.41511993
v 8.65705399 -14.50000000 -4.48029269
v 4.54660000 -14.50000000 -4.03860000
v 4.03860000 -14.50000000 -4.54660000
v 4.04294601 -14.50000000 -4.48029269
v 4.05590968 -14.50000000 -4.41511993
v 4.07726920 -14.50000000 -4.35219682
v 4.10665909 -14.50000000 -4.29260000
v 4.14357650 -14.50000000 -4.23734919
v 4.18738976 -14.50000000 -4.18738976
v 4.23734919 -14.50000000 -4.14357650
v 4.29260000 -14.50000000 -4.10665909
v 4.35219682 -14.50000000 -4.07726920
v 4.41511993 -14.50000000 -4.05590968
v 4.48029269 -14.50000000 -4.04294601
v 4.03860000 -14.50000000 -8.15340000
v 4.54660000 -14.50000000 -8.66140000
v 4.48029269 -14.50000000 -8.65705399
v 4.41511993 -14.50000000 -8.64409032
v 4.35219682 -14.50000000 -8.62273080
v 4.29260000 -14.50000000 -8.59334091
v 4.23734919 -14.50000000 -8.55642350
v 4.18738976 -14.50000000 -8.51261024
v 4.14357650 -14.50000000 -8.46265081
v 4.10665909 -14.50000000 -8.40740000
v 4.07726920 -14.50000000 -8.34780318
v 4.05590968 -14.50000000 -8.28488007
v 4.04294601 -14.50000000 -8.21970731
v 21.36140000 -14.50000000 -8.15340000
v 21.35705399 -14.50000000 -8.21970731
v 21.34409032 -14.50000000 -8.28488007
v 21.32273080 -14.50000000 -8.34780318
v 21.29334091 -14.50000000 -8.40740000
v 21.25642350 -14.50000000 -8.46265081
v 21.21261024 -14.50000000 -8.51261024
v 21.16265081 -14.50000000 -8.55642350
v 21.10740000 -14.50000000 -8.59334091
v 21.04780318 -14.50000000 -8.62273080
v 20.98488007 -14.50000000 -8.64409032
v 20.91970731 -14.50000000 -8.65705399
v 20.85340000 -14.50000000 -8.66140000
v 21.36140000 -14.50000000 -4.54660000
v 20.85340000 -14.50000000 -4.03860000
v 20.91970731 -14.50000000 -4.04294601
v 20.98488007 -14.50000000 -4.05590968
v 21.04780318 -14.50000000 -4.07726920
v 21.10740000 -14.50000000 -4.10665909
v 21.16265081 -14.50000000 -4.14357650
v 21.21261024 -14.50000000 -4.18738976
v 21.25642350 -14.50000000 -4.23734919
v 21.29334091 -14.50000000 -4.29260000
v 21.32273080 -14.50000000 -4.35219682
v 21.34409032 -14.50000000 -4.41511993
v 21.35705399 -14.50000000 -4.48029269
v 17.24660000 -14.50000000 -4.03860000
v 16.73860000 -14.50000000 -4.54660000
v 16.74294601 -14.50000000 -4.48029269
v 16.75590968 -14.50000000 -4.41511993
v 16.77726920 -14.50000000 -4.35219682
v 16.80665909 -14.50000000 -4.29260000
v 16.84357650 -14.50000000 -4.23734919
v 16.88738976 -14.50000000 -4.18738976
v 16.93734919 -14.50000000 -4.14357650
v 16.99260000 -14.50000000 -4.10665909
v 17.05219682 -14.50000000 -4.07726920
v 17.11511993 -14.50000000 -4.05590968
v 17.18029269 -14.50000000 -4.04294601
v 16.73860000 -14.50000000 -8.15340000
v 17.24660000 -14.50000000 -8.66140000
v 17.18029269 -14.50000000 -8.65705399
v 17.11511993 -14.50000000 -8.64409032
v 17.05219682 -14.50000000 -8.62273080
v 16.99260000 -14.50000000 -8.59334091
v 16.93734919 -14.50000000 -8.55642350
v 16.88738976 -14.50000000 -8.51261024
v 16.84357650 -14.50000000 -8.46265081
v 16.80665909 -14.50000000 -8.40740000
v 16.77726920 -14.50000000 -8.34780318
v 16.75590968 -14.50000000 -8.28488007
v 16.74294601 -14.50000000 -8.21970731
v 34.06140000 -14.50000000 -8.15340000
v 34.05705399 -14.50000000 -8.21970731
v 34.04409032 -14.50000000 -8.28488007
v 34.02273080 -14.50000000 -8.34780318
v 33.99334091 -14.50000000 -8.40740000
v 33.95642350 -14.50000000 -8.46265081
v 33.91261024 -14.50000000 -8.51261024
v 33.86265081 -14.50000000 -8.55642350
v 33.80740000 -14.50000000 -8.59334091
v 33.74780318 -14.50000000 -8.62273080
v 33.68488007 -14.50000000 -8.64409032
v 33.61970731 -14.50000000 -8.65705399
v 33.55340000 -14.50000000 -8.66140000
v 34.06140000 -14.50000000 -4.54660000
v 33.55340000 -14.50000000 -4.03860000
v 33.61970731 -14.50000000 -4.04294601
v 33.68488007 -14.50000000 -4.05590968
v 33.74780318 -14.50000000 -4.07726920
v 33.80740000 -14.50000000 -4.10665909
v 33.86265081 -14.50000000 -4.14357650
v 33.91261024 -14.50000000 -4.18738976
v 33.95642350 -14.50000000 -4.23734919
v 33.99334091 -14.50000000 -4.29260000
v 34.02273080 -14.50000000 -4.35219682
v 34.04409032 -14.50000000 -4.41511993
v 34.05705399 -14.50000000 -4.48029269
v 29.94660000 -14.50000000 -4.03860000
v 29.43860000 -14.50000000 -4.54660000
v 29.44294601 -14.50000000 -4.48029269
v 29.45590968 -14.50000000 -4.41511993
v 29.47726920 -14.50000000 -4.35219682
v 29.50665909 -14.50000000 -4.29260000
v 29.54357650 -14.50000000 -4.23734919
v 29.58738976 -14.50000000 -4.18738976
v 29.63734919 -14.50000000 -4.14357650
v 29.69260000 -14.50000000 -4.10665909
v 29.75219682 -14.50000000 -4.07726920
v 29.81511993 -14.50000000 -4.05590968
v 29.88029269 -14.50000000 -4.04294601
v 29.43860000 -14.50000000 -8.15340000
v 29.94660000 -14.50000000 -8.66140000
v 29.88029269 -14.50000000 -8.65705399
v 29.81511993 -14.50000000 -8.64409032
v 29.75219682 -14.50000000 -8.62273080
v 29.69260000 -14.50000000 -8.59334091
v 29.63734919 -14.50000000 -8.55642350
v 29.58738976 -14.50000000 -8.51261024
v 29.54357650 -14.50000000 -8.46265081
v 29.50665909 -14.50000000 -8.40740000
v 29.47726920 -14.50000000 -8.34780318
v 29.45590968 -14.50000000 -8.28488007
v 29.44294601 -14.50000000 -8.21970731
v 46.76140000 -14.50000000 -8.15340000
v 46.75705399 -14.50000000 -8.21970731
v 46.74409032 -14.50000000 -8.28488007
v 46.72273080 -14.50000000 -8.34780318
v 46.69334091 -14.50000000 -8.40740000
v 46.65642350 -14.50000000 -8.46265081
v 46.61261024 -14.50000000 -8.51261024
v 46.56265081 -14.50000000 -8.55642350
v 46.50740000 -14.50000000 -8.59334091
v 46.44780318 -14.50000000 -8.62273080
v 46.38488007 -14.50000000 -8.64409032
v 46.31970731 -14.50000000 -8.65705399
v 46.25340000 -14.50000000 -8.66140000
v 46.76140000 -14.50000000 -4.54660000
v 46.25340000 -14.50000000 -4.03860000
v 46.31970731 -14.50000000 -4.04294601
v 46.38488007 -14.50000000 -4.05590968
v 46.44780318 -14.50000000 -4.07726920
v 46.50740000 -14.50000000 -4.10665909
v 46.56265081 -14.50000000 -4.14357650
v 46.61261024 -14.50000000 -4.18738976
v 46.65642350 -14.50000000 -4.23734919
v 46.69334091 -14.50000000 -4.29260000
v 46.72273080 -14.50000000 -4.35219682
v 46.74409032 -14.50000000 -4.41511993
v 46.75705399 -14.50000000 -4.48029269
v 42.64660000 -14.50000000 -4.03860000
v 42.13860000 -14.50000000 -4.54660000
v 42.14294601 -14.50000000 -4.48029269
v 42.15590968 -14.50000000 -4.41511993
v 42.17726920 -14.50000000 -4.35219682
v 42.20665909 -14.50000000 -4.29260000
v 42.24357650 -14.50000000 -4.23734919
v 42.28738976 -14.50000000 -4.18738976
v 42.33734919 -14.50000000 -4.14357650
v 42.39260000 -14.50000000 -4.10665909
v 42.45219682 -14.50000000 -4.07726920
v 42.51511993 -14.50000000 -4.05590968
v 42.58029269 -14.50000000 -4.04294601
v 42.13860000 -14.50000000 -8.15340000
v 42.64660000 -14.50000000 -8.66140000
v 42.58029269 -14.50000000 -8.65705399
v 42.51511993 -14.50000000 -8.64409032
v 42.45219682 -14.50000000 -8.62273080
v 42.39260000 -14.50000000 -8.59334091
v 42.33734919 -14.50000000 -8.55642350
v 42.28738976 -14.50000000 -8.51261024
v 42.24357650 -14.50000000 -8.46265081
v 42.20665909 -14.50000000 -8.40740000
v 42.17726920 -14.50000000 -8.34780318
v 42.15590968 -14.50000000 -8.28488007
v 42.14294601 -14.50000000 -8.21970731
v 59.46140000 -14.50000000 -8.15340000
v 59.45705399 -14.50000000 -8.21970731
v 59.44409032 -14.50000000 -8.28488007
v 59.42273080 -14.50000000 -8.34780318
v 59.39334091 -14.50000000 -8.40740000
v 59.35642350 -14.50000000 -8.46265081
v 59.31261024 -14.50000000 -8.51261024
v 59.26265081 -14.50000000 -8.55642350
v 59.20740000 -14.50000000 -8.59334091
v 59.14780318 -14.50000000 -8.62273080
v 59.08488007 -14.50000000 -8.64409032
v 59.01970731 -14.50000000 -8.65705399
v 58.95340000 -14.50000000 -8.66140000
v 59.46140000 -14.50000000 -4.54660000
v 58.95340000 -14.50000000 -4.03860000
v 59.01970731 -14.50000000 -4.04294601
v 59.08488007 -14.50000000 -4.05590968
v 59.14780318 -14.50000000 -4.07726920
v 59.20740000 -14.50000000 -4.10665909
v 59.26265081 -14.50000000 -4.14357650
v 59.31261024 -14.50000000 -4.18738976
v 59.35642350 -14.50000000 -4.23734919
v 59.39334091 -14.50000000 -4.29260000
v 59.42273080 -14.50000000 -4.35219682
v 59.44409032 -14.50000000 -4.41511993
v 59.45705399 -14.50000000 -4.48029269
v 55.34660000 -14.50000000 -4.03860000
v 54.83860000 -14.50000000 -4.54660000
v 54.84294601 -14.50000000 -4.48029269
v 54.85590968 -14.50000000 -4.41511993
v 54.87726920 -14.50000000 -4.35219682
v 54.90665909 -14.50000000 -4.29260000
v 54.94357650 -14.50000000 -4.23734919
v 54.98738976 -14.50000000 -4.18738976
v 55.03734919 -14.50000000 -4.14357650
v 55.09260000 -14.50000000 -4.10665909
v 55.15219682 -14.50000000 -4.07726920
v 55.21511993 -14.50000000 -4.05590968
v 55.28029269 -14.50000000 -4.04294601
v 54.83860000 -14.50000000 -8.15340000
v 55.34660000 -14.50000000 -8.66140000
v 55.28029269 -14.50000000 -8.65705399
v 55.21511993 -14.50000000 -8.64409032
v 55.15219682 -14.50000000 -8.62273080
v 55.09260000 -14.50000000 -8.59334091
v 55.03734919 -14.50000000 -8.55642350
v 54.98738976 -14.50000000 -8.51261024
v 54.94357650 -14.50000000 -8.46265081
v 54.90665909 -14.50000000 -8.40740000
v 54.87726920 -14.50000000 -8.34780318
v 54.85590968 -14.50000000 -8.28488007
v 54.84294601 -14.50000000 -8.21970731
v 72.16140000 -14.50000000 -8.15340000
v 72.15705399 -14.50000000 -8.21970731
v 72.14409032 -14.50000000 -8.28488007
v 72.12273080 -14.50000000 -8.34780318
v 72.09334091 -14.50000000 -8.40740000
v 72.05642350 -14.50000000 -8.46265081
v 72.01261024 -14.50000000 -8.51261024
v 71.96265081 -14.50000000 -8.55642350
v 71.90740000 -14.50000000 -8.59334091
v 71.84780318 -14.50000000 -8.62273080
v 71.78488007 -14.50000000 -8.64409032
v 71.71970731 -14.50000000 -8.65705399
v 71.65340000 -14.50000000 -8.66140000
v 72.16140000 -14.50000000 -4.54660000
v 71.65340000 -14.50000000 -4.03860000
v 71.71970731 -14.50000000 -4.04294601
v 71.78488007 -14.50000000 -4.05590968
v 71.84780318 -14.50000000 -4.07726920
v 71.90740000 -14.50000000 -4.10665909
v 71.96265081 -14.50000000 -4.14357650
v 72.01261024 -14.50000000 -4.18738976
v 72.05642350 -14.50000000 -4.23734919
v 72.09334091 -14.50000000 -4.29260000
v 72.12273080 -14.50000000 -4.35219682
v 72.14409032 -14.50000000 -4.41511993
v 72.15705399 -14.50000000 -4.48029269
v 68.04660000 -14.50000000 -4.03860000
v 67.53860000 -14.50000000 -4.54660000
v 67.54294601 -14.50000000 -4.48029269
v 67.55590968 -14.50000000 -4.41511993
v 67.57726920 -14.50000000 -4.35219682
v 67.60665909 -14.50000000 -4.29260000
v 67.64357650 -14.50000000 -4.23734919
v 67.68738976 -14.50000000 -4.18738976
v 67.73734919 -14.50000000 -4.14357650
v 67.79260000 -14.50000000 -4.10665909
v 67.85219682 -14.50000000 -4.07726920
v 67.91511993 -14.50000000 -4.05590968
v 67.98029269 -14.50000000 -4.04294601
v 67.53860000 -14.50000000 -8.15340000
v 68.04660000 -14.50000000 -8.66140000
v 67.98029269 -14.50000000 -8.65705399
v 67.91511993 -14.50000000 -8.64409032
v 67.85219682 -14.50000000 -8.62273080
v 67.79260000 -14.50000000 -8.59334091
v 67.73734919 -14.50000000 -8.55642350
v 67.68738976 -14.50000000 -8.51261024
v 67.64357650 -14.50000000 -8.46265081
v 67.60665909 -14.50000000 -8.40740000
v 67.57726920 -14.50000000 -8.34780318
v 67.55590968 -14.50000000 -8.28488007
v 67.54294601 -14.50000000 -8.21970731
v 84.86140000 -14.50000000 -8.15340000
v 84.85705399 -14.50000000 -8.21970731
v 84.84409032 -14.50000000 -8.28488007
v 84.82273080 -14.50000000 -8.34780318
v 84.79334091 -14.50000000 -8.40740000
v 84.75642350 -14.50000000 -8.46265081
v 84.71261024 -14.50000000 -8.51261024
v 84.66265081 -14.50000000 -8.55642350
v 84.60740000 -14.50000000 -8.59334091
v 84.54780318 -14.50000000 -8.62273080
v 84.48488007 -14.50000000 -8.64409032
v 84.41970731 -14.50000000 -8.65705399
v 84.35340000 -14.50000000 -8.66140000
v 84.86140000 -14.50000000 -4.54660000
v 84.35340000 -14.50000000 -4.03860000
v 84.41970731 -14.50000000 -4.04294601
v 84.48488007 -14.50000000 -4.05590968
v 84.54780318 -14.50000000 -4.07726920
v 84.60740000 -14.50000000 -4.10665909
v 84.66265081 -14.50000000 -4.14357650
v 84.71261024 -14.50000000 -4.18738976
v 84.75642350 -14.50000000 -4.23734919
v 84.79334091 -14.50000000 -4.29260000
v 84.82273080 -14.50000000 -4.35219682
v 84.84409032 -14.50000000 -4.41511993
v 84.85705399 -14.50000000 -4.48029269
v 80.74660000 -14.50000000 -4.03860000
v 80.23860000 -14.50000000 -4.54660000
v 80.24294601 -14.50000000 -4.48029269
v 80.25590968 -14.50000000 -4.41511993
v 80.27726920 -14.50000000 -4.35219682
v 80.30665909 -14.50000000 -4.29260000
v 80.34357650 -14.50000000 -4.23734919
v 80.38738976 -14.50000000 -4.18738976
v 80.43734919 -14.50000000 -4.14357650
v 80.49260000 -14.50000000 -4.10665909
v 80.55219682 -14.50000000 -4.07726920
v 80.61511993 -14.50000000 -4.05590968
v 80.68029269 -14.50000000 -4.04294601
v 80.23860000 -14.50000000 -8.15340000
v 80.74660000 -14.50000000 -8.66140000
v 80.68029269 -14.50000000 -8.65705399
v 80.61511993 -14.50000000 -8.64409032
v 80.55219682 -14.50000000 -8.62273080
v 80.49260000 -14.50000000 -8.59334091
v 80.43734919 -14.50000000 -8.55642350
v 80.38738976 -14.50000000 -8.51261024
v 80.34357650 -14.50000000 -8.46265081
v 80.30665909 -14.50000000 -8.40740000
v 80.27726920 -14.50000000 -8.34780318
v 80.25590968 -14.50000000 -8.28488007
v 80.24294601 -14.50000000 -8.21970731
v 97.56140000 -14.50000000 -8.15340000
v 97.55705399 -14.50000000 -8.21970731
v 97.54409032 -14.50000000 -8.28488007
v 97.52273080 -14.50000000 -8.34780318
v 97.49334091 -14.50000000 -8.40740000
v 97.45642350 -14.50000000 -8.46265081
v 97.41261024 -14.50000000 -8.51261024
v 97.36265081 -14.50000000 -8.55642350
v 97.30740000 -14.50000000 -8.59334091
v 97.24780318 -14.50000000 -8.62273080
v 97.18488007 -14.50000000 -8.64409032
v 97.11970731 -14.50000000 -8.65705399
v 97.05340000 -14.50000000 -8.66140000
v 97.56140000 -14.50000000 -4.54660000
v 97.05340000 -14.50000000 -4.03860000
v 97.11970731 -14.50000000 -4.04294601
v 97.18488007 -14.50000000 -4.05590968
v 97.24780318 -14.50000000 -4.07726920
v 97.30740000 -14.50000000 -4.10665909
v 97.36265081 -14.50000000 -4.14357650
v 97.41261024 -14.50000000 -4.18738976
v 97.45642350 -14.50000000 -4.23734919
v 97.49334091 -14.50000000 -4.29260000
v 97.52273080 -14.50000000 -4.35219682
v 97.54409032 -14.50000000 -4.41511993
v 97.55705399 -14.50000000 -4.48029269
v 93.44660000 -14.50000000 -4.03860000
v 92.93860000 -14.50000000 -4.54660000
v 92.94294601 -14.50000000 -4.48029269
v 92.95590968 -14.50000000 -4.41511993
v 92.97726920 -14.50000000 -4.35219682
v 93.00665909 -14.50000000 -4.29260000
v 93.04357650 -14.50000000 -4.23734919
v 93.08738976 -14.50000000 -4.18738976
v 93.13734919 -14.50000000 -4.14357650
v 93.19260000 -14.50000000 -4.10665909
v 93.25219682 -14.50000000 -4.07726920
v 93.31511993 -14.50000000 -4.05590968
v 93.38029269 -14.50000000 -4.04294601
v 92.93860000 -14.50000000 -8.15340000
v 93.44660000 -14.50000000 -8.66140000
v 93.38029269 -14.50000000 -8.65705399
v 93.31511993 -14.50000000 -8.64409032
v 93.25219682 -14.50000000 -8.62273080
v 93.19260000 -14.50000000 -8.59334091
v 93.13734919 -14.50000000 -8.55642350
v 93.08738976 -14.50000000 -8.51261024
v 93.04357650 -14.50000000 -8.46265081
v 93.00665909 -14.50000000 -8.40740000
v 92.97726920 -14.50000000 -8.34780318
v 92.95590968 -14.50000000 -8.28488007
v 92.94294601 -14.50000000 -8.21970731
v 110.26140000 -14.50000000 -8.15340000
v 110.25705399 -14.50000000 -8.21970731
v 110.24409032 -14.50000000 -8.28488007
v 110.22273080 -14.50000000 -8.34780318
v 110.19334091 -14.50000000 -8.40740000
v 110.15642350 -14.50000000 -8.46265081
v 110.11261024 -14.50000000 -8.51261024
v 110.06265081 -14.50000000 -8.55642350
v 110.00740000 -14.50000000 -8.59334091
v 109.94780318 -14.50000000 -8.62273080
v 109.88488007 -14.50000000 -8.64409032
v 109.81970731 -14.50000000 -8.65705399
v 109.75340000 -14.50000000 -8.66140000
v 110.26140000 -14.50000000 -4.54660000
v 109.75340000 -14.50000000 -4.03860000
v 109.81970731 -14.50000000 -4.04294601
v 109.88488007 -14.50000000 -4.05590968
v 109.94780318 -14.50000000 -4.07726920
v 110.00740000 -14.50000000 -4.10665909
v 110.06265081 -14.50000000 -4.14357650
v 110.11261024 -14.50000000 -4.18738976
v 110.15642350 -14.50000000 -4.23734919
v 110.19334091 -14.50000000 -4.29260000
v 110.22273080 -14.50000000 -4.35219682
v 110.24409032 -14.50000000 -4.41511993
v 110.25705399 -14.50000000 -4.48029269
v 106.14660000 -14.50000000 -4.03860000
v 105.63860000 -14.50000000 -4.54660000
v 105.64294601 -14.50000000 -4.48029269
v 105.65590968 -14.50000000 -4.41511993
v 105.67726920 -14.50000000 -4.35219682
v 105.70665909 -14.50000000 -4.29260000
v 105.74357650 -14.50000000 -4.23734919
v 105.78738976 -14.50000000 -4.18738976
v 105.83734919 -14.50000000 -4.14357650
v 105.89260000 -14.50000000 -4.10665909
v 105.95219682 -14.50000000 -4.07726920
v 106.01511993 -14.50000000 -4.05590968
v 106.08029269 -14.50000000 -4.04294601
v 105.63860000 -14.50000000 -8.15340000
v 106.14660000 -14.50000000 -8.66140000
v 106.08029269 -14.50000000 -8.65705399
v 106.01511993 -14.50000000 -8.64409032
v 105.95219682 -14.50000000 -8.62273080
v 105.89260000 -14.50000000 -8.59334091
v 105.83734919 -14.50000000 -8.55642350
v 105.78738976 -14.50000000 -8.51261024
v 105.74357650 -14.50000000 -8.46265081
v 105.70665909 -14.50000000 -8.40740000
v 105.67726920 -14.50000000 -8.34780318
v 105.65590968 -14.50000000 -8.28488007
v 105.64294601 -14.50000000 -8.21970731
v 122.96140000 -14.50000000 -8.15340000
v 122.95705399 -14.50000000 -8.21970731
v 122.94409032 -14.50000000 -8.28488007
v 122.92273080 -14.50000000 -8.34780318
v 122.89334091 -14.50000000 -8.40740000
v 122.85642350 -14.50000000 -8.46265081
v 122.81261024 -14.50000000 -8.51261024
v 122.76265081 -14.50000000 -8.55642350
v 122.70740000 -14.50000000 -8.59334091
v 122.64780318 -14.50000000 -8.62273080
v 122.58488007 -14.50000000 -8.64409032
v 122.51970731 -14.50000000 -8.65705399
v 122.45340000 -14.50000000 -8.66140000
v 122.96140000 -14.50000000 -4.54660000
v 122.45340000 -14.50000000 -4.03860000
v 122.51970731 -14.50000000 -4.04294601
v 122.58488007 -14.50000000 -4.05590968
v 122.64780318 -14.50000000 -4.07726920
v 122.70740000 -14.50000000 -4.10665909
v 122.76265081 -14.50000000 -4.14357650
v 122.81261024 -14.50000000 -4.18738976
v 122.85642350 -14.50000000 -4.23734919
v 122.89334091 -14.50000000 -4.29260000
v 122.92273080 -14.50000000 -4.35219682
v 122.94409032 -14.50000000 -4.41511993
v 122.95705399 -14.50000000 -4.48029269
v 118.84660000 -14.50000000 -4.03860000
v 118.33860000 -14.50000000 -4.54660000
v 118.34294601 -14.50000000 -4.48029269
v 118.35590968 -14.50000000 -4.41511993
v 118.37726920 -14.50000000 -4.35219682
v 118.40665909 -14.50000000 -4.29260000
v 118.44357650 -14.50000000 -4.23734919
v 118.48738976 -14.50000000 -4.18738976
v 118.53734919 -14.50000000 -4.14357650
v 118.59260000 -14.50000000 -4.10665909
v 118.65219682 -14.50000000 -4.07726920
v 118.71511993 -14.50000000 -4.05590968
v 118.78029269 -14.50000000 -4.04294601
v 118.33860000 -14.50000000 -8.15340000
v 118.84660000 -14.50000000 -8.66140000
v 118.78029269 -14.50000000 -8.65705399
v 118.71511993 -14.50000000 -8.64409032
v 118.65219682 -14.50000000 -8.62273080
v 118.59260000 -14.50000000 -8.59334091
v 118.53734919 -14.50000000 -8.55642350
v 118.48738976 -14.50000000 -8.51261024
v 118.44357650 -14.50000000 -8.46265081
v 118.40665909 -14.50000000 -8.40740000
v 118.37726920 -14.50000000 -8.34780318
v 118.35590968 -14.50000000 -8.28488007
v 118.34294601 -14.50000000 -8.21970731
v 65.78098502 -12.66193641 -0.23806362
v 65.38299969 -12.79061996 -0.40668247
v 64.98537035 -12.87176149 -0.60257547
v 127.00000000 -12.89304638 -0.70670831
v 127.00000000 -12.87230451 -0.60243188
v 127.00000000 -12.83812928 -0.50175491
v 127.00000000 -12.79110545 -0.40640000
v 127.00000000 -12.73203759 -0.31799871
v 127.00000000 -12.66193639 -0.23806361
v 127.00000000 -12.58200129 -0.16796241
v 127.00000000 -12.49360000 -0.10889455
v 127.00000000 -12.39824509 -0.06187072
v 127.00000000 -12.29756812 -0.02769549
v 127.00000000 -12.19329169 -0.00695362
v 127.00000000 -12.08720000 0.00000000
v 64.58738505 -12.08720000 0.00000000
v 64.98537034 -12.29742452 -0.02823851
v 65.38299969 -12.49331752 -0.10938004
v 127.00000000 -14.47935816 -0.49786640
v 127.00000000 -14.41778583 -0.18832141
v 127.00000000 -14.31633654 0.11053859
v 127.00000000 -14.17674609 0.39360000
v 127.00000000 -14.00140294 0.65601958
v 127.00000000 -13.79330724 0.89330724
v 127.00000000 -13.55601958 1.10140294
v 127.00000000 -13.29360000 1.27674609
v 127.00000000 -13.01053859 1.41633654
v 127.00000000 -12.71167859 1.51778583
v 127.00000000 -12.40213360 1.57935816
v 127.00000000 -12.08720000 1.60000000
v 64.58738505 -12.08720000 1.60000000
v 64.78695688 -12.40297804 1.57884949
v 64.98576251 -12.71205731 1.51661410
v 65.18418504 -13.01003382 1.41511799
v 65.38260757 -13.29250363 1.27618537
v 65.58141320 -13.55506274 1.10164040
v 65.78098503 -13.79330724 0.89330724
v 65.58141320 -14.00164040 0.65506274
v 65.38260757 -14.17618537 0.39250363
v 65.18418504 -14.31511799 0.11003383
v 64.98576251 -14.41661410 -0.18794269
v 64.78695688 -14.47884949 -0.49702196
v -61.21901498 -12.66193641 -0.23806362
v -61.61700031 -12.79061996 -0.40668247
v -62.01462965 -12.87176149 -0.60257547
v -1.48537034 -12.87176149 -0.60257548
v -1.88299969 -12.79061996 -0.40668248
v -2.28098502 -12.66193638 -0.23806359
v -1.88299969 -12.49331753 -0.10938004
v -1.48537035 -12.29742453 -0.02823851
v -1.08738505 -12.08720000 0.00000000
v -62.41261495 -12.08720000 0.00000000
v -62.01462966 -12.29742452 -0.02823851
v -61.61700031 -12.49331752 -0.10938004
v -61.21901497 -13.79330724 0.89330724
v -61.41858680 -14.00164040 0.65506274
v -61.61739243 -14.17618537 0.39250363
v -61.81581496 -14.31511799 0.11003383
v -62.01423749 -14.41661410 -0.18794269
v -62.21304312 -14.47884949 -0.49702196
v -1.28695688 -14.47884949 -0.49702196
v -1.48576251 -14.41661410 -0.18794269
v -1.68418504 -14.31511799 0.11003382
v -1.88260757 -14.17618537 0.39250363
v -2.08141320 -14.00164040 0.65506274
v -2.28098503 -13.79330724 0.89330724
v -2.08141320 -13.55506274 1.10164040
v -1.88260757 -13.29250363 1.27618537
v -1.68418504 -13.01003383 1.41511799
v -1.48576251 -12.71205731 1.51661410
v -1.28695688 -12.40297804 1.57884949
v -1.08738505 -12.08720000 1.60000000
v -62.41261495 -12.08720000 1.60000000
v -62.21304312 -12.40297804 1.57884949
v -62.01423749 -12.71205731 1.51661410
v -61.81581496 -13.01003382 1.41511799
v -61.61739243 -13.29250363 1.27618537
v -61.41858680 -13.55506274 1.10164040
v -65.78098502 -12.66193638 -0.23806359
v -65.38299969 -12.49331753 -0.10938004
v -64.98537035 -12.29742453 -0.02823851
v -64.58738505 -12.08720000 0.00000000
v -64.98537034 -12.87176149 -0.60257548
v -65.38299969 -12.79061996 -0.40668248
v -64.78695688 -14.47884949 -0.49702196
v -64.98576251 -14.41661410 -0.18794269
v -65.18418504 -14.31511799 0.11003382
v -65.38260757 -14.17618537 0.39250363
v -65.58141320 -14.00164040 0.65506274
v -65.78098503 -13.79330724 0.89330724
v -65.58141320 -13.55506274 1.10164040
v -65.38260757 -13.29250363 1.27618537
v -65.18418504 -13.01003383 1.41511799
v -64.98576251 -12.71205731 1.51661410
v -64.78695688 -12.40297804 1.57884949
v -64.58738505 -12.08720000 1.60000000
v 2.28098505 -12.66193639 -0.23806361
v 1.88299975 -12.79061994 -0.40668245
v 1.48537037 -12.87176148 -0.60257546
v 62.01462964 -12.87176148 -0.60257546
v 61.61700026 -12.79061994 -0.40668245
v 61.21901495 -12.66193639 -0.23806361
v 61.61700025 -12.49331755 -0.10938006
v 62.01462963 -12.29742454 -0.02823852
v 62.41261495 -12.08720000 0.00000000
v 1.08738505 -12.08720000 0.00000000
v 1.48537036 -12.29742454 -0.02823852
v 1.88299974 -12.49331755 -0.10938006
v 1.08738505 -12.08720000 1.60000000
v 1.28695689 -12.40297805 1.57884949
v 1.48576252 -12.71205732 1.51661409
v 1.68418505 -13.01003384 1.41511799
v 1.88260759 -13.29250365 1.27618535
v 2.08141322 -13.55506277 1.10164038
v 2.28098505 -13.79330724 0.89330724
v 2.08141322 -14.00164038 0.65506277
v 1.88260759 -14.17618535 0.39250365
v 1.68418506 -14.31511799 0.11003385
v 1.48576252 -14.41661409 -0.18794268
v 1.28695689 -14.47884949 -0.49702195
v 62.21304311 -14.47884949 -0.49702195
v 62.01423748 -14.41661409 -0.18794268
v 61.81581495 -14.31511799 0.11003384
v 61.61739241 -14.17618535 0.39250365
v 61.41858678 -14.00164038 0.65506277
v 61.21901495 -13.79330724 0.89330724
v 61.41858678 -13.55506277 1.10164038
v 61.61739241 -13.29250365 1.27618535
v 61.81581494 -13.01003385 1.41511799
v 62.01423748 -12.71205732 1.51661409
v 62.21304311 -12.40297805 1.57884949
v 62.41261495 -12.08720000 1.60000000
v 1.08738505 12.90000000 -0.81280000
v 0.00000000 12.90000000 -1.90018505
v 62.41261495 12.90000000 -0.81280000
v 63.50000000 12.90000000 -1.90018505
v 64.58738505 12.90000000 -0.81280000
v -62.41261495 12.90000000 -0.81280000
v -63.50000000 12.90000000 -1.90018505
v -1.08738505 12.90000000 -0.81280000
v 127.00000000 12.90000000 -12.70000000
v 116.61140000 12.90000000 -12.70000000
v 127.00000000 12.90000000 -0.81280000
v -64.58738505 12.90000000 -0.81280000
v -116.61140000 12.90000000 -12.70000000
v -116.61140000 12.90000000 -10.89660000
v -116.60705399 12.90000000 -10.83029269
v -116.59409032 12.90000000 -10.76511993
v -116.57273080 12.90000000 -10.70219682
v -116.54334091 12.90000000 -10.64260000
v -116.50642350 12.90000000 -10.58734919
v -116.46261024 12.90000000 -10.53738976
v -116.41265081 12.90000000 -10.49357650
v -116.35740000 12.90000000 -10.45665909
v -116.29780318 12.90000000 -10.42726920
v -116.23488007 12.90000000 -10.40590968
v -116.16970731 12.90000000 -10.39294601
v -116.10340000 12.90000000 -10.38860000
v -112.49660000 12.90000000 -10.38860000
v -112.43029269 12.90000000 -10.39294601
v -112.36511993 12.90000000 -10.40590968
v -112.30219682 12.90000000 -10.42726920
v -112.24260000 12.90000000 -10.45665909
v -112.18734919 12.90000000 -10.49357650
v -112.13738976 12.90000000 -10.53738976
v -112.09357650 12.90000000 -10.58734919
v -112.05665909 12.90000000 -10.64260000
v -112.02726920 12.90000000 -10.70219682
v -112.00590968 12.90000000 -10.76511993
v -111.99294601 12.90000000 -10.83029269
v -111.98860000 12.90000000 -10.89660000
v -111.98860000 12.90000000 -12.70000000
v -103.91140000 12.90000000 -12.70000000
v -103.91140000 12.90000000 -10.89660000
v -103.90705399 12.90000000 -10.83029269
v -103.89409032 12.90000000 -10.76511993
v -103.87273080 12.90000000 -10.70219682
v -103.84334091 12.90000000 -10.64260000
v -103.80642350 12.90000000 -10.58734919
v -103.76261024 12.90000000 -10.53738976
v -103.71265081 12.90000000 -10.49357650
v -103.65740000 12.90000000 -10.45665909
v -103.59780318 12.90000000 -10.42726920
v -103.53488007 12.90000000 -10.40590968
v -103.46970731 12.90000000 -10.39294601
v -103.40340000 12.90000000 -10.38860000
v -99.79660000 12.90000000 -10.38860000
v -99.73029269 12.90000000 -10.39294601
v -99.66511993 12.90000000 -10.40590968
v -99.60219682 12.90000000 -10.42726920
v -99.54260000 12.90000000 -10.45665909
v -99.48734919 12.90000000 -10.49357650
v -99.43738976 12.90000000 -10.53738976
v -99.39357650 12.90000000 -10.58734919
v -99.35665909 12.90000000 -10.64260000
v -99.32726920 12.90000000 -10.70219682
v -99.30590968 12.90000000 -10.76511993
v -99.29294601 12.90000000 -10.83029269
v -99.28860000 12.90000000 -10.89660000
v -99.28860000 12.90000000 -12.70000000
v -91.21140000 12.90000000 -12.70000000
v -91.21140000 12.90000000 -10.89660000
v -91.20705399 12.90000000 -10.83029269
v -91.19409032 12.90000000 -10.76511993
v -91.17273080 12.90000000 -10.70219682
v -91.14334091 12.90000000 -10.64260000
v -91.10642350 12.90000000 -10.58734919
v -91.06261024 12.90000000 -10.53738976
v -91.01265081 12.90000000 -10.49357650
v -90.95740000 12.90000000 -10.45665909
v -90.89780318 12.90000000 -10.42726920
v -90.83488007 12.90000000 -10.40590968
v -90.76970731 12.90000000 -10.39294601
v -90.70340000 12.90000000 -10.38860000
v -87.09660000 12.90000000 -10.38860000
v -87.03029269 12.90000000 -10.39294601
v -86.96511993 12.90000000 -10.40590968
v -86.90219682 12.90000000 -10.42726920
v -86.84260000 12.90000000 -10.45665909
v -86.78734919 12.90000000 -10.49357650
v -86.73738976 12.90000000 -10.53738976
v -86.69357650 12.90000000 -10.58734919
v -86.65665909 12.90000000 -10.64260000
v -86.62726920 12.90000000 -10.70219682
v -86.60590968 12.90000000 -10.76511993
v -86.59294601 12.90000000 -10.83029269
v -86.58860000 12.90000000 -10.89660000
v -86.58860000 12.90000000 -12.70000000
v -78.51140000 12.90000000 -12.70000000
v -78.51140000 12.90000000 -10.89660000
v -78.50705399 12.90000000 -10.83029269
v -78.49409032 12.90000000 -10.76511993
v -78.47273080 12.90000000 -10.70219682
v -78.44334091 12.90000000 -10.64260000
v -78.40642350 12.90000000 -10.58734919
v -78.36261024 12.90000000 -10.53738976
v -78.31265081 12.90000000 -10.49357650
v -78.25740000 12.90000000 -10.45665909
v -78.19780318 12.90000000 -10.42726920
v -78.13488007 12.90000000 -10.40590968
v -78.06970731 12.90000000 -10.39294601
v -78.00340000 12.90000000 -10.38860000
v -74.39660000 12.90000000 -10.38860000
v -74.33029269 12.90000000 -10.39294601
v -74.26511993 12.90000000 -10.40590968
v -74.20219682 12.90000000 -10.42726920
v -74.14260000 12.90000000 -10.45665909
v -74.08734919 12.90000000 -10.49357650
v -74.03738976 12.90000000 -10.53738976
v -73.99357650 12.90000000 -10.58734919
v -73.95665909 12.90000000 -10.64260000
v -73.92726920 12.90000000 -10.70219682
v -73.90590968 12.90000000 -10.76511993
v -73.89294601 12.90000000 -10.83029269
v -73.88860000 12.90000000 -10.89660000
v -73.88860000 12.90000000 -12.70000000
v -65.81140000 12.90000000 -12.70000000
v -65.81140000 12.90000000 -10.89660000
v -65.80705399 12.90000000 -10.83029269
v -65.79409032 12.90000000 -10.76511993
v -65.77273080 12.90000000 -10.70219682
v -65.74334091 12.90000000 -10.64260000
v -65.70642350 12.90000000 -10.58734919
v -65.66261024 12.90000000 -10.53738976
v -65.61265081 12.90000000 -10.49357650
v -65.55740000 12.90000000 -10.45665909
v -65.49780318 12.90000000 -10.42726920
v -65.43488007 12.90000000 -10.40590968
v -65.36970731 12.90000000 -10.39294601
v -65.30340000 12.90000000 -10.38860000
v -61.69660000 12.90000000 -10.38860000
v -61.63029269 12.90000000 -10.39294601
v -61.56511993 12.90000000 -10.40590968
v -61.50219682 12.90000000 -10.42726920
v -61.44260000 12.90000000 -10.45665909
v -61.38734919 12.90000000 -10.49357650
v -61.33738976 12.90000000 -10.53738976
v -61.29357650 12.90000000 -10.58734919
v -61.25665909 12.90000000 -10.64260000
v -61.22726920 12.90000000 -10.70219682
v -61.20590968 12.90000000 -10.76511993
v -61.19294601 12.90000000 -10.83029269
v -61.18860000 12.90000000 -10.89660000
v -61.18860000 12.90000000 -12.70000000
v -53.11140000 12.90000000 -12.70000000
v -53.11140000 12.90000000 -10.89660000
v -53.10705399 12.90000000 -10.83029269
v -53.09409032 12.90000000 -10.76511993
v -53.07273080 12.90000000 -10.70219682
v -53.04334091 12.90000000 -10.64260000
v -53.00642350 12.90000000 -10.58734919
v -52.96261024 12.90000000 -10.53738976
v -52.91265081 12.90000000 -10.49357650
v -52.85740000 12.90000000 -10.45665909
v -52.79780318 12.90000000 -10.42726920
v -52.73488007 12.90000000 -10.40590968
v -52.66970731 12.90000000 -10.39294601
v -52.60340000 12.90000000 -10.38860000
v -48.99660000 12.90000000 -10.38860000
v -48.93029269 12.90000000 -10.39294601
v -48.86511993 12.90000000 -10.40590968
v -48.80219682 12.90000000 -10.42726920
v -48.74260000 12.90000000 -10.45665909
v -48.68734919 12.90000000 -10.49357650
v -48.63738976 12.90000000 -10.53738976
v -48.59357650 12.90000000 -10.58734919
v -48.55665909 12.90000000 -10.64260000
v -48.52726920 12.90000000 -10.70219682
v -48.50590968 12.90000000 -10.76511993
v -48.49294601 12.90000000 -10.83029269
v -48.48860000 12.90000000 -10.89660000
v -48.48860000 12.90000000 -12.70000000
v -40.41140000 12.90000000 -12.70000000
v -40.41140000 12.90000000 -10.89660000
v -40.40705399 12.90000000 -10.83029269
v -40.39409032 12.90000000 -10.76511993
v -40.37273080 12.90000000 -10.70219682
v -40.34334091 12.90000000 -10.64260000
v -40.30642350 12.90000000 -10.58734919
v -40.26261024 12.90000000 -10.53738976
v -40.21265081 12.90000000 -10.49357650
v -40.15740000 12.90000000 -10.45665909
v -40.09780318 12.90000000 -10.42726920
v -40.03488007 12.90000000 -10.40590968
v -39.96970731 12.90000000 -10.39294601
v -39.90340000 12.90000000 -10.38860000
v -36.29660000 12.90000000 -10.38860000
v -36.23029269 12.90000000 -10.39294601
v -36.16511993 12.90000000 -10.40590968
v -36.10219682 12.90000000 -10.42726920
v -36.04260000 12.90000000 -10.45665909
v -35.98734919 12.90000000 -10.49357650
v -35.93738976 12.90000000 -10.53738976
v -35.89357650 12.90000000 -10.58734919
v -35.85665909 12.90000000 -10.64260000
v -35.82726920 12.90000000 -10.70219682
v -35.80590968 12.90000000 -10.76511993
v -35.79294601 12.90000000 -10.83029269
v -35.78860000 12.90000000 -10.89660000
v -35.78860000 12.90000000 -12.70000000
v -27.71140000 12.90000000 -12.70000000
v -27.71140000 12.90000000 -10.89660000
v -27.70705399 12.90000000 -10.83029269
v -27.69409032 12.90000000 -10.76511993
v -27.67273080 12.90000000 -10.70219682
v -27.64334091 12.90000000 -10.64260000
v -27.60642350 12.90000000 -10.58734919
v -27.56261024 12.90000000 -10.53738976
v -27.51265081 12.90000000 -10.49357650
v -27.45740000 12.90000000 -10.45665909
v -27.39780318 12.90000000 -10.42726920
v -27.33488007 12.90000000 -10.40590968
v -27.26970731 12.90000000 -10.39294601
v -27.20340000 12.90000000 -10.38860000
v -23.59660000 12.90000000 -10.38860000
v -23.53029269 12.90000000 -10.39294601
v -23.46511993 12.90000000 -10.40590968
v -23.40219682 12.90000000 -10.42726920
v -23.34260000 12.90000000 -10.45665909
v -23.28734919 12.90000000 -10.49357650
v -23.23738976 12.90000000 -10.53738976
v -23.19357650 12.90000000 -10.58734919
v -23.15665909 12.90000000 -10.64260000
v -23.12726920 12.90000000 -10.70219682
v -23.10590968 12.90000000 -10.76511993
v -23.09294601 12.90000000 -10.83029269
v -23.08860000 12.90000000 -10.89660000
v -23.08860000 12.90000000 -12.70000000
v -15.01140000 12.90000000 -12.70000000
v -15.01140000 12.90000000 -10.89660000
v -15.00705399 12.90000000 -10.83029269
v -14.99409032 12.90000000 -10.76511993
v -14.97273080 12.90000000 -10.70219682
v -14.94334091 12.90000000 -10.64260000
v -14.90642350 12.90000000 -10.58734919
v -14.86261024 12.90000000 -10.53738976
v -14.81265081 12.90000000 -10.49357650
v -14.75740000 12.90000000 -10.45665909
v -14.69780318 12.90000000 -10.42726920
v -14.63488007 12.90000000 -10.40590968
v -14.56970731 12.90000000 -10.39294601
v -14.50340000 12.90000000 -10.38860000
v -10.89660000 12.90000000 -10.38860000
v -10.83029269 12.90000000 -10.39294601
v -10.76511993 12.90000000 -10.40590968
v -10.70219682 12.90000000 -10.42726920
v -10.64260000 12.90000000 -10.45665909
v -10.58734919 12.90000000 -10.49357650
v -10.53738976 12.90000000 -10.53738976
v -10.49357650 12.90000000 -10.58734919
v -10.45665909 12.90000000 -10.64260000
v -10.42726920 12.90000000 -10.70219682
v -10.40590968 12.90000000 -10.76511993
v -10.39294601 12.90000000 -10.83029269
v -10.38860000 12.90000000 -10.89660000
v -10.38860000 12.90000000 -12.70000000
v -2.31140000 12.90000000 -12.70000000
v -2.31140000 12.90000000 -10.89660000
v -2.30705399 12.90000000 -10.83029269
v -2.29409032 12.90000000 -10.76511993
v -2.27273080 12.90000000 -10.70219682
v -2.24334091 12.90000000 -10.64260000
v -2.20642350 12.90000000 -10.58734919
v -2.16261024 12.90000000 -10.53738976
v -2.11265081 12.90000000 -10.49357650
v -2.05740000 12.90000000 -10.45665909
v -1.99780318 12.90000000 -10.42726920
v -1.93488007 12.90000000 -10.40590968
v -1.86970731 12.90000000 -10.39294601
v -1.80340000 12.90000000 -10.38860000
v 1.80340000 12.90000000 -10.38860000
v 1.86970731 12.90000000 -10.39294601
v 1.93488007 12.90000000 -10.40590968
v 1.99780318 12.90000000 -10.42726920
v 2.05740000 12.90000000 -10.45665909
v 2.11265081 12.90000000 -10.49357650
v 2.16261024 12.90000000 -10.53738976
v 2.20642350 12.90000000 -10.58734919
v 2.24334091 12.90000000 -10.64260000
v 2.27273080 12.90000000 -10.70219682
v 2.29409032 12.90000000 -10.76511993
v 2.30705399 12.90000000 -10.83029269
v 2.31140000 12.90000000 -10.89660000
v 2.31140000 12.90000000 -12.70000000
v 10.38860000 12.90000000 -12.70000000
v 10.38860000 12.90000000 -10.89660000
v 10.39294601 12.90000000 -10.83029269
v 10.40590968 12.90000000 -10.76511993
v 10.42726920 12.90000000 -10.70219682
v 10.45665909 12.90000000 -10.64260000
v 10.49357650 12.90000000 -10.58734919
v 10.53738976 12.90000000 -10.53738976
v 10.58734919 12.90000000 -10.49357650
v 10.64260000 12.90000000 -10.45665909
v 10.70219682 12.90000000 -10.42726920
v 10.76511993 12.90000000 -10.40590968
v 10.83029269 12.90000000 -10.39294601
v 10.89660000 12.90000000 -10.38860000
v 14.50340000 12.90000000 -10.38860000
v 14.56970731 12.90000000 -10.39294601
v 14.63488007 12.90000000 -10.40590968
v 14.69780318 12.90000000 -10.42726920
v 14.75740000 12.90000000 -10.45665909
v 14.81265081 12.90000000 -10.49357650
v 14.86261024 12.90000000 -10.53738976
v 14.90642350 12.90000000 -10.58734919
v 14.94334091 12.90000000 -10.64260000
v 14.97273080 12.90000000 -10.70219682
v 14.99409032 12.90000000 -10.76511993
v 15.00705399 12.90000000 -10.83029269
v 15.01140000 12.90000000 -10.89660000
v 15.01140000 12.90000000 -12.70000000
v 23.08860000 12.90000000 -12.70000000
v 23.08860000 12.90000000 -10.89660000
v 23.09294601 12.90000000 -10.83029269
v 23.10590968 12.90000000 -10.76511993
v 23.12726920 12.90000000 -10.70219682
v 23.15665909 12.90000000 -10.64260000
v 23.19357650 12.90000000 -10.58734919
v 23.23738976 12.90000000 -10.53738976
v 23.28734919 12.90000000 -10.49357650
v 23.34260000 12.90000000 -10.45665909
v 23.40219682 12.90000000 -10.42726920
v 23.46511993 12.90000000 -10.40590968
v 23.53029269 12.90000000 -10.39294601
v 23.59660000 12.90000000 -10.38860000
v 27.20340000 12.90000000 -10.38860000
v 27.26970731 12.90000000 -10.39294601
v 27.33488007 12.90000000 -10.40590968
v 27.39780318 12.90000000 -10.42726920
v 27.45740000 12.90000000 -10.45665909
v 27.51265081 12.90000000 -10.49357650
v 27.56261024 12.90000000 -10.53738976
v 27.60642350 12.90000000 -10.58734919
v 27.64334091 12.90000000 -10.64260000
v 27.67273080 12.90000000 -10.70219682
v 27.69409032 12.90000000 -10.76511993
v 27.70705399 12.90000000 -10.83029269
v 27.71140000 12.90000000 -10.89660000
v 27.71140000 12.90000000 -12.70000000
v 35.78860000 12.90000000 -12.70000000
v 35.78860000 12.90000000 -10.89660000
v 35.79294601 12.90000000 -10.83029269
v 35.80590968 12.90000000 -10.76511993
v 35.82726920 12.90000000 -10.70219682
v 35.85665909 12.90000000 -10.64260000
v 35.89357650 12.90000000 -10.58734919
v 35.93738976 12.90000000 -10.53738976
v 35.98734919 12.90000000 -10.49357650
v 36.04260000 12.90000000 -10.45665909
v 36.10219682 12.90000000 -10.42726920
v 36.16511993 12.90000000 -10.40590968
v 36.23029269 12.90000000 -10.39294601
v 36.29660000 12.90000000 -10.38860000
v 39.90340000 12.90000000 -10.38860000
v 39.96970731 12.90000000 -10.39294601
v 40.03488007 12.90000000 -10.40590968
v 40.09780318 12.90000000 -10.42726920
v 40.15740000 12.90000000 -10.45665909
v 40.21265081 12.90000000 -10.49357650
v 40.26261024 12.90000000 -10.53738976
v 40.30642350 12.90000000 -10.58734919
v 40.34334091 12.90000000 -10.64260000
v 40.37273080 12.90000000 -10.70219682
v 40.39409032 12.90000000 -10.76511993
v 40.40705399 12.90000000 -10.83029269
v 40.41140000 12.90000000 -10.89660000
v 40.41140000 12.90000000 -12.70000000
v 48.48860000 12.90000000 -12.70000000
v 48.48860000 12.90000000 -10.89660000
v 48.49294601 12.90000000 -10.83029269
v 48.50590968 12.90000000 -10.76511993
v 48.52726920 12.90000000 -10.70219682
v 48.55665909 12.90000000 -10.64260000
v 48.59357650 12.90000000 -10.58734919
v 48.63738976 12.90000000 -10.53738976
v 48.68734919 12.90000000 -10.49357650
v 48.74260000 12.90000000 -10.45665909
v 48.80219682 12.90000000 -10.42726920
v 48.86511993 12.90000000 -10.40590968
v 48.93029269 12.90000000 -10.39294601
v 48.99660000 12.90000000 -10.38860000
v 52.60340000 12.90000000 -10.38860000
v 52.66970731 12.90000000 -10.39294601
v 52.73488007 12.90000000 -10.40590968
v 52.79780318 12.90000000 -10.42726920
v 52.85740000 12.90000000 -10.45665909
v 52.91265081 12.90000000 -10.49357650
v 52.96261024 12.90000000 -10.53738976
v 53.00642350 12.90000000 -10.58734919
v 53.04334091 12.90000000 -10.64260000
v 53.07273080 12.90000000 -10.70219682
v 53.09409032 12.90000000 -10.76511993
v 53.10705399 12.90000000 -10.83029269
v 53.11140000 12.90000000 -10.89660000
v 53.11140000 12.90000000 -12.70000000
v 61.18860000 12.90000000 -12.70000000
v 61.18860000 12.90000000 -10.89660000
v 61.19294601 12.90000000 -10.83029269
v 61.20590968 12.90000000 -10.76511993
v 61.22726920 12.90000000 -10.70219682
v 61.25665909 12.90000000 -10.64260000
v 61.29357650 12.90000000 -10.58734919
v 61.33738976 12.90000000 -10.53738976
v 61.38734919 12.90000000 -10.49357650
v 61.44260000 12.90000000 -10.45665909
v 61.50219682 12.90000000 -10.42726920
v 61.56511993 12.90000000 -10.40590968
v 61.63029269 12.90000000 -10.39294601
v 61.69660000 12.90000000 -10.38860000
v 65.30340000 12.90000000 -10.38860000
v 65.36970731 12.90000000 -10.39294601
v 65.43488007 12.90000000 -10.40590968
v 65.49780318 12.90000000 -10.42726920
v 65.55740000 12.90000000 -10.45665909
v 65.61265081 12.90000000 -10.49357650
v 65.66261024 12.90000000 -10.53738976
v 65.70642350 12.90000000 -10.58734919
v 65.74334091 12.90000000 -10.64260000
v 65.77273080 12.90000000 -10.70219682
v 65.79409032 12.90000000 -10.76511993
v 65.80705399 12.90000000 -10.83029269
v 65.81140000 12.90000000 -10.89660000
v 65.81140000 12.90000000 -12.70000000
v 73.88860000 12.90000000 -12.70000000
v 73.88860000 12.90000000 -10.89660000
v 73.89294601 12.90000000 -10.83029269
v 73.90590968 12.90000000 -10.76511993
v 73.92726920 12.90000000 -10.70219682
v 73.95665909 12.90000000 -10.64260000
v 73.99357650 12.90000000 -10.58734919
v 74.03738976 12.90000000 -10.53738976
v 74.08734919 12.90000000 -10.49357650
v 74.14260000 12.90000000 -10.45665909
v 74.20219682 12.90000000 -10.42726920
v 74.26511993 12.90000000 -10.40590968
v 74.33029269 12.90000000 -10.39294601
v 74.39660000 12.90000000 -10.38860000
v 78.00340000 12.90000000 -10.38860000
v 78.06970731 12.90000000 -10.39294601
v 78.13488007 12.90000000 -10.40590968
v 78.19780318 12.90000000 -10.42726920
v 78.25740000 12.90000000 -10.45665909
v 78.31265081 12.90000000 -10.49357650
v 78.36261024 12.90000000 -10.53738976
v 78.40642350 12.90000000 -10.58734919
v 78.44334091 12.90000000 -10.64260000
v 78.47273080 12.90000000 -10.70219682
v 78.49409032 12.90000000 -10.76511993
v 78.50705399 12.90000000 -10.83029269
v 78.51140000 12.90000000 -10.89660000
v 78.51140000 12.90000000 -12.70000000
v 86.58860000 12.90000000 -12.70000000
v 86.58860000 12.90000000 -10.89660000
v 86.59294601 12.90000000 -10.83029269
v 86.60590968 12.90000000 -10.76511993
v 86.62726920 12.90000000 -10.70219682
v 86.65665909 12.90000000 -10.64260000
v 86.69357650 12.90000000 -10.58734919
v 86.73738976 12.90000000 -10.53738976
v 86.78734919 12.90000000 -10.49357650
v 86.84260000 12.90000000 -10.45665909
v 86.90219682 12.90000000 -10.42726920
v 86.96511993 12.90000000 -10.40590968
v 87.03029269 12.90000000 -10.39294601
v 87.09660000 12.90000000 -10.38860000
v 90.70340000 12.90000000 -10.38860000
v 90.76970731 12.90000000 -10.39294601
v 90.83488007 12.90000000 -10.40590968
v 90.89780318 12.90000000 -10.42726920
v 90.95740000 12.90000000 -10.45665909
v 91.01265081 12.90000000 -10.49357650
v 91.06261024 12.90000000 -10.53738976
v 91.10642350 12.90000000 -10.58734919
v 91.14334091 12.90000000 -10.64260000
v 91.17273080 12.90000000 -10.70219682
v 91.19409032 12.90000000 -10.76511993
v 91.20705399 12.90000000 -10.83029269
v 91.21140000 12.90000000 -10.89660000
v 91.21140000 12.90000000 -12.70000000
v 99.28860000 12.90000000 -12.70000000
v 99.28860000 12.90000000 -10.89660000
v 99.29294601 12.90000000 -10.83029269
v 99.30590968 12.90000000 -10.76511993
v 99.32726920 12.90000000 -10.70219682
v 99.35665909 12.90000000 -10.64260000
v 99.39357650 12.90000000 -10.58734919
v 99.43738976 12.90000000 -10.53738976
v 99.48734919 12.90000000 -10.49357650
v 99.54260000 12.90000000 -10.45665909
v 99.60219682 12.90000000 -10.42726920
v 99.66511993 12.90000000 -10.40590968
v 99.73029269 12.90000000 -10.39294601
v 99.79660000 12.90000000 -10.38860000
v 103.40340000 12.90000000 -10.38860000
v 103.46970731 12.90000000 -10.39294601
v 103.53488007 12.90000000 -10.40590968
v 103.59780318 12.90000000 -10.42726920
v 103.65740000 12.90000000 -10.45665909
v 103.71265081 12.90000000 -10.49357650
v 103.76261024 12.90000000 -10.53738976
v 103.80642350 12.90000000 -10.58734919
v 103.84334091 12.90000000 -10.64260000
v 103.87273080 12.90000000 -10.70219682
v 103.89409032 12.90000000 -10.76511993
v 103.90705399 12.90000000 -10.83029269
v 103.91140000 12.90000000 -10.89660000
v 103.91140000 12.90000000 -12.70000000
v 111.98860000 12.90000000 -12.70000000
v 111.98860000 12.90000000 -10.89660000
v 111.99294601 12.90000000 -10.83029269
v 112.00590968 12.90000000 -10.76511993
v 112.02726920 12.90000000 -10.70219682
v 112.05665909 12.90000000 -10.64260000
v 112.09357650 12.90000000 -10.58734919
v 112.13738976 12.90000000 -10.53738976
v 112.18734919 12.90000000 -10.49357650
v 112.24260000 12.90000000 -10.45665909
v 112.30219682 12.90000000 -10.42726920
v 112.36511993 12.90000000 -10.40590968
v 112.43029269 12.90000000 -10.39294601
v 112.49660000 12.90000000 -10.38860000
v 116.10340000 12.90000000 -10.38860000
v 116.16970731 12.90000000 -10.39294601
v 116.23488007 12.90000000 -10.40590968
v 116.29780318 12.90000000 -10.42726920
v 116.35740000 12.90000000 -10.45665909
v 116.41265081 12.90000000 -10.49357650
v 116.46261024 12.90000000 -10.53738976
v 116.50642350 12.90000000 -10.58734919
v 116.54334091 12.90000000 -10.64260000
v 116.57273080 12.90000000 -10.70219682
v 116.59409032 12.90000000 -10.76511993
v 116.60705399 12.90000000 -10.83029269
v 116.61140000 12.90000000 -10.89660000
v -122.96140000 12.90000000 -4.54660000
v -122.96140000 12.90000000 -8.15340000
v -122.95705399 12.90000000 -4.48029269
v -122.94409032 12.90000000 -4.41511993
v -122.92273080 12.90000000 -4.35219682
v -122.89334091 12.90000000 -4.29260000
v -122.85642350 12.90000000 -4.23734919
v -122.81261024 12.90000000 -4.18738976
v -122.76265081 12.90000000 -4.14357650
v -122.70740000 12.90000000 -4.10665909
v -122.64780318 12.90000000 -4.07726920
v -122.58488007 12.90000000 -4.05590968
v -122.51970731 12.90000000 -4.04294601
v -122.45340000 12.90000000 -4.03860000
v -118.84660000 12.90000000 -4.03860000
v -118.78029269 12.90000000 -4.04294601
v -118.71511993 12.90000000 -4.05590968
v -118.65219682 12.90000000 -4.07726920
v -118.59260000 12.90000000 -4.10665909
v -118.53734919 12.90000000 -4.14357650
v -118.48738976 12.90000000 -4.18738976
v -118.44357650 12.90000000 -4.23734919
v -118.40665909 12.90000000 -4.29260000
v -118.37726920 12.90000000 -4.35219682
v -118.35590968 12.90000000 -4.41511993
v -118.34294601 12.90000000 -4.48029269
v -118.33860000 12.90000000 -4.54660000
v -118.33860000 12.90000000 -8.15340000
v -118.34294601 12.90000000 -8.21970731
v -118.35590968 12.90000000 -8.28488007
v -118.37726920 12.90000000 -8.34780318
v -118.40665909 12.90000000 -8.40740000
v -118.44357650 12.90000000 -8.46265081
v -118.48738976 12.90000000 -8.51261024
v -118.53734919 12.90000000 -8.55642350
v -118.59260000 12.90000000 -8.59334091
v -118.65219682 12.90000000 -8.62273080
v -118.71511993 12.90000000 -8.64409032
v -118.78029269 12.90000000 -8.65705399
v -118.84660000 12.90000000 -8.66140000
v -122.45340000 12.90000000 -8.66140000
v -122.51970731 12.90000000 -8.65705399
v -122.58488007 12.90000000 -8.64409032
v -122.64780318 12.90000000 -8.62273080
v -122.70740000 12.90000000 -8.59334091
v -122.76265081 12.90000000 -8.55642350
v -122.81261024 12.90000000 -8.51261024
v -122.85642350 12.90000000 -8.46265081
v -122.89334091 12.90000000 -8.40740000
v -122.92273080 12.90000000 -8.34780318
v -122.94409032 12.90000000 -8.28488007
v -122.95705399 12.90000000 -8.21970731
v -110.26140000 12.90000000 -4.54660000
v -110.26140000 12.90000000 -8.15340000
v -110.25705399 12.90000000 -4.48029269
v -110.24409032 12.90000000 -4.41511993
v -110.22273080 12.90000000 -4.35219682
v -110.19334091 12.90000000 -4.29260000
v -110.15642350 12.90000000 -4.23734919
v -110.11261024 12.90000000 -4.18738976
v -110.06265081 12.90000000 -4.14357650
v -110.00740000 12.90000000 -4.10665909
v -109.94780318 12.90000000 -4.07726920
v -109.88488007 12.90000000 -4.05590968
v -109.81970731 12.90000000 -4.04294601
v -109.75340000 12.90000000 -4.03860000
v -106.14660000 12.90000000 -4.03860000
v -106.08029269 12.90000000 -4.04294601
v -106.01511993 12.90000000 -4.05590968
v -105.95219682 12.90000000 -4.07726920
v -105.89260000 12.90000000 -4.10665909
v -105.83734919 12.90000000 -4.14357650
v -105.78738976 12.90000000 -4.18738976
v -105.74357650 12.90000000 -4.23734919
v -105.70665909 12.90000000 -4.29260000
v -105.67726920 12.90000000 -4.35219682
v -105.65590968 12.90000000 -4.41511993
v -105.64294601 12.90000000 -4.48029269
v -105.63860000 12.90000000 -4.54660000
v -105.63860000 12.90000000 -8.15340000
v -105.64294601 12.90000000 -8.21970731
v -105.65590968 12.90000000 -8.28488007
v -105.67726920 12.90000000 -8.34780318
v -105.70665909 12.90000000 -8.40740000
v -105.74357650 12.90000000 -8.46265081
v -105.78738976 12.90000000 -8.51261024
v -105.83734919 12.90000000 -8.55642350
v -105.89260000 12.90000000 -8.59334091
v -105.95219682 12.90000000 -8.62273080
v -106.01511993 12.90000000 -8.64409032
v -106.08029269 12.90000000 -8.65705399
v -106.14660000 12.90000000 -8.66140000
v -109.75340000 12.90000000 -8.66140000
v -109.81970731 12.90000000 -8.65705399
v -109.88488007 12.90000000 -8.64409032
v -109.94780318 12.90000000 -8.62273080
v -110.00740000 12.90000000 -8.59334091
v -110.06265081 12.90000000 -8.55642350
v -110.11261024 12.90000000 -8.51261024
v -110.15642350 12.90000000 -8.46265081
v -110.19334091 12.90000000 -8.40740000
v -110.22273080 12.90000000 -8.34780318
v -110.24409032 12.90000000 -8.28488007
v -110.25705399 12.90000000 -8.21970731
v -97.56140000 12.90000000 -4.54660000
v -97.56140000 12.90000000 -8.15340000
v -97.55705399 12.90000000 -4.48029269
v -97.54409032 12.90000000 -4.41511993
v -97.52273080 12.90000000 -4.35219682
v -97.49334091 12.90000000 -4.29260000
v -97.45642350 12.90000000 -4.23734919
v -97.41261024 12.90000000 -4.18738976
v -97.36265081 12.90000000 -4.14357650
v -97.30740000 12.90000000 -4.10665909
v -97.24780318 12.90000000 -4.07726920
v -97.18488007 12.90000000 -4.05590968
v -97.11970731 12.90000000 -4.04294601
v -97.05340000 12.90000000 -4.03860000
v -93.44660000 12.90000000 -4.03860000
v -93.38029269 12.90000000 -4.04294601
v -93.31511993 12.90000000 -4.05590968
v -93.25219682 12.90000000 -4.07726920
v -93.19260000 12.90000000 -4.10665909
v -93.13734919 12.90000000 -4.14357650
v -93.08738976 12.90000000 -4.18738976
v -93.04357650 12.90000000 -4.23734919
v -93.00665909 12.90000000 -4.29260000
v -92.97726920 12.90000000 -4.35219682
v -92.95590968 12.90000000 -4.41511993
v -92.94294601 12.90000000 -4.48029269
v -92.93860000 12.90000000 -4.54660000
v -92.93860000 12.90000000 -8.15340000
v -92.94294601 12.90000000 -8.21970731
v -92.95590968 12.90000000 -8.28488007
v -92.97726920 12.90000000 -8.34780318
v -93.00665909 12.90000000 -8.40740000
v -93.04357650 12.90000000 -8.46265081
v -93.08738976 12.90000000 -8.51261024
v -93.13734919 12.90000000 -8.55642350
v -93.19260000 12.90000000 -8.59334091
v -93.25219682 12.90000000 -8.62273080
v -93.31511993 12.90000000 -8.64409032
v -93.38029269 12.90000000 -8.65705399
v -93.44660000 12.90000000 -8.66140000
v -97.05340000 12.90000000 -8.66140000
v -97.11970731 12.90000000 -8.65705399
v -97.18488007 12.90000000 -8.64409032
v -97.24780318 12.90000000 -8.62273080
v -97.30740000 12.90000000 -8.59334091
v -97.36265081 12.90000000 -8.55642350
v -97.41261024 12.90000000 -8.51261024
v -97.45642350 12.90000000 -8.46265081
v -97.49334091 12.90000000 -8.40740000
v -97.52273080 12.90000000 -8.34780318
v -97.54409032 12.90000000 -8.28488007
v -97.55705399 12.90000000 -8.21970731
v -84.86140000 12.90000000 -4.54660000
v -84.86140000 12.90000000 -8.15340000
v -84.85705399 12.90000000 -4.48029269
v -84.84409032 12.90000000 -4.41511993
v -84.82273080 12.90000000 -4.35219682
v -84.79334091 12.90000000 -4.29260000
v -84.75642350 12.90000000 -4.23734919
v -84.71261024 12.90000000 -4.18738976
v -84.66265081 12.90000000 -4.14357650
v -84.60740000 12.90000000 -4.10665909
v -84.54780318 12.90000000 -4.07726920
v -84.48488007 12.90000000 -4.05590968
v -84.41970731 12.90000000 -4.04294601
v -84.35340000 12.90000000 -4.03860000
v -80.74660000 12.90000000 -4.03860000
v -80.68029269 12.90000000 -4.04294601
v -80.61511993 12.90000000 -4.05590968
v -80.55219682 12.90000000 -4.07726920
v -80.49260000 12.90000000 -4.10665909
v -80.43734919 12.90000000 -4.14357650
v -80.38738976 12.90000000 -4.18738976
v -80.34357650 12.90000000 -4.23734919
v -80.30665909 12.90000000 -4.29260000
v -80.27726920 12.90000000 -4.35219682
v -80.25590968 12.90000000 -4.41511993
v -80.24294601 12.90000000 -4.48029269
v -80.23860000 12.90000000 -4.54660000
v -80.23860000 12.90000000 -8.15340000
v -80.24294601 12.90000000 -8.21970731
v -80.25590968 12.90000000 -8.28488007
v -80.27726920 12.90000000 -8.34780318
v -80.30665909 12.90000000 -8.40740000
v -80.34357650 12.90000000 -8.46265081
v -80.38738976 12.90000000 -8.51261024
v -80.43734919 12.90000000 -8.55642350
v -80.49260000 12.90000000 -8.59334091
v -80.55219682 12.90000000 -8.62273080
v -80.61511993 12.90000000 -8.64409032
v -80.68029269 12.90000000 -8.65705399
v -80.74660000 12.90000000 -8.66140000
v -84.35340000 12.90000000 -8.66140000
v -84.41970731 12.90000000 -8.65705399
v -84.48488007 12.90000000 -8.64409032
v -84.54780318 12.90000000 -8.62273080
v -84.60740000 12.90000000 -8.59334091
v -84.66265081 12.90000000 -8.55642350
v -84.71261024 12.90000000 -8.51261024
v -84.75642350 12.90000000 -8.46265081
v -84.79334091 12.90000000 -8.40740000
v -84.82273080 12.90000000 -8.34780318
v -84.84409032 12.90000000 -8.28488007
v -84.85705399 12.90000000 -8.21970731
v -72.16140000 12.90000000 -4.54660000
v -72.16140000 12.90000000 -8.15340000
v -72.15705399 12.90000000 -4.48029269
v -72.14409032 12.90000000 -4.41511993
v -72.12273080 12.90000000 -4.35219682
v -72.09334091 12.90000000 -4.29260000
v -72.05642350 12.90000000 -4.23734919
v -72.01261024 12.90000000 -4.18738976
v -71.96265081 12.90000000 -4.14357650
v -71.90740000 12.90000000 -4.10665909
v -71.84780318 12.90000000 -4.07726920
v -71.78488007 12.90000000 -4.05590968
v -71.71970731 12.90000000 -4.04294601
v -71.65340000 12.90000000 -4.03860000
v -68.04660000 12.90000000 -4.03860000
v -67.98029269 12.90000000 -4.04294601
v -67.91511993 12.90000000 -4.05590968
v -67.85219682 12.90000000 -4.07726920
v -67.79260000 12.90000000 -4.10665909
v -67.73734919 12.90000000 -4.14357650
v -67.68738976 12.90000000 -4.18738976
v -67.64357650 12.90000000 -4.23734919
v -67.60665909 12.90000000 -4.29260000
v -67.57726920 12.90000000 -4.35219682
v -67.55590968 12.90000000 -4.41511993
v -67.54294601 12.90000000 -4.48029269
v -67.53860000 12.90000000 -4.54660000
v -67.53860000 12.90000000 -8.15340000
v -67.54294601 12.90000000 -8.21970731
v -67.55590968 12.90000000 -8.28488007
v -67.57726920 12.90000000 -8.34780318
v -67.60665909 12.90000000 -8.40740000
v -67.64357650 12.90000000 -8.46265081
v -67.68738976 12.90000000 -8.51261024
v -67.73734919 12.90000000 -8.55642350
v -67.79260000 12.90000000 -8.59334091
v -67.85219682 12.90000000 -8.62273080
v -67.91511993 12.90000000 -8.64409032
v -67.98029269 12.90000000 -8.65705399
v -68.04660000 12.90000000 -8.66140000
v -71.65340000 12.90000000 -8.66140000
v -71.71970731 12.90000000 -8.65705399
v -71.78488007 12.90000000 -8.64409032
v -71.84780318 12.90000000 -8.62273080
v -71.90740000 12.90000000 -8.59334091
v -71.96265081 12.90000000 -8.55642350
v -72.01261024 12.90000000 -8.51261024
v -72.05642350 12.90000000 -8.46265081
v -72.09334091 12.90000000 -8.40740000
v -72.12273080 12.90000000 -8.34780318
v -72.14409032 12.90000000 -8.28488007
v -72.15705399 12.90000000 -8.21970731
v -59.46140000 12.90000000 -4.54660000
v -59.46140000 12.90000000 -8.15340000
v -59.45705399 12.90000000 -4.48029269
v -59.44409032 12.90000000 -4.41511993
v -59.42273080 12.90000000 -4.35219682
v -59.39334091 12.90000000 -4.29260000
v -59.35642350 12.90000000 -4.23734919
v -59.31261024 12.90000000 -4.18738976
v -59.26265081 12.90000000 -4.14357650
v -59.20740000 12.90000000 -4.10665909
v -59.14780318 12.90000000 -4.07726920
v -59.08488007 12.90000000 -4.05590968
v -59.01970731 12.90000000 -4.04294601
v -58.95340000 12.90000000 -4.03860000
v -55.34660000 12.90000000 -4.03860000
v -55.28029269 12.90000000 -4.04294601
v -55.21511993 12.90000000 -4.05590968
v -55.15219682 12.90000000 -4.07726920
v -55.09260000 12.90000000 -4.10665909
v -55.03734919 12.90000000 -4.14357650
v -54.98738976 12.90000000 -4.18738976
v -54.94357650 12.90000000 -4.23734919
v -54.90665909 12.90000000 -4.29260000
v -54.87726920 12.90000000 -4.35219682
v -54.85590968 12.90000000 -4.41511993
v -54.84294601 12.90000000 -4.48029269
v -54.83860000 12.90000000 -4.54660000
v -54.83860000 12.90000000 -8.15340000
v -54.84294601 12.90000000 -8.21970731
v -54.85590968 12.90000000 -8.28488007
v -54.87726920 12.90000000 -8.34780318
v -54.90665909 12.90000000 -8.40740000
v -54.94357650 12.90000000 -8.46265081
v -54.98738976 12.90000000 -8.51261024
v -55.03734919 12.90000000 -8.55642350
v -55.09260000 12.90000000 -8.59334091
v -55.15219682 12.90000000 -8.62273080
v -55.21511993 12.90000000 -8.64409032
v -55.28029269 12.90000000 -8.65705399
v -55.34660000 12.90000000 -8.66140000
v -58.95340000 12.90000000 -8.66140000
v -59.01970731 12.90000000 -8.65705399
v -59.08488007 12.90000000 -8.64409032
v -59.14780318 12.90000000 -8.62273080
v -59.20740000 12.90000000 -8.59334091
v -59.26265081 12.90000000 -8.55642350
v -59.31261024 12.90000000 -8.51261024
v -59.35642350 12.90000000 -8.46265081
v -59.39334091 12.90000000 -8.40740000
v -59.42273080 12.90000000 -8.34780318
v -59.44409032 12.90000000 -8.28488007
v -59.45705399 12.90000000 -8.21970731
v -46.76140000 12.90000000 -4.54660000
v -46.76140000 12.90000000 -8.15340000
v -46.75705399 12.90000000 -4.48029269
v -46.74409032 12.90000000 -4.41511993
v -46.72273080 12.90000000 -4.35219682
v -46.69334091 12.90000000 -4.29260000
v -46.65642350 12.90000000 -4.23734919
v -46.61261024 12.90000000 -4.18738976
v -46.56265081 12.90000000 -4.14357650
v -46.50740000 12.90000000 -4.10665909
v -46.44780318 12.90000000 -4.07726920
v -46.38488007 12.90000000 -4.05590968
v -46.31970731 12.90000000 -4.04294601
v -46.25340000 12.90000000 -4.03860000
v -42.64660000 12.90000000 -4.03860000
v -42.58029269 12.90000000 -4.04294601
v -42.51511993 12.90000000 -4.05590968
v -42.45219682 12.90000000 -4.07726920
v -42.39260000 12.90000000 -4.10665909
v -42.33734919 12.90000000 -4.14357650
v -42.28738976 12.90000000 -4.18738976
v -42.24357650 12.90000000 -4.23734919
v -42.20665909 12.90000000 -4.29260000
v -42.17726920 12.90000000 -4.35219682
v -42.15590968 12.90000000 -4.41511993
v -42.14294601 12.90000000 -4.48029269
v -42.13860000 12.90000000 -4.54660000
v -42.13860000 12.90000000 -8.15340000
v -42.14294601 12.90000000 -8.21970731
v -42.15590968 12.90000000 -8.28488007
v -42.17726920 12.90000000 -8.34780318
v -42.20665909 12.90000000 -8.40740000
v -42.24357650 12.90000000 -8.46265081
v -42.28738976 12.90000000 -8.51261024
v -42.33734919 12.90000000 -8.55642350
v -42.39260000 12.90000000 -8.59334091
v -42.45219682 12.90000000 -8.62273080
v -42.51511993 12.90000000 -8.64409032
v -42.58029269 12.90000000 -8.65705399
v -42.64660000 12.90000000 -8.66140000
v -46.25340000 12.90000000 -8.66140000
v -46.31970731 12.90000000 -8.65705399
v -46.38488007 12.90000000 -8.64409032
v -46.44780318 12.90000000 -8.62273080
v -46.50740000 12.90000000 -8.59334091
v -46.56265081 12.90000000 -8.55642350
v -46.61261024 12.90000000 -8.51261024
v -46.65642350 12.90000000 -8.46265081
v -46.69334091 12.90000000 -8.40740000
v -46.72273080 12.90000000 -8.34780318
v -46.74409032 12.90000000 -8.28488007
v -46.75705399 12.90000000 -8.21970731
v -34.06140000 12.90000000 -4.54660000
v -34.06140000 12.90000000 -8.15340000
v -34.05705399 12.90000000 -4.48029269
v -34.04409032 12.90000000 -4.41511993
v -34.02273080 12.90000000 -4.35219682
v -33.99334091 12.90000000 -4.29260000
v -33.95642350 12.90000000 -4.23734919
v -33.91261024 12.90000000 -4.18738976
v -33.86265081 12.90000000 -4.14357650
v -33.80740000 12.90000000 -4.10665909
v -33.74780318 12.90000000 -4.07726920
v -33.68488007 12.90000000 -4.05590968
v -33.61970731 12.90000000 -4.04294601
v -33.55340000 12.90000000 -4.03860000
v -29.94660000 12.90000000 -4.03860000
v -29.88029269 12.90000000 -4.04294601
v -29.81511993 12.90000000 -4.05590968
v -29.75219682 12.90000000 -4.07726920
v -29.69260000 12.90000000 -4.10665909
v -29.63734919 12.90000000 -4.14357650
v -29.58738976 12.90000000 -4.18738976
v -29.54357650 12.90000000 -4.23734919
v -29.50665909 12.90000000 -4.29260000
v -29.47726920 12.90000000 -4.35219682
v -29.45590968 12.90000000 -4.41511993
v -29.44294601 12.90000000 -4.48029269
v -29.43860000 12.90000000 -4.54660000
v -29.43860000 12.90000000 -8.15340000
v -29.44294601 12.90000000 -8.21970731
v -29.45590968 12.90000000 -8.28488007
v -29.47726920 12.90000000 -8.34780318
v -29.50665909 12.90000000 -8.40740000
v -29.54357650 12.90000000 -8.46265081
v -29.58738976 12.90000000 -8.51261024
v -29.63734919 12.90000000 -8.55642350
v -29.69260000 12.90000000 -8.59334091
v -29.75219682 12.90000000 -8.62273080
v -29.81511993 12.90000000 -8.64409032
v -29.88029269 12.90000000 -8.65705399
v -29.94660000 12.90000000 -8.66140000
v -33.55340000 12.90000000 -8.66140000
v -33.61970731 12.90000000 -8.65705399
v -33.68488007 12.90000000 -8.64409032
v -33.74780318 12.90000000 -8.62273080
v -33.80740000 12.90000000 -8.59334091
v -33.86265081 12.90000000 -8.55642350
v -33.91261024 12.90000000 -8.51261024
v -33.95642350 12.90000000 -8.46265081
v -33.99334091 12.90000000 -8.40740000
v -34.02273080 12.90000000 -8.34780318
v -34.04409032 12.90000000 -8.28488007
v -34.05705399 12.90000000 -8.21970731
v -21.36140000 12.90000000 -4.54660000
v -21.36140000 12.90000000 -8.15340000
v -21.35705399 12.90000000 -4.48029269
v -21.34409032 12.90000000 -4.41511993
v -21.32273080 12.90000000 -4.35219682
v -21.29334091 12.90000000 -4.29260000
v -21.25642350 12.90000000 -4.23734919
v -21.21261024 12.90000000 -4.18738976
v -21.16265081 12.90000000 -4.14357650
v -21.10740000 12.90000000 -4.10665909
v -21.04780318 12.90000000 -4.07726920
v -20.98488007 12.90000000 -4.05590968
v -20.91970731 12.90000000 -4.04294601
v -20.85340000 12.90000000 -4.03860000
v -17.24660000 12.90000000 -4.03860000
v -17.18029269 12.90000000 -4.04294601
v -17.11511993 12.90000000 -4.05590968
v -17.05219682 12.90000000 -4.07726920
v -16.99260000 12.90000000 -4.10665909
v -16.93734919 12.90000000 -4.14357650
v -16.88738976 12.90000000 -4.18738976
v -16.84357650 12.90000000 -4.23734919
v -16.80665909 12.90000000 -4.29260000
v -16.77726920 12.90000000 -4.35219682
v -16.75590968 12.90000000 -4.41511993
v -16.74294601 12.90000000 -4.48029269
v -16.73860000 12.90000000 -4.54660000
v -16.73860000 12.90000000 -8.15340000
v -16.74294601 12.90000000 -8.21970731
v -16.75590968 12.90000000 -8.28488007
v -16.77726920 12.90000000 -8.34780318
v -16.80665909 12.90000000 -8.40740000
v -16.84357650 12.90000000 -8.46265081
v -16.88738976 12.90000000 -8.51261024
v -16.93734919 12.90000000 -8.55642350
v -16.99260000 12.90000000 -8.59334091
v -17.05219682 12.90000000 -8.62273080
v -17.11511993 12.90000000 -8.64409032
v -17.18029269 12.90000000 -8.65705399
v -17.24660000 12.90000000 -8.66140000
v -20.85340000 12.90000000 -8.66140000
v -20.91970731 12.90000000 -8.65705399
v -20.98488007 12.90000000 -8.64409032
v -21.04780318 12.90000000 -8.62273080
v -21.10740000 12.90000000 -8.59334091
v -21.16265081 12.90000000 -8.55642350
v -21.21261024 12.90000000 -8.51261024
v -21.25642350 12.90000000 -8.46265081
v -21.29334091 12.90000000 -8.40740000
v -21.32273080 12.90000000 -8.34780318
v -21.34409032 12.90000000 -8.28488007
v -21.35705399 12.90000000 -8.21970731
v -8.66140000 12.90000000 -4.54660000
v -8.66140000 12.90000000 -8.15340000
v -8.65705399 12.90000000 -4.48029269
v -8.64409032 12.90000000 -4.41511993
v -8.62273080 12.90000000 -4.35219682
v -8.59334091 12.90000000 -4.29260000
v -8.55642350 12.90000000 -4.23734919
v -8.51261024 12.90000000 -4.18738976
v -8.46265081 12.90000000 -4.14357650
v -8.40740000 12.90000000 -4.10665909
v -8.34780318 12.90000000 -4.07726920
v -8.28488007 12.90000000 -4.05590968
v -8.21970731 12.90000000 -4.04294601
v -8.15340000 12.90000000 -4.03860000
v -4.54660000 12.90000000 -4.03860000
v -4.48029269 12.90000000 -4.04294601
v -4.41511993 12.90000000 -4.05590968
v -4.35219682 12.90000000 -4.07726920
v -4.29260000 12.90000000 -4.10665909
v -4.23734919 12.90000000 -4.14357650
v -4.18738976 12.90000000 -4.18738976
v -4.14357650 12.90000000 -4.23734919
v -4.10665909 12.90000000 -4.29260000
v -4.07726920 12.90000000 -4.35219682
v -4.05590968 12.90000000 -4.41511993
v -4.04294601 12.90000000 -4.48029269
v -4.03860000 12.90000000 -4.54660000
v -4.03860000 12.90000000 -8.15340000
v -4.04294601 12.90000000 -8.21970731
v -4.05590968 12.90000000 -8.28488007
v -4.07726920 12.90000000 -8.34780318
v -4.10665909 12.90000000 -8.40740000
v -4.14357650 12.90000000 -8.46265081
v -4.18738976 12.90000000 -8.51261024
v -4.23734919 12.90000000 -8.55642350
v -4.29260000 12.90000000 -8.59334091
v -4.35219682 12.90000000 -8.62273080
v -4.41511993 12.90000000 -8.64409032
v -4.48029269 12.90000000 -8.65705399
v -4.54660000 12.90000000 -8.66140000
v -8.15340000 12.90000000 -8.66140000
v -8.21970731 12.90000000 -8.65705399
v -8.28488007 12.90000000 -8.64409032
v -8.34780318 12.90000000 -8.62273080
v -8.40740000 12.90000000 -8.59334091
v -8.46265081 12.90000000 -8.55642350
v -8.51261024 12.90000000 -8.51261024
v -8.55642350 12.90000000 -8.46265081
v -8.59334091 12.90000000 -8.40740000
v -8.62273080 12.90000000 -8.34780318
v -8.64409032 12.90000000 -8.28488007
v -8.65705399 12.90000000 -8.21970731
v 4.03860000 12.90000000 -4.54660000
v 4.03860000 12.90000000 -8.15340000
v 4.04294601 12.90000000 -4.48029269
v 4.05590968 12.90000000 -4.41511993
v 4.07726920 12.90000000 -4.35219682
v 4.10665909 12.90000000 -4.29260000
v 4.14357650 12.90000000 -4.23734919
v 4.18738976 12.90000000 -4.18738976
v 4.23734919 12.90000000 -4.14357650
v 4.29260000 12.90000000 -4.10665909
v 4.35219682 12.90000000 -4.07726920
v 4.41511993 12.90000000 -4.05590968
v 4.48029269 12.90000000 -4.04294601
v 4.54660000 12.90000000 -4.03860000
v 8.15340000 12.90000000 -4.03860000
v 8.21970731 12.90000000 -4.04294601
v 8.28488007 12.90000000 -4.05590968
v 8.34780318 12.90000000 -4.07726920
v 8.40740000 12.90000000 -4.10665909
v 8.46265081 12.90000000 -4.14357650
v 8.51261024 12.90000000 -4.18738976
v 8.55642350 12.90000000 -4.23734919
v 8.59334091 12.90000000 -4.29260000
v 8.62273080 12.90000000 -4.35219682
v 8.64409032 12.90000000 -4.41511993
v 8.65705399 12.90000000 -4.48029269
v 8.66140000 12.90000000 -4.54660000
v 8.66140000 12.90000000 -8.15340000
v 8.65705399 12.90000000 -8.21970731
v 8.64409032 12.90000000 -8.28488007
v 8.62273080 12.90000000 -8.34780318
v 8.59334091 12.90000000 -8.40740000
v 8.55642350 12.90000000 -8.46265081
v 8.51261024 12.90000000 -8.51261024
v 8.46265081 12.90000000 -8.55642350
v 8.40740000 12.90000000 -8.59334091
v 8.34780318 12.90000000 -8.62273080
v 8.28488007 12.90000000 -8.64409032
v 8.21970731 12.90000000 -8.65705399
v 8.15340000 12.90000000 -8.66140000
v 4.54660000 12.90000000 -8.66140000
v 4.48029269 12.90000000 -8.65705399
v 4.41511993 12.90000000 -8.64409032
v 4.35219682 12.90000000 -8.62273080
v 4.29260000 12.90000000 -8.59334091
v 4.23734919 12.90000000 -8.55642350
v 4.18738976 12.90000000 -8.51261024
v 4.14357650 12.90000000 -8.46265081
v 4.10665909 12.90000000 -8.40740000
v 4.07726920 12.90000000 -8.34780318
v 4.05590968 12.90000000 -8.28488007
v 4.04294601 12.90000000 -8.21970731
v 16.73860000 12.90000000 -4.54660000
v 16.73860000 12.90000000 -8.15340000
v 16.74294601 12.90000000 -4.48029269
v 16.75590968 12.90000000 -4.41511993
v 16.77726920 12.90000000 -4.35219682
v 16.80665909 12.90000000 -4.29260000
v 16.84357650 12.90000000 -4.23734919
v 16.88738976 12.90000000 -4.18738976
v 16.93734919 12.90000000 -4.14357650
v 16.99260000 12.90000000 -4.10665909
v 17.05219682 12.90000000 -4.07726920
v 17.11511993 12.90000000 -4.05590968
v 17.18029269 12.90000000 -4.04294601
v 17.24660000 12.90000000 -4.03860000
v 20.85340000 12.90000000 -4.03860000
v 20.91970731 12.90000000 -4.04294601
v 20.98488007 12.90000000 -4.05590968
v 21.04780318 12.90000000 -4.07726920
v 21.10740000 12.90000000 -4.10665909
v 21.16265081 12.90000000 -4.14357650
v 21.21261024 12.90000000 -4.18738976
v 21.25642350 12.90000000 -4.23734919
v 21.29334091 12.90000000 -4.29260000
v 21.32273080 12.90000000 -4.35219682
v 21.34409032 12.90000000 -4.41511993
v 21.35705399 12.90000000 -4.48029269
v 21.36140000 12.90000000 -4.54660000
v 21.36140000 12.90000000 -8.15340000
v 21.35705399 12.90000000 -8.21970731
v 21.34409032 12.90000000 -8.28488007
v 21.32273080 12.90000000 -8.34780318
v 21.29334091 12.90000000 -8.40740000
v 21.25642350 12.90000000 -8.46265081
v 21.21261024 12.90000000 -8.51261024
v 21.16265081 12.90000000 -8.55642350
v 21.10740000 12.90000000 -8.59334091
v 21.04780318 12.90000000 -8.62273080
v 20.98488007 12.90000000 -8.64409032
v 20.91970731 12.90000000 -8.65705399
v 20.85340000 12.90000000 -8.66140000
v 17.24660000 12.90000000 -8.66140000
v 17.18029269 12.90000000 -8.65705399
v 17.11511993 12.90000000 -8.64409032
v 17.05219682 12.90000000 -8.62273080
v 16.99260000 12.90000000 -8.59334091
v 16.93734919 12.90000000 -8.55642350
v 16.88738976 12.90000000 -8.51261024
v 16.84357650 12.90000000 -8.46265081
v 16.80665909 12.90000000 -8.40740000
v 16.77726920 12.90000000 -8.34780318
v 16.75590968 12.90000000 -8.28488007
v 16.74294601 12.90000000 -8.21970731
v 29.43860000 12.90000000 -4.54660000
v 29.43860000 12.90000000 -8.15340000
v 29.44294601 12.90000000 -4.48029269
v 29.45590968 12.90000000 -4.41511993
v 29.47726920 12.90000000 -4.35219682
v 29.50665909 12.90000000 -4.29260000
v 29.54357650 12.90000000 -4.23734919
v 29.58738976 12.90000000 -4.18738976
v 29.63734919 12.90000000 -4.14357650
v 29.69260000 12.90000000 -4.10665909
v 29.75219682 12.90000000 -4.07726920
v 29.81511993 12.90000000 -4.05590968
v 29.88029269 12.90000000 -4.04294601
v 29.94660000 12.90000000 -4.03860000
v 33.55340000 12.90000000 -4.03860000
v 33.61970731 12.90000000 -4.04294601
v 33.68488007 12.90000000 -4.05590968
v 33.74780318 12.90000000 -4.07726920
v 33.80740000 12.90000000 -4.10665909
v 33.86265081 12.90000000 -4.14357650
v 33.91261024 12.90000000 -4.18738976
v 33.95642350 12.90000000 -4.23734919
v 33.99334091 12.90000000 -4.29260000
v 34.02273080 12.90000000 -4.35219682
v 34.04409032 12.90000000 -4.41511993
v 34.05705399 12.90000000 -4.48029269
v 34.06140000 12.90000000 -4.54660000
v 34.06140000 12.90000000 -8.15340000
v 34.05705399 12.90000000 -8.21970731
v 34.04409032 12.90000000 -8.28488007
v 34.02273080 12.90000000 -8.34780318
v 33.99334091 12.90000000 -8.40740000
v 33.95642350 12.90000000 -8.46265081
v 33.91261024 12.90000000 -8.51261024
v 33.86265081 12.90000000 -8.55642350
v 33.80740000 12.90000000 -8.59334091
v 33.74780318 12.90000000 -8.62273080
v 33.68488007 12.90000000 -8.64409032
v 33.61970731 12.90000000 -8.65705399
v 33.55340000 12.90000000 -8.66140000
v 29.94660000 12.90000000 -8.66140000
v 29.88029269 12.90000000 -8.65705399
v 29.81511993 12.90000000 -8.64409032
v 29.75219682 12.90000000 -8.62273080
v 29.69260000 12.90000000 -8.59334091
v 29.63734919 12.90000000 -8.55642350
v 29.58738976 12.90000000 -8.51261024
v 29.54357650 12.90000000 -8.46265081
v 29.50665909 12.90000000 -8.40740000
v 29.47726920 12.90000000 -8.34780318
v 29.45590968 12.90000000 -8.28488007
v 29.44294601 12.90000000 -8.21970731
v 42.13860000 12.90000000 -4.54660000
v 42.13860000 12.90000000 -8.15340000
v 42.14294601 12.90000000 -4.48029269
v 42.15590968 12.90000000 -4.41511993
v 42.17726920 12.90000000 -4.35219682
v 42.20665909 12.90000000 -4.29260000
v 42.24357650 12.90000000 -4.23734919
v 42.28738976 12.90000000 -4.18738976
v 42.33734919 12.90000000 -4.14357650
v 42.39260000 12.90000000 -4.10665909
v 42.45219682 12.90000000 -4.07726920
v 42.51511993 12.90000000 -4.05590968
v 42.58029269 12.90000000 -4.04294601
v 42.64660000 12.90000000 -4.03860000
v 46.25340000 12.90000000 -4.03860000
v 46.31970731 12.90000000 -4.04294601
v 46.38488007 12.90000000 -4.05590968
v 46.44780318 12.90000000 -4.07726920
v 46.50740000 12.90000000 -4.10665909
v 46.56265081 12.90000000 -4.14357650
v 46.61261024 12.90000000 -4.18738976
v 46.65642350 12.90000000 -4.23734919
v 46.69334091 12.90000000 -4.29260000
v 46.72273080 12.90000000 -4.35219682
v 46.74409032 12.90000000 -4.41511993
v 46.75705399 12.90000000 -4.48029269
v 46.76140000 12.90000000 -4.54660000
v 46.76140000 12.90000000 -8.15340000
v 46.75705399 12.90000000 -8.21970731
v 46.74409032 12.90000000 -8.28488007
v 46.72273080 12.90000000 -8.34780318
v 46.69334091 12.90000000 -8.40740000
v 46.65642350 12.90000000 -8.46265081
v 46.61261024 12.90000000 -8.51261024
v 46.56265081 12.90000000 -8.55642350
v 46.50740000 12.90000000 -8.59334091
v 46.44780318 12.90000000 -8.62273080
v 46.38488007 12.90000000 -8.64409032
v 46.31970731 12.90000000 -8.65705399
v 46.25340000 12.90000000 -8.66140000
v 42.64660000 12.90000000 -8.66140000
v 42.58029269 12.90000000 -8.65705399
v 42.51511993 12.90000000 -8.64409032
v 42.45219682 12.90000000 -8.62273080
v 42.39260000 12.90000000 -8.59334091
v 42.33734919 12.90000000 -8.55642350
v 42.28738976 12.90000000 -8.51261024
v 42.24357650 12.90000000 -8.46265081
v 42.20665909 12.90000000 -8.40740000
v 42.17726920 12.90000000 -8.34780318
v 42.15590968 12.90000000 -8.28488007
v 42.14294601 12.90000000 -8.21970731
v 54.83860000 12.90000000 -4.54660000
v 54.83860000 12.90000000 -8.15340000
v 54.84294601 12.90000000 -4.48029269
v 54.85590968 12.90000000 -4.41511993
v 54.87726920 12.90000000 -4.35219682
v 54.90665909 12.90000000 -4.29260000
v 54.94357650 12.90000000 -4.23734919
v 54.98738976 12.90000000 -4.18738976
v 55.03734919 12.90000000 -4.14357650
v 55.09260000 12.90000000 -4.10665909
v 55.15219682 12.90000000 -4.07726920
v 55.21511993 12.90000000 -4.05590968
v 55.28029269 12.90000000 -4.04294601
v 55.34660000 12.90000000 -4.03860000
v 58.95340000 12.90000000 -4.03860000
v 59.01970731 12.90000000 -4.04294601
v 59.08488007 12.90000000 -4.05590968
v 59.14780318 12.90000000 -4.07726920
v 59.20740000 12.90000000 -4.10665909
v 59.26265081 12.90000000 -4.14357650
v 59.31261024 12.90000000 -4.18738976
v 59.35642350 12.90000000 -4.23734919
v 59.39334091 12.90000000 -4.29260000
v 59.42273080 12.90000000 -4.35219682
v 59.44409032 12.90000000 -4.41511993
v 59.45705399 12.90000000 -4.48029269
v 59.46140000 12.90000000 -4.54660000
v 59.46140000 12.90000000 -8.15340000
v 59.45705399 12.90000000 -8.21970731
v 59.44409032 12.90000000 -8.28488007
v 59.42273080 12.90000000 -8.34780318
v 59.39334091 12.90000000 -8.40740000
v 59.35642350 12.90000000 -8.46265081
v 59.31261024 12.90000000 -8.51261024
v 59.26265081 12.90000000 -8.55642350
v 59.20740000 12.90000000 -8.59334091
v 59.14780318 12.90000000 -8.62273080
v 59.08488007 12.90000000 -8.64409032
v 59.01970731 12.90000000 -8.65705399
v 58.95340000 12.90000000 -8.66140000
v 55.34660000 12.90000000 -8.66140000
v 55.28029269 12.90000000 -8.65705399
v 55.21511993 12.90000000 -8.64409032
v 55.15219682 12.90000000 -8.62273080
v 55.09260000 12.90000000 -8.59334091
v 55.03734919 12.90000000 -8.55642350
v 54.98738976 12.90000000 -8.51261024
v 54.94357650 12.90000000 -8.46265081
v 54.90665909 12.90000000 -8.40740000
v 54.87726920 12.90000000 -8.34780318
v 54.85590968 12.90000000 -8.28488007
v 54.84294601 12.90000000 -8.21970731
v 67.53860000 12.90000000 -4.54660000
v 67.53860000 12.90000000 -8.15340000
v 67.54294601 12.90000000 -4.48029269
v 67.55590968 12.90000000 -4.41511993
v 67.57726920 12.90000000 -4.35219682
v 67.60665909 12.90000000 -4.29260000
v 67.64357650 12.90000000 -4.23734919
v 67.68738976 12.90000000 -4.18738976
v 67.73734919 12.90000000 -4.14357650
v 67.79260000 12.90000000 -4.10665909
v 67.85219682 12.90000000 -4.07726920
v 67.91511993 12.90000000 -4.05590968
v 67.98029269 12.90000000 -4.04294601
v 68.04660000 12.90000000 -4.03860000
v 71.65340000 12.90000000 -4.03860000
v 71.71970731 12.90000000 -4.04294601
v 71.78488007 12.90000000 -4.05590968
v 71.84780318 12.90000000 -4.07726920
v 71.90740000 12.90000000 -4.10665909
v 71.96265081 12.90000000 -4.14357650
v 72.01261024 12.90000000 -4.18738976
v 72.05642350 12.90000000 -4.23734919
v 72.09334091 12.90000000 -4.29260000
v 72.12273080 12.90000000 -4.35219682
v 72.14409032 12.90000000 -4.41511993
v 72.15705399 12.90000000 -4.48029269
v 72.16140000 12.90000000 -4.54660000
v 72.16140000 12.90000000 -8.15340000
v 72.15705399 12.90000000 -8.21970731
v 72.14409032 12.90000000 -8.28488007
v 72.12273080 12.90000000 -8.34780318
v 72.09334091 12.90000000 -8.40740000
v 72.05642350 12.90000000 -8.46265081
v 72.01261024 12.90000000 -8.51261024
v 71.96265081 12.90000000 -8.55642350
v 71.90740000 12.90000000 -8.59334091
v 71.84780318 12.90000000 -8.62273080
v 71.78488007 12.90000000 -8.64409032
v 71.71970731 12.90000000 -8.65705399
v 71.65340000 12.90000000 -8.66140000
v 68.04660000 12.90000000 -8.66140000
v 67.98029269 12.90000000 -8.65705399
v 67.91511993 12.90000000 -8.64409032
v 67.85219682 12.90000000 -8.62273080
v 67.79260000 12.90000000 -8.59334091
v 67.73734919 12.90000000 -8.55642350
v 67.68738976 12.90000000 -8.51261024
v 67.64357650 12.90000000 -8.46265081
v 67.60665909 12.90000000 -8.40740000
v 67.57726920 12.90000000 -8.34780318
v 67.55590968 12.90000000 -8.28488007
v 67.54294601 12.90000000 -8.21970731
v 80.23860000 12.90000000 -4.54660000
v 80.23860000 12.90000000 -8.15340000
v 80.24294601 12.90000000 -4.48029269
v 80.25590968 12.90000000 -4.41511993
v 80.27726920 12.90000000 -4.35219682
v 80.30665909 12.90000000 -4.29260000
v 80.34357650 12.90000000 -4.23734919
v 80.38738976 12.90000000 -4.18738976
v 80.43734919 12.90000000 -4.14357650
v 80.49260000 12.90000000 -4.10665909
v 80.55219682 12.90000000 -4.07726920
v 80.61511993 12.90000000 -4.05590968
v 80.68029269 12.90000000 -4.04294601
v 80.74660000 12.90000000 -4.03860000
v 84.35340000 12.90000000 -4.03860000
v 84.41970731 12.90000000 -4.04294601
v 84.48488007 12.90000000 -4.05590968
v 84.54780318 12.90000000 -4.07726920
v 84.60740000 12.90000000 -4.10665909
v 84.66265081 12.90000000 -4.14357650
v 84.71261024 12.90000000 -4.18738976
v 84.75642350 12.90000000 -4.23734919
v 84.79334091 12.90000000 -4.29260000
v 84.82273080 12.90000000 -4.35219682
v 84.84409032 12.90000000 -4.41511993
v 84.85705399 12.90000000 -4.48029269
v 84.86140000 12.90000000 -4.54660000
v 84.86140000 12.90000000 -8.15340000
v 84.85705399 12.90000000 -8.21970731
v 84.84409032 12.90000000 -8.28488007
v 84.82273080 12.90000000 -8.34780318
v 84.79334091 12.90000000 -8.40740000
v 84.75642350 12.90000000 -8.46265081
v 84.71261024 12.90000000 -8.51261024
v 84.66265081 12.90000000 -8.55642350
v 84.60740000 12.90000000 -8.59334091
v 84.54780318 12.90000000 -8.62273080
v 84.48488007 12.90000000 -8.64409032
v 84.41970731 12.90000000 -8.65705399
v 84.35340000 12.90000000 -8.66140000
v 80.74660000 12.90000000 -8.66140000
v 80.68029269 12.90000000 -8.65705399
v 80.61511993 12.90000000 -8.64409032
v 80.55219682 12.90000000 -8.62273080
v 80.49260000 12.90000000 -8.59334091
v 80.43734919 12.90000000 -8.55642350
v 80.38738976 12.90000000 -8.51261024
v 80.34357650 12.90000000 -8.46265081
v 80.30665909 12.90000000 -8.40740000
v 80.27726920 12.90000000 -8.34780318
v 80.25590968 12.90000000 -8.28488007
v 80.24294601 12.90000000 -8.21970731
v 92.93860000 12.90000000 -4.54660000
v 92.93860000 12.90000000 -8.15340000
v 92.94294601 12.90000000 -4.48029269
v 92.95590968 12.90000000 -4.41511993
v 92.97726920 12.90000000 -4.35219682
v 93.00665909 12.90000000 -4.29260000
v 93.04357650 12.90000000 -4.23734919
v 93.08738976 12.90000000 -4.18738976
v 93.13734919 12.90000000 -4.14357650
v 93.19260000 12.90000000 -4.10665909
v 93.25219682 12.90000000 -4.07726920
v 93.31511993 12.90000000 -4.05590968
v 93.38029269 12.90000000 -4.04294601
v 93.44660000 12.90000000 -4.03860000
v 97.05340000 12.90000000 -4.03860000
v 97.11970731 12.90000000 -4.04294601
v 97.18488007 12.90000000 -4.05590968
v 97.24780318 12.90000000 -4.07726920
v 97.30740000 12.90000000 -4.10665909
v 97.36265081 12.90000000 -4.14357650
v 97.41261024 12.90000000 -4.18738976
v 97.45642350 12.90000000 -4.23734919
v 97.49334091 12.90000000 -4.29260000
v 97.52273080 12.90000000 -4.35219682
v 97.54409032 12.90000000 -4.41511993
v 97.55705399 12.90000000 -4.48029269
v 97.56140000 12.90000000 -4.54660000
v 97.56140000 12.90000000 -8.15340000
v 97.55705399 12.90000000 -8.21970731
v 97.54409032 12.90000000 -8.28488007
v 97.52273080 12.90000000 -8.34780318
v 97.49334091 12.90000000 -8.40740000
v 97.45642350 12.90000000 -8.46265081
v 97.41261024 12.90000000 -8.51261024
v 97.36265081 12.90000000 -8.55642350
v 97.30740000 12.90000000 -8.59334091
v 97.24780318 12.90000000 -8.62273080
v 97.18488007 12.90000000 -8.64409032
v 97.11970731 12.90000000 -8.65705399
v 97.05340000 12.90000000 -8.66140000
v 93.44660000 12.90000000 -8.66140000
v 93.38029269 12.90000000 -8.65705399
v 93.31511993 12.90000000 -8.64409032
v 93.25219682 12.90000000 -8.62273080
v 93.19260000 12.90000000 -8.59334091
v 93.13734919 12.90000000 -8.55642350
v 93.08738976 12.90000000 -8.51261024
v 93.04357650 12.90000000 -8.46265081
v 93.00665909 12.90000000 -8.40740000
v 92.97726920 12.90000000 -8.34780318
v 92.95590968 12.90000000 -8.28488007
v 92.94294601 12.90000000 -8.21970731
v 105.63860000 12.90000000 -4.54660000
v 105.63860000 12.90000000 -8.15340000
v 105.64294601 12.90000000 -4.48029269
v 105.65590968 12.90000000 -4.41511993
v 105.67726920 12.90000000 -4.35219682
v 105.70665909 12.90000000 -4.29260000
v 105.74357650 12.90000000 -4.23734919
v 105.78738976 12.90000000 -4.18738976
v 105.83734919 12.90000000 -4.14357650
v 105.89260000 12.90000000 -4.10665909
v 105.95219682 12.90000000 -4.07726920
v 106.01511993 12.90000000 -4.05590968
v 106.08029269 12.90000000 -4.04294601
v 106.14660000 12.90000000 -4.03860000
v 109.75340000 12.90000000 -4.03860000
v 109.81970731 12.90000000 -4.04294601
v 109.88488007 12.90000000 -4.05590968
v 109.94780318 12.90000000 -4.07726920
v 110.00740000 12.90000000 -4.10665909
v 110.06265081 12.90000000 -4.14357650
v 110.11261024 12.90000000 -4.18738976
v 110.15642350 12.90000000 -4.23734919
v 110.19334091 12.90000000 -4.29260000
v 110.22273080 12.90000000 -4.35219682
v 110.24409032 12.90000000 -4.41511993
v 110.25705399 12.90000000 -4.48029269
v 110.26140000 12.90000000 -4.54660000
v 110.26140000 12.90000000 -8.15340000
v 110.25705399 12.90000000 -8.21970731
v 110.24409032 12.90000000 -8.28488007
v 110.22273080 12.90000000 -8.34780318
v 110.19334091 12.90000000 -8.40740000
v 110.15642350 12.90000000 -8.46265081
v 110.11261024 12.90000000 -8.51261024
v 110.06265081 12.90000000 -8.55642350
v 110.00740000 12.90000000 -8.59334091
v 109.94780318 12.90000000 -8.62273080
v 109.88488007 12.90000000 -8.64409032
v 109.81970731 12.90000000 -8.65705399
v 109.75340000 12.90000000 -8.66140000
v 106.14660000 12.90000000 -8.66140000
v 106.08029269 12.90000000 -8.65705399
v 106.01511993 12.90000000 -8.64409032
v 105.95219682 12.90000000 -8.62273080
v 105.89260000 12.90000000 -8.59334091
v 105.83734919 12.90000000 -8.55642350
v 105.78738976 12.90000000 -8.51261024
v 105.74357650 12.90000000 -8.46265081
v 105.70665909 12.90000000 -8.40740000
v 105.67726920 12.90000000 -8.34780318
v 105.65590968 12.90000000 -8.28488007
v 105.64294601 12.90000000 -8.21970731
v 118.33860000 12.90000000 -4.54660000
v 118.33860000 12.90000000 -8.15340000
v 118.34294601 12.90000000 -4.48029269
v 118.35590968 12.90000000 -4.41511993
v 118.37726920 12.90000000 -4.35219682
v 118.40665909 12.90000000 -4.29260000
v 118.44357650 12.90000000 -4.23734919
v 118.48738976 12.90000000 -4.18738976
v 118.53734919 12.90000000 -4.14357650
v 118.59260000 12.90000000 -4.10665909
v 118.65219682 12.90000000 -4.07726920
v 118.71511993 12.90000000 -4.05590968
v 118.78029269 12.90000000 -4.04294601
v 118.84660000 12.90000000 -4.03860000
v 122.45340000 12.90000000 -4.03860000
v 122.51970731 12.90000000 -4.04294601
v 122.58488007 12.90000000 -4.05590968
v 122.64780318 12.90000000 -4.07726920
v 122.70740000 12.90000000 -4.10665909
v 122.76265081 12.90000000 -4.14357650
v 122.81261024 12.90000000 -4.18738976
v 122.85642350 12.90000000 -4.23734919
v 122.89334091 12.90000000 -4.29260000
v 122.92273080 12.90000000 -4.35219682
v 122.94409032 12.90000000 -4.41511993
v 122.95705399 12.90000000 -4.48029269
v 122.96140000 12.90000000 -4.54660000
v 122.96140000 12.90000000 -8.15340000
v 122.95705399 12.90000000 -8.21970731
v 122.94409032 12.90000000 -8.28488007
v 122.92273080 12.90000000 -8.34780318
v 122.89334091 12.90000000 -8.40740000
v 122.85642350 12.90000000 -8.46265081
v 122.81261024 12.90000000 -8.51261024
v 122.76265081 12.90000000 -8.55642350
v 122.70740000 12.90000000 -8.59334091
v 122.64780318 12.90000000 -8.62273080
v 122.58488007 12.90000000 -8.64409032
v 122.51970731 12.90000000 -8.65705399
v 122.45340000 12.90000000 -8.66140000
v 118.84660000 12.90000000 -8.66140000
v 118.78029269 12.90000000 -8.65705399
v 118.71511993 12.90000000 -8.64409032
v 118.65219682 12.90000000 -8.62273080
v 118.59260000 12.90000000 -8.59334091
v 118.53734919 12.90000000 -8.55642350
v 118.48738976 12.90000000 -8.51261024
v 118.44357650 12.90000000 -8.46265081
v 118.40665909 12.90000000 -8.40740000
v 118.37726920 12.90000000 -8.34780318
v 118.35590968 12.90000000 -8.28488007
v 118.34294601 12.90000000 -8.21970731
v 65.78098502 12.66193638 -0.23806359
v 65.38299969 12.49331753 -0.10938004
v 64.98537035 12.29742453 -0.02823851
v 64.58738505 12.08720000 -0.00000000
v 127.00000000 12.08720000 -0.00000000
v 127.00000000 12.19329169 -0.00695362
v 127.00000000 12.29756812 -0.02769549
v 127.00000000 12.39824509 -0.06187072
v 127.00000000 12.49360000 -0.10889455
v 127.00000000 12.58200129 -0.16796241
v 127.00000000 12.66193639 -0.23806361
v 127.00000000 12.73203759 -0.31799871
v 127.00000000 12.79110545 -0.40640000
v 127.00000000 12.83812928 -0.50175491
v 127.00000000 12.87230451 -0.60243188
v 127.00000000 12.89304638 -0.70670831
v 64.98537034 12.87176149 -0.60257548
v 65.38299969 12.79061996 -0.40668248
v 127.00000000 12.08720000 1.60000000
v 64.58738505 12.08720000 1.60000000
v 127.00000000 12.40213360 1.57935816
v 127.00000000 12.71167859 1.51778583
v 127.00000000 13.01053859 1.41633654
v 127.00000000 13.29360000 1.27674609
v 127.00000000 13.55601958 1.10140294
v 127.00000000 13.79330724 0.89330724
v 127.00000000 14.00140294 0.65601958
v 127.00000000 14.17674609 0.39360000
v 127.00000000 14.31633654 0.11053859
v 127.00000000 14.41778583 -0.18832141
v 127.00000000 14.47935816 -0.49786640
v 64.78695688 14.47884949 -0.49702196
v 64.98576251 14.41661410 -0.18794269
v 65.18418504 14.31511799 0.11003382
v 65.38260757 14.17618537 0.39250363
v 65.58141320 14.00164040 0.65506274
v 65.78098503 13.79330724 0.89330724
v 65.58141320 13.55506274 1.10164040
v 65.38260757 13.29250363 1.27618537
v 65.18418504 13.01003383 1.41511799
v 64.98576251 12.71205731 1.51661410
v 64.78695688 12.40297804 1.57884949
v -61.21901498 12.66193638 -0.23806359
v -61.61700031 12.49331753 -0.10938004
v -62.01462965 12.29742453 -0.02823851
v -62.41261495 12.08720000 -0.00000000
v -1.08738505 12.08720000 -0.00000000
v -1.48537034 12.29742452 -0.02823851
v -1.88299969 12.49331752 -0.10938004
v -2.28098502 12.66193641 -0.23806362
v -1.88299969 12.79061996 -0.40668247
v -1.48537035 12.87176149 -0.60257547
v -62.01462966 12.87176149 -0.60257548
v -61.61700031 12.79061996 -0.40668248
v -62.21304312 14.47884949 -0.49702196
v -62.01423749 14.41661410 -0.18794269
v -61.81581496 14.31511799 0.11003382
v -61.61739243 14.17618537 0.39250363
v -61.41858680 14.00164040 0.65506274
v -61.21901497 13.79330724 0.89330724
v -61.41858680 13.55506274 1.10164040
v -61.61739243 13.29250363 1.27618537
v -61.81581496 13.01003383 1.41511799
v -62.01423749 12.71205731 1.51661410
v -62.21304312 12.40297804 1.57884949
v -62.41261495 12.08720000 1.60000000
v -1.08738505 12.08720000 1.60000000
v -1.28695688 12.40297804 1.57884949
v -1.48576251 12.71205731 1.51661410
v -1.68418504 13.01003382 1.41511799
v -1.88260757 13.29250363 1.27618537
v -2.08141320 13.55506274 1.10164040
v -2.28098503 13.79330724 0.89330724
v -2.08141320 14.00164040 0.65506274
v -1.88260757 14.17618537 0.39250363
v -1.68418504 14.31511799 0.11003383
v -1.48576251 14.41661410 -0.18794269
v -1.28695688 14.47884949 -0.49702196
v -65.78098502 12.66193641 -0.23806362
v -65.38299969 12.79061996 -0.40668247
v -64.98537035 12.87176149 -0.60257547
v -64.58738505 12.08720000 -0.00000000
v -64.98537034 12.29742452 -0.02823851
v -65.38299969 12.49331752 -0.10938004
v -64.58738505 12.08720000 1.60000000
v -64.78695688 12.40297804 1.57884949
v -64.98576251 12.71205731 1.51661410
v -65.18418504 13.01003382 1.41511799
v -65.38260757 13.29250363 1.27618537
v -65.58141320 13.55506274 1.10164040
v -65.78098503 13.79330724 0.89330724
v -65.58141320 14.00164040 0.65506274
v -65.38260757 14.17618537 0.39250363
v -65.18418504 14.31511799 0.11003383
v -64.98576251 14.41661410 -0.18794269
v -64.78695688 14.47884949 -0.49702196
v 2.28098505 12.66193639 -0.23806361
v 1.88299975 12.49331755 -0.10938006
v 1.48537037 12.29742454 -0.02823852
v 1.08738505 12.08720000 -0.00000000
v 62.41261495 12.08720000 -0.00000000
v 62.01462964 12.29742454 -0.02823852
v 61.61700026 12.49331755 -0.10938006
v 61.21901495 12.66193639 -0.23806361
v 61.61700025 12.79061994 -0.40668245
v 62.01462963 12.87176148 -0.60257546
v 1.48537036 12.87176148 -0.60257546
v 1.88299974 12.79061994 -0.40668245
v 1.28695689 14.47884949 -0.49702195
v 1.48576252 14.41661409 -0.18794268
v 1.68418505 14.31511799 0.11003384
v 1.88260759 14.17618535 0.39250365
v 2.08141322 14.00164038 0.65506277
v 2.28098505 13.79330724 0.89330724
v 2.08141322 13.55506277 1.10164038
v 1.88260759 13.29250365 1.27618535
v 1.68418506 13.01003385 1.41511799
v 1.48576252 12.71205732 1.51661409
v 1.28695689 12.40297805 1.57884949
v 1.08738505 12.08720000 1.60000000
v 62.41261495 12.08720000 1.60000000
v 62.21304311 12.40297805 1.57884949
v 62.01423748 12.71205732 1.51661409
v 61.81581495 13.01003384 1.41511799
v 61.61739241 13.29250365 1.27618535
v 61.41858678 13.55506277 1.10164038
v 61.21901495 13.79330724 0.89330724
v 61.41858678 14.00164038 0.65506277
v 61.61739241 14.17618535 0.39250365
v 61.81581494 14.31511799 0.11003385
v 62.01423748 14.41661409 -0.18794268
v 62.21304311 14.47884949 -0.49702195
v 63.50000000 10.99981495 -0.00000000
v 63.50000000 10.99981495 1.60000000
v 0.00000000 10.99981495 -0.00000000
v 0.00000000 10.99981495 1.60000000
v 63.50000000 -10.99981495 0.00000000
v 63.50000000 -10.99981495 1.60000000
v 0.00000000 -10.99981495 1.60000000
v 0.00000000 -10.99981495 -0.00000000
v -63.50000000 -10.99981495 0.00000000
v -63.50000000 -10.99981495 1.60000000
v -63.50000000 10.99981495 -0.00000000
v -63.50000000 10.99981495 1.60000000
v 111.98860000 2.00340000 0.00000000
v 111.98860000 2.00340000 1.60000000
v 111.99294601 2.06970731 1.60000000
v 112.00590968 2.13488007 1.60000000
v 112.02726920 2.19780318 1.60000000
v 112.05665909 2.25740000 1.60000000
v 112.09357650 2.31265081 1.60000000
v 112.13738976 2.36261024 1.60000000
v 112.18734919 2.40642350 1.60000000
v 112.24260000 2.44334091 1.60000000
v 112.30219682 2.47273080 1.60000000
v 112.36511993 2.49409032 1.60000000
v 112.43029269 2.50705399 1.60000000
v 112.49660000 2.51140000 1.60000000
v 112.49660000 2.51140000 0.00000000
v 112.43029269 2.50705399 0.00000000
v 112.36511993 2.49409032 0.00000000
v 112.30219682 2.47273080 0.00000000
v 112.24260000 2.44334091 0.00000000
v 112.18734919 2.40642350 0.00000000
v 112.13738976 2.36261024 0.00000000
v 112.09357650 2.31265081 0.00000000
v 112.05665909 2.25740000 0.00000000
v 112.02726920 2.19780318 0.00000000
v 112.00590968 2.13488007 0.00000000
v 111.99294601 2.06970731 0.00000000
v 116.10340000 2.51140000 0.00000000
v 116.10340000 2.51140000 1.60000000
v 116.16970731 2.50705399 1.60000000
v 116.23488007 2.49409032 1.60000000
v 116.29780318 2.47273080 1.60000000
v 116.35740000 2.44334091 1.60000000
v 116.41265081 2.40642350 1.60000000
v 116.46261024 2.36261024 1.60000000
v 116.50642350 2.31265081 1.60000000
v 116.54334091 2.25740000 1.60000000
v 116.57273080 2.19780318 1.60000000
v 116.59409032 2.13488007 1.60000000
v 116.60705399 2.06970731 1.60000000
v 116.61140000 2.00340000 1.60000000
v 116.61140000 2.00340000 0.00000000
v 116.60705399 2.06970731 0.00000000
v 116.59409032 2.13488007 0.00000000
v 116.57273080 2.19780318 0.00000000
v 116.54334091 2.25740000 0.00000000
v 116.50642350 2.31265081 0.00000000
v 116.46261024 2.36261024 0.00000000
v 116.41265081 2.40642350 0.00000000
v 116.35740000 2.44334091 0.00000000
v 116.29780318 2.47273080 0.00000000
v 116.23488007 2.49409032 0.00000000
v 116.16970731 2.50705399 0.00000000
v 116.61140000 -1.60340000 0.00000000
v 116.61140000 -1.60340000 1.60000000
v 116.60705399 -1.66970731 1.60000000
v 116.59409032 -1.73488007 1.60000000
v 116.57273080 -1.79780318 1.60000000
v 116.54334091 -1.85740000 1.60000000
v 116.50642350 -1.91265081 1.60000000
v 116.46261024 -1.96261024 1.60000000
v 116.41265081 -2.00642350 1.60000000
v 116.35740000 -2.04334091 1.60000000
v 116.29780318 -2.07273080 1.60000000
v 116.23488007 -2.09409032 1.60000000
v 116.16970731 -2.10705399 1.60000000
v 116.10340000 -2.11140000 1.60000000
v 116.10340000 -2.11140000 0.00000000
v 116.16970731 -2.10705399 0.00000000
v 116.23488007 -2.09409032 0.00000000
v 116.29780318 -2.07273080 0.00000000
v 116.35740000 -2.04334091 0.00000000
v 116.41265081 -2.00642350 0.00000000
v 116.46261024 -1.96261024 0.00000000
v 116.50642350 -1.91265081 0.00000000
v 116.54334091 -1.85740000 0.00000000
v 116.57273080 -1.79780318 0.00000000
v 116.59409032 -1.73488007 0.00000000
v 116.60705399 -1.66970731 0.00000000
v 112.49660000 -2.11140000 0.00000000
v 112.49660000 -2.11140000 1.60000000
v 112.43029269 -2.10705399 1.60000000
v 112.36511993 -2.09409032 1.60000000
v 112.30219682 -2.07273080 1.60000000
v 112.24260000 -2.04334091 1.60000000
v 112.18734919 -2.00642350 1.60000000
v 112.13738976 -1.96261024 1.60000000
v 112.09357650 -1.91265081 1.60000000
v 112.05665909 -1.85740000 1.60000000
v 112.02726920 -1.79780318 1.60000000
v 112.00590968 -1.73488007 1.60000000
v 111.99294601 -1.66970731 1.60000000
v 111.98860000 -1.60340000 1.60000000
v 111.98860000 -1.60340000 0.00000000
v 111.99294601 -1.66970731 0.00000000
v 112.00590968 -1.73488007 0.00000000
v 112.02726920 -1.79780318 0.00000000
v 112.05665909 -1.85740000 0.00000000
v 112.09357650 -1.91265081 0.00000000
v 112.13738976 -1.96261024 0.00000000
v 112.18734919 -2.00642350 0.00000000
v 112.24260000 -2.04334091 0.00000000
v 112.30219682 -2.07273080 0.00000000
v 112.36511993 -2.09409032 0.00000000
v 112.43029269 -2.10705399 0.00000000
v 99.28860000 2.00340000 0.00000000
v 99.28860000 2.00340000 1.60000000
v 99.29294601 2.06970731 1.60000000
v 99.30590968 2.13488007 1.60000000
v 99.32726920 2.19780318 1.60000000
v 99.35665909 2.25740000 1.60000000
v 99.39357650 2.31265081 1.60000000
v 99.43738976 2.36261024 1.60000000
v 99.48734919 2.40642350 1.60000000
v 99.54260000 2.44334091 1.60000000
v 99.60219682 2.47273080 1.60000000
v 99.66511993 2.49409032 1.60000000
v 99.73029269 2.50705399 1.60000000
v 99.79660000 2.51140000 1.60000000
v 99.79660000 2.51140000 0.00000000
v 99.73029269 2.50705399 0.00000000
v 99.66511993 2.49409032 0.00000000
v 99.60219682 2.47273080 0.00000000
v 99.54260000 2.44334091 0.00000000
v 99.48734919 2.40642350 0.00000000
v 99.43738976 2.36261024 0.00000000
v 99.39357650 2.31265081 0.00000000
v 99.35665909 2.25740000 0.00000000
v 99.32726920 2.19780318 0.00000000
v 99.30590968 2.13488007 0.00000000
v 99.29294601 2.06970731 0.00000000
v 103.40340000 2.51140000 0.00000000
v 103.40340000 2.51140000 1.60000000
v 103.46970731 2.50705399 1.60000000
v 103.53488007 2.49409032 1.60000000
v 103.59780318 2.47273080 1.60000000
v 103.65740000 2.44334091 1.60000000
v 103.71265081 2.40642350 1.60000000
v 103.76261024 2.36261024 1.60000000
v 103.80642350 2.31265081 1.60000000
v 103.84334091 2.25740000 1.60000000
v 103.87273080 2.19780318 1.60000000
v 103.89409032 2.13488007 1.60000000
v 103.90705399 2.06970731 1.60000000
v 103.91140000 2.00340000 1.60000000
v 103.91140000 2.00340000 0.00000000
v 103.90705399 2.06970731 0.00000000
v 103.89409032 2.13488007 0.00000000
v 103.87273080 2.19780318 0.00000000
v 103.84334091 2.25740000 0.00000000
v 103.80642350 2.31265081 0.00000000
v 103.76261024 2.36261024 0.00000000
v 103.71265081 2.40642350 0.00000000
v 103.65740000 2.44334091 0.00000000
v 103.59780318 2.47273080 0.00000000
v 103.53488007 2.49409032 0.00000000
v 103.46970731 2.50705399 0.00000000
v 103.91140000 -1.60340000 0.00000000
v 103.91140000 -1.60340000 1.60000000
v 103.90705399 -1.66970731 1.60000000
v 103.89409032 -1.73488007 1.60000000
v 103.87273080 -1.79780318 1.60000000
v 103.84334091 -1.85740000 1.60000000
v 103.80642350 -1.91265081 1.60000000
v 103.76261024 -1.96261024 1.60000000
v 103.71265081 -2.00642350 1.60000000
v 103.65740000 -2.04334091 1.60000000
v 103.59780318 -2.07273080 1.60000000
v 103.53488007 -2.09409032 1.60000000
v 103.46970731 -2.10705399 1.60000000
v 103.40340000 -2.11140000 1.60000000
v 103.40340000 -2.11140000 0.00000000
v 103.46970731 -2.10705399 0.00000000
v 103.53488007 -2.09409032 0.00000000
v 103.59780318 -2.07273080 0.00000000
v 103.65740000 -2.04334091 0.00000000
v 103.71265081 -2.00642350 0.00000000
v 103.76261024 -1.96261024 0.00000000
v 103.80642350 -1.91265081 0.00000000
v 103.84334091 -1.85740000 0.00000000
v 103.87273080 -1.79780318 0.00000000
v 103.89409032 -1.73488007 0.00000000
v 103.90705399 -1.66970731 0.00000000
v 99.79660000 -2.11140000 0.00000000
v 99.79660000 -2.11140000 1.60000000
v 99.73029269 -2.10705399 1.60000000
v 99.66511993 -2.09409032 1.60000000
v 99.60219682 -2.07273080 1.60000000
v 99.54260000 -2.04334091 1.60000000
v 99.48734919 -2.00642350 1.60000000
v 99.43738976 -1.96261024 1.60000000
v 99.39357650 -1.91265081 1.60000000
v 99.35665909 -1.85740000 1.60000000
v 99.32726920 -1.79780318 1.60000000
v 99.30590968 -1.73488007 1.60000000
v 99.29294601 -1.66970731 1.60000000
v 99.28860000 -1.60340000 1.60000000
v 99.28860000 -1.60340000 0.00000000
v 99.29294601 -1.66970731 0.00000000
v 99.30590968 -1.73488007 0.00000000
v 99.32726920 -1.79780318 0.00000000
v 99.35665909 -1.85740000 0.00000000
v 99.39357650 -1.91265081 0.00000000
v 99.43738976 -1.96261024 0.00000000
v 99.48734919 -2.00642350 0.00000000
v 99.54260000 -2.04334091 0.00000000
v 99.60219682 -2.07273080 0.00000000
v 99.66511993 -2.09409032 0.00000000
v 99.73029269 -2.10705399 0.00000000
v 86.58860000 2.00340000 0.00000000
v 86.58860000 2.00340000 1.60000000
v 86.59294601 2.06970731 1.60000000
v 86.60590968 2.13488007 1.60000000
v 86.62726920 2.19780318 1.60000000
v 86.65665909 2.25740000 1.60000000
v 86.69357650 2.31265081 1.60000000
v 86.73738976 2.36261024 1.60000000
v 86.78734919 2.40642350 1.60000000
v 86.84260000 2.44334091 1.60000000
v 86.90219682 2.47273080 1.60000000
v 86.96511993 2.49409032 1.60000000
v 87.03029269 2.50705399 1.60000000
v 87.09660000 2.51140000 1.60000000
v 87.09660000 2.51140000 0.00000000
v 87.03029269 2.50705399 0.00000000
v 86.96511993 2.49409032 0.00000000
v 86.90219682 2.47273080 0.00000000
v 86.84260000 2.44334091 0.00000000
v 86.78734919 2.40642350 0.00000000
v 86.73738976 2.36261024 0.00000000
v 86.69357650 2.31265081 0.00000000
v 86.65665909 2.25740000 0.00000000
v 86.62726920 2.19780318 0.00000000
v 86.60590968 2.13488007 0.00000000
v 86.59294601 2.06970731 0.00000000
v 90.70340000 2.51140000 0.00000000
v 90.70340000 2.51140000 1.60000000
v 90.76970731 2.50705399 1.60000000
v 90.83488007 2.49409032 1.60000000
v 90.89780318 2.47273080 1.60000000
v 90.95740000 2.44334091 1.60000000
v 91.01265081 2.40642350 1.60000000
v 91.06261024 2.36261024 1.60000000
v 91.10642350 2.31265081 1.60000000
v 91.14334091 2.25740000 1.60000000
v 91.17273080 2.19780318 1.60000000
v 91.19409032 2.13488007 1.60000000
v 91.20705399 2.06970731 1.60000000
v 91.21140000 2.00340000 1.60000000
v 91.21140000 2.00340000 0.00000000
v 91.20705399 2.06970731 0.00000000
v 91.19409032 2.13488007 0.00000000
v 91.17273080 2.19780318 0.00000000
v 91.14334091 2.25740000 0.00000000
v 91.10642350 2.31265081 0.00000000
v 91.06261024 2.36261024 0.00000000
v 91.01265081 2.40642350 0.00000000
v 90.95740000 2.44334091 0.00000000
v 90.89780318 2.47273080 0.00000000
v 90.83488007 2.49409032 0.00000000
v 90.76970731 2.50705399 0.00000000
v 91.21140000 -1.60340000 0.00000000
v 91.21140000 -1.60340000 1.60000000
v 91.20705399 -1.66970731 1.60000000
v 91.19409032 -1.73488007 1.60000000
v 91.17273080 -1.79780318 1.60000000
v 91.14334091 -1.85740000 1.60000000
v 91.10642350 -1.91265081 1.60000000
v 91.06261024 -1.96261024 1.60000000
v 91.01265081 -2.00642350 1.60000000
v 90.95740000 -2.04334091 1.60000000
v 90.89780318 -2.07273080 1.60000000
v 90.83488007 -2.09409032 1.60000000
v 90.76970731 -2.10705399 1.60000000
v 90.70340000 -2.11140000 1.60000000
v 90.70340000 -2.11140000 0.00000000
v 90.76970731 -2.10705399 0.00000000
v 90.83488007 -2.09409032 0.00000000
v 90.89780318 -2.07273080 0.00000000
v 90.95740000 -2.04334091 0.00000000
v 91.01265081 -2.00642350 0.00000000
v 91.06261024 -1.96261024 0.00000000
v 91.10642350 -1.91265081 0.00000000
v 91.14334091 -1.85740000 0.00000000
v 91.17273080 -1.79780318 0.00000000
v 91.19409032 -1.73488007 0.00000000
v 91.20705399 -1.66970731 0.00000000
v 87.09660000 -2.11140000 0.00000000
v 87.09660000 -2.11140000 1.60000000
v 87.03029269 -2.10705399 1.60000000
v 86.96511993 -2.09409032 1.60000000
v 86.90219682 -2.07273080 1.60000000
v 86.84260000 -2.04334091 1.60000000
v 86.78734919 -2.00642350 1.60000000
v 86.73738976 -1.96261024 1.60000000
v 86.69357650 -1.91265081 1.60000000
v 86.65665909 -1.85740000 1.60000000
v 86.62726920 -1.79780318 1.60000000
v 86.60590968 -1.73488007 1.60000000
v 86.59294601 -1.66970731 1.60000000
v 86.58860000 -1.60340000 1.60000000
v 86.58860000 -1.60340000 0.00000000
v 86.59294601 -1.66970731 0.00000000
v 86.60590968 -1.73488007 0.00000000
v 86.62726920 -1.79780318 0.00000000
v 86.65665909 -1.85740000 0.00000000
v 86.69357650 -1.91265081 0.00000000
v 86.73738976 -1.96261024 0.00000000
v 86.78734919 -2.00642350 0.00000000
v 86.84260000 -2.04334091 0.00000000
v 86.90219682 -2.07273080 0.00000000
v 86.96511993 -2.09409032 0.00000000
v 87.03029269 -2.10705399 0.00000000
v 73.88860000 2.00340000 0.00000000
v 73.88860000 2.00340000 1.60000000
v 73.89294601 2.06970731 1.60000000
v 73.90590968 2.13488007 1.60000000
v 73.92726920 2.19780318 1.60000000
v 73.95665909 2.25740000 1.60000000
v 73.99357650 2.31265081 1.60000000
v 74.03738976 2.36261024 1.60000000
v 74.08734919 2.40642350 1.60000000
v 74.14260000 2.44334091 1.60000000
v 74.20219682 2.47273080 1.60000000
v 74.26511993 2.49409032 1.60000000
v 74.33029269 2.50705399 1.60000000
v 74.39660000 2.51140000 1.60000000
v 74.39660000 2.51140000 0.00000000
v 74.33029269 2.50705399 0.00000000
v 74.26511993 2.49409032 0.00000000
v 74.20219682 2.47273080 0.00000000
v 74.14260000 2.44334091 0.00000000
v 74.08734919 2.40642350 0.00000000
v 74.03738976 2.36261024 0.00000000
v 73.99357650 2.31265081 0.00000000
v 73.95665909 2.25740000 0.00000000
v 73.92726920 2.19780318 0.00000000
v 73.90590968 2.13488007 0.00000000
v 73.89294601 2.06970731 0.00000000
v 78.00340000 2.51140000 0.00000000
v 78.00340000 2.51140000 1.60000000
v 78.06970731 2.50705399 1.60000000
v 78.13488007 2.49409032 1.60000000
v 78.19780318 2.47273080 1.60000000
v 78.25740000 2.44334091 1.60000000
v 78.31265081 2.40642350 1.60000000
v 78.36261024 2.36261024 1.60000000
v 78.40642350 2.31265081 1.60000000
v 78.44334091 2.25740000 1.60000000
v 78.47273080 2.19780318 1.60000000
v 78.49409032 2.13488007 1.60000000
v 78.50705399 2.06970731 1.60000000
v 78.51140000 2.00340000 1.60000000
v 78.51140000 2.00340000 0.00000000
v 78.50705399 2.06970731 0.00000000
v 78.49409032 2.13488007 0.00000000
v 78.47273080 2.19780318 0.00000000
v 78.44334091 2.25740000 0.00000000
v 78.40642350 2.31265081 0.00000000
v 78.36261024 2.36261024 0.00000000
v 78.31265081 2.40642350 0.00000000
v 78.25740000 2.44334091 0.00000000
v 78.19780318 2.47273080 0.00000000
v 78.13488007 2.49409032 0.00000000
v 78.06970731 2.50705399 0.00000000
v 78.51140000 -1.60340000 0.00000000
v 78.51140000 -1.60340000 1.60000000
v 78.50705399 -1.66970731 1.60000000
v 78.49409032 -1.73488007 1.60000000
v 78.47273080 -1.79780318 1.60000000
v 78.44334091 -1.85740000 1.60000000
v 78.40642350 -1.91265081 1.60000000
v 78.36261024 -1.96261024 1.60000000
v 78.31265081 -2.00642350 1.60000000
v 78.25740000 -2.04334091 1.60000000
v 78.19780318 -2.07273080 1.60000000
v 78.13488007 -2.09409032 1.60000000
v 78.06970731 -2.10705399 1.60000000
v 78.00340000 -2.11140000 1.60000000
v 78.00340000 -2.11140000 0.00000000
v 78.06970731 -2.10705399 0.00000000
v 78.13488007 -2.09409032 0.00000000
v 78.19780318 -2.07273080 0.00000000
v 78.25740000 -2.04334091 0.00000000
v 78.31265081 -2.00642350 0.00000000
v 78.36261024 -1.96261024 0.00000000
v 78.40642350 -1.91265081 0.00000000
v 78.44334091 -1.85740000 0.00000000
v 78.47273080 -1.79780318 0.00000000
v 78.49409032 -1.73488007 0.00000000
v 78.50705399 -1.66970731 0.00000000
v 74.39660000 -2.11140000 0.00000000
v 74.39660000 -2.11140000 1.60000000
v 74.33029269 -2.10705399 1.60000000
v 74.26511993 -2.09409032 1.60000000
v 74.20219682 -2.07273080 1.60000000
v 74.14260000 -2.04334091 1.60000000
v 74.08734919 -2.00642350 1.60000000
v 74.03738976 -1.96261024 1.60000000
v 73.99357650 -1.91265081 1.60000000
v 73.95665909 -1.85740000 1.60000000
v 73.92726920 -1.79780318 1.60000000
v 73.90590968 -1.73488007 1.60000000
v 73.89294601 -1.66970731 1.60000000
v 73.88860000 -1.60340000 1.60000000
v 73.88860000 -1.60340000 0.00000000
v 73.89294601 -1.66970731 0.00000000
v 73.90590968 -1.73488007 0.00000000
v 73.92726920 -1.79780318 0.00000000
v 73.95665909 -1.85740000 0.00000000
v 73.99357650 -1.91265081 0.00000000
v 74.03738976 -1.96261024 0.00000000
v 74.08734919 -2.00642350 0.00000000
v 74.14260000 -2.04334091 0.00000000
v 74.20219682 -2.07273080 0.00000000
v 74.26511993 -2.09409032 0.00000000
v 74.33029269 -2.10705399 0.00000000
v 61.18860000 2.00340000 0.00000000
v 61.18860000 2.00340000 1.60000000
v 61.19294601 2.06970731 1.60000000
v 61.20590968 2.13488007 1.60000000
v 61.22726920 2.19780318 1.60000000
v 61.25665909 2.25740000 1.60000000
v 61.29357650 2.31265081 1.60000000
v 61.33738976 2.36261024 1.60000000
v 61.38734919 2.40642350 1.60000000
v 61.44260000 2.44334091 1.60000000
v 61.50219682 2.47273080 1.60000000
v 61.56511993 2.49409032 1.60000000
v 61.63029269 2.50705399 1.60000000
v 61.69660000 2.51140000 1.60000000
v 61.69660000 2.51140000 0.00000000
v 61.63029269 2.50705399 0.00000000
v 61.56511993 2.49409032 0.00000000
v 61.50219682 2.47273080 0.00000000
v 61.44260000 2.44334091 0.00000000
v 61.38734919 2.40642350 0.00000000
v 61.33738976 2.36261024 0.00000000
v 61.29357650 2.31265081 0.00000000
v 61.25665909 2.25740000 0.00000000
v 61.22726920 2.19780318 0.00000000
v 61.20590968 2.13488007 0.00000000
v 61.19294601 2.06970731 0.00000000
v 65.30340000 2.51140000 0.00000000
v 65.30340000 2.51140000 1.60000000
v 65.36970731 2.50705399 1.60000000
v 65.43488007 2.49409032 1.60000000
v 65.49780318 2.47273080 1.60000000
v 65.55740000 2.44334091 1.60000000
v 65.61265081 2.40642350 1.60000000
v 65.66261024 2.36261024 1.60000000
v 65.70642350 2.31265081 1.60000000
v 65.74334091 2.25740000 1.60000000
v 65.77273080 2.19780318 1.60000000
v 65.79409032 2.13488007 1.60000000
v 65.80705399 2.06970731 1.60000000
v 65.81140000 2.00340000 1.60000000
v 65.81140000 2.00340000 0.00000000
v 65.80705399 2.06970731 0.00000000
v 65.79409032 2.13488007 0.00000000
v 65.77273080 2.19780318 0.00000000
v 65.74334091 2.25740000 0.00000000
v 65.70642350 2.31265081 0.00000000
v 65.66261024 2.36261024 0.00000000
v 65.61265081 2.40642350 0.00000000
v 65.55740000 2.44334091 0.00000000
v 65.49780318 2.47273080 0.00000000
v 65.43488007 2.49409032 0.00000000
v 65.36970731 2.50705399 0.00000000
v 65.81140000 -1.60340000 0.00000000
v 65.81140000 -1.60340000 1.60000000
v 65.80705399 -1.66970731 1.60000000
v 65.79409032 -1.73488007 1.60000000
v 65.77273080 -1.79780318 1.60000000
v 65.74334091 -1.85740000 1.60000000
v 65.70642350 -1.91265081 1.60000000
v 65.66261024 -1.96261024 1.60000000
v 65.61265081 -2.00642350 1.60000000
v 65.55740000 -2.04334091 1.60000000
v 65.49780318 -2.07273080 1.60000000
v 65.43488007 -2.09409032 1.60000000
v 65.36970731 -2.10705399 1.60000000
v 65.30340000 -2.11140000 1.60000000
v 65.30340000 -2.11140000 0.00000000
v 65.36970731 -2.10705399 0.00000000
v 65.43488007 -2.09409032 0.00000000
v 65.49780318 -2.07273080 0.00000000
v 65.55740000 -2.04334091 0.00000000
v 65.61265081 -2.00642350 0.00000000
v 65.66261024 -1.96261024 0.00000000
v 65.70642350 -1.91265081 0.00000000
v 65.74334091 -1.85740000 0.00000000
v 65.77273080 -1.79780318 0.00000000
v 65.79409032 -1.73488007 0.00000000
v 65.80705399 -1.66970731 0.00000000
v 61.69660000 -2.11140000 0.00000000
v 61.69660000 -2.11140000 1.60000000
v 61.63029269 -2.10705399 1.60000000
v 61.56511993 -2.09409032 1.60000000
v 61.50219682 -2.07273080 1.60000000
v 61.44260000 -2.04334091 1.60000000
v 61.38734919 -2.00642350 1.60000000
v 61.33738976 -1.96261024 1.60000000
v 61.29357650 -1.91265081 1.60000000
v 61.25665909 -1.85740000 1.60000000
v 61.22726920 -1.79780318 1.60000000
v 61.20590968 -1.73488007 1.60000000
v 61.19294601 -1.66970731 1.60000000
v 61.18860000 -1.60340000 1.60000000
v 61.18860000 -1.60340000 0.00000000
v 61.19294601 -1.66970731 0.00000000
v 61.20590968 -1.73488007 0.00000000
v 61.22726920 -1.79780318 0.00000000
v 61.25665909 -1.85740000 0.00000000
v 61.29357650 -1.91265081 0.00000000
v 61.33738976 -1.96261024 0.00000000
v 61.38734919 -2.00642350 0.00000000
v 61.44260000 -2.04334091 0.00000000
v 61.50219682 -2.07273080 0.00000000
v 61.56511993 -2.09409032 0.00000000
v 61.63029269 -2.10705399 0.00000000
v 48.48860000 2.00340000 0.00000000
v 48.48860000 2.00340000 1.60000000
v 48.49294601 2.06970731 1.60000000
v 48.50590968 2.13488007 1.60000000
v 48.52726920 2.19780318 1.60000000
v 48.55665909 2.25740000 1.60000000
v 48.59357650 2.31265081 1.60000000
v 48.63738976 2.36261024 1.60000000
v 48.68734919 2.40642350 1.60000000
v 48.74260000 2.44334091 1.60000000
v 48.80219682 2.47273080 1.60000000
v 48.86511993 2.49409032 1.60000000
v 48.93029269 2.50705399 1.60000000
v 48.99660000 2.51140000 1.60000000
v 48.99660000 2.51140000 0.00000000
v 48.93029269 2.50705399 0.00000000
v 48.86511993 2.49409032 0.00000000
v 48.80219682 2.47273080 0.00000000
v 48.74260000 2.44334091 0.00000000
v 48.68734919 2.40642350 0.00000000
v 48.63738976 2.36261024 0.00000000
v 48.59357650 2.31265081 0.00000000
v 48.55665909 2.25740000 0.00000000
v 48.52726920 2.19780318 0.00000000
v 48.50590968 2.13488007 0.00000000
v 48.49294601 2.06970731 0.00000000
v 52.60340000 2.51140000 0.00000000
v 52.60340000 2.51140000 1.60000000
v 52.66970731 2.50705399 1.60000000
v 52.73488007 2.49409032 1.60000000
v 52.79780318 2.47273080 1.60000000
v 52.85740000 2.44334091 1.60000000
v 52.91265081 2.40642350 1.60000000
v 52.96261024 2.36261024 1.60000000
v 53.00642350 2.31265081 1.60000000
v 53.04334091 2.25740000 1.60000000
v 53.07273080 2.19780318 1.60000000
v 53.09409032 2.13488007 1.60000000
v 53.10705399 2.06970731 1.60000000
v 53.11140000 2.00340000 1.60000000
v 53.11140000 2.00340000 0.00000000
v 53.10705399 2.06970731 0.00000000
v 53.09409032 2.13488007 0.00000000
v 53.07273080 2.19780318 0.00000000
v 53.04334091 2.25740000 0.00000000
v 53.00642350 2.31265081 0.00000000
v 52.96261024 2.36261024 0.00000000
v 52.91265081 2.40642350 0.00000000
v 52.85740000 2.44334091 0.00000000
v 52.79780318 2.47273080 0.00000000
v 52.73488007 2.49409032 0.00000000
v 52.66970731 2.50705399 0.00000000
v 53.11140000 -1.60340000 0.00000000
v 53.11140000 -1.60340000 1.60000000
v 53.10705399 -1.66970731 1.60000000
v 53.09409032 -1.73488007 1.60000000
v 53.07273080 -1.79780318 1.60000000
v 53.04334091 -1.85740000 1.60000000
v 53.00642350 -1.91265081 1.60000000
v 52.96261024 -1.96261024 1.60000000
v 52.91265081 -2.00642350 1.60000000
v 52.85740000 -2.04334091 1.60000000
v 52.79780318 -2.07273080 1.60000000
v 52.73488007 -2.09409032 1.60000000
v 52.66970731 -2.10705399 1.60000000
v 52.60340000 -2.11140000 1.60000000
v 52.60340000 -2.11140000 0.00000000
v 52.66970731 -2.10705399 0.00000000
v 52.73488007 -2.09409032 0.00000000
v 52.79780318 -2.07273080 0.00000000
v 52.85740000 -2.04334091 0.00000000
v 52.91265081 -2.00642350 0.00000000
v 52.96261024 -1.96261024 0.00000000
v 53.00642350 -1.91265081 0.00000000
v 53.04334091 -1.85740000 0.00000000
v 53.07273080 -1.79780318 0.00000000
v 53.09409032 -1.73488007 0.00000000
v 53.10705399 -1.66970731 0.00000000
v 48.99660000 -2.11140000 0.00000000
v 48.99660000 -2.11140000 1.60000000
v 48.93029269 -2.10705399 1.60000000
v 48.86511993 -2.09409032 1.60000000
v 48.80219682 -2.07273080 1.60000000
v 48.74260000 -2.04334091 1.60000000
v 48.68734919 -2.00642350 1.60000000
v 48.63738976 -1.96261024 1.60000000
v 48.59357650 -1.91265081 1.60000000
v 48.55665909 -1.85740000 1.60000000
v 48.52726920 -1.79780318 1.60000000
v 48.50590968 -1.73488007 1.60000000
v 48.49294601 -1.66970731 1.60000000
v 48.48860000 -1.60340000 1.60000000
v 48.48860000 -1.60340000 0.00000000
v 48.49294601 -1.66970731 0.00000000
v 48.50590968 -1.73488007 0.00000000
v 48.52726920 -1.79780318 0.00000000
v 48.55665909 -1.85740000 0.00000000
v 48.59357650 -1.91265081 0.00000000
v 48.63738976 -1.96261024 0.00000000
v 48.68734919 -2.00642350 0.00000000
v 48.74260000 -2.04334091 0.00000000
v 48.80219682 -2.07273080 0.00000000
v 48.86511993 -2.09409032 0.00000000
v 48.93029269 -2.10705399 0.00000000
v 35.78860000 2.00340000 0.00000000
v 35.78860000 2.00340000 1.60000000
v 35.79294601 2.06970731 1.60000000
v 35.80590968 2.13488007 1.60000000
v 35.82726920 2.19780318 1.60000000
v 35.85665909 2.25740000 1.60000000
v 35.89357650 2.31265081 1.60000000
v 35.93738976 2.36261024 1.60000000
v 35.98734919 2.40642350 1.60000000
v 36.04260000 2.44334091 1.60000000
v 36.10219682 2.47273080 1.60000000
v 36.16511993 2.49409032 1.60000000
v 36.23029269 2.50705399 1.60000000
v 36.29660000 2.51140000 1.60000000
v 36.29660000 2.51140000 0.00000000
v 36.23029269 2.50705399 0.00000000
v 36.16511993 2.49409032 0.00000000
v 36.10219682 2.47273080 0.00000000
v 36.04260000 2.44334091 0.00000000
v 35.98734919 2.40642350 0.00000000
v 35.93738976 2.36261024 0.00000000
v 35.89357650 2.31265081 0.00000000
v 35.85665909 2.25740000 0.00000000
v 35.82726920 2.19780318 0.00000000
v 35.80590968 2.13488007 0.00000000
v 35.79294601 2.06970731 0.00000000
v 39.90340000 2.51140000 0.00000000
v 39.90340000 2.51140000 1.60000000
v 39.96970731 2.50705399 1.60000000
v 40.03488007 2.49409032 1.60000000
v 40.09780318 2.47273080 1.60000000
v 40.15740000 2.44334091 1.60000000
v 40.21265081 2.40642350 1.60000000
v 40.26261024 2.36261024 1.60000000
v 40.30642350 2.31265081 1.60000000
v 40.34334091 2.25740000 1.60000000
v 40.37273080 2.19780318 1.60000000
v 40.39409032 2.13488007 1.60000000
v 40.40705399 2.06970731 1.60000000
v 40.41140000 2.00340000 1.60000000
v 40.41140000 2.00340000 0.00000000
v 40.40705399 2.06970731 0.00000000
v 40.39409032 2.13488007 0.00000000
v 40.37273080 2.19780318 0.00000000
v 40.34334091 2.25740000 0.00000000
v 40.30642350 2.31265081 0.00000000
v 40.26261024 2.36261024 0.00000000
v 40.21265081 2.40642350 0.00000000
v 40.15740000 2.44334091 0.00000000
v 40.09780318 2.47273080 0.00000000
v 40.03488007 2.49409032 0.00000000
v 39.96970731 2.50705399 0.00000000
v 40.41140000 -1.60340000 0.00000000
v 40.41140000 -1.60340000 1.60000000
v 40.40705399 -1.66970731 1.60000000
v 40.39409032 -1.73488007 1.60000000
v 40.37273080 -1.79780318 1.60000000
v 40.34334091 -1.85740000 1.60000000
v 40.30642350 -1.91265081 1.60000000
v 40.26261024 -1.96261024 1.60000000
v 40.21265081 -2.00642350 1.60000000
v 40.15740000 -2.04334091 1.60000000
v 40.09780318 -2.07273080 1.60000000
v 40.03488007 -2.09409032 1.60000000
v 39.96970731 -2.10705399 1.60000000
v 39.90340000 -2.11140000 1.60000000
v 39.90340000 -2.11140000 0.00000000
v 39.96970731 -2.10705399 0.00000000
v 40.03488007 -2.09409032 0.00000000
v 40.09780318 -2.07273080 0.00000000
v 40.15740000 -2.04334091 0.00000000
v 40.21265081 -2.00642350 0.00000000
v 40.26261024 -1.96261024 0.00000000
v 40.30642350 -1.91265081 0.00000000
v 40.34334091 -1.85740000 0.00000000
v 40.37273080 -1.79780318 0.00000000
v 40.39409032 -1.73488007 0.00000000
v 40.40705399 -1.66970731 0.00000000
v 36.29660000 -2.11140000 0.00000000
v 36.29660000 -2.11140000 1.60000000
v 36.23029269 -2.10705399 1.60000000
v 36.16511993 -2.09409032 1.60000000
v 36.10219682 -2.07273080 1.60000000
v 36.04260000 -2.04334091 1.60000000
v 35.98734919 -2.00642350 1.60000000
v 35.93738976 -1.96261024 1.60000000
v 35.89357650 -1.91265081 1.60000000
v 35.85665909 -1.85740000 1.60000000
v 35.82726920 -1.79780318 1.60000000
v 35.80590968 -1.73488007 1.60000000
v 35.79294601 -1.66970731 1.60000000
v 35.78860000 -1.60340000 1.60000000
v 35.78860000 -1.60340000 0.00000000
v 35.79294601 -1.66970731 0.00000000
v 35.80590968 -1.73488007 0.00000000
v 35.82726920 -1.79780318 0.00000000
v 35.85665909 -1.85740000 0.00000000
v 35.89357650 -1.91265081 0.00000000
v 35.93738976 -1.96261024 0.00000000
v 35.98734919 -2.00642350 0.00000000
v 36.04260000 -2.04334091 0.00000000
v 36.10219682 -2.07273080 0.00000000
v 36.16511993 -2.09409032 0.00000000
v 36.23029269 -2.10705399 0.00000000
v 23.08860000 2.00340000 0.00000000
v 23.08860000 2.00340000 1.60000000
v 23.09294601 2.06970731 1.60000000
v 23.10590968 2.13488007 1.60000000
v 23.12726920 2.19780318 1.60000000
v 23.15665909 2.25740000 1.60000000
v 23.19357650 2.31265081 1.60000000
v 23.23738976 2.36261024 1.60000000
v 23.28734919 2.40642350 1.60000000
v 23.34260000 2.44334091 1.60000000
v 23.40219682 2.47273080 1.60000000
v 23.46511993 2.49409032 1.60000000
v 23.53029269 2.50705399 1.60000000
v 23.59660000 2.51140000 1.60000000
v 23.59660000 2.51140000 0.00000000
v 23.53029269 2.50705399 0.00000000
v 23.46511993 2.49409032 0.00000000
v 23.40219682 2.47273080 0.00000000
v 23.34260000 2.44334091 0.00000000
v 23.28734919 2.40642350 0.00000000
v 23.23738976 2.36261024 0.00000000
v 23.19357650 2.31265081 0.00000000
v 23.15665909 2.25740000 0.00000000
v 23.12726920 2.19780318 0.00000000
v 23.10590968 2.13488007 0.00000000
v 23.09294601 2.06970731 0.00000000
v 27.20340000 2.51140000 0.00000000
v 27.20340000 2.51140000 1.60000000
v 27.26970731 2.50705399 1.60000000
v 27.33488007 2.49409032 1.60000000
v 27.39780318 2.47273080 1.60000000
v 27.45740000 2.44334091 1.60000000
v 27.51265081 2.40642350 1.60000000
v 27.56261024 2.36261024 1.60000000
v 27.60642350 2.31265081 1.60000000
v 27.64334091 2.25740000 1.60000000
v 27.67273080 2.19780318 1.60000000
v 27.69409032 2.13488007 1.60000000
v 27.70705399 2.06970731 1.60000000
v 27.71140000 2.00340000 1.60000000
v 27.71140000 2.00340000 0.00000000
v 27.70705399 2.06970731 0.00000000
v 27.69409032 2.13488007 0.00000000
v 27.67273080 2.19780318 0.00000000
v 27.64334091 2.25740000 0.00000000
v 27.60642350 2.31265081 0.00000000
v 27.56261024 2.36261024 0.00000000
v 27.51265081 2.40642350 0.00000000
v 27.45740000 2.44334091 0.00000000
v 27.39780318 2.47273080 0.00000000
v 27.33488007 2.49409032 0.00000000
v 27.26970731 2.50705399 0.00000000
v 27.71140000 -1.60340000 0.00000000
v 27.71140000 -1.60340000 1.60000000
v 27.70705399 -1.66970731 1.60000000
v 27.69409032 -1.73488007 1.60000000
v 27.67273080 -1.79780318 1.60000000
v 27.64334091 -1.85740000 1.60000000
v 27.60642350 -1.91265081 1.60000000
v 27.56261024 -1.96261024 1.60000000
v 27.51265081 -2.00642350 1.60000000
v 27.45740000 -2.04334091 1.60000000
v 27.39780318 -2.07273080 1.60000000
v 27.33488007 -2.09409032 1.60000000
v 27.26970731 -2.10705399 1.60000000
v 27.20340000 -2.11140000 1.60000000
v 27.20340000 -2.11140000 0.00000000
v 27.26970731 -2.10705399 0.00000000
v 27.33488007 -2.09409032 0.00000000
v 27.39780318 -2.07273080 0.00000000
v 27.45740000 -2.04334091 0.00000000
v 27.51265081 -2.00642350 0.00000000
v 27.56261024 -1.96261024 0.00000000
v 27.60642350 -1.91265081 0.00000000
v 27.64334091 -1.85740000 0.00000000
v 27.67273080 -1.79780318 0.00000000
v 27.69409032 -1.73488007 0.00000000
v 27.70705399 -1.66970731 0.00000000
v 23.59660000 -2.11140000 0.00000000
v 23.59660000 -2.11140000 1.60000000
v 23.53029269 -2.10705399 1.60000000
v 23.46511993 -2.09409032 1.60000000
v 23.40219682 -2.07273080 1.60000000
v 23.34260000 -2.04334091 1.60000000
v 23.28734919 -2.00642350 1.60000000
v 23.23738976 -1.96261024 1.60000000
v 23.19357650 -1.91265081 1.60000000
v 23.15665909 -1.85740000 1.60000000
v 23.12726920 -1.79780318 1.60000000
v 23.10590968 -1.73488007 1.60000000
v 23.09294601 -1.66970731 1.60000000
v 23.08860000 -1.60340000 1.60000000
v 23.08860000 -1.60340000 0.00000000
v 23.09294601 -1.66970731 0.00000000
v 23.10590968 -1.73488007 0.00000000
v 23.12726920 -1.79780318 0.00000000
v 23.15665909 -1.85740000 0.00000000
v 23.19357650 -1.91265081 0.00000000
v 23.23738976 -1.96261024 0.00000000
v 23.28734919 -2.00642350 0.00000000
v 23.34260000 -2.04334091 0.00000000
v 23.40219682 -2.07273080 0.00000000
v 23.46511993 -2.09409032 0.00000000
v 23.53029269 -2.10705399 0.00000000
v 10.38860000 2.00340000 0.00000000
v 10.38860000 2.00340000 1.60000000
v 10.39294601 2.06970731 1.60000000
v 10.40590968 2.13488007 1.60000000
v 10.42726920 2.19780318 1.60000000
v 10.45665909 2.25740000 1.60000000
v 10.49357650 2.31265081 1.60000000
v 10.53738976 2.36261024 1.60000000
v 10.58734919 2.40642350 1.60000000
v 10.64260000 2.44334091 1.60000000
v 10.70219682 2.47273080 1.60000000
v 10.76511993 2.49409032 1.60000000
v 10.83029269 2.50705399 1.60000000
v 10.89660000 2.51140000 1.60000000
v 10.89660000 2.51140000 0.00000000
v 10.83029269 2.50705399 0.00000000
v 10.76511993 2.49409032 0.00000000
v 10.70219682 2.47273080 0.00000000
v 10.64260000 2.44334091 0.00000000
v 10.58734919 2.40642350 0.00000000
v 10.53738976 2.36261024 0.00000000
v 10.49357650 2.31265081 0.00000000
v 10.45665909 2.25740000 0.00000000
v 10.42726920 2.19780318 0.00000000
v 10.40590968 2.13488007 0.00000000
v 10.39294601 2.06970731 0.00000000
v 14.50340000 2.51140000 0.00000000
v 14.50340000 2.51140000 1.60000000
v 14.56970731 2.50705399 1.60000000
v 14.63488007 2.49409032 1.60000000
v 14.69780318 2.47273080 1.60000000
v 14.75740000 2.44334091 1.60000000
v 14.81265081 2.40642350 1.60000000
v 14.86261024 2.36261024 1.60000000
v 14.90642350 2.31265081 1.60000000
v 14.94334091 2.25740000 1.60000000
v 14.97273080 2.19780318 1.60000000
v 14.99409032 2.13488007 1.60000000
v 15.00705399 2.06970731 1.60000000
v 15.01140000 2.00340000 1.60000000
v 15.01140000 2.00340000 0.00000000
v 15.00705399 2.06970731 0.00000000
v 14.99409032 2.13488007 0.00000000
v 14.97273080 2.19780318 0.00000000
v 14.94334091 2.25740000 0.00000000
v 14.90642350 2.31265081 0.00000000
v 14.86261024 2.36261024 0.00000000
v 14.81265081 2.40642350 0.00000000
v 14.75740000 2.44334091 0.00000000
v 14.69780318 2.47273080 0.00000000
v 14.63488007 2.49409032 0.00000000
v 14.56970731 2.50705399 0.00000000
v 15.01140000 -1.60340000 0.00000000
v 15.01140000 -1.60340000 1.60000000
v 15.00705399 -1.66970731 1.60000000
v 14.99409032 -1.73488007 1.60000000
v 14.97273080 -1.79780318 1.60000000
v 14.94334091 -1.85740000 1.60000000
v 14.90642350 -1.91265081 1.60000000
v 14.86261024 -1.96261024 1.60000000
v 14.81265081 -2.00642350 1.60000000
v 14.75740000 -2.04334091 1.60000000
v 14.69780318 -2.07273080 1.60000000
v 14.63488007 -2.09409032 1.60000000
v 14.56970731 -2.10705399 1.60000000
v 14.50340000 -2.11140000 1.60000000
v 14.50340000 -2.11140000 0.00000000
v 14.56970731 -2.10705399 0.00000000
v 14.63488007 -2.09409032 0.00000000
v 14.69780318 -2.07273080 0.00000000
v 14.75740000 -2.04334091 0.00000000
v 14.81265081 -2.00642350 0.00000000
v 14.86261024 -1.96261024 0.00000000
v 14.90642350 -1.91265081 0.00000000
v 14.94334091 -1.85740000 0.00000000
v 14.97273080 -1.79780318 0.00000000
v 14.99409032 -1.73488007 0.00000000
v 15.00705399 -1.66970731 0.00000000
v 10.89660000 -2.11140000 0.00000000
v 10.89660000 -2.11140000 1.60000000
v 10.83029269 -2.10705399 1.60000000
v 10.76511993 -2.09409032 1.60000000
v 10.70219682 -2.07273080 1.60000000
v 10.64260000 -2.04334091 1.60000000
v 10.58734919 -2.00642350 1.60000000
v 10.53738976 -1.96261024 1.60000000
v 10.49357650 -1.91265081 1.60000000
v 10.45665909 -1.85740000 1.60000000
v 10.42726920 -1.79780318 1.60000000
v 10.40590968 -1.73488007 1.60000000
v 10.39294601 -1.66970731 1.60000000
v 10.38860000 -1.60340000 1.60000000
v 10.38860000 -1.60340000 0.00000000
v 10.39294601 -1.66970731 0.00000000
v 10.40590968 -1.73488007 0.00000000
v 10.42726920 -1.79780318 0.00000000
v 10.45665909 -1.85740000 0.00000000
v 10.49357650 -1.91265081 0.00000000
v 10.53738976 -1.96261024 0.00000000
v 10.58734919 -2.00642350 0.00000000
v 10.64260000 -2.04334091 0.00000000
v 10.70219682 -2.07273080 0.00000000
v 10.76511993 -2.09409032 0.00000000
v 10.83029269 -2.10705399 0.00000000
v -2.31140000 2.00340000 0.00000000
v -2.31140000 2.00340000 1.60000000
v -2.30705399 2.06970731 1.60000000
v -2.29409032 2.13488007 1.60000000
v -2.27273080 2.19780318 1.60000000
v -2.24334091 2.25740000 1.60000000
v -2.20642350 2.31265081 1.60000000
v -2.16261024 2.36261024 1.60000000
v -2.11265081 2.40642350 1.60000000
v -2.05740000 2.44334091 1.60000000
v -1.99780318 2.47273080 1.60000000
v -1.93488007 2.49409032 1.60000000
v -1.86970731 2.50705399 1.60000000
v -1.80340000 2.51140000 1.60000000
v -1.80340000 2.51140000 0.00000000
v -1.86970731 2.50705399 0.00000000
v -1.93488007 2.49409032 0.00000000
v -1.99780318 2.47273080 0.00000000
v -2.05740000 2.44334091 0.00000000
v -2.11265081 2.40642350 0.00000000
v -2.16261024 2.36261024 0.00000000
v -2.20642350 2.31265081 0.00000000
v -2.24334091 2.25740000 0.00000000
v -2.27273080 2.19780318 0.00000000
v -2.29409032 2.13488007 0.00000000
v -2.30705399 2.06970731 0.00000000
v 1.80340000 2.51140000 0.00000000
v 1.80340000 2.51140000 1.60000000
v 1.86970731 2.50705399 1.60000000
v 1.93488007 2.49409032 1.60000000
v 1.99780318 2.47273080 1.60000000
v 2.05740000 2.44334091 1.60000000
v 2.11265081 2.40642350 1.60000000
v 2.16261024 2.36261024 1.60000000
v 2.20642350 2.31265081 1.60000000
v 2.24334091 2.25740000 1.60000000
v 2.27273080 2.19780318 1.60000000
v 2.29409032 2.13488007 1.60000000
v 2.30705399 2.06970731 1.60000000
v 2.31140000 2.00340000 1.60000000
v 2.31140000 2.00340000 0.00000000
v 2.30705399 2.06970731 0.00000000
v 2.29409032 2.13488007 0.00000000
v 2.27273080 2.19780318 0.00000000
v 2.24334091 2.25740000 0.00000000
v 2.20642350 2.31265081 0.00000000
v 2.16261024 2.36261024 0.00000000
v 2.11265081 2.40642350 0.00000000
v 2.05740000 2.44334091 0.00000000
v 1.99780318 2.47273080 0.00000000
v 1.93488007 2.49409032 0.00000000
v 1.86970731 2.50705399 0.00000000
v 2.31140000 -1.60340000 0.00000000
v 2.31140000 -1.60340000 1.60000000
v 2.30705399 -1.66970731 1.60000000
v 2.29409032 -1.73488007 1.60000000
v 2.27273080 -1.79780318 1.60000000
v 2.24334091 -1.85740000 1.60000000
v 2.20642350 -1.91265081 1.60000000
v 2.16261024 -1.96261024 1.60000000
v 2.11265081 -2.00642350 1.60000000
v 2.05740000 -2.04334091 1.60000000
v 1.99780318 -2.07273080 1.60000000
v 1.93488007 -2.09409032 1.60000000
v 1.86970731 -2.10705399 1.60000000
v 1.80340000 -2.11140000 1.60000000
v 1.80340000 -2.11140000 0.00000000
v 1.86970731 -2.10705399 0.00000000
v 1.93488007 -2.09409032 0.00000000
v 1.99780318 -2.07273080 0.00000000
v 2.05740000 -2.04334091 0.00000000
v 2.11265081 -2.00642350 0.00000000
v 2.16261024 -1.96261024 0.00000000
v 2.20642350 -1.91265081 0.00000000
v 2.24334091 -1.85740000 0.00000000
v 2.27273080 -1.79780318 0.00000000
v 2.29409032 -1.73488007 0.00000000
v 2.30705399 -1.66970731 0.00000000
v -1.80340000 -2.11140000 0.00000000
v -1.80340000 -2.11140000 1.60000000
v -1.86970731 -2.10705399 1.60000000
v -1.93488007 -2.09409032 1.60000000
v -1.99780318 -2.07273080 1.60000000
v -2.05740000 -2.04334091 1.60000000
v -2.11265081 -2.00642350 1.60000000
v -2.16261024 -1.96261024 1.60000000
v -2.20642350 -1.91265081 1.60000000
v -2.24334091 -1.85740000 1.60000000
v -2.27273080 -1.79780318 1.60000000
v -2.29409032 -1.73488007 1.60000000
v -2.30705399 -1.66970731 1.60000000
v -2.31140000 -1.60340000 1.60000000
v -2.31140000 -1.60340000 0.00000000
v -2.30705399 -1.66970731 0.00000000
v -2.29409032 -1.73488007 0.00000000
v -2.27273080 -1.79780318 0.00000000
v -2.24334091 -1.85740000 0.00000000
v -2.20642350 -1.91265081 0.00000000
v -2.16261024 -1.96261024 0.00000000
v -2.11265081 -2.00642350 0.00000000
v -2.05740000 -2.04334091 0.00000000
v -1.99780318 -2.07273080 0.00000000
v -1.93488007 -2.09409032 0.00000000
v -1.86970731 -2.10705399 0.00000000
v -15.01140000 2.00340000 0.00000000
v -15.01140000 2.00340000 1.60000000
v -15.00705399 2.06970731 1.60000000
v -14.99409032 2.13488007 1.60000000
v -14.97273080 2.19780318 1.60000000
v -14.94334091 2.25740000 1.60000000
v -14.90642350 2.31265081 1.60000000
v -14.86261024 2.36261024 1.60000000
v -14.81265081 2.40642350 1.60000000
v -14.75740000 2.44334091 1.60000000
v -14.69780318 2.47273080 1.60000000
v -14.63488007 2.49409032 1.60000000
v -14.56970731 2.50705399 1.60000000
v -14.50340000 2.51140000 1.60000000
v -14.50340000 2.51140000 0.00000000
v -14.56970731 2.50705399 0.00000000
v -14.63488007 2.49409032 0.00000000
v -14.69780318 2.47273080 0.00000000
v -14.75740000 2.44334091 0.00000000
v -14.81265081 2.40642350 0.00000000
v -14.86261024 2.36261024 0.00000000
v -14.90642350 2.31265081 0.00000000
v -14.94334091 2.25740000 0.00000000
v -14.97273080 2.19780318 0.00000000
v -14.99409032 2.13488007 0.00000000
v -15.00705399 2.06970731 0.00000000
v -10.89660000 2.51140000 0.00000000
v -10.89660000 2.51140000 1.60000000
v -10.83029269 2.50705399 1.60000000
v -10.76511993 2.49409032 1.60000000
v -10.70219682 2.47273080 1.60000000
v -10.64260000 2.44334091 1.60000000
v -10.58734919 2.40642350 1.60000000
v -10.53738976 2.36261024 1.60000000
v -10.49357650 2.31265081 1.60000000
v -10.45665909 2.25740000 1.60000000
v -10.42726920 2.19780318 1.60000000
v -10.40590968 2.13488007 1.60000000
v -10.39294601 2.06970731 1.60000000
v -10.38860000 2.00340000 1.60000000
v -10.38860000 2.00340000 0.00000000
v -10.39294601 2.06970731 0.00000000
v -10.40590968 2.13488007 0.00000000
v -10.42726920 2.19780318 0.00000000
v -10.45665909 2.25740000 0.00000000
v -10.49357650 2.31265081 0.00000000
v -10.53738976 2.36261024 0.00000000
v -10.58734919 2.40642350 0.00000000
v -10.64260000 2.44334091 0.00000000
v -10.70219682 2.47273080 0.00000000
v -10.76511993 2.49409032 0.00000000
v -10.83029269 2.50705399 0.00000000
v -10.38860000 -1.60340000 0.00000000
v -10.38860000 -1.60340000 1.60000000
v -10.39294601 -1.66970731 1.60000000
v -10.40590968 -1.73488007 1.60000000
v -10.42726920 -1.79780318 1.60000000
v -10.45665909 -1.85740000 1.60000000
v -10.49357650 -1.91265081 1.60000000
v -10.53738976 -1.96261024 1.60000000
v -10.58734919 -2.00642350 1.60000000
v -10.64260000 -2.04334091 1.60000000
v -10.70219682 -2.07273080 1.60000000
v -10.76511993 -2.09409032 1.60000000
v -10.83029269 -2.10705399 1.60000000
v -10.89660000 -2.11140000 1.60000000
v -10.89660000 -2.11140000 0.00000000
v -10.83029269 -2.10705399 0.00000000
v -10.76511993 -2.09409032 0.00000000
v -10.70219682 -2.07273080 0.00000000
v -10.64260000 -2.04334091 0.00000000
v -10.58734919 -2.00642350 0.00000000
v -10.53738976 -1.96261024 0.00000000
v -10.49357650 -1.91265081 0.00000000
v -10.45665909 -1.85740000 0.00000000
v -10.42726920 -1.79780318 0.00000000
v -10.40590968 -1.73488007 0.00000000
v -10.39294601 -1.66970731 0.00000000
v -14.50340000 -2.11140000 0.00000000
v -14.50340000 -2.11140000 1.60000000
v -14.56970731 -2.10705399 1.60000000
v -14.63488007 -2.09409032 1.60000000
v -14.69780318 -2.07273080 1.60000000
v -14.75740000 -2.04334091 1.60000000
v -14.81265081 -2.00642350 1.60000000
v -14.86261024 -1.96261024 1.60000000
v -14.90642350 -1.91265081 1.60000000
v -14.94334091 -1.85740000 1.60000000
v -14.97273080 -1.79780318 1.60000000
v -14.99409032 -1.73488007 1.60000000
v -15.00705399 -1.66970731 1.60000000
v -15.01140000 -1.60340000 1.60000000
v -15.01140000 -1.60340000 0.00000000
v -15.00705399 -1.66970731 0.00000000
v -14.99409032 -1.73488007 0.00000000
v -14.97273080 -1.79780318 0.00000000
v -14.94334091 -1.85740000 0.00000000
v -14.90642350 -1.91265081 0.00000000
v -14.86261024 -1.96261024 0.00000000
v -14.81265081 -2.00642350 0.00000000
v -14.75740000 -2.04334091 0.00000000
v -14.69780318 -2.07273080 0.00000000
v -14.63488007 -2.09409032 0.00000000
v -14.56970731 -2.10705399 0.00000000
v -27.71140000 2.00340000 0.00000000
v -27.71140000 2.00340000 1.60000000
v -27.70705399 2.06970731 1.60000000
v -27.69409032 2.13488007 1.60000000
v -27.67273080 2.19780318 1.60000000
v -27.64334091 2.25740000 1.60000000
v -27.60642350 2.31265081 1.60000000
v -27.56261024 2.36261024 1.60000000
v -27.51265081 2.40642350 1.60000000
v -27.45740000 2.44334091 1.60000000
v -27.39780318 2.47273080 1.60000000
v -27.33488007 2.49409032 1.60000000
v -27.26970731 2.50705399 1.60000000
v -27.20340000 2.51140000 1.60000000
v -27.20340000 2.51140000 0.00000000
v -27.26970731 2.50705399 0.00000000
v -27.33488007 2.49409032 0.00000000
v -27.39780318 2.47273080 0.00000000
v -27.45740000 2.44334091 0.00000000
v -27.51265081 2.40642350 0.00000000
v -27.56261024 2.36261024 0.00000000
v -27.60642350 2.31265081 0.00000000
v -27.64334091 2.25740000 0.00000000
v -27.67273080 2.19780318 0.00000000
v -27.69409032 2.13488007 0.00000000
v -27.70705399 2.06970731 0.00000000
v -23.59660000 2.51140000 0.00000000
v -23.59660000 2.51140000 1.60000000
v -23.53029269 2.50705399 1.60000000
v -23.46511993 2.49409032 1.60000000
v -23.40219682 2.47273080 1.60000000
v -23.34260000 2.44334091 1.60000000
v -23.28734919 2.40642350 1.60000000
v -23.23738976 2.36261024 1.60000000
v -23.19357650 2.31265081 1.60000000
v -23.15665909 2.25740000 1.60000000
v -23.12726920 2.19780318 1.60000000
v -23.10590968 2.13488007 1.60000000
v -23.09294601 2.06970731 1.60000000
v -23.08860000 2.00340000 1.60000000
v -23.08860000 2.00340000 0.00000000
v -23.09294601 2.06970731 0.00000000
v -23.10590968 2.13488007 0.00000000
v -23.12726920 2.19780318 0.00000000
v -23.15665909 2.25740000 0.00000000
v -23.19357650 2.31265081 0.00000000
v -23.23738976 2.36261024 0.00000000
v -23.28734919 2.40642350 0.00000000
v -23.34260000 2.44334091 0.00000000
v -23.40219682 2.47273080 0.00000000
v -23.46511993 2.49409032 0.00000000
v -23.53029269 2.50705399 0.00000000
v -23.08860000 -1.60340000 0.00000000
v -23.08860000 -1.60340000 1.60000000
v -23.09294601 -1.66970731 1.60000000
v -23.10590968 -1.73488007 1.60000000
v -23.12726920 -1.79780318 1.60000000
v -23.15665909 -1.85740000 1.60000000
v -23.19357650 -1.91265081 1.60000000
v -23.23738976 -1.96261024 1.60000000
v -23.28734919 -2.00642350 1.60000000
v -23.34260000 -2.04334091 1.60000000
v -23.40219682 -2.07273080 1.60000000
v -23.46511993 -2.09409032 1.60000000
v -23.53029269 -2.10705399 1.60000000
v -23.59660000 -2.11140000 1.60000000
v -23.59660000 -2.11140000 0.00000000
v -23.53029269 -2.10705399 0.00000000
v -23.46511993 -2.09409032 0.00000000
v -23.40219682 -2.07273080 0.00000000
v -23.34260000 -2.04334091 0.00000000
v -23.28734919 -2.00642350 0.00000000
v -23.23738976 -1.96261024 0.00000000
v -23.19357650 -1.91265081 0.00000000
v -23.15665909 -1.85740000 0.00000000
v -23.12726920 -1.79780318 0.00000000
v -23.10590968 -1.73488007 0.00000000
v -23.09294601 -1.66970731 0.00000000
v -27.20340000 -2.11140000 0.00000000
v -27.20340000 -2.11140000 1.60000000
v -27.26970731 -2.10705399 1.60000000
v -27.33488007 -2.09409032 1.60000000
v -27.39780318 -2.07273080 1.60000000
v -27.45740000 -2.04334091 1.60000000
v -27.51265081 -2.00642350 1.60000000
v -27.56261024 -1.96261024 1.60000000
v -27.60642350 -1.91265081 1.60000000
v -27.64334091 -1.85740000 1.60000000
v -27.67273080 -1.79780318 1.60000000
v -27.69409032 -1.73488007 1.60000000
v -27.70705399 -1.66970731 1.60000000
v -27.71140000 -1.60340000 1.60000000
v -27.71140000 -1.60340000 0.00000000
v -27.70705399 -1.66970731 0.00000000
v -27.69409032 -1.73488007 0.00000000
v -27.67273080 -1.79780318 0.00000000
v -27.64334091 -1.85740000 0.00000000
v -27.60642350 -1.91265081 0.00000000
v -27.56261024 -1.96261024 0.00000000
v -27.51265081 -2.00642350 0.00000000
v -27.45740000 -2.04334091 0.00000000
v -27.39780318 -2.07273080 0.00000000
v -27.33488007 -2.09409032 0.00000000
v -27.26970731 -2.10705399 0.00000000
v -40.41140000 2.00340000 0.00000000
v -40.41140000 2.00340000 1.60000000
v -40.40705399 2.06970731 1.60000000
v -40.39409032 2.13488007 1.60000000
v -40.37273080 2.19780318 1.60000000
v -40.34334091 2.25740000 1.60000000
v -40.30642350 2.31265081 1.60000000
v -40.26261024 2.36261024 1.60000000
v -40.21265081 2.40642350 1.60000000
v -40.15740000 2.44334091 1.60000000
v -40.09780318 2.47273080 1.60000000
v -40.03488007 2.49409032 1.60000000
v -39.96970731 2.50705399 1.60000000
v -39.90340000 2.51140000 1.60000000
v -39.90340000 2.51140000 0.00000000
v -39.96970731 2.50705399 0.00000000
v -40.03488007 2.49409032 0.00000000
v -40.09780318 2.47273080 0.00000000
v -40.15740000 2.44334091 0.00000000
v -40.21265081 2.40642350 0.00000000
v -40.26261024 2.36261024 0.00000000
v -40.30642350 2.31265081 0.00000000
v -40.34334091 2.25740000 0.00000000
v -40.37273080 2.19780318 0.00000000
v -40.39409032 2.13488007 0.00000000
v -40.40705399 2.06970731 0.00000000
v -36.29660000 2.51140000 0.00000000
v -36.29660000 2.51140000 1.60000000
v -36.23029269 2.50705399 1.60000000
v -36.16511993 2.49409032 1.60000000
v -36.10219682 2.47273080 1.60000000
v -36.04260000 2.44334091 1.60000000
v -35.98734919 2.40642350 1.60000000
v -35.93738976 2.36261024 1.60000000
v -35.89357650 2.31265081 1.60000000
v -35.85665909 2.25740000 1.60000000
v -35.82726920 2.19780318 1.60000000
v -35.80590968 2.13488007 1.60000000
v -35.79294601 2.06970731 1.60000000
v -35.78860000 2.00340000 1.60000000
v -35.78860000 2.00340000 0.00000000
v -35.79294601 2.06970731 0.00000000
v -35.80590968 2.13488007 0.00000000
v -35.82726920 2.19780318 0.00000000
v -35.85665909 2.25740000 0.00000000
v -35.89357650 2.31265081 0.00000000
v -35.93738976 2.36261024 0.00000000
v -35.98734919 2.40642350 0.00000000
v -36.04260000 2.44334091 0.00000000
v -36.10219682 2.47273080 0.00000000
v -36.16511993 2.49409032 0.00000000
v -36.23029269 2.50705399 0.00000000
v -35.78860000 -1.60340000 0.00000000
v -35.78860000 -1.60340000 1.60000000
v -35.79294601 -1.66970731 1.60000000
v -35.80590968 -1.73488007 1.60000000
v -35.82726920 -1.79780318 1.60000000
v -35.85665909 -1.85740000 1.60000000
v -35.89357650 -1.91265081 1.60000000
v -35.93738976 -1.96261024 1.60000000
v -35.98734919 -2.00642350 1.60000000
v -36.04260000 -2.04334091 1.60000000
v -36.10219682 -2.07273080 1.60000000
v -36.16511993 -2.09409032 1.60000000
v -36.23029269 -2.10705399 1.60000000
v -36.29660000 -2.11140000 1.60000000
v -36.29660000 -2.11140000 0.00000000
v -36.23029269 -2.10705399 0.00000000
v -36.16511993 -2.09409032 0.00000000
v -36.10219682 -2.07273080 0.00000000
v -36.04260000 -2.04334091 0.00000000
v -35.98734919 -2.00642350 0.00000000
v -35.93738976 -1.96261024 0.00000000
v -35.89357650 -1.91265081 0.00000000
v -35.85665909 -1.85740000 0.00000000
v -35.82726920 -1.79780318 0.00000000
v -35.80590968 -1.73488007 0.00000000
v -35.79294601 -1.66970731 0.00000000
v -39.90340000 -2.11140000 0.00000000
v -39.90340000 -2.11140000 1.60000000
v -39.96970731 -2.10705399 1.60000000
v -40.03488007 -2.09409032 1.60000000
v -40.09780318 -2.07273080 1.60000000
v -40.15740000 -2.04334091 1.60000000
v -40.21265081 -2.00642350 1.60000000
v -40.26261024 -1.96261024 1.60000000
v -40.30642350 -1.91265081 1.60000000
v -40.34334091 -1.85740000 1.60000000
v -40.37273080 -1.79780318 1.60000000
v -40.39409032 -1.73488007 1.60000000
v -40.40705399 -1.66970731 1.60000000
v -40.41140000 -1.60340000 1.60000000
v -40.41140000 -1.60340000 0.00000000
v -40.40705399 -1.66970731 0.00000000
v -40.39409032 -1.73488007 0.00000000
v -40.37273080 -1.79780318 0.00000000
v -40.34334091 -1.85740000 0.00000000
v -40.30642350 -1.91265081 0.00000000
v -40.26261024 -1.96261024 0.00000000
v -40.21265081 -2.00642350 0.00000000
v -40.15740000 -2.04334091 0.00000000
v -40.09780318 -2.07273080 0.00000000
v -40.03488007 -2.09409032 0.00000000
v -39.96970731 -2.10705399 0.00000000
v -53.11140000 2.00340000 0.00000000
v -53.11140000 2.00340000 1.60000000
v -53.10705399 2.06970731 1.60000000
v -53.09409032 2.13488007 1.60000000
v -53.07273080 2.19780318 1.60000000
v -53.04334091 2.25740000 1.60000000
v -53.00642350 2.31265081 1.60000000
v -52.96261024 2.36261024 1.60000000
v -52.91265081 2.40642350 1.60000000
v -52.85740000 2.44334091 1.60000000
v -52.79780318 2.47273080 1.60000000
v -52.73488007 2.49409032 1.60000000
v -52.66970731 2.50705399 1.60000000
v -52.60340000 2.51140000 1.60000000
v -52.60340000 2.51140000 0.00000000
v -52.66970731 2.50705399 0.00000000
v -52.73488007 2.49409032 0.00000000
v -52.79780318 2.47273080 0.00000000
v -52.85740000 2.44334091 0.00000000
v -52.91265081 2.40642350 0.00000000
v -52.96261024 2.36261024 0.00000000
v -53.00642350 2.31265081 0.00000000
v -53.04334091 2.25740000 0.00000000
v -53.07273080 2.19780318 0.00000000
v -53.09409032 2.13488007 0.00000000
v -53.10705399 2.06970731 0.00000000
v -48.99660000 2.51140000 0.00000000
v -48.99660000 2.51140000 1.60000000
v -48.93029269 2.50705399 1.60000000
v -48.86511993 2.49409032 1.60000000
v -48.80219682 2.47273080 1.60000000
v -48.74260000 2.44334091 1.60000000
v -48.68734919 2.40642350 1.60000000
v -48.63738976 2.36261024 1.60000000
v -48.59357650 2.31265081 1.60000000
v -48.55665909 2.25740000 1.60000000
v -48.52726920 2.19780318 1.60000000
v -48.50590968 2.13488007 1.60000000
v -48.49294601 2.06970731 1.60000000
v -48.48860000 2.00340000 1.60000000
v -48.48860000 2.00340000 0.00000000
v -48.49294601 2.06970731 0.00000000
v -48.50590968 2.13488007 0.00000000
v -48.52726920 2.19780318 0.00000000
v -48.55665909 2.25740000 0.00000000
v -48.59357650 2.31265081 0.00000000
v -48.63738976 2.36261024 0.00000000
v -48.68734919 2.40642350 0.00000000
v -48.74260000 2.44334091 0.00000000
v -48.80219682 2.47273080 0.00000000
v -48.86511993 2.49409032 0.00000000
v -48.93029269 2.50705399 0.00000000
v -48.48860000 -1.60340000 0.00000000
v -48.48860000 -1.60340000 1.60000000
v -48.49294601 -1.66970731 1.60000000
v -48.50590968 -1.73488007 1.60000000
v -48.52726920 -1.79780318 1.60000000
v -48.55665909 -1.85740000 1.60000000
v -48.59357650 -1.91265081 1.60000000
v -48.63738976 -1.96261024 1.60000000
v -48.68734919 -2.00642350 1.60000000
v -48.74260000 -2.04334091 1.60000000
v -48.80219682 -2.07273080 1.60000000
v -48.86511993 -2.09409032 1.60000000
v -48.93029269 -2.10705399 1.60000000
v -48.99660000 -2.11140000 1.60000000
v -48.99660000 -2.11140000 0.00000000
v -48.93029269 -2.10705399 0.00000000
v -48.86511993 -2.09409032 0.00000000
v -48.80219682 -2.07273080 0.00000000
v -48.74260000 -2.04334091 0.00000000
v -48.68734919 -2.00642350 0.00000000
v -48.63738976 -1.96261024 0.00000000
v -48.59357650 -1.91265081 0.00000000
v -48.55665909 -1.85740000 0.00000000
v -48.52726920 -1.79780318 0.00000000
v -48.50590968 -1.73488007 0.00000000
v -48.49294601 -1.66970731 0.00000000
v -52.60340000 -2.11140000 0.00000000
v -52.60340000 -2.11140000 1.60000000
v -52.66970731 -2.10705399 1.60000000
v -52.73488007 -2.09409032 1.60000000
v -52.79780318 -2.07273080 1.60000000
v -52.85740000 -2.04334091 1.60000000
v -52.91265081 -2.00642350 1.60000000
v -52.96261024 -1.96261024 1.60000000
v -53.00642350 -1.91265081 1.60000000
v -53.04334091 -1.85740000 1.60000000
v -53.07273080 -1.79780318 1.60000000
v -53.09409032 -1.73488007 1.60000000
v -53.10705399 -1.66970731 1.60000000
v -53.11140000 -1.60340000 1.60000000
v -53.11140000 -1.60340000 0.00000000
v -53.10705399 -1.66970731 0.00000000
v -53.09409032 -1.73488007 0.00000000
v -53.07273080 -1.79780318 0.00000000
v -53.04334091 -1.85740000 0.00000000
v -53.00642350 -1.91265081 0.00000000
v -52.96261024 -1.96261024 0.00000000
v -52.91265081 -2.00642350 0.00000000
v -52.85740000 -2.04334091 0.00000000
v -52.79780318 -2.07273080 0.00000000
v -52.73488007 -2.09409032 0.00000000
v -52.66970731 -2.10705399 0.00000000
v -65.81140000 2.00340000 0.00000000
v -65.81140000 2.00340000 1.60000000
v -65.80705399 2.06970731 1.60000000
v -65.79409032 2.13488007 1.60000000
v -65.77273080 2.19780318 1.60000000
v -65.74334091 2.25740000 1.60000000
v -65.70642350 2.31265081 1.60000000
v -65.66261024 2.36261024 1.60000000
v -65.61265081 2.40642350 1.60000000
v -65.55740000 2.44334091 1.60000000
v -65.49780318 2.47273080 1.60000000
v -65.43488007 2.49409032 1.60000000
v -65.36970731 2.50705399 1.60000000
v -65.30340000 2.51140000 1.60000000
v -65.30340000 2.51140000 0.00000000
v -65.36970731 2.50705399 0.00000000
v -65.43488007 2.49409032 0.00000000
v -65.49780318 2.47273080 0.00000000
v -65.55740000 2.44334091 0.00000000
v -65.61265081 2.40642350 0.00000000
v -65.66261024 2.36261024 0.00000000
v -65.70642350 2.31265081 0.00000000
v -65.74334091 2.25740000 0.00000000
v -65.77273080 2.19780318 0.00000000
v -65.79409032 2.13488007 0.00000000
v -65.80705399 2.06970731 0.00000000
v -61.69660000 2.51140000 0.00000000
v -61.69660000 2.51140000 1.60000000
v -61.63029269 2.50705399 1.60000000
v -61.56511993 2.49409032 1.60000000
v -61.50219682 2.47273080 1.60000000
v -61.44260000 2.44334091 1.60000000
v -61.38734919 2.40642350 1.60000000
v -61.33738976 2.36261024 1.60000000
v -61.29357650 2.31265081 1.60000000
v -61.25665909 2.25740000 1.60000000
v -61.22726920 2.19780318 1.60000000
v -61.20590968 2.13488007 1.60000000
v -61.19294601 2.06970731 1.60000000
v -61.18860000 2.00340000 1.60000000
v -61.18860000 2.00340000 0.00000000
v -61.19294601 2.06970731 0.00000000
v -61.20590968 2.13488007 0.00000000
v -61.22726920 2.19780318 0.00000000
v -61.25665909 2.25740000 0.00000000
v -61.29357650 2.31265081 0.00000000
v -61.33738976 2.36261024 0.00000000
v -61.38734919 2.40642350 0.00000000
v -61.44260000 2.44334091 0.00000000
v -61.50219682 2.47273080 0.00000000
v -61.56511993 2.49409032 0.00000000
v -61.63029269 2.50705399 0.00000000
v -61.18860000 -1.60340000 0.00000000
v -61.18860000 -1.60340000 1.60000000
v -61.19294601 -1.66970731 1.60000000
v -61.20590968 -1.73488007 1.60000000
v -61.22726920 -1.79780318 1.60000000
v -61.25665909 -1.85740000 1.60000000
v -61.29357650 -1.91265081 1.60000000
v -61.33738976 -1.96261024 1.60000000
v -61.38734919 -2.00642350 1.60000000
v -61.44260000 -2.04334091 1.60000000
v -61.50219682 -2.07273080 1.60000000
v -61.56511993 -2.09409032 1.60000000
v -61.63029269 -2.10705399 1.60000000
v -61.69660000 -2.11140000 1.60000000
v -61.69660000 -2.11140000 0.00000000
v -61.63029269 -2.10705399 0.00000000
v -61.56511993 -2.09409032 0.00000000
v -61.50219682 -2.07273080 0.00000000
v -61.44260000 -2.04334091 0.00000000
v -61.38734919 -2.00642350 0.00000000
v -61.33738976 -1.96261024 0.00000000
v -61.29357650 -1.91265081 0.00000000
v -61.25665909 -1.85740000 0.00000000
v -61.22726920 -1.79780318 0.00000000
v -61.20590968 -1.73488007 0.00000000
v -61.19294601 -1.66970731 0.00000000
v -65.30340000 -2.11140000 0.00000000
v -65.30340000 -2.11140000 1.60000000
v -65.36970731 -2.10705399 1.60000000
v -65.43488007 -2.09409032 1.60000000
v -65.49780318 -2.07273080 1.60000000
v -65.55740000 -2.04334091 1.60000000
v -65.61265081 -2.00642350 1.60000000
v -65.66261024 -1.96261024 1.60000000
v -65.70642350 -1.91265081 1.60000000
v -65.74334091 -1.85740000 1.60000000
v -65.77273080 -1.79780318 1.60000000
v -65.79409032 -1.73488007 1.60000000
v -65.80705399 -1.66970731 1.60000000
v -65.81140000 -1.60340000 1.60000000
v -65.81140000 -1.60340000 0.00000000
v -65.80705399 -1.66970731 0.00000000
v -65.79409032 -1.73488007 0.00000000
v -65.77273080 -1.79780318 0.00000000
v -65.74334091 -1.85740000 0.00000000
v -65.70642350 -1.91265081 0.00000000
v -65.66261024 -1.96261024 0.00000000
v -65.61265081 -2.00642350 0.00000000
v -65.55740000 -2.04334091 0.00000000
v -65.49780318 -2.07273080 0.00000000
v -65.43488007 -2.09409032 0.00000000
v -65.36970731 -2.10705399 0.00000000
v -78.51140000 2.00340000 0.00000000
v -78.51140000 2.00340000 1.60000000
v -78.50705399 2.06970731 1.60000000
v -78.49409032 2.13488007 1.60000000
v -78.47273080 2.19780318 1.60000000
v -78.44334091 2.25740000 1.60000000
v -78.40642350 2.31265081 1.60000000
v -78.36261024 2.36261024 1.60000000
v -78.31265081 2.40642350 1.60000000
v -78.25740000 2.44334091 1.60000000
v -78.19780318 2.47273080 1.60000000
v -78.13488007 2.49409032 1.60000000
v -78.06970731 2.50705399 1.60000000
v -78.00340000 2.51140000 1.60000000
v -78.00340000 2.51140000 0.00000000
v -78.06970731 2.50705399 0.00000000
v -78.13488007 2.49409032 0.00000000
v -78.19780318 2.47273080 0.00000000
v -78.25740000 2.44334091 0.00000000
v -78.31265081 2.40642350 0.00000000
v -78.36261024 2.36261024 0.00000000
v -78.40642350 2.31265081 0.00000000
v -78.44334091 2.25740000 0.00000000
v -78.47273080 2.19780318 0.00000000
v -78.49409032 2.13488007 0.00000000
v -78.50705399 2.06970731 0.00000000
v -74.39660000 2.51140000 0.00000000
v -74.39660000 2.51140000 1.60000000
v -74.33029269 2.50705399 1.60000000
v -74.26511993 2.49409032 1.60000000
v -74.20219682 2.47273080 1.60000000
v -74.14260000 2.44334091 1.60000000
v -74.08734919 2.40642350 1.60000000
v -74.03738976 2.36261024 1.60000000
v -73.99357650 2.31265081 1.60000000
v -73.95665909 2.25740000 1.60000000
v -73.92726920 2.19780318 1.60000000
v -73.90590968 2.13488007 1.60000000
v -73.89294601 2.06970731 1.60000000
v -73.88860000 2.00340000 1.60000000
v -73.88860000 2.00340000 0.00000000
v -73.89294601 2.06970731 0.00000000
v -73.90590968 2.13488007 0.00000000
v -73.92726920 2.19780318 0.00000000
v -73.95665909 2.25740000 0.00000000
v -73.99357650 2.31265081 0.00000000
v -74.03738976 2.36261024 0.00000000
v -74.08734919 2.40642350 0.00000000
v -74.14260000 2.44334091 0.00000000
v -74.20219682 2.47273080 0.00000000
v -74.26511993 2.49409032 0.00000000
v -74.33029269 2.50705399 0.00000000
v -73.88860000 -1.60340000 0.00000000
v -73.88860000 -1.60340000 1.60000000
v -73.89294601 -1.66970731 1.60000000
v -73.90590968 -1.73488007 1.60000000
v -73.92726920 -1.79780318 1.60000000
v -73.95665909 -1.85740000 1.60000000
v -73.99357650 -1.91265081 1.60000000
v -74.03738976 -1.96261024 1.60000000
v -74.08734919 -2.00642350 1.60000000
v -74.14260000 -2.04334091 1.60000000
v -74.20219682 -2.07273080 1.60000000
v -74.26511993 -2.09409032 1.60000000
v -74.33029269 -2.10705399 1.60000000
v -74.39660000 -2.11140000 1.60000000
v -74.39660000 -2.11140000 0.00000000
v -74.33029269 -2.10705399 0.00000000
v -74.26511993 -2.09409032 0.00000000
v -74.20219682 -2.07273080 0.00000000
v -74.14260000 -2.04334091 0.00000000
v -74.08734919 -2.00642350 0.00000000
v -74.03738976 -1.96261024 0.00000000
v -73.99357650 -1.91265081 0.00000000
v -73.95665909 -1.85740000 0.00000000
v -73.92726920 -1.79780318 0.00000000
v -73.90590968 -1.73488007 0.00000000
v -73.89294601 -1.66970731 0.00000000
v -78.00340000 -2.11140000 0.00000000
v -78.00340000 -2.11140000 1.60000000
v -78.06970731 -2.10705399 1.60000000
v -78.13488007 -2.09409032 1.60000000
v -78.19780318 -2.07273080 1.60000000
v -78.25740000 -2.04334091 1.60000000
v -78.31265081 -2.00642350 1.60000000
v -78.36261024 -1.96261024 1.60000000
v -78.40642350 -1.91265081 1.60000000
v -78.44334091 -1.85740000 1.60000000
v -78.47273080 -1.79780318 1.60000000
v -78.49409032 -1.73488007 1.60000000
v -78.50705399 -1.66970731 1.60000000
v -78.51140000 -1.60340000 1.60000000
v -78.51140000 -1.60340000 0.00000000
v -78.50705399 -1.66970731 0.00000000
v -78.49409032 -1.73488007 0.00000000
v -78.47273080 -1.79780318 0.00000000
v -78.44334091 -1.85740000 0.00000000
v -78.40642350 -1.91265081 0.00000000
v -78.36261024 -1.96261024 0.00000000
v -78.31265081 -2.00642350 0.00000000
v -78.25740000 -2.04334091 0.00000000
v -78.19780318 -2.07273080 0.00000000
v -78.13488007 -2.09409032 0.00000000
v -78.06970731 -2.10705399 0.00000000
v -91.21140000 2.00340000 0.00000000
v -91.21140000 2.00340000 1.60000000
v -91.20705399 2.06970731 1.60000000
v -91.19409032 2.13488007 1.60000000
v -91.17273080 2.19780318 1.60000000
v -91.14334091 2.25740000 1.60000000
v -91.10642350 2.31265081 1.60000000
v -91.06261024 2.36261024 1.60000000
v -91.01265081 2.40642350 1.60000000
v -90.95740000 2.44334091 1.60000000
v -90.89780318 2.47273080 1.60000000
v -90.83488007 2.49409032 1.60000000
v -90.76970731 2.50705399 1.60000000
v -90.70340000 2.51140000 1.60000000
v -90.70340000 2.51140000 0.00000000
v -90.76970731 2.50705399 0.00000000
v -90.83488007 2.49409032 0.00000000
v -90.89780318 2.47273080 0.00000000
v -90.95740000 2.44334091 0.00000000
v -91.01265081 2.40642350 0.00000000
v -91.06261024 2.36261024 0.00000000
v -91.10642350 2.31265081 0.00000000
v -91.14334091 2.25740000 0.00000000
v -91.17273080 2.19780318 0.00000000
v -91.19409032 2.13488007 0.00000000
v -91.20705399 2.06970731 0.00000000
v -87.09660000 2.51140000 0.00000000
v -87.09660000 2.51140000 1.60000000
v -87.03029269 2.50705399 1.60000000
v -86.96511993 2.49409032 1.60000000
v -86.90219682 2.47273080 1.60000000
v -86.84260000 2.44334091 1.60000000
v -86.78734919 2.40642350 1.60000000
v -86.73738976 2.36261024 1.60000000
v -86.69357650 2.31265081 1.60000000
v -86.65665909 2.25740000 1.60000000
v -86.62726920 2.19780318 1.60000000
v -86.60590968 2.13488007 1.60000000
v -86.59294601 2.06970731 1.60000000
v -86.58860000 2.00340000 1.60000000
v -86.58860000 2.00340000 0.00000000
v -86.59294601 2.06970731 0.00000000
v -86.60590968 2.13488007 0.00000000
v -86.62726920 2.19780318 0.00000000
v -86.65665909 2.25740000 0.00000000
v -86.69357650 2.31265081 0.00000000
v -86.73738976 2.36261024 0.00000000
v -86.78734919 2.40642350 0.00000000
v -86.84260000 2.44334091 0.00000000
v -86.90219682 2.47273080 0.00000000
v -86.96511993 2.49409032 0.00000000
v -87.03029269 2.50705399 0.00000000
v -86.58860000 -1.60340000 0.00000000
v -86.58860000 -1.60340000 1.60000000
v -86.59294601 -1.66970731 1.60000000
v -86.60590968 -1.73488007 1.60000000
v -86.62726920 -1.79780318 1.60000000
v -86.65665909 -1.85740000 1.60000000
v -86.69357650 -1.91265081 1.60000000
v -86.73738976 -1.96261024 1.60000000
v -86.78734919 -2.00642350 1.60000000
v -86.84260000 -2.04334091 1.60000000
v -86.90219682 -2.07273080 1.60000000
v -86.96511993 -2.09409032 1.60000000
v -87.03029269 -2.10705399 1.60000000
v -87.09660000 -2.11140000 1.60000000
v -87.09660000 -2.11140000 0.00000000
v -87.03029269 -2.10705399 0.00000000
v -86.96511993 -2.09409032 0.00000000
v -86.90219682 -2.07273080 0.00000000
v -86.84260000 -2.04334091 0.00000000
v -86.78734919 -2.00642350 0.00000000
v -86.73738976 -1.96261024 0.00000000
v -86.69357650 -1.91265081 0.00000000
v -86.65665909 -1.85740000 0.00000000
v -86.62726920 -1.79780318 0.00000000
v -86.60590968 -1.73488007 0.00000000
v -86.59294601 -1.66970731 0.00000000
v -90.70340000 -2.11140000 0.00000000
v -90.70340000 -2.11140000 1.60000000
v -90.76970731 -2.10705399 1.60000000
v -90.83488007 -2.09409032 1.60000000
v -90.89780318 -2.07273080 1.60000000
v -90.95740000 -2.04334091 1.60000000
v -91.01265081 -2.00642350 1.60000000
v -91.06261024 -1.96261024 1.60000000
v -91.10642350 -1.91265081 1.60000000
v -91.14334091 -1.85740000 1.60000000
v -91.17273080 -1.79780318 1.60000000
v -91.19409032 -1.73488007 1.60000000
v -91.20705399 -1.66970731 1.60000000
v -91.21140000 -1.60340000 1.60000000
v -91.21140000 -1.60340000 0.00000000
v -91.20705399 -1.66970731 0.00000000
v -91.19409032 -1.73488007 0.00000000
v -91.17273080 -1.79780318 0.00000000
v -91.14334091 -1.85740000 0.00000000
v -91.10642350 -1.91265081 0.00000000
v -91.06261024 -1.96261024 0.00000000
v -91.01265081 -2.00642350 0.00000000
v -90.95740000 -2.04334091 0.00000000
v -90.89780318 -2.07273080 0.00000000
v -90.83488007 -2.09409032 0.00000000
v -90.76970731 -2.10705399 0.00000000
v -103.91140000 2.00340000 0.00000000
v -103.91140000 2.00340000 1.60000000
v -103.90705399 2.06970731 1.60000000
v -103.89409032 2.13488007 1.60000000
v -103.87273080 2.19780318 1.60000000
v -103.84334091 2.25740000 1.60000000
v -103.80642350 2.31265081 1.60000000
v -103.76261024 2.36261024 1.60000000
v -103.71265081 2.40642350 1.60000000
v -103.65740000 2.44334091 1.60000000
v -103.59780318 2.47273080 1.60000000
v -103.53488007 2.49409032 1.60000000
v -103.46970731 2.50705399 1.60000000
v -103.40340000 2.51140000 1.60000000
v -103.40340000 2.51140000 0.00000000
v -103.46970731 2.50705399 0.00000000
v -103.53488007 2.49409032 0.00000000
v -103.59780318 2.47273080 0.00000000
v -103.65740000 2.44334091 0.00000000
v -103.71265081 2.40642350 0.00000000
v -103.76261024 2.36261024 0.00000000
v -103.80642350 2.31265081 0.00000000
v -103.84334091 2.25740000 0.00000000
v -103.87273080 2.19780318 0.00000000
v -103.89409032 2.13488007 0.00000000
v -103.90705399 2.06970731 0.00000000
v -99.79660000 2.51140000 0.00000000
v -99.79660000 2.51140000 1.60000000
v -99.73029269 2.50705399 1.60000000
v -99.66511993 2.49409032 1.60000000
v -99.60219682 2.47273080 1.60000000
v -99.54260000 2.44334091 1.60000000
v -99.48734919 2.40642350 1.60000000
v -99.43738976 2.36261024 1.60000000
v -99.39357650 2.31265081 1.60000000
v -99.35665909 2.25740000 1.60000000
v -99.32726920 2.19780318 1.60000000
v -99.30590968 2.13488007 1.60000000
v -99.29294601 2.06970731 1.60000000
v -99.28860000 2.00340000 1.60000000
v -99.28860000 2.00340000 0.00000000
v -99.29294601 2.06970731 0.00000000
v -99.30590968 2.13488007 0.00000000
v -99.32726920 2.19780318 0.00000000
v -99.35665909 2.25740000 0.00000000
v -99.39357650 2.31265081 0.00000000
v -99.43738976 2.36261024 0.00000000
v -99.48734919 2.40642350 0.00000000
v -99.54260000 2.44334091 0.00000000
v -99.60219682 2.47273080 0.00000000
v -99.66511993 2.49409032 0.00000000
v -99.73029269 2.50705399 0.00000000
v -99.28860000 -1.60340000 0.00000000
v -99.28860000 -1.60340000 1.60000000
v -99.29294601 -1.66970731 1.60000000
v -99.30590968 -1.73488007 1.60000000
v -99.32726920 -1.79780318 1.60000000
v -99.35665909 -1.85740000 1.60000000
v -99.39357650 -1.91265081 1.60000000
v -99.43738976 -1.96261024 1.60000000
v -99.48734919 -2.00642350 1.60000000
v -99.54260000 -2.04334091 1.60000000
v -99.60219682 -2.07273080 1.60000000
v -99.66511993 -2.09409032 1.60000000
v -99.73029269 -2.10705399 1.60000000
v -99.79660000 -2.11140000 1.60000000
v -99.79660000 -2.11140000 0.00000000
v -99.73029269 -2.10705399 0.00000000
v -99.66511993 -2.09409032 0.00000000
v -99.60219682 -2.07273080 0.00000000
v -99.54260000 -2.04334091 0.00000000
v -99.48734919 -2.00642350 0.00000000
v -99.43738976 -1.96261024 0.00000000
v -99.39357650 -1.91265081 0.00000000
v -99.35665909 -1.85740000 0.00000000
v -99.32726920 -1.79780318 0.00000000
v -99.30590968 -1.73488007 0.00000000
v -99.29294601 -1.66970731 0.00000000
v -103.40340000 -2.11140000 0.00000000
v -103.40340000 -2.11140000 1.60000000
v -103.46970731 -2.10705399 1.60000000
v -103.53488007 -2.09409032 1.60000000
v -103.59780318 -2.07273080 1.60000000
v -103.65740000 -2.04334091 1.60000000
v -103.71265081 -2.00642350 1.60000000
v -103.76261024 -1.96261024 1.60000000
v -103.80642350 -1.91265081 1.60000000
v -103.84334091 -1.85740000 1.60000000
v -103.87273080 -1.79780318 1.60000000
v -103.89409032 -1.73488007 1.60000000
v -103.90705399 -1.66970731 1.60000000
v -103.91140000 -1.60340000 1.60000000
v -103.91140000 -1.60340000 0.00000000
v -103.90705399 -1.66970731 0.00000000
v -103.89409032 -1.73488007 0.00000000
v -103.87273080 -1.79780318 0.00000000
v -103.84334091 -1.85740000 0.00000000
v -103.80642350 -1.91265081 0.00000000
v -103.76261024 -1.96261024 0.00000000
v -103.71265081 -2.00642350 0.00000000
v -103.65740000 -2.04334091 0.00000000
v -103.59780318 -2.07273080 0.00000000
v -103.53488007 -2.09409032 0.00000000
v -103.46970731 -2.10705399 0.00000000
v 118.33860000 8.35340000 0.00000000
v 118.33860000 8.35340000 1.60000000
v 118.34294601 8.41970731 1.60000000
v 118.35590968 8.48488007 1.60000000
v 118.37726920 8.54780318 1.60000000
v 118.40665909 8.60740000 1.60000000
v 118.44357650 8.66265081 1.60000000
v 118.48738976 8.71261024 1.60000000
v 118.53734919 8.75642350 1.60000000
v 118.59260000 8.79334091 1.60000000
v 118.65219682 8.82273080 1.60000000
v 118.71511993 8.84409032 1.60000000
v 118.78029269 8.85705399 1.60000000
v 118.84660000 8.86140000 1.60000000
v 118.84660000 8.86140000 0.00000000
v 118.78029269 8.85705399 0.00000000
v 118.71511993 8.84409032 0.00000000
v 118.65219682 8.82273080 0.00000000
v 118.59260000 8.79334091 0.00000000
v 118.53734919 8.75642350 0.00000000
v 118.48738976 8.71261024 0.00000000
v 118.44357650 8.66265081 0.00000000
v 118.40665909 8.60740000 0.00000000
v 118.37726920 8.54780318 0.00000000
v 118.35590968 8.48488007 0.00000000
v 118.34294601 8.41970731 0.00000000
v 122.45340000 8.86140000 0.00000000
v 122.45340000 8.86140000 1.60000000
v 122.51970731 8.85705399 1.60000000
v 122.58488007 8.84409032 1.60000000
v 122.64780318 8.82273080 1.60000000
v 122.70740000 8.79334091 1.60000000
v 122.76265081 8.75642350 1.60000000
v 122.81261024 8.71261024 1.60000000
v 122.85642350 8.66265081 1.60000000
v 122.89334091 8.60740000 1.60000000
v 122.92273080 8.54780318 1.60000000
v 122.94409032 8.48488007 1.60000000
v 122.95705399 8.41970731 1.60000000
v 122.96140000 8.35340000 1.60000000
v 122.96140000 8.35340000 0.00000000
v 122.95705399 8.41970731 0.00000000
v 122.94409032 8.48488007 0.00000000
v 122.92273080 8.54780318 0.00000000
v 122.89334091 8.60740000 0.00000000
v 122.85642350 8.66265081 0.00000000
v 122.81261024 8.71261024 0.00000000
v 122.76265081 8.75642350 0.00000000
v 122.70740000 8.79334091 0.00000000
v 122.64780318 8.82273080 0.00000000
v 122.58488007 8.84409032 0.00000000
v 122.51970731 8.85705399 0.00000000
v 122.96140000 4.74660000 0.00000000
v 122.96140000 4.74660000 1.60000000
v 122.95705399 4.68029269 1.60000000
v 122.94409032 4.61511993 1.60000000
v 122.92273080 4.55219682 1.60000000
v 122.89334091 4.49260000 1.60000000
v 122.85642350 4.43734919 1.60000000
v 122.81261024 4.38738976 1.60000000
v 122.76265081 4.34357650 1.60000000
v 122.70740000 4.30665909 1.60000000
v 122.64780318 4.27726920 1.60000000
v 122.58488007 4.25590968 1.60000000
v 122.51970731 4.24294601 1.60000000
v 122.45340000 4.23860000 1.60000000
v 122.45340000 4.23860000 0.00000000
v 122.51970731 4.24294601 0.00000000
v 122.58488007 4.25590968 0.00000000
v 122.64780318 4.27726920 0.00000000
v 122.70740000 4.30665909 0.00000000
v 122.76265081 4.34357650 0.00000000
v 122.81261024 4.38738976 0.00000000
v 122.85642350 4.43734919 0.00000000
v 122.89334091 4.49260000 0.00000000
v 122.92273080 4.55219682 0.00000000
v 122.94409032 4.61511993 0.00000000
v 122.95705399 4.68029269 0.00000000
v 118.84660000 4.23860000 0.00000000
v 118.84660000 4.23860000 1.60000000
v 118.78029269 4.24294601 1.60000000
v 118.71511993 4.25590968 1.60000000
v 118.65219682 4.27726920 1.60000000
v 118.59260000 4.30665909 1.60000000
v 118.53734919 4.34357650 1.60000000
v 118.48738976 4.38738976 1.60000000
v 118.44357650 4.43734919 1.60000000
v 118.40665909 4.49260000 1.60000000
v 118.37726920 4.55219682 1.60000000
v 118.35590968 4.61511993 1.60000000
v 118.34294601 4.68029269 1.60000000
v 118.33860000 4.74660000 1.60000000
v 118.33860000 4.74660000 0.00000000
v 118.34294601 4.68029269 0.00000000
v 118.35590968 4.61511993 0.00000000
v 118.37726920 4.55219682 0.00000000
v 118.40665909 4.49260000 0.00000000
v 118.44357650 4.43734919 0.00000000
v 118.48738976 4.38738976 0.00000000
v 118.53734919 4.34357650 0.00000000
v 118.59260000 4.30665909 0.00000000
v 118.65219682 4.27726920 0.00000000
v 118.71511993 4.25590968 0.00000000
v 118.78029269 4.24294601 0.00000000
v 122.45340000 -3.83860000 0.00000000
v 122.45340000 -3.83860000 1.60000000
v 122.51970731 -3.84294601 1.60000000
v 122.58488007 -3.85590968 1.60000000
v 122.64780318 -3.87726920 1.60000000
v 122.70740000 -3.90665909 1.60000000
v 122.76265081 -3.94357650 1.60000000
v 122.81261024 -3.98738976 1.60000000
v 122.85642350 -4.03734919 1.60000000
v 122.89334091 -4.09260000 1.60000000
v 122.92273080 -4.15219682 1.60000000
v 122.94409032 -4.21511993 1.60000000
v 122.95705399 -4.28029269 1.60000000
v 122.96140000 -4.34660000 1.60000000
v 122.96140000 -4.34660000 0.00000000
v 122.95705399 -4.28029269 0.00000000
v 122.94409032 -4.21511993 0.00000000
v 122.92273080 -4.15219682 0.00000000
v 122.89334091 -4.09260000 0.00000000
v 122.85642350 -4.03734919 0.00000000
v 122.81261024 -3.98738976 0.00000000
v 122.76265081 -3.94357650 0.00000000
v 122.70740000 -3.90665909 0.00000000
v 122.64780318 -3.87726920 0.00000000
v 122.58488007 -3.85590968 0.00000000
v 122.51970731 -3.84294601 0.00000000
v 122.96140000 -7.95340000 0.00000000
v 122.96140000 -7.95340000 1.60000000
v 122.95705399 -8.01970731 1.60000000
v 122.94409032 -8.08488007 1.60000000
v 122.92273080 -8.14780318 1.60000000
v 122.89334091 -8.20740000 1.60000000
v 122.85642350 -8.26265081 1.60000000
v 122.81261024 -8.31261024 1.60000000
v 122.76265081 -8.35642350 1.60000000
v 122.70740000 -8.39334091 1.60000000
v 122.64780318 -8.42273080 1.60000000
v 122.58488007 -8.44409032 1.60000000
v 122.51970731 -8.45705399 1.60000000
v 122.45340000 -8.46140000 1.60000000
v 122.45340000 -8.46140000 0.00000000
v 122.51970731 -8.45705399 0.00000000
v 122.58488007 -8.44409032 0.00000000
v 122.64780318 -8.42273080 0.00000000
v 122.70740000 -8.39334091 0.00000000
v 122.76265081 -8.35642350 0.00000000
v 122.81261024 -8.31261024 0.00000000
v 122.85642350 -8.26265081 0.00000000
v 122.89334091 -8.20740000 0.00000000
v 122.92273080 -8.14780318 0.00000000
v 122.94409032 -8.08488007 0.00000000
v 122.95705399 -8.01970731 0.00000000
v 118.84660000 -8.46140000 0.00000000
v 118.84660000 -8.46140000 1.60000000
v 118.78029269 -8.45705399 1.60000000
v 118.71511993 -8.44409032 1.60000000
v 118.65219682 -8.42273080 1.60000000
v 118.59260000 -8.39334091 1.60000000
v 118.53734919 -8.35642350 1.60000000
v 118.48738976 -8.31261024 1.60000000
v 118.44357650 -8.26265081 1.60000000
v 118.40665909 -8.20740000 1.60000000
v 118.37726920 -8.14780318 1.60000000
v 118.35590968 -8.08488007 1.60000000
v 118.34294601 -8.01970731 1.60000000
v 118.33860000 -7.95340000 1.60000000
v 118.33860000 -7.95340000 0.00000000
v 118.34294601 -8.01970731 0.00000000
v 118.35590968 -8.08488007 0.00000000
v 118.37726920 -8.14780318 0.00000000
v 118.40665909 -8.20740000 0.00000000
v 118.44357650 -8.26265081 0.00000000
v 118.48738976 -8.31261024 0.00000000
v 118.53734919 -8.35642350 0.00000000
v 118.59260000 -8.39334091 0.00000000
v 118.65219682 -8.42273080 0.00000000
v 118.71511993 -8.44409032 0.00000000
v 118.78029269 -8.45705399 0.00000000
v 118.33860000 -4.34660000 0.00000000
v 118.33860000 -4.34660000 1.60000000
v 118.34294601 -4.28029269 1.60000000
v 118.35590968 -4.21511993 1.60000000
v 118.37726920 -4.15219682 1.60000000
v 118.40665909 -4.09260000 1.60000000
v 118.44357650 -4.03734919 1.60000000
v 118.48738976 -3.98738976 1.60000000
v 118.53734919 -3.94357650 1.60000000
v 118.59260000 -3.90665909 1.60000000
v 118.65219682 -3.87726920 1.60000000
v 118.71511993 -3.85590968 1.60000000
v 118.78029269 -3.84294601 1.60000000
v 118.84660000 -3.83860000 1.60000000
v 118.84660000 -3.83860000 0.00000000
v 118.78029269 -3.84294601 0.00000000
v 118.71511993 -3.85590968 0.00000000
v 118.65219682 -3.87726920 0.00000000
v 118.59260000 -3.90665909 0.00000000
v 118.53734919 -3.94357650 0.00000000
v 118.48738976 -3.98738976 0.00000000
v 118.44357650 -4.03734919 0.00000000
v 118.40665909 -4.09260000 0.00000000
v 118.37726920 -4.15219682 0.00000000
v 118.35590968 -4.21511993 0.00000000
v 118.34294601 -4.28029269 0.00000000
v 105.63860000 8.35340000 0.00000000
v 105.63860000 8.35340000 1.60000000
v 105.64294601 8.41970731 1.60000000
v 105.65590968 8.48488007 1.60000000
v 105.67726920 8.54780318 1.60000000
v 105.70665909 8.60740000 1.60000000
v 105.74357650 8.66265081 1.60000000
v 105.78738976 8.71261024 1.60000000
v 105.83734919 8.75642350 1.60000000
v 105.89260000 8.79334091 1.60000000
v 105.95219682 8.82273080 1.60000000
v 106.01511993 8.84409032 1.60000000
v 106.08029269 8.85705399 1.60000000
v 106.14660000 8.86140000 1.60000000
v 106.14660000 8.86140000 0.00000000
v 106.08029269 8.85705399 0.00000000
v 106.01511993 8.84409032 0.00000000
v 105.95219682 8.82273080 0.00000000
v 105.89260000 8.79334091 0.00000000
v 105.83734919 8.75642350 0.00000000
v 105.78738976 8.71261024 0.00000000
v 105.74357650 8.66265081 0.00000000
v 105.70665909 8.60740000 0.00000000
v 105.67726920 8.54780318 0.00000000
v 105.65590968 8.48488007 0.00000000
v 105.64294601 8.41970731 0.00000000
v 109.75340000 8.86140000 0.00000000
v 109.75340000 8.86140000 1.60000000
v 109.81970731 8.85705399 1.60000000
v 109.88488007 8.84409032 1.60000000
v 109.94780318 8.82273080 1.60000000
v 110.00740000 8.79334091 1.60000000
v 110.06265081 8.75642350 1.60000000
v 110.11261024 8.71261024 1.60000000
v 110.15642350 8.66265081 1.60000000
v 110.19334091 8.60740000 1.60000000
v 110.22273080 8.54780318 1.60000000
v 110.24409032 8.48488007 1.60000000
v 110.25705399 8.41970731 1.60000000
v 110.26140000 8.35340000 1.60000000
v 110.26140000 8.35340000 0.00000000
v 110.25705399 8.41970731 0.00000000
v 110.24409032 8.48488007 0.00000000
v 110.22273080 8.54780318 0.00000000
v 110.19334091 8.60740000 0.00000000
v 110.15642350 8.66265081 0.00000000
v 110.11261024 8.71261024 0.00000000
v 110.06265081 8.75642350 0.00000000
v 110.00740000 8.79334091 0.00000000
v 109.94780318 8.82273080 0.00000000
v 109.88488007 8.84409032 0.00000000
v 109.81970731 8.85705399 0.00000000
v 110.26140000 4.74660000 0.00000000
v 110.26140000 4.74660000 1.60000000
v 110.25705399 4.68029269 1.60000000
v 110.24409032 4.61511993 1.60000000
v 110.22273080 4.55219682 1.60000000
v 110.19334091 4.49260000 1.60000000
v 110.15642350 4.43734919 1.60000000
v 110.11261024 4.38738976 1.60000000
v 110.06265081 4.34357650 1.60000000
v 110.00740000 4.30665909 1.60000000
v 109.94780318 4.27726920 1.60000000
v 109.88488007 4.25590968 1.60000000
v 109.81970731 4.24294601 1.60000000
v 109.75340000 4.23860000 1.60000000
v 109.75340000 4.23860000 0.00000000
v 109.81970731 4.24294601 0.00000000
v 109.88488007 4.25590968 0.00000000
v 109.94780318 4.27726920 0.00000000
v 110.00740000 4.30665909 0.00000000
v 110.06265081 4.34357650 0.00000000
v 110.11261024 4.38738976 0.00000000
v 110.15642350 4.43734919 0.00000000
v 110.19334091 4.49260000 0.00000000
v 110.22273080 4.55219682 0.00000000
v 110.24409032 4.61511993 0.00000000
v 110.25705399 4.68029269 0.00000000
v 106.14660000 4.23860000 0.00000000
v 106.14660000 4.23860000 1.60000000
v 106.08029269 4.24294601 1.60000000
v 106.01511993 4.25590968 1.60000000
v 105.95219682 4.27726920 1.60000000
v 105.89260000 4.30665909 1.60000000
v 105.83734919 4.34357650 1.60000000
v 105.78738976 4.38738976 1.60000000
v 105.74357650 4.43734919 1.60000000
v 105.70665909 4.49260000 1.60000000
v 105.67726920 4.55219682 1.60000000
v 105.65590968 4.61511993 1.60000000
v 105.64294601 4.68029269 1.60000000
v 105.63860000 4.74660000 1.60000000
v 105.63860000 4.74660000 0.00000000
v 105.64294601 4.68029269 0.00000000
v 105.65590968 4.61511993 0.00000000
v 105.67726920 4.55219682 0.00000000
v 105.70665909 4.49260000 0.00000000
v 105.74357650 4.43734919 0.00000000
v 105.78738976 4.38738976 0.00000000
v 105.83734919 4.34357650 0.00000000
v 105.89260000 4.30665909 0.00000000
v 105.95219682 4.27726920 0.00000000
v 106.01511993 4.25590968 0.00000000
v 106.08029269 4.24294601 0.00000000
v 109.75340000 -3.83860000 0.00000000
v 109.75340000 -3.83860000 1.60000000
v 109.81970731 -3.84294601 1.60000000
v 109.88488007 -3.85590968 1.60000000
v 109.94780318 -3.87726920 1.60000000
v 110.00740000 -3.90665909 1.60000000
v 110.06265081 -3.94357650 1.60000000
v 110.11261024 -3.98738976 1.60000000
v 110.15642350 -4.03734919 1.60000000
v 110.19334091 -4.09260000 1.60000000
v 110.22273080 -4.15219682 1.60000000
v 110.24409032 -4.21511993 1.60000000
v 110.25705399 -4.28029269 1.60000000
v 110.26140000 -4.34660000 1.60000000
v 110.26140000 -4.34660000 0.00000000
v 110.25705399 -4.28029269 0.00000000
v 110.24409032 -4.21511993 0.00000000
v 110.22273080 -4.15219682 0.00000000
v 110.19334091 -4.09260000 0.00000000
v 110.15642350 -4.03734919 0.00000000
v 110.11261024 -3.98738976 0.00000000
v 110.06265081 -3.94357650 0.00000000
v 110.00740000 -3.90665909 0.00000000
v 109.94780318 -3.87726920 0.00000000
v 109.88488007 -3.85590968 0.00000000
v 109.81970731 -3.84294601 0.00000000
v 110.26140000 -7.95340000 0.00000000
v 110.26140000 -7.95340000 1.60000000
v 110.25705399 -8.01970731 1.60000000
v 110.24409032 -8.08488007 1.60000000
v 110.22273080 -8.14780318 1.60000000
v 110.19334091 -8.20740000 1.60000000
v 110.15642350 -8.26265081 1.60000000
v 110.11261024 -8.31261024 1.60000000
v 110.06265081 -8.35642350 1.60000000
v 110.00740000 -8.39334091 1.60000000
v 109.94780318 -8.42273080 1.60000000
v 109.88488007 -8.44409032 1.60000000
v 109.81970731 -8.45705399 1.60000000
v 109.75340000 -8.46140000 1.60000000
v 109.75340000 -8.46140000 0.00000000
v 109.81970731 -8.45705399 0.00000000
v 109.88488007 -8.44409032 0.00000000
v 109.94780318 -8.42273080 0.00000000
v 110.00740000 -8.39334091 0.00000000
v 110.06265081 -8.35642350 0.00000000
v 110.11261024 -8.31261024 0.00000000
v 110.15642350 -8.26265081 0.00000000
v 110.19334091 -8.20740000 0.00000000
v 110.22273080 -8.14780318 0.00000000
v 110.24409032 -8.08488007 0.00000000
v 110.25705399 -8.01970731 0.00000000
v 106.14660000 -8.46140000 0.00000000
v 106.14660000 -8.46140000 1.60000000
v 106.08029269 -8.45705399 1.60000000
v 106.01511993 -8.44409032 1.60000000
v 105.95219682 -8.42273080 1.60000000
v 105.89260000 -8.39334091 1.60000000
v 105.83734919 -8.35642350 1.60000000
v 105.78738976 -8.31261024 1.60000000
v 105.74357650 -8.26265081 1.60000000
v 105.70665909 -8.20740000 1.60000000
v 105.67726920 -8.14780318 1.60000000
v 105.65590968 -8.08488007 1.60000000
v 105.64294601 -8.01970731 1.60000000
v 105.63860000 -7.95340000 1.60000000
v 105.63860000 -7.95340000 0.00000000
v 105.64294601 -8.01970731 0.00000000
v 105.65590968 -8.08488007 0.00000000
v 105.67726920 -8.14780318 0.00000000
v 105.70665909 -8.20740000 0.00000000
v 105.74357650 -8.26265081 0.00000000
v 105.78738976 -8.31261024 0.00000000
v 105.83734919 -8.35642350 0.00000000
v 105.89260000 -8.39334091 0.00000000
v 105.95219682 -8.42273080 0.00000000
v 106.01511993 -8.44409032 0.00000000
v 106.08029269 -8.45705399 0.00000000
v 105.63860000 -4.34660000 0.00000000
v 105.63860000 -4.34660000 1.60000000
v 105.64294601 -4.28029269 1.60000000
v 105.65590968 -4.21511993 1.60000000
v 105.67726920 -4.15219682 1.60000000
v 105.70665909 -4.09260000 1.60000000
v 105.74357650 -4.03734919 1.60000000
v 105.78738976 -3.98738976 1.60000000
v 105.83734919 -3.94357650 1.60000000
v 105.89260000 -3.90665909 1.60000000
v 105.95219682 -3.87726920 1.60000000
v 106.01511993 -3.85590968 1.60000000
v 106.08029269 -3.84294601 1.60000000
v 106.14660000 -3.83860000 1.60000000
v 106.14660000 -3.83860000 0.00000000
v 106.08029269 -3.84294601 0.00000000
v 106.01511993 -3.85590968 0.00000000
v 105.95219682 -3.87726920 0.00000000
v 105.89260000 -3.90665909 0.00000000
v 105.83734919 -3.94357650 0.00000000
v 105.78738976 -3.98738976 0.00000000
v 105.74357650 -4.03734919 0.00000000
v 105.70665909 -4.09260000 0.00000000
v 105.67726920 -4.15219682 0.00000000
v 105.65590968 -4.21511993 0.00000000
v 105.64294601 -4.28029269 0.00000000
v 92.93860000 8.35340000 0.00000000
v 92.93860000 8.35340000 1.60000000
v 92.94294601 8.41970731 1.60000000
v 92.95590968 8.48488007 1.60000000
v 92.97726920 8.54780318 1.60000000
v 93.00665909 8.60740000 1.60000000
v 93.04357650 8.66265081 1.60000000
v 93.08738976 8.71261024 1.60000000
v 93.13734919 8.75642350 1.60000000
v 93.19260000 8.79334091 1.60000000
v 93.25219682 8.82273080 1.60000000
v 93.31511993 8.84409032 1.60000000
v 93.38029269 8.85705399 1.60000000
v 93.44660000 8.86140000 1.60000000
v 93.44660000 8.86140000 0.00000000
v 93.38029269 8.85705399 0.00000000
v 93.31511993 8.84409032 0.00000000
v 93.25219682 8.82273080 0.00000000
v 93.19260000 8.79334091 0.00000000
v 93.13734919 8.75642350 0.00000000
v 93.08738976 8.71261024 0.00000000
v 93.04357650 8.66265081 0.00000000
v 93.00665909 8.60740000 0.00000000
v 92.97726920 8.54780318 0.00000000
v 92.95590968 8.48488007 0.00000000
v 92.94294601 8.41970731 0.00000000
v 97.05340000 8.86140000 0.00000000
v 97.05340000 8.86140000 1.60000000
v 97.11970731 8.85705399 1.60000000
v 97.18488007 8.84409032 1.60000000
v 97.24780318 8.82273080 1.60000000
v 97.30740000 8.79334091 1.60000000
v 97.36265081 8.75642350 1.60000000
v 97.41261024 8.71261024 1.60000000
v 97.45642350 8.66265081 1.60000000
v 97.49334091 8.60740000 1.60000000
v 97.52273080 8.54780318 1.60000000
v 97.54409032 8.48488007 1.60000000
v 97.55705399 8.41970731 1.60000000
v 97.56140000 8.35340000 1.60000000
v 97.56140000 8.35340000 0.00000000
v 97.55705399 8.41970731 0.00000000
v 97.54409032 8.48488007 0.00000000
v 97.52273080 8.54780318 0.00000000
v 97.49334091 8.60740000 0.00000000
v 97.45642350 8.66265081 0.00000000
v 97.41261024 8.71261024 0.00000000
v 97.36265081 8.75642350 0.00000000
v 97.30740000 8.79334091 0.00000000
v 97.24780318 8.82273080 0.00000000
v 97.18488007 8.84409032 0.00000000
v 97.11970731 8.85705399 0.00000000
v 97.56140000 4.74660000 0.00000000
v 97.56140000 4.74660000 1.60000000
v 97.55705399 4.68029269 1.60000000
v 97.54409032 4.61511993 1.60000000
v 97.52273080 4.55219682 1.60000000
v 97.49334091 4.49260000 1.60000000
v 97.45642350 4.43734919 1.60000000
v 97.41261024 4.38738976 1.60000000
v 97.36265081 4.34357650 1.60000000
v 97.30740000 4.30665909 1.60000000
v 97.24780318 4.27726920 1.60000000
v 97.18488007 4.25590968 1.60000000
v 97.11970731 4.24294601 1.60000000
v 97.05340000 4.23860000 1.60000000
v 97.05340000 4.23860000 0.00000000
v 97.11970731 4.24294601 0.00000000
v 97.18488007 4.25590968 0.00000000
v 97.24780318 4.27726920 0.00000000
v 97.30740000 4.30665909 0.00000000
v 97.36265081 4.34357650 0.00000000
v 97.41261024 4.38738976 0.00000000
v 97.45642350 4.43734919 0.00000000
v 97.49334091 4.49260000 0.00000000
v 97.52273080 4.55219682 0.00000000
v 97.54409032 4.61511993 0.00000000
v 97.55705399 4.68029269 0.00000000
v 93.44660000 4.23860000 0.00000000
v 93.44660000 4.23860000 1.60000000
v 93.38029269 4.24294601 1.60000000
v 93.31511993 4.25590968 1.60000000
v 93.25219682 4.27726920 1.60000000
v 93.19260000 4.30665909 1.60000000
v 93.13734919 4.34357650 1.60000000
v 93.08738976 4.38738976 1.60000000
v 93.04357650 4.43734919 1.60000000
v 93.00665909 4.49260000 1.60000000
v 92.97726920 4.55219682 1.60000000
v 92.95590968 4.61511993 1.60000000
v 92.94294601 4.68029269 1.60000000
v 92.93860000 4.74660000 1.60000000
v 92.93860000 4.74660000 0.00000000
v 92.94294601 4.68029269 0.00000000
v 92.95590968 4.61511993 0.00000000
v 92.97726920 4.55219682 0.00000000
v 93.00665909 4.49260000 0.00000000
v 93.04357650 4.43734919 0.00000000
v 93.08738976 4.38738976 0.00000000
v 93.13734919 4.34357650 0.00000000
v 93.19260000 4.30665909 0.00000000
v 93.25219682 4.27726920 0.00000000
v 93.31511993 4.25590968 0.00000000
v 93.38029269 4.24294601 0.00000000
v 97.05340000 -3.83860000 0.00000000
v 97.05340000 -3.83860000 1.60000000
v 97.11970731 -3.84294601 1.60000000
v 97.18488007 -3.85590968 1.60000000
v 97.24780318 -3.87726920 1.60000000
v 97.30740000 -3.90665909 1.60000000
v 97.36265081 -3.94357650 1.60000000
v 97.41261024 -3.98738976 1.60000000
v 97.45642350 -4.03734919 1.60000000
v 97.49334091 -4.09260000 1.60000000
v 97.52273080 -4.15219682 1.60000000
v 97.54409032 -4.21511993 1.60000000
v 97.55705399 -4.28029269 1.60000000
v 97.56140000 -4.34660000 1.60000000
v 97.56140000 -4.34660000 0.00000000
v 97.55705399 -4.28029269 0.00000000
v 97.54409032 -4.21511993 0.00000000
v 97.52273080 -4.15219682 0.00000000
v 97.49334091 -4.09260000 0.00000000
v 97.45642350 -4.03734919 0.00000000
v 97.41261024 -3.98738976 0.00000000
v 97.36265081 -3.94357650 0.00000000
v 97.30740000 -3.90665909 0.00000000
v 97.24780318 -3.87726920 0.00000000
v 97.18488007 -3.85590968 0.00000000
v 97.11970731 -3.84294601 0.00000000
v 97.56140000 -7.95340000 0.00000000
v 97.56140000 -7.95340000 1.60000000
v 97.55705399 -8.01970731 1.60000000
v 97.54409032 -8.08488007 1.60000000
v 97.52273080 -8.14780318 1.60000000
v 97.49334091 -8.20740000 1.60000000
v 97.45642350 -8.26265081 1.60000000
v 97.41261024 -8.31261024 1.60000000
v 97.36265081 -8.35642350 1.60000000
v 97.30740000 -8.39334091 1.60000000
v 97.24780318 -8.42273080 1.60000000
v 97.18488007 -8.44409032 1.60000000
v 97.11970731 -8.45705399 1.60000000
v 97.05340000 -8.46140000 1.60000000
v 97.05340000 -8.46140000 0.00000000
v 97.11970731 -8.45705399 0.00000000
v 97.18488007 -8.44409032 0.00000000
v 97.24780318 -8.42273080 0.00000000
v 97.30740000 -8.39334091 0.00000000
v 97.36265081 -8.35642350 0.00000000
v 97.41261024 -8.31261024 0.00000000
v 97.45642350 -8.26265081 0.00000000
v 97.49334091 -8.20740000 0.00000000
v 97.52273080 -8.14780318 0.00000000
v 97.54409032 -8.08488007 0.00000000
v 97.55705399 -8.01970731 0.00000000
v 93.44660000 -8.46140000 0.00000000
v 93.44660000 -8.46140000 1.60000000
v 93.38029269 -8.45705399 1.60000000
v 93.31511993 -8.44409032 1.60000000
v 93.25219682 -8.42273080 1.60000000
v 93.19260000 -8.39334091 1.60000000
v 93.13734919 -8.35642350 1.60000000
v 93.08738976 -8.31261024 1.60000000
v 93.04357650 -8.26265081 1.60000000
v 93.00665909 -8.20740000 1.60000000
v 92.97726920 -8.14780318 1.60000000
v 92.95590968 -8.08488007 1.60000000
v 92.94294601 -8.01970731 1.60000000
v 92.93860000 -7.95340000 1.60000000
v 92.93860000 -7.95340000 0.00000000
v 92.94294601 -8.01970731 0.00000000
v 92.95590968 -8.08488007 0.00000000
v 92.97726920 -8.14780318 0.00000000
v 93.00665909 -8.20740000 0.00000000
v 93.04357650 -8.26265081 0.00000000
v 93.08738976 -8.31261024 0.00000000
v 93.13734919 -8.35642350 0.00000000
v 93.19260000 -8.39334091 0.00000000
v 93.25219682 -8.42273080 0.00000000
v 93.31511993 -8.44409032 0.00000000
v 93.38029269 -8.45705399 0.00000000
v 92.93860000 -4.34660000 0.00000000
v 92.93860000 -4.34660000 1.60000000
v 92.94294601 -4.28029269 1.60000000
v 92.95590968 -4.21511993 1.60000000
v 92.97726920 -4.15219682 1.60000000
v 93.00665909 -4.09260000 1.60000000
v 93.04357650 -4.03734919 1.60000000
v 93.08738976 -3.98738976 1.60000000
v 93.13734919 -3.94357650 1.60000000
v 93.19260000 -3.90665909 1.60000000
v 93.25219682 -3.87726920 1.60000000
v 93.31511993 -3.85590968 1.60000000
v 93.38029269 -3.84294601 1.60000000
v 93.44660000 -3.83860000 1.60000000
v 93.44660000 -3.83860000 0.00000000
v 93.38029269 -3.84294601 0.00000000
v 93.31511993 -3.85590968 0.00000000
v 93.25219682 -3.87726920 0.00000000
v 93.19260000 -3.90665909 0.00000000
v 93.13734919 -3.94357650 0.00000000
v 93.08738976 -3.98738976 0.00000000
v 93.04357650 -4.03734919 0.00000000
v 93.00665909 -4.09260000 0.00000000
v 92.97726920 -4.15219682 0.00000000
v 92.95590968 -4.21511993 0.00000000
v 92.94294601 -4.28029269 0.00000000
v 80.23860000 8.35340000 0.00000000
v 80.23860000 8.35340000 1.60000000
v 80.24294601 8.41970731 1.60000000
v 80.25590968 8.48488007 1.60000000
v 80.27726920 8.54780318 1.60000000
v 80.30665909 8.60740000 1.60000000
v 80.34357650 8.66265081 1.60000000
v 80.38738976 8.71261024 1.60000000
v 80.43734919 8.75642350 1.60000000
v 80.49260000 8.79334091 1.60000000
v 80.55219682 8.82273080 1.60000000
v 80.61511993 8.84409032 1.60000000
v 80.68029269 8.85705399 1.60000000
v 80.74660000 8.86140000 1.60000000
v 80.74660000 8.86140000 0.00000000
v 80.68029269 8.85705399 0.00000000
v 80.61511993 8.84409032 0.00000000
v 80.55219682 8.82273080 0.00000000
v 80.49260000 8.79334091 0.00000000
v 80.43734919 8.75642350 0.00000000
v 80.38738976 8.71261024 0.00000000
v 80.34357650 8.66265081 0.00000000
v 80.30665909 8.60740000 0.00000000
v 80.27726920 8.54780318 0.00000000
v 80.25590968 8.48488007 0.00000000
v 80.24294601 8.41970731 0.00000000
v 84.35340000 8.86140000 0.00000000
v 84.35340000 8.86140000 1.60000000
v 84.41970731 8.85705399 1.60000000
v 84.48488007 8.84409032 1.60000000
v 84.54780318 8.82273080 1.60000000
v 84.60740000 8.79334091 1.60000000
v 84.66265081 8.75642350 1.60000000
v 84.71261024 8.71261024 1.60000000
v 84.75642350 8.66265081 1.60000000
v 84.79334091 8.60740000 1.60000000
v 84.82273080 8.54780318 1.60000000
v 84.84409032 8.48488007 1.60000000
v 84.85705399 8.41970731 1.60000000
v 84.86140000 8.35340000 1.60000000
v 84.86140000 8.35340000 0.00000000
v 84.85705399 8.41970731 0.00000000
v 84.84409032 8.48488007 0.00000000
v 84.82273080 8.54780318 0.00000000
v 84.79334091 8.60740000 0.00000000
v 84.75642350 8.66265081 0.00000000
v 84.71261024 8.71261024 0.00000000
v 84.66265081 8.75642350 0.00000000
v 84.60740000 8.79334091 0.00000000
v 84.54780318 8.82273080 0.00000000
v 84.48488007 8.84409032 0.00000000
v 84.41970731 8.85705399 0.00000000
v 84.86140000 4.74660000 0.00000000
v 84.86140000 4.74660000 1.60000000
v 84.85705399 4.68029269 1.60000000
v 84.84409032 4.61511993 1.60000000
v 84.82273080 4.55219682 1.60000000
v 84.79334091 4.49260000 1.60000000
v 84.75642350 4.43734919 1.60000000
v 84.71261024 4.38738976 1.60000000
v 84.66265081 4.34357650 1.60000000
v 84.60740000 4.30665909 1.60000000
v 84.54780318 4.27726920 1.60000000
v 84.48488007 4.25590968 1.60000000
v 84.41970731 4.24294601 1.60000000
v 84.35340000 4.23860000 1.60000000
v 84.35340000 4.23860000 0.00000000
v 84.41970731 4.24294601 0.00000000
v 84.48488007 4.25590968 0.00000000
v 84.54780318 4.27726920 0.00000000
v 84.60740000 4.30665909 0.00000000
v 84.66265081 4.34357650 0.00000000
v 84.71261024 4.38738976 0.00000000
v 84.75642350 4.43734919 0.00000000
v 84.79334091 4.49260000 0.00000000
v 84.82273080 4.55219682 0.00000000
v 84.84409032 4.61511993 0.00000000
v 84.85705399 4.68029269 0.00000000
v 80.74660000 4.23860000 0.00000000
v 80.74660000 4.23860000 1.60000000
v 80.68029269 4.24294601 1.60000000
v 80.61511993 4.25590968 1.60000000
v 80.55219682 4.27726920 1.60000000
v 80.49260000 4.30665909 1.60000000
v 80.43734919 4.34357650 1.60000000
v 80.38738976 4.38738976 1.60000000
v 80.34357650 4.43734919 1.60000000
v 80.30665909 4.49260000 1.60000000
v 80.27726920 4.55219682 1.60000000
v 80.25590968 4.61511993 1.60000000
v 80.24294601 4.68029269 1.60000000
v 80.23860000 4.74660000 1.60000000
v 80.23860000 4.74660000 0.00000000
v 80.24294601 4.68029269 0.00000000
v 80.25590968 4.61511993 0.00000000
v 80.27726920 4.55219682 0.00000000
v 80.30665909 4.49260000 0.00000000
v 80.34357650 4.43734919 0.00000000
v 80.38738976 4.38738976 0.00000000
v 80.43734919 4.34357650 0.00000000
v 80.49260000 4.30665909 0.00000000
v 80.55219682 4.27726920 0.00000000
v 80.61511993 4.25590968 0.00000000
v 80.68029269 4.24294601 0.00000000
v 84.35340000 -3.83860000 0.00000000
v 84.35340000 -3.83860000 1.60000000
v 84.41970731 -3.84294601 1.60000000
v 84.48488007 -3.85590968 1.60000000
v 84.54780318 -3.87726920 1.60000000
v 84.60740000 -3.90665909 1.60000000
v 84.66265081 -3.94357650 1.60000000
v 84.71261024 -3.98738976 1.60000000
v 84.75642350 -4.03734919 1.60000000
v 84.79334091 -4.09260000 1.60000000
v 84.82273080 -4.15219682 1.60000000
v 84.84409032 -4.21511993 1.60000000
v 84.85705399 -4.28029269 1.60000000
v 84.86140000 -4.34660000 1.60000000
v 84.86140000 -4.34660000 0.00000000
v 84.85705399 -4.28029269 0.00000000
v 84.84409032 -4.21511993 0.00000000
v 84.82273080 -4.15219682 0.00000000
v 84.79334091 -4.09260000 0.00000000
v 84.75642350 -4.03734919 0.00000000
v 84.71261024 -3.98738976 0.00000000
v 84.66265081 -3.94357650 0.00000000
v 84.60740000 -3.90665909 0.00000000
v 84.54780318 -3.87726920 0.00000000
v 84.48488007 -3.85590968 0.00000000
v 84.41970731 -3.84294601 0.00000000
v 84.86140000 -7.95340000 0.00000000
v 84.86140000 -7.95340000 1.60000000
v 84.85705399 -8.01970731 1.60000000
v 84.84409032 -8.08488007 1.60000000
v 84.82273080 -8.14780318 1.60000000
v 84.79334091 -8.20740000 1.60000000
v 84.75642350 -8.26265081 1.60000000
v 84.71261024 -8.31261024 1.60000000
v 84.66265081 -8.35642350 1.60000000
v 84.60740000 -8.39334091 1.60000000
v 84.54780318 -8.42273080 1.60000000
v 84.48488007 -8.44409032 1.60000000
v 84.41970731 -8.45705399 1.60000000
v 84.35340000 -8.46140000 1.60000000
v 84.35340000 -8.46140000 0.00000000
v 84.41970731 -8.45705399 0.00000000
v 84.48488007 -8.44409032 0.00000000
v 84.54780318 -8.42273080 0.00000000
v 84.60740000 -8.39334091 0.00000000
v 84.66265081 -8.35642350 0.00000000
v 84.71261024 -8.31261024 0.00000000
v 84.75642350 -8.26265081 0.00000000
v 84.79334091 -8.20740000 0.00000000
v 84.82273080 -8.14780318 0.00000000
v 84.84409032 -8.08488007 0.00000000
v 84.85705399 -8.01970731 0.00000000
v 80.74660000 -8.46140000 0.00000000
v 80.74660000 -8.46140000 1.60000000
v 80.68029269 -8.45705399 1.60000000
v 80.61511993 -8.44409032 1.60000000
v 80.55219682 -8.42273080 1.60000000
v 80.49260000 -8.39334091 1.60000000
v 80.43734919 -8.35642350 1.60000000
v 80.38738976 -8.31261024 1.60000000
v 80.34357650 -8.26265081 1.60000000
v 80.30665909 -8.20740000 1.60000000
v 80.27726920 -8.14780318 1.60000000
v 80.25590968 -8.08488007 1.60000000
v 80.24294601 -8.01970731 1.60000000
v 80.23860000 -7.95340000 1.60000000
v 80.23860000 -7.95340000 0.00000000
v 80.24294601 -8.01970731 0.00000000
v 80.25590968 -8.08488007 0.00000000
v 80.27726920 -8.14780318 0.00000000
v 80.30665909 -8.20740000 0.00000000
v 80.34357650 -8.26265081 0.00000000
v 80.38738976 -8.31261024 0.00000000
v 80.43734919 -8.35642350 0.00000000
v 80.49260000 -8.39334091 0.00000000
v 80.55219682 -8.42273080 0.00000000
v 80.61511993 -8.44409032 0.00000000
v 80.68029269 -8.45705399 0.00000000
v 80.23860000 -4.34660000 0.00000000
v 80.23860000 -4.34660000 1.60000000
v 80.24294601 -4.28029269 1.60000000
v 80.25590968 -4.21511993 1.60000000
v 80.27726920 -4.15219682 1.60000000
v 80.30665909 -4.09260000 1.60000000
v 80.34357650 -4.03734919 1.60000000
v 80.38738976 -3.98738976 1.60000000
v 80.43734919 -3.94357650 1.60000000
v 80.49260000 -3.90665909 1.60000000
v 80.55219682 -3.87726920 1.60000000
v 80.61511993 -3.85590968 1.60000000
v 80.68029269 -3.84294601 1.60000000
v 80.74660000 -3.83860000 1.60000000
v 80.74660000 -3.83860000 0.00000000
v 80.68029269 -3.84294601 0.00000000
v 80.61511993 -3.85590968 0.00000000
v 80.55219682 -3.87726920 0.00000000
v 80.49260000 -3.90665909 0.00000000
v 80.43734919 -3.94357650 0.00000000
v 80.38738976 -3.98738976 0.00000000
v 80.34357650 -4.03734919 0.00000000
v 80.30665909 -4.09260000 0.00000000
v 80.27726920 -4.15219682 0.00000000
v 80.25590968 -4.21511993 0.00000000
v 80.24294601 -4.28029269 0.00000000
v 67.53860000 8.35340000 0.00000000
v 67.53860000 8.35340000 1.60000000
v 67.54294601 8.41970731 1.60000000
v 67.55590968 8.48488007 1.60000000
v 67.57726920 8.54780318 1.60000000
v 67.60665909 8.60740000 1.60000000
v 67.64357650 8.66265081 1.60000000
v 67.68738976 8.71261024 1.60000000
v 67.73734919 8.75642350 1.60000000
v 67.79260000 8.79334091 1.60000000
v 67.85219682 8.82273080 1.60000000
v 67.91511993 8.84409032 1.60000000
v 67.98029269 8.85705399 1.60000000
v 68.04660000 8.86140000 1.60000000
v 68.04660000 8.86140000 0.00000000
v 67.98029269 8.85705399 0.00000000
v 67.91511993 8.84409032 0.00000000
v 67.85219682 8.82273080 0.00000000
v 67.79260000 8.79334091 0.00000000
v 67.73734919 8.75642350 0.00000000
v 67.68738976 8.71261024 0.00000000
v 67.64357650 8.66265081 0.00000000
v 67.60665909 8.60740000 0.00000000
v 67.57726920 8.54780318 0.00000000
v 67.55590968 8.48488007 0.00000000
v 67.54294601 8.41970731 0.00000000
v 71.65340000 8.86140000 0.00000000
v 71.65340000 8.86140000 1.60000000
v 71.71970731 8.85705399 1.60000000
v 71.78488007 8.84409032 1.60000000
v 71.84780318 8.82273080 1.60000000
v 71.90740000 8.79334091 1.60000000
v 71.96265081 8.75642350 1.60000000
v 72.01261024 8.71261024 1.60000000
v 72.05642350 8.66265081 1.60000000
v 72.09334091 8.60740000 1.60000000
v 72.12273080 8.54780318 1.60000000
v 72.14409032 8.48488007 1.60000000
v 72.15705399 8.41970731 1.60000000
v 72.16140000 8.35340000 1.60000000
v 72.16140000 8.35340000 0.00000000
v 72.15705399 8.41970731 0.00000000
v 72.14409032 8.48488007 0.00000000
v 72.12273080 8.54780318 0.00000000
v 72.09334091 8.60740000 0.00000000
v 72.05642350 8.66265081 0.00000000
v 72.01261024 8.71261024 0.00000000
v 71.96265081 8.75642350 0.00000000
v 71.90740000 8.79334091 0.00000000
v 71.84780318 8.82273080 0.00000000
v 71.78488007 8.84409032 0.00000000
v 71.71970731 8.85705399 0.00000000
v 72.16140000 4.74660000 0.00000000
v 72.16140000 4.74660000 1.60000000
v 72.15705399 4.68029269 1.60000000
v 72.14409032 4.61511993 1.60000000
v 72.12273080 4.55219682 1.60000000
v 72.09334091 4.49260000 1.60000000
v 72.05642350 4.43734919 1.60000000
v 72.01261024 4.38738976 1.60000000
v 71.96265081 4.34357650 1.60000000
v 71.90740000 4.30665909 1.60000000
v 71.84780318 4.27726920 1.60000000
v 71.78488007 4.25590968 1.60000000
v 71.71970731 4.24294601 1.60000000
v 71.65340000 4.23860000 1.60000000
v 71.65340000 4.23860000 0.00000000
v 71.71970731 4.24294601 0.00000000
v 71.78488007 4.25590968 0.00000000
v 71.84780318 4.27726920 0.00000000
v 71.90740000 4.30665909 0.00000000
v 71.96265081 4.34357650 0.00000000
v 72.01261024 4.38738976 0.00000000
v 72.05642350 4.43734919 0.00000000
v 72.09334091 4.49260000 0.00000000
v 72.12273080 4.55219682 0.00000000
v 72.14409032 4.61511993 0.00000000
v 72.15705399 4.68029269 0.00000000
v 68.04660000 4.23860000 0.00000000
v 68.04660000 4.23860000 1.60000000
v 67.98029269 4.24294601 1.60000000
v 67.91511993 4.25590968 1.60000000
v 67.85219682 4.27726920 1.60000000
v 67.79260000 4.30665909 1.60000000
v 67.73734919 4.34357650 1.60000000
v 67.68738976 4.38738976 1.60000000
v 67.64357650 4.43734919 1.60000000
v 67.60665909 4.49260000 1.60000000
v 67.57726920 4.55219682 1.60000000
v 67.55590968 4.61511993 1.60000000
v 67.54294601 4.68029269 1.60000000
v 67.53860000 4.74660000 1.60000000
v 67.53860000 4.74660000 0.00000000
v 67.54294601 4.68029269 0.00000000
v 67.55590968 4.61511993 0.00000000
v 67.57726920 4.55219682 0.00000000
v 67.60665909 4.49260000 0.00000000
v 67.64357650 4.43734919 0.00000000
v 67.68738976 4.38738976 0.00000000
v 67.73734919 4.34357650 0.00000000
v 67.79260000 4.30665909 0.00000000
v 67.85219682 4.27726920 0.00000000
v 67.91511993 4.25590968 0.00000000
v 67.98029269 4.24294601 0.00000000
v 71.65340000 -3.83860000 0.00000000
v 71.65340000 -3.83860000 1.60000000
v 71.71970731 -3.84294601 1.60000000
v 71.78488007 -3.85590968 1.60000000
v 71.84780318 -3.87726920 1.60000000
v 71.90740000 -3.90665909 1.60000000
v 71.96265081 -3.94357650 1.60000000
v 72.01261024 -3.98738976 1.60000000
v 72.05642350 -4.03734919 1.60000000
v 72.09334091 -4.09260000 1.60000000
v 72.12273080 -4.15219682 1.60000000
v 72.14409032 -4.21511993 1.60000000
v 72.15705399 -4.28029269 1.60000000
v 72.16140000 -4.34660000 1.60000000
v 72.16140000 -4.34660000 0.00000000
v 72.15705399 -4.28029269 0.00000000
v 72.14409032 -4.21511993 0.00000000
v 72.12273080 -4.15219682 0.00000000
v 72.09334091 -4.09260000 0.00000000
v 72.05642350 -4.03734919 0.00000000
v 72.01261024 -3.98738976 0.00000000
v 71.96265081 -3.94357650 0.00000000
v 71.90740000 -3.90665909 0.00000000
v 71.84780318 -3.87726920 0.00000000
v 71.78488007 -3.85590968 0.00000000
v 71.71970731 -3.84294601 0.00000000
v 72.16140000 -7.95340000 0.00000000
v 72.16140000 -7.95340000 1.60000000
v 72.15705399 -8.01970731 1.60000000
v 72.14409032 -8.08488007 1.60000000
v 72.12273080 -8.14780318 1.60000000
v 72.09334091 -8.20740000 1.60000000
v 72.05642350 -8.26265081 1.60000000
v 72.01261024 -8.31261024 1.60000000
v 71.96265081 -8.35642350 1.60000000
v 71.90740000 -8.39334091 1.60000000
v 71.84780318 -8.42273080 1.60000000
v 71.78488007 -8.44409032 1.60000000
v 71.71970731 -8.45705399 1.60000000
v 71.65340000 -8.46140000 1.60000000
v 71.65340000 -8.46140000 0.00000000
v 71.71970731 -8.45705399 0.00000000
v 71.78488007 -8.44409032 0.00000000
v 71.84780318 -8.42273080 0.00000000
v 71.90740000 -8.39334091 0.00000000
v 71.96265081 -8.35642350 0.00000000
v 72.01261024 -8.31261024 0.00000000
v 72.05642350 -8.26265081 0.00000000
v 72.09334091 -8.20740000 0.00000000
v 72.12273080 -8.14780318 0.00000000
v 72.14409032 -8.08488007 0.00000000
v 72.15705399 -8.01970731 0.00000000
v 68.04660000 -8.46140000 0.00000000
v 68.04660000 -8.46140000 1.60000000
v 67.98029269 -8.45705399 1.60000000
v 67.91511993 -8.44409032 1.60000000
v 67.85219682 -8.42273080 1.60000000
v 67.79260000 -8.39334091 1.60000000
v 67.73734919 -8.35642350 1.60000000
v 67.68738976 -8.31261024 1.60000000
v 67.64357650 -8.26265081 1.60000000
v 67.60665909 -8.20740000 1.60000000
v 67.57726920 -8.14780318 1.60000000
v 67.55590968 -8.08488007 1.60000000
v 67.54294601 -8.01970731 1.60000000
v 67.53860000 -7.95340000 1.60000000
v 67.53860000 -7.95340000 0.00000000
v 67.54294601 -8.01970731 0.00000000
v 67.55590968 -8.08488007 0.00000000
v 67.57726920 -8.14780318 0.00000000
v 67.60665909 -8.20740000 0.00000000
v 67.64357650 -8.26265081 0.00000000
v 67.68738976 -8.31261024 0.00000000
v 67.73734919 -8.35642350 0.00000000
v 67.79260000 -8.39334091 0.00000000
v 67.85219682 -8.42273080 0.00000000
v 67.91511993 -8.44409032 0.00000000
v 67.98029269 -8.45705399 0.00000000
v 67.53860000 -4.34660000 0.00000000
v 67.53860000 -4.34660000 1.60000000
v 67.54294601 -4.28029269 1.60000000
v 67.55590968 -4.21511993 1.60000000
v 67.57726920 -4.15219682 1.60000000
v 67.60665909 -4.09260000 1.60000000
v 67.64357650 -4.03734919 1.60000000
v 67.68738976 -3.98738976 1.60000000
v 67.73734919 -3.94357650 1.60000000
v 67.79260000 -3.90665909 1.60000000
v 67.85219682 -3.87726920 1.60000000
v 67.91511993 -3.85590968 1.60000000
v 67.98029269 -3.84294601 1.60000000
v 68.04660000 -3.83860000 1.60000000
v 68.04660000 -3.83860000 0.00000000
v 67.98029269 -3.84294601 0.00000000
v 67.91511993 -3.85590968 0.00000000
v 67.85219682 -3.87726920 0.00000000
v 67.79260000 -3.90665909 0.00000000
v 67.73734919 -3.94357650 0.00000000
v 67.68738976 -3.98738976 0.00000000
v 67.64357650 -4.03734919 0.00000000
v 67.60665909 -4.09260000 0.00000000
v 67.57726920 -4.15219682 0.00000000
v 67.55590968 -4.21511993 0.00000000
v 67.54294601 -4.28029269 0.00000000
v 54.83860000 8.35340000 0.00000000
v 54.83860000 8.35340000 1.60000000
v 54.84294601 8.41970731 1.60000000
v 54.85590968 8.48488007 1.60000000
v 54.87726920 8.54780318 1.60000000
v 54.90665909 8.60740000 1.60000000
v 54.94357650 8.66265081 1.60000000
v 54.98738976 8.71261024 1.60000000
v 55.03734919 8.75642350 1.60000000
v 55.09260000 8.79334091 1.60000000
v 55.15219682 8.82273080 1.60000000
v 55.21511993 8.84409032 1.60000000
v 55.28029269 8.85705399 1.60000000
v 55.34660000 8.86140000 1.60000000
v 55.34660000 8.86140000 0.00000000
v 55.28029269 8.85705399 0.00000000
v 55.21511993 8.84409032 0.00000000
v 55.15219682 8.82273080 0.00000000
v 55.09260000 8.79334091 0.00000000
v 55.03734919 8.75642350 0.00000000
v 54.98738976 8.71261024 0.00000000
v 54.94357650 8.66265081 0.00000000
v 54.90665909 8.60740000 0.00000000
v 54.87726920 8.54780318 0.00000000
v 54.85590968 8.48488007 0.00000000
v 54.84294601 8.41970731 0.00000000
v 58.95340000 8.86140000 0.00000000
v 58.95340000 8.86140000 1.60000000
v 59.01970731 8.85705399 1.60000000
v 59.08488007 8.84409032 1.60000000
v 59.14780318 8.82273080 1.60000000
v 59.20740000 8.79334091 1.60000000
v 59.26265081 8.75642350 1.60000000
v 59.31261024 8.71261024 1.60000000
v 59.35642350 8.66265081 1.60000000
v 59.39334091 8.60740000 1.60000000
v 59.42273080 8.54780318 1.60000000
v 59.44409032 8.48488007 1.60000000
v 59.45705399 8.41970731 1.60000000
v 59.46140000 8.35340000 1.60000000
v 59.46140000 8.35340000 0.00000000
v 59.45705399 8.41970731 0.00000000
v 59.44409032 8.48488007 0.00000000
v 59.42273080 8.54780318 0.00000000
v 59.39334091 8.60740000 0.00000000
v 59.35642350 8.66265081 0.00000000
v 59.31261024 8.71261024 0.00000000
v 59.26265081 8.75642350 0.00000000
v 59.20740000 8.79334091 0.00000000
v 59.14780318 8.82273080 0.00000000
v 59.08488007 8.84409032 0.00000000
v 59.01970731 8.85705399 0.00000000
v 59.46140000 4.74660000 0.00000000
v 59.46140000 4.74660000 1.60000000
v 59.45705399 4.68029269 1.60000000
v 59.44409032 4.61511993 1.60000000
v 59.42273080 4.55219682 1.60000000
v 59.39334091 4.49260000 1.60000000
v 59.35642350 4.43734919 1.60000000
v 59.31261024 4.38738976 1.60000000
v 59.26265081 4.34357650 1.60000000
v 59.20740000 4.30665909 1.60000000
v 59.14780318 4.27726920 1.60000000
v 59.08488007 4.25590968 1.60000000
v 59.01970731 4.24294601 1.60000000
v 58.95340000 4.23860000 1.60000000
v 58.95340000 4.23860000 0.00000000
v 59.01970731 4.24294601 0.00000000
v 59.08488007 4.25590968 0.00000000
v 59.14780318 4.27726920 0.00000000
v 59.20740000 4.30665909 0.00000000
v 59.26265081 4.34357650 0.00000000
v 59.31261024 4.38738976 0.00000000
v 59.35642350 4.43734919 0.00000000
v 59.39334091 4.49260000 0.00000000
v 59.42273080 4.55219682 0.00000000
v 59.44409032 4.61511993 0.00000000
v 59.45705399 4.68029269 0.00000000
v 55.34660000 4.23860000 0.00000000
v 55.34660000 4.23860000 1.60000000
v 55.28029269 4.24294601 1.60000000
v 55.21511993 4.25590968 1.60000000
v 55.15219682 4.27726920 1.60000000
v 55.09260000 4.30665909 1.60000000
v 55.03734919 4.34357650 1.60000000
v 54.98738976 4.38738976 1.60000000
v 54.94357650 4.43734919 1.60000000
v 54.90665909 4.49260000 1.60000000
v 54.87726920 4.55219682 1.60000000
v 54.85590968 4.61511993 1.60000000
v 54.84294601 4.68029269 1.60000000
v 54.83860000 4.74660000 1.60000000
v 54.83860000 4.74660000 0.00000000
v 54.84294601 4.68029269 0.00000000
v 54.85590968 4.61511993 0.00000000
v 54.87726920 4.55219682 0.00000000
v 54.90665909 4.49260000 0.00000000
v 54.94357650 4.43734919 0.00000000
v 54.98738976 4.38738976 0.00000000
v 55.03734919 4.34357650 0.00000000
v 55.09260000 4.30665909 0.00000000
v 55.15219682 4.27726920 0.00000000
v 55.21511993 4.25590968 0.00000000
v 55.28029269 4.24294601 0.00000000
v 58.95340000 -3.83860000 0.00000000
v 58.95340000 -3.83860000 1.60000000
v 59.01970731 -3.84294601 1.60000000
v 59.08488007 -3.85590968 1.60000000
v 59.14780318 -3.87726920 1.60000000
v 59.20740000 -3.90665909 1.60000000
v 59.26265081 -3.94357650 1.60000000
v 59.31261024 -3.98738976 1.60000000
v 59.35642350 -4.03734919 1.60000000
v 59.39334091 -4.09260000 1.60000000
v 59.42273080 -4.15219682 1.60000000
v 59.44409032 -4.21511993 1.60000000
v 59.45705399 -4.28029269 1.60000000
v 59.46140000 -4.34660000 1.60000000
v 59.46140000 -4.34660000 0.00000000
v 59.45705399 -4.28029269 0.00000000
v 59.44409032 -4.21511993 0.00000000
v 59.42273080 -4.15219682 0.00000000
v 59.39334091 -4.09260000 0.00000000
v 59.35642350 -4.03734919 0.00000000
v 59.31261024 -3.98738976 0.00000000
v 59.26265081 -3.94357650 0.00000000
v 59.20740000 -3.90665909 0.00000000
v 59.14780318 -3.87726920 0.00000000
v 59.08488007 -3.85590968 0.00000000
v 59.01970731 -3.84294601 0.00000000
v 59.46140000 -7.95340000 0.00000000
v 59.46140000 -7.95340000 1.60000000
v 59.45705399 -8.01970731 1.60000000
v 59.44409032 -8.08488007 1.60000000
v 59.42273080 -8.14780318 1.60000000
v 59.39334091 -8.20740000 1.60000000
v 59.35642350 -8.26265081 1.60000000
v 59.31261024 -8.31261024 1.60000000
v 59.26265081 -8.35642350 1.60000000
v 59.20740000 -8.39334091 1.60000000
v 59.14780318 -8.42273080 1.60000000
v 59.08488007 -8.44409032 1.60000000
v 59.01970731 -8.45705399 1.60000000
v 58.95340000 -8.46140000 1.60000000
v 58.95340000 -8.46140000 0.00000000
v 59.01970731 -8.45705399 0.00000000
v 59.08488007 -8.44409032 0.00000000
v 59.14780318 -8.42273080 0.00000000
v 59.20740000 -8.39334091 0.00000000
v 59.26265081 -8.35642350 0.00000000
v 59.31261024 -8.31261024 0.00000000
v 59.35642350 -8.26265081 0.00000000
v 59.39334091 -8.20740000 0.00000000
v 59.42273080 -8.14780318 0.00000000
v 59.44409032 -8.08488007 0.00000000
v 59.45705399 -8.01970731 0.00000000
v 55.34660000 -8.46140000 0.00000000
v 55.34660000 -8.46140000 1.60000000
v 55.28029269 -8.45705399 1.60000000
v 55.21511993 -8.44409032 1.60000000
v 55.15219682 -8.42273080 1.60000000
v 55.09260000 -8.39334091 1.60000000
v 55.03734919 -8.35642350 1.60000000
v 54.98738976 -8.31261024 1.60000000
v 54.94357650 -8.26265081 1.60000000
v 54.90665909 -8.20740000 1.60000000
v 54.87726920 -8.14780318 1.60000000
v 54.85590968 -8.08488007 1.60000000
v 54.84294601 -8.01970731 1.60000000
v 54.83860000 -7.95340000 1.60000000
v 54.83860000 -7.95340000 0.00000000
v 54.84294601 -8.01970731 0.00000000
v 54.85590968 -8.08488007 0.00000000
v 54.87726920 -8.14780318 0.00000000
v 54.90665909 -8.20740000 0.00000000
v 54.94357650 -8.26265081 0.00000000
v 54.98738976 -8.31261024 0.00000000
v 55.03734919 -8.35642350 0.00000000
v 55.09260000 -8.39334091 0.00000000
v 55.15219682 -8.42273080 0.00000000
v 55.21511993 -8.44409032 0.00000000
v 55.28029269 -8.45705399 0.00000000
v 54.83860000 -4.34660000 0.00000000
v 54.83860000 -4.34660000 1.60000000
v 54.84294601 -4.28029269 1.60000000
v 54.85590968 -4.21511993 1.60000000
v 54.87726920 -4.15219682 1.60000000
v 54.90665909 -4.09260000 1.60000000
v 54.94357650 -4.03734919 1.60000000
v 54.98738976 -3.98738976 1.60000000
v 55.03734919 -3.94357650 1.60000000
v 55.09260000 -3.90665909 1.60000000
v 55.15219682 -3.87726920 1.60000000
v 55.21511993 -3.85590968 1.60000000
v 55.28029269 -3.84294601 1.60000000
v 55.34660000 -3.83860000 1.60000000
v 55.34660000 -3.83860000 0.00000000
v 55.28029269 -3.84294601 0.00000000
v 55.21511993 -3.85590968 0.00000000
v 55.15219682 -3.87726920 0.00000000
v 55.09260000 -3.90665909 0.00000000
v 55.03734919 -3.94357650 0.00000000
v 54.98738976 -3.98738976 0.00000000
v 54.94357650 -4.03734919 0.00000000
v 54.90665909 -4.09260000 0.00000000
v 54.87726920 -4.15219682 0.00000000
v 54.85590968 -4.21511993 0.00000000
v 54.84294601 -4.28029269 0.00000000
v 42.13860000 8.35340000 0.00000000
v 42.13860000 8.35340000 1.60000000
v 42.14294601 8.41970731 1.60000000
v 42.15590968 8.48488007 1.60000000
v 42.17726920 8.54780318 1.60000000
v 42.20665909 8.60740000 1.60000000
v 42.24357650 8.66265081 1.60000000
v 42.28738976 8.71261024 1.60000000
v 42.33734919 8.75642350 1.60000000
v 42.39260000 8.79334091 1.60000000
v 42.45219682 8.82273080 1.60000000
v 42.51511993 8.84409032 1.60000000
v 42.58029269 8.85705399 1.60000000
v 42.64660000 8.86140000 1.60000000
v 42.64660000 8.86140000 0.00000000
v 42.58029269 8.85705399 0.00000000
v 42.51511993 8.84409032 0.00000000
v 42.45219682 8.82273080 0.00000000
v 42.39260000 8.79334091 0.00000000
v 42.33734919 8.75642350 0.00000000
v 42.28738976 8.71261024 0.00000000
v 42.24357650 8.66265081 0.00000000
v 42.20665909 8.60740000 0.00000000
v 42.17726920 8.54780318 0.00000000
v 42.15590968 8.48488007 0.00000000
v 42.14294601 8.41970731 0.00000000
v 46.25340000 8.86140000 0.00000000
v 46.25340000 8.86140000 1.60000000
v 46.31970731 8.85705399 1.60000000
v 46.38488007 8.84409032 1.60000000
v 46.44780318 8.82273080 1.60000000
v 46.50740000 8.79334091 1.60000000
v 46.56265081 8.75642350 1.60000000
v 46.61261024 8.71261024 1.60000000
v 46.65642350 8.66265081 1.60000000
v 46.69334091 8.60740000 1.60000000
v 46.72273080 8.54780318 1.60000000
v 46.74409032 8.48488007 1.60000000
v 46.75705399 8.41970731 1.60000000
v 46.76140000 8.35340000 1.60000000
v 46.76140000 8.35340000 0.00000000
v 46.75705399 8.41970731 0.00000000
v 46.74409032 8.48488007 0.00000000
v 46.72273080 8.54780318 0.00000000
v 46.69334091 8.60740000 0.00000000
v 46.65642350 8.66265081 0.00000000
v 46.61261024 8.71261024 0.00000000
v 46.56265081 8.75642350 0.00000000
v 46.50740000 8.79334091 0.00000000
v 46.44780318 8.82273080 0.00000000
v 46.38488007 8.84409032 0.00000000
v 46.31970731 8.85705399 0.00000000
v 46.76140000 4.74660000 0.00000000
v 46.76140000 4.74660000 1.60000000
v 46.75705399 4.68029269 1.60000000
v 46.74409032 4.61511993 1.60000000
v 46.72273080 4.55219682 1.60000000
v 46.69334091 4.49260000 1.60000000
v 46.65642350 4.43734919 1.60000000
v 46.61261024 4.38738976 1.60000000
v 46.56265081 4.34357650 1.60000000
v 46.50740000 4.30665909 1.60000000
v 46.44780318 4.27726920 1.60000000
v 46.38488007 4.25590968 1.60000000
v 46.31970731 4.24294601 1.60000000
v 46.25340000 4.23860000 1.60000000
v 46.25340000 4.23860000 0.00000000
v 46.31970731 4.24294601 0.00000000
v 46.38488007 4.25590968 0.00000000
v 46.44780318 4.27726920 0.00000000
v 46.50740000 4.30665909 0.00000000
v 46.56265081 4.34357650 0.00000000
v 46.61261024 4.38738976 0.00000000
v 46.65642350 4.43734919 0.00000000
v 46.69334091 4.49260000 0.00000000
v 46.72273080 4.55219682 0.00000000
v 46.74409032 4.61511993 0.00000000
v 46.75705399 4.68029269 0.00000000
v 42.64660000 4.23860000 0.00000000
v 42.64660000 4.23860000 1.60000000
v 42.58029269 4.24294601 1.60000000
v 42.51511993 4.25590968 1.60000000
v 42.45219682 4.27726920 1.60000000
v 42.39260000 4.30665909 1.60000000
v 42.33734919 4.34357650 1.60000000
v 42.28738976 4.38738976 1.60000000
v 42.24357650 4.43734919 1.60000000
v 42.20665909 4.49260000 1.60000000
v 42.17726920 4.55219682 1.60000000
v 42.15590968 4.61511993 1.60000000
v 42.14294601 4.68029269 1.60000000
v 42.13860000 4.74660000 1.60000000
v 42.13860000 4.74660000 0.00000000
v 42.14294601 4.68029269 0.00000000
v 42.15590968 4.61511993 0.00000000
v 42.17726920 4.55219682 0.00000000
v 42.20665909 4.49260000 0.00000000
v 42.24357650 4.43734919 0.00000000
v 42.28738976 4.38738976 0.00000000
v 42.33734919 4.34357650 0.00000000
v 42.39260000 4.30665909 0.00000000
v 42.45219682 4.27726920 0.00000000
v 42.51511993 4.25590968 0.00000000
v 42.58029269 4.24294601 0.00000000
v 46.25340000 -3.83860000 0.00000000
v 46.25340000 -3.83860000 1.60000000
v 46.31970731 -3.84294601 1.60000000
v 46.38488007 -3.85590968 1.60000000
v 46.44780318 -3.87726920 1.60000000
v 46.50740000 -3.90665909 1.60000000
v 46.56265081 -3.94357650 1.60000000
v 46.61261024 -3.98738976 1.60000000
v 46.65642350 -4.03734919 1.60000000
v 46.69334091 -4.09260000 1.60000000
v 46.72273080 -4.15219682 1.60000000
v 46.74409032 -4.21511993 1.60000000
v 46.75705399 -4.28029269 1.60000000
v 46.76140000 -4.34660000 1.60000000
v 46.76140000 -4.34660000 0.00000000
v 46.75705399 -4.28029269 0.00000000
v 46.74409032 -4.21511993 0.00000000
v 46.72273080 -4.15219682 0.00000000
v 46.69334091 -4.09260000 0.00000000
v 46.65642350 -4.03734919 0.00000000
v 46.61261024 -3.98738976 0.00000000
v 46.56265081 -3.94357650 0.00000000
v 46.50740000 -3.90665909 0.00000000
v 46.44780318 -3.87726920 0.00000000
v 46.38488007 -3.85590968 0.00000000
v 46.31970731 -3.84294601 0.00000000
v 46.76140000 -7.95340000 0.00000000
v 46.76140000 -7.95340000 1.60000000
v 46.75705399 -8.01970731 1.60000000
v 46.74409032 -8.08488007 1.60000000
v 46.72273080 -8.14780318 1.60000000
v 46.69334091 -8.20740000 1.60000000
v 46.65642350 -8.26265081 1.60000000
v 46.61261024 -8.31261024 1.60000000
v 46.56265081 -8.35642350 1.60000000
v 46.50740000 -8.39334091 1.60000000
v 46.44780318 -8.42273080 1.60000000
v 46.38488007 -8.44409032 1.60000000
v 46.31970731 -8.45705399 1.60000000
v 46.25340000 -8.46140000 1.60000000
v 46.25340000 -8.46140000 0.00000000
v 46.31970731 -8.45705399 0.00000000
v 46.38488007 -8.44409032 0.00000000
v 46.44780318 -8.42273080 0.00000000
v 46.50740000 -8.39334091 0.00000000
v 46.56265081 -8.35642350 0.00000000
v 46.61261024 -8.31261024 0.00000000
v 46.65642350 -8.26265081 0.00000000
v 46.69334091 -8.20740000 0.00000000
v 46.72273080 -8.14780318 0.00000000
v 46.74409032 -8.08488007 0.00000000
v 46.75705399 -8.01970731 0.00000000
v 42.64660000 -8.46140000 0.00000000
v 42.64660000 -8.46140000 1.60000000
v 42.58029269 -8.45705399 1.60000000
v 42.51511993 -8.44409032 1.60000000
v 42.45219682 -8.42273080 1.60000000
v 42.39260000 -8.39334091 1.60000000
v 42.33734919 -8.35642350 1.60000000
v 42.28738976 -8.31261024 1.60000000
v 42.24357650 -8.26265081 1.60000000
v 42.20665909 -8.20740000 1.60000000
v 42.17726920 -8.14780318 1.60000000
v 42.15590968 -8.08488007 1.60000000
v 42.14294601 -8.01970731 1.60000000
v 42.13860000 -7.95340000 1.60000000
v 42.13860000 -7.95340000 0.00000000
v 42.14294601 -8.01970731 0.00000000
v 42.15590968 -8.08488007 0.00000000
v 42.17726920 -8.14780318 0.00000000
v 42.20665909 -8.20740000 0.00000000
v 42.24357650 -8.26265081 0.00000000
v 42.28738976 -8.31261024 0.00000000
v 42.33734919 -8.35642350 0.00000000
v 42.39260000 -8.39334091 0.00000000
v 42.45219682 -8.42273080 0.00000000
v 42.51511993 -8.44409032 0.00000000
v 42.58029269 -8.45705399 0.00000000
v 42.13860000 -4.34660000 0.00000000
v 42.13860000 -4.34660000 1.60000000
v 42.14294601 -4.28029269 1.60000000
v 42.15590968 -4.21511993 1.60000000
v 42.17726920 -4.15219682 1.60000000
v 42.20665909 -4.09260000 1.60000000
v 42.24357650 -4.03734919 1.60000000
v 42.28738976 -3.98738976 1.60000000
v 42.33734919 -3.94357650 1.60000000
v 42.39260000 -3.90665909 1.60000000
v 42.45219682 -3.87726920 1.60000000
v 42.51511993 -3.85590968 1.60000000
v 42.58029269 -3.84294601 1.60000000
v 42.64660000 -3.83860000 1.60000000
v 42.64660000 -3.83860000 0.00000000
v 42.58029269 -3.84294601 0.00000000
v 42.51511993 -3.85590968 0.00000000
v 42.45219682 -3.87726920 0.00000000
v 42.39260000 -3.90665909 0.00000000
v 42.33734919 -3.94357650 0.00000000
v 42.28738976 -3.98738976 0.00000000
v 42.24357650 -4.03734919 0.00000000
v 42.20665909 -4.09260000 0.00000000
v 42.17726920 -4.15219682 0.00000000
v 42.15590968 -4.21511993 0.00000000
v 42.14294601 -4.28029269 0.00000000
v 29.43860000 8.35340000 0.00000000
v 29.43860000 8.35340000 1.60000000
v 29.44294601 8.41970731 1.60000000
v 29.45590968 8.48488007 1.60000000
v 29.47726920 8.54780318 1.60000000
v 29.50665909 8.60740000 1.60000000
v 29.54357650 8.66265081 1.60000000
v 29.58738976 8.71261024 1.60000000
v 29.63734919 8.75642350 1.60000000
v 29.69260000 8.79334091 1.60000000
v 29.75219682 8.82273080 1.60000000
v 29.81511993 8.84409032 1.60000000
v 29.88029269 8.85705399 1.60000000
v 29.94660000 8.86140000 1.60000000
v 29.94660000 8.86140000 0.00000000
v 29.88029269 8.85705399 0.00000000
v 29.81511993 8.84409032 0.00000000
v 29.75219682 8.82273080 0.00000000
v 29.69260000 8.79334091 0.00000000
v 29.63734919 8.75642350 0.00000000
v 29.58738976 8.71261024 0.00000000
v 29.54357650 8.66265081 0.00000000
v 29.50665909 8.60740000 0.00000000
v 29.47726920 8.54780318 0.00000000
v 29.45590968 8.48488007 0.00000000
v 29.44294601 8.41970731 0.00000000
v 33.55340000 8.86140000 0.00000000
v 33.55340000 8.86140000 1.60000000
v 33.61970731 8.85705399 1.60000000
v 33.68488007 8.84409032 1.60000000
v 33.74780318 8.82273080 1.60000000
v 33.80740000 8.79334091 1.60000000
v 33.86265081 8.75642350 1.60000000
v 33.91261024 8.71261024 1.60000000
v 33.95642350 8.66265081 1.60000000
v 33.99334091 8.60740000 1.60000000
v 34.02273080 8.54780318 1.60000000
v 34.04409032 8.48488007 1.60000000
v 34.05705399 8.41970731 1.60000000
v 34.06140000 8.35340000 1.60000000
v 34.06140000 8.35340000 0.00000000
v 34.05705399 8.41970731 0.00000000
v 34.04409032 8.48488007 0.00000000
v 34.02273080 8.54780318 0.00000000
v 33.99334091 8.60740000 0.00000000
v 33.95642350 8.66265081 0.00000000
v 33.91261024 8.71261024 0.00000000
v 33.86265081 8.75642350 0.00000000
v 33.80740000 8.79334091 0.00000000
v 33.74780318 8.82273080 0.00000000
v 33.68488007 8.84409032 0.00000000
v 33.61970731 8.85705399 0.00000000
v 34.06140000 4.74660000 0.00000000
v 34.06140000 4.74660000 1.60000000
v 34.05705399 4.68029269 1.60000000
v 34.04409032 4.61511993 1.60000000
v 34.02273080 4.55219682 1.60000000
v 33.99334091 4.49260000 1.60000000
v 33.95642350 4.43734919 1.60000000
v 33.91261024 4.38738976 1.60000000
v 33.86265081 4.34357650 1.60000000
v 33.80740000 4.30665909 1.60000000
v 33.74780318 4.27726920 1.60000000
v 33.68488007 4.25590968 1.60000000
v 33.61970731 4.24294601 1.60000000
v 33.55340000 4.23860000 1.60000000
v 33.55340000 4.23860000 0.00000000
v 33.61970731 4.24294601 0.00000000
v 33.68488007 4.25590968 0.00000000
v 33.74780318 4.27726920 0.00000000
v 33.80740000 4.30665909 0.00000000
v 33.86265081 4.34357650 0.00000000
v 33.91261024 4.38738976 0.00000000
v 33.95642350 4.43734919 0.00000000
v 33.99334091 4.49260000 0.00000000
v 34.02273080 4.55219682 0.00000000
v 34.04409032 4.61511993 0.00000000
v 34.05705399 4.68029269 0.00000000
v 29.94660000 4.23860000 0.00000000
v 29.94660000 4.23860000 1.60000000
v 29.88029269 4.24294601 1.60000000
v 29.81511993 4.25590968 1.60000000
v 29.75219682 4.27726920 1.60000000
v 29.69260000 4.30665909 1.60000000
v 29.63734919 4.34357650 1.60000000
v 29.58738976 4.38738976 1.60000000
v 29.54357650 4.43734919 1.60000000
v 29.50665909 4.49260000 1.60000000
v 29.47726920 4.55219682 1.60000000
v 29.45590968 4.61511993 1.60000000
v 29.44294601 4.68029269 1.60000000
v 29.43860000 4.74660000 1.60000000
v 29.43860000 4.74660000 0.00000000
v 29.44294601 4.68029269 0.00000000
v 29.45590968 4.61511993 0.00000000
v 29.47726920 4.55219682 0.00000000
v 29.50665909 4.49260000 0.00000000
v 29.54357650 4.43734919 0.00000000
v 29.58738976 4.38738976 0.00000000
v 29.63734919 4.34357650 0.00000000
v 29.69260000 4.30665909 0.00000000
v 29.75219682 4.27726920 0.00000000
v 29.81511993 4.25590968 0.00000000
v 29.88029269 4.24294601 0.00000000
v 33.55340000 -3.83860000 0.00000000
v 33.55340000 -3.83860000 1.60000000
v 33.61970731 -3.84294601 1.60000000
v 33.68488007 -3.85590968 1.60000000
v 33.74780318 -3.87726920 1.60000000
v 33.80740000 -3.90665909 1.60000000
v 33.86265081 -3.94357650 1.60000000
v 33.91261024 -3.98738976 1.60000000
v 33.95642350 -4.03734919 1.60000000
v 33.99334091 -4.09260000 1.60000000
v 34.02273080 -4.15219682 1.60000000
v 34.04409032 -4.21511993 1.60000000
v 34.05705399 -4.28029269 1.60000000
v 34.06140000 -4.34660000 1.60000000
v 34.06140000 -4.34660000 0.00000000
v 34.05705399 -4.28029269 0.00000000
v 34.04409032 -4.21511993 0.00000000
v 34.02273080 -4.15219682 0.00000000
v 33.99334091 -4.09260000 0.00000000
v 33.95642350 -4.03734919 0.00000000
v 33.91261024 -3.98738976 0.00000000
v 33.86265081 -3.94357650 0.00000000
v 33.80740000 -3.90665909 0.00000000
v 33.74780318 -3.87726920 0.00000000
v 33.68488007 -3.85590968 0.00000000
v 33.61970731 -3.84294601 0.00000000
v 34.06140000 -7.95340000 0.00000000
v 34.06140000 -7.95340000 1.60000000
v 34.05705399 -8.01970731 1.60000000
v 34.04409032 -8.08488007 1.60000000
v 34.02273080 -8.14780318 1.60000000
v 33.99334091 -8.20740000 1.60000000
v 33.95642350 -8.26265081 1.60000000
v 33.91261024 -8.31261024 1.60000000
v 33.86265081 -8.35642350 1.60000000
v 33.80740000 -8.39334091 1.60000000
v 33.74780318 -8.42273080 1.60000000
v 33.68488007 -8.44409032 1.60000000
v 33.61970731 -8.45705399 1.60000000
v 33.55340000 -8.46140000 1.60000000
v 33.55340000 -8.46140000 0.00000000
v 33.61970731 -8.45705399 0.00000000
v 33.68488007 -8.44409032 0.00000000
v 33.74780318 -8.42273080 0.00000000
v 33.80740000 -8.39334091 0.00000000
v 33.86265081 -8.35642350 0.00000000
v 33.91261024 -8.31261024 0.00000000
v 33.95642350 -8.26265081 0.00000000
v 33.99334091 -8.20740000 0.00000000
v 34.02273080 -8.14780318 0.00000000
v 34.04409032 -8.08488007 0.00000000
v 34.05705399 -8.01970731 0.00000000
v 29.94660000 -8.46140000 0.00000000
v 29.94660000 -8.46140000 1.60000000
v 29.88029269 -8.45705399 1.60000000
v 29.81511993 -8.44409032 1.60000000
v 29.75219682 -8.42273080 1.60000000
v 29.69260000 -8.39334091 1.60000000
v 29.63734919 -8.35642350 1.60000000
v 29.58738976 -8.31261024 1.60000000
v 29.54357650 -8.26265081 1.60000000
v 29.50665909 -8.20740000 1.60000000
v 29.47726920 -8.14780318 1.60000000
v 29.45590968 -8.08488007 1.60000000
v 29.44294601 -8.01970731 1.60000000
v 29.43860000 -7.95340000 1.60000000
v 29.43860000 -7.95340000 0.00000000
v 29.44294601 -8.01970731 0.00000000
v 29.45590968 -8.08488007 0.00000000
v 29.47726920 -8.14780318 0.00000000
v 29.50665909 -8.20740000 0.00000000
v 29.54357650 -8.26265081 0.00000000
v 29.58738976 -8.31261024 0.00000000
v 29.63734919 -8.35642350 0.00000000
v 29.69260000 -8.39334091 0.00000000
v 29.75219682 -8.42273080 0.00000000
v 29.81511993 -8.44409032 0.00000000
v 29.88029269 -8.45705399 0.00000000
v 29.43860000 -4.34660000 0.00000000
v 29.43860000 -4.34660000 1.60000000
v 29.44294601 -4.28029269 1.60000000
v 29.45590968 -4.21511993 1.60000000
v 29.47726920 -4.15219682 1.60000000
v 29.50665909 -4.09260000 1.60000000
v 29.54357650 -4.03734919 1.60000000
v 29.58738976 -3.98738976 1.60000000
v 29.63734919 -3.94357650 1.60000000
v 29.69260000 -3.90665909 1.60000000
v 29.75219682 -3.87726920 1.60000000
v 29.81511993 -3.85590968 1.60000000
v 29.88029269 -3.84294601 1.60000000
v 29.94660000 -3.83860000 1.60000000
v 29.94660000 -3.83860000 0.00000000
v 29.88029269 -3.84294601 0.00000000
v 29.81511993 -3.85590968 0.00000000
v 29.75219682 -3.87726920 0.00000000
v 29.69260000 -3.90665909 0.00000000
v 29.63734919 -3.94357650 0.00000000
v 29.58738976 -3.98738976 0.00000000
v 29.54357650 -4.03734919 0.00000000
v 29.50665909 -4.09260000 0.00000000
v 29.47726920 -4.15219682 0.00000000
v 29.45590968 -4.21511993 0.00000000
v 29.44294601 -4.28029269 0.00000000
v 16.73860000 8.35340000 0.00000000
v 16.73860000 8.35340000 1.60000000
v 16.74294601 8.41970731 1.60000000
v 16.75590968 8.48488007 1.60000000
v 16.77726920 8.54780318 1.60000000
v 16.80665909 8.60740000 1.60000000
v 16.84357650 8.66265081 1.60000000
v 16.88738976 8.71261024 1.60000000
v 16.93734919 8.75642350 1.60000000
v 16.99260000 8.79334091 1.60000000
v 17.05219682 8.82273080 1.60000000
v 17.11511993 8.84409032 1.60000000
v 17.18029269 8.85705399 1.60000000
v 17.24660000 8.86140000 1.60000000
v 17.24660000 8.86140000 0.00000000
v 17.18029269 8.85705399 0.00000000
v 17.11511993 8.84409032 0.00000000
v 17.05219682 8.82273080 0.00000000
v 16.99260000 8.79334091 0.00000000
v 16.93734919 8.75642350 0.00000000
v 16.88738976 8.71261024 0.00000000
v 16.84357650 8.66265081 0.00000000
v 16.80665909 8.60740000 0.00000000
v 16.77726920 8.54780318 0.00000000
v 16.75590968 8.48488007 0.00000000
v 16.74294601 8.41970731 0.00000000
v 20.85340000 8.86140000 0.00000000
v 20.85340000 8.86140000 1.60000000
v 20.91970731 8.85705399 1.60000000
v 20.98488007 8.84409032 1.60000000
v 21.04780318 8.82273080 1.60000000
v 21.10740000 8.79334091 1.60000000
v 21.16265081 8.75642350 1.60000000
v 21.21261024 8.71261024 1.60000000
v 21.25642350 8.66265081 1.60000000
v 21.29334091 8.60740000 1.60000000
v 21.32273080 8.54780318 1.60000000
v 21.34409032 8.48488007 1.60000000
v 21.35705399 8.41970731 1.60000000
v 21.36140000 8.35340000 1.60000000
v 21.36140000 8.35340000 0.00000000
v 21.35705399 8.41970731 0.00000000
v 21.34409032 8.48488007 0.00000000
v 21.32273080 8.54780318 0.00000000
v 21.29334091 8.60740000 0.00000000
v 21.25642350 8.66265081 0.00000000
v 21.21261024 8.71261024 0.00000000
v 21.16265081 8.75642350 0.00000000
v 21.10740000 8.79334091 0.00000000
v 21.04780318 8.82273080 0.00000000
v 20.98488007 8.84409032 0.00000000
v 20.91970731 8.85705399 0.00000000
v 21.36140000 4.74660000 0.00000000
v 21.36140000 4.74660000 1.60000000
v 21.35705399 4.68029269 1.60000000
v 21.34409032 4.61511993 1.60000000
v 21.32273080 4.55219682 1.60000000
v 21.29334091 4.49260000 1.60000000
v 21.25642350 4.43734919 1.60000000
v 21.21261024 4.38738976 1.60000000
v 21.16265081 4.34357650 1.60000000
v 21.10740000 4.30665909 1.60000000
v 21.04780318 4.27726920 1.60000000
v 20.98488007 4.25590968 1.60000000
v 20.91970731 4.24294601 1.60000000
v 20.85340000 4.23860000 1.60000000
v 20.85340000 4.23860000 0.00000000
v 20.91970731 4.24294601 0.00000000
v 20.98488007 4.25590968 0.00000000
v 21.04780318 4.27726920 0.00000000
v 21.10740000 4.30665909 0.00000000
v 21.16265081 4.34357650 0.00000000
v 21.21261024 4.38738976 0.00000000
v 21.25642350 4.43734919 0.00000000
v 21.29334091 4.49260000 0.00000000
v 21.32273080 4.55219682 0.00000000
v 21.34409032 4.61511993 0.00000000
v 21.35705399 4.68029269 0.00000000
v 17.24660000 4.23860000 0.00000000
v 17.24660000 4.23860000 1.60000000
v 17.18029269 4.24294601 1.60000000
v 17.11511993 4.25590968 1.60000000
v 17.05219682 4.27726920 1.60000000
v 16.99260000 4.30665909 1.60000000
v 16.93734919 4.34357650 1.60000000
v 16.88738976 4.38738976 1.60000000
v 16.84357650 4.43734919 1.60000000
v 16.80665909 4.49260000 1.60000000
v 16.77726920 4.55219682 1.60000000
v 16.75590968 4.61511993 1.60000000
v 16.74294601 4.68029269 1.60000000
v 16.73860000 4.74660000 1.60000000
v 16.73860000 4.74660000 0.00000000
v 16.74294601 4.68029269 0.00000000
v 16.75590968 4.61511993 0.00000000
v 16.77726920 4.55219682 0.00000000
v 16.80665909 4.49260000 0.00000000
v 16.84357650 4.43734919 0.00000000
v 16.88738976 4.38738976 0.00000000
v 16.93734919 4.34357650 0.00000000
v 16.99260000 4.30665909 0.00000000
v 17.05219682 4.27726920 0.00000000
v 17.11511993 4.25590968 0.00000000
v 17.18029269 4.24294601 0.00000000
v 20.85340000 -3.83860000 0.00000000
v 20.85340000 -3.83860000 1.60000000
v 20.91970731 -3.84294601 1.60000000
v 20.98488007 -3.85590968 1.60000000
v 21.04780318 -3.87726920 1.60000000
v 21.10740000 -3.90665909 1.60000000
v 21.16265081 -3.94357650 1.60000000
v 21.21261024 -3.98738976 1.60000000
v 21.25642350 -4.03734919 1.60000000
v 21.29334091 -4.09260000 1.60000000
v 21.32273080 -4.15219682 1.60000000
v 21.34409032 -4.21511993 1.60000000
v 21.35705399 -4.28029269 1.60000000
v 21.36140000 -4.34660000 1.60000000
v 21.36140000 -4.34660000 0.00000000
v 21.35705399 -4.28029269 0.00000000
v 21.34409032 -4.21511993 0.00000000
v 21.32273080 -4.15219682 0.00000000
v 21.29334091 -4.09260000 0.00000000
v 21.25642350 -4.03734919 0.00000000
v 21.21261024 -3.98738976 0.00000000
v 21.16265081 -3.94357650 0.00000000
v 21.10740000 -3.90665909 0.00000000
v 21.04780318 -3.87726920 0.00000000
v 20.98488007 -3.85590968 0.00000000
v 20.91970731 -3.84294601 0.00000000
v 21.36140000 -7.95340000 0.00000000
v 21.36140000 -7.95340000 1.60000000
v 21.35705399 -8.01970731 1.60000000
v 21.34409032 -8.08488007 1.60000000
v 21.32273080 -8.14780318 1.60000000
v 21.29334091 -8.20740000 1.60000000
v 21.25642350 -8.26265081 1.60000000
v 21.21261024 -8.31261024 1.60000000
v 21.16265081 -8.35642350 1.60000000
v 21.10740000 -8.39334091 1.60000000
v 21.04780318 -8.42273080 1.60000000
v 20.98488007 -8.44409032 1.60000000
v 20.91970731 -8.45705399 1.60000000
v 20.85340000 -8.46140000 1.60000000
v 20.85340000 -8.46140000 0.00000000
v 20.91970731 -8.45705399 0.00000000
v 20.98488007 -8.44409032 0.00000000
v 21.04780318 -8.42273080 0.00000000
v 21.10740000 -8.39334091 0.00000000
v 21.16265081 -8.35642350 0.00000000
v 21.21261024 -8.31261024 0.00000000
v 21.25642350 -8.26265081 0.00000000
v 21.29334091 -8.20740000 0.00000000
v 21.32273080 -8.14780318 0.00000000
v 21.34409032 -8.08488007 0.00000000
v 21.35705399 -8.01970731 0.00000000
v 17.24660000 -8.46140000 0.00000000
v 17.24660000 -8.46140000 1.60000000
v 17.18029269 -8.45705399 1.60000000
v 17.11511993 -8.44409032 1.60000000
v 17.05219682 -8.42273080 1.60000000
v 16.99260000 -8.39334091 1.60000000
v 16.93734919 -8.35642350 1.60000000
v 16.88738976 -8.31261024 1.60000000
v 16.84357650 -8.26265081 1.60000000
v 16.80665909 -8.20740000 1.60000000
v 16.77726920 -8.14780318 1.60000000
v 16.75590968 -8.08488007 1.60000000
v 16.74294601 -8.01970731 1.60000000
v 16.73860000 -7.95340000 1.60000000
v 16.73860000 -7.95340000 0.00000000
v 16.74294601 -8.01970731 0.00000000
v 16.75590968 -8.08488007 0.00000000
v 16.77726920 -8.14780318 0.00000000
v 16.80665909 -8.20740000 0.00000000
v 16.84357650 -8.26265081 0.00000000
v 16.88738976 -8.31261024 0.00000000
v 16.93734919 -8.35642350 0.00000000
v 16.99260000 -8.39334091 0.00000000
v 17.05219682 -8.42273080 0.00000000
v 17.11511993 -8.44409032 0.00000000
v 17.18029269 -8.45705399 0.00000000
v 16.73860000 -4.34660000 0.00000000
v 16.73860000 -4.34660000 1.60000000
v 16.74294601 -4.28029269 1.60000000
v 16.75590968 -4.21511993 1.60000000
v 16.77726920 -4.15219682 1.60000000
v 16.80665909 -4.09260000 1.60000000
v 16.84357650 -4.03734919 1.60000000
v 16.88738976 -3.98738976 1.60000000
v 16.93734919 -3.94357650 1.60000000
v 16.99260000 -3.90665909 1.60000000
v 17.05219682 -3.87726920 1.60000000
v 17.11511993 -3.85590968 1.60000000
v 17.18029269 -3.84294601 1.60000000
v 17.24660000 -3.83860000 1.60000000
v 17.24660000 -3.83860000 0.00000000
v 17.18029269 -3.84294601 0.00000000
v 17.11511993 -3.85590968 0.00000000
v 17.05219682 -3.87726920 0.00000000
v 16.99260000 -3.90665909 0.00000000
v 16.93734919 -3.94357650 0.00000000
v 16.88738976 -3.98738976 0.00000000
v 16.84357650 -4.03734919 0.00000000
v 16.80665909 -4.09260000 0.00000000
v 16.77726920 -4.15219682 0.00000000
v 16.75590968 -4.21511993 0.00000000
v 16.74294601 -4.28029269 0.00000000
v 4.03860000 8.35340000 0.00000000
v 4.03860000 8.35340000 1.60000000
v 4.04294601 8.41970731 1.60000000
v 4.05590968 8.48488007 1.60000000
v 4.07726920 8.54780318 1.60000000
v 4.10665909 8.60740000 1.60000000
v 4.14357650 8.66265081 1.60000000
v 4.18738976 8.71261024 1.60000000
v 4.23734919 8.75642350 1.60000000
v 4.29260000 8.79334091 1.60000000
v 4.35219682 8.82273080 1.60000000
v 4.41511993 8.84409032 1.60000000
v 4.48029269 8.85705399 1.60000000
v 4.54660000 8.86140000 1.60000000
v 4.54660000 8.86140000 0.00000000
v 4.48029269 8.85705399 0.00000000
v 4.41511993 8.84409032 0.00000000
v 4.35219682 8.82273080 0.00000000
v 4.29260000 8.79334091 0.00000000
v 4.23734919 8.75642350 0.00000000
v 4.18738976 8.71261024 0.00000000
v 4.14357650 8.66265081 0.00000000
v 4.10665909 8.60740000 0.00000000
v 4.07726920 8.54780318 0.00000000
v 4.05590968 8.48488007 0.00000000
v 4.04294601 8.41970731 0.00000000
v 8.15340000 8.86140000 0.00000000
v 8.15340000 8.86140000 1.60000000
v 8.21970731 8.85705399 1.60000000
v 8.28488007 8.84409032 1.60000000
v 8.34780318 8.82273080 1.60000000
v 8.40740000 8.79334091 1.60000000
v 8.46265081 8.75642350 1.60000000
v 8.51261024 8.71261024 1.60000000
v 8.55642350 8.66265081 1.60000000
v 8.59334091 8.60740000 1.60000000
v 8.62273080 8.54780318 1.60000000
v 8.64409032 8.48488007 1.60000000
v 8.65705399 8.41970731 1.60000000
v 8.66140000 8.35340000 1.60000000
v 8.66140000 8.35340000 0.00000000
v 8.65705399 8.41970731 0.00000000
v 8.64409032 8.48488007 0.00000000
v 8.62273080 8.54780318 0.00000000
v 8.59334091 8.60740000 0.00000000
v 8.55642350 8.66265081 0.00000000
v 8.51261024 8.71261024 0.00000000
v 8.46265081 8.75642350 0.00000000
v 8.40740000 8.79334091 0.00000000
v 8.34780318 8.82273080 0.00000000
v 8.28488007 8.84409032 0.00000000
v 8.21970731 8.85705399 0.00000000
v 8.66140000 4.74660000 0.00000000
v 8.66140000 4.74660000 1.60000000
v 8.65705399 4.68029269 1.60000000
v 8.64409032 4.61511993 1.60000000
v 8.62273080 4.55219682 1.60000000
v 8.59334091 4.49260000 1.60000000
v 8.55642350 4.43734919 1.60000000
v 8.51261024 4.38738976 1.60000000
v 8.46265081 4.34357650 1.60000000
v 8.40740000 4.30665909 1.60000000
v 8.34780318 4.27726920 1.60000000
v 8.28488007 4.25590968 1.60000000
v 8.21970731 4.24294601 1.60000000
v 8.15340000 4.23860000 1.60000000
v 8.15340000 4.23860000 0.00000000
v 8.21970731 4.24294601 0.00000000
v 8.28488007 4.25590968 0.00000000
v 8.34780318 4.27726920 0.00000000
v 8.40740000 4.30665909 0.00000000
v 8.46265081 4.34357650 0.00000000
v 8.51261024 4.38738976 0.00000000
v 8.55642350 4.43734919 0.00000000
v 8.59334091 4.49260000 0.00000000
v 8.62273080 4.55219682 0.00000000
v 8.64409032 4.61511993 0.00000000
v 8.65705399 4.68029269 0.00000000
v 4.54660000 4.23860000 0.00000000
v 4.54660000 4.23860000 1.60000000
v 4.48029269 4.24294601 1.60000000
v 4.41511993 4.25590968 1.60000000
v 4.35219682 4.27726920 1.60000000
v 4.29260000 4.30665909 1.60000000
v 4.23734919 4.34357650 1.60000000
v 4.18738976 4.38738976 1.60000000
v 4.14357650 4.43734919 1.60000000
v 4.10665909 4.49260000 1.60000000
v 4.07726920 4.55219682 1.60000000
v 4.05590968 4.61511993 1.60000000
v 4.04294601 4.68029269 1.60000000
v 4.03860000 4.74660000 1.60000000
v 4.03860000 4.74660000 0.00000000
v 4.04294601 4.68029269 0.00000000
v 4.05590968 4.61511993 0.00000000
v 4.07726920 4.55219682 0.00000000
v 4.10665909 4.49260000 0.00000000
v 4.14357650 4.43734919 0.00000000
v 4.18738976 4.38738976 0.00000000
v 4.23734919 4.34357650 0.00000000
v 4.29260000 4.30665909 0.00000000
v 4.35219682 4.27726920 0.00000000
v 4.41511993 4.25590968 0.00000000
v 4.48029269 4.24294601 0.00000000
v 8.15340000 -3.83860000 0.00000000
v 8.15340000 -3.83860000 1.60000000
v 8.21970731 -3.84294601 1.60000000
v 8.28488007 -3.85590968 1.60000000
v 8.34780318 -3.87726920 1.60000000
v 8.40740000 -3.90665909 1.60000000
v 8.46265081 -3.94357650 1.60000000
v 8.51261024 -3.98738976 1.60000000
v 8.55642350 -4.03734919 1.60000000
v 8.59334091 -4.09260000 1.60000000
v 8.62273080 -4.15219682 1.60000000
v 8.64409032 -4.21511993 1.60000000
v 8.65705399 -4.28029269 1.60000000
v 8.66140000 -4.34660000 1.60000000
v 8.66140000 -4.34660000 0.00000000
v 8.65705399 -4.28029269 0.00000000
v 8.64409032 -4.21511993 0.00000000
v 8.62273080 -4.15219682 0.00000000
v 8.59334091 -4.09260000 0.00000000
v 8.55642350 -4.03734919 0.00000000
v 8.51261024 -3.98738976 0.00000000
v 8.46265081 -3.94357650 0.00000000
v 8.40740000 -3.90665909 0.00000000
v 8.34780318 -3.87726920 0.00000000
v 8.28488007 -3.85590968 0.00000000
v 8.21970731 -3.84294601 0.00000000
v 8.66140000 -7.95340000 0.00000000
v 8.66140000 -7.95340000 1.60000000
v 8.65705399 -8.01970731 1.60000000
v 8.64409032 -8.08488007 1.60000000
v 8.62273080 -8.14780318 1.60000000
v 8.59334091 -8.20740000 1.60000000
v 8.55642350 -8.26265081 1.60000000
v 8.51261024 -8.31261024 1.60000000
v 8.46265081 -8.35642350 1.60000000
v 8.40740000 -8.39334091 1.60000000
v 8.34780318 -8.42273080 1.60000000
v 8.28488007 -8.44409032 1.60000000
v 8.21970731 -8.45705399 1.60000000
v 8.15340000 -8.46140000 1.60000000
v 8.15340000 -8.46140000 0.00000000
v 8.21970731 -8.45705399 0.00000000
v 8.28488007 -8.44409032 0.00000000
v 8.34780318 -8.42273080 0.00000000
v 8.40740000 -8.39334091 0.00000000
v 8.46265081 -8.35642350 0.00000000
v 8.51261024 -8.31261024 0.00000000
v 8.55642350 -8.26265081 0.00000000
v 8.59334091 -8.20740000 0.00000000
v 8.62273080 -8.14780318 0.00000000
v 8.64409032 -8.08488007 0.00000000
v 8.65705399 -8.01970731 0.00000000
v 4.54660000 -8.46140000 0.00000000
v 4.54660000 -8.46140000 1.60000000
v 4.48029269 -8.45705399 1.60000000
v 4.41511993 -8.44409032 1.60000000
v 4.35219682 -8.42273080 1.60000000
v 4.29260000 -8.39334091 1.60000000
v 4.23734919 -8.35642350 1.60000000
v 4.18738976 -8.31261024 1.60000000
v 4.14357650 -8.26265081 1.60000000
v 4.10665909 -8.20740000 1.60000000
v 4.07726920 -8.14780318 1.60000000
v 4.05590968 -8.08488007 1.60000000
v 4.04294601 -8.01970731 1.60000000
v 4.03860000 -7.95340000 1.60000000
v 4.03860000 -7.95340000 0.00000000
v 4.04294601 -8.01970731 0.00000000
v 4.05590968 -8.08488007 0.00000000
v 4.07726920 -8.14780318 0.00000000
v 4.10665909 -8.20740000 0.00000000
v 4.14357650 -8.26265081 0.00000000
v 4.18738976 -8.31261024 0.00000000
v 4.23734919 -8.35642350 0.00000000
v 4.29260000 -8.39334091 0.00000000
v 4.35219682 -8.42273080 0.00000000
v 4.41511993 -8.44409032 0.00000000
v 4.48029269 -8.45705399 0.00000000
v 4.03860000 -4.34660000 0.00000000
v 4.03860000 -4.34660000 1.60000000
v 4.04294601 -4.28029269 1.60000000
v 4.05590968 -4.21511993 1.60000000
v 4.07726920 -4.15219682 1.60000000
v 4.10665909 -4.09260000 1.60000000
v 4.14357650 -4.03734919 1.60000000
v 4.18738976 -3.98738976 1.60000000
v 4.23734919 -3.94357650 1.60000000
v 4.29260000 -3.90665909 1.60000000
v 4.35219682 -3.87726920 1.60000000
v 4.41511993 -3.85590968 1.60000000
v 4.48029269 -3.84294601 1.60000000
v 4.54660000 -3.83860000 1.60000000
v 4.54660000 -3.83860000 0.00000000
v 4.48029269 -3.84294601 0.00000000
v 4.41511993 -3.85590968 0.00000000
v 4.35219682 -3.87726920 0.00000000
v 4.29260000 -3.90665909 0.00000000
v 4.23734919 -3.94357650 0.00000000
v 4.18738976 -3.98738976 0.00000000
v 4.14357650 -4.03734919 0.00000000
v 4.10665909 -4.09260000 0.00000000
v 4.07726920 -4.15219682 0.00000000
v 4.05590968 -4.21511993 0.00000000
v 4.04294601 -4.28029269 0.00000000
v -8.66140000 8.35340000 0.00000000
v -8.66140000 8.35340000 1.60000000
v -8.65705399 8.41970731 1.60000000
v -8.64409032 8.48488007 1.60000000
v -8.62273080 8.54780318 1.60000000
v -8.59334091 8.60740000 1.60000000
v -8.55642350 8.66265081 1.60000000
v -8.51261024 8.71261024 1.60000000
v -8.46265081 8.75642350 1.60000000
v -8.40740000 8.79334091 1.60000000
v -8.34780318 8.82273080 1.60000000
v -8.28488007 8.84409032 1.60000000
v -8.21970731 8.85705399 1.60000000
v -8.15340000 8.86140000 1.60000000
v -8.15340000 8.86140000 0.00000000
v -8.21970731 8.85705399 0.00000000
v -8.28488007 8.84409032 0.00000000
v -8.34780318 8.82273080 0.00000000
v -8.40740000 8.79334091 0.00000000
v -8.46265081 8.75642350 0.00000000
v -8.51261024 8.71261024 0.00000000
v -8.55642350 8.66265081 0.00000000
v -8.59334091 8.60740000 0.00000000
v -8.62273080 8.54780318 0.00000000
v -8.64409032 8.48488007 0.00000000
v -8.65705399 8.41970731 0.00000000
v -4.54660000 8.86140000 0.00000000
v -4.54660000 8.86140000 1.60000000
v -4.48029269 8.85705399 1.60000000
v -4.41511993 8.84409032 1.60000000
v -4.35219682 8.82273080 1.60000000
v -4.29260000 8.79334091 1.60000000
v -4.23734919 8.75642350 1.60000000
v -4.18738976 8.71261024 1.60000000
v -4.14357650 8.66265081 1.60000000
v -4.10665909 8.60740000 1.60000000
v -4.07726920 8.54780318 1.60000000
v -4.05590968 8.48488007 1.60000000
v -4.04294601 8.41970731 1.60000000
v -4.03860000 8.35340000 1.60000000
v -4.03860000 8.35340000 0.00000000
v -4.04294601 8.41970731 0.00000000
v -4.05590968 8.48488007 0.00000000
v -4.07726920 8.54780318 0.00000000
v -4.10665909 8.60740000 0.00000000
v -4.14357650 8.66265081 0.00000000
v -4.18738976 8.71261024 0.00000000
v -4.23734919 8.75642350 0.00000000
v -4.29260000 8.79334091 0.00000000
v -4.35219682 8.82273080 0.00000000
v -4.41511993 8.84409032 0.00000000
v -4.48029269 8.85705399 0.00000000
v -4.03860000 4.74660000 0.00000000
v -4.03860000 4.74660000 1.60000000
v -4.04294601 4.68029269 1.60000000
v -4.05590968 4.61511993 1.60000000
v -4.07726920 4.55219682 1.60000000
v -4.10665909 4.49260000 1.60000000
v -4.14357650 4.43734919 1.60000000
v -4.18738976 4.38738976 1.60000000
v -4.23734919 4.34357650 1.60000000
v -4.29260000 4.30665909 1.60000000
v -4.35219682 4.27726920 1.60000000
v -4.41511993 4.25590968 1.60000000
v -4.48029269 4.24294601 1.60000000
v -4.54660000 4.23860000 1.60000000
v -4.54660000 4.23860000 0.00000000
v -4.48029269 4.24294601 0.00000000
v -4.41511993 4.25590968 0.00000000
v -4.35219682 4.27726920 0.00000000
v -4.29260000 4.30665909 0.00000000
v -4.23734919 4.34357650 0.00000000
v -4.18738976 4.38738976 0.00000000
v -4.14357650 4.43734919 0.00000000
v -4.10665909 4.49260000 0.00000000
v -4.07726920 4.55219682 0.00000000
v -4.05590968 4.61511993 0.00000000
v -4.04294601 4.68029269 0.00000000
v -8.15340000 4.23860000 0.00000000
v -8.15340000 4.23860000 1.60000000
v -8.21970731 4.24294601 1.60000000
v -8.28488007 4.25590968 1.60000000
v -8.34780318 4.27726920 1.60000000
v -8.40740000 4.30665909 1.60000000
v -8.46265081 4.34357650 1.60000000
v -8.51261024 4.38738976 1.60000000
v -8.55642350 4.43734919 1.60000000
v -8.59334091 4.49260000 1.60000000
v -8.62273080 4.55219682 1.60000000
v -8.64409032 4.61511993 1.60000000
v -8.65705399 4.68029269 1.60000000
v -8.66140000 4.74660000 1.60000000
v -8.66140000 4.74660000 0.00000000
v -8.65705399 4.68029269 0.00000000
v -8.64409032 4.61511993 0.00000000
v -8.62273080 4.55219682 0.00000000
v -8.59334091 4.49260000 0.00000000
v -8.55642350 4.43734919 0.00000000
v -8.51261024 4.38738976 0.00000000
v -8.46265081 4.34357650 0.00000000
v -8.40740000 4.30665909 0.00000000
v -8.34780318 4.27726920 0.00000000
v -8.28488007 4.25590968 0.00000000
v -8.21970731 4.24294601 0.00000000
v -4.54660000 -3.83860000 0.00000000
v -4.54660000 -3.83860000 1.60000000
v -4.48029269 -3.84294601 1.60000000
v -4.41511993 -3.85590968 1.60000000
v -4.35219682 -3.87726920 1.60000000
v -4.29260000 -3.90665909 1.60000000
v -4.23734919 -3.94357650 1.60000000
v -4.18738976 -3.98738976 1.60000000
v -4.14357650 -4.03734919 1.60000000
v -4.10665909 -4.09260000 1.60000000
v -4.07726920 -4.15219682 1.60000000
v -4.05590968 -4.21511993 1.60000000
v -4.04294601 -4.28029269 1.60000000
v -4.03860000 -4.34660000 1.60000000
v -4.03860000 -4.34660000 0.00000000
v -4.04294601 -4.28029269 0.00000000
v -4.05590968 -4.21511993 0.00000000
v -4.07726920 -4.15219682 0.00000000
v -4.10665909 -4.09260000 0.00000000
v -4.14357650 -4.03734919 0.00000000
v -4.18738976 -3.98738976 0.00000000
v -4.23734919 -3.94357650 0.00000000
v -4.29260000 -3.90665909 0.00000000
v -4.35219682 -3.87726920 0.00000000
v -4.41511993 -3.85590968 0.00000000
v -4.48029269 -3.84294601 0.00000000
v -4.03860000 -7.95340000 0.00000000
v -4.03860000 -7.95340000 1.60000000
v -4.04294601 -8.01970731 1.60000000
v -4.05590968 -8.08488007 1.60000000
v -4.07726920 -8.14780318 1.60000000
v -4.10665909 -8.20740000 1.60000000
v -4.14357650 -8.26265081 1.60000000
v -4.18738976 -8.31261024 1.60000000
v -4.23734919 -8.35642350 1.60000000
v -4.29260000 -8.39334091 1.60000000
v -4.35219682 -8.42273080 1.60000000
v -4.41511993 -8.44409032 1.60000000
v -4.48029269 -8.45705399 1.60000000
v -4.54660000 -8.46140000 1.60000000
v -4.54660000 -8.46140000 0.00000000
v -4.48029269 -8.45705399 0.00000000
v -4.41511993 -8.44409032 0.00000000
v -4.35219682 -8.42273080 0.00000000
v -4.29260000 -8.39334091 0.00000000
v -4.23734919 -8.35642350 0.00000000
v -4.18738976 -8.31261024 0.00000000
v -4.14357650 -8.26265081 0.00000000
v -4.10665909 -8.20740000 0.00000000
v -4.07726920 -8.14780318 0.00000000
v -4.05590968 -8.08488007 0.00000000
v -4.04294601 -8.01970731 0.00000000
v -8.15340000 -8.46140000 0.00000000
v -8.15340000 -8.46140000 1.60000000
v -8.21970731 -8.45705399 1.60000000
v -8.28488007 -8.44409032 1.60000000
v -8.34780318 -8.42273080 1.60000000
v -8.40740000 -8.39334091 1.60000000
v -8.46265081 -8.35642350 1.60000000
v -8.51261024 -8.31261024 1.60000000
v -8.55642350 -8.26265081 1.60000000
v -8.59334091 -8.20740000 1.60000000
v -8.62273080 -8.14780318 1.60000000
v -8.64409032 -8.08488007 1.60000000
v -8.65705399 -8.01970731 1.60000000
v -8.66140000 -7.95340000 1.60000000
v -8.66140000 -7.95340000 0.00000000
v -8.65705399 -8.01970731 0.00000000
v -8.64409032 -8.08488007 0.00000000
v -8.62273080 -8.14780318 0.00000000
v -8.59334091 -8.20740000 0.00000000
v -8.55642350 -8.26265081 0.00000000
v -8.51261024 -8.31261024 0.00000000
v -8.46265081 -8.35642350 0.00000000
v -8.40740000 -8.39334091 0.00000000
v -8.34780318 -8.42273080 0.00000000
v -8.28488007 -8.44409032 0.00000000
v -8.21970731 -8.45705399 0.00000000
v -8.66140000 -4.34660000 0.00000000
v -8.66140000 -4.34660000 1.60000000
v -8.65705399 -4.28029269 1.60000000
v -8.64409032 -4.21511993 1.60000000
v -8.62273080 -4.15219682 1.60000000
v -8.59334091 -4.09260000 1.60000000
v -8.55642350 -4.03734919 1.60000000
v -8.51261024 -3.98738976 1.60000000
v -8.46265081 -3.94357650 1.60000000
v -8.40740000 -3.90665909 1.60000000
v -8.34780318 -3.87726920 1.60000000
v -8.28488007 -3.85590968 1.60000000
v -8.21970731 -3.84294601 1.60000000
v -8.15340000 -3.83860000 1.60000000
v -8.15340000 -3.83860000 0.00000000
v -8.21970731 -3.84294601 0.00000000
v -8.28488007 -3.85590968 0.00000000
v -8.34780318 -3.87726920 0.00000000
v -8.40740000 -3.90665909 0.00000000
v -8.46265081 -3.94357650 0.00000000
v -8.51261024 -3.98738976 0.00000000
v -8.55642350 -4.03734919 0.00000000
v -8.59334091 -4.09260000 0.00000000
v -8.62273080 -4.15219682 0.00000000
v -8.64409032 -4.21511993 0.00000000
v -8.65705399 -4.28029269 0.00000000
v -21.36140000 8.35340000 0.00000000
v -21.36140000 8.35340000 1.60000000
v -21.35705399 8.41970731 1.60000000
v -21.34409032 8.48488007 1.60000000
v -21.32273080 8.54780318 1.60000000
v -21.29334091 8.60740000 1.60000000
v -21.25642350 8.66265081 1.60000000
v -21.21261024 8.71261024 1.60000000
v -21.16265081 8.75642350 1.60000000
v -21.10740000 8.79334091 1.60000000
v -21.04780318 8.82273080 1.60000000
v -20.98488007 8.84409032 1.60000000
v -20.91970731 8.85705399 1.60000000
v -20.85340000 8.86140000 1.60000000
v -20.85340000 8.86140000 0.00000000
v -20.91970731 8.85705399 0.00000000
v -20.98488007 8.84409032 0.00000000
v -21.04780318 8.82273080 0.00000000
v -21.10740000 8.79334091 0.00000000
v -21.16265081 8.75642350 0.00000000
v -21.21261024 8.71261024 0.00000000
v -21.25642350 8.66265081 0.00000000
v -21.29334091 8.60740000 0.00000000
v -21.32273080 8.54780318 0.00000000
v -21.34409032 8.48488007 0.00000000
v -21.35705399 8.41970731 0.00000000
v -17.24660000 8.86140000 0.00000000
v -17.24660000 8.86140000 1.60000000
v -17.18029269 8.85705399 1.60000000
v -17.11511993 8.84409032 1.60000000
v -17.05219682 8.82273080 1.60000000
v -16.99260000 8.79334091 1.60000000
v -16.93734919 8.75642350 1.60000000
v -16.88738976 8.71261024 1.60000000
v -16.84357650 8.66265081 1.60000000
v -16.80665909 8.60740000 1.60000000
v -16.77726920 8.54780318 1.60000000
v -16.75590968 8.48488007 1.60000000
v -16.74294601 8.41970731 1.60000000
v -16.73860000 8.35340000 1.60000000
v -16.73860000 8.35340000 0.00000000
v -16.74294601 8.41970731 0.00000000
v -16.75590968 8.48488007 0.00000000
v -16.77726920 8.54780318 0.00000000
v -16.80665909 8.60740000 0.00000000
v -16.84357650 8.66265081 0.00000000
v -16.88738976 8.71261024 0.00000000
v -16.93734919 8.75642350 0.00000000
v -16.99260000 8.79334091 0.00000000
v -17.05219682 8.82273080 0.00000000
v -17.11511993 8.84409032 0.00000000
v -17.18029269 8.85705399 0.00000000
v -16.73860000 4.74660000 0.00000000
v -16.73860000 4.74660000 1.60000000
v -16.74294601 4.68029269 1.60000000
v -16.75590968 4.61511993 1.60000000
v -16.77726920 4.55219682 1.60000000
v -16.80665909 4.49260000 1.60000000
v -16.84357650 4.43734919 1.60000000
v -16.88738976 4.38738976 1.60000000
v -16.93734919 4.34357650 1.60000000
v -16.99260000 4.30665909 1.60000000
v -17.05219682 4.27726920 1.60000000
v -17.11511993 4.25590968 1.60000000
v -17.18029269 4.24294601 1.60000000
v -17.24660000 4.23860000 1.60000000
v -17.24660000 4.23860000 0.00000000
v -17.18029269 4.24294601 0.00000000
v -17.11511993 4.25590968 0.00000000
v -17.05219682 4.27726920 0.00000000
v -16.99260000 4.30665909 0.00000000
v -16.93734919 4.34357650 0.00000000
v -16.88738976 4.38738976 0.00000000
v -16.84357650 4.43734919 0.00000000
v -16.80665909 4.49260000 0.00000000
v -16.77726920 4.55219682 0.00000000
v -16.75590968 4.61511993 0.00000000
v -16.74294601 4.68029269 0.00000000
v -20.85340000 4.23860000 0.00000000
v -20.85340000 4.23860000 1.60000000
v -20.91970731 4.24294601 1.60000000
v -20.98488007 4.25590968 1.60000000
v -21.04780318 4.27726920 1.60000000
v -21.10740000 4.30665909 1.60000000
v -21.16265081 4.34357650 1.60000000
v -21.21261024 4.38738976 1.60000000
v -21.25642350 4.43734919 1.60000000
v -21.29334091 4.49260000 1.60000000
v -21.32273080 4.55219682 1.60000000
v -21.34409032 4.61511993 1.60000000
v -21.35705399 4.68029269 1.60000000
v -21.36140000 4.74660000 1.60000000
v -21.36140000 4.74660000 0.00000000
v -21.35705399 4.68029269 0.00000000
v -21.34409032 4.61511993 0.00000000
v -21.32273080 4.55219682 0.00000000
v -21.29334091 4.49260000 0.00000000
v -21.25642350 4.43734919 0.00000000
v -21.21261024 4.38738976 0.00000000
v -21.16265081 4.34357650 0.00000000
v -21.10740000 4.30665909 0.00000000
v -21.04780318 4.27726920 0.00000000
v -20.98488007 4.25590968 0.00000000
v -20.91970731 4.24294601 0.00000000
v -17.24660000 -3.83860000 0.00000000
v -17.24660000 -3.83860000 1.60000000
v -17.18029269 -3.84294601 1.60000000
v -17.11511993 -3.85590968 1.60000000
v -17.05219682 -3.87726920 1.60000000
v -16.99260000 -3.90665909 1.60000000
v -16.93734919 -3.94357650 1.60000000
v -16.88738976 -3.98738976 1.60000000
v -16.84357650 -4.03734919 1.60000000
v -16.80665909 -4.09260000 1.60000000
v -16.77726920 -4.15219682 1.60000000
v -16.75590968 -4.21511993 1.60000000
v -16.74294601 -4.28029269 1.60000000
v -16.73860000 -4.34660000 1.60000000
v -16.73860000 -4.34660000 0.00000000
v -16.74294601 -4.28029269 0.00000000
v -16.75590968 -4.21511993 0.00000000
v -16.77726920 -4.15219682 0.00000000
v -16.80665909 -4.09260000 0.00000000
v -16.84357650 -4.03734919 0.00000000
v -16.88738976 -3.98738976 0.00000000
v -16.93734919 -3.94357650 0.00000000
v -16.99260000 -3.90665909 0.00000000
v -17.05219682 -3.87726920 0.00000000
v -17.11511993 -3.85590968 0.00000000
v -17.18029269 -3.84294601 0.00000000
v -16.73860000 -7.95340000 0.00000000
v -16.73860000 -7.95340000 1.60000000
v -16.74294601 -8.01970731 1.60000000
v -16.75590968 -8.08488007 1.60000000
v -16.77726920 -8.14780318 1.60000000
v -16.80665909 -8.20740000 1.60000000
v -16.84357650 -8.26265081 1.60000000
v -16.88738976 -8.31261024 1.60000000
v -16.93734919 -8.35642350 1.60000000
v -16.99260000 -8.39334091 1.60000000
v -17.05219682 -8.42273080 1.60000000
v -17.11511993 -8.44409032 1.60000000
v -17.18029269 -8.45705399 1.60000000
v -17.24660000 -8.46140000 1.60000000
v -17.24660000 -8.46140000 0.00000000
v -17.18029269 -8.45705399 0.00000000
v -17.11511993 -8.44409032 0.00000000
v -17.05219682 -8.42273080 0.00000000
v -16.99260000 -8.39334091 0.00000000
v -16.93734919 -8.35642350 0.00000000
v -16.88738976 -8.31261024 0.00000000
v -16.84357650 -8.26265081 0.00000000
v -16.80665909 -8.20740000 0.00000000
v -16.77726920 -8.14780318 0.00000000
v -16.75590968 -8.08488007 0.00000000
v -16.74294601 -8.01970731 0.00000000
v -20.85340000 -8.46140000 0.00000000
v -20.85340000 -8.46140000 1.60000000
v -20.91970731 -8.45705399 1.60000000
v -20.98488007 -8.44409032 1.60000000
v -21.04780318 -8.42273080 1.60000000
v -21.10740000 -8.39334091 1.60000000
v -21.16265081 -8.35642350 1.60000000
v -21.21261024 -8.31261024 1.60000000
v -21.25642350 -8.26265081 1.60000000
v -21.29334091 -8.20740000 1.60000000
v -21.32273080 -8.14780318 1.60000000
v -21.34409032 -8.08488007 1.60000000
v -21.35705399 -8.01970731 1.60000000
v -21.36140000 -7.95340000 1.60000000
v -21.36140000 -7.95340000 0.00000000
v -21.35705399 -8.01970731 0.00000000
v -21.34409032 -8.08488007 0.00000000
v -21.32273080 -8.14780318 0.00000000
v -21.29334091 -8.20740000 0.00000000
v -21.25642350 -8.26265081 0.00000000
v -21.21261024 -8.31261024 0.00000000
v -21.16265081 -8.35642350 0.00000000
v -21.10740000 -8.39334091 0.00000000
v -21.04780318 -8.42273080 0.00000000
v -20.98488007 -8.44409032 0.00000000
v -20.91970731 -8.45705399 0.00000000
v -21.36140000 -4.34660000 0.00000000
v -21.36140000 -4.34660000 1.60000000
v -21.35705399 -4.28029269 1.60000000
v -21.34409032 -4.21511993 1.60000000
v -21.32273080 -4.15219682 1.60000000
v -21.29334091 -4.09260000 1.60000000
v -21.25642350 -4.03734919 1.60000000
v -21.21261024 -3.98738976 1.60000000
v -21.16265081 -3.94357650 1.60000000
v -21.10740000 -3.90665909 1.60000000
v -21.04780318 -3.87726920 1.60000000
v -20.98488007 -3.85590968 1.60000000
v -20.91970731 -3.84294601 1.60000000
v -20.85340000 -3.83860000 1.60000000
v -20.85340000 -3.83860000 0.00000000
v -20.91970731 -3.84294601 0.00000000
v -20.98488007 -3.85590968 0.00000000
v -21.04780318 -3.87726920 0.00000000
v -21.10740000 -3.90665909 0.00000000
v -21.16265081 -3.94357650 0.00000000
v -21.21261024 -3.98738976 0.00000000
v -21.25642350 -4.03734919 0.00000000
v -21.29334091 -4.09260000 0.00000000
v -21.32273080 -4.15219682 0.00000000
v -21.34409032 -4.21511993 0.00000000
v -21.35705399 -4.28029269 0.00000000
v -34.06140000 8.35340000 0.00000000
v -34.06140000 8.35340000 1.60000000
v -34.05705399 8.41970731 1.60000000
v -34.04409032 8.48488007 1.60000000
v -34.02273080 8.54780318 1.60000000
v -33.99334091 8.60740000 1.60000000
v -33.95642350 8.66265081 1.60000000
v -33.91261024 8.71261024 1.60000000
v -33.86265081 8.75642350 1.60000000
v -33.80740000 8.79334091 1.60000000
v -33.74780318 8.82273080 1.60000000
v -33.68488007 8.84409032 1.60000000
v -33.61970731 8.85705399 1.60000000
v -33.55340000 8.86140000 1.60000000
v -33.55340000 8.86140000 0.00000000
v -33.61970731 8.85705399 0.00000000
v -33.68488007 8.84409032 0.00000000
v -33.74780318 8.82273080 0.00000000
v -33.80740000 8.79334091 0.00000000
v -33.86265081 8.75642350 0.00000000
v -33.91261024 8.71261024 0.00000000
v -33.95642350 8.66265081 0.00000000
v -33.99334091 8.60740000 0.00000000
v -34.02273080 8.54780318 0.00000000
v -34.04409032 8.48488007 0.00000000
v -34.05705399 8.41970731 0.00000000
v -29.94660000 8.86140000 0.00000000
v -29.94660000 8.86140000 1.60000000
v -29.88029269 8.85705399 1.60000000
v -29.81511993 8.84409032 1.60000000
v -29.75219682 8.82273080 1.60000000
v -29.69260000 8.79334091 1.60000000
v -29.63734919 8.75642350 1.60000000
v -29.58738976 8.71261024 1.60000000
v -29.54357650 8.66265081 1.60000000
v -29.50665909 8.60740000 1.60000000
v -29.47726920 8.54780318 1.60000000
v -29.45590968 8.48488007 1.60000000
v -29.44294601 8.41970731 1.60000000
v -29.43860000 8.35340000 1.60000000
v -29.43860000 8.35340000 0.00000000
v -29.44294601 8.41970731 0.00000000
v -29.45590968 8.48488007 0.00000000
v -29.47726920 8.54780318 0.00000000
v -29.50665909 8.60740000 0.00000000
v -29.54357650 8.66265081 0.00000000
v -29.58738976 8.71261024 0.00000000
v -29.63734919 8.75642350 0.00000000
v -29.69260000 8.79334091 0.00000000
v -29.75219682 8.82273080 0.00000000
v -29.81511993 8.84409032 0.00000000
v -29.88029269 8.85705399 0.00000000
v -29.43860000 4.74660000 0.00000000
v -29.43860000 4.74660000 1.60000000
v -29.44294601 4.68029269 1.60000000
v -29.45590968 4.61511993 1.60000000
v -29.47726920 4.55219682 1.60000000
v -29.50665909 4.49260000 1.60000000
v -29.54357650 4.43734919 1.60000000
v -29.58738976 4.38738976 1.60000000
v -29.63734919 4.34357650 1.60000000
v -29.69260000 4.30665909 1.60000000
v -29.75219682 4.27726920 1.60000000
v -29.81511993 4.25590968 1.60000000
v -29.88029269 4.24294601 1.60000000
v -29.94660000 4.23860000 1.60000000
v -29.94660000 4.23860000 0.00000000
v -29.88029269 4.24294601 0.00000000
v -29.81511993 4.25590968 0.00000000
v -29.75219682 4.27726920 0.00000000
v -29.69260000 4.30665909 0.00000000
v -29.63734919 4.34357650 0.00000000
v -29.58738976 4.38738976 0.00000000
v -29.54357650 4.43734919 0.00000000
v -29.50665909 4.49260000 0.00000000
v -29.47726920 4.55219682 0.00000000
v -29.45590968 4.61511993 0.00000000
v -29.44294601 4.68029269 0.00000000
v -33.55340000 4.23860000 0.00000000
v -33.55340000 4.23860000 1.60000000
v -33.61970731 4.24294601 1.60000000
v -33.68488007 4.25590968 1.60000000
v -33.74780318 4.27726920 1.60000000
v -33.80740000 4.30665909 1.60000000
v -33.86265081 4.34357650 1.60000000
v -33.91261024 4.38738976 1.60000000
v -33.95642350 4.43734919 1.60000000
v -33.99334091 4.49260000 1.60000000
v -34.02273080 4.55219682 1.60000000
v -34.04409032 4.61511993 1.60000000
v -34.05705399 4.68029269 1.60000000
v -34.06140000 4.74660000 1.60000000
v -34.06140000 4.74660000 0.00000000
v -34.05705399 4.68029269 0.00000000
v -34.04409032 4.61511993 0.00000000
v -34.02273080 4.55219682 0.00000000
v -33.99334091 4.49260000 0.00000000
v -33.95642350 4.43734919 0.00000000
v -33.91261024 4.38738976 0.00000000
v -33.86265081 4.34357650 0.00000000
v -33.80740000 4.30665909 0.00000000
v -33.74780318 4.27726920 0.00000000
v -33.68488007 4.25590968 0.00000000
v -33.61970731 4.24294601 0.00000000
v -29.94660000 -3.83860000 0.00000000
v -29.94660000 -3.83860000 1.60000000
v -29.88029269 -3.84294601 1.60000000
v -29.81511993 -3.85590968 1.60000000
v -29.75219682 -3.87726920 1.60000000
v -29.69260000 -3.90665909 1.60000000
v -29.63734919 -3.94357650 1.60000000
v -29.58738976 -3.98738976 1.60000000
v -29.54357650 -4.03734919 1.60000000
v -29.50665909 -4.09260000 1.60000000
v -29.47726920 -4.15219682 1.60000000
v -29.45590968 -4.21511993 1.60000000
v -29.44294601 -4.28029269 1.60000000
v -29.43860000 -4.34660000 1.60000000
v -29.43860000 -4.34660000 0.00000000
v -29.44294601 -4.28029269 0.00000000
v -29.45590968 -4.21511993 0.00000000
v -29.47726920 -4.15219682 0.00000000
v -29.50665909 -4.09260000 0.00000000
v -29.54357650 -4.03734919 0.00000000
v -29.58738976 -3.98738976 0.00000000
v -29.63734919 -3.94357650 0.00000000
v -29.69260000 -3.90665909 0.00000000
v -29.75219682 -3.87726920 0.00000000
v -29.81511993 -3.85590968 0.00000000
v -29.88029269 -3.84294601 0.00000000
v -29.43860000 -7.95340000 0.00000000
v -29.43860000 -7.95340000 1.60000000
v -29.44294601 -8.01970731 1.60000000
v -29.45590968 -8.08488007 1.60000000
v -29.47726920 -8.14780318 1.60000000
v -29.50665909 -8.20740000 1.60000000
v -29.54357650 -8.26265081 1.60000000
v -29.58738976 -8.31261024 1.60000000
v -29.63734919 -8.35642350 1.60000000
v -29.69260000 -8.39334091 1.60000000
v -29.75219682 -8.42273080 1.60000000
v -29.81511993 -8.44409032 1.60000000
v -29.88029269 -8.45705399 1.60000000
v -29.94660000 -8.46140000 1.60000000
v -29.94660000 -8.46140000 0.00000000
v -29.88029269 -8.45705399 0.00000000
v -29.81511993 -8.44409032 0.00000000
v -29.75219682 -8.42273080 0.00000000
v -29.69260000 -8.39334091 0.00000000
v -29.63734919 -8.35642350 0.00000000
v -29.58738976 -8.31261024 0.00000000
v -29.54357650 -8.26265081 0.00000000
v -29.50665909 -8.20740000 0.00000000
v -29.47726920 -8.14780318 0.00000000
v -29.45590968 -8.08488007 0.00000000
v -29.44294601 -8.01970731 0.00000000
v -33.55340000 -8.46140000 0.00000000
v -33.55340000 -8.46140000 1.60000000
v -33.61970731 -8.45705399 1.60000000
v -33.68488007 -8.44409032 1.60000000
v -33.74780318 -8.42273080 1.60000000
v -33.80740000 -8.39334091 1.60000000
v -33.86265081 -8.35642350 1.60000000
v -33.91261024 -8.31261024 1.60000000
v -33.95642350 -8.26265081 1.60000000
v -33.99334091 -8.20740000 1.60000000
v -34.02273080 -8.14780318 1.60000000
v -34.04409032 -8.08488007 1.60000000
v -34.05705399 -8.01970731 1.60000000
v -34.06140000 -7.95340000 1.60000000
v -34.06140000 -7.95340000 0.00000000
v -34.05705399 -8.01970731 0.00000000
v -34.04409032 -8.08488007 0.00000000
v -34.02273080 -8.14780318 0.00000000
v -33.99334091 -8.20740000 0.00000000
v -33.95642350 -8.26265081 0.00000000
v -33.91261024 -8.31261024 0.00000000
v -33.86265081 -8.35642350 0.00000000
v -33.80740000 -8.39334091 0.00000000
v -33.74780318 -8.42273080 0.00000000
v -33.68488007 -8.44409032 0.00000000
v -33.61970731 -8.45705399 0.00000000
v -34.06140000 -4.34660000 0.00000000
v -34.06140000 -4.34660000 1.60000000
v -34.05705399 -4.28029269 1.60000000
v -34.04409032 -4.21511993 1.60000000
v -34.02273080 -4.15219682 1.60000000
v -33.99334091 -4.09260000 1.60000000
v -33.95642350 -4.03734919 1.60000000
v -33.91261024 -3.98738976 1.60000000
v -33.86265081 -3.94357650 1.60000000
v -33.80740000 -3.90665909 1.60000000
v -33.74780318 -3.87726920 1.60000000
v -33.68488007 -3.85590968 1.60000000
v -33.61970731 -3.84294601 1.60000000
v -33.55340000 -3.83860000 1.60000000
v -33.55340000 -3.83860000 0.00000000
v -33.61970731 -3.84294601 0.00000000
v -33.68488007 -3.85590968 0.00000000
v -33.74780318 -3.87726920 0.00000000
v -33.80740000 -3.90665909 0.00000000
v -33.86265081 -3.94357650 0.00000000
v -33.91261024 -3.98738976 0.00000000
v -33.95642350 -4.03734919 0.00000000
v -33.99334091 -4.09260000 0.00000000
v -34.02273080 -4.15219682 0.00000000
v -34.04409032 -4.21511993 0.00000000
v -34.05705399 -4.28029269 0.00000000
v -46.76140000 8.35340000 0.00000000
v -46.76140000 8.35340000 1.60000000
v -46.75705399 8.41970731 1.60000000
v -46.74409032 8.48488007 1.60000000
v -46.72273080 8.54780318 1.60000000
v -46.69334091 8.60740000 1.60000000
v -46.65642350 8.66265081 1.60000000
v -46.61261024 8.71261024 1.60000000
v -46.56265081 8.75642350 1.60000000
v -46.50740000 8.79334091 1.60000000
v -46.44780318 8.82273080 1.60000000
v -46.38488007 8.84409032 1.60000000
v -46.31970731 8.85705399 1.60000000
v -46.25340000 8.86140000 1.60000000
v -46.25340000 8.86140000 0.00000000
v -46.31970731 8.85705399 0.00000000
v -46.38488007 8.84409032 0.00000000
v -46.44780318 8.82273080 0.00000000
v -46.50740000 8.79334091 0.00000000
v -46.56265081 8.75642350 0.00000000
v -46.61261024 8.71261024 0.00000000
v -46.65642350 8.66265081 0.00000000
v -46.69334091 8.60740000 0.00000000
v -46.72273080 8.54780318 0.00000000
v -46.74409032 8.48488007 0.00000000
v -46.75705399 8.41970731 0.00000000
v -42.64660000 8.86140000 0.00000000
v -42.64660000 8.86140000 1.60000000
v -42.58029269 8.85705399 1.60000000
v -42.51511993 8.84409032 1.60000000
v -42.45219682 8.82273080 1.60000000
v -42.39260000 8.79334091 1.60000000
v -42.33734919 8.75642350 1.60000000
v -42.28738976 8.71261024 1.60000000
v -42.24357650 8.66265081 1.60000000
v -42.20665909 8.60740000 1.60000000
v -42.17726920 8.54780318 1.60000000
v -42.15590968 8.48488007 1.60000000
v -42.14294601 8.41970731 1.60000000
v -42.13860000 8.35340000 1.60000000
v -42.13860000 8.35340000 0.00000000
v -42.14294601 8.41970731 0.00000000
v -42.15590968 8.48488007 0.00000000
v -42.17726920 8.54780318 0.00000000
v -42.20665909 8.60740000 0.00000000
v -42.24357650 8.66265081 0.00000000
v -42.28738976 8.71261024 0.00000000
v -42.33734919 8.75642350 0.00000000
v -42.39260000 8.79334091 0.00000000
v -42.45219682 8.82273080 0.00000000
v -42.51511993 8.84409032 0.00000000
v -42.58029269 8.85705399 0.00000000
v -42.13860000 4.74660000 0.00000000
v -42.13860000 4.74660000 1.60000000
v -42.14294601 4.68029269 1.60000000
v -42.15590968 4.61511993 1.60000000
v -42.17726920 4.55219682 1.60000000
v -42.20665909 4.49260000 1.60000000
v -42.24357650 4.43734919 1.60000000
v -42.28738976 4.38738976 1.60000000
v -42.33734919 4.34357650 1.60000000
v -42.39260000 4.30665909 1.60000000
v -42.45219682 4.27726920 1.60000000
v -42.51511993 4.25590968 1.60000000
v -42.58029269 4.24294601 1.60000000
v -42.64660000 4.23860000 1.60000000
v -42.64660000 4.23860000 0.00000000
v -42.58029269 4.24294601 0.00000000
v -42.51511993 4.25590968 0.00000000
v -42.45219682 4.27726920 0.00000000
v -42.39260000 4.30665909 0.00000000
v -42.33734919 4.34357650 0.00000000
v -42.28738976 4.38738976 0.00000000
v -42.24357650 4.43734919 0.00000000
v -42.20665909 4.49260000 0.00000000
v -42.17726920 4.55219682 0.00000000
v -42.15590968 4.61511993 0.00000000
v -42.14294601 4.68029269 0.00000000
v -46.25340000 4.23860000 0.00000000
v -46.25340000 4.23860000 1.60000000
v -46.31970731 4.24294601 1.60000000
v -46.38488007 4.25590968 1.60000000
v -46.44780318 4.27726920 1.60000000
v -46.50740000 4.30665909 1.60000000
v -46.56265081 4.34357650 1.60000000
v -46.61261024 4.38738976 1.60000000
v -46.65642350 4.43734919 1.60000000
v -46.69334091 4.49260000 1.60000000
v -46.72273080 4.55219682 1.60000000
v -46.74409032 4.61511993 1.60000000
v -46.75705399 4.68029269 1.60000000
v -46.76140000 4.74660000 1.60000000
v -46.76140000 4.74660000 0.00000000
v -46.75705399 4.68029269 0.00000000
v -46.74409032 4.61511993 0.00000000
v -46.72273080 4.55219682 0.00000000
v -46.69334091 4.49260000 0.00000000
v -46.65642350 4.43734919 0.00000000
v -46.61261024 4.38738976 0.00000000
v -46.56265081 4.34357650 0.00000000
v -46.50740000 4.30665909 0.00000000
v -46.44780318 4.27726920 0.00000000
v -46.38488007 4.25590968 0.00000000
v -46.31970731 4.24294601 0.00000000
v -42.64660000 -3.83860000 0.00000000
v -42.64660000 -3.83860000 1.60000000
v -42.58029269 -3.84294601 1.60000000
v -42.51511993 -3.85590968 1.60000000
v -42.45219682 -3.87726920 1.60000000
v -42.39260000 -3.90665909 1.60000000
v -42.33734919 -3.94357650 1.60000000
v -42.28738976 -3.98738976 1.60000000
v -42.24357650 -4.03734919 1.60000000
v -42.20665909 -4.09260000 1.60000000
v -42.17726920 -4.15219682 1.60000000
v -42.15590968 -4.21511993 1.60000000
v -42.14294601 -4.28029269 1.60000000
v -42.13860000 -4.34660000 1.60000000
v -42.13860000 -4.34660000 0.00000000
v -42.14294601 -4.28029269 0.00000000
v -42.15590968 -4.21511993 0.00000000
v -42.17726920 -4.15219682 0.00000000
v -42.20665909 -4.09260000 0.00000000
v -42.24357650 -4.03734919 0.00000000
v -42.28738976 -3.98738976 0.00000000
v -42.33734919 -3.94357650 0.00000000
v -42.39260000 -3.90665909 0.00000000
v -42.45219682 -3.87726920 0.00000000
v -42.51511993 -3.85590968 0.00000000
v -42.58029269 -3.84294601 0.00000000
v -42.13860000 -7.95340000 0.00000000
v -42.13860000 -7.95340000 1.60000000
v -42.14294601 -8.01970731 1.60000000
v -42.15590968 -8.08488007 1.60000000
v -42.17726920 -8.14780318 1.60000000
v -42.20665909 -8.20740000 1.60000000
v -42.24357650 -8.26265081 1.60000000
v -42.28738976 -8.31261024 1.60000000
v -42.33734919 -8.35642350 1.60000000
v -42.39260000 -8.39334091 1.60000000
v -42.45219682 -8.42273080 1.60000000
v -42.51511993 -8.44409032 1.60000000
v -42.58029269 -8.45705399 1.60000000
v -42.64660000 -8.46140000 1.60000000
v -42.64660000 -8.46140000 0.00000000
v -42.58029269 -8.45705399 0.00000000
v -42.51511993 -8.44409032 0.00000000
v -42.45219682 -8.42273080 0.00000000
v -42.39260000 -8.39334091 0.00000000
v -42.33734919 -8.35642350 0.00000000
v -42.28738976 -8.31261024 0.00000000
v -42.24357650 -8.26265081 0.00000000
v -42.20665909 -8.20740000 0.00000000
v -42.17726920 -8.14780318 0.00000000
v -42.15590968 -8.08488007 0.00000000
v -42.14294601 -8.01970731 0.00000000
v -46.25340000 -8.46140000 0.00000000
v -46.25340000 -8.46140000 1.60000000
v -46.31970731 -8.45705399 1.60000000
v -46.38488007 -8.44409032 1.60000000
v -46.44780318 -8.42273080 1.60000000
v -46.50740000 -8.39334091 1.60000000
v -46.56265081 -8.35642350 1.60000000
v -46.61261024 -8.31261024 1.60000000
v -46.65642350 -8.26265081 1.60000000
v -46.69334091 -8.20740000 1.60000000
v -46.72273080 -8.14780318 1.60000000
v -46.74409032 -8.08488007 1.60000000
v -46.75705399 -8.01970731 1.60000000
v -46.76140000 -7.95340000 1.60000000
v -46.76140000 -7.95340000 0.00000000
v -46.75705399 -8.01970731 0.00000000
v -46.74409032 -8.08488007 0.00000000
v -46.72273080 -8.14780318 0.00000000
v -46.69334091 -8.20740000 0.00000000
v -46.65642350 -8.26265081 0.00000000
v -46.61261024 -8.31261024 0.00000000
v -46.56265081 -8.35642350 0.00000000
v -46.50740000 -8.39334091 0.00000000
v -46.44780318 -8.42273080 0.00000000
v -46.38488007 -8.44409032 0.00000000
v -46.31970731 -8.45705399 0.00000000
v -46.76140000 -4.34660000 0.00000000
v -46.76140000 -4.34660000 1.60000000
v -46.75705399 -4.28029269 1.60000000
v -46.74409032 -4.21511993 1.60000000
v -46.72273080 -4.15219682 1.60000000
v -46.69334091 -4.09260000 1.60000000
v -46.65642350 -4.03734919 1.60000000
v -46.61261024 -3.98738976 1.60000000
v -46.56265081 -3.94357650 1.60000000
v -46.50740000 -3.90665909 1.60000000
v -46.44780318 -3.87726920 1.60000000
v -46.38488007 -3.85590968 1.60000000
v -46.31970731 -3.84294601 1.60000000
v -46.25340000 -3.83860000 1.60000000
v -46.25340000 -3.83860000 0.00000000
v -46.31970731 -3.84294601 0.00000000
v -46.38488007 -3.85590968 0.00000000
v -46.44780318 -3.87726920 0.00000000
v -46.50740000 -3.90665909 0.00000000
v -46.56265081 -3.94357650 0.00000000
v -46.61261024 -3.98738976 0.00000000
v -46.65642350 -4.03734919 0.00000000
v -46.69334091 -4.09260000 0.00000000
v -46.72273080 -4.15219682 0.00000000
v -46.74409032 -4.21511993 0.00000000
v -46.75705399 -4.28029269 0.00000000
v -59.46140000 8.35340000 0.00000000
v -59.46140000 8.35340000 1.60000000
v -59.45705399 8.41970731 1.60000000
v -59.44409032 8.48488007 1.60000000
v -59.42273080 8.54780318 1.60000000
v -59.39334091 8.60740000 1.60000000
v -59.35642350 8.66265081 1.60000000
v -59.31261024 8.71261024 1.60000000
v -59.26265081 8.75642350 1.60000000
v -59.20740000 8.79334091 1.60000000
v -59.14780318 8.82273080 1.60000000
v -59.08488007 8.84409032 1.60000000
v -59.01970731 8.85705399 1.60000000
v -58.95340000 8.86140000 1.60000000
v -58.95340000 8.86140000 0.00000000
v -59.01970731 8.85705399 0.00000000
v -59.08488007 8.84409032 0.00000000
v -59.14780318 8.82273080 0.00000000
v -59.20740000 8.79334091 0.00000000
v -59.26265081 8.75642350 0.00000000
v -59.31261024 8.71261024 0.00000000
v -59.35642350 8.66265081 0.00000000
v -59.39334091 8.60740000 0.00000000
v -59.42273080 8.54780318 0.00000000
v -59.44409032 8.48488007 0.00000000
v -59.45705399 8.41970731 0.00000000
v -55.34660000 8.86140000 0.00000000
v -55.34660000 8.86140000 1.60000000
v -55.28029269 8.85705399 1.60000000
v -55.21511993 8.84409032 1.60000000
v -55.15219682 8.82273080 1.60000000
v -55.09260000 8.79334091 1.60000000
v -55.03734919 8.75642350 1.60000000
v -54.98738976 8.71261024 1.60000000
v -54.94357650 8.66265081 1.60000000
v -54.90665909 8.60740000 1.60000000
v -54.87726920 8.54780318 1.60000000
v -54.85590968 8.48488007 1.60000000
v -54.84294601 8.41970731 1.60000000
v -54.83860000 8.35340000 1.60000000
v -54.83860000 8.35340000 0.00000000
v -54.84294601 8.41970731 0.00000000
v -54.85590968 8.48488007 0.00000000
v -54.87726920 8.54780318 0.00000000
v -54.90665909 8.60740000 0.00000000
v -54.94357650 8.66265081 0.00000000
v -54.98738976 8.71261024 0.00000000
v -55.03734919 8.75642350 0.00000000
v -55.09260000 8.79334091 0.00000000
v -55.15219682 8.82273080 0.00000000
v -55.21511993 8.84409032 0.00000000
v -55.28029269 8.85705399 0.00000000
v -54.83860000 4.74660000 0.00000000
v -54.83860000 4.74660000 1.60000000
v -54.84294601 4.68029269 1.60000000
v -54.85590968 4.61511993 1.60000000
v -54.87726920 4.55219682 1.60000000
v -54.90665909 4.49260000 1.60000000
v -54.94357650 4.43734919 1.60000000
v -54.98738976 4.38738976 1.60000000
v -55.03734919 4.34357650 1.60000000
v -55.09260000 4.30665909 1.60000000
v -55.15219682 4.27726920 1.60000000
v -55.21511993 4.25590968 1.60000000
v -55.28029269 4.24294601 1.60000000
v -55.34660000 4.23860000 1.60000000
v -55.34660000 4.23860000 0.00000000
v -55.28029269 4.24294601 0.00000000
v -55.21511993 4.25590968 0.00000000
v -55.15219682 4.27726920 0.00000000
v -55.09260000 4.30665909 0.00000000
v -55.03734919 4.34357650 0.00000000
v -54.98738976 4.38738976 0.00000000
v -54.94357650 4.43734919 0.00000000
v -54.90665909 4.49260000 0.00000000
v -54.87726920 4.55219682 0.00000000
v -54.85590968 4.61511993 0.00000000
v -54.84294601 4.68029269 0.00000000
v -58.95340000 4.23860000 0.00000000
v -58.95340000 4.23860000 1.60000000
v -59.01970731 4.24294601 1.60000000
v -59.08488007 4.25590968 1.60000000
v -59.14780318 4.27726920 1.60000000
v -59.20740000 4.30665909 1.60000000
v -59.26265081 4.34357650 1.60000000
v -59.31261024 4.38738976 1.60000000
v -59.35642350 4.43734919 1.60000000
v -59.39334091 4.49260000 1.60000000
v -59.42273080 4.55219682 1.60000000
v -59.44409032 4.61511993 1.60000000
v -59.45705399 4.68029269 1.60000000
v -59.46140000 4.74660000 1.60000000
v -59.46140000 4.74660000 0.00000000
v -59.45705399 4.68029269 0.00000000
v -59.44409032 4.61511993 0.00000000
v -59.42273080 4.55219682 0.00000000
v -59.39334091 4.49260000 0.00000000
v -59.35642350 4.43734919 0.00000000
v -59.31261024 4.38738976 0.00000000
v -59.26265081 4.34357650 0.00000000
v -59.20740000 4.30665909 0.00000000
v -59.14780318 4.27726920 0.00000000
v -59.08488007 4.25590968 0.00000000
v -59.01970731 4.24294601 0.00000000
v -55.34660000 -3.83860000 0.00000000
v -55.34660000 -3.83860000 1.60000000
v -55.28029269 -3.84294601 1.60000000
v -55.21511993 -3.85590968 1.60000000
v -55.15219682 -3.87726920 1.60000000
v -55.09260000 -3.90665909 1.60000000
v -55.03734919 -3.94357650 1.60000000
v -54.98738976 -3.98738976 1.60000000
v -54.94357650 -4.03734919 1.60000000
v -54.90665909 -4.09260000 1.60000000
v -54.87726920 -4.15219682 1.60000000
v -54.85590968 -4.21511993 1.60000000
v -54.84294601 -4.28029269 1.60000000
v -54.83860000 -4.34660000 1.60000000
v -54.83860000 -4.34660000 0.00000000
v -54.84294601 -4.28029269 0.00000000
v -54.85590968 -4.21511993 0.00000000
v -54.87726920 -4.15219682 0.00000000
v -54.90665909 -4.09260000 0.00000000
v -54.94357650 -4.03734919 0.00000000
v -54.98738976 -3.98738976 0.00000000
v -55.03734919 -3.94357650 0.00000000
v -55.09260000 -3.90665909 0.00000000
v -55.15219682 -3.87726920 0.00000000
v -55.21511993 -3.85590968 0.00000000
v -55.28029269 -3.84294601 0.00000000
v -54.83860000 -7.95340000 0.00000000
v -54.83860000 -7.95340000 1.60000000
v -54.84294601 -8.01970731 1.60000000
v -54.85590968 -8.08488007 1.60000000
v -54.87726920 -8.14780318 1.60000000
v -54.90665909 -8.20740000 1.60000000
v -54.94357650 -8.26265081 1.60000000
v -54.98738976 -8.31261024 1.60000000
v -55.03734919 -8.35642350 1.60000000
v -55.09260000 -8.39334091 1.60000000
v -55.15219682 -8.42273080 1.60000000
v -55.21511993 -8.44409032 1.60000000
v -55.28029269 -8.45705399 1.60000000
v -55.34660000 -8.46140000 1.60000000
v -55.34660000 -8.46140000 0.00000000
v -55.28029269 -8.45705399 0.00000000
v -55.21511993 -8.44409032 0.00000000
v -55.15219682 -8.42273080 0.00000000
v -55.09260000 -8.39334091 0.00000000
v -55.03734919 -8.35642350 0.00000000
v -54.98738976 -8.31261024 0.00000000
v -54.94357650 -8.26265081 0.00000000
v -54.90665909 -8.20740000 0.00000000
v -54.87726920 -8.14780318 0.00000000
v -54.85590968 -8.08488007 0.00000000
v -54.84294601 -8.01970731 0.00000000
v -58.95340000 -8.46140000 0.00000000
v -58.95340000 -8.46140000 1.60000000
v -59.01970731 -8.45705399 1.60000000
v -59.08488007 -8.44409032 1.60000000
v -59.14780318 -8.42273080 1.60000000
v -59.20740000 -8.39334091 1.60000000
v -59.26265081 -8.35642350 1.60000000
v -59.31261024 -8.31261024 1.60000000
v -59.35642350 -8.26265081 1.60000000
v -59.39334091 -8.20740000 1.60000000
v -59.42273080 -8.14780318 1.60000000
v -59.44409032 -8.08488007 1.60000000
v -59.45705399 -8.01970731 1.60000000
v -59.46140000 -7.95340000 1.60000000
v -59.46140000 -7.95340000 0.00000000
v -59.45705399 -8.01970731 0.00000000
v -59.44409032 -8.08488007 0.00000000
v -59.42273080 -8.14780318 0.00000000
v -59.39334091 -8.20740000 0.00000000
v -59.35642350 -8.26265081 0.00000000
v -59.31261024 -8.31261024 0.00000000
v -59.26265081 -8.35642350 0.00000000
v -59.20740000 -8.39334091 0.00000000
v -59.14780318 -8.42273080 0.00000000
v -59.08488007 -8.44409032 0.00000000
v -59.01970731 -8.45705399 0.00000000
v -59.46140000 -4.34660000 0.00000000
v -59.46140000 -4.34660000 1.60000000
v -59.45705399 -4.28029269 1.60000000
v -59.44409032 -4.21511993 1.60000000
v -59.42273080 -4.15219682 1.60000000
v -59.39334091 -4.09260000 1.60000000
v -59.35642350 -4.03734919 1.60000000
v -59.31261024 -3.98738976 1.60000000
v -59.26265081 -3.94357650 1.60000000
v -59.20740000 -3.90665909 1.60000000
v -59.14780318 -3.87726920 1.60000000
v -59.08488007 -3.85590968 1.60000000
v -59.01970731 -3.84294601 1.60000000
v -58.95340000 -3.83860000 1.60000000
v -58.95340000 -3.83860000 0.00000000
v -59.01970731 -3.84294601 0.00000000
v -59.08488007 -3.85590968 0.00000000
v -59.14780318 -3.87726920 0.00000000
v -59.20740000 -3.90665909 0.00000000
v -59.26265081 -3.94357650 0.00000000
v -59.31261024 -3.98738976 0.00000000
v -59.35642350 -4.03734919 0.00000000
v -59.39334091 -4.09260000 0.00000000
v -59.42273080 -4.15219682 0.00000000
v -59.44409032 -4.21511993 0.00000000
v -59.45705399 -4.28029269 0.00000000
v -72.16140000 8.35340000 0.00000000
v -72.16140000 8.35340000 1.60000000
v -72.15705399 8.41970731 1.60000000
v -72.14409032 8.48488007 1.60000000
v -72.12273080 8.54780318 1.60000000
v -72.09334091 8.60740000 1.60000000
v -72.05642350 8.66265081 1.60000000
v -72.01261024 8.71261024 1.60000000
v -71.96265081 8.75642350 1.60000000
v -71.90740000 8.79334091 1.60000000
v -71.84780318 8.82273080 1.60000000
v -71.78488007 8.84409032 1.60000000
v -71.71970731 8.85705399 1.60000000
v -71.65340000 8.86140000 1.60000000
v -71.65340000 8.86140000 0.00000000
v -71.71970731 8.85705399 0.00000000
v -71.78488007 8.84409032 0.00000000
v -71.84780318 8.82273080 0.00000000
v -71.90740000 8.79334091 0.00000000
v -71.96265081 8.75642350 0.00000000
v -72.01261024 8.71261024 0.00000000
v -72.05642350 8.66265081 0.00000000
v -72.09334091 8.60740000 0.00000000
v -72.12273080 8.54780318 0.00000000
v -72.14409032 8.48488007 0.00000000
v -72.15705399 8.41970731 0.00000000
v -68.04660000 8.86140000 0.00000000
v -68.04660000 8.86140000 1.60000000
v -67.98029269 8.85705399 1.60000000
v -67.91511993 8.84409032 1.60000000
v -67.85219682 8.82273080 1.60000000
v -67.79260000 8.79334091 1.60000000
v -67.73734919 8.75642350 1.60000000
v -67.68738976 8.71261024 1.60000000
v -67.64357650 8.66265081 1.60000000
v -67.60665909 8.60740000 1.60000000
v -67.57726920 8.54780318 1.60000000
v -67.55590968 8.48488007 1.60000000
v -67.54294601 8.41970731 1.60000000
v -67.53860000 8.35340000 1.60000000
v -67.53860000 8.35340000 0.00000000
v -67.54294601 8.41970731 0.00000000
v -67.55590968 8.48488007 0.00000000
v -67.57726920 8.54780318 0.00000000
v -67.60665909 8.60740000 0.00000000
v -67.64357650 8.66265081 0.00000000
v -67.68738976 8.71261024 0.00000000
v -67.73734919 8.75642350 0.00000000
v -67.79260000 8.79334091 0.00000000
v -67.85219682 8.82273080 0.00000000
v -67.91511993 8.84409032 0.00000000
v -67.98029269 8.85705399 0.00000000
v -67.53860000 4.74660000 0.00000000
v -67.53860000 4.74660000 1.60000000
v -67.54294601 4.68029269 1.60000000
v -67.55590968 4.61511993 1.60000000
v -67.57726920 4.55219682 1.60000000
v -67.60665909 4.49260000 1.60000000
v -67.64357650 4.43734919 1.60000000
v -67.68738976 4.38738976 1.60000000
v -67.73734919 4.34357650 1.60000000
v -67.79260000 4.30665909 1.60000000
v -67.85219682 4.27726920 1.60000000
v -67.91511993 4.25590968 1.60000000
v -67.98029269 4.24294601 1.60000000
v -68.04660000 4.23860000 1.60000000
v -68.04660000 4.23860000 0.00000000
v -67.98029269 4.24294601 0.00000000
v -67.91511993 4.25590968 0.00000000
v -67.85219682 4.27726920 0.00000000
v -67.79260000 4.30665909 0.00000000
v -67.73734919 4.34357650 0.00000000
v -67.68738976 4.38738976 0.00000000
v -67.64357650 4.43734919 0.00000000
v -67.60665909 4.49260000 0.00000000
v -67.57726920 4.55219682 0.00000000
v -67.55590968 4.61511993 0.00000000
v -67.54294601 4.68029269 0.00000000
v -71.65340000 4.23860000 0.00000000
v -71.65340000 4.23860000 1.60000000
v -71.71970731 4.24294601 1.60000000
v -71.78488007 4.25590968 1.60000000
v -71.84780318 4.27726920 1.60000000
v -71.90740000 4.30665909 1.60000000
v -71.96265081 4.34357650 1.60000000
v -72.01261024 4.38738976 1.60000000
v -72.05642350 4.43734919 1.60000000
v -72.09334091 4.49260000 1.60000000
v -72.12273080 4.55219682 1.60000000
v -72.14409032 4.61511993 1.60000000
v -72.15705399 4.68029269 1.60000000
v -72.16140000 4.74660000 1.60000000
v -72.16140000 4.74660000 0.00000000
v -72.15705399 4.68029269 0.00000000
v -72.14409032 4.61511993 0.00000000
v -72.12273080 4.55219682 0.00000000
v -72.09334091 4.49260000 0.00000000
v -72.05642350 4.43734919 0.00000000
v -72.01261024 4.38738976 0.00000000
v -71.96265081 4.34357650 0.00000000
v -71.90740000 4.30665909 0.00000000
v -71.84780318 4.27726920 0.00000000
v -71.78488007 4.25590968 0.00000000
v -71.71970731 4.24294601 0.00000000
v -68.04660000 -3.83860000 0.00000000
v -68.04660000 -3.83860000 1.60000000
v -67.98029269 -3.84294601 1.60000000
v -67.91511993 -3.85590968 1.60000000
v -67.85219682 -3.87726920 1.60000000
v -67.79260000 -3.90665909 1.60000000
v -67.73734919 -3.94357650 1.60000000
v -67.68738976 -3.98738976 1.60000000
v -67.64357650 -4.03734919 1.60000000
v -67.60665909 -4.09260000 1.60000000
v -67.57726920 -4.15219682 1.60000000
v -67.55590968 -4.21511993 1.60000000
v -67.54294601 -4.28029269 1.60000000
v -67.53860000 -4.34660000 1.60000000
v -67.53860000 -4.34660000 0.00000000
v -67.54294601 -4.28029269 0.00000000
v -67.55590968 -4.21511993 0.00000000
v -67.57726920 -4.15219682 0.00000000
v -67.60665909 -4.09260000 0.00000000
v -67.64357650 -4.03734919 0.00000000
v -67.68738976 -3.98738976 0.00000000
v -67.73734919 -3.94357650 0.00000000
v -67.79260000 -3.90665909 0.00000000
v -67.85219682 -3.87726920 0.00000000
v -67.91511993 -3.85590968 0.00000000
v -67.98029269 -3.84294601 0.00000000
v -67.53860000 -7.95340000 0.00000000
v -67.53860000 -7.95340000 1.60000000
v -67.54294601 -8.01970731 1.60000000
v -67.55590968 -8.08488007 1.60000000
v -67.57726920 -8.14780318 1.60000000
v -67.60665909 -8.20740000 1.60000000
v -67.64357650 -8.26265081 1.60000000
v -67.68738976 -8.31261024 1.60000000
v -67.73734919 -8.35642350 1.60000000
v -67.79260000 -8.39334091 1.60000000
v -67.85219682 -8.42273080 1.60000000
v -67.91511993 -8.44409032 1.60000000
v -67.98029269 -8.45705399 1.60000000
v -68.04660000 -8.46140000 1.60000000
v -68.04660000 -8.46140000 0.00000000
v -67.98029269 -8.45705399 0.00000000
v -67.91511993 -8.44409032 0.00000000
v -67.85219682 -8.42273080 0.00000000
v -67.79260000 -8.39334091 0.00000000
v -67.73734919 -8.35642350 0.00000000
v -67.68738976 -8.31261024 0.00000000
v -67.64357650 -8.26265081 0.00000000
v -67.60665909 -8.20740000 0.00000000
v -67.57726920 -8.14780318 0.00000000
v -67.55590968 -8.08488007 0.00000000
v -67.54294601 -8.01970731 0.00000000
v -71.65340000 -8.46140000 0.00000000
v -71.65340000 -8.46140000 1.60000000
v -71.71970731 -8.45705399 1.60000000
v -71.78488007 -8.44409032 1.60000000
v -71.84780318 -8.42273080 1.60000000
v -71.90740000 -8.39334091 1.60000000
v -71.96265081 -8.35642350 1.60000000
v -72.01261024 -8.31261024 1.60000000
v -72.05642350 -8.26265081 1.60000000
v -72.09334091 -8.20740000 1.60000000
v -72.12273080 -8.14780318 1.60000000
v -72.14409032 -8.08488007 1.60000000
v -72.15705399 -8.01970731 1.60000000
v -72.16140000 -7.95340000 1.60000000
v -72.16140000 -7.95340000 0.00000000
v -72.15705399 -8.01970731 0.00000000
v -72.14409032 -8.08488007 0.00000000
v -72.12273080 -8.14780318 0.00000000
v -72.09334091 -8.20740000 0.00000000
v -72.05642350 -8.26265081 0.00000000
v -72.01261024 -8.31261024 0.00000000
v -71.96265081 -8.35642350 0.00000000
v -71.90740000 -8.39334091 0.00000000
v -71.84780318 -8.42273080 0.00000000
v -71.78488007 -8.44409032 0.00000000
v -71.71970731 -8.45705399 0.00000000
v -72.16140000 -4.34660000 0.00000000
v -72.16140000 -4.34660000 1.60000000
v -72.15705399 -4.28029269 1.60000000
v -72.14409032 -4.21511993 1.60000000
v -72.12273080 -4.15219682 1.60000000
v -72.09334091 -4.09260000 1.60000000
v -72.05642350 -4.03734919 1.60000000
v -72.01261024 -3.98738976 1.60000000
v -71.96265081 -3.94357650 1.60000000
v -71.90740000 -3.90665909 1.60000000
v -71.84780318 -3.87726920 1.60000000
v -71.78488007 -3.85590968 1.60000000
v -71.71970731 -3.84294601 1.60000000
v -71.65340000 -3.83860000 1.60000000
v -71.65340000 -3.83860000 0.00000000
v -71.71970731 -3.84294601 0.00000000
v -71.78488007 -3.85590968 0.00000000
v -71.84780318 -3.87726920 0.00000000
v -71.90740000 -3.90665909 0.00000000
v -71.96265081 -3.94357650 0.00000000
v -72.01261024 -3.98738976 0.00000000
v -72.05642350 -4.03734919 0.00000000
v -72.09334091 -4.09260000 0.00000000
v -72.12273080 -4.15219682 0.00000000
v -72.14409032 -4.21511993 0.00000000
v -72.15705399 -4.28029269 0.00000000
v -84.86140000 8.35340000 0.00000000
v -84.86140000 8.35340000 1.60000000
v -84.85705399 8.41970731 1.60000000
v -84.84409032 8.48488007 1.60000000
v -84.82273080 8.54780318 1.60000000
v -84.79334091 8.60740000 1.60000000
v -84.75642350 8.66265081 1.60000000
v -84.71261024 8.71261024 1.60000000
v -84.66265081 8.75642350 1.60000000
v -84.60740000 8.79334091 1.60000000
v -84.54780318 8.82273080 1.60000000
v -84.48488007 8.84409032 1.60000000
v -84.41970731 8.85705399 1.60000000
v -84.35340000 8.86140000 1.60000000
v -84.35340000 8.86140000 0.00000000
v -84.41970731 8.85705399 0.00000000
v -84.48488007 8.84409032 0.00000000
v -84.54780318 8.82273080 0.00000000
v -84.60740000 8.79334091 0.00000000
v -84.66265081 8.75642350 0.00000000
v -84.71261024 8.71261024 0.00000000
v -84.75642350 8.66265081 0.00000000
v -84.79334091 8.60740000 0.00000000
v -84.82273080 8.54780318 0.00000000
v -84.84409032 8.48488007 0.00000000
v -84.85705399 8.41970731 0.00000000
v -80.74660000 8.86140000 0.00000000
v -80.74660000 8.86140000 1.60000000
v -80.68029269 8.85705399 1.60000000
v -80.61511993 8.84409032 1.60000000
v -80.55219682 8.82273080 1.60000000
v -80.49260000 8.79334091 1.60000000
v -80.43734919 8.75642350 1.60000000
v -80.38738976 8.71261024 1.60000000
v -80.34357650 8.66265081 1.60000000
v -80.30665909 8.60740000 1.60000000
v -80.27726920 8.54780318 1.60000000
v -80.25590968 8.48488007 1.60000000
v -80.24294601 8.41970731 1.60000000
v -80.23860000 8.35340000 1.60000000
v -80.23860000 8.35340000 0.00000000
v -80.24294601 8.41970731 0.00000000
v -80.25590968 8.48488007 0.00000000
v -80.27726920 8.54780318 0.00000000
v -80.30665909 8.60740000 0.00000000
v -80.34357650 8.66265081 0.00000000
v -80.38738976 8.71261024 0.00000000
v -80.43734919 8.75642350 0.00000000
v -80.49260000 8.79334091 0.00000000
v -80.55219682 8.82273080 0.00000000
v -80.61511993 8.84409032 0.00000000
v -80.68029269 8.85705399 0.00000000
v -80.23860000 4.74660000 0.00000000
v -80.23860000 4.74660000 1.60000000
v -80.24294601 4.68029269 1.60000000
v -80.25590968 4.61511993 1.60000000
v -80.27726920 4.55219682 1.60000000
v -80.30665909 4.49260000 1.60000000
v -80.34357650 4.43734919 1.60000000
v -80.38738976 4.38738976 1.60000000
v -80.43734919 4.34357650 1.60000000
v -80.49260000 4.30665909 1.60000000
v -80.55219682 4.27726920 1.60000000
v -80.61511993 4.25590968 1.60000000
v -80.68029269 4.24294601 1.60000000
v -80.74660000 4.23860000 1.60000000
v -80.74660000 4.23860000 0.00000000
v -80.68029269 4.24294601 0.00000000
v -80.61511993 4.25590968 0.00000000
v -80.55219682 4.27726920 0.00000000
v -80.49260000 4.30665909 0.00000000
v -80.43734919 4.34357650 0.00000000
v -80.38738976 4.38738976 0.00000000
v -80.34357650 4.43734919 0.00000000
v -80.30665909 4.49260000 0.00000000
v -80.27726920 4.55219682 0.00000000
v -80.25590968 4.61511993 0.00000000
v -80.24294601 4.68029269 0.00000000
v -84.35340000 4.23860000 0.00000000
v -84.35340000 4.23860000 1.60000000
v -84.41970731 4.24294601 1.60000000
v -84.48488007 4.25590968 1.60000000
v -84.54780318 4.27726920 1.60000000
v -84.60740000 4.30665909 1.60000000
v -84.66265081 4.34357650 1.60000000
v -84.71261024 4.38738976 1.60000000
v -84.75642350 4.43734919 1.60000000
v -84.79334091 4.49260000 1.60000000
v -84.82273080 4.55219682 1.60000000
v -84.84409032 4.61511993 1.60000000
v -84.85705399 4.68029269 1.60000000
v -84.86140000 4.74660000 1.60000000
v -84.86140000 4.74660000 0.00000000
v -84.85705399 4.68029269 0.00000000
v -84.84409032 4.61511993 0.00000000
v -84.82273080 4.55219682 0.00000000
v -84.79334091 4.49260000 0.00000000
v -84.75642350 4.43734919 0.00000000
v -84.71261024 4.38738976 0.00000000
v -84.66265081 4.34357650 0.00000000
v -84.60740000 4.30665909 0.00000000
v -84.54780318 4.27726920 0.00000000
v -84.48488007 4.25590968 0.00000000
v -84.41970731 4.24294601 0.00000000
v -80.74660000 -3.83860000 0.00000000
v -80.74660000 -3.83860000 1.60000000
v -80.68029269 -3.84294601 1.60000000
v -80.61511993 -3.85590968 1.60000000
v -80.55219682 -3.87726920 1.60000000
v -80.49260000 -3.90665909 1.60000000
v -80.43734919 -3.94357650 1.60000000
v -80.38738976 -3.98738976 1.60000000
v -80.34357650 -4.03734919 1.60000000
v -80.30665909 -4.09260000 1.60000000
v -80.27726920 -4.15219682 1.60000000
v -80.25590968 -4.21511993 1.60000000
v -80.24294601 -4.28029269 1.60000000
v -80.23860000 -4.34660000 1.60000000
v -80.23860000 -4.34660000 0.00000000
v -80.24294601 -4.28029269 0.00000000
v -80.25590968 -4.21511993 0.00000000
v -80.27726920 -4.15219682 0.00000000
v -80.30665909 -4.09260000 0.00000000
v -80.34357650 -4.03734919 0.00000000
v -80.38738976 -3.98738976 0.00000000
v -80.43734919 -3.94357650 0.00000000
v -80.49260000 -3.90665909 0.00000000
v -80.55219682 -3.87726920 0.00000000
v -80.61511993 -3.85590968 0.00000000
v -80.68029269 -3.84294601 0.00000000
v -80.23860000 -7.95340000 0.00000000
v -80.23860000 -7.95340000 1.60000000
v -80.24294601 -8.01970731 1.60000000
v -80.25590968 -8.08488007 1.60000000
v -80.27726920 -8.14780318 1.60000000
v -80.30665909 -8.20740000 1.60000000
v -80.34357650 -8.26265081 1.60000000
v -80.38738976 -8.31261024 1.60000000
v -80.43734919 -8.35642350 1.60000000
v -80.49260000 -8.39334091 1.60000000
v -80.55219682 -8.42273080 1.60000000
v -80.61511993 -8.44409032 1.60000000
v -80.68029269 -8.45705399 1.60000000
v -80.74660000 -8.46140000 1.60000000
v -80.74660000 -8.46140000 0.00000000
v -80.68029269 -8.45705399 0.00000000
v -80.61511993 -8.44409032 0.00000000
v -80.55219682 -8.42273080 0.00000000
v -80.49260000 -8.39334091 0.00000000
v -80.43734919 -8.35642350 0.00000000
v -80.38738976 -8.31261024 0.00000000
v -80.34357650 -8.26265081 0.00000000
v -80.30665909 -8.20740000 0.00000000
v -80.27726920 -8.14780318 0.00000000
v -80.25590968 -8.08488007 0.00000000
v -80.24294601 -8.01970731 0.00000000
v -84.35340000 -8.46140000 0.00000000
v -84.35340000 -8.46140000 1.60000000
v -84.41970731 -8.45705399 1.60000000
v -84.48488007 -8.44409032 1.60000000
v -84.54780318 -8.42273080 1.60000000
v -84.60740000 -8.39334091 1.60000000
v -84.66265081 -8.35642350 1.60000000
v -84.71261024 -8.31261024 1.60000000
v -84.75642350 -8.26265081 1.60000000
v -84.79334091 -8.20740000 1.60000000
v -84.82273080 -8.14780318 1.60000000
v -84.84409032 -8.08488007 1.60000000
v -84.85705399 -8.01970731 1.60000000
v -84.86140000 -7.95340000 1.60000000
v -84.86140000 -7.95340000 0.00000000
v -84.85705399 -8.01970731 0.00000000
v -84.84409032 -8.08488007 0.00000000
v -84.82273080 -8.14780318 0.00000000
v -84.79334091 -8.20740000 0.00000000
v -84.75642350 -8.26265081 0.00000000
v -84.71261024 -8.31261024 0.00000000
v -84.66265081 -8.35642350 0.00000000
v -84.60740000 -8.39334091 0.00000000
v -84.54780318 -8.42273080 0.00000000
v -84.48488007 -8.44409032 0.00000000
v -84.41970731 -8.45705399 0.00000000
v -84.86140000 -4.34660000 0.00000000
v -84.86140000 -4.34660000 1.60000000
v -84.85705399 -4.28029269 1.60000000
v -84.84409032 -4.21511993 1.60000000
v -84.82273080 -4.15219682 1.60000000
v -84.79334091 -4.09260000 1.60000000
v -84.75642350 -4.03734919 1.60000000
v -84.71261024 -3.98738976 1.60000000
v -84.66265081 -3.94357650 1.60000000
v -84.60740000 -3.90665909 1.60000000
v -84.54780318 -3.87726920 1.60000000
v -84.48488007 -3.85590968 1.60000000
v -84.41970731 -3.84294601 1.60000000
v -84.35340000 -3.83860000 1.60000000
v -84.35340000 -3.83860000 0.00000000
v -84.41970731 -3.84294601 0.00000000
v -84.48488007 -3.85590968 0.00000000
v -84.54780318 -3.87726920 0.00000000
v -84.60740000 -3.90665909 0.00000000
v -84.66265081 -3.94357650 0.00000000
v -84.71261024 -3.98738976 0.00000000
v -84.75642350 -4.03734919 0.00000000
v -84.79334091 -4.09260000 0.00000000
v -84.82273080 -4.15219682 0.00000000
v -84.84409032 -4.21511993 0.00000000
v -84.85705399 -4.28029269 0.00000000
v -97.56140000 8.35340000 0.00000000
v -97.56140000 8.35340000 1.60000000
v -97.55705399 8.41970731 1.60000000
v -97.54409032 8.48488007 1.60000000
v -97.52273080 8.54780318 1.60000000
v -97.49334091 8.60740000 1.60000000
v -97.45642350 8.66265081 1.60000000
v -97.41261024 8.71261024 1.60000000
v -97.36265081 8.75642350 1.60000000
v -97.30740000 8.79334091 1.60000000
v -97.24780318 8.82273080 1.60000000
v -97.18488007 8.84409032 1.60000000
v -97.11970731 8.85705399 1.60000000
v -97.05340000 8.86140000 1.60000000
v -97.05340000 8.86140000 0.00000000
v -97.11970731 8.85705399 0.00000000
v -97.18488007 8.84409032 0.00000000
v -97.24780318 8.82273080 0.00000000
v -97.30740000 8.79334091 0.00000000
v -97.36265081 8.75642350 0.00000000
v -97.41261024 8.71261024 0.00000000
v -97.45642350 8.66265081 0.00000000
v -97.49334091 8.60740000 0.00000000
v -97.52273080 8.54780318 0.00000000
v -97.54409032 8.48488007 0.00000000
v -97.55705399 8.41970731 0.00000000
v -93.44660000 8.86140000 0.00000000
v -93.44660000 8.86140000 1.60000000
v -93.38029269 8.85705399 1.60000000
v -93.31511993 8.84409032 1.60000000
v -93.25219682 8.82273080 1.60000000
v -93.19260000 8.79334091 1.60000000
v -93.13734919 8.75642350 1.60000000
v -93.08738976 8.71261024 1.60000000
v -93.04357650 8.66265081 1.60000000
v -93.00665909 8.60740000 1.60000000
v -92.97726920 8.54780318 1.60000000
v -92.95590968 8.48488007 1.60000000
v -92.94294601 8.41970731 1.60000000
v -92.93860000 8.35340000 1.60000000
v -92.93860000 8.35340000 0.00000000
v -92.94294601 8.41970731 0.00000000
v -92.95590968 8.48488007 0.00000000
v -92.97726920 8.54780318 0.00000000
v -93.00665909 8.60740000 0.00000000
v -93.04357650 8.66265081 0.00000000
v -93.08738976 8.71261024 0.00000000
v -93.13734919 8.75642350 0.00000000
v -93.19260000 8.79334091 0.00000000
v -93.25219682 8.82273080 0.00000000
v -93.31511993 8.84409032 0.00000000
v -93.38029269 8.85705399 0.00000000
v -92.93860000 4.74660000 0.00000000
v -92.93860000 4.74660000 1.60000000
v -92.94294601 4.68029269 1.60000000
v -92.95590968 4.61511993 1.60000000
v -92.97726920 4.55219682 1.60000000
v -93.00665909 4.49260000 1.60000000
v -93.04357650 4.43734919 1.60000000
v -93.08738976 4.38738976 1.60000000
v -93.13734919 4.34357650 1.60000000
v -93.19260000 4.30665909 1.60000000
v -93.25219682 4.27726920 1.60000000
v -93.31511993 4.25590968 1.60000000
v -93.38029269 4.24294601 1.60000000
v -93.44660000 4.23860000 1.60000000
v -93.44660000 4.23860000 0.00000000
v -93.38029269 4.24294601 0.00000000
v -93.31511993 4.25590968 0.00000000
v -93.25219682 4.27726920 0.00000000
v -93.19260000 4.30665909 0.00000000
v -93.13734919 4.34357650 0.00000000
v -93.08738976 4.38738976 0.00000000
v -93.04357650 4.43734919 0.00000000
v -93.00665909 4.49260000 0.00000000
v -92.97726920 4.55219682 0.00000000
v -92.95590968 4.61511993 0.00000000
v -92.94294601 4.68029269 0.00000000
v -97.05340000 4.23860000 0.00000000
v -97.05340000 4.23860000 1.60000000
v -97.11970731 4.24294601 1.60000000
v -97.18488007 4.25590968 1.60000000
v -97.24780318 4.27726920 1.60000000
v -97.30740000 4.30665909 1.60000000
v -97.36265081 4.34357650 1.60000000
v -97.41261024 4.38738976 1.60000000
v -97.45642350 4.43734919 1.60000000
v -97.49334091 4.49260000 1.60000000
v -97.52273080 4.55219682 1.60000000
v -97.54409032 4.61511993 1.60000000
v -97.55705399 4.68029269 1.60000000
v -97.56140000 4.74660000 1.60000000
v -97.56140000 4.74660000 0.00000000
v -97.55705399 4.68029269 0.00000000
v -97.54409032 4.61511993 0.00000000
v -97.52273080 4.55219682 0.00000000
v -97.49334091 4.49260000 0.00000000
v -97.45642350 4.43734919 0.00000000
v -97.41261024 4.38738976 0.00000000
v -97.36265081 4.34357650 0.00000000
v -97.30740000 4.30665909 0.00000000
v -97.24780318 4.27726920 0.00000000
v -97.18488007 4.25590968 0.00000000
v -97.11970731 4.24294601 0.00000000
v -93.44660000 -3.83860000 0.00000000
v -93.44660000 -3.83860000 1.60000000
v -93.38029269 -3.84294601 1.60000000
v -93.31511993 -3.85590968 1.60000000
v -93.25219682 -3.87726920 1.60000000
v -93.19260000 -3.90665909 1.60000000
v -93.13734919 -3.94357650 1.60000000
v -93.08738976 -3.98738976 1.60000000
v -93.04357650 -4.03734919 1.60000000
v -93.00665909 -4.09260000 1.60000000
v -92.97726920 -4.15219682 1.60000000
v -92.95590968 -4.21511993 1.60000000
v -92.94294601 -4.28029269 1.60000000
v -92.93860000 -4.34660000 1.60000000
v -92.93860000 -4.34660000 0.00000000
v -92.94294601 -4.28029269 0.00000000
v -92.95590968 -4.21511993 0.00000000
v -92.97726920 -4.15219682 0.00000000
v -93.00665909 -4.09260000 0.00000000
v -93.04357650 -4.03734919 0.00000000
v -93.08738976 -3.98738976 0.00000000
v -93.13734919 -3.94357650 0.00000000
v -93.19260000 -3.90665909 0.00000000
v -93.25219682 -3.87726920 0.00000000
v -93.31511993 -3.85590968 0.00000000
v -93.38029269 -3.84294601 0.00000000
v -92.93860000 -7.95340000 0.00000000
v -92.93860000 -7.95340000 1.60000000
v -92.94294601 -8.01970731 1.60000000
v -92.95590968 -8.08488007 1.60000000
v -92.97726920 -8.14780318 1.60000000
v -93.00665909 -8.20740000 1.60000000
v -93.04357650 -8.26265081 1.60000000
v -93.08738976 -8.31261024 1.60000000
v -93.13734919 -8.35642350 1.60000000
v -93.19260000 -8.39334091 1.60000000
v -93.25219682 -8.42273080 1.60000000
v -93.31511993 -8.44409032 1.60000000
v -93.38029269 -8.45705399 1.60000000
v -93.44660000 -8.46140000 1.60000000
v -93.44660000 -8.46140000 0.00000000
v -93.38029269 -8.45705399 0.00000000
v -93.31511993 -8.44409032 0.00000000
v -93.25219682 -8.42273080 0.00000000
v -93.19260000 -8.39334091 0.00000000
v -93.13734919 -8.35642350 0.00000000
v -93.08738976 -8.31261024 0.00000000
v -93.04357650 -8.26265081 0.00000000
v -93.00665909 -8.20740000 0.00000000
v -92.97726920 -8.14780318 0.00000000
v -92.95590968 -8.08488007 0.00000000
v -92.94294601 -8.01970731 0.00000000
v -97.05340000 -8.46140000 0.00000000
v -97.05340000 -8.46140000 1.60000000
v -97.11970731 -8.45705399 1.60000000
v -97.18488007 -8.44409032 1.60000000
v -97.24780318 -8.42273080 1.60000000
v -97.30740000 -8.39334091 1.60000000
v -97.36265081 -8.35642350 1.60000000
v -97.41261024 -8.31261024 1.60000000
v -97.45642350 -8.26265081 1.60000000
v -97.49334091 -8.20740000 1.60000000
v -97.52273080 -8.14780318 1.60000000
v -97.54409032 -8.08488007 1.60000000
v -97.55705399 -8.01970731 1.60000000
v -97.56140000 -7.95340000 1.60000000
v -97.56140000 -7.95340000 0.00000000
v -97.55705399 -8.01970731 0.00000000
v -97.54409032 -8.08488007 0.00000000
v -97.52273080 -8.14780318 0.00000000
v -97.49334091 -8.20740000 0.00000000
v -97.45642350 -8.26265081 0.00000000
v -97.41261024 -8.31261024 0.00000000
v -97.36265081 -8.35642350 0.00000000
v -97.30740000 -8.39334091 0.00000000
v -97.24780318 -8.42273080 0.00000000
v -97.18488007 -8.44409032 0.00000000
v -97.11970731 -8.45705399 0.00000000
v -97.56140000 -4.34660000 0.00000000
v -97.56140000 -4.34660000 1.60000000
v -97.55705399 -4.28029269 1.60000000
v -97.54409032 -4.21511993 1.60000000
v -97.52273080 -4.15219682 1.60000000
v -97.49334091 -4.09260000 1.60000000
v -97.45642350 -4.03734919 1.60000000
v -97.41261024 -3.98738976 1.60000000
v -97.36265081 -3.94357650 1.60000000
v -97.30740000 -3.90665909 1.60000000
v -97.24780318 -3.87726920 1.60000000
v -97.18488007 -3.85590968 1.60000000
v -97.11970731 -3.84294601 1.60000000
v -97.05340000 -3.83860000 1.60000000
v -97.05340000 -3.83860000 0.00000000
v -97.11970731 -3.84294601 0.00000000
v -97.18488007 -3.85590968 0.00000000
v -97.24780318 -3.87726920 0.00000000
v -97.30740000 -3.90665909 0.00000000
v -97.36265081 -3.94357650 0.00000000
v -97.41261024 -3.98738976 0.00000000
v -97.45642350 -4.03734919 0.00000000
v -97.49334091 -4.09260000 0.00000000
v -97.52273080 -4.15219682 0.00000000
v -97.54409032 -4.21511993 0.00000000
v -97.55705399 -4.28029269 0.00000000
v -110.26140000 8.35340000 0.00000000
v -110.26140000 8.35340000 1.60000000
v -110.25705399 8.41970731 1.60000000
v -110.24409032 8.48488007 1.60000000
v -110.22273080 8.54780318 1.60000000
v -110.19334091 8.60740000 1.60000000
v -110.15642350 8.66265081 1.60000000
v -110.11261024 8.71261024 1.60000000
v -110.06265081 8.75642350 1.60000000
v -110.00740000 8.79334091 1.60000000
v -109.94780318 8.82273080 1.60000000
v -109.88488007 8.84409032 1.60000000
v -109.81970731 8.85705399 1.60000000
v -109.75340000 8.86140000 1.60000000
v -109.75340000 8.86140000 0.00000000
v -109.81970731 8.85705399 0.00000000
v -109.88488007 8.84409032 0.00000000
v -109.94780318 8.82273080 0.00000000
v -110.00740000 8.79334091 0.00000000
v -110.06265081 8.75642350 0.00000000
v -110.11261024 8.71261024 0.00000000
v -110.15642350 8.66265081 0.00000000
v -110.19334091 8.60740000 0.00000000
v -110.22273080 8.54780318 0.00000000
v -110.24409032 8.48488007 0.00000000
v -110.25705399 8.41970731 0.00000000
v -106.14660000 8.86140000 0.00000000
v -106.14660000 8.86140000 1.60000000
v -106.08029269 8.85705399 1.60000000
v -106.01511993 8.84409032 1.60000000
v -105.95219682 8.82273080 1.60000000
v -105.89260000 8.79334091 1.60000000
v -105.83734919 8.75642350 1.60000000
v -105.78738976 8.71261024 1.60000000
v -105.74357650 8.66265081 1.60000000
v -105.70665909 8.60740000 1.60000000
v -105.67726920 8.54780318 1.60000000
v -105.65590968 8.48488007 1.60000000
v -105.64294601 8.41970731 1.60000000
v -105.63860000 8.35340000 1.60000000
v -105.63860000 8.35340000 0.00000000
v -105.64294601 8.41970731 0.00000000
v -105.65590968 8.48488007 0.00000000
v -105.67726920 8.54780318 0.00000000
v -105.70665909 8.60740000 0.00000000
v -105.74357650 8.66265081 0.00000000
v -105.78738976 8.71261024 0.00000000
v -105.83734919 8.75642350 0.00000000
v -105.89260000 8.79334091 0.00000000
v -105.95219682 8.82273080 0.00000000
v -106.01511993 8.84409032 0.00000000
v -106.08029269 8.85705399 0.00000000
v -105.63860000 4.74660000 0.00000000
v -105.63860000 4.74660000 1.60000000
v -105.64294601 4.68029269 1.60000000
v -105.65590968 4.61511993 1.60000000
v -105.67726920 4.55219682 1.60000000
v -105.70665909 4.49260000 1.60000000
v -105.74357650 4.43734919 1.60000000
v -105.78738976 4.38738976 1.60000000
v -105.83734919 4.34357650 1.60000000
v -105.89260000 4.30665909 1.60000000
v -105.95219682 4.27726920 1.60000000
v -106.01511993 4.25590968 1.60000000
v -106.08029269 4.24294601 1.60000000
v -106.14660000 4.23860000 1.60000000
v -106.14660000 4.23860000 0.00000000
v -106.08029269 4.24294601 0.00000000
v -106.01511993 4.25590968 0.00000000
v -105.95219682 4.27726920 0.00000000
v -105.89260000 4.30665909 0.00000000
v -105.83734919 4.34357650 0.00000000
v -105.78738976 4.38738976 0.00000000
v -105.74357650 4.43734919 0.00000000
v -105.70665909 4.49260000 0.00000000
v -105.67726920 4.55219682 0.00000000
v -105.65590968 4.61511993 0.00000000
v -105.64294601 4.68029269 0.00000000
v -109.75340000 4.23860000 0.00000000
v -109.75340000 4.23860000 1.60000000
v -109.81970731 4.24294601 1.60000000
v -109.88488007 4.25590968 1.60000000
v -109.94780318 4.27726920 1.60000000
v -110.00740000 4.30665909 1.60000000
v -110.06265081 4.34357650 1.60000000
v -110.11261024 4.38738976 1.60000000
v -110.15642350 4.43734919 1.60000000
v -110.19334091 4.49260000 1.60000000
v -110.22273080 4.55219682 1.60000000
v -110.24409032 4.61511993 1.60000000
v -110.25705399 4.68029269 1.60000000
v -110.26140000 4.74660000 1.60000000
v -110.26140000 4.74660000 0.00000000
v -110.25705399 4.68029269 0.00000000
v -110.24409032 4.61511993 0.00000000
v -110.22273080 4.55219682 0.00000000
v -110.19334091 4.49260000 0.00000000
v -110.15642350 4.43734919 0.00000000
v -110.11261024 4.38738976 0.00000000
v -110.06265081 4.34357650 0.00000000
v -110.00740000 4.30665909 0.00000000
v -109.94780318 4.27726920 0.00000000
v -109.88488007 4.25590968 0.00000000
v -109.81970731 4.24294601 0.00000000
v -106.14660000 -3.83860000 0.00000000
v -106.14660000 -3.83860000 1.60000000
v -106.08029269 -3.84294601 1.60000000
v -106.01511993 -3.85590968 1.60000000
v -105.95219682 -3.87726920 1.60000000
v -105.89260000 -3.90665909 1.60000000
v -105.83734919 -3.94357650 1.60000000
v -105.78738976 -3.98738976 1.60000000
v -105.74357650 -4.03734919 1.60000000
v -105.70665909 -4.09260000 1.60000000
v -105.67726920 -4.15219682 1.60000000
v -105.65590968 -4.21511993 1.60000000
v -105.64294601 -4.28029269 1.60000000
v -105.63860000 -4.34660000 1.60000000
v -105.63860000 -4.34660000 0.00000000
v -105.64294601 -4.28029269 0.00000000
v -105.65590968 -4.21511993 0.00000000
v -105.67726920 -4.15219682 0.00000000
v -105.70665909 -4.09260000 0.00000000
v -105.74357650 -4.03734919 0.00000000
v -105.78738976 -3.98738976 0.00000000
v -105.83734919 -3.94357650 0.00000000
v -105.89260000 -3.90665909 0.00000000
v -105.95219682 -3.87726920 0.00000000
v -106.01511993 -3.85590968 0.00000000
v -106.08029269 -3.84294601 0.00000000
v -105.63860000 -7.95340000 0.00000000
v -105.63860000 -7.95340000 1.60000000
v -105.64294601 -8.01970731 1.60000000
v -105.65590968 -8.08488007 1.60000000
v -105.67726920 -8.14780318 1.60000000
v -105.70665909 -8.20740000 1.60000000
v -105.74357650 -8.26265081 1.60000000
v -105.78738976 -8.31261024 1.60000000
v -105.83734919 -8.35642350 1.60000000
v -105.89260000 -8.39334091 1.60000000
v -105.95219682 -8.42273080 1.60000000
v -106.01511993 -8.44409032 1.60000000
v -106.08029269 -8.45705399 1.60000000
v -106.14660000 -8.46140000 1.60000000
v -106.14660000 -8.46140000 0.00000000
v -106.08029269 -8.45705399 0.00000000
v -106.01511993 -8.44409032 0.00000000
v -105.95219682 -8.42273080 0.00000000
v -105.89260000 -8.39334091 0.00000000
v -105.83734919 -8.35642350 0.00000000
v -105.78738976 -8.31261024 0.00000000
v -105.74357650 -8.26265081 0.00000000
v -105.70665909 -8.20740000 0.00000000
v -105.67726920 -8.14780318 0.00000000
v -105.65590968 -8.08488007 0.00000000
v -105.64294601 -8.01970731 0.00000000
v -109.75340000 -8.46140000 0.00000000
v -109.75340000 -8.46140000 1.60000000
v -109.81970731 -8.45705399 1.60000000
v -109.88488007 -8.44409032 1.60000000
v -109.94780318 -8.42273080 1.60000000
v -110.00740000 -8.39334091 1.60000000
v -110.06265081 -8.35642350 1.60000000
v -110.11261024 -8.31261024 1.60000000
v -110.15642350 -8.26265081 1.60000000
v -110.19334091 -8.20740000 1.60000000
v -110.22273080 -8.14780318 1.60000000
v -110.24409032 -8.08488007 1.60000000
v -110.25705399 -8.01970731 1.60000000
v -110.26140000 -7.95340000 1.60000000
v -110.26140000 -7.95340000 0.00000000
v -110.25705399 -8.01970731 0.00000000
v -110.24409032 -8.08488007 0.00000000
v -110.22273080 -8.14780318 0.00000000
v -110.19334091 -8.20740000 0.00000000
v -110.15642350 -8.26265081 0.00000000
v -110.11261024 -8.31261024 0.00000000
v -110.06265081 -8.35642350 0.00000000
v -110.00740000 -8.39334091 0.00000000
v -109.94780318 -8.42273080 0.00000000
v -109.88488007 -8.44409032 0.00000000
v -109.81970731 -8.45705399 0.00000000
v -110.26140000 -4.34660000 0.00000000
v -110.26140000 -4.34660000 1.60000000
v -110.25705399 -4.28029269 1.60000000
v -110.24409032 -4.21511993 1.60000000
v -110.22273080 -4.15219682 1.60000000
v -110.19334091 -4.09260000 1.60000000
v -110.15642350 -4.03734919 1.60000000
v -110.11261024 -3.98738976 1.60000000
v -110.06265081 -3.94357650 1.60000000
v -110.00740000 -3.90665909 1.60000000
v -109.94780318 -3.87726920 1.60000000
v -109.88488007 -3.85590968 1.60000000
v -109.81970731 -3.84294601 1.60000000
v -109.75340000 -3.83860000 1.60000000
v -109.75340000 -3.83860000 0.00000000
v -109.81970731 -3.84294601 0.00000000
v -109.88488007 -3.85590968 0.00000000
v -109.94780318 -3.87726920 0.00000000
v -110.00740000 -3.90665909 0.00000000
v -110.06265081 -3.94357650 0.00000000
v -110.11261024 -3.98738976 0.00000000
v -110.15642350 -4.03734919 0.00000000
v -110.19334091 -4.09260000 0.00000000
v -110.22273080 -4.15219682 0.00000000
v -110.24409032 -4.21511993 0.00000000
v -110.25705399 -4.28029269 0.00000000
v -116.61140000 2.00340000 0.00000000
v -116.61140000 2.00340000 1.60000000
v -116.60705399 2.06970731 1.60000000
v -116.59409032 2.13488007 1.60000000
v -116.57273080 2.19780318 1.60000000
v -116.54334091 2.25740000 1.60000000
v -116.50642350 2.31265081 1.60000000
v -116.46261024 2.36261024 1.60000000
v -116.41265081 2.40642350 1.60000000
v -116.35740000 2.44334091 1.60000000
v -116.29780318 2.47273080 1.60000000
v -116.23488007 2.49409032 1.60000000
v -116.16970731 2.50705399 1.60000000
v -116.10340000 2.51140000 1.60000000
v -116.10340000 2.51140000 0.00000000
v -116.16970731 2.50705399 0.00000000
v -116.23488007 2.49409032 0.00000000
v -116.29780318 2.47273080 0.00000000
v -116.35740000 2.44334091 0.00000000
v -116.41265081 2.40642350 0.00000000
v -116.46261024 2.36261024 0.00000000
v -116.50642350 2.31265081 0.00000000
v -116.54334091 2.25740000 0.00000000
v -116.57273080 2.19780318 0.00000000
v -116.59409032 2.13488007 0.00000000
v -116.60705399 2.06970731 0.00000000
v -112.49660000 2.51140000 0.00000000
v -112.49660000 2.51140000 1.60000000
v -112.43029269 2.50705399 1.60000000
v -112.36511993 2.49409032 1.60000000
v -112.30219682 2.47273080 1.60000000
v -112.24260000 2.44334091 1.60000000
v -112.18734919 2.40642350 1.60000000
v -112.13738976 2.36261024 1.60000000
v -112.09357650 2.31265081 1.60000000
v -112.05665909 2.25740000 1.60000000
v -112.02726920 2.19780318 1.60000000
v -112.00590968 2.13488007 1.60000000
v -111.99294601 2.06970731 1.60000000
v -111.98860000 2.00340000 1.60000000
v -111.98860000 2.00340000 0.00000000
v -111.99294601 2.06970731 0.00000000
v -112.00590968 2.13488007 0.00000000
v -112.02726920 2.19780318 0.00000000
v -112.05665909 2.25740000 0.00000000
v -112.09357650 2.31265081 0.00000000
v -112.13738976 2.36261024 0.00000000
v -112.18734919 2.40642350 0.00000000
v -112.24260000 2.44334091 0.00000000
v -112.30219682 2.47273080 0.00000000
v -112.36511993 2.49409032 0.00000000
v -112.43029269 2.50705399 0.00000000
v -111.98860000 -1.60340000 0.00000000
v -111.98860000 -1.60340000 1.60000000
v -111.99294601 -1.66970731 1.60000000
v -112.00590968 -1.73488007 1.60000000
v -112.02726920 -1.79780318 1.60000000
v -112.05665909 -1.85740000 1.60000000
v -112.09357650 -1.91265081 1.60000000
v -112.13738976 -1.96261024 1.60000000
v -112.18734919 -2.00642350 1.60000000
v -112.24260000 -2.04334091 1.60000000
v -112.30219682 -2.07273080 1.60000000
v -112.36511993 -2.09409032 1.60000000
v -112.43029269 -2.10705399 1.60000000
v -112.49660000 -2.11140000 1.60000000
v -112.49660000 -2.11140000 0.00000000
v -112.43029269 -2.10705399 0.00000000
v -112.36511993 -2.09409032 0.00000000
v -112.30219682 -2.07273080 0.00000000
v -112.24260000 -2.04334091 0.00000000
v -112.18734919 -2.00642350 0.00000000
v -112.13738976 -1.96261024 0.00000000
v -112.09357650 -1.91265081 0.00000000
v -112.05665909 -1.85740000 0.00000000
v -112.02726920 -1.79780318 0.00000000
v -112.00590968 -1.73488007 0.00000000
v -111.99294601 -1.66970731 0.00000000
v -116.10340000 -2.11140000 0.00000000
v -116.10340000 -2.11140000 1.60000000
v -116.16970731 -2.10705399 1.60000000
v -116.23488007 -2.09409032 1.60000000
v -116.29780318 -2.07273080 1.60000000
v -116.35740000 -2.04334091 1.60000000
v -116.41265081 -2.00642350 1.60000000
v -116.46261024 -1.96261024 1.60000000
v -116.50642350 -1.91265081 1.60000000
v -116.54334091 -1.85740000 1.60000000
v -116.57273080 -1.79780318 1.60000000
v -116.59409032 -1.73488007 1.60000000
v -116.60705399 -1.66970731 1.60000000
v -116.61140000 -1.60340000 1.60000000
v -116.61140000 -1.60340000 0.00000000
v -116.60705399 -1.66970731 0.00000000
v -116.59409032 -1.73488007 0.00000000
v -116.57273080 -1.79780318 0.00000000
v -116.54334091 -1.85740000 0.00000000
v -116.50642350 -1.91265081 0.00000000
v -116.46261024 -1.96261024 0.00000000
v -116.41265081 -2.00642350 0.00000000
v -116.35740000 -2.04334091 0.00000000
v -116.29780318 -2.07273080 0.00000000
v -116.23488007 -2.09409032 0.00000000
v -116.16970731 -2.10705399 0.00000000
v -122.96140000 8.35340000 0.00000000
v -122.96140000 8.35340000 1.60000000
v -122.95705399 8.41970731 1.60000000
v -122.94409032 8.48488007 1.60000000
v -122.92273080 8.54780318 1.60000000
v -122.89334091 8.60740000 1.60000000
v -122.85642350 8.66265081 1.60000000
v -122.81261024 8.71261024 1.60000000
v -122.76265081 8.75642350 1.60000000
v -122.70740000 8.79334091 1.60000000
v -122.64780318 8.82273080 1.60000000
v -122.58488007 8.84409032 1.60000000
v -122.51970731 8.85705399 1.60000000
v -122.45340000 8.86140000 1.60000000
v -122.45340000 8.86140000 0.00000000
v -122.51970731 8.85705399 0.00000000
v -122.58488007 8.84409032 0.00000000
v -122.64780318 8.82273080 0.00000000
v -122.70740000 8.79334091 0.00000000
v -122.76265081 8.75642350 0.00000000
v -122.81261024 8.71261024 0.00000000
v -122.85642350 8.66265081 0.00000000
v -122.89334091 8.60740000 0.00000000
v -122.92273080 8.54780318 0.00000000
v -122.94409032 8.48488007 0.00000000
v -122.95705399 8.41970731 0.00000000
v -118.84660000 8.86140000 0.00000000
v -118.84660000 8.86140000 1.60000000
v -118.78029269 8.85705399 1.60000000
v -118.71511993 8.84409032 1.60000000
v -118.65219682 8.82273080 1.60000000
v -118.59260000 8.79334091 1.60000000
v -118.53734919 8.75642350 1.60000000
v -118.48738976 8.71261024 1.60000000
v -118.44357650 8.66265081 1.60000000
v -118.40665909 8.60740000 1.60000000
v -118.37726920 8.54780318 1.60000000
v -118.35590968 8.48488007 1.60000000
v -118.34294601 8.41970731 1.60000000
v -118.33860000 8.35340000 1.60000000
v -118.33860000 8.35340000 0.00000000
v -118.34294601 8.41970731 0.00000000
v -118.35590968 8.48488007 0.00000000
v -118.37726920 8.54780318 0.00000000
v -118.40665909 8.60740000 0.00000000
v -118.44357650 8.66265081 0.00000000
v -118.48738976 8.71261024 0.00000000
v -118.53734919 8.75642350 0.00000000
v -118.59260000 8.79334091 0.00000000
v -118.65219682 8.82273080 0.00000000
v -118.71511993 8.84409032 0.00000000
v -118.78029269 8.85705399 0.00000000
v -118.33860000 4.74660000 0.00000000
v -118.33860000 4.74660000 1.60000000
v -118.34294601 4.68029269 1.60000000
v -118.35590968 4.61511993 1.60000000
v -118.37726920 4.55219682 1.60000000
v -118.40665909 4.49260000 1.60000000
v -118.44357650 4.43734919 1.60000000
v -118.48738976 4.38738976 1.60000000
v -118.53734919 4.34357650 1.60000000
v -118.59260000 4.30665909 1.60000000
v -118.65219682 4.27726920 1.60000000
v -118.71511993 4.25590968 1.60000000
v -118.78029269 4.24294601 1.60000000
v -118.84660000 4.23860000 1.60000000
v -118.84660000 4.23860000 0.00000000
v -118.78029269 4.24294601 0.00000000
v -118.71511993 4.25590968 0.00000000
v -118.65219682 4.27726920 0.00000000
v -118.59260000 4.30665909 0.00000000
v -118.53734919 4.34357650 0.00000000
v -118.48738976 4.38738976 0.00000000
v -118.44357650 4.43734919 0.00000000
v -118.40665909 4.49260000 0.00000000
v -118.37726920 4.55219682 0.00000000
v -118.35590968 4.61511993 0.00000000
v -118.34294601 4.68029269 0.00000000
v -122.45340000 4.23860000 0.00000000
v -122.45340000 4.23860000 1.60000000
v -122.51970731 4.24294601 1.60000000
v -122.58488007 4.25590968 1.60000000
v -122.64780318 4.27726920 1.60000000
v -122.70740000 4.30665909 1.60000000
v -122.76265081 4.34357650 1.60000000
v -122.81261024 4.38738976 1.60000000
v -122.85642350 4.43734919 1.60000000
v -122.89334091 4.49260000 1.60000000
v -122.92273080 4.55219682 1.60000000
v -122.94409032 4.61511993 1.60000000
v -122.95705399 4.68029269 1.60000000
v -122.96140000 4.74660000 1.60000000
v -122.96140000 4.74660000 0.00000000
v -122.95705399 4.68029269 0.00000000
v -122.94409032 4.61511993 0.00000000
v -122.92273080 4.55219682 0.00000000
v -122.89334091 4.49260000 0.00000000
v -122.85642350 4.43734919 0.00000000
v -122.81261024 4.38738976 0.00000000
v -122.76265081 4.34357650 0.00000000
v -122.70740000 4.30665909 0.00000000
v -122.64780318 4.27726920 0.00000000
v -122.58488007 4.25590968 0.00000000
v -122.51970731 4.24294601 0.00000000
v -118.84660000 -3.83860000 0.00000000
v -118.84660000 -3.83860000 1.60000000
v -118.78029269 -3.84294601 1.60000000
v -118.71511993 -3.85590968 1.60000000
v -118.65219682 -3.87726920 1.60000000
v -118.59260000 -3.90665909 1.60000000
v -118.53734919 -3.94357650 1.60000000
v -118.48738976 -3.98738976 1.60000000
v -118.44357650 -4.03734919 1.60000000
v -118.40665909 -4.09260000 1.60000000
v -118.37726920 -4.15219682 1.60000000
v -118.35590968 -4.21511993 1.60000000
v -118.34294601 -4.28029269 1.60000000
v -118.33860000 -4.34660000 1.60000000
v -118.33860000 -4.34660000 0.00000000
v -118.34294601 -4.28029269 0.00000000
v -118.35590968 -4.21511993 0.00000000
v -118.37726920 -4.15219682 0.00000000
v -118.40665909 -4.09260000 0.00000000
v -118.44357650 -4.03734919 0.00000000
v -118.48738976 -3.98738976 0.00000000
v -118.53734919 -3.94357650 0.00000000
v -118.59260000 -3.90665909 0.00000000
v -118.65219682 -3.87726920 0.00000000
v -118.71511993 -3.85590968 0.00000000
v -118.78029269 -3.84294601 0.00000000
v -118.33860000 -7.95340000 0.00000000
v -118.33860000 -7.95340000 1.60000000
v -118.34294601 -8.01970731 1.60000000
v -118.35590968 -8.08488007 1.60000000
v -118.37726920 -8.14780318 1.60000000
v -118.40665909 -8.20740000 1.60000000
v -118.44357650 -8.26265081 1.60000000
v -118.48738976 -8.31261024 1.60000000
v -118.53734919 -8.35642350 1.60000000
v -118.59260000 -8.39334091 1.60000000
v -118.65219682 -8.42273080 1.60000000
v -118.71511993 -8.44409032 1.60000000
v -118.78029269 -8.45705399 1.60000000
v -118.84660000 -8.46140000 1.60000000
v -118.84660000 -8.46140000 0.00000000
v -118.78029269 -8.45705399 0.00000000
v -118.71511993 -8.44409032 0.00000000
v -118.65219682 -8.42273080 0.00000000
v -118.59260000 -8.39334091 0.00000000
v -118.53734919 -8.35642350 0.00000000
v -118.48738976 -8.31261024 0.00000000
v -118.44357650 -8.26265081 0.00000000
v -118.40665909 -8.20740000 0.00000000
v -118.37726920 -8.14780318 0.00000000
v -118.35590968 -8.08488007 0.00000000
v -118.34294601 -8.01970731 0.00000000
v -122.45340000 -8.46140000 0.00000000
v -122.45340000 -8.46140000 1.60000000
v -122.51970731 -8.45705399 1.60000000
v -122.58488007 -8.44409032 1.60000000
v -122.64780318 -8.42273080 1.60000000
v -122.70740000 -8.39334091 1.60000000
v -122.76265081 -8.35642350 1.60000000
v -122.81261024 -8.31261024 1.60000000
v -122.85642350 -8.26265081 1.60000000
v -122.89334091 -8.20740000 1.60000000
v -122.92273080 -8.14780318 1.60000000
v -122.94409032 -8.08488007 1.60000000
v -122.95705399 -8.01970731 1.60000000
v -122.96140000 -7.95340000 1.60000000
v -122.96140000 -7.95340000 0.00000000
v -122.95705399 -8.01970731 0.00000000
v -122.94409032 -8.08488007 0.00000000
v -122.92273080 -8.14780318 0.00000000
v -122.89334091 -8.20740000 0.00000000
v -122.85642350 -8.26265081 0.00000000
v -122.81261024 -8.31261024 0.00000000
v -122.76265081 -8.35642350 0.00000000
v -122.70740000 -8.39334091 0.00000000
v -122.64780318 -8.42273080 0.00000000
v -122.58488007 -8.44409032 0.00000000
v -122.51970731 -8.45705399 0.00000000
v -122.96140000 -4.34660000 0.00000000
v -122.96140000 -4.34660000 1.60000000
v -122.95705399 -4.28029269 1.60000000
v -122.94409032 -4.21511993 1.60000000
v -122.92273080 -4.15219682 1.60000000
v -122.89334091 -4.09260000 1.60000000
v -122.85642350 -4.03734919 1.60000000
v -122.81261024 -3.98738976 1.60000000
v -122.76265081 -3.94357650 1.60000000
v -122.70740000 -3.90665909 1.60000000
v -122.64780318 -3.87726920 1.60000000
v -122.58488007 -3.85590968 1.60000000
v -122.51970731 -3.84294601 1.60000000
v -122.45340000 -3.83860000 1.60000000
v -122.45340000 -3.83860000 0.00000000
v -122.51970731 -3.84294601 0.00000000
v -122.58488007 -3.85590968 0.00000000
v -122.64780318 -3.87726920 0.00000000
v -122.70740000 -3.90665909 0.00000000
v -122.76265081 -3.94357650 0.00000000
v -122.81261024 -3.98738976 0.00000000
v -122.85642350 -4.03734919 0.00000000
v -122.89334091 -4.09260000 0.00000000
v -122.92273080 -4.15219682 0.00000000
v -122.94409032 -4.21511993 0.00000000
v -122.95705399 -4.28029269 0.00000000
f 1566 1567 544
f 1568 544 1567
f 1565 1566 544
f 1569 544 1568
f 1570 544 1569
f 1564 1565 544
f 1571 544 1570
f 1563 1564 544
f 1572 544 1571
f 1562 1563 544
f 1560 544 1572
f 1561 1562 544
f 1548 544 1560
f 1573 1561 544
f 1585 1573 544
f 545 544 1548
f 545 1548 1549
f 545 1549 1550
f 545 1550 1551
f 545 1551 1552
f 545 1552 1553
f 1554 545 1553
f 1555 545 1554
f 1556 545 1555
f 1557 545 1556
f 1558 545 1557
f 1559 545 1558
f 1547 545 1559
f 9 1540 1541
f 1515 1580 1581
f 8 9 1541
f 10 1538 1539
f 10 1539 1540
f 10 1540 9
f 1516 1580 1515
f 1516 1578 1579
f 1516 1579 1580
f 1514 1515 1581
f 11 1538 10
f 7 1541 1542
f 7 8 1541
f 1517 1578 1516
f 1513 1581 1582
f 1513 1514 1581
f 6 1542 1543
f 6 7 1542
f 12 1537 1538
f 12 1538 11
f 1518 1578 1517
f 1518 1577 1578
f 1512 1582 1583
f 1512 1583 1584
f 1512 1513 1582
f 13 1536 1537
f 13 1537 12
f 5 1543 1544
f 5 1544 1545
f 5 6 1543
f 1519 1577 1518
f 1519 1575 1576
f 1519 1576 1577
f 1511 1512 1584
f 14 1535 1536
f 14 1536 13
f 4 5 1545
f 1520 1575 1519
f 1510 1585 544
f 1510 1511 1584
f 1510 1584 1585
f 1 1534 1535
f 1 1535 14
f 3 4 1545
f 3 1545 1546
f 3 1546 1574
f 1508 1575 1520
f 1508 3 1574
f 1508 1574 1575
f 1509 1510 544
f 2 1534 1
f 2 1547 1534
f 2 545 1547
f 15 3 1508
f 1496 15 1508
f 1521 1509 544
f 1497 27 15
f 1497 15 1496
f 1498 26 27
f 1498 27 1497
f 25 26 1498
f 1499 25 1498
f 1500 24 25
f 1500 25 1499
f 23 24 1500
f 1501 23 1500
f 1502 22 23
f 1502 23 1501
f 21 22 1502
f 1503 21 1502
f 1504 20 21
f 1504 21 1503
f 19 20 1504
f 1505 19 1504
f 18 19 1505
f 1506 18 1505
f 1507 17 18
f 1507 18 1506
f 1495 17 1507
f 1495 16 17
f 28 16 1495
f 1482 28 1495
f 37 1487 1488
f 1463 1527 1528
f 1463 1528 1529
f 38 1487 37
f 36 37 1488
f 36 1488 1489
f 36 1489 1490
f 1462 1463 1529
f 1464 1527 1463
f 39 1487 38
f 39 1486 1487
f 35 36 1490
f 1461 1529 1530
f 1461 1530 1531
f 1461 1462 1529
f 1465 1526 1527
f 1465 1527 1464
f 34 35 1490
f 34 1490 1491
f 40 1486 39
f 40 1485 1486
f 1460 1531 1532
f 1460 1461 1531
f 1466 1525 1526
f 1466 1526 1465
f 41 1485 40
f 41 1483 1484
f 41 1484 1485
f 33 34 1491
f 33 1491 1492
f 1467 1524 1525
f 1467 1525 1466
f 1459 1532 1533
f 1459 1460 1532
f 42 1483 41
f 32 33 1492
f 32 1492 1493
f 32 1493 1494
f 1468 1523 1524
f 1468 1524 1467
f 1458 1533 1521
f 1458 1459 1533
f 31 1494 1522
f 31 32 1494
f 30 1483 42
f 30 1482 1483
f 1457 1521 544
f 1457 1458 1521
f 1456 1522 1523
f 1456 1523 1468
f 29 1482 30
f 29 28 1482
f 43 31 1522
f 43 1522 1456
f 1444 43 1456
f 55 43 1444
f 1445 55 1444
f 1446 54 55
f 1446 55 1445
f 1447 54 1446
f 1447 53 54
f 1448 53 1447
f 1448 52 53
f 1449 52 1448
f 1449 51 52
f 1450 51 1449
f 1450 50 51
f 49 50 1450
f 1451 49 1450
f 1452 49 1451
f 1452 48 49
f 1453 48 1452
f 1453 47 48
f 46 47 1453
f 1454 46 1453
f 45 46 1454
f 1455 45 1454
f 1443 44 45
f 1443 45 1455
f 56 44 1443
f 1430 56 1443
f 64 1436 1437
f 64 65 1436
f 66 1435 1436
f 66 1436 65
f 1410 1411 1476
f 1410 1476 1477
f 1412 1476 1411
f 1412 1475 1476
f 67 1433 1434
f 67 1434 1435
f 67 1435 66
f 63 1437 1438
f 63 64 1437
f 1413 1475 1412
f 1413 1474 1475
f 1409 1410 1477
f 1409 1477 1478
f 68 1433 67
f 62 63 1438
f 62 1438 1439
f 62 1439 1440
f 1414 1474 1413
f 1414 1472 1473
f 1414 1473 1474
f 1408 1409 1478
f 1408 1478 1479
f 61 62 1440
f 69 1432 1433
f 69 1433 68
f 1407 1408 1479
f 1407 1479 1480
f 1407 1480 1481
f 1415 1472 1414
f 70 1432 69
f 70 1431 1432
f 60 61 1440
f 60 1440 1441
f 60 1441 1442
f 1416 1472 1415
f 1416 1471 1472
f 1406 1407 1481
f 58 1431 70
f 58 1430 1431
f 59 60 1442
f 1405 1406 1481
f 1405 1481 1469
f 1404 1470 1471
f 1404 1471 1416
f 57 1430 58
f 57 56 1430
f 71 1470 1404
f 71 59 1442
f 71 1442 1470
f 1392 71 1404
f 1393 71 1392
f 1393 83 71
f 82 83 1393
f 1394 82 1393
f 1395 82 1394
f 1395 81 82
f 1396 81 1395
f 1396 80 81
f 79 80 1396
f 1397 79 1396
f 1398 79 1397
f 1398 78 79
f 77 78 1398
f 1399 77 1398
f 1400 76 77
f 1400 77 1399
f 75 76 1400
f 1401 75 1400
f 1402 75 1401
f 1402 74 75
f 73 74 1402
f 1403 73 1402
f 72 73 1403
f 1391 72 1403
f 84 72 1391
f 1378 84 1391
f 93 1384 1385
f 1359 1423 1424
f 94 1384 93
f 94 1382 1383
f 94 1383 1384
f 92 93 1385
f 1358 1424 1425
f 1358 1425 1426
f 1358 1359 1424
f 1360 1423 1359
f 91 92 1385
f 91 1385 1386
f 95 1382 94
f 1361 1421 1422
f 1361 1422 1423
f 1361 1423 1360
f 1357 1358 1426
f 96 1382 95
f 96 1381 1382
f 90 91 1386
f 90 1386 1387
f 90 1387 1388
f 1362 1421 1361
f 1356 1426 1427
f 1356 1357 1426
f 97 1380 1381
f 97 1381 96
f 89 90 1388
f 1363 1420 1421
f 1363 1421 1362
f 1355 1427 1428
f 1355 1356 1427
f 98 1380 97
f 98 1379 1380
f 88 89 1388
f 88 1388 1389
f 1364 1419 1420
f 1364 1420 1363
f 87 1390 1418
f 87 1389 1390
f 87 88 1389
f 86 1379 98
f 86 1378 1379
f 1352 1418 1419
f 1352 1419 1364
f 85 84 1378
f 85 1378 86
f 99 1418 1352
f 99 87 1418
f 1340 99 1352
f 1341 99 1340
f 1341 111 99
f 1342 110 111
f 1342 111 1341
f 1343 109 110
f 1343 110 1342
f 543 1417 1405
f 543 1428 1429
f 543 1429 1417
f 543 1405 1469
f 543 1353 1354
f 543 1354 1355
f 543 1365 1353
f 543 1375 1376
f 543 1376 1377
f 543 1377 1365
f 543 1355 1428
f 108 109 1343
f 1344 108 1343
f 1374 1375 543
f 107 108 1344
f 1373 1374 543
f 1345 107 1344
f 1372 1373 543
f 1346 106 107
f 1346 107 1345
f 105 106 1346
f 1371 1372 543
f 1347 105 1346
f 1348 104 105
f 1348 105 1347
f 1370 1371 543
f 1349 103 104
f 1349 104 1348
f 1350 102 103
f 1350 103 1349
f 1351 102 1350
f 1351 101 102
f 1339 101 1351
f 1339 100 101
f 542 1370 543
f 542 1366 1367
f 542 1367 1368
f 542 1368 1369
f 542 1369 1370
f 112 100 1339
f 120 121 1332
f 120 1332 1333
f 120 1333 1334
f 122 1332 121
f 122 1330 1331
f 122 1331 1332
f 1308 541 1307
f 1306 1307 541
f 123 1330 122
f 119 120 1334
f 1305 1306 541
f 1309 542 541
f 1309 541 1308
f 124 1329 1330
f 124 1330 123
f 118 119 1334
f 118 1334 1335
f 1304 1305 541
f 1310 542 1309
f 125 1327 1328
f 125 1328 1329
f 125 1329 124
f 117 118 1335
f 117 1335 1336
f 1311 542 1310
f 1303 1304 541
f 126 1327 125
f 116 1336 1337
f 116 117 1336
f 1312 542 1311
f 1302 1303 541
f 115 1337 1338
f 115 116 1337
f 115 1338 1366
f 114 1326 1327
f 114 1327 126
f 1300 542 1312
f 1300 1366 542
f 1301 1302 541
f 113 1339 1326
f 113 1326 114
f 113 112 1339
f 127 115 1366
f 1313 1301 541
f 1288 127 1366
f 1288 1366 1300
f 1289 139 127
f 1289 127 1288
f 1325 1313 541
f 1290 138 139
f 1290 139 1289
f 1324 1325 541
f 137 138 1290
f 1291 137 1290
f 1292 136 137
f 1292 137 1291
f 135 136 1292
f 1293 135 1292
f 1294 135 1293
f 1294 134 135
f 1295 134 1294
f 1295 133 134
f 132 133 1295
f 1296 132 1295
f 131 132 1296
f 1297 131 1296
f 1298 131 1297
f 1298 130 131
f 1299 130 1298
f 1299 129 130
f 1287 128 129
f 1287 129 1299
f 140 128 1287
f 148 149 1280
f 148 1280 1281
f 150 1280 149
f 150 1279 1280
f 1254 1320 1321
f 1254 1321 1322
f 1254 1255 1320
f 1256 1318 1319
f 1256 1319 1320
f 1256 1320 1255
f 147 1281 1282
f 147 148 1281
f 151 1277 1278
f 151 1278 1279
f 151 1279 150
f 1253 1254 1322
f 1257 1318 1256
f 146 147 1282
f 146 1282 1283
f 152 1277 151
f 1252 1322 1323
f 1252 1253 1322
f 1258 1316 1317
f 1258 1317 1318
f 1258 1318 1257
f 145 1283 1284
f 145 146 1283
f 153 1277 152
f 153 1276 1277
f 1259 1315 1316
f 1259 1316 1258
f 1251 1323 1324
f 1251 1324 541
f 1251 1252 1323
f 144 1284 1285
f 144 1285 1286
f 144 145 1284
f 154 1276 153
f 154 1274 1275
f 154 1275 1276
f 1260 1315 1259
f 1250 1251 541
f 143 144 1286
f 142 1274 154
f 1249 1250 541
f 1248 1314 1315
f 1248 1286 1314
f 1248 143 1286
f 1248 1315 1260
f 141 140 1287
f 141 1274 142
f 141 1287 1274
f 155 143 1248
f 1261 1249 541
f 1236 155 1248
f 1237 155 1236
f 1237 167 155
f 1238 167 1237
f 1238 166 167
f 1239 166 1238
f 1239 165 166
f 1240 165 1239
f 1240 164 165
f 1241 164 1240
f 1241 163 164
f 1242 162 163
f 1242 163 1241
f 1243 162 1242
f 1243 161 162
f 1244 160 161
f 1244 161 1243
f 159 160 1244
f 1245 159 1244
f 1246 158 159
f 1246 159 1245
f 1247 157 158
f 1247 158 1246
f 1235 157 1247
f 1235 156 157
f 168 156 1235
f 178 1226 1227
f 178 1227 1228
f 178 1228 177
f 176 1228 1229
f 176 177 1228
f 1204 1268 1203
f 1204 1267 1268
f 1202 1203 1268
f 1202 1268 1269
f 175 1229 1230
f 175 176 1229
f 179 1225 1226
f 179 1226 178
f 1205 1267 1204
f 1205 1266 1267
f 1201 1202 1269
f 1201 1269 1270
f 180 1224 1225
f 180 1225 179
f 174 1230 1231
f 174 175 1230
f 1200 1201 1270
f 1200 1270 1271
f 1206 1264 1265
f 1206 1265 1266
f 1206 1266 1205
f 181 1223 1224
f 181 1224 180
f 173 1231 1232
f 173 174 1231
f 1207 1264 1206
f 1199 1200 1271
f 1199 1271 1272
f 182 1223 181
f 172 1232 1233
f 172 1233 1234
f 172 173 1232
f 1208 1264 1207
f 1208 1263 1264
f 1198 1199 1272
f 1198 1272 1273
f 171 172 1234
f 171 1234 1262
f 170 1222 1223
f 170 1223 182
f 1197 1198 1273
f 1197 1273 1261
f 1197 1261 541
f 1196 1263 1208
f 1196 1262 1263
f 169 1235 1222
f 169 168 1235
f 169 1222 170
f 183 171 1262
f 1184 183 1262
f 1184 1262 1196
f 1185 183 1184
f 1185 195 183
f 1186 195 1185
f 1186 194 195
f 1187 194 1186
f 1187 193 194
f 1188 192 193
f 1188 193 1187
f 191 192 1188
f 1189 191 1188
f 190 191 1189
f 1190 190 1189
f 1191 190 1190
f 1191 189 190
f 1192 189 1191
f 1192 188 189
f 1193 188 1192
f 1193 187 188
f 1194 187 1193
f 1194 186 187
f 185 186 1194
f 1195 185 1194
f 1183 185 1195
f 1183 184 185
f 196 184 1183
f 206 1176 205
f 206 1174 1175
f 206 1175 1176
f 204 205 1176
f 204 1176 1177
f 204 1177 1178
f 1150 1216 1217
f 1150 1151 1216
f 1152 1215 1216
f 1152 1216 1151
f 207 1174 206
f 203 204 1178
f 1149 1150 1217
f 1149 1217 1218
f 1153 1214 1215
f 1153 1215 1152
f 202 203 1178
f 202 1178 1179
f 208 1173 1174
f 208 1174 207
f 1148 1218 1219
f 1148 1149 1218
f 1154 1213 1214
f 1154 1214 1153
f 1154 1212 1213
f 209 1173 208
f 209 1172 1173
f 201 202 1179
f 201 1179 1180
f 1155 1212 1154
f 1147 1219 1220
f 1147 1148 1219
f 210 1172 209
f 210 1171 1172
f 200 1180 1181
f 200 201 1180
f 1156 1212 1155
f 1156 1210 1211
f 1156 1211 1212
f 1146 1220 1221
f 1146 1147 1220
f 199 200 1181
f 199 1181 1182
f 198 1171 210
f 198 1170 1171
f 1145 1221 1209
f 1145 1146 1221
f 1144 1182 1210
f 1144 1210 1156
f 1144 199 1182
f 197 196 1183
f 197 1183 1170
f 197 1170 198
f 1132 199 1144
f 1132 211 199
f 1133 223 211
f 1133 211 1132
f 1134 222 223
f 1134 223 1133
f 221 222 1134
f 1135 221 1134
f 1136 220 221
f 1136 221 1135
f 219 220 1136
f 1137 219 1136
f 218 219 1137
f 1138 218 1137
f 1139 217 218
f 1139 218 1138
f 216 217 1139
f 1140 216 1139
f 1141 215 216
f 1141 216 1140
f 1142 214 215
f 1142 215 1141
f 213 214 1142
f 1143 213 1142
f 212 213 1143
f 1131 212 1143
f 224 212 1131
f 1118 224 1131
f 232 1124 1125
f 232 233 1124
f 234 1122 1123
f 234 1123 1124
f 234 1124 233
f 1100 1163 1164
f 1100 1164 1099
f 1098 1164 1165
f 1098 1099 1164
f 231 1125 1126
f 231 232 1125
f 235 1121 1122
f 235 1122 234
f 1101 1162 1163
f 1101 1163 1100
f 1097 1165 1166
f 1097 1098 1165
f 230 1126 1127
f 230 1127 1128
f 230 231 1126
f 236 1121 235
f 1096 1166 1167
f 1096 1167 1168
f 1096 1097 1166
f 1102 1162 1101
f 1102 1160 1161
f 1102 1161 1162
f 237 1120 1121
f 237 1121 236
f 229 1128 1129
f 229 230 1128
f 1103 1160 1102
f 1095 1096 1168
f 238 1119 1120
f 238 1120 237
f 228 1129 1130
f 228 229 1129
f 1104 1160 1103
f 1104 1159 1160
f 227 1130 1158
f 227 228 1130
f 226 1118 1119
f 226 1119 238
f 1092 1158 1159
f 1092 1159 1104
f 225 224 1118
f 225 1118 226
f 239 227 1158
f 1080 239 1158
f 1080 1158 1092
f 1081 239 1080
f 1081 251 239
f 1082 251 1081
f 1082 250 251
f 1083 250 1082
f 1083 249 250
f 540 1115 1116
f 540 1116 1117
f 540 1117 1105
f 540 1145 1209
f 540 1157 1145
f 540 1168 1169
f 540 1169 1157
f 540 1095 1168
f 540 1197 541
f 540 1093 1094
f 540 1094 1095
f 540 1105 1093
f 540 1209 1197
f 1084 248 249
f 1084 249 1083
f 1114 1115 540
f 247 248 1084
f 1085 247 1084
f 1113 1114 540
f 1086 246 247
f 1086 247 1085
f 1112 1113 540
f 245 246 1086
f 1087 245 1086
f 1111 1112 540
f 1088 244 245
f 1088 245 1087
f 1110 1111 540
f 1089 243 244
f 1089 244 1088
f 1090 242 243
f 1090 243 1089
f 1091 241 242
f 1091 242 1090
f 240 241 1091
f 1079 240 1091
f 539 1110 540
f 539 1106 1107
f 539 1107 1108
f 539 1108 1109
f 539 1109 1110
f 252 240 1079
f 261 1072 1073
f 262 1072 261
f 262 1070 1071
f 262 1071 1072
f 260 261 1073
f 1048 538 1047
f 1046 1047 538
f 263 1070 262
f 259 260 1073
f 259 1073 1074
f 1045 1046 538
f 1049 538 1048
f 1049 539 538
f 258 259 1074
f 258 1074 1075
f 264 1070 263
f 264 1068 1069
f 264 1069 1070
f 1050 539 1049
f 1044 1045 538
f 265 1068 264
f 265 1067 1068
f 257 1075 1076
f 257 258 1075
f 1043 1044 538
f 1051 539 1050
f 266 1067 265
f 256 257 1076
f 256 1076 1077
f 256 1077 1078
f 1042 1043 538
f 1052 539 1051
f 255 1078 1106
f 255 256 1078
f 254 1066 1067
f 254 1067 266
f 1041 1042 538
f 1040 1106 539
f 1040 539 1052
f 253 1066 254
f 253 1079 1066
f 253 252 1079
f 1028 255 1106
f 1028 1106 1040
f 1028 267 255
f 1053 1041 538
f 1065 1053 538
f 1029 267 1028
f 1029 279 267
f 1064 1065 538
f 1030 278 279
f 1030 279 1029
f 1031 277 278
f 1031 278 1030
f 1032 276 277
f 1032 277 1031
f 1033 275 276
f 1033 276 1032
f 1034 275 1033
f 1034 274 275
f 1035 274 1034
f 1035 273 274
f 272 273 1035
f 1036 272 1035
f 1037 272 1036
f 1037 271 272
f 1038 271 1037
f 1038 270 271
f 1039 270 1038
f 1039 269 270
f 268 269 1039
f 1027 268 1039
f 280 268 1027
f 289 1020 1021
f 995 1059 1060
f 995 1060 1061
f 290 1019 1020
f 290 1020 289
f 288 289 1021
f 994 995 1061
f 994 1061 1062
f 996 1059 995
f 996 1058 1059
f 291 1018 1019
f 291 1019 290
f 287 1021 1022
f 287 288 1021
f 997 1058 996
f 993 994 1062
f 292 1017 1018
f 292 1018 291
f 286 1022 1023
f 286 287 1022
f 998 1058 997
f 998 1057 1058
f 992 1062 1063
f 992 993 1062
f 293 1016 1017
f 293 1017 292
f 285 286 1023
f 285 1023 1024
f 991 1063 1064
f 991 1064 538
f 991 992 1063
f 999 1056 1057
f 999 1057 998
f 284 285 1024
f 284 1024 1025
f 294 1015 1016
f 294 1016 293
f 1000 1055 1056
f 1000 1056 999
f 990 991 538
f 283 284 1025
f 283 1025 1026
f 283 1026 1054
f 282 1014 1015
f 282 1015 294
f 989 990 538
f 988 1054 1055
f 988 1055 1000
f 281 1027 1014
f 281 1014 282
f 281 280 1027
f 1001 989 538
f 976 283 1054
f 976 1054 988
f 976 295 283
f 977 307 295
f 977 295 976
f 978 306 307
f 978 307 977
f 979 305 306
f 979 306 978
f 304 305 979
f 980 304 979
f 303 304 980
f 981 303 980
f 982 303 981
f 982 302 303
f 983 302 982
f 983 301 302
f 984 301 983
f 984 300 301
f 299 300 984
f 985 299 984
f 986 299 985
f 986 298 299
f 987 298 986
f 987 297 298
f 975 296 297
f 975 297 987
f 308 296 975
f 962 308 975
f 943 1007 1008
f 943 1008 1009
f 318 968 317
f 318 967 968
f 316 317 968
f 316 968 969
f 944 1007 943
f 942 943 1009
f 942 1009 1010
f 319 967 318
f 319 966 967
f 315 316 969
f 315 969 970
f 945 1007 944
f 945 1006 1007
f 941 942 1010
f 320 966 319
f 320 964 965
f 320 965 966
f 314 315 970
f 314 970 971
f 946 1006 945
f 946 1005 1006
f 940 941 1010
f 940 1010 1011
f 321 964 320
f 313 971 972
f 313 314 971
f 939 1011 1012
f 939 940 1011
f 947 1005 946
f 947 1004 1005
f 312 313 972
f 312 972 973
f 322 964 321
f 322 963 964
f 948 1004 947
f 948 1002 1003
f 948 1003 1004
f 938 1012 1013
f 938 939 1012
f 311 973 974
f 311 312 973
f 310 962 963
f 310 963 322
f 937 1013 1001
f 937 1001 538
f 937 938 1013
f 936 974 1002
f 936 311 974
f 936 1002 948
f 309 308 962
f 309 962 310
f 323 311 936
f 949 937 538
f 924 323 936
f 925 335 323
f 925 323 924
f 926 334 335
f 926 335 925
f 927 334 926
f 927 333 334
f 928 333 927
f 928 332 333
f 929 332 928
f 929 331 332
f 930 331 929
f 930 330 331
f 931 329 330
f 931 330 930
f 328 329 931
f 932 328 931
f 933 327 328
f 933 328 932
f 326 327 933
f 934 326 933
f 935 325 326
f 935 326 934
f 324 325 935
f 923 324 935
f 336 324 923
f 891 956 957
f 346 915 916
f 346 916 345
f 344 916 917
f 344 345 916
f 892 955 956
f 892 956 891
f 890 891 957
f 347 914 915
f 347 915 346
f 343 917 918
f 343 344 917
f 893 954 955
f 893 955 892
f 889 890 957
f 889 957 958
f 348 912 913
f 348 913 914
f 348 914 347
f 342 343 918
f 342 918 919
f 342 919 920
f 894 954 893
f 894 953 954
f 888 889 958
f 888 958 959
f 341 342 920
f 349 911 912
f 349 912 348
f 895 953 894
f 895 952 953
f 887 888 959
f 887 959 960
f 340 341 920
f 340 920 921
f 350 911 349
f 896 952 895
f 896 951 952
f 886 887 960
f 886 960 961
f 339 921 922
f 339 340 921
f 339 922 950
f 338 910 911
f 338 911 350
f 885 961 949
f 885 886 961
f 884 951 896
f 884 950 951
f 337 923 910
f 337 910 338
f 337 336 923
f 351 339 950
f 872 950 884
f 872 351 950
f 873 351 872
f 873 363 351
f 874 363 873
f 874 362 363
f 875 361 362
f 875 362 874
f 876 360 361
f 876 361 875
f 877 359 360
f 877 360 876
f 878 358 359
f 878 359 877
f 357 358 878
f 879 357 878
f 880 356 357
f 880 357 879
f 881 356 880
f 881 355 356
f 354 355 881
f 882 354 881
f 883 354 882
f 883 353 354
f 352 353 883
f 871 352 883
f 364 352 871
f 858 364 871
f 839 903 904
f 839 904 905
f 374 864 373
f 374 863 864
f 372 373 864
f 372 864 865
f 372 865 866
f 840 903 839
f 838 839 905
f 371 372 866
f 375 863 374
f 375 862 863
f 841 903 840
f 841 902 903
f 837 838 905
f 837 905 906
f 376 862 375
f 376 860 861
f 376 861 862
f 370 866 867
f 370 867 868
f 370 371 866
f 842 902 841
f 842 901 902
f 836 837 906
f 836 906 907
f 369 868 869
f 369 370 868
f 377 860 376
f 843 901 842
f 843 900 901
f 835 836 907
f 835 907 908
f 368 369 869
f 378 860 377
f 378 859 860
f 844 900 843
f 844 899 900
f 367 368 869
f 367 869 870
f 366 858 859
f 366 859 378
f 832 870 898
f 832 898 899
f 832 899 844
f 365 364 858
f 365 858 366
f 820 870 832
f 820 367 870
f 820 379 367
f 821 379 820
f 821 391 379
f 822 391 821
f 822 390 391
f 823 390 822
f 823 389 390
f 537 949 538
f 537 833 834
f 537 834 835
f 537 885 949
f 537 845 833
f 537 855 856
f 537 856 857
f 537 857 845
f 537 897 885
f 537 835 908
f 537 908 909
f 537 909 897
f 388 389 823
f 854 855 537
f 824 388 823
f 853 854 537
f 825 388 824
f 825 387 388
f 852 853 537
f 826 387 825
f 826 386 387
f 385 386 826
f 851 852 537
f 827 385 826
f 850 851 537
f 828 385 827
f 828 384 385
f 829 384 828
f 829 383 384
f 830 383 829
f 830 382 383
f 381 382 830
f 831 381 830
f 819 380 381
f 819 381 831
f 536 846 847
f 536 847 848
f 536 848 849
f 536 849 850
f 536 850 537
f 392 380 819
f 402 811 812
f 402 812 401
f 400 401 812
f 400 812 813
f 788 535 787
f 786 787 535
f 399 813 814
f 399 814 815
f 399 400 813
f 403 810 811
f 403 811 402
f 789 535 788
f 789 536 535
f 785 786 535
f 404 809 810
f 404 810 403
f 398 815 816
f 398 399 815
f 790 536 789
f 784 785 535
f 397 398 816
f 405 808 809
f 405 809 404
f 791 536 790
f 783 784 535
f 396 816 817
f 396 397 816
f 406 808 405
f 406 807 808
f 792 536 791
f 782 783 535
f 395 817 818
f 395 396 817
f 395 818 846
f 394 807 406
f 394 806 807
f 781 782 535
f 780 846 536
f 780 536 792
f 393 819 806
f 393 806 394
f 393 392 819
f 793 781 535
f 768 395 846
f 768 407 395
f 768 846 780
f 419 407 768
f 805 793 535
f 769 419 768
f 804 805 535
f 770 418 419
f 770 419 769
f 771 417 418
f 771 418 770
f 772 416 417
f 772 417 771
f 773 415 416
f 773 416 772
f 774 415 773
f 774 414 415
f 413 414 774
f 775 413 774
f 776 413 775
f 776 412 413
f 411 412 776
f 777 411 776
f 778 410 411
f 778 411 777
f 779 409 410
f 779 410 778
f 767 408 409
f 767 409 779
f 420 408 767
f 430 759 760
f 430 760 429
f 428 760 761
f 428 761 762
f 428 429 760
f 734 735 800
f 734 800 801
f 736 800 735
f 736 799 800
f 427 428 762
f 431 758 759
f 431 759 430
f 737 799 736
f 737 798 799
f 733 734 801
f 733 801 802
f 733 802 803
f 432 757 758
f 432 758 431
f 426 762 763
f 426 427 762
f 738 797 798
f 738 798 737
f 732 803 804
f 732 733 803
f 425 763 764
f 425 426 763
f 433 756 757
f 433 757 432
f 739 796 797
f 739 797 738
f 731 804 535
f 731 732 804
f 434 755 756
f 434 756 433
f 424 764 765
f 424 765 766
f 424 425 764
f 740 796 739
f 740 794 795
f 740 795 796
f 730 731 535
f 423 424 766
f 422 754 755
f 422 755 434
f 729 730 535
f 728 794 740
f 421 754 422
f 421 420 767
f 421 767 754
f 741 729 535
f 716 794 728
f 716 435 423
f 716 423 766
f 716 766 794
f 717 435 716
f 717 447 435
f 718 446 447
f 718 447 717
f 719 445 446
f 719 446 718
f 720 444 445
f 720 445 719
f 721 443 444
f 721 444 720
f 722 442 443
f 722 443 721
f 723 441 442
f 723 442 722
f 724 440 441
f 724 441 723
f 725 439 440
f 725 440 724
f 726 438 439
f 726 439 725
f 437 438 726
f 727 437 726
f 715 437 727
f 715 436 437
f 448 436 715
f 457 707 708
f 458 707 457
f 458 706 707
f 456 708 709
f 456 709 710
f 456 457 708
f 682 748 749
f 682 749 750
f 682 683 748
f 684 747 748
f 684 748 683
f 459 706 458
f 459 705 706
f 455 456 710
f 685 745 746
f 685 746 747
f 685 747 684
f 681 682 750
f 460 705 459
f 454 710 711
f 454 455 710
f 686 745 685
f 680 750 751
f 680 681 750
f 461 705 460
f 461 703 704
f 461 704 705
f 453 711 712
f 453 454 711
f 687 744 745
f 687 745 686
f 679 751 752
f 679 752 753
f 679 680 751
f 452 712 713
f 452 453 712
f 462 703 461
f 462 702 703
f 688 743 744
f 688 744 687
f 678 679 753
f 451 713 714
f 451 714 742
f 451 452 713
f 450 702 462
f 677 741 535
f 677 678 753
f 677 753 741
f 676 743 688
f 676 742 743
f 449 715 702
f 449 702 450
f 449 448 715
f 689 677 535
f 664 451 742
f 664 463 451
f 664 742 676
f 475 463 664
f 665 475 664
f 666 474 475
f 666 475 665
f 473 474 666
f 667 473 666
f 668 473 667
f 668 472 473
f 471 472 668
f 669 471 668
f 670 471 669
f 670 470 471
f 671 470 670
f 671 469 470
f 672 469 671
f 672 468 469
f 673 467 468
f 673 468 672
f 674 467 673
f 674 466 467
f 465 466 674
f 675 465 674
f 464 465 675
f 663 464 675
f 476 464 663
f 486 655 656
f 486 656 485
f 484 656 657
f 484 657 658
f 484 485 656
f 630 631 696
f 630 696 697
f 632 696 631
f 632 695 696
f 487 654 655
f 487 655 486
f 483 484 658
f 633 695 632
f 633 693 694
f 633 694 695
f 629 630 697
f 629 697 698
f 488 653 654
f 488 654 487
f 482 658 659
f 482 659 660
f 482 483 658
f 634 693 633
f 628 629 698
f 628 698 699
f 481 482 660
f 481 660 661
f 489 651 652
f 489 652 653
f 489 653 488
f 635 693 634
f 635 691 692
f 635 692 693
f 627 628 699
f 627 699 700
f 490 651 489
f 480 481 661
f 636 691 635
f 636 690 691
f 626 627 700
f 626 700 701
f 479 480 661
f 479 661 662
f 478 651 490
f 478 650 651
f 625 626 701
f 625 701 689
f 624 690 636
f 477 650 478
f 477 476 663
f 477 663 650
f 491 479 662
f 612 690 624
f 612 491 662
f 612 662 690
f 613 491 612
f 613 503 491
f 614 503 613
f 614 502 503
f 615 502 614
f 615 501 502
f 616 501 615
f 616 500 501
f 617 500 616
f 617 499 500
f 498 499 617
f 618 498 617
f 619 498 618
f 619 497 498
f 620 497 619
f 620 496 497
f 495 496 620
f 621 495 620
f 622 495 621
f 622 494 495
f 493 494 622
f 623 493 622
f 611 493 623
f 611 492 493
f 504 492 611
f 513 604 605
f 579 643 644
f 514 604 513
f 514 602 603
f 514 603 604
f 512 513 605
f 578 579 644
f 578 644 645
f 580 643 579
f 511 512 605
f 511 605 606
f 515 602 514
f 581 642 643
f 581 643 580
f 577 645 646
f 577 578 645
f 510 606 607
f 510 511 606
f 516 602 515
f 516 601 602
f 582 641 642
f 582 642 581
f 576 646 647
f 576 577 646
f 509 607 608
f 509 510 607
f 517 601 516
f 517 599 600
f 517 600 601
f 583 640 641
f 583 641 582
f 575 647 648
f 575 576 647
f 508 608 609
f 508 609 610
f 508 509 608
f 518 599 517
f 584 639 640
f 584 640 583
f 574 648 649
f 574 575 648
f 507 508 610
f 506 598 599
f 506 599 518
f 572 638 639
f 572 639 584
f 505 611 598
f 505 598 506
f 505 504 611
f 560 519 507
f 560 610 638
f 560 638 572
f 560 507 610
f 531 519 560
f 561 531 560
f 562 531 561
f 562 530 531
f 529 530 562
f 563 529 562
f 564 529 563
f 564 528 529
f 565 527 528
f 565 528 564
f 566 526 527
f 566 527 565
f 525 526 566
f 567 525 566
f 568 524 525
f 568 525 567
f 523 524 568
f 569 523 568
f 570 522 523
f 570 523 569
f 521 522 570
f 571 521 570
f 559 520 521
f 559 521 571
f 534 637 625
f 534 649 637
f 534 625 689
f 534 574 649
f 534 573 574
f 534 689 535
f 534 585 573
f 534 586 587
f 534 587 588
f 534 588 589
f 534 589 590
f 534 590 591
f 534 591 592
f 534 592 593
f 534 593 594
f 534 594 595
f 534 595 596
f 534 596 597
f 534 597 585
f 532 520 559
f 558 586 534
f 546 532 559
f 533 546 547
f 533 547 548
f 533 548 549
f 533 549 550
f 533 550 551
f 533 551 552
f 533 552 553
f 533 553 554
f 533 554 555
f 533 555 556
f 533 556 557
f 533 557 558
f 533 558 534
f 533 532 546
f 543 1457 544
f 543 1469 1457
f 1638 1587 1639
f 1586 1638 1637
f 1586 1587 1638
f 1599 1586 1637
f 1598 1637 1636
f 1598 1599 1637
f 1597 1635 1634
f 1597 1636 1635
f 1597 1598 1636
f 1596 1597 1634
f 1595 1634 1633
f 1595 1596 1634
f 1594 1633 1632
f 1594 1595 1633
f 1631 1592 1593
f 1631 1593 1594
f 1631 1594 1632
f 1630 1592 1631
f 1629 1591 1592
f 1629 1592 1630
f 1628 1590 1591
f 1628 1591 1629
f 1627 1590 1628
f 1627 1588 1589
f 1627 1589 1590
f 1626 1588 1627
f 1601 545 1613
f 544 545 1601
f 1625 1588 1626
f 1625 1600 1588
f 1625 1612 1600
f 1614 1601 1602
f 1614 544 1601
f 1624 1611 1612
f 1624 1612 1625
f 1623 1611 1624
f 1623 1610 1611
f 1615 1602 1603
f 1615 1603 1604
f 1615 1614 1602
f 1622 1610 1623
f 1616 1615 1604
f 1621 1608 1609
f 1621 1609 1610
f 1621 1610 1622
f 1617 1604 1605
f 1617 1605 1606
f 1617 1616 1604
f 1620 1608 1621
f 1618 1617 1606
f 1619 1606 1607
f 1619 1607 1608
f 1619 1608 1620
f 1619 1618 1606
f 1641 1640 1642
f 1643 1641 1642
f 1646 1647 1645
f 1644 1646 1645
f 1641 1648 1640
f 1641 1649 1648
f 1650 1644 1645
f 1650 1645 1651
f 1654 1653 1652
f 1654 1655 1653
f 1654 1652 1656
f 1657 1654 1656
f 2200 1587 2199
f 2198 2199 1587
f 2201 1587 2200
f 2197 2198 1587
f 2202 1587 2201
f 2196 2197 1587
f 2203 1587 2202
f 2195 2196 1587
f 2204 1587 2203
f 2194 2195 1587
f 2205 1587 2204
f 2192 2194 1587
f 1658 1587 2205
f 1586 2192 1587
f 2206 1658 2205
f 2191 1658 2206
f 2193 2192 1586
f 2207 2191 2206
f 2190 2191 2207
f 2243 2193 1586
f 2208 2190 2207
f 2242 2243 1586
f 2189 2190 2208
f 2241 2242 1586
f 2188 2189 2208
f 2188 2208 2209
f 2240 2241 1586
f 2187 2188 2209
f 2187 2209 2210
f 2239 2240 1586
f 2186 2187 2210
f 2186 2210 2211
f 2238 2239 1586
f 2212 2186 2211
f 2185 2186 2212
f 2237 2238 1586
f 2213 2185 2212
f 2213 2184 2185
f 2236 2237 1586
f 2183 2184 2213
f 2214 2183 2213
f 2235 2236 1586
f 2182 2183 2214
f 2215 2182 2214
f 2234 2235 1586
f 2216 2181 2182
f 2216 2182 2215
f 2233 2234 1586
f 2217 2181 2216
f 2217 2180 2181
f 2232 2233 1586
f 2179 2180 2217
f 2218 2179 2217
f 2231 2232 1586
f 2230 2231 1586
f 2251 2171 2172
f 2252 2171 2251
f 2250 2172 2173
f 2250 2173 2174
f 2250 2251 2172
f 2253 2169 2170
f 2253 2170 2171
f 2253 2171 2252
f 2249 2174 2175
f 2249 2250 2174
f 2254 2169 2253
f 2248 2175 2176
f 2248 2249 2175
f 2255 2168 2169
f 2255 2169 2254
f 2247 2248 2176
f 2256 2167 2168
f 2256 2168 2255
f 2246 2176 2177
f 2246 2177 2178
f 2246 2247 2176
f 2257 2165 2166
f 2257 2166 2167
f 2257 2167 2256
f 2244 2178 2179
f 2244 2246 2178
f 2244 2179 2218
f 2258 2164 2165
f 2258 2165 2257
f 2163 2164 2258
f 2245 2244 2218
f 2245 2218 2219
f 2259 2163 2258
f 2162 2163 2259
f 2295 2219 2220
f 2295 2245 2219
f 2260 2162 2259
f 2161 2162 2260
f 2294 2295 2220
f 2294 2220 2221
f 2294 2221 2222
f 2160 2260 2261
f 2160 2161 2260
f 2293 2294 2222
f 2159 2261 2262
f 2159 2160 2261
f 2292 2222 2223
f 2292 2293 2222
f 2263 2159 2262
f 2158 2159 2263
f 2291 2223 2224
f 2291 2292 2223
f 2290 2291 2224
f 2290 2224 2225
f 2290 2225 2226
f 2264 2157 2158
f 2264 2158 2263
f 2289 2290 2226
f 2265 2156 2157
f 2265 2157 2264
f 2288 2289 2226
f 2288 2226 2227
f 2266 2156 2265
f 2266 2155 2156
f 2287 2288 2227
f 2287 2227 2228
f 2267 2154 2155
f 2267 2155 2266
f 2286 2287 2228
f 2286 2228 2229
f 2286 2229 2230
f 2153 2154 2267
f 2268 2153 2267
f 2285 2286 2230
f 2285 2230 1586
f 2269 2152 2153
f 2269 2153 2268
f 2284 2285 1586
f 2151 2152 2269
f 2270 2151 2269
f 2283 2284 1586
f 2303 2144 2145
f 2304 2144 2303
f 2304 2142 2143
f 2304 2143 2144
f 2302 2303 2145
f 2302 2145 2146
f 2305 2141 2142
f 2305 2142 2304
f 2301 2302 2146
f 2306 2141 2305
f 2300 2301 2146
f 2300 2146 2147
f 2307 2141 2306
f 2307 2139 2140
f 2307 2140 2141
f 2299 2300 2147
f 2299 2147 2148
f 2308 2139 2307
f 2308 2138 2139
f 2298 2299 2148
f 2298 2148 2149
f 2298 2149 2150
f 2309 2138 2308
f 2309 2137 2138
f 2296 2151 2270
f 2296 2298 2150
f 2296 2150 2151
f 2310 2137 2309
f 2310 2136 2137
f 2297 2296 2270
f 2297 2270 2271
f 2135 2136 2310
f 2134 2135 2310
f 2134 2310 2311
f 2347 2271 2272
f 2347 2297 2271
f 2133 2134 2311
f 2133 2311 2312
f 2346 2272 2273
f 2346 2273 2274
f 2346 2347 2272
f 2313 2133 2312
f 2132 2133 2313
f 2345 2346 2274
f 2131 2132 2313
f 2131 2313 2314
f 2344 2274 2275
f 2344 2345 2274
f 2343 2275 2276
f 2343 2344 2275
f 2130 2131 2314
f 2130 2314 2315
f 2342 2276 2277
f 2342 2277 2278
f 2342 2343 2276
f 2129 2130 2315
f 2129 2315 2316
f 2341 2278 2279
f 2341 2342 2278
f 2128 2129 2316
f 2317 2128 2316
f 2340 2341 2279
f 2318 2128 2317
f 2318 2127 2128
f 2339 2279 2280
f 2339 2340 2279
f 2319 2126 2127
f 2319 2127 2318
f 2338 2280 2281
f 2338 2339 2280
f 2125 2126 2319
f 2320 2125 2319
f 2337 2281 2282
f 2337 2338 2281
f 2124 2125 2320
f 2321 2124 2320
f 2336 2282 2283
f 2336 2337 2282
f 2336 2283 1586
f 2123 2124 2321
f 2322 2123 2321
f 2356 2116 2355
f 2356 2115 2116
f 2354 2355 2116
f 2354 2116 2117
f 2357 2115 2356
f 2357 2113 2114
f 2357 2114 2115
f 2353 2354 2117
f 2353 2117 2118
f 2358 2113 2357
f 2352 2353 2118
f 2352 2118 2119
f 2359 2112 2113
f 2359 2113 2358
f 2351 2352 2119
f 2351 2119 2120
f 2351 2120 2121
f 2360 2110 2111
f 2360 2111 2112
f 2360 2112 2359
f 2350 2351 2121
f 2350 2121 2122
f 2361 2110 2360
f 2361 2109 2110
f 2348 2123 2322
f 2348 2122 2123
f 2348 2350 2122
f 2362 2108 2109
f 2362 2109 2361
f 2107 2108 2362
f 2349 2348 2322
f 2349 2322 2323
f 2106 2362 2363
f 2106 2107 2362
f 2399 2323 2324
f 2399 2349 2323
f 2364 2106 2363
f 2105 2106 2364
f 2398 2399 2324
f 2398 2324 2325
f 2104 2364 2365
f 2104 2105 2364
f 2397 2325 2326
f 2397 2326 2327
f 2397 2398 2325
f 2366 2104 2365
f 2103 2104 2366
f 2396 2397 2327
f 2396 2327 2328
f 2367 2103 2366
f 2102 2103 2367
f 2395 2396 2328
f 2368 2102 2367
f 2101 2102 2368
f 2394 2395 2328
f 2394 2328 2329
f 2100 2101 2368
f 2393 2394 2329
f 2393 2329 2330
f 2393 2330 2331
f 2369 2100 2368
f 2392 2393 2331
f 2370 2100 2369
f 2370 2099 2100
f 2391 2392 2331
f 2391 2331 2332
f 2371 2098 2099
f 2371 2099 2370
f 2390 2391 2332
f 2390 2332 2333
f 2097 2098 2371
f 2372 2097 2371
f 2389 2390 2333
f 2389 2333 2334
f 2389 2334 2335
f 2373 2097 2372
f 2373 2096 2097
f 2388 2389 2335
f 2374 2095 2096
f 2374 2096 2373
f 2408 2086 2087
f 2408 2087 2088
f 2408 2088 2407
f 2406 2088 2089
f 2406 2407 2088
f 2409 2086 2408
f 2405 2089 2090
f 2405 2406 2089
f 2410 2086 2409
f 2410 2085 2086
f 2404 2090 2091
f 2404 2405 2090
f 2411 2083 2084
f 2411 2084 2085
f 2411 2085 2410
f 2403 2404 2091
f 2403 2091 2092
f 2412 2083 2411
f 2402 2092 2093
f 2402 2403 2092
f 2413 2083 2412
f 2413 2081 2082
f 2413 2082 2083
f 2400 2402 2093
f 2400 2093 2094
f 2400 2094 2095
f 2400 2095 2374
f 2080 2081 2413
f 2414 2080 2413
f 2079 2080 2414
f 2401 2374 2375
f 2401 2400 2374
f 2451 2401 2375
f 2451 2375 2376
f 2078 2079 2414
f 2078 2414 2415
f 2416 2078 2415
f 2450 2376 2377
f 2450 2451 2376
f 2077 2078 2416
f 2449 2377 2378
f 2449 2450 2377
f 2076 2077 2416
f 2076 2416 2417
f 2075 2076 2417
f 2075 2417 2418
f 2448 2378 2379
f 2448 2449 2378
f 2419 2075 2418
f 2447 2379 2380
f 2447 2448 2379
f 2074 2075 2419
f 2446 2380 2381
f 2446 2447 2380
f 2073 2419 2420
f 2073 2074 2419
f 2445 2381 2382
f 2445 2382 2383
f 2445 2446 2381
f 2072 2073 2420
f 2421 2072 2420
f 2444 2383 2384
f 2444 2445 2383
f 2071 2072 2421
f 2422 2071 2421
f 2443 2384 2385
f 2443 2444 2384
f 2070 2071 2422
f 2423 2070 2422
f 2442 2443 2385
f 2424 2069 2070
f 2424 2070 2423
f 2425 2069 2424
f 2425 2068 2069
f 2067 2068 2425
f 2426 2067 2425
f 2066 2067 2426
f 2459 2059 2060
f 2460 2059 2459
f 2458 2060 2061
f 2458 2459 2060
f 2461 2057 2058
f 2461 2058 2059
f 2461 2059 2460
f 2457 2061 2062
f 2457 2458 2061
f 2462 2057 2461
f 2456 2062 2063
f 2456 2457 2062
f 2463 2056 2057
f 2463 2057 2462
f 2455 2063 2064
f 2455 2064 2065
f 2455 2456 2063
f 2464 2054 2055
f 2464 2055 2056
f 2464 2056 2463
f 2454 2455 2065
f 2465 2053 2054
f 2465 2054 2464
f 2452 2065 2066
f 2452 2066 2426
f 2452 2454 2065
f 1656 2385 2386
f 1656 2386 2387
f 1656 2387 2388
f 1656 2388 2335
f 1656 2431 2432
f 1656 2432 2433
f 1656 2433 2434
f 1656 2434 2435
f 1656 2435 2436
f 1656 2436 2437
f 1656 2437 2438
f 1656 2438 2439
f 1656 2439 2440
f 1656 2440 2441
f 1656 2441 2442
f 1656 2442 2385
f 1652 2431 1656
f 1652 2427 2428
f 1652 2428 2429
f 1652 2429 2430
f 1652 2430 2431
f 2466 2052 2053
f 2466 2053 2465
f 2051 2052 2466
f 2453 2427 1652
f 2453 2426 2427
f 2453 2452 2426
f 2503 2453 1652
f 2050 2051 2466
f 2050 2466 2467
f 2502 2503 1652
f 2049 2050 2467
f 2049 2467 2468
f 2469 2049 2468
f 2501 2502 1652
f 2048 2049 2469
f 2470 2048 2469
f 2500 2501 1652
f 2047 2048 2470
f 2046 2470 2471
f 2046 2047 2470
f 2472 2046 2471
f 2045 2046 2472
f 2044 2045 2472
f 2473 2044 2472
f 2043 2044 2473
f 2474 2043 2473
f 1653 2500 1652
f 1653 2496 2497
f 1653 2497 2498
f 1653 2498 2499
f 1653 2499 2500
f 2495 2496 1653
f 2475 2043 2474
f 2475 2042 2043
f 2494 2495 1653
f 2476 2042 2475
f 2476 2041 2042
f 2493 2494 1653
f 2477 2041 2476
f 2477 2040 2041
f 2492 2493 1653
f 2039 2040 2477
f 2478 2039 2477
f 2491 2492 1653
f 2490 2491 1653
f 2489 2490 1653
f 2512 2032 2511
f 2512 2031 2032
f 2510 2511 2032
f 2510 2032 2033
f 2513 2031 2512
f 2513 2029 2030
f 2513 2030 2031
f 2509 2510 2033
f 2509 2033 2034
f 2514 2029 2513
f 2508 2509 2034
f 2508 2034 2035
f 2515 2029 2514
f 2515 2028 2029
f 2507 2035 2036
f 2507 2508 2035
f 2516 2028 2515
f 2516 2026 2027
f 2516 2027 2028
f 2506 2036 2037
f 2506 2507 2036
f 2517 2026 2516
f 2517 2025 2026
f 2504 2506 2037
f 2504 2039 2478
f 2504 2037 2038
f 2504 2038 2039
f 2518 2025 2517
f 2518 2024 2025
f 2023 2024 2518
f 2505 2478 2479
f 2505 2504 2478
f 2022 2518 2519
f 2022 2023 2518
f 2555 2505 2479
f 2555 2479 2480
f 2021 2519 2520
f 2021 2022 2519
f 2554 2480 2481
f 2554 2555 2480
f 2553 2481 2482
f 2553 2482 2483
f 2553 2554 2481
f 2020 2520 2521
f 2020 2021 2520
f 2552 2553 2483
f 2019 2521 2522
f 2019 2020 2521
f 2551 2483 2484
f 2551 2552 2483
f 2018 2522 2523
f 2018 2019 2522
f 2550 2484 2485
f 2550 2551 2484
f 2524 2018 2523
f 2017 2018 2524
f 2549 2485 2486
f 2549 2550 2485
f 2016 2017 2524
f 2525 2016 2524
f 2548 2549 2486
f 2548 2486 2487
f 2526 2016 2525
f 2526 2015 2016
f 2547 2487 2488
f 2547 2488 2489
f 2547 2548 2487
f 2527 2014 2015
f 2527 2015 2526
f 2546 2547 2489
f 2546 2489 1653
f 2528 2014 2527
f 2528 2013 2014
f 2545 2546 1653
f 2529 2013 2528
f 2529 2012 2013
f 2544 2545 1653
f 2011 2012 2529
f 2530 2011 2529
f 2543 2544 1653
f 2010 2011 2530
f 2564 2002 2003
f 2564 2003 2004
f 2564 2004 2563
f 2562 2004 2005
f 2562 2563 2004
f 2565 2001 2002
f 2565 2002 2564
f 2561 2562 2005
f 2561 2005 2006
f 2566 2001 2565
f 2560 2006 2007
f 2560 2007 2008
f 2560 2561 2006
f 2567 2001 2566
f 2567 1999 2000
f 2567 2000 2001
f 2559 2008 2009
f 2559 2560 2008
f 2568 1999 2567
f 2558 2559 2009
f 2569 1999 2568
f 2569 1997 1998
f 2569 1998 1999
f 2556 2009 2010
f 2556 2558 2009
f 2556 2010 2530
f 1996 1997 2569
f 2570 1996 2569
f 1995 1996 2570
f 2557 2556 2530
f 2557 2530 2531
f 1994 2570 2571
f 1994 1995 2570
f 2607 2557 2531
f 2607 2531 2532
f 2607 2532 2533
f 1993 2571 2572
f 1993 1994 2571
f 2606 2607 2533
f 1992 2572 2573
f 1992 1993 2572
f 2605 2606 2533
f 2605 2533 2534
f 2605 2534 2535
f 1991 2573 2574
f 1991 1992 2573
f 2604 2605 2535
f 1990 2574 2575
f 1990 1991 2574
f 2603 2604 2535
f 2603 2535 2536
f 1989 2575 2576
f 1989 1990 2575
f 2602 2603 2536
f 2602 2536 2537
f 1988 1989 2576
f 2601 2602 2537
f 2601 2537 2538
f 2577 1988 2576
f 2600 2601 2538
f 2600 2538 2539
f 2600 2539 2540
f 2578 1987 1988
f 2578 1988 2577
f 2599 2540 2541
f 2599 2600 2540
f 1986 1987 2578
f 2579 1986 2578
f 2598 2599 2541
f 2598 2541 2542
f 2580 1985 1986
f 2580 1986 2579
f 2597 2598 2542
f 2597 2542 2543
f 1984 1985 2580
f 2581 1984 2580
f 2596 2543 1653
f 2596 2597 2543
f 2582 1983 1984
f 2582 1984 2581
f 1982 1983 2582
f 2616 1975 1976
f 2616 1976 2615
f 2614 1976 1977
f 2614 2615 1976
f 2617 1973 1974
f 2617 1974 1975
f 2617 1975 2616
f 2613 1977 1978
f 2613 2614 1977
f 2618 1973 2617
f 2612 2613 1978
f 2612 1978 1979
f 2612 1979 1980
f 2619 1972 1973
f 2619 1973 2618
f 2611 2612 1980
f 2620 1971 1972
f 2620 1972 2619
f 2610 1980 1981
f 2610 2611 1980
f 2621 1969 1970
f 2621 1970 1971
f 2621 1971 2620
f 2608 1982 2582
f 2608 2610 1981
f 2608 1981 1982
f 1968 1969 2621
f 2622 1968 2621
f 1967 1968 2622
f 2609 2582 2583
f 2609 2608 2582
f 1966 2622 2623
f 1966 1967 2622
f 2659 2583 2584
f 2659 2584 2585
f 2659 2609 2583
f 1965 2623 2624
f 1965 1966 2623
f 2658 2659 2585
f 2657 2585 2586
f 2657 2586 2587
f 2657 2658 2585
f 1964 2624 2625
f 1964 1965 2624
f 2656 2657 2587
f 1963 1964 2625
f 1963 2625 2626
f 2655 2656 2587
f 2655 2587 2588
f 1962 1963 2626
f 1962 2626 2627
f 2654 2588 2589
f 2654 2655 2588
f 2628 1962 2627
f 1961 1962 2628
f 2653 2589 2590
f 2653 2654 2589
f 2629 1961 2628
f 2629 1960 1961
f 2652 2653 2590
f 2652 2590 2591
f 2652 2591 2592
f 2630 1959 1960
f 2630 1960 2629
f 2651 2652 2592
f 2651 2592 2593
f 1958 1959 2630
f 2631 1958 2630
f 2650 2651 2593
f 1957 1958 2631
f 2632 1957 2631
f 2649 2650 2593
f 2649 2593 2594
f 2649 2594 2595
f 2633 1956 1957
f 2633 1957 2632
f 2648 2649 2595
f 2634 1955 1956
f 2634 1956 2633
f 2668 1948 2667
f 2668 1947 1948
f 2666 2667 1948
f 2666 1948 1949
f 2669 1947 2668
f 2669 1945 1946
f 2669 1946 1947
f 2665 1949 1950
f 2665 2666 1949
f 2670 1945 2669
f 2670 1944 1945
f 2664 1950 1951
f 2664 1951 1952
f 2664 2665 1950
f 2671 1944 2670
f 2663 2664 1952
f 2672 1944 2671
f 2672 1943 1944
f 2662 1952 1953
f 2662 2663 1952
f 2673 1943 2672
f 2673 1941 1942
f 2673 1942 1943
f 2660 1953 1954
f 2660 1954 1955
f 2660 1955 2634
f 2660 2662 1953
f 2674 1941 2673
f 2674 1940 1941
f 1939 1940 2674
f 2661 2660 2634
f 2661 2634 2635
f 2675 1939 2674
f 2711 2661 2635
f 2711 2635 2636
f 1938 1939 2675
f 1937 2675 2676
f 1937 1938 2675
f 2710 2711 2636
f 2710 2636 2637
f 2709 2710 2637
f 2709 2637 2638
f 2709 2638 2639
f 1936 2676 2677
f 1936 1937 2676
f 2708 2709 2639
f 1935 2677 2678
f 1935 1936 2677
f 2707 2708 2639
f 2707 2639 2640
f 1934 2678 2679
f 1934 1935 2678
f 2706 2707 2640
f 2706 2640 2641
f 2706 2641 2642
f 1933 1934 2679
f 2680 1933 2679
f 2705 2706 2642
f 2681 1933 2680
f 2681 1932 1933
f 2704 2705 2642
f 2704 2642 2643
f 1931 1932 2681
f 2682 1931 2681
f 2703 2704 2643
f 2703 2643 2644
f 2703 2644 2645
f 2683 1931 2682
f 2683 1930 1931
f 2702 2703 2645
f 2684 1929 1930
f 2684 1930 2683
f 2685 1929 2684
f 2685 1928 1929
f 2686 1928 2685
f 2686 1927 1928
f 2720 1920 2719
f 2720 1919 1920
f 2718 2719 1920
f 2718 1920 1921
f 2721 1918 1919
f 2721 1919 2720
f 2717 2718 1921
f 2717 1921 1922
f 2722 1917 1918
f 2722 1918 2721
f 2716 2717 1922
f 2716 1922 1923
f 2716 1923 1924
f 2723 1916 1917
f 2723 1917 2722
f 2715 2716 1924
f 2724 1914 1915
f 2724 1915 1916
f 2724 1916 2723
f 2714 1924 1925
f 2714 1925 1926
f 2714 2715 1924
f 2725 1913 1914
f 2725 1914 2724
f 2712 1927 2686
f 2712 1926 1927
f 2712 2714 1926
f 1651 2648 2595
f 1651 2691 2692
f 1651 2692 2693
f 1651 2693 2694
f 1651 2694 2695
f 1651 2695 2696
f 1651 2595 2596
f 1651 2696 2697
f 1651 2697 2698
f 1651 2698 2699
f 1651 2699 2700
f 1651 2700 2701
f 1651 2701 2702
f 1651 2596 1653
f 1651 2645 2646
f 1651 2646 2647
f 1651 2647 2648
f 1651 2702 2645
f 1645 2687 2688
f 1645 2688 2689
f 1645 2689 2690
f 1645 2690 2691
f 1645 2691 1651
f 2726 1912 1913
f 2726 1913 2725
f 2713 2686 2687
f 2713 2712 2686
f 2713 2687 1645
f 1911 1912 2726
f 2727 1911 2726
f 1910 1911 2727
f 2763 2713 1645
f 2728 1910 2727
f 2762 2763 1645
f 1909 1910 2728
f 1908 1909 2728
f 1908 2728 2729
f 2761 2762 1645
f 2730 1908 2729
f 2760 2761 1645
f 1907 1908 2730
f 1906 1907 2730
f 1906 2730 2731
f 2732 1906 2731
f 1905 1906 2732
f 2733 1905 2732
f 2733 1904 1905
f 2734 1904 2733
f 2734 1903 1904
f 1647 2757 2758
f 1647 2758 2759
f 1647 2759 2760
f 1647 2760 1645
f 1647 2756 2757
f 2755 2756 1647
f 2735 1903 2734
f 2735 1902 1903
f 2754 2755 1647
f 2736 1901 1902
f 2736 1902 2735
f 2753 2754 1647
f 1900 1901 2736
f 2737 1900 2736
f 2752 2753 1647
f 2738 1899 1900
f 2738 1900 2737
f 2751 2752 1647
f 2750 2751 1647
f 2749 2750 1647
f 2771 1892 1893
f 2772 1892 2771
f 2772 1891 1892
f 2770 2771 1893
f 2773 1891 2772
f 2773 1890 1891
f 2769 2770 1893
f 2769 1893 1894
f 2774 1890 2773
f 2774 1889 1890
f 2768 1894 1895
f 2768 2769 1894
f 2775 1888 1889
f 2775 1889 2774
f 2767 1895 1896
f 2767 2768 1895
f 2776 1888 2775
f 2776 1886 1887
f 2776 1887 1888
f 2766 1896 1897
f 2766 2767 1896
f 2777 1885 1886
f 2777 1886 2776
f 2764 1897 1898
f 2764 1898 1899
f 2764 2766 1897
f 2764 1899 2738
f 2778 1885 2777
f 2778 1884 1885
f 1883 1884 2778
f 2765 2764 2738
f 2765 2738 2739
f 1882 2778 2779
f 1882 1883 2778
f 2815 2765 2739
f 2815 2739 2740
f 2815 2740 2741
f 1881 2779 2780
f 1881 1882 2779
f 2814 2815 2741
f 1880 2780 2781
f 1880 1881 2780
f 2813 2814 2741
f 2813 2741 2742
f 1879 2781 2782
f 1879 1880 2781
f 2812 2742 2743
f 2812 2743 2744
f 2812 2813 2742
f 2783 1879 2782
f 1878 1879 2783
f 2811 2812 2744
f 2784 1877 1878
f 2784 1878 2783
f 2810 2811 2744
f 2810 2744 2745
f 2810 2745 2746
f 1876 1877 2784
f 2809 2810 2746
f 2785 1876 2784
f 2808 2746 2747
f 2808 2809 2746
f 2786 1875 1876
f 2786 1876 2785
f 1874 1875 2786
f 2807 2747 2748
f 2807 2808 2747
f 2787 1874 2786
f 2806 2807 2748
f 2806 2748 2749
f 2806 2749 1647
f 2788 1873 1874
f 2788 1874 2787
f 2805 2806 1647
f 2789 1873 2788
f 2789 1872 1873
f 1871 1872 2789
f 2804 2805 1647
f 2790 1871 2789
f 2803 2804 1647
f 2824 1863 1864
f 2824 1864 2823
f 2822 1864 1865
f 2822 2823 1864
f 2825 1861 1862
f 2825 1862 1863
f 2825 1863 2824
f 2821 1865 1866
f 2821 1866 1867
f 2821 2822 1865
f 2826 1861 2825
f 2820 2821 1867
f 2827 1860 1861
f 2827 1861 2826
f 2819 2820 1867
f 2819 1867 1868
f 2819 1868 1869
f 2828 1858 1859
f 2828 1859 1860
f 2828 1860 2827
f 2818 2819 1869
f 2829 1857 1858
f 2829 1858 2828
f 2816 2818 1869
f 2816 1869 1870
f 2816 1870 1871
f 2830 1856 1857
f 2830 1857 2829
f 2817 1871 2790
f 2817 2816 1871
f 2817 2790 2791
f 1855 1856 2830
f 2831 1855 2830
f 1854 1855 2831
f 2867 2817 2791
f 2867 2791 2792
f 2866 2792 2793
f 2866 2867 2792
f 1853 1854 2831
f 1853 2831 2832
f 1852 1853 2832
f 1852 2832 2833
f 2865 2793 2794
f 2865 2866 2793
f 2864 2865 2794
f 2864 2794 2795
f 1851 1852 2833
f 1851 2833 2834
f 2863 2795 2796
f 2863 2864 2795
f 1850 1851 2834
f 1850 2834 2835
f 2862 2796 2797
f 2862 2797 2798
f 2862 2863 2796
f 2836 1850 2835
f 1849 1850 2836
f 2861 2862 2798
f 1848 1849 2836
f 2837 1848 2836
f 2860 2861 2798
f 2860 2798 2799
f 2860 2799 2800
f 2838 1848 2837
f 2838 1847 1848
f 2859 2860 2800
f 1846 1847 2838
f 2839 1846 2838
f 2858 2800 2801
f 2858 2801 2802
f 2858 2859 2800
f 2840 1846 2839
f 2840 1845 1846
f 2857 2858 2802
f 2841 1845 2840
f 2841 1844 1845
f 2856 2802 2803
f 2856 2803 1647
f 2856 2857 2802
f 2842 1844 2841
f 2842 1843 1844
f 2855 2856 1647
f 1842 1843 2842
f 2843 1842 2842
f 2875 1835 1836
f 2876 1835 2875
f 2874 2875 1836
f 2874 1836 1837
f 2877 1835 2876
f 2877 1833 1834
f 2877 1834 1835
f 2873 2874 1837
f 2873 1837 1838
f 2873 1838 1839
f 2878 1833 2877
f 2872 2873 1839
f 2879 1833 2878
f 2879 1832 1833
f 2871 2872 1839
f 2871 1839 1840
f 2880 1832 2879
f 2880 1830 1831
f 2880 1831 1832
f 2870 2871 1840
f 2870 1840 1841
f 2881 1830 2880
f 2881 1829 1830
f 2868 2870 1841
f 2868 1841 1842
f 2882 1829 2881
f 2882 1828 1829
f 1827 1828 2882
f 2869 2868 1842
f 2869 1842 2843
f 1826 2882 2883
f 1826 1827 2882
f 2919 2869 2843
f 2919 2843 2844
f 2919 2844 2845
f 1825 2883 2884
f 1825 1826 2883
f 2918 2919 2845
f 2918 2845 2846
f 1824 2884 2885
f 1824 1825 2884
f 2917 2918 2846
f 2916 2846 2847
f 2916 2847 2848
f 2916 2917 2846
f 1823 2885 2886
f 1823 1824 2885
f 1822 1823 2886
f 1822 2886 2887
f 2915 2916 2848
f 1821 2887 2888
f 1821 1822 2887
f 2914 2915 2848
f 2914 2848 2849
f 2914 2849 2850
f 2913 2914 2850
f 1820 1821 2888
f 2889 1820 2888
f 2912 2913 2850
f 2912 2850 2851
f 2890 1820 2889
f 2890 1819 1820
f 2911 2912 2851
f 2911 2851 2852
f 1818 1819 2890
f 2891 1818 2890
f 2910 2911 2852
f 2910 2852 2853
f 2892 1818 2891
f 2892 1817 1818
f 2909 2910 2853
f 2909 2853 2854
f 2893 1817 2892
f 2893 1816 1817
f 2908 2909 2854
f 2908 2854 2855
f 1815 1816 2893
f 2894 1815 2893
f 1814 1815 2894
f 2927 1807 1808
f 2927 1808 1809
f 2928 1806 1807
f 2928 1807 2927
f 2926 1809 1810
f 2926 2927 1809
f 2929 1806 2928
f 2929 1805 1806
f 2925 2926 1810
f 2925 1810 1811
f 2930 1805 2929
f 2924 2925 1811
f 2931 1803 1804
f 2931 1804 1805
f 2931 1805 2930
f 2923 1811 1812
f 2923 1812 1813
f 2923 2924 1811
f 2932 1803 2931
f 2932 1802 1803
f 2922 2923 1813
f 2933 1802 2932
f 2933 1801 1802
f 2920 1814 2894
f 2920 1813 1814
f 2920 2922 1813
f 2934 1801 2933
f 2934 1800 1801
f 2921 2920 2894
f 2921 2894 2895
f 2921 2895 2896
f 1799 1800 2934
f 1798 1799 2934
f 1798 2934 2935
f 2971 2921 2896
f 2970 2971 2896
f 2970 2896 2897
f 2970 2897 2898
f 1797 1798 2935
f 1797 2935 2936
f 1796 1797 2936
f 1796 2936 2937
f 2969 2970 2898
f 2968 2898 2899
f 2968 2969 2898
f 1795 1796 2937
f 1795 2937 2938
f 2967 2968 2899
f 2967 2899 2900
f 2967 2900 2901
f 1794 1795 2938
f 1794 2938 2939
f 2966 2901 2902
f 2966 2967 2901
f 1793 1794 2939
f 1793 2939 2940
f 2965 2966 2902
f 2941 1792 1793
f 2941 1793 2940
f 2964 2902 2903
f 2964 2965 2902
f 2942 1791 1792
f 2942 1792 2941
f 2963 2903 2904
f 2963 2964 2903
f 1790 1791 2942
f 2943 1790 2942
f 2962 2904 2905
f 2962 2963 2904
f 2944 1789 1790
f 2944 1790 2943
f 2945 1788 1789
f 2945 1789 2944
f 2946 1788 2945
f 2946 1787 1788
f 2947 1787 2946
f 2980 1779 1780
f 2980 1780 2979
f 2978 1780 1781
f 2978 2979 1780
f 2981 1777 1778
f 2981 1778 1779
f 2981 1779 2980
f 2977 2978 1781
f 2977 1781 1782
f 2982 1776 1777
f 2982 1777 2981
f 2976 1782 1783
f 2976 2977 1782
f 2983 1776 2982
f 2975 1783 1784
f 2975 2976 1783
f 2984 1775 1776
f 2984 1776 2983
f 2974 1784 1785
f 2974 1785 1786
f 2974 2975 1784
f 2985 1773 1774
f 2985 1775 2984
f 2985 1774 1775
f 2972 1786 1787
f 2972 2974 1786
f 1642 2959 2960
f 1642 2960 2961
f 1642 2961 2962
f 1642 2908 2855
f 1642 2962 2905
f 1642 2905 2906
f 1642 2906 2907
f 1642 2907 2908
f 1642 2855 1647
f 1642 2951 2952
f 1642 2952 2953
f 1642 2953 2954
f 1642 2954 2955
f 1642 2955 2956
f 1642 2956 2957
f 1642 2957 2958
f 1642 2958 2959
f 1640 2951 1642
f 1640 2947 2948
f 1640 2948 2949
f 1640 2949 2950
f 1640 2950 2951
f 2986 1772 1773
f 2986 1773 2985
f 1771 1772 2986
f 2973 2947 1640
f 2973 1787 2947
f 2973 2972 1787
f 1770 1771 2986
f 1770 2986 2987
f 3023 2973 1640
f 1769 1770 2987
f 1769 2987 2988
f 3022 3023 1640
f 1768 1769 2988
f 1768 2988 2989
f 3021 3022 1640
f 1767 1768 2989
f 1767 2989 2990
f 3020 3021 1640
f 1766 1767 2990
f 1766 2990 2991
f 2992 1765 1766
f 2992 1766 2991
f 2993 1764 1765
f 2993 1765 2992
f 2994 1763 1764
f 2994 1764 2993
f 1648 3020 1640
f 1648 3016 3017
f 1648 3017 3018
f 1648 3018 3019
f 1648 3019 3020
f 3015 3016 1648
f 2995 1762 1763
f 2995 1763 2994
f 1761 1762 2995
f 3014 3015 1648
f 2996 1761 2995
f 3013 3014 1648
f 2997 1760 1761
f 2997 1761 2996
f 1759 1760 2997
f 3012 3013 1648
f 2998 1759 2997
f 3011 3012 1648
f 2999 1759 2998
f 3010 3011 1648
f 3009 3010 1648
f 3032 1750 1751
f 3032 1751 1752
f 3032 1752 3031
f 3030 1752 1753
f 3030 1753 1754
f 3030 3031 1752
f 3033 1750 3032
f 3029 3030 1754
f 3034 1748 1749
f 3034 1749 1750
f 3034 1750 3033
f 3028 1754 1755
f 3028 3029 1754
f 3035 1748 3034
f 3027 1755 1756
f 3027 3028 1755
f 3027 1756 1757
f 3036 1747 1748
f 3036 1748 3035
f 3026 3027 1757
f 3037 1747 3036
f 3037 1745 1746
f 3037 1746 1747
f 3024 1757 1758
f 3024 3026 1757
f 1744 1745 3037
f 3038 1744 3037
f 1743 1744 3038
f 3025 1758 1759
f 3025 2999 3000
f 3025 3024 1758
f 3025 1759 2999
f 1742 1743 3038
f 1742 3038 3039
f 3075 3000 3001
f 3075 3025 3000
f 1741 1742 3039
f 1741 3039 3040
f 3074 3075 3001
f 3074 3001 3002
f 1740 1741 3040
f 1740 3040 3041
f 3073 3074 3002
f 3072 3002 3003
f 3072 3073 3002
f 1739 1740 3041
f 1739 3041 3042
f 1738 1739 3042
f 1738 3042 3043
f 3071 3003 3004
f 3071 3004 3005
f 3071 3072 3003
f 1737 3043 3044
f 1737 1738 3043
f 3070 3071 3005
f 3069 3005 3006
f 3069 3070 3005
f 3045 1736 1737
f 3045 1737 3044
f 3068 3006 3007
f 3068 3069 3006
f 3046 1736 3045
f 3046 1735 1736
f 3067 3068 3007
f 3067 3007 3008
f 1734 1735 3046
f 3047 1734 3046
f 3066 3009 1648
f 3066 3067 3008
f 3066 3008 3009
f 3048 1733 1734
f 3048 1734 3047
f 3065 3066 1648
f 1732 1733 3048
f 3049 1732 3048
f 3064 3065 1648
f 1731 1732 3049
f 3050 1731 3049
f 3063 3064 1648
f 3051 1731 3050
f 3051 1730 1731
f 3083 1723 1724
f 3084 1723 3083
f 3082 3083 1724
f 3082 1724 1725
f 3082 1725 1726
f 3085 1723 3084
f 3085 1721 1722
f 3085 1722 1723
f 3081 3082 1726
f 3081 1726 1727
f 3086 1721 3085
f 3080 3081 1727
f 3087 1721 3086
f 3087 1720 1721
f 3079 3080 1727
f 3079 1727 1728
f 3088 1720 3087
f 3088 1719 1720
f 3078 3079 1728
f 3078 1728 1729
f 3089 1719 3088
f 3089 1717 1718
f 3089 1718 1719
f 3076 3078 1729
f 3076 1729 1730
f 1716 1717 3089
f 3090 1716 3089
f 3077 3076 1730
f 3077 1730 3051
f 1715 1716 3090
f 3127 3077 3051
f 3127 3051 3052
f 3127 3052 3053
f 1714 1715 3090
f 1714 3090 3091
f 3126 3127 3053
f 1713 1714 3091
f 1713 3091 3092
f 3125 3126 3053
f 3125 3053 3054
f 1712 3092 3093
f 1712 1713 3092
f 3124 3125 3054
f 3124 3054 3055
f 1711 1712 3093
f 1711 3093 3094
f 3123 3124 3055
f 3123 3055 3056
f 3123 3056 3057
f 1710 3094 3095
f 1710 1711 3094
f 3122 3123 3057
f 1709 3095 3096
f 1709 1710 3095
f 3121 3122 3057
f 3121 3057 3058
f 3121 3058 3059
f 3097 1709 3096
f 3097 1708 1709
f 3120 3121 3059
f 3098 1708 3097
f 3098 1707 1708
f 3119 3120 3059
f 3119 3059 3060
f 3099 1707 3098
f 3099 1706 1707
f 3118 3060 3061
f 3118 3119 3060
f 1705 1706 3099
f 3100 1705 3099
f 3117 3061 3062
f 3117 3118 3061
f 3101 1704 1705
f 3101 1705 3100
f 3116 3062 3063
f 3116 3063 1648
f 3116 3117 3062
f 1703 1704 3101
f 3102 1703 3101
f 3115 3116 1648
f 3135 1696 1697
f 3136 1696 3135
f 3136 1695 1696
f 3134 3135 1697
f 3137 1693 1694
f 3137 1694 1695
f 3137 1695 3136
f 3133 3134 1697
f 3133 1697 1698
f 3133 1698 1699
f 3138 1693 3137
f 3132 3133 1699
f 3139 1691 1692
f 3139 1692 1693
f 3139 1693 3138
f 3131 3132 1699
f 3131 1699 1700
f 3140 1691 3139
f 3130 3131 1700
f 3130 1700 1701
f 3130 1701 1702
f 3141 1689 1690
f 3141 1690 1691
f 3141 1691 3140
f 3128 1702 1703
f 3128 3130 1702
f 3128 1703 3102
f 3142 1688 1689
f 3142 1689 3141
f 3129 3128 3102
f 3129 3102 3103
f 1687 1688 3142
f 3143 1687 3142
f 1686 1687 3143
f 3179 3103 3104
f 3179 3129 3103
f 3178 3179 3104
f 3178 3104 3105
f 1685 3143 3144
f 1685 1686 3143
f 1684 3144 3145
f 1684 1685 3144
f 3177 3105 3106
f 3177 3178 3105
f 3146 1684 3145
f 3176 3177 3106
f 3176 3106 3107
f 1683 1684 3146
f 3175 3107 3108
f 3175 3108 3109
f 3175 3176 3107
f 1682 3146 3147
f 1682 1683 3146
f 3148 1682 3147
f 3174 3175 3109
f 1681 1682 3148
f 3173 3174 3109
f 3173 3109 3110
f 1680 1681 3148
f 3149 1680 3148
f 3172 3173 3110
f 3172 3110 3111
f 3172 3111 3112
f 3150 1680 3149
f 3150 1679 1680
f 3171 3172 3112
f 3171 3112 3113
f 3151 1679 3150
f 3151 1678 1679
f 3170 3171 3113
f 3152 1678 3151
f 3152 1677 1678
f 3169 3170 3113
f 3169 3113 3114
f 3153 1676 1677
f 3153 1677 3152
f 3168 3169 3114
f 3168 3114 3115
f 1675 1676 3153
f 3154 1675 3153
f 3155 1675 3154
f 3187 1667 1668
f 3188 1667 3187
f 3186 1668 1669
f 3186 3187 1668
f 3189 1667 3188
f 3189 1665 1666
f 3189 1666 1667
f 3185 3186 1669
f 3185 1669 1670
f 3190 1665 3189
f 3190 1664 1665
f 3184 3185 1670
f 3184 1670 1671
f 3184 1671 1672
f 3191 1664 3190
f 3183 3184 1672
f 3192 1664 3191
f 3192 1663 1664
f 3182 3183 1672
f 3182 1672 1673
f 3193 1661 1662
f 3193 1662 1663
f 3193 1663 3192
f 3180 3182 1673
f 3180 1673 1674
f 3180 1674 1675
f 3194 1661 3193
f 3181 3180 1675
f 3181 1675 3155
f 3231 3181 3155
f 3231 3155 3156
f 3231 3156 3157
f 3230 3231 3157
f 3229 3230 3157
f 3229 3157 3158
f 3228 3229 3158
f 3228 3158 3159
f 3227 3228 3159
f 3227 3159 3160
f 3227 3160 3161
f 1660 3194 3195
f 1660 1661 3194
f 1660 3195 3196
f 1660 3196 3197
f 1660 3197 3198
f 1660 3198 3199
f 3200 1660 3199
f 3226 3227 3161
f 3225 3161 3162
f 3225 3226 3161
f 3201 1660 3200
f 3224 3162 3163
f 3224 3225 3162
f 3202 1660 3201
f 3223 3163 3164
f 3223 3224 3163
f 3203 1660 3202
f 3222 3164 3165
f 3222 3223 3164
f 3204 1660 3203
f 3221 3165 3166
f 3221 3222 3165
f 3205 1660 3204
f 3206 1660 3205
f 1659 3166 3167
f 1659 3167 3168
f 1659 3206 3207
f 1659 3207 3208
f 1659 3208 3209
f 1659 3209 3210
f 1659 3210 3211
f 1659 3211 3212
f 1659 3212 3213
f 1659 3213 3214
f 1659 3214 3215
f 1659 3215 3216
f 1659 3216 3217
f 1659 3217 3218
f 1659 3218 3219
f 1659 3219 3220
f 1659 3220 3221
f 1659 3168 3115
f 1659 3221 3166
f 1659 1660 3206
f 1659 3115 1648
f 1586 1656 2335
f 1586 2335 2336
f 3811 3812 1639
f 3813 1639 3812
f 3810 3811 1639
f 3814 1639 3813
f 3809 3810 1639
f 3815 1639 3814
f 3808 3809 1639
f 3816 1639 3815
f 3807 3808 1639
f 3817 1639 3816
f 3806 3807 1639
f 3805 1639 3817
f 3765 3806 1639
f 1638 1639 3805
f 3778 3806 3765
f 3753 3778 3765
f 3793 1638 3805
f 3777 3778 3753
f 3754 3777 3753
f 3794 1638 3793
f 3776 3777 3754
f 3755 3776 3754
f 3795 1638 3794
f 3796 1638 3795
f 3756 3776 3755
f 3756 3775 3776
f 3797 1638 3796
f 3757 3775 3756
f 3757 3774 3775
f 3773 3774 3757
f 3798 1638 3797
f 3758 3773 3757
f 3799 1638 3798
f 3772 3773 3758
f 3759 3772 3758
f 3800 1638 3799
f 3760 3772 3759
f 3771 3772 3760
f 3801 1638 3800
f 3761 3771 3760
f 3770 3771 3761
f 3802 1638 3801
f 3762 3770 3761
f 3769 3770 3762
f 3803 1638 3802
f 3763 3769 3762
f 3768 3769 3763
f 3804 1638 3803
f 3764 3768 3763
f 3767 3768 3764
f 3792 1638 3804
f 3766 3764 3752
f 3766 3767 3764
f 3780 1638 3792
f 3781 1638 3780
f 3864 3745 3746
f 3864 3746 3747
f 3863 3864 3747
f 3865 3744 3745
f 3865 3745 3864
f 3862 3747 3748
f 3862 3748 3749
f 3862 3863 3747
f 3866 3744 3865
f 3861 3862 3749
f 3867 3744 3866
f 3867 3742 3743
f 3867 3743 3744
f 3860 3749 3750
f 3860 3750 3751
f 3860 3861 3749
f 3868 3742 3867
f 3868 3741 3742
f 3859 3751 3739
f 3859 3860 3751
f 3869 3741 3868
f 3858 3739 3738
f 3858 3859 3739
f 3857 3766 3752
f 3857 3740 3741
f 3857 3752 3740
f 3857 3741 3869
f 3857 3779 3766
f 3830 3738 3737
f 3830 3858 3738
f 3725 3830 3737
f 3845 3779 3857
f 3726 3829 3830
f 3726 3830 3725
f 3846 3779 3845
f 3846 3791 3779
f 3828 3829 3726
f 3727 3828 3726
f 3847 3790 3791
f 3847 3791 3846
f 3728 3827 3828
f 3728 3828 3727
f 3848 3789 3790
f 3848 3790 3847
f 3729 3826 3827
f 3729 3827 3728
f 3849 3788 3789
f 3849 3789 3848
f 3730 3826 3729
f 3730 3825 3826
f 3850 3787 3788
f 3850 3788 3849
f 3824 3730 3731
f 3824 3825 3730
f 3851 3787 3850
f 3851 3785 3786
f 3851 3786 3787
f 3852 3785 3851
f 3823 3824 3731
f 3823 3731 3732
f 3853 3784 3785
f 3853 3785 3852
f 3822 3732 3733
f 3822 3823 3732
f 3854 3784 3853
f 3854 3783 3784
f 3821 3733 3734
f 3821 3822 3733
f 3855 3783 3854
f 3855 3782 3783
f 3735 3821 3734
f 3820 3821 3735
f 3856 3782 3855
f 3856 3781 3782
f 3856 1638 3781
f 3819 3735 3736
f 3819 3820 3735
f 3844 1638 3856
f 3724 3819 3736
f 3818 3819 3724
f 3832 1638 3844
f 3916 3718 3719
f 3915 3916 3719
f 3917 3718 3916
f 3917 3717 3718
f 3914 3719 3720
f 3914 3915 3719
f 3918 3717 3917
f 3918 3716 3717
f 3913 3914 3720
f 3913 3720 3721
f 3919 3716 3918
f 3919 3714 3715
f 3919 3715 3716
f 3912 3721 3722
f 3912 3722 3723
f 3912 3913 3721
f 3920 3714 3919
f 3911 3912 3723
f 3911 3723 3711
f 3921 3714 3920
f 3921 3713 3714
f 3910 3911 3711
f 3910 3711 3710
f 3909 3713 3921
f 3909 3818 3724
f 3909 3712 3713
f 3909 3724 3712
f 3882 3910 3710
f 3882 3710 3709
f 3897 3831 3818
f 3897 3818 3909
f 3697 3882 3709
f 3881 3882 3697
f 3698 3881 3697
f 3898 3843 3831
f 3898 3831 3897
f 3699 3881 3698
f 3699 3880 3881
f 3899 3841 3842
f 3899 3842 3843
f 3899 3843 3898
f 3700 3879 3880
f 3700 3880 3699
f 3900 3841 3899
f 3701 3879 3700
f 3701 3878 3879
f 3901 3841 3900
f 3901 3840 3841
f 3902 3839 3840
f 3902 3840 3901
f 3702 3878 3701
f 3702 3877 3878
f 3903 3837 3838
f 3903 3838 3839
f 3903 3839 3902
f 3703 3877 3702
f 3703 3876 3877
f 3904 3837 3903
f 3704 3876 3703
f 3875 3876 3704
f 3905 3836 3837
f 3905 3837 3904
f 3705 3875 3704
f 3874 3875 3705
f 3906 3835 3836
f 3906 3836 3905
f 3873 3874 3705
f 3873 3705 3706
f 3907 3833 3834
f 3907 3834 3835
f 3907 3835 3906
f 3707 3873 3706
f 3872 3873 3707
f 3908 3833 3907
f 3708 3872 3707
f 3871 3872 3708
f 3896 3832 3833
f 3896 3833 3908
f 3896 1638 3832
f 3870 3871 3708
f 3870 3708 3696
f 3967 3968 3690
f 3967 3690 3691
f 3967 3691 3692
f 3969 3690 3968
f 3969 3688 3689
f 3969 3689 3690
f 3966 3967 3692
f 3970 3688 3969
f 3970 3687 3688
f 3965 3966 3692
f 3965 3692 3693
f 3971 3687 3970
f 3964 3965 3693
f 3964 3693 3694
f 3972 3685 3686
f 3972 3686 3687
f 3972 3687 3971
f 3963 3694 3695
f 3963 3964 3694
f 3963 3695 3683
f 3973 3685 3972
f 3973 3684 3685
f 3962 3963 3683
f 3962 3683 3682
f 3961 3870 3696
f 3961 3684 3973
f 3961 3696 3684
f 3934 3682 3681
f 3934 3962 3682
f 3669 3934 3681
f 3949 3883 3870
f 3949 3870 3961
f 3670 3933 3934
f 3670 3934 3669
f 3950 3895 3883
f 3950 3883 3949
f 3932 3933 3670
f 3671 3932 3670
f 3951 3894 3895
f 3951 3895 3950
f 3672 3931 3932
f 3672 3932 3671
f 3952 3893 3894
f 3952 3894 3951
f 3930 3931 3672
f 3673 3930 3672
f 3953 3893 3952
f 3953 3891 3892
f 3953 3892 3893
f 3929 3930 3673
f 3674 3929 3673
f 3954 3891 3953
f 3928 3929 3674
f 3675 3928 3674
f 3955 3890 3891
f 3955 3891 3954
f 3676 3928 3675
f 3956 3890 3955
f 3956 3889 3890
f 3927 3928 3676
f 3957 3889 3956
f 3957 3888 3889
f 3926 3927 3676
f 3926 3676 3677
f 3958 3888 3957
f 3958 3886 3887
f 3958 3887 3888
f 3925 3926 3677
f 3925 3677 3678
f 3959 3886 3958
f 3924 3925 3678
f 3924 3678 3679
f 3960 3886 3959
f 3960 3884 3885
f 3960 3885 3886
f 3923 3924 3679
f 3923 3679 3680
f 3948 3884 3960
f 3922 3923 3680
f 3922 3680 3668
f 4020 3661 3662
f 4019 3662 3663
f 4019 3663 3664
f 4019 4020 3662
f 4021 3661 4020
f 4018 4019 3664
f 4022 3661 4021
f 4022 3660 3661
f 4017 3664 3665
f 4017 4018 3664
f 4023 3660 4022
f 4023 3658 3659
f 4023 3659 3660
f 4016 4017 3665
f 4016 3665 3666
f 4016 3666 3667
f 4024 3658 4023
f 4015 4016 3667
f 4025 3657 3658
f 4025 3658 4024
f 4014 4015 3667
f 4014 3655 3654
f 4014 3667 3655
f 4013 3657 4025
f 4013 3656 3657
f 4013 3668 3656
f 4013 3922 3668
f 3986 3654 3653
f 3986 4014 3654
f 3641 3986 3653
f 4001 3935 3922
f 4001 3922 4013
f 4002 3947 3935
f 4002 3935 4001
f 3642 3986 3641
f 3642 3985 3986
f 3984 3985 3642
f 3643 3984 3642
f 4003 3946 3947
f 4003 3947 4002
f 4004 3945 3946
f 4004 3946 4003
f 3644 3984 3643
f 3644 3983 3984
f 3645 3982 3983
f 3645 3983 3644
f 4005 3944 3945
f 4005 3945 4004
f 3981 3982 3645
f 4006 3943 3944
f 4006 3944 4005
f 3646 3981 3645
f 4007 3942 3943
f 4007 3943 4006
f 3647 3980 3981
f 3647 3981 3646
f 4008 3941 3942
f 4008 3942 4007
f 3648 3980 3647
f 3979 3980 3648
f 4009 3939 3940
f 4009 3940 3941
f 4009 3941 4008
f 3649 3979 3648
f 3978 3979 3649
f 4010 3938 3939
f 4010 3939 4009
f 3977 3649 3650
f 3977 3978 3649
f 4011 3938 4010
f 3976 3650 3651
f 3976 3977 3650
f 3975 3651 3652
f 3975 3976 3651
f 3974 3652 3640
f 3974 3975 3652
f 3628 3974 3640
f 4072 3634 3635
f 4071 4072 3635
f 4073 3632 3633
f 4073 3633 3634
f 4073 3634 4072
f 4070 3635 3636
f 4070 4071 3635
f 4074 3632 4073
f 4069 3636 3637
f 4069 4070 3636
f 4075 3631 3632
f 4075 3632 4074
f 4068 3637 3638
f 4068 4069 3637
f 4076 3629 3630
f 4076 3630 3631
f 4076 3631 4075
f 4067 3638 3639
f 4067 3639 3627
f 4067 4068 3638
f 4077 3629 4076
f 4066 3627 3626
f 4066 4067 3627
f 4065 3628 3629
f 4065 3974 3628
f 4065 3629 4077
f 1657 3936 3937
f 1657 3937 3938
f 1657 3948 3936
f 1657 3884 3948
f 1657 3988 3989
f 1657 3989 3990
f 1657 3990 3991
f 1657 3991 3992
f 1657 3992 3993
f 1657 3993 3994
f 1657 3994 3995
f 1657 3995 3996
f 1657 4000 3988
f 1657 4011 4012
f 1657 4012 4000
f 1657 3938 4011
f 1654 1657 3996
f 1654 3996 3997
f 1654 3997 3998
f 1654 3998 3999
f 1654 3999 3987
f 4038 3626 3625
f 4038 4066 3626
f 3613 4038 3625
f 4053 1654 3987
f 4053 3987 3974
f 4053 3974 4065
f 4037 4038 3613
f 4054 1654 4053
f 3614 4037 3613
f 4055 1654 4054
f 3615 4037 3614
f 3615 4036 4037
f 4035 4036 3615
f 4056 1654 4055
f 3616 4035 3615
f 4034 4035 3616
f 4057 1654 4056
f 3617 4034 3616
f 3618 4033 4034
f 3618 4034 3617
f 4032 4033 3618
f 3619 4032 3618
f 3620 4032 3619
f 4031 4032 3620
f 4030 4031 3620
f 4030 3620 3621
f 1655 1654 4057
f 1655 4057 4058
f 1655 4058 4059
f 1655 4059 4060
f 1655 4060 4061
f 4062 1655 4061
f 3622 4030 3621
f 4029 4030 3622
f 4063 1655 4062
f 4028 4029 3622
f 4028 3622 3623
f 4064 1655 4063
f 4027 4028 3623
f 4027 3623 3624
f 4052 1655 4064
f 4026 4027 3624
f 4026 3624 3612
f 4040 1655 4052
f 4041 1655 4040
f 4042 1655 4041
f 4124 3605 3606
f 4123 4124 3606
f 4123 3606 3607
f 4125 3605 4124
f 4122 3607 3608
f 4122 4123 3607
f 4126 3605 4125
f 4126 3603 3604
f 4126 3604 3605
f 4121 4122 3608
f 4121 3608 3609
f 4127 3603 4126
f 4120 4121 3609
f 4120 3609 3610
f 4128 3603 4127
f 4128 3602 3603
f 4119 4120 3610
f 4119 3610 3611
f 4119 3611 3599
f 4129 3602 4128
f 4129 3601 3602
f 4118 4119 3599
f 4118 3599 3598
f 4117 3601 4129
f 4117 3600 3601
f 4117 3612 3600
f 4117 4026 3612
f 4090 4118 3598
f 4090 3598 3597
f 4105 4039 4026
f 4105 4026 4117
f 3585 4090 3597
f 3586 4089 4090
f 3586 4090 3585
f 4106 4051 4039
f 4106 4039 4105
f 3587 4088 4089
f 3587 4089 3586
f 4107 4050 4051
f 4107 4051 4106
f 4108 4050 4107
f 4108 4048 4049
f 4108 4049 4050
f 3588 4087 4088
f 3588 4088 3587
f 3589 4086 4087
f 3589 4087 3588
f 4109 4048 4108
f 3590 4085 4086
f 3590 4086 3589
f 4110 4047 4048
f 4110 4048 4109
f 4111 4046 4047
f 4111 4047 4110
f 4084 4085 3590
f 3591 4084 3590
f 3592 4084 3591
f 4112 4045 4046
f 4112 4046 4111
f 4083 4084 3592
f 4113 4044 4045
f 4113 4045 4112
f 4082 4083 3592
f 4082 3592 3593
f 4114 4042 4043
f 4114 4043 4044
f 4114 4044 4113
f 4081 4082 3593
f 4081 3593 3594
f 4115 4042 4114
f 4115 1655 4042
f 4080 4081 3594
f 4080 3594 3595
f 4116 1655 4115
f 3596 4080 3595
f 4079 4080 3596
f 4104 1655 4116
f 3584 4079 3596
f 4078 4079 3584
f 4092 1655 4104
f 3572 4078 3584
f 4175 3578 3579
f 4175 3579 3580
f 4175 4176 3578
f 4177 3577 3578
f 4177 3578 4176
f 4174 3580 3581
f 4174 4175 3580
f 4178 3577 4177
f 4178 3576 3577
f 4173 4174 3581
f 4179 3575 3576
f 4179 3576 4178
f 4172 4173 3581
f 4172 3581 3582
f 4172 3582 3583
f 4180 3573 3574
f 4180 3574 3575
f 4180 3575 4179
f 4171 4172 3583
f 4181 3573 4180
f 4170 3571 3570
f 4170 3583 3571
f 4170 4171 3583
f 4169 4078 3572
f 4169 3572 3573
f 4169 3573 4181
f 3569 4170 3570
f 4142 4170 3569
f 3557 4142 3569
f 4157 4078 4169
f 4157 4091 4078
f 4141 4142 3557
f 3558 4141 3557
f 4158 4091 4157
f 4158 4102 4103
f 4158 4103 4091
f 3559 4140 4141
f 3559 4141 3558
f 4159 4102 4158
f 3560 4139 4140
f 3560 4140 3559
f 4160 4102 4159
f 4160 4100 4101
f 4160 4101 4102
f 3561 4138 4139
f 3561 4139 3560
f 4161 4100 4160
f 3562 4137 4138
f 3562 4138 3561
f 4162 4099 4100
f 4162 4100 4161
f 3563 4136 4137
f 3563 4137 3562
f 4163 4099 4162
f 4163 4098 4099
f 4164 4098 4163
f 4164 4097 4098
f 3564 4136 3563
f 4135 4136 3564
f 4165 4097 4164
f 4165 4095 4096
f 4165 4096 4097
f 4134 3564 3565
f 4134 4135 3564
f 4166 4095 4165
f 4166 4094 4095
f 4133 3565 3566
f 4133 4134 3565
f 4167 4094 4166
f 4132 3566 3567
f 4132 4133 3566
f 4168 4093 4094
f 4168 4094 4167
f 4131 3567 3568
f 4131 4132 3567
f 4156 1655 4092
f 4156 4093 4168
f 4156 4092 4093
f 4130 3568 3556
f 4130 4131 3568
f 4144 1655 4156
f 4228 3549 3550
f 4227 4228 3550
f 4227 3550 3551
f 4227 3551 3552
f 4229 3549 4228
f 4226 4227 3552
f 4226 3552 3553
f 4230 3548 3549
f 4230 3549 4229
f 4225 4226 3553
f 4231 3547 3548
f 4231 3548 4230
f 4224 4225 3553
f 4224 3553 3554
f 4232 3545 3546
f 4232 3546 3547
f 4232 3547 4231
f 4223 4224 3554
f 4223 3554 3555
f 4233 3545 4232
f 4222 3543 3542
f 4222 3555 3543
f 4222 4223 3555
f 4221 3544 3545
f 4221 3545 4233
f 4221 3556 3544
f 4221 4130 3556
f 3541 4222 3542
f 4194 4222 3541
f 4209 4143 4130
f 4209 4130 4221
f 3529 4194 3541
f 3530 4193 4194
f 3530 4194 3529
f 4210 4154 4155
f 4210 4155 4143
f 4210 4143 4209
f 3531 4192 4193
f 3531 4193 3530
f 4211 4154 4210
f 4212 4152 4153
f 4212 4153 4154
f 4212 4154 4211
f 3532 4191 4192
f 3532 4192 3531
f 4213 4152 4212
f 3533 4191 3532
f 3533 4190 4191
f 4189 4190 3533
f 4214 4151 4152
f 4214 4152 4213
f 3534 4189 3533
f 4215 4150 4151
f 4215 4151 4214
f 3535 4189 3534
f 3535 4188 4189
f 4216 4149 4150
f 4216 4150 4215
f 3536 4188 3535
f 4187 4188 3536
f 4217 4149 4216
f 4217 4147 4148
f 4217 4148 4149
f 4186 3536 3537
f 4186 4187 3536
f 4218 4146 4147
f 4218 4147 4217
f 4185 3537 3538
f 4185 4186 3537
f 4219 4146 4218
f 3539 4185 3538
f 4184 4185 3539
f 4220 4145 4146
f 4220 4146 4219
f 3540 4184 3539
f 4183 4184 3540
f 4208 4144 4145
f 4208 4145 4220
f 4182 3540 3528
f 4182 4183 3540
f 4279 4280 3522
f 4279 3522 3523
f 4281 3522 4280
f 4281 3521 3522
f 4278 4279 3523
f 4278 3523 3524
f 4282 3521 4281
f 4282 3520 3521
f 4277 3525 3526
f 4277 4278 3524
f 4277 3524 3525
f 4283 3520 4282
f 4283 3519 3520
f 4276 4277 3526
f 4284 3519 4283
f 4284 3518 3519
f 4275 3526 3527
f 4275 4276 3526
f 4285 3518 4284
f 4285 3517 3518
f 4274 3527 3515
f 4274 3515 3514
f 4274 4275 3527
f 4273 3528 3516
f 4273 3517 4285
f 4273 4182 3528
f 4273 3516 3517
f 4246 4274 3514
f 4246 3514 3513
f 3501 4246 3513
f 4261 4182 4273
f 4261 4195 4182
f 4245 4246 3501
f 4262 4207 4195
f 4262 4195 4261
f 3502 4245 3501
f 3503 4244 4245
f 3503 4245 3502
f 4263 4207 4262
f 4263 4206 4207
f 4264 4206 4263
f 4264 4204 4205
f 4264 4205 4206
f 3504 4243 4244
f 3504 4244 3503
f 3505 4242 4243
f 3505 4243 3504
f 4265 4204 4264
f 4266 4204 4265
f 4266 4203 4204
f 3506 4241 4242
f 3506 4242 3505
f 4267 4202 4203
f 4267 4203 4266
f 4240 4241 3506
f 3507 4240 3506
f 4268 4201 4202
f 4268 4202 4267
f 4239 4240 3507
f 4239 3507 3508
f 4269 4201 4268
f 4269 4199 4200
f 4269 4200 4201
f 3509 4239 3508
f 4238 4239 3509
f 4270 4199 4269
f 4270 4198 4199
f 4237 3509 3510
f 4237 4238 3509
f 4271 4198 4270
f 4236 3510 3511
f 4236 4237 3510
f 4235 4236 3511
f 4235 3511 3512
f 4234 4235 3512
f 4234 3512 3500
f 3488 4234 3500
f 4332 3493 3494
f 4332 3494 3495
f 4331 4332 3495
f 4333 3493 4332
f 4330 3495 3496
f 4330 4331 3495
f 4334 3493 4333
f 4334 3492 3493
f 4329 3496 3497
f 4329 4330 3496
f 4335 3490 3491
f 4335 3491 3492
f 4335 3492 4334
f 4328 3497 3498
f 4328 4329 3497
f 4336 3490 4335
f 4327 4328 3498
f 4327 3498 3499
f 4327 3499 3487
f 4337 3489 3490
f 4337 3490 4336
f 4326 3487 3486
f 4326 4327 3487
f 4325 3489 4337
f 4325 4234 3488
f 4325 3488 3489
f 1650 4248 4249
f 1650 4249 4250
f 1650 4250 4251
f 1650 4251 4252
f 1650 4252 4253
f 1650 4253 4254
f 1650 4254 4255
f 1650 4255 4256
f 1650 4260 4248
f 1650 4271 4272
f 1650 4272 4260
f 1650 4144 4208
f 1650 4198 4271
f 1650 4196 4197
f 1650 4197 4198
f 1650 4208 4196
f 1650 1655 4144
f 1644 4256 4257
f 1644 4257 4258
f 1644 4258 4259
f 1644 4259 4247
f 1644 1650 4256
f 4298 3486 3485
f 4298 4326 3486
f 3473 4298 3485
f 4313 4247 4234
f 4313 1644 4247
f 4313 4234 4325
f 4297 4298 3473
f 3474 4297 3473
f 4314 1644 4313
f 4296 4297 3474
f 3475 4296 3474
f 4315 1644 4314
f 3476 4296 3475
f 3476 4295 4296
f 4316 1644 4315
f 4294 4295 3476
f 4317 1644 4316
f 3477 4294 3476
f 3478 4294 3477
f 3478 4293 4294
f 4292 4293 3478
f 3479 4292 3478
f 4291 4292 3479
f 4291 3479 3480
f 4290 4291 3480
f 4290 3480 3481
f 1646 1644 4317
f 1646 4317 4318
f 1646 4318 4319
f 1646 4319 4320
f 1646 4320 4321
f 4322 1646 4321
f 4289 4290 3481
f 4289 3481 3482
f 4323 1646 4322
f 4288 3482 3483
f 4288 4289 3482
f 4324 1646 4323
f 3484 4288 3483
f 4287 4288 3484
f 4312 1646 4324
f 3472 4287 3484
f 4286 4287 3472
f 4300 1646 4312
f 3460 4286 3472
f 4301 1646 4300
f 4302 1646 4301
f 4384 3465 3466
f 4383 4384 3466
f 4383 3466 3467
f 4385 3465 4384
f 4382 4383 3467
f 4382 3467 3468
f 4386 3465 4385
f 4386 3464 3465
f 4381 4382 3468
f 4381 3468 3469
f 4387 3464 4386
f 4387 3463 3464
f 4380 3469 3470
f 4380 4381 3469
f 4388 3462 3463
f 4388 3463 4387
f 4379 4380 3470
f 4379 3470 3471
f 4379 3471 3459
f 4389 3460 3461
f 4389 3461 3462
f 4389 3462 4388
f 4378 3459 3458
f 4378 4379 3459
f 4377 3460 4389
f 4377 4286 3460
f 4350 4378 3458
f 4350 3458 3457
f 3445 4350 3457
f 4365 4286 4377
f 4365 4299 4286
f 3446 4349 4350
f 3446 4350 3445
f 4366 4299 4365
f 4366 4310 4311
f 4366 4311 4299
f 3447 4348 4349
f 3447 4349 3446
f 4367 4310 4366
f 4347 4348 3447
f 3448 4347 3447
f 4368 4310 4367
f 4368 4309 4310
f 3449 4346 4347
f 3449 4347 3448
f 4369 4307 4308
f 4369 4308 4309
f 4369 4309 4368
f 4345 4346 3449
f 3450 4345 3449
f 4370 4307 4369
f 4344 3450 3451
f 4344 4345 3450
f 4371 4305 4306
f 4371 4306 4307
f 4371 4307 4370
f 3452 4344 3451
f 4372 4305 4371
f 4343 4344 3452
f 4373 4305 4372
f 4373 4304 4305
f 4342 3452 3453
f 4342 4343 3452
f 3454 4342 3453
f 4374 4304 4373
f 4374 4303 4304
f 4341 4342 3454
f 4375 4303 4374
f 4375 4302 4303
f 4375 1646 4302
f 4340 4341 3454
f 4340 3454 3455
f 4376 1646 4375
f 4339 3455 3456
f 4339 4340 3455
f 4364 1646 4376
f 4338 4339 3456
f 4338 3456 3444
f 4352 1646 4364
f 4436 3438 3439
f 4435 4436 3439
f 4437 3437 3438
f 4437 3438 4436
f 4434 3439 3440
f 4434 3440 3441
f 4434 4435 3439
f 4438 3435 3436
f 4438 3436 3437
f 4438 3437 4437
f 4433 4434 3441
f 4439 3435 4438
f 4432 3441 3442
f 4432 4433 3441
f 4440 3433 3434
f 4440 3434 3435
f 4440 3435 4439
f 4431 3442 3443
f 4431 3443 3431
f 4431 4432 3442
f 4441 3433 4440
f 4430 3431 3430
f 4430 4431 3431
f 4429 4338 3444
f 4429 3432 3433
f 4429 3433 4441
f 4429 4351 4338
f 4429 3444 3432
f 4402 3430 3429
f 4402 4430 3430
f 3417 4402 3429
f 4417 4351 4429
f 4401 4402 3417
f 3418 4401 3417
f 4418 4363 4351
f 4418 4351 4417
f 4419 4362 4363
f 4419 4363 4418
f 3419 4401 3418
f 3419 4400 4401
f 3420 4400 3419
f 3420 4399 4400
f 4420 4361 4362
f 4420 4362 4419
f 4421 4360 4361
f 4421 4361 4420
f 3421 4399 3420
f 3421 4398 4399
f 4422 4359 4360
f 4422 4360 4421
f 3422 4398 3421
f 3422 4397 4398
f 4423 4357 4358
f 4423 4358 4359
f 4423 4359 4422
f 4396 4397 3422
f 3423 4396 3422
f 4424 4357 4423
f 3424 4396 3423
f 4395 4396 3424
f 4425 4355 4356
f 4425 4356 4357
f 4425 4357 4424
f 4394 3424 3425
f 4394 4395 3424
f 4426 4355 4425
f 3426 4394 3425
f 4393 4394 3426
f 4427 4354 4355
f 4427 4355 4426
f 4392 3426 3427
f 4392 4393 3426
f 4428 4353 4354
f 4428 4354 4427
f 4391 3427 3428
f 4391 4392 3427
f 4416 4352 4353
f 4416 1646 4352
f 4416 4353 4428
f 4390 3428 3416
f 4390 4391 3428
f 4404 1646 4416
f 3404 4390 3416
f 4488 3409 3410
f 4488 3410 3411
f 4487 4488 3411
f 4487 3411 3412
f 4489 3409 4488
f 4486 4487 3412
f 4486 3412 3413
f 4490 3409 4489
f 4490 3407 3408
f 4490 3408 3409
f 4485 4486 3413
f 4491 3407 4490
f 4484 4485 3413
f 4484 3413 3414
f 4492 3407 4491
f 4492 3406 3407
f 4483 4484 3414
f 4483 3414 3415
f 4483 3415 3403
f 4493 3406 4492
f 4493 3405 3406
f 4482 4483 3403
f 4482 3403 3402
f 4481 3405 4493
f 4481 3404 3405
f 4454 4482 3402
f 4454 3402 3401
f 3389 4454 3401
f 4469 4390 3404
f 4469 3404 4481
f 4469 4403 4390
f 3390 4453 4454
f 3390 4454 3389
f 4470 4403 4469
f 4470 4414 4415
f 4470 4415 4403
f 3391 4452 4453
f 3391 4453 3390
f 4471 4413 4414
f 4471 4414 4470
f 3392 4451 4452
f 3392 4452 3391
f 4472 4413 4471
f 4473 4413 4472
f 4473 4411 4412
f 4473 4412 4413
f 3393 4450 4451
f 3393 4451 3392
f 3394 4449 4450
f 3394 4450 3393
f 4474 4411 4473
f 3395 4449 3394
f 3395 4448 4449
f 4475 4409 4410
f 4475 4410 4411
f 4475 4411 4474
f 4476 4409 4475
f 3396 4448 3395
f 4447 4448 3396
f 4477 4409 4476
f 4477 4408 4409
f 4446 4447 3396
f 4446 3396 3397
f 4478 4408 4477
f 4478 4407 4408
f 4445 4446 3397
f 4445 3397 3398
f 4479 4407 4478
f 4479 4406 4407
f 3399 4445 3398
f 4444 4445 3399
f 4480 4406 4479
f 4480 4405 4406
f 4443 4444 3399
f 4443 3399 3400
f 4468 4405 4480
f 4468 4404 4405
f 3388 4443 3400
f 4442 4443 3388
f 3376 4442 3388
f 4540 3382 3383
f 4539 4540 3383
f 4541 3380 3381
f 4541 3381 3382
f 4541 3382 4540
f 4538 4539 3383
f 4538 3383 3384
f 4538 3384 3385
f 4542 3379 3380
f 4542 3380 4541
f 4537 4538 3385
f 4543 3379 4542
f 4536 4537 3385
f 4536 3385 3386
f 4536 3386 3387
f 4544 3379 4543
f 4544 3377 3378
f 4544 3378 3379
f 4535 4536 3387
f 4535 3387 3375
f 4545 3377 4544
f 4534 4535 3375
f 4534 3375 3374
f 4533 3377 4545
f 4533 3376 3377
f 4533 4442 3376
f 4506 4534 3374
f 4506 3374 3373
f 4521 4442 4533
f 4521 4455 4442
f 4521 4467 4455
f 3361 4506 3373
f 3362 4506 3361
f 3362 4505 4506
f 4522 4467 4521
f 4523 4467 4522
f 4523 4465 4466
f 4523 4466 4467
f 3363 4505 3362
f 3363 4504 4505
f 3364 4504 3363
f 3364 4503 4504
f 4524 4465 4523
f 4525 4464 4465
f 4525 4465 4524
f 3365 4503 3364
f 3365 4502 4503
f 3366 4502 3365
f 3366 4501 4502
f 4526 4462 4463
f 4526 4463 4464
f 4526 4464 4525
f 4500 4501 3366
f 4527 4461 4462
f 4527 4462 4526
f 3367 4500 3366
f 4528 4461 4527
f 4499 3367 3368
f 4499 4500 3367
f 4529 4460 4461
f 4529 4461 4528
f 4498 3368 3369
f 4498 4499 3368
f 4530 4459 4460
f 4530 4460 4529
f 4497 3369 3370
f 4497 4498 3369
f 4531 4458 4459
f 4531 4459 4530
f 4496 3370 3371
f 4496 4497 3370
f 3372 4496 3371
f 4495 4496 3372
f 4494 3372 3360
f 4494 4495 3372
f 4507 4494 3360
f 4591 4592 3354
f 4591 3354 3355
f 4593 3353 3354
f 4593 3354 4592
f 4590 4591 3355
f 4590 3355 3356
f 4594 3351 3352
f 4594 3352 3353
f 4594 3353 4593
f 4589 3356 3357
f 4589 3357 3358
f 4589 4590 3356
f 4595 3351 4594
f 4588 4589 3358
f 4596 3350 3351
f 4596 3351 4595
f 4587 3358 3359
f 4587 4588 3358
f 4597 3348 3349
f 4597 3349 3350
f 4597 3350 4596
f 4586 3347 3346
f 4586 3359 3347
f 4586 4587 3359
f 4585 3348 4597
f 1643 4404 4468
f 1643 4456 4457
f 1643 4457 4458
f 1643 4468 4456
f 1643 1646 4404
f 1643 4508 4509
f 1643 4509 4510
f 1643 4510 4511
f 1643 4511 4512
f 1643 4512 4513
f 1643 4513 4514
f 1643 4514 4515
f 1643 4515 4516
f 1643 4520 4508
f 1643 4458 4531
f 1643 4531 4532
f 1643 4532 4520
f 1641 1643 4516
f 1641 4516 4517
f 1641 4517 4518
f 1641 4518 4519
f 1641 4519 4507
f 4558 3346 3345
f 4558 4586 3346
f 3333 4558 3345
f 4573 4507 3360
f 4573 3360 3348
f 4573 3348 4585
f 4573 1641 4507
f 3334 4558 3333
f 3334 4557 4558
f 4574 1641 4573
f 3335 4557 3334
f 3335 4556 4557
f 4575 1641 4574
f 3336 4556 3335
f 3336 4555 4556
f 4576 1641 4575
f 3337 4555 3336
f 3337 4554 4555
f 4577 1641 4576
f 3338 4554 3337
f 3338 4553 4554
f 4552 3338 3339
f 4552 4553 3338
f 4551 3339 3340
f 4551 4552 3339
f 4550 3340 3341
f 4550 4551 3340
f 1649 1641 4577
f 1649 4577 4578
f 1649 4578 4579
f 1649 4579 4580
f 1649 4580 4581
f 4582 1649 4581
f 4549 3341 3342
f 4549 4550 3341
f 3343 4549 3342
f 4583 1649 4582
f 4548 4549 3343
f 4584 1649 4583
f 4547 3343 3344
f 4547 4548 3343
f 3332 4547 3344
f 4572 1649 4584
f 4546 4547 3332
f 4560 1649 4572
f 4561 1649 4560
f 4562 1649 4561
f 4643 3326 3327
f 4643 4644 3326
f 4645 3324 3325
f 4645 3325 3326
f 4645 3326 4644
f 4642 3327 3328
f 4642 4643 3327
f 4646 3324 4645
f 4641 3328 3329
f 4641 3329 3330
f 4641 4642 3328
f 4647 3323 3324
f 4647 3324 4646
f 4640 4641 3330
f 4648 3323 4647
f 4648 3321 3322
f 4648 3322 3323
f 4639 3330 3331
f 4639 4640 3330
f 4649 3321 4648
f 4649 3320 3321
f 4638 3331 3319
f 4638 4639 3331
f 4638 3319 3318
f 4637 3320 4649
f 3317 4638 3318
f 4610 4638 3317
f 3305 4610 3317
f 4625 3332 3320
f 4625 4559 4546
f 4625 4571 4559
f 4625 4546 3332
f 4625 3320 4637
f 3306 4610 3305
f 3306 4609 4610
f 4626 4571 4625
f 4626 4570 4571
f 4627 4569 4570
f 4627 4570 4626
f 3307 4609 3306
f 3307 4608 4609
f 3308 4607 4608
f 3308 4608 3307
f 4628 4569 4627
f 4629 4568 4569
f 4629 4569 4628
f 3309 4607 3308
f 3309 4606 4607
f 3310 4605 4606
f 3310 4606 3309
f 4630 4566 4567
f 4630 4567 4568
f 4630 4568 4629
f 3311 4604 4605
f 3311 4605 3310
f 4631 4566 4630
f 4632 4565 4566
f 4632 4566 4631
f 4603 3311 3312
f 4603 4604 3311
f 4633 4564 4565
f 4633 4565 4632
f 3313 4603 3312
f 4602 4603 3313
f 4634 4563 4564
f 4634 4564 4633
f 3314 4602 3313
f 4601 4602 3314
f 4635 4563 4634
f 4635 4562 4563
f 4635 1649 4562
f 4600 4601 3314
f 4600 3314 3315
f 4636 1649 4635
f 3316 4600 3315
f 4599 4600 3316
f 4624 1649 4636
f 4598 4599 3316
f 4598 3316 3304
f 4612 1649 4624
f 4611 4598 3304
f 4611 3304 3292
f 4696 3297 3298
f 4695 4696 3298
f 4695 3298 3299
f 4697 3297 4696
f 4697 3296 3297
f 4694 4695 3299
f 4694 3299 3300
f 4698 3295 3296
f 4698 3296 4697
f 4693 4694 3300
f 4693 3300 3301
f 4699 3295 4698
f 4692 4693 3301
f 4692 3301 3302
f 4700 3295 4699
f 4700 3294 3295
f 4691 4692 3302
f 4691 3302 3303
f 4701 3294 4700
f 4701 3292 3293
f 4701 3293 3294
f 4690 4691 3303
f 4690 3291 3290
f 4690 3303 3291
f 4689 3292 4701
f 4662 4690 3290
f 4662 3290 3289
f 3277 4662 3289
f 4677 3292 4689
f 4677 4611 3292
f 3278 4662 3277
f 3278 4661 4662
f 4678 4611 4677
f 4678 4622 4623
f 4678 4623 4611
f 4679 4622 4678
f 3279 4660 4661
f 3279 4661 3278
f 3280 4660 3279
f 3280 4659 4660
f 4680 4622 4679
f 4680 4621 4622
f 4681 4621 4680
f 4681 4620 4621
f 3281 4658 4659
f 3281 4659 3280
f 3282 4657 4658
f 3282 4658 3281
f 4682 4620 4681
f 4682 4618 4619
f 4682 4619 4620
f 4683 4618 4682
f 4656 4657 3282
f 3283 4656 3282
f 4684 4618 4683
f 4684 4616 4617
f 4684 4617 4618
f 4655 4656 3283
f 4655 3283 3284
f 4685 4616 4684
f 4654 3284 3285
f 4654 4655 3284
f 4686 4616 4685
f 4686 4615 4616
f 4653 3285 3286
f 4653 4654 3285
f 4687 4615 4686
f 4687 4614 4615
f 3287 4653 3286
f 4652 4653 3287
f 4688 4613 4614
f 4688 4614 4687
f 4651 3287 3288
f 4651 4652 3287
f 4676 1649 4612
f 4676 4612 4613
f 4676 4613 4688
f 4650 3288 3276
f 4650 4651 3288
f 4664 1649 4676
f 3264 4650 3276
f 4748 3269 3270
f 4748 3270 3271
f 4747 4748 3271
f 4747 3271 3272
f 4749 3269 4748
f 4749 3268 3269
f 4746 4747 3272
f 4750 3267 3268
f 4750 3268 4749
f 4745 3272 3273
f 4745 4746 3272
f 4751 3267 4750
f 4744 3273 3274
f 4744 3274 3275
f 4744 4745 3273
f 4752 3266 3267
f 4752 3267 4751
f 4743 4744 3275
f 4753 3264 3265
f 4753 3265 3266
f 4753 3266 4752
f 4742 3263 3262
f 4742 3275 3263
f 4742 4743 3275
f 4741 3264 4753
f 4741 4650 3264
f 4714 4742 3262
f 4714 3262 3261
f 3249 4714 3261
f 4729 4663 4650
f 4729 4650 4741
f 4713 4714 3249
f 3250 4713 3249
f 4730 4675 4663
f 4730 4663 4729
f 3251 4712 4713
f 3251 4713 3250
f 4731 4675 4730
f 4731 4674 4675
f 3252 4711 4712
f 3252 4712 3251
f 4732 4674 4731
f 4732 4673 4674
f 4710 4711 3252
f 4733 4672 4673
f 4733 4673 4732
f 3253 4710 3252
f 3254 4709 4710
f 3254 4710 3253
f 4734 4670 4671
f 4734 4671 4672
f 4734 4672 4733
f 4735 4670 4734
f 3255 4709 3254
f 3255 4708 4709
f 4736 4669 4670
f 4736 4670 4735
f 3256 4708 3255
f 4707 4708 3256
f 4737 4667 4668
f 4737 4668 4669
f 4737 4669 4736
f 4706 4707 3256
f 4706 3256 3257
f 4738 4667 4737
f 4738 4666 4667
f 4705 4706 3257
f 4705 3257 3258
f 4739 4666 4738
f 4704 4705 3258
f 4704 3258 3259
f 4740 4665 4666
f 4740 4666 4739
f 4703 4704 3259
f 4703 3259 3260
f 4728 4664 4665
f 4728 4665 4740
f 3248 4703 3260
f 4702 4703 3248
f 4800 3241 3242
f 4800 3242 3243
f 4799 4800 3243
f 4801 3241 4800
f 4798 3243 3244
f 4798 4799 3243
f 4802 3241 4801
f 4802 3239 3240
f 4802 3240 3241
f 4797 3244 3245
f 4797 3245 3246
f 4797 4798 3244
f 4803 3239 4802
f 4803 3238 3239
f 4796 4797 3246
f 4804 3238 4803
f 4795 3246 3247
f 4795 4796 3246
f 4805 3237 3238
f 4805 3238 4804
f 4794 3235 3234
f 4794 3247 3235
f 4794 4795 3247
f 4793 3236 3237
f 4793 3237 4805
f 4793 3248 3236
f 4793 4702 3248
f 4766 4794 3234
f 4781 4702 4793
f 4781 4715 4702
f 4782 4715 4781
f 4782 4726 4727
f 4782 4727 4715
f 4783 4726 4782
f 4784 4726 4783
f 4784 4725 4726
f 4785 4725 4784
f 4785 4724 4725
f 4786 4724 4785
f 4786 4722 4723
f 4786 4723 4724
f 3233 4766 3234
f 3233 4761 4762
f 3233 4762 4763
f 3233 4763 4764
f 3233 4764 4765
f 3233 4765 4766
f 4760 4761 3233
f 4787 4722 4786
f 4788 4722 4787
f 4788 4721 4722
f 4759 4760 3233
f 4789 4721 4788
f 4789 4720 4721
f 4758 4759 3233
f 4790 4720 4789
f 4790 4719 4720
f 4757 4758 3233
f 4791 4719 4790
f 4791 4718 4719
f 4756 4757 3233
f 4792 4718 4791
f 4792 4717 4718
f 4755 4756 3233
f 4754 4755 3233
f 3232 4767 4754
f 3232 4768 4769
f 3232 4769 4770
f 3232 4770 4771
f 3232 4771 4772
f 3232 4772 4773
f 3232 4773 4774
f 3232 4664 4728
f 3232 4774 4775
f 3232 4775 4776
f 3232 4776 4777
f 3232 4777 4778
f 3232 4778 4779
f 3232 4779 4767
f 3232 4780 4768
f 3232 4792 4780
f 3232 4717 4792
f 3232 4716 4717
f 3232 4754 3233
f 3232 4728 4716
f 3232 1649 4664
f 1638 3884 1657
f 1638 3896 3884
f 2135 3709 2136
f 3697 3709 2135
f 2135 3698 3697
f 2134 3699 3698
f 2134 3698 2135
f 2133 3700 3699
f 2133 3699 2134
f 2132 3701 3700
f 2132 3700 2133
f 2131 3702 3701
f 2131 3701 2132
f 2130 3703 3702
f 2130 3702 2131
f 2129 3704 3703
f 2129 3703 2130
f 2128 3705 3704
f 2128 3704 2129
f 2127 3706 3705
f 2127 3705 2128
f 2126 3707 3706
f 2126 3706 2127
f 2125 3708 3707
f 2125 3707 2126
f 2124 3696 3708
f 2124 3708 2125
f 2123 3696 2124
f 2122 3696 2123
f 3684 3696 2122
f 2122 3685 3684
f 2121 3686 3685
f 2121 3685 2122
f 2120 3687 3686
f 2120 3686 2121
f 2119 3688 3687
f 2119 3687 2120
f 2118 3688 2119
f 2117 3689 3688
f 2117 3690 3689
f 2117 3688 2118
f 2116 3690 2117
f 2115 3691 3690
f 2115 3690 2116
f 2114 3692 3691
f 2114 3691 2115
f 2113 3693 3692
f 2113 3692 2114
f 2112 3694 3693
f 2112 3693 2113
f 2111 3695 3694
f 2111 3694 2112
f 2110 3683 3695
f 2110 3695 2111
f 3683 2109 3682
f 2110 2109 3683
f 2107 3681 2108
f 3669 3681 2107
f 2107 3670 3669
f 2106 3671 3670
f 2106 3670 2107
f 2105 3672 3671
f 2105 3671 2106
f 2104 3673 3672
f 2104 3672 2105
f 2103 3674 3673
f 2103 3673 2104
f 2102 3675 3674
f 2102 3674 2103
f 2101 3676 3675
f 2101 3675 2102
f 2100 3677 3676
f 2100 3676 2101
f 2099 3678 3677
f 2099 3677 2100
f 2098 3679 3678
f 2098 3678 2099
f 2097 3680 3679
f 2097 3679 2098
f 2096 3668 3680
f 2096 3680 2097
f 2095 3668 2096
f 3656 2095 2094
f 3656 3668 2095
f 2094 3657 3656
f 2093 3658 3657
f 2093 3657 2094
f 2092 3659 3658
f 2092 3658 2093
f 2091 3660 3659
f 2091 3659 2092
f 2090 3660 2091
f 2089 3661 3660
f 2089 3662 3661
f 2089 3660 2090
f 2088 3662 2089
f 2087 3663 3662
f 2087 3662 2088
f 2086 3664 3663
f 2086 3663 2087
f 2085 3665 3664
f 2085 3664 2086
f 2084 3666 3665
f 2084 3665 2085
f 2083 3667 3666
f 2083 3666 2084
f 2082 3655 3667
f 2082 3667 2083
f 3655 2081 3654
f 2082 2081 3655
f 2079 3653 2080
f 3641 3653 2079
f 2079 3642 3641
f 2078 3643 3642
f 2078 3642 2079
f 2077 3644 3643
f 2077 3643 2078
f 2076 3645 3644
f 2076 3644 2077
f 2075 3646 3645
f 2075 3645 2076
f 2074 3647 3646
f 2074 3646 2075
f 2073 3648 3647
f 2073 3647 2074
f 2072 3649 3648
f 2072 3648 2073
f 2071 3650 3649
f 2071 3649 2072
f 2070 3651 3650
f 2070 3650 2071
f 2069 3652 3651
f 2069 3651 2070
f 2068 3640 3652
f 2068 3652 2069
f 2067 3640 2068
f 3628 2067 2066
f 3628 3640 2067
f 2066 3629 3628
f 2065 3630 3629
f 2065 3629 2066
f 2064 3631 3630
f 2064 3630 2065
f 2063 3632 3631
f 2063 3631 2064
f 2062 3632 2063
f 2061 3633 3632
f 2061 3634 3633
f 2061 3632 2062
f 2060 3634 2061
f 2059 3635 3634
f 2059 3634 2060
f 2058 3636 3635
f 2058 3635 2059
f 2057 3637 3636
f 2057 3636 2058
f 2056 3638 3637
f 2056 3637 2057
f 2055 3639 3638
f 2055 3638 2056
f 2054 3627 3639
f 2054 3639 2055
f 3627 2053 3626
f 2054 2053 3627
f 2051 3625 2052
f 3613 3625 2051
f 2051 3614 3613
f 2050 3615 3614
f 2050 3614 2051
f 2049 3616 3615
f 2049 3615 2050
f 2048 3617 3616
f 2048 3616 2049
f 2047 3618 3617
f 2047 3617 2048
f 2046 3619 3618
f 2046 3618 2047
f 2045 3620 3619
f 2045 3619 2046
f 2044 3621 3620
f 2044 3620 2045
f 2043 3622 3621
f 2043 3621 2044
f 2042 3623 3622
f 2042 3622 2043
f 2041 3624 3623
f 2041 3623 2042
f 2040 3612 3624
f 2040 3624 2041
f 2039 3612 2040
f 3600 2039 2038
f 3600 3612 2039
f 2038 3601 3600
f 2037 3602 3601
f 2037 3601 2038
f 2036 3603 3602
f 2036 3602 2037
f 2035 3604 3603
f 2035 3603 2036
f 2034 3604 2035
f 2033 3605 3604
f 2033 3606 3605
f 2033 3604 2034
f 2032 3606 2033
f 2031 3607 3606
f 2031 3606 2032
f 2030 3608 3607
f 2030 3607 2031
f 2029 3609 3608
f 2029 3608 2030
f 2028 3610 3609
f 2028 3609 2029
f 2027 3611 3610
f 2027 3610 2028
f 2026 3599 3611
f 2026 3611 2027
f 3599 2025 3598
f 2026 2025 3599
f 2023 3597 2024
f 3585 3597 2023
f 2023 3586 3585
f 2022 3587 3586
f 2022 3586 2023
f 2021 3588 3587
f 2021 3587 2022
f 2020 3589 3588
f 2020 3588 2021
f 2019 3590 3589
f 2019 3589 2020
f 2018 3591 3590
f 2018 3590 2019
f 2017 3592 3591
f 2017 3591 2018
f 2016 3593 3592
f 2016 3592 2017
f 2015 3594 3593
f 2015 3593 2016
f 2014 3595 3594
f 2014 3594 2015
f 2013 3596 3595
f 2013 3595 2014
f 2012 3584 3596
f 2012 3596 2013
f 2011 3584 2012
f 3572 2011 2010
f 3572 3584 2011
f 2010 3573 3572
f 2009 3574 3573
f 2009 3573 2010
f 2008 3575 3574
f 2008 3574 2009
f 2007 3576 3575
f 2007 3575 2008
f 2006 3576 2007
f 2005 3577 3576
f 2005 3578 3577
f 2005 3576 2006
f 2004 3578 2005
f 2003 3579 3578
f 2003 3578 2004
f 2002 3580 3579
f 2002 3579 2003
f 2001 3581 3580
f 2001 3580 2002
f 2000 3582 3581
f 2000 3581 2001
f 1999 3583 3582
f 1999 3582 2000
f 1998 3571 3583
f 1998 3583 1999
f 3571 1997 3570
f 1998 1997 3571
f 1995 3569 1996
f 3557 3569 1995
f 1995 3558 3557
f 1994 3559 3558
f 1994 3558 1995
f 1993 3560 3559
f 1993 3559 1994
f 1992 3561 3560
f 1992 3560 1993
f 1991 3562 3561
f 1991 3561 1992
f 1990 3563 3562
f 1990 3562 1991
f 1989 3564 3563
f 1989 3563 1990
f 1988 3565 3564
f 1988 3564 1989
f 1987 3566 3565
f 1987 3565 1988
f 1986 3567 3566
f 1986 3566 1987
f 1985 3568 3567
f 1985 3567 1986
f 1984 3556 3568
f 1984 3568 1985
f 1983 3556 1984
f 3544 1983 1982
f 3544 3556 1983
f 1982 3545 3544
f 1981 3546 3545
f 1981 3545 1982
f 1980 3547 3546
f 1980 3546 1981
f 1979 3548 3547
f 1979 3547 1980
f 1978 3548 1979
f 1977 3549 3548
f 1977 3550 3549
f 1977 3548 1978
f 1976 3550 1977
f 1975 3551 3550
f 1975 3550 1976
f 1974 3552 3551
f 1974 3551 1975
f 1973 3553 3552
f 1973 3552 1974
f 1972 3554 3553
f 1972 3553 1973
f 1971 3555 3554
f 1971 3554 1972
f 1970 3543 3555
f 1970 3555 1971
f 3543 1969 3542
f 1970 1969 3543
f 1967 3541 1968
f 3529 3541 1967
f 1967 3530 3529
f 1966 3531 3530
f 1966 3530 1967
f 1965 3532 3531
f 1965 3531 1966
f 1964 3533 3532
f 1964 3532 1965
f 1963 3534 3533
f 1963 3533 1964
f 1962 3535 3534
f 1962 3534 1963
f 1961 3536 3535
f 1961 3535 1962
f 1960 3537 3536
f 1960 3536 1961
f 1959 3538 3537
f 1959 3537 1960
f 1958 3539 3538
f 1958 3538 1959
f 1957 3540 3539
f 1957 3539 1958
f 1956 3528 3540
f 1956 3540 1957
f 1955 3528 1956
f 3516 1955 1954
f 3516 3528 1955
f 1953 3516 1954
f 1953 3517 3516
f 1952 3518 3517
f 1952 3517 1953
f 1951 3519 3518
f 1951 3518 1952
f 1950 3520 3519
f 1950 3519 1951
f 1949 3521 3520
f 1949 3520 1950
f 1948 3522 3521
f 1948 3521 1949
f 1947 3523 3522
f 1947 3522 1948
f 1946 3524 3523
f 1946 3523 1947
f 1945 3525 3524
f 1945 3524 1946
f 1944 3526 3525
f 1944 3525 1945
f 1943 3527 3526
f 1943 3526 1944
f 1942 3515 3527
f 1942 3527 1943
f 3515 1941 3514
f 1942 1941 3515
f 1939 3513 1940
f 3501 3513 1939
f 1939 3502 3501
f 1938 3503 3502
f 1938 3502 1939
f 1937 3504 3503
f 1937 3503 1938
f 1936 3505 3504
f 1936 3504 1937
f 1935 3506 3505
f 1935 3505 1936
f 1934 3507 3506
f 1934 3506 1935
f 1933 3508 3507
f 1933 3507 1934
f 1932 3509 3508
f 1932 3508 1933
f 1931 3510 3509
f 1931 3509 1932
f 1930 3511 3510
f 1930 3510 1931
f 1929 3512 3511
f 1929 3511 1930
f 1928 3500 3512
f 1928 3512 1929
f 1927 3500 1928
f 3488 1927 1926
f 3488 3500 1927
f 1926 3489 3488
f 1925 3490 3489
f 1925 3489 1926
f 1924 3491 3490
f 1924 3490 1925
f 1923 3492 3491
f 1923 3491 1924
f 1922 3493 3492
f 1922 3492 1923
f 1921 3494 3493
f 1921 3493 1922
f 1920 3495 3494
f 1920 3494 1921
f 1919 3496 3495
f 1919 3495 1920
f 1918 3497 3496
f 1918 3496 1919
f 1917 3498 3497
f 1917 3497 1918
f 1916 3499 3498
f 1916 3498 1917
f 1915 3499 1916
f 1914 3487 3499
f 1914 3499 1915
f 3487 1913 3486
f 1914 1913 3487
f 1911 3485 1912
f 3473 3485 1911
f 1911 3474 3473
f 1910 3475 3474
f 1910 3474 1911
f 1909 3476 3475
f 1909 3475 1910
f 1908 3477 3476
f 1908 3476 1909
f 1907 3478 3477
f 1907 3477 1908
f 1906 3479 3478
f 1906 3478 1907
f 1905 3480 3479
f 1905 3479 1906
f 1904 3481 3480
f 1904 3480 1905
f 1903 3482 3481
f 1903 3481 1904
f 1902 3483 3482
f 1902 3482 1903
f 1901 3484 3483
f 1901 3483 1902
f 1900 3472 3484
f 1900 3484 1901
f 1899 3472 1900
f 3460 1899 1898
f 3460 3472 1899
f 1897 3460 1898
f 1897 3461 3460
f 1896 3462 3461
f 1896 3461 1897
f 1895 3463 3462
f 1895 3462 1896
f 1894 3464 3463
f 1894 3463 1895
f 1893 3465 3464
f 1893 3464 1894
f 1892 3466 3465
f 1892 3465 1893
f 1891 3467 3466
f 1891 3466 1892
f 1890 3468 3467
f 1890 3467 1891
f 1889 3469 3468
f 1889 3468 1890
f 1888 3470 3469
f 1888 3469 1889
f 1887 3471 3470
f 1887 3470 1888
f 1886 3459 3471
f 1886 3471 1887
f 3459 1885 3458
f 1886 1885 3459
f 1883 3457 1884
f 3445 3457 1883
f 1883 3446 3445
f 1882 3447 3446
f 1882 3446 1883
f 1881 3448 3447
f 1881 3447 1882
f 1880 3449 3448
f 1880 3448 1881
f 1879 3450 3449
f 1879 3449 1880
f 1878 3451 3450
f 1878 3450 1879
f 1877 3452 3451
f 1877 3451 1878
f 1876 3453 3452
f 1876 3452 1877
f 1875 3454 3453
f 1875 3453 1876
f 1874 3455 3454
f 1874 3454 1875
f 1873 3456 3455
f 1873 3455 1874
f 1872 3444 3456
f 1872 3456 1873
f 1871 3444 1872
f 3432 1871 1870
f 3432 3444 1871
f 1870 3433 3432
f 1869 3434 3433
f 1869 3433 1870
f 1868 3435 3434
f 1868 3434 1869
f 1867 3436 3435
f 1867 3435 1868
f 1866 3436 1867
f 1865 3437 3436
f 1865 3438 3437
f 1865 3436 1866
f 1864 3438 1865
f 1863 3439 3438
f 1863 3438 1864
f 1862 3440 3439
f 1862 3439 1863
f 1861 3441 3440
f 1861 3440 1862
f 1860 3442 3441
f 1860 3441 1861
f 1859 3443 3442
f 1859 3442 1860
f 1858 3431 3443
f 1858 3443 1859
f 3431 1857 3430
f 1858 1857 3431
f 1855 3429 1856
f 3417 3429 1855
f 1855 3418 3417
f 1854 3419 3418
f 1854 3418 1855
f 1853 3420 3419
f 1853 3419 1854
f 1852 3421 3420
f 1852 3420 1853
f 1851 3422 3421
f 1851 3421 1852
f 1850 3423 3422
f 1850 3422 1851
f 1849 3424 3423
f 1849 3423 1850
f 1848 3425 3424
f 1848 3424 1849
f 1847 3426 3425
f 1847 3425 1848
f 1846 3427 3426
f 1846 3426 1847
f 1845 3428 3427
f 1845 3427 1846
f 1844 3416 3428
f 1844 3428 1845
f 1843 3416 1844
f 3404 1843 1842
f 3404 3416 1843
f 1842 3405 3404
f 1841 3406 3405
f 1841 3405 1842
f 1840 3407 3406
f 1840 3406 1841
f 1839 3408 3407
f 1839 3407 1840
f 1838 3408 1839
f 1837 3409 3408
f 1837 3410 3409
f 1837 3408 1838
f 1836 3411 3410
f 1836 3410 1837
f 1835 3411 1836
f 1834 3412 3411
f 1834 3411 1835
f 1833 3413 3412
f 1833 3414 3413
f 1833 3412 1834
f 1832 3414 1833
f 1831 3415 3414
f 1831 3414 1832
f 1830 3403 3415
f 1830 3415 1831
f 3403 1829 3402
f 1830 1829 3403
f 1827 3401 1828
f 3389 3401 1827
f 1827 3390 3389
f 1826 3391 3390
f 1826 3390 1827
f 1825 3392 3391
f 1825 3391 1826
f 1824 3393 3392
f 1824 3392 1825
f 1823 3394 3393
f 1823 3393 1824
f 1822 3395 3394
f 1822 3394 1823
f 1821 3396 3395
f 1821 3395 1822
f 1820 3397 3396
f 1820 3396 1821
f 1819 3398 3397
f 1819 3397 1820
f 1818 3399 3398
f 1818 3398 1819
f 1817 3400 3399
f 1817 3399 1818
f 1816 3388 3400
f 1816 3400 1817
f 1815 3388 1816
f 3376 1815 1814
f 3376 3388 1815
f 1814 3377 3376
f 1813 3378 3377
f 1813 3377 1814
f 1812 3379 3378
f 1812 3378 1813
f 1811 3380 3379
f 1811 3379 1812
f 1810 3380 1811
f 1809 3381 3380
f 1809 3382 3381
f 1809 3380 1810
f 1808 3382 1809
f 1807 3383 3382
f 1807 3382 1808
f 1806 3384 3383
f 1806 3383 1807
f 1805 3385 3384
f 1805 3384 1806
f 1804 3386 3385
f 1804 3385 1805
f 1803 3387 3386
f 1803 3386 1804
f 1802 3375 3387
f 1802 3387 1803
f 3375 1801 3374
f 1802 1801 3375
f 1799 3373 1800
f 3361 3373 1799
f 1799 3362 3361
f 1798 3363 3362
f 1798 3362 1799
f 1797 3364 3363
f 1797 3363 1798
f 1796 3365 3364
f 1796 3364 1797
f 1795 3366 3365
f 1795 3365 1796
f 1794 3367 3366
f 1794 3366 1795
f 1793 3368 3367
f 1793 3367 1794
f 1792 3369 3368
f 1792 3368 1793
f 1791 3370 3369
f 1791 3369 1792
f 1790 3371 3370
f 1790 3370 1791
f 1789 3372 3371
f 1789 3371 1790
f 1788 3360 3372
f 1788 3372 1789
f 1787 3360 1788
f 3348 1787 1786
f 3348 3360 1787
f 1786 3349 3348
f 1785 3350 3349
f 1785 3349 1786
f 1784 3351 3350
f 1784 3350 1785
f 1783 3352 3351
f 1783 3351 1784
f 1782 3352 1783
f 1781 3353 3352
f 1781 3354 3353
f 1781 3352 1782
f 1780 3354 1781
f 1779 3355 3354
f 1779 3354 1780
f 1778 3356 3355
f 1778 3355 1779
f 1777 3357 3356
f 1777 3356 1778
f 1776 3358 3357
f 1776 3357 1777
f 1775 3359 3358
f 1775 3358 1776
f 1774 3347 3359
f 1774 3359 1775
f 3347 1773 3346
f 1774 1773 3347
f 1771 3345 1772
f 3333 3345 1771
f 1771 3334 3333
f 1770 3335 3334
f 1770 3334 1771
f 1769 3336 3335
f 1769 3335 1770
f 1768 3337 3336
f 1768 3336 1769
f 1767 3338 3337
f 1767 3337 1768
f 1766 3339 3338
f 1766 3338 1767
f 1765 3340 3339
f 1765 3339 1766
f 1764 3341 3340
f 1764 3340 1765
f 1763 3342 3341
f 1763 3341 1764
f 1762 3343 3342
f 1762 3342 1763
f 1761 3344 3343
f 1761 3343 1762
f 1760 3332 3344
f 1760 3344 1761
f 1759 3332 1760
f 3320 1759 1758
f 3320 3332 1759
f 1758 3321 3320
f 1757 3322 3321
f 1757 3321 1758
f 1756 3323 3322
f 1756 3322 1757
f 1755 3324 3323
f 1755 3323 1756
f 1754 3324 1755
f 1753 3325 3324
f 1753 3326 3325
f 1753 3324 1754
f 1752 3326 1753
f 1751 3327 3326
f 1751 3326 1752
f 1750 3328 3327
f 1750 3327 1751
f 1749 3329 3328
f 1749 3328 1750
f 1748 3330 3329
f 1748 3329 1749
f 1747 3331 3330
f 1747 3330 1748
f 1746 3319 3331
f 1746 3331 1747
f 3319 1745 3318
f 1746 1745 3319
f 1743 3317 1744
f 3305 3317 1743
f 1743 3306 3305
f 1742 3307 3306
f 1742 3306 1743
f 1741 3308 3307
f 1741 3307 1742
f 1740 3309 3308
f 1740 3308 1741
f 1739 3310 3309
f 1739 3309 1740
f 1738 3311 3310
f 1738 3310 1739
f 1737 3312 3311
f 1737 3311 1738
f 1736 3313 3312
f 1736 3312 1737
f 1735 3314 3313
f 1735 3313 1736
f 1734 3315 3314
f 1734 3314 1735
f 1733 3316 3315
f 1733 3315 1734
f 1732 3304 3316
f 1732 3316 1733
f 1731 3304 1732
f 3292 1731 1730
f 3292 3304 1731
f 1730 3293 3292
f 1729 3294 3293
f 1729 3293 1730
f 1728 3295 3294
f 1728 3294 1729
f 1727 3296 3295
f 1727 3295 1728
f 1726 3296 1727
f 1725 3297 3296
f 1725 3298 3297
f 1725 3296 1726
f 1724 3298 1725
f 1723 3299 3298
f 1723 3298 1724
f 1722 3300 3299
f 1722 3299 1723
f 1721 3301 3300
f 1721 3300 1722
f 1720 3302 3301
f 1720 3301 1721
f 1719 3303 3302
f 1719 3302 1720
f 1718 3291 3303
f 1718 3303 1719
f 3291 1717 3290
f 1718 1717 3291
f 1715 3289 1716
f 3277 3289 1715
f 1715 3278 3277
f 1714 3279 3278
f 1714 3278 1715
f 1713 3280 3279
f 1713 3279 1714
f 1712 3281 3280
f 1712 3280 1713
f 1711 3282 3281
f 1711 3281 1712
f 1710 3283 3282
f 1710 3282 1711
f 1709 3284 3283
f 1709 3283 1710
f 1708 3285 3284
f 1708 3284 1709
f 1707 3286 3285
f 1707 3285 1708
f 1706 3287 3286
f 1706 3286 1707
f 1705 3288 3287
f 1705 3287 1706
f 1704 3276 3288
f 1704 3288 1705
f 1703 3276 1704
f 3264 1703 1702
f 3264 3276 1703
f 1702 3265 3264
f 1701 3266 3265
f 1701 3265 1702
f 1700 3267 3266
f 1700 3266 1701
f 1699 3268 3267
f 1699 3267 1700
f 1698 3268 1699
f 1697 3269 3268
f 1697 3270 3269
f 1697 3268 1698
f 1696 3270 1697
f 1695 3271 3270
f 1695 3270 1696
f 1694 3272 3271
f 1694 3271 1695
f 1693 3273 3272
f 1693 3272 1694
f 1692 3274 3273
f 1692 3273 1693
f 1691 3275 3274
f 1691 3274 1692
f 1690 3263 3275
f 1690 3275 1691
f 3263 1689 3262
f 1690 1689 3263
f 1687 3261 1688
f 3249 3261 1687
f 1687 3250 3249
f 1686 3251 3250
f 1686 3250 1687
f 1685 3252 3251
f 1685 3251 1686
f 1684 3253 3252
f 1684 3252 1685
f 1683 3254 3253
f 1683 3253 1684
f 1682 3255 3254
f 1682 3254 1683
f 1681 3256 3255
f 1681 3255 1682
f 1680 3257 3256
f 1680 3256 1681
f 1679 3258 3257
f 1679 3257 1680
f 1678 3259 3258
f 1678 3258 1679
f 1677 3260 3259
f 1677 3259 1678
f 1676 3248 3260
f 1676 3260 1677
f 1675 3248 1676
f 3236 1675 1674
f 3236 3248 1675
f 1674 3237 3236
f 1673 3238 3237
f 1673 3237 1674
f 1672 3239 3238
f 1672 3238 1673
f 1671 3240 3239
f 1671 3239 1672
f 1670 3240 1671
f 1669 3241 3240
f 1669 3242 3241
f 1669 3240 1670
f 1668 3242 1669
f 1667 3243 3242
f 1667 3242 1668
f 1666 3244 3243
f 1666 3243 1667
f 1665 3245 3244
f 1665 3244 1666
f 1664 3246 3245
f 1664 3245 1665
f 1663 3247 3246
f 1663 3246 1664
f 1662 3235 3247
f 1662 3247 1663
f 3235 1661 3234
f 1662 1661 3235
f 2163 3737 2164
f 3725 3737 2163
f 2163 3726 3725
f 2162 3727 3726
f 2162 3726 2163
f 2161 3728 3727
f 2161 3727 2162
f 2160 3729 3728
f 2160 3728 2161
f 2159 3730 3729
f 2159 3729 2160
f 2158 3731 3730
f 2158 3730 2159
f 2157 3732 3731
f 2157 3731 2158
f 2156 3733 3732
f 2156 3732 2157
f 2155 3734 3733
f 2155 3733 2156
f 2154 3735 3734
f 2154 3734 2155
f 2153 3736 3735
f 2153 3735 2154
f 2152 3724 3736
f 2152 3736 2153
f 2151 3724 2152
f 2150 3724 2151
f 3712 3724 2150
f 2150 3713 3712
f 2149 3714 3713
f 2149 3713 2150
f 2148 3715 3714
f 2148 3714 2149
f 2147 3716 3715
f 2147 3715 2148
f 2146 3716 2147
f 2145 3717 3716
f 2145 3718 3717
f 2145 3716 2146
f 2144 3718 2145
f 2143 3719 3718
f 2143 3718 2144
f 2142 3720 3719
f 2142 3719 2143
f 2141 3721 3720
f 2141 3720 2142
f 2140 3722 3721
f 2140 3721 2141
f 2139 3723 3722
f 2139 3722 2140
f 2138 3711 3723
f 2138 3723 2139
f 3711 2137 3710
f 2138 2137 3711
f 4766 3193 4794
f 3194 3193 4766
f 3192 4794 3193
f 3192 4795 4794
f 3191 4796 4795
f 3191 4795 3192
f 3190 4797 4796
f 3190 4796 3191
f 3189 4798 4797
f 3189 4797 3190
f 3188 4799 4798
f 3188 4798 3189
f 3187 4800 4799
f 3187 4799 3188
f 3186 4801 4800
f 3186 4800 3187
f 3185 4802 4801
f 3185 4801 3186
f 3184 4803 4802
f 3184 4802 3185
f 3183 4804 4803
f 3183 4803 3184
f 3182 4805 4804
f 3182 4804 3183
f 3180 4793 4805
f 3180 4805 3182
f 4781 4793 3180
f 4781 3180 3181
f 3181 4782 4781
f 3231 4783 4782
f 3231 4782 3181
f 3230 4784 4783
f 3230 4783 3231
f 3229 4785 4784
f 3229 4784 3230
f 3228 4786 4785
f 3228 4785 3229
f 3227 4787 4786
f 3227 4786 3228
f 3226 4788 4787
f 3226 4787 3227
f 3225 4789 4788
f 3225 4788 3226
f 3224 4790 4789
f 3224 4789 3225
f 3223 4791 4790
f 3223 4790 3224
f 3222 4792 4791
f 3222 4791 3223
f 3221 4780 4792
f 3221 4792 3222
f 3220 4780 3221
f 4768 3220 3219
f 4768 4780 3220
f 3218 4768 3219
f 3218 4769 4768
f 3217 4770 4769
f 3217 4769 3218
f 3216 4771 4770
f 3216 4770 3217
f 3215 4772 4771
f 3215 4771 3216
f 3214 4773 4772
f 3214 4772 3215
f 3213 4774 4773
f 3213 4773 3214
f 3212 4775 4774
f 3212 4774 3213
f 3211 4776 4775
f 3211 4775 3212
f 3210 4777 4776
f 3210 4776 3211
f 3209 4778 4777
f 3209 4777 3210
f 3208 4779 4778
f 3208 4778 3209
f 3207 4767 4779
f 3207 4779 3208
f 4767 3206 4754
f 3207 3206 4767
f 3205 4754 3206
f 3205 4755 4754
f 3204 4756 4755
f 3204 4755 3205
f 3203 4757 4756
f 3203 4756 3204
f 3202 4758 4757
f 3202 4757 3203
f 3201 4759 4758
f 3201 4758 3202
f 3200 4760 4759
f 3200 4759 3201
f 3199 4761 4760
f 3199 4760 3200
f 3198 4762 4761
f 3198 4761 3199
f 3197 4763 4762
f 3197 4762 3198
f 3196 4764 4763
f 3196 4763 3197
f 3195 4765 4764
f 3195 4766 4765
f 3195 4764 3196
f 3194 4766 3195
f 3142 4742 4714
f 3142 3141 4742
f 3140 4742 3141
f 3140 4743 4742
f 3139 4744 4743
f 3139 4743 3140
f 3138 4745 4744
f 3138 4744 3139
f 3137 4746 4745
f 3137 4745 3138
f 3136 4747 4746
f 3136 4746 3137
f 3135 4748 4747
f 3135 4747 3136
f 3134 4749 4748
f 3134 4748 3135
f 3133 4750 4749
f 3133 4749 3134
f 3132 4751 4750
f 3132 4750 3133
f 3131 4752 4751
f 3131 4751 3132
f 3130 4753 4752
f 3130 4752 3131
f 3128 4741 4753
f 3128 4753 3130
f 4729 4741 3128
f 4729 3128 3129
f 3129 4730 4729
f 3179 4731 4730
f 3179 4730 3129
f 3178 4732 4731
f 3178 4731 3179
f 3177 4733 4732
f 3177 4732 3178
f 3176 4734 4733
f 3176 4733 3177
f 3175 4735 4734
f 3175 4734 3176
f 3174 4736 4735
f 3174 4735 3175
f 3173 4737 4736
f 3173 4736 3174
f 3172 4738 4737
f 3172 4737 3173
f 3171 4739 4738
f 3171 4738 3172
f 3170 4740 4739
f 3170 4739 3171
f 3169 4728 4740
f 3169 4740 3170
f 3168 4728 3169
f 4716 3168 3167
f 4716 4728 3168
f 3166 4716 3167
f 3166 4717 4716
f 3165 4718 4717
f 3165 4717 3166
f 3164 4719 4718
f 3164 4718 3165
f 3163 4720 4719
f 3163 4719 3164
f 3162 4721 4720
f 3162 4720 3163
f 3161 4722 4721
f 3161 4721 3162
f 3160 4723 4722
f 3160 4722 3161
f 3159 4724 4723
f 3159 4723 3160
f 3158 4725 4724
f 3158 4724 3159
f 3157 4726 4725
f 3157 4725 3158
f 3156 4727 4726
f 3156 4726 3157
f 3155 4715 4727
f 3155 4727 3156
f 4715 3154 4702
f 3155 3154 4715
f 3153 4702 3154
f 3153 4703 4702
f 3152 4704 4703
f 3152 4703 3153
f 3151 4705 4704
f 3151 4704 3152
f 3150 4706 4705
f 3150 4705 3151
f 3149 4707 4706
f 3149 4706 3150
f 3148 4708 4707
f 3148 4707 3149
f 3147 4709 4708
f 3147 4708 3148
f 3146 4710 4709
f 3146 4709 3147
f 3145 4711 4710
f 3145 4710 3146
f 3144 4712 4711
f 3144 4711 3145
f 3143 4713 4712
f 3143 4714 4713
f 3143 4712 3144
f 3142 4714 3143
f 3090 4690 4662
f 3090 3089 4690
f 3088 4690 3089
f 3088 4691 4690
f 3087 4692 4691
f 3087 4691 3088
f 3086 4693 4692
f 3086 4692 3087
f 3085 4694 4693
f 3085 4693 3086
f 3084 4695 4694
f 3084 4694 3085
f 3083 4696 4695
f 3083 4695 3084
f 3082 4697 4696
f 3082 4696 3083
f 3081 4698 4697
f 3081 4697 3082
f 3080 4699 4698
f 3080 4698 3081
f 3079 4700 4699
f 3079 4699 3080
f 3078 4701 4700
f 3078 4700 3079
f 3076 4689 4701
f 3076 4701 3078
f 4677 4689 3076
f 4677 3076 3077
f 3077 4678 4677
f 3127 4679 4678
f 3127 4678 3077
f 3126 4680 4679
f 3126 4679 3127
f 3125 4681 4680
f 3125 4680 3126
f 3124 4682 4681
f 3124 4681 3125
f 3123 4683 4682
f 3123 4682 3124
f 3122 4684 4683
f 3122 4683 3123
f 3121 4685 4684
f 3121 4684 3122
f 3120 4686 4685
f 3120 4685 3121
f 3119 4687 4686
f 3119 4686 3120
f 3118 4688 4687
f 3118 4687 3119
f 3117 4676 4688
f 3117 4688 3118
f 3116 4676 3117
f 4664 3116 3115
f 4664 4676 3116
f 3114 4664 3115
f 3114 4665 4664
f 3113 4666 4665
f 3113 4665 3114
f 3112 4667 4666
f 3112 4666 3113
f 3111 4668 4667
f 3111 4667 3112
f 3110 4669 4668
f 3110 4668 3111
f 3109 4670 4669
f 3109 4669 3110
f 3108 4671 4670
f 3108 4670 3109
f 3107 4672 4671
f 3107 4671 3108
f 3106 4673 4672
f 3106 4672 3107
f 3105 4674 4673
f 3105 4673 3106
f 3104 4675 4674
f 3104 4674 3105
f 3103 4663 4675
f 3103 4675 3104
f 4663 3102 4650
f 3103 3102 4663
f 3101 4650 3102
f 3101 4651 4650
f 3100 4652 4651
f 3100 4651 3101
f 3099 4653 4652
f 3099 4652 3100
f 3098 4654 4653
f 3098 4653 3099
f 3097 4655 4654
f 3097 4654 3098
f 3096 4656 4655
f 3096 4655 3097
f 3095 4657 4656
f 3095 4656 3096
f 3094 4658 4657
f 3094 4657 3095
f 3093 4659 4658
f 3093 4658 3094
f 3092 4660 4659
f 3092 4659 3093
f 3091 4661 4660
f 3091 4662 4661
f 3091 4660 3092
f 3090 4662 3091
f 3038 4638 4610
f 3038 3037 4638
f 3036 4638 3037
f 3036 4639 4638
f 3035 4640 4639
f 3035 4639 3036
f 3034 4641 4640
f 3034 4640 3035
f 3033 4642 4641
f 3033 4641 3034
f 3032 4643 4642
f 3032 4642 3033
f 3031 4644 4643
f 3031 4643 3032
f 3030 4645 4644
f 3030 4644 3031
f 3029 4646 4645
f 3029 4645 3030
f 3028 4647 4646
f 3028 4646 3029
f 3027 4648 4647
f 3027 4647 3028
f 3026 4649 4648
f 3026 4648 3027
f 3024 4637 4649
f 3024 4649 3026
f 4625 4637 3024
f 4625 3024 3025
f 3025 4626 4625
f 3075 4627 4626
f 3075 4626 3025
f 3074 4628 4627
f 3074 4627 3075
f 3073 4629 4628
f 3073 4628 3074
f 3072 4630 4629
f 3072 4629 3073
f 3071 4631 4630
f 3071 4630 3072
f 3070 4632 4631
f 3070 4631 3071
f 3069 4633 4632
f 3069 4632 3070
f 3068 4634 4633
f 3068 4633 3069
f 3067 4635 4634
f 3067 4634 3068
f 3066 4636 4635
f 3066 4635 3067
f 3065 4624 4636
f 3065 4636 3066
f 3064 4624 3065
f 4612 3064 3063
f 4612 4624 3064
f 3062 4612 3063
f 3062 4613 4612
f 3061 4614 4613
f 3061 4613 3062
f 3060 4615 4614
f 3060 4614 3061
f 3059 4616 4615
f 3059 4615 3060
f 3058 4617 4616
f 3058 4616 3059
f 3057 4618 4617
f 3057 4617 3058
f 3056 4619 4618
f 3056 4618 3057
f 3055 4620 4619
f 3055 4619 3056
f 3054 4621 4620
f 3054 4620 3055
f 3053 4622 4621
f 3053 4621 3054
f 3052 4623 4622
f 3052 4622 3053
f 3051 4611 4623
f 3051 4623 3052
f 4611 3050 4598
f 3051 3050 4611
f 3049 4598 3050
f 3049 4599 4598
f 3048 4600 4599
f 3048 4599 3049
f 3047 4601 4600
f 3047 4600 3048
f 3046 4602 4601
f 3046 4601 3047
f 3045 4603 4602
f 3045 4602 3046
f 3044 4604 4603
f 3044 4603 3045
f 3043 4605 4604
f 3043 4604 3044
f 3042 4606 4605
f 3042 4605 3043
f 3041 4607 4606
f 3041 4606 3042
f 3040 4608 4607
f 3040 4607 3041
f 3039 4609 4608
f 3039 4610 4609
f 3039 4608 3040
f 3038 4610 3039
f 4558 2985 4586
f 2986 2985 4558
f 2984 4586 2985
f 2984 4587 4586
f 2983 4588 4587
f 2983 4587 2984
f 2982 4589 4588
f 2982 4588 2983
f 2981 4590 4589
f 2981 4589 2982
f 2980 4591 4590
f 2980 4590 2981
f 2979 4592 4591
f 2979 4591 2980
f 2978 4593 4592
f 2978 4592 2979
f 2977 4594 4593
f 2977 4593 2978
f 2976 4595 4594
f 2976 4594 2977
f 2975 4596 4595
f 2975 4595 2976
f 2974 4597 4596
f 2974 4596 2975
f 2972 4585 4597
f 2972 4597 2974
f 4573 4585 2972
f 4573 2972 2973
f 2973 4574 4573
f 3023 4575 4574
f 3023 4574 2973
f 3022 4576 4575
f 3022 4575 3023
f 3021 4577 4576
f 3021 4576 3022
f 3020 4578 4577
f 3020 4577 3021
f 3019 4579 4578
f 3019 4578 3020
f 3018 4580 4579
f 3018 4579 3019
f 3017 4581 4580
f 3017 4580 3018
f 3016 4582 4581
f 3016 4581 3017
f 3015 4583 4582
f 3015 4582 3016
f 3014 4584 4583
f 3014 4583 3015
f 3013 4572 4584
f 3013 4584 3014
f 3012 4572 3013
f 4560 3012 3011
f 4560 4572 3012
f 3010 4560 3011
f 3010 4561 4560
f 3009 4562 4561
f 3009 4561 3010
f 3008 4563 4562
f 3008 4562 3009
f 3007 4564 4563
f 3007 4563 3008
f 3006 4565 4564
f 3006 4564 3007
f 3005 4566 4565
f 3005 4565 3006
f 3004 4567 4566
f 3004 4566 3005
f 3003 4568 4567
f 3003 4567 3004
f 3002 4569 4568
f 3002 4568 3003
f 3001 4570 4569
f 3001 4569 3002
f 3000 4571 4570
f 3000 4570 3001
f 2999 4559 4571
f 2999 4571 3000
f 4559 2998 4546
f 2999 2998 4559
f 2997 4546 2998
f 2997 4547 4546
f 2996 4548 4547
f 2996 4547 2997
f 2995 4549 4548
f 2995 4548 2996
f 2994 4550 4549
f 2994 4549 2995
f 2993 4551 4550
f 2993 4550 2994
f 2992 4552 4551
f 2992 4551 2993
f 2991 4553 4552
f 2991 4552 2992
f 2990 4554 4553
f 2990 4553 2991
f 2989 4555 4554
f 2989 4554 2990
f 2988 4556 4555
f 2988 4555 2989
f 2987 4557 4556
f 2987 4558 4557
f 2987 4556 2988
f 2986 4558 2987
f 2934 4534 4506
f 2934 2933 4534
f 2932 4534 2933
f 2932 4535 4534
f 2931 4536 4535
f 2931 4535 2932
f 2930 4537 4536
f 2930 4536 2931
f 2929 4538 4537
f 2929 4537 2930
f 2928 4539 4538
f 2928 4538 2929
f 2927 4540 4539
f 2927 4539 2928
f 2926 4541 4540
f 2926 4540 2927
f 2925 4542 4541
f 2925 4541 2926
f 2924 4543 4542
f 2924 4542 2925
f 2923 4544 4543
f 2923 4543 2924
f 2922 4545 4544
f 2922 4544 2923
f 2920 4533 4545
f 2920 4545 2922
f 4521 4533 2920
f 4521 2920 2921
f 2921 4522 4521
f 2971 4523 4522
f 2971 4522 2921
f 2970 4524 4523
f 2970 4523 2971
f 2969 4525 4524
f 2969 4524 2970
f 2968 4526 4525
f 2968 4525 2969
f 2967 4527 4526
f 2967 4526 2968
f 2966 4528 4527
f 2966 4527 2967
f 2965 4529 4528
f 2965 4528 2966
f 2964 4530 4529
f 2964 4529 2965
f 2963 4531 4530
f 2963 4530 2964
f 2962 4532 4531
f 2962 4531 2963
f 2961 4520 4532
f 2961 4532 2962
f 2960 4520 2961
f 4508 2960 2959
f 4508 4520 2960
f 2958 4508 2959
f 2958 4509 4508
f 2957 4510 4509
f 2957 4509 2958
f 2956 4511 4510
f 2956 4510 2957
f 2955 4512 4511
f 2955 4511 2956
f 2954 4513 4512
f 2954 4512 2955
f 2953 4514 4513
f 2953 4513 2954
f 2952 4515 4514
f 2952 4514 2953
f 2951 4516 4515
f 2951 4515 2952
f 2950 4517 4516
f 2950 4516 2951
f 2949 4518 4517
f 2949 4517 2950
f 2948 4519 4518
f 2948 4518 2949
f 2947 4507 4519
f 2947 4519 2948
f 4507 2946 4494
f 2947 2946 4507
f 2945 4494 2946
f 2945 4495 4494
f 2944 4496 4495
f 2944 4495 2945
f 2943 4497 4496
f 2943 4496 2944
f 2942 4498 4497
f 2942 4497 2943
f 2941 4499 4498
f 2941 4498 2942
f 2940 4500 4499
f 2940 4499 2941
f 2939 4501 4500
f 2939 4500 2940
f 2938 4502 4501
f 2938 4501 2939
f 2937 4503 4502
f 2937 4502 2938
f 2936 4504 4503
f 2936 4503 2937
f 2935 4505 4504
f 2935 4506 4505
f 2935 4504 2936
f 2934 4506 2935
f 2882 4482 4454
f 2882 2881 4482
f 2880 4482 2881
f 2880 4483 4482
f 2879 4484 4483
f 2879 4483 2880
f 2878 4485 4484
f 2878 4484 2879
f 2877 4486 4485
f 2877 4485 2878
f 2876 4487 4486
f 2876 4486 2877
f 2875 4488 4487
f 2875 4487 2876
f 2874 4489 4488
f 2874 4488 2875
f 2873 4490 4489
f 2873 4489 2874
f 2872 4491 4490
f 2872 4490 2873
f 2871 4492 4491
f 2871 4491 2872
f 2870 4493 4492
f 2870 4492 2871
f 2868 4481 4493
f 2868 4493 2870
f 4469 4481 2868
f 4469 2868 2869
f 2869 4470 4469
f 2919 4471 4470
f 2919 4470 2869
f 2918 4472 4471
f 2918 4471 2919
f 2917 4473 4472
f 2917 4472 2918
f 2916 4474 4473
f 2916 4473 2917
f 2915 4475 4474
f 2915 4474 2916
f 2914 4476 4475
f 2914 4475 2915
f 2913 4477 4476
f 2913 4476 2914
f 2912 4478 4477
f 2912 4477 2913
f 2911 4479 4478
f 2911 4478 2912
f 2910 4480 4479
f 2910 4479 2911
f 2909 4468 4480
f 2909 4480 2910
f 2908 4468 2909
f 4456 2908 2907
f 4456 4468 2908
f 2906 4456 2907
f 2906 4457 4456
f 2905 4458 4457
f 2905 4457 2906
f 2904 4459 4458
f 2904 4458 2905
f 2903 4460 4459
f 2903 4459 2904
f 2902 4461 4460
f 2902 4460 2903
f 2901 4462 4461
f 2901 4461 2902
f 2900 4463 4462
f 2900 4462 2901
f 2899 4464 4463
f 2899 4463 2900
f 2898 4465 4464
f 2898 4464 2899
f 2897 4466 4465
f 2897 4465 2898
f 2896 4467 4466
f 2896 4466 2897
f 2895 4455 4467
f 2895 4467 2896
f 4455 2894 4442
f 2895 2894 4455
f 2893 4442 2894
f 2893 4443 4442
f 2892 4444 4443
f 2892 4443 2893
f 2891 4445 4444
f 2891 4444 2892
f 2890 4446 4445
f 2890 4445 2891
f 2889 4447 4446
f 2889 4446 2890
f 2888 4448 4447
f 2888 4447 2889
f 2887 4449 4448
f 2887 4448 2888
f 2886 4450 4449
f 2886 4449 2887
f 2885 4451 4450
f 2885 4450 2886
f 2884 4452 4451
f 2884 4451 2885
f 2883 4453 4452
f 2883 4454 4453
f 2883 4452 2884
f 2882 4454 2883
f 2830 4430 4402
f 2830 2829 4430
f 2828 4430 2829
f 2828 4431 4430
f 2827 4432 4431
f 2827 4431 2828
f 2826 4433 4432
f 2826 4432 2827
f 2825 4434 4433
f 2825 4433 2826
f 2824 4435 4434
f 2824 4434 2825
f 2823 4436 4435
f 2823 4435 2824
f 2822 4437 4436
f 2822 4436 2823
f 2821 4438 4437
f 2821 4437 2822
f 2820 4439 4438
f 2820 4438 2821
f 2819 4440 4439
f 2819 4439 2820
f 2818 4441 4440
f 2818 4440 2819
f 2816 4429 4441
f 2816 4441 2818
f 4417 4429 2816
f 4417 2816 2817
f 2817 4418 4417
f 2867 4419 4418
f 2867 4418 2817
f 2866 4420 4419
f 2866 4419 2867
f 2865 4421 4420
f 2865 4420 2866
f 2864 4422 4421
f 2864 4421 2865
f 2863 4423 4422
f 2863 4422 2864
f 2862 4424 4423
f 2862 4423 2863
f 2861 4425 4424
f 2861 4424 2862
f 2860 4426 4425
f 2860 4425 2861
f 2859 4427 4426
f 2859 4426 2860
f 2858 4428 4427
f 2858 4427 2859
f 2857 4416 4428
f 2857 4428 2858
f 2856 4416 2857
f 4404 2856 2855
f 4404 4416 2856
f 2854 4404 2855
f 2854 4405 4404
f 2853 4406 4405
f 2853 4405 2854
f 2852 4407 4406
f 2852 4406 2853
f 2851 4408 4407
f 2851 4407 2852
f 2850 4409 4408
f 2850 4408 2851
f 2849 4410 4409
f 2849 4409 2850
f 2848 4411 4410
f 2848 4410 2849
f 2847 4412 4411
f 2847 4411 2848
f 2846 4413 4412
f 2846 4412 2847
f 2845 4414 4413
f 2845 4413 2846
f 2844 4415 4414
f 2844 4414 2845
f 2843 4403 4415
f 2843 4415 2844
f 4403 2842 4390
f 2843 2842 4403
f 2841 4390 2842
f 2841 4391 4390
f 2840 4392 4391
f 2840 4391 2841
f 2839 4393 4392
f 2839 4392 2840
f 2838 4394 4393
f 2838 4393 2839
f 2837 4395 4394
f 2837 4394 2838
f 2836 4396 4395
f 2836 4395 2837
f 2835 4397 4396
f 2835 4396 2836
f 2834 4398 4397
f 2834 4397 2835
f 2833 4399 4398
f 2833 4398 2834
f 2832 4400 4399
f 2832 4399 2833
f 2831 4401 4400
f 2831 4402 4401
f 2831 4400 2832
f 2830 4402 2831
f 2778 4378 4350
f 2778 2777 4378
f 2776 4378 2777
f 2776 4379 4378
f 2775 4380 4379
f 2775 4379 2776
f 2774 4381 4380
f 2774 4380 2775
f 2773 4382 4381
f 2773 4381 2774
f 2772 4383 4382
f 2772 4382 2773
f 2771 4384 4383
f 2771 4383 2772
f 2770 4385 4384
f 2770 4384 2771
f 2769 4386 4385
f 2769 4385 2770
f 2768 4387 4386
f 2768 4386 2769
f 2767 4388 4387
f 2767 4387 2768
f 2766 4389 4388
f 2766 4388 2767
f 2764 4377 4389
f 2764 4389 2766
f 4365 4377 2764
f 4365 2764 2765
f 2765 4366 4365
f 2815 4367 4366
f 2815 4366 2765
f 2814 4368 4367
f 2814 4367 2815
f 2813 4369 4368
f 2813 4368 2814
f 2812 4370 4369
f 2812 4369 2813
f 2811 4371 4370
f 2811 4370 2812
f 2810 4372 4371
f 2810 4371 2811
f 2809 4373 4372
f 2809 4372 2810
f 2808 4374 4373
f 2808 4373 2809
f 2807 4375 4374
f 2807 4374 2808
f 2806 4376 4375
f 2806 4375 2807
f 2805 4364 4376
f 2805 4376 2806
f 2804 4364 2805
f 4352 2804 2803
f 4352 4364 2804
f 2802 4352 2803
f 2802 4353 4352
f 2801 4354 4353
f 2801 4353 2802
f 2800 4355 4354
f 2800 4354 2801
f 2799 4356 4355
f 2799 4355 2800
f 2798 4357 4356
f 2798 4356 2799
f 2797 4358 4357
f 2797 4357 2798
f 2796 4359 4358
f 2796 4358 2797
f 2795 4360 4359
f 2795 4359 2796
f 2794 4361 4360
f 2794 4360 2795
f 2793 4362 4361
f 2793 4361 2794
f 2792 4363 4362
f 2792 4362 2793
f 2791 4351 4363
f 2791 4363 2792
f 4351 2790 4338
f 2791 2790 4351
f 2789 4338 2790
f 2789 4339 4338
f 2788 4340 4339
f 2788 4339 2789
f 2787 4341 4340
f 2787 4340 2788
f 2786 4342 4341
f 2786 4341 2787
f 2785 4343 4342
f 2785 4342 2786
f 2784 4344 4343
f 2784 4343 2785
f 2783 4345 4344
f 2783 4344 2784
f 2782 4346 4345
f 2782 4345 2783
f 2781 4347 4346
f 2781 4346 2782
f 2780 4348 4347
f 2780 4347 2781
f 2779 4349 4348
f 2779 4348 2780
f 2778 4350 4349
f 2778 4349 2779
f 2726 4326 4298
f 2726 2725 4326
f 2724 4326 2725
f 2724 4327 4326
f 2723 4328 4327
f 2723 4327 2724
f 2722 4329 4328
f 2722 4328 2723
f 2721 4330 4329
f 2721 4329 2722
f 2720 4331 4330
f 2720 4330 2721
f 2719 4332 4331
f 2719 4331 2720
f 2718 4333 4332
f 2718 4332 2719
f 2717 4334 4333
f 2717 4333 2718
f 2716 4335 4334
f 2716 4334 2717
f 2715 4336 4335
f 2715 4335 2716
f 2714 4337 4336
f 2714 4336 2715
f 2712 4325 4337
f 2712 4337 2714
f 4313 4325 2712
f 4313 2712 2713
f 2713 4314 4313
f 2763 4315 4314
f 2763 4314 2713
f 2762 4316 4315
f 2762 4315 2763
f 2761 4317 4316
f 2761 4316 2762
f 2760 4318 4317
f 2760 4317 2761
f 2759 4319 4318
f 2759 4318 2760
f 2758 4320 4319
f 2758 4319 2759
f 2757 4321 4320
f 2757 4320 2758
f 2756 4322 4321
f 2756 4321 2757
f 2755 4323 4322
f 2755 4322 2756
f 2754 4324 4323
f 2754 4323 2755
f 2753 4312 4324
f 2753 4324 2754
f 2752 4312 2753
f 4300 2752 2751
f 4300 4312 2752
f 2750 4300 2751
f 2750 4301 4300
f 2749 4302 4301
f 2749 4301 2750
f 2748 4303 4302
f 2748 4302 2749
f 2747 4304 4303
f 2747 4303 2748
f 2746 4305 4304
f 2746 4304 2747
f 2745 4306 4305
f 2745 4305 2746
f 2744 4307 4306
f 2744 4306 2745
f 2743 4308 4307
f 2743 4307 2744
f 2742 4309 4308
f 2742 4308 2743
f 2741 4310 4309
f 2741 4309 2742
f 2740 4311 4310
f 2740 4310 2741
f 2739 4299 4311
f 2739 4311 2740
f 4299 2738 4286
f 2739 2738 4299
f 2737 4286 2738
f 2737 4287 4286
f 2736 4288 4287
f 2736 4287 2737
f 2735 4289 4288
f 2735 4288 2736
f 2734 4290 4289
f 2734 4289 2735
f 2733 4291 4290
f 2733 4290 2734
f 2732 4292 4291
f 2732 4291 2733
f 2731 4293 4292
f 2731 4292 2732
f 2730 4294 4293
f 2730 4293 2731
f 2729 4295 4294
f 2729 4294 2730
f 2728 4296 4295
f 2728 4295 2729
f 2727 4297 4296
f 2727 4296 2728
f 2726 4298 4297
f 2726 4297 2727
f 2674 4274 4246
f 2674 2673 4274
f 2672 4274 2673
f 2672 4275 4274
f 2671 4276 4275
f 2671 4275 2672
f 2670 4277 4276
f 2670 4276 2671
f 2669 4278 4277
f 2669 4277 2670
f 2668 4279 4278
f 2668 4278 2669
f 2667 4280 4279
f 2667 4279 2668
f 2666 4281 4280
f 2666 4280 2667
f 2665 4282 4281
f 2665 4281 2666
f 2664 4283 4282
f 2664 4282 2665
f 2663 4284 4283
f 2663 4283 2664
f 2662 4285 4284
f 2662 4284 2663
f 2660 4273 4285
f 2660 4285 2662
f 4261 4273 2660
f 4261 2660 2661
f 2661 4262 4261
f 2711 4263 4262
f 2711 4262 2661
f 2710 4264 4263
f 2710 4263 2711
f 2709 4265 4264
f 2709 4264 2710
f 2708 4266 4265
f 2708 4265 2709
f 2707 4267 4266
f 2707 4266 2708
f 2706 4268 4267
f 2706 4267 2707
f 2705 4269 4268
f 2705 4268 2706
f 2704 4270 4269
f 2704 4269 2705
f 2703 4271 4270
f 2703 4270 2704
f 2702 4272 4271
f 2702 4271 2703
f 2701 4260 4272
f 2701 4272 2702
f 2700 4260 2701
f 4248 2700 2699
f 4248 4260 2700
f 2698 4248 2699
f 2698 4249 4248
f 2697 4250 4249
f 2697 4249 2698
f 2696 4251 4250
f 2696 4250 2697
f 2695 4252 4251
f 2695 4251 2696
f 2694 4253 4252
f 2694 4252 2695
f 2693 4254 4253
f 2693 4253 2694
f 2692 4255 4254
f 2692 4254 2693
f 2691 4256 4255
f 2691 4255 2692
f 2690 4257 4256
f 2690 4256 2691
f 2689 4258 4257
f 2689 4257 2690
f 2688 4259 4258
f 2688 4258 2689
f 2687 4247 4259
f 2687 4259 2688
f 4247 2686 4234
f 2687 2686 4247
f 2685 4234 2686
f 2685 4235 4234
f 2684 4236 4235
f 2684 4235 2685
f 2683 4237 4236
f 2683 4236 2684
f 2682 4238 4237
f 2682 4237 2683
f 2681 4239 4238
f 2681 4238 2682
f 2680 4240 4239
f 2680 4239 2681
f 2679 4241 4240
f 2679 4240 2680
f 2678 4242 4241
f 2678 4241 2679
f 2677 4243 4242
f 2677 4242 2678
f 2676 4244 4243
f 2676 4243 2677
f 2675 4245 4244
f 2675 4244 2676
f 2674 4246 4245
f 2674 4245 2675
f 2622 4222 4194
f 2622 2621 4222
f 2620 4222 2621
f 2620 4223 4222
f 2619 4224 4223
f 2619 4223 2620
f 2618 4225 4224
f 2618 4224 2619
f 2617 4226 4225
f 2617 4225 2618
f 2616 4227 4226
f 2616 4226 2617
f 2615 4228 4227
f 2615 4227 2616
f 2614 4229 4228
f 2614 4228 2615
f 2613 4230 4229
f 2613 4229 2614
f 2612 4231 4230
f 2612 4230 2613
f 2611 4232 4231
f 2611 4231 2612
f 2610 4233 4232
f 2610 4232 2611
f 2608 4221 4233
f 2608 4233 2610
f 4209 4221 2608
f 4209 2608 2609
f 2609 4210 4209
f 2659 4211 4210
f 2659 4210 2609
f 2658 4212 4211
f 2658 4211 2659
f 2657 4213 4212
f 2657 4212 2658
f 2656 4214 4213
f 2656 4213 2657
f 2655 4215 4214
f 2655 4214 2656
f 2654 4216 4215
f 2654 4215 2655
f 2653 4217 4216
f 2653 4216 2654
f 2652 4218 4217
f 2652 4217 2653
f 2651 4219 4218
f 2651 4218 2652
f 2650 4220 4219
f 2650 4219 2651
f 2649 4208 4220
f 2649 4220 2650
f 2648 4208 2649
f 4196 2648 2647
f 4196 4208 2648
f 2646 4196 2647
f 2646 4197 4196
f 2645 4198 4197
f 2645 4197 2646
f 2644 4199 4198
f 2644 4198 2645
f 2643 4200 4199
f 2643 4199 2644
f 2642 4201 4200
f 2642 4200 2643
f 2641 4202 4201
f 2641 4201 2642
f 2640 4203 4202
f 2640 4202 2641
f 2639 4204 4203
f 2639 4203 2640
f 2638 4205 4204
f 2638 4204 2639
f 2637 4206 4205
f 2637 4205 2638
f 2636 4207 4206
f 2636 4206 2637
f 2635 4195 4207
f 2635 4207 2636
f 4195 2634 4182
f 2635 2634 4195
f 2633 4182 2634
f 2633 4183 4182
f 2632 4184 4183
f 2632 4183 2633
f 2631 4185 4184
f 2631 4184 2632
f 2630 4186 4185
f 2630 4185 2631
f 2629 4187 4186
f 2629 4186 2630
f 2628 4188 4187
f 2628 4187 2629
f 2627 4189 4188
f 2627 4188 2628
f 2626 4190 4189
f 2626 4189 2627
f 2625 4191 4190
f 2625 4190 2626
f 2624 4192 4191
f 2624 4191 2625
f 2623 4193 4192
f 2623 4192 2624
f 2622 4194 4193
f 2622 4193 2623
f 2570 4170 4142
f 2570 2569 4170
f 2568 4170 2569
f 2568 4171 4170
f 2567 4172 4171
f 2567 4171 2568
f 2566 4173 4172
f 2566 4172 2567
f 2565 4174 4173
f 2565 4173 2566
f 2564 4175 4174
f 2564 4174 2565
f 2563 4176 4175
f 2563 4175 2564
f 2562 4177 4176
f 2562 4176 2563
f 2561 4178 4177
f 2561 4177 2562
f 2560 4179 4178
f 2560 4178 2561
f 2559 4180 4179
f 2559 4179 2560
f 2558 4181 4180
f 2558 4180 2559
f 2556 4169 4181
f 2556 4181 2558
f 4157 4169 2556
f 4157 2556 2557
f 2557 4158 4157
f 2607 4159 4158
f 2607 4158 2557
f 2606 4160 4159
f 2606 4159 2607
f 2605 4161 4160
f 2605 4160 2606
f 2604 4162 4161
f 2604 4161 2605
f 2603 4163 4162
f 2603 4162 2604
f 2602 4164 4163
f 2602 4163 2603
f 2601 4165 4164
f 2601 4164 2602
f 2600 4166 4165
f 2600 4165 2601
f 2599 4167 4166
f 2599 4166 2600
f 2598 4168 4167
f 2598 4167 2599
f 2597 4156 4168
f 2597 4168 2598
f 2596 4156 2597
f 4144 2596 2595
f 4144 4156 2596
f 2594 4144 2595
f 2594 4145 4144
f 2593 4146 4145
f 2593 4145 2594
f 2592 4147 4146
f 2592 4146 2593
f 2591 4148 4147
f 2591 4147 2592
f 2590 4149 4148
f 2590 4148 2591
f 2589 4150 4149
f 2589 4149 2590
f 2588 4151 4150
f 2588 4150 2589
f 2587 4152 4151
f 2587 4151 2588
f 2586 4153 4152
f 2586 4152 2587
f 2585 4154 4153
f 2585 4153 2586
f 2584 4155 4154
f 2584 4154 2585
f 2583 4143 4155
f 2583 4155 2584
f 4143 2582 4130
f 2583 2582 4143
f 2581 4130 2582
f 2581 4131 4130
f 2580 4132 4131
f 2580 4131 2581
f 2579 4133 4132
f 2579 4132 2580
f 2578 4134 4133
f 2578 4133 2579
f 2577 4135 4134
f 2577 4134 2578
f 2576 4136 4135
f 2576 4135 2577
f 2575 4137 4136
f 2575 4136 2576
f 2574 4138 4137
f 2574 4137 2575
f 2573 4139 4138
f 2573 4138 2574
f 2572 4140 4139
f 2572 4139 2573
f 2571 4141 4140
f 2571 4140 2572
f 2570 4142 4141
f 2570 4141 2571
f 2518 4118 4090
f 2518 2517 4118
f 2516 4118 2517
f 2516 4119 4118
f 2515 4120 4119
f 2515 4119 2516
f 2514 4121 4120
f 2514 4120 2515
f 2513 4122 4121
f 2513 4121 2514
f 2512 4123 4122
f 2512 4122 2513
f 2511 4124 4123
f 2511 4123 2512
f 2510 4125 4124
f 2510 4124 2511
f 2509 4126 4125
f 2509 4125 2510
f 2508 4127 4126
f 2508 4126 2509
f 2507 4128 4127
f 2507 4127 2508
f 2506 4129 4128
f 2506 4128 2507
f 2504 4117 4129
f 2504 4129 2506
f 4105 4117 2504
f 4105 2504 2505
f 2505 4106 4105
f 2555 4107 4106
f 2555 4106 2505
f 2554 4108 4107
f 2554 4107 2555
f 2553 4109 4108
f 2553 4108 2554
f 2552 4110 4109
f 2552 4109 2553
f 2551 4111 4110
f 2551 4110 2552
f 2550 4112 4111
f 2550 4111 2551
f 2549 4113 4112
f 2549 4112 2550
f 2548 4114 4113
f 2548 4113 2549
f 2547 4115 4114
f 2547 4114 2548
f 2546 4116 4115
f 2546 4115 2547
f 2545 4104 4116
f 2545 4116 2546
f 2544 4104 2545
f 4092 2544 2543
f 4092 4104 2544
f 2542 4092 2543
f 2542 4093 4092
f 2541 4094 4093
f 2541 4093 2542
f 2540 4095 4094
f 2540 4094 2541
f 2539 4096 4095
f 2539 4095 2540
f 2538 4097 4096
f 2538 4096 2539
f 2537 4098 4097
f 2537 4097 2538
f 2536 4099 4098
f 2536 4098 2537
f 2535 4100 4099
f 2535 4099 2536
f 2534 4101 4100
f 2534 4100 2535
f 2533 4102 4101
f 2533 4101 2534
f 2532 4103 4102
f 2532 4102 2533
f 2531 4091 4103
f 2531 4103 2532
f 4091 2530 4078
f 2531 2530 4091
f 2529 4078 2530
f 2529 4079 4078
f 2528 4080 4079
f 2528 4079 2529
f 2527 4081 4080
f 2527 4080 2528
f 2526 4082 4081
f 2526 4081 2527
f 2525 4083 4082
f 2525 4082 2526
f 2524 4084 4083
f 2524 4083 2525
f 2523 4085 4084
f 2523 4084 2524
f 2522 4086 4085
f 2522 4085 2523
f 2521 4087 4086
f 2521 4086 2522
f 2520 4088 4087
f 2520 4087 2521
f 2519 4089 4088
f 2519 4090 4089
f 2519 4088 2520
f 2518 4090 2519
f 2466 4066 4038
f 2466 2465 4066
f 2464 4066 2465
f 2464 4067 4066
f 2463 4068 4067
f 2463 4067 2464
f 2462 4069 4068
f 2462 4068 2463
f 2461 4070 4069
f 2461 4069 2462
f 2460 4071 4070
f 2460 4070 2461
f 2459 4072 4071
f 2459 4071 2460
f 2458 4073 4072
f 2458 4072 2459
f 2457 4074 4073
f 2457 4073 2458
f 2456 4075 4074
f 2456 4074 2457
f 2455 4076 4075
f 2455 4075 2456
f 2454 4077 4076
f 2454 4076 2455
f 2452 4065 4077
f 2452 4077 2454
f 4053 4065 2452
f 4053 2452 2453
f 2453 4054 4053
f 2503 4055 4054
f 2503 4054 2453
f 2502 4056 4055
f 2502 4055 2503
f 2501 4057 4056
f 2501 4056 2502
f 2500 4058 4057
f 2500 4057 2501
f 2499 4059 4058
f 2499 4058 2500
f 2498 4060 4059
f 2498 4059 2499
f 2497 4061 4060
f 2497 4060 2498
f 2496 4062 4061
f 2496 4061 2497
f 2495 4063 4062
f 2495 4062 2496
f 2494 4064 4063
f 2494 4063 2495
f 2493 4052 4064
f 2493 4064 2494
f 2492 4052 2493
f 4040 2492 2491
f 4040 4052 2492
f 2490 4040 2491
f 2490 4041 4040
f 2489 4042 4041
f 2489 4041 2490
f 2488 4043 4042
f 2488 4042 2489
f 2487 4044 4043
f 2487 4043 2488
f 2486 4045 4044
f 2486 4044 2487
f 2485 4046 4045
f 2485 4045 2486
f 2484 4047 4046
f 2484 4046 2485
f 2483 4048 4047
f 2483 4047 2484
f 2482 4049 4048
f 2482 4048 2483
f 2481 4050 4049
f 2481 4049 2482
f 2480 4051 4050
f 2480 4050 2481
f 2479 4039 4051
f 2479 4051 2480
f 4039 2478 4026
f 2479 2478 4039
f 2477 4026 2478
f 2477 4027 4026
f 2476 4028 4027
f 2476 4027 2477
f 2475 4029 4028
f 2475 4028 2476
f 2474 4030 4029
f 2474 4029 2475
f 2473 4031 4030
f 2473 4030 2474
f 2472 4032 4031
f 2472 4031 2473
f 2471 4033 4032
f 2471 4032 2472
f 2470 4034 4033
f 2470 4033 2471
f 2469 4035 4034
f 2469 4034 2470
f 2468 4036 4035
f 2468 4035 2469
f 2467 4037 4036
f 2467 4038 4037
f 2467 4036 2468
f 2466 4038 2467
f 2414 4014 3986
f 2414 2413 4014
f 2412 4014 2413
f 2412 4015 4014
f 2411 4016 4015
f 2411 4015 2412
f 2410 4017 4016
f 2410 4016 2411
f 2409 4018 4017
f 2409 4017 2410
f 2408 4019 4018
f 2408 4018 2409
f 2407 4020 4019
f 2407 4019 2408
f 2406 4021 4020
f 2406 4020 2407
f 2405 4022 4021
f 2405 4021 2406
f 2404 4023 4022
f 2404 4022 2405
f 2403 4024 4023
f 2403 4023 2404
f 2402 4025 4024
f 2402 4024 2403
f 2400 4013 4025
f 2400 4025 2402
f 4001 4013 2400
f 4001 2400 2401
f 2401 4002 4001
f 2451 4003 4002
f 2451 4002 2401
f 2450 4004 4003
f 2450 4003 2451
f 2449 4005 4004
f 2449 4004 2450
f 2448 4006 4005
f 2448 4005 2449
f 2447 4007 4006
f 2447 4006 2448
f 2446 4008 4007
f 2446 4007 2447
f 2445 4009 4008
f 2445 4008 2446
f 2444 4010 4009
f 2444 4009 2445
f 2443 4011 4010
f 2443 4010 2444
f 2442 4012 4011
f 2442 4011 2443
f 2441 4000 4012
f 2441 4012 2442
f 2440 4000 2441
f 3988 2440 2439
f 3988 4000 2440
f 2438 3988 2439
f 2438 3989 3988
f 2437 3990 3989
f 2437 3989 2438
f 2436 3991 3990
f 2436 3990 2437
f 2435 3992 3991
f 2435 3991 2436
f 2434 3993 3992
f 2434 3992 2435
f 2433 3994 3993
f 2433 3993 2434
f 2432 3995 3994
f 2432 3994 2433
f 2431 3996 3995
f 2431 3995 2432
f 2430 3997 3996
f 2430 3996 2431
f 2429 3998 3997
f 2429 3997 2430
f 2428 3999 3998
f 2428 3998 2429
f 2427 3987 3999
f 2427 3999 2428
f 3987 2426 3974
f 2427 2426 3987
f 2425 3974 2426
f 2425 3975 3974
f 2424 3976 3975
f 2424 3975 2425
f 2423 3977 3976
f 2423 3976 2424
f 2422 3978 3977
f 2422 3977 2423
f 2421 3979 3978
f 2421 3978 2422
f 2420 3980 3979
f 2420 3979 2421
f 2419 3981 3980
f 2419 3980 2420
f 2418 3982 3981
f 2418 3981 2419
f 2417 3983 3982
f 2417 3982 2418
f 2416 3984 3983
f 2416 3983 2417
f 2415 3985 3984
f 2415 3986 3985
f 2415 3984 2416
f 2414 3986 2415
f 2362 3962 3934
f 2362 2361 3962
f 2360 3962 2361
f 2360 3963 3962
f 2359 3964 3963
f 2359 3963 2360
f 2358 3965 3964
f 2358 3964 2359
f 2357 3966 3965
f 2357 3965 2358
f 2356 3967 3966
f 2356 3966 2357
f 2355 3968 3967
f 2355 3967 2356
f 2354 3969 3968
f 2354 3968 2355
f 2353 3970 3969
f 2353 3969 2354
f 2352 3971 3970
f 2352 3970 2353
f 2351 3972 3971
f 2351 3971 2352
f 2350 3973 3972
f 2350 3972 2351
f 2348 3961 3973
f 2348 3973 2350
f 3949 3961 2348
f 3949 2348 2349
f 2349 3950 3949
f 2399 3951 3950
f 2399 3950 2349
f 2398 3952 3951
f 2398 3951 2399
f 2397 3953 3952
f 2397 3952 2398
f 2396 3954 3953
f 2396 3953 2397
f 2395 3955 3954
f 2395 3954 2396
f 2394 3956 3955
f 2394 3955 2395
f 2393 3957 3956
f 2393 3956 2394
f 2392 3958 3957
f 2392 3957 2393
f 2391 3959 3958
f 2391 3958 2392
f 2390 3960 3959
f 2390 3959 2391
f 2389 3948 3960
f 2389 3960 2390
f 2388 3948 2389
f 3936 2388 2387
f 3936 3948 2388
f 2386 3936 2387
f 2386 3937 3936
f 2385 3938 3937
f 2385 3937 2386
f 2384 3939 3938
f 2384 3938 2385
f 2383 3940 3939
f 2383 3939 2384
f 2382 3941 3940
f 2382 3940 2383
f 2381 3942 3941
f 2381 3941 2382
f 2380 3943 3942
f 2380 3942 2381
f 2379 3944 3943
f 2379 3943 2380
f 2378 3945 3944
f 2378 3944 2379
f 2377 3946 3945
f 2377 3945 2378
f 2376 3947 3946
f 2376 3946 2377
f 2375 3935 3947
f 2375 3947 2376
f 3935 2374 3922
f 2375 2374 3935
f 2373 3922 2374
f 2373 3923 3922
f 2372 3924 3923
f 2372 3923 2373
f 2371 3925 3924
f 2371 3924 2372
f 2370 3926 3925
f 2370 3925 2371
f 2369 3927 3926
f 2369 3926 2370
f 2368 3928 3927
f 2368 3927 2369
f 2367 3929 3928
f 2367 3928 2368
f 2366 3930 3929
f 2366 3929 2367
f 2365 3931 3930
f 2365 3930 2366
f 2364 3932 3931
f 2364 3931 2365
f 2363 3933 3932
f 2363 3934 3933
f 2363 3932 2364
f 2362 3934 2363
f 3882 2309 3910
f 2310 2309 3882
f 2308 3910 2309
f 2308 3911 3910
f 2307 3912 3911
f 2307 3911 2308
f 2306 3913 3912
f 2306 3912 2307
f 2305 3914 3913
f 2305 3913 2306
f 2304 3915 3914
f 2304 3914 2305
f 2303 3916 3915
f 2303 3915 2304
f 2302 3917 3916
f 2302 3916 2303
f 2301 3918 3917
f 2301 3917 2302
f 2300 3919 3918
f 2300 3918 2301
f 2299 3920 3919
f 2299 3919 2300
f 2298 3921 3920
f 2298 3920 2299
f 2296 3909 3921
f 2296 3921 2298
f 3897 3909 2296
f 3897 2296 2297
f 2297 3898 3897
f 2347 3899 3898
f 2347 3898 2297
f 2346 3900 3899
f 2346 3899 2347
f 2345 3901 3900
f 2345 3900 2346
f 2344 3902 3901
f 2344 3901 2345
f 2343 3903 3902
f 2343 3902 2344
f 2342 3904 3903
f 2342 3903 2343
f 2341 3905 3904
f 2341 3904 2342
f 2340 3906 3905
f 2340 3905 2341
f 2339 3907 3906
f 2339 3906 2340
f 2338 3908 3907
f 2338 3907 2339
f 2337 3896 3908
f 2337 3908 2338
f 2336 3896 2337
f 3884 2336 2335
f 3884 3896 2336
f 2334 3884 2335
f 2334 3885 3884
f 2333 3886 3885
f 2333 3885 2334
f 2332 3887 3886
f 2332 3886 2333
f 2331 3888 3887
f 2331 3887 2332
f 2330 3889 3888
f 2330 3888 2331
f 2329 3890 3889
f 2329 3889 2330
f 2328 3891 3890
f 2328 3890 2329
f 2327 3892 3891
f 2327 3891 2328
f 2326 3893 3892
f 2326 3892 2327
f 2325 3894 3893
f 2325 3893 2326
f 2324 3895 3894
f 2324 3894 2325
f 2323 3883 3895
f 2323 3895 2324
f 3883 2322 3870
f 2323 2322 3883
f 2321 3870 2322
f 2321 3871 3870
f 2320 3872 3871
f 2320 3871 2321
f 2319 3873 3872
f 2319 3872 2320
f 2318 3874 3873
f 2318 3873 2319
f 2317 3875 3874
f 2317 3874 2318
f 2316 3876 3875
f 2316 3875 2317
f 2315 3877 3876
f 2315 3876 2316
f 2314 3878 3877
f 2314 3877 2315
f 2313 3879 3878
f 2313 3878 2314
f 2312 3880 3879
f 2312 3879 2313
f 2311 3881 3880
f 2311 3880 2312
f 2310 3882 3881
f 2310 3881 2311
f 3830 2257 3858
f 2258 2257 3830
f 2256 3858 2257
f 2256 3859 3858
f 2255 3860 3859
f 2255 3859 2256
f 2254 3861 3860
f 2254 3860 2255
f 2253 3862 3861
f 2253 3861 2254
f 2252 3863 3862
f 2252 3862 2253
f 2251 3864 3863
f 2251 3863 2252
f 2250 3865 3864
f 2250 3864 2251
f 2249 3866 3865
f 2249 3865 2250
f 2248 3867 3866
f 2248 3866 2249
f 2247 3868 3867
f 2247 3867 2248
f 2246 3869 3868
f 2246 3868 2247
f 2244 3857 3869
f 2244 3869 2246
f 3845 3857 2244
f 3845 2244 2245
f 2245 3846 3845
f 2295 3847 3846
f 2295 3846 2245
f 2294 3848 3847
f 2294 3847 2295
f 2293 3849 3848
f 2293 3848 2294
f 2292 3850 3849
f 2292 3849 2293
f 2291 3851 3850
f 2291 3850 2292
f 2290 3852 3851
f 2290 3851 2291
f 2289 3853 3852
f 2289 3852 2290
f 2288 3854 3853
f 2288 3853 2289
f 2287 3855 3854
f 2287 3854 2288
f 2286 3856 3855
f 2286 3855 2287
f 2285 3844 3856
f 2285 3856 2286
f 2284 3844 2285
f 2283 3844 2284
f 3832 3844 2283
f 2282 3832 2283
f 2282 3833 3832
f 2281 3834 3833
f 2281 3833 2282
f 2280 3835 3834
f 2280 3834 2281
f 2279 3836 3835
f 2279 3835 2280
f 2278 3837 3836
f 2278 3836 2279
f 2277 3838 3837
f 2277 3837 2278
f 2276 3839 3838
f 2276 3838 2277
f 2275 3840 3839
f 2275 3839 2276
f 2274 3841 3840
f 2274 3840 2275
f 2273 3842 3841
f 2273 3841 2274
f 2272 3843 3842
f 2272 3842 2273
f 2271 3831 3843
f 2271 3843 2272
f 3831 2270 3818
f 2271 2270 3831
f 2269 3818 2270
f 2269 3819 3818
f 2268 3820 3819
f 2268 3819 2269
f 2267 3821 3820
f 2267 3820 2268
f 2266 3822 3821
f 2266 3821 2267
f 2265 3823 3822
f 2265 3822 2266
f 2264 3824 3823
f 2264 3823 2265
f 2263 3825 3824
f 2263 3824 2264
f 2262 3826 3825
f 2262 3825 2263
f 2261 3827 3826
f 2261 3826 2262
f 2260 3828 3827
f 2260 3827 2261
f 2259 3829 3828
f 2259 3830 3829
f 2259 3828 2260
f 2258 3830 2259
f 2191 3765 1658
f 3753 3765 2191
f 2191 3754 3753
f 2190 3755 3754
f 2190 3754 2191
f 2189 3756 3755
f 2189 3755 2190
f 2188 3757 3756
f 2188 3756 2189
f 2187 3758 3757
f 2187 3757 2188
f 2186 3759 3758
f 2186 3758 2187
f 2185 3760 3759
f 2185 3759 2186
f 2184 3761 3760
f 2184 3760 2185
f 2183 3762 3761
f 2183 3761 2184
f 2182 3763 3762
f 2182 3762 2183
f 2181 3764 3763
f 2181 3763 2182
f 2180 3752 3764
f 2180 3764 2181
f 2179 3752 2180
f 2178 3752 2179
f 3740 3752 2178
f 2178 3741 3740
f 2177 3742 3741
f 2177 3741 2178
f 2176 3743 3742
f 2176 3742 2177
f 2175 3744 3743
f 2175 3743 2176
f 2174 3744 2175
f 2173 3745 3744
f 2173 3746 3745
f 2173 3744 2174
f 2172 3746 2173
f 2171 3747 3746
f 2171 3746 2172
f 2170 3748 3747
f 2170 3747 2171
f 2169 3749 3748
f 2169 3748 2170
f 2168 3750 3749
f 2168 3749 2169
f 2167 3751 3750
f 2167 3750 2168
f 2166 3739 3751
f 2166 3751 2167
f 3739 2165 3738
f 2166 2165 3739
f 3778 2205 3806
f 2206 2205 3778
f 2204 3806 2205
f 2204 3807 3806
f 2203 3808 3807
f 2203 3807 2204
f 2202 3809 3808
f 2202 3808 2203
f 2201 3810 3809
f 2201 3809 2202
f 2200 3811 3810
f 2200 3810 2201
f 2199 3812 3811
f 2199 3811 2200
f 2198 3813 3812
f 2198 3812 2199
f 2197 3814 3813
f 2197 3813 2198
f 2196 3815 3814
f 2196 3814 2197
f 2195 3816 3815
f 2195 3815 2196
f 2194 3817 3816
f 2194 3816 2195
f 2192 3805 3817
f 2192 3817 2194
f 3793 3805 2192
f 3793 2192 2193
f 2193 3794 3793
f 2243 3795 3794
f 2243 3794 2193
f 2242 3796 3795
f 2242 3795 2243
f 2241 3797 3796
f 2241 3796 2242
f 2240 3798 3797
f 2240 3797 2241
f 2239 3799 3798
f 2239 3798 2240
f 2238 3800 3799
f 2238 3799 2239
f 2237 3801 3800
f 2237 3800 2238
f 2236 3802 3801
f 2236 3801 2237
f 2235 3803 3802
f 2235 3802 2236
f 2234 3804 3803
f 2234 3803 2235
f 2233 3792 3804
f 2233 3804 2234
f 2232 3792 2233
f 2231 3792 2232
f 3780 3792 2231
f 2230 3780 2231
f 2230 3781 3780
f 2229 3782 3781
f 2229 3781 2230
f 2228 3783 3782
f 2228 3782 2229
f 2227 3784 3783
f 2227 3783 2228
f 2226 3785 3784
f 2226 3784 2227
f 2225 3786 3785
f 2225 3785 2226
f 2224 3787 3786
f 2224 3786 2225
f 2223 3788 3787
f 2223 3787 2224
f 2222 3789 3788
f 2222 3788 2223
f 2221 3790 3789
f 2221 3789 2222
f 2220 3791 3790
f 2220 3790 2221
f 2219 3779 3791
f 2219 3791 2220
f 3779 2218 3766
f 2219 2218 3779
f 2217 3766 2218
f 2217 3767 3766
f 2216 3768 3767
f 2216 3767 2217
f 2215 3769 3768
f 2215 3768 2216
f 2214 3770 3769
f 2214 3769 2215
f 2213 3771 3770
f 2213 3770 2214
f 2212 3772 3771
f 2212 3771 2213
f 2211 3773 3772
f 2211 3772 2212
f 2210 3774 3773
f 2210 3773 2211
f 2209 3775 3774
f 2209 3774 2210
f 2208 3776 3775
f 2208 3775 2209
f 2207 3777 3776
f 2207 3778 3777
f 2207 3776 2208
f 2206 3778 2207
f 4819 4821 4820
f 4819 4822 4821
f 4818 4822 4819
f 4817 4823 4822
f 4817 4822 4818
f 4816 4823 4817
f 4815 4806 4823
f 4815 4823 4816
f 4814 4806 4815
f 4813 4807 4806
f 4813 4806 4814
f 4812 4807 4813
f 4811 4808 4807
f 4811 4807 4812
f 4810 4808 4811
f 4809 1648 4808
f 4809 4808 4810
f 1659 1648 4809
f 4835 4836 4837
f 4834 4837 4838
f 4834 4835 4837
f 4833 4838 4839
f 4833 4834 4838
f 4832 4839 4840
f 4832 4833 4839
f 4831 4840 4841
f 4831 4832 4840
f 4830 4841 4842
f 4830 4831 4841
f 4829 4830 4842
f 4828 4842 4843
f 4828 4829 4842
f 4827 4843 4844
f 4827 4828 4843
f 4826 4844 4845
f 4826 4827 4844
f 4825 4845 4846
f 4825 4826 4845
f 4824 4846 4847
f 4824 4825 4846
f 3232 4847 1649
f 3232 4824 4847
f 4806 4843 4842
f 4807 4844 4843
f 4807 4845 4844
f 4807 4843 4806
f 4808 4846 4845
f 4808 4847 4846
f 4808 4845 4807
f 1648 1649 4847
f 1648 4847 4808
f 4821 4837 4836
f 4822 4838 4837
f 4822 4839 4838
f 4822 4837 4821
f 4823 4840 4839
f 4823 4841 4840
f 4823 4839 4822
f 4806 4842 4841
f 4806 4841 4823
f 4856 4858 4857
f 4855 4859 4858
f 4855 4858 4856
f 4854 4848 4859
f 4854 4859 4855
f 4853 4848 4854
f 4852 4849 4848
f 4852 4848 4853
f 4851 4850 4849
f 4851 4849 4852
f 1651 1653 4850
f 1651 4850 4851
f 4877 4878 4879
f 4876 4879 4880
f 4876 4877 4879
f 4875 4880 4881
f 4875 4876 4880
f 4874 4881 4882
f 4874 4875 4881
f 4873 4882 4883
f 4873 4874 4882
f 4872 4883 4860
f 4872 4873 4883
f 4871 4860 4861
f 4871 4872 4860
f 4870 4871 4861
f 4869 4861 4862
f 4869 4870 4861
f 4868 4862 4863
f 4868 4869 4862
f 4867 4863 4864
f 4867 4868 4863
f 4866 4864 4865
f 4866 4867 4864
f 1650 4865 1655
f 1650 4866 4865
f 4848 4861 4860
f 4849 4862 4861
f 4849 4863 4862
f 4849 4861 4848
f 4850 4864 4863
f 4850 4865 4864
f 4850 4863 4849
f 1653 1655 4865
f 1653 4865 4850
f 4857 4879 4878
f 4858 4880 4879
f 4858 4881 4880
f 4858 4879 4857
f 4859 4882 4881
f 4859 4883 4882
f 4859 4881 4858
f 4848 4860 4883
f 4848 4883 4859
f 4853 4872 4871
f 4854 4873 4872
f 4854 4874 4873
f 4854 4872 4853
f 4855 4875 4874
f 4855 4876 4875
f 4855 4874 4854
f 4856 4877 4876
f 4856 4876 4855
f 1651 4866 1650
f 4851 4867 4866
f 4851 4868 4867
f 4851 4866 1651
f 4852 4869 4868
f 4852 4870 4869
f 4852 4868 4851
f 4853 4871 4870
f 4853 4870 4852
f 4887 1589 1588
f 4886 1590 1589
f 4886 1591 1590
f 4886 1589 4887
f 4885 1592 1591
f 4885 1593 1592
f 4885 1591 4886
f 4884 1594 1593
f 4884 1595 1594
f 4884 1593 4885
f 4889 1596 1595
f 4889 1597 1596
f 4889 1595 4884
f 4888 1598 1597
f 4888 1599 1598
f 4888 1597 4889
f 1656 1586 1599
f 1656 1599 4888
f 4900 1626 1627
f 4900 4901 1626
f 4899 1627 1628
f 4899 4900 1627
f 4898 1628 1629
f 4898 4899 1628
f 4897 1629 1630
f 4897 4898 1629
f 4896 1630 1631
f 4896 4897 1630
f 4895 1631 1632
f 4895 1632 1633
f 4895 4896 1631
f 4894 1633 1634
f 4894 4895 1633
f 4893 1634 1635
f 4893 4894 1634
f 4892 1635 1636
f 4892 4893 1635
f 4891 1636 1637
f 4891 4892 1636
f 4890 1637 1638
f 4890 4891 1637
f 1657 4890 1638
f 4884 4896 4895
f 4885 4897 4896
f 4885 4898 4897
f 4885 4896 4884
f 4886 4899 4898
f 4886 4900 4899
f 4886 4898 4885
f 4887 4901 4900
f 4887 4900 4886
f 1656 4890 1657
f 4888 4891 4890
f 4888 4892 4891
f 4888 4890 1656
f 4889 4893 4892
f 4889 4894 4893
f 4889 4892 4888
f 4884 4895 4894
f 4884 4894 4889
f 4910 4912 4911
f 4909 4913 4912
f 4909 4912 4910
f 4908 4902 4913
f 4908 4913 4909
f 4907 4903 4902
f 4907 4902 4908
f 4906 4904 4903
f 4906 4903 4907
f 4905 1647 4904
f 4905 4904 4906
f 1642 1647 4905
f 4937 4914 4915
f 4936 4915 4916
f 4936 4937 4915
f 4935 4916 4917
f 4935 4936 4916
f 4934 4917 4918
f 4934 4935 4917
f 4933 4918 4919
f 4933 4934 4918
f 4932 4919 4920
f 4932 4933 4919
f 4931 4920 4921
f 4931 4932 4920
f 4930 4921 4922
f 4930 4931 4921
f 4929 4922 4923
f 4929 4930 4922
f 4928 4923 4924
f 4928 4929 4923
f 4927 4924 4925
f 4927 4928 4924
f 4926 4925 1646
f 4926 4927 4925
f 1643 4926 1646
f 4902 4921 4920
f 4903 4922 4921
f 4903 4923 4922
f 4903 4921 4902
f 4904 4924 4923
f 4904 4925 4924
f 4904 4923 4903
f 1647 1646 4925
f 1647 4925 4904
f 4911 4915 4914
f 4912 4916 4915
f 4912 4917 4916
f 4912 4915 4911
f 4913 4918 4917
f 4913 4919 4918
f 4913 4917 4912
f 4902 4920 4919
f 4902 4919 4913
f 4907 4932 4931
f 4908 4933 4932
f 4908 4934 4933
f 4908 4932 4907
f 4909 4935 4934
f 4909 4936 4935
f 4909 4934 4908
f 4910 4937 4936
f 4910 4936 4909
f 1642 4926 1643
f 4905 4927 4926
f 4905 4928 4927
f 4905 4926 1642
f 4906 4929 4928
f 4906 4930 4929
f 4906 4928 4905
f 4907 4931 4930
f 4907 4930 4906
f 4939 4938 538
f 4939 538 539
f 4941 536 537
f 4940 4941 537
f 4941 4942 535
f 4941 535 536
f 4944 4943 541
f 4944 541 542
f 4939 539 540
f 4945 4939 540
f 5489 1601 5488
f 5487 5488 1601
f 5490 1601 5489
f 5486 5487 1601
f 5491 1601 5490
f 5485 5486 1601
f 5492 1601 5491
f 5484 5485 1601
f 5483 5484 1601
f 5493 1601 5492
f 5481 5483 1601
f 5494 1601 5493
f 5482 5481 1601
f 5495 1601 5494
f 5496 1601 5495
f 1613 5482 1601
f 1613 5528 5529
f 1613 5529 5530
f 1613 5530 5531
f 1613 5531 5532
f 1613 5532 5482
f 5527 5528 1613
f 5526 5527 1613
f 5525 5526 1613
f 5524 5525 1613
f 5523 5524 1613
f 5522 5523 1613
f 5521 5522 1613
f 4957 5513 5514
f 4958 5513 4957
f 4956 4957 5514
f 4956 5514 5515
f 4956 5515 5516
f 5539 5501 5502
f 5539 5540 5501
f 5541 5500 5501
f 5541 5501 5540
f 4955 4956 5516
f 4959 5513 4958
f 4959 5512 5513
f 5542 5500 5541
f 5542 5499 5500
f 5538 5539 5502
f 5538 5502 5503
f 4954 5516 5517
f 4954 4955 5516
f 4960 5511 5512
f 4960 5512 4959
f 5537 5503 5504
f 5537 5538 5503
f 5543 5499 5542
f 5543 5498 5499
f 4961 5511 4960
f 4961 5509 5510
f 4961 5510 5511
f 4953 4954 5517
f 4953 5517 5518
f 5536 5537 5504
f 5536 5504 5505
f 5536 5505 5506
f 5544 5497 5498
f 5544 5498 5543
f 4952 5518 5519
f 4952 5519 5520
f 4952 4953 5518
f 4962 5509 4961
f 5545 1601 5496
f 5545 5496 5497
f 5545 5497 5544
f 5535 5536 5506
f 4951 4952 5520
f 4963 5509 4962
f 4963 5507 5508
f 4963 5508 5509
f 5533 5535 5506
f 5533 5506 5507
f 5546 1601 5545
f 4950 4951 5520
f 4950 5521 1613
f 4950 5520 5521
f 4964 5533 5507
f 4964 5507 4963
f 5534 5533 4964
f 5547 1601 5546
f 5584 4964 4965
f 5584 5534 4964
f 5583 4965 4966
f 5583 5584 4965
f 5582 4966 4967
f 5582 5583 4966
f 5581 4967 4968
f 5581 5582 4967
f 5580 4968 4969
f 5580 5581 4968
f 5579 4969 4970
f 5579 5580 4969
f 5578 4970 4971
f 5578 5579 4970
f 5577 4971 4972
f 5577 5578 4971
f 4973 5577 4972
f 5576 5577 4973
f 5575 4973 4974
f 5575 5576 4973
f 5574 4974 4975
f 5574 5575 4974
f 4976 5574 4975
f 5573 5574 4976
f 4977 5573 4976
f 5572 5573 4977
f 4986 5566 4985
f 4986 5565 5566
f 4984 4985 5566
f 4984 5566 5567
f 5593 5552 5553
f 5593 5553 5592
f 5591 5553 5554
f 5591 5592 5553
f 4987 5563 5564
f 4987 5565 4986
f 4987 5564 5565
f 4983 5567 5568
f 4983 4984 5567
f 5590 5554 5555
f 5590 5591 5554
f 5594 5551 5552
f 5594 5552 5593
f 4988 5563 4987
f 4982 4983 5568
f 4982 5568 5569
f 5595 5550 5551
f 5595 5551 5594
f 5589 5555 5556
f 5589 5556 5557
f 5589 5590 5555
f 4989 5561 5562
f 4989 5563 4988
f 4989 5562 5563
f 4981 5569 5570
f 4981 5570 5571
f 4981 4982 5569
f 5596 5548 5549
f 5596 5549 5550
f 5596 5550 5595
f 5588 5557 5558
f 5588 5589 5557
f 4980 4981 5571
f 4990 5560 5561
f 4990 5561 4989
f 5597 5548 5596
f 5587 5588 5558
f 4991 5559 5560
f 4991 5560 4990
f 4979 5571 5572
f 4979 4980 5571
f 5598 5547 5548
f 5598 1601 5547
f 5598 5548 5597
f 5585 5558 5559
f 5585 5587 5558
f 4978 5572 4977
f 4978 4979 5572
f 4992 5585 5559
f 4992 5559 4991
f 5586 5585 4992
f 5636 4992 4993
f 5636 5586 4992
f 4994 5636 4993
f 5635 5636 4994
f 5634 4994 4995
f 5634 5635 4994
f 5633 5634 4995
f 5633 4995 4996
f 5632 5633 4996
f 5632 4996 4997
f 5631 5632 4997
f 5631 4997 4998
f 5630 5631 4998
f 5630 4998 4999
f 5629 5630 4999
f 5629 4999 5000
f 5628 5629 5000
f 5628 5000 5001
f 5627 5628 5001
f 5627 5001 5002
f 5626 5627 5002
f 5626 5002 5003
f 5004 5626 5003
f 5625 5626 5004
f 5005 5625 5004
f 5014 5618 5013
f 5014 5616 5617
f 5014 5617 5618
f 5012 5013 5618
f 5012 5618 5619
f 5643 5605 5606
f 5643 5644 5605
f 5645 5604 5605
f 5645 5605 5644
f 5011 5619 5620
f 5011 5012 5619
f 5015 5616 5014
f 5642 5643 5606
f 5642 5606 5607
f 5646 5604 5645
f 5646 5603 5604
f 5016 5616 5015
f 5016 5615 5616
f 5010 5620 5621
f 5010 5011 5620
f 5641 5642 5607
f 5641 5607 5608
f 5647 5603 5646
f 5647 5602 5603
f 5017 5615 5016
f 5017 5614 5615
f 5009 5621 5622
f 5009 5010 5621
f 5648 5602 5647
f 5648 5600 5601
f 5648 5601 5602
f 5640 5641 5608
f 5640 5608 5609
f 5008 5009 5622
f 5008 5622 5623
f 5018 5613 5614
f 5018 5614 5017
f 5639 5640 5609
f 5639 5609 5610
f 5649 5600 5648
f 5007 5008 5623
f 5007 5623 5624
f 5019 5613 5018
f 5019 5611 5612
f 5019 5612 5613
f 5637 5610 5611
f 5637 5639 5610
f 5650 5600 5649
f 5650 5599 5600
f 5006 5007 5624
f 5006 5625 5005
f 5006 5624 5625
f 5020 5637 5611
f 5020 5611 5019
f 5638 5637 5020
f 5688 5638 5020
f 5688 5020 5021
f 5687 5688 5021
f 5687 5021 5022
f 5686 5687 5022
f 5686 5022 5023
f 5685 5686 5023
f 5685 5023 5024
f 5025 5685 5024
f 5684 5685 5025
f 5683 5684 5025
f 5683 5025 5026
f 5682 5683 5026
f 5682 5026 5027
f 5681 5027 5028
f 5681 5682 5027
f 5680 5681 5028
f 5680 5028 5029
f 5679 5680 5029
f 5679 5029 5030
f 5031 5679 5030
f 5678 5679 5031
f 5032 5678 5031
f 5677 5678 5032
f 5033 5677 5032
f 5041 5669 5670
f 5041 5670 5671
f 5696 5657 5658
f 5042 5669 5041
f 5040 5671 5672
f 5040 5041 5671
f 5695 5658 5659
f 5695 5696 5658
f 5697 5656 5657
f 5697 5657 5696
f 5039 5040 5672
f 5043 5667 5668
f 5043 5668 5669
f 5043 5669 5042
f 5694 5695 5659
f 5698 5656 5697
f 5698 5654 5655
f 5698 5655 5656
f 5044 5666 5667
f 5044 5667 5043
f 5038 5672 5673
f 5038 5039 5672
f 5693 5659 5660
f 5693 5694 5659
f 5699 5654 5698
f 5045 5665 5666
f 5045 5666 5044
f 5037 5673 5674
f 5037 5038 5673
f 5700 5653 5654
f 5700 5654 5699
f 5692 5660 5661
f 5692 5693 5660
f 5036 5674 5675
f 5036 5037 5674
f 5046 5665 5045
f 5691 5661 5662
f 5691 5692 5661
f 5047 5664 5665
f 5047 5665 5046
f 5035 5675 5676
f 5035 5036 5675
f 5689 5662 5663
f 5689 5663 5664
f 5689 5664 5047
f 5689 5691 5662
f 5034 5035 5676
f 5034 5676 5677
f 5034 5677 5033
f 5690 5689 5047
f 5690 5047 5048
f 5740 5048 5049
f 5740 5690 5048
f 5739 5049 5050
f 5739 5740 5049
f 5738 5050 5051
f 5738 5739 5050
f 4949 5650 5651
f 4949 5651 5652
f 4949 5652 5653
f 4949 5599 5650
f 4949 5700 5701
f 4949 5701 5702
f 4949 5702 5703
f 4949 5703 5704
f 4949 5704 5705
f 4949 5705 5706
f 4949 5653 5700
f 5052 5738 5051
f 5707 4949 5706
f 5737 5738 5052
f 5708 4949 5707
f 5736 5052 5053
f 5736 5737 5052
f 5709 4949 5708
f 5735 5053 5054
f 5735 5736 5053
f 5055 5735 5054
f 5710 4949 5709
f 5734 5735 5055
f 5733 5055 5056
f 5733 5734 5055
f 5711 4949 5710
f 5732 5056 5057
f 5732 5733 5056
f 5731 5057 5058
f 5731 5732 5057
f 5730 5058 5059
f 5730 5731 5058
f 5729 5059 5060
f 5729 5730 5059
f 4944 4949 5711
f 4944 5711 5712
f 4944 5712 5713
f 4944 5713 5714
f 4944 5714 5715
f 5061 5729 5060
f 5069 5721 5722
f 5068 5069 5722
f 5068 5722 5723
f 5068 5723 5724
f 5070 5721 5069
f 5749 4943 5748
f 5747 5748 4943
f 5071 5721 5070
f 5071 5720 5721
f 5067 5068 5724
f 5746 4943 4944
f 5746 5747 4943
f 5750 4943 5749
f 5066 5067 5724
f 5066 5724 5725
f 5072 5720 5071
f 5072 5719 5720
f 5751 4943 5750
f 5745 5746 4944
f 5065 5066 5725
f 5065 5725 5726
f 5073 5719 5072
f 5073 5718 5719
f 5752 4943 5751
f 5744 5745 4944
f 5074 5718 5073
f 5074 5717 5718
f 5064 5065 5726
f 5064 5726 5727
f 5753 4943 5752
f 5743 5744 4944
f 5063 5064 5727
f 5063 5727 5728
f 5075 5717 5074
f 5075 5715 5716
f 5075 5716 5717
f 5754 4943 5753
f 5741 5743 4944
f 5741 4944 5715
f 5062 5729 5061
f 5062 5063 5728
f 5062 5728 5729
f 5742 5715 5075
f 5742 5075 5076
f 5742 5741 5715
f 5755 4943 5754
f 5756 4943 5755
f 5792 5076 5077
f 5792 5742 5076
f 5791 5077 5078
f 5791 5792 5077
f 5757 4943 5756
f 5079 5791 5078
f 5790 5791 5079
f 5789 5079 5080
f 5789 5790 5079
f 5788 5789 5080
f 5788 5080 5081
f 5787 5788 5081
f 5787 5081 5082
f 5083 5787 5082
f 5786 5787 5083
f 5785 5786 5083
f 5785 5083 5084
f 5085 5785 5084
f 5784 5785 5085
f 5086 5784 5085
f 5783 5784 5086
f 5782 5783 5086
f 5782 5086 5087
f 5088 5782 5087
f 5781 5782 5088
f 5089 5781 5088
f 5096 5774 5775
f 5096 5775 5776
f 5096 5097 5774
f 5098 5773 5774
f 5098 5774 5097
f 5799 5761 5762
f 5799 5762 5763
f 5799 5800 5761
f 5801 5760 5761
f 5801 5761 5800
f 5095 5096 5776
f 5099 5772 5773
f 5099 5773 5098
f 5802 5759 5760
f 5802 5760 5801
f 5798 5799 5763
f 5100 5771 5772
f 5100 5772 5099
f 5094 5776 5777
f 5094 5095 5776
f 5797 5763 5764
f 5797 5798 5763
f 5803 5758 5759
f 5803 5759 5802
f 5093 5777 5778
f 5093 5094 5777
f 5101 5769 5770
f 5101 5770 5771
f 5101 5771 5100
f 5804 5757 5758
f 5804 5758 5803
f 5804 4943 5757
f 5796 5797 5764
f 5796 5764 5765
f 5796 5765 5766
f 5092 5778 5779
f 5092 5779 5780
f 5092 5093 5778
f 5102 5769 5101
f 5805 4943 5804
f 5795 5796 5766
f 5103 5769 5102
f 5103 5768 5769
f 5091 5092 5780
f 5806 4943 5805
f 5793 5795 5766
f 5793 5766 5767
f 5793 5767 5768
f 5793 5768 5103
f 5090 5091 5780
f 5090 5780 5781
f 5090 5781 5089
f 5794 5793 5103
f 5794 5103 5104
f 5807 4943 5806
f 5844 5794 5104
f 5844 5104 5105
f 5843 5844 5105
f 5843 5105 5106
f 5842 5843 5106
f 5842 5106 5107
f 5841 5842 5107
f 5841 5107 5108
f 5840 5841 5108
f 5840 5108 5109
f 5839 5840 5109
f 5839 5109 5110
f 5838 5839 5110
f 5838 5110 5111
f 5837 5838 5111
f 5837 5111 5112
f 5113 5837 5112
f 5836 5837 5113
f 5835 5113 5114
f 5835 5836 5113
f 5115 5835 5114
f 5834 5835 5115
f 5833 5115 5116
f 5833 5834 5115
f 5117 5833 5116
f 5832 5833 5117
f 5125 5825 5826
f 5124 5826 5827
f 5124 5827 5828
f 5124 5125 5826
f 5126 5825 5125
f 5853 5813 5852
f 5853 5811 5812
f 5853 5812 5813
f 5851 5852 5813
f 5851 5813 5814
f 5123 5124 5828
f 5127 5825 5126
f 5127 5824 5825
f 5854 5811 5853
f 5854 5810 5811
f 5850 5851 5814
f 5850 5814 5815
f 5128 5824 5127
f 5128 5823 5824
f 5122 5123 5828
f 5122 5828 5829
f 5849 5850 5815
f 5849 5815 5816
f 5849 5816 5817
f 5855 5810 5854
f 5121 5122 5829
f 5121 5829 5830
f 5121 5830 5831
f 5129 5823 5128
f 5129 5822 5823
f 5856 5810 5855
f 5856 5809 5810
f 5848 5849 5817
f 5120 5121 5831
f 5120 5831 5832
f 5130 5822 5129
f 5130 5821 5822
f 5857 5808 5809
f 5857 5809 5856
f 5847 5817 5818
f 5847 5848 5817
f 5131 5819 5820
f 5131 5820 5821
f 5131 5821 5130
f 5119 5120 5832
f 5858 4943 5807
f 5858 5807 5808
f 5858 5808 5857
f 5845 5818 5819
f 5845 5847 5818
f 5118 5832 5117
f 5118 5119 5832
f 5132 5819 5131
f 5846 5845 5819
f 5846 5819 5132
f 5896 5132 5133
f 5896 5846 5132
f 5895 5896 5133
f 5895 5133 5134
f 5894 5895 5134
f 5894 5134 5135
f 5893 5894 5135
f 5893 5135 5136
f 5137 5893 5136
f 5892 5893 5137
f 5138 5892 5137
f 5891 5892 5138
f 5890 5138 5139
f 5890 5891 5138
f 5889 5139 5140
f 5889 5890 5139
f 5888 5140 5141
f 5888 5889 5140
f 5887 5141 5142
f 5887 5888 5141
f 5143 5887 5142
f 5886 5887 5143
f 5885 5143 5144
f 5885 5886 5143
f 5145 5885 5144
f 5154 5877 5878
f 5154 5878 5153
f 5152 5878 5879
f 5152 5153 5878
f 5905 5864 5865
f 5905 5865 5904
f 5903 5865 5866
f 5903 5866 5867
f 5903 5904 5865
f 5155 5877 5154
f 5155 5876 5877
f 5151 5879 5880
f 5151 5880 5881
f 5151 5152 5879
f 5906 5863 5864
f 5906 5864 5905
f 5902 5903 5867
f 5156 5876 5155
f 5156 5875 5876
f 5150 5151 5881
f 5901 5902 5867
f 5901 5867 5868
f 5901 5868 5869
f 5907 5862 5863
f 5907 5863 5906
f 5149 5881 5882
f 5149 5150 5881
f 5157 5875 5156
f 5157 5874 5875
f 5908 5862 5907
f 5908 5861 5862
f 5900 5901 5869
f 5148 5149 5882
f 5148 5882 5883
f 5158 5873 5874
f 5158 5874 5157
f 5899 5869 5870
f 5899 5900 5869
f 5909 5861 5908
f 5909 5860 5861
f 5159 5872 5873
f 5159 5873 5158
f 5147 5883 5884
f 5147 5148 5883
f 5910 5859 5860
f 5910 5860 5909
f 5897 5899 5870
f 5897 5870 5871
f 5146 5147 5884
f 5146 5884 5885
f 5146 5885 5145
f 5898 5159 5160
f 5898 5897 5871
f 5898 5871 5872
f 5898 5872 5159
f 5948 5160 5161
f 5948 5898 5160
f 5947 5161 5162
f 5947 5948 5161
f 5163 5947 5162
f 5946 5947 5163
f 5945 5163 5164
f 5945 5946 5163
f 5165 5945 5164
f 5944 5945 5165
f 5943 5165 5166
f 5943 5944 5165
f 5942 5166 5167
f 5942 5943 5166
f 5168 5942 5167
f 5941 5942 5168
f 5940 5941 5168
f 5940 5168 5169
f 5939 5169 5170
f 5939 5940 5169
f 5171 5939 5170
f 5938 5939 5171
f 5937 5938 5171
f 5937 5171 5172
f 5173 5937 5172
f 5936 5937 5173
f 5182 5930 5181
f 5182 5929 5930
f 5180 5181 5930
f 5180 5930 5931
f 5180 5931 5932
f 5957 5915 5916
f 5957 5916 5917
f 5957 5917 5956
f 5955 5917 5918
f 5955 5956 5917
f 5183 5929 5182
f 5183 5928 5929
f 5179 5180 5932
f 5179 5932 5933
f 5958 5915 5957
f 5954 5955 5918
f 5954 5918 5919
f 5184 5928 5183
f 5184 5926 5927
f 5184 5927 5928
f 5178 5179 5933
f 5953 5954 5919
f 5953 5919 5920
f 5959 5915 5958
f 5959 5913 5914
f 5959 5914 5915
f 5177 5178 5933
f 5177 5933 5934
f 5185 5926 5184
f 5952 5953 5920
f 5952 5920 5921
f 5960 5913 5959
f 5176 5177 5934
f 5176 5934 5935
f 5186 5926 5185
f 5186 5924 5925
f 5186 5925 5926
f 5951 5921 5922
f 5951 5952 5921
f 5951 5922 5923
f 5187 5924 5186
f 5187 5923 5924
f 5175 5935 5936
f 5175 5176 5935
f 5949 5951 5923
f 5174 5936 5173
f 5174 5175 5936
f 5188 5923 5187
f 5950 5949 5923
f 5950 5923 5188
f 6000 5950 5188
f 6000 5188 5189
f 5999 6000 5189
f 5999 5189 5190
f 5998 5999 5190
f 5998 5190 5191
f 4945 5858 5859
f 4945 5960 5961
f 4945 5961 5962
f 4945 5962 5963
f 4945 5963 5964
f 4945 5964 5965
f 4945 5965 5966
f 4945 5859 5910
f 4945 5910 5911
f 4945 5911 5912
f 4945 4943 5858
f 4945 5912 5913
f 4945 5913 5960
f 5997 5998 5191
f 5997 5191 5192
f 5967 4945 5966
f 5996 5997 5192
f 5996 5192 5193
f 5968 4945 5967
f 5194 5996 5193
f 5995 5996 5194
f 5969 4945 5968
f 5994 5995 5194
f 5994 5194 5195
f 5970 4945 5969
f 5993 5994 5195
f 5993 5195 5196
f 5971 4945 5970
f 5992 5196 5197
f 5992 5993 5196
f 5991 5197 5198
f 5991 5992 5197
f 5990 5198 5199
f 5990 5991 5198
f 5200 5990 5199
f 5989 5990 5200
f 4939 5971 5972
f 4939 5972 5973
f 4939 5973 5974
f 4939 5974 5975
f 4939 4945 5971
f 5201 5989 5200
f 5988 5989 5201
f 5209 5981 5982
f 5210 5981 5209
f 5208 5209 5982
f 5208 5982 5983
f 6009 4938 6008
f 6007 6008 4938
f 5207 5208 5983
f 5207 5983 5984
f 5211 5981 5210
f 5211 5980 5981
f 6006 4938 4939
f 6006 6007 4938
f 6010 4938 6009
f 5212 5979 5980
f 5212 5980 5211
f 5206 5984 5985
f 5206 5207 5984
f 6011 4938 6010
f 6005 6006 4939
f 5205 5206 5985
f 5205 5985 5986
f 5213 5979 5212
f 5213 5977 5978
f 5213 5978 5979
f 6012 4938 6011
f 6004 6005 4939
f 5214 5977 5213
f 5204 5205 5986
f 5204 5986 5987
f 5204 5987 5988
f 6013 4938 6012
f 6003 6004 4939
f 5215 5975 5976
f 5215 5976 5977
f 5215 5977 5214
f 5203 5204 5988
f 6014 4938 6013
f 6001 6003 4939
f 6001 4939 5975
f 5202 5203 5988
f 5202 5988 5201
f 6015 4938 6014
f 6002 6001 5975
f 6002 5215 5216
f 6002 5975 5215
f 6052 6002 5216
f 6052 5216 5217
f 6016 4938 6015
f 6017 4938 6016
f 6051 5217 5218
f 6051 6052 5217
f 6050 5218 5219
f 6050 6051 5218
f 6049 5219 5220
f 6049 6050 5219
f 6048 5220 5221
f 6048 6049 5220
f 6047 6048 5221
f 6047 5221 5222
f 6046 6047 5222
f 6046 5222 5223
f 5224 6046 5223
f 6045 6046 5224
f 6044 6045 5224
f 6044 5224 5225
f 5226 6044 5225
f 6043 6044 5226
f 5227 6043 5226
f 6042 6043 5227
f 6041 6042 5227
f 6041 5227 5228
f 5229 6041 5228
f 5237 6033 6034
f 6060 6020 6021
f 6060 6021 6022
f 5238 6033 5237
f 5236 5237 6034
f 5236 6034 6035
f 5236 6035 6036
f 6061 6020 6060
f 6061 6019 6020
f 6059 6060 6022
f 6059 6022 6023
f 5239 6033 5238
f 5239 6032 6033
f 5235 5236 6036
f 5235 6036 6037
f 6058 6059 6023
f 6062 6019 6061
f 5234 5235 6037
f 5240 6031 6032
f 5240 6032 5239
f 6063 6018 6019
f 6063 6019 6062
f 6057 6058 6023
f 6057 6023 6024
f 5233 6037 6038
f 5233 5234 6037
f 5241 6031 5240
f 5241 6030 6031
f 6064 6017 6018
f 6064 6018 6063
f 6064 4938 6017
f 6056 6024 6025
f 6056 6057 6024
f 5242 6030 5241
f 5242 6029 6030
f 5232 5233 6038
f 5232 6038 6039
f 6065 4938 6064
f 6055 6025 6026
f 6055 6026 6027
f 6055 6056 6025
f 5243 6027 6028
f 5243 6028 6029
f 5243 6029 5242
f 5231 5232 6039
f 5231 6039 6040
f 6066 4938 6065
f 6053 6055 6027
f 5230 6041 5229
f 5230 5231 6040
f 5230 6040 6041
f 6067 4938 6066
f 6054 6027 5243
f 6054 5243 5244
f 6054 6053 6027
f 6104 5244 5245
f 6104 6054 5244
f 6103 5245 5246
f 6103 6104 5245
f 6102 5246 5247
f 6102 6103 5246
f 6101 5247 5248
f 6101 6102 5247
f 6100 5248 5249
f 6100 6101 5248
f 6099 5249 5250
f 6099 6100 5249
f 6098 5250 5251
f 6098 6099 5250
f 5252 6098 5251
f 6097 6098 5252
f 5253 6097 5252
f 6096 6097 5253
f 6095 5253 5254
f 6095 6096 5253
f 6094 5254 5255
f 6094 6095 5254
f 5256 6094 5255
f 6093 6094 5256
f 5257 6093 5256
f 6092 6093 5257
f 5265 6085 6086
f 6112 6072 6073
f 6112 6073 6074
f 5266 6085 5265
f 5264 5265 6086
f 5264 6086 6087
f 6113 6072 6112
f 6111 6074 6075
f 6111 6112 6074
f 5267 6084 6085
f 5267 6085 5266
f 5263 5264 6087
f 5263 6087 6088
f 5263 6088 6089
f 6110 6111 6075
f 6114 6071 6072
f 6114 6072 6113
f 5268 6084 5267
f 5268 6083 6084
f 5262 5263 6089
f 5262 6089 6090
f 6115 6070 6071
f 6115 6071 6114
f 6109 6110 6075
f 6109 6075 6076
f 6109 6076 6077
f 5261 5262 6090
f 5269 6083 5268
f 5269 6082 6083
f 6116 6068 6069
f 6116 6069 6070
f 6116 6070 6115
f 6108 6109 6077
f 5270 6081 6082
f 5270 6082 5269
f 5260 6090 6091
f 5260 6091 6092
f 5260 5261 6090
f 6117 6068 6116
f 6107 6077 6078
f 6107 6078 6079
f 6107 6108 6077
f 5259 5260 6092
f 5271 6080 6081
f 5271 6081 5270
f 6118 6067 6068
f 6118 4938 6067
f 6118 6068 6117
f 6105 6079 6080
f 6105 6107 6079
f 6105 6080 5271
f 5258 6092 5257
f 5258 5259 6092
f 6106 5271 5272
f 6106 6105 5271
f 6156 5272 5273
f 6156 6106 5272
f 6155 5273 5274
f 6155 6156 5273
f 6154 6155 5274
f 6154 5274 5275
f 6153 6154 5275
f 6153 5275 5276
f 6152 6153 5276
f 6152 5276 5277
f 6151 6152 5277
f 6151 5277 5278
f 6150 6151 5278
f 6150 5278 5279
f 5280 6150 5279
f 6149 6150 5280
f 5281 6149 5280
f 6148 6149 5281
f 5282 6148 5281
f 6147 6148 5282
f 6146 6147 5282
f 6146 5282 5283
f 5284 6146 5283
f 6145 6146 5284
f 5285 6145 5284
f 6164 6124 6125
f 5294 6138 5293
f 5294 6137 6138
f 5292 5293 6138
f 5292 6138 6139
f 6165 6124 6164
f 6163 6164 6125
f 6163 6125 6126
f 5295 6137 5294
f 5295 6136 6137
f 5291 6139 6140
f 5291 5292 6139
f 6162 6126 6127
f 6162 6127 6128
f 6162 6163 6126
f 6166 6124 6165
f 6166 6123 6124
f 5290 5291 6140
f 5290 6140 6141
f 5296 6136 5295
f 5296 6134 6135
f 5296 6135 6136
f 6167 6123 6166
f 6167 6122 6123
f 6161 6162 6128
f 5289 5290 6141
f 5289 6141 6142
f 5289 6142 6143
f 5297 6134 5296
f 6168 6122 6167
f 6168 6120 6121
f 6168 6121 6122
f 6160 6161 6128
f 6160 6128 6129
f 5298 6134 5297
f 5298 6133 6134
f 5288 5289 6143
f 6169 6120 6168
f 6159 6160 6129
f 6159 6129 6130
f 5299 6133 5298
f 5299 6131 6132
f 5299 6132 6133
f 5287 5288 6143
f 5287 6143 6144
f 6170 6120 6169
f 6170 6119 6120
f 6157 6159 6130
f 6157 6130 6131
f 5286 5287 6144
f 5286 6145 5285
f 5286 6144 6145
f 5300 6131 5299
f 6158 6157 6131
f 6158 6131 5300
f 6208 6158 5300
f 6208 5300 5301
f 6207 6208 5301
f 6207 5301 5302
f 6206 5302 5303
f 6206 6207 5302
f 6205 5303 5304
f 6205 6206 5303
f 6204 5304 5305
f 6204 6205 5304
f 6203 5305 5306
f 6203 6204 5305
f 5307 6203 5306
f 6202 6203 5307
f 6201 5307 5308
f 6201 6202 5307
f 5309 6201 5308
f 6200 6201 5309
f 6199 5309 5310
f 6199 6200 5309
f 6198 6199 5310
f 6198 5310 5311
f 6197 6198 5311
f 6197 5311 5312
f 5313 6197 5312
f 6196 6197 5313
f 6216 6176 6177
f 6216 6177 6178
f 5322 6190 5321
f 5322 6189 6190
f 5320 5321 6190
f 5320 6190 6191
f 6217 6176 6216
f 6217 6175 6176
f 6215 6216 6178
f 5323 6189 5322
f 5323 6188 6189
f 5319 6191 6192
f 5319 5320 6191
f 6218 6175 6217
f 6214 6178 6179
f 6214 6215 6178
f 5324 6188 5323
f 5324 6186 6187
f 5324 6187 6188
f 5318 6192 6193
f 5318 6193 6194
f 5318 5319 6192
f 6219 6174 6175
f 6219 6175 6218
f 6213 6179 6180
f 6213 6214 6179
f 5317 5318 6194
f 5325 6186 5324
f 6220 6173 6174
f 6220 6174 6219
f 6212 6180 6181
f 6212 6213 6180
f 5326 6184 6185
f 5326 6185 6186
f 5326 6186 5325
f 5316 6194 6195
f 5316 5317 6194
f 6211 6181 6182
f 6211 6212 6181
f 5327 6184 5326
f 5315 6195 6196
f 5315 5316 6195
f 6209 6182 6183
f 6209 6183 6184
f 6209 6211 6182
f 5314 6196 5313
f 5314 5315 6196
f 6210 6209 6184
f 6210 5327 5328
f 6210 6184 5327
f 6260 6210 5328
f 6260 5328 5329
f 6259 6260 5329
f 6259 5329 5330
f 6258 6259 5330
f 6258 5330 5331
f 4940 6170 6171
f 4940 6171 6172
f 4940 6172 6173
f 4940 6119 6170
f 4940 6118 6119
f 4940 6220 6221
f 4940 6221 6222
f 4940 6222 6223
f 4940 6223 6224
f 4940 6173 6220
f 4940 6224 6225
f 4940 6225 6226
f 4940 4938 6118
f 5332 6258 5331
f 6227 4940 6226
f 6257 6258 5332
f 6256 6257 5332
f 6256 5332 5333
f 6228 4940 6227
f 6229 4940 6228
f 6255 6256 5333
f 6255 5333 5334
f 5335 6255 5334
f 6254 6255 5335
f 6230 4940 6229
f 6231 4940 6230
f 6253 6254 5335
f 6253 5335 5336
f 5337 6253 5336
f 6252 6253 5337
f 6251 6252 5337
f 6251 5337 5338
f 5339 6251 5338
f 6250 6251 5339
f 6249 5339 5340
f 6249 6250 5339
f 4941 4940 6231
f 4941 6231 6232
f 4941 6232 6233
f 4941 6233 6234
f 4941 6234 6235
f 5341 6249 5340
f 5349 6242 6243
f 5350 6241 6242
f 5350 6242 5349
f 5348 5349 6243
f 6269 4942 6268
f 6267 6268 4942
f 5351 6241 5350
f 5351 6240 6241
f 5347 5348 6243
f 5347 6243 6244
f 5347 6244 6245
f 6266 4942 4941
f 6266 6267 4942
f 6270 4942 6269
f 5352 6240 5351
f 5352 6238 6239
f 5352 6239 6240
f 5346 5347 6245
f 6271 4942 6270
f 6265 6266 4941
f 5345 6245 6246
f 5345 5346 6245
f 5353 6238 5352
f 6272 4942 6271
f 6264 6265 4941
f 5354 6238 5353
f 5354 6237 6238
f 5344 5345 6246
f 5344 6246 6247
f 6273 4942 6272
f 6263 6264 4941
f 5355 6237 5354
f 5355 6236 6237
f 5343 5344 6247
f 5343 6247 6248
f 6274 4942 6273
f 6261 4941 6235
f 6261 6263 4941
f 5342 6248 6249
f 5342 6249 5341
f 5342 5343 6248
f 6275 4942 6274
f 6262 5355 5356
f 6262 6236 5355
f 6262 6261 6235
f 6262 6235 6236
f 5357 6262 5356
f 6276 4942 6275
f 6312 6262 5357
f 6277 4942 6276
f 6311 5357 5358
f 6311 6312 5357
f 6310 5358 5359
f 6310 6311 5358
f 6309 5359 5360
f 6309 6310 5359
f 6308 5360 5361
f 6308 6309 5360
f 5362 6308 5361
f 6307 6308 5362
f 5363 6307 5362
f 6306 6307 5363
f 6305 6306 5363
f 6305 5363 5364
f 6304 5364 5365
f 6304 6305 5364
f 5366 6304 5365
f 6303 6304 5366
f 5367 6303 5366
f 6302 6303 5367
f 5368 6302 5367
f 6301 6302 5368
f 5369 6301 5368
f 6300 6301 5369
f 5377 6294 6295
f 5378 6292 6293
f 5378 6293 6294
f 5378 6294 5377
f 5376 5377 6295
f 6321 6281 6320
f 6321 6280 6281
f 6319 6320 6281
f 6319 6281 6282
f 5379 6292 5378
f 5375 6295 6296
f 5375 6296 6297
f 5375 5376 6295
f 6322 6280 6321
f 6322 6279 6280
f 6318 6282 6283
f 6318 6283 6284
f 6318 6319 6282
f 5380 6290 6291
f 5380 6291 6292
f 5380 6292 5379
f 5374 5375 6297
f 6323 6279 6322
f 6323 6278 6279
f 6317 6318 6284
f 5373 6297 6298
f 5373 6298 6299
f 5373 5374 6297
f 5381 6290 5380
f 6324 6277 6278
f 6324 4942 6277
f 6324 6278 6323
f 6316 6284 6285
f 6316 6317 6284
f 5382 6290 5381
f 5382 6288 6289
f 5382 6289 6290
f 5372 5373 6299
f 6325 4942 6324
f 6315 6316 6285
f 6315 6285 6286
f 5383 6288 5382
f 5371 5372 6299
f 5371 6299 6300
f 6326 4942 6325
f 6313 6286 6287
f 6313 6315 6286
f 5370 6300 5369
f 5370 5371 6300
f 5384 6288 5383
f 6327 4942 6326
f 6314 6313 6287
f 6314 6288 5384
f 6314 6287 6288
f 5385 6314 5384
f 6364 6314 5385
f 6363 5385 5386
f 6363 6364 5385
f 6362 6363 5386
f 6362 5386 5387
f 6361 6362 5387
f 6361 5387 5388
f 6360 6361 5388
f 6360 5388 5389
f 6359 5389 5390
f 6359 6360 5389
f 6358 5390 5391
f 6358 6359 5390
f 6357 5391 5392
f 6357 6358 5391
f 5393 6357 5392
f 6356 6357 5393
f 6355 5393 5394
f 6355 6356 5393
f 6354 5394 5395
f 6354 6355 5394
f 6353 5395 5396
f 6353 6354 5395
f 5397 6353 5396
f 6372 6332 6333
f 6372 6333 6334
f 5406 6346 5405
f 5406 6344 6345
f 5406 6345 6346
f 5404 5405 6346
f 5404 6346 6347
f 5404 6347 6348
f 6373 6332 6372
f 6373 6331 6332
f 6371 6372 6334
f 5407 6344 5406
f 5403 5404 6348
f 6370 6371 6334
f 6370 6334 6335
f 6370 6335 6336
f 6374 6331 6373
f 5408 6344 5407
f 5408 6343 6344
f 5402 5403 6348
f 5402 6348 6349
f 6375 6331 6374
f 6375 6330 6331
f 6369 6370 6336
f 5401 6349 6350
f 5401 5402 6349
f 5409 6343 5408
f 5409 6342 6343
f 6376 6330 6375
f 6376 6328 6329
f 6376 6329 6330
f 6368 6369 6336
f 6368 6336 6337
f 5410 6342 5409
f 5410 6341 6342
f 5400 6350 6351
f 5400 6351 6352
f 5400 5401 6350
f 6377 6328 6376
f 6367 6368 6337
f 6367 6337 6338
f 6367 6338 6339
f 5411 6341 5410
f 5411 6339 6340
f 5411 6340 6341
f 5399 5400 6352
f 6365 6367 6339
f 6378 4942 6327
f 6378 6328 6377
f 6378 6327 6328
f 5398 6352 6353
f 5398 6353 5397
f 5398 5399 6352
f 5412 6339 5411
f 6366 6365 6339
f 6366 6339 5412
f 6379 4942 6378
f 6416 5412 5413
f 6416 6366 5412
f 6415 5413 5414
f 6415 6416 5413
f 5415 6415 5414
f 6414 6415 5415
f 6413 5415 5416
f 6413 6414 5415
f 6412 6413 5416
f 6412 5416 5417
f 6411 6412 5417
f 6411 5417 5418
f 6410 6411 5418
f 6410 5418 5419
f 6409 6410 5419
f 6409 5419 5420
f 6408 6409 5420
f 6408 5420 5421
f 6407 6408 5421
f 6407 5421 5422
f 6406 6407 5422
f 6406 5422 5423
f 5424 6406 5423
f 6405 6406 5424
f 5425 6405 5424
f 6404 6405 5425
f 5434 6397 6398
f 5434 6398 5433
f 5432 6398 6399
f 5432 5433 6398
f 6425 6383 6384
f 6425 6384 6385
f 6425 6385 6424
f 6423 6385 6386
f 6423 6424 6385
f 5435 6396 6397
f 5435 6397 5434
f 5431 6399 6400
f 5431 5432 6399
f 6422 6386 6387
f 6422 6387 6388
f 6422 6423 6386
f 6426 6383 6425
f 5436 6395 6396
f 5436 6396 5435
f 5430 6400 6401
f 5430 5431 6400
f 6421 6422 6388
f 6427 6383 6426
f 6427 6382 6383
f 5429 5430 6401
f 5429 6401 6402
f 5429 6402 6403
f 5437 6394 6395
f 5437 6395 5436
f 6428 6382 6427
f 6428 6381 6382
f 6420 6421 6388
f 6420 6388 6389
f 5438 6394 5437
f 5438 6393 6394
f 6429 6381 6428
f 6429 6380 6381
f 5428 5429 6403
f 6419 6420 6389
f 6419 6389 6390
f 6419 6390 6391
f 5439 6393 5438
f 5439 6391 6392
f 5439 6392 6393
f 5427 5428 6403
f 5427 6403 6404
f 6417 6419 6391
f 6430 6380 6429
f 6430 6379 6380
f 5426 5427 6404
f 5426 6404 5425
f 6418 6417 6391
f 6418 6391 5439
f 6418 5439 5440
f 6468 5440 5441
f 6468 6418 5440
f 6467 5441 5442
f 6467 6468 5441
f 6466 5442 5443
f 6466 6467 5442
f 6465 5443 5444
f 6465 6466 5443
f 6464 5444 5445
f 6464 6465 5444
f 5446 6464 5445
f 6463 6464 5446
f 6462 6463 5446
f 5447 6462 5446
f 5448 6461 6462
f 5448 6462 5447
f 5449 6460 6461
f 5449 6461 5448
f 5450 6460 5449
f 5450 6459 6460
f 5451 6458 6459
f 5451 6459 5450
f 6457 6458 5451
f 5452 6457 5451
f 5453 6457 5452
f 6476 6437 6438
f 5462 6450 5461
f 5462 6448 6449
f 5462 6449 6450
f 5460 6450 6451
f 5460 5461 6450
f 6477 6437 6476
f 6477 6435 6436
f 6477 6436 6437
f 6475 6476 6438
f 5463 6448 5462
f 5463 6447 6448
f 5459 6451 6452
f 5459 5460 6451
f 6478 6435 6477
f 6478 6434 6435
f 6474 6475 6438
f 6474 6438 6439
f 6474 6439 6440
f 5464 6447 5463
f 5458 6452 6453
f 5458 5459 6452
f 6473 6474 6440
f 6479 6434 6478
f 6479 6433 6434
f 5457 6453 6454
f 5457 6454 6455
f 5457 5458 6453
f 5465 6447 5464
f 5465 6445 6446
f 5465 6446 6447
f 6480 6433 6479
f 6472 6473 6440
f 6472 6440 6441
f 5466 6445 5465
f 6481 6432 6433
f 6481 6433 6480
f 5456 5457 6455
f 6471 6472 6441
f 6471 6441 6442
f 5467 6445 5466
f 5467 6444 6445
f 5455 6455 6456
f 5455 5456 6455
f 6469 6442 6443
f 6469 6471 6442
f 5454 6456 6457
f 5454 6457 5453
f 5454 5455 6456
f 6470 6469 6443
f 6470 5467 5468
f 6470 6443 6444
f 6470 6444 5467
f 5469 6470 5468
f 6520 6470 5469
f 6519 6520 5469
f 6519 5469 5470
f 5471 6519 5470
f 6518 6519 5471
f 6517 6518 5471
f 6517 5471 5472
f 5473 6517 5472
f 5473 6516 6517
f 6515 5473 5474
f 6515 6516 5473
f 5475 6515 5474
f 6514 6515 5475
f 6513 5475 5476
f 6513 6514 5475
f 5477 6513 5476
f 6512 6513 5477
f 5478 6511 6512
f 5478 6512 5477
f 5479 6511 5478
f 6510 6511 5479
f 6509 5479 5480
f 6509 6510 5479
f 4948 6379 6430
f 4948 6481 6482
f 4948 6482 6483
f 4948 6483 6484
f 4948 6484 6485
f 4948 6485 6486
f 4948 6486 6487
f 4948 6487 6488
f 4948 6488 6489
f 4948 6489 6490
f 4948 6490 6491
f 4948 6491 6492
f 4948 6492 6493
f 4948 6493 6494
f 4948 6494 6495
f 4948 6430 6431
f 4948 6431 6432
f 4948 6432 6481
f 4948 4942 6379
f 4947 6509 5480
f 6508 6509 4947
f 6496 4948 6495
f 4946 6496 6497
f 4946 6497 6498
f 4946 6498 6499
f 4946 6499 6500
f 4946 6500 6501
f 4946 6501 6502
f 4946 6502 6503
f 4946 6503 6504
f 4946 6504 6505
f 4946 6505 6506
f 4946 6506 6507
f 4946 6507 6508
f 4946 4948 6496
f 4946 6508 4947
f 4949 1601 5598
f 4949 5598 5599
f 4944 542 543
f 4949 4944 543
f 5032 84 5033
f 72 84 5032
f 71 5021 5020
f 83 5022 5021
f 83 5021 71
f 82 5023 5022
f 82 5022 83
f 81 5024 5023
f 81 5023 82
f 80 5025 5024
f 80 5024 81
f 79 5026 5025
f 79 5025 80
f 78 5027 5026
f 78 5026 79
f 77 5028 5027
f 77 5027 78
f 76 5029 5028
f 76 5028 77
f 75 5030 5029
f 75 5029 76
f 74 5031 5030
f 74 5030 75
f 73 5032 5031
f 73 5031 74
f 72 5032 73
f 5020 5019 59
f 5020 59 71
f 58 5008 5007
f 70 5009 5008
f 70 5008 58
f 69 5010 5009
f 69 5009 70
f 68 5011 5010
f 68 5010 69
f 67 5012 5011
f 67 5011 68
f 66 5013 5012
f 66 5012 67
f 65 5014 5013
f 65 5013 66
f 64 5014 65
f 63 5015 5014
f 63 5016 5015
f 63 5014 64
f 62 5016 63
f 61 5017 5016
f 61 5018 5017
f 61 5016 62
f 60 5019 5018
f 60 5018 61
f 59 5019 60
f 58 5006 57
f 5007 5006 58
f 5060 112 5061
f 100 112 5060
f 99 5049 5048
f 111 5050 5049
f 111 5049 99
f 110 5051 5050
f 110 5050 111
f 109 5052 5051
f 109 5051 110
f 108 5053 5052
f 108 5052 109
f 107 5054 5053
f 107 5053 108
f 106 5055 5054
f 106 5054 107
f 105 5056 5055
f 105 5055 106
f 104 5057 5056
f 104 5056 105
f 103 5058 5057
f 103 5057 104
f 102 5059 5058
f 102 5058 103
f 101 5060 5059
f 101 5059 102
f 100 5060 101
f 5048 5047 87
f 5048 87 99
f 86 5036 5035
f 98 5037 5036
f 98 5036 86
f 97 5038 5037
f 97 5037 98
f 96 5039 5038
f 96 5038 97
f 95 5040 5039
f 95 5039 96
f 94 5041 5040
f 94 5040 95
f 93 5042 5041
f 93 5041 94
f 92 5042 93
f 91 5043 5042
f 91 5044 5043
f 91 5042 92
f 90 5044 91
f 89 5045 5044
f 89 5046 5045
f 89 5044 90
f 88 5047 5046
f 88 5046 89
f 87 5047 88
f 86 5034 85
f 5035 5034 86
f 5088 140 5089
f 128 140 5088
f 127 5077 5076
f 139 5078 5077
f 139 5077 127
f 138 5079 5078
f 138 5078 139
f 137 5080 5079
f 137 5079 138
f 136 5081 5080
f 136 5080 137
f 135 5082 5081
f 135 5081 136
f 134 5083 5082
f 134 5082 135
f 133 5084 5083
f 133 5083 134
f 132 5085 5084
f 132 5084 133
f 131 5086 5085
f 131 5085 132
f 130 5087 5086
f 130 5086 131
f 129 5088 5087
f 129 5087 130
f 128 5088 129
f 5076 5075 115
f 5076 115 127
f 114 5064 5063
f 126 5065 5064
f 126 5064 114
f 125 5066 5065
f 125 5065 126
f 124 5067 5066
f 124 5066 125
f 123 5068 5067
f 123 5067 124
f 122 5069 5068
f 122 5068 123
f 121 5070 5069
f 121 5069 122
f 120 5070 121
f 119 5071 5070
f 119 5072 5071
f 119 5070 120
f 118 5072 119
f 117 5073 5072
f 117 5074 5073
f 117 5072 118
f 116 5075 5074
f 116 5074 117
f 115 5075 116
f 114 5062 113
f 5063 5062 114
f 5116 168 5117
f 156 168 5116
f 155 5105 5104
f 167 5106 5105
f 167 5105 155
f 166 5107 5106
f 166 5106 167
f 165 5108 5107
f 165 5107 166
f 164 5109 5108
f 164 5108 165
f 163 5110 5109
f 163 5109 164
f 162 5111 5110
f 162 5110 163
f 161 5112 5111
f 161 5111 162
f 160 5113 5112
f 160 5112 161
f 159 5114 5113
f 159 5113 160
f 158 5115 5114
f 158 5114 159
f 157 5116 5115
f 157 5115 158
f 156 5116 157
f 5104 5103 143
f 5104 143 155
f 142 5092 5091
f 154 5093 5092
f 154 5092 142
f 153 5094 5093
f 153 5093 154
f 152 5095 5094
f 152 5094 153
f 151 5096 5095
f 151 5095 152
f 150 5097 5096
f 150 5096 151
f 149 5098 5097
f 149 5097 150
f 148 5098 149
f 147 5099 5098
f 147 5100 5099
f 147 5098 148
f 146 5100 147
f 145 5101 5100
f 145 5102 5101
f 145 5100 146
f 144 5103 5102
f 144 5102 145
f 143 5103 144
f 142 5090 141
f 5091 5090 142
f 5144 196 5145
f 184 196 5144
f 183 5133 5132
f 195 5134 5133
f 195 5133 183
f 194 5135 5134
f 194 5134 195
f 193 5136 5135
f 193 5135 194
f 192 5137 5136
f 192 5136 193
f 191 5138 5137
f 191 5137 192
f 190 5139 5138
f 190 5138 191
f 189 5140 5139
f 189 5139 190
f 188 5141 5140
f 188 5140 189
f 187 5142 5141
f 187 5141 188
f 186 5143 5142
f 186 5142 187
f 185 5144 5143
f 185 5143 186
f 184 5144 185
f 5132 5131 171
f 5132 171 183
f 170 5120 5119
f 182 5121 5120
f 182 5120 170
f 181 5122 5121
f 181 5121 182
f 180 5123 5122
f 180 5122 181
f 179 5124 5123
f 179 5123 180
f 178 5125 5124
f 178 5124 179
f 177 5126 5125
f 177 5125 178
f 176 5127 5126
f 176 5126 177
f 175 5128 5127
f 175 5127 176
f 174 5129 5128
f 174 5128 175
f 173 5130 5129
f 173 5129 174
f 172 5131 5130
f 172 5130 173
f 171 5131 172
f 170 5118 169
f 5119 5118 170
f 5172 224 5173
f 212 224 5172
f 211 5161 5160
f 223 5162 5161
f 223 5161 211
f 222 5163 5162
f 222 5162 223
f 221 5164 5163
f 221 5163 222
f 220 5165 5164
f 220 5164 221
f 219 5166 5165
f 219 5165 220
f 218 5167 5166
f 218 5166 219
f 217 5168 5167
f 217 5167 218
f 216 5169 5168
f 216 5168 217
f 215 5170 5169
f 215 5169 216
f 214 5171 5170
f 214 5170 215
f 213 5172 5171
f 213 5171 214
f 212 5172 213
f 5160 5159 199
f 5160 199 211
f 198 5148 5147
f 210 5149 5148
f 210 5148 198
f 209 5150 5149
f 209 5149 210
f 208 5151 5150
f 208 5150 209
f 207 5152 5151
f 207 5151 208
f 206 5153 5152
f 206 5152 207
f 205 5154 5153
f 205 5153 206
f 204 5154 205
f 203 5155 5154
f 203 5156 5155
f 203 5154 204
f 202 5156 203
f 201 5157 5156
f 201 5158 5157
f 201 5156 202
f 200 5159 5158
f 200 5158 201
f 199 5159 200
f 198 5146 197
f 5147 5146 198
f 5200 252 5201
f 240 252 5200
f 251 5188 239
f 251 5189 5188
f 250 5190 5189
f 250 5189 251
f 249 5191 5190
f 249 5190 250
f 248 5192 5191
f 248 5191 249
f 247 5193 5192
f 247 5192 248
f 246 5194 5193
f 246 5193 247
f 245 5195 5194
f 245 5194 246
f 244 5196 5195
f 244 5195 245
f 243 5197 5196
f 243 5196 244
f 242 5198 5197
f 242 5197 243
f 241 5199 5198
f 241 5198 242
f 240 5200 5199
f 240 5199 241
f 5188 5187 227
f 5188 227 239
f 226 5176 5175
f 238 5177 5176
f 238 5176 226
f 237 5178 5177
f 237 5177 238
f 236 5179 5178
f 236 5178 237
f 235 5180 5179
f 235 5179 236
f 234 5181 5180
f 234 5180 235
f 233 5182 5181
f 233 5181 234
f 232 5182 233
f 231 5183 5182
f 231 5184 5183
f 231 5182 232
f 230 5184 231
f 229 5185 5184
f 229 5186 5185
f 229 5184 230
f 228 5186 229
f 227 5187 5186
f 227 5186 228
f 226 5174 225
f 5175 5174 226
f 5228 280 5229
f 268 280 5228
f 267 5217 5216
f 279 5218 5217
f 279 5217 267
f 278 5219 5218
f 278 5218 279
f 277 5220 5219
f 277 5219 278
f 276 5221 5220
f 276 5220 277
f 275 5222 5221
f 275 5221 276
f 274 5223 5222
f 274 5222 275
f 273 5224 5223
f 273 5223 274
f 272 5225 5224
f 272 5224 273
f 271 5226 5225
f 271 5225 272
f 270 5227 5226
f 270 5226 271
f 269 5228 5227
f 269 5227 270
f 268 5228 269
f 5216 5215 255
f 5216 255 267
f 254 5204 5203
f 266 5205 5204
f 266 5204 254
f 265 5206 5205
f 265 5205 266
f 264 5207 5206
f 264 5206 265
f 263 5208 5207
f 263 5207 264
f 262 5209 5208
f 262 5208 263
f 261 5210 5209
f 261 5209 262
f 260 5210 261
f 259 5211 5210
f 259 5212 5211
f 259 5210 260
f 258 5212 259
f 257 5213 5212
f 257 5214 5213
f 257 5212 258
f 256 5215 5214
f 256 5214 257
f 255 5215 256
f 254 5202 253
f 5203 5202 254
f 5256 308 5257
f 296 308 5256
f 307 5244 295
f 307 5245 5244
f 306 5246 5245
f 306 5245 307
f 305 5247 5246
f 305 5246 306
f 304 5248 5247
f 304 5247 305
f 303 5249 5248
f 303 5248 304
f 302 5250 5249
f 302 5249 303
f 301 5251 5250
f 301 5250 302
f 300 5252 5251
f 300 5251 301
f 299 5253 5252
f 299 5252 300
f 298 5254 5253
f 298 5253 299
f 297 5255 5254
f 297 5254 298
f 296 5256 5255
f 296 5255 297
f 5244 5243 283
f 5244 283 295
f 282 5232 5231
f 294 5233 5232
f 294 5232 282
f 293 5234 5233
f 293 5233 294
f 292 5235 5234
f 292 5234 293
f 291 5236 5235
f 291 5235 292
f 290 5237 5236
f 290 5236 291
f 289 5238 5237
f 289 5237 290
f 288 5238 289
f 287 5239 5238
f 287 5240 5239
f 287 5238 288
f 286 5240 287
f 285 5241 5240
f 285 5242 5241
f 285 5240 286
f 284 5242 285
f 283 5243 5242
f 283 5242 284
f 282 5230 281
f 5231 5230 282
f 5284 336 5285
f 324 336 5284
f 323 5273 5272
f 335 5274 5273
f 335 5273 323
f 334 5275 5274
f 334 5274 335
f 333 5276 5275
f 333 5275 334
f 332 5277 5276
f 332 5276 333
f 331 5278 5277
f 331 5277 332
f 330 5279 5278
f 330 5278 331
f 329 5280 5279
f 329 5279 330
f 328 5281 5280
f 328 5280 329
f 327 5282 5281
f 327 5281 328
f 326 5283 5282
f 326 5282 327
f 325 5284 5283
f 325 5283 326
f 324 5284 325
f 5272 5271 311
f 5272 311 323
f 310 5260 5259
f 322 5261 5260
f 322 5260 310
f 321 5262 5261
f 321 5261 322
f 320 5263 5262
f 320 5262 321
f 319 5264 5263
f 319 5263 320
f 318 5265 5264
f 318 5264 319
f 317 5266 5265
f 317 5265 318
f 316 5266 317
f 315 5267 5266
f 315 5268 5267
f 315 5266 316
f 314 5268 315
f 313 5269 5268
f 313 5270 5269
f 313 5268 314
f 312 5271 5270
f 312 5270 313
f 311 5271 312
f 310 5258 309
f 5259 5258 310
f 5312 364 5313
f 352 364 5312
f 351 5301 5300
f 363 5302 5301
f 363 5301 351
f 362 5303 5302
f 362 5302 363
f 361 5304 5303
f 361 5303 362
f 360 5305 5304
f 360 5304 361
f 359 5306 5305
f 359 5305 360
f 358 5307 5306
f 358 5306 359
f 357 5307 358
f 356 5308 5307
f 356 5309 5308
f 356 5307 357
f 355 5310 5309
f 355 5309 356
f 354 5311 5310
f 354 5310 355
f 353 5312 5311
f 353 5311 354
f 352 5312 353
f 5300 5299 339
f 5300 339 351
f 338 5288 5287
f 350 5289 5288
f 350 5288 338
f 349 5290 5289
f 349 5289 350
f 348 5291 5290
f 348 5290 349
f 347 5292 5291
f 347 5291 348
f 346 5293 5292
f 346 5292 347
f 345 5294 5293
f 345 5293 346
f 344 5294 345
f 343 5295 5294
f 343 5296 5295
f 343 5294 344
f 342 5296 343
f 341 5297 5296
f 341 5298 5297
f 341 5296 342
f 340 5299 5298
f 340 5298 341
f 339 5299 340
f 338 5286 337
f 5287 5286 338
f 5340 392 5341
f 380 392 5340
f 379 5329 5328
f 391 5330 5329
f 391 5329 379
f 390 5331 5330
f 390 5330 391
f 389 5332 5331
f 389 5331 390
f 388 5333 5332
f 388 5332 389
f 387 5334 5333
f 387 5333 388
f 386 5335 5334
f 386 5334 387
f 385 5336 5335
f 385 5335 386
f 384 5337 5336
f 384 5336 385
f 383 5338 5337
f 383 5337 384
f 382 5339 5338
f 382 5338 383
f 381 5340 5339
f 381 5339 382
f 380 5340 381
f 5328 5327 367
f 5328 367 379
f 366 5316 5315
f 378 5317 5316
f 378 5316 366
f 377 5318 5317
f 377 5317 378
f 376 5319 5318
f 376 5318 377
f 375 5320 5319
f 375 5319 376
f 374 5321 5320
f 374 5320 375
f 373 5322 5321
f 373 5321 374
f 372 5322 373
f 371 5323 5322
f 371 5324 5323
f 371 5322 372
f 370 5324 371
f 369 5325 5324
f 369 5326 5325
f 369 5324 370
f 368 5327 5326
f 368 5326 369
f 367 5327 368
f 366 5314 365
f 5315 5314 366
f 5368 420 5369
f 408 420 5368
f 407 5357 5356
f 419 5358 5357
f 419 5357 407
f 418 5359 5358
f 418 5358 419
f 417 5360 5359
f 417 5359 418
f 416 5361 5360
f 416 5360 417
f 415 5362 5361
f 415 5361 416
f 414 5363 5362
f 414 5362 415
f 413 5364 5363
f 413 5363 414
f 412 5365 5364
f 412 5364 413
f 411 5366 5365
f 411 5365 412
f 410 5367 5366
f 410 5366 411
f 409 5368 5367
f 409 5367 410
f 408 5368 409
f 5356 5355 395
f 5356 395 407
f 394 5344 5343
f 406 5345 5344
f 406 5344 394
f 405 5346 5345
f 405 5345 406
f 404 5347 5346
f 404 5346 405
f 403 5348 5347
f 403 5347 404
f 402 5349 5348
f 402 5348 403
f 401 5350 5349
f 401 5349 402
f 400 5350 401
f 399 5351 5350
f 399 5352 5351
f 399 5350 400
f 398 5352 399
f 397 5353 5352
f 397 5354 5353
f 397 5352 398
f 396 5355 5354
f 396 5354 397
f 395 5355 396
f 394 5342 393
f 5343 5342 394
f 5396 448 5397
f 436 448 5396
f 435 5385 5384
f 447 5386 5385
f 447 5385 435
f 446 5387 5386
f 446 5386 447
f 445 5388 5387
f 445 5387 446
f 444 5389 5388
f 444 5388 445
f 443 5390 5389
f 443 5389 444
f 442 5391 5390
f 442 5390 443
f 441 5392 5391
f 441 5391 442
f 440 5393 5392
f 440 5392 441
f 439 5394 5393
f 439 5393 440
f 438 5395 5394
f 438 5394 439
f 437 5396 5395
f 437 5395 438
f 436 5396 437
f 435 5383 423
f 5384 5383 435
f 422 5372 5371
f 434 5373 5372
f 434 5372 422
f 433 5374 5373
f 433 5373 434
f 432 5375 5374
f 432 5374 433
f 431 5376 5375
f 431 5375 432
f 430 5377 5376
f 430 5376 431
f 429 5378 5377
f 429 5377 430
f 428 5378 429
f 427 5379 5378
f 427 5380 5379
f 427 5378 428
f 426 5380 427
f 425 5381 5380
f 425 5382 5381
f 425 5380 426
f 424 5383 5382
f 424 5382 425
f 423 5383 424
f 422 5370 421
f 5371 5370 422
f 5424 476 5425
f 464 476 5424
f 463 5413 5412
f 475 5414 5413
f 475 5413 463
f 474 5415 5414
f 474 5414 475
f 473 5416 5415
f 473 5415 474
f 472 5417 5416
f 472 5416 473
f 471 5418 5417
f 471 5417 472
f 470 5419 5418
f 470 5418 471
f 469 5420 5419
f 469 5419 470
f 468 5421 5420
f 468 5420 469
f 467 5422 5421
f 467 5421 468
f 466 5423 5422
f 466 5422 467
f 465 5424 5423
f 465 5423 466
f 464 5424 465
f 463 5411 451
f 5412 5411 463
f 450 5400 5399
f 462 5401 5400
f 462 5400 450
f 461 5402 5401
f 461 5401 462
f 460 5403 5402
f 460 5402 461
f 459 5404 5403
f 459 5403 460
f 458 5405 5404
f 458 5404 459
f 457 5406 5405
f 457 5405 458
f 456 5406 457
f 455 5407 5406
f 455 5408 5407
f 455 5406 456
f 454 5408 455
f 453 5409 5408
f 453 5410 5409
f 453 5408 454
f 452 5411 5410
f 452 5410 453
f 451 5411 452
f 450 5398 449
f 5399 5398 450
f 5452 504 5453
f 492 504 5452
f 491 5441 5440
f 503 5442 5441
f 503 5441 491
f 502 5443 5442
f 502 5442 503
f 501 5444 5443
f 501 5443 502
f 500 5445 5444
f 500 5444 501
f 499 5446 5445
f 499 5445 500
f 498 5447 5446
f 498 5446 499
f 497 5448 5447
f 497 5447 498
f 496 5449 5448
f 496 5448 497
f 495 5450 5449
f 495 5449 496
f 494 5451 5450
f 494 5450 495
f 493 5452 5451
f 493 5451 494
f 492 5452 493
f 5440 5439 479
f 5440 479 491
f 478 5428 5427
f 490 5429 5428
f 490 5428 478
f 489 5430 5429
f 489 5429 490
f 488 5431 5430
f 488 5430 489
f 487 5432 5431
f 487 5431 488
f 486 5433 5432
f 486 5432 487
f 485 5434 5433
f 485 5433 486
f 484 5434 485
f 483 5435 5434
f 483 5436 5435
f 483 5434 484
f 482 5436 483
f 481 5437 5436
f 481 5438 5437
f 481 5436 482
f 480 5439 5438
f 480 5438 481
f 479 5439 480
f 478 5426 477
f 5427 5426 478
f 5480 532 4947
f 520 532 5480
f 519 5469 5468
f 531 5470 5469
f 531 5469 519
f 530 5471 5470
f 530 5470 531
f 529 5472 5471
f 529 5471 530
f 528 5473 5472
f 528 5472 529
f 527 5474 5473
f 527 5473 528
f 526 5475 5474
f 526 5474 527
f 525 5476 5475
f 525 5475 526
f 524 5477 5476
f 524 5476 525
f 523 5478 5477
f 523 5477 524
f 522 5479 5478
f 522 5478 523
f 521 5480 5479
f 521 5479 522
f 520 5480 521
f 5468 5467 507
f 5468 507 519
f 506 5456 5455
f 518 5457 5456
f 518 5456 506
f 517 5458 5457
f 517 5457 518
f 516 5459 5458
f 516 5458 517
f 515 5460 5459
f 515 5459 516
f 514 5461 5460
f 514 5460 515
f 513 5462 5461
f 513 5461 514
f 512 5462 513
f 511 5463 5462
f 511 5464 5463
f 511 5462 512
f 510 5464 511
f 509 5465 5464
f 509 5466 5465
f 509 5464 510
f 508 5467 5466
f 508 5466 509
f 507 5467 508
f 506 5454 505
f 5455 5454 506
f 5004 56 5005
f 44 56 5004
f 43 4993 4992
f 55 4994 4993
f 55 4993 43
f 54 4995 4994
f 54 4994 55
f 53 4996 4995
f 53 4995 54
f 52 4997 4996
f 52 4996 53
f 51 4998 4997
f 51 4997 52
f 50 4999 4998
f 50 4998 51
f 49 5000 4999
f 49 4999 50
f 48 5001 5000
f 48 5000 49
f 47 5002 5001
f 47 5001 48
f 46 5003 5002
f 46 5002 47
f 45 5004 5003
f 45 5003 46
f 44 5004 45
f 4992 4991 31
f 4992 31 43
f 30 4980 4979
f 42 4981 4980
f 42 4980 30
f 41 4982 4981
f 41 4981 42
f 40 4983 4982
f 40 4982 41
f 39 4984 4983
f 39 4983 40
f 38 4985 4984
f 38 4984 39
f 37 4986 4985
f 37 4985 38
f 36 4986 37
f 35 4987 4986
f 35 4988 4987
f 35 4986 36
f 34 4988 35
f 33 4989 4988
f 33 4990 4989
f 33 4988 34
f 32 4991 4990
f 32 4990 33
f 31 4991 32
f 30 4978 29
f 4979 4978 30
f 586 558 6496
f 586 6496 6495
f 585 6484 6483
f 597 6485 6484
f 597 6484 585
f 596 6486 6485
f 596 6485 597
f 595 6487 6486
f 595 6486 596
f 594 6488 6487
f 594 6487 595
f 593 6489 6488
f 593 6488 594
f 592 6490 6489
f 592 6489 593
f 591 6491 6490
f 591 6490 592
f 590 6492 6491
f 590 6491 591
f 589 6493 6492
f 589 6492 590
f 588 6494 6493
f 588 6493 589
f 587 6495 6494
f 587 6494 588
f 586 6495 587
f 585 6482 573
f 6483 6482 585
f 572 6471 6469
f 584 6472 6471
f 584 6471 572
f 583 6473 6472
f 583 6472 584
f 582 6474 6473
f 582 6473 583
f 581 6475 6474
f 581 6474 582
f 580 6476 6475
f 580 6475 581
f 579 6477 6476
f 579 6476 580
f 578 6477 579
f 577 6478 6477
f 577 6479 6478
f 577 6477 578
f 576 6479 577
f 575 6480 6479
f 575 6481 6480
f 575 6479 576
f 574 6482 6481
f 574 6481 575
f 573 6482 574
f 572 6470 560
f 6469 6470 572
f 571 6509 559
f 571 6510 6509
f 570 6511 6510
f 570 6510 571
f 569 6512 6511
f 569 6511 570
f 568 6513 6512
f 568 6512 569
f 567 6514 6513
f 567 6513 568
f 566 6515 6514
f 566 6514 567
f 565 6516 6515
f 565 6515 566
f 564 6517 6516
f 564 6516 565
f 563 6518 6517
f 563 6517 564
f 562 6519 6518
f 562 6518 563
f 561 6520 6519
f 561 6519 562
f 560 6470 6520
f 560 6520 561
f 546 6509 6508
f 546 559 6509
f 557 6496 558
f 557 6497 6496
f 556 6498 6497
f 556 6499 6498
f 556 6497 557
f 555 6500 6499
f 555 6499 556
f 554 6501 6500
f 554 6500 555
f 553 6502 6501
f 553 6501 554
f 552 6503 6502
f 552 6502 553
f 551 6504 6503
f 551 6503 552
f 550 6505 6504
f 550 6504 551
f 549 6506 6505
f 549 6505 550
f 548 6507 6506
f 548 6506 549
f 547 6508 6507
f 547 6507 548
f 546 6508 547
f 638 610 6444
f 638 6444 6443
f 637 6432 6431
f 649 6433 6432
f 649 6432 637
f 648 6434 6433
f 648 6433 649
f 647 6435 6434
f 647 6434 648
f 646 6436 6435
f 646 6435 647
f 645 6437 6436
f 645 6436 646
f 644 6438 6437
f 644 6437 645
f 643 6439 6438
f 643 6438 644
f 642 6440 6439
f 642 6439 643
f 641 6441 6440
f 641 6440 642
f 640 6442 6441
f 640 6441 641
f 639 6443 6442
f 639 6442 640
f 638 6443 639
f 637 6430 625
f 6431 6430 637
f 624 6419 6417
f 636 6420 6419
f 636 6419 624
f 635 6421 6420
f 635 6420 636
f 634 6422 6421
f 634 6421 635
f 633 6423 6422
f 633 6422 634
f 632 6424 6423
f 632 6423 633
f 631 6425 6424
f 631 6424 632
f 630 6425 631
f 629 6426 6425
f 629 6427 6426
f 629 6425 630
f 628 6427 629
f 627 6428 6427
f 627 6429 6428
f 627 6427 628
f 626 6430 6429
f 626 6429 627
f 625 6430 626
f 624 6418 612
f 6417 6418 624
f 623 6457 611
f 623 6458 6457
f 622 6459 6458
f 622 6458 623
f 621 6460 6459
f 621 6459 622
f 620 6461 6460
f 620 6460 621
f 619 6462 6461
f 619 6461 620
f 618 6463 6462
f 618 6462 619
f 617 6464 6463
f 617 6463 618
f 616 6465 6464
f 616 6464 617
f 615 6466 6465
f 615 6465 616
f 614 6467 6466
f 614 6466 615
f 613 6468 6467
f 613 6467 614
f 612 6418 6468
f 612 6468 613
f 598 6457 6456
f 598 611 6457
f 609 6444 610
f 609 6445 6444
f 608 6446 6445
f 608 6447 6446
f 608 6445 609
f 607 6448 6447
f 607 6447 608
f 606 6449 6448
f 606 6448 607
f 605 6450 6449
f 605 6449 606
f 604 6451 6450
f 604 6450 605
f 603 6452 6451
f 603 6451 604
f 602 6453 6452
f 602 6452 603
f 601 6454 6453
f 601 6453 602
f 600 6455 6454
f 600 6454 601
f 599 6456 6455
f 599 6455 600
f 598 6456 599
f 690 662 6392
f 690 6392 6391
f 689 6380 6379
f 701 6381 6380
f 701 6380 689
f 700 6382 6381
f 700 6381 701
f 699 6383 6382
f 699 6382 700
f 698 6384 6383
f 698 6383 699
f 697 6385 6384
f 697 6384 698
f 696 6386 6385
f 696 6385 697
f 695 6387 6386
f 695 6386 696
f 694 6388 6387
f 694 6387 695
f 693 6389 6388
f 693 6388 694
f 692 6390 6389
f 692 6389 693
f 691 6391 6390
f 691 6390 692
f 690 6391 691
f 6379 6378 677
f 6379 677 689
f 676 6367 6365
f 688 6368 6367
f 688 6367 676
f 687 6369 6368
f 687 6368 688
f 686 6370 6369
f 686 6369 687
f 685 6371 6370
f 685 6370 686
f 684 6372 6371
f 684 6371 685
f 683 6373 6372
f 683 6372 684
f 682 6374 6373
f 682 6373 683
f 681 6375 6374
f 681 6374 682
f 680 6376 6375
f 680 6375 681
f 679 6377 6376
f 679 6376 680
f 678 6378 6377
f 678 6377 679
f 677 6378 678
f 676 6366 664
f 6365 6366 676
f 663 6406 6405
f 675 6407 6406
f 675 6406 663
f 674 6408 6407
f 674 6407 675
f 673 6409 6408
f 673 6408 674
f 672 6410 6409
f 672 6409 673
f 671 6411 6410
f 671 6410 672
f 670 6412 6411
f 670 6411 671
f 669 6413 6412
f 669 6412 670
f 668 6414 6413
f 668 6413 669
f 667 6415 6414
f 667 6414 668
f 666 6416 6415
f 666 6415 667
f 665 6416 666
f 664 6366 6416
f 664 6416 665
f 650 6405 6404
f 650 663 6405
f 661 6392 662
f 661 6393 6392
f 660 6394 6393
f 660 6395 6394
f 660 6393 661
f 659 6396 6395
f 659 6395 660
f 658 6397 6396
f 658 6396 659
f 657 6398 6397
f 657 6397 658
f 656 6399 6398
f 656 6398 657
f 655 6400 6399
f 655 6399 656
f 654 6401 6400
f 654 6400 655
f 653 6402 6401
f 653 6401 654
f 652 6403 6402
f 652 6402 653
f 651 6404 6403
f 651 6403 652
f 650 6404 651
f 742 714 6340
f 742 6340 6339
f 741 6328 6327
f 753 6329 6328
f 753 6328 741
f 752 6330 6329
f 752 6329 753
f 751 6331 6330
f 751 6330 752
f 750 6332 6331
f 750 6331 751
f 749 6333 6332
f 749 6332 750
f 748 6334 6333
f 748 6333 749
f 747 6335 6334
f 747 6334 748
f 746 6336 6335
f 746 6335 747
f 745 6337 6336
f 745 6336 746
f 744 6338 6337
f 744 6337 745
f 743 6339 6338
f 743 6338 744
f 742 6339 743
f 6327 6326 729
f 6327 729 741
f 728 6315 6313
f 740 6316 6315
f 740 6315 728
f 739 6317 6316
f 739 6316 740
f 738 6318 6317
f 738 6317 739
f 737 6319 6318
f 737 6318 738
f 736 6320 6319
f 736 6319 737
f 735 6321 6320
f 735 6320 736
f 734 6321 735
f 733 6322 6321
f 733 6323 6322
f 733 6321 734
f 732 6323 733
f 731 6324 6323
f 731 6325 6324
f 731 6323 732
f 730 6326 6325
f 730 6325 731
f 729 6326 730
f 728 6314 716
f 6313 6314 728
f 715 6354 6353
f 727 6355 6354
f 727 6354 715
f 726 6356 6355
f 726 6355 727
f 725 6357 6356
f 725 6356 726
f 724 6358 6357
f 724 6357 725
f 723 6359 6358
f 723 6358 724
f 722 6360 6359
f 722 6359 723
f 721 6360 722
f 720 6361 6360
f 720 6362 6361
f 720 6360 721
f 719 6362 720
f 718 6363 6362
f 718 6362 719
f 717 6364 6363
f 717 6363 718
f 716 6314 6364
f 716 6364 717
f 702 6353 6352
f 702 715 6353
f 713 6340 714
f 713 6341 6340
f 712 6342 6341
f 712 6343 6342
f 712 6341 713
f 711 6344 6343
f 711 6343 712
f 710 6345 6344
f 710 6344 711
f 709 6346 6345
f 709 6345 710
f 708 6347 6346
f 708 6346 709
f 707 6348 6347
f 707 6347 708
f 706 6349 6348
f 706 6348 707
f 705 6350 6349
f 705 6349 706
f 704 6351 6350
f 704 6350 705
f 703 6352 6351
f 703 6351 704
f 702 6352 703
f 794 766 6288
f 794 6288 6287
f 793 6276 6275
f 805 6277 6276
f 805 6276 793
f 804 6278 6277
f 804 6277 805
f 803 6279 6278
f 803 6278 804
f 802 6280 6279
f 802 6279 803
f 801 6281 6280
f 801 6280 802
f 800 6282 6281
f 800 6281 801
f 799 6283 6282
f 799 6282 800
f 798 6284 6283
f 798 6283 799
f 797 6285 6284
f 797 6284 798
f 796 6286 6285
f 796 6285 797
f 795 6287 6286
f 795 6286 796
f 794 6287 795
f 6275 6274 781
f 6275 781 793
f 780 6263 6261
f 792 6264 6263
f 792 6263 780
f 791 6265 6264
f 791 6264 792
f 790 6266 6265
f 790 6265 791
f 789 6267 6266
f 789 6266 790
f 788 6268 6267
f 788 6267 789
f 787 6269 6268
f 787 6268 788
f 786 6269 787
f 785 6270 6269
f 785 6271 6270
f 785 6269 786
f 784 6271 785
f 783 6272 6271
f 783 6273 6272
f 783 6271 784
f 782 6274 6273
f 782 6273 783
f 781 6274 782
f 780 6262 768
f 6261 6262 780
f 767 6302 6301
f 779 6303 6302
f 779 6302 767
f 778 6304 6303
f 778 6303 779
f 777 6305 6304
f 777 6304 778
f 776 6306 6305
f 776 6305 777
f 775 6307 6306
f 775 6306 776
f 774 6308 6307
f 774 6307 775
f 773 6308 774
f 772 6309 6308
f 772 6310 6309
f 772 6308 773
f 771 6310 772
f 770 6311 6310
f 770 6310 771
f 769 6312 6311
f 769 6311 770
f 768 6262 6312
f 768 6312 769
f 754 6301 6300
f 754 767 6301
f 765 6288 766
f 765 6289 6288
f 764 6290 6289
f 764 6291 6290
f 764 6289 765
f 763 6292 6291
f 763 6291 764
f 762 6293 6292
f 762 6292 763
f 761 6294 6293
f 761 6293 762
f 760 6295 6294
f 760 6294 761
f 759 6296 6295
f 759 6295 760
f 758 6297 6296
f 758 6296 759
f 757 6298 6297
f 757 6297 758
f 756 6299 6298
f 756 6298 757
f 755 6300 6299
f 755 6299 756
f 754 6300 755
f 846 818 6236
f 846 6236 6235
f 845 6224 6223
f 857 6225 6224
f 857 6224 845
f 856 6226 6225
f 856 6225 857
f 855 6227 6226
f 855 6226 856
f 854 6228 6227
f 854 6227 855
f 853 6229 6228
f 853 6228 854
f 852 6230 6229
f 852 6229 853
f 851 6231 6230
f 851 6230 852
f 850 6232 6231
f 850 6231 851
f 849 6233 6232
f 849 6232 850
f 848 6234 6233
f 848 6233 849
f 847 6235 6234
f 847 6234 848
f 846 6235 847
f 845 6222 833
f 6223 6222 845
f 832 6211 6209
f 844 6212 6211
f 844 6211 832
f 843 6213 6212
f 843 6212 844
f 842 6214 6213
f 842 6213 843
f 841 6215 6214
f 841 6214 842
f 840 6216 6215
f 840 6215 841
f 839 6217 6216
f 839 6216 840
f 838 6217 839
f 837 6218 6217
f 837 6219 6218
f 837 6217 838
f 836 6219 837
f 835 6220 6219
f 835 6221 6220
f 835 6219 836
f 834 6222 6221
f 834 6221 835
f 833 6222 834
f 832 6210 820
f 6209 6210 832
f 819 6250 6249
f 831 6251 6250
f 831 6250 819
f 830 6252 6251
f 830 6251 831
f 829 6253 6252
f 829 6252 830
f 828 6254 6253
f 828 6253 829
f 827 6255 6254
f 827 6254 828
f 826 6256 6255
f 826 6255 827
f 825 6256 826
f 824 6257 6256
f 824 6258 6257
f 824 6256 825
f 823 6258 824
f 822 6259 6258
f 822 6258 823
f 821 6260 6259
f 821 6259 822
f 820 6210 6260
f 820 6260 821
f 806 6249 6248
f 806 819 6249
f 817 6236 818
f 817 6237 6236
f 816 6238 6237
f 816 6237 817
f 815 6239 6238
f 815 6238 816
f 814 6240 6239
f 814 6239 815
f 813 6241 6240
f 813 6240 814
f 812 6242 6241
f 812 6241 813
f 811 6243 6242
f 811 6242 812
f 810 6244 6243
f 810 6243 811
f 809 6245 6244
f 809 6244 810
f 808 6246 6245
f 808 6245 809
f 807 6247 6246
f 807 6246 808
f 806 6248 6247
f 806 6247 807
f 898 870 6184
f 898 6184 6183
f 897 6172 6171
f 909 6173 6172
f 909 6172 897
f 908 6174 6173
f 908 6173 909
f 907 6175 6174
f 907 6174 908
f 906 6176 6175
f 906 6175 907
f 905 6177 6176
f 905 6176 906
f 904 6178 6177
f 904 6177 905
f 903 6179 6178
f 903 6178 904
f 902 6180 6179
f 902 6179 903
f 901 6181 6180
f 901 6180 902
f 900 6182 6181
f 900 6181 901
f 899 6183 6182
f 899 6182 900
f 898 6183 899
f 6171 6170 885
f 6171 885 897
f 884 6159 6157
f 896 6160 6159
f 896 6159 884
f 895 6161 6160
f 895 6160 896
f 894 6162 6161
f 894 6161 895
f 893 6163 6162
f 893 6162 894
f 892 6164 6163
f 892 6163 893
f 891 6165 6164
f 891 6164 892
f 890 6165 891
f 889 6166 6165
f 889 6167 6166
f 889 6165 890
f 888 6167 889
f 887 6168 6167
f 887 6169 6168
f 887 6167 888
f 886 6170 6169
f 886 6169 887
f 885 6170 886
f 884 6158 872
f 6157 6158 884
f 871 6198 6197
f 883 6199 6198
f 883 6198 871
f 882 6200 6199
f 882 6199 883
f 881 6201 6200
f 881 6200 882
f 880 6202 6201
f 880 6201 881
f 879 6203 6202
f 879 6202 880
f 878 6204 6203
f 878 6203 879
f 877 6204 878
f 876 6205 6204
f 876 6206 6205
f 876 6204 877
f 875 6206 876
f 874 6207 6206
f 874 6206 875
f 873 6208 6207
f 873 6207 874
f 872 6158 6208
f 872 6208 873
f 6196 871 6197
f 858 871 6196
f 869 6184 870
f 869 6185 6184
f 868 6186 6185
f 868 6185 869
f 867 6187 6186
f 867 6186 868
f 866 6188 6187
f 866 6187 867
f 865 6189 6188
f 865 6188 866
f 864 6190 6189
f 864 6189 865
f 863 6191 6190
f 863 6190 864
f 862 6192 6191
f 862 6191 863
f 861 6193 6192
f 861 6192 862
f 860 6194 6193
f 860 6193 861
f 859 6195 6194
f 859 6194 860
f 858 6196 6195
f 858 6195 859
f 950 922 6132
f 950 6132 6131
f 949 6120 6119
f 961 6121 6120
f 961 6120 949
f 960 6122 6121
f 960 6121 961
f 959 6123 6122
f 959 6122 960
f 958 6124 6123
f 958 6123 959
f 957 6125 6124
f 957 6124 958
f 956 6126 6125
f 956 6125 957
f 955 6127 6126
f 955 6126 956
f 954 6128 6127
f 954 6127 955
f 953 6129 6128
f 953 6128 954
f 952 6130 6129
f 952 6129 953
f 951 6131 6130
f 951 6130 952
f 950 6131 951
f 6119 6118 937
f 6119 937 949
f 936 6107 6105
f 948 6108 6107
f 948 6107 936
f 947 6109 6108
f 947 6108 948
f 946 6110 6109
f 946 6109 947
f 945 6111 6110
f 945 6110 946
f 944 6112 6111
f 944 6111 945
f 943 6113 6112
f 943 6112 944
f 942 6113 943
f 941 6114 6113
f 941 6115 6114
f 941 6113 942
f 940 6115 941
f 939 6116 6115
f 939 6117 6116
f 939 6115 940
f 938 6118 6117
f 938 6117 939
f 937 6118 938
f 936 6106 924
f 6105 6106 936
f 923 6146 6145
f 935 6147 6146
f 935 6146 923
f 934 6148 6147
f 934 6147 935
f 933 6149 6148
f 933 6148 934
f 932 6150 6149
f 932 6149 933
f 931 6151 6150
f 931 6150 932
f 930 6152 6151
f 930 6151 931
f 929 6152 930
f 928 6153 6152
f 928 6154 6153
f 928 6152 929
f 927 6154 928
f 926 6155 6154
f 926 6154 927
f 925 6156 6155
f 925 6155 926
f 924 6106 6156
f 924 6156 925
f 910 6145 6144
f 910 923 6145
f 921 6132 922
f 921 6133 6132
f 920 6134 6133
f 920 6133 921
f 919 6135 6134
f 919 6134 920
f 918 6136 6135
f 918 6135 919
f 917 6137 6136
f 917 6136 918
f 916 6138 6137
f 916 6137 917
f 915 6139 6138
f 915 6138 916
f 914 6140 6139
f 914 6139 915
f 913 6141 6140
f 913 6140 914
f 912 6142 6141
f 912 6141 913
f 911 6143 6142
f 911 6142 912
f 910 6144 6143
f 910 6143 911
f 1002 974 6080
f 1002 6080 6079
f 1001 6068 6067
f 1013 6069 6068
f 1013 6068 1001
f 1012 6070 6069
f 1012 6069 1013
f 1011 6071 6070
f 1011 6070 1012
f 1010 6072 6071
f 1010 6071 1011
f 1009 6073 6072
f 1009 6072 1010
f 1008 6074 6073
f 1008 6073 1009
f 1007 6075 6074
f 1007 6074 1008
f 1006 6076 6075
f 1006 6075 1007
f 1005 6077 6076
f 1005 6076 1006
f 1004 6078 6077
f 1004 6077 1005
f 1003 6079 6078
f 1003 6078 1004
f 1002 6079 1003
f 6067 6066 989
f 6067 989 1001
f 988 6055 6053
f 1000 6056 6055
f 1000 6055 988
f 999 6057 6056
f 999 6056 1000
f 998 6058 6057
f 998 6057 999
f 997 6059 6058
f 997 6058 998
f 996 6060 6059
f 996 6059 997
f 995 6061 6060
f 995 6060 996
f 994 6061 995
f 993 6062 6061
f 993 6063 6062
f 993 6061 994
f 992 6063 993
f 991 6064 6063
f 991 6065 6064
f 991 6063 992
f 990 6066 6065
f 990 6065 991
f 989 6066 990
f 988 6054 976
f 6053 6054 988
f 975 6094 6093
f 987 6095 6094
f 987 6094 975
f 986 6096 6095
f 986 6095 987
f 985 6097 6096
f 985 6096 986
f 984 6098 6097
f 984 6097 985
f 983 6099 6098
f 983 6098 984
f 982 6100 6099
f 982 6099 983
f 981 6100 982
f 980 6101 6100
f 980 6102 6101
f 980 6100 981
f 979 6102 980
f 978 6103 6102
f 978 6102 979
f 977 6104 6103
f 977 6103 978
f 976 6054 6104
f 976 6104 977
f 962 6093 6092
f 962 975 6093
f 973 6080 974
f 973 6081 6080
f 972 6082 6081
f 972 6081 973
f 971 6083 6082
f 971 6082 972
f 970 6084 6083
f 970 6083 971
f 969 6085 6084
f 969 6084 970
f 968 6086 6085
f 968 6085 969
f 967 6087 6086
f 967 6086 968
f 966 6088 6087
f 966 6087 967
f 965 6089 6088
f 965 6088 966
f 964 6090 6089
f 964 6089 965
f 963 6091 6090
f 963 6090 964
f 962 6092 6091
f 962 6091 963
f 1054 1026 6028
f 1054 6028 6027
f 1065 6015 1053
f 1065 6016 6015
f 1064 6017 6016
f 1064 6016 1065
f 1063 6018 6017
f 1063 6017 1064
f 1062 6019 6018
f 1062 6018 1063
f 1061 6020 6019
f 1061 6019 1062
f 1060 6021 6020
f 1060 6020 1061
f 1059 6022 6021
f 1059 6021 1060
f 1058 6023 6022
f 1058 6022 1059
f 1057 6024 6023
f 1057 6023 1058
f 1056 6025 6024
f 1056 6024 1057
f 1055 6026 6025
f 1055 6025 1056
f 1054 6027 6026
f 1054 6026 1055
f 6015 6014 1041
f 6015 1041 1053
f 1040 6003 6001
f 1052 6004 6003
f 1052 6003 1040
f 1051 6005 6004
f 1051 6004 1052
f 1050 6006 6005
f 1050 6005 1051
f 1049 6007 6006
f 1049 6006 1050
f 1048 6008 6007
f 1048 6007 1049
f 1047 6009 6008
f 1047 6008 1048
f 1046 6009 1047
f 1045 6010 6009
f 1045 6011 6010
f 1045 6009 1046
f 1044 6011 1045
f 1043 6012 6011
f 1043 6013 6012
f 1043 6011 1044
f 1042 6014 6013
f 1042 6013 1043
f 1041 6014 1042
f 1040 6002 1028
f 6001 6002 1040
f 1027 6042 6041
f 1039 6043 6042
f 1039 6042 1027
f 1038 6044 6043
f 1038 6043 1039
f 1037 6045 6044
f 1037 6044 1038
f 1036 6046 6045
f 1036 6045 1037
f 1035 6047 6046
f 1035 6046 1036
f 1034 6048 6047
f 1034 6047 1035
f 1033 6048 1034
f 1032 6049 6048
f 1032 6050 6049
f 1032 6048 1033
f 1031 6050 1032
f 1030 6051 6050
f 1030 6050 1031
f 1029 6052 6051
f 1029 6051 1030
f 1028 6002 6052
f 1028 6052 1029
f 6040 1027 6041
f 1014 1027 6040
f 1025 6028 1026
f 1025 6029 6028
f 1024 6030 6029
f 1024 6029 1025
f 1023 6031 6030
f 1023 6030 1024
f 1022 6032 6031
f 1022 6031 1023
f 1021 6033 6032
f 1021 6032 1022
f 1020 6034 6033
f 1020 6033 1021
f 1019 6035 6034
f 1019 6034 1020
f 1018 6036 6035
f 1018 6035 1019
f 1017 6037 6036
f 1017 6036 1018
f 1016 6038 6037
f 1016 6037 1017
f 1015 6039 6038
f 1015 6038 1016
f 1014 6040 6039
f 1014 6039 1015
f 1106 1078 5976
f 1106 5976 5975
f 1105 5964 5963
f 1117 5965 5964
f 1117 5964 1105
f 1116 5966 5965
f 1116 5965 1117
f 1115 5967 5966
f 1115 5966 1116
f 1114 5968 5967
f 1114 5967 1115
f 1113 5969 5968
f 1113 5968 1114
f 1112 5970 5969
f 1112 5969 1113
f 1111 5971 5970
f 1111 5970 1112
f 1110 5972 5971
f 1110 5971 1111
f 1109 5973 5972
f 1109 5972 1110
f 1108 5974 5973
f 1108 5973 1109
f 1107 5975 5974
f 1107 5974 1108
f 1106 5975 1107
f 5963 5962 1093
f 5963 1093 1105
f 1092 5951 5949
f 1104 5952 5951
f 1104 5951 1092
f 1103 5953 5952
f 1103 5952 1104
f 1102 5954 5953
f 1102 5953 1103
f 1101 5955 5954
f 1101 5954 1102
f 1100 5956 5955
f 1100 5955 1101
f 1099 5957 5956
f 1099 5956 1100
f 1098 5957 1099
f 1097 5958 5957
f 1097 5959 5958
f 1097 5957 1098
f 1096 5959 1097
f 1095 5960 5959
f 1095 5961 5960
f 1095 5959 1096
f 1094 5961 1095
f 1093 5962 5961
f 1093 5961 1094
f 1092 5950 1080
f 5949 5950 1092
f 1091 5989 1079
f 1091 5990 5989
f 1090 5991 5990
f 1090 5990 1091
f 1089 5992 5991
f 1089 5991 1090
f 1088 5993 5992
f 1088 5992 1089
f 1087 5994 5993
f 1087 5993 1088
f 1086 5995 5994
f 1086 5994 1087
f 1085 5996 5995
f 1085 5995 1086
f 1084 5997 5996
f 1084 5996 1085
f 1083 5998 5997
f 1083 5997 1084
f 1082 5999 5998
f 1082 6000 5999
f 1082 5998 1083
f 1081 5950 6000
f 1081 6000 1082
f 1080 5950 1081
f 1066 5989 5988
f 1066 1079 5989
f 1077 5976 1078
f 1077 5977 5976
f 1076 5978 5977
f 1076 5977 1077
f 1075 5979 5978
f 1075 5978 1076
f 1074 5980 5979
f 1074 5979 1075
f 1073 5981 5980
f 1073 5980 1074
f 1072 5982 5981
f 1072 5981 1073
f 1071 5983 5982
f 1071 5982 1072
f 1070 5984 5983
f 1070 5983 1071
f 1069 5985 5984
f 1069 5984 1070
f 1068 5986 5985
f 1068 5985 1069
f 1067 5987 5986
f 1067 5986 1068
f 1066 5988 5987
f 1066 5987 1067
f 1158 1130 5924
f 1158 5924 5923
f 1157 5912 5911
f 1169 5913 5912
f 1169 5912 1157
f 1168 5914 5913
f 1168 5913 1169
f 1167 5915 5914
f 1167 5914 1168
f 1166 5916 5915
f 1166 5915 1167
f 1165 5917 5916
f 1165 5916 1166
f 1164 5918 5917
f 1164 5917 1165
f 1163 5919 5918
f 1163 5918 1164
f 1162 5920 5919
f 1162 5919 1163
f 1161 5921 5920
f 1161 5920 1162
f 1160 5922 5921
f 1160 5921 1161
f 1159 5923 5922
f 1159 5922 1160
f 1158 5923 1159
f 5911 5910 1145
f 5911 1145 1157
f 1144 5899 5897
f 1156 5900 5899
f 1156 5899 1144
f 1155 5901 5900
f 1155 5900 1156
f 1154 5902 5901
f 1154 5901 1155
f 1153 5903 5902
f 1153 5902 1154
f 1152 5904 5903
f 1152 5903 1153
f 1151 5905 5904
f 1151 5904 1152
f 1150 5905 1151
f 1149 5906 5905
f 1149 5907 5906
f 1149 5905 1150
f 1148 5907 1149
f 1147 5908 5907
f 1147 5909 5908
f 1147 5907 1148
f 1146 5910 5909
f 1146 5909 1147
f 1145 5910 1146
f 1144 5898 1132
f 5897 5898 1144
f 1131 5938 5937
f 1143 5939 5938
f 1143 5938 1131
f 1142 5940 5939
f 1142 5939 1143
f 1141 5941 5940
f 1141 5940 1142
f 1140 5942 5941
f 1140 5941 1141
f 1139 5943 5942
f 1139 5942 1140
f 1138 5944 5943
f 1138 5943 1139
f 1137 5944 1138
f 1136 5945 5944
f 1136 5946 5945
f 1136 5944 1137
f 1135 5946 1136
f 1134 5947 5946
f 1134 5946 1135
f 1133 5948 5947
f 1133 5947 1134
f 1132 5898 5948
f 1132 5948 1133
f 5936 1131 5937
f 1118 1131 5936
f 1129 5924 1130
f 1129 5925 5924
f 1128 5926 5925
f 1128 5925 1129
f 1127 5927 5926
f 1127 5926 1128
f 1126 5928 5927
f 1126 5927 1127
f 1125 5929 5928
f 1125 5928 1126
f 1124 5930 5929
f 1124 5929 1125
f 1123 5931 5930
f 1123 5930 1124
f 1122 5932 5931
f 1122 5931 1123
f 1121 5933 5932
f 1121 5932 1122
f 1120 5934 5933
f 1120 5933 1121
f 1119 5935 5934
f 1119 5934 1120
f 1118 5936 5935
f 1118 5935 1119
f 1210 1182 5872
f 1210 5872 5871
f 1209 5860 5859
f 1221 5861 5860
f 1221 5860 1209
f 1220 5862 5861
f 1220 5861 1221
f 1219 5863 5862
f 1219 5862 1220
f 1218 5864 5863
f 1218 5863 1219
f 1217 5865 5864
f 1217 5864 1218
f 1216 5866 5865
f 1216 5865 1217
f 1215 5867 5866
f 1215 5866 1216
f 1214 5868 5867
f 1214 5867 1215
f 1213 5869 5868
f 1213 5868 1214
f 1212 5870 5869
f 1212 5869 1213
f 1211 5871 5870
f 1211 5870 1212
f 1210 5871 1211
f 5859 5858 1197
f 5859 1197 1209
f 1196 5847 5845
f 1208 5848 5847
f 1208 5847 1196
f 1207 5849 5848
f 1207 5848 1208
f 1206 5850 5849
f 1206 5849 1207
f 1205 5851 5850
f 1205 5850 1206
f 1204 5852 5851
f 1204 5851 1205
f 1203 5853 5852
f 1203 5852 1204
f 1202 5853 1203
f 1201 5854 5853
f 1201 5855 5854
f 1201 5853 1202
f 1200 5855 1201
f 1199 5856 5855
f 1199 5857 5856
f 1199 5855 1200
f 1198 5858 5857
f 1198 5857 1199
f 1197 5858 1198
f 1196 5846 1184
f 5845 5846 1196
f 1195 5885 1183
f 1195 5886 5885
f 1194 5887 5886
f 1194 5886 1195
f 1193 5888 5887
f 1193 5887 1194
f 1192 5889 5888
f 1192 5888 1193
f 1191 5890 5889
f 1191 5889 1192
f 1190 5891 5890
f 1190 5890 1191
f 1189 5892 5891
f 1189 5891 1190
f 1188 5893 5892
f 1188 5892 1189
f 1187 5894 5893
f 1187 5893 1188
f 1186 5895 5894
f 1186 5894 1187
f 1185 5896 5895
f 1185 5895 1186
f 1184 5846 5896
f 1184 5896 1185
f 1170 5885 5884
f 1170 1183 5885
f 1182 5873 5872
f 1181 5874 5873
f 1181 5873 1182
f 1180 5875 5874
f 1180 5874 1181
f 1179 5876 5875
f 1179 5875 1180
f 1178 5877 5876
f 1178 5876 1179
f 1177 5878 5877
f 1177 5877 1178
f 1176 5879 5878
f 1176 5878 1177
f 1175 5880 5879
f 1175 5879 1176
f 1174 5881 5880
f 1174 5880 1175
f 1173 5882 5881
f 1173 5881 1174
f 1172 5883 5882
f 1172 5882 1173
f 1171 5884 5883
f 1171 5883 1172
f 1170 5884 1171
f 1262 1234 5820
f 1262 5820 5819
f 1261 5808 5807
f 1273 5809 5808
f 1273 5808 1261
f 1272 5810 5809
f 1272 5809 1273
f 1271 5811 5810
f 1271 5810 1272
f 1270 5812 5811
f 1270 5811 1271
f 1269 5813 5812
f 1269 5812 1270
f 1268 5814 5813
f 1268 5813 1269
f 1267 5815 5814
f 1267 5814 1268
f 1266 5816 5815
f 1266 5815 1267
f 1265 5817 5816
f 1265 5816 1266
f 1264 5818 5817
f 1264 5817 1265
f 1263 5819 5818
f 1263 5818 1264
f 1262 5819 1263
f 5807 5806 1249
f 5807 1249 1261
f 1248 5795 5793
f 1260 5796 5795
f 1260 5795 1248
f 1259 5797 5796
f 1259 5796 1260
f 1258 5798 5797
f 1258 5797 1259
f 1257 5799 5798
f 1257 5798 1258
f 1256 5800 5799
f 1256 5799 1257
f 1255 5801 5800
f 1255 5800 1256
f 1254 5801 1255
f 1253 5802 5801
f 1253 5803 5802
f 1253 5801 1254
f 1252 5803 1253
f 1251 5804 5803
f 1251 5805 5804
f 1251 5803 1252
f 1250 5806 5805
f 1250 5805 1251
f 1249 5806 1250
f 1248 5794 1236
f 5793 5794 1248
f 1235 5834 5833
f 1247 5835 5834
f 1247 5834 1235
f 1246 5836 5835
f 1246 5835 1247
f 1245 5837 5836
f 1245 5836 1246
f 1244 5838 5837
f 1244 5837 1245
f 1243 5839 5838
f 1243 5838 1244
f 1242 5840 5839
f 1242 5839 1243
f 1241 5840 1242
f 1240 5841 5840
f 1240 5842 5841
f 1240 5840 1241
f 1239 5842 1240
f 1238 5843 5842
f 1238 5842 1239
f 1237 5844 5843
f 1237 5843 1238
f 1236 5794 5844
f 1236 5844 1237
f 1222 5833 5832
f 1222 1235 5833
f 1233 5820 1234
f 1233 5821 5820
f 1232 5822 5821
f 1232 5821 1233
f 1231 5823 5822
f 1231 5822 1232
f 1230 5824 5823
f 1230 5823 1231
f 1229 5825 5824
f 1229 5824 1230
f 1228 5826 5825
f 1228 5825 1229
f 1227 5827 5826
f 1227 5826 1228
f 1226 5828 5827
f 1226 5827 1227
f 1225 5829 5828
f 1225 5828 1226
f 1224 5830 5829
f 1224 5829 1225
f 1223 5831 5830
f 1223 5830 1224
f 1222 5832 5831
f 1222 5831 1223
f 1314 1286 5768
f 1314 5768 5767
f 1313 5756 5755
f 1325 5757 5756
f 1325 5756 1313
f 1324 5758 5757
f 1324 5757 1325
f 1323 5759 5758
f 1323 5758 1324
f 1322 5760 5759
f 1322 5759 1323
f 1321 5761 5760
f 1321 5760 1322
f 1320 5762 5761
f 1320 5761 1321
f 1319 5763 5762
f 1319 5762 1320
f 1318 5764 5763
f 1318 5763 1319
f 1317 5765 5764
f 1317 5764 1318
f 1316 5766 5765
f 1316 5765 1317
f 1315 5767 5766
f 1315 5766 1316
f 1314 5767 1315
f 5755 5754 1301
f 5755 1301 1313
f 1300 5743 5741
f 1312 5744 5743
f 1312 5743 1300
f 1311 5745 5744
f 1311 5744 1312
f 1310 5746 5745
f 1310 5745 1311
f 1309 5747 5746
f 1309 5746 1310
f 1308 5748 5747
f 1308 5747 1309
f 1307 5749 5748
f 1307 5748 1308
f 1306 5749 1307
f 1305 5750 5749
f 1305 5751 5750
f 1305 5749 1306
f 1304 5751 1305
f 1303 5752 5751
f 1303 5753 5752
f 1303 5751 1304
f 1302 5754 5753
f 1302 5753 1303
f 1301 5754 1302
f 1300 5742 1288
f 5741 5742 1300
f 1287 5782 5781
f 1299 5783 5782
f 1299 5782 1287
f 1298 5784 5783
f 1298 5783 1299
f 1297 5785 5784
f 1297 5784 1298
f 1296 5786 5785
f 1296 5785 1297
f 1295 5787 5786
f 1295 5786 1296
f 1294 5788 5787
f 1294 5787 1295
f 1293 5788 1294
f 1292 5789 5788
f 1292 5790 5789
f 1292 5788 1293
f 1291 5790 1292
f 1290 5791 5790
f 1290 5790 1291
f 1289 5792 5791
f 1289 5791 1290
f 1288 5742 5792
f 1288 5792 1289
f 5780 1287 5781
f 1274 1287 5780
f 1285 5768 1286
f 1285 5769 5768
f 1284 5770 5769
f 1284 5769 1285
f 1283 5771 5770
f 1283 5770 1284
f 1282 5772 5771
f 1282 5771 1283
f 1281 5773 5772
f 1281 5772 1282
f 1280 5774 5773
f 1280 5773 1281
f 1279 5775 5774
f 1279 5774 1280
f 1278 5776 5775
f 1278 5775 1279
f 1277 5777 5776
f 1277 5776 1278
f 1276 5778 5777
f 1276 5777 1277
f 1275 5779 5778
f 1275 5778 1276
f 1274 5780 5779
f 1274 5779 1275
f 1366 1338 5716
f 1366 5716 5715
f 1365 5704 5703
f 1377 5705 5704
f 1377 5704 1365
f 1376 5706 5705
f 1376 5705 1377
f 1375 5707 5706
f 1375 5706 1376
f 1374 5708 5707
f 1374 5707 1375
f 1373 5709 5708
f 1373 5708 1374
f 1372 5710 5709
f 1372 5709 1373
f 1371 5711 5710
f 1371 5710 1372
f 1370 5712 5711
f 1370 5711 1371
f 1369 5713 5712
f 1369 5712 1370
f 1368 5714 5713
f 1368 5713 1369
f 1367 5715 5714
f 1367 5714 1368
f 1366 5715 1367
f 5703 5702 1353
f 5703 1353 1365
f 1352 5691 5689
f 1364 5692 5691
f 1364 5691 1352
f 1363 5693 5692
f 1363 5692 1364
f 1362 5694 5693
f 1362 5693 1363
f 1361 5695 5694
f 1361 5694 1362
f 1360 5696 5695
f 1360 5695 1361
f 1359 5697 5696
f 1359 5696 1360
f 1358 5697 1359
f 1357 5698 5697
f 1357 5699 5698
f 1357 5697 1358
f 1356 5699 1357
f 1355 5700 5699
f 1355 5701 5700
f 1355 5699 1356
f 1354 5702 5701
f 1354 5701 1355
f 1353 5702 1354
f 1352 5690 1340
f 5689 5690 1352
f 1339 5730 5729
f 1351 5731 5730
f 1351 5730 1339
f 1350 5732 5731
f 1350 5731 1351
f 1349 5733 5732
f 1349 5732 1350
f 1348 5734 5733
f 1348 5733 1349
f 1347 5735 5734
f 1347 5734 1348
f 1346 5736 5735
f 1346 5735 1347
f 1345 5736 1346
f 1344 5737 5736
f 1344 5738 5737
f 1344 5736 1345
f 1343 5738 1344
f 1342 5739 5738
f 1342 5738 1343
f 1341 5740 5739
f 1341 5739 1342
f 1340 5690 5740
f 1340 5740 1341
f 1326 5729 5728
f 1326 1339 5729
f 1337 5716 1338
f 1337 5717 5716
f 1336 5718 5717
f 1336 5719 5718
f 1336 5717 1337
f 1335 5720 5719
f 1335 5719 1336
f 1334 5721 5720
f 1334 5720 1335
f 1333 5722 5721
f 1333 5721 1334
f 1332 5723 5722
f 1332 5722 1333
f 1331 5724 5723
f 1331 5723 1332
f 1330 5725 5724
f 1330 5724 1331
f 1329 5726 5725
f 1329 5725 1330
f 1328 5727 5726
f 1328 5726 1329
f 1327 5728 5727
f 1327 5727 1328
f 1326 5728 1327
f 1418 1390 5664
f 1418 5664 5663
f 1417 5652 5651
f 1429 5653 5652
f 1429 5652 1417
f 1428 5654 5653
f 1428 5653 1429
f 1427 5655 5654
f 1427 5654 1428
f 1426 5656 5655
f 1426 5655 1427
f 1425 5657 5656
f 1425 5656 1426
f 1424 5658 5657
f 1424 5657 1425
f 1423 5659 5658
f 1423 5658 1424
f 1422 5660 5659
f 1422 5659 1423
f 1421 5661 5660
f 1421 5660 1422
f 1420 5662 5661
f 1420 5661 1421
f 1419 5663 5662
f 1419 5662 1420
f 1418 5663 1419
f 5651 5650 1405
f 5651 1405 1417
f 1404 5639 5637
f 1416 5640 5639
f 1416 5639 1404
f 1415 5641 5640
f 1415 5640 1416
f 1414 5642 5641
f 1414 5641 1415
f 1413 5643 5642
f 1413 5642 1414
f 1412 5644 5643
f 1412 5643 1413
f 1411 5645 5644
f 1411 5644 1412
f 1410 5645 1411
f 1409 5646 5645
f 1409 5647 5646
f 1409 5645 1410
f 1408 5647 1409
f 1407 5648 5647
f 1407 5649 5648
f 1407 5647 1408
f 1406 5650 5649
f 1406 5649 1407
f 1405 5650 1406
f 1404 5638 1392
f 5637 5638 1404
f 1391 5678 5677
f 1403 5679 5678
f 1403 5678 1391
f 1402 5680 5679
f 1402 5679 1403
f 1401 5681 5680
f 1401 5680 1402
f 1400 5682 5681
f 1400 5681 1401
f 1399 5683 5682
f 1399 5682 1400
f 1398 5684 5683
f 1398 5683 1399
f 1397 5684 1398
f 1396 5685 5684
f 1396 5686 5685
f 1396 5684 1397
f 1395 5686 1396
f 1394 5687 5686
f 1394 5686 1395
f 1393 5688 5687
f 1393 5687 1394
f 1392 5638 5688
f 1392 5688 1393
f 1378 5677 5676
f 1378 1391 5677
f 1389 5664 1390
f 1389 5665 5664
f 1388 5666 5665
f 1388 5667 5666
f 1388 5665 1389
f 1387 5668 5667
f 1387 5667 1388
f 1386 5669 5668
f 1386 5668 1387
f 1385 5670 5669
f 1385 5669 1386
f 1384 5671 5670
f 1384 5670 1385
f 1383 5672 5671
f 1383 5671 1384
f 1382 5673 5672
f 1382 5672 1383
f 1381 5674 5673
f 1381 5673 1382
f 1380 5675 5674
f 1380 5674 1381
f 1379 5676 5675
f 1379 5675 1380
f 1378 5676 1379
f 1470 1442 5612
f 1470 5612 5611
f 1469 5600 5599
f 1481 5601 5600
f 1481 5600 1469
f 1480 5602 5601
f 1480 5601 1481
f 1479 5603 5602
f 1479 5602 1480
f 1478 5604 5603
f 1478 5603 1479
f 1477 5605 5604
f 1477 5604 1478
f 1476 5606 5605
f 1476 5605 1477
f 1475 5606 1476
f 1474 5607 5606
f 1474 5608 5607
f 1474 5606 1475
f 1473 5609 5608
f 1473 5608 1474
f 1472 5610 5609
f 1472 5609 1473
f 1471 5611 5610
f 1471 5610 1472
f 1470 5611 1471
f 5599 5598 1457
f 5599 1457 1469
f 1456 5587 5585
f 1468 5588 5587
f 1468 5587 1456
f 1467 5589 5588
f 1467 5588 1468
f 1466 5590 5589
f 1466 5589 1467
f 1465 5591 5590
f 1465 5590 1466
f 1464 5592 5591
f 1464 5591 1465
f 1463 5593 5592
f 1463 5592 1464
f 1462 5593 1463
f 1461 5594 5593
f 1461 5595 5594
f 1461 5593 1462
f 1460 5595 1461
f 1459 5596 5595
f 1459 5597 5596
f 1459 5595 1460
f 1458 5598 5597
f 1458 5597 1459
f 1457 5598 1458
f 1456 5586 1444
f 5585 5586 1456
f 1443 5626 5625
f 1455 5627 5626
f 1455 5626 1443
f 1454 5628 5627
f 1454 5627 1455
f 1453 5629 5628
f 1453 5628 1454
f 1452 5630 5629
f 1452 5629 1453
f 1451 5631 5630
f 1451 5630 1452
f 1450 5632 5631
f 1450 5631 1451
f 1449 5632 1450
f 1448 5633 5632
f 1448 5634 5633
f 1448 5632 1449
f 1447 5634 1448
f 1446 5635 5634
f 1446 5634 1447
f 1445 5636 5635
f 1445 5635 1446
f 1444 5586 5636
f 1444 5636 1445
f 1430 5625 5624
f 1430 1443 5625
f 1441 5612 1442
f 1441 5613 5612
f 1440 5614 5613
f 1440 5615 5614
f 1440 5613 1441
f 1439 5616 5615
f 1439 5615 1440
f 1438 5617 5616
f 1438 5616 1439
f 1437 5618 5617
f 1437 5617 1438
f 1436 5619 5618
f 1436 5618 1437
f 1435 5620 5619
f 1435 5619 1436
f 1434 5621 5620
f 1434 5620 1435
f 1433 5622 5621
f 1433 5621 1434
f 1432 5623 5622
f 1432 5622 1433
f 1431 5624 5623
f 1431 5623 1432
f 1430 5624 1431
f 1522 1494 5560
f 1522 5560 5559
f 1521 5548 5547
f 1533 5549 5548
f 1533 5548 1521
f 1532 5550 5549
f 1532 5549 1533
f 1531 5551 5550
f 1531 5550 1532
f 1530 5552 5551
f 1530 5551 1531
f 1529 5553 5552
f 1529 5552 1530
f 1528 5554 5553
f 1528 5553 1529
f 1527 5555 5554
f 1527 5554 1528
f 1526 5556 5555
f 1526 5555 1527
f 1525 5557 5556
f 1525 5556 1526
f 1524 5558 5557
f 1524 5557 1525
f 1523 5559 5558
f 1523 5558 1524
f 1522 5559 1523
f 5547 5546 1509
f 5547 1509 1521
f 1508 5535 5533
f 1520 5536 5535
f 1520 5535 1508
f 1519 5537 5536
f 1519 5536 1520
f 1518 5538 5537
f 1518 5537 1519
f 1517 5539 5538
f 1517 5538 1518
f 1516 5540 5539
f 1516 5539 1517
f 1515 5541 5540
f 1515 5540 1516
f 1514 5541 1515
f 1513 5542 5541
f 1513 5543 5542
f 1513 5541 1514
f 1512 5543 1513
f 1511 5544 5543
f 1511 5545 5544
f 1511 5543 1512
f 1510 5546 5545
f 1510 5545 1511
f 1509 5546 1510
f 1508 5534 1496
f 5533 5534 1508
f 1495 5574 5573
f 1507 5575 5574
f 1507 5574 1495
f 1506 5576 5575
f 1506 5575 1507
f 1505 5577 5576
f 1505 5576 1506
f 1504 5578 5577
f 1504 5577 1505
f 1503 5579 5578
f 1503 5578 1504
f 1502 5580 5579
f 1502 5579 1503
f 1501 5580 1502
f 1500 5581 5580
f 1500 5582 5581
f 1500 5580 1501
f 1499 5582 1500
f 1498 5583 5582
f 1498 5582 1499
f 1497 5584 5583
f 1497 5583 1498
f 1496 5534 5584
f 1496 5584 1497
f 1482 5573 5572
f 1482 1495 5573
f 1493 5560 1494
f 1493 5561 5560
f 1492 5562 5561
f 1492 5563 5562
f 1492 5561 1493
f 1491 5564 5563
f 1491 5563 1492
f 1490 5565 5564
f 1490 5564 1491
f 1489 5566 5565
f 1489 5565 1490
f 1488 5567 5566
f 1488 5566 1489
f 1487 5568 5567
f 1487 5567 1488
f 1486 5569 5568
f 1486 5568 1487
f 1485 5570 5569
f 1485 5569 1486
f 1484 5571 5570
f 1484 5570 1485
f 1483 5572 5571
f 1483 5571 1484
f 1482 5572 1483
f 4976 28 4977
f 16 28 4976
f 15 4965 4964
f 27 4966 4965
f 27 4965 15
f 26 4967 4966
f 26 4966 27
f 25 4968 4967
f 25 4967 26
f 24 4969 4968
f 24 4968 25
f 23 4970 4969
f 23 4969 24
f 22 4971 4970
f 22 4970 23
f 21 4972 4971
f 21 4971 22
f 20 4973 4972
f 20 4972 21
f 19 4974 4973
f 19 4973 20
f 18 4975 4974
f 18 4974 19
f 17 4976 4975
f 17 4975 18
f 16 4976 17
f 4964 4963 3
f 4964 3 15
f 1 4952 4951
f 14 4953 4952
f 14 4952 1
f 13 4954 4953
f 13 4953 14
f 12 4955 4954
f 12 4954 13
f 11 4956 4955
f 11 4955 12
f 10 4957 4956
f 10 4956 11
f 9 4958 4957
f 9 4957 10
f 8 4958 9
f 7 4959 4958
f 7 4960 4959
f 7 4958 8
f 6 4960 7
f 5 4961 4960
f 5 4962 4961
f 5 4960 6
f 4 4963 4962
f 4 4962 5
f 3 4963 4
f 1 4950 2
f 4951 4950 1
f 1574 1546 5508
f 1574 5508 5507
f 1573 5496 5495
f 1585 5497 5496
f 1585 5496 1573
f 1584 5498 5497
f 1584 5497 1585
f 1583 5499 5498
f 1583 5498 1584
f 1582 5500 5499
f 1582 5499 1583
f 1581 5501 5500
f 1581 5500 1582
f 1580 5502 5501
f 1580 5501 1581
f 1579 5503 5502
f 1579 5502 1580
f 1578 5504 5503
f 1578 5503 1579
f 1577 5505 5504
f 1577 5504 1578
f 1576 5506 5505
f 1576 5505 1577
f 1575 5507 5506
f 1575 5506 1576
f 1574 5507 1575
f 5495 5494 1561
f 5495 1561 1573
f 1560 5483 5481
f 1572 5484 5483
f 1572 5483 1560
f 1571 5485 5484
f 1571 5484 1572
f 1570 5486 5485
f 1570 5485 1571
f 1569 5487 5486
f 1569 5486 1570
f 1568 5488 5487
f 1568 5487 1569
f 1567 5489 5488
f 1567 5488 1568
f 1566 5489 1567
f 1565 5490 5489
f 1565 5491 5490
f 1565 5489 1566
f 1564 5491 1565
f 1563 5492 5491
f 1563 5493 5492
f 1563 5491 1564
f 1562 5494 5493
f 1562 5493 1563
f 1561 5494 1562
f 1560 5482 1548
f 5481 5482 1560
f 1547 5522 5521
f 1559 5523 5522
f 1559 5522 1547
f 1558 5524 5523
f 1558 5523 1559
f 1557 5525 5524
f 1557 5524 1558
f 1556 5526 5525
f 1556 5525 1557
f 1555 5527 5526
f 1555 5526 1556
f 1554 5528 5527
f 1554 5527 1555
f 1553 5528 1554
f 1552 5529 5528
f 1552 5530 5529
f 1552 5528 1553
f 1551 5530 1552
f 1550 5531 5530
f 1550 5530 1551
f 1549 5532 5531
f 1549 5531 1550
f 1548 5482 5532
f 1548 5532 1549
f 1534 5521 5520
f 1534 1547 5521
f 1545 5508 1546
f 1545 5509 5508
f 1544 5510 5509
f 1544 5511 5510
f 1544 5509 1545
f 1543 5512 5511
f 1543 5511 1544
f 1542 5513 5512
f 1542 5512 1543
f 1541 5514 5513
f 1541 5513 1542
f 1540 5515 5514
f 1540 5514 1541
f 1539 5516 5515
f 1539 5515 1540
f 1538 5517 5516
f 1538 5516 1539
f 1537 5518 5517
f 1537 5517 1538
f 1536 5519 5518
f 1536 5518 1537
f 1535 5520 5519
f 1535 5519 1536
f 1534 5520 1535
f 6524 6526 6525
f 6523 6527 6526
f 6523 6528 6527
f 6523 6526 6524
f 6522 6529 6528
f 6522 6530 6529
f 6522 6528 6523
f 6521 6531 6530
f 6521 6532 6531
f 6521 6530 6522
f 6538 6533 6532
f 6538 6534 6533
f 6538 6532 6521
f 6537 6535 6534
f 6537 6536 6535
f 6537 6534 6538
f 4942 4948 6536
f 4942 6536 6537
f 6562 6540 6539
f 6562 6539 6541
f 6561 6541 6542
f 6561 6562 6541
f 6560 6542 6543
f 6560 6561 6542
f 6559 6543 6544
f 6559 6560 6543
f 6558 6544 6545
f 6558 6559 6544
f 6557 6545 6546
f 6557 6546 6547
f 6557 6558 6545
f 6556 6547 6548
f 6556 6557 6547
f 6555 6548 6549
f 6555 6556 6548
f 6554 6549 6550
f 6554 6555 6549
f 6553 6550 6551
f 6553 6554 6550
f 6552 6551 534
f 6552 6553 6551
f 535 6552 534
f 6521 6558 6557
f 6522 6559 6558
f 6522 6560 6559
f 6522 6558 6521
f 6523 6561 6560
f 6523 6562 6561
f 6523 6560 6522
f 6524 6540 6562
f 6524 6562 6523
f 4942 6552 535
f 6537 6553 6552
f 6537 6554 6553
f 6537 6552 4942
f 6538 6555 6554
f 6538 6556 6555
f 6538 6554 6537
f 6521 6557 6556
f 6521 6556 6538
f 6566 6568 6567
f 6565 6569 6568
f 6565 6568 6566
f 6564 6570 6569
f 6564 6569 6565
f 6563 6571 6570
f 6563 6570 6564
f 6574 6571 6563
f 6573 6572 6571
f 6573 6571 6574
f 4943 4945 6572
f 4943 6572 6573
f 6586 6587 6588
f 6585 6588 6589
f 6585 6586 6588
f 6584 6585 6589
f 6583 6589 6590
f 6583 6590 6591
f 6583 6584 6589
f 6582 6591 6592
f 6582 6583 6591
f 6581 6582 6592
f 6580 6592 6593
f 6580 6581 6592
f 6579 6593 6594
f 6579 6580 6593
f 6578 6594 6595
f 6578 6579 6594
f 6577 6595 6596
f 6577 6578 6595
f 6576 6596 6597
f 6576 6577 6596
f 6575 6597 6598
f 6575 6576 6597
f 541 6598 540
f 541 6575 6598
f 6563 6581 6580
f 6564 6582 6581
f 6564 6583 6582
f 6564 6581 6563
f 6565 6584 6583
f 6565 6585 6584
f 6565 6583 6564
f 6566 6586 6585
f 6566 6585 6565
f 4943 6575 541
f 6573 6576 6575
f 6573 6577 6576
f 6573 6575 4943
f 6574 6578 6577
f 6574 6579 6578
f 6574 6577 6573
f 6563 6580 6579
f 6563 6579 6574
f 6570 6594 6593
f 6571 6595 6594
f 6571 6596 6595
f 6571 6594 6570
f 6572 6597 6596
f 6572 6598 6597
f 6572 6596 6571
f 4945 540 6598
f 4945 6598 6572
f 6567 6588 6587
f 6568 6589 6588
f 6568 6590 6589
f 6568 6588 6567
f 6569 6591 6590
f 6569 6592 6591
f 6569 6590 6568
f 6570 6593 6592
f 6570 6592 6569
f 1612 6602 1600
f 1612 6603 6602
f 1611 6603 1612
f 1610 6604 6603
f 1610 6603 1611
f 1609 6604 1610
f 1608 6599 6604
f 1608 6604 1609
f 1607 6599 1608
f 1606 6600 6599
f 1606 6599 1607
f 1605 6600 1606
f 1604 6601 6600
f 1604 6600 1605
f 1603 6601 1604
f 1602 4949 6601
f 1602 6601 1603
f 1601 4949 1602
f 1625 6605 6606
f 1624 6606 6607
f 1624 1625 6606
f 1623 6607 6608
f 1623 1624 6607
f 1622 6608 6609
f 1622 1623 6608
f 1621 6609 6610
f 1621 1622 6609
f 1620 6610 6611
f 1620 1621 6610
f 1619 1620 6611
f 1618 6611 6612
f 1618 1619 6611
f 1617 6612 6613
f 1617 1618 6612
f 1616 6613 6614
f 1616 1617 6613
f 1615 6614 6615
f 1615 1616 6614
f 1614 6615 6616
f 1614 1615 6615
f 544 6616 543
f 544 1614 6616
f 6599 6612 6611
f 6600 6613 6612
f 6600 6614 6613
f 6600 6612 6599
f 6601 6615 6614
f 6601 6616 6615
f 6601 6614 6600
f 4949 543 6616
f 4949 6616 6601
f 6602 6606 6605
f 6603 6607 6606
f 6603 6608 6607
f 6603 6606 6602
f 6604 6609 6608
f 6604 6610 6609
f 6604 6608 6603
f 6599 6611 6610
f 6599 6610 6604
f 6620 6622 6621
f 6619 6623 6622
f 6619 6622 6620
f 6618 6624 6623
f 6618 6623 6619
f 6617 6624 6618
f 6628 6625 6624
f 6628 6624 6617
f 6627 6626 6625
f 6627 6625 6628
f 4938 4940 6626
f 4938 6626 6627
f 6640 6641 6642
f 6639 6642 6643
f 6639 6640 6642
f 6638 6643 6644
f 6638 6639 6643
f 6637 6644 6645
f 6637 6638 6644
f 6636 6645 6646
f 6636 6637 6645
f 6635 6646 6647
f 6635 6636 6646
f 6634 6635 6647
f 6633 6647 6648
f 6633 6634 6647
f 6632 6648 6649
f 6632 6633 6648
f 6631 6649 6650
f 6631 6632 6649
f 6630 6650 6651
f 6630 6631 6650
f 6629 6651 6652
f 6629 6630 6651
f 538 6652 537
f 538 6629 6652
f 6617 6635 6634
f 6618 6636 6635
f 6618 6637 6636
f 6618 6635 6617
f 6619 6638 6637
f 6619 6639 6638
f 6619 6637 6618
f 6620 6640 6639
f 6620 6639 6619
f 4938 6629 538
f 6627 6630 6629
f 6627 6631 6630
f 6627 6629 4938
f 6628 6632 6631
f 6628 6633 6632
f 6628 6631 6627
f 6617 6634 6633
f 6617 6633 6628
f 6624 6648 6647
f 6625 6649 6648
f 6625 6650 6649
f 6625 6648 6624
f 6626 6651 6650
f 6626 6652 6651
f 6626 6650 6625
f 4940 537 6652
f 4940 6652 6626
f 6621 6642 6641
f 6622 6643 6642
f 6622 6644 6643
f 6622 6642 6621
f 6623 6645 6644
f 6623 6646 6645
f 6623 6644 6622
f 6624 6647 6646
f 6624 6646 6623
f 6641 6653 6621
f 6654 6653 6641
f 6654 6524 6653
f 6540 6524 6654
f 6656 6567 6587
f 6656 6655 6567
f 6656 6620 6655
f 6640 6620 6656
f 4836 6657 4821
f 6658 6657 4836
f 4937 4910 6657
f 4937 6657 6658
f 6659 4911 4914
f 6659 6660 4911
f 6659 4856 6660
f 4877 4856 6659
f 4878 6661 4857
f 6662 6661 4878
f 6662 4887 6661
f 4901 4887 6662
f 6664 6602 6605
f 6664 6663 6602
f 6664 6566 6663
f 6586 6566 6664
f 6665 6667 6666
f 6690 6668 6667
f 6690 6667 6665
f 6689 6669 6668
f 6689 6668 6690
f 6688 6670 6669
f 6688 6669 6689
f 6687 6671 6670
f 6687 6670 6688
f 6686 6672 6671
f 6686 6671 6687
f 6685 6673 6672
f 6685 6672 6686
f 6684 6674 6673
f 6684 6673 6685
f 6683 6675 6674
f 6683 6674 6684
f 6682 6676 6675
f 6682 6675 6683
f 6681 6677 6676
f 6681 6676 6682
f 6680 6678 6677
f 6680 6677 6681
f 6679 6678 6680
f 6691 6693 6692
f 6716 6694 6693
f 6716 6693 6691
f 6715 6695 6694
f 6715 6694 6716
f 6714 6696 6695
f 6714 6695 6715
f 6713 6697 6696
f 6713 6696 6714
f 6712 6698 6697
f 6712 6697 6713
f 6711 6699 6698
f 6711 6698 6712
f 6710 6700 6699
f 6710 6699 6711
f 6709 6701 6700
f 6709 6700 6710
f 6708 6702 6701
f 6708 6701 6709
f 6707 6703 6702
f 6707 6702 6708
f 6706 6703 6707
f 6705 6704 6703
f 6705 6703 6706
f 6742 6718 6717
f 6742 6719 6718
f 6741 6720 6719
f 6741 6721 6720
f 6741 6719 6742
f 6740 6722 6721
f 6740 6721 6741
f 6739 6723 6722
f 6739 6722 6740
f 6738 6724 6723
f 6738 6723 6739
f 6737 6725 6724
f 6737 6724 6738
f 6736 6726 6725
f 6736 6725 6737
f 6735 6727 6726
f 6735 6726 6736
f 6734 6728 6727
f 6734 6727 6735
f 6733 6729 6728
f 6733 6728 6734
f 6732 6729 6733
f 6731 6730 6729
f 6731 6729 6732
f 6743 6745 6744
f 6768 6746 6745
f 6768 6745 6743
f 6767 6747 6746
f 6767 6746 6768
f 6766 6748 6747
f 6766 6747 6767
f 6765 6749 6748
f 6765 6748 6766
f 6764 6750 6749
f 6764 6749 6765
f 6763 6751 6750
f 6763 6750 6764
f 6762 6752 6751
f 6762 6751 6763
f 6761 6753 6752
f 6761 6752 6762
f 6760 6754 6753
f 6760 6753 6761
f 6759 6755 6754
f 6759 6754 6760
f 6758 6755 6759
f 6757 6756 6755
f 6757 6755 6758
f 6769 6771 6770
f 6794 6772 6771
f 6794 6771 6769
f 6793 6773 6772
f 6793 6772 6794
f 6792 6774 6773
f 6792 6773 6793
f 6791 6775 6774
f 6791 6774 6792
f 6790 6776 6775
f 6790 6775 6791
f 6789 6777 6776
f 6789 6776 6790
f 6788 6778 6777
f 6788 6777 6789
f 6787 6779 6778
f 6787 6778 6788
f 6786 6780 6779
f 6786 6779 6787
f 6785 6781 6780
f 6785 6780 6786
f 6784 6782 6781
f 6784 6781 6785
f 6783 6782 6784
f 6795 6797 6796
f 6820 6798 6797
f 6820 6797 6795
f 6819 6799 6798
f 6819 6798 6820
f 6818 6800 6799
f 6818 6799 6819
f 6817 6801 6800
f 6817 6800 6818
f 6816 6802 6801
f 6816 6801 6817
f 6815 6803 6802
f 6815 6802 6816
f 6814 6804 6803
f 6814 6803 6815
f 6813 6805 6804
f 6813 6804 6814
f 6812 6806 6805
f 6812 6805 6813
f 6811 6807 6806
f 6811 6806 6812
f 6810 6807 6811
f 6809 6808 6807
f 6809 6807 6810
f 6846 6822 6821
f 6846 6823 6822
f 6845 6824 6823
f 6845 6825 6824
f 6845 6823 6846
f 6844 6826 6825
f 6844 6825 6845
f 6843 6827 6826
f 6843 6826 6844
f 6842 6828 6827
f 6842 6827 6843
f 6841 6829 6828
f 6841 6828 6842
f 6840 6830 6829
f 6840 6829 6841
f 6839 6831 6830
f 6839 6830 6840
f 6838 6832 6831
f 6838 6831 6839
f 6837 6833 6832
f 6837 6832 6838
f 6836 6833 6837
f 6835 6834 6833
f 6835 6833 6836
f 6847 6849 6848
f 6872 6850 6849
f 6872 6849 6847
f 6871 6851 6850
f 6871 6850 6872
f 6870 6852 6851
f 6870 6851 6871
f 6869 6853 6852
f 6869 6852 6870
f 6868 6854 6853
f 6868 6853 6869
f 6867 6855 6854
f 6867 6854 6868
f 6866 6856 6855
f 6866 6855 6867
f 6865 6857 6856
f 6865 6856 6866
f 6864 6858 6857
f 6864 6857 6865
f 6863 6859 6858
f 6863 6858 6864
f 6862 6859 6863
f 6861 6860 6859
f 6861 6859 6862
f 6873 6875 6874
f 6898 6876 6875
f 6898 6875 6873
f 6897 6877 6876
f 6897 6876 6898
f 6896 6878 6877
f 6896 6877 6897
f 6895 6879 6878
f 6895 6878 6896
f 6894 6880 6879
f 6894 6879 6895
f 6893 6881 6880
f 6893 6880 6894
f 6892 6882 6881
f 6892 6881 6893
f 6891 6883 6882
f 6891 6882 6892
f 6890 6884 6883
f 6890 6883 6891
f 6889 6885 6884
f 6889 6884 6890
f 6888 6886 6885
f 6888 6885 6889
f 6887 6886 6888
f 6899 6901 6900
f 6924 6902 6901
f 6924 6901 6899
f 6923 6903 6902
f 6923 6902 6924
f 6922 6904 6903
f 6922 6903 6923
f 6921 6905 6904
f 6921 6904 6922
f 6920 6906 6905
f 6920 6905 6921
f 6919 6907 6906
f 6919 6906 6920
f 6918 6908 6907
f 6918 6907 6919
f 6917 6909 6908
f 6917 6908 6918
f 6916 6910 6909
f 6916 6909 6917
f 6915 6911 6910
f 6915 6910 6916
f 6914 6911 6915
f 6913 6912 6911
f 6913 6911 6914
f 6950 6926 6925
f 6950 6927 6926
f 6949 6928 6927
f 6949 6929 6928
f 6949 6927 6950
f 6948 6930 6929
f 6948 6929 6949
f 6947 6931 6930
f 6947 6930 6948
f 6946 6932 6931
f 6946 6931 6947
f 6945 6933 6932
f 6945 6932 6946
f 6944 6934 6933
f 6944 6933 6945
f 6943 6935 6934
f 6943 6934 6944
f 6942 6936 6935
f 6942 6935 6943
f 6941 6937 6936
f 6941 6936 6942
f 6940 6937 6941
f 6939 6938 6937
f 6939 6937 6940
f 6951 6953 6952
f 6976 6954 6953
f 6976 6953 6951
f 6975 6955 6954
f 6975 6954 6976
f 6974 6956 6955
f 6974 6955 6975
f 6973 6957 6956
f 6973 6956 6974
f 6972 6958 6957
f 6972 6957 6973
f 6971 6959 6958
f 6971 6958 6972
f 6970 6960 6959
f 6970 6959 6971
f 6969 6961 6960
f 6969 6960 6970
f 6968 6962 6961
f 6968 6961 6969
f 6967 6963 6962
f 6967 6962 6968
f 6966 6963 6967
f 6965 6964 6963
f 6965 6963 6966
f 6977 6979 6978
f 7002 6980 6979
f 7002 6979 6977
f 7001 6981 6980
f 7001 6980 7002
f 7000 6982 6981
f 7000 6981 7001
f 6999 6983 6982
f 6999 6982 7000
f 6998 6984 6983
f 6998 6983 6999
f 6997 6985 6984
f 6997 6984 6998
f 6996 6986 6985
f 6996 6985 6997
f 6995 6987 6986
f 6995 6986 6996
f 6994 6988 6987
f 6994 6987 6995
f 6993 6989 6988
f 6993 6988 6994
f 6992 6990 6989
f 6992 6989 6993
f 6991 6990 6992
f 7003 7005 7004
f 7028 7006 7005
f 7028 7005 7003
f 7027 7007 7006
f 7027 7006 7028
f 7026 7008 7007
f 7026 7007 7027
f 7025 7009 7008
f 7025 7008 7026
f 7024 7010 7009
f 7024 7009 7025
f 7023 7011 7010
f 7023 7010 7024
f 7022 7011 7023
f 7021 7012 7011
f 7021 7013 7012
f 7021 7011 7022
f 7020 7014 7013
f 7020 7013 7021
f 7019 7015 7014
f 7019 7014 7020
f 7018 7016 7015
f 7018 7015 7019
f 7017 7016 7018
f 7054 7030 7029
f 7054 7031 7030
f 7054 7032 7031
f 7053 7033 7032
f 7053 7032 7054
f 7052 7034 7033
f 7052 7033 7053
f 7051 7035 7034
f 7051 7034 7052
f 7050 7036 7035
f 7050 7035 7051
f 7049 7037 7036
f 7049 7036 7050
f 7048 7037 7049
f 7047 7038 7037
f 7047 7039 7038
f 7047 7037 7048
f 7046 7040 7039
f 7046 7039 7047
f 7045 7041 7040
f 7045 7040 7046
f 7044 7041 7045
f 7043 7042 7041
f 7043 7041 7044
f 7055 7057 7056
f 7080 7058 7057
f 7080 7057 7055
f 7079 7059 7058
f 7079 7058 7080
f 7078 7060 7059
f 7078 7059 7079
f 7077 7061 7060
f 7077 7060 7078
f 7076 7062 7061
f 7076 7061 7077
f 7075 7063 7062
f 7075 7062 7076
f 7074 7064 7063
f 7074 7063 7075
f 7073 7065 7064
f 7073 7064 7074
f 7072 7065 7073
f 7071 7066 7065
f 7071 7067 7066
f 7071 7065 7072
f 7070 7067 7071
f 7069 7068 7067
f 7069 7067 7070
f 7081 7083 7082
f 7106 7084 7083
f 7106 7083 7081
f 7105 7085 7084
f 7105 7084 7106
f 7104 7086 7085
f 7104 7085 7105
f 7103 7087 7086
f 7103 7086 7104
f 7102 7088 7087
f 7102 7087 7103
f 7101 7089 7088
f 7101 7088 7102
f 7100 7090 7089
f 7100 7089 7101
f 7099 7091 7090
f 7099 7090 7100
f 7098 7092 7091
f 7098 7091 7099
f 7097 7093 7092
f 7097 7092 7098
f 7096 7094 7093
f 7096 7093 7097
f 7095 7094 7096
f 7107 7109 7108
f 7132 7110 7109
f 7132 7109 7107
f 7131 7111 7110
f 7131 7110 7132
f 7130 7112 7111
f 7130 7111 7131
f 7129 7113 7112
f 7129 7112 7130
f 7128 7114 7113
f 7128 7113 7129
f 7127 7115 7114
f 7127 7114 7128
f 7126 7115 7127
f 7125 7116 7115
f 7125 7117 7116
f 7125 7115 7126
f 7124 7118 7117
f 7124 7117 7125
f 7123 7119 7118
f 7123 7118 7124
f 7122 7120 7119
f 7122 7119 7123
f 7121 7120 7122
f 7158 7134 7133
f 7158 7135 7134
f 7158 7136 7135
f 7157 7137 7136
f 7157 7136 7158
f 7156 7138 7137
f 7156 7137 7157
f 7155 7139 7138
f 7155 7138 7156
f 7154 7140 7139
f 7154 7139 7155
f 7153 7141 7140
f 7153 7140 7154
f 7152 7141 7153
f 7151 7142 7141
f 7151 7143 7142
f 7151 7141 7152
f 7150 7144 7143
f 7150 7143 7151
f 7149 7145 7144
f 7149 7144 7150
f 7148 7145 7149
f 7147 7146 7145
f 7147 7145 7148
f 7159 7161 7160
f 7184 7162 7161
f 7184 7161 7159
f 7183 7163 7162
f 7183 7162 7184
f 7182 7164 7163
f 7182 7163 7183
f 7181 7165 7164
f 7181 7164 7182
f 7180 7166 7165
f 7180 7165 7181
f 7179 7167 7166
f 7179 7166 7180
f 7178 7168 7167
f 7178 7167 7179
f 7177 7169 7168
f 7177 7168 7178
f 7176 7169 7177
f 7175 7170 7169
f 7175 7171 7170
f 7175 7169 7176
f 7174 7171 7175
f 7173 7172 7171
f 7173 7171 7174
f 7185 7187 7186
f 7210 7188 7187
f 7210 7187 7185
f 7209 7189 7188
f 7209 7188 7210
f 7208 7190 7189
f 7208 7189 7209
f 7207 7191 7190
f 7207 7190 7208
f 7206 7192 7191
f 7206 7191 7207
f 7205 7193 7192
f 7205 7192 7206
f 7204 7194 7193
f 7204 7193 7205
f 7203 7195 7194
f 7203 7194 7204
f 7202 7196 7195
f 7202 7195 7203
f 7201 7197 7196
f 7201 7196 7202
f 7200 7198 7197
f 7200 7197 7201
f 7199 7198 7200
f 7211 7213 7212
f 7236 7214 7213
f 7236 7213 7211
f 7235 7215 7214
f 7235 7214 7236
f 7234 7216 7215
f 7234 7215 7235
f 7233 7217 7216
f 7233 7216 7234
f 7232 7218 7217
f 7232 7217 7233
f 7231 7219 7218
f 7231 7218 7232
f 7230 7220 7219
f 7230 7219 7231
f 7229 7221 7220
f 7229 7220 7230
f 7228 7222 7221
f 7228 7221 7229
f 7227 7223 7222
f 7227 7222 7228
f 7226 7223 7227
f 7225 7224 7223
f 7225 7223 7226
f 7262 7238 7237
f 7262 7239 7238
f 7261 7240 7239
f 7261 7241 7240
f 7261 7239 7262
f 7260 7242 7241
f 7260 7241 7261
f 7259 7243 7242
f 7259 7242 7260
f 7258 7244 7243
f 7258 7243 7259
f 7257 7245 7244
f 7257 7244 7258
f 7256 7246 7245
f 7256 7245 7257
f 7255 7247 7246
f 7255 7246 7256
f 7254 7248 7247
f 7254 7247 7255
f 7253 7249 7248
f 7253 7248 7254
f 7252 7249 7253
f 7251 7250 7249
f 7251 7249 7252
f 7263 7265 7264
f 7288 7266 7265
f 7288 7265 7263
f 7287 7267 7266
f 7287 7266 7288
f 7286 7268 7267
f 7286 7267 7287
f 7285 7269 7268
f 7285 7268 7286
f 7284 7270 7269
f 7284 7269 7285
f 7283 7271 7270
f 7283 7270 7284
f 7282 7272 7271
f 7282 7271 7283
f 7281 7273 7272
f 7281 7272 7282
f 7280 7274 7273
f 7280 7273 7281
f 7279 7275 7274
f 7279 7274 7280
f 7278 7275 7279
f 7277 7276 7275
f 7277 7275 7278
f 7289 7291 7290
f 7314 7292 7291
f 7314 7291 7289
f 7313 7293 7292
f 7313 7292 7314
f 7312 7294 7293
f 7312 7293 7313
f 7311 7295 7294
f 7311 7294 7312
f 7310 7296 7295
f 7310 7295 7311
f 7309 7297 7296
f 7309 7296 7310
f 7308 7298 7297
f 7308 7297 7309
f 7307 7299 7298
f 7307 7298 7308
f 7306 7300 7299
f 7306 7299 7307
f 7305 7301 7300
f 7305 7300 7306
f 7304 7302 7301
f 7304 7301 7305
f 7303 7302 7304
f 7315 7317 7316
f 7340 7318 7317
f 7340 7317 7315
f 7339 7319 7318
f 7339 7318 7340
f 7338 7320 7319
f 7338 7319 7339
f 7337 7321 7320
f 7337 7320 7338
f 7336 7322 7321
f 7336 7321 7337
f 7335 7323 7322
f 7335 7322 7336
f 7334 7324 7323
f 7334 7323 7335
f 7333 7325 7324
f 7333 7324 7334
f 7332 7326 7325
f 7332 7325 7333
f 7331 7327 7326
f 7331 7326 7332
f 7330 7327 7331
f 7329 7328 7327
f 7329 7327 7330
f 7366 7342 7341
f 7366 7343 7342
f 7365 7344 7343
f 7365 7345 7344
f 7365 7343 7366
f 7364 7346 7345
f 7364 7345 7365
f 7363 7347 7346
f 7363 7346 7364
f 7362 7348 7347
f 7362 7347 7363
f 7361 7349 7348
f 7361 7348 7362
f 7360 7350 7349
f 7360 7349 7361
f 7359 7351 7350
f 7359 7350 7360
f 7358 7352 7351
f 7358 7351 7359
f 7357 7353 7352
f 7357 7352 7358
f 7356 7353 7357
f 7355 7354 7353
f 7355 7353 7356
f 7367 7369 7368
f 7392 7370 7369
f 7392 7369 7367
f 7391 7371 7370
f 7391 7370 7392
f 7390 7372 7371
f 7390 7371 7391
f 7389 7373 7372
f 7389 7372 7390
f 7388 7374 7373
f 7388 7373 7389
f 7387 7375 7374
f 7387 7374 7388
f 7386 7376 7375
f 7386 7375 7387
f 7385 7377 7376
f 7385 7376 7386
f 7384 7378 7377
f 7384 7377 7385
f 7383 7379 7378
f 7383 7378 7384
f 7382 7379 7383
f 7381 7380 7379
f 7381 7379 7382
f 7393 7395 7394
f 7418 7396 7395
f 7418 7395 7393
f 7417 7397 7396
f 7417 7396 7418
f 7416 7398 7397
f 7416 7397 7417
f 7415 7399 7398
f 7415 7398 7416
f 7414 7400 7399
f 7414 7399 7415
f 7413 7401 7400
f 7413 7400 7414
f 7412 7402 7401
f 7412 7401 7413
f 7411 7403 7402
f 7411 7402 7412
f 7410 7404 7403
f 7410 7403 7411
f 7409 7405 7404
f 7409 7404 7410
f 7408 7406 7405
f 7408 7405 7409
f 7407 7406 7408
f 7419 7421 7420
f 7444 7422 7421
f 7444 7421 7419
f 7443 7423 7422
f 7443 7422 7444
f 7442 7424 7423
f 7442 7423 7443
f 7441 7425 7424
f 7441 7424 7442
f 7440 7426 7425
f 7440 7425 7441
f 7439 7427 7426
f 7439 7426 7440
f 7438 7428 7427
f 7438 7427 7439
f 7437 7429 7428
f 7437 7428 7438
f 7436 7430 7429
f 7436 7429 7437
f 7435 7431 7430
f 7435 7430 7436
f 7434 7431 7435
f 7433 7432 7431
f 7433 7431 7434
f 7470 7446 7445
f 7470 7447 7446
f 7469 7448 7447
f 7469 7449 7448
f 7469 7447 7470
f 7468 7450 7449
f 7468 7449 7469
f 7467 7451 7450
f 7467 7450 7468
f 7466 7452 7451
f 7466 7451 7467
f 7465 7453 7452
f 7465 7452 7466
f 7464 7454 7453
f 7464 7453 7465
f 7463 7455 7454
f 7463 7454 7464
f 7462 7456 7455
f 7462 7455 7463
f 7461 7457 7456
f 7461 7456 7462
f 7460 7457 7461
f 7459 7458 7457
f 7459 7457 7460
f 7471 7473 7472
f 7496 7474 7473
f 7496 7473 7471
f 7495 7475 7474
f 7495 7474 7496
f 7494 7476 7475
f 7494 7475 7495
f 7493 7477 7476
f 7493 7476 7494
f 7492 7478 7477
f 7492 7477 7493
f 7491 7479 7478
f 7491 7478 7492
f 7490 7480 7479
f 7490 7479 7491
f 7489 7481 7480
f 7489 7480 7490
f 7488 7482 7481
f 7488 7481 7489
f 7487 7483 7482
f 7487 7482 7488
f 7486 7483 7487
f 7485 7484 7483
f 7485 7483 7486
f 7497 7499 7498
f 7522 7500 7499
f 7522 7499 7497
f 7521 7501 7500
f 7521 7500 7522
f 7520 7502 7501
f 7520 7501 7521
f 7519 7503 7502
f 7519 7502 7520
f 7518 7504 7503
f 7518 7503 7519
f 7517 7505 7504
f 7517 7504 7518
f 7516 7506 7505
f 7516 7505 7517
f 7515 7507 7506
f 7515 7506 7516
f 7514 7508 7507
f 7514 7507 7515
f 7513 7509 7508
f 7513 7508 7514
f 7512 7510 7509
f 7512 7509 7513
f 7511 7510 7512
f 7523 7525 7524
f 7548 7526 7525
f 7548 7525 7523
f 7547 7527 7526
f 7547 7526 7548
f 7546 7528 7527
f 7546 7527 7547
f 7545 7529 7528
f 7545 7528 7546
f 7544 7530 7529
f 7544 7529 7545
f 7543 7531 7530
f 7543 7530 7544
f 7542 7532 7531
f 7542 7531 7543
f 7541 7533 7532
f 7541 7532 7542
f 7540 7534 7533
f 7540 7533 7541
f 7539 7535 7534
f 7539 7534 7540
f 7538 7535 7539
f 7537 7536 7535
f 7537 7535 7538
f 7574 7550 7549
f 7574 7551 7550
f 7573 7552 7551
f 7573 7553 7552
f 7573 7551 7574
f 7572 7554 7553
f 7572 7553 7573
f 7571 7555 7554
f 7571 7554 7572
f 7570 7556 7555
f 7570 7555 7571
f 7569 7557 7556
f 7569 7556 7570
f 7568 7558 7557
f 7568 7557 7569
f 7567 7559 7558
f 7567 7558 7568
f 7566 7560 7559
f 7566 7559 7567
f 7565 7561 7560
f 7565 7560 7566
f 7564 7561 7565
f 7563 7562 7561
f 7563 7561 7564
f 7575 7577 7576
f 7600 7578 7577
f 7600 7577 7575
f 7599 7579 7578
f 7599 7578 7600
f 7598 7580 7579
f 7598 7579 7599
f 7597 7581 7580
f 7597 7580 7598
f 7596 7582 7581
f 7596 7581 7597
f 7595 7583 7582
f 7595 7582 7596
f 7594 7584 7583
f 7594 7583 7595
f 7593 7585 7584
f 7593 7584 7594
f 7592 7586 7585
f 7592 7585 7593
f 7591 7587 7586
f 7591 7586 7592
f 7590 7587 7591
f 7589 7588 7587
f 7589 7587 7590
f 7601 7603 7602
f 7626 7604 7603
f 7626 7603 7601
f 7625 7605 7604
f 7625 7604 7626
f 7624 7606 7605
f 7624 7605 7625
f 7623 7607 7606
f 7623 7606 7624
f 7622 7608 7607
f 7622 7607 7623
f 7621 7609 7608
f 7621 7608 7622
f 7620 7610 7609
f 7620 7609 7621
f 7619 7611 7610
f 7619 7610 7620
f 7618 7612 7611
f 7618 7611 7619
f 7617 7613 7612
f 7617 7612 7618
f 7616 7614 7613
f 7616 7613 7617
f 7615 7614 7616
f 7627 7629 7628
f 7652 7630 7629
f 7652 7629 7627
f 7651 7631 7630
f 7651 7630 7652
f 7650 7632 7631
f 7650 7631 7651
f 7649 7633 7632
f 7649 7632 7650
f 7648 7634 7633
f 7648 7633 7649
f 7647 7635 7634
f 7647 7634 7648
f 7646 7636 7635
f 7646 7635 7647
f 7645 7637 7636
f 7645 7636 7646
f 7644 7638 7637
f 7644 7637 7645
f 7643 7639 7638
f 7643 7638 7644
f 7642 7639 7643
f 7641 7640 7639
f 7641 7639 7642
f 7653 7655 7654
f 7678 7656 7655
f 7678 7655 7653
f 7677 7657 7656
f 7677 7656 7678
f 7676 7658 7657
f 7676 7657 7677
f 7675 7659 7658
f 7675 7658 7676
f 7674 7660 7659
f 7674 7659 7675
f 7673 7661 7660
f 7673 7660 7674
f 7672 7662 7661
f 7672 7661 7673
f 7671 7663 7662
f 7671 7662 7672
f 7670 7664 7663
f 7670 7663 7671
f 7669 7665 7664
f 7669 7664 7670
f 7668 7666 7665
f 7668 7665 7669
f 7667 7666 7668
f 7679 7681 7680
f 7704 7682 7681
f 7704 7681 7679
f 7703 7683 7682
f 7703 7682 7704
f 7702 7684 7683
f 7702 7683 7703
f 7701 7685 7684
f 7701 7684 7702
f 7700 7686 7685
f 7700 7685 7701
f 7699 7687 7686
f 7699 7686 7700
f 7698 7688 7687
f 7698 7687 7699
f 7697 7689 7688
f 7697 7688 7698
f 7696 7690 7689
f 7696 7689 7697
f 7695 7691 7690
f 7695 7690 7696
f 7694 7691 7695
f 7693 7692 7691
f 7693 7691 7694
f 7705 7707 7706
f 7730 7708 7707
f 7730 7707 7705
f 7729 7709 7708
f 7729 7708 7730
f 7728 7710 7709
f 7728 7709 7729
f 7727 7711 7710
f 7727 7710 7728
f 7726 7712 7711
f 7726 7711 7727
f 7725 7713 7712
f 7725 7712 7726
f 7724 7714 7713
f 7724 7713 7725
f 7723 7715 7714
f 7723 7714 7724
f 7722 7716 7715
f 7722 7715 7723
f 7721 7717 7716
f 7721 7716 7722
f 7720 7718 7717
f 7720 7717 7721
f 7719 7718 7720
f 7731 7733 7732
f 7756 7734 7733
f 7756 7733 7731
f 7755 7735 7734
f 7755 7734 7756
f 7754 7736 7735
f 7754 7735 7755
f 7753 7737 7736
f 7753 7736 7754
f 7752 7738 7737
f 7752 7737 7753
f 7751 7739 7738
f 7751 7738 7752
f 7750 7740 7739
f 7750 7739 7751
f 7749 7741 7740
f 7749 7740 7750
f 7748 7742 7741
f 7748 7741 7749
f 7747 7743 7742
f 7747 7742 7748
f 7746 7743 7747
f 7745 7744 7743
f 7745 7743 7746
f 7782 7758 7757
f 7782 7759 7758
f 7781 7760 7759
f 7781 7761 7760
f 7781 7759 7782
f 7780 7762 7761
f 7780 7761 7781
f 7779 7763 7762
f 7779 7762 7780
f 7778 7764 7763
f 7778 7763 7779
f 7777 7765 7764
f 7777 7764 7778
f 7776 7766 7765
f 7776 7765 7777
f 7775 7767 7766
f 7775 7766 7776
f 7774 7768 7767
f 7774 7767 7775
f 7773 7769 7768
f 7773 7768 7774
f 7772 7769 7773
f 7771 7770 7769
f 7771 7769 7772
f 7783 7785 7784
f 7808 7786 7785
f 7808 7785 7783
f 7807 7787 7786
f 7807 7786 7808
f 7806 7788 7787
f 7806 7787 7807
f 7805 7789 7788
f 7805 7788 7806
f 7804 7790 7789
f 7804 7789 7805
f 7803 7791 7790
f 7803 7790 7804
f 7802 7792 7791
f 7802 7791 7803
f 7801 7793 7792
f 7801 7792 7802
f 7800 7794 7793
f 7800 7793 7801
f 7799 7795 7794
f 7799 7794 7800
f 7798 7795 7799
f 7797 7796 7795
f 7797 7795 7798
f 7809 7811 7810
f 7834 7812 7811
f 7834 7811 7809
f 7833 7813 7812
f 7833 7812 7834
f 7832 7814 7813
f 7832 7813 7833
f 7831 7815 7814
f 7831 7814 7832
f 7830 7816 7815
f 7830 7815 7831
f 7829 7817 7816
f 7829 7816 7830
f 7828 7818 7817
f 7828 7817 7829
f 7827 7819 7818
f 7827 7818 7828
f 7826 7820 7819
f 7826 7819 7827
f 7825 7821 7820
f 7825 7820 7826
f 7824 7822 7821
f 7824 7821 7825
f 7823 7822 7824
f 7835 7837 7836
f 7860 7838 7837
f 7860 7837 7835
f 7859 7839 7838
f 7859 7838 7860
f 7858 7840 7839
f 7858 7839 7859
f 7857 7841 7840
f 7857 7840 7858
f 7856 7842 7841
f 7856 7841 7857
f 7855 7843 7842
f 7855 7842 7856
f 7854 7844 7843
f 7854 7843 7855
f 7853 7845 7844
f 7853 7844 7854
f 7852 7846 7845
f 7852 7845 7853
f 7851 7847 7846
f 7851 7846 7852
f 7850 7847 7851
f 7849 7848 7847
f 7849 7847 7850
f 7886 7862 7861
f 7886 7863 7862
f 7885 7864 7863
f 7885 7865 7864
f 7885 7863 7886
f 7884 7866 7865
f 7884 7865 7885
f 7883 7867 7866
f 7883 7866 7884
f 7882 7868 7867
f 7882 7867 7883
f 7881 7869 7868
f 7881 7868 7882
f 7880 7870 7869
f 7880 7869 7881
f 7879 7871 7870
f 7879 7870 7880
f 7878 7872 7871
f 7878 7871 7879
f 7877 7873 7872
f 7877 7872 7878
f 7876 7873 7877
f 7875 7874 7873
f 7875 7873 7876
f 7887 7889 7888
f 7912 7890 7889
f 7912 7889 7887
f 7911 7891 7890
f 7911 7890 7912
f 7910 7892 7891
f 7910 7891 7911
f 7909 7893 7892
f 7909 7892 7910
f 7908 7894 7893
f 7908 7893 7909
f 7907 7895 7894
f 7907 7894 7908
f 7906 7896 7895
f 7906 7895 7907
f 7905 7897 7896
f 7905 7896 7906
f 7904 7898 7897
f 7904 7897 7905
f 7903 7899 7898
f 7903 7898 7904
f 7902 7899 7903
f 7901 7900 7899
f 7901 7899 7902
f 7913 7915 7914
f 7938 7916 7915
f 7938 7915 7913
f 7937 7917 7916
f 7937 7916 7938
f 7936 7918 7917
f 7936 7917 7937
f 7935 7919 7918
f 7935 7918 7936
f 7934 7920 7919
f 7934 7919 7935
f 7933 7921 7920
f 7933 7920 7934
f 7932 7922 7921
f 7932 7921 7933
f 7931 7923 7922
f 7931 7922 7932
f 7930 7924 7923
f 7930 7923 7931
f 7929 7925 7924
f 7929 7924 7930
f 7928 7926 7925
f 7928 7925 7929
f 7927 7926 7928
f 7939 7941 7940
f 7964 7942 7941
f 7964 7941 7939
f 7963 7943 7942
f 7963 7942 7964
f 7962 7944 7943
f 7962 7943 7963
f 7961 7945 7944
f 7961 7944 7962
f 7960 7946 7945
f 7960 7945 7961
f 7959 7947 7946
f 7959 7946 7960
f 7958 7948 7947
f 7958 7947 7959
f 7957 7949 7948
f 7957 7948 7958
f 7956 7950 7949
f 7956 7949 7957
f 7955 7951 7950
f 7955 7950 7956
f 7954 7951 7955
f 7953 7952 7951
f 7953 7951 7954
f 7990 7966 7965
f 7990 7967 7966
f 7989 7968 7967
f 7989 7969 7968
f 7989 7967 7990
f 7988 7970 7969
f 7988 7969 7989
f 7987 7971 7970
f 7987 7970 7988
f 7986 7972 7971
f 7986 7971 7987
f 7985 7973 7972
f 7985 7972 7986
f 7984 7974 7973
f 7984 7973 7985
f 7983 7975 7974
f 7983 7974 7984
f 7982 7976 7975
f 7982 7975 7983
f 7981 7977 7976
f 7981 7976 7982
f 7980 7977 7981
f 7979 7978 7977
f 7979 7977 7980
f 7991 7993 7992
f 8016 7994 7993
f 8016 7993 7991
f 8015 7995 7994
f 8015 7994 8016
f 8014 7996 7995
f 8014 7995 8015
f 8013 7997 7996
f 8013 7996 8014
f 8012 7998 7997
f 8012 7997 8013
f 8011 7999 7998
f 8011 7998 8012
f 8010 8000 7999
f 8010 7999 8011
f 8009 8001 8000
f 8009 8000 8010
f 8008 8002 8001
f 8008 8001 8009
f 8007 8003 8002
f 8007 8002 8008
f 8006 8003 8007
f 8005 8004 8003
f 8005 8003 8006
f 8017 8019 8018
f 8042 8020 8019
f 8042 8019 8017
f 8041 8021 8020
f 8041 8020 8042
f 8040 8022 8021
f 8040 8021 8041
f 8039 8023 8022
f 8039 8022 8040
f 8038 8024 8023
f 8038 8023 8039
f 8037 8025 8024
f 8037 8024 8038
f 8036 8026 8025
f 8036 8025 8037
f 8035 8027 8026
f 8035 8026 8036
f 8034 8028 8027
f 8034 8027 8035
f 8033 8029 8028
f 8033 8028 8034
f 8032 8030 8029
f 8032 8029 8033
f 8031 8030 8032
f 8043 8045 8044
f 8068 8046 8045
f 8068 8045 8043
f 8067 8047 8046
f 8067 8046 8068
f 8066 8048 8047
f 8066 8047 8067
f 8065 8049 8048
f 8065 8048 8066
f 8064 8050 8049
f 8064 8049 8065
f 8063 8051 8050
f 8063 8050 8064
f 8062 8052 8051
f 8062 8051 8063
f 8061 8053 8052
f 8061 8052 8062
f 8060 8054 8053
f 8060 8053 8061
f 8059 8055 8054
f 8059 8054 8060
f 8058 8055 8059
f 8057 8056 8055
f 8057 8055 8058
f 8094 8070 8069
f 8094 8071 8070
f 8093 8072 8071
f 8093 8073 8072
f 8093 8071 8094
f 8092 8074 8073
f 8092 8073 8093
f 8091 8075 8074
f 8091 8074 8092
f 8090 8076 8075
f 8090 8075 8091
f 8089 8077 8076
f 8089 8076 8090
f 8088 8078 8077
f 8088 8077 8089
f 8087 8079 8078
f 8087 8078 8088
f 8086 8080 8079
f 8086 8079 8087
f 8085 8081 8080
f 8085 8080 8086
f 8084 8081 8085
f 8083 8082 8081
f 8083 8081 8084
f 8095 8097 8096
f 8120 8098 8097
f 8120 8097 8095
f 8119 8099 8098
f 8119 8098 8120
f 8118 8100 8099
f 8118 8099 8119
f 8117 8101 8100
f 8117 8100 8118
f 8116 8102 8101
f 8116 8101 8117
f 8115 8103 8102
f 8115 8102 8116
f 8114 8104 8103
f 8114 8103 8115
f 8113 8105 8104
f 8113 8104 8114
f 8112 8106 8105
f 8112 8105 8113
f 8111 8107 8106
f 8111 8106 8112
f 8110 8107 8111
f 8109 8108 8107
f 8109 8107 8110
f 8121 8123 8122
f 8146 8124 8123
f 8146 8123 8121
f 8145 8125 8124
f 8145 8124 8146
f 8144 8126 8125
f 8144 8125 8145
f 8143 8127 8126
f 8143 8126 8144
f 8142 8128 8127
f 8142 8127 8143
f 8141 8129 8128
f 8141 8128 8142
f 8140 8130 8129
f 8140 8129 8141
f 8139 8131 8130
f 8139 8130 8140
f 8138 8132 8131
f 8138 8131 8139
f 8137 8133 8132
f 8137 8132 8138
f 8136 8134 8133
f 8136 8133 8137
f 8135 8134 8136
f 8147 8149 8148
f 8172 8150 8149
f 8172 8149 8147
f 8171 8151 8150
f 8171 8150 8172
f 8170 8152 8151
f 8170 8151 8171
f 8169 8153 8152
f 8169 8152 8170
f 8168 8154 8153
f 8168 8153 8169
f 8167 8155 8154
f 8167 8154 8168
f 8166 8156 8155
f 8166 8155 8167
f 8165 8157 8156
f 8165 8156 8166
f 8164 8158 8157
f 8164 8157 8165
f 8163 8159 8158
f 8163 8158 8164
f 8162 8159 8163
f 8161 8160 8159
f 8161 8159 8162
f 8198 8174 8173
f 8198 8175 8174
f 8197 8176 8175
f 8197 8177 8176
f 8197 8175 8198
f 8196 8178 8177
f 8196 8177 8197
f 8195 8179 8178
f 8195 8178 8196
f 8194 8180 8179
f 8194 8179 8195
f 8193 8181 8180
f 8193 8180 8194
f 8192 8182 8181
f 8192 8181 8193
f 8191 8183 8182
f 8191 8182 8192
f 8190 8184 8183
f 8190 8183 8191
f 8189 8185 8184
f 8189 8184 8190
f 8188 8185 8189
f 8187 8186 8185
f 8187 8185 8188
f 8199 8201 8200
f 8224 8202 8201
f 8224 8201 8199
f 8223 8203 8202
f 8223 8202 8224
f 8222 8204 8203
f 8222 8203 8223
f 8221 8205 8204
f 8221 8204 8222
f 8220 8206 8205
f 8220 8205 8221
f 8219 8207 8206
f 8219 8206 8220
f 8218 8208 8207
f 8218 8207 8219
f 8217 8209 8208
f 8217 8208 8218
f 8216 8210 8209
f 8216 8209 8217
f 8215 8211 8210
f 8215 8210 8216
f 8214 8211 8215
f 8213 8212 8211
f 8213 8211 8214
f 8225 8227 8226
f 8250 8228 8227
f 8250 8227 8225
f 8249 8229 8228
f 8249 8228 8250
f 8248 8230 8229
f 8248 8229 8249
f 8247 8231 8230
f 8247 8230 8248
f 8246 8232 8231
f 8246 8231 8247
f 8245 8233 8232
f 8245 8232 8246
f 8244 8234 8233
f 8244 8233 8245
f 8243 8235 8234
f 8243 8234 8244
f 8242 8236 8235
f 8242 8235 8243
f 8241 8237 8236
f 8241 8236 8242
f 8240 8238 8237
f 8240 8237 8241
f 8239 8238 8240
f 8251 8253 8252
f 8276 8254 8253
f 8276 8253 8251
f 8275 8255 8254
f 8275 8254 8276
f 8274 8256 8255
f 8274 8255 8275
f 8273 8257 8256
f 8273 8256 8274
f 8272 8258 8257
f 8272 8257 8273
f 8271 8259 8258
f 8271 8258 8272
f 8270 8260 8259
f 8270 8259 8271
f 8269 8261 8260
f 8269 8260 8270
f 8268 8262 8261
f 8268 8261 8269
f 8267 8263 8262
f 8267 8262 8268
f 8266 8263 8267
f 8265 8264 8263
f 8265 8263 8266
f 8302 8278 8277
f 8302 8279 8278
f 8301 8280 8279
f 8301 8281 8280
f 8301 8279 8302
f 8300 8282 8281
f 8300 8281 8301
f 8299 8283 8282
f 8299 8282 8300
f 8298 8284 8283
f 8298 8283 8299
f 8297 8285 8284
f 8297 8284 8298
f 8296 8286 8285
f 8296 8285 8297
f 8295 8287 8286
f 8295 8286 8296
f 8294 8288 8287
f 8294 8287 8295
f 8293 8289 8288
f 8293 8288 8294
f 8292 8289 8293
f 8291 8290 8289
f 8291 8289 8292
f 8303 8305 8304
f 8328 8306 8305
f 8328 8305 8303
f 8327 8307 8306
f 8327 8306 8328
f 8326 8308 8307
f 8326 8307 8327
f 8325 8309 8308
f 8325 8308 8326
f 8324 8310 8309
f 8324 8309 8325
f 8323 8311 8310
f 8323 8310 8324
f 8322 8312 8311
f 8322 8311 8323
f 8321 8313 8312
f 8321 8312 8322
f 8320 8314 8313
f 8320 8313 8321
f 8319 8315 8314
f 8319 8314 8320
f 8318 8315 8319
f 8317 8316 8315
f 8317 8315 8318
f 8329 8331 8330
f 8354 8332 8331
f 8354 8331 8329
f 8353 8333 8332
f 8353 8332 8354
f 8352 8334 8333
f 8352 8333 8353
f 8351 8335 8334
f 8351 8334 8352
f 8350 8336 8335
f 8350 8335 8351
f 8349 8337 8336
f 8349 8336 8350
f 8348 8338 8337
f 8348 8337 8349
f 8347 8339 8338
f 8347 8338 8348
f 8346 8340 8339
f 8346 8339 8347
f 8345 8341 8340
f 8345 8340 8346
f 8344 8342 8341
f 8344 8341 8345
f 8343 8342 8344
f 8355 8357 8356
f 8380 8358 8357
f 8380 8357 8355
f 8379 8359 8358
f 8379 8358 8380
f 8378 8360 8359
f 8378 8359 8379
f 8377 8361 8360
f 8377 8360 8378
f 8376 8362 8361
f 8376 8361 8377
f 8375 8363 8362
f 8375 8362 8376
f 8374 8364 8363
f 8374 8363 8375
f 8373 8365 8364
f 8373 8364 8374
f 8372 8366 8365
f 8372 8365 8373
f 8371 8367 8366
f 8371 8366 8372
f 8370 8367 8371
f 8369 8368 8367
f 8369 8367 8370
f 8406 8382 8381
f 8406 8383 8382
f 8405 8384 8383
f 8405 8385 8384
f 8405 8383 8406
f 8404 8386 8385
f 8404 8385 8405
f 8403 8387 8386
f 8403 8386 8404
f 8402 8388 8387
f 8402 8387 8403
f 8401 8389 8388
f 8401 8388 8402
f 8400 8390 8389
f 8400 8389 8401
f 8399 8391 8390
f 8399 8390 8400
f 8398 8392 8391
f 8398 8391 8399
f 8397 8393 8392
f 8397 8392 8398
f 8396 8393 8397
f 8395 8394 8393
f 8395 8393 8396
f 8407 8409 8408
f 8432 8410 8409
f 8432 8409 8407
f 8431 8411 8410
f 8431 8410 8432
f 8430 8412 8411
f 8430 8411 8431
f 8429 8413 8412
f 8429 8412 8430
f 8428 8414 8413
f 8428 8413 8429
f 8427 8415 8414
f 8427 8414 8428
f 8426 8416 8415
f 8426 8415 8427
f 8425 8417 8416
f 8425 8416 8426
f 8424 8418 8417
f 8424 8417 8425
f 8423 8419 8418
f 8423 8418 8424
f 8422 8419 8423
f 8421 8420 8419
f 8421 8419 8422
f 8433 8435 8434
f 8458 8436 8435
f 8458 8435 8433
f 8457 8437 8436
f 8457 8436 8458
f 8456 8438 8437
f 8456 8437 8457
f 8455 8439 8438
f 8455 8438 8456
f 8454 8440 8439
f 8454 8439 8455
f 8453 8441 8440
f 8453 8440 8454
f 8452 8442 8441
f 8452 8441 8453
f 8451 8443 8442
f 8451 8442 8452
f 8450 8444 8443
f 8450 8443 8451
f 8449 8445 8444
f 8449 8444 8450
f 8448 8446 8445
f 8448 8445 8449
f 8447 8446 8448
f 8459 8461 8460
f 8484 8462 8461
f 8484 8461 8459
f 8483 8463 8462
f 8483 8462 8484
f 8482 8464 8463
f 8482 8463 8483
f 8481 8465 8464
f 8481 8464 8482
f 8480 8466 8465
f 8480 8465 8481
f 8479 8467 8466
f 8479 8466 8480
f 8478 8468 8467
f 8478 8467 8479
f 8477 8469 8468
f 8477 8468 8478
f 8476 8470 8469
f 8476 8469 8477
f 8475 8471 8470
f 8475 8470 8476
f 8474 8471 8475
f 8473 8472 8471
f 8473 8471 8474
f 8510 8486 8485
f 8510 8487 8486
f 8509 8488 8487
f 8509 8489 8488
f 8509 8487 8510
f 8508 8490 8489
f 8508 8489 8509
f 8507 8491 8490
f 8507 8490 8508
f 8506 8492 8491
f 8506 8491 8507
f 8505 8493 8492
f 8505 8492 8506
f 8504 8494 8493
f 8504 8493 8505
f 8503 8495 8494
f 8503 8494 8504
f 8502 8496 8495
f 8502 8495 8503
f 8501 8497 8496
f 8501 8496 8502
f 8500 8497 8501
f 8499 8498 8497
f 8499 8497 8500
f 8511 8513 8512
f 8536 8514 8513
f 8536 8513 8511
f 8535 8515 8514
f 8535 8514 8536
f 8534 8516 8515
f 8534 8515 8535
f 8533 8517 8516
f 8533 8516 8534
f 8532 8518 8517
f 8532 8517 8533
f 8531 8519 8518
f 8531 8518 8532
f 8530 8520 8519
f 8530 8519 8531
f 8529 8521 8520
f 8529 8520 8530
f 8528 8522 8521
f 8528 8521 8529
f 8527 8523 8522
f 8527 8522 8528
f 8526 8523 8527
f 8525 8524 8523
f 8525 8523 8526
f 6730 6743 6744
f 6730 6731 6743
f 6705 6717 6718
f 6704 6705 6718
f 6678 6691 6692
f 6678 6679 6691
f 6756 6665 6666
f 6756 6757 6665
f 6834 6847 6848
f 6834 6835 6847
f 6809 6821 6822
f 6808 6809 6822
f 6782 6795 6796
f 6782 6783 6795
f 6860 6769 6770
f 6860 6861 6769
f 6938 6951 6952
f 6938 6939 6951
f 6913 6925 6926
f 6912 6913 6926
f 6886 6899 6900
f 6886 6887 6899
f 6964 6873 6874
f 6964 6965 6873
f 7042 7055 7056
f 7042 7043 7055
f 7017 7029 7030
f 7016 7017 7030
f 6990 7003 7004
f 6990 6991 7003
f 7068 6977 6978
f 7068 7069 6977
f 7146 7159 7160
f 7146 7147 7159
f 7121 7133 7134
f 7120 7121 7134
f 7094 7107 7108
f 7094 7095 7107
f 7172 7081 7082
f 7172 7173 7081
f 7250 7263 7264
f 7250 7251 7263
f 7225 7237 7238
f 7224 7225 7238
f 7198 7211 7212
f 7198 7199 7211
f 7276 7185 7186
f 7276 7277 7185
f 7354 7367 7368
f 7354 7355 7367
f 7329 7341 7342
f 7328 7329 7342
f 7302 7315 7316
f 7302 7303 7315
f 7380 7289 7290
f 7380 7381 7289
f 7458 7471 7472
f 7458 7459 7471
f 7433 7445 7446
f 7432 7433 7446
f 7406 7419 7420
f 7406 7407 7419
f 7484 7393 7394
f 7484 7485 7393
f 7562 7575 7576
f 7562 7563 7575
f 7537 7549 7550
f 7536 7537 7550
f 7510 7523 7524
f 7510 7511 7523
f 7588 7497 7498
f 7588 7589 7497
f 7666 7679 7680
f 7666 7667 7679
f 7641 7653 7654
f 7640 7641 7654
f 7615 7627 7628
f 7614 7615 7628
f 7692 7601 7602
f 7692 7693 7601
f 7770 7783 7784
f 7770 7771 7783
f 7745 7757 7758
f 7744 7745 7758
f 7718 7731 7732
f 7718 7719 7731
f 7796 7705 7706
f 7796 7797 7705
f 7874 7887 7888
f 7874 7875 7887
f 7849 7861 7862
f 7848 7849 7862
f 7822 7835 7836
f 7822 7823 7835
f 7900 7809 7810
f 7900 7901 7809
f 7978 7991 7992
f 7978 7979 7991
f 7953 7965 7966
f 7952 7953 7966
f 7926 7939 7940
f 7926 7927 7939
f 8004 7913 7914
f 8004 8005 7913
f 8082 8095 8096
f 8082 8083 8095
f 8057 8069 8070
f 8056 8057 8070
f 8030 8043 8044
f 8030 8031 8043
f 8108 8017 8018
f 8108 8109 8017
f 8186 8199 8200
f 8186 8187 8199
f 8161 8173 8174
f 8160 8161 8174
f 8135 8147 8148
f 8134 8135 8148
f 8212 8121 8122
f 8212 8213 8121
f 8290 8303 8304
f 8290 8291 8303
f 8265 8277 8278
f 8264 8265 8278
f 8238 8251 8252
f 8238 8239 8251
f 8316 8225 8226
f 8316 8317 8225
f 8394 8407 8408
f 8394 8395 8407
f 8369 8381 8382
f 8368 8369 8382
f 8342 8355 8356
f 8342 8343 8355
f 8420 8329 8330
f 8420 8421 8329
f 8498 8511 8512
f 8498 8499 8511
f 8473 8485 8486
f 8472 8473 8486
f 8446 8459 8460
f 8446 8447 8459
f 8524 8433 8434
f 8524 8525 8433
f 8537 8539 8538
f 8562 8540 8539
f 8562 8539 8537
f 8561 8541 8540
f 8561 8540 8562
f 8560 8542 8541
f 8560 8541 8561
f 8559 8543 8542
f 8559 8542 8560
f 8558 8544 8543
f 8558 8543 8559
f 8557 8545 8544
f 8557 8544 8558
f 8556 8545 8557
f 8555 8546 8545
f 8555 8547 8546
f 8555 8545 8556
f 8554 8548 8547
f 8554 8547 8555
f 8553 8549 8548
f 8553 8548 8554
f 8552 8550 8549
f 8552 8549 8553
f 8551 8550 8552
f 8563 8565 8564
f 8588 8566 8565
f 8588 8565 8563
f 8587 8567 8566
f 8587 8566 8588
f 8586 8568 8567
f 8586 8567 8587
f 8585 8569 8568
f 8585 8568 8586
f 8584 8570 8569
f 8584 8569 8585
f 8583 8571 8570
f 8583 8570 8584
f 8582 8571 8583
f 8581 8572 8571
f 8581 8573 8572
f 8581 8571 8582
f 8580 8574 8573
f 8580 8573 8581
f 8579 8575 8574
f 8579 8574 8580
f 8578 8575 8579
f 8577 8576 8575
f 8577 8575 8578
f 8614 8590 8589
f 8614 8591 8590
f 8614 8592 8591
f 8613 8593 8592
f 8613 8592 8614
f 8612 8594 8593
f 8612 8593 8613
f 8611 8595 8594
f 8611 8594 8612
f 8610 8596 8595
f 8610 8595 8611
f 8609 8597 8596
f 8609 8596 8610
f 8608 8598 8597
f 8608 8597 8609
f 8607 8599 8598
f 8607 8598 8608
f 8606 8600 8599
f 8606 8599 8607
f 8605 8601 8600
f 8605 8600 8606
f 8604 8601 8605
f 8603 8602 8601
f 8603 8601 8604
f 8615 8617 8616
f 8640 8618 8617
f 8640 8617 8615
f 8639 8619 8618
f 8639 8618 8640
f 8638 8620 8619
f 8638 8619 8639
f 8637 8621 8620
f 8637 8620 8638
f 8636 8622 8621
f 8636 8621 8637
f 8635 8623 8622
f 8635 8622 8636
f 8634 8623 8635
f 8633 8624 8623
f 8633 8625 8624
f 8633 8623 8634
f 8632 8626 8625
f 8632 8625 8633
f 8631 8626 8632
f 8630 8627 8626
f 8630 8626 8631
f 8629 8628 8627
f 8629 8627 8630
f 8641 8643 8642
f 8666 8644 8643
f 8666 8643 8641
f 8665 8645 8644
f 8665 8644 8666
f 8664 8646 8645
f 8664 8645 8665
f 8663 8647 8646
f 8663 8646 8664
f 8662 8648 8647
f 8662 8647 8663
f 8661 8649 8648
f 8661 8648 8662
f 8660 8649 8661
f 8659 8650 8649
f 8659 8651 8650
f 8659 8649 8660
f 8658 8652 8651
f 8658 8651 8659
f 8657 8653 8652
f 8657 8652 8658
f 8656 8653 8657
f 8655 8654 8653
f 8655 8653 8656
f 8692 8668 8667
f 8692 8669 8668
f 8692 8670 8669
f 8691 8671 8670
f 8691 8670 8692
f 8690 8672 8671
f 8690 8671 8691
f 8689 8673 8672
f 8689 8672 8690
f 8688 8674 8673
f 8688 8673 8689
f 8687 8675 8674
f 8687 8674 8688
f 8686 8676 8675
f 8686 8675 8687
f 8685 8677 8676
f 8685 8676 8686
f 8684 8678 8677
f 8684 8677 8685
f 8683 8679 8678
f 8683 8678 8684
f 8682 8679 8683
f 8681 8680 8679
f 8681 8679 8682
f 8693 8695 8694
f 8718 8696 8695
f 8718 8695 8693
f 8717 8697 8696
f 8717 8696 8718
f 8716 8698 8697
f 8716 8697 8717
f 8715 8699 8698
f 8715 8698 8716
f 8714 8700 8699
f 8714 8699 8715
f 8713 8701 8700
f 8713 8700 8714
f 8712 8701 8713
f 8711 8702 8701
f 8711 8703 8702
f 8711 8701 8712
f 8710 8704 8703
f 8710 8703 8711
f 8709 8704 8710
f 8708 8705 8704
f 8708 8704 8709
f 8707 8706 8705
f 8707 8705 8708
f 8719 8721 8720
f 8744 8722 8721
f 8744 8721 8719
f 8743 8723 8722
f 8743 8722 8744
f 8742 8724 8723
f 8742 8723 8743
f 8741 8725 8724
f 8741 8724 8742
f 8740 8726 8725
f 8740 8725 8741
f 8739 8727 8726
f 8739 8726 8740
f 8738 8727 8739
f 8737 8728 8727
f 8737 8729 8728
f 8737 8727 8738
f 8736 8730 8729
f 8736 8729 8737
f 8735 8731 8730
f 8735 8730 8736
f 8734 8732 8731
f 8734 8731 8735
f 8733 8732 8734
f 8745 8747 8746
f 8770 8748 8747
f 8770 8747 8745
f 8769 8749 8748
f 8769 8748 8770
f 8768 8750 8749
f 8768 8749 8769
f 8767 8751 8750
f 8767 8750 8768
f 8766 8752 8751
f 8766 8751 8767
f 8765 8753 8752
f 8765 8752 8766
f 8764 8754 8753
f 8764 8753 8765
f 8763 8755 8754
f 8763 8754 8764
f 8762 8756 8755
f 8762 8755 8763
f 8761 8757 8756
f 8761 8756 8762
f 8760 8758 8757
f 8760 8757 8761
f 8759 8758 8760
f 8771 8773 8772
f 8796 8774 8773
f 8796 8773 8771
f 8795 8775 8774
f 8795 8774 8796
f 8794 8776 8775
f 8794 8775 8795
f 8793 8777 8776
f 8793 8776 8794
f 8792 8778 8777
f 8792 8777 8793
f 8791 8779 8778
f 8791 8778 8792
f 8790 8780 8779
f 8790 8779 8791
f 8789 8781 8780
f 8789 8780 8790
f 8788 8782 8781
f 8788 8781 8789
f 8787 8783 8782
f 8787 8782 8788
f 8786 8783 8787
f 8785 8784 8783
f 8785 8783 8786
f 8822 8798 8797
f 8822 8799 8798
f 8821 8800 8799
f 8821 8801 8800
f 8821 8799 8822
f 8820 8802 8801
f 8820 8801 8821
f 8819 8803 8802
f 8819 8802 8820
f 8818 8804 8803
f 8818 8803 8819
f 8817 8805 8804
f 8817 8804 8818
f 8816 8806 8805
f 8816 8805 8817
f 8815 8807 8806
f 8815 8806 8816
f 8814 8808 8807
f 8814 8807 8815
f 8813 8809 8808
f 8813 8808 8814
f 8812 8809 8813
f 8811 8810 8809
f 8811 8809 8812
f 8823 8825 8824
f 8848 8826 8825
f 8848 8825 8823
f 8847 8827 8826
f 8847 8826 8848
f 8846 8828 8827
f 8846 8827 8847
f 8845 8829 8828
f 8845 8828 8846
f 8844 8830 8829
f 8844 8829 8845
f 8843 8831 8830
f 8843 8830 8844
f 8842 8832 8831
f 8842 8831 8843
f 8841 8833 8832
f 8841 8832 8842
f 8840 8834 8833
f 8840 8833 8841
f 8839 8835 8834
f 8839 8834 8840
f 8838 8835 8839
f 8837 8836 8835
f 8837 8835 8838
f 8849 8851 8850
f 8874 8852 8851
f 8874 8851 8849
f 8873 8853 8852
f 8873 8852 8874
f 8872 8854 8853
f 8872 8853 8873
f 8871 8855 8854
f 8871 8854 8872
f 8870 8856 8855
f 8870 8855 8871
f 8869 8857 8856
f 8869 8856 8870
f 8868 8858 8857
f 8868 8857 8869
f 8867 8859 8858
f 8867 8858 8868
f 8866 8860 8859
f 8866 8859 8867
f 8865 8861 8860
f 8865 8860 8866
f 8864 8861 8865
f 8863 8862 8861
f 8863 8861 8864
f 8900 8876 8875
f 8900 8877 8876
f 8899 8878 8877
f 8899 8879 8878
f 8899 8877 8900
f 8898 8880 8879
f 8898 8879 8899
f 8897 8881 8880
f 8897 8880 8898
f 8896 8882 8881
f 8896 8881 8897
f 8895 8883 8882
f 8895 8882 8896
f 8894 8884 8883
f 8894 8883 8895
f 8893 8885 8884
f 8893 8884 8894
f 8892 8886 8885
f 8892 8885 8893
f 8891 8887 8886
f 8891 8886 8892
f 8890 8887 8891
f 8889 8888 8887
f 8889 8887 8890
f 8901 8903 8902
f 8926 8904 8903
f 8926 8903 8901
f 8925 8905 8904
f 8925 8904 8926
f 8924 8906 8905
f 8924 8905 8925
f 8923 8907 8906
f 8923 8906 8924
f 8922 8908 8907
f 8922 8907 8923
f 8921 8909 8908
f 8921 8908 8922
f 8920 8910 8909
f 8920 8909 8921
f 8919 8911 8910
f 8919 8910 8920
f 8918 8912 8911
f 8918 8911 8919
f 8917 8913 8912
f 8917 8912 8918
f 8916 8913 8917
f 8915 8914 8913
f 8915 8913 8916
f 8927 8929 8928
f 8952 8930 8929
f 8952 8929 8927
f 8951 8931 8930
f 8951 8930 8952
f 8950 8932 8931
f 8950 8931 8951
f 8949 8933 8932
f 8949 8932 8950
f 8948 8934 8933
f 8948 8933 8949
f 8947 8935 8934
f 8947 8934 8948
f 8946 8936 8935
f 8946 8935 8947
f 8945 8937 8936
f 8945 8936 8946
f 8944 8938 8937
f 8944 8937 8945
f 8943 8939 8938
f 8943 8938 8944
f 8942 8940 8939
f 8942 8939 8943
f 8941 8940 8942
f 8953 8955 8954
f 8978 8956 8955
f 8978 8955 8953
f 8977 8957 8956
f 8977 8956 8978
f 8976 8958 8957
f 8976 8957 8977
f 8975 8959 8958
f 8975 8958 8976
f 8974 8960 8959
f 8974 8959 8975
f 8973 8961 8960
f 8973 8960 8974
f 8972 8962 8961
f 8972 8961 8973
f 8971 8963 8962
f 8971 8962 8972
f 8970 8964 8963
f 8970 8963 8971
f 8969 8965 8964
f 8969 8964 8970
f 8968 8966 8965
f 8968 8965 8969
f 8967 8966 8968
f 8979 8981 8980
f 9004 8982 8981
f 9004 8981 8979
f 9003 8983 8982
f 9003 8982 9004
f 9002 8984 8983
f 9002 8983 9003
f 9001 8985 8984
f 9001 8984 9002
f 9000 8986 8985
f 9000 8985 9001
f 8999 8987 8986
f 8999 8986 9000
f 8998 8988 8987
f 8998 8987 8999
f 8997 8989 8988
f 8997 8988 8998
f 8996 8990 8989
f 8996 8989 8997
f 8995 8991 8990
f 8995 8990 8996
f 8994 8991 8995
f 8993 8992 8991
f 8993 8991 8994
f 9030 9006 9005
f 9030 9007 9006
f 9029 9008 9007
f 9029 9009 9008
f 9029 9007 9030
f 9028 9010 9009
f 9028 9009 9029
f 9027 9011 9010
f 9027 9010 9028
f 9026 9012 9011
f 9026 9011 9027
f 9025 9013 9012
f 9025 9012 9026
f 9024 9014 9013
f 9024 9013 9025
f 9023 9015 9014
f 9023 9014 9024
f 9022 9016 9015
f 9022 9015 9023
f 9021 9017 9016
f 9021 9016 9022
f 9020 9017 9021
f 9019 9018 9017
f 9019 9017 9020
f 9031 9033 9032
f 9056 9034 9033
f 9056 9033 9031
f 9055 9035 9034
f 9055 9034 9056
f 9054 9036 9035
f 9054 9035 9055
f 9053 9037 9036
f 9053 9036 9054
f 9052 9038 9037
f 9052 9037 9053
f 9051 9039 9038
f 9051 9038 9052
f 9050 9040 9039
f 9050 9039 9051
f 9049 9041 9040
f 9049 9040 9050
f 9048 9042 9041
f 9048 9041 9049
f 9047 9043 9042
f 9047 9042 9048
f 9046 9043 9047
f 9045 9044 9043
f 9045 9043 9046
f 9057 9059 9058
f 9082 9060 9059
f 9082 9059 9057
f 9081 9061 9060
f 9081 9060 9082
f 9080 9062 9061
f 9080 9061 9081
f 9079 9063 9062
f 9079 9062 9080
f 9078 9064 9063
f 9078 9063 9079
f 9077 9065 9064
f 9077 9064 9078
f 9076 9066 9065
f 9076 9065 9077
f 9075 9067 9066
f 9075 9066 9076
f 9074 9068 9067
f 9074 9067 9075
f 9073 9069 9068
f 9073 9068 9074
f 9072 9069 9073
f 9071 9070 9069
f 9071 9069 9072
f 9108 9084 9083
f 9108 9085 9084
f 9107 9086 9085
f 9107 9087 9086
f 9107 9085 9108
f 9106 9088 9087
f 9106 9087 9107
f 9105 9089 9088
f 9105 9088 9106
f 9104 9090 9089
f 9104 9089 9105
f 9103 9091 9090
f 9103 9090 9104
f 9102 9092 9091
f 9102 9091 9103
f 9101 9093 9092
f 9101 9092 9102
f 9100 9094 9093
f 9100 9093 9101
f 9099 9095 9094
f 9099 9094 9100
f 9098 9095 9099
f 9097 9096 9095
f 9097 9095 9098
f 9109 9111 9110
f 9134 9112 9111
f 9134 9111 9109
f 9133 9113 9112
f 9133 9112 9134
f 9132 9114 9113
f 9132 9113 9133
f 9131 9115 9114
f 9131 9114 9132
f 9130 9116 9115
f 9130 9115 9131
f 9129 9117 9116
f 9129 9116 9130
f 9128 9118 9117
f 9128 9117 9129
f 9127 9119 9118
f 9127 9118 9128
f 9126 9120 9119
f 9126 9119 9127
f 9125 9121 9120
f 9125 9120 9126
f 9124 9121 9125
f 9123 9122 9121
f 9123 9121 9124
f 9135 9137 9136
f 9160 9138 9137
f 9160 9137 9135
f 9159 9139 9138
f 9159 9138 9160
f 9158 9140 9139
f 9158 9139 9159
f 9157 9141 9140
f 9157 9140 9158
f 9156 9142 9141
f 9156 9141 9157
f 9155 9143 9142
f 9155 9142 9156
f 9154 9144 9143
f 9154 9143 9155
f 9153 9145 9144
f 9153 9144 9154
f 9152 9146 9145
f 9152 9145 9153
f 9151 9147 9146
f 9151 9146 9152
f 9150 9148 9147
f 9150 9147 9151
f 9149 9148 9150
f 9161 9163 9162
f 9186 9164 9163
f 9186 9163 9161
f 9185 9165 9164
f 9185 9164 9186
f 9184 9166 9165
f 9184 9165 9185
f 9183 9167 9166
f 9183 9166 9184
f 9182 9168 9167
f 9182 9167 9183
f 9181 9169 9168
f 9181 9168 9182
f 9180 9170 9169
f 9180 9169 9181
f 9179 9171 9170
f 9179 9170 9180
f 9178 9172 9171
f 9178 9171 9179
f 9177 9173 9172
f 9177 9172 9178
f 9176 9174 9173
f 9176 9173 9177
f 9175 9174 9176
f 9187 9189 9188
f 9212 9190 9189
f 9212 9189 9187
f 9211 9191 9190
f 9211 9190 9212
f 9210 9192 9191
f 9210 9191 9211
f 9209 9193 9192
f 9209 9192 9210
f 9208 9194 9193
f 9208 9193 9209
f 9207 9195 9194
f 9207 9194 9208
f 9206 9196 9195
f 9206 9195 9207
f 9205 9197 9196
f 9205 9196 9206
f 9204 9198 9197
f 9204 9197 9205
f 9203 9199 9198
f 9203 9198 9204
f 9202 9199 9203
f 9201 9200 9199
f 9201 9199 9202
f 9238 9214 9213
f 9238 9215 9214
f 9237 9216 9215
f 9237 9217 9216
f 9237 9215 9238
f 9236 9218 9217
f 9236 9217 9237
f 9235 9219 9218
f 9235 9218 9236
f 9234 9220 9219
f 9234 9219 9235
f 9233 9221 9220
f 9233 9220 9234
f 9232 9222 9221
f 9232 9221 9233
f 9231 9223 9222
f 9231 9222 9232
f 9230 9224 9223
f 9230 9223 9231
f 9229 9225 9224
f 9229 9224 9230
f 9228 9225 9229
f 9227 9226 9225
f 9227 9225 9228
f 9239 9241 9240
f 9264 9242 9241
f 9264 9241 9239
f 9263 9243 9242
f 9263 9242 9264
f 9262 9244 9243
f 9262 9243 9263
f 9261 9245 9244
f 9261 9244 9262
f 9260 9246 9245
f 9260 9245 9261
f 9259 9247 9246
f 9259 9246 9260
f 9258 9248 9247
f 9258 9247 9259
f 9257 9249 9248
f 9257 9248 9258
f 9256 9250 9249
f 9256 9249 9257
f 9255 9251 9250
f 9255 9250 9256
f 9254 9251 9255
f 9253 9252 9251
f 9253 9251 9254
f 9265 9267 9266
f 9290 9268 9267
f 9290 9267 9265
f 9289 9269 9268
f 9289 9268 9290
f 9288 9270 9269
f 9288 9269 9289
f 9287 9271 9270
f 9287 9270 9288
f 9286 9272 9271
f 9286 9271 9287
f 9285 9273 9272
f 9285 9272 9286
f 9284 9274 9273
f 9284 9273 9285
f 9283 9275 9274
f 9283 9274 9284
f 9282 9276 9275
f 9282 9275 9283
f 9281 9277 9276
f 9281 9276 9282
f 9280 9277 9281
f 9279 9278 9277
f 9279 9277 9280
f 9316 9292 9291
f 9316 9293 9292
f 9315 9294 9293
f 9315 9295 9294
f 9315 9293 9316
f 9314 9296 9295
f 9314 9295 9315
f 9313 9297 9296
f 9313 9296 9314
f 9312 9298 9297
f 9312 9297 9313
f 9311 9299 9298
f 9311 9298 9312
f 9310 9300 9299
f 9310 9299 9311
f 9309 9301 9300
f 9309 9300 9310
f 9308 9302 9301
f 9308 9301 9309
f 9307 9303 9302
f 9307 9302 9308
f 9306 9303 9307
f 9305 9304 9303
f 9305 9303 9306
f 9317 9319 9318
f 9342 9320 9319
f 9342 9319 9317
f 9341 9321 9320
f 9341 9320 9342
f 9340 9322 9321
f 9340 9321 9341
f 9339 9323 9322
f 9339 9322 9340
f 9338 9324 9323
f 9338 9323 9339
f 9337 9325 9324
f 9337 9324 9338
f 9336 9326 9325
f 9336 9325 9337
f 9335 9327 9326
f 9335 9326 9336
f 9334 9328 9327
f 9334 9327 9335
f 9333 9329 9328
f 9333 9328 9334
f 9332 9329 9333
f 9331 9330 9329
f 9331 9329 9332
f 9343 9345 9344
f 9368 9346 9345
f 9368 9345 9343
f 9367 9347 9346
f 9367 9346 9368
f 9366 9348 9347
f 9366 9347 9367
f 9365 9349 9348
f 9365 9348 9366
f 9364 9350 9349
f 9364 9349 9365
f 9363 9351 9350
f 9363 9350 9364
f 9362 9352 9351
f 9362 9351 9363
f 9361 9353 9352
f 9361 9352 9362
f 9360 9354 9353
f 9360 9353 9361
f 9359 9355 9354
f 9359 9354 9360
f 9358 9356 9355
f 9358 9355 9359
f 9357 9356 9358
f 9369 9371 9370
f 9394 9372 9371
f 9394 9371 9369
f 9393 9373 9372
f 9393 9372 9394
f 9392 9374 9373
f 9392 9373 9393
f 9391 9375 9374
f 9391 9374 9392
f 9390 9376 9375
f 9390 9375 9391
f 9389 9377 9376
f 9389 9376 9390
f 9388 9378 9377
f 9388 9377 9389
f 9387 9379 9378
f 9387 9378 9388
f 9386 9380 9379
f 9386 9379 9387
f 9385 9381 9380
f 9385 9380 9386
f 9384 9382 9381
f 9384 9381 9385
f 9383 9382 9384
f 9395 9397 9396
f 9420 9398 9397
f 9420 9397 9395
f 9419 9399 9398
f 9419 9398 9420
f 9418 9400 9399
f 9418 9399 9419
f 9417 9401 9400
f 9417 9400 9418
f 9416 9402 9401
f 9416 9401 9417
f 9415 9403 9402
f 9415 9402 9416
f 9414 9403 9415
f 9413 9404 9403
f 9413 9405 9404
f 9413 9403 9414
f 9412 9406 9405
f 9412 9405 9413
f 9411 9407 9406
f 9411 9406 9412
f 9410 9408 9407
f 9410 9407 9411
f 9409 9408 9410
f 9446 9422 9421
f 9446 9423 9422
f 9446 9424 9423
f 9445 9425 9424
f 9445 9424 9446
f 9444 9426 9425
f 9444 9425 9445
f 9443 9427 9426
f 9443 9426 9444
f 9442 9428 9427
f 9442 9427 9443
f 9441 9429 9428
f 9441 9428 9442
f 9440 9429 9441
f 9439 9430 9429
f 9439 9431 9430
f 9439 9429 9440
f 9438 9432 9431
f 9438 9431 9439
f 9437 9433 9432
f 9437 9432 9438
f 9436 9433 9437
f 9435 9434 9433
f 9435 9433 9436
f 9447 9449 9448
f 9472 9450 9449
f 9472 9449 9447
f 9471 9451 9450
f 9471 9450 9472
f 9470 9452 9451
f 9470 9451 9471
f 9469 9453 9452
f 9469 9452 9470
f 9468 9454 9453
f 9468 9453 9469
f 9467 9455 9454
f 9467 9454 9468
f 9466 9456 9455
f 9466 9455 9467
f 9465 9457 9456
f 9465 9456 9466
f 9464 9457 9465
f 9463 9458 9457
f 9463 9459 9458
f 9463 9457 9464
f 9462 9459 9463
f 9461 9460 9459
f 9461 9459 9462
f 9473 9475 9474
f 9498 9476 9475
f 9498 9475 9473
f 9497 9477 9476
f 9497 9476 9498
f 9496 9478 9477
f 9496 9477 9497
f 9495 9479 9478
f 9495 9478 9496
f 9494 9480 9479
f 9494 9479 9495
f 9493 9481 9480
f 9493 9480 9494
f 9492 9481 9493
f 9491 9482 9481
f 9491 9483 9482
f 9491 9481 9492
f 9490 9484 9483
f 9490 9483 9491
f 9489 9485 9484
f 9489 9484 9490
f 9488 9486 9485
f 9488 9485 9489
f 9487 9486 9488
f 9524 9500 9499
f 9524 9501 9500
f 9524 9502 9501
f 9523 9503 9502
f 9523 9502 9524
f 9522 9504 9503
f 9522 9503 9523
f 9521 9505 9504
f 9521 9504 9522
f 9520 9506 9505
f 9520 9505 9521
f 9519 9507 9506
f 9519 9506 9520
f 9518 9507 9519
f 9517 9508 9507
f 9517 9509 9508
f 9517 9507 9518
f 9516 9510 9509
f 9516 9509 9517
f 9515 9511 9510
f 9515 9510 9516
f 9514 9511 9515
f 9513 9512 9511
f 9513 9511 9514
f 9525 9527 9526
f 9550 9528 9527
f 9550 9527 9525
f 9549 9529 9528
f 9549 9528 9550
f 9548 9530 9529
f 9548 9529 9549
f 9547 9531 9530
f 9547 9530 9548
f 9546 9532 9531
f 9546 9531 9547
f 9545 9533 9532
f 9545 9532 9546
f 9544 9534 9533
f 9544 9533 9545
f 9543 9535 9534
f 9543 9534 9544
f 9542 9535 9543
f 9541 9536 9535
f 9541 9537 9536
f 9541 9535 9542
f 9540 9537 9541
f 9539 9538 9537
f 9539 9537 9540
f 9551 9553 9552
f 9576 9554 9553
f 9576 9553 9551
f 9575 9555 9554
f 9575 9554 9576
f 9574 9556 9555
f 9574 9555 9575
f 9573 9557 9556
f 9573 9556 9574
f 9572 9558 9557
f 9572 9557 9573
f 9571 9559 9558
f 9571 9558 9572
f 9570 9560 9559
f 9570 9559 9571
f 9569 9561 9560
f 9569 9560 9570
f 9568 9562 9561
f 9568 9561 9569
f 9567 9563 9562
f 9567 9562 9568
f 9566 9564 9563
f 9566 9563 9567
f 9565 9564 9566
f 9577 9579 9578
f 9602 9580 9579
f 9602 9579 9577
f 9601 9581 9580
f 9601 9580 9602
f 9600 9582 9581
f 9600 9581 9601
f 9599 9583 9582
f 9599 9582 9600
f 9598 9584 9583
f 9598 9583 9599
f 9597 9585 9584
f 9597 9584 9598
f 9596 9586 9585
f 9596 9585 9597
f 9595 9587 9586
f 9595 9586 9596
f 9594 9588 9587
f 9594 9587 9595
f 9593 9589 9588
f 9593 9588 9594
f 9592 9590 9589
f 9592 9589 9593
f 9591 9590 9592
f 9603 9605 9604
f 9628 9606 9605
f 9628 9605 9603
f 9627 9607 9606
f 9627 9606 9628
f 9626 9608 9607
f 9626 9607 9627
f 9625 9609 9608
f 9625 9608 9626
f 9624 9610 9609
f 9624 9609 9625
f 9623 9611 9610
f 9623 9610 9624
f 9622 9611 9623
f 9621 9612 9611
f 9621 9613 9612
f 9621 9611 9622
f 9620 9614 9613
f 9620 9613 9621
f 9619 9615 9614
f 9619 9614 9620
f 9618 9616 9615
f 9618 9615 9619
f 9617 9616 9618
f 9654 9630 9629
f 9654 9631 9630
f 9654 9632 9631
f 9653 9633 9632
f 9653 9632 9654
f 9652 9634 9633
f 9652 9633 9653
f 9651 9635 9634
f 9651 9634 9652
f 9650 9636 9635
f 9650 9635 9651
f 9649 9637 9636
f 9649 9636 9650
f 9648 9637 9649
f 9647 9638 9637
f 9647 9639 9638
f 9647 9637 9648
f 9646 9640 9639
f 9646 9639 9647
f 9645 9641 9640
f 9645 9640 9646
f 9644 9641 9645
f 9643 9642 9641
f 9643 9641 9644
f 9655 9657 9656
f 9680 9658 9657
f 9680 9657 9655
f 9679 9659 9658
f 9679 9658 9680
f 9678 9660 9659
f 9678 9659 9679
f 9677 9661 9660
f 9677 9660 9678
f 9676 9662 9661
f 9676 9661 9677
f 9675 9663 9662
f 9675 9662 9676
f 9674 9664 9663
f 9674 9663 9675
f 9673 9665 9664
f 9673 9664 9674
f 9672 9665 9673
f 9671 9666 9665
f 9671 9667 9666
f 9671 9665 9672
f 9670 9667 9671
f 9669 9668 9667
f 9669 9667 9670
f 9681 9683 9682
f 9706 9684 9683
f 9706 9683 9681
f 9705 9685 9684
f 9705 9684 9706
f 9704 9686 9685
f 9704 9685 9705
f 9703 9687 9686
f 9703 9686 9704
f 9702 9688 9687
f 9702 9687 9703
f 9701 9689 9688
f 9701 9688 9702
f 9700 9689 9701
f 9699 9690 9689
f 9699 9691 9690
f 9699 9689 9700
f 9698 9692 9691
f 9698 9691 9699
f 9697 9693 9692
f 9697 9692 9698
f 9696 9694 9693
f 9696 9693 9697
f 9695 9694 9696
f 9732 9708 9707
f 9732 9709 9708
f 9732 9710 9709
f 9731 9711 9710
f 9731 9710 9732
f 9730 9712 9711
f 9730 9711 9731
f 9729 9713 9712
f 9729 9712 9730
f 9728 9714 9713
f 9728 9713 9729
f 9727 9715 9714
f 9727 9714 9728
f 9726 9715 9727
f 9725 9716 9715
f 9725 9717 9716
f 9725 9715 9726
f 9724 9718 9717
f 9724 9717 9725
f 9723 9719 9718
f 9723 9718 9724
f 9722 9719 9723
f 9721 9720 9719
f 9721 9719 9722
f 9733 9735 9734
f 9758 9736 9735
f 9758 9735 9733
f 9757 9737 9736
f 9757 9736 9758
f 9756 9738 9737
f 9756 9737 9757
f 9755 9739 9738
f 9755 9738 9756
f 9754 9740 9739
f 9754 9739 9755
f 9753 9741 9740
f 9753 9740 9754
f 9752 9742 9741
f 9752 9741 9753
f 9751 9743 9742
f 9751 9742 9752
f 9750 9743 9751
f 9749 9744 9743
f 9749 9745 9744
f 9749 9743 9750
f 9748 9745 9749
f 9747 9746 9745
f 9747 9745 9748
f 9759 9761 9760
f 9784 9762 9761
f 9784 9761 9759
f 9783 9763 9762
f 9783 9762 9784
f 9782 9764 9763
f 9782 9763 9783
f 9781 9765 9764
f 9781 9764 9782
f 9780 9766 9765
f 9780 9765 9781
f 9779 9767 9766
f 9779 9766 9780
f 9778 9768 9767
f 9778 9767 9779
f 9777 9769 9768
f 9777 9768 9778
f 9776 9770 9769
f 9776 9769 9777
f 9775 9771 9770
f 9775 9770 9776
f 9774 9772 9771
f 9774 9771 9775
f 9773 9772 9774
f 9785 9787 9786
f 9810 9788 9787
f 9810 9787 9785
f 9809 9789 9788
f 9809 9788 9810
f 9808 9790 9789
f 9808 9789 9809
f 9807 9791 9790
f 9807 9790 9808
f 9806 9792 9791
f 9806 9791 9807
f 9805 9793 9792
f 9805 9792 9806
f 9804 9794 9793
f 9804 9793 9805
f 9803 9795 9794
f 9803 9794 9804
f 9802 9796 9795
f 9802 9795 9803
f 9801 9797 9796
f 9801 9796 9802
f 9800 9798 9797
f 9800 9797 9801
f 9799 9798 9800
f 9811 9813 9812
f 9836 9814 9813
f 9836 9813 9811
f 9835 9815 9814
f 9835 9814 9836
f 9834 9816 9815
f 9834 9815 9835
f 9833 9817 9816
f 9833 9816 9834
f 9832 9818 9817
f 9832 9817 9833
f 9831 9819 9818
f 9831 9818 9832
f 9830 9820 9819
f 9830 9819 9831
f 9829 9821 9820
f 9829 9820 9830
f 9828 9822 9821
f 9828 9821 9829
f 9827 9823 9822
f 9827 9822 9828
f 9826 9823 9827
f 9825 9824 9823
f 9825 9823 9826
f 9862 9838 9837
f 9862 9839 9838
f 9861 9840 9839
f 9861 9841 9840
f 9861 9839 9862
f 9860 9842 9841
f 9860 9841 9861
f 9859 9843 9842
f 9859 9842 9860
f 9858 9844 9843
f 9858 9843 9859
f 9857 9845 9844
f 9857 9844 9858
f 9856 9846 9845
f 9856 9845 9857
f 9855 9847 9846
f 9855 9846 9856
f 9854 9848 9847
f 9854 9847 9855
f 9853 9849 9848
f 9853 9848 9854
f 9852 9849 9853
f 9851 9850 9849
f 9851 9849 9852
f 9863 9865 9864
f 9888 9866 9865
f 9888 9865 9863
f 9887 9867 9866
f 9887 9866 9888
f 9886 9868 9867
f 9886 9867 9887
f 9885 9869 9868
f 9885 9868 9886
f 9884 9870 9869
f 9884 9869 9885
f 9883 9871 9870
f 9883 9870 9884
f 9882 9872 9871
f 9882 9871 9883
f 9881 9873 9872
f 9881 9872 9882
f 9880 9874 9873
f 9880 9873 9881
f 9879 9875 9874
f 9879 9874 9880
f 9878 9875 9879
f 9877 9876 9875
f 9877 9875 9878
f 9889 9891 9890
f 9914 9892 9891
f 9914 9891 9889
f 9913 9893 9892
f 9913 9892 9914
f 9912 9894 9893
f 9912 9893 9913
f 9911 9895 9894
f 9911 9894 9912
f 9910 9896 9895
f 9910 9895 9911
f 9909 9897 9896
f 9909 9896 9910
f 9908 9898 9897
f 9908 9897 9909
f 9907 9899 9898
f 9907 9898 9908
f 9906 9900 9899
f 9906 9899 9907
f 9905 9901 9900
f 9905 9900 9906
f 9904 9901 9905
f 9903 9902 9901
f 9903 9901 9904
f 9940 9916 9915
f 9940 9917 9916
f 9939 9918 9917
f 9939 9919 9918
f 9939 9917 9940
f 9938 9920 9919
f 9938 9919 9939
f 9937 9921 9920
f 9937 9920 9938
f 9936 9922 9921
f 9936 9921 9937
f 9935 9923 9922
f 9935 9922 9936
f 9934 9924 9923
f 9934 9923 9935
f 9933 9925 9924
f 9933 9924 9934
f 9932 9926 9925
f 9932 9925 9933
f 9931 9927 9926
f 9931 9926 9932
f 9930 9927 9931
f 9929 9928 9927
f 9929 9927 9930
f 9941 9943 9942
f 9966 9944 9943
f 9966 9943 9941
f 9965 9945 9944
f 9965 9944 9966
f 9964 9946 9945
f 9964 9945 9965
f 9963 9947 9946
f 9963 9946 9964
f 9962 9948 9947
f 9962 9947 9963
f 9961 9949 9948
f 9961 9948 9962
f 9960 9950 9949
f 9960 9949 9961
f 9959 9951 9950
f 9959 9950 9960
f 9958 9952 9951
f 9958 9951 9959
f 9957 9953 9952
f 9957 9952 9958
f 9956 9953 9957
f 9955 9954 9953
f 9955 9953 9956
f 9967 9969 9968
f 9992 9970 9969
f 9992 9969 9967
f 9991 9971 9970
f 9991 9970 9992
f 9990 9972 9971
f 9990 9971 9991
f 9989 9973 9972
f 9989 9972 9990
f 9988 9974 9973
f 9988 9973 9989
f 9987 9975 9974
f 9987 9974 9988
f 9986 9976 9975
f 9986 9975 9987
f 9985 9977 9976
f 9985 9976 9986
f 9984 9978 9977
f 9984 9977 9985
f 9983 9979 9978
f 9983 9978 9984
f 9982 9980 9979
f 9982 9979 9983
f 9981 9980 9982
f 9993 9995 9994
f 10018 9996 9995
f 10018 9995 9993
f 10017 9997 9996
f 10017 9996 10018
f 10016 9998 9997
f 10016 9997 10017
f 10015 9999 9998
f 10015 9998 10016
f 10014 10000 9999
f 10014 9999 10015
f 10013 10001 10000
f 10013 10000 10014
f 10012 10002 10001
f 10012 10001 10013
f 10011 10003 10002
f 10011 10002 10012
f 10010 10004 10003
f 10010 10003 10011
f 10009 10005 10004
f 10009 10004 10010
f 10008 10006 10005
f 10008 10005 10009
f 10007 10006 10008
f 10019 10021 10020
f 10044 10022 10021
f 10044 10021 10019
f 10043 10023 10022
f 10043 10022 10044
f 10042 10024 10023
f 10042 10023 10043
f 10041 10025 10024
f 10041 10024 10042
f 10040 10026 10025
f 10040 10025 10041
f 10039 10027 10026
f 10039 10026 10040
f 10038 10028 10027
f 10038 10027 10039
f 10037 10029 10028
f 10037 10028 10038
f 10036 10030 10029
f 10036 10029 10037
f 10035 10031 10030
f 10035 10030 10036
f 10034 10031 10035
f 10033 10032 10031
f 10033 10031 10034
f 10070 10046 10045
f 10070 10047 10046
f 10069 10048 10047
f 10069 10049 10048
f 10069 10047 10070
f 10068 10050 10049
f 10068 10049 10069
f 10067 10051 10050
f 10067 10050 10068
f 10066 10052 10051
f 10066 10051 10067
f 10065 10053 10052
f 10065 10052 10066
f 10064 10054 10053
f 10064 10053 10065
f 10063 10055 10054
f 10063 10054 10064
f 10062 10056 10055
f 10062 10055 10063
f 10061 10057 10056
f 10061 10056 10062
f 10060 10057 10061
f 10059 10058 10057
f 10059 10057 10060
f 10071 10073 10072
f 10096 10074 10073
f 10096 10073 10071
f 10095 10075 10074
f 10095 10074 10096
f 10094 10076 10075
f 10094 10075 10095
f 10093 10077 10076
f 10093 10076 10094
f 10092 10078 10077
f 10092 10077 10093
f 10091 10079 10078
f 10091 10078 10092
f 10090 10080 10079
f 10090 10079 10091
f 10089 10081 10080
f 10089 10080 10090
f 10088 10082 10081
f 10088 10081 10089
f 10087 10083 10082
f 10087 10082 10088
f 10086 10083 10087
f 10085 10084 10083
f 10085 10083 10086
f 10097 10099 10098
f 10122 10100 10099
f 10122 10099 10097
f 10121 10101 10100
f 10121 10100 10122
f 10120 10102 10101
f 10120 10101 10121
f 10119 10103 10102
f 10119 10102 10120
f 10118 10104 10103
f 10118 10103 10119
f 10117 10105 10104
f 10117 10104 10118
f 10116 10106 10105
f 10116 10105 10117
f 10115 10107 10106
f 10115 10106 10116
f 10114 10108 10107
f 10114 10107 10115
f 10113 10109 10108
f 10113 10108 10114
f 10112 10109 10113
f 10111 10110 10109
f 10111 10109 10112
f 10148 10124 10123
f 10148 10125 10124
f 10147 10126 10125
f 10147 10127 10126
f 10147 10125 10148
f 10146 10128 10127
f 10146 10127 10147
f 10145 10129 10128
f 10145 10128 10146
f 10144 10130 10129
f 10144 10129 10145
f 10143 10131 10130
f 10143 10130 10144
f 10142 10132 10131
f 10142 10131 10143
f 10141 10133 10132
f 10141 10132 10142
f 10140 10134 10133
f 10140 10133 10141
f 10139 10135 10134
f 10139 10134 10140
f 10138 10135 10139
f 10137 10136 10135
f 10137 10135 10138
f 10149 10151 10150
f 10174 10152 10151
f 10174 10151 10149
f 10173 10153 10152
f 10173 10152 10174
f 10172 10154 10153
f 10172 10153 10173
f 10171 10155 10154
f 10171 10154 10172
f 10170 10156 10155
f 10170 10155 10171
f 10169 10157 10156
f 10169 10156 10170
f 10168 10158 10157
f 10168 10157 10169
f 10167 10159 10158
f 10167 10158 10168
f 10166 10160 10159
f 10166 10159 10167
f 10165 10161 10160
f 10165 10160 10166
f 10164 10161 10165
f 10163 10162 10161
f 10163 10161 10164
f 10175 10177 10176
f 10200 10178 10177
f 10200 10177 10175
f 10199 10179 10178
f 10199 10178 10200
f 10198 10180 10179
f 10198 10179 10199
f 10197 10181 10180
f 10197 10180 10198
f 10196 10182 10181
f 10196 10181 10197
f 10195 10183 10182
f 10195 10182 10196
f 10194 10184 10183
f 10194 10183 10195
f 10193 10185 10184
f 10193 10184 10194
f 10192 10186 10185
f 10192 10185 10193
f 10191 10187 10186
f 10191 10186 10192
f 10190 10188 10187
f 10190 10187 10191
f 10189 10188 10190
f 10201 10203 10202
f 10226 10204 10203
f 10226 10203 10201
f 10225 10205 10204
f 10225 10204 10226
f 10224 10206 10205
f 10224 10205 10225
f 10223 10207 10206
f 10223 10206 10224
f 10222 10208 10207
f 10222 10207 10223
f 10221 10209 10208
f 10221 10208 10222
f 10220 10210 10209
f 10220 10209 10221
f 10219 10211 10210
f 10219 10210 10220
f 10218 10212 10211
f 10218 10211 10219
f 10217 10213 10212
f 10217 10212 10218
f 10216 10214 10213
f 10216 10213 10217
f 10215 10214 10216
f 10227 10229 10228
f 10252 10230 10229
f 10252 10229 10227
f 10251 10231 10230
f 10251 10230 10252
f 10250 10232 10231
f 10250 10231 10251
f 10249 10233 10232
f 10249 10232 10250
f 10248 10234 10233
f 10248 10233 10249
f 10247 10235 10234
f 10247 10234 10248
f 10246 10236 10235
f 10246 10235 10247
f 10245 10237 10236
f 10245 10236 10246
f 10244 10238 10237
f 10244 10237 10245
f 10243 10239 10238
f 10243 10238 10244
f 10242 10239 10243
f 10241 10240 10239
f 10241 10239 10242
f 10278 10254 10253
f 10278 10255 10254
f 10277 10256 10255
f 10277 10257 10256
f 10277 10255 10278
f 10276 10258 10257
f 10276 10257 10277
f 10275 10259 10258
f 10275 10258 10276
f 10274 10260 10259
f 10274 10259 10275
f 10273 10261 10260
f 10273 10260 10274
f 10272 10262 10261
f 10272 10261 10273
f 10271 10263 10262
f 10271 10262 10272
f 10270 10264 10263
f 10270 10263 10271
f 10269 10265 10264
f 10269 10264 10270
f 10268 10265 10269
f 10267 10266 10265
f 10267 10265 10268
f 10279 10281 10280
f 10304 10282 10281
f 10304 10281 10279
f 10303 10283 10282
f 10303 10282 10304
f 10302 10284 10283
f 10302 10283 10303
f 10301 10285 10284
f 10301 10284 10302
f 10300 10286 10285
f 10300 10285 10301
f 10299 10287 10286
f 10299 10286 10300
f 10298 10288 10287
f 10298 10287 10299
f 10297 10289 10288
f 10297 10288 10298
f 10296 10290 10289
f 10296 10289 10297
f 10295 10291 10290
f 10295 10290 10296
f 10294 10291 10295
f 10293 10292 10291
f 10293 10291 10294
f 10305 10307 10306
f 10330 10308 10307
f 10330 10307 10305
f 10329 10309 10308
f 10329 10308 10330
f 10328 10310 10309
f 10328 10309 10329
f 10327 10311 10310
f 10327 10310 10328
f 10326 10312 10311
f 10326 10311 10327
f 10325 10313 10312
f 10325 10312 10326
f 10324 10314 10313
f 10324 10313 10325
f 10323 10315 10314
f 10323 10314 10324
f 10322 10316 10315
f 10322 10315 10323
f 10321 10317 10316
f 10321 10316 10322
f 10320 10317 10321
f 10319 10318 10317
f 10319 10317 10320
f 10356 10332 10331
f 10356 10333 10332
f 10355 10334 10333
f 10355 10335 10334
f 10355 10333 10356
f 10354 10336 10335
f 10354 10335 10355
f 10353 10337 10336
f 10353 10336 10354
f 10352 10338 10337
f 10352 10337 10353
f 10351 10339 10338
f 10351 10338 10352
f 10350 10340 10339
f 10350 10339 10351
f 10349 10341 10340
f 10349 10340 10350
f 10348 10342 10341
f 10348 10341 10349
f 10347 10343 10342
f 10347 10342 10348
f 10346 10343 10347
f 10345 10344 10343
f 10345 10343 10346
f 10357 10359 10358
f 10382 10360 10359
f 10382 10359 10357
f 10381 10361 10360
f 10381 10360 10382
f 10380 10362 10361
f 10380 10361 10381
f 10379 10363 10362
f 10379 10362 10380
f 10378 10364 10363
f 10378 10363 10379
f 10377 10365 10364
f 10377 10364 10378
f 10376 10366 10365
f 10376 10365 10377
f 10375 10367 10366
f 10375 10366 10376
f 10374 10368 10367
f 10374 10367 10375
f 10373 10369 10368
f 10373 10368 10374
f 10372 10369 10373
f 10371 10370 10369
f 10371 10369 10372
f 10383 10385 10384
f 10408 10386 10385
f 10408 10385 10383
f 10407 10387 10386
f 10407 10386 10408
f 10406 10388 10387
f 10406 10387 10407
f 10405 10389 10388
f 10405 10388 10406
f 10404 10390 10389
f 10404 10389 10405
f 10403 10391 10390
f 10403 10390 10404
f 10402 10392 10391
f 10402 10391 10403
f 10401 10393 10392
f 10401 10392 10402
f 10400 10394 10393
f 10400 10393 10401
f 10399 10395 10394
f 10399 10394 10400
f 10398 10396 10395
f 10398 10395 10399
f 10397 10396 10398
f 10409 10411 10410
f 10434 10412 10411
f 10434 10411 10409
f 10433 10413 10412
f 10433 10412 10434
f 10432 10414 10413
f 10432 10413 10433
f 10431 10415 10414
f 10431 10414 10432
f 10430 10416 10415
f 10430 10415 10431
f 10429 10417 10416
f 10429 10416 10430
f 10428 10418 10417
f 10428 10417 10429
f 10427 10419 10418
f 10427 10418 10428
f 10426 10420 10419
f 10426 10419 10427
f 10425 10421 10420
f 10425 10420 10426
f 10424 10422 10421
f 10424 10421 10425
f 10423 10422 10424
f 10435 10437 10436
f 10460 10438 10437
f 10460 10437 10435
f 10459 10439 10438
f 10459 10438 10460
f 10458 10440 10439
f 10458 10439 10459
f 10457 10441 10440
f 10457 10440 10458
f 10456 10442 10441
f 10456 10441 10457
f 10455 10443 10442
f 10455 10442 10456
f 10454 10444 10443
f 10454 10443 10455
f 10453 10445 10444
f 10453 10444 10454
f 10452 10446 10445
f 10452 10445 10453
f 10451 10447 10446
f 10451 10446 10452
f 10450 10447 10451
f 10449 10448 10447
f 10449 10447 10450
f 10486 10462 10461
f 10486 10463 10462
f 10485 10464 10463
f 10485 10465 10464
f 10485 10463 10486
f 10484 10466 10465
f 10484 10465 10485
f 10483 10467 10466
f 10483 10466 10484
f 10482 10468 10467
f 10482 10467 10483
f 10481 10469 10468
f 10481 10468 10482
f 10480 10470 10469
f 10480 10469 10481
f 10479 10471 10470
f 10479 10470 10480
f 10478 10472 10471
f 10478 10471 10479
f 10477 10473 10472
f 10477 10472 10478
f 10476 10473 10477
f 10475 10474 10473
f 10475 10473 10476
f 10487 10489 10488
f 10512 10490 10489
f 10512 10489 10487
f 10511 10491 10490
f 10511 10490 10512
f 10510 10492 10491
f 10510 10491 10511
f 10509 10493 10492
f 10509 10492 10510
f 10508 10494 10493
f 10508 10493 10509
f 10507 10495 10494
f 10507 10494 10508
f 10506 10496 10495
f 10506 10495 10507
f 10505 10497 10496
f 10505 10496 10506
f 10504 10498 10497
f 10504 10497 10505
f 10503 10499 10498
f 10503 10498 10504
f 10502 10499 10503
f 10501 10500 10499
f 10501 10499 10502
f 10513 10515 10514
f 10538 10516 10515
f 10538 10515 10513
f 10537 10517 10516
f 10537 10516 10538
f 10536 10518 10517
f 10536 10517 10537
f 10535 10519 10518
f 10535 10518 10536
f 10534 10520 10519
f 10534 10519 10535
f 10533 10521 10520
f 10533 10520 10534
f 10532 10522 10521
f 10532 10521 10533
f 10531 10523 10522
f 10531 10522 10532
f 10530 10524 10523
f 10530 10523 10531
f 10529 10525 10524
f 10529 10524 10530
f 10528 10525 10529
f 10527 10526 10525
f 10527 10525 10528
f 10564 10540 10539
f 10564 10541 10540
f 10563 10542 10541
f 10563 10543 10542
f 10563 10541 10564
f 10562 10544 10543
f 10562 10543 10563
f 10561 10545 10544
f 10561 10544 10562
f 10560 10546 10545
f 10560 10545 10561
f 10559 10547 10546
f 10559 10546 10560
f 10558 10548 10547
f 10558 10547 10559
f 10557 10549 10548
f 10557 10548 10558
f 10556 10550 10549
f 10556 10549 10557
f 10555 10551 10550
f 10555 10550 10556
f 10554 10551 10555
f 10553 10552 10551
f 10553 10551 10554
f 10565 10567 10566
f 10590 10568 10567
f 10590 10567 10565
f 10589 10569 10568
f 10589 10568 10590
f 10588 10570 10569
f 10588 10569 10589
f 10587 10571 10570
f 10587 10570 10588
f 10586 10572 10571
f 10586 10571 10587
f 10585 10573 10572
f 10585 10572 10586
f 10584 10574 10573
f 10584 10573 10585
f 10583 10575 10574
f 10583 10574 10584
f 10582 10576 10575
f 10582 10575 10583
f 10581 10577 10576
f 10581 10576 10582
f 10580 10577 10581
f 10579 10578 10577
f 10579 10577 10580
f 10591 10593 10592
f 10616 10594 10593
f 10616 10593 10591
f 10615 10595 10594
f 10615 10594 10616
f 10614 10596 10595
f 10614 10595 10615
f 10613 10597 10596
f 10613 10596 10614
f 10612 10598 10597
f 10612 10597 10613
f 10611 10599 10598
f 10611 10598 10612
f 10610 10600 10599
f 10610 10599 10611
f 10609 10601 10600
f 10609 10600 10610
f 10608 10602 10601
f 10608 10601 10609
f 10607 10603 10602
f 10607 10602 10608
f 10606 10604 10603
f 10606 10603 10607
f 10605 10604 10606
f 10617 10619 10618
f 10642 10620 10619
f 10642 10619 10617
f 10641 10621 10620
f 10641 10620 10642
f 10640 10622 10621
f 10640 10621 10641
f 10639 10623 10622
f 10639 10622 10640
f 10638 10624 10623
f 10638 10623 10639
f 10637 10625 10624
f 10637 10624 10638
f 10636 10626 10625
f 10636 10625 10637
f 10635 10627 10626
f 10635 10626 10636
f 10634 10628 10627
f 10634 10627 10635
f 10633 10629 10628
f 10633 10628 10634
f 10632 10630 10629
f 10632 10629 10633
f 10631 10630 10632
f 10643 10645 10644
f 10668 10646 10645
f 10668 10645 10643
f 10667 10647 10646
f 10667 10646 10668
f 10666 10648 10647
f 10666 10647 10667
f 10665 10649 10648
f 10665 10648 10666
f 10664 10650 10649
f 10664 10649 10665
f 10663 10651 10650
f 10663 10650 10664
f 10662 10652 10651
f 10662 10651 10663
f 10661 10653 10652
f 10661 10652 10662
f 10660 10654 10653
f 10660 10653 10661
f 10659 10655 10654
f 10659 10654 10660
f 10658 10655 10659
f 10657 10656 10655
f 10657 10655 10658
f 10694 10670 10669
f 10694 10671 10670
f 10693 10672 10671
f 10693 10673 10672
f 10693 10671 10694
f 10692 10674 10673
f 10692 10673 10693
f 10691 10675 10674
f 10691 10674 10692
f 10690 10676 10675
f 10690 10675 10691
f 10689 10677 10676
f 10689 10676 10690
f 10688 10678 10677
f 10688 10677 10689
f 10687 10679 10678
f 10687 10678 10688
f 10686 10680 10679
f 10686 10679 10687
f 10685 10681 10680
f 10685 10680 10686
f 10684 10681 10685
f 10683 10682 10681
f 10683 10681 10684
f 10695 10697 10696
f 10720 10698 10697
f 10720 10697 10695
f 10719 10699 10698
f 10719 10698 10720
f 10718 10700 10699
f 10718 10699 10719
f 10717 10701 10700
f 10717 10700 10718
f 10716 10702 10701
f 10716 10701 10717
f 10715 10703 10702
f 10715 10702 10716
f 10714 10704 10703
f 10714 10703 10715
f 10713 10705 10704
f 10713 10704 10714
f 10712 10706 10705
f 10712 10705 10713
f 10711 10707 10706
f 10711 10706 10712
f 10710 10707 10711
f 10709 10708 10707
f 10709 10707 10710
f 10721 10723 10722
f 10746 10724 10723
f 10746 10723 10721
f 10745 10725 10724
f 10745 10724 10746
f 10744 10726 10725
f 10744 10725 10745
f 10743 10727 10726
f 10743 10726 10744
f 10742 10728 10727
f 10742 10727 10743
f 10741 10729 10728
f 10741 10728 10742
f 10740 10730 10729
f 10740 10729 10741
f 10739 10731 10730
f 10739 10730 10740
f 10738 10732 10731
f 10738 10731 10739
f 10737 10733 10732
f 10737 10732 10738
f 10736 10733 10737
f 10735 10734 10733
f 10735 10733 10736
f 10772 10748 10747
f 10772 10749 10748
f 10771 10750 10749
f 10771 10751 10750
f 10771 10749 10772
f 10770 10752 10751
f 10770 10751 10771
f 10769 10753 10752
f 10769 10752 10770
f 10768 10754 10753
f 10768 10753 10769
f 10767 10755 10754
f 10767 10754 10768
f 10766 10756 10755
f 10766 10755 10767
f 10765 10757 10756
f 10765 10756 10766
f 10764 10758 10757
f 10764 10757 10765
f 10763 10759 10758
f 10763 10758 10764
f 10762 10759 10763
f 10761 10760 10759
f 10761 10759 10762
f 10773 10775 10774
f 10798 10776 10775
f 10798 10775 10773
f 10797 10777 10776
f 10797 10776 10798
f 10796 10778 10777
f 10796 10777 10797
f 10795 10779 10778
f 10795 10778 10796
f 10794 10780 10779
f 10794 10779 10795
f 10793 10781 10780
f 10793 10780 10794
f 10792 10782 10781
f 10792 10781 10793
f 10791 10783 10782
f 10791 10782 10792
f 10790 10784 10783
f 10790 10783 10791
f 10789 10785 10784
f 10789 10784 10790
f 10788 10785 10789
f 10787 10786 10785
f 10787 10785 10788
f 10799 10801 10800
f 10824 10802 10801
f 10824 10801 10799
f 10823 10803 10802
f 10823 10802 10824
f 10822 10804 10803
f 10822 10803 10823
f 10821 10805 10804
f 10821 10804 10822
f 10820 10806 10805
f 10820 10805 10821
f 10819 10807 10806
f 10819 10806 10820
f 10818 10808 10807
f 10818 10807 10819
f 10817 10809 10808
f 10817 10808 10818
f 10816 10810 10809
f 10816 10809 10817
f 10815 10811 10810
f 10815 10810 10816
f 10814 10812 10811
f 10814 10811 10815
f 10813 10812 10814
f 10825 10827 10826
f 10850 10828 10827
f 10850 10827 10825
f 10849 10829 10828
f 10849 10828 10850
f 10848 10830 10829
f 10848 10829 10849
f 10847 10831 10830
f 10847 10830 10848
f 10846 10832 10831
f 10846 10831 10847
f 10845 10833 10832
f 10845 10832 10846
f 10844 10834 10833
f 10844 10833 10845
f 10843 10835 10834
f 10843 10834 10844
f 10842 10836 10835
f 10842 10835 10843
f 10841 10837 10836
f 10841 10836 10842
f 10840 10838 10837
f 10840 10837 10841
f 10839 10838 10840
f 10851 10853 10852
f 10876 10854 10853
f 10876 10853 10851
f 10875 10855 10854
f 10875 10854 10876
f 10874 10856 10855
f 10874 10855 10875
f 10873 10857 10856
f 10873 10856 10874
f 10872 10858 10857
f 10872 10857 10873
f 10871 10859 10858
f 10871 10858 10872
f 10870 10860 10859
f 10870 10859 10871
f 10869 10861 10860
f 10869 10860 10870
f 10868 10862 10861
f 10868 10861 10869
f 10867 10863 10862
f 10867 10862 10868
f 10866 10863 10867
f 10865 10864 10863
f 10865 10863 10866
f 10902 10878 10877
f 10902 10879 10878
f 10901 10880 10879
f 10901 10881 10880
f 10901 10879 10902
f 10900 10882 10881
f 10900 10881 10901
f 10899 10883 10882
f 10899 10882 10900
f 10898 10884 10883
f 10898 10883 10899
f 10897 10885 10884
f 10897 10884 10898
f 10896 10886 10885
f 10896 10885 10897
f 10895 10887 10886
f 10895 10886 10896
f 10894 10888 10887
f 10894 10887 10895
f 10893 10889 10888
f 10893 10888 10894
f 10892 10889 10893
f 10891 10890 10889
f 10891 10889 10892
f 10903 10905 10904
f 10928 10906 10905
f 10928 10905 10903
f 10927 10907 10906
f 10927 10906 10928
f 10926 10908 10907
f 10926 10907 10927
f 10925 10909 10908
f 10925 10908 10926
f 10924 10910 10909
f 10924 10909 10925
f 10923 10911 10910
f 10923 10910 10924
f 10922 10912 10911
f 10922 10911 10923
f 10921 10913 10912
f 10921 10912 10922
f 10920 10914 10913
f 10920 10913 10921
f 10919 10915 10914
f 10919 10914 10920
f 10918 10915 10919
f 10917 10916 10915
f 10917 10915 10918
f 10929 10931 10930
f 10954 10932 10931
f 10954 10931 10929
f 10953 10933 10932
f 10953 10932 10954
f 10952 10934 10933
f 10952 10933 10953
f 10951 10935 10934
f 10951 10934 10952
f 10950 10936 10935
f 10950 10935 10951
f 10949 10937 10936
f 10949 10936 10950
f 10948 10938 10937
f 10948 10937 10949
f 10947 10939 10938
f 10947 10938 10948
f 10946 10940 10939
f 10946 10939 10947
f 10945 10941 10940
f 10945 10940 10946
f 10944 10941 10945
f 10943 10942 10941
f 10943 10941 10944
f 10980 10956 10955
f 10980 10957 10956
f 10979 10958 10957
f 10979 10959 10958
f 10979 10957 10980
f 10978 10960 10959
f 10978 10959 10979
f 10977 10961 10960
f 10977 10960 10978
f 10976 10962 10961
f 10976 10961 10977
f 10975 10963 10962
f 10975 10962 10976
f 10974 10964 10963
f 10974 10963 10975
f 10973 10965 10964
f 10973 10964 10974
f 10972 10966 10965
f 10972 10965 10973
f 10971 10967 10966
f 10971 10966 10972
f 10970 10967 10971
f 10969 10968 10967
f 10969 10967 10970
f 10981 10983 10982
f 11006 10984 10983
f 11006 10983 10981
f 11005 10985 10984
f 11005 10984 11006
f 11004 10986 10985
f 11004 10985 11005
f 11003 10987 10986
f 11003 10986 11004
f 11002 10988 10987
f 11002 10987 11003
f 11001 10989 10988
f 11001 10988 11002
f 11000 10990 10989
f 11000 10989 11001
f 10999 10991 10990
f 10999 10990 11000
f 10998 10992 10991
f 10998 10991 10999
f 10997 10993 10992
f 10997 10992 10998
f 10996 10993 10997
f 10995 10994 10993
f 10995 10993 10996
f 11007 11009 11008
f 11032 11010 11009
f 11032 11009 11007
f 11031 11011 11010
f 11031 11010 11032
f 11030 11012 11011
f 11030 11011 11031
f 11029 11013 11012
f 11029 11012 11030
f 11028 11014 11013
f 11028 11013 11029
f 11027 11015 11014
f 11027 11014 11028
f 11026 11016 11015
f 11026 11015 11027
f 11025 11017 11016
f 11025 11016 11026
f 11024 11018 11017
f 11024 11017 11025
f 11023 11019 11018
f 11023 11018 11024
f 11022 11020 11019
f 11022 11019 11023
f 11021 11020 11022
f 11033 11035 11034
f 11058 11036 11035
f 11058 11035 11033
f 11057 11037 11036
f 11057 11036 11058
f 11056 11038 11037
f 11056 11037 11057
f 11055 11039 11038
f 11055 11038 11056
f 11054 11040 11039
f 11054 11039 11055
f 11053 11041 11040
f 11053 11040 11054
f 11052 11042 11041
f 11052 11041 11053
f 11051 11043 11042
f 11051 11042 11052
f 11050 11044 11043
f 11050 11043 11051
f 11049 11045 11044
f 11049 11044 11050
f 11048 11046 11045
f 11048 11045 11049
f 11047 11046 11048
f 11059 11061 11060
f 11084 11062 11061
f 11084 11061 11059
f 11083 11063 11062
f 11083 11062 11084
f 11082 11064 11063
f 11082 11063 11083
f 11081 11065 11064
f 11081 11064 11082
f 11080 11066 11065
f 11080 11065 11081
f 11079 11067 11066
f 11079 11066 11080
f 11078 11068 11067
f 11078 11067 11079
f 11077 11069 11068
f 11077 11068 11078
f 11076 11070 11069
f 11076 11069 11077
f 11075 11071 11070
f 11075 11070 11076
f 11074 11071 11075
f 11073 11072 11071
f 11073 11071 11074
f 11110 11086 11085
f 11110 11087 11086
f 11109 11088 11087
f 11109 11089 11088
f 11109 11087 11110
f 11108 11090 11089
f 11108 11089 11109
f 11107 11091 11090
f 11107 11090 11108
f 11106 11092 11091
f 11106 11091 11107
f 11105 11093 11092
f 11105 11092 11106
f 11104 11094 11093
f 11104 11093 11105
f 11103 11095 11094
f 11103 11094 11104
f 11102 11096 11095
f 11102 11095 11103
f 11101 11097 11096
f 11101 11096 11102
f 11100 11097 11101
f 11099 11098 11097
f 11099 11097 11100
f 11111 11113 11112
f 11136 11114 11113
f 11136 11113 11111
f 11135 11115 11114
f 11135 11114 11136
f 11134 11116 11115
f 11134 11115 11135
f 11133 11117 11116
f 11133 11116 11134
f 11132 11118 11117
f 11132 11117 11133
f 11131 11119 11118
f 11131 11118 11132
f 11130 11120 11119
f 11130 11119 11131
f 11129 11121 11120
f 11129 11120 11130
f 11128 11122 11121
f 11128 11121 11129
f 11127 11123 11122
f 11127 11122 11128
f 11126 11123 11127
f 11125 11124 11123
f 11125 11123 11126
f 11137 11139 11138
f 11162 11140 11139
f 11162 11139 11137
f 11161 11141 11140
f 11161 11140 11162
f 11160 11142 11141
f 11160 11141 11161
f 11159 11143 11142
f 11159 11142 11160
f 11158 11144 11143
f 11158 11143 11159
f 11157 11145 11144
f 11157 11144 11158
f 11156 11146 11145
f 11156 11145 11157
f 11155 11147 11146
f 11155 11146 11156
f 11154 11148 11147
f 11154 11147 11155
f 11153 11149 11148
f 11153 11148 11154
f 11152 11149 11153
f 11151 11150 11149
f 11151 11149 11152
f 11188 11164 11163
f 11188 11165 11164
f 11187 11166 11165
f 11187 11167 11166
f 11187 11165 11188
f 11186 11168 11167
f 11186 11167 11187
f 11185 11169 11168
f 11185 11168 11186
f 11184 11170 11169
f 11184 11169 11185
f 11183 11171 11170
f 11183 11170 11184
f 11182 11172 11171
f 11182 11171 11183
f 11181 11173 11172
f 11181 11172 11182
f 11180 11174 11173
f 11180 11173 11181
f 11179 11175 11174
f 11179 11174 11180
f 11178 11175 11179
f 11177 11176 11175
f 11177 11175 11178
f 11189 11191 11190
f 11214 11192 11191
f 11214 11191 11189
f 11213 11193 11192
f 11213 11192 11214
f 11212 11194 11193
f 11212 11193 11213
f 11211 11195 11194
f 11211 11194 11212
f 11210 11196 11195
f 11210 11195 11211
f 11209 11197 11196
f 11209 11196 11210
f 11208 11198 11197
f 11208 11197 11209
f 11207 11199 11198
f 11207 11198 11208
f 11206 11200 11199
f 11206 11199 11207
f 11205 11201 11200
f 11205 11200 11206
f 11204 11201 11205
f 11203 11202 11201
f 11203 11201 11204
f 11215 11217 11216
f 11240 11218 11217
f 11240 11217 11215
f 11239 11219 11218
f 11239 11218 11240
f 11238 11220 11219
f 11238 11219 11239
f 11237 11221 11220
f 11237 11220 11238
f 11236 11222 11221
f 11236 11221 11237
f 11235 11223 11222
f 11235 11222 11236
f 11234 11224 11223
f 11234 11223 11235
f 11233 11225 11224
f 11233 11224 11234
f 11232 11226 11225
f 11232 11225 11233
f 11231 11227 11226
f 11231 11226 11232
f 11230 11228 11227
f 11230 11227 11231
f 11229 11228 11230
f 11241 11243 11242
f 11266 11244 11243
f 11266 11243 11241
f 11265 11245 11244
f 11265 11244 11266
f 11264 11246 11245
f 11264 11245 11265
f 11263 11247 11246
f 11263 11246 11264
f 11262 11248 11247
f 11262 11247 11263
f 11261 11249 11248
f 11261 11248 11262
f 11260 11250 11249
f 11260 11249 11261
f 11259 11251 11250
f 11259 11250 11260
f 11258 11252 11251
f 11258 11251 11259
f 11257 11253 11252
f 11257 11252 11258
f 11256 11254 11253
f 11256 11253 11257
f 11255 11254 11256
f 11267 11269 11268
f 11292 11270 11269
f 11292 11269 11267
f 11291 11271 11270
f 11291 11270 11292
f 11290 11272 11271
f 11290 11271 11291
f 11289 11273 11272
f 11289 11272 11290
f 11288 11274 11273
f 11288 11273 11289
f 11287 11275 11274
f 11287 11274 11288
f 11286 11276 11275
f 11286 11275 11287
f 11285 11277 11276
f 11285 11276 11286
f 11284 11278 11277
f 11284 11277 11285
f 11283 11279 11278
f 11283 11278 11284
f 11282 11279 11283
f 11281 11280 11279
f 11281 11279 11282
f 11318 11294 11293
f 11318 11295 11294
f 11317 11296 11295
f 11317 11297 11296
f 11317 11295 11318
f 11316 11298 11297
f 11316 11297 11317
f 11315 11299 11298
f 11315 11298 11316
f 11314 11300 11299
f 11314 11299 11315
f 11313 11301 11300
f 11313 11300 11314
f 11312 11302 11301
f 11312 11301 11313
f 11311 11303 11302
f 11311 11302 11312
f 11310 11304 11303
f 11310 11303 11311
f 11309 11305 11304
f 11309 11304 11310
f 11308 11305 11309
f 11307 11306 11305
f 11307 11305 11308
f 11319 11321 11320
f 11344 11322 11321
f 11344 11321 11319
f 11343 11323 11322
f 11343 11322 11344
f 11342 11324 11323
f 11342 11323 11343
f 11341 11325 11324
f 11341 11324 11342
f 11340 11326 11325
f 11340 11325 11341
f 11339 11327 11326
f 11339 11326 11340
f 11338 11328 11327
f 11338 11327 11339
f 11337 11329 11328
f 11337 11328 11338
f 11336 11330 11329
f 11336 11329 11337
f 11335 11331 11330
f 11335 11330 11336
f 11334 11331 11335
f 11333 11332 11331
f 11333 11331 11334
f 11345 11347 11346
f 11370 11348 11347
f 11370 11347 11345
f 11369 11349 11348
f 11369 11348 11370
f 11368 11350 11349
f 11368 11349 11369
f 11367 11351 11350
f 11367 11350 11368
f 11366 11352 11351
f 11366 11351 11367
f 11365 11353 11352
f 11365 11352 11366
f 11364 11354 11353
f 11364 11353 11365
f 11363 11355 11354
f 11363 11354 11364
f 11362 11356 11355
f 11362 11355 11363
f 11361 11357 11356
f 11361 11356 11362
f 11360 11357 11361
f 11359 11358 11357
f 11359 11357 11360
f 11396 11372 11371
f 11396 11373 11372
f 11395 11374 11373
f 11395 11375 11374
f 11395 11373 11396
f 11394 11376 11375
f 11394 11375 11395
f 11393 11377 11376
f 11393 11376 11394
f 11392 11378 11377
f 11392 11377 11393
f 11391 11379 11378
f 11391 11378 11392
f 11390 11380 11379
f 11390 11379 11391
f 11389 11381 11380
f 11389 11380 11390
f 11388 11382 11381
f 11388 11381 11389
f 11387 11383 11382
f 11387 11382 11388
f 11386 11383 11387
f 11385 11384 11383
f 11385 11383 11386
f 11397 11399 11398
f 11422 11400 11399
f 11422 11399 11397
f 11421 11401 11400
f 11421 11400 11422
f 11420 11402 11401
f 11420 11401 11421
f 11419 11403 11402
f 11419 11402 11420
f 11418 11404 11403
f 11418 11403 11419
f 11417 11405 11404
f 11417 11404 11418
f 11416 11406 11405
f 11416 11405 11417
f 11415 11407 11406
f 11415 11406 11416
f 11414 11408 11407
f 11414 11407 11415
f 11413 11409 11408
f 11413 11408 11414
f 11412 11409 11413
f 11411 11410 11409
f 11411 11409 11412
f 11423 11425 11424
f 11448 11426 11425
f 11448 11425 11423
f 11447 11427 11426
f 11447 11426 11448
f 11446 11428 11427
f 11446 11427 11447
f 11445 11429 11428
f 11445 11428 11446
f 11444 11430 11429
f 11444 11429 11445
f 11443 11431 11430
f 11443 11430 11444
f 11442 11432 11431
f 11442 11431 11443
f 11441 11433 11432
f 11441 11432 11442
f 11440 11434 11433
f 11440 11433 11441
f 11439 11435 11434
f 11439 11434 11440
f 11438 11436 11435
f 11438 11435 11439
f 11437 11436 11438
f 11449 11451 11450
f 11474 11452 11451
f 11474 11451 11449
f 11473 11453 11452
f 11473 11452 11474
f 11472 11454 11453
f 11472 11453 11473
f 11471 11455 11454
f 11471 11454 11472
f 11470 11456 11455
f 11470 11455 11471
f 11469 11457 11456
f 11469 11456 11470
f 11468 11458 11457
f 11468 11457 11469
f 11467 11459 11458
f 11467 11458 11468
f 11466 11460 11459
f 11466 11459 11467
f 11465 11461 11460
f 11465 11460 11466
f 11464 11462 11461
f 11464 11461 11465
f 11463 11462 11464
f 11475 11477 11476
f 11500 11478 11477
f 11500 11477 11475
f 11499 11479 11478
f 11499 11478 11500
f 11498 11480 11479
f 11498 11479 11499
f 11497 11481 11480
f 11497 11480 11498
f 11496 11482 11481
f 11496 11481 11497
f 11495 11483 11482
f 11495 11482 11496
f 11494 11484 11483
f 11494 11483 11495
f 11493 11485 11484
f 11493 11484 11494
f 11492 11486 11485
f 11492 11485 11493
f 11491 11487 11486
f 11491 11486 11492
f 11490 11487 11491
f 11489 11488 11487
f 11489 11487 11490
f 11526 11502 11501
f 11526 11503 11502
f 11525 11504 11503
f 11525 11505 11504
f 11525 11503 11526
f 11524 11506 11505
f 11524 11505 11525
f 11523 11507 11506
f 11523 11506 11524
f 11522 11508 11507
f 11522 11507 11523
f 11521 11509 11508
f 11521 11508 11522
f 11520 11510 11509
f 11520 11509 11521
f 11519 11511 11510
f 11519 11510 11520
f 11518 11512 11511
f 11518 11511 11519
f 11517 11513 11512
f 11517 11512 11518
f 11516 11513 11517
f 11515 11514 11513
f 11515 11513 11516
f 11527 11529 11528
f 11552 11530 11529
f 11552 11529 11527
f 11551 11531 11530
f 11551 11530 11552
f 11550 11532 11531
f 11550 11531 11551
f 11549 11533 11532
f 11549 11532 11550
f 11548 11534 11533
f 11548 11533 11549
f 11547 11535 11534
f 11547 11534 11548
f 11546 11536 11535
f 11546 11535 11547
f 11545 11537 11536
f 11545 11536 11546
f 11544 11538 11537
f 11544 11537 11545
f 11543 11539 11538
f 11543 11538 11544
f 11542 11539 11543
f 11541 11540 11539
f 11541 11539 11542
f 11553 11555 11554
f 11578 11556 11555
f 11578 11555 11553
f 11577 11557 11556
f 11577 11556 11578
f 11576 11558 11557
f 11576 11557 11577
f 11575 11559 11558
f 11575 11558 11576
f 11574 11560 11559
f 11574 11559 11575
f 11573 11561 11560
f 11573 11560 11574
f 11572 11562 11561
f 11572 11561 11573
f 11571 11563 11562
f 11571 11562 11572
f 11570 11564 11563
f 11570 11563 11571
f 11569 11565 11564
f 11569 11564 11570
f 11568 11565 11569
f 11567 11566 11565
f 11567 11565 11568
f 11604 11580 11579
f 11604 11581 11580
f 11603 11582 11581
f 11603 11583 11582
f 11603 11581 11604
f 11602 11584 11583
f 11602 11583 11603
f 11601 11585 11584
f 11601 11584 11602
f 11600 11586 11585
f 11600 11585 11601
f 11599 11587 11586
f 11599 11586 11600
f 11598 11588 11587
f 11598 11587 11599
f 11597 11589 11588
f 11597 11588 11598
f 11596 11590 11589
f 11596 11589 11597
f 11595 11591 11590
f 11595 11590 11596
f 11594 11591 11595
f 11593 11592 11591
f 11593 11591 11594
f 11605 11607 11606
f 11630 11608 11607
f 11630 11607 11605
f 11629 11609 11608
f 11629 11608 11630
f 11628 11610 11609
f 11628 11609 11629
f 11627 11611 11610
f 11627 11610 11628
f 11626 11612 11611
f 11626 11611 11627
f 11625 11613 11612
f 11625 11612 11626
f 11624 11614 11613
f 11624 11613 11625
f 11623 11615 11614
f 11623 11614 11624
f 11622 11616 11615
f 11622 11615 11623
f 11621 11617 11616
f 11621 11616 11622
f 11620 11617 11621
f 11619 11618 11617
f 11619 11617 11620
f 11631 11633 11632
f 11656 11634 11633
f 11656 11633 11631
f 11655 11635 11634
f 11655 11634 11656
f 11654 11636 11635
f 11654 11635 11655
f 11653 11637 11636
f 11653 11636 11654
f 11652 11638 11637
f 11652 11637 11653
f 11651 11639 11638
f 11651 11638 11652
f 11650 11640 11639
f 11650 11639 11651
f 11649 11641 11640
f 11649 11640 11650
f 11648 11642 11641
f 11648 11641 11649
f 11647 11643 11642
f 11647 11642 11648
f 11646 11644 11643
f 11646 11643 11647
f 11645 11644 11646
f 11657 11659 11658
f 11682 11660 11659
f 11682 11659 11657
f 11681 11661 11660
f 11681 11660 11682
f 11680 11662 11661
f 11680 11661 11681
f 11679 11663 11662
f 11679 11662 11680
f 11678 11664 11663
f 11678 11663 11679
f 11677 11665 11664
f 11677 11664 11678
f 11676 11666 11665
f 11676 11665 11677
f 11675 11667 11666
f 11675 11666 11676
f 11674 11668 11667
f 11674 11667 11675
f 11673 11669 11668
f 11673 11668 11674
f 11672 11670 11669
f 11672 11669 11673
f 11671 11670 11672
f 11683 11685 11684
f 11708 11686 11685
f 11708 11685 11683
f 11707 11687 11686
f 11707 11686 11708
f 11706 11688 11687
f 11706 11687 11707
f 11705 11689 11688
f 11705 11688 11706
f 11704 11690 11689
f 11704 11689 11705
f 11703 11691 11690
f 11703 11690 11704
f 11702 11692 11691
f 11702 11691 11703
f 11701 11693 11692
f 11701 11692 11702
f 11700 11694 11693
f 11700 11693 11701
f 11699 11695 11694
f 11699 11694 11700
f 11698 11695 11699
f 11697 11696 11695
f 11697 11695 11698
f 11734 11710 11709
f 11734 11711 11710
f 11733 11712 11711
f 11733 11713 11712
f 11733 11711 11734
f 11732 11714 11713
f 11732 11713 11733
f 11731 11715 11714
f 11731 11714 11732
f 11730 11716 11715
f 11730 11715 11731
f 11729 11717 11716
f 11729 11716 11730
f 11728 11718 11717
f 11728 11717 11729
f 11727 11719 11718
f 11727 11718 11728
f 11726 11720 11719
f 11726 11719 11727
f 11725 11721 11720
f 11725 11720 11726
f 11724 11721 11725
f 11723 11722 11721
f 11723 11721 11724
f 11735 11737 11736
f 11760 11738 11737
f 11760 11737 11735
f 11759 11739 11738
f 11759 11738 11760
f 11758 11740 11739
f 11758 11739 11759
f 11757 11741 11740
f 11757 11740 11758
f 11756 11742 11741
f 11756 11741 11757
f 11755 11743 11742
f 11755 11742 11756
f 11754 11744 11743
f 11754 11743 11755
f 11753 11745 11744
f 11753 11744 11754
f 11752 11746 11745
f 11752 11745 11753
f 11751 11747 11746
f 11751 11746 11752
f 11750 11747 11751
f 11749 11748 11747
f 11749 11747 11750
f 11761 11763 11762
f 11786 11764 11763
f 11786 11763 11761
f 11785 11765 11764
f 11785 11764 11786
f 11784 11766 11765
f 11784 11765 11785
f 11783 11767 11766
f 11783 11766 11784
f 11782 11768 11767
f 11782 11767 11783
f 11781 11769 11768
f 11781 11768 11782
f 11780 11770 11769
f 11780 11769 11781
f 11779 11771 11770
f 11779 11770 11780
f 11778 11772 11771
f 11778 11771 11779
f 11777 11773 11772
f 11777 11772 11778
f 11776 11773 11777
f 11775 11774 11773
f 11775 11773 11776
f 11812 11788 11787
f 11812 11789 11788
f 11811 11790 11789
f 11811 11791 11790
f 11811 11789 11812
f 11810 11792 11791
f 11810 11791 11811
f 11809 11793 11792
f 11809 11792 11810
f 11808 11794 11793
f 11808 11793 11809
f 11807 11795 11794
f 11807 11794 11808
f 11806 11796 11795
f 11806 11795 11807
f 11805 11797 11796
f 11805 11796 11806
f 11804 11798 11797
f 11804 11797 11805
f 11803 11799 11798
f 11803 11798 11804
f 11802 11799 11803
f 11801 11800 11799
f 11801 11799 11802
f 11813 11815 11814
f 11838 11816 11815
f 11838 11815 11813
f 11837 11817 11816
f 11837 11816 11838
f 11836 11818 11817
f 11836 11817 11837
f 11835 11819 11818
f 11835 11818 11836
f 11834 11820 11819
f 11834 11819 11835
f 11833 11821 11820
f 11833 11820 11834
f 11832 11822 11821
f 11832 11821 11833
f 11831 11823 11822
f 11831 11822 11832
f 11830 11824 11823
f 11830 11823 11831
f 11829 11825 11824
f 11829 11824 11830
f 11828 11825 11829
f 11827 11826 11825
f 11827 11825 11828
f 11839 11841 11840
f 11864 11842 11841
f 11864 11841 11839
f 11863 11843 11842
f 11863 11842 11864
f 11862 11844 11843
f 11862 11843 11863
f 11861 11845 11844
f 11861 11844 11862
f 11860 11846 11845
f 11860 11845 11861
f 11859 11847 11846
f 11859 11846 11860
f 11858 11848 11847
f 11858 11847 11859
f 11857 11849 11848
f 11857 11848 11858
f 11856 11850 11849
f 11856 11849 11857
f 11855 11851 11850
f 11855 11850 11856
f 11854 11852 11851
f 11854 11851 11855
f 11853 11852 11854
f 11865 11867 11866
f 11890 11868 11867
f 11890 11867 11865
f 11889 11869 11868
f 11889 11868 11890
f 11888 11870 11869
f 11888 11869 11889
f 11887 11871 11870
f 11887 11870 11888
f 11886 11872 11871
f 11886 11871 11887
f 11885 11873 11872
f 11885 11872 11886
f 11884 11874 11873
f 11884 11873 11885
f 11883 11875 11874
f 11883 11874 11884
f 11882 11876 11875
f 11882 11875 11883
f 11881 11877 11876
f 11881 11876 11882
f 11880 11878 11877
f 11880 11877 11881
f 11879 11878 11880
f 11891 11893 11892
f 11916 11894 11893
f 11916 11893 11891
f 11915 11895 11894
f 11915 11894 11916
f 11914 11896 11895
f 11914 11895 11915
f 11913 11897 11896
f 11913 11896 11914
f 11912 11898 11897
f 11912 11897 11913
f 11911 11899 11898
f 11911 11898 11912
f 11910 11900 11899
f 11910 11899 11911
f 11909 11901 11900
f 11909 11900 11910
f 11908 11902 11901
f 11908 11901 11909
f 11907 11903 11902
f 11907 11902 11908
f 11906 11903 11907
f 11905 11904 11903
f 11905 11903 11906
f 11942 11918 11917
f 11942 11919 11918
f 11941 11920 11919
f 11941 11921 11920
f 11941 11919 11942
f 11940 11922 11921
f 11940 11921 11941
f 11939 11923 11922
f 11939 11922 11940
f 11938 11924 11923
f 11938 11923 11939
f 11937 11925 11924
f 11937 11924 11938
f 11936 11926 11925
f 11936 11925 11937
f 11935 11927 11926
f 11935 11926 11936
f 11934 11928 11927
f 11934 11927 11935
f 11933 11929 11928
f 11933 11928 11934
f 11932 11929 11933
f 11931 11930 11929
f 11931 11929 11932
f 11943 11945 11944
f 11968 11946 11945
f 11968 11945 11943
f 11967 11947 11946
f 11967 11946 11968
f 11966 11948 11947
f 11966 11947 11967
f 11965 11949 11948
f 11965 11948 11966
f 11964 11950 11949
f 11964 11949 11965
f 11963 11951 11950
f 11963 11950 11964
f 11962 11952 11951
f 11962 11951 11963
f 11961 11953 11952
f 11961 11952 11962
f 11960 11954 11953
f 11960 11953 11961
f 11959 11955 11954
f 11959 11954 11960
f 11958 11955 11959
f 11957 11956 11955
f 11957 11955 11958
f 11969 11971 11970
f 11994 11972 11971
f 11994 11971 11969
f 11993 11973 11972
f 11993 11972 11994
f 11992 11974 11973
f 11992 11973 11993
f 11991 11975 11974
f 11991 11974 11992
f 11990 11976 11975
f 11990 11975 11991
f 11989 11977 11976
f 11989 11976 11990
f 11988 11978 11977
f 11988 11977 11989
f 11987 11979 11978
f 11987 11978 11988
f 11986 11980 11979
f 11986 11979 11987
f 11985 11981 11980
f 11985 11980 11986
f 11984 11981 11985
f 11983 11982 11981
f 11983 11981 11984
f 12020 11996 11995
f 12020 11997 11996
f 12019 11998 11997
f 12019 11999 11998
f 12019 11997 12020
f 12018 12000 11999
f 12018 11999 12019
f 12017 12001 12000
f 12017 12000 12018
f 12016 12002 12001
f 12016 12001 12017
f 12015 12003 12002
f 12015 12002 12016
f 12014 12004 12003
f 12014 12003 12015
f 12013 12005 12004
f 12013 12004 12014
f 12012 12006 12005
f 12012 12005 12013
f 12011 12007 12006
f 12011 12006 12012
f 12010 12007 12011
f 12009 12008 12007
f 12009 12007 12010
f 12021 12023 12022
f 12046 12024 12023
f 12046 12023 12021
f 12045 12025 12024
f 12045 12024 12046
f 12044 12026 12025
f 12044 12025 12045
f 12043 12027 12026
f 12043 12026 12044
f 12042 12028 12027
f 12042 12027 12043
f 12041 12029 12028
f 12041 12028 12042
f 12040 12030 12029
f 12040 12029 12041
f 12039 12031 12030
f 12039 12030 12040
f 12038 12032 12031
f 12038 12031 12039
f 12037 12033 12032
f 12037 12032 12038
f 12036 12033 12037
f 12035 12034 12033
f 12035 12033 12036
f 12047 12049 12048
f 12072 12050 12049
f 12072 12049 12047
f 12071 12051 12050
f 12071 12050 12072
f 12070 12052 12051
f 12070 12051 12071
f 12069 12053 12052
f 12069 12052 12070
f 12068 12054 12053
f 12068 12053 12069
f 12067 12055 12054
f 12067 12054 12068
f 12066 12056 12055
f 12066 12055 12067
f 12065 12057 12056
f 12065 12056 12066
f 12064 12058 12057
f 12064 12057 12065
f 12063 12059 12058
f 12063 12058 12064
f 12062 12060 12059
f 12062 12059 12063
f 12061 12060 12062
f 12073 12075 12074
f 12098 12076 12075
f 12098 12075 12073
f 12097 12077 12076
f 12097 12076 12098
f 12096 12078 12077
f 12096 12077 12097
f 12095 12079 12078
f 12095 12078 12096
f 12094 12080 12079
f 12094 12079 12095
f 12093 12081 12080
f 12093 12080 12094
f 12092 12082 12081
f 12092 12081 12093
f 12091 12083 12082
f 12091 12082 12092
f 12090 12084 12083
f 12090 12083 12091
f 12089 12085 12084
f 12089 12084 12090
f 12088 12086 12085
f 12088 12085 12089
f 12087 12086 12088
f 12099 12101 12100
f 12124 12102 12101
f 12124 12101 12099
f 12123 12103 12102
f 12123 12102 12124
f 12122 12104 12103
f 12122 12103 12123
f 12121 12105 12104
f 12121 12104 12122
f 12120 12106 12105
f 12120 12105 12121
f 12119 12107 12106
f 12119 12106 12120
f 12118 12108 12107
f 12118 12107 12119
f 12117 12109 12108
f 12117 12108 12118
f 12116 12110 12109
f 12116 12109 12117
f 12115 12111 12110
f 12115 12110 12116
f 12114 12111 12115
f 12113 12112 12111
f 12113 12111 12114
f 12150 12126 12125
f 12150 12127 12126
f 12149 12128 12127
f 12149 12129 12128
f 12149 12127 12150
f 12148 12130 12129
f 12148 12129 12149
f 12147 12131 12130
f 12147 12130 12148
f 12146 12132 12131
f 12146 12131 12147
f 12145 12133 12132
f 12145 12132 12146
f 12144 12134 12133
f 12144 12133 12145
f 12143 12135 12134
f 12143 12134 12144
f 12142 12136 12135
f 12142 12135 12143
f 12141 12137 12136
f 12141 12136 12142
f 12140 12137 12141
f 12139 12138 12137
f 12139 12137 12140
f 12151 12153 12152
f 12176 12154 12153
f 12176 12153 12151
f 12175 12155 12154
f 12175 12154 12176
f 12174 12156 12155
f 12174 12155 12175
f 12173 12157 12156
f 12173 12156 12174
f 12172 12158 12157
f 12172 12157 12173
f 12171 12159 12158
f 12171 12158 12172
f 12170 12160 12159
f 12170 12159 12171
f 12169 12161 12160
f 12169 12160 12170
f 12168 12162 12161
f 12168 12161 12169
f 12167 12163 12162
f 12167 12162 12168
f 12166 12163 12167
f 12165 12164 12163
f 12165 12163 12166
f 12177 12179 12178
f 12202 12180 12179
f 12202 12179 12177
f 12201 12181 12180
f 12201 12180 12202
f 12200 12182 12181
f 12200 12181 12201
f 12199 12183 12182
f 12199 12182 12200
f 12198 12184 12183
f 12198 12183 12199
f 12197 12185 12184
f 12197 12184 12198
f 12196 12186 12185
f 12196 12185 12197
f 12195 12187 12186
f 12195 12186 12196
f 12194 12188 12187
f 12194 12187 12195
f 12193 12189 12188
f 12193 12188 12194
f 12192 12189 12193
f 12191 12190 12189
f 12191 12189 12192
f 12228 12204 12203
f 12228 12205 12204
f 12227 12206 12205
f 12227 12207 12206
f 12227 12205 12228
f 12226 12208 12207
f 12226 12207 12227
f 12225 12209 12208
f 12225 12208 12226
f 12224 12210 12209
f 12224 12209 12225
f 12223 12211 12210
f 12223 12210 12224
f 12222 12212 12211
f 12222 12211 12223
f 12221 12213 12212
f 12221 12212 12222
f 12220 12214 12213
f 12220 12213 12221
f 12219 12215 12214
f 12219 12214 12220
f 12218 12215 12219
f 12217 12216 12215
f 12217 12215 12218
f 12229 12231 12230
f 12254 12232 12231
f 12254 12231 12229
f 12253 12233 12232
f 12253 12232 12254
f 12252 12234 12233
f 12252 12233 12253
f 12251 12235 12234
f 12251 12234 12252
f 12250 12236 12235
f 12250 12235 12251
f 12249 12237 12236
f 12249 12236 12250
f 12248 12238 12237
f 12248 12237 12249
f 12247 12239 12238
f 12247 12238 12248
f 12246 12240 12239
f 12246 12239 12247
f 12245 12241 12240
f 12245 12240 12246
f 12244 12241 12245
f 12243 12242 12241
f 12243 12241 12244
f 12255 12257 12256
f 12280 12258 12257
f 12280 12257 12255
f 12279 12259 12258
f 12279 12258 12280
f 12278 12260 12259
f 12278 12259 12279
f 12277 12261 12260
f 12277 12260 12278
f 12276 12262 12261
f 12276 12261 12277
f 12275 12263 12262
f 12275 12262 12276
f 12274 12264 12263
f 12274 12263 12275
f 12273 12265 12264
f 12273 12264 12274
f 12272 12266 12265
f 12272 12265 12273
f 12271 12267 12266
f 12271 12266 12272
f 12270 12268 12267
f 12270 12267 12271
f 12269 12268 12270
f 12281 12283 12282
f 12306 12284 12283
f 12306 12283 12281
f 12305 12285 12284
f 12305 12284 12306
f 12304 12286 12285
f 12304 12285 12305
f 12303 12287 12286
f 12303 12286 12304
f 12302 12288 12287
f 12302 12287 12303
f 12301 12289 12288
f 12301 12288 12302
f 12300 12290 12289
f 12300 12289 12301
f 12299 12291 12290
f 12299 12290 12300
f 12298 12292 12291
f 12298 12291 12299
f 12297 12293 12292
f 12297 12292 12298
f 12296 12294 12293
f 12296 12293 12297
f 12295 12294 12296
f 12307 12309 12308
f 12332 12310 12309
f 12332 12309 12307
f 12331 12311 12310
f 12331 12310 12332
f 12330 12312 12311
f 12330 12311 12331
f 12329 12313 12312
f 12329 12312 12330
f 12328 12314 12313
f 12328 12313 12329
f 12327 12315 12314
f 12327 12314 12328
f 12326 12316 12315
f 12326 12315 12327
f 12325 12317 12316
f 12325 12316 12326
f 12324 12318 12317
f 12324 12317 12325
f 12323 12319 12318
f 12323 12318 12324
f 12322 12319 12323
f 12321 12320 12319
f 12321 12319 12322
f 12358 12334 12333
f 12358 12335 12334
f 12357 12336 12335
f 12357 12337 12336
f 12357 12335 12358
f 12356 12338 12337
f 12356 12337 12357
f 12355 12339 12338
f 12355 12338 12356
f 12354 12340 12339
f 12354 12339 12355
f 12353 12341 12340
f 12353 12340 12354
f 12352 12342 12341
f 12352 12341 12353
f 12351 12343 12342
f 12351 12342 12352
f 12350 12344 12343
f 12350 12343 12351
f 12349 12345 12344
f 12349 12344 12350
f 12348 12345 12349
f 12347 12346 12345
f 12347 12345 12348
f 12359 12361 12360
f 12384 12362 12361
f 12384 12361 12359
f 12383 12363 12362
f 12383 12362 12384
f 12382 12364 12363
f 12382 12363 12383
f 12381 12365 12364
f 12381 12364 12382
f 12380 12366 12365
f 12380 12365 12381
f 12379 12367 12366
f 12379 12366 12380
f 12378 12368 12367
f 12378 12367 12379
f 12377 12369 12368
f 12377 12368 12378
f 12376 12370 12369
f 12376 12369 12377
f 12375 12371 12370
f 12375 12370 12376
f 12374 12371 12375
f 12373 12372 12371
f 12373 12371 12374
f 12385 12387 12386
f 12410 12388 12387
f 12410 12387 12385
f 12409 12389 12388
f 12409 12388 12410
f 12408 12390 12389
f 12408 12389 12409
f 12407 12391 12390
f 12407 12390 12408
f 12406 12392 12391
f 12406 12391 12407
f 12405 12393 12392
f 12405 12392 12406
f 12404 12394 12393
f 12404 12393 12405
f 12403 12395 12394
f 12403 12394 12404
f 12402 12396 12395
f 12402 12395 12403
f 12401 12397 12396
f 12401 12396 12402
f 12400 12397 12401
f 12399 12398 12397
f 12399 12397 12400
f 12436 12412 12411
f 12436 12413 12412
f 12435 12414 12413
f 12435 12415 12414
f 12435 12413 12436
f 12434 12416 12415
f 12434 12415 12435
f 12433 12417 12416
f 12433 12416 12434
f 12432 12418 12417
f 12432 12417 12433
f 12431 12419 12418
f 12431 12418 12432
f 12430 12420 12419
f 12430 12419 12431
f 12429 12421 12420
f 12429 12420 12430
f 12428 12422 12421
f 12428 12421 12429
f 12427 12423 12422
f 12427 12422 12428
f 12426 12423 12427
f 12425 12424 12423
f 12425 12423 12426
f 12437 12439 12438
f 12462 12440 12439
f 12462 12439 12437
f 12461 12441 12440
f 12461 12440 12462
f 12460 12442 12441
f 12460 12441 12461
f 12459 12443 12442
f 12459 12442 12460
f 12458 12444 12443
f 12458 12443 12459
f 12457 12445 12444
f 12457 12444 12458
f 12456 12446 12445
f 12456 12445 12457
f 12455 12447 12446
f 12455 12446 12456
f 12454 12448 12447
f 12454 12447 12455
f 12453 12449 12448
f 12453 12448 12454
f 12452 12449 12453
f 12451 12450 12449
f 12451 12449 12452
f 12463 12465 12464
f 12488 12466 12465
f 12488 12465 12463
f 12487 12467 12466
f 12487 12466 12488
f 12486 12468 12467
f 12486 12467 12487
f 12485 12469 12468
f 12485 12468 12486
f 12484 12470 12469
f 12484 12469 12485
f 12483 12471 12470
f 12483 12470 12484
f 12482 12472 12471
f 12482 12471 12483
f 12481 12473 12472
f 12481 12472 12482
f 12480 12474 12473
f 12480 12473 12481
f 12479 12475 12474
f 12479 12474 12480
f 12478 12476 12475
f 12478 12475 12479
f 12477 12476 12478
f 8681 8693 8694
f 8680 8681 8694
f 8654 8667 8668
f 8654 8655 8667
f 8732 8641 8642
f 8732 8733 8641
f 8706 8719 8720
f 8706 8707 8719
f 8603 8615 8616
f 8602 8603 8616
f 8576 8589 8590
f 8576 8577 8589
f 8550 8563 8564
f 8550 8551 8563
f 8628 8537 8538
f 8628 8629 8537
f 8889 8901 8902
f 8888 8889 8902
f 8862 8875 8876
f 8862 8863 8875
f 8940 8849 8850
f 8940 8941 8849
f 8914 8927 8928
f 8914 8915 8927
f 8811 8823 8824
f 8810 8811 8824
f 8784 8797 8798
f 8784 8785 8797
f 8758 8771 8772
f 8758 8759 8771
f 8836 8745 8746
f 8836 8837 8745
f 9096 9109 9110
f 9096 9097 9109
f 9070 9083 9084
f 9070 9071 9083
f 9149 9057 9058
f 9148 9149 9058
f 9122 9135 9136
f 9122 9123 9135
f 9018 9031 9032
f 9018 9019 9031
f 8992 9005 9006
f 8992 8993 9005
f 8966 8979 8980
f 8966 8967 8979
f 9044 8953 8954
f 9044 9045 8953
f 9304 9317 9318
f 9304 9305 9317
f 9278 9291 9292
f 9278 9279 9291
f 9356 9265 9266
f 9356 9357 9265
f 9330 9343 9344
f 9330 9331 9343
f 9226 9239 9240
f 9226 9227 9239
f 9200 9213 9214
f 9200 9201 9213
f 9174 9187 9188
f 9174 9175 9187
f 9252 9161 9162
f 9252 9253 9161
f 9512 9525 9526
f 9512 9513 9525
f 9486 9499 9500
f 9486 9487 9499
f 9564 9473 9474
f 9564 9565 9473
f 9538 9551 9552
f 9538 9539 9551
f 9434 9447 9448
f 9434 9435 9447
f 9408 9421 9422
f 9408 9409 9421
f 9383 9395 9396
f 9382 9383 9396
f 9460 9369 9370
f 9460 9461 9369
f 9721 9733 9734
f 9720 9721 9734
f 9694 9707 9708
f 9694 9695 9707
f 9772 9681 9682
f 9772 9773 9681
f 9746 9759 9760
f 9746 9747 9759
f 9643 9655 9656
f 9642 9643 9656
f 9616 9629 9630
f 9616 9617 9629
f 9590 9603 9604
f 9590 9591 9603
f 9668 9577 9578
f 9668 9669 9577
f 9928 9941 9942
f 9928 9929 9941
f 9902 9915 9916
f 9902 9903 9915
f 9980 9889 9890
f 9980 9981 9889
f 9954 9967 9968
f 9954 9955 9967
f 9850 9863 9864
f 9850 9851 9863
f 9824 9837 9838
f 9824 9825 9837
f 9798 9811 9812
f 9798 9799 9811
f 9876 9785 9786
f 9876 9877 9785
f 10136 10149 10150
f 10136 10137 10149
f 10110 10123 10124
f 10110 10111 10123
f 10189 10097 10098
f 10188 10189 10098
f 10162 10175 10176
f 10162 10163 10175
f 10058 10071 10072
f 10058 10059 10071
f 10032 10045 10046
f 10032 10033 10045
f 10007 10019 10020
f 10006 10007 10020
f 10084 9993 9994
f 10084 10085 9993
f 10344 10357 10358
f 10344 10345 10357
f 10318 10331 10332
f 10318 10319 10331
f 10396 10305 10306
f 10396 10397 10305
f 10370 10383 10384
f 10370 10371 10383
f 10266 10279 10280
f 10266 10267 10279
f 10240 10253 10254
f 10240 10241 10253
f 10214 10227 10228
f 10214 10215 10227
f 10292 10201 10202
f 10292 10293 10201
f 10552 10565 10566
f 10552 10553 10565
f 10526 10539 10540
f 10526 10527 10539
f 10604 10513 10514
f 10604 10605 10513
f 10578 10591 10592
f 10578 10579 10591
f 10474 10487 10488
f 10474 10475 10487
f 10448 10461 10462
f 10448 10449 10461
f 10423 10435 10436
f 10422 10423 10436
f 10500 10409 10410
f 10500 10501 10409
f 10760 10773 10774
f 10760 10761 10773
f 10734 10747 10748
f 10734 10735 10747
f 10812 10721 10722
f 10812 10813 10721
f 10786 10799 10800
f 10786 10787 10799
f 10682 10695 10696
f 10682 10683 10695
f 10656 10669 10670
f 10656 10657 10669
f 10630 10643 10644
f 10630 10631 10643
f 10708 10617 10618
f 10708 10709 10617
f 10968 10981 10982
f 10968 10969 10981
f 10942 10955 10956
f 10942 10943 10955
f 11020 10929 10930
f 11020 11021 10929
f 10994 11007 11008
f 10994 10995 11007
f 10890 10903 10904
f 10890 10891 10903
f 10864 10877 10878
f 10864 10865 10877
f 10838 10851 10852
f 10838 10839 10851
f 10916 10825 10826
f 10916 10917 10825
f 11176 11189 11190
f 11176 11177 11189
f 11150 11163 11164
f 11150 11151 11163
f 11228 11137 11138
f 11228 11229 11137
f 11202 11215 11216
f 11202 11203 11215
f 11098 11111 11112
f 11098 11099 11111
f 11072 11085 11086
f 11072 11073 11085
f 11046 11059 11060
f 11046 11047 11059
f 11124 11033 11034
f 11124 11125 11033
f 11384 11397 11398
f 11384 11385 11397
f 11358 11371 11372
f 11358 11359 11371
f 11436 11345 11346
f 11436 11437 11345
f 11410 11423 11424
f 11410 11411 11423
f 11306 11319 11320
f 11306 11307 11319
f 11280 11293 11294
f 11280 11281 11293
f 11254 11267 11268
f 11254 11255 11267
f 11332 11241 11242
f 11332 11333 11241
f 11592 11605 11606
f 11592 11593 11605
f 11566 11579 11580
f 11566 11567 11579
f 11644 11553 11554
f 11644 11645 11553
f 11618 11631 11632
f 11618 11619 11631
f 11514 11527 11528
f 11514 11515 11527
f 11488 11501 11502
f 11488 11489 11501
f 11462 11475 11476
f 11462 11463 11475
f 11540 11449 11450
f 11540 11541 11449
f 11800 11813 11814
f 11800 11801 11813
f 11774 11787 11788
f 11774 11775 11787
f 11852 11761 11762
f 11852 11853 11761
f 11826 11839 11840
f 11826 11827 11839
f 11722 11735 11736
f 11722 11723 11735
f 11696 11709 11710
f 11696 11697 11709
f 11670 11683 11684
f 11670 11671 11683
f 11748 11657 11658
f 11748 11749 11657
f 12008 12021 12022
f 12008 12009 12021
f 11982 11995 11996
f 11982 11983 11995
f 12060 11969 11970
f 12060 12061 11969
f 12034 12047 12048
f 12034 12035 12047
f 11930 11943 11944
f 11930 11931 11943
f 11904 11917 11918
f 11904 11905 11917
f 11878 11891 11892
f 11878 11879 11891
f 11956 11865 11866
f 11956 11957 11865
f 12216 12229 12230
f 12216 12217 12229
f 12190 12203 12204
f 12190 12191 12203
f 12268 12177 12178
f 12268 12269 12177
f 12242 12255 12256
f 12242 12243 12255
f 12138 12151 12152
f 12138 12139 12151
f 12112 12125 12126
f 12112 12113 12125
f 12086 12099 12100
f 12086 12087 12099
f 12164 12073 12074
f 12164 12165 12073
f 12424 12437 12438
f 12424 12425 12437
f 12398 12411 12412
f 12398 12399 12411
f 12476 12385 12386
f 12476 12477 12385
f 12450 12463 12464
f 12450 12451 12463
f 12346 12359 12360
f 12346 12347 12359
f 12320 12333 12334
f 12320 12321 12333
f 12294 12307 12308
f 12294 12295 12307
f 12372 12281 12282
f 12372 12373 12281
f 12489 12491 12490
f 12514 12492 12491
f 12514 12491 12489
f 12513 12493 12492
f 12513 12492 12514
f 12512 12494 12493
f 12512 12493 12513
f 12511 12495 12494
f 12511 12494 12512
f 12510 12496 12495
f 12510 12495 12511
f 12509 12497 12496
f 12509 12496 12510
f 12508 12498 12497
f 12508 12497 12509
f 12507 12499 12498
f 12507 12498 12508
f 12506 12500 12499
f 12506 12499 12507
f 12505 12501 12500
f 12505 12500 12506
f 12504 12502 12501
f 12504 12501 12505
f 12503 12502 12504
f 12515 12517 12516
f 12540 12518 12517
f 12540 12517 12515
f 12539 12519 12518
f 12539 12518 12540
f 12538 12520 12519
f 12538 12519 12539
f 12537 12521 12520
f 12537 12520 12538
f 12536 12522 12521
f 12536 12521 12537
f 12535 12523 12522
f 12535 12522 12536
f 12534 12524 12523
f 12534 12523 12535
f 12533 12525 12524
f 12533 12524 12534
f 12532 12526 12525
f 12532 12525 12533
f 12531 12527 12526
f 12531 12526 12532
f 12530 12527 12531
f 12529 12528 12527
f 12529 12527 12530
f 12566 12542 12541
f 12566 12543 12542
f 12565 12544 12543
f 12565 12545 12544
f 12565 12543 12566
f 12564 12546 12545
f 12564 12545 12565
f 12563 12547 12546
f 12563 12546 12564
f 12562 12548 12547
f 12562 12547 12563
f 12561 12549 12548
f 12561 12548 12562
f 12560 12550 12549
f 12560 12549 12561
f 12559 12551 12550
f 12559 12550 12560
f 12558 12552 12551
f 12558 12551 12559
f 12557 12553 12552
f 12557 12552 12558
f 12556 12553 12557
f 12555 12554 12553
f 12555 12553 12556
f 12567 12569 12568
f 12592 12570 12569
f 12592 12569 12567
f 12591 12571 12570
f 12591 12570 12592
f 12590 12572 12571
f 12590 12571 12591
f 12589 12573 12572
f 12589 12572 12590
f 12588 12574 12573
f 12588 12573 12589
f 12587 12575 12574
f 12587 12574 12588
f 12586 12576 12575
f 12586 12575 12587
f 12585 12577 12576
f 12585 12576 12586
f 12584 12578 12577
f 12584 12577 12585
f 12583 12579 12578
f 12583 12578 12584
f 12582 12579 12583
f 12581 12580 12579
f 12581 12579 12582
f 12593 12595 12594
f 12618 12596 12595
f 12618 12595 12593
f 12617 12597 12596
f 12617 12596 12618
f 12616 12598 12597
f 12616 12597 12617
f 12615 12599 12598
f 12615 12598 12616
f 12614 12600 12599
f 12614 12599 12615
f 12613 12601 12600
f 12613 12600 12614
f 12612 12602 12601
f 12612 12601 12613
f 12611 12603 12602
f 12611 12602 12612
f 12610 12604 12603
f 12610 12603 12611
f 12609 12605 12604
f 12609 12604 12610
f 12608 12606 12605
f 12608 12605 12609
f 12607 12606 12608
f 12619 12621 12620
f 12644 12622 12621
f 12644 12621 12619
f 12643 12623 12622
f 12643 12622 12644
f 12642 12624 12623
f 12642 12623 12643
f 12641 12625 12624
f 12641 12624 12642
f 12640 12626 12625
f 12640 12625 12641
f 12639 12627 12626
f 12639 12626 12640
f 12638 12628 12627
f 12638 12627 12639
f 12637 12629 12628
f 12637 12628 12638
f 12636 12630 12629
f 12636 12629 12637
f 12635 12631 12630
f 12635 12630 12636
f 12634 12631 12635
f 12633 12632 12631
f 12633 12631 12634
f 12670 12646 12645
f 12670 12647 12646
f 12669 12648 12647
f 12669 12649 12648
f 12669 12647 12670
f 12668 12650 12649
f 12668 12649 12669
f 12667 12651 12650
f 12667 12650 12668
f 12666 12652 12651
f 12666 12651 12667
f 12665 12653 12652
f 12665 12652 12666
f 12664 12654 12653
f 12664 12653 12665
f 12663 12655 12654
f 12663 12654 12664
f 12662 12656 12655
f 12662 12655 12663
f 12661 12657 12656
f 12661 12656 12662
f 12660 12657 12661
f 12659 12658 12657
f 12659 12657 12660
f 12671 12673 12672
f 12696 12674 12673
f 12696 12673 12671
f 12695 12675 12674
f 12695 12674 12696
f 12694 12676 12675
f 12694 12675 12695
f 12693 12677 12676
f 12693 12676 12694
f 12692 12678 12677
f 12692 12677 12693
f 12691 12679 12678
f 12691 12678 12692
f 12690 12680 12679
f 12690 12679 12691
f 12689 12681 12680
f 12689 12680 12690
f 12688 12682 12681
f 12688 12681 12689
f 12687 12683 12682
f 12687 12682 12688
f 12686 12683 12687
f 12685 12684 12683
f 12685 12683 12686
f 12697 12699 12698
f 12722 12700 12699
f 12722 12699 12697
f 12721 12701 12700
f 12721 12700 12722
f 12720 12702 12701
f 12720 12701 12721
f 12719 12703 12702
f 12719 12702 12720
f 12718 12704 12703
f 12718 12703 12719
f 12717 12705 12704
f 12717 12704 12718
f 12716 12706 12705
f 12716 12705 12717
f 12715 12707 12706
f 12715 12706 12716
f 12714 12708 12707
f 12714 12707 12715
f 12713 12709 12708
f 12713 12708 12714
f 12712 12709 12713
f 12711 12710 12709
f 12711 12709 12712
f 12748 12724 12723
f 12748 12725 12724
f 12747 12726 12725
f 12747 12727 12726
f 12747 12725 12748
f 12746 12728 12727
f 12746 12727 12747
f 12745 12729 12728
f 12745 12728 12746
f 12744 12730 12729
f 12744 12729 12745
f 12743 12731 12730
f 12743 12730 12744
f 12742 12732 12731
f 12742 12731 12743
f 12741 12733 12732
f 12741 12732 12742
f 12740 12734 12733
f 12740 12733 12741
f 12739 12735 12734
f 12739 12734 12740
f 12738 12735 12739
f 12737 12736 12735
f 12737 12735 12738
f 12749 12751 12750
f 12774 12752 12751
f 12774 12751 12749
f 12773 12753 12752
f 12773 12752 12774
f 12772 12754 12753
f 12772 12753 12773
f 12771 12755 12754
f 12771 12754 12772
f 12770 12756 12755
f 12770 12755 12771
f 12769 12757 12756
f 12769 12756 12770
f 12768 12758 12757
f 12768 12757 12769
f 12767 12759 12758
f 12767 12758 12768
f 12766 12760 12759
f 12766 12759 12767
f 12765 12761 12760
f 12765 12760 12766
f 12764 12761 12765
f 12763 12762 12761
f 12763 12761 12764
f 12775 12777 12776
f 12800 12778 12777
f 12800 12777 12775
f 12799 12779 12778
f 12799 12778 12800
f 12798 12780 12779
f 12798 12779 12799
f 12797 12781 12780
f 12797 12780 12798
f 12796 12782 12781
f 12796 12781 12797
f 12795 12783 12782
f 12795 12782 12796
f 12794 12784 12783
f 12794 12783 12795
f 12793 12785 12784
f 12793 12784 12794
f 12792 12786 12785
f 12792 12785 12793
f 12791 12787 12786
f 12791 12786 12792
f 12790 12788 12787
f 12790 12787 12791
f 12789 12788 12790
f 12554 12567 12568
f 12554 12555 12567
f 12529 12541 12542
f 12528 12529 12542
f 12502 12515 12516
f 12502 12503 12515
f 12580 12489 12490
f 12580 12581 12489
f 12736 12749 12750
f 12736 12737 12749
f 12710 12723 12724
f 12710 12711 12723
f 12788 12697 12698
f 12788 12789 12697
f 12762 12775 12776
f 12762 12763 12775
f 12658 12671 12672
f 12658 12659 12671
f 12632 12645 12646
f 12632 12633 12645
f 12606 12619 12620
f 12606 12607 12619
f 12684 12593 12594
f 12684 12685 12593
f 534 4946 533
f 4948 534 6551
f 4948 4946 534
f 6536 4948 6551
f 6535 6551 6550
f 6535 6536 6551
f 6534 6550 6549
f 6534 6535 6550
f 6533 6549 6548
f 6533 6534 6549
f 6532 6548 6547
f 6532 6533 6548
f 6531 6547 6546
f 6531 6532 6547
f 6530 6531 6546
f 6545 6530 6546
f 6544 6528 6529
f 6544 6529 6530
f 6544 6530 6545
f 6543 6528 6544
f 6542 6528 6543
f 6542 6526 6527
f 6542 6527 6528
f 6541 6526 6542
f 6539 6526 6541
f 6539 6525 6526
f 4820 6525 6539
f 1659 3233 1660
f 4835 4820 6539
f 3232 3233 1659
f 4834 4820 4835
f 4834 4819 4820
f 4824 3232 1659
f 4824 1659 4809
f 4825 4824 4809
f 4825 4809 4810
f 4825 4810 4811
f 4833 4819 4834
f 4833 4818 4819
f 4832 4817 4818
f 4832 4818 4833
f 4826 4825 4811
f 4826 4811 4812
f 4827 4826 4812
f 4831 4815 4816
f 4831 4816 4817
f 4831 4817 4832
f 4828 4812 4813
f 4828 4827 4812
f 4830 4814 4815
f 4830 4815 4831
f 4829 4813 4814
f 4829 4814 4830
f 4829 4828 4813
f 12612 12613 1600
f 12614 1600 12613
f 12615 1600 12614
f 12611 12612 1600
f 12610 12611 1600
f 12616 1600 12615
f 12617 1600 12616
f 12609 12610 1600
f 12618 1600 12617
f 12608 12609 1600
f 12593 1600 12618
f 12607 12608 1600
f 12685 1600 12593
f 12619 12607 1600
f 12686 1600 12685
f 12644 12619 1600
f 12687 1600 12686
f 12795 12691 12692
f 12509 12664 12665
f 12509 12665 12666
f 12796 12691 12795
f 12796 12690 12691
f 12302 12639 12301
f 12302 12638 12639
f 12794 12795 12692
f 12300 12301 12639
f 12300 12639 12640
f 12508 12666 12667
f 12508 12509 12666
f 12510 12664 12509
f 12797 12690 12796
f 12797 12689 12690
f 12299 12640 12641
f 12299 12300 12640
f 12793 12692 12693
f 12793 12794 12692
f 12303 12637 12638
f 12303 12638 12302
f 12511 12662 12663
f 12511 12663 12664
f 12511 12664 12510
f 12507 12508 12667
f 12304 12637 12303
f 12304 12636 12637
f 12792 12793 12693
f 12792 12693 12694
f 12298 12641 12642
f 12298 12299 12641
f 12798 12689 12797
f 12798 12688 12689
f 12506 12667 12668
f 12506 12507 12667
f 12512 12662 12511
f 12799 12687 12688
f 12799 1600 12687
f 12799 12688 12798
f 12791 12792 12694
f 12791 12694 12695
f 12305 12636 12304
f 12305 12635 12636
f 12297 12298 12642
f 12297 12642 12643
f 12297 12643 12644
f 12505 12668 12669
f 12505 12669 12670
f 12505 12506 12668
f 12513 12662 12512
f 12513 12660 12661
f 12513 12661 12662
f 12790 12791 12695
f 12790 12695 12696
f 12306 12635 12305
f 12306 12634 12635
f 12296 12644 1600
f 12296 12297 12644
f 12514 12660 12513
f 12504 12505 12670
f 12281 12634 12306
f 12281 12633 12634
f 12789 12790 12696
f 12789 12696 12671
f 12295 12296 1600
f 12489 12659 12660
f 12489 12660 12514
f 12503 12504 12670
f 12503 12670 12645
f 12503 12633 12281
f 12503 12645 12633
f 12581 12659 12489
f 12581 12671 12659
f 12581 12789 12671
f 12373 12503 12281
f 12373 12515 12503
f 12307 12295 1600
f 12697 12789 12581
f 12374 12515 12373
f 12540 12515 12374
f 12582 12722 12697
f 12582 12697 12581
f 1588 12799 12800
f 1588 12800 12775
f 1588 1600 12799
f 1588 12763 12764
f 1588 12775 12763
f 12765 1588 12764
f 12539 12540 12374
f 12539 12374 12375
f 12721 12722 12582
f 12721 12582 12583
f 12538 12539 12375
f 12538 12375 12376
f 12766 1588 12765
f 12584 12720 12721
f 12584 12721 12583
f 12767 1588 12766
f 12377 12537 12538
f 12377 12538 12376
f 12585 12719 12720
f 12585 12720 12584
f 12378 12536 12537
f 12378 12537 12377
f 12768 1588 12767
f 12586 12718 12719
f 12586 12719 12585
f 12769 1588 12768
f 12379 12536 12378
f 12379 12535 12536
f 12717 12718 12586
f 12717 12586 12587
f 12770 1588 12769
f 12380 12535 12379
f 12534 12535 12380
f 12588 12717 12587
f 12716 12717 12588
f 12771 1588 12770
f 12533 12534 12380
f 12533 12380 12381
f 12715 12716 12588
f 12715 12588 12589
f 12772 1588 12771
f 12382 12533 12381
f 12532 12533 12382
f 12714 12715 12589
f 12590 12714 12589
f 12773 1588 12772
f 12531 12532 12382
f 12531 12382 12383
f 12591 12713 12714
f 12591 12714 12590
f 12530 12531 12383
f 12774 1588 12773
f 12384 12530 12383
f 12712 12713 12591
f 12592 12712 12591
f 12749 1588 12774
f 12529 12384 12359
f 12529 12530 12384
f 12567 12711 12712
f 12567 12712 12592
f 12723 12711 12567
f 12737 1588 12749
f 12738 1588 12737
f 12739 1588 12738
f 8453 12353 12354
f 12483 12561 12562
f 8454 12353 8453
f 8454 12351 12352
f 8454 12352 12353
f 8452 8453 12354
f 12484 12560 12561
f 12484 12561 12483
f 12094 12326 12327
f 12094 12327 12093
f 12092 12327 12328
f 12092 12093 12327
f 12482 12483 12562
f 12485 12559 12560
f 12485 12560 12484
f 12095 12325 12326
f 12095 12326 12094
f 8455 12351 8454
f 12091 12328 12329
f 12091 12329 12330
f 12091 12092 12328
f 8451 8452 12354
f 8451 12354 12355
f 12481 12562 12563
f 12481 12563 12564
f 12481 12482 12562
f 8456 12351 8455
f 8456 12350 12351
f 8450 12355 12356
f 8450 8451 12355
f 12480 12481 12564
f 12480 12564 12565
f 12090 12091 12330
f 12096 12324 12325
f 12096 12325 12095
f 12486 12558 12559
f 12486 12559 12485
f 12487 12558 12486
f 12487 12557 12558
f 8457 12350 8456
f 8457 12348 12349
f 8457 12349 12350
f 8449 8450 12356
f 8449 12356 12357
f 8449 12357 12358
f 12097 12322 12323
f 12097 12323 12324
f 12097 12324 12096
f 12479 12480 12565
f 12089 12330 12331
f 12089 12090 12330
f 12098 12322 12097
f 12088 12089 12331
f 12088 12331 12332
f 12088 12332 12307
f 8448 8449 12358
f 8448 12358 12333
f 8458 12348 8457
f 12488 12557 12487
f 12488 12556 12557
f 12478 12479 12565
f 12478 12565 12566
f 12478 12566 12541
f 8447 8448 12333
f 12477 12478 12541
f 8433 12348 8458
f 8433 12541 12529
f 8433 12347 12348
f 8433 12359 12347
f 8433 12529 12359
f 12087 12088 12307
f 12087 12307 1600
f 12463 12555 12556
f 12463 12556 12488
f 12073 12322 12098
f 12073 12321 12322
f 12165 12333 12321
f 12165 12321 12073
f 12451 12723 12567
f 12451 12555 12463
f 12451 12567 12555
f 8459 12333 12165
f 8459 8447 12333
f 8525 12477 12541
f 8525 12541 8433
f 8525 12385 12477
f 12452 12723 12451
f 12452 12747 12748
f 12452 12748 12723
f 8484 8459 12165
f 8484 12165 12166
f 12410 8525 8526
f 12410 12385 8525
f 12453 12747 12452
f 12453 12746 12747
f 8483 8484 12166
f 8483 12166 12167
f 12409 8526 8527
f 12409 12410 8526
f 12454 12745 12746
f 12454 12746 12453
f 8482 8483 12167
f 8482 12167 12168
f 12408 12409 8527
f 12408 8527 8528
f 12455 12744 12745
f 12455 12745 12454
f 8481 8482 12168
f 8481 12168 12169
f 12407 8528 8529
f 12407 12408 8528
f 12456 12744 12455
f 8480 8481 12169
f 8480 12169 12170
f 12406 12407 8529
f 12406 8529 8530
f 12171 8480 12170
f 12171 8479 8480
f 12457 12744 12456
f 12457 12742 12743
f 12457 12743 12744
f 12405 8530 8531
f 12405 12406 8530
f 12458 12742 12457
f 8478 8479 12171
f 8478 12171 12172
f 12404 12405 8531
f 12404 8531 8532
f 12459 12742 12458
f 12459 12741 12742
f 8477 12172 12173
f 8477 8478 12172
f 12403 12404 8532
f 12403 8532 8533
f 8534 12403 8533
f 12402 12403 8534
f 12460 12741 12459
f 12460 12739 12740
f 12460 12740 12741
f 8476 12173 12174
f 8476 8477 12173
f 12175 8476 12174
f 12401 8534 8535
f 12401 12402 8534
f 8475 8476 12175
f 12461 12739 12460
f 12461 1588 12739
f 12176 8475 12175
f 12176 8474 8475
f 12400 8535 8536
f 12400 12401 8535
f 12462 1588 12461
f 8473 12176 12151
f 8473 8474 12176
f 12437 1588 12462
f 12399 12400 8536
f 12399 8536 8511
f 12425 1588 12437
f 12411 12399 8511
f 12411 8511 8499
f 12274 8505 8506
f 12274 12275 8505
f 8350 12145 8349
f 8350 12144 12145
f 11886 12119 11885
f 11886 12118 12119
f 8348 8349 12145
f 8348 12145 12146
f 8348 12146 12147
f 12276 8504 8505
f 12276 8505 12275
f 11884 11885 12119
f 11884 12119 12120
f 11884 12120 12121
f 8351 12144 8350
f 8351 12143 12144
f 12277 8503 8504
f 12277 8504 12276
f 11887 12117 12118
f 11887 12118 11886
f 12273 8506 8507
f 12273 8507 8508
f 12273 12274 8506
f 11883 11884 12121
f 8347 8348 12147
f 8347 12147 12148
f 11882 12121 12122
f 11882 11883 12121
f 12278 8501 8502
f 12278 8502 8503
f 12278 8503 12277
f 8352 12143 8351
f 8352 12141 12142
f 8352 12142 12143
f 12272 12273 8508
f 11888 12115 12116
f 11888 12116 12117
f 11888 12117 11887
f 8346 12148 12149
f 8346 8347 12148
f 11881 12122 12123
f 11881 12123 12124
f 11881 11882 12122
f 12279 8501 12278
f 8345 8346 12149
f 11889 12115 11888
f 12271 12272 8508
f 12271 8508 8509
f 12271 8509 8510
f 8353 12141 8352
f 8353 12140 12141
f 8354 12140 8353
f 8344 8345 12149
f 8344 12149 12150
f 12270 12271 8510
f 11890 12115 11889
f 11890 12114 12115
f 12280 8501 12279
f 12280 8499 8500
f 12280 8500 8501
f 11880 12124 12099
f 11880 11881 12124
f 12269 12270 8510
f 12269 8510 8485
f 8343 8344 12150
f 8343 12150 12125
f 11865 12113 12114
f 11865 12114 11890
f 8329 8473 12151
f 8329 12140 8354
f 8329 12139 12140
f 8329 12151 12139
f 12255 8499 12280
f 11879 11880 12099
f 12243 12411 8499
f 12243 12436 12411
f 12243 8499 12255
f 11957 12125 12113
f 11957 12113 11865
f 12177 12269 8485
f 12177 8485 8473
f 8355 8343 12125
f 8355 12125 11957
f 8421 12177 8473
f 8421 8473 8329
f 8380 8355 11957
f 8380 11957 11958
f 12244 12436 12243
f 12202 12177 8421
f 12202 8421 8422
f 12245 12435 12436
f 12245 12436 12244
f 8423 12202 8422
f 12201 12202 8423
f 8379 8380 11958
f 11959 8379 11958
f 12200 12201 8423
f 8424 12200 8423
f 12246 12434 12435
f 12246 12435 12245
f 11960 8378 8379
f 11960 8379 11959
f 8377 8378 11960
f 8377 11960 11961
f 12247 12433 12434
f 12247 12434 12246
f 12199 12200 8424
f 8425 12199 8424
f 12248 12431 12432
f 12248 12432 12433
f 12248 12433 12247
f 11962 8377 11961
f 11962 8376 8377
f 8426 12199 8425
f 8426 12198 12199
f 12249 12431 12248
f 8427 12198 8426
f 8427 12197 12198
f 11963 8375 8376
f 11963 8376 11962
f 12250 12430 12431
f 12250 12431 12249
f 8428 12197 8427
f 8428 12196 12197
f 11964 8374 8375
f 11964 8375 11963
f 12251 12428 12429
f 12251 12429 12430
f 12251 12430 12250
f 12195 8428 8429
f 12195 12196 8428
f 8373 11964 11965
f 8373 8374 11964
f 12194 8429 8430
f 12194 12195 8429
f 12252 12428 12251
f 12252 12427 12428
f 8372 11965 11966
f 8372 8373 11965
f 12193 12194 8430
f 12253 12427 12252
f 8431 12193 8430
f 8371 11966 11967
f 8371 8372 11966
f 8432 12193 8431
f 12254 12426 12427
f 12254 12427 12253
f 11968 8371 11967
f 8370 8371 11968
f 12192 12193 8432
f 8369 8370 11968
f 12229 12425 12426
f 12229 12426 12254
f 12229 1588 12425
f 12191 8432 8407
f 12191 12192 8432
f 11943 8369 11968
f 11931 8369 11943
f 8395 12191 8407
f 8395 12203 12191
f 12067 8401 8402
f 11678 11909 11910
f 11678 11910 11911
f 11678 11911 11677
f 11676 11911 11912
f 11676 11677 11911
f 8246 11937 8245
f 8246 11936 11937
f 8244 8245 11937
f 8244 11937 11938
f 12068 8401 12067
f 12068 8400 8401
f 11679 11908 11909
f 11679 11909 11678
f 8247 11936 8246
f 8247 11935 11936
f 11675 11676 11912
f 11675 11912 11913
f 12065 8402 8403
f 12065 8403 8404
f 8243 8244 11938
f 8243 11938 11939
f 12069 8400 12068
f 12069 8399 8400
f 11674 11913 11914
f 11674 11675 11913
f 11680 11908 11679
f 12070 8399 12069
f 12070 8397 8398
f 12070 8398 8399
f 8242 8243 11939
f 8242 11939 11940
f 8248 11935 8247
f 8248 11934 11935
f 12064 12065 8404
f 12064 8404 8405
f 11673 11674 11914
f 11673 11914 11915
f 8241 8242 11940
f 8241 11940 11941
f 11681 11907 11908
f 11681 11908 11680
f 12071 8397 12070
f 12063 12064 8405
f 8249 11934 8248
f 8249 11933 11934
f 8250 11933 8249
f 8250 11931 11932
f 8250 11932 11933
f 11682 11905 11906
f 11682 11906 11907
f 11682 11907 11681
f 8240 8241 11941
f 8240 11941 11942
f 8240 11942 11917
f 12072 8397 12071
f 12072 8396 8397
f 12062 12063 8405
f 12062 8405 8406
f 11657 11905 11682
f 8225 11931 8250
f 12061 12062 8406
f 12061 8406 8381
f 8239 8240 11917
f 12047 8396 12072
f 12047 8395 8396
f 12035 12203 8395
f 12035 8395 12047
f 11749 11917 11905
f 11749 11905 11657
f 11749 8239 11917
f 8317 8369 11931
f 8317 12061 8381
f 8317 8381 8369
f 8317 11931 8225
f 8317 11969 12061
f 8251 8239 11749
f 11750 8251 11749
f 12036 12203 12035
f 12036 12228 12203
f 11994 8317 8318
f 11994 11969 8317
f 8276 8251 11750
f 11993 8318 8319
f 11993 11994 8318
f 12037 12227 12228
f 12037 12228 12036
f 8275 11750 11751
f 8275 8276 11750
f 11752 8275 11751
f 11992 8319 8320
f 11992 11993 8319
f 8274 8275 11752
f 12038 12227 12037
f 12038 12226 12227
f 6602 11671 11672
f 6602 11672 11673
f 6602 11891 11879
f 6602 11673 11915
f 6602 11683 11671
f 6602 11915 11916
f 6602 11916 11891
f 6602 11879 12099
f 6602 11706 11707
f 6602 11707 11708
f 6602 11708 11683
f 8321 11992 8320
f 8321 11991 11992
f 11705 11706 6602
f 12039 12226 12038
f 12039 12224 12225
f 12039 12225 12226
f 8273 11752 11753
f 8273 8274 11752
f 11704 11705 6602
f 8322 11991 8321
f 8322 11990 11991
f 8272 11753 11754
f 8272 8273 11753
f 12040 12224 12039
f 12040 12223 12224
f 11703 11704 6602
f 8323 11990 8322
f 8323 11989 11990
f 8271 11754 11755
f 8271 8272 11754
f 12041 12222 12223
f 12041 12223 12040
f 11702 11703 6602
f 11988 11989 8323
f 11988 8323 8324
f 8270 11755 11756
f 8270 8271 11755
f 12042 12222 12041
f 11757 8270 11756
f 11701 11702 6602
f 12043 12221 12222
f 12043 12222 12042
f 8269 8270 11757
f 11987 11988 8324
f 11987 8324 8325
f 12044 12219 12220
f 12044 12220 12221
f 12044 12221 12043
f 11986 8325 8326
f 11986 11987 8325
f 8268 11757 11758
f 8268 8269 11757
f 11759 8268 11758
f 12045 12219 12044
f 11985 11986 8326
f 8327 11985 8326
f 8267 8268 11759
f 11760 8267 11759
f 8328 11985 8327
f 11984 11985 8328
f 12046 12217 12218
f 12046 12218 12219
f 12046 12219 12045
f 8266 8267 11760
f 11735 8266 11760
f 8265 8266 11735
f 12021 12217 12046
f 11983 11984 8328
f 11983 8328 8303
f 6663 11697 11698
f 6663 11698 11699
f 6663 11699 11700
f 6663 11700 11701
f 6663 11701 6602
f 8277 8265 11735
f 11859 8296 8297
f 11859 8297 8298
f 11470 6566 11469
f 8142 11729 8141
f 8142 11728 11729
f 8140 8141 11729
f 8140 11729 11730
f 11468 11469 6566
f 11860 8296 11859
f 11860 8295 8296
f 11858 11859 8298
f 11467 11468 6566
f 11471 6663 6566
f 11471 6566 11470
f 11861 8295 11860
f 8139 8140 11730
f 8139 11730 11731
f 11857 11858 8298
f 11857 8298 8299
f 8143 11728 8142
f 8143 11727 11728
f 11466 11467 6566
f 11862 8294 8295
f 11862 8295 11861
f 11472 6663 11471
f 8138 8139 11731
f 8138 11731 11732
f 8144 11727 8143
f 8144 11725 11726
f 8144 11726 11727
f 11856 11857 8299
f 11856 8299 8300
f 11863 8292 8293
f 11863 8293 8294
f 11863 8294 11862
f 8137 8138 11732
f 8137 11732 11733
f 11473 6663 11472
f 8145 11725 8144
f 8145 11724 11725
f 11465 11466 6566
f 11855 11856 8300
f 11855 8300 8301
f 11855 8301 8302
f 8146 11724 8145
f 11464 11465 6566
f 11864 8292 11863
f 11854 11855 8302
f 11474 6663 11473
f 8136 8137 11733
f 8136 11733 11734
f 11853 11854 8302
f 11853 8302 8277
f 8121 11724 8146
f 8121 11723 11724
f 8135 11709 11697
f 8135 8136 11734
f 8135 11734 11709
f 11463 11464 6566
f 11449 6663 11474
f 11449 11697 6663
f 11839 8291 8292
f 11839 8292 11864
f 8213 11723 8121
f 11761 11723 8213
f 11761 11853 8277
f 11761 8277 11735
f 11761 11735 11723
f 11827 11983 8303
f 11827 8303 8291
f 11827 11995 11983
f 11827 8291 11839
f 8147 11449 11541
f 8147 8135 11697
f 8147 11697 11449
f 11475 11463 6566
f 11786 11761 8213
f 11500 11475 6566
f 8214 11786 8213
f 11828 12020 11995
f 11828 11995 11827
f 8172 11541 11542
f 8172 8147 11541
f 11829 12020 11828
f 11829 12019 12020
f 11785 8214 8215
f 11785 11786 8214
f 11499 11500 6566
f 8171 11542 11543
f 8171 8172 11542
f 11830 12019 11829
f 11830 12018 12019
f 11784 8215 8216
f 11784 11785 8215
f 8170 11543 11544
f 8170 8171 11543
f 11831 12018 11830
f 11831 12017 12018
f 8217 11784 8216
f 8217 11783 11784
f 8169 11544 11545
f 8169 8170 11544
f 11832 12015 12016
f 11832 12016 12017
f 11832 12017 11831
f 8218 11783 8217
f 8218 11782 11783
f 8168 11545 11546
f 8168 8169 11545
f 11781 8218 8219
f 11781 11782 8218
f 11833 12015 11832
f 8167 11546 11547
f 8167 8168 11546
f 11834 12015 11833
f 11834 12014 12015
f 8220 11781 8219
f 8220 11780 11781
f 8166 11547 11548
f 8166 8167 11547
f 8221 11779 11780
f 8221 11780 8220
f 11835 12012 12013
f 11835 12013 12014
f 11835 12014 11834
f 8165 11548 11549
f 8165 8166 11548
f 11836 12011 12012
f 11836 12012 11835
f 8222 11779 8221
f 8222 11778 11779
f 8164 11549 11550
f 8164 8165 11549
f 11777 8222 8223
f 11777 11778 8222
f 11837 12011 11836
f 8163 11550 11551
f 8163 8164 11550
f 11552 8163 11551
f 11776 8223 8224
f 11776 11777 8223
f 8162 8163 11552
f 11527 8162 11552
f 11527 8161 8162
f 8199 11776 8224
f 8199 11775 11776
f 11787 11775 8199
f 11651 8192 8193
f 11650 11651 8193
f 11650 8193 8194
f 11262 11494 11495
f 11262 11495 11261
f 11260 11495 11496
f 11260 11261 11495
f 11652 8192 11651
f 11652 8191 8192
f 8036 8037 11521
f 8036 11521 11522
f 8038 11521 8037
f 8038 11519 11520
f 8038 11520 11521
f 11259 11496 11497
f 11259 11260 11496
f 11263 11494 11262
f 11263 11493 11494
f 11653 8191 11652
f 11649 11650 8194
f 11649 8194 8195
f 8035 8036 11522
f 8035 11522 11523
f 8039 11519 8038
f 8039 11518 11519
f 11264 11492 11493
f 11264 11493 11263
f 11258 11259 11497
f 11258 11497 11498
f 11258 11498 11499
f 11648 11649 8195
f 11648 8195 8196
f 11654 8191 11653
f 11654 8190 8191
f 8034 8035 11523
f 8034 11523 11524
f 8040 11518 8039
f 8040 11517 11518
f 11257 11499 6566
f 11257 11258 11499
f 11265 11490 11491
f 11265 11491 11492
f 11265 11492 11264
f 11647 11648 8196
f 11647 8196 8197
f 11655 8190 11654
f 11655 8189 8190
f 8041 11517 8040
f 8033 8034 11524
f 8033 11524 11525
f 8033 11525 11526
f 11656 8189 11655
f 11656 8187 8188
f 11656 8188 8189
f 11256 11257 6566
f 11266 11490 11265
f 8042 11517 8041
f 8042 11516 11517
f 11646 11647 8197
f 11646 8197 8198
f 11646 8198 8173
f 8032 8033 11526
f 11645 11646 8173
f 11255 11256 6566
f 11631 8187 11656
f 11241 11489 11490
f 11241 11490 11266
f 8017 11527 11515
f 8017 11516 8042
f 8017 11515 11516
f 8031 11526 11501
f 8031 11501 11489
f 8031 8032 11526
f 4887 12217 12021
f 4887 1588 12229
f 4887 12011 11837
f 4887 12009 12010
f 4887 12010 12011
f 4887 11801 11802
f 4887 11802 11803
f 4887 11803 11804
f 4887 11804 11805
f 4887 11805 11806
f 4887 11806 11807
f 4887 12229 12217
f 4887 11807 11808
f 4887 12021 12009
f 4887 11813 11801
f 4887 11837 11838
f 4887 11838 11813
f 6661 4887 11808
f 6661 11808 11809
f 6661 11809 11810
f 6661 11810 11811
f 6661 11811 11812
f 6661 11812 11787
f 11333 8031 11489
f 11333 8043 8031
f 11333 11489 11241
f 11267 11255 6566
f 8109 8161 11527
f 8109 11527 8017
f 11553 8173 8161
f 11553 11645 8173
f 11553 8161 8109
f 11619 8199 8187
f 11619 6661 11787
f 11619 11787 8199
f 11619 8187 11631
f 11620 6661 11619
f 8068 11333 11334
f 8068 8043 11333
f 11578 11553 8109
f 11578 8109 8110
f 8067 8068 11334
f 11335 8067 11334
f 11621 6661 11620
f 8111 11578 8110
f 8111 11577 11578
f 11622 6661 11621
f 8066 11335 11336
f 8066 8067 11335
f 8112 11577 8111
f 8112 11576 11577
f 8065 11336 11337
f 8065 8066 11336
f 11623 6661 11622
f 11575 11576 8112
f 11575 8112 8113
f 11338 8065 11337
f 11338 8064 8065
f 11624 6661 11623
f 11574 11575 8113
f 8114 11574 8113
f 8063 11338 11339
f 8063 8064 11338
f 11573 11574 8114
f 11573 8114 8115
f 8062 8063 11339
f 11340 8062 11339
f 11572 11573 8115
f 11572 8115 8116
f 8061 11340 11341
f 8061 8062 11340
f 11571 8116 8117
f 11571 11572 8116
f 8060 8061 11341
f 8060 11341 11342
f 8118 11571 8117
f 8118 11570 11571
f 8059 8060 11342
f 11343 8059 11342
f 8119 11570 8118
f 8119 11569 11570
f 8058 11343 11344
f 8058 8059 11343
f 11568 11569 8119
f 8120 11568 8119
f 11319 8058 11344
f 8057 8058 11319
f 8095 11568 8120
f 11567 11568 8095
f 4857 6661 11624
f 4857 11624 11625
f 4857 11625 11626
f 4857 11626 11627
f 4857 11627 11628
f 4857 11628 11629
f 4857 11629 11630
f 4857 11630 11605
f 11593 4857 11605
f 11579 11567 8095
f 11594 4857 11593
f 11595 4857 11594
f 11053 11287 11288
f 7932 7933 11313
f 7932 11313 11314
f 7932 11314 11315
f 7934 11313 7933
f 7934 11312 11313
f 11444 8088 8089
f 11444 8089 11443
f 11442 8089 8090
f 11442 11443 8089
f 11054 11286 11287
f 11054 11287 11053
f 11052 11288 11289
f 11052 11053 11288
f 7935 11312 7934
f 7935 11310 11311
f 7935 11311 11312
f 7931 7932 11315
f 11055 11286 11054
f 11055 11285 11286
f 11051 11052 11289
f 11445 8087 8088
f 11445 8088 11444
f 11441 8090 8091
f 11441 11442 8090
f 7930 11315 11316
f 7930 11316 11317
f 7930 7931 11315
f 11440 8091 8092
f 11440 11441 8091
f 11056 11285 11055
f 11056 11283 11284
f 11056 11284 11285
f 11050 11289 11290
f 11050 11290 11291
f 11050 11051 11289
f 11446 8086 8087
f 11446 8087 11445
f 7936 11310 7935
f 11447 8086 11446
f 11447 8085 8086
f 11439 8092 8093
f 11439 11440 8092
f 7937 11310 7936
f 7937 11308 11309
f 7937 11309 11310
f 7929 7930 11317
f 11057 11283 11056
f 11049 11050 11291
f 11448 8084 8085
f 11448 8085 11447
f 7938 11308 7937
f 7928 11317 11318
f 7928 7929 11317
f 11058 11282 11283
f 11058 11283 11057
f 11048 11291 11292
f 11048 11049 11291
f 11438 8093 8094
f 11438 8094 8069
f 11438 11439 8093
f 11437 11438 8069
f 11423 8084 11448
f 11423 8083 8084
f 11423 8095 8083
f 7913 11319 11307
f 7913 8057 11319
f 7913 11307 11308
f 7913 11308 7938
f 7927 11318 11293
f 7927 11293 11281
f 7927 7928 11318
f 11047 11267 6566
f 11047 11048 11292
f 11047 11292 11267
f 11033 7927 11281
f 11033 11281 11282
f 11033 11282 11058
f 11345 11437 8069
f 11345 8069 8057
f 11411 11579 8095
f 11411 8095 11423
f 8005 11345 8057
f 8005 8057 7913
f 7939 7927 11033
f 11125 7939 11033
f 11370 8005 8006
f 11370 11345 8005
f 11412 11604 11579
f 11412 11579 11411
f 11126 7939 11125
f 11126 7964 7939
f 11369 11370 8006
f 8007 11369 8006
f 11413 11603 11604
f 11413 11604 11412
f 11127 7963 7964
f 11127 7964 11126
f 11414 11602 11603
f 11414 11603 11413
f 8008 11369 8007
f 8008 11368 11369
f 7962 11127 11128
f 7962 7963 11127
f 11129 7962 11128
f 11367 11368 8008
f 8009 11367 8008
f 11415 11602 11414
f 11415 11601 11602
f 7961 7962 11129
f 11416 11601 11415
f 11416 11599 11600
f 11416 11600 11601
f 8010 11367 8009
f 8010 11366 11367
f 11130 7960 7961
f 11130 7961 11129
f 11131 7960 11130
f 11365 8010 8011
f 11365 11366 8010
f 11417 11599 11416
f 7959 7960 11131
f 11418 11599 11417
f 11418 11598 11599
f 8012 11365 8011
f 8012 11364 11365
f 7958 11131 11132
f 7958 7959 11131
f 11133 7958 11132
f 11419 11596 11597
f 11419 11597 11598
f 11419 11598 11418
f 8013 11364 8012
f 8013 11363 11364
f 7957 7958 11133
f 11362 11363 8013
f 11420 11596 11419
f 8014 11362 8013
f 7956 11133 11134
f 7956 7957 11133
f 11361 11362 8014
f 11421 11595 11596
f 11421 11596 11420
f 11421 4857 11595
f 8015 11361 8014
f 11135 7955 7956
f 11135 7956 11134
f 8016 11361 8015
f 8016 11360 11361
f 11136 7955 11135
f 11422 4857 11421
f 7954 7955 11136
f 11397 4857 11422
f 11111 7953 7954
f 11111 7954 11136
f 11359 8016 7991
f 11359 11360 8016
f 11385 4857 11397
f 7828 11105 11106
f 7828 11106 11107
f 7828 7829 11105
f 7830 11104 11105
f 7830 11105 7829
f 10846 11077 11078
f 10846 11078 11079
f 10846 11079 10845
f 10844 11079 11080
f 10844 10845 11079
f 11236 7985 11235
f 11236 7983 7984
f 11236 7984 7985
f 11234 11235 7985
f 11234 7985 7986
f 10847 11077 10846
f 10843 11080 11081
f 10843 10844 11080
f 7831 11104 7830
f 7831 11103 11104
f 7827 7828 11107
f 11237 7983 11236
f 11233 11234 7986
f 11233 7986 7987
f 7826 11107 11108
f 7826 7827 11107
f 10848 11075 11076
f 10848 11076 11077
f 10848 11077 10847
f 7832 11103 7831
f 7832 11102 11103
f 11232 7988 7989
f 11232 11233 7987
f 11232 7987 7988
f 10842 11081 11082
f 10842 11082 11083
f 10842 10843 11081
f 11238 7983 11237
f 11238 7982 7983
f 7833 11102 7832
f 7833 11100 11101
f 7833 11101 11102
f 7825 11108 11109
f 7825 7826 11108
f 10849 11075 10848
f 10841 10842 11083
f 11239 7982 11238
f 11239 7980 7981
f 11239 7981 7982
f 11231 11232 7989
f 7834 11100 7833
f 7824 11109 11110
f 7824 11110 11085
f 7824 7825 11109
f 10850 11073 11074
f 10850 11074 11075
f 10850 11075 10849
f 11240 7979 7980
f 11240 7980 11239
f 10840 11083 11084
f 10840 10841 11083
f 11230 7989 7990
f 11230 11231 7989
f 11229 7990 7965
f 11229 11111 11099
f 11229 11230 7990
f 11229 7965 7953
f 11229 7953 11111
f 7823 11085 11073
f 7823 7824 11085
f 7809 11100 7834
f 7809 11229 11099
f 7809 11099 11100
f 10839 11084 11059
f 10839 10840 11084
f 10825 11073 10850
f 11215 7979 11240
f 10917 11073 10825
f 7901 11229 7809
f 7901 11137 11229
f 7835 11073 10917
f 7835 7823 11073
f 11203 7991 7979
f 11203 11359 7991
f 11203 7979 11215
f 11203 11371 11359
f 7902 11137 7901
f 7902 11162 11137
f 11204 11371 11203
f 11204 11395 11396
f 11204 11396 11371
f 7860 10917 10918
f 7860 7835 10917
f 11161 11162 7902
f 7903 11161 7902
f 11205 11395 11204
f 7859 10918 10919
f 7859 7860 10918
f 10920 7859 10919
f 7904 11161 7903
f 7904 11160 11161
f 7858 7859 10920
f 11206 11395 11205
f 11206 11394 11395
f 11207 11393 11394
f 11207 11394 11206
f 7905 11160 7904
f 7905 11159 11160
f 7857 10920 10921
f 7857 7858 10920
f 7906 11159 7905
f 7906 11158 11159
f 7856 7857 10921
f 10922 7856 10921
f 11208 11392 11393
f 11208 11393 11207
f 11157 11158 7906
f 11157 7906 7907
f 11209 11390 11391
f 11209 11391 11392
f 11209 11392 11208
f 7855 10922 10923
f 7855 7856 10922
f 7908 11157 7907
f 7908 11156 11157
f 7854 10923 10924
f 7854 7855 10923
f 11210 11390 11209
f 11211 11389 11390
f 11211 11390 11210
f 7909 11156 7908
f 7909 11155 11156
f 7853 10924 10925
f 7853 7854 10924
f 7910 11155 7909
f 7910 11154 11155
f 11212 11387 11388
f 11212 11388 11389
f 11212 11389 11211
f 7852 10925 10926
f 7852 7853 10925
f 11153 11154 7910
f 7851 7852 10926
f 7911 11153 7910
f 10927 7851 10926
f 11213 11387 11212
f 11213 11386 11387
f 10928 7851 10927
f 7850 7851 10928
f 7912 11152 11153
f 7912 11153 7911
f 11214 11385 11386
f 11214 11386 11213
f 10903 7850 10928
f 10903 7849 7850
f 11151 11152 7912
f 11151 7912 7887
f 11189 11385 11214
f 11189 4857 11385
f 10891 7849 10903
f 11177 4857 11189
f 7875 11151 7887
f 11027 7880 7881
f 10638 10870 10871
f 10638 10871 10637
f 10636 10871 10872
f 10636 10637 10871
f 7724 10897 10898
f 7724 7725 10897
f 11028 7880 11027
f 11026 11027 7881
f 11026 7881 7882
f 11026 7882 7883
f 7726 10895 10896
f 7726 10896 10897
f 7726 10897 7725
f 10635 10872 10873
f 10635 10636 10872
f 10639 10869 10870
f 10639 10870 10638
f 11029 7880 11028
f 11029 7878 7879
f 11029 7879 7880
f 11025 11026 7883
f 7727 10894 10895
f 7727 10895 7726
f 7723 10898 10899
f 7723 7724 10898
f 10640 10867 10868
f 10640 10868 10869
f 10640 10869 10639
f 10634 10873 10874
f 10634 10874 10875
f 10634 10635 10873
f 11024 7883 7884
f 11024 7884 7885
f 11024 11025 7883
f 7722 10899 10900
f 7722 10900 10901
f 7722 7723 10899
f 11030 7878 11029
f 7728 10894 7727
f 10641 10867 10640
f 10633 10634 10875
f 11031 7877 7878
f 11031 7878 11030
f 7729 10893 10894
f 7729 10894 7728
f 7729 10892 10893
f 11023 7885 7886
f 11023 11024 7885
f 7721 10901 10902
f 7721 7722 10901
f 10642 10866 10867
f 10642 10867 10641
f 11032 7877 11031
f 11032 7876 7877
f 7730 10892 7729
f 11022 7886 7861
f 11022 11023 7886
f 7720 10902 10877
f 7720 7721 10902
f 11021 11022 7861
f 11021 7861 7849
f 10617 10865 10866
f 10617 10866 10642
f 7705 10892 7730
f 7705 11021 7849
f 7705 7849 10891
f 7705 10891 10892
f 7719 7720 10877
f 7719 10877 10865
f 11007 7876 11032
f 11007 7875 7876
f 10995 11151 7875
f 10995 11188 11163
f 10995 7875 11007
f 10995 11163 11151
f 7731 10617 10709
f 7731 10865 10617
f 7731 7719 10865
f 7797 11021 7705
f 7797 10929 11021
f 10996 11188 10995
f 10996 11187 11188
f 7798 10929 7797
f 7798 10954 10929
f 7756 10709 10710
f 7756 7731 10709
f 10711 7756 10710
f 10953 10954 7798
f 10997 11187 10996
f 7799 10953 7798
f 7755 7756 10711
f 10952 10953 7799
f 7754 10711 10712
f 7754 7755 10711
f 10998 11187 10997
f 10998 11186 11187
f 7800 10952 7799
f 6567 11047 6566
f 6567 10633 10875
f 6567 10839 11059
f 6567 10631 10632
f 6567 10632 10633
f 6567 11059 11047
f 6567 10851 10839
f 6567 10643 10631
f 6567 10875 10876
f 6567 10876 10851
f 6567 10666 10667
f 6567 10667 10668
f 6567 10668 10643
f 10999 11185 11186
f 10999 11186 10998
f 10665 10666 6567
f 10951 7800 7801
f 10951 10952 7800
f 7753 10712 10713
f 7753 7754 10712
f 7752 10713 10714
f 7752 7753 10713
f 10664 10665 6567
f 11000 11185 10999
f 11000 11184 11185
f 7802 10951 7801
f 7802 10950 10951
f 10715 7752 10714
f 11001 11183 11184
f 11001 11184 11000
f 7803 10950 7802
f 10663 10664 6567
f 10949 10950 7803
f 7751 7752 10715
f 10662 10663 6567
f 10716 7751 10715
f 11002 11183 11001
f 11002 11182 11183
f 7804 10948 10949
f 7804 10949 7803
f 7750 7751 10716
f 11003 11181 11182
f 11003 11182 11002
f 10661 10662 6567
f 10947 7804 7805
f 10947 10948 7804
f 7749 10716 10717
f 7749 7750 10716
f 10718 7749 10717
f 11004 11179 11180
f 11004 11180 11181
f 11004 11181 11003
f 7806 10947 7805
f 7806 10946 10947
f 7748 7749 10718
f 10945 10946 7806
f 7747 10718 10719
f 7747 7748 10718
f 11005 11179 11004
f 11005 11178 11179
f 7807 10945 7806
f 10720 7747 10719
f 7808 10945 7807
f 7808 10944 10945
f 7746 7747 10720
f 11006 11178 11005
f 11006 11177 11178
f 10943 10944 7808
f 10981 11177 11006
f 7745 10720 10695
f 7745 7746 10720
f 7783 10943 7808
f 6655 10661 6567
f 6655 10657 10658
f 6655 10658 10659
f 6655 10659 10660
f 6655 10660 10661
f 10683 7745 10695
f 10955 10943 7783
f 7771 10955 7783
f 10428 10429 6620
f 10820 7777 10819
f 10820 7776 7777
f 10818 7777 7778
f 10818 10819 7777
f 7620 10689 10690
f 7620 10690 10691
f 7620 7621 10689
f 7622 10688 10689
f 7622 10689 7621
f 10430 6620 10429
f 7623 10687 10688
f 7623 10688 7622
f 7619 7620 10691
f 10821 7776 10820
f 10821 7774 7775
f 10821 7775 7776
f 10817 7778 7779
f 10817 10818 7778
f 10431 6655 6620
f 10431 6620 10430
f 10427 10428 6620
f 10822 7774 10821
f 10816 7779 7780
f 10816 7780 7781
f 10816 10817 7779
f 7618 10691 10692
f 7618 7619 10691
f 7624 10686 10687
f 7624 10687 7623
f 10432 6655 10431
f 10426 10427 6620
f 10823 7774 10822
f 10823 7773 7774
f 10815 10816 7781
f 7625 10684 10685
f 7625 10685 10686
f 7625 10686 7624
f 7617 10692 10693
f 7617 10693 10694
f 7617 7618 10692
f 10433 6655 10432
f 10425 10426 6620
f 7616 10694 10669
f 7616 7617 10694
f 7626 10684 7625
f 10424 10425 6620
f 10824 7773 10823
f 10824 7771 7772
f 10824 7772 7773
f 10814 10815 7781
f 10814 7781 7782
f 10814 7782 7757
f 10434 6655 10433
f 10813 10814 7757
f 10813 7757 7745
f 10799 10955 7771
f 10799 7771 10824
f 7601 10683 10684
f 7601 10684 7626
f 7601 7745 10683
f 7615 7616 10669
f 10423 10424 6620
f 10409 6655 10434
f 10409 10657 6655
f 7693 7745 7601
f 7693 10813 7745
f 10787 10955 10799
f 7627 7615 10669
f 7627 10669 10657
f 10435 10423 6620
f 10501 10657 10409
f 10501 7627 10657
f 10721 10813 7693
f 10788 10955 10787
f 10788 10980 10955
f 7694 10746 10721
f 7694 10721 7693
f 10460 10435 6620
f 10502 7627 10501
f 10502 7652 7627
f 10789 10979 10980
f 10789 10980 10788
f 7651 7652 10502
f 10459 10460 6620
f 10745 10746 7694
f 10745 7694 7695
f 10503 7651 10502
f 10790 10978 10979
f 10790 10979 10789
f 10504 7651 10503
f 10504 7650 7651
f 10744 7695 7696
f 10744 10745 7695
f 7697 10744 7696
f 10743 10744 7697
f 10791 10978 10790
f 10791 10977 10978
f 10505 7649 7650
f 10505 7650 10504
f 10792 10977 10791
f 10792 10975 10976
f 10792 10976 10977
f 10742 10743 7697
f 10742 7697 7698
f 7648 7649 10505
f 7648 10505 10506
f 10793 10975 10792
f 10507 7647 7648
f 10507 7648 10506
f 10741 10742 7698
f 10741 7698 7699
f 10794 10975 10793
f 10794 10974 10975
f 7700 10741 7699
f 10508 7647 10507
f 10508 7646 7647
f 10740 10741 7700
f 7645 7646 10508
f 10795 10974 10794
f 10795 10972 10973
f 10795 10973 10974
f 10509 7645 10508
f 10739 10740 7700
f 10739 7700 7701
f 7702 10739 7701
f 10738 10739 7702
f 10796 10972 10795
f 7644 10509 10510
f 7644 7645 10509
f 10797 10972 10796
f 10797 10971 10972
f 10511 7644 10510
f 10511 7643 7644
f 10737 7702 7703
f 10737 10738 7702
f 10512 7643 10511
f 10512 7642 7643
f 10736 7703 7704
f 10736 10737 7703
f 7641 7642 10512
f 10487 7641 10512
f 10735 7704 7679
f 10735 10736 7704
f 10475 7641 10487
f 10747 10735 7679
f 7517 10481 10482
f 10221 10454 10455
f 10220 10221 10455
f 10220 10455 10456
f 10220 10456 10457
f 7516 7517 10482
f 7518 10480 10481
f 7518 10481 7517
f 10222 10454 10221
f 10222 10453 10454
f 10612 7672 7673
f 10612 7673 10611
f 10610 7673 7674
f 10610 7674 7675
f 10610 10611 7673
f 7519 10478 10479
f 7519 10479 10480
f 7519 10480 7518
f 7515 10482 10483
f 7515 7516 10482
f 10223 10453 10222
f 10219 10457 10458
f 10219 10220 10457
f 10613 7672 10612
f 10613 7670 7671
f 10613 7671 7672
f 10609 10610 7675
f 7520 10478 7519
f 7514 10483 10484
f 7514 10484 10485
f 7514 7515 10483
f 10224 10452 10453
f 10224 10453 10223
f 10218 10219 10458
f 10614 7670 10613
f 10608 7675 7676
f 10608 7676 7677
f 10608 10609 7675
f 7513 7514 10485
f 10225 10452 10224
f 10225 10450 10451
f 10225 10451 10452
f 10217 10218 10458
f 10217 10458 10459
f 10217 10459 6620
f 10615 7670 10614
f 10615 7669 7670
f 10607 7677 7678
f 10607 10608 7677
f 7521 10477 10478
f 7521 10478 7520
f 7512 10485 10486
f 7512 7513 10485
f 10216 10217 6620
f 10606 10607 7678
f 7522 10476 10477
f 7522 10477 7521
f 10226 10450 10225
f 10616 7669 10615
f 10616 7668 7669
f 10605 10606 7678
f 10605 7678 7653
f 7497 10475 10476
f 7497 10476 7522
f 7497 7641 10475
f 7511 10486 10461
f 7511 7512 10486
f 7511 10461 10449
f 10215 10216 6620
f 10201 10450 10226
f 10201 10449 10450
f 10591 7668 10616
f 10591 7667 7668
f 10591 7679 7667
f 6660 10768 10769
f 6660 10769 10770
f 6660 10770 10771
f 6660 10771 10772
f 6660 10772 10747
f 4856 10971 10797
f 4856 4857 11177
f 4856 11177 10981
f 4856 10969 10970
f 4856 10970 10971
f 4856 10761 10762
f 4856 10762 10763
f 4856 10763 10764
f 4856 10764 10765
f 4856 10765 10766
f 4856 10766 10767
f 4856 10767 10768
f 4856 10981 10969
f 4856 10773 10761
f 4856 10768 6660
f 4856 10797 10798
f 4856 10798 10773
f 7523 7511 10449
f 7523 10449 10201
f 10227 10215 6620
f 10293 7523 10201
f 10513 10605 7653
f 10513 7497 7589
f 10513 7641 7497
f 10513 7653 7641
f 10579 7679 10591
f 10579 10747 7679
f 10579 6660 10747
f 10294 7523 10293
f 10294 7548 7523
f 10580 6660 10579
f 7590 10538 10513
f 7590 10513 7589
f 10537 10538 7590
f 7591 10537 7590
f 10295 7547 7548
f 10295 7548 10294
f 10581 6660 10580
f 7592 10537 7591
f 10296 7546 7547
f 10296 7547 10295
f 10536 10537 7592
f 10582 6660 10581
f 7545 7546 10296
f 7593 10535 10536
f 7593 10536 7592
f 10297 7545 10296
f 10583 6660 10582
f 10298 7545 10297
f 10584 6660 10583
f 7544 7545 10298
f 10534 7593 7594
f 10534 10535 7593
f 10299 7544 10298
f 10299 7543 7544
f 10533 7594 7595
f 10533 10534 7594
f 10300 7542 7543
f 10300 7543 10299
f 10532 7595 7596
f 10532 10533 7595
f 10301 7541 7542
f 10301 7542 10300
f 10531 7596 7597
f 10531 10532 7596
f 7540 10301 10302
f 7540 7541 10301
f 10530 7597 7598
f 10530 10531 7597
f 7599 10530 7598
f 10303 7539 7540
f 10303 7540 10302
f 10529 10530 7599
f 10304 7538 7539
f 10304 7539 10303
f 10528 7599 7600
f 10528 10529 7599
f 7575 10528 7600
f 7537 10304 10279
f 7537 7538 10304
f 10527 10528 7575
f 4911 6660 10584
f 4911 10584 10585
f 4911 10585 10586
f 4911 10586 10587
f 4911 10587 10588
f 4911 10588 10589
f 4911 10589 10590
f 4911 10590 10565
f 10267 7537 10279
f 10539 7575 7563
f 10539 10527 7575
f 10553 4911 10565
f 10554 4911 10553
f 10555 4911 10554
f 10013 10246 10247
f 10012 10247 10248
f 10012 10013 10247
f 7412 10273 10274
f 7412 7413 10273
f 7414 10272 10273
f 7414 10273 7413
f 10014 10246 10013
f 10404 7568 7569
f 10404 7569 10403
f 10402 7569 7570
f 10402 7570 7571
f 10402 10403 7569
f 7411 10274 10275
f 7411 7412 10274
f 10015 10245 10246
f 10015 10246 10014
f 7415 10271 10272
f 7415 10272 7414
f 10011 10012 10248
f 10011 10248 10249
f 10011 10249 10250
f 10405 7566 7567
f 10405 7567 7568
f 10405 7568 10404
f 10401 10402 7571
f 10016 10243 10244
f 10016 10244 10245
f 10016 10245 10015
f 7416 10270 10271
f 7416 10271 7415
f 10010 10250 10251
f 10010 10011 10250
f 7410 7411 10275
f 7410 10275 10276
f 7410 10276 10277
f 10406 7566 10405
f 10400 7571 7572
f 10400 10401 7571
f 10017 10243 10016
f 10009 10010 10251
f 7409 7410 10277
f 7417 10269 10270
f 7417 10270 7416
f 10407 7566 10406
f 10407 7564 7565
f 10407 7565 7566
f 10399 7572 7573
f 10399 10400 7572
f 7408 10277 10278
f 7408 7409 10277
f 10008 10009 10251
f 10008 10251 10252
f 10008 10252 10227
f 10018 10242 10243
f 10018 10243 10017
f 7418 10269 7417
f 7418 10268 10269
f 10398 7573 7574
f 10398 10399 7573
f 10408 7564 10407
f 10408 7563 7564
f 9993 10242 10018
f 9993 10241 10242
f 7407 10278 10253
f 7407 7408 10278
f 7393 10267 10268
f 7393 10268 7418
f 10007 10008 10227
f 10007 10227 6620
f 10397 7574 7549
f 10397 10398 7574
f 10383 7563 10408
f 7485 7537 10267
f 7485 10267 7393
f 7419 10241 9993
f 7419 10253 10241
f 7419 7407 10253
f 10085 7419 9993
f 10305 10397 7549
f 10305 7549 7537
f 10305 7537 7485
f 10371 10539 7563
f 10371 7563 10383
f 10371 10564 10539
f 7444 10085 10086
f 7444 7419 10085
f 10330 7485 7486
f 10330 10305 7485
f 10372 10564 10371
f 10087 7444 10086
f 10087 7443 7444
f 10329 7486 7487
f 10329 10330 7486
f 10373 10563 10564
f 10373 10564 10372
f 10088 7443 10087
f 10088 7442 7443
f 10328 7487 7488
f 10328 10329 7487
f 10374 10563 10373
f 10374 10562 10563
f 7441 7442 10088
f 10089 7441 10088
f 10327 7488 7489
f 10327 10328 7488
f 10375 10562 10374
f 10375 10561 10562
f 7440 7441 10089
f 7440 10089 10090
f 10376 10561 10375
f 10376 10559 10560
f 10376 10560 10561
f 10326 10327 7489
f 10326 7489 7490
f 10091 7440 10090
f 10091 7439 7440
f 7491 10326 7490
f 10325 10326 7491
f 10377 10559 10376
f 10377 10558 10559
f 10092 7439 10091
f 10092 7438 7439
f 10324 10325 7491
f 10324 7491 7492
f 10378 10558 10377
f 10378 10557 10558
f 7437 7438 10092
f 7493 10324 7492
f 10093 7437 10092
f 10323 10324 7493
f 10379 10557 10378
f 7436 7437 10093
f 10094 7436 10093
f 10322 7493 7494
f 10322 10323 7493
f 10380 10555 10556
f 10380 10556 10557
f 10380 10557 10379
f 7435 7436 10094
f 10095 7435 10094
f 10321 7494 7495
f 10321 10322 7494
f 10381 4911 10555
f 10381 10555 10380
f 10096 7434 7435
f 10096 7435 10095
f 10320 7495 7496
f 10320 10321 7495
f 10382 4911 10381
f 10071 7434 10096
f 7433 7434 10071
f 7471 10320 7496
f 10319 10320 7471
f 10357 4911 10382
f 10345 4911 10357
f 10194 7465 7466
f 10194 10195 7465
f 9804 10039 10040
f 9804 9805 10039
f 10196 7464 7465
f 10196 7465 10195
f 7308 10065 10066
f 7308 10066 10067
f 7308 7309 10065
f 9806 10038 10039
f 9806 10039 9805
f 7310 10064 10065
f 7310 10065 7309
f 10193 7466 7467
f 10193 10194 7466
f 10197 7462 7463
f 10197 7463 7464
f 10197 7464 10196
f 9807 10038 9806
f 9807 10036 10037
f 9807 10037 10038
f 7311 10062 10063
f 7311 10063 10064
f 7311 10064 7310
f 9803 9804 10040
f 9803 10040 10041
f 9803 10041 10042
f 10192 10193 7467
f 10192 7467 7468
f 10198 7462 10197
f 9808 10036 9807
f 7306 10067 10068
f 7312 10061 10062
f 7312 10062 7311
f 9802 9803 10042
f 10191 10192 7468
f 10191 7468 7469
f 9809 10036 9808
f 9809 10035 10036
f 9801 9802 10042
f 9801 10042 10043
f 10199 7462 10198
f 10199 7461 7462
f 7305 10068 10069
f 7305 7306 10068
f 7313 10061 7312
f 10190 10191 7469
f 10190 7469 7470
f 7304 7305 10069
f 7304 10069 10070
f 10200 7459 7460
f 10200 7460 7461
f 10200 7461 10199
f 9800 10043 10044
f 9800 9801 10043
f 7314 10060 10061
f 7314 10061 7313
f 9810 10035 9809
f 9810 10034 10035
f 10189 10190 7470
f 10189 7470 7445
f 10189 7445 7433
f 10175 7459 10200
f 7289 10059 10060
f 7289 10071 10059
f 7289 10060 7314
f 7289 7433 10071
f 9799 9800 10044
f 9799 10044 10019
f 7303 10070 10045
f 7303 7304 10070
f 9785 10033 10034
f 9785 10034 9810
f 7315 7303 10045
f 7315 10045 10033
f 10163 10331 10319
f 10163 10319 7471
f 10163 7459 10175
f 10163 7471 7459
f 9877 10033 9785
f 9877 7315 10033
f 7381 10189 7433
f 7381 7433 7289
f 7381 10097 10189
f 10164 10331 10163
f 10164 10356 10331
f 9878 7340 7315
f 9878 7315 9877
f 10122 10097 7381
f 7382 10122 7381
f 10165 10355 10356
f 10165 10356 10164
f 9879 7339 7340
f 9879 7340 9878
f 7383 10122 7382
f 7383 10121 10122
f 10166 10355 10165
f 10166 10353 10354
f 10166 10354 10355
f 10120 7383 7384
f 10120 10121 7383
f 9880 7338 7339
f 9880 7339 9879
f 10167 10353 10166
f 9881 7337 7338
f 9881 7338 9880
f 7385 10119 10120
f 7385 10120 7384
f 10168 10353 10167
f 10168 10352 10353
f 7336 7337 9881
f 7336 9881 9882
f 10118 7385 7386
f 10118 10119 7385
f 10169 10352 10168
f 10169 10351 10352
f 7387 10117 10118
f 7387 10118 7386
f 9883 7335 7336
f 9883 7336 9882
f 10170 10351 10169
f 10170 10350 10351
f 10116 7387 7388
f 10116 10117 7387
f 9884 7334 7335
f 9884 7335 9883
f 10171 10350 10170
f 10171 10349 10350
f 9885 7333 7334
f 9885 7334 9884
f 7389 10115 10116
f 7389 10116 7388
f 10172 10349 10171
f 10172 10348 10349
f 10114 10115 7389
f 7332 9885 9886
f 7332 7333 9885
f 7390 10114 7389
f 10173 10348 10172
f 10173 10346 10347
f 10173 10347 10348
f 9887 7331 7332
f 9887 7332 9886
f 7391 10113 10114
f 7391 10114 7390
f 10174 10346 10173
f 7392 10112 10113
f 7392 10113 7391
f 9888 7330 7331
f 9888 7331 9887
f 10149 4911 10345
f 10149 10346 10174
f 10149 10345 10346
f 7367 10111 10112
f 7367 10112 7392
f 7329 9888 9863
f 7329 7330 9888
f 9851 7329 9863
f 7355 10111 7367
f 7355 10123 10111
f 10137 4911 10149
f 9987 7361 7362
f 9596 9831 9832
f 9596 9832 9833
f 9596 9597 9831
f 9598 9829 9830
f 9598 9830 9831
f 9598 9831 9597
f 9988 7359 7360
f 9988 7360 7361
f 9988 7361 9987
f 7204 9857 9858
f 7204 9858 9859
f 7204 7205 9857
f 7206 9856 9857
f 7206 9857 7205
f 9986 9987 7362
f 9986 7362 7363
f 9599 9829 9598
f 9595 9833 9834
f 9595 9596 9833
f 9985 9986 7363
f 9989 7358 7359
f 9989 7359 9988
f 7207 9855 9856
f 7207 9856 7206
f 9990 7358 9989
f 9984 7363 7364
f 9984 9985 7363
f 9600 9829 9599
f 9600 9828 9829
f 9594 9595 9834
f 9594 9834 9835
f 7208 9853 9854
f 7208 9854 9855
f 7208 9855 7207
f 7202 9859 9860
f 7202 9860 9861
f 9601 9828 9600
f 9601 9826 9827
f 9601 9827 9828
f 9593 9594 9835
f 9991 7356 7357
f 9991 7357 7358
f 9991 7358 9990
f 9983 7364 7365
f 9983 9984 7364
f 7201 9861 9862
f 7201 7202 9861
f 7209 9853 7208
f 9982 7365 7366
f 9982 7366 7341
f 9982 9983 7365
f 7200 7201 9862
f 9602 9826 9601
f 9992 7355 7356
f 9992 7356 9991
f 7210 9851 9852
f 7210 9852 9853
f 7210 9853 7209
f 9981 9982 7341
f 9577 9825 9826
f 9577 9826 9602
f 9967 7355 9992
f 7199 9862 9837
f 7199 7200 9862
f 7199 9837 9825
f 7185 7329 9851
f 7185 9851 7210
f 9889 7341 7329
f 9889 9981 7341
f 9669 9825 9577
f 9955 10123 7355
f 9955 7355 9967
f 9955 10148 10123
f 7211 9825 9669
f 7211 7199 9825
f 7277 7329 7185
f 7277 9889 7329
f 9956 10148 9955
f 7236 9669 9670
f 7236 7211 9669
f 7278 9914 9889
f 7278 9889 7277
f 9671 7235 7236
f 9671 7236 9670
f 9957 10148 9956
f 9957 10147 10148
f 7279 9914 7278
f 7279 9913 9914
f 9672 7235 9671
f 9958 10147 9957
f 9958 10146 10147
f 7234 7235 9672
f 9912 9913 7279
f 9912 7279 7280
f 6621 10007 6620
f 6621 9593 9835
f 6621 9591 9592
f 6621 9592 9593
f 6621 10019 10007
f 6621 9811 9799
f 6621 9603 9591
f 6621 9835 9836
f 6621 9836 9811
f 6621 9799 10019
f 6621 9626 9627
f 6621 9627 9628
f 6621 9628 9603
f 9625 9626 6621
f 9673 7234 9672
f 9673 7233 7234
f 9959 10146 9958
f 9959 10145 10146
f 7281 9912 7280
f 7281 9911 9912
f 9960 10145 9959
f 9960 10143 10144
f 9960 10144 10145
f 9624 9625 6621
f 7232 9673 9674
f 7232 7233 9673
f 9910 9911 7281
f 9910 7281 7282
f 9623 9624 6621
f 9675 7232 9674
f 9675 7231 7232
f 9909 9910 7282
f 9909 7282 7283
f 9961 10143 9960
f 9961 10142 10143
f 9622 9623 6621
f 9676 7231 9675
f 9962 10142 9961
f 9962 10141 10142
f 7284 9908 9909
f 7284 9909 7283
f 7230 7231 9676
f 9621 9622 6621
f 9963 10141 9962
f 9677 7230 9676
f 9677 7229 7230
f 7285 9907 9908
f 7285 9908 7284
f 7228 9677 9678
f 7228 7229 9677
f 7286 9906 9907
f 7286 9907 7285
f 9964 10139 10140
f 9964 10140 10141
f 9964 10141 9963
f 9965 10139 9964
f 9679 7228 9678
f 7227 7228 9679
f 7287 9905 9906
f 7287 9906 7286
f 9966 10139 9965
f 9966 10138 10139
f 7226 9679 9680
f 7226 7227 9679
f 7288 9905 7287
f 9904 9905 7288
f 9655 7226 9680
f 7263 9904 7288
f 9941 10137 10138
f 9941 10138 9966
f 7225 7226 9655
f 9903 9904 7263
f 6653 9617 9618
f 6653 9618 9619
f 6653 9619 9620
f 6653 9620 9621
f 6653 9621 6621
f 9915 9903 7263
f 7101 9648 9649
f 7101 9649 9650
f 9388 9389 6524
f 7100 9650 9651
f 7100 7101 9650
f 9390 6524 9389
f 9780 7257 9779
f 9780 7256 7257
f 9778 9779 7257
f 9778 7257 7258
f 7102 9648 7101
f 9391 6653 6524
f 9391 6524 9390
f 9387 9388 6524
f 9781 7256 9780
f 9781 7255 7256
f 9777 9778 7258
f 9777 7258 7259
f 7103 9647 9648
f 7103 9648 7102
f 9392 6653 9391
f 9386 9387 6524
f 9782 7255 9781
f 9782 7254 7255
f 9776 9777 7259
f 9776 7259 7260
f 9776 7260 7261
f 7104 9646 9647
f 7104 9647 7103
f 7098 9651 9652
f 9393 6653 9392
f 9385 9386 6524
f 9783 7253 7254
f 9783 7254 9782
f 9775 9776 7261
f 9775 7261 7262
f 7097 9652 9653
f 7097 7098 9652
f 7105 9645 9646
f 7105 9646 7104
f 9384 9385 6524
f 9774 7262 7237
f 9774 9775 7262
f 7096 9653 9654
f 7096 7097 9653
f 9394 6653 9393
f 9784 7251 7252
f 9784 7252 7253
f 9784 7253 9783
f 7106 9644 9645
f 7106 9645 7105
f 9773 9774 7237
f 9383 9384 6524
f 9369 9617 6653
f 9369 6653 9394
f 9369 9629 9617
f 9759 9915 7263
f 9759 7251 9784
f 9759 7263 7251
f 7095 9654 9629
f 7095 7096 9654
f 7081 9643 9644
f 7081 9644 7106
f 9395 9383 6524
f 9461 9629 9369
f 9747 9940 9915
f 9747 9915 9759
f 7107 9629 9461
f 7107 7095 9629
f 7173 7237 7225
f 7173 9681 9773
f 7173 9655 9643
f 7173 7225 9655
f 7173 9643 7081
f 7173 9773 7237
f 9420 9395 6524
f 9462 7107 9461
f 9748 9940 9747
f 7132 7107 9462
f 7174 9706 9681
f 7174 9681 7173
f 9419 9420 6524
f 9705 9706 7174
f 9463 7131 7132
f 9463 7132 9462
f 9749 9940 9748
f 9749 9939 9940
f 7175 9705 7174
f 9750 9939 9749
f 9750 9938 9939
f 7176 9704 9705
f 7176 9705 7175
f 7130 7131 9463
f 7130 9463 9464
f 9703 9704 7176
f 9465 7130 9464
f 9465 7129 7130
f 9751 9938 9750
f 9751 9937 9938
f 7177 9703 7176
f 9466 7129 9465
f 9752 9937 9751
f 9752 9935 9936
f 9752 9936 9937
f 9702 7177 7178
f 9702 9703 7177
f 7128 7129 9466
f 9467 7128 9466
f 9467 7127 7128
f 9701 9702 7178
f 9753 9935 9752
f 7179 9701 7178
f 9468 7127 9467
f 9700 7179 7180
f 9700 9701 7179
f 9754 9935 9753
f 9754 9933 9934
f 9754 9934 9935
f 7126 7127 9468
f 9469 7125 7126
f 9469 7126 9468
f 9755 9933 9754
f 7181 9699 9700
f 7181 9700 7180
f 9698 9699 7181
f 9756 9933 9755
f 9756 9931 9932
f 9756 9932 9933
f 7124 9469 9470
f 7124 7125 9469
f 7182 9698 7181
f 9471 7124 9470
f 9757 9931 9756
f 7123 7124 9471
f 7183 9697 9698
f 7183 9698 7182
f 9696 9697 7183
f 7122 7123 9471
f 7122 9471 9472
f 7184 9696 7183
f 7121 7122 9472
f 7121 9472 9447
f 9695 9696 7184
f 9695 7184 7159
f 7133 7121 9447
f 6997 9440 9441
f 6997 9441 9442
f 9181 9414 9415
f 9571 7153 7154
f 9180 9181 9415
f 9180 9415 9416
f 9180 9416 9417
f 6996 6997 9442
f 6998 9440 6997
f 9182 9414 9181
f 9572 7152 7153
f 9572 7153 9571
f 9570 9571 7154
f 6999 9438 9439
f 6999 9439 9440
f 6999 9440 6998
f 6995 9442 9443
f 6995 9443 9444
f 6995 6996 9442
f 9183 9412 9413
f 9183 9413 9414
f 9183 9414 9182
f 9179 9180 9417
f 9179 9417 9418
f 9573 7151 7152
f 9573 7152 9572
f 9569 7154 7155
f 9569 9570 7154
f 7000 9438 6999
f 6994 6995 9444
f 9184 9412 9183
f 9178 9179 9418
f 9178 9418 9419
f 9574 7150 7151
f 9574 7151 9573
f 9568 7155 7156
f 9568 9569 7155
f 6993 6994 9444
f 6993 9444 9445
f 9185 9412 9184
f 9185 9411 9412
f 9177 9419 6524
f 9177 9178 9419
f 9575 7149 7150
f 9575 7150 9574
f 9567 9568 7156
f 9567 7156 7157
f 7001 9437 9438
f 7001 9438 7000
f 6992 6993 9445
f 6992 9445 9446
f 6992 9446 9421
f 9176 9177 6524
f 9566 7157 7158
f 9566 7158 7133
f 9566 9567 7157
f 7002 9436 9437
f 7002 9437 7001
f 9186 9409 9410
f 9186 9410 9411
f 9186 9411 9185
f 9576 7147 7148
f 9576 7148 7149
f 9576 7149 9575
f 9565 9566 7133
f 6991 6992 9421
f 6977 9435 9436
f 6977 9436 7002
f 9175 9176 6524
f 9161 9409 9186
f 9551 7147 9576
f 6657 9728 9729
f 6657 9729 9730
f 6657 9730 9731
f 6657 9731 9732
f 6657 9732 9707
f 4910 9728 6657
f 4910 10137 9941
f 4910 9931 9757
f 4910 4911 10137
f 4910 9929 9930
f 4910 9930 9931
f 4910 9721 9722
f 4910 9722 9723
f 4910 9723 9724
f 4910 9724 9725
f 4910 9725 9726
f 4910 9726 9727
f 4910 9727 9728
f 4910 9941 9929
f 4910 9733 9721
f 4910 9757 9758
f 4910 9758 9733
f 9187 9175 6524
f 9539 9695 7159
f 9539 7159 7147
f 9539 9707 9695
f 9539 6657 9707
f 9539 7147 9551
f 7003 9409 9161
f 7003 9161 9253
f 7003 9421 9409
f 7003 6991 9421
f 7069 9473 9565
f 7069 9447 9435
f 7069 9565 7133
f 7069 7133 9447
f 7069 9435 6977
f 9254 7003 9253
f 9540 6657 9539
f 7028 7003 9254
f 7070 9473 7069
f 7070 9498 9473
f 7027 7028 9254
f 7071 9497 9498
f 7071 9498 7070
f 9255 7027 9254
f 9541 6657 9540
f 9496 9497 7071
f 9496 7071 7072
f 9542 6657 9541
f 7026 9255 9256
f 7026 7027 9255
f 9495 9496 7072
f 7073 9495 7072
f 9257 7025 7026
f 9257 7026 9256
f 9543 6657 9542
f 7074 9495 7073
f 9258 7025 9257
f 9544 6657 9543
f 9494 9495 7074
f 7024 7025 9258
f 7023 7024 9258
f 9259 7023 9258
f 9493 9494 7074
f 9493 7074 7075
f 9492 7075 7076
f 9492 9493 7075
f 7022 9259 9260
f 7022 7023 9259
f 9261 7022 9260
f 9261 7021 7022
f 9491 9492 7076
f 9491 7076 7077
f 9262 7021 9261
f 9490 9491 7077
f 9490 7077 7078
f 7020 7021 9262
f 9489 9490 7078
f 9489 7078 7079
f 7019 7020 9262
f 7019 9262 9263
f 7080 9489 7079
f 9488 9489 7080
f 7018 7019 9263
f 7018 9263 9264
f 9239 7018 9264
f 7017 7018 9239
f 7055 9488 7080
f 9487 9488 7055
f 4821 6657 9544
f 4821 9544 9545
f 4821 9545 9546
f 4821 9546 9547
f 4821 9547 9548
f 4821 9548 9549
f 4821 9549 9550
f 4821 9550 9525
f 7029 7017 9239
f 9499 9487 7055
f 9513 4821 9525
f 9514 4821 9513
f 9515 4821 9514
f 8973 9206 9207
f 6893 9232 9233
f 8972 8973 9207
f 8972 9207 9208
f 8972 9208 9209
f 8974 9206 8973
f 9364 7049 9363
f 9364 7048 7049
f 9362 9363 7049
f 9362 7049 7050
f 6894 9232 6893
f 6892 6893 9233
f 6892 9233 9234
f 6892 9234 9235
f 8975 9206 8974
f 8975 9204 9205
f 8975 9205 9206
f 8971 8972 9209
f 9365 7048 9364
f 9365 7047 7048
f 9361 9362 7050
f 9361 7050 7051
f 9361 7051 7052
f 6895 9232 6894
f 6895 9231 9232
f 8976 9204 8975
f 8970 8971 9209
f 8970 9209 9210
f 8970 9210 9211
f 9366 7046 7047
f 9366 7047 9365
f 9360 9361 7052
f 6896 9230 9231
f 6896 9231 6895
f 6890 9235 9236
f 8977 9203 9204
f 8977 9204 8976
f 8969 8970 9211
f 9367 7046 9366
f 9367 7045 7046
f 9359 7052 7053
f 9359 9360 7052
f 6889 9236 9237
f 6889 6890 9236
f 6897 9228 9229
f 6897 9229 9230
f 6897 9230 6896
f 6888 9237 9238
f 6888 6889 9237
f 8968 9211 9212
f 8968 8969 9211
f 9358 9359 7053
f 9358 7053 7054
f 8978 9203 8977
f 8978 9201 9202
f 8978 9202 9203
f 9368 7044 7045
f 9368 7045 9367
f 6898 9227 9228
f 6898 9228 6897
f 9357 9358 7054
f 9357 7054 7029
f 8967 8968 9212
f 8967 9187 6524
f 8967 9212 9187
f 8953 9201 8978
f 9343 7044 9368
f 9343 7043 7044
f 6887 9201 8953
f 6887 9238 9213
f 6887 9213 9201
f 6887 6888 9238
f 6873 9227 6898
f 9331 7043 9343
f 9331 7055 7043
f 9331 9499 7055
f 6899 6887 8953
f 6965 9265 9357
f 6965 9357 7029
f 6965 9227 6873
f 6965 9239 9227
f 6965 7029 9239
f 8979 8967 6524
f 9045 6899 8953
f 9332 9499 9331
f 9332 9523 9524
f 9332 9524 9499
f 6924 6899 9045
f 6924 9045 9046
f 6966 9265 6965
f 6966 9290 9265
f 9047 6924 9046
f 9047 6923 6924
f 9333 9523 9332
f 9333 9522 9523
f 6967 9290 6966
f 6967 9289 9290
f 9048 6923 9047
f 9334 9522 9333
f 6922 6923 9048
f 6968 9288 9289
f 6968 9289 6967
f 9287 9288 6968
f 9049 6921 6922
f 9049 6922 9048
f 9335 9522 9334
f 9335 9521 9522
f 6969 9287 6968
f 9050 6921 9049
f 9336 9520 9521
f 9336 9521 9335
f 6970 9287 6969
f 9286 9287 6970
f 6920 6921 9050
f 9051 6919 6920
f 9051 6920 9050
f 9285 9286 6970
f 9337 9519 9520
f 9337 9520 9336
f 6971 9285 6970
f 9284 9285 6971
f 9284 6971 6972
f 9338 9519 9337
f 9338 9517 9518
f 9338 9518 9519
f 6918 9051 9052
f 6918 6919 9051
f 9053 6918 9052
f 9053 6917 6918
f 9339 9517 9338
f 6973 9283 9284
f 6973 9284 6972
f 9282 9283 6973
f 9340 9516 9517
f 9340 9517 9339
f 6916 9053 9054
f 6916 6917 9053
f 6974 9282 6973
f 9055 6916 9054
f 9281 9282 6974
f 9341 9516 9340
f 9341 9515 9516
f 9341 4821 9515
f 6915 6916 9055
f 6975 9281 6974
f 9342 4821 9341
f 6914 6915 9055
f 6914 9055 9056
f 6976 9280 9281
f 6976 9281 6975
f 6951 9280 6976
f 9279 9280 6951
f 9317 4821 9342
f 6913 9056 9031
f 6913 6914 9056
f 9291 9279 6951
f 9305 4821 9317
f 6925 6913 9031
f 8765 8998 8999
f 9155 6944 6945
f 9155 6945 6946
f 8764 8765 8999
f 8764 8999 9000
f 8766 8998 8765
f 9156 6944 9155
f 9154 9155 6946
f 6788 6789 9025
f 6788 9025 9026
f 6790 9025 6789
f 6790 9024 9025
f 8767 8998 8766
f 8767 8996 8997
f 8767 8997 8998
f 8763 8764 9000
f 8763 9000 9001
f 9157 6942 6943
f 9157 6943 6944
f 9157 6944 9156
f 9153 6946 6947
f 9153 6947 6948
f 9153 9154 6946
f 6791 9024 6790
f 6791 9023 9024
f 6787 9026 9027
f 6787 9027 9028
f 6787 6788 9026
f 8768 8996 8767
f 8762 8763 9001
f 8762 9001 9002
f 8762 9002 9003
f 9158 6941 6942
f 9158 6942 9157
f 9152 9153 6948
f 6792 9023 6791
f 6792 9022 9023
f 6786 6787 9028
f 6786 9028 9029
f 8769 8996 8768
f 8769 8995 8996
f 8761 8762 9003
f 9159 6941 9158
f 9151 6948 6949
f 9151 9152 6948
f 6785 9029 9030
f 6785 6786 9029
f 6793 9021 9022
f 6793 9022 6792
f 8760 8761 9003
f 8760 9003 9004
f 9150 6949 6950
f 9150 6950 6925
f 9150 9151 6949
f 8770 8994 8995
f 8770 8995 8769
f 9160 6939 6940
f 9160 6940 6941
f 9160 6941 9159
f 6784 6785 9030
f 6794 9021 6793
f 6794 9020 9021
f 9149 9150 6925
f 8759 8760 9004
f 8759 9004 8979
f 8745 8994 8770
f 8745 8993 8994
f 9135 6939 9160
f 6783 6784 9030
f 6783 9030 9005
f 6783 9005 8993
f 6769 9020 6794
f 6769 9019 9020
f 8837 8993 8745
f 9057 9031 9019
f 9057 6925 9031
f 9057 9149 6925
f 9123 6951 6939
f 9123 9291 6951
f 9123 6939 9135
f 6795 6783 8993
f 6795 8993 8837
f 6861 9057 9019
f 6861 9019 6769
f 9124 9316 9291
f 9124 9291 9123
f 6820 6795 8837
f 6820 8837 8838
f 6862 9082 9057
f 6862 9057 6861
f 8839 6820 8838
f 9125 9316 9124
f 9125 9314 9315
f 9125 9315 9316
f 6819 6820 8839
f 6863 9081 9082
f 6863 9082 6862
f 9126 9314 9125
f 6818 8839 8840
f 6818 6819 8839
f 6864 9080 9081
f 6864 9081 6863
f 9079 9080 6864
f 9127 9314 9126
f 9127 9313 9314
f 6817 6818 8840
f 6817 8840 8841
f 6865 9079 6864
f 9128 9311 9312
f 9128 9312 9313
f 9128 9313 9127
f 9078 6865 6866
f 9078 9079 6865
f 6816 8841 8842
f 6816 6817 8841
f 8843 6816 8842
f 9129 9311 9128
f 6815 6816 8843
f 6867 9078 6866
f 6867 9077 9078
f 8844 6815 8843
f 9130 9311 9129
f 9130 9309 9310
f 9130 9310 9311
f 6814 6815 8844
f 6868 9076 9077
f 6868 9077 6867
f 8845 6813 6814
f 8845 6814 8844
f 9131 9309 9130
f 6869 9075 9076
f 6869 9076 6868
f 9132 9309 9131
f 9132 9308 9309
f 6812 6813 8845
f 6812 8845 8846
f 6870 9074 9075
f 6870 9075 6869
f 8847 6812 8846
f 9133 9308 9132
f 9133 9307 9308
f 9073 9074 6870
f 6811 6812 8847
f 6871 9073 6870
f 9134 9307 9133
f 9134 9306 9307
f 9072 9073 6871
f 6810 8847 8848
f 6810 6811 8847
f 6872 9072 6871
f 8823 6810 8848
f 9071 9072 6872
f 9109 4821 9305
f 9109 9306 9134
f 9109 9305 9306
f 6809 6810 8823
f 6847 9071 6872
f 9097 4821 9109
f 6821 6809 8823
f 6685 8817 8818
f 8557 8790 8791
f 8556 8557 8791
f 8556 8791 8792
f 8556 8792 8793
f 8948 6841 8947
f 8948 6839 6840
f 8948 6840 6841
f 8946 8947 6841
f 8946 6841 6842
f 6686 8816 8817
f 6686 8817 6685
f 6684 6685 8818
f 8558 8790 8557
f 8949 6839 8948
f 8945 8946 6842
f 8945 6842 6843
f 8945 6843 6844
f 6687 8815 8816
f 6687 8816 6686
f 6683 6684 8818
f 6683 8818 8819
f 6683 8819 8820
f 8559 8790 8558
f 8559 8788 8789
f 8559 8789 8790
f 8555 8556 8793
f 8555 8793 8794
f 8950 6839 8949
f 8950 6838 6839
f 8944 8945 6844
f 6688 8813 8814
f 6688 8814 8815
f 6688 8815 6687
f 6682 6683 8820
f 8560 8788 8559
f 8554 8555 8794
f 8554 8794 8795
f 8951 6837 6838
f 8951 6838 8950
f 8943 8944 6844
f 8943 6844 6845
f 6681 6682 8820
f 6681 8820 8821
f 8561 8788 8560
f 8561 8787 8788
f 8553 8554 8795
f 6689 8812 8813
f 6689 8813 6688
f 8942 6845 6846
f 8942 6846 6821
f 8942 8943 6845
f 6680 8821 8822
f 6680 8822 8797
f 6680 6681 8821
f 8552 8553 8795
f 8552 8795 8796
f 8952 6837 8951
f 8952 6836 6837
f 6690 8812 6689
f 8562 8787 8561
f 8562 8785 8786
f 8562 8786 8787
f 8941 8942 6821
f 8927 6836 8952
f 8927 6835 6836
f 8927 6847 6835
f 6679 6680 8797
f 6665 8812 6690
f 6665 8811 8812
f 8537 8785 8562
f 6757 8849 8941
f 6757 8811 6665
f 6757 8823 8811
f 6757 6821 8823
f 6757 8941 6821
f 8629 6679 8797
f 8629 8785 8537
f 8629 6691 6679
f 8629 8797 8785
f 8915 9071 6847
f 8915 9083 9071
f 8915 6847 8927
f 8916 9083 8915
f 8916 9108 9083
f 8630 6716 6691
f 8630 6691 8629
f 6758 8874 8849
f 6758 8849 6757
f 6715 6716 8630
f 8873 8874 6758
f 8917 9108 8916
f 8917 9107 9108
f 6759 8873 6758
f 8631 6715 8630
f 8918 9107 8917
f 8918 9105 9106
f 8918 9106 9107
f 8632 6714 6715
f 8632 6715 8631
f 8872 6759 6760
f 8872 8873 6759
f 8871 8872 6760
f 8919 9105 8918
f 6761 8871 6760
f 8633 6713 6714
f 8633 6714 8632
f 8920 9105 8919
f 8920 9103 9104
f 8920 9104 9105
f 8870 6761 6762
f 8870 8871 6761
f 6712 8633 8634
f 6712 6713 8633
f 8869 8870 6762
f 8921 9103 8920
f 6763 8869 6762
f 8635 6711 6712
f 8635 6712 8634
f 8868 8869 6763
f 8922 9103 8921
f 8922 9102 9103
f 6764 8868 6763
f 8636 6711 8635
f 8636 6710 6711
f 6709 6710 8636
f 8923 9102 8922
f 8923 9101 9102
f 6765 8868 6764
f 6765 8867 8868
f 8637 6709 8636
f 8924 9101 8923
f 8924 9100 9101
f 6708 6709 8637
f 6708 8637 8638
f 6766 8866 8867
f 6766 8867 6765
f 8925 9100 8924
f 8925 9098 9099
f 8925 9099 9100
f 6707 6708 8638
f 6767 8866 6766
f 6767 8865 8866
f 8639 6707 8638
f 8864 8865 6767
f 8926 9098 8925
f 6768 8864 6767
f 8640 6707 8639
f 8640 6706 6707
f 8863 8864 6768
f 6743 8863 6768
f 8901 9097 9098
f 8901 9098 8926
f 6705 6706 8640
f 6705 8640 8615
f 6525 8552 8796
f 6525 8979 6524
f 6525 8551 8552
f 6525 8771 8759
f 6525 8563 8551
f 6525 8577 8578
f 6525 8578 8579
f 6525 8579 8580
f 6525 8580 8581
f 6525 8581 8582
f 6525 8582 8583
f 6525 8583 8584
f 6525 8584 8585
f 6525 8796 8771
f 6525 8585 8586
f 6525 8586 8587
f 6525 8587 8588
f 6525 8588 8563
f 6525 8759 8979
f 8875 8863 6743
f 6731 8875 6743
f 6717 6705 8615
f 6717 8615 8603
f 8589 8577 6525
f 8614 8589 6525
f 8613 8614 6525
f 8740 6735 6736
f 8740 6736 6737
f 8740 6737 8739
f 8738 6737 6738
f 8738 8739 6737
f 8741 6735 8740
f 8737 8738 6738
f 8737 6738 6739
f 8742 6734 6735
f 8742 6735 8741
f 8736 6739 6740
f 8736 8737 6739
f 8743 6733 6734
f 8743 6734 8742
f 8735 6740 6741
f 8735 8736 6740
f 8744 6731 6732
f 8744 6732 6733
f 8744 6733 8743
f 8734 6741 6742
f 8734 8735 6741
f 8733 6742 6717
f 8733 8734 6742
f 8719 6731 8744
f 8719 8875 6731
f 8707 8875 8719
f 8641 8733 6717
f 8641 6717 8603
f 8666 8603 8604
f 8666 8641 8603
f 8708 8875 8707
f 8708 8899 8900
f 8708 8900 8875
f 8665 8666 8604
f 8665 8604 8605
f 8709 8899 8708
f 8709 8898 8899
f 8710 8898 8709
f 8664 8665 8605
f 8664 8605 8606
f 8663 8606 8607
f 8663 8664 8606
f 8711 8898 8710
f 8711 8896 8897
f 8711 8897 8898
f 8662 8607 8608
f 8662 8663 8607
f 8712 8896 8711
f 8661 8662 8608
f 8661 8608 8609
f 8713 8896 8712
f 8713 8895 8896
f 8660 8609 8610
f 8660 8661 8609
f 8714 8895 8713
f 8714 8893 8894
f 8714 8894 8895
f 8659 8660 8610
f 8659 8610 8611
f 8715 8893 8714
f 8658 8659 8611
f 8658 8611 8612
f 8716 8893 8715
f 8716 8891 8892
f 8716 8892 8893
f 8657 8613 6525
f 8657 8658 8612
f 8657 8612 8613
f 8717 8891 8716
f 4820 8717 8718
f 4820 8718 8693
f 4820 8655 8656
f 4820 8656 8657
f 4820 8657 6525
f 4820 8667 8655
f 4820 8891 8717
f 4820 8889 8890
f 4820 8890 8891
f 4820 8681 8682
f 4820 8682 8683
f 4820 8683 8684
f 4820 8684 8685
f 4820 4821 9097
f 4820 8685 8686
f 4820 8686 8687
f 4820 8687 8688
f 4820 8688 8689
f 4820 8689 8690
f 4820 8901 8889
f 4820 8690 8691
f 4820 8691 8692
f 4820 9097 8901
f 4820 8692 8667
f 4820 8693 8681
f 6602 12087 1600
f 6602 12099 12087
f 12066 8402 12065
f 12066 12067 8402
f 7307 10067 7306
f 7307 7308 10067
f 7203 9859 7202
f 7203 7204 9859
f 7099 9651 7098
f 7099 7100 9651
f 6891 9235 6890
f 6891 6892 9235
f 12601 1625 12600
f 12599 12600 1625
f 12598 12599 1625
f 12602 1625 12601
f 12603 1625 12602
f 12597 12598 1625
f 12604 1625 12603
f 12596 12597 1625
f 12595 12596 1625
f 12605 1625 12604
f 12594 12595 1625
f 12606 1625 12605
f 12684 12594 1625
f 12620 1625 12606
f 12683 12684 1625
f 12621 1625 12620
f 12682 12683 1625
f 12496 12652 12653
f 12289 12624 12625
f 12289 12625 12626
f 12289 12626 12288
f 12287 12626 12627
f 12287 12627 12628
f 12287 12288 12626
f 12497 12651 12652
f 12497 12652 12496
f 12783 12678 12782
f 12783 12677 12678
f 12495 12496 12653
f 12781 12782 12678
f 12781 12678 12679
f 12290 12624 12289
f 12286 12287 12628
f 12494 12495 12653
f 12494 12653 12654
f 12494 12654 12655
f 12784 12676 12677
f 12784 12677 12783
f 12780 12679 12680
f 12780 12781 12679
f 12498 12649 12650
f 12498 12650 12651
f 12498 12651 12497
f 12285 12628 12629
f 12285 12286 12628
f 12291 12623 12624
f 12291 12624 12290
f 12785 12676 12784
f 12785 12675 12676
f 12499 12649 12498
f 12779 12680 12681
f 12779 12780 12680
f 12493 12494 12655
f 12493 12655 12656
f 12284 12629 12630
f 12284 12285 12629
f 12292 12622 12623
f 12292 12623 12291
f 12786 12675 12785
f 12786 12674 12675
f 12500 12648 12649
f 12500 12649 12499
f 12492 12493 12656
f 12778 12682 1625
f 12778 12779 12681
f 12778 12681 12682
f 12293 12622 12292
f 12293 12621 12622
f 12293 1625 12621
f 12283 12630 12631
f 12283 12284 12630
f 12787 12674 12786
f 12787 12673 12674
f 12491 12656 12657
f 12491 12492 12656
f 12501 12647 12648
f 12501 12648 12500
f 12282 12283 12631
f 12282 12631 12632
f 12294 1625 12293
f 12502 12632 12646
f 12502 12646 12647
f 12502 12647 12501
f 12788 12673 12787
f 12788 12658 12672
f 12788 12672 12673
f 12490 12658 12788
f 12490 12491 12657
f 12490 12657 12658
f 12308 1625 12294
f 12372 12632 12502
f 12372 12282 12632
f 12516 12372 12502
f 12580 12490 12788
f 12580 12788 12698
f 12371 12372 12516
f 12517 12371 12516
f 12699 12580 12698
f 12699 12579 12580
f 1626 12778 1625
f 1626 12761 12762
f 1626 12762 12776
f 1626 12776 12777
f 1626 12777 12778
f 12518 12370 12371
f 12518 12371 12517
f 12760 12761 1626
f 12700 12579 12699
f 12700 12578 12579
f 12519 12370 12518
f 12369 12370 12519
f 12759 12760 1626
f 12577 12578 12700
f 12577 12700 12701
f 12520 12369 12519
f 12368 12369 12520
f 12758 12759 1626
f 12576 12701 12702
f 12576 12577 12701
f 12367 12520 12521
f 12367 12368 12520
f 12757 12758 1626
f 12703 12576 12702
f 12703 12575 12576
f 12366 12367 12521
f 12366 12521 12522
f 12756 12757 1626
f 12574 12575 12703
f 12574 12703 12704
f 12365 12366 12522
f 12365 12522 12523
f 12755 12756 1626
f 12573 12574 12704
f 12705 12573 12704
f 12524 12364 12365
f 12524 12365 12523
f 12754 12755 1626
f 12572 12573 12705
f 12572 12705 12706
f 12363 12364 12524
f 12525 12363 12524
f 12753 12754 1626
f 12571 12572 12706
f 12571 12706 12707
f 12526 12362 12363
f 12526 12363 12525
f 12752 12753 1626
f 12708 12571 12707
f 12708 12570 12571
f 12361 12362 12526
f 12527 12361 12526
f 12751 12752 1626
f 12709 12569 12570
f 12709 12570 12708
f 12528 12360 12361
f 12528 12361 12527
f 12710 12569 12709
f 12750 12751 1626
f 12568 12569 12710
f 12736 12750 1626
f 12735 12736 1626
f 12734 12735 1626
f 8440 12339 12340
f 12470 12547 12548
f 12079 12080 12314
f 12079 12314 12315
f 12081 12314 12080
f 12081 12313 12314
f 8439 12340 12341
f 8439 8440 12340
f 12471 12547 12470
f 12469 12470 12548
f 12469 12548 12549
f 12078 12079 12315
f 12078 12315 12316
f 12082 12313 12081
f 12082 12312 12313
f 8442 12338 12339
f 8438 12341 12342
f 8438 8439 12341
f 12472 12545 12546
f 12472 12546 12547
f 12472 12547 12471
f 12468 12549 12550
f 12468 12469 12549
f 12083 12312 12082
f 12083 12311 12312
f 12077 12317 12318
f 12077 12316 12317
f 12077 12078 12316
f 8443 12337 12338
f 8443 12338 8442
f 8437 12342 12343
f 8437 8438 12342
f 12473 12545 12472
f 12467 12468 12550
f 12467 12550 12551
f 12467 12551 12552
f 12084 12311 12083
f 12084 12310 12311
f 12076 12318 12319
f 12076 12077 12318
f 8444 12336 12337
f 8444 12337 8443
f 8436 12343 12344
f 8436 8437 12343
f 12474 12545 12473
f 12474 12544 12545
f 12466 12467 12552
f 12075 12076 12319
f 8435 8436 12344
f 8435 12344 12345
f 8445 12334 12335
f 8445 12335 12336
f 8445 12336 8444
f 12085 12310 12084
f 12085 12309 12310
f 12465 12552 12553
f 12465 12466 12552
f 12475 12544 12474
f 12475 12543 12544
f 8446 12334 8445
f 12086 1625 12308
f 12086 12309 12085
f 12086 12308 12309
f 12074 12319 12320
f 12074 12075 12319
f 8434 12345 12346
f 8434 12346 12360
f 8434 8435 12345
f 8434 12360 12528
f 12476 12543 12475
f 12476 12542 12543
f 12464 12465 12553
f 12464 12553 12554
f 12164 12320 12334
f 12164 12074 12320
f 8524 12528 12542
f 8524 8434 12528
f 8524 12542 12476
f 8460 12334 8446
f 8460 12164 12334
f 12450 12710 12724
f 12450 12568 12710
f 12450 12464 12554
f 12450 12554 12568
f 12386 8524 12476
f 8461 12164 8460
f 8461 12163 12164
f 12449 12724 12725
f 12449 12725 12726
f 12449 12450 12724
f 12387 8524 12386
f 12387 8523 8524
f 8522 8523 12387
f 8462 12163 8461
f 12162 12163 8462
f 12448 12726 12727
f 12448 12449 12726
f 12388 8522 12387
f 12161 8462 8463
f 12161 12162 8462
f 8521 8522 12388
f 12389 8521 12388
f 12447 12448 12727
f 8464 12160 12161
f 8464 12161 8463
f 12390 8521 12389
f 12390 8520 8521
f 12446 12447 12727
f 8519 8520 12390
f 12159 12160 8464
f 12159 8464 8465
f 12445 12446 12729
f 12391 8519 12390
f 8466 12159 8465
f 8466 12158 12159
f 12444 12445 12729
f 12444 12729 12730
f 12444 12730 12731
f 12392 8519 12391
f 12392 8518 8519
f 12157 12158 8466
f 12157 8466 8467
f 12393 8518 12392
f 12393 8517 8518
f 12443 12444 12731
f 8468 12157 8467
f 8468 12156 12157
f 12442 12731 12732
f 12442 12443 12731
f 12394 8517 12393
f 12394 8516 8517
f 8469 12155 12156
f 8469 12156 8468
f 12441 12732 12733
f 12441 12733 12734
f 12441 12442 12732
f 12395 8516 12394
f 12395 8515 8516
f 12154 12155 8469
f 8470 12154 8469
f 12396 8514 8515
f 12396 8515 12395
f 12440 12734 1626
f 12440 12441 12734
f 8471 12153 12154
f 8471 12154 8470
f 12439 12440 1626
f 12397 8513 8514
f 12397 8514 12396
f 8472 12153 8471
f 12152 12153 8472
f 12398 8512 8513
f 12398 8513 12397
f 12438 12439 1626
f 12412 8512 12398
f 12424 12438 1626
f 12262 8491 8492
f 12262 8492 8493
f 11873 12106 11872
f 11873 12105 12106
f 11871 12106 12107
f 11871 11872 12106
f 8335 12132 12133
f 8335 12133 12134
f 8335 8336 12132
f 8337 12131 12132
f 8337 12132 8336
f 12263 8491 12262
f 12261 12262 8493
f 11870 12107 12108
f 11870 11871 12107
f 11874 12105 11873
f 11874 12104 12105
f 8334 8335 12134
f 8338 12130 12131
f 8338 12131 8337
f 12264 8491 12263
f 12264 8489 8490
f 12264 8490 8491
f 12260 12261 8493
f 12260 8493 8494
f 11869 12108 12109
f 11869 12109 12110
f 11869 11870 12108
f 11875 12104 11874
f 11875 12102 12103
f 11875 12103 12104
f 8333 12134 12135
f 8333 8334 12134
f 8339 12128 12129
f 8339 12129 12130
f 8339 12130 8338
f 12265 8489 12264
f 12259 12260 8494
f 12259 8494 8495
f 12259 8495 8496
f 8340 12127 12128
f 8340 12128 8339
f 11876 12102 11875
f 11868 11869 12110
f 8332 12135 12136
f 8332 8333 12135
f 12258 12259 8496
f 12266 8489 12265
f 12266 8488 8489
f 11877 12102 11876
f 11877 12101 12102
f 11867 12110 12111
f 11867 11868 12110
f 8331 12136 12137
f 8331 8332 12136
f 8341 12127 8340
f 12267 8488 12266
f 12267 8486 8487
f 12267 8487 8488
f 12257 12258 8496
f 12257 8496 8497
f 8342 12112 12126
f 8342 12126 12127
f 8342 12127 8341
f 8330 12137 12138
f 8330 12138 12152
f 8330 8331 12137
f 11878 12101 11877
f 11878 12100 12101
f 11866 12111 12112
f 11866 11867 12111
f 12268 8486 12267
f 12256 12257 8497
f 12256 8497 8498
f 12256 8498 8512
f 12256 8512 12412
f 8356 12112 8342
f 8356 11866 12112
f 8356 11956 11866
f 12178 8486 12268
f 8420 8330 12152
f 8420 8486 12178
f 8420 8472 8486
f 8420 12152 8472
f 12242 12256 12412
f 8357 11955 11956
f 8357 11956 8356
f 12179 8419 8420
f 12179 8420 12178
f 12241 12412 12413
f 12241 12413 12414
f 12241 12242 12412
f 12180 8419 12179
f 8418 8419 12180
f 8358 11954 11955
f 8358 11955 8357
f 12240 12241 12414
f 8359 11954 8358
f 11953 11954 8359
f 8417 12180 12181
f 8417 8418 12180
f 12239 12414 12415
f 12239 12240 12414
f 8360 11953 8359
f 12182 8417 12181
f 12182 8416 8417
f 11952 11953 8360
f 12238 12239 12415
f 12238 12415 12416
f 12238 12416 12417
f 8361 11952 8360
f 8361 11951 11952
f 8415 8416 12182
f 8415 12182 12183
f 12237 12417 12418
f 12237 12238 12417
f 8362 11951 8361
f 11950 11951 8362
f 8414 8415 12183
f 8414 12183 12184
f 12236 12237 12418
f 12236 12418 12419
f 11949 8362 8363
f 11949 11950 8362
f 8413 8414 12184
f 8413 12184 12185
f 12235 12236 12419
f 11948 11949 8363
f 8412 12185 12186
f 8412 8413 12185
f 12234 12235 12419
f 12234 12419 12420
f 8411 8412 12186
f 8411 12186 12187
f 8365 11947 11948
f 12233 12234 12420
f 12233 12420 12421
f 8366 11946 11947
f 8366 11947 8365
f 12188 8410 8411
f 12188 8411 12187
f 12232 12421 12422
f 12232 12422 12423
f 12232 12233 12421
f 8409 12188 12189
f 8409 8410 12188
f 8367 11945 11946
f 8367 11946 8366
f 12231 12232 12423
f 11944 8367 8368
f 11944 11945 8367
f 12190 8408 8409
f 12190 8409 12189
f 12230 12231 12423
f 12230 12424 1626
f 12230 12423 12424
f 11930 11944 8368
f 12204 8408 12190
f 11664 11898 11899
f 11665 11897 11898
f 11665 11898 11664
f 11663 11664 11899
f 8231 11924 11925
f 8231 8232 11924
f 8233 11923 11924
f 8233 11924 8232
f 12055 8387 8388
f 12055 8388 12054
f 12053 8388 8389
f 12053 12054 8388
f 11662 11899 11900
f 11662 11663 11899
f 11666 11895 11896
f 11666 11896 11897
f 11666 11897 11665
f 8230 11925 11926
f 8230 8231 11925
f 8234 11922 11923
f 8234 11923 8233
f 12052 8389 8390
f 12052 8390 8391
f 12052 12053 8389
f 12056 8385 8386
f 12056 8386 8387
f 12056 8387 12055
f 11661 11900 11901
f 11661 11662 11900
f 11667 11895 11666
f 8229 11926 11927
f 8229 8230 11926
f 8235 11920 11921
f 8235 11921 11922
f 8235 11922 8234
f 12051 8391 8392
f 12051 12052 8391
f 12057 8385 12056
f 11660 11901 11902
f 11660 11661 11901
f 11668 11895 11667
f 11668 11894 11895
f 8236 11920 8235
f 8228 11927 11928
f 8228 8229 11927
f 12058 8385 12057
f 12058 8383 8384
f 12058 8384 8385
f 12050 12051 8392
f 11659 11902 11903
f 11659 11903 11904
f 11659 11660 11902
f 8227 8228 11928
f 8227 11928 11929
f 8237 11918 11919
f 8237 11919 11920
f 8237 11920 8236
f 12049 8392 8393
f 12049 12050 8392
f 12059 8383 12058
f 11658 11659 11904
f 8226 11929 11930
f 8226 8227 11929
f 8238 11904 11918
f 8238 11918 8237
f 12060 8368 8382
f 12060 8382 8383
f 12060 8383 12059
f 12048 12049 8393
f 12048 8393 8394
f 8316 8368 12060
f 8316 8226 11930
f 8316 11930 8368
f 11970 8316 12060
f 8252 11658 11904
f 8252 11904 8238
f 8252 11748 11658
f 12034 8394 8408
f 12034 8408 12204
f 12034 12048 8394
f 8315 8316 11970
f 11971 8315 11970
f 8253 11747 11748
f 8253 11748 8252
f 12033 12034 12204
f 12033 12204 12205
f 12033 12205 12206
f 11746 11747 8253
f 11972 8314 8315
f 11972 8315 11971
f 8254 11746 8253
f 12032 12033 12206
f 11745 11746 8254
f 8313 8314 11972
f 8255 11745 8254
f 11973 8313 11972
f 12031 12206 12207
f 12031 12032 12206
f 6605 11684 11685
f 6605 11685 11686
f 6605 11686 11687
f 6605 11894 11668
f 6605 12100 11878
f 6605 11878 11892
f 6605 11668 11669
f 6605 11892 11893
f 6605 11893 11894
f 6605 11669 11670
f 6605 11670 11684
f 11688 6605 11687
f 11974 8313 11973
f 11974 8312 8313
f 8256 11745 8255
f 8256 11744 11745
f 12030 12207 12208
f 12030 12208 12209
f 12030 12031 12207
f 11689 6605 11688
f 8257 11743 11744
f 8257 11744 8256
f 12029 12030 12209
f 11975 8312 11974
f 11975 8311 8312
f 11690 6605 11689
f 11976 8311 11975
f 8258 11743 8257
f 8258 11742 11743
f 12028 12029 12209
f 12028 12209 12210
f 12028 12210 12211
f 11691 6605 11690
f 8259 11741 11742
f 8259 11742 8258
f 11977 8309 11976
f 12027 12211 12212
f 12027 12028 12211
f 11692 6605 11691
f 8308 8309 11977
f 8260 11740 11741
f 8260 11741 8259
f 11978 8308 11977
f 12026 12027 12212
f 12026 12212 12213
f 8261 11739 11740
f 8261 11740 8260
f 11979 8308 11978
f 11979 8307 8308
f 12025 12026 12213
f 11980 8307 11979
f 8306 8307 11980
f 8262 11738 11739
f 8262 11739 8261
f 12024 12025 12213
f 12024 12213 12214
f 12024 12214 12215
f 8305 8306 11980
f 8263 11738 8262
f 8263 11737 11738
f 11981 8305 11980
f 12023 12024 12215
f 11736 11737 8263
f 8264 11736 8263
f 12022 12023 12215
f 12022 12215 12216
f 11982 8305 11981
f 11982 8304 8305
f 6664 11692 11693
f 6664 11693 11694
f 6664 11694 11695
f 6664 11695 11696
f 6664 6605 11692
f 8278 11736 8264
f 11846 8283 8284
f 11455 11456 6586
f 11457 6586 11456
f 8129 11716 8128
f 8129 11715 11716
f 8127 8128 11716
f 8127 11716 11717
f 11847 8282 8283
f 11847 8283 11846
f 11845 11846 8284
f 11845 8284 8285
f 11458 6586 11457
f 11454 6586 6664
f 11454 11455 6586
f 8126 11717 11718
f 8126 11718 11719
f 8126 8127 11717
f 8130 11713 11714
f 8130 11714 11715
f 8130 11715 8129
f 11848 8282 11847
f 11844 11845 8285
f 11844 8285 8286
f 11459 6586 11458
f 11453 11454 6664
f 8131 11713 8130
f 11849 8282 11848
f 11849 8281 8282
f 11843 11844 8286
f 11843 8286 8287
f 8125 8126 11719
f 11460 6586 11459
f 11452 11453 6664
f 8132 11712 11713
f 8132 11713 8131
f 8124 11719 11720
f 8124 8125 11719
f 11850 8281 11849
f 11850 8279 8280
f 11850 8280 8281
f 11842 11843 8287
f 11842 8287 8288
f 11451 11452 6664
f 8123 11720 11721
f 8123 11721 11722
f 8123 8124 11720
f 11461 6586 11460
f 8133 11710 11711
f 8133 11711 11712
f 8133 11712 8132
f 11851 8279 11850
f 11841 11842 8288
f 11841 8288 8289
f 11450 11696 11710
f 11450 11451 6664
f 11450 6664 11696
f 11462 6586 11461
f 11852 11736 8278
f 11852 8278 8279
f 11852 8279 11851
f 8122 8123 11722
f 11840 8304 11982
f 11840 11841 8289
f 11840 8289 8290
f 11840 8290 8304
f 11476 6586 11462
f 8212 11722 11736
f 8212 8122 11722
f 11762 11736 11852
f 11762 8212 11736
f 11826 11982 11996
f 11826 11840 11982
f 8148 11540 11450
f 8148 11450 11710
f 11477 6586 11476
f 11825 11996 11997
f 11825 11997 11998
f 11825 11826 11996
f 8149 11539 11540
f 8149 11540 8148
f 11763 8211 8212
f 11763 8212 11762
f 11478 6586 11477
f 8150 11538 11539
f 8150 11539 8149
f 11824 11825 11998
f 11764 8211 11763
f 11764 8210 8211
f 11537 11538 8150
f 11823 11824 11998
f 11823 11998 11999
f 11765 8209 8210
f 11765 8210 11764
f 8151 11537 8150
f 11822 11823 11999
f 11822 11999 12000
f 11822 12000 12001
f 11766 8208 8209
f 11766 8209 11765
f 8152 11537 8151
f 8152 11536 11537
f 8153 11535 11536
f 8153 11536 8152
f 11821 11822 12001
f 11767 8207 8208
f 11767 8208 11766
f 11820 11821 12001
f 11820 12001 12002
f 11820 12002 12003
f 8154 11535 8153
f 8154 11534 11535
f 8206 8207 11767
f 8206 11767 11768
f 11533 11534 8154
f 11819 11820 12003
f 8155 11533 8154
f 8205 8206 11768
f 11769 8205 11768
f 8156 11532 11533
f 8156 11533 8155
f 11818 11819 12003
f 11818 12003 12004
f 11770 8204 8205
f 11770 8205 11769
f 11531 8156 8157
f 11531 11532 8156
f 11817 11818 12004
f 11817 12004 12005
f 8203 11770 11771
f 8203 8204 11770
f 11530 11531 8157
f 11816 12005 12006
f 11816 11817 12005
f 8202 8203 11771
f 8158 11530 8157
f 11529 11530 8158
f 11773 8201 8202
f 8159 11529 8158
f 11528 11529 8159
f 8160 11528 8159
f 11774 8201 11773
f 11774 8200 8201
f 11788 8200 11774
f 11638 8179 8180
f 11638 8180 8181
f 11247 11482 11483
f 11247 11248 11482
f 11249 11480 11481
f 11249 11481 11482
f 11249 11482 11248
f 8023 8024 11508
f 8023 11508 11509
f 11639 8179 11638
f 11637 11638 8181
f 8025 11508 8024
f 8025 11506 11507
f 8025 11507 11508
f 11250 11480 11249
f 11246 11483 11484
f 11246 11247 11483
f 8026 11506 8025
f 11636 8181 8182
f 11636 8182 8183
f 11636 11637 8181
f 8022 11509 11510
f 8022 8023 11509
f 11640 8179 11639
f 11640 8178 8179
f 11251 11479 11480
f 11251 11480 11250
f 11245 11484 11485
f 11245 11485 11486
f 11245 11246 11484
f 11641 8177 8178
f 11641 8178 11640
f 11635 11636 8183
f 8021 11510 11511
f 8021 11511 11512
f 8021 8022 11510
f 8027 11504 11505
f 8027 11505 11506
f 8027 11506 8026
f 11252 11478 11479
f 11252 11479 11251
f 11252 6586 11478
f 11244 11486 11487
f 11244 11245 11486
f 11634 11635 8183
f 11634 8183 8184
f 8028 11504 8027
f 11642 8176 8177
f 11642 8177 11641
f 8020 8021 11512
f 11243 11244 11487
f 11253 6586 11252
f 11633 8184 8185
f 11633 8185 8186
f 11633 11634 8184
f 11643 8175 8176
f 11643 8176 11642
f 8029 11503 11504
f 8029 11504 8028
f 8019 11512 11513
f 8019 8020 11512
f 11242 11487 11488
f 11242 11243 11487
f 11254 6586 11253
f 11644 8160 8174
f 11644 8174 8175
f 11644 8175 11643
f 8030 11488 11502
f 8030 11502 11503
f 8030 11503 8029
f 11632 11633 8186
f 8018 11513 11514
f 8018 8019 11513
f 4901 12022 12216
f 4901 11816 12006
f 4901 12230 1626
f 4901 11793 11794
f 4901 12216 12230
f 4901 11794 11795
f 4901 12006 12007
f 4901 11795 11796
f 4901 12007 12008
f 4901 11796 11797
f 4901 12008 12022
f 4901 11797 11798
f 4901 11798 11799
f 4901 11799 11800
f 4901 11800 11814
f 4901 11814 11815
f 4901 11815 11816
f 6662 11788 11789
f 6662 11789 11790
f 6662 11790 11791
f 6662 11791 11792
f 6662 11792 11793
f 6662 11793 4901
f 11268 6586 11254
f 8044 11242 11488
f 8044 11488 8030
f 8044 11332 11242
f 11618 8186 8200
f 11618 11632 8186
f 11618 8200 11788
f 11618 11788 6662
f 8108 11514 11528
f 8108 11644 11554
f 8108 8160 11644
f 8108 8018 11514
f 8108 11528 8160
f 8045 11332 8044
f 8045 11331 11332
f 11617 11618 6662
f 8107 11554 11555
f 8107 8108 11554
f 8046 11331 8045
f 8046 11330 11331
f 11616 11617 6662
f 11556 8107 11555
f 8106 8107 11556
f 8047 11330 8046
f 8047 11329 11330
f 11615 11616 6662
f 11557 8106 11556
f 11557 8105 8106
f 11328 11329 8047
f 11328 8047 8048
f 11614 11615 6662
f 8104 8105 11557
f 11558 8104 11557
f 8049 11328 8048
f 11327 11328 8049
f 11613 11614 6662
f 8103 8104 11558
f 8103 11558 11559
f 8050 11327 8049
f 8050 11326 11327
f 11560 8103 11559
f 11560 8102 8103
f 8051 11326 8050
f 11325 11326 8051
f 8101 11560 11561
f 8101 8102 11560
f 8052 11324 11325
f 8052 11325 8051
f 8100 11561 11562
f 8100 8101 11561
f 11323 8052 8053
f 11323 11324 8052
f 8099 11562 11563
f 8099 8100 11562
f 8054 11323 8053
f 8054 11322 11323
f 8098 11563 11564
f 8098 8099 11563
f 8055 11322 8054
f 8055 11321 11322
f 11565 8098 11564
f 8097 8098 11565
f 8056 11320 11321
f 8056 11321 8055
f 8096 8097 11565
f 8096 11565 11566
f 4878 11613 6662
f 4878 11606 11607
f 4878 11607 11608
f 4878 11608 11609
f 4878 11609 11610
f 4878 11610 11611
f 4878 11611 11612
f 4878 11612 11613
f 11306 11320 8056
f 11580 8096 11566
f 11592 11606 4878
f 11591 11592 4878
f 11590 11591 4878
f 7920 11300 11301
f 11040 11274 11275
f 11430 8075 8076
f 7919 11301 11302
f 7919 7920 11301
f 11041 11273 11274
f 11041 11274 11040
f 11039 11275 11276
f 11039 11040 11275
f 7921 11299 11300
f 7921 11300 7920
f 11429 11430 8076
f 11429 8076 8077
f 7922 11299 7921
f 7922 11298 11299
f 7918 7919 11302
f 11428 11429 8077
f 11428 8077 8078
f 11428 8078 8079
f 11042 11272 11273
f 11042 11273 11041
f 11038 11039 11276
f 11432 8073 8074
f 11432 8074 8075
f 11043 11271 11272
f 11043 11272 11042
f 7923 11296 11297
f 7923 11297 11298
f 7923 11298 7922
f 7917 11302 11303
f 7917 7918 11302
f 11433 8073 11432
f 11037 11276 11277
f 11037 11277 11278
f 11037 11038 11276
f 11427 11428 8079
f 11044 11269 11270
f 11044 11270 11271
f 11044 11271 11043
f 11036 11037 11278
f 7924 11296 7923
f 7916 11303 11304
f 7916 11304 11305
f 7916 7917 11303
f 11426 11427 8079
f 11426 8079 8080
f 11434 8072 8073
f 11434 8073 11433
f 11425 11426 8080
f 11425 8080 8081
f 11035 11278 11279
f 11035 11036 11278
f 7925 11294 11295
f 7925 11295 11296
f 7925 11296 7924
f 7915 7916 11305
f 11045 11269 11044
f 11435 8071 8072
f 11435 8072 11434
f 11436 8056 8070
f 11436 8070 8071
f 11436 8071 11435
f 7914 11305 11306
f 7914 7915 11305
f 11046 11268 11269
f 11046 6586 11268
f 11046 11269 11045
f 11034 11279 11280
f 11034 11035 11279
f 7926 11294 7925
f 11424 8081 8082
f 11424 8082 8096
f 11424 11425 8081
f 11346 11306 8056
f 11346 7914 11306
f 11346 8056 11436
f 7940 11294 7926
f 7940 11280 11294
f 7940 11034 11280
f 7940 11124 11034
f 8004 7914 11346
f 11410 8096 11580
f 11410 11424 8096
f 11123 11124 7940
f 8003 8004 11346
f 7941 11123 7940
f 11347 8003 11346
f 11409 11580 11581
f 11409 11410 11580
f 11348 8003 11347
f 7942 11123 7941
f 7942 11122 11123
f 8002 8003 11348
f 11408 11581 11582
f 11408 11409 11581
f 8001 8002 11348
f 8001 11348 11349
f 11121 7942 7943
f 11121 11122 7942
f 11407 11582 11583
f 11407 11408 11582
f 8000 8001 11349
f 11120 7943 7944
f 11120 11121 7943
f 11406 11407 11583
f 11406 11583 11584
f 11350 8000 11349
f 11405 11406 11584
f 11405 11584 11585
f 11405 11585 11586
f 7945 11119 11120
f 7945 11120 7944
f 11351 8000 11350
f 11351 7999 8000
f 11118 11119 7945
f 11404 11405 11586
f 7946 11118 7945
f 11352 7999 11351
f 11352 7998 7999
f 11403 11404 11586
f 11403 11586 11587
f 11117 7946 7947
f 11117 11118 7946
f 7997 7998 11352
f 11353 7997 11352
f 11116 11117 7947
f 11402 11403 11587
f 11402 11587 11588
f 11402 11588 11589
f 11354 7996 7997
f 11354 7997 11353
f 7948 11116 7947
f 11355 7996 11354
f 11115 11116 7948
f 11115 7948 7949
f 11401 11402 11589
f 11401 11589 11590
f 11400 11401 11590
f 11400 11590 4878
f 7994 11355 11356
f 7950 11115 7949
f 7950 11114 11115
f 11357 7993 7994
f 11357 7994 11356
f 11113 11114 7950
f 11399 11400 4878
f 7951 11113 7950
f 7952 11112 11113
f 7952 11113 7951
f 11398 11399 4878
f 11358 7992 7993
f 11358 7993 11357
f 7978 7992 11358
f 7978 11358 11372
f 11384 11398 4878
f 10833 11065 11066
f 10833 11066 10832
f 10831 11066 11067
f 10831 11067 11068
f 10831 10832 11066
f 7815 11092 11093
f 7815 11093 11094
f 7815 7816 11092
f 7817 11090 11091
f 7817 11091 11092
f 7817 11092 7816
f 11223 7971 7972
f 11223 7972 11222
f 11221 7972 7973
f 11221 11222 7972
f 7818 11090 7817
f 7814 11094 11095
f 7814 7815 11094
f 10834 11064 11065
f 10834 11065 10833
f 10830 10831 11068
f 11224 7970 7971
f 11224 7971 11223
f 11220 7973 7974
f 11220 11221 7973
f 10835 11063 11064
f 10835 11064 10834
f 7813 7814 11095
f 7819 11088 11089
f 7819 11089 11090
f 7819 11090 7818
f 10829 11068 11069
f 10829 11069 11070
f 10829 10830 11068
f 11225 7970 11224
f 11225 7969 7970
f 11219 11220 7974
f 11219 7974 7975
f 10836 11062 11063
f 10836 11063 10835
f 10828 10829 11070
f 7820 11088 7819
f 7812 11095 11096
f 7812 11096 11097
f 7812 7813 11095
f 11218 7975 7976
f 11218 7976 7977
f 11218 11219 7975
f 11226 7967 7968
f 11226 7968 7969
f 11226 7969 11225
f 7811 7812 11097
f 10827 11070 11071
f 10827 11071 11072
f 10827 10828 11070
f 7821 11087 11088
f 7821 11088 7820
f 10837 11061 11062
f 10837 11062 10836
f 11227 7967 11226
f 11217 7977 7978
f 11217 11218 7977
f 10838 11060 11061
f 10838 11061 10837
f 10826 10827 11072
f 11228 7952 7966
f 11228 7966 7967
f 11228 7967 11227
f 11228 11112 7952
f 7822 11087 7821
f 7822 11072 11086
f 7822 11086 11087
f 7810 11097 11098
f 7810 7811 11097
f 11216 11217 7978
f 10916 10826 11072
f 7836 10916 11072
f 7836 11072 7822
f 7900 11098 11112
f 7900 11228 11138
f 7900 11112 11228
f 7900 7810 11098
f 11202 11216 7978
f 11202 7978 11372
f 10915 7836 7837
f 10915 10916 7836
f 7899 7900 11138
f 7899 11138 11139
f 11201 11202 11372
f 11201 11372 11373
f 11201 11373 11374
f 11140 7899 11139
f 7898 7899 11140
f 7838 10915 7837
f 7838 10914 10915
f 11200 11201 11374
f 10913 10914 7838
f 7897 7898 11140
f 7897 11140 11141
f 11199 11200 11374
f 11199 11374 11375
f 11142 7897 11141
f 11142 7896 7897
f 7840 10912 10913
f 11198 11199 11375
f 11198 11375 11376
f 11198 11376 11377
f 7841 10911 10912
f 7841 10912 7840
f 7895 7896 11142
f 7895 11142 11143
f 11197 11198 11377
f 10910 10911 7841
f 11144 7895 11143
f 11144 7894 7895
f 7842 10910 7841
f 11196 11197 11377
f 11196 11377 11378
f 11196 11378 11379
f 10909 10910 7842
f 7843 10909 7842
f 7893 7894 11144
f 7893 11144 11145
f 11195 11196 11379
f 11146 7893 11145
f 11146 7892 7893
f 7844 10908 10909
f 7844 10909 7843
f 11194 11379 11380
f 11194 11195 11379
f 7891 7892 11146
f 7891 11146 11147
f 10907 7844 7845
f 10907 10908 7844
f 11193 11194 11380
f 11193 11380 11381
f 11148 7891 11147
f 7890 7891 11148
f 7846 10906 10907
f 7846 10907 7845
f 11192 11381 11382
f 11192 11193 11381
f 11149 7890 11148
f 7889 7890 11149
f 10905 10906 7846
f 7847 10905 7846
f 11191 11192 11382
f 11191 11382 11383
f 7848 10904 10905
f 7848 10905 7847
f 11150 7889 11149
f 11150 7888 7889
f 11190 11384 4878
f 11190 11191 11383
f 11190 11383 11384
f 10890 10904 7848
f 7874 7888 11150
f 10625 10857 10858
f 10625 10858 10624
f 10623 10858 10859
f 10623 10624 10858
f 7713 10883 10884
f 7713 10884 7712
f 7711 10884 10885
f 7711 10885 10886
f 7711 7712 10884
f 11015 7868 11014
f 11015 7867 7868
f 11013 11014 7868
f 11013 7868 7869
f 11013 7869 7870
f 10626 10857 10625
f 10626 10856 10857
f 10622 10623 10859
f 10622 10859 10860
f 7714 10882 10883
f 7714 10883 7713
f 7710 7711 10886
f 7710 10886 10887
f 11016 7867 11015
f 11016 7866 7867
f 11012 7870 7871
f 11012 11013 7870
f 10627 10855 10856
f 10627 10856 10626
f 10621 10860 10861
f 10621 10861 10862
f 10621 10622 10860
f 11017 7865 7866
f 11017 7866 11016
f 7709 7710 10887
f 7715 10880 10881
f 7715 10881 10882
f 7715 10882 7714
f 11011 11012 7871
f 11011 7871 7872
f 10628 10854 10855
f 10628 10855 10627
f 10620 10621 10862
f 11010 11011 7872
f 7716 10880 7715
f 7708 10887 10888
f 7708 10888 10889
f 7708 7709 10887
f 11018 7863 7864
f 11018 7864 7865
f 11018 7865 11017
f 10619 10862 10863
f 10619 10863 10864
f 10619 10620 10862
f 7707 7708 10889
f 7717 10879 10880
f 7717 10880 7716
f 11019 7863 11018
f 11009 11010 7872
f 11009 7872 7873
f 10618 10619 10864
f 11020 7863 11019
f 11020 7862 7863
f 7706 7707 10889
f 7706 10890 7848
f 7706 7862 11020
f 7706 10889 10890
f 7706 7848 7862
f 7718 10878 10879
f 7718 10879 7717
f 11008 11009 7873
f 11008 7873 7874
f 7732 10708 10618
f 7732 10618 10864
f 7732 10878 7718
f 7732 10864 10878
f 10994 11150 11164
f 10994 7874 11150
f 10994 11008 7874
f 7796 7706 11020
f 7796 11020 10930
f 7733 10708 7732
f 7733 10707 10708
f 10993 10994 11164
f 10993 11164 11165
f 10993 11165 11166
f 7795 7796 10930
f 7795 10930 10931
f 7734 10707 7733
f 7734 10706 10707
f 7794 7795 10931
f 7794 10931 10932
f 10992 10993 11166
f 7735 10705 10706
f 7735 10706 7734
f 7793 7794 10932
f 7793 10932 10933
f 10991 10992 11166
f 10991 11166 11167
f 10991 11167 11168
f 6587 11046 11060
f 6587 10838 10852
f 6587 10628 10629
f 6587 10852 10853
f 6587 10853 10854
f 6587 10629 10630
f 6587 10630 10644
f 6587 10644 10645
f 6587 10645 10646
f 6587 10646 10647
f 6587 10854 10628
f 6587 6586 11046
f 6587 11060 10838
f 7736 10704 10705
f 7736 10705 7735
f 10648 6587 10647
f 10990 10991 11168
f 10934 7793 10933
f 10934 7792 7793
f 10649 6587 10648
f 7737 10703 10704
f 7737 10704 7736
f 10989 11168 11169
f 10989 10990 11168
f 7791 7792 10934
f 7791 10934 10935
f 10702 10703 7737
f 7790 7791 10935
f 7738 10702 7737
f 10650 6587 10649
f 10988 10989 11169
f 10988 11169 11170
f 10936 7790 10935
f 10701 10702 7738
f 10651 6587 10650
f 7739 10701 7738
f 10937 7790 10936
f 7789 7790 10937
f 10987 10988 11170
f 10987 11170 11171
f 10987 11171 11172
f 10700 10701 7739
f 7740 10700 7739
f 10652 6587 10651
f 10986 10987 11172
f 7788 7789 10937
f 7788 10937 10938
f 10699 10700 7740
f 10699 7740 7741
f 7787 7788 10938
f 7787 10938 10939
f 10985 10986 11172
f 10985 11172 11173
f 7742 10699 7741
f 7742 10698 10699
f 10984 11173 11174
f 10984 10985 11173
f 7786 7787 10939
f 7786 10939 10940
f 10697 10698 7742
f 7743 10697 7742
f 10983 10984 11174
f 10983 11174 11175
f 10941 7786 10940
f 7785 7786 10941
f 7744 10696 10697
f 7744 10697 7743
f 10982 10983 11175
f 10982 11175 11176
f 10942 7784 7785
f 10942 7785 10941
f 6656 10652 10653
f 6656 10653 10654
f 6656 10654 10655
f 6656 10655 10656
f 6656 6587 10652
f 7758 10696 7744
f 7608 10675 10676
f 7608 10676 10677
f 7607 7608 10677
f 7609 10675 7608
f 10417 6640 10416
f 10415 10416 6640
f 10807 7763 7764
f 10807 7764 10806
f 10805 7764 7765
f 10805 7765 7766
f 10805 10806 7764
f 10808 7762 7763
f 10808 7763 10807
f 7610 10674 10675
f 7610 10675 7609
f 10418 6640 10417
f 10414 6640 6656
f 10414 10415 6640
f 10804 7766 7767
f 10804 10805 7766
f 7606 7607 10677
f 7606 10677 10678
f 7605 10678 10679
f 7605 7606 10678
f 7611 10673 10674
f 7611 10674 7610
f 10419 6640 10418
f 10413 10414 6656
f 10809 7761 7762
f 10809 7762 10808
f 10803 10804 7767
f 7612 10672 10673
f 7612 10673 7611
f 7604 10679 10680
f 7604 7605 10679
f 10420 6640 10419
f 10810 7761 10809
f 10810 7760 7761
f 10802 7767 7768
f 10802 7768 7769
f 10802 10803 7767
f 10412 10413 6656
f 7603 7604 10680
f 7603 10680 10681
f 10421 6640 10420
f 10811 7759 7760
f 10811 7760 10810
f 10801 10802 7769
f 7613 10671 10672
f 7613 10672 7612
f 10411 10412 6656
f 10812 7758 7759
f 10812 7759 10811
f 10812 10682 10696
f 10812 10696 7758
f 7614 10656 10670
f 7614 10670 10671
f 7614 10671 7613
f 7602 7603 10681
f 7602 10682 10812
f 7602 10681 10682
f 10422 6640 10421
f 10410 10411 6656
f 10410 6656 10656
f 10800 10801 7769
f 10800 7769 7770
f 10800 7770 7784
f 10436 6640 10422
f 10500 10410 10656
f 10500 7614 7628
f 10500 10656 7614
f 10722 7602 10812
f 10722 7692 7602
f 10786 7784 10942
f 10786 10800 7784
f 10786 10942 10956
f 7691 7692 10722
f 10437 6640 10436
f 10785 10786 10956
f 10785 10956 10957
f 10723 7691 10722
f 10499 10500 7628
f 10499 7628 7629
f 10438 6640 10437
f 10784 10957 10958
f 10784 10785 10957
f 10724 7691 10723
f 7690 7691 10724
f 7630 10499 7629
f 10498 10499 7630
f 10783 10784 10958
f 10783 10958 10959
f 10725 7690 10724
f 10725 7689 7690
f 7631 10497 10498
f 7631 10498 7630
f 10496 7631 7632
f 10496 10497 7631
f 10782 10783 10959
f 10782 10959 10960
f 10726 7689 10725
f 10726 7688 7689
f 10781 10782 10960
f 10781 10960 10961
f 10727 7688 10726
f 10727 7687 7688
f 10495 7632 7633
f 10495 10496 7632
f 10494 7633 7634
f 10494 10495 7633
f 10780 10781 10961
f 10780 10961 10962
f 10728 7687 10727
f 10728 7686 7687
f 10779 10780 10962
f 10779 10962 10963
f 10729 7686 10728
f 10729 7685 7686
f 7635 10494 7634
f 7635 10493 10494
f 7684 7685 10729
f 7636 10493 7635
f 10492 10493 7636
f 10778 10963 10964
f 10778 10779 10963
f 10730 7684 10729
f 10777 10778 10964
f 10777 10964 10965
f 10777 10965 10966
f 7683 7684 10730
f 7683 10730 10731
f 10491 10492 7636
f 10491 7636 7637
f 10776 10777 10966
f 10732 7683 10731
f 10732 7682 7683
f 10490 10491 7637
f 10490 7637 7638
f 10489 7638 7639
f 10489 10490 7638
f 10733 7682 10732
f 10733 7681 7682
f 7640 10489 7639
f 10734 7681 10733
f 10734 7680 7681
f 10488 10489 7640
f 10748 7680 10734
f 10208 10442 10443
f 7505 10467 10468
f 7505 10468 7504
f 10209 10441 10442
f 10209 10442 10208
f 10207 10443 10444
f 10207 10208 10443
f 10599 7660 10598
f 10599 7659 7660
f 7503 10468 10469
f 7503 7504 10468
f 10597 10598 7660
f 10597 7660 7661
f 10210 10440 10441
f 10210 10441 10209
f 10206 10207 10444
f 7506 10466 10467
f 7506 10467 7505
f 7502 10469 10470
f 7502 7503 10469
f 10600 7657 7658
f 10600 7658 7659
f 10600 7659 10599
f 10596 10597 7661
f 10596 7661 7662
f 7501 10470 10471
f 7501 7502 10470
f 7507 10465 10466
f 7507 10466 7506
f 10211 10440 10210
f 10211 10439 10440
f 10205 10444 10445
f 10205 10206 10444
f 10595 10596 7662
f 10595 7662 7663
f 10601 7657 10600
f 10212 10438 10439
f 10212 6640 10438
f 10212 10439 10211
f 7508 10464 10465
f 7508 10465 7507
f 7500 7501 10471
f 7500 10471 10472
f 10204 10205 10445
f 10204 10445 10446
f 10602 7657 10601
f 10602 7656 7657
f 10594 10595 7663
f 10594 7663 7664
f 10213 6640 10212
f 7509 10464 7508
f 7509 10463 10464
f 7499 10472 10473
f 7499 7500 10472
f 10203 10204 10446
f 10203 10446 10447
f 10203 10447 10448
f 10603 7656 10602
f 10603 7654 7655
f 10603 7655 7656
f 10593 10594 7664
f 10593 7664 7665
f 10593 7665 7666
f 10604 7654 10603
f 7498 7499 10473
f 7498 10473 10474
f 7498 10474 10488
f 7498 10488 7640
f 7510 10463 7509
f 7510 10448 10462
f 7510 10462 10463
f 10214 6640 10213
f 10202 10203 10448
f 10592 7680 10748
f 10592 10593 7666
f 10592 7666 7680
f 6659 10748 10749
f 6659 10749 10750
f 6659 10750 10751
f 6659 10751 10752
f 6659 10752 10753
f 4877 10776 10966
f 4877 6659 10753
f 4877 10982 11176
f 4877 11190 4878
f 4877 10753 10754
f 4877 11176 11190
f 4877 10754 10755
f 4877 10966 10967
f 4877 10755 10756
f 4877 10756 10757
f 4877 10967 10968
f 4877 10757 10758
f 4877 10968 10982
f 4877 10758 10759
f 4877 10759 10760
f 4877 10760 10774
f 4877 10774 10775
f 4877 10775 10776
f 7524 10448 7510
f 10228 6640 10214
f 10292 10202 10448
f 10292 10448 7524
f 10514 7640 7654
f 10514 7498 7640
f 10514 7588 7498
f 10514 7654 10604
f 10578 10592 10748
f 10578 10748 6659
f 10291 7524 7525
f 10291 10292 7524
f 10577 10578 6659
f 10515 7587 7588
f 10515 7588 10514
f 10290 7525 7526
f 10290 10291 7525
f 10516 7586 7587
f 10516 7587 10515
f 10576 10577 6659
f 7585 7586 10516
f 10289 7526 7527
f 10289 10290 7526
f 10575 10576 6659
f 10517 7585 10516
f 10288 7527 7528
f 10288 10289 7527
f 7584 10517 10518
f 7584 7585 10517
f 10574 10575 6659
f 10287 7528 7529
f 10287 10288 7528
f 10573 10574 6659
f 10519 7584 10518
f 10519 7583 7584
f 10286 7529 7530
f 10286 10287 7529
f 7582 7583 10519
f 7582 10519 10520
f 7531 10286 7530
f 7531 10285 10286
f 10521 7582 10520
f 10521 7581 7582
f 7532 10285 7531
f 10284 10285 7532
f 10522 7581 10521
f 7580 7581 10522
f 10283 7532 7533
f 10283 10284 7532
f 10523 7580 10522
f 10523 7579 7580
f 10282 7533 7534
f 10282 10283 7533
f 7578 7579 10523
f 7578 10523 10524
f 10281 7534 7535
f 10281 10282 7534
f 10525 7577 7578
f 10525 7578 10524
f 7576 7577 10525
f 10280 7535 7536
f 10280 10281 7535
f 10526 7576 10525
f 4914 10571 10572
f 4914 10572 10573
f 4914 10573 6659
f 4914 10566 10567
f 4914 10567 10568
f 4914 10568 10569
f 4914 10569 10570
f 4914 10570 10571
f 10266 10280 7536
f 10552 10566 4914
f 10540 7576 10526
f 10551 10552 4914
f 10550 10551 4914
f 10000 10234 10235
f 7400 10259 10260
f 7401 10259 7400
f 10001 10232 10233
f 10001 10233 10234
f 10001 10234 10000
f 9999 10235 10236
f 9999 10000 10235
f 7399 10260 10261
f 7399 7400 10260
f 10391 7556 10390
f 10391 7555 7556
f 10389 10390 7556
f 10389 7556 7557
f 10002 10232 10001
f 9998 9999 10236
f 7402 10258 10259
f 7402 10259 7401
f 7398 10261 10262
f 7398 7399 10261
f 10392 7555 10391
f 10392 7553 7554
f 10392 7554 7555
f 10388 10389 7557
f 10388 7557 7558
f 10388 7558 7559
f 7397 7398 10262
f 7397 10262 10263
f 7397 10263 10264
f 7403 10258 7402
f 7403 10257 10258
f 10003 10230 10231
f 10003 10231 10232
f 10003 10232 10002
f 9997 10236 10237
f 9997 9998 10236
f 10387 10388 7559
f 10393 7553 10392
f 10004 10230 10003
f 7404 10257 7403
f 7404 10256 10257
f 7396 7397 10264
f 9996 9997 10237
f 9996 10237 10238
f 10394 7552 7553
f 10394 7553 10393
f 10386 10387 7559
f 10386 7559 7560
f 10005 10229 10230
f 10005 10230 10004
f 7395 7396 10264
f 7395 10264 10265
f 7405 10256 7404
f 7405 10255 10256
f 9995 9996 10238
f 9995 10238 10239
f 10395 7551 7552
f 10395 7552 10394
f 10385 7560 7561
f 10385 7561 7562
f 10385 10386 7560
f 7406 10255 7405
f 7406 10240 10254
f 7406 10254 10255
f 7394 7395 10265
f 7394 10265 10266
f 10006 10228 10229
f 10006 10229 10005
f 10006 6640 10228
f 9994 9995 10239
f 9994 10239 10240
f 10396 7550 7551
f 10396 7551 10395
f 10384 7562 7576
f 10384 10385 7562
f 10084 10240 7406
f 10084 9994 10240
f 10084 7406 7420
f 10306 10266 7536
f 10306 7536 7550
f 10306 7550 10396
f 10306 7394 10266
f 10306 7484 7394
f 10370 10384 7576
f 10370 7576 10540
f 10083 7420 7421
f 10083 10084 7420
f 10369 10370 10540
f 10369 10540 10541
f 10307 7484 10306
f 10307 7483 7484
f 7422 10082 10083
f 7422 10083 7421
f 10308 7483 10307
f 10308 7482 7483
f 10368 10369 10541
f 10368 10541 10542
f 7423 10081 10082
f 7423 10082 7422
f 10367 10368 10542
f 10367 10542 10543
f 10309 7481 7482
f 10309 7482 10308
f 7424 10081 7423
f 7424 10080 10081
f 10310 7481 10309
f 10310 7480 7481
f 10366 10367 10543
f 10366 10543 10544
f 10366 10544 10545
f 7425 10079 10080
f 7425 10080 7424
f 10365 10366 10545
f 10311 7480 10310
f 10311 7479 7480
f 7426 10078 10079
f 7426 10079 7425
f 7478 7479 10311
f 10312 7478 10311
f 10364 10365 10545
f 10364 10545 10546
f 7427 10078 7426
f 7427 10077 10078
f 10363 10364 10546
f 10363 10546 10547
f 10313 7478 10312
f 10313 7477 7478
f 7428 10077 7427
f 7428 10076 10077
f 10314 7477 10313
f 10314 7476 7477
f 10362 10363 10547
f 10362 10547 10548
f 10362 10548 10549
f 7429 10075 10076
f 7429 10076 7428
f 10361 10362 10549
f 10315 7476 10314
f 10315 7475 7476
f 7430 10075 7429
f 10074 10075 7430
f 10316 7475 10315
f 10316 7474 7475
f 10360 10550 4914
f 10360 10361 10549
f 10360 10549 10550
f 10073 7430 7431
f 10073 10074 7430
f 10359 10360 4914
f 10317 7473 7474
f 10317 7474 10316
f 7472 7473 10317
f 7432 10072 10073
f 7432 10073 7431
f 10358 10359 4914
f 10318 7472 10317
f 10344 10358 4914
f 10332 7472 10318
f 10332 7458 7472
f 10183 7452 10182
f 10183 7450 7451
f 10183 7451 7452
f 9793 10025 10026
f 9793 10026 9792
f 10181 10182 7452
f 10181 7452 7453
f 9791 10026 10027
f 9791 9792 10026
f 7297 10052 7296
f 7297 10051 10052
f 7295 7296 10052
f 7295 10052 10053
f 9794 10024 10025
f 9794 10025 9793
f 9790 10027 10028
f 9790 10028 10029
f 9790 9791 10027
f 10184 7450 10183
f 10184 7449 7450
f 10180 10181 7453
f 10180 7453 7454
f 7298 10051 7297
f 7298 10050 10051
f 7294 10053 10054
f 7294 10054 10055
f 7294 7295 10053
f 9795 10023 10024
f 9795 10024 9794
f 10185 7449 10184
f 9789 10029 10030
f 9789 9790 10029
f 10179 10180 7454
f 10179 7454 7455
f 7299 10050 7298
f 7299 10049 10050
f 7293 10055 10056
f 7293 7294 10055
f 10186 7449 10185
f 10186 7448 7449
f 9796 10023 9795
f 9796 10022 10023
f 10178 10179 7455
f 10178 7455 7456
f 9788 9789 10030
f 7300 10049 7299
f 7300 10048 10049
f 7292 7293 10056
f 10187 7448 10186
f 10187 7447 7448
f 9797 10022 9796
f 9797 10021 10022
f 10177 7456 7457
f 10177 7457 7458
f 10177 10178 7456
f 9787 9788 10030
f 9787 10030 10031
f 7301 10047 10048
f 7301 10048 7300
f 7291 10056 10057
f 7291 7292 10056
f 10188 7447 10187
f 10188 7446 7447
f 10176 10177 7458
f 9798 10020 10021
f 9798 10021 9797
f 7302 10047 7301
f 7302 10032 10046
f 7302 10046 10047
f 9786 10031 10032
f 9786 9787 10031
f 7290 10057 10058
f 7290 10058 10072
f 7290 7291 10057
f 10162 7458 10332
f 10162 10176 7458
f 7316 9876 9786
f 7316 9786 10032
f 7316 10032 7302
f 7380 7290 10072
f 7380 10072 7432
f 10098 7446 10188
f 10098 7432 7446
f 10098 7380 7432
f 10161 10162 10332
f 10161 10332 10333
f 7379 10098 10099
f 7379 7380 10098
f 9875 7316 7317
f 9875 9876 7316
f 10160 10161 10333
f 10160 10333 10334
f 9874 9875 7317
f 7378 10099 10100
f 7378 7379 10099
f 7318 9874 7317
f 10159 10160 10334
f 10159 10334 10335
f 7319 9873 9874
f 7319 9874 7318
f 10101 7378 10100
f 10101 7377 7378
f 9872 9873 7319
f 10158 10159 10335
f 10158 10335 10336
f 10158 10336 10337
f 7320 9872 7319
f 7376 10101 10102
f 7376 7377 10101
f 10157 10158 10337
f 10103 7376 10102
f 7375 7376 10103
f 7321 9872 7320
f 7321 9871 9872
f 10156 10157 10337
f 10156 10337 10338
f 10104 7375 10103
f 9870 7321 7322
f 9870 9871 7321
f 7374 7375 10104
f 10155 10156 10338
f 10155 10338 10339
f 10155 10339 10340
f 10105 7373 7374
f 10105 7374 10104
f 7323 9870 7322
f 7323 9869 9870
f 10154 10155 10340
f 7324 9868 9869
f 7324 9869 7323
f 7372 7373 10105
f 7372 10105 10106
f 10153 10154 10340
f 10153 10340 10341
f 10153 10341 10342
f 9867 7324 7325
f 9867 9868 7324
f 10107 7371 7372
f 10107 7372 10106
f 10152 10153 10342
f 10152 10342 10343
f 9866 7325 7326
f 9866 9867 7325
f 7370 7371 10107
f 7370 10107 10108
f 9865 9866 7326
f 9865 7326 7327
f 10151 10152 10343
f 7369 7370 10108
f 7369 10108 10109
f 10150 10151 10343
f 10150 10344 4914
f 10150 10343 10344
f 7368 7369 10109
f 7368 10109 10110
f 7328 9864 9865
f 7328 9865 7327
f 9850 9864 7328
f 10124 7368 10110
f 9585 9817 9818
f 9585 9818 9584
f 9583 9818 9819
f 9583 9584 9818
f 9583 9819 9820
f 7193 9842 9843
f 7193 9843 9844
f 7193 9844 7192
f 9975 7347 7348
f 9975 7348 9974
f 9973 7348 7349
f 9973 7349 7350
f 9973 9974 7348
f 7191 9844 9845
f 7191 7192 9844
f 9586 9816 9817
f 9586 9817 9585
f 9582 9583 9820
f 7194 9842 7193
f 9976 7347 9975
f 9976 7345 7346
f 9976 7346 7347
f 9972 9973 7350
f 9972 7350 7351
f 7190 7191 9845
f 7190 9845 9846
f 9581 9820 9821
f 9581 9821 9822
f 9581 9582 9820
f 9971 9972 7351
f 7195 9842 7194
f 7195 9840 9841
f 7195 9841 9842
f 7189 9846 9847
f 7189 9847 9848
f 7189 7190 9846
f 9587 9815 9816
f 9587 9816 9586
f 9977 7345 9976
f 9977 7344 7345
f 9588 9814 9815
f 9588 9815 9587
f 9978 7344 9977
f 9580 9581 9822
f 7196 9839 9840
f 7196 9840 7195
f 7188 7189 9848
f 9970 9971 7351
f 9970 7351 7352
f 9970 7352 7353
f 9579 9822 9823
f 9579 9580 9822
f 7197 9839 7196
f 7187 9848 9849
f 7187 9849 9850
f 7187 7188 9848
f 9979 7342 7343
f 9979 7343 7344
f 9979 7344 9978
f 9969 9970 7353
f 9969 7353 7354
f 9980 7342 9979
f 7198 9824 9838
f 7198 9838 9839
f 7198 9839 7197
f 9578 9579 9823
f 9578 9823 9824
f 9968 9969 7354
f 7186 9850 7328
f 7186 7187 9850
f 9668 9824 7198
f 9668 9578 9824
f 9668 7198 7212
f 9954 7368 10124
f 9954 7354 7368
f 9954 9968 7354
f 9890 7328 7342
f 9890 7342 9980
f 9890 7276 7186
f 9890 7186 7328
f 7275 7276 9890
f 7275 9890 9891
f 7213 9667 9668
f 7213 9668 7212
f 9953 9954 10124
f 9953 10124 10125
f 7274 9891 9892
f 7274 7275 9891
f 7214 9666 9667
f 7214 9667 7213
f 9952 9953 10125
f 9952 10125 10126
f 9665 9666 7214
f 7215 9665 7214
f 9893 7273 7274
f 9893 7274 9892
f 9951 9952 10126
f 9951 10126 10127
f 6641 10006 10020
f 6641 9798 9812
f 6641 9588 9589
f 6641 9812 9813
f 6641 9813 9814
f 6641 9589 9590
f 6641 9590 9604
f 6641 9604 9605
f 6641 10020 9798
f 6641 9605 9606
f 6641 9606 9607
f 6641 9814 9588
f 6641 6640 10006
f 9608 6641 9607
f 7216 9664 9665
f 7216 9665 7215
f 7272 7273 9893
f 7272 9893 9894
f 9950 9951 10127
f 9950 10127 10128
f 9950 10128 10129
f 9609 6641 9608
f 7271 7272 9894
f 7271 9894 9895
f 7217 9664 7216
f 7217 9663 9664
f 9949 9950 10129
f 9610 6641 9609
f 9662 9663 7217
f 7218 9662 7217
f 7270 7271 9895
f 7270 9895 9896
f 9948 9949 10129
f 9948 10129 10130
f 9661 9662 7218
f 9611 6641 9610
f 9897 7270 9896
f 9897 7269 7270
f 7219 9661 7218
f 9947 9948 10130
f 9947 10130 10131
f 9612 6641 9611
f 7220 9661 7219
f 7220 9660 9661
f 7268 7269 9897
f 7268 9897 9898
f 9946 9947 10131
f 9946 10131 10132
f 9946 10132 10133
f 7221 9659 9660
f 7221 9660 7220
f 9945 9946 10133
f 9899 7268 9898
f 9899 7267 7268
f 9658 7221 7222
f 9658 9659 7221
f 7266 7267 9899
f 7266 9899 9900
f 9944 9945 10133
f 9944 10133 10134
f 9657 9658 7222
f 9657 7222 7223
f 9901 7266 9900
f 9943 9944 10134
f 9943 10134 10135
f 7265 7266 9901
f 7264 7265 9901
f 9902 7264 9901
f 7224 9657 7223
f 7224 9656 9657
f 9942 9943 10135
f 9942 10135 10136
f 6654 9612 9613
f 6654 9613 9614
f 6654 9614 9615
f 6654 9615 9616
f 6654 6641 9612
f 7088 9635 9636
f 7088 9636 9637
f 9377 6540 9376
f 9375 9376 6540
f 9767 7243 7244
f 9767 7244 9766
f 7089 9635 7088
f 9765 7244 7245
f 9765 9766 7244
f 7087 7088 9637
f 9378 6540 9377
f 9374 6540 6654
f 9374 9375 6540
f 7090 9635 7089
f 7090 9634 9635
f 9768 7243 9767
f 9768 7242 7243
f 9764 9765 7245
f 9764 7245 7246
f 7086 7087 9637
f 7086 9637 9638
f 7085 9638 9639
f 7085 7086 9638
f 9379 6540 9378
f 9373 9374 6654
f 9763 7246 7247
f 9763 9764 7246
f 7091 9634 7090
f 7091 9633 9634
f 9769 7242 9768
f 9769 7240 7241
f 9769 7241 7242
f 9380 6540 9379
f 9372 9373 6654
f 9770 7240 9769
f 9762 9763 7247
f 9762 7247 7248
f 7092 9633 7091
f 7092 9632 9633
f 7084 9639 9640
f 7084 7085 9639
f 9381 6540 9380
f 9371 9372 6654
f 9771 7240 9770
f 9771 7238 7239
f 9771 7239 7240
f 7093 9631 9632
f 7093 9632 7092
f 7083 7084 9640
f 7083 9640 9641
f 9761 9762 7248
f 9761 7248 7249
f 9761 7249 7250
f 9382 6540 9381
f 9772 7238 9771
f 9370 9616 9630
f 9370 9371 6654
f 9370 6654 9616
f 9760 7264 9902
f 9760 9761 7250
f 9760 9902 9916
f 9760 7250 7264
f 7094 9631 7093
f 7094 9630 9631
f 7082 7083 9641
f 7082 9641 9642
f 9396 6540 9382
f 9460 9370 9630
f 7108 9630 7094
f 7108 9460 9630
f 7172 9656 7224
f 7172 9642 9656
f 7172 7082 9642
f 7172 7238 9772
f 7172 7224 7238
f 9682 7172 9772
f 9746 9760 9916
f 9397 6540 9396
f 9745 9916 9917
f 9745 9746 9916
f 7171 7172 9682
f 7171 9682 9683
f 7109 9460 7108
f 7109 9459 9460
f 9398 6540 9397
f 9684 7171 9683
f 7170 7171 9684
f 7110 9458 9459
f 7110 9459 7109
f 9744 9745 9917
f 9744 9917 9918
f 7111 9458 7110
f 9457 9458 7111
f 9743 9744 9918
f 9743 9918 9919
f 9685 7170 9684
f 9685 7169 7170
f 9686 7169 9685
f 7112 9457 7111
f 7112 9456 9457
f 7168 7169 9686
f 9742 9743 9919
f 9742 9919 9920
f 9455 9456 7112
f 9741 9742 9920
f 9741 9920 9921
f 7167 7168 9686
f 7167 9686 9687
f 7113 9455 7112
f 9688 7167 9687
f 7114 9455 7113
f 7114 9454 9455
f 9740 9741 9921
f 9740 9921 9922
f 7166 7167 9688
f 9453 9454 7114
f 9739 9740 9922
f 9739 9922 9923
f 9689 7166 9688
f 9689 7165 7166
f 7115 9453 7114
f 7116 9452 9453
f 7116 9453 7115
f 7164 7165 9689
f 7164 9689 9690
f 9738 9739 9923
f 9738 9923 9924
f 9738 9924 9925
f 9737 9738 9925
f 7117 9451 9452
f 7117 9452 7116
f 9691 7164 9690
f 9691 7163 7164
f 9692 7163 9691
f 7118 9451 7117
f 9450 9451 7118
f 9736 9925 9926
f 9736 9737 9925
f 7162 7163 9692
f 9449 9450 7118
f 9449 7118 7119
f 9693 7162 9692
f 7161 7162 9693
f 7120 9449 7119
f 9448 9449 7120
f 7160 7161 9693
f 7160 9693 9694
f 7134 9448 7120
f 9168 9402 9403
f 6984 9428 9429
f 9558 7139 7140
f 6985 9427 9428
f 6985 9428 6984
f 9169 9401 9402
f 9169 9402 9168
f 9167 9168 9403
f 9559 7139 9558
f 6983 6984 9429
f 9557 7140 7141
f 9557 9558 7140
f 9170 9401 9169
f 9170 9400 9401
f 9166 9167 9403
f 9166 9403 9404
f 9166 9404 9405
f 6982 6983 9429
f 6982 9429 9430
f 6982 9430 9431
f 6986 9427 6985
f 6986 9426 9427
f 9560 7139 9559
f 9560 7138 7139
f 9556 7141 7142
f 9556 7142 7143
f 9556 9557 7141
f 6981 6982 9431
f 6987 9425 9426
f 6987 9426 6986
f 9171 9399 9400
f 9171 9400 9170
f 9165 9166 9405
f 9555 9556 7143
f 9561 7136 7137
f 9561 7137 7138
f 9561 7138 9560
f 9172 6540 9398
f 9172 9399 9171
f 9172 9398 9399
f 6988 9424 9425
f 6988 9425 6987
f 6980 6981 9431
f 6980 9431 9432
f 9164 9405 9406
f 9164 9165 9405
f 9562 7136 9561
f 9554 9555 7143
f 9554 7143 7144
f 9554 7144 7145
f 9173 6540 9172
f 6989 9424 6988
f 6989 9422 9423
f 6989 9423 9424
f 6979 9432 9433
f 6979 6980 9432
f 9163 9406 9407
f 9163 9407 9408
f 9163 9164 9406
f 9563 7135 7136
f 9563 7136 9562
f 9553 9554 7145
f 9553 7145 7146
f 9564 7134 7135
f 9564 7135 9563
f 6990 9422 6989
f 6978 6979 9433
f 6978 9433 9434
f 9174 6540 9173
f 9162 9163 9408
f 9552 7146 7160
f 9552 9553 7146
f 6658 9708 9709
f 6658 9709 9710
f 6658 9710 9711
f 6658 9711 9712
f 6658 9712 9713
f 4937 10136 10150
f 4937 9714 9715
f 4937 9926 9927
f 4937 9715 9716
f 4937 9716 9717
f 4937 9927 9928
f 4937 9717 9718
f 4937 9928 9942
f 4937 9718 9719
f 4937 9719 9720
f 4937 9720 9734
f 4937 9734 9735
f 4937 9735 9736
f 4937 6658 9713
f 4937 9736 9926
f 4937 9942 10136
f 4937 10150 4914
f 4937 9713 9714
f 7068 9448 7134
f 7068 7134 9564
f 7068 9434 9448
f 7068 6978 9434
f 9188 6540 9174
f 9252 9408 9422
f 9252 9162 9408
f 7004 9252 9422
f 7004 9422 6990
f 9474 7068 9564
f 9538 7160 9694
f 9538 9708 6658
f 9538 9694 9708
f 9538 9552 7160
f 9537 9538 6658
f 9475 7067 7068
f 9475 7068 9474
f 7005 9252 7004
f 7005 9251 9252
f 7066 7067 9475
f 7066 9475 9476
f 7006 9251 7005
f 7006 9250 9251
f 9536 9537 6658
f 7007 9250 7006
f 7007 9249 9250
f 9535 9536 6658
f 9477 7065 7066
f 9477 7066 9476
f 7064 7065 9477
f 7064 9477 9478
f 7008 9249 7007
f 7008 9248 9249
f 9534 9535 6658
f 7063 7064 9478
f 9533 9534 6658
f 9479 7063 9478
f 7009 9248 7008
f 7009 9247 9248
f 7062 7063 9479
f 7062 9479 9480
f 7010 9246 9247
f 7010 9247 7009
f 7011 9246 7010
f 7011 9245 9246
f 9481 7062 9480
f 9481 7061 7062
f 9482 7061 9481
f 7012 9245 7011
f 7012 9244 9245
f 7060 7061 9482
f 7013 9243 9244
f 7013 9244 7012
f 9483 7060 9482
f 9483 7059 7060
f 7058 7059 9483
f 7058 9483 9484
f 9242 7013 7014
f 9242 9243 7013
f 7057 7058 9484
f 7015 9242 7014
f 7015 9241 9242
f 9485 7057 9484
f 7056 7057 9485
f 9240 9241 7015
f 9240 7015 7016
f 9486 7056 9485
f 4836 9526 9527
f 4836 9527 9528
f 4836 9528 9529
f 4836 9529 9530
f 4836 9530 9531
f 4836 9531 9532
f 4836 9532 9533
f 4836 9533 6658
f 9512 9526 4836
f 9500 7056 9486
f 9511 9512 4836
f 9510 9511 4836
f 8960 9194 9195
f 8961 9193 9194
f 8961 9194 8960
f 8959 8960 9195
f 9351 7035 7036
f 9351 7036 9350
f 6881 9220 6880
f 6881 9219 9220
f 9349 7036 7037
f 9349 7037 7038
f 9349 9350 7036
f 6879 6880 9220
f 6879 9220 9221
f 8962 9192 9193
f 8962 9193 8961
f 8958 8959 9195
f 8958 9195 9196
f 8958 9196 9197
f 9352 7035 9351
f 9352 7034 7035
f 9348 9349 7038
f 6878 6879 9221
f 6878 9221 9222
f 6878 9222 9223
f 6882 9218 9219
f 6882 9219 6881
f 8963 9192 8962
f 8963 9191 9192
f 8957 8958 9197
f 9347 9348 7038
f 9347 7038 7039
f 6883 9218 6882
f 6883 9217 9218
f 6877 6878 9223
f 9353 7034 9352
f 9353 7033 7034
f 8964 9190 9191
f 8964 9191 8963
f 8956 9197 9198
f 8956 8957 9197
f 9354 7032 7033
f 9354 7033 9353
f 9346 9347 7039
f 9346 7039 7040
f 6884 9216 9217
f 6884 9217 6883
f 6876 9223 9224
f 6876 6877 9223
f 8965 9189 9190
f 8965 9190 8964
f 8955 9198 9199
f 8955 9199 9200
f 8955 8956 9198
f 9355 7030 7031
f 9355 7031 7032
f 9355 7032 9354
f 6885 9215 9216
f 6885 9216 6884
f 6875 9224 9225
f 6875 6876 9224
f 9345 9346 7040
f 9345 7040 7041
f 9356 9240 7016
f 9356 7016 7030
f 9356 7030 9355
f 8954 8955 9200
f 9344 9345 7041
f 9344 7041 7042
f 6886 9200 9214
f 6886 9214 9215
f 6886 9215 6885
f 6874 9225 9226
f 6874 6875 9225
f 8966 6540 9188
f 8966 9188 9189
f 8966 9189 8965
f 9044 9200 6886
f 9044 8954 9200
f 6900 9044 6886
f 6964 6874 9226
f 6964 9226 9240
f 8980 6540 8966
f 9266 9240 9356
f 9266 6964 9240
f 9330 7056 9500
f 9330 9344 7042
f 9330 7042 7056
f 9329 9330 9500
f 9329 9500 9501
f 9329 9501 9502
f 6963 6964 9266
f 6963 9266 9267
f 6901 9044 6900
f 6901 9043 9044
f 6962 6963 9267
f 6962 9267 9268
f 6902 9043 6901
f 6902 9042 9043
f 9328 9329 9502
f 9328 9502 9503
f 9041 6902 6903
f 9041 9042 6902
f 9327 9328 9503
f 9269 6962 9268
f 9269 6961 6962
f 9270 6961 9269
f 6904 9041 6903
f 6904 9040 9041
f 9326 9503 9504
f 9326 9327 9503
f 6960 6961 9270
f 9039 9040 6904
f 9325 9504 9505
f 9325 9326 9504
f 6959 6960 9270
f 6959 9270 9271
f 6905 9039 6904
f 6906 9038 9039
f 6906 9039 6905
f 9324 9505 9506
f 9324 9325 9505
f 6958 6959 9271
f 6958 9271 9272
f 9323 9506 9507
f 9323 9324 9506
f 9273 6958 9272
f 9273 6957 6958
f 6907 9038 6906
f 6907 9037 9038
f 6908 9037 6907
f 6908 9036 9037
f 9322 9507 9508
f 9322 9508 9509
f 9322 9323 9507
f 6956 6957 9273
f 6956 9273 9274
f 9321 9322 9509
f 6909 9036 6908
f 6909 9035 9036
f 9275 6956 9274
f 9275 6955 6956
f 9034 9035 6909
f 9034 6909 6910
f 9320 9509 9510
f 9320 9321 9509
f 9320 9510 4836
f 6954 6955 9275
f 6954 9275 9276
f 6911 9034 6910
f 6911 9033 9034
f 9319 9320 4836
f 6953 6954 9276
f 6953 9276 9277
f 6952 6953 9277
f 9032 9033 6911
f 9318 9319 4836
f 9278 6952 9277
f 6912 9032 6911
f 9304 9318 4836
f 6926 9032 6912
f 8752 8986 8987
f 9142 6931 6932
f 8753 8986 8752
f 8753 8984 8985
f 8753 8985 8986
f 8751 8752 8987
f 9143 6931 9142
f 9141 9142 6932
f 9141 6932 6933
f 6777 9012 6776
f 6777 9011 9012
f 6775 6776 9012
f 6775 9012 9013
f 8754 8984 8753
f 8750 8987 8988
f 8750 8751 8987
f 9144 6929 6930
f 9144 6930 6931
f 9144 6931 9143
f 9140 9141 6933
f 9140 6933 6934
f 6774 6775 9013
f 6774 9013 9014
f 6778 9009 9010
f 6778 9010 9011
f 6778 9011 6777
f 8755 8983 8984
f 8755 8984 8754
f 8749 8750 8988
f 8749 8988 8989
f 9139 9140 6934
f 9139 6934 6935
f 6773 6774 9014
f 6773 9014 9015
f 6773 9015 9016
f 9145 6929 9144
f 9145 6928 6929
f 6779 9009 6778
f 8756 8982 8983
f 8756 8983 8755
f 8748 8989 8990
f 8748 8749 8989
f 9146 6928 9145
f 9138 6935 6936
f 9138 6936 6937
f 9138 9139 6935
f 6780 9007 9008
f 6780 9008 9009
f 6780 9009 6779
f 6772 6773 9016
f 8757 8982 8756
f 8757 8981 8982
f 8747 8990 8991
f 8747 8748 8990
f 9147 6927 6928
f 9147 6928 9146
f 9137 9138 6937
f 9137 6937 6938
f 6781 9007 6780
f 6771 9016 9017
f 6771 6772 9016
f 8746 8747 8991
f 8746 8991 8992
f 9148 6926 6927
f 9148 6927 9147
f 9136 9137 6938
f 8758 8980 8981
f 8758 8981 8757
f 6782 9007 6781
f 6782 9006 9007
f 6770 6771 9017
f 6770 9017 9018
f 8836 8746 8992
f 9122 6938 6952
f 9122 6952 9278
f 9122 9136 6938
f 9122 9278 9292
f 6796 8836 8992
f 6796 9006 6782
f 6796 8992 9006
f 6860 6770 9018
f 6860 9018 9032
f 9058 6860 9032
f 9058 6926 9148
f 9058 9032 6926
f 9121 9292 9293
f 9121 9122 9292
f 6859 6860 9058
f 6859 9058 9059
f 6797 8836 6796
f 6797 8835 8836
f 9120 9293 9294
f 9120 9294 9295
f 9120 9121 9293
f 6798 8835 6797
f 6798 8834 8835
f 6858 6859 9059
f 6858 9059 9060
f 9119 9120 9295
f 6857 6858 9060
f 6799 8834 6798
f 6799 8833 8834
f 9061 6857 9060
f 9118 9295 9296
f 9118 9119 9295
f 6800 8833 6799
f 6800 8832 8833
f 6856 6857 9061
f 6856 9061 9062
f 9117 9296 9297
f 9117 9118 9296
f 6855 6856 9062
f 6855 9062 9063
f 6801 8831 8832
f 6801 8832 6800
f 9116 9297 9298
f 9116 9117 9297
f 9064 6855 9063
f 6802 8831 6801
f 6802 8830 8831
f 6854 6855 9064
f 8829 8830 6802
f 9115 9116 9298
f 9115 9298 9299
f 9065 6853 6854
f 9065 6854 9064
f 6803 8829 6802
f 9114 9299 9300
f 9114 9115 9299
f 6804 8829 6803
f 6804 8828 8829
f 6852 6853 9065
f 6852 9065 9066
f 9113 9300 9301
f 9113 9114 9300
f 6851 6852 9066
f 6851 9066 9067
f 6805 8828 6804
f 6805 8827 8828
f 9112 9301 9302
f 9112 9113 9301
f 6806 8827 6805
f 6806 8826 8827
f 6850 6851 9067
f 6850 9067 9068
f 6807 8826 6806
f 6807 8825 8826
f 9111 9302 9303
f 9111 9303 9304
f 9111 9112 9302
f 9069 6850 9068
f 6849 6850 9069
f 8824 8825 6807
f 9110 9304 4836
f 9110 9111 9304
f 6848 9069 9070
f 6848 6849 9069
f 6808 8824 6807
f 9096 9110 4836
f 6822 8824 6808
f 8544 8777 8778
f 8544 8778 8779
f 6672 8803 8804
f 8935 6827 6828
f 8935 6828 8934
f 6673 8803 6672
f 8545 8777 8544
f 8543 8544 8779
f 8933 6828 6829
f 8933 6829 6830
f 8933 8934 6828
f 6671 6672 8804
f 6671 8804 8805
f 8546 8776 8777
f 8546 8777 8545
f 8542 8543 8779
f 8542 8779 8780
f 8542 8780 8781
f 8936 6827 8935
f 8936 6825 6826
f 8936 6826 6827
f 8932 8933 6830
f 6670 8805 8806
f 6670 6671 8805
f 6674 8801 8802
f 6674 8802 8803
f 6674 8803 6673
f 8931 8932 6830
f 8931 6830 6831
f 6675 8801 6674
f 6669 8806 8807
f 6669 8807 8808
f 6669 6670 8806
f 8547 8775 8776
f 8547 8776 8546
f 8541 8542 8781
f 8937 6825 8936
f 8548 8775 8547
f 8548 8774 8775
f 8938 6823 6824
f 8938 6824 6825
f 8938 6825 8937
f 8930 8931 6831
f 8930 6831 6832
f 6676 8800 8801
f 6676 8801 6675
f 6668 8808 8809
f 6668 6669 8808
f 8540 8781 8782
f 8540 8541 8781
f 8549 8774 8548
f 8549 8773 8774
f 8939 6822 6823
f 8939 6823 8938
f 6677 8800 6676
f 6677 8799 8800
f 6667 6668 8809
f 8539 8782 8783
f 8539 8783 8784
f 8539 8540 8782
f 8929 8930 6832
f 8929 6832 6833
f 8940 6822 8939
f 8928 8929 6833
f 8928 6833 6834
f 8928 6834 6848
f 6678 8799 6677
f 6678 8798 8799
f 6666 6667 8809
f 6666 8809 8810
f 8538 8539 8784
f 6756 6666 8810
f 6756 8810 8824
f 8628 6678 6692
f 8628 8784 8798
f 8628 8538 8784
f 8628 8798 6678
f 8850 6822 8940
f 8850 6756 8824
f 8850 8824 6822
f 8914 9070 9084
f 8914 9084 9085
f 8914 6848 9070
f 8914 8928 6848
f 8851 6756 8850
f 6755 6756 8851
f 8627 6692 6693
f 8627 8628 6692
f 8913 9085 9086
f 8913 8914 9085
f 8852 6755 8851
f 6754 6755 8852
f 6694 8627 6693
f 8626 8627 6694
f 8912 9086 9087
f 8912 8913 9086
f 8625 6694 6695
f 8625 8626 6694
f 8853 6753 6754
f 8853 6754 8852
f 8911 8912 9087
f 8854 6753 8853
f 6696 8625 6695
f 8624 8625 6696
f 8910 9087 9088
f 8910 9088 9089
f 8910 8911 9087
f 6752 6753 8854
f 8909 9089 9090
f 8909 8910 9089
f 6751 8854 8855
f 6751 6752 8854
f 8623 6696 6697
f 8623 8624 6696
f 8622 8623 6697
f 8622 6697 6698
f 8908 8909 9090
f 6750 6751 8855
f 6750 8855 8856
f 6749 6750 8856
f 8907 9090 9091
f 8907 9091 9092
f 8907 8908 9090
f 8857 6749 8856
f 6699 8622 6698
f 6699 8621 8622
f 8620 8621 6699
f 8620 6699 6700
f 8906 8907 9092
f 6748 8857 8858
f 6748 6749 8857
f 8905 8906 9092
f 8905 9092 9093
f 8905 9093 9094
f 8619 6700 6701
f 8619 8620 6700
f 8859 6748 8858
f 8859 6747 6748
f 6702 8619 6701
f 8904 9094 9095
f 8904 8905 9094
f 6746 8859 8860
f 6746 6747 8859
f 8618 8619 6702
f 8617 6702 6703
f 8617 8618 6702
f 8903 8904 9095
f 8861 6746 8860
f 6745 6746 8861
f 8862 6745 8861
f 8902 9095 9096
f 8902 8903 9095
f 6744 6745 8862
f 8616 6703 6704
f 8616 8617 6703
f 6539 6540 8980
f 6539 8758 8772
f 6539 8772 8773
f 6539 8549 8550
f 6539 8550 8564
f 6539 8564 8565
f 6539 8565 8566
f 6539 8566 8567
f 6539 8567 8568
f 6539 8568 8569
f 6539 8569 8570
f 6539 8570 8571
f 6539 8571 8572
f 6539 8572 8573
f 6539 8573 8574
f 6539 8574 8575
f 6539 8575 8576
f 6539 8773 8549
f 6539 8980 8758
f 6730 6744 8862
f 8602 6704 6718
f 8602 8616 6704
f 8590 6539 8576
f 8591 6539 8590
f 8592 6539 8591
f 8726 6723 6724
f 8727 6723 8726
f 8725 8726 6724
f 8725 6724 6725
f 8728 6723 8727
f 8728 6721 6722
f 8728 6722 6723
f 8724 8725 6725
f 8724 6725 6726
f 8729 6720 6721
f 8729 6721 8728
f 8723 6726 6727
f 8723 8724 6726
f 8730 6720 8729
f 8722 8723 6727
f 8722 6727 6728
f 8731 6720 8730
f 8731 6719 6720
f 8721 6728 6729
f 8721 8722 6728
f 8732 6718 6719
f 8732 6719 8731
f 8720 6729 6730
f 8720 6730 8862
f 8720 8721 6729
f 8642 8602 6718
f 8642 6718 8732
f 8706 8862 8876
f 8706 8720 8862
f 8643 8602 8642
f 8643 8600 8601
f 8643 8601 8602
f 8705 8876 8877
f 8705 8877 8878
f 8705 8706 8876
f 8704 8705 8878
f 8704 8878 8879
f 8644 8600 8643
f 8703 8704 8879
f 8645 8600 8644
f 8645 8599 8600
f 8646 8599 8645
f 8646 8597 8598
f 8646 8598 8599
f 8702 8703 8879
f 8702 8879 8880
f 8702 8880 8881
f 8701 8702 8881
f 8647 8597 8646
f 8648 8597 8647
f 8648 8596 8597
f 8700 8881 8882
f 8700 8701 8881
f 8699 8882 8883
f 8699 8700 8882
f 8649 8596 8648
f 8649 8595 8596
f 8650 8595 8649
f 8650 8594 8595
f 8698 8883 8884
f 8698 8699 8883
f 8697 8884 8885
f 8697 8698 8884
f 8651 8594 8650
f 8651 8593 8594
f 8652 6539 8592
f 8652 8593 8651
f 8652 8592 8593
f 8696 8885 8886
f 8696 8697 8885
f 4835 8652 8653
f 4835 8653 8654
f 4835 8654 8668
f 4835 8668 8669
f 4835 8669 8670
f 4835 8670 8671
f 4835 8671 8672
f 4835 8672 8673
f 4835 8673 8674
f 4835 8674 8675
f 4835 8886 8887
f 4835 8675 8676
f 4835 8887 8888
f 4835 8676 8677
f 4835 8888 8902
f 4835 8677 8678
f 4835 6539 8652
f 4835 8678 8679
f 4835 8679 8680
f 4835 8680 8694
f 4835 8694 8695
f 4835 8695 8696
f 4835 8902 9096
f 4835 9096 4836
f 4835 8696 8886
f 6605 1625 12086
f 6605 12086 12100
f 12727 12728 12446
f 12446 12728 12729
f 11771 11772 8202
f 8202 11772 11773
f 11430 11431 8075
f 8075 11431 11432
f 8440 8441 12339
f 12339 8441 8442
f 8363 8364 11948
f 11948 8364 8365
f 8309 8310 11976
f 11976 8310 8311
f 8133 8134 11710
f 11710 8134 8148
f 7994 7995 11355
f 11355 7995 7996
f 7838 7839 10913
f 10913 7839 7840
f 4950 545 2
f 4950 1613 545
f 4978 28 29
f 4978 4977 28
f 5006 56 57
f 5006 5005 56
f 505 5453 504
f 5454 5453 505
f 4946 532 533
f 4946 4947 532
f 5426 5425 476
f 5426 476 477
f 5398 5397 448
f 5398 448 449
f 5370 5369 420
f 5370 420 421
f 5342 5341 392
f 5342 392 393
f 365 5313 364
f 5314 5313 365
f 5286 5285 336
f 5286 336 337
f 309 5257 308
f 5258 5257 309
f 5230 5229 280
f 5230 280 281
f 5202 5201 252
f 5202 252 253
f 5174 5173 224
f 5174 224 225
f 5146 5145 196
f 5146 196 197
f 169 5117 168
f 5118 5117 169
f 5090 5089 140
f 5090 140 141
f 5062 5061 112
f 5062 112 113
f 5034 5033 84
f 5034 84 85
f 3737 2165 2164
f 3737 3738 2165
f 3765 1639 1587
f 3765 1587 1658
f 3709 2137 2136
f 3709 3710 2137
f 3233 3234 1661
f 3233 1661 1660
f 3261 3262 1689
f 3261 1689 1688
f 3289 3290 1717
f 3289 1717 1716
f 1744 3318 1745
f 3317 3318 1744
f 3345 3346 1773
f 3345 1773 1772
f 3373 3374 1801
f 3373 1801 1800
f 1828 3402 1829
f 3401 3402 1828
f 3429 3430 1857
f 3429 1857 1856
f 1884 3458 1885
f 3457 3458 1884
f 1912 3486 1913
f 3485 3486 1912
f 1940 3514 1941
f 3513 3514 1940
f 3541 3542 1969
f 3541 1969 1968
f 3569 3570 1997
f 3569 1997 1996
f 3597 3598 2025
f 3597 2025 2024
f 3625 3626 2053
f 3625 2053 2052
f 3653 3654 2081
f 3653 2081 2080
f 3681 3682 2109
f 3681 2109 2108

