# https://github.com/mikedh/trimesh
v 8.66140000 33.55340000 1.62560000
v 8.66140000 31.75000000 1.62560000
v 8.15340000 34.06140000 1.62560000
v 8.21970731 34.05705399 1.62560000
v 8.28488007 34.04409032 1.62560000
v 8.34780318 34.02273080 1.62560000
v 8.40740000 33.99334091 1.62560000
v 8.46265081 33.95642350 1.62560000
v 8.51261024 33.91261024 1.62560000
v 8.55642350 33.86265081 1.62560000
v 8.59334091 33.80740000 1.62560000
v 8.62273080 33.74780318 1.62560000
v 8.64409032 33.68488007 1.62560000
v 8.65705399 33.61970731 1.62560000
v 4.54660000 34.06140000 1.62560000
v 4.03860000 33.55340000 1.62560000
v 4.04294601 33.61970731 1.62560000
v 4.05590968 33.68488007 1.62560000
v 4.07726920 33.74780318 1.62560000
v 4.10665909 33.80740000 1.62560000
v 4.14357650 33.86265081 1.62560000
v 4.18738976 33.91261024 1.62560000
v 4.23734919 33.95642350 1.62560000
v 4.29260000 33.99334091 1.62560000
v 4.35219682 34.02273080 1.62560000
v 4.41511993 34.04409032 1.62560000
v 4.48029269 34.05705399 1.62560000
v 4.03860000 31.75000000 1.62560000
v -5.08000000 31.75000000 1.62560000
v -5.08000000 56.37679502 1.62560000
v -4.36791385 57.15000000 1.62560000
v -5.08000000 57.92320498 1.62560000
v -5.08000000 119.87679502 1.62560000
v -4.36791385 120.65000000 1.62560000
v -5.08000000 121.42320498 1.62560000
v -5.08000000 183.37679502 1.62560000
v -4.36791385 184.15000000 1.62560000
v -5.08000000 184.92320498 1.62560000
v -5.08000000 246.87679502 1.62560000
v -4.36791385 247.65000000 1.62560000
v -4.36791385 209.55000000 1.62560000
v 4.03860000 209.55000000 1.62560000
v 4.03860000 207.74660000 1.62560000
v 4.54660000 207.23860000 1.62560000
v 4.48029269 207.24294601 1.62560000
v 4.41511993 207.25590968 1.62560000
v 4.35219682 207.27726920 1.62560000
v 4.29260000 207.30665909 1.62560000
v 4.23734919 207.34357650 1.62560000
v 4.18738976 207.38738976 1.62560000
v 4.14357650 207.43734919 1.62560000
v 4.10665909 207.49260000 1.62560000
v 4.07726920 207.55219682 1.62560000
v 4.05590968 207.61511993 1.62560000
v 4.04294601 207.68029269 1.62560000
v 8.15340000 207.23860000 1.62560000
v 8.66140000 207.74660000 1.62560000
v 8.65705399 207.68029269 1.62560000
v 8.64409032 207.61511993 1.62560000
v 8.62273080 207.55219682 1.62560000
v 8.59334091 207.49260000 1.62560000
v 8.55642350 207.43734919 1.62560000
v 8.51261024 207.38738976 1.62560000
v 8.46265081 207.34357650 1.62560000
v 8.40740000 207.30665909 1.62560000
v 8.34780318 207.27726920 1.62560000
v 8.28488007 207.25590968 1.62560000
v 8.21970731 207.24294601 1.62560000
v 8.66140000 209.55000000 1.62560000
v 17.88160000 209.55000000 1.62560000
v 17.88160000 186.17698505 1.62560000
v 15.85461495 184.15000000 1.62560000
v 17.88160000 182.12301495 1.62560000
v 17.88160000 122.67698505 1.62560000
v 15.85461495 120.65000000 1.62560000
v 17.88160000 118.62301495 1.62560000
v 17.88160000 59.17698505 1.62560000
v 15.85461495 57.15000000 1.62560000
v 17.88160000 55.12301495 1.62560000
v 17.88160000 31.75000000 1.62560000
v 8.66140000 42.64660000 1.62560000
v 8.65705399 42.58029269 1.62560000
v 8.64409032 42.51511993 1.62560000
v 8.62273080 42.45219682 1.62560000
v 8.59334091 42.39260000 1.62560000
v 8.55642350 42.33734919 1.62560000
v 8.51261024 42.28738976 1.62560000
v 8.46265081 42.24357650 1.62560000
v 8.40740000 42.20665909 1.62560000
v 8.34780318 42.17726920 1.62560000
v 8.28488007 42.15590968 1.62560000
v 8.21970731 42.14294601 1.62560000
v 8.15340000 42.13860000 1.62560000
v 8.66140000 46.25340000 1.62560000
v 8.15340000 46.76140000 1.62560000
v 8.21970731 46.75705399 1.62560000
v 8.28488007 46.74409032 1.62560000
v 8.34780318 46.72273080 1.62560000
v 8.40740000 46.69334091 1.62560000
v 8.46265081 46.65642350 1.62560000
v 8.51261024 46.61261024 1.62560000
v 8.55642350 46.56265081 1.62560000
v 8.59334091 46.50740000 1.62560000
v 8.62273080 46.44780318 1.62560000
v 8.64409032 46.38488007 1.62560000
v 8.65705399 46.31970731 1.62560000
v 4.54660000 46.76140000 1.62560000
v 4.03860000 46.25340000 1.62560000
v 4.04294601 46.31970731 1.62560000
v 4.05590968 46.38488007 1.62560000
v 4.07726920 46.44780318 1.62560000
v 4.10665909 46.50740000 1.62560000
v 4.14357650 46.56265081 1.62560000
v 4.18738976 46.61261024 1.62560000
v 4.23734919 46.65642350 1.62560000
v 4.29260000 46.69334091 1.62560000
v 4.35219682 46.72273080 1.62560000
v 4.41511993 46.74409032 1.62560000
v 4.48029269 46.75705399 1.62560000
v 4.03860000 42.64660000 1.62560000
v 4.54660000 42.13860000 1.62560000
v 4.48029269 42.14294601 1.62560000
v 4.41511993 42.15590968 1.62560000
v 4.35219682 42.17726920 1.62560000
v 4.29260000 42.20665909 1.62560000
v 4.23734919 42.24357650 1.62560000
v 4.18738976 42.28738976 1.62560000
v 4.14357650 42.33734919 1.62560000
v 4.10665909 42.39260000 1.62560000
v 4.07726920 42.45219682 1.62560000
v 4.05590968 42.51511993 1.62560000
v 4.04294601 42.58029269 1.62560000
v 8.66140000 55.34660000 1.62560000
v 8.65705399 55.28029269 1.62560000
v 8.64409032 55.21511993 1.62560000
v 8.62273080 55.15219682 1.62560000
v 8.59334091 55.09260000 1.62560000
v 8.55642350 55.03734919 1.62560000
v 8.51261024 54.98738976 1.62560000
v 8.46265081 54.94357650 1.62560000
v 8.40740000 54.90665909 1.62560000
v 8.34780318 54.87726920 1.62560000
v 8.28488007 54.85590968 1.62560000
v 8.21970731 54.84294601 1.62560000
v 8.15340000 54.83860000 1.62560000
v 8.66140000 58.95340000 1.62560000
v 8.15340000 59.46140000 1.62560000
v 8.21970731 59.45705399 1.62560000
v 8.28488007 59.44409032 1.62560000
v 8.34780318 59.42273080 1.62560000
v 8.40740000 59.39334091 1.62560000
v 8.46265081 59.35642350 1.62560000
v 8.51261024 59.31261024 1.62560000
v 8.55642350 59.26265081 1.62560000
v 8.59334091 59.20740000 1.62560000
v 8.62273080 59.14780318 1.62560000
v 8.64409032 59.08488007 1.62560000
v 8.65705399 59.01970731 1.62560000
v 4.54660000 59.46140000 1.62560000
v 4.03860000 58.95340000 1.62560000
v 4.04294601 59.01970731 1.62560000
v 4.05590968 59.08488007 1.62560000
v 4.07726920 59.14780318 1.62560000
v 4.10665909 59.20740000 1.62560000
v 4.14357650 59.26265081 1.62560000
v 4.18738976 59.31261024 1.62560000
v 4.23734919 59.35642350 1.62560000
v 4.29260000 59.39334091 1.62560000
v 4.35219682 59.42273080 1.62560000
v 4.41511993 59.44409032 1.62560000
v 4.48029269 59.45705399 1.62560000
v 4.03860000 55.34660000 1.62560000
v 4.54660000 54.83860000 1.62560000
v 4.48029269 54.84294601 1.62560000
v 4.41511993 54.85590968 1.62560000
v 4.35219682 54.87726920 1.62560000
v 4.29260000 54.90665909 1.62560000
v 4.23734919 54.94357650 1.62560000
v 4.18738976 54.98738976 1.62560000
v 4.14357650 55.03734919 1.62560000
v 4.10665909 55.09260000 1.62560000
v 4.07726920 55.15219682 1.62560000
v 4.05590968 55.21511993 1.62560000
v 4.04294601 55.28029269 1.62560000
v 8.66140000 68.04660000 1.62560000
v 8.65705399 67.98029269 1.62560000
v 8.64409032 67.91511993 1.62560000
v 8.62273080 67.85219682 1.62560000
v 8.59334091 67.79260000 1.62560000
v 8.55642350 67.73734919 1.62560000
v 8.51261024 67.68738976 1.62560000
v 8.46265081 67.64357650 1.62560000
v 8.40740000 67.60665909 1.62560000
v 8.34780318 67.57726920 1.62560000
v 8.28488007 67.55590968 1.62560000
v 8.21970731 67.54294601 1.62560000
v 8.15340000 67.53860000 1.62560000
v 8.66140000 71.65340000 1.62560000
v 8.15340000 72.16140000 1.62560000
v 8.21970731 72.15705399 1.62560000
v 8.28488007 72.14409032 1.62560000
v 8.34780318 72.12273080 1.62560000
v 8.40740000 72.09334091 1.62560000
v 8.46265081 72.05642350 1.62560000
v 8.51261024 72.01261024 1.62560000
v 8.55642350 71.96265081 1.62560000
v 8.59334091 71.90740000 1.62560000
v 8.62273080 71.84780318 1.62560000
v 8.64409032 71.78488007 1.62560000
v 8.65705399 71.71970731 1.62560000
v 4.54660000 72.16140000 1.62560000
v 4.03860000 71.65340000 1.62560000
v 4.04294601 71.71970731 1.62560000
v 4.05590968 71.78488007 1.62560000
v 4.07726920 71.84780318 1.62560000
v 4.10665909 71.90740000 1.62560000
v 4.14357650 71.96265081 1.62560000
v 4.18738976 72.01261024 1.62560000
v 4.23734919 72.05642350 1.62560000
v 4.29260000 72.09334091 1.62560000
v 4.35219682 72.12273080 1.62560000
v 4.41511993 72.14409032 1.62560000
v 4.48029269 72.15705399 1.62560000
v 4.03860000 68.04660000 1.62560000
v 4.54660000 67.53860000 1.62560000
v 4.48029269 67.54294601 1.62560000
v 4.41511993 67.55590968 1.62560000
v 4.35219682 67.57726920 1.62560000
v 4.29260000 67.60665909 1.62560000
v 4.23734919 67.64357650 1.62560000
v 4.18738976 67.68738976 1.62560000
v 4.14357650 67.73734919 1.62560000
v 4.10665909 67.79260000 1.62560000
v 4.07726920 67.85219682 1.62560000
v 4.05590968 67.91511993 1.62560000
v 4.04294601 67.98029269 1.62560000
v 8.66140000 80.74660000 1.62560000
v 8.65705399 80.68029269 1.62560000
v 8.64409032 80.61511993 1.62560000
v 8.62273080 80.55219682 1.62560000
v 8.59334091 80.49260000 1.62560000
v 8.55642350 80.43734919 1.62560000
v 8.51261024 80.38738976 1.62560000
v 8.46265081 80.34357650 1.62560000
v 8.40740000 80.30665909 1.62560000
v 8.34780318 80.27726920 1.62560000
v 8.28488007 80.25590968 1.62560000
v 8.21970731 80.24294601 1.62560000
v 8.15340000 80.23860000 1.62560000
v 8.66140000 84.35340000 1.62560000
v 8.15340000 84.86140000 1.62560000
v 8.21970731 84.85705399 1.62560000
v 8.28488007 84.84409032 1.62560000
v 8.34780318 84.82273080 1.62560000
v 8.40740000 84.79334091 1.62560000
v 8.46265081 84.75642350 1.62560000
v 8.51261024 84.71261024 1.62560000
v 8.55642350 84.66265081 1.62560000
v 8.59334091 84.60740000 1.62560000
v 8.62273080 84.54780318 1.62560000
v 8.64409032 84.48488007 1.62560000
v 8.65705399 84.41970731 1.62560000
v 4.54660000 84.86140000 1.62560000
v 4.03860000 84.35340000 1.62560000
v 4.04294601 84.41970731 1.62560000
v 4.05590968 84.48488007 1.62560000
v 4.07726920 84.54780318 1.62560000
v 4.10665909 84.60740000 1.62560000
v 4.14357650 84.66265081 1.62560000
v 4.18738976 84.71261024 1.62560000
v 4.23734919 84.75642350 1.62560000
v 4.29260000 84.79334091 1.62560000
v 4.35219682 84.82273080 1.62560000
v 4.41511993 84.84409032 1.62560000
v 4.48029269 84.85705399 1.62560000
v 4.03860000 80.74660000 1.62560000
v 4.54660000 80.23860000 1.62560000
v 4.48029269 80.24294601 1.62560000
v 4.41511993 80.25590968 1.62560000
v 4.35219682 80.27726920 1.62560000
v 4.29260000 80.30665909 1.62560000
v 4.23734919 80.34357650 1.62560000
v 4.18738976 80.38738976 1.62560000
v 4.14357650 80.43734919 1.62560000
v 4.10665909 80.49260000 1.62560000
v 4.07726920 80.55219682 1.62560000
v 4.05590968 80.61511993 1.62560000
v 4.04294601 80.68029269 1.62560000
v 8.66140000 93.44660000 1.62560000
v 8.65705399 93.38029269 1.62560000
v 8.64409032 93.31511993 1.62560000
v 8.62273080 93.25219682 1.62560000
v 8.59334091 93.19260000 1.62560000
v 8.55642350 93.13734919 1.62560000
v 8.51261024 93.08738976 1.62560000
v 8.46265081 93.04357650 1.62560000
v 8.40740000 93.00665909 1.62560000
v 8.34780318 92.97726920 1.62560000
v 8.28488007 92.95590968 1.62560000
v 8.21970731 92.94294601 1.62560000
v 8.15340000 92.93860000 1.62560000
v 8.66140000 97.05340000 1.62560000
v 8.15340000 97.56140000 1.62560000
v 8.21970731 97.55705399 1.62560000
v 8.28488007 97.54409032 1.62560000
v 8.34780318 97.52273080 1.62560000
v 8.40740000 97.49334091 1.62560000
v 8.46265081 97.45642350 1.62560000
v 8.51261024 97.41261024 1.62560000
v 8.55642350 97.36265081 1.62560000
v 8.59334091 97.30740000 1.62560000
v 8.62273080 97.24780318 1.62560000
v 8.64409032 97.18488007 1.62560000
v 8.65705399 97.11970731 1.62560000
v 4.54660000 97.56140000 1.62560000
v 4.03860000 97.05340000 1.62560000
v 4.04294601 97.11970731 1.62560000
v 4.05590968 97.18488007 1.62560000
v 4.07726920 97.24780318 1.62560000
v 4.10665909 97.30740000 1.62560000
v 4.14357650 97.36265081 1.62560000
v 4.18738976 97.41261024 1.62560000
v 4.23734919 97.45642350 1.62560000
v 4.29260000 97.49334091 1.62560000
v 4.35219682 97.52273080 1.62560000
v 4.41511993 97.54409032 1.62560000
v 4.48029269 97.55705399 1.62560000
v 4.03860000 93.44660000 1.62560000
v 4.54660000 92.93860000 1.62560000
v 4.48029269 92.94294601 1.62560000
v 4.41511993 92.95590968 1.62560000
v 4.35219682 92.97726920 1.62560000
v 4.29260000 93.00665909 1.62560000
v 4.23734919 93.04357650 1.62560000
v 4.18738976 93.08738976 1.62560000
v 4.14357650 93.13734919 1.62560000
v 4.10665909 93.19260000 1.62560000
v 4.07726920 93.25219682 1.62560000
v 4.05590968 93.31511993 1.62560000
v 4.04294601 93.38029269 1.62560000
v 8.66140000 106.14660000 1.62560000
v 8.65705399 106.08029269 1.62560000
v 8.64409032 106.01511993 1.62560000
v 8.62273080 105.95219682 1.62560000
v 8.59334091 105.89260000 1.62560000
v 8.55642350 105.83734919 1.62560000
v 8.51261024 105.78738976 1.62560000
v 8.46265081 105.74357650 1.62560000
v 8.40740000 105.70665909 1.62560000
v 8.34780318 105.67726920 1.62560000
v 8.28488007 105.65590968 1.62560000
v 8.21970731 105.64294601 1.62560000
v 8.15340000 105.63860000 1.62560000
v 8.66140000 109.75340000 1.62560000
v 8.15340000 110.26140000 1.62560000
v 8.21970731 110.25705399 1.62560000
v 8.28488007 110.24409032 1.62560000
v 8.34780318 110.22273080 1.62560000
v 8.40740000 110.19334091 1.62560000
v 8.46265081 110.15642350 1.62560000
v 8.51261024 110.11261024 1.62560000
v 8.55642350 110.06265081 1.62560000
v 8.59334091 110.00740000 1.62560000
v 8.62273080 109.94780318 1.62560000
v 8.64409032 109.88488007 1.62560000
v 8.65705399 109.81970731 1.62560000
v 4.54660000 110.26140000 1.62560000
v 4.03860000 109.75340000 1.62560000
v 4.04294601 109.81970731 1.62560000
v 4.05590968 109.88488007 1.62560000
v 4.07726920 109.94780318 1.62560000
v 4.10665909 110.00740000 1.62560000
v 4.14357650 110.06265081 1.62560000
v 4.18738976 110.11261024 1.62560000
v 4.23734919 110.15642350 1.62560000
v 4.29260000 110.19334091 1.62560000
v 4.35219682 110.22273080 1.62560000
v 4.41511993 110.24409032 1.62560000
v 4.48029269 110.25705399 1.62560000
v 4.03860000 106.14660000 1.62560000
v 4.54660000 105.63860000 1.62560000
v 4.48029269 105.64294601 1.62560000
v 4.41511993 105.65590968 1.62560000
v 4.35219682 105.67726920 1.62560000
v 4.29260000 105.70665909 1.62560000
v 4.23734919 105.74357650 1.62560000
v 4.18738976 105.78738976 1.62560000
v 4.14357650 105.83734919 1.62560000
v 4.10665909 105.89260000 1.62560000
v 4.07726920 105.95219682 1.62560000
v 4.05590968 106.01511993 1.62560000
v 4.04294601 106.08029269 1.62560000
v 8.66140000 118.84660000 1.62560000
v 8.65705399 118.78029269 1.62560000
v 8.64409032 118.71511993 1.62560000
v 8.62273080 118.65219682 1.62560000
v 8.59334091 118.59260000 1.62560000
v 8.55642350 118.53734919 1.62560000
v 8.51261024 118.48738976 1.62560000
v 8.46265081 118.44357650 1.62560000
v 8.40740000 118.40665909 1.62560000
v 8.34780318 118.37726920 1.62560000
v 8.28488007 118.35590968 1.62560000
v 8.21970731 118.34294601 1.62560000
v 8.15340000 118.33860000 1.62560000
v 8.66140000 122.45340000 1.62560000
v 8.15340000 122.96140000 1.62560000
v 8.21970731 122.95705399 1.62560000
v 8.28488007 122.94409032 1.62560000
v 8.34780318 122.92273080 1.62560000
v 8.40740000 122.89334091 1.62560000
v 8.46265081 122.85642350 1.62560000
v 8.51261024 122.81261024 1.62560000
v 8.55642350 122.76265081 1.62560000
v 8.59334091 122.70740000 1.62560000
v 8.62273080 122.64780318 1.62560000
v 8.64409032 122.58488007 1.62560000
v 8.65705399 122.51970731 1.62560000
v 4.54660000 122.96140000 1.62560000
v 4.03860000 122.45340000 1.62560000
v 4.04294601 122.51970731 1.62560000
v 4.05590968 122.58488007 1.62560000
v 4.07726920 122.64780318 1.62560000
v 4.10665909 122.70740000 1.62560000
v 4.14357650 122.76265081 1.62560000
v 4.18738976 122.81261024 1.62560000
v 4.23734919 122.85642350 1.62560000
v 4.29260000 122.89334091 1.62560000
v 4.35219682 122.92273080 1.62560000
v 4.41511993 122.94409032 1.62560000
v 4.48029269 122.95705399 1.62560000
v 4.03860000 118.84660000 1.62560000
v 4.54660000 118.33860000 1.62560000
v 4.48029269 118.34294601 1.62560000
v 4.41511993 118.35590968 1.62560000
v 4.35219682 118.37726920 1.62560000
v 4.29260000 118.40665909 1.62560000
v 4.23734919 118.44357650 1.62560000
v 4.18738976 118.48738976 1.62560000
v 4.14357650 118.53734919 1.62560000
v 4.10665909 118.59260000 1.62560000
v 4.07726920 118.65219682 1.62560000
v 4.05590968 118.71511993 1.62560000
v 4.04294601 118.78029269 1.62560000
v 8.66140000 131.54660000 1.62560000
v 8.65705399 131.48029269 1.62560000
v 8.64409032 131.41511993 1.62560000
v 8.62273080 131.35219682 1.62560000
v 8.59334091 131.29260000 1.62560000
v 8.55642350 131.23734919 1.62560000
v 8.51261024 131.18738976 1.62560000
v 8.46265081 131.14357650 1.62560000
v 8.40740000 131.10665909 1.62560000
v 8.34780318 131.07726920 1.62560000
v 8.28488007 131.05590968 1.62560000
v 8.21970731 131.04294601 1.62560000
v 8.15340000 131.03860000 1.62560000
v 8.66140000 135.15340000 1.62560000
v 8.15340000 135.66140000 1.62560000
v 8.21970731 135.65705399 1.62560000
v 8.28488007 135.64409032 1.62560000
v 8.34780318 135.62273080 1.62560000
v 8.40740000 135.59334091 1.62560000
v 8.46265081 135.55642350 1.62560000
v 8.51261024 135.51261024 1.62560000
v 8.55642350 135.46265081 1.62560000
v 8.59334091 135.40740000 1.62560000
v 8.62273080 135.34780318 1.62560000
v 8.64409032 135.28488007 1.62560000
v 8.65705399 135.21970731 1.62560000
v 4.54660000 135.66140000 1.62560000
v 4.03860000 135.15340000 1.62560000
v 4.04294601 135.21970731 1.62560000
v 4.05590968 135.28488007 1.62560000
v 4.07726920 135.34780318 1.62560000
v 4.10665909 135.40740000 1.62560000
v 4.14357650 135.46265081 1.62560000
v 4.18738976 135.51261024 1.62560000
v 4.23734919 135.55642350 1.62560000
v 4.29260000 135.59334091 1.62560000
v 4.35219682 135.62273080 1.62560000
v 4.41511993 135.64409032 1.62560000
v 4.48029269 135.65705399 1.62560000
v 4.03860000 131.54660000 1.62560000
v 4.54660000 131.03860000 1.62560000
v 4.48029269 131.04294601 1.62560000
v 4.41511993 131.05590968 1.62560000
v 4.35219682 131.07726920 1.62560000
v 4.29260000 131.10665909 1.62560000
v 4.23734919 131.14357650 1.62560000
v 4.18738976 131.18738976 1.62560000
v 4.14357650 131.23734919 1.62560000
v 4.10665909 131.29260000 1.62560000
v 4.07726920 131.35219682 1.62560000
v 4.05590968 131.41511993 1.62560000
v 4.04294601 131.48029269 1.62560000
v 8.66140000 144.24660000 1.62560000
v 8.65705399 144.18029269 1.62560000
v 8.64409032 144.11511993 1.62560000
v 8.62273080 144.05219682 1.62560000
v 8.59334091 143.99260000 1.62560000
v 8.55642350 143.93734919 1.62560000
v 8.51261024 143.88738976 1.62560000
v 8.46265081 143.84357650 1.62560000
v 8.40740000 143.80665909 1.62560000
v 8.34780318 143.77726920 1.62560000
v 8.28488007 143.75590968 1.62560000
v 8.21970731 143.74294601 1.62560000
v 8.15340000 143.73860000 1.62560000
v 8.66140000 147.85340000 1.62560000
v 8.15340000 148.36140000 1.62560000
v 8.21970731 148.35705399 1.62560000
v 8.28488007 148.34409032 1.62560000
v 8.34780318 148.32273080 1.62560000
v 8.40740000 148.29334091 1.62560000
v 8.46265081 148.25642350 1.62560000
v 8.51261024 148.21261024 1.62560000
v 8.55642350 148.16265081 1.62560000
v 8.59334091 148.10740000 1.62560000
v 8.62273080 148.04780318 1.62560000
v 8.64409032 147.98488007 1.62560000
v 8.65705399 147.91970731 1.62560000
v 4.54660000 148.36140000 1.62560000
v 4.03860000 147.85340000 1.62560000
v 4.04294601 147.91970731 1.62560000
v 4.05590968 147.98488007 1.62560000
v 4.07726920 148.04780318 1.62560000
v 4.10665909 148.10740000 1.62560000
v 4.14357650 148.16265081 1.62560000
v 4.18738976 148.21261024 1.62560000
v 4.23734919 148.25642350 1.62560000
v 4.29260000 148.29334091 1.62560000
v 4.35219682 148.32273080 1.62560000
v 4.41511993 148.34409032 1.62560000
v 4.48029269 148.35705399 1.62560000
v 4.03860000 144.24660000 1.62560000
v 4.54660000 143.73860000 1.62560000
v 4.48029269 143.74294601 1.62560000
v 4.41511993 143.75590968 1.62560000
v 4.35219682 143.77726920 1.62560000
v 4.29260000 143.80665909 1.62560000
v 4.23734919 143.84357650 1.62560000
v 4.18738976 143.88738976 1.62560000
v 4.14357650 143.93734919 1.62560000
v 4.10665909 143.99260000 1.62560000
v 4.07726920 144.05219682 1.62560000
v 4.05590968 144.11511993 1.62560000
v 4.04294601 144.18029269 1.62560000
v 8.66140000 156.94660000 1.62560000
v 8.65705399 156.88029269 1.62560000
v 8.64409032 156.81511993 1.62560000
v 8.62273080 156.75219682 1.62560000
v 8.59334091 156.69260000 1.62560000
v 8.55642350 156.63734919 1.62560000
v 8.51261024 156.58738976 1.62560000
v 8.46265081 156.54357650 1.62560000
v 8.40740000 156.50665909 1.62560000
v 8.34780318 156.47726920 1.62560000
v 8.28488007 156.45590968 1.62560000
v 8.21970731 156.44294601 1.62560000
v 8.15340000 156.43860000 1.62560000
v 8.66140000 160.55340000 1.62560000
v 8.15340000 161.06140000 1.62560000
v 8.21970731 161.05705399 1.62560000
v 8.28488007 161.04409032 1.62560000
v 8.34780318 161.02273080 1.62560000
v 8.40740000 160.99334091 1.62560000
v 8.46265081 160.95642350 1.62560000
v 8.51261024 160.91261024 1.62560000
v 8.55642350 160.86265081 1.62560000
v 8.59334091 160.80740000 1.62560000
v 8.62273080 160.74780318 1.62560000
v 8.64409032 160.68488007 1.62560000
v 8.65705399 160.61970731 1.62560000
v 4.54660000 161.06140000 1.62560000
v 4.03860000 160.55340000 1.62560000
v 4.04294601 160.61970731 1.62560000
v 4.05590968 160.68488007 1.62560000
v 4.07726920 160.74780318 1.62560000
v 4.10665909 160.80740000 1.62560000
v 4.14357650 160.86265081 1.62560000
v 4.18738976 160.91261024 1.62560000
v 4.23734919 160.95642350 1.62560000
v 4.29260000 160.99334091 1.62560000
v 4.35219682 161.02273080 1.62560000
v 4.41511993 161.04409032 1.62560000
v 4.48029269 161.05705399 1.62560000
v 4.03860000 156.94660000 1.62560000
v 4.54660000 156.43860000 1.62560000
v 4.48029269 156.44294601 1.62560000
v 4.41511993 156.45590968 1.62560000
v 4.35219682 156.47726920 1.62560000
v 4.29260000 156.50665909 1.62560000
v 4.23734919 156.54357650 1.62560000
v 4.18738976 156.58738976 1.62560000
v 4.14357650 156.63734919 1.62560000
v 4.10665909 156.69260000 1.62560000
v 4.07726920 156.75219682 1.62560000
v 4.05590968 156.81511993 1.62560000
v 4.04294601 156.88029269 1.62560000
v 8.66140000 169.64660000 1.62560000
v 8.65705399 169.58029269 1.62560000
v 8.64409032 169.51511993 1.62560000
v 8.62273080 169.45219682 1.62560000
v 8.59334091 169.39260000 1.62560000
v 8.55642350 169.33734919 1.62560000
v 8.51261024 169.28738976 1.62560000
v 8.46265081 169.24357650 1.62560000
v 8.40740000 169.20665909 1.62560000
v 8.34780318 169.17726920 1.62560000
v 8.28488007 169.15590968 1.62560000
v 8.21970731 169.14294601 1.62560000
v 8.15340000 169.13860000 1.62560000
v 8.66140000 173.25340000 1.62560000
v 8.15340000 173.76140000 1.62560000
v 8.21970731 173.75705399 1.62560000
v 8.28488007 173.74409032 1.62560000
v 8.34780318 173.72273080 1.62560000
v 8.40740000 173.69334091 1.62560000
v 8.46265081 173.65642350 1.62560000
v 8.51261024 173.61261024 1.62560000
v 8.55642350 173.56265081 1.62560000
v 8.59334091 173.50740000 1.62560000
v 8.62273080 173.44780318 1.62560000
v 8.64409032 173.38488007 1.62560000
v 8.65705399 173.31970731 1.62560000
v 4.54660000 173.76140000 1.62560000
v 4.03860000 173.25340000 1.62560000
v 4.04294601 173.31970731 1.62560000
v 4.05590968 173.38488007 1.62560000
v 4.07726920 173.44780318 1.62560000
v 4.10665909 173.50740000 1.62560000
v 4.14357650 173.56265081 1.62560000
v 4.18738976 173.61261024 1.62560000
v 4.23734919 173.65642350 1.62560000
v 4.29260000 173.69334091 1.62560000
v 4.35219682 173.72273080 1.62560000
v 4.41511993 173.74409032 1.62560000
v 4.48029269 173.75705399 1.62560000
v 4.03860000 169.64660000 1.62560000
v 4.54660000 169.13860000 1.62560000
v 4.48029269 169.14294601 1.62560000
v 4.41511993 169.15590968 1.62560000
v 4.35219682 169.17726920 1.62560000
v 4.29260000 169.20665909 1.62560000
v 4.23734919 169.24357650 1.62560000
v 4.18738976 169.28738976 1.62560000
v 4.14357650 169.33734919 1.62560000
v 4.10665909 169.39260000 1.62560000
v 4.07726920 169.45219682 1.62560000
v 4.05590968 169.51511993 1.62560000
v 4.04294601 169.58029269 1.62560000
v 8.66140000 182.34660000 1.62560000
v 8.65705399 182.28029269 1.62560000
v 8.64409032 182.21511993 1.62560000
v 8.62273080 182.15219682 1.62560000
v 8.59334091 182.09260000 1.62560000
v 8.55642350 182.03734919 1.62560000
v 8.51261024 181.98738976 1.62560000
v 8.46265081 181.94357650 1.62560000
v 8.40740000 181.90665909 1.62560000
v 8.34780318 181.87726920 1.62560000
v 8.28488007 181.85590968 1.62560000
v 8.21970731 181.84294601 1.62560000
v 8.15340000 181.83860000 1.62560000
v 8.66140000 185.95340000 1.62560000
v 8.15340000 186.46140000 1.62560000
v 8.21970731 186.45705399 1.62560000
v 8.28488007 186.44409032 1.62560000
v 8.34780318 186.42273080 1.62560000
v 8.40740000 186.39334091 1.62560000
v 8.46265081 186.35642350 1.62560000
v 8.51261024 186.31261024 1.62560000
v 8.55642350 186.26265081 1.62560000
v 8.59334091 186.20740000 1.62560000
v 8.62273080 186.14780318 1.62560000
v 8.64409032 186.08488007 1.62560000
v 8.65705399 186.01970731 1.62560000
v 4.54660000 186.46140000 1.62560000
v 4.03860000 185.95340000 1.62560000
v 4.04294601 186.01970731 1.62560000
v 4.05590968 186.08488007 1.62560000
v 4.07726920 186.14780318 1.62560000
v 4.10665909 186.20740000 1.62560000
v 4.14357650 186.26265081 1.62560000
v 4.18738976 186.31261024 1.62560000
v 4.23734919 186.35642350 1.62560000
v 4.29260000 186.39334091 1.62560000
v 4.35219682 186.42273080 1.62560000
v 4.41511993 186.44409032 1.62560000
v 4.48029269 186.45705399 1.62560000
v 4.03860000 182.34660000 1.62560000
v 4.54660000 181.83860000 1.62560000
v 4.48029269 181.84294601 1.62560000
v 4.41511993 181.85590968 1.62560000
v 4.35219682 181.87726920 1.62560000
v 4.29260000 181.90665909 1.62560000
v 4.23734919 181.94357650 1.62560000
v 4.18738976 181.98738976 1.62560000
v 4.14357650 182.03734919 1.62560000
v 4.10665909 182.09260000 1.62560000
v 4.07726920 182.15219682 1.62560000
v 4.05590968 182.21511993 1.62560000
v 4.04294601 182.28029269 1.62560000
v 8.66140000 195.04660000 1.62560000
v 8.65705399 194.98029269 1.62560000
v 8.64409032 194.91511993 1.62560000
v 8.62273080 194.85219682 1.62560000
v 8.59334091 194.79260000 1.62560000
v 8.55642350 194.73734919 1.62560000
v 8.51261024 194.68738976 1.62560000
v 8.46265081 194.64357650 1.62560000
v 8.40740000 194.60665909 1.62560000
v 8.34780318 194.57726920 1.62560000
v 8.28488007 194.55590968 1.62560000
v 8.21970731 194.54294601 1.62560000
v 8.15340000 194.53860000 1.62560000
v 8.66140000 198.65340000 1.62560000
v 8.15340000 199.16140000 1.62560000
v 8.21970731 199.15705399 1.62560000
v 8.28488007 199.14409032 1.62560000
v 8.34780318 199.12273080 1.62560000
v 8.40740000 199.09334091 1.62560000
v 8.46265081 199.05642350 1.62560000
v 8.51261024 199.01261024 1.62560000
v 8.55642350 198.96265081 1.62560000
v 8.59334091 198.90740000 1.62560000
v 8.62273080 198.84780318 1.62560000
v 8.64409032 198.78488007 1.62560000
v 8.65705399 198.71970731 1.62560000
v 4.54660000 199.16140000 1.62560000
v 4.03860000 198.65340000 1.62560000
v 4.04294601 198.71970731 1.62560000
v 4.05590968 198.78488007 1.62560000
v 4.07726920 198.84780318 1.62560000
v 4.10665909 198.90740000 1.62560000
v 4.14357650 198.96265081 1.62560000
v 4.18738976 199.01261024 1.62560000
v 4.23734919 199.05642350 1.62560000
v 4.29260000 199.09334091 1.62560000
v 4.35219682 199.12273080 1.62560000
v 4.41511993 199.14409032 1.62560000
v 4.48029269 199.15705399 1.62560000
v 4.03860000 195.04660000 1.62560000
v 4.54660000 194.53860000 1.62560000
v 4.48029269 194.54294601 1.62560000
v 4.41511993 194.55590968 1.62560000
v 4.35219682 194.57726920 1.62560000
v 4.29260000 194.60665909 1.62560000
v 4.23734919 194.64357650 1.62560000
v 4.18738976 194.68738976 1.62560000
v 4.14357650 194.73734919 1.62560000
v 4.10665909 194.79260000 1.62560000
v 4.07726920 194.85219682 1.62560000
v 4.05590968 194.91511993 1.62560000
v 4.04294601 194.98029269 1.62560000
v 15.01140000 36.29660000 1.62560000
v 15.00705399 36.23029269 1.62560000
v 14.99409032 36.16511993 1.62560000
v 14.97273080 36.10219682 1.62560000
v 14.94334091 36.04260000 1.62560000
v 14.90642350 35.98734919 1.62560000
v 14.86261024 35.93738976 1.62560000
v 14.81265081 35.89357650 1.62560000
v 14.75740000 35.85665909 1.62560000
v 14.69780318 35.82726920 1.62560000
v 14.63488007 35.80590968 1.62560000
v 14.56970731 35.79294601 1.62560000
v 14.50340000 35.78860000 1.62560000
v 15.01140000 39.90340000 1.62560000
v 14.50340000 40.41140000 1.62560000
v 14.56970731 40.40705399 1.62560000
v 14.63488007 40.39409032 1.62560000
v 14.69780318 40.37273080 1.62560000
v 14.75740000 40.34334091 1.62560000
v 14.81265081 40.30642350 1.62560000
v 14.86261024 40.26261024 1.62560000
v 14.90642350 40.21265081 1.62560000
v 14.94334091 40.15740000 1.62560000
v 14.97273080 40.09780318 1.62560000
v 14.99409032 40.03488007 1.62560000
v 15.00705399 39.96970731 1.62560000
v 10.89660000 40.41140000 1.62560000
v 10.38860000 39.90340000 1.62560000
v 10.39294601 39.96970731 1.62560000
v 10.40590968 40.03488007 1.62560000
v 10.42726920 40.09780318 1.62560000
v 10.45665909 40.15740000 1.62560000
v 10.49357650 40.21265081 1.62560000
v 10.53738976 40.26261024 1.62560000
v 10.58734919 40.30642350 1.62560000
v 10.64260000 40.34334091 1.62560000
v 10.70219682 40.37273080 1.62560000
v 10.76511993 40.39409032 1.62560000
v 10.83029269 40.40705399 1.62560000
v 10.38860000 36.29660000 1.62560000
v 10.89660000 35.78860000 1.62560000
v 10.83029269 35.79294601 1.62560000
v 10.76511993 35.80590968 1.62560000
v 10.70219682 35.82726920 1.62560000
v 10.64260000 35.85665909 1.62560000
v 10.58734919 35.89357650 1.62560000
v 10.53738976 35.93738976 1.62560000
v 10.49357650 35.98734919 1.62560000
v 10.45665909 36.04260000 1.62560000
v 10.42726920 36.10219682 1.62560000
v 10.40590968 36.16511993 1.62560000
v 10.39294601 36.23029269 1.62560000
v 2.31140000 36.29660000 1.62560000
v 2.30705399 36.23029269 1.62560000
v 2.29409032 36.16511993 1.62560000
v 2.27273080 36.10219682 1.62560000
v 2.24334091 36.04260000 1.62560000
v 2.20642350 35.98734919 1.62560000
v 2.16261024 35.93738976 1.62560000
v 2.11265081 35.89357650 1.62560000
v 2.05740000 35.85665909 1.62560000
v 1.99780318 35.82726920 1.62560000
v 1.93488007 35.80590968 1.62560000
v 1.86970731 35.79294601 1.62560000
v 1.80340000 35.78860000 1.62560000
v 2.31140000 39.90340000 1.62560000
v 1.80340000 40.41140000 1.62560000
v 1.86970731 40.40705399 1.62560000
v 1.93488007 40.39409032 1.62560000
v 1.99780318 40.37273080 1.62560000
v 2.05740000 40.34334091 1.62560000
v 2.11265081 40.30642350 1.62560000
v 2.16261024 40.26261024 1.62560000
v 2.20642350 40.21265081 1.62560000
v 2.24334091 40.15740000 1.62560000
v 2.27273080 40.09780318 1.62560000
v 2.29409032 40.03488007 1.62560000
v 2.30705399 39.96970731 1.62560000
v -1.80340000 40.41140000 1.62560000
v -2.31140000 39.90340000 1.62560000
v -2.30705399 39.96970731 1.62560000
v -2.29409032 40.03488007 1.62560000
v -2.27273080 40.09780318 1.62560000
v -2.24334091 40.15740000 1.62560000
v -2.20642350 40.21265081 1.62560000
v -2.16261024 40.26261024 1.62560000
v -2.11265081 40.30642350 1.62560000
v -2.05740000 40.34334091 1.62560000
v -1.99780318 40.37273080 1.62560000
v -1.93488007 40.39409032 1.62560000
v -1.86970731 40.40705399 1.62560000
v -2.31140000 36.29660000 1.62560000
v -1.80340000 35.78860000 1.62560000
v -1.86970731 35.79294601 1.62560000
v -1.93488007 35.80590968 1.62560000
v -1.99780318 35.82726920 1.62560000
v -2.05740000 35.85665909 1.62560000
v -2.11265081 35.89357650 1.62560000
v -2.16261024 35.93738976 1.62560000
v -2.20642350 35.98734919 1.62560000
v -2.24334091 36.04260000 1.62560000
v -2.27273080 36.10219682 1.62560000
v -2.29409032 36.16511993 1.62560000
v -2.30705399 36.23029269 1.62560000
v 15.01140000 48.99660000 1.62560000
v 15.00705399 48.93029269 1.62560000
v 14.99409032 48.86511993 1.62560000
v 14.97273080 48.80219682 1.62560000
v 14.94334091 48.74260000 1.62560000
v 14.90642350 48.68734919 1.62560000
v 14.86261024 48.63738976 1.62560000
v 14.81265081 48.59357650 1.62560000
v 14.75740000 48.55665909 1.62560000
v 14.69780318 48.52726920 1.62560000
v 14.63488007 48.50590968 1.62560000
v 14.56970731 48.49294601 1.62560000
v 14.50340000 48.48860000 1.62560000
v 15.01140000 52.60340000 1.62560000
v 14.50340000 53.11140000 1.62560000
v 14.56970731 53.10705399 1.62560000
v 14.63488007 53.09409032 1.62560000
v 14.69780318 53.07273080 1.62560000
v 14.75740000 53.04334091 1.62560000
v 14.81265081 53.00642350 1.62560000
v 14.86261024 52.96261024 1.62560000
v 14.90642350 52.91265081 1.62560000
v 14.94334091 52.85740000 1.62560000
v 14.97273080 52.79780318 1.62560000
v 14.99409032 52.73488007 1.62560000
v 15.00705399 52.66970731 1.62560000
v 10.89660000 53.11140000 1.62560000
v 10.38860000 52.60340000 1.62560000
v 10.39294601 52.66970731 1.62560000
v 10.40590968 52.73488007 1.62560000
v 10.42726920 52.79780318 1.62560000
v 10.45665909 52.85740000 1.62560000
v 10.49357650 52.91265081 1.62560000
v 10.53738976 52.96261024 1.62560000
v 10.58734919 53.00642350 1.62560000
v 10.64260000 53.04334091 1.62560000
v 10.70219682 53.07273080 1.62560000
v 10.76511993 53.09409032 1.62560000
v 10.83029269 53.10705399 1.62560000
v 10.38860000 48.99660000 1.62560000
v 10.89660000 48.48860000 1.62560000
v 10.83029269 48.49294601 1.62560000
v 10.76511993 48.50590968 1.62560000
v 10.70219682 48.52726920 1.62560000
v 10.64260000 48.55665909 1.62560000
v 10.58734919 48.59357650 1.62560000
v 10.53738976 48.63738976 1.62560000
v 10.49357650 48.68734919 1.62560000
v 10.45665909 48.74260000 1.62560000
v 10.42726920 48.80219682 1.62560000
v 10.40590968 48.86511993 1.62560000
v 10.39294601 48.93029269 1.62560000
v 2.31140000 48.99660000 1.62560000
v 2.30705399 48.93029269 1.62560000
v 2.29409032 48.86511993 1.62560000
v 2.27273080 48.80219682 1.62560000
v 2.24334091 48.74260000 1.62560000
v 2.20642350 48.68734919 1.62560000
v 2.16261024 48.63738976 1.62560000
v 2.11265081 48.59357650 1.62560000
v 2.05740000 48.55665909 1.62560000
v 1.99780318 48.52726920 1.62560000
v 1.93488007 48.50590968 1.62560000
v 1.86970731 48.49294601 1.62560000
v 1.80340000 48.48860000 1.62560000
v 2.31140000 52.60340000 1.62560000
v 1.80340000 53.11140000 1.62560000
v 1.86970731 53.10705399 1.62560000
v 1.93488007 53.09409032 1.62560000
v 1.99780318 53.07273080 1.62560000
v 2.05740000 53.04334091 1.62560000
v 2.11265081 53.00642350 1.62560000
v 2.16261024 52.96261024 1.62560000
v 2.20642350 52.91265081 1.62560000
v 2.24334091 52.85740000 1.62560000
v 2.27273080 52.79780318 1.62560000
v 2.29409032 52.73488007 1.62560000
v 2.30705399 52.66970731 1.62560000
v -1.80340000 53.11140000 1.62560000
v -2.31140000 52.60340000 1.62560000
v -2.30705399 52.66970731 1.62560000
v -2.29409032 52.73488007 1.62560000
v -2.27273080 52.79780318 1.62560000
v -2.24334091 52.85740000 1.62560000
v -2.20642350 52.91265081 1.62560000
v -2.16261024 52.96261024 1.62560000
v -2.11265081 53.00642350 1.62560000
v -2.05740000 53.04334091 1.62560000
v -1.99780318 53.07273080 1.62560000
v -1.93488007 53.09409032 1.62560000
v -1.86970731 53.10705399 1.62560000
v -2.31140000 48.99660000 1.62560000
v -1.80340000 48.48860000 1.62560000
v -1.86970731 48.49294601 1.62560000
v -1.93488007 48.50590968 1.62560000
v -1.99780318 48.52726920 1.62560000
v -2.05740000 48.55665909 1.62560000
v -2.11265081 48.59357650 1.62560000
v -2.16261024 48.63738976 1.62560000
v -2.20642350 48.68734919 1.62560000
v -2.24334091 48.74260000 1.62560000
v -2.27273080 48.80219682 1.62560000
v -2.29409032 48.86511993 1.62560000
v -2.30705399 48.93029269 1.62560000
v 15.01140000 61.69660000 1.62560000
v 15.00705399 61.63029269 1.62560000
v 14.99409032 61.56511993 1.62560000
v 14.97273080 61.50219682 1.62560000
v 14.94334091 61.44260000 1.62560000
v 14.90642350 61.38734919 1.62560000
v 14.86261024 61.33738976 1.62560000
v 14.81265081 61.29357650 1.62560000
v 14.75740000 61.25665909 1.62560000
v 14.69780318 61.22726920 1.62560000
v 14.63488007 61.20590968 1.62560000
v 14.56970731 61.19294601 1.62560000
v 14.50340000 61.18860000 1.62560000
v 15.01140000 65.30340000 1.62560000
v 14.50340000 65.81140000 1.62560000
v 14.56970731 65.80705399 1.62560000
v 14.63488007 65.79409032 1.62560000
v 14.69780318 65.77273080 1.62560000
v 14.75740000 65.74334091 1.62560000
v 14.81265081 65.70642350 1.62560000
v 14.86261024 65.66261024 1.62560000
v 14.90642350 65.61265081 1.62560000
v 14.94334091 65.55740000 1.62560000
v 14.97273080 65.49780318 1.62560000
v 14.99409032 65.43488007 1.62560000
v 15.00705399 65.36970731 1.62560000
v 10.89660000 65.81140000 1.62560000
v 10.38860000 65.30340000 1.62560000
v 10.39294601 65.36970731 1.62560000
v 10.40590968 65.43488007 1.62560000
v 10.42726920 65.49780318 1.62560000
v 10.45665909 65.55740000 1.62560000
v 10.49357650 65.61265081 1.62560000
v 10.53738976 65.66261024 1.62560000
v 10.58734919 65.70642350 1.62560000
v 10.64260000 65.74334091 1.62560000
v 10.70219682 65.77273080 1.62560000
v 10.76511993 65.79409032 1.62560000
v 10.83029269 65.80705399 1.62560000
v 10.38860000 61.69660000 1.62560000
v 10.89660000 61.18860000 1.62560000
v 10.83029269 61.19294601 1.62560000
v 10.76511993 61.20590968 1.62560000
v 10.70219682 61.22726920 1.62560000
v 10.64260000 61.25665909 1.62560000
v 10.58734919 61.29357650 1.62560000
v 10.53738976 61.33738976 1.62560000
v 10.49357650 61.38734919 1.62560000
v 10.45665909 61.44260000 1.62560000
v 10.42726920 61.50219682 1.62560000
v 10.40590968 61.56511993 1.62560000
v 10.39294601 61.63029269 1.62560000
v 2.31140000 61.69660000 1.62560000
v 2.30705399 61.63029269 1.62560000
v 2.29409032 61.56511993 1.62560000
v 2.27273080 61.50219682 1.62560000
v 2.24334091 61.44260000 1.62560000
v 2.20642350 61.38734919 1.62560000
v 2.16261024 61.33738976 1.62560000
v 2.11265081 61.29357650 1.62560000
v 2.05740000 61.25665909 1.62560000
v 1.99780318 61.22726920 1.62560000
v 1.93488007 61.20590968 1.62560000
v 1.86970731 61.19294601 1.62560000
v 1.80340000 61.18860000 1.62560000
v 2.31140000 65.30340000 1.62560000
v 1.80340000 65.81140000 1.62560000
v 1.86970731 65.80705399 1.62560000
v 1.93488007 65.79409032 1.62560000
v 1.99780318 65.77273080 1.62560000
v 2.05740000 65.74334091 1.62560000
v 2.11265081 65.70642350 1.62560000
v 2.16261024 65.66261024 1.62560000
v 2.20642350 65.61265081 1.62560000
v 2.24334091 65.55740000 1.62560000
v 2.27273080 65.49780318 1.62560000
v 2.29409032 65.43488007 1.62560000
v 2.30705399 65.36970731 1.62560000
v -1.80340000 65.81140000 1.62560000
v -2.31140000 65.30340000 1.62560000
v -2.30705399 65.36970731 1.62560000
v -2.29409032 65.43488007 1.62560000
v -2.27273080 65.49780318 1.62560000
v -2.24334091 65.55740000 1.62560000
v -2.20642350 65.61265081 1.62560000
v -2.16261024 65.66261024 1.62560000
v -2.11265081 65.70642350 1.62560000
v -2.05740000 65.74334091 1.62560000
v -1.99780318 65.77273080 1.62560000
v -1.93488007 65.79409032 1.62560000
v -1.86970731 65.80705399 1.62560000
v -2.31140000 61.69660000 1.62560000
v -1.80340000 61.18860000 1.62560000
v -1.86970731 61.19294601 1.62560000
v -1.93488007 61.20590968 1.62560000
v -1.99780318 61.22726920 1.62560000
v -2.05740000 61.25665909 1.62560000
v -2.11265081 61.29357650 1.62560000
v -2.16261024 61.33738976 1.62560000
v -2.20642350 61.38734919 1.62560000
v -2.24334091 61.44260000 1.62560000
v -2.27273080 61.50219682 1.62560000
v -2.29409032 61.56511993 1.62560000
v -2.30705399 61.63029269 1.62560000
v 15.01140000 74.39660000 1.62560000
v 15.00705399 74.33029269 1.62560000
v 14.99409032 74.26511993 1.62560000
v 14.97273080 74.20219682 1.62560000
v 14.94334091 74.14260000 1.62560000
v 14.90642350 74.08734919 1.62560000
v 14.86261024 74.03738976 1.62560000
v 14.81265081 73.99357650 1.62560000
v 14.75740000 73.95665909 1.62560000
v 14.69780318 73.92726920 1.62560000
v 14.63488007 73.90590968 1.62560000
v 14.56970731 73.89294601 1.62560000
v 14.50340000 73.88860000 1.62560000
v 15.01140000 78.00340000 1.62560000
v 14.50340000 78.51140000 1.62560000
v 14.56970731 78.50705399 1.62560000
v 14.63488007 78.49409032 1.62560000
v 14.69780318 78.47273080 1.62560000
v 14.75740000 78.44334091 1.62560000
v 14.81265081 78.40642350 1.62560000
v 14.86261024 78.36261024 1.62560000
v 14.90642350 78.31265081 1.62560000
v 14.94334091 78.25740000 1.62560000
v 14.97273080 78.19780318 1.62560000
v 14.99409032 78.13488007 1.62560000
v 15.00705399 78.06970731 1.62560000
v 10.89660000 78.51140000 1.62560000
v 10.38860000 78.00340000 1.62560000
v 10.39294601 78.06970731 1.62560000
v 10.40590968 78.13488007 1.62560000
v 10.42726920 78.19780318 1.62560000
v 10.45665909 78.25740000 1.62560000
v 10.49357650 78.31265081 1.62560000
v 10.53738976 78.36261024 1.62560000
v 10.58734919 78.40642350 1.62560000
v 10.64260000 78.44334091 1.62560000
v 10.70219682 78.47273080 1.62560000
v 10.76511993 78.49409032 1.62560000
v 10.83029269 78.50705399 1.62560000
v 10.38860000 74.39660000 1.62560000
v 10.89660000 73.88860000 1.62560000
v 10.83029269 73.89294601 1.62560000
v 10.76511993 73.90590968 1.62560000
v 10.70219682 73.92726920 1.62560000
v 10.64260000 73.95665909 1.62560000
v 10.58734919 73.99357650 1.62560000
v 10.53738976 74.03738976 1.62560000
v 10.49357650 74.08734919 1.62560000
v 10.45665909 74.14260000 1.62560000
v 10.42726920 74.20219682 1.62560000
v 10.40590968 74.26511993 1.62560000
v 10.39294601 74.33029269 1.62560000
v 2.31140000 74.39660000 1.62560000
v 2.30705399 74.33029269 1.62560000
v 2.29409032 74.26511993 1.62560000
v 2.27273080 74.20219682 1.62560000
v 2.24334091 74.14260000 1.62560000
v 2.20642350 74.08734919 1.62560000
v 2.16261024 74.03738976 1.62560000
v 2.11265081 73.99357650 1.62560000
v 2.05740000 73.95665909 1.62560000
v 1.99780318 73.92726920 1.62560000
v 1.93488007 73.90590968 1.62560000
v 1.86970731 73.89294601 1.62560000
v 1.80340000 73.88860000 1.62560000
v 2.31140000 78.00340000 1.62560000
v 1.80340000 78.51140000 1.62560000
v 1.86970731 78.50705399 1.62560000
v 1.93488007 78.49409032 1.62560000
v 1.99780318 78.47273080 1.62560000
v 2.05740000 78.44334091 1.62560000
v 2.11265081 78.40642350 1.62560000
v 2.16261024 78.36261024 1.62560000
v 2.20642350 78.31265081 1.62560000
v 2.24334091 78.25740000 1.62560000
v 2.27273080 78.19780318 1.62560000
v 2.29409032 78.13488007 1.62560000
v 2.30705399 78.06970731 1.62560000
v -1.80340000 78.51140000 1.62560000
v -2.31140000 78.00340000 1.62560000
v -2.30705399 78.06970731 1.62560000
v -2.29409032 78.13488007 1.62560000
v -2.27273080 78.19780318 1.62560000
v -2.24334091 78.25740000 1.62560000
v -2.20642350 78.31265081 1.62560000
v -2.16261024 78.36261024 1.62560000
v -2.11265081 78.40642350 1.62560000
v -2.05740000 78.44334091 1.62560000
v -1.99780318 78.47273080 1.62560000
v -1.93488007 78.49409032 1.62560000
v -1.86970731 78.50705399 1.62560000
v -2.31140000 74.39660000 1.62560000
v -1.80340000 73.88860000 1.62560000
v -1.86970731 73.89294601 1.62560000
v -1.93488007 73.90590968 1.62560000
v -1.99780318 73.92726920 1.62560000
v -2.05740000 73.95665909 1.62560000
v -2.11265081 73.99357650 1.62560000
v -2.16261024 74.03738976 1.62560000
v -2.20642350 74.08734919 1.62560000
v -2.24334091 74.14260000 1.62560000
v -2.27273080 74.20219682 1.62560000
v -2.29409032 74.26511993 1.62560000
v -2.30705399 74.33029269 1.62560000
v 15.01140000 87.09660000 1.62560000
v 15.00705399 87.03029269 1.62560000
v 14.99409032 86.96511993 1.62560000
v 14.97273080 86.90219682 1.62560000
v 14.94334091 86.84260000 1.62560000
v 14.90642350 86.78734919 1.62560000
v 14.86261024 86.73738976 1.62560000
v 14.81265081 86.69357650 1.62560000
v 14.75740000 86.65665909 1.62560000
v 14.69780318 86.62726920 1.62560000
v 14.63488007 86.60590968 1.62560000
v 14.56970731 86.59294601 1.62560000
v 14.50340000 86.58860000 1.62560000
v 15.01140000 90.70340000 1.62560000
v 14.50340000 91.21140000 1.62560000
v 14.56970731 91.20705399 1.62560000
v 14.63488007 91.19409032 1.62560000
v 14.69780318 91.17273080 1.62560000
v 14.75740000 91.14334091 1.62560000
v 14.81265081 91.10642350 1.62560000
v 14.86261024 91.06261024 1.62560000
v 14.90642350 91.01265081 1.62560000
v 14.94334091 90.95740000 1.62560000
v 14.97273080 90.89780318 1.62560000
v 14.99409032 90.83488007 1.62560000
v 15.00705399 90.76970731 1.62560000
v 10.89660000 91.21140000 1.62560000
v 10.38860000 90.70340000 1.62560000
v 10.39294601 90.76970731 1.62560000
v 10.40590968 90.83488007 1.62560000
v 10.42726920 90.89780318 1.62560000
v 10.45665909 90.95740000 1.62560000
v 10.49357650 91.01265081 1.62560000
v 10.53738976 91.06261024 1.62560000
v 10.58734919 91.10642350 1.62560000
v 10.64260000 91.14334091 1.62560000
v 10.70219682 91.17273080 1.62560000
v 10.76511993 91.19409032 1.62560000
v 10.83029269 91.20705399 1.62560000
v 10.38860000 87.09660000 1.62560000
v 10.89660000 86.58860000 1.62560000
v 10.83029269 86.59294601 1.62560000
v 10.76511993 86.60590968 1.62560000
v 10.70219682 86.62726920 1.62560000
v 10.64260000 86.65665909 1.62560000
v 10.58734919 86.69357650 1.62560000
v 10.53738976 86.73738976 1.62560000
v 10.49357650 86.78734919 1.62560000
v 10.45665909 86.84260000 1.62560000
v 10.42726920 86.90219682 1.62560000
v 10.40590968 86.96511993 1.62560000
v 10.39294601 87.03029269 1.62560000
v 2.31140000 87.09660000 1.62560000
v 2.30705399 87.03029269 1.62560000
v 2.29409032 86.96511993 1.62560000
v 2.27273080 86.90219682 1.62560000
v 2.24334091 86.84260000 1.62560000
v 2.20642350 86.78734919 1.62560000
v 2.16261024 86.73738976 1.62560000
v 2.11265081 86.69357650 1.62560000
v 2.05740000 86.65665909 1.62560000
v 1.99780318 86.62726920 1.62560000
v 1.93488007 86.60590968 1.62560000
v 1.86970731 86.59294601 1.62560000
v 1.80340000 86.58860000 1.62560000
v 2.31140000 90.70340000 1.62560000
v 1.80340000 91.21140000 1.62560000
v 1.86970731 91.20705399 1.62560000
v 1.93488007 91.19409032 1.62560000
v 1.99780318 91.17273080 1.62560000
v 2.05740000 91.14334091 1.62560000
v 2.11265081 91.10642350 1.62560000
v 2.16261024 91.06261024 1.62560000
v 2.20642350 91.01265081 1.62560000
v 2.24334091 90.95740000 1.62560000
v 2.27273080 90.89780318 1.62560000
v 2.29409032 90.83488007 1.62560000
v 2.30705399 90.76970731 1.62560000
v -1.80340000 91.21140000 1.62560000
v -2.31140000 90.70340000 1.62560000
v -2.30705399 90.76970731 1.62560000
v -2.29409032 90.83488007 1.62560000
v -2.27273080 90.89780318 1.62560000
v -2.24334091 90.95740000 1.62560000
v -2.20642350 91.01265081 1.62560000
v -2.16261024 91.06261024 1.62560000
v -2.11265081 91.10642350 1.62560000
v -2.05740000 91.14334091 1.62560000
v -1.99780318 91.17273080 1.62560000
v -1.93488007 91.19409032 1.62560000
v -1.86970731 91.20705399 1.62560000
v -2.31140000 87.09660000 1.62560000
v -1.80340000 86.58860000 1.62560000
v -1.86970731 86.59294601 1.62560000
v -1.93488007 86.60590968 1.62560000
v -1.99780318 86.62726920 1.62560000
v -2.05740000 86.65665909 1.62560000
v -2.11265081 86.69357650 1.62560000
v -2.16261024 86.73738976 1.62560000
v -2.20642350 86.78734919 1.62560000
v -2.24334091 86.84260000 1.62560000
v -2.27273080 86.90219682 1.62560000
v -2.29409032 86.96511993 1.62560000
v -2.30705399 87.03029269 1.62560000
v 15.01140000 99.79660000 1.62560000
v 15.00705399 99.73029269 1.62560000
v 14.99409032 99.66511993 1.62560000
v 14.97273080 99.60219682 1.62560000
v 14.94334091 99.54260000 1.62560000
v 14.90642350 99.48734919 1.62560000
v 14.86261024 99.43738976 1.62560000
v 14.81265081 99.39357650 1.62560000
v 14.75740000 99.35665909 1.62560000
v 14.69780318 99.32726920 1.62560000
v 14.63488007 99.30590968 1.62560000
v 14.56970731 99.29294601 1.62560000
v 14.50340000 99.28860000 1.62560000
v 15.01140000 103.40340000 1.62560000
v 14.50340000 103.91140000 1.62560000
v 14.56970731 103.90705399 1.62560000
v 14.63488007 103.89409032 1.62560000
v 14.69780318 103.87273080 1.62560000
v 14.75740000 103.84334091 1.62560000
v 14.81265081 103.80642350 1.62560000
v 14.86261024 103.76261024 1.62560000
v 14.90642350 103.71265081 1.62560000
v 14.94334091 103.65740000 1.62560000
v 14.97273080 103.59780318 1.62560000
v 14.99409032 103.53488007 1.62560000
v 15.00705399 103.46970731 1.62560000
v 10.89660000 103.91140000 1.62560000
v 10.38860000 103.40340000 1.62560000
v 10.39294601 103.46970731 1.62560000
v 10.40590968 103.53488007 1.62560000
v 10.42726920 103.59780318 1.62560000
v 10.45665909 103.65740000 1.62560000
v 10.49357650 103.71265081 1.62560000
v 10.53738976 103.76261024 1.62560000
v 10.58734919 103.80642350 1.62560000
v 10.64260000 103.84334091 1.62560000
v 10.70219682 103.87273080 1.62560000
v 10.76511993 103.89409032 1.62560000
v 10.83029269 103.90705399 1.62560000
v 10.38860000 99.79660000 1.62560000
v 10.89660000 99.28860000 1.62560000
v 10.83029269 99.29294601 1.62560000
v 10.76511993 99.30590968 1.62560000
v 10.70219682 99.32726920 1.62560000
v 10.64260000 99.35665909 1.62560000
v 10.58734919 99.39357650 1.62560000
v 10.53738976 99.43738976 1.62560000
v 10.49357650 99.48734919 1.62560000
v 10.45665909 99.54260000 1.62560000
v 10.42726920 99.60219682 1.62560000
v 10.40590968 99.66511993 1.62560000
v 10.39294601 99.73029269 1.62560000
v 2.31140000 99.79660000 1.62560000
v 2.30705399 99.73029269 1.62560000
v 2.29409032 99.66511993 1.62560000
v 2.27273080 99.60219682 1.62560000
v 2.24334091 99.54260000 1.62560000
v 2.20642350 99.48734919 1.62560000
v 2.16261024 99.43738976 1.62560000
v 2.11265081 99.39357650 1.62560000
v 2.05740000 99.35665909 1.62560000
v 1.99780318 99.32726920 1.62560000
v 1.93488007 99.30590968 1.62560000
v 1.86970731 99.29294601 1.62560000
v 1.80340000 99.28860000 1.62560000
v 2.31140000 103.40340000 1.62560000
v 1.80340000 103.91140000 1.62560000
v 1.86970731 103.90705399 1.62560000
v 1.93488007 103.89409032 1.62560000
v 1.99780318 103.87273080 1.62560000
v 2.05740000 103.84334091 1.62560000
v 2.11265081 103.80642350 1.62560000
v 2.16261024 103.76261024 1.62560000
v 2.20642350 103.71265081 1.62560000
v 2.24334091 103.65740000 1.62560000
v 2.27273080 103.59780318 1.62560000
v 2.29409032 103.53488007 1.62560000
v 2.30705399 103.46970731 1.62560000
v -1.80340000 103.91140000 1.62560000
v -2.31140000 103.40340000 1.62560000
v -2.30705399 103.46970731 1.62560000
v -2.29409032 103.53488007 1.62560000
v -2.27273080 103.59780318 1.62560000
v -2.24334091 103.65740000 1.62560000
v -2.20642350 103.71265081 1.62560000
v -2.16261024 103.76261024 1.62560000
v -2.11265081 103.80642350 1.62560000
v -2.05740000 103.84334091 1.62560000
v -1.99780318 103.87273080 1.62560000
v -1.93488007 103.89409032 1.62560000
v -1.86970731 103.90705399 1.62560000
v -2.31140000 99.79660000 1.62560000
v -1.80340000 99.28860000 1.62560000
v -1.86970731 99.29294601 1.62560000
v -1.93488007 99.30590968 1.62560000
v -1.99780318 99.32726920 1.62560000
v -2.05740000 99.35665909 1.62560000
v -2.11265081 99.39357650 1.62560000
v -2.16261024 99.43738976 1.62560000
v -2.20642350 99.48734919 1.62560000
v -2.24334091 99.54260000 1.62560000
v -2.27273080 99.60219682 1.62560000
v -2.29409032 99.66511993 1.62560000
v -2.30705399 99.73029269 1.62560000
v 15.01140000 112.49660000 1.62560000
v 15.00705399 112.43029269 1.62560000
v 14.99409032 112.36511993 1.62560000
v 14.97273080 112.30219682 1.62560000
v 14.94334091 112.24260000 1.62560000
v 14.90642350 112.18734919 1.62560000
v 14.86261024 112.13738976 1.62560000
v 14.81265081 112.09357650 1.62560000
v 14.75740000 112.05665909 1.62560000
v 14.69780318 112.02726920 1.62560000
v 14.63488007 112.00590968 1.62560000
v 14.56970731 111.99294601 1.62560000
v 14.50340000 111.98860000 1.62560000
v 15.01140000 116.10340000 1.62560000
v 14.50340000 116.61140000 1.62560000
v 14.56970731 116.60705399 1.62560000
v 14.63488007 116.59409032 1.62560000
v 14.69780318 116.57273080 1.62560000
v 14.75740000 116.54334091 1.62560000
v 14.81265081 116.50642350 1.62560000
v 14.86261024 116.46261024 1.62560000
v 14.90642350 116.41265081 1.62560000
v 14.94334091 116.35740000 1.62560000
v 14.97273080 116.29780318 1.62560000
v 14.99409032 116.23488007 1.62560000
v 15.00705399 116.16970731 1.62560000
v 10.89660000 116.61140000 1.62560000
v 10.38860000 116.10340000 1.62560000
v 10.39294601 116.16970731 1.62560000
v 10.40590968 116.23488007 1.62560000
v 10.42726920 116.29780318 1.62560000
v 10.45665909 116.35740000 1.62560000
v 10.49357650 116.41265081 1.62560000
v 10.53738976 116.46261024 1.62560000
v 10.58734919 116.50642350 1.62560000
v 10.64260000 116.54334091 1.62560000
v 10.70219682 116.57273080 1.62560000
v 10.76511993 116.59409032 1.62560000
v 10.83029269 116.60705399 1.62560000
v 10.38860000 112.49660000 1.62560000
v 10.89660000 111.98860000 1.62560000
v 10.83029269 111.99294601 1.62560000
v 10.76511993 112.00590968 1.62560000
v 10.70219682 112.02726920 1.62560000
v 10.64260000 112.05665909 1.62560000
v 10.58734919 112.09357650 1.62560000
v 10.53738976 112.13738976 1.62560000
v 10.49357650 112.18734919 1.62560000
v 10.45665909 112.24260000 1.62560000
v 10.42726920 112.30219682 1.62560000
v 10.40590968 112.36511993 1.62560000
v 10.39294601 112.43029269 1.62560000
v 2.31140000 112.49660000 1.62560000
v 2.30705399 112.43029269 1.62560000
v 2.29409032 112.36511993 1.62560000
v 2.27273080 112.30219682 1.62560000
v 2.24334091 112.24260000 1.62560000
v 2.20642350 112.18734919 1.62560000
v 2.16261024 112.13738976 1.62560000
v 2.11265081 112.09357650 1.62560000
v 2.05740000 112.05665909 1.62560000
v 1.99780318 112.02726920 1.62560000
v 1.93488007 112.00590968 1.62560000
v 1.86970731 111.99294601 1.62560000
v 1.80340000 111.98860000 1.62560000
v 2.31140000 116.10340000 1.62560000
v 1.80340000 116.61140000 1.62560000
v 1.86970731 116.60705399 1.62560000
v 1.93488007 116.59409032 1.62560000
v 1.99780318 116.57273080 1.62560000
v 2.05740000 116.54334091 1.62560000
v 2.11265081 116.50642350 1.62560000
v 2.16261024 116.46261024 1.62560000
v 2.20642350 116.41265081 1.62560000
v 2.24334091 116.35740000 1.62560000
v 2.27273080 116.29780318 1.62560000
v 2.29409032 116.23488007 1.62560000
v 2.30705399 116.16970731 1.62560000
v -1.80340000 116.61140000 1.62560000
v -2.31140000 116.10340000 1.62560000
v -2.30705399 116.16970731 1.62560000
v -2.29409032 116.23488007 1.62560000
v -2.27273080 116.29780318 1.62560000
v -2.24334091 116.35740000 1.62560000
v -2.20642350 116.41265081 1.62560000
v -2.16261024 116.46261024 1.62560000
v -2.11265081 116.50642350 1.62560000
v -2.05740000 116.54334091 1.62560000
v -1.99780318 116.57273080 1.62560000
v -1.93488007 116.59409032 1.62560000
v -1.86970731 116.60705399 1.62560000
v -2.31140000 112.49660000 1.62560000
v -1.80340000 111.98860000 1.62560000
v -1.86970731 111.99294601 1.62560000
v -1.93488007 112.00590968 1.62560000
v -1.99780318 112.02726920 1.62560000
v -2.05740000 112.05665909 1.62560000
v -2.11265081 112.09357650 1.62560000
v -2.16261024 112.13738976 1.62560000
v -2.20642350 112.18734919 1.62560000
v -2.24334091 112.24260000 1.62560000
v -2.27273080 112.30219682 1.62560000
v -2.29409032 112.36511993 1.62560000
v -2.30705399 112.43029269 1.62560000
v 15.01140000 125.19660000 1.62560000
v 15.00705399 125.13029269 1.62560000
v 14.99409032 125.06511993 1.62560000
v 14.97273080 125.00219682 1.62560000
v 14.94334091 124.94260000 1.62560000
v 14.90642350 124.88734919 1.62560000
v 14.86261024 124.83738976 1.62560000
v 14.81265081 124.79357650 1.62560000
v 14.75740000 124.75665909 1.62560000
v 14.69780318 124.72726920 1.62560000
v 14.63488007 124.70590968 1.62560000
v 14.56970731 124.69294601 1.62560000
v 14.50340000 124.68860000 1.62560000
v 15.01140000 128.80340000 1.62560000
v 14.50340000 129.31140000 1.62560000
v 14.56970731 129.30705399 1.62560000
v 14.63488007 129.29409032 1.62560000
v 14.69780318 129.27273080 1.62560000
v 14.75740000 129.24334091 1.62560000
v 14.81265081 129.20642350 1.62560000
v 14.86261024 129.16261024 1.62560000
v 14.90642350 129.11265081 1.62560000
v 14.94334091 129.05740000 1.62560000
v 14.97273080 128.99780318 1.62560000
v 14.99409032 128.93488007 1.62560000
v 15.00705399 128.86970731 1.62560000
v 10.89660000 129.31140000 1.62560000
v 10.38860000 128.80340000 1.62560000
v 10.39294601 128.86970731 1.62560000
v 10.40590968 128.93488007 1.62560000
v 10.42726920 128.99780318 1.62560000
v 10.45665909 129.05740000 1.62560000
v 10.49357650 129.11265081 1.62560000
v 10.53738976 129.16261024 1.62560000
v 10.58734919 129.20642350 1.62560000
v 10.64260000 129.24334091 1.62560000
v 10.70219682 129.27273080 1.62560000
v 10.76511993 129.29409032 1.62560000
v 10.83029269 129.30705399 1.62560000
v 10.38860000 125.19660000 1.62560000
v 10.89660000 124.68860000 1.62560000
v 10.83029269 124.69294601 1.62560000
v 10.76511993 124.70590968 1.62560000
v 10.70219682 124.72726920 1.62560000
v 10.64260000 124.75665909 1.62560000
v 10.58734919 124.79357650 1.62560000
v 10.53738976 124.83738976 1.62560000
v 10.49357650 124.88734919 1.62560000
v 10.45665909 124.94260000 1.62560000
v 10.42726920 125.00219682 1.62560000
v 10.40590968 125.06511993 1.62560000
v 10.39294601 125.13029269 1.62560000
v 2.31140000 125.19660000 1.62560000
v 2.30705399 125.13029269 1.62560000
v 2.29409032 125.06511993 1.62560000
v 2.27273080 125.00219682 1.62560000
v 2.24334091 124.94260000 1.62560000
v 2.20642350 124.88734919 1.62560000
v 2.16261024 124.83738976 1.62560000
v 2.11265081 124.79357650 1.62560000
v 2.05740000 124.75665909 1.62560000
v 1.99780318 124.72726920 1.62560000
v 1.93488007 124.70590968 1.62560000
v 1.86970731 124.69294601 1.62560000
v 1.80340000 124.68860000 1.62560000
v 2.31140000 128.80340000 1.62560000
v 1.80340000 129.31140000 1.62560000
v 1.86970731 129.30705399 1.62560000
v 1.93488007 129.29409032 1.62560000
v 1.99780318 129.27273080 1.62560000
v 2.05740000 129.24334091 1.62560000
v 2.11265081 129.20642350 1.62560000
v 2.16261024 129.16261024 1.62560000
v 2.20642350 129.11265081 1.62560000
v 2.24334091 129.05740000 1.62560000
v 2.27273080 128.99780318 1.62560000
v 2.29409032 128.93488007 1.62560000
v 2.30705399 128.86970731 1.62560000
v -1.80340000 129.31140000 1.62560000
v -2.31140000 128.80340000 1.62560000
v -2.30705399 128.86970731 1.62560000
v -2.29409032 128.93488007 1.62560000
v -2.27273080 128.99780318 1.62560000
v -2.24334091 129.05740000 1.62560000
v -2.20642350 129.11265081 1.62560000
v -2.16261024 129.16261024 1.62560000
v -2.11265081 129.20642350 1.62560000
v -2.05740000 129.24334091 1.62560000
v -1.99780318 129.27273080 1.62560000
v -1.93488007 129.29409032 1.62560000
v -1.86970731 129.30705399 1.62560000
v -2.31140000 125.19660000 1.62560000
v -1.80340000 124.68860000 1.62560000
v -1.86970731 124.69294601 1.62560000
v -1.93488007 124.70590968 1.62560000
v -1.99780318 124.72726920 1.62560000
v -2.05740000 124.75665909 1.62560000
v -2.11265081 124.79357650 1.62560000
v -2.16261024 124.83738976 1.62560000
v -2.20642350 124.88734919 1.62560000
v -2.24334091 124.94260000 1.62560000
v -2.27273080 125.00219682 1.62560000
v -2.29409032 125.06511993 1.62560000
v -2.30705399 125.13029269 1.62560000
v 15.01140000 137.89660000 1.62560000
v 15.00705399 137.83029269 1.62560000
v 14.99409032 137.76511993 1.62560000
v 14.97273080 137.70219682 1.62560000
v 14.94334091 137.64260000 1.62560000
v 14.90642350 137.58734919 1.62560000
v 14.86261024 137.53738976 1.62560000
v 14.81265081 137.49357650 1.62560000
v 14.75740000 137.45665909 1.62560000
v 14.69780318 137.42726920 1.62560000
v 14.63488007 137.40590968 1.62560000
v 14.56970731 137.39294601 1.62560000
v 14.50340000 137.38860000 1.62560000
v 15.01140000 141.50340000 1.62560000
v 14.50340000 142.01140000 1.62560000
v 14.56970731 142.00705399 1.62560000
v 14.63488007 141.99409032 1.62560000
v 14.69780318 141.97273080 1.62560000
v 14.75740000 141.94334091 1.62560000
v 14.81265081 141.90642350 1.62560000
v 14.86261024 141.86261024 1.62560000
v 14.90642350 141.81265081 1.62560000
v 14.94334091 141.75740000 1.62560000
v 14.97273080 141.69780318 1.62560000
v 14.99409032 141.63488007 1.62560000
v 15.00705399 141.56970731 1.62560000
v 10.89660000 142.01140000 1.62560000
v 10.38860000 141.50340000 1.62560000
v 10.39294601 141.56970731 1.62560000
v 10.40590968 141.63488007 1.62560000
v 10.42726920 141.69780318 1.62560000
v 10.45665909 141.75740000 1.62560000
v 10.49357650 141.81265081 1.62560000
v 10.53738976 141.86261024 1.62560000
v 10.58734919 141.90642350 1.62560000
v 10.64260000 141.94334091 1.62560000
v 10.70219682 141.97273080 1.62560000
v 10.76511993 141.99409032 1.62560000
v 10.83029269 142.00705399 1.62560000
v 10.38860000 137.89660000 1.62560000
v 10.89660000 137.38860000 1.62560000
v 10.83029269 137.39294601 1.62560000
v 10.76511993 137.40590968 1.62560000
v 10.70219682 137.42726920 1.62560000
v 10.64260000 137.45665909 1.62560000
v 10.58734919 137.49357650 1.62560000
v 10.53738976 137.53738976 1.62560000
v 10.49357650 137.58734919 1.62560000
v 10.45665909 137.64260000 1.62560000
v 10.42726920 137.70219682 1.62560000
v 10.40590968 137.76511993 1.62560000
v 10.39294601 137.83029269 1.62560000
v 2.31140000 137.89660000 1.62560000
v 2.30705399 137.83029269 1.62560000
v 2.29409032 137.76511993 1.62560000
v 2.27273080 137.70219682 1.62560000
v 2.24334091 137.64260000 1.62560000
v 2.20642350 137.58734919 1.62560000
v 2.16261024 137.53738976 1.62560000
v 2.11265081 137.49357650 1.62560000
v 2.05740000 137.45665909 1.62560000
v 1.99780318 137.42726920 1.62560000
v 1.93488007 137.40590968 1.62560000
v 1.86970731 137.39294601 1.62560000
v 1.80340000 137.38860000 1.62560000
v 2.31140000 141.50340000 1.62560000
v 1.80340000 142.01140000 1.62560000
v 1.86970731 142.00705399 1.62560000
v 1.93488007 141.99409032 1.62560000
v 1.99780318 141.97273080 1.62560000
v 2.05740000 141.94334091 1.62560000
v 2.11265081 141.90642350 1.62560000
v 2.16261024 141.86261024 1.62560000
v 2.20642350 141.81265081 1.62560000
v 2.24334091 141.75740000 1.62560000
v 2.27273080 141.69780318 1.62560000
v 2.29409032 141.63488007 1.62560000
v 2.30705399 141.56970731 1.62560000
v -1.80340000 142.01140000 1.62560000
v -2.31140000 141.50340000 1.62560000
v -2.30705399 141.56970731 1.62560000
v -2.29409032 141.63488007 1.62560000
v -2.27273080 141.69780318 1.62560000
v -2.24334091 141.75740000 1.62560000
v -2.20642350 141.81265081 1.62560000
v -2.16261024 141.86261024 1.62560000
v -2.11265081 141.90642350 1.62560000
v -2.05740000 141.94334091 1.62560000
v -1.99780318 141.97273080 1.62560000
v -1.93488007 141.99409032 1.62560000
v -1.86970731 142.00705399 1.62560000
v -2.31140000 137.89660000 1.62560000
v -1.80340000 137.38860000 1.62560000
v -1.86970731 137.39294601 1.62560000
v -1.93488007 137.40590968 1.62560000
v -1.99780318 137.42726920 1.62560000
v -2.05740000 137.45665909 1.62560000
v -2.11265081 137.49357650 1.62560000
v -2.16261024 137.53738976 1.62560000
v -2.20642350 137.58734919 1.62560000
v -2.24334091 137.64260000 1.62560000
v -2.27273080 137.70219682 1.62560000
v -2.29409032 137.76511993 1.62560000
v -2.30705399 137.83029269 1.62560000
v 15.01140000 150.59660000 1.62560000
v 15.00705399 150.53029269 1.62560000
v 14.99409032 150.46511993 1.62560000
v 14.97273080 150.40219682 1.62560000
v 14.94334091 150.34260000 1.62560000
v 14.90642350 150.28734919 1.62560000
v 14.86261024 150.23738976 1.62560000
v 14.81265081 150.19357650 1.62560000
v 14.75740000 150.15665909 1.62560000
v 14.69780318 150.12726920 1.62560000
v 14.63488007 150.10590968 1.62560000
v 14.56970731 150.09294601 1.62560000
v 14.50340000 150.08860000 1.62560000
v 15.01140000 154.20340000 1.62560000
v 14.50340000 154.71140000 1.62560000
v 14.56970731 154.70705399 1.62560000
v 14.63488007 154.69409032 1.62560000
v 14.69780318 154.67273080 1.62560000
v 14.75740000 154.64334091 1.62560000
v 14.81265081 154.60642350 1.62560000
v 14.86261024 154.56261024 1.62560000
v 14.90642350 154.51265081 1.62560000
v 14.94334091 154.45740000 1.62560000
v 14.97273080 154.39780318 1.62560000
v 14.99409032 154.33488007 1.62560000
v 15.00705399 154.26970731 1.62560000
v 10.89660000 154.71140000 1.62560000
v 10.38860000 154.20340000 1.62560000
v 10.39294601 154.26970731 1.62560000
v 10.40590968 154.33488007 1.62560000
v 10.42726920 154.39780318 1.62560000
v 10.45665909 154.45740000 1.62560000
v 10.49357650 154.51265081 1.62560000
v 10.53738976 154.56261024 1.62560000
v 10.58734919 154.60642350 1.62560000
v 10.64260000 154.64334091 1.62560000
v 10.70219682 154.67273080 1.62560000
v 10.76511993 154.69409032 1.62560000
v 10.83029269 154.70705399 1.62560000
v 10.38860000 150.59660000 1.62560000
v 10.89660000 150.08860000 1.62560000
v 10.83029269 150.09294601 1.62560000
v 10.76511993 150.10590968 1.62560000
v 10.70219682 150.12726920 1.62560000
v 10.64260000 150.15665909 1.62560000
v 10.58734919 150.19357650 1.62560000
v 10.53738976 150.23738976 1.62560000
v 10.49357650 150.28734919 1.62560000
v 10.45665909 150.34260000 1.62560000
v 10.42726920 150.40219682 1.62560000
v 10.40590968 150.46511993 1.62560000
v 10.39294601 150.53029269 1.62560000
v 2.31140000 150.59660000 1.62560000
v 2.30705399 150.53029269 1.62560000
v 2.29409032 150.46511993 1.62560000
v 2.27273080 150.40219682 1.62560000
v 2.24334091 150.34260000 1.62560000
v 2.20642350 150.28734919 1.62560000
v 2.16261024 150.23738976 1.62560000
v 2.11265081 150.19357650 1.62560000
v 2.05740000 150.15665909 1.62560000
v 1.99780318 150.12726920 1.62560000
v 1.93488007 150.10590968 1.62560000
v 1.86970731 150.09294601 1.62560000
v 1.80340000 150.08860000 1.62560000
v 2.31140000 154.20340000 1.62560000
v 1.80340000 154.71140000 1.62560000
v 1.86970731 154.70705399 1.62560000
v 1.93488007 154.69409032 1.62560000
v 1.99780318 154.67273080 1.62560000
v 2.05740000 154.64334091 1.62560000
v 2.11265081 154.60642350 1.62560000
v 2.16261024 154.56261024 1.62560000
v 2.20642350 154.51265081 1.62560000
v 2.24334091 154.45740000 1.62560000
v 2.27273080 154.39780318 1.62560000
v 2.29409032 154.33488007 1.62560000
v 2.30705399 154.26970731 1.62560000
v -1.80340000 154.71140000 1.62560000
v -2.31140000 154.20340000 1.62560000
v -2.30705399 154.26970731 1.62560000
v -2.29409032 154.33488007 1.62560000
v -2.27273080 154.39780318 1.62560000
v -2.24334091 154.45740000 1.62560000
v -2.20642350 154.51265081 1.62560000
v -2.16261024 154.56261024 1.62560000
v -2.11265081 154.60642350 1.62560000
v -2.05740000 154.64334091 1.62560000
v -1.99780318 154.67273080 1.62560000
v -1.93488007 154.69409032 1.62560000
v -1.86970731 154.70705399 1.62560000
v -2.31140000 150.59660000 1.62560000
v -1.80340000 150.08860000 1.62560000
v -1.86970731 150.09294601 1.62560000
v -1.93488007 150.10590968 1.62560000
v -1.99780318 150.12726920 1.62560000
v -2.05740000 150.15665909 1.62560000
v -2.11265081 150.19357650 1.62560000
v -2.16261024 150.23738976 1.62560000
v -2.20642350 150.28734919 1.62560000
v -2.24334091 150.34260000 1.62560000
v -2.27273080 150.40219682 1.62560000
v -2.29409032 150.46511993 1.62560000
v -2.30705399 150.53029269 1.62560000
v 15.01140000 163.29660000 1.62560000
v 15.00705399 163.23029269 1.62560000
v 14.99409032 163.16511993 1.62560000
v 14.97273080 163.10219682 1.62560000
v 14.94334091 163.04260000 1.62560000
v 14.90642350 162.98734919 1.62560000
v 14.86261024 162.93738976 1.62560000
v 14.81265081 162.89357650 1.62560000
v 14.75740000 162.85665909 1.62560000
v 14.69780318 162.82726920 1.62560000
v 14.63488007 162.80590968 1.62560000
v 14.56970731 162.79294601 1.62560000
v 14.50340000 162.78860000 1.62560000
v 15.01140000 166.90340000 1.62560000
v 14.50340000 167.41140000 1.62560000
v 14.56970731 167.40705399 1.62560000
v 14.63488007 167.39409032 1.62560000
v 14.69780318 167.37273080 1.62560000
v 14.75740000 167.34334091 1.62560000
v 14.81265081 167.30642350 1.62560000
v 14.86261024 167.26261024 1.62560000
v 14.90642350 167.21265081 1.62560000
v 14.94334091 167.15740000 1.62560000
v 14.97273080 167.09780318 1.62560000
v 14.99409032 167.03488007 1.62560000
v 15.00705399 166.96970731 1.62560000
v 10.89660000 167.41140000 1.62560000
v 10.38860000 166.90340000 1.62560000
v 10.39294601 166.96970731 1.62560000
v 10.40590968 167.03488007 1.62560000
v 10.42726920 167.09780318 1.62560000
v 10.45665909 167.15740000 1.62560000
v 10.49357650 167.21265081 1.62560000
v 10.53738976 167.26261024 1.62560000
v 10.58734919 167.30642350 1.62560000
v 10.64260000 167.34334091 1.62560000
v 10.70219682 167.37273080 1.62560000
v 10.76511993 167.39409032 1.62560000
v 10.83029269 167.40705399 1.62560000
v 10.38860000 163.29660000 1.62560000
v 10.89660000 162.78860000 1.62560000
v 10.83029269 162.79294601 1.62560000
v 10.76511993 162.80590968 1.62560000
v 10.70219682 162.82726920 1.62560000
v 10.64260000 162.85665909 1.62560000
v 10.58734919 162.89357650 1.62560000
v 10.53738976 162.93738976 1.62560000
v 10.49357650 162.98734919 1.62560000
v 10.45665909 163.04260000 1.62560000
v 10.42726920 163.10219682 1.62560000
v 10.40590968 163.16511993 1.62560000
v 10.39294601 163.23029269 1.62560000
v 2.31140000 163.29660000 1.62560000
v 2.30705399 163.23029269 1.62560000
v 2.29409032 163.16511993 1.62560000
v 2.27273080 163.10219682 1.62560000
v 2.24334091 163.04260000 1.62560000
v 2.20642350 162.98734919 1.62560000
v 2.16261024 162.93738976 1.62560000
v 2.11265081 162.89357650 1.62560000
v 2.05740000 162.85665909 1.62560000
v 1.99780318 162.82726920 1.62560000
v 1.93488007 162.80590968 1.62560000
v 1.86970731 162.79294601 1.62560000
v 1.80340000 162.78860000 1.62560000
v 2.31140000 166.90340000 1.62560000
v 1.80340000 167.41140000 1.62560000
v 1.86970731 167.40705399 1.62560000
v 1.93488007 167.39409032 1.62560000
v 1.99780318 167.37273080 1.62560000
v 2.05740000 167.34334091 1.62560000
v 2.11265081 167.30642350 1.62560000
v 2.16261024 167.26261024 1.62560000
v 2.20642350 167.21265081 1.62560000
v 2.24334091 167.15740000 1.62560000
v 2.27273080 167.09780318 1.62560000
v 2.29409032 167.03488007 1.62560000
v 2.30705399 166.96970731 1.62560000
v -1.80340000 167.41140000 1.62560000
v -2.31140000 166.90340000 1.62560000
v -2.30705399 166.96970731 1.62560000
v -2.29409032 167.03488007 1.62560000
v -2.27273080 167.09780318 1.62560000
v -2.24334091 167.15740000 1.62560000
v -2.20642350 167.21265081 1.62560000
v -2.16261024 167.26261024 1.62560000
v -2.11265081 167.30642350 1.62560000
v -2.05740000 167.34334091 1.62560000
v -1.99780318 167.37273080 1.62560000
v -1.93488007 167.39409032 1.62560000
v -1.86970731 167.40705399 1.62560000
v -2.31140000 163.29660000 1.62560000
v -1.80340000 162.78860000 1.62560000
v -1.86970731 162.79294601 1.62560000
v -1.93488007 162.80590968 1.62560000
v -1.99780318 162.82726920 1.62560000
v -2.05740000 162.85665909 1.62560000
v -2.11265081 162.89357650 1.62560000
v -2.16261024 162.93738976 1.62560000
v -2.20642350 162.98734919 1.62560000
v -2.24334091 163.04260000 1.62560000
v -2.27273080 163.10219682 1.62560000
v -2.29409032 163.16511993 1.62560000
v -2.30705399 163.23029269 1.62560000
v 15.01140000 175.99660000 1.62560000
v 15.00705399 175.93029269 1.62560000
v 14.99409032 175.86511993 1.62560000
v 14.97273080 175.80219682 1.62560000
v 14.94334091 175.74260000 1.62560000
v 14.90642350 175.68734919 1.62560000
v 14.86261024 175.63738976 1.62560000
v 14.81265081 175.59357650 1.62560000
v 14.75740000 175.55665909 1.62560000
v 14.69780318 175.52726920 1.62560000
v 14.63488007 175.50590968 1.62560000
v 14.56970731 175.49294601 1.62560000
v 14.50340000 175.48860000 1.62560000
v 15.01140000 179.60340000 1.62560000
v 14.50340000 180.11140000 1.62560000
v 14.56970731 180.10705399 1.62560000
v 14.63488007 180.09409032 1.62560000
v 14.69780318 180.07273080 1.62560000
v 14.75740000 180.04334091 1.62560000
v 14.81265081 180.00642350 1.62560000
v 14.86261024 179.96261024 1.62560000
v 14.90642350 179.91265081 1.62560000
v 14.94334091 179.85740000 1.62560000
v 14.97273080 179.79780318 1.62560000
v 14.99409032 179.73488007 1.62560000
v 15.00705399 179.66970731 1.62560000
v 10.89660000 180.11140000 1.62560000
v 10.38860000 179.60340000 1.62560000
v 10.39294601 179.66970731 1.62560000
v 10.40590968 179.73488007 1.62560000
v 10.42726920 179.79780318 1.62560000
v 10.45665909 179.85740000 1.62560000
v 10.49357650 179.91265081 1.62560000
v 10.53738976 179.96261024 1.62560000
v 10.58734919 180.00642350 1.62560000
v 10.64260000 180.04334091 1.62560000
v 10.70219682 180.07273080 1.62560000
v 10.76511993 180.09409032 1.62560000
v 10.83029269 180.10705399 1.62560000
v 10.38860000 175.99660000 1.62560000
v 10.89660000 175.48860000 1.62560000
v 10.83029269 175.49294601 1.62560000
v 10.76511993 175.50590968 1.62560000
v 10.70219682 175.52726920 1.62560000
v 10.64260000 175.55665909 1.62560000
v 10.58734919 175.59357650 1.62560000
v 10.53738976 175.63738976 1.62560000
v 10.49357650 175.68734919 1.62560000
v 10.45665909 175.74260000 1.62560000
v 10.42726920 175.80219682 1.62560000
v 10.40590968 175.86511993 1.62560000
v 10.39294601 175.93029269 1.62560000
v 2.31140000 175.99660000 1.62560000
v 2.30705399 175.93029269 1.62560000
v 2.29409032 175.86511993 1.62560000
v 2.27273080 175.80219682 1.62560000
v 2.24334091 175.74260000 1.62560000
v 2.20642350 175.68734919 1.62560000
v 2.16261024 175.63738976 1.62560000
v 2.11265081 175.59357650 1.62560000
v 2.05740000 175.55665909 1.62560000
v 1.99780318 175.52726920 1.62560000
v 1.93488007 175.50590968 1.62560000
v 1.86970731 175.49294601 1.62560000
v 1.80340000 175.48860000 1.62560000
v 2.31140000 179.60340000 1.62560000
v 1.80340000 180.11140000 1.62560000
v 1.86970731 180.10705399 1.62560000
v 1.93488007 180.09409032 1.62560000
v 1.99780318 180.07273080 1.62560000
v 2.05740000 180.04334091 1.62560000
v 2.11265081 180.00642350 1.62560000
v 2.16261024 179.96261024 1.62560000
v 2.20642350 179.91265081 1.62560000
v 2.24334091 179.85740000 1.62560000
v 2.27273080 179.79780318 1.62560000
v 2.29409032 179.73488007 1.62560000
v 2.30705399 179.66970731 1.62560000
v -1.80340000 180.11140000 1.62560000
v -2.31140000 179.60340000 1.62560000
v -2.30705399 179.66970731 1.62560000
v -2.29409032 179.73488007 1.62560000
v -2.27273080 179.79780318 1.62560000
v -2.24334091 179.85740000 1.62560000
v -2.20642350 179.91265081 1.62560000
v -2.16261024 179.96261024 1.62560000
v -2.11265081 180.00642350 1.62560000
v -2.05740000 180.04334091 1.62560000
v -1.99780318 180.07273080 1.62560000
v -1.93488007 180.09409032 1.62560000
v -1.86970731 180.10705399 1.62560000
v -2.31140000 175.99660000 1.62560000
v -1.80340000 175.48860000 1.62560000
v -1.86970731 175.49294601 1.62560000
v -1.93488007 175.50590968 1.62560000
v -1.99780318 175.52726920 1.62560000
v -2.05740000 175.55665909 1.62560000
v -2.11265081 175.59357650 1.62560000
v -2.16261024 175.63738976 1.62560000
v -2.20642350 175.68734919 1.62560000
v -2.24334091 175.74260000 1.62560000
v -2.27273080 175.80219682 1.62560000
v -2.29409032 175.86511993 1.62560000
v -2.30705399 175.93029269 1.62560000
v 15.01140000 188.69660000 1.62560000
v 15.00705399 188.63029269 1.62560000
v 14.99409032 188.56511993 1.62560000
v 14.97273080 188.50219682 1.62560000
v 14.94334091 188.44260000 1.62560000
v 14.90642350 188.38734919 1.62560000
v 14.86261024 188.33738976 1.62560000
v 14.81265081 188.29357650 1.62560000
v 14.75740000 188.25665909 1.62560000
v 14.69780318 188.22726920 1.62560000
v 14.63488007 188.20590968 1.62560000
v 14.56970731 188.19294601 1.62560000
v 14.50340000 188.18860000 1.62560000
v 15.01140000 192.30340000 1.62560000
v 14.50340000 192.81140000 1.62560000
v 14.56970731 192.80705399 1.62560000
v 14.63488007 192.79409032 1.62560000
v 14.69780318 192.77273080 1.62560000
v 14.75740000 192.74334091 1.62560000
v 14.81265081 192.70642350 1.62560000
v 14.86261024 192.66261024 1.62560000
v 14.90642350 192.61265081 1.62560000
v 14.94334091 192.55740000 1.62560000
v 14.97273080 192.49780318 1.62560000
v 14.99409032 192.43488007 1.62560000
v 15.00705399 192.36970731 1.62560000
v 10.89660000 192.81140000 1.62560000
v 10.38860000 192.30340000 1.62560000
v 10.39294601 192.36970731 1.62560000
v 10.40590968 192.43488007 1.62560000
v 10.42726920 192.49780318 1.62560000
v 10.45665909 192.55740000 1.62560000
v 10.49357650 192.61265081 1.62560000
v 10.53738976 192.66261024 1.62560000
v 10.58734919 192.70642350 1.62560000
v 10.64260000 192.74334091 1.62560000
v 10.70219682 192.77273080 1.62560000
v 10.76511993 192.79409032 1.62560000
v 10.83029269 192.80705399 1.62560000
v 10.38860000 188.69660000 1.62560000
v 10.89660000 188.18860000 1.62560000
v 10.83029269 188.19294601 1.62560000
v 10.76511993 188.20590968 1.62560000
v 10.70219682 188.22726920 1.62560000
v 10.64260000 188.25665909 1.62560000
v 10.58734919 188.29357650 1.62560000
v 10.53738976 188.33738976 1.62560000
v 10.49357650 188.38734919 1.62560000
v 10.45665909 188.44260000 1.62560000
v 10.42726920 188.50219682 1.62560000
v 10.40590968 188.56511993 1.62560000
v 10.39294601 188.63029269 1.62560000
v 2.31140000 188.69660000 1.62560000
v 2.30705399 188.63029269 1.62560000
v 2.29409032 188.56511993 1.62560000
v 2.27273080 188.50219682 1.62560000
v 2.24334091 188.44260000 1.62560000
v 2.20642350 188.38734919 1.62560000
v 2.16261024 188.33738976 1.62560000
v 2.11265081 188.29357650 1.62560000
v 2.05740000 188.25665909 1.62560000
v 1.99780318 188.22726920 1.62560000
v 1.93488007 188.20590968 1.62560000
v 1.86970731 188.19294601 1.62560000
v 1.80340000 188.18860000 1.62560000
v 2.31140000 192.30340000 1.62560000
v 1.80340000 192.81140000 1.62560000
v 1.86970731 192.80705399 1.62560000
v 1.93488007 192.79409032 1.62560000
v 1.99780318 192.77273080 1.62560000
v 2.05740000 192.74334091 1.62560000
v 2.11265081 192.70642350 1.62560000
v 2.16261024 192.66261024 1.62560000
v 2.20642350 192.61265081 1.62560000
v 2.24334091 192.55740000 1.62560000
v 2.27273080 192.49780318 1.62560000
v 2.29409032 192.43488007 1.62560000
v 2.30705399 192.36970731 1.62560000
v -1.80340000 192.81140000 1.62560000
v -2.31140000 192.30340000 1.62560000
v -2.30705399 192.36970731 1.62560000
v -2.29409032 192.43488007 1.62560000
v -2.27273080 192.49780318 1.62560000
v -2.24334091 192.55740000 1.62560000
v -2.20642350 192.61265081 1.62560000
v -2.16261024 192.66261024 1.62560000
v -2.11265081 192.70642350 1.62560000
v -2.05740000 192.74334091 1.62560000
v -1.99780318 192.77273080 1.62560000
v -1.93488007 192.79409032 1.62560000
v -1.86970731 192.80705399 1.62560000
v -2.31140000 188.69660000 1.62560000
v -1.80340000 188.18860000 1.62560000
v -1.86970731 188.19294601 1.62560000
v -1.93488007 188.20590968 1.62560000
v -1.99780318 188.22726920 1.62560000
v -2.05740000 188.25665909 1.62560000
v -2.11265081 188.29357650 1.62560000
v -2.16261024 188.33738976 1.62560000
v -2.20642350 188.38734919 1.62560000
v -2.24334091 188.44260000 1.62560000
v -2.27273080 188.50219682 1.62560000
v -2.29409032 188.56511993 1.62560000
v -2.30705399 188.63029269 1.62560000
v 15.01140000 201.39660000 1.62560000
v 15.00705399 201.33029269 1.62560000
v 14.99409032 201.26511993 1.62560000
v 14.97273080 201.20219682 1.62560000
v 14.94334091 201.14260000 1.62560000
v 14.90642350 201.08734919 1.62560000
v 14.86261024 201.03738976 1.62560000
v 14.81265081 200.99357650 1.62560000
v 14.75740000 200.95665909 1.62560000
v 14.69780318 200.92726920 1.62560000
v 14.63488007 200.90590968 1.62560000
v 14.56970731 200.89294601 1.62560000
v 14.50340000 200.88860000 1.62560000
v 15.01140000 205.00340000 1.62560000
v 14.50340000 205.51140000 1.62560000
v 14.56970731 205.50705399 1.62560000
v 14.63488007 205.49409032 1.62560000
v 14.69780318 205.47273080 1.62560000
v 14.75740000 205.44334091 1.62560000
v 14.81265081 205.40642350 1.62560000
v 14.86261024 205.36261024 1.62560000
v 14.90642350 205.31265081 1.62560000
v 14.94334091 205.25740000 1.62560000
v 14.97273080 205.19780318 1.62560000
v 14.99409032 205.13488007 1.62560000
v 15.00705399 205.06970731 1.62560000
v 10.89660000 205.51140000 1.62560000
v 10.38860000 205.00340000 1.62560000
v 10.39294601 205.06970731 1.62560000
v 10.40590968 205.13488007 1.62560000
v 10.42726920 205.19780318 1.62560000
v 10.45665909 205.25740000 1.62560000
v 10.49357650 205.31265081 1.62560000
v 10.53738976 205.36261024 1.62560000
v 10.58734919 205.40642350 1.62560000
v 10.64260000 205.44334091 1.62560000
v 10.70219682 205.47273080 1.62560000
v 10.76511993 205.49409032 1.62560000
v 10.83029269 205.50705399 1.62560000
v 10.38860000 201.39660000 1.62560000
v 10.89660000 200.88860000 1.62560000
v 10.83029269 200.89294601 1.62560000
v 10.76511993 200.90590968 1.62560000
v 10.70219682 200.92726920 1.62560000
v 10.64260000 200.95665909 1.62560000
v 10.58734919 200.99357650 1.62560000
v 10.53738976 201.03738976 1.62560000
v 10.49357650 201.08734919 1.62560000
v 10.45665909 201.14260000 1.62560000
v 10.42726920 201.20219682 1.62560000
v 10.40590968 201.26511993 1.62560000
v 10.39294601 201.33029269 1.62560000
v 2.31140000 201.39660000 1.62560000
v 2.30705399 201.33029269 1.62560000
v 2.29409032 201.26511993 1.62560000
v 2.27273080 201.20219682 1.62560000
v 2.24334091 201.14260000 1.62560000
v 2.20642350 201.08734919 1.62560000
v 2.16261024 201.03738976 1.62560000
v 2.11265081 200.99357650 1.62560000
v 2.05740000 200.95665909 1.62560000
v 1.99780318 200.92726920 1.62560000
v 1.93488007 200.90590968 1.62560000
v 1.86970731 200.89294601 1.62560000
v 1.80340000 200.88860000 1.62560000
v 2.31140000 205.00340000 1.62560000
v 1.80340000 205.51140000 1.62560000
v 1.86970731 205.50705399 1.62560000
v 1.93488007 205.49409032 1.62560000
v 1.99780318 205.47273080 1.62560000
v 2.05740000 205.44334091 1.62560000
v 2.11265081 205.40642350 1.62560000
v 2.16261024 205.36261024 1.62560000
v 2.20642350 205.31265081 1.62560000
v 2.24334091 205.25740000 1.62560000
v 2.27273080 205.19780318 1.62560000
v 2.29409032 205.13488007 1.62560000
v 2.30705399 205.06970731 1.62560000
v -1.80340000 205.51140000 1.62560000
v -2.31140000 205.00340000 1.62560000
v -2.30705399 205.06970731 1.62560000
v -2.29409032 205.13488007 1.62560000
v -2.27273080 205.19780318 1.62560000
v -2.24334091 205.25740000 1.62560000
v -2.20642350 205.31265081 1.62560000
v -2.16261024 205.36261024 1.62560000
v -2.11265081 205.40642350 1.62560000
v -2.05740000 205.44334091 1.62560000
v -1.99780318 205.47273080 1.62560000
v -1.93488007 205.49409032 1.62560000
v -1.86970731 205.50705399 1.62560000
v -2.31140000 201.39660000 1.62560000
v -1.80340000 200.88860000 1.62560000
v -1.86970731 200.89294601 1.62560000
v -1.93488007 200.90590968 1.62560000
v -1.99780318 200.92726920 1.62560000
v -2.05740000 200.95665909 1.62560000
v -2.11265081 200.99357650 1.62560000
v -2.16261024 201.03738976 1.62560000
v -2.20642350 201.08734919 1.62560000
v -2.24334091 201.14260000 1.62560000
v -2.27273080 201.20219682 1.62560000
v -2.29409032 201.26511993 1.62560000
v -2.30705399 201.33029269 1.62560000
v 17.88160000 55.12301495 -0.00000000
v 17.88160000 31.75000000 0.00000000
v 8.66140000 31.75000000 -0.00000000
v 8.66140000 33.55340000 -0.00000000
v 8.65705399 33.61970731 -0.00000000
v 8.64409032 33.68488007 -0.00000000
v 8.62273080 33.74780318 -0.00000000
v 8.59334091 33.80740000 -0.00000000
v 8.55642350 33.86265081 -0.00000000
v 8.51261024 33.91261024 -0.00000000
v 8.46265081 33.95642350 -0.00000000
v 8.40740000 33.99334091 -0.00000000
v 8.34780318 34.02273080 -0.00000000
v 8.28488007 34.04409032 -0.00000000
v 8.21970731 34.05705399 -0.00000000
v 8.15340000 34.06140000 -0.00000000
v 4.54660000 34.06140000 -0.00000000
v 4.48029269 34.05705399 -0.00000000
v 4.41511993 34.04409032 -0.00000000
v 4.35219682 34.02273080 -0.00000000
v 4.29260000 33.99334091 -0.00000000
v 4.23734919 33.95642350 -0.00000000
v 4.18738976 33.91261024 -0.00000000
v 4.14357650 33.86265081 -0.00000000
v 4.10665909 33.80740000 -0.00000000
v 4.07726920 33.74780318 -0.00000000
v 4.05590968 33.68488007 -0.00000000
v 4.04294601 33.61970731 -0.00000000
v 4.03860000 33.55340000 -0.00000000
v 4.03860000 31.75000000 0.00000000
v -5.08000000 31.75000000 0.00000000
v -5.08000000 -6.35000000 -0.00000000
v -5.10540000 -6.35000000 -0.00000000
v -5.10540000 56.34921492 -0.00000000
v -4.36791385 57.15000000 -0.00000000
v -5.10540000 57.95078508 -0.00000000
v -5.10540000 119.84921492 -0.00000000
v -4.36791385 120.65000000 -0.00000000
v -5.10540000 121.45078508 -0.00000000
v -5.10540000 183.34921492 -0.00000000
v -4.36791385 184.15000000 -0.00000000
v -5.10540000 184.95078508 -0.00000000
v -5.10540000 246.84921492 -0.00000000
v -4.36791385 247.65000000 0.00000000
v -4.36791385 209.55000000 0.00000000
v 4.03860000 209.55000000 -0.00000000
v 4.03860000 207.74660000 -0.00000000
v 4.04294601 207.68029269 -0.00000000
v 4.05590968 207.61511993 -0.00000000
v 4.07726920 207.55219682 -0.00000000
v 4.10665909 207.49260000 -0.00000000
v 4.14357650 207.43734919 -0.00000000
v 4.18738976 207.38738976 -0.00000000
v 4.23734919 207.34357650 -0.00000000
v 4.29260000 207.30665909 -0.00000000
v 4.35219682 207.27726920 -0.00000000
v 4.41511993 207.25590968 -0.00000000
v 4.48029269 207.24294601 -0.00000000
v 4.54660000 207.23860000 -0.00000000
v 8.15340000 207.23860000 -0.00000000
v 8.21970731 207.24294601 -0.00000000
v 8.28488007 207.25590968 -0.00000000
v 8.34780318 207.27726920 -0.00000000
v 8.40740000 207.30665909 -0.00000000
v 8.46265081 207.34357650 -0.00000000
v 8.51261024 207.38738976 -0.00000000
v 8.55642350 207.43734919 -0.00000000
v 8.59334091 207.49260000 -0.00000000
v 8.62273080 207.55219682 -0.00000000
v 8.64409032 207.61511993 -0.00000000
v 8.65705399 207.68029269 -0.00000000
v 8.66140000 207.74660000 -0.00000000
v 8.66140000 209.55000000 0.00000000
v 17.88160000 209.55000000 -0.00000000
v 17.88160000 186.17698505 -0.00000000
v 15.85461495 184.15000000 -0.00000000
v 17.88160000 182.12301495 -0.00000000
v 17.88160000 122.67698505 -0.00000000
v 15.85461495 120.65000000 -0.00000000
v 17.88160000 118.62301495 -0.00000000
v 17.88160000 59.17698505 -0.00000000
v 15.85461495 57.15000000 -0.00000000
v 4.54660000 46.76140000 -0.00000000
v 8.15340000 46.76140000 -0.00000000
v 4.48029269 46.75705399 -0.00000000
v 4.41511993 46.74409032 -0.00000000
v 4.35219682 46.72273080 -0.00000000
v 4.29260000 46.69334091 -0.00000000
v 4.23734919 46.65642350 -0.00000000
v 4.18738976 46.61261024 -0.00000000
v 4.14357650 46.56265081 -0.00000000
v 4.10665909 46.50740000 -0.00000000
v 4.07726920 46.44780318 -0.00000000
v 4.05590968 46.38488007 -0.00000000
v 4.04294601 46.31970731 -0.00000000
v 4.03860000 46.25340000 -0.00000000
v 4.03860000 42.64660000 -0.00000000
v 4.04294601 42.58029269 -0.00000000
v 4.05590968 42.51511993 -0.00000000
v 4.07726920 42.45219682 -0.00000000
v 4.10665909 42.39260000 -0.00000000
v 4.14357650 42.33734919 -0.00000000
v 4.18738976 42.28738976 -0.00000000
v 4.23734919 42.24357650 -0.00000000
v 4.29260000 42.20665909 -0.00000000
v 4.35219682 42.17726920 -0.00000000
v 4.41511993 42.15590968 -0.00000000
v 4.48029269 42.14294601 -0.00000000
v 4.54660000 42.13860000 -0.00000000
v 8.15340000 42.13860000 -0.00000000
v 8.21970731 42.14294601 -0.00000000
v 8.28488007 42.15590968 -0.00000000
v 8.34780318 42.17726920 -0.00000000
v 8.40740000 42.20665909 -0.00000000
v 8.46265081 42.24357650 -0.00000000
v 8.51261024 42.28738976 -0.00000000
v 8.55642350 42.33734919 -0.00000000
v 8.59334091 42.39260000 -0.00000000
v 8.62273080 42.45219682 -0.00000000
v 8.64409032 42.51511993 -0.00000000
v 8.65705399 42.58029269 -0.00000000
v 8.66140000 42.64660000 -0.00000000
v 8.66140000 46.25340000 -0.00000000
v 8.65705399 46.31970731 -0.00000000
v 8.64409032 46.38488007 -0.00000000
v 8.62273080 46.44780318 -0.00000000
v 8.59334091 46.50740000 -0.00000000
v 8.55642350 46.56265081 -0.00000000
v 8.51261024 46.61261024 -0.00000000
v 8.46265081 46.65642350 -0.00000000
v 8.40740000 46.69334091 -0.00000000
v 8.34780318 46.72273080 -0.00000000
v 8.28488007 46.74409032 -0.00000000
v 8.21970731 46.75705399 -0.00000000
v 4.54660000 59.46140000 -0.00000000
v 8.15340000 59.46140000 -0.00000000
v 4.48029269 59.45705399 -0.00000000
v 4.41511993 59.44409032 -0.00000000
v 4.35219682 59.42273080 -0.00000000
v 4.29260000 59.39334091 -0.00000000
v 4.23734919 59.35642350 -0.00000000
v 4.18738976 59.31261024 -0.00000000
v 4.14357650 59.26265081 -0.00000000
v 4.10665909 59.20740000 -0.00000000
v 4.07726920 59.14780318 -0.00000000
v 4.05590968 59.08488007 -0.00000000
v 4.04294601 59.01970731 -0.00000000
v 4.03860000 58.95340000 -0.00000000
v 4.03860000 55.34660000 -0.00000000
v 4.04294601 55.28029269 -0.00000000
v 4.05590968 55.21511993 -0.00000000
v 4.07726920 55.15219682 -0.00000000
v 4.10665909 55.09260000 -0.00000000
v 4.14357650 55.03734919 -0.00000000
v 4.18738976 54.98738976 -0.00000000
v 4.23734919 54.94357650 -0.00000000
v 4.29260000 54.90665909 -0.00000000
v 4.35219682 54.87726920 -0.00000000
v 4.41511993 54.85590968 -0.00000000
v 4.48029269 54.84294601 -0.00000000
v 4.54660000 54.83860000 -0.00000000
v 8.15340000 54.83860000 -0.00000000
v 8.21970731 54.84294601 -0.00000000
v 8.28488007 54.85590968 -0.00000000
v 8.34780318 54.87726920 -0.00000000
v 8.40740000 54.90665909 -0.00000000
v 8.46265081 54.94357650 -0.00000000
v 8.51261024 54.98738976 -0.00000000
v 8.55642350 55.03734919 -0.00000000
v 8.59334091 55.09260000 -0.00000000
v 8.62273080 55.15219682 -0.00000000
v 8.64409032 55.21511993 -0.00000000
v 8.65705399 55.28029269 -0.00000000
v 8.66140000 55.34660000 -0.00000000
v 8.66140000 58.95340000 -0.00000000
v 8.65705399 59.01970731 -0.00000000
v 8.64409032 59.08488007 -0.00000000
v 8.62273080 59.14780318 -0.00000000
v 8.59334091 59.20740000 -0.00000000
v 8.55642350 59.26265081 -0.00000000
v 8.51261024 59.31261024 -0.00000000
v 8.46265081 59.35642350 -0.00000000
v 8.40740000 59.39334091 -0.00000000
v 8.34780318 59.42273080 -0.00000000
v 8.28488007 59.44409032 -0.00000000
v 8.21970731 59.45705399 -0.00000000
v 4.54660000 72.16140000 -0.00000000
v 8.15340000 72.16140000 -0.00000000
v 4.48029269 72.15705399 -0.00000000
v 4.41511993 72.14409032 -0.00000000
v 4.35219682 72.12273080 -0.00000000
v 4.29260000 72.09334091 -0.00000000
v 4.23734919 72.05642350 -0.00000000
v 4.18738976 72.01261024 -0.00000000
v 4.14357650 71.96265081 -0.00000000
v 4.10665909 71.90740000 -0.00000000
v 4.07726920 71.84780318 -0.00000000
v 4.05590968 71.78488007 -0.00000000
v 4.04294601 71.71970731 -0.00000000
v 4.03860000 71.65340000 -0.00000000
v 4.03860000 68.04660000 -0.00000000
v 4.04294601 67.98029269 -0.00000000
v 4.05590968 67.91511993 -0.00000000
v 4.07726920 67.85219682 -0.00000000
v 4.10665909 67.79260000 -0.00000000
v 4.14357650 67.73734919 -0.00000000
v 4.18738976 67.68738976 -0.00000000
v 4.23734919 67.64357650 -0.00000000
v 4.29260000 67.60665909 -0.00000000
v 4.35219682 67.57726920 -0.00000000
v 4.41511993 67.55590968 -0.00000000
v 4.48029269 67.54294601 -0.00000000
v 4.54660000 67.53860000 -0.00000000
v 8.15340000 67.53860000 -0.00000000
v 8.21970731 67.54294601 -0.00000000
v 8.28488007 67.55590968 -0.00000000
v 8.34780318 67.57726920 -0.00000000
v 8.40740000 67.60665909 -0.00000000
v 8.46265081 67.64357650 -0.00000000
v 8.51261024 67.68738976 -0.00000000
v 8.55642350 67.73734919 -0.00000000
v 8.59334091 67.79260000 -0.00000000
v 8.62273080 67.85219682 -0.00000000
v 8.64409032 67.91511993 -0.00000000
v 8.65705399 67.98029269 -0.00000000
v 8.66140000 68.04660000 -0.00000000
v 8.66140000 71.65340000 -0.00000000
v 8.65705399 71.71970731 -0.00000000
v 8.64409032 71.78488007 -0.00000000
v 8.62273080 71.84780318 -0.00000000
v 8.59334091 71.90740000 -0.00000000
v 8.55642350 71.96265081 -0.00000000
v 8.51261024 72.01261024 -0.00000000
v 8.46265081 72.05642350 -0.00000000
v 8.40740000 72.09334091 -0.00000000
v 8.34780318 72.12273080 -0.00000000
v 8.28488007 72.14409032 -0.00000000
v 8.21970731 72.15705399 -0.00000000
v 4.54660000 84.86140000 -0.00000000
v 8.15340000 84.86140000 -0.00000000
v 4.48029269 84.85705399 -0.00000000
v 4.41511993 84.84409032 -0.00000000
v 4.35219682 84.82273080 -0.00000000
v 4.29260000 84.79334091 -0.00000000
v 4.23734919 84.75642350 -0.00000000
v 4.18738976 84.71261024 -0.00000000
v 4.14357650 84.66265081 -0.00000000
v 4.10665909 84.60740000 -0.00000000
v 4.07726920 84.54780318 -0.00000000
v 4.05590968 84.48488007 -0.00000000
v 4.04294601 84.41970731 -0.00000000
v 4.03860000 84.35340000 -0.00000000
v 4.03860000 80.74660000 -0.00000000
v 4.04294601 80.68029269 -0.00000000
v 4.05590968 80.61511993 -0.00000000
v 4.07726920 80.55219682 -0.00000000
v 4.10665909 80.49260000 -0.00000000
v 4.14357650 80.43734919 -0.00000000
v 4.18738976 80.38738976 -0.00000000
v 4.23734919 80.34357650 -0.00000000
v 4.29260000 80.30665909 -0.00000000
v 4.35219682 80.27726920 -0.00000000
v 4.41511993 80.25590968 -0.00000000
v 4.48029269 80.24294601 -0.00000000
v 4.54660000 80.23860000 -0.00000000
v 8.15340000 80.23860000 -0.00000000
v 8.21970731 80.24294601 -0.00000000
v 8.28488007 80.25590968 -0.00000000
v 8.34780318 80.27726920 -0.00000000
v 8.40740000 80.30665909 -0.00000000
v 8.46265081 80.34357650 -0.00000000
v 8.51261024 80.38738976 -0.00000000
v 8.55642350 80.43734919 -0.00000000
v 8.59334091 80.49260000 -0.00000000
v 8.62273080 80.55219682 -0.00000000
v 8.64409032 80.61511993 -0.00000000
v 8.65705399 80.68029269 -0.00000000
v 8.66140000 80.74660000 -0.00000000
v 8.66140000 84.35340000 -0.00000000
v 8.65705399 84.41970731 -0.00000000
v 8.64409032 84.48488007 -0.00000000
v 8.62273080 84.54780318 -0.00000000
v 8.59334091 84.60740000 -0.00000000
v 8.55642350 84.66265081 -0.00000000
v 8.51261024 84.71261024 -0.00000000
v 8.46265081 84.75642350 -0.00000000
v 8.40740000 84.79334091 -0.00000000
v 8.34780318 84.82273080 -0.00000000
v 8.28488007 84.84409032 -0.00000000
v 8.21970731 84.85705399 -0.00000000
v 4.54660000 97.56140000 -0.00000000
v 8.15340000 97.56140000 -0.00000000
v 4.48029269 97.55705399 -0.00000000
v 4.41511993 97.54409032 -0.00000000
v 4.35219682 97.52273080 -0.00000000
v 4.29260000 97.49334091 -0.00000000
v 4.23734919 97.45642350 -0.00000000
v 4.18738976 97.41261024 -0.00000000
v 4.14357650 97.36265081 -0.00000000
v 4.10665909 97.30740000 -0.00000000
v 4.07726920 97.24780318 -0.00000000
v 4.05590968 97.18488007 -0.00000000
v 4.04294601 97.11970731 -0.00000000
v 4.03860000 97.05340000 -0.00000000
v 4.03860000 93.44660000 -0.00000000
v 4.04294601 93.38029269 -0.00000000
v 4.05590968 93.31511993 -0.00000000
v 4.07726920 93.25219682 -0.00000000
v 4.10665909 93.19260000 -0.00000000
v 4.14357650 93.13734919 -0.00000000
v 4.18738976 93.08738976 -0.00000000
v 4.23734919 93.04357650 -0.00000000
v 4.29260000 93.00665909 -0.00000000
v 4.35219682 92.97726920 -0.00000000
v 4.41511993 92.95590968 -0.00000000
v 4.48029269 92.94294601 -0.00000000
v 4.54660000 92.93860000 -0.00000000
v 8.15340000 92.93860000 -0.00000000
v 8.21970731 92.94294601 -0.00000000
v 8.28488007 92.95590968 -0.00000000
v 8.34780318 92.97726920 -0.00000000
v 8.40740000 93.00665909 -0.00000000
v 8.46265081 93.04357650 -0.00000000
v 8.51261024 93.08738976 -0.00000000
v 8.55642350 93.13734919 -0.00000000
v 8.59334091 93.19260000 -0.00000000
v 8.62273080 93.25219682 -0.00000000
v 8.64409032 93.31511993 -0.00000000
v 8.65705399 93.38029269 -0.00000000
v 8.66140000 93.44660000 -0.00000000
v 8.66140000 97.05340000 -0.00000000
v 8.65705399 97.11970731 -0.00000000
v 8.64409032 97.18488007 -0.00000000
v 8.62273080 97.24780318 -0.00000000
v 8.59334091 97.30740000 -0.00000000
v 8.55642350 97.36265081 -0.00000000
v 8.51261024 97.41261024 -0.00000000
v 8.46265081 97.45642350 -0.00000000
v 8.40740000 97.49334091 -0.00000000
v 8.34780318 97.52273080 -0.00000000
v 8.28488007 97.54409032 -0.00000000
v 8.21970731 97.55705399 -0.00000000
v 4.54660000 110.26140000 -0.00000000
v 8.15340000 110.26140000 -0.00000000
v 4.48029269 110.25705399 -0.00000000
v 4.41511993 110.24409032 -0.00000000
v 4.35219682 110.22273080 -0.00000000
v 4.29260000 110.19334091 -0.00000000
v 4.23734919 110.15642350 -0.00000000
v 4.18738976 110.11261024 -0.00000000
v 4.14357650 110.06265081 -0.00000000
v 4.10665909 110.00740000 -0.00000000
v 4.07726920 109.94780318 -0.00000000
v 4.05590968 109.88488007 -0.00000000
v 4.04294601 109.81970731 -0.00000000
v 4.03860000 109.75340000 -0.00000000
v 4.03860000 106.14660000 -0.00000000
v 4.04294601 106.08029269 -0.00000000
v 4.05590968 106.01511993 -0.00000000
v 4.07726920 105.95219682 -0.00000000
v 4.10665909 105.89260000 -0.00000000
v 4.14357650 105.83734919 -0.00000000
v 4.18738976 105.78738976 -0.00000000
v 4.23734919 105.74357650 -0.00000000
v 4.29260000 105.70665909 -0.00000000
v 4.35219682 105.67726920 -0.00000000
v 4.41511993 105.65590968 -0.00000000
v 4.48029269 105.64294601 -0.00000000
v 4.54660000 105.63860000 -0.00000000
v 8.15340000 105.63860000 -0.00000000
v 8.21970731 105.64294601 -0.00000000
v 8.28488007 105.65590968 -0.00000000
v 8.34780318 105.67726920 -0.00000000
v 8.40740000 105.70665909 -0.00000000
v 8.46265081 105.74357650 -0.00000000
v 8.51261024 105.78738976 -0.00000000
v 8.55642350 105.83734919 -0.00000000
v 8.59334091 105.89260000 -0.00000000
v 8.62273080 105.95219682 -0.00000000
v 8.64409032 106.01511993 -0.00000000
v 8.65705399 106.08029269 -0.00000000
v 8.66140000 106.14660000 -0.00000000
v 8.66140000 109.75340000 -0.00000000
v 8.65705399 109.81970731 -0.00000000
v 8.64409032 109.88488007 -0.00000000
v 8.62273080 109.94780318 -0.00000000
v 8.59334091 110.00740000 -0.00000000
v 8.55642350 110.06265081 -0.00000000
v 8.51261024 110.11261024 -0.00000000
v 8.46265081 110.15642350 -0.00000000
v 8.40740000 110.19334091 -0.00000000
v 8.34780318 110.22273080 -0.00000000
v 8.28488007 110.24409032 -0.00000000
v 8.21970731 110.25705399 -0.00000000
v 4.54660000 122.96140000 -0.00000000
v 8.15340000 122.96140000 -0.00000000
v 4.48029269 122.95705399 -0.00000000
v 4.41511993 122.94409032 -0.00000000
v 4.35219682 122.92273080 -0.00000000
v 4.29260000 122.89334091 -0.00000000
v 4.23734919 122.85642350 -0.00000000
v 4.18738976 122.81261024 -0.00000000
v 4.14357650 122.76265081 -0.00000000
v 4.10665909 122.70740000 -0.00000000
v 4.07726920 122.64780318 -0.00000000
v 4.05590968 122.58488007 -0.00000000
v 4.04294601 122.51970731 -0.00000000
v 4.03860000 122.45340000 -0.00000000
v 4.03860000 118.84660000 -0.00000000
v 4.04294601 118.78029269 -0.00000000
v 4.05590968 118.71511993 -0.00000000
v 4.07726920 118.65219682 -0.00000000
v 4.10665909 118.59260000 -0.00000000
v 4.14357650 118.53734919 -0.00000000
v 4.18738976 118.48738976 -0.00000000
v 4.23734919 118.44357650 -0.00000000
v 4.29260000 118.40665909 -0.00000000
v 4.35219682 118.37726920 -0.00000000
v 4.41511993 118.35590968 -0.00000000
v 4.48029269 118.34294601 -0.00000000
v 4.54660000 118.33860000 -0.00000000
v 8.15340000 118.33860000 -0.00000000
v 8.21970731 118.34294601 -0.00000000
v 8.28488007 118.35590968 -0.00000000
v 8.34780318 118.37726920 -0.00000000
v 8.40740000 118.40665909 -0.00000000
v 8.46265081 118.44357650 -0.00000000
v 8.51261024 118.48738976 -0.00000000
v 8.55642350 118.53734919 -0.00000000
v 8.59334091 118.59260000 -0.00000000
v 8.62273080 118.65219682 -0.00000000
v 8.64409032 118.71511993 -0.00000000
v 8.65705399 118.78029269 -0.00000000
v 8.66140000 118.84660000 -0.00000000
v 8.66140000 122.45340000 -0.00000000
v 8.65705399 122.51970731 -0.00000000
v 8.64409032 122.58488007 -0.00000000
v 8.62273080 122.64780318 -0.00000000
v 8.59334091 122.70740000 -0.00000000
v 8.55642350 122.76265081 -0.00000000
v 8.51261024 122.81261024 -0.00000000
v 8.46265081 122.85642350 -0.00000000
v 8.40740000 122.89334091 -0.00000000
v 8.34780318 122.92273080 -0.00000000
v 8.28488007 122.94409032 -0.00000000
v 8.21970731 122.95705399 -0.00000000
v 4.54660000 135.66140000 -0.00000000
v 8.15340000 135.66140000 -0.00000000
v 4.48029269 135.65705399 -0.00000000
v 4.41511993 135.64409032 -0.00000000
v 4.35219682 135.62273080 -0.00000000
v 4.29260000 135.59334091 -0.00000000
v 4.23734919 135.55642350 -0.00000000
v 4.18738976 135.51261024 -0.00000000
v 4.14357650 135.46265081 -0.00000000
v 4.10665909 135.40740000 -0.00000000
v 4.07726920 135.34780318 -0.00000000
v 4.05590968 135.28488007 -0.00000000
v 4.04294601 135.21970731 -0.00000000
v 4.03860000 135.15340000 -0.00000000
v 4.03860000 131.54660000 -0.00000000
v 4.04294601 131.48029269 -0.00000000
v 4.05590968 131.41511993 -0.00000000
v 4.07726920 131.35219682 -0.00000000
v 4.10665909 131.29260000 -0.00000000
v 4.14357650 131.23734919 -0.00000000
v 4.18738976 131.18738976 -0.00000000
v 4.23734919 131.14357650 -0.00000000
v 4.29260000 131.10665909 -0.00000000
v 4.35219682 131.07726920 -0.00000000
v 4.41511993 131.05590968 -0.00000000
v 4.48029269 131.04294601 -0.00000000
v 4.54660000 131.03860000 -0.00000000
v 8.15340000 131.03860000 -0.00000000
v 8.21970731 131.04294601 -0.00000000
v 8.28488007 131.05590968 -0.00000000
v 8.34780318 131.07726920 -0.00000000
v 8.40740000 131.10665909 -0.00000000
v 8.46265081 131.14357650 -0.00000000
v 8.51261024 131.18738976 -0.00000000
v 8.55642350 131.23734919 -0.00000000
v 8.59334091 131.29260000 -0.00000000
v 8.62273080 131.35219682 -0.00000000
v 8.64409032 131.41511993 -0.00000000
v 8.65705399 131.48029269 -0.00000000
v 8.66140000 131.54660000 -0.00000000
v 8.66140000 135.15340000 -0.00000000
v 8.65705399 135.21970731 -0.00000000
v 8.64409032 135.28488007 -0.00000000
v 8.62273080 135.34780318 -0.00000000
v 8.59334091 135.40740000 -0.00000000
v 8.55642350 135.46265081 -0.00000000
v 8.51261024 135.51261024 -0.00000000
v 8.46265081 135.55642350 -0.00000000
v 8.40740000 135.59334091 -0.00000000
v 8.34780318 135.62273080 -0.00000000
v 8.28488007 135.64409032 -0.00000000
v 8.21970731 135.65705399 -0.00000000
v 4.54660000 148.36140000 -0.00000000
v 8.15340000 148.36140000 -0.00000000
v 4.48029269 148.35705399 -0.00000000
v 4.41511993 148.34409032 -0.00000000
v 4.35219682 148.32273080 -0.00000000
v 4.29260000 148.29334091 -0.00000000
v 4.23734919 148.25642350 -0.00000000
v 4.18738976 148.21261024 -0.00000000
v 4.14357650 148.16265081 -0.00000000
v 4.10665909 148.10740000 -0.00000000
v 4.07726920 148.04780318 -0.00000000
v 4.05590968 147.98488007 -0.00000000
v 4.04294601 147.91970731 -0.00000000
v 4.03860000 147.85340000 -0.00000000
v 4.03860000 144.24660000 -0.00000000
v 4.04294601 144.18029269 -0.00000000
v 4.05590968 144.11511993 -0.00000000
v 4.07726920 144.05219682 -0.00000000
v 4.10665909 143.99260000 -0.00000000
v 4.14357650 143.93734919 -0.00000000
v 4.18738976 143.88738976 -0.00000000
v 4.23734919 143.84357650 -0.00000000
v 4.29260000 143.80665909 -0.00000000
v 4.35219682 143.77726920 -0.00000000
v 4.41511993 143.75590968 -0.00000000
v 4.48029269 143.74294601 -0.00000000
v 4.54660000 143.73860000 -0.00000000
v 8.15340000 143.73860000 -0.00000000
v 8.21970731 143.74294601 -0.00000000
v 8.28488007 143.75590968 -0.00000000
v 8.34780318 143.77726920 -0.00000000
v 8.40740000 143.80665909 -0.00000000
v 8.46265081 143.84357650 -0.00000000
v 8.51261024 143.88738976 -0.00000000
v 8.55642350 143.93734919 -0.00000000
v 8.59334091 143.99260000 -0.00000000
v 8.62273080 144.05219682 -0.00000000
v 8.64409032 144.11511993 -0.00000000
v 8.65705399 144.18029269 -0.00000000
v 8.66140000 144.24660000 -0.00000000
v 8.66140000 147.85340000 -0.00000000
v 8.65705399 147.91970731 -0.00000000
v 8.64409032 147.98488007 -0.00000000
v 8.62273080 148.04780318 -0.00000000
v 8.59334091 148.10740000 -0.00000000
v 8.55642350 148.16265081 -0.00000000
v 8.51261024 148.21261024 -0.00000000
v 8.46265081 148.25642350 -0.00000000
v 8.40740000 148.29334091 -0.00000000
v 8.34780318 148.32273080 -0.00000000
v 8.28488007 148.34409032 -0.00000000
v 8.21970731 148.35705399 -0.00000000
v 4.54660000 161.06140000 -0.00000000
v 8.15340000 161.06140000 -0.00000000
v 4.48029269 161.05705399 -0.00000000
v 4.41511993 161.04409032 -0.00000000
v 4.35219682 161.02273080 -0.00000000
v 4.29260000 160.99334091 -0.00000000
v 4.23734919 160.95642350 -0.00000000
v 4.18738976 160.91261024 -0.00000000
v 4.14357650 160.86265081 -0.00000000
v 4.10665909 160.80740000 -0.00000000
v 4.07726920 160.74780318 -0.00000000
v 4.05590968 160.68488007 -0.00000000
v 4.04294601 160.61970731 -0.00000000
v 4.03860000 160.55340000 -0.00000000
v 4.03860000 156.94660000 -0.00000000
v 4.04294601 156.88029269 -0.00000000
v 4.05590968 156.81511993 -0.00000000
v 4.07726920 156.75219682 -0.00000000
v 4.10665909 156.69260000 -0.00000000
v 4.14357650 156.63734919 -0.00000000
v 4.18738976 156.58738976 -0.00000000
v 4.23734919 156.54357650 -0.00000000
v 4.29260000 156.50665909 -0.00000000
v 4.35219682 156.47726920 -0.00000000
v 4.41511993 156.45590968 -0.00000000
v 4.48029269 156.44294601 -0.00000000
v 4.54660000 156.43860000 -0.00000000
v 8.15340000 156.43860000 -0.00000000
v 8.21970731 156.44294601 -0.00000000
v 8.28488007 156.45590968 -0.00000000
v 8.34780318 156.47726920 -0.00000000
v 8.40740000 156.50665909 -0.00000000
v 8.46265081 156.54357650 -0.00000000
v 8.51261024 156.58738976 -0.00000000
v 8.55642350 156.63734919 -0.00000000
v 8.59334091 156.69260000 -0.00000000
v 8.62273080 156.75219682 -0.00000000
v 8.64409032 156.81511993 -0.00000000
v 8.65705399 156.88029269 -0.00000000
v 8.66140000 156.94660000 -0.00000000
v 8.66140000 160.55340000 -0.00000000
v 8.65705399 160.61970731 -0.00000000
v 8.64409032 160.68488007 -0.00000000
v 8.62273080 160.74780318 -0.00000000
v 8.59334091 160.80740000 -0.00000000
v 8.55642350 160.86265081 -0.00000000
v 8.51261024 160.91261024 -0.00000000
v 8.46265081 160.95642350 -0.00000000
v 8.40740000 160.99334091 -0.00000000
v 8.34780318 161.02273080 -0.00000000
v 8.28488007 161.04409032 -0.00000000
v 8.21970731 161.05705399 -0.00000000
v 4.54660000 173.76140000 -0.00000000
v 8.15340000 173.76140000 -0.00000000
v 4.48029269 173.75705399 -0.00000000
v 4.41511993 173.74409032 -0.00000000
v 4.35219682 173.72273080 -0.00000000
v 4.29260000 173.69334091 -0.00000000
v 4.23734919 173.65642350 -0.00000000
v 4.18738976 173.61261024 -0.00000000
v 4.14357650 173.56265081 -0.00000000
v 4.10665909 173.50740000 -0.00000000
v 4.07726920 173.44780318 -0.00000000
v 4.05590968 173.38488007 -0.00000000
v 4.04294601 173.31970731 -0.00000000
v 4.03860000 173.25340000 -0.00000000
v 4.03860000 169.64660000 -0.00000000
v 4.04294601 169.58029269 -0.00000000
v 4.05590968 169.51511993 -0.00000000
v 4.07726920 169.45219682 -0.00000000
v 4.10665909 169.39260000 -0.00000000
v 4.14357650 169.33734919 -0.00000000
v 4.18738976 169.28738976 -0.00000000
v 4.23734919 169.24357650 -0.00000000
v 4.29260000 169.20665909 -0.00000000
v 4.35219682 169.17726920 -0.00000000
v 4.41511993 169.15590968 -0.00000000
v 4.48029269 169.14294601 -0.00000000
v 4.54660000 169.13860000 -0.00000000
v 8.15340000 169.13860000 -0.00000000
v 8.21970731 169.14294601 -0.00000000
v 8.28488007 169.15590968 -0.00000000
v 8.34780318 169.17726920 -0.00000000
v 8.40740000 169.20665909 -0.00000000
v 8.46265081 169.24357650 -0.00000000
v 8.51261024 169.28738976 -0.00000000
v 8.55642350 169.33734919 -0.00000000
v 8.59334091 169.39260000 -0.00000000
v 8.62273080 169.45219682 -0.00000000
v 8.64409032 169.51511993 -0.00000000
v 8.65705399 169.58029269 -0.00000000
v 8.66140000 169.64660000 -0.00000000
v 8.66140000 173.25340000 -0.00000000
v 8.65705399 173.31970731 -0.00000000
v 8.64409032 173.38488007 -0.00000000
v 8.62273080 173.44780318 -0.00000000
v 8.59334091 173.50740000 -0.00000000
v 8.55642350 173.56265081 -0.00000000
v 8.51261024 173.61261024 -0.00000000
v 8.46265081 173.65642350 -0.00000000
v 8.40740000 173.69334091 -0.00000000
v 8.34780318 173.72273080 -0.00000000
v 8.28488007 173.74409032 -0.00000000
v 8.21970731 173.75705399 -0.00000000
v 4.54660000 186.46140000 -0.00000000
v 8.15340000 186.46140000 -0.00000000
v 4.48029269 186.45705399 -0.00000000
v 4.41511993 186.44409032 -0.00000000
v 4.35219682 186.42273080 -0.00000000
v 4.29260000 186.39334091 -0.00000000
v 4.23734919 186.35642350 -0.00000000
v 4.18738976 186.31261024 -0.00000000
v 4.14357650 186.26265081 -0.00000000
v 4.10665909 186.20740000 -0.00000000
v 4.07726920 186.14780318 -0.00000000
v 4.05590968 186.08488007 -0.00000000
v 4.04294601 186.01970731 -0.00000000
v 4.03860000 185.95340000 -0.00000000
v 4.03860000 182.34660000 -0.00000000
v 4.04294601 182.28029269 -0.00000000
v 4.05590968 182.21511993 -0.00000000
v 4.07726920 182.15219682 -0.00000000
v 4.10665909 182.09260000 -0.00000000
v 4.14357650 182.03734919 -0.00000000
v 4.18738976 181.98738976 -0.00000000
v 4.23734919 181.94357650 -0.00000000
v 4.29260000 181.90665909 -0.00000000
v 4.35219682 181.87726920 -0.00000000
v 4.41511993 181.85590968 -0.00000000
v 4.48029269 181.84294601 -0.00000000
v 4.54660000 181.83860000 -0.00000000
v 8.15340000 181.83860000 -0.00000000
v 8.21970731 181.84294601 -0.00000000
v 8.28488007 181.85590968 -0.00000000
v 8.34780318 181.87726920 -0.00000000
v 8.40740000 181.90665909 -0.00000000
v 8.46265081 181.94357650 -0.00000000
v 8.51261024 181.98738976 -0.00000000
v 8.55642350 182.03734919 -0.00000000
v 8.59334091 182.09260000 -0.00000000
v 8.62273080 182.15219682 -0.00000000
v 8.64409032 182.21511993 -0.00000000
v 8.65705399 182.28029269 -0.00000000
v 8.66140000 182.34660000 -0.00000000
v 8.66140000 185.95340000 -0.00000000
v 8.65705399 186.01970731 -0.00000000
v 8.64409032 186.08488007 -0.00000000
v 8.62273080 186.14780318 -0.00000000
v 8.59334091 186.20740000 -0.00000000
v 8.55642350 186.26265081 -0.00000000
v 8.51261024 186.31261024 -0.00000000
v 8.46265081 186.35642350 -0.00000000
v 8.40740000 186.39334091 -0.00000000
v 8.34780318 186.42273080 -0.00000000
v 8.28488007 186.44409032 -0.00000000
v 8.21970731 186.45705399 -0.00000000
v 4.54660000 199.16140000 -0.00000000
v 8.15340000 199.16140000 -0.00000000
v 4.48029269 199.15705399 -0.00000000
v 4.41511993 199.14409032 -0.00000000
v 4.35219682 199.12273080 -0.00000000
v 4.29260000 199.09334091 -0.00000000
v 4.23734919 199.05642350 -0.00000000
v 4.18738976 199.01261024 -0.00000000
v 4.14357650 198.96265081 -0.00000000
v 4.10665909 198.90740000 -0.00000000
v 4.07726920 198.84780318 -0.00000000
v 4.05590968 198.78488007 -0.00000000
v 4.04294601 198.71970731 -0.00000000
v 4.03860000 198.65340000 -0.00000000
v 4.03860000 195.04660000 -0.00000000
v 4.04294601 194.98029269 -0.00000000
v 4.05590968 194.91511993 -0.00000000
v 4.07726920 194.85219682 -0.00000000
v 4.10665909 194.79260000 -0.00000000
v 4.14357650 194.73734919 -0.00000000
v 4.18738976 194.68738976 -0.00000000
v 4.23734919 194.64357650 -0.00000000
v 4.29260000 194.60665909 -0.00000000
v 4.35219682 194.57726920 -0.00000000
v 4.41511993 194.55590968 -0.00000000
v 4.48029269 194.54294601 -0.00000000
v 4.54660000 194.53860000 -0.00000000
v 8.15340000 194.53860000 -0.00000000
v 8.21970731 194.54294601 -0.00000000
v 8.28488007 194.55590968 -0.00000000
v 8.34780318 194.57726920 -0.00000000
v 8.40740000 194.60665909 -0.00000000
v 8.46265081 194.64357650 -0.00000000
v 8.51261024 194.68738976 -0.00000000
v 8.55642350 194.73734919 -0.00000000
v 8.59334091 194.79260000 -0.00000000
v 8.62273080 194.85219682 -0.00000000
v 8.64409032 194.91511993 -0.00000000
v 8.65705399 194.98029269 -0.00000000
v 8.66140000 195.04660000 -0.00000000
v 8.66140000 198.65340000 -0.00000000
v 8.65705399 198.71970731 -0.00000000
v 8.64409032 198.78488007 -0.00000000
v 8.62273080 198.84780318 -0.00000000
v 8.59334091 198.90740000 -0.00000000
v 8.55642350 198.96265081 -0.00000000
v 8.51261024 199.01261024 -0.00000000
v 8.46265081 199.05642350 -0.00000000
v 8.40740000 199.09334091 -0.00000000
v 8.34780318 199.12273080 -0.00000000
v 8.28488007 199.14409032 -0.00000000
v 8.21970731 199.15705399 -0.00000000
v 10.89660000 40.41140000 -0.00000000
v 14.50340000 40.41140000 -0.00000000
v 10.83029269 40.40705399 -0.00000000
v 10.76511993 40.39409032 -0.00000000
v 10.70219682 40.37273080 -0.00000000
v 10.64260000 40.34334091 -0.00000000
v 10.58734919 40.30642350 -0.00000000
v 10.53738976 40.26261024 -0.00000000
v 10.49357650 40.21265081 -0.00000000
v 10.45665909 40.15740000 -0.00000000
v 10.42726920 40.09780318 -0.00000000
v 10.40590968 40.03488007 -0.00000000
v 10.39294601 39.96970731 -0.00000000
v 10.38860000 39.90340000 -0.00000000
v 10.38860000 36.29660000 -0.00000000
v 10.39294601 36.23029269 -0.00000000
v 10.40590968 36.16511993 -0.00000000
v 10.42726920 36.10219682 -0.00000000
v 10.45665909 36.04260000 -0.00000000
v 10.49357650 35.98734919 -0.00000000
v 10.53738976 35.93738976 -0.00000000
v 10.58734919 35.89357650 -0.00000000
v 10.64260000 35.85665909 -0.00000000
v 10.70219682 35.82726920 -0.00000000
v 10.76511993 35.80590968 -0.00000000
v 10.83029269 35.79294601 -0.00000000
v 10.89660000 35.78860000 -0.00000000
v 14.50340000 35.78860000 -0.00000000
v 14.56970731 35.79294601 -0.00000000
v 14.63488007 35.80590968 -0.00000000
v 14.69780318 35.82726920 -0.00000000
v 14.75740000 35.85665909 -0.00000000
v 14.81265081 35.89357650 -0.00000000
v 14.86261024 35.93738976 -0.00000000
v 14.90642350 35.98734919 -0.00000000
v 14.94334091 36.04260000 -0.00000000
v 14.97273080 36.10219682 -0.00000000
v 14.99409032 36.16511993 -0.00000000
v 15.00705399 36.23029269 -0.00000000
v 15.01140000 36.29660000 -0.00000000
v 15.01140000 39.90340000 -0.00000000
v 15.00705399 39.96970731 -0.00000000
v 14.99409032 40.03488007 -0.00000000
v 14.97273080 40.09780318 -0.00000000
v 14.94334091 40.15740000 -0.00000000
v 14.90642350 40.21265081 -0.00000000
v 14.86261024 40.26261024 -0.00000000
v 14.81265081 40.30642350 -0.00000000
v 14.75740000 40.34334091 -0.00000000
v 14.69780318 40.37273080 -0.00000000
v 14.63488007 40.39409032 -0.00000000
v 14.56970731 40.40705399 -0.00000000
v -1.80340000 40.41140000 -0.00000000
v 1.80340000 40.41140000 -0.00000000
v -1.86970731 40.40705399 -0.00000000
v -1.93488007 40.39409032 -0.00000000
v -1.99780318 40.37273080 -0.00000000
v -2.05740000 40.34334091 -0.00000000
v -2.11265081 40.30642350 -0.00000000
v -2.16261024 40.26261024 -0.00000000
v -2.20642350 40.21265081 -0.00000000
v -2.24334091 40.15740000 -0.00000000
v -2.27273080 40.09780318 -0.00000000
v -2.29409032 40.03488007 -0.00000000
v -2.30705399 39.96970731 -0.00000000
v -2.31140000 39.90340000 -0.00000000
v -2.31140000 36.29660000 -0.00000000
v -2.30705399 36.23029269 -0.00000000
v -2.29409032 36.16511993 -0.00000000
v -2.27273080 36.10219682 -0.00000000
v -2.24334091 36.04260000 -0.00000000
v -2.20642350 35.98734919 -0.00000000
v -2.16261024 35.93738976 -0.00000000
v -2.11265081 35.89357650 -0.00000000
v -2.05740000 35.85665909 -0.00000000
v -1.99780318 35.82726920 -0.00000000
v -1.93488007 35.80590968 -0.00000000
v -1.86970731 35.79294601 -0.00000000
v -1.80340000 35.78860000 -0.00000000
v 1.80340000 35.78860000 -0.00000000
v 1.86970731 35.79294601 -0.00000000
v 1.93488007 35.80590968 -0.00000000
v 1.99780318 35.82726920 -0.00000000
v 2.05740000 35.85665909 -0.00000000
v 2.11265081 35.89357650 -0.00000000
v 2.16261024 35.93738976 -0.00000000
v 2.20642350 35.98734919 -0.00000000
v 2.24334091 36.04260000 -0.00000000
v 2.27273080 36.10219682 -0.00000000
v 2.29409032 36.16511993 -0.00000000
v 2.30705399 36.23029269 -0.00000000
v 2.31140000 36.29660000 -0.00000000
v 2.31140000 39.90340000 -0.00000000
v 2.30705399 39.96970731 -0.00000000
v 2.29409032 40.03488007 -0.00000000
v 2.27273080 40.09780318 -0.00000000
v 2.24334091 40.15740000 -0.00000000
v 2.20642350 40.21265081 -0.00000000
v 2.16261024 40.26261024 -0.00000000
v 2.11265081 40.30642350 -0.00000000
v 2.05740000 40.34334091 -0.00000000
v 1.99780318 40.37273080 -0.00000000
v 1.93488007 40.39409032 -0.00000000
v 1.86970731 40.40705399 -0.00000000
v 10.89660000 53.11140000 -0.00000000
v 14.50340000 53.11140000 -0.00000000
v 10.83029269 53.10705399 -0.00000000
v 10.76511993 53.09409032 -0.00000000
v 10.70219682 53.07273080 -0.00000000
v 10.64260000 53.04334091 -0.00000000
v 10.58734919 53.00642350 -0.00000000
v 10.53738976 52.96261024 -0.00000000
v 10.49357650 52.91265081 -0.00000000
v 10.45665909 52.85740000 -0.00000000
v 10.42726920 52.79780318 -0.00000000
v 10.40590968 52.73488007 -0.00000000
v 10.39294601 52.66970731 -0.00000000
v 10.38860000 52.60340000 -0.00000000
v 10.38860000 48.99660000 -0.00000000
v 10.39294601 48.93029269 -0.00000000
v 10.40590968 48.86511993 -0.00000000
v 10.42726920 48.80219682 -0.00000000
v 10.45665909 48.74260000 -0.00000000
v 10.49357650 48.68734919 -0.00000000
v 10.53738976 48.63738976 -0.00000000
v 10.58734919 48.59357650 -0.00000000
v 10.64260000 48.55665909 -0.00000000
v 10.70219682 48.52726920 -0.00000000
v 10.76511993 48.50590968 -0.00000000
v 10.83029269 48.49294601 -0.00000000
v 10.89660000 48.48860000 -0.00000000
v 14.50340000 48.48860000 -0.00000000
v 14.56970731 48.49294601 -0.00000000
v 14.63488007 48.50590968 -0.00000000
v 14.69780318 48.52726920 -0.00000000
v 14.75740000 48.55665909 -0.00000000
v 14.81265081 48.59357650 -0.00000000
v 14.86261024 48.63738976 -0.00000000
v 14.90642350 48.68734919 -0.00000000
v 14.94334091 48.74260000 -0.00000000
v 14.97273080 48.80219682 -0.00000000
v 14.99409032 48.86511993 -0.00000000
v 15.00705399 48.93029269 -0.00000000
v 15.01140000 48.99660000 -0.00000000
v 15.01140000 52.60340000 -0.00000000
v 15.00705399 52.66970731 -0.00000000
v 14.99409032 52.73488007 -0.00000000
v 14.97273080 52.79780318 -0.00000000
v 14.94334091 52.85740000 -0.00000000
v 14.90642350 52.91265081 -0.00000000
v 14.86261024 52.96261024 -0.00000000
v 14.81265081 53.00642350 -0.00000000
v 14.75740000 53.04334091 -0.00000000
v 14.69780318 53.07273080 -0.00000000
v 14.63488007 53.09409032 -0.00000000
v 14.56970731 53.10705399 -0.00000000
v -1.80340000 53.11140000 -0.00000000
v 1.80340000 53.11140000 -0.00000000
v -1.86970731 53.10705399 -0.00000000
v -1.93488007 53.09409032 -0.00000000
v -1.99780318 53.07273080 -0.00000000
v -2.05740000 53.04334091 -0.00000000
v -2.11265081 53.00642350 -0.00000000
v -2.16261024 52.96261024 -0.00000000
v -2.20642350 52.91265081 -0.00000000
v -2.24334091 52.85740000 -0.00000000
v -2.27273080 52.79780318 -0.00000000
v -2.29409032 52.73488007 -0.00000000
v -2.30705399 52.66970731 -0.00000000
v -2.31140000 52.60340000 -0.00000000
v -2.31140000 48.99660000 -0.00000000
v -2.30705399 48.93029269 -0.00000000
v -2.29409032 48.86511993 -0.00000000
v -2.27273080 48.80219682 -0.00000000
v -2.24334091 48.74260000 -0.00000000
v -2.20642350 48.68734919 -0.00000000
v -2.16261024 48.63738976 -0.00000000
v -2.11265081 48.59357650 -0.00000000
v -2.05740000 48.55665909 -0.00000000
v -1.99780318 48.52726920 -0.00000000
v -1.93488007 48.50590968 -0.00000000
v -1.86970731 48.49294601 -0.00000000
v -1.80340000 48.48860000 -0.00000000
v 1.80340000 48.48860000 -0.00000000
v 1.86970731 48.49294601 -0.00000000
v 1.93488007 48.50590968 -0.00000000
v 1.99780318 48.52726920 -0.00000000
v 2.05740000 48.55665909 -0.00000000
v 2.11265081 48.59357650 -0.00000000
v 2.16261024 48.63738976 -0.00000000
v 2.20642350 48.68734919 -0.00000000
v 2.24334091 48.74260000 -0.00000000
v 2.27273080 48.80219682 -0.00000000
v 2.29409032 48.86511993 -0.00000000
v 2.30705399 48.93029269 -0.00000000
v 2.31140000 48.99660000 -0.00000000
v 2.31140000 52.60340000 -0.00000000
v 2.30705399 52.66970731 -0.00000000
v 2.29409032 52.73488007 -0.00000000
v 2.27273080 52.79780318 -0.00000000
v 2.24334091 52.85740000 -0.00000000
v 2.20642350 52.91265081 -0.00000000
v 2.16261024 52.96261024 -0.00000000
v 2.11265081 53.00642350 -0.00000000
v 2.05740000 53.04334091 -0.00000000
v 1.99780318 53.07273080 -0.00000000
v 1.93488007 53.09409032 -0.00000000
v 1.86970731 53.10705399 -0.00000000
v 10.89660000 65.81140000 -0.00000000
v 14.50340000 65.81140000 -0.00000000
v 10.83029269 65.80705399 -0.00000000
v 10.76511993 65.79409032 -0.00000000
v 10.70219682 65.77273080 -0.00000000
v 10.64260000 65.74334091 -0.00000000
v 10.58734919 65.70642350 -0.00000000
v 10.53738976 65.66261024 -0.00000000
v 10.49357650 65.61265081 -0.00000000
v 10.45665909 65.55740000 -0.00000000
v 10.42726920 65.49780318 -0.00000000
v 10.40590968 65.43488007 -0.00000000
v 10.39294601 65.36970731 -0.00000000
v 10.38860000 65.30340000 -0.00000000
v 10.38860000 61.69660000 -0.00000000
v 10.39294601 61.63029269 -0.00000000
v 10.40590968 61.56511993 -0.00000000
v 10.42726920 61.50219682 -0.00000000
v 10.45665909 61.44260000 -0.00000000
v 10.49357650 61.38734919 -0.00000000
v 10.53738976 61.33738976 -0.00000000
v 10.58734919 61.29357650 -0.00000000
v 10.64260000 61.25665909 -0.00000000
v 10.70219682 61.22726920 -0.00000000
v 10.76511993 61.20590968 -0.00000000
v 10.83029269 61.19294601 -0.00000000
v 10.89660000 61.18860000 -0.00000000
v 14.50340000 61.18860000 -0.00000000
v 14.56970731 61.19294601 -0.00000000
v 14.63488007 61.20590968 -0.00000000
v 14.69780318 61.22726920 -0.00000000
v 14.75740000 61.25665909 -0.00000000
v 14.81265081 61.29357650 -0.00000000
v 14.86261024 61.33738976 -0.00000000
v 14.90642350 61.38734919 -0.00000000
v 14.94334091 61.44260000 -0.00000000
v 14.97273080 61.50219682 -0.00000000
v 14.99409032 61.56511993 -0.00000000
v 15.00705399 61.63029269 -0.00000000
v 15.01140000 61.69660000 -0.00000000
v 15.01140000 65.30340000 -0.00000000
v 15.00705399 65.36970731 -0.00000000
v 14.99409032 65.43488007 -0.00000000
v 14.97273080 65.49780318 -0.00000000
v 14.94334091 65.55740000 -0.00000000
v 14.90642350 65.61265081 -0.00000000
v 14.86261024 65.66261024 -0.00000000
v 14.81265081 65.70642350 -0.00000000
v 14.75740000 65.74334091 -0.00000000
v 14.69780318 65.77273080 -0.00000000
v 14.63488007 65.79409032 -0.00000000
v 14.56970731 65.80705399 -0.00000000
v -1.80340000 65.81140000 -0.00000000
v 1.80340000 65.81140000 -0.00000000
v -1.86970731 65.80705399 -0.00000000
v -1.93488007 65.79409032 -0.00000000
v -1.99780318 65.77273080 -0.00000000
v -2.05740000 65.74334091 -0.00000000
v -2.11265081 65.70642350 -0.00000000
v -2.16261024 65.66261024 -0.00000000
v -2.20642350 65.61265081 -0.00000000
v -2.24334091 65.55740000 -0.00000000
v -2.27273080 65.49780318 -0.00000000
v -2.29409032 65.43488007 -0.00000000
v -2.30705399 65.36970731 -0.00000000
v -2.31140000 65.30340000 -0.00000000
v -2.31140000 61.69660000 -0.00000000
v -2.30705399 61.63029269 -0.00000000
v -2.29409032 61.56511993 -0.00000000
v -2.27273080 61.50219682 -0.00000000
v -2.24334091 61.44260000 -0.00000000
v -2.20642350 61.38734919 -0.00000000
v -2.16261024 61.33738976 -0.00000000
v -2.11265081 61.29357650 -0.00000000
v -2.05740000 61.25665909 -0.00000000
v -1.99780318 61.22726920 -0.00000000
v -1.93488007 61.20590968 -0.00000000
v -1.86970731 61.19294601 -0.00000000
v -1.80340000 61.18860000 -0.00000000
v 1.80340000 61.18860000 -0.00000000
v 1.86970731 61.19294601 -0.00000000
v 1.93488007 61.20590968 -0.00000000
v 1.99780318 61.22726920 -0.00000000
v 2.05740000 61.25665909 -0.00000000
v 2.11265081 61.29357650 -0.00000000
v 2.16261024 61.33738976 -0.00000000
v 2.20642350 61.38734919 -0.00000000
v 2.24334091 61.44260000 -0.00000000
v 2.27273080 61.50219682 -0.00000000
v 2.29409032 61.56511993 -0.00000000
v 2.30705399 61.63029269 -0.00000000
v 2.31140000 61.69660000 -0.00000000
v 2.31140000 65.30340000 -0.00000000
v 2.30705399 65.36970731 -0.00000000
v 2.29409032 65.43488007 -0.00000000
v 2.27273080 65.49780318 -0.00000000
v 2.24334091 65.55740000 -0.00000000
v 2.20642350 65.61265081 -0.00000000
v 2.16261024 65.66261024 -0.00000000
v 2.11265081 65.70642350 -0.00000000
v 2.05740000 65.74334091 -0.00000000
v 1.99780318 65.77273080 -0.00000000
v 1.93488007 65.79409032 -0.00000000
v 1.86970731 65.80705399 -0.00000000
v 10.89660000 78.51140000 -0.00000000
v 14.50340000 78.51140000 -0.00000000
v 10.83029269 78.50705399 -0.00000000
v 10.76511993 78.49409032 -0.00000000
v 10.70219682 78.47273080 -0.00000000
v 10.64260000 78.44334091 -0.00000000
v 10.58734919 78.40642350 -0.00000000
v 10.53738976 78.36261024 -0.00000000
v 10.49357650 78.31265081 -0.00000000
v 10.45665909 78.25740000 -0.00000000
v 10.42726920 78.19780318 -0.00000000
v 10.40590968 78.13488007 -0.00000000
v 10.39294601 78.06970731 -0.00000000
v 10.38860000 78.00340000 -0.00000000
v 10.38860000 74.39660000 -0.00000000
v 10.39294601 74.33029269 -0.00000000
v 10.40590968 74.26511993 -0.00000000
v 10.42726920 74.20219682 -0.00000000
v 10.45665909 74.14260000 -0.00000000
v 10.49357650 74.08734919 -0.00000000
v 10.53738976 74.03738976 -0.00000000
v 10.58734919 73.99357650 -0.00000000
v 10.64260000 73.95665909 -0.00000000
v 10.70219682 73.92726920 -0.00000000
v 10.76511993 73.90590968 -0.00000000
v 10.83029269 73.89294601 -0.00000000
v 10.89660000 73.88860000 -0.00000000
v 14.50340000 73.88860000 -0.00000000
v 14.56970731 73.89294601 -0.00000000
v 14.63488007 73.90590968 -0.00000000
v 14.69780318 73.92726920 -0.00000000
v 14.75740000 73.95665909 -0.00000000
v 14.81265081 73.99357650 -0.00000000
v 14.86261024 74.03738976 -0.00000000
v 14.90642350 74.08734919 -0.00000000
v 14.94334091 74.14260000 -0.00000000
v 14.97273080 74.20219682 -0.00000000
v 14.99409032 74.26511993 -0.00000000
v 15.00705399 74.33029269 -0.00000000
v 15.01140000 74.39660000 -0.00000000
v 15.01140000 78.00340000 -0.00000000
v 15.00705399 78.06970731 -0.00000000
v 14.99409032 78.13488007 -0.00000000
v 14.97273080 78.19780318 -0.00000000
v 14.94334091 78.25740000 -0.00000000
v 14.90642350 78.31265081 -0.00000000
v 14.86261024 78.36261024 -0.00000000
v 14.81265081 78.40642350 -0.00000000
v 14.75740000 78.44334091 -0.00000000
v 14.69780318 78.47273080 -0.00000000
v 14.63488007 78.49409032 -0.00000000
v 14.56970731 78.50705399 -0.00000000
v -1.80340000 78.51140000 -0.00000000
v 1.80340000 78.51140000 -0.00000000
v -1.86970731 78.50705399 -0.00000000
v -1.93488007 78.49409032 -0.00000000
v -1.99780318 78.47273080 -0.00000000
v -2.05740000 78.44334091 -0.00000000
v -2.11265081 78.40642350 -0.00000000
v -2.16261024 78.36261024 -0.00000000
v -2.20642350 78.31265081 -0.00000000
v -2.24334091 78.25740000 -0.00000000
v -2.27273080 78.19780318 -0.00000000
v -2.29409032 78.13488007 -0.00000000
v -2.30705399 78.06970731 -0.00000000
v -2.31140000 78.00340000 -0.00000000
v -2.31140000 74.39660000 -0.00000000
v -2.30705399 74.33029269 -0.00000000
v -2.29409032 74.26511993 -0.00000000
v -2.27273080 74.20219682 -0.00000000
v -2.24334091 74.14260000 -0.00000000
v -2.20642350 74.08734919 -0.00000000
v -2.16261024 74.03738976 -0.00000000
v -2.11265081 73.99357650 -0.00000000
v -2.05740000 73.95665909 -0.00000000
v -1.99780318 73.92726920 -0.00000000
v -1.93488007 73.90590968 -0.00000000
v -1.86970731 73.89294601 -0.00000000
v -1.80340000 73.88860000 -0.00000000
v 1.80340000 73.88860000 -0.00000000
v 1.86970731 73.89294601 -0.00000000
v 1.93488007 73.90590968 -0.00000000
v 1.99780318 73.92726920 -0.00000000
v 2.05740000 73.95665909 -0.00000000
v 2.11265081 73.99357650 -0.00000000
v 2.16261024 74.03738976 -0.00000000
v 2.20642350 74.08734919 -0.00000000
v 2.24334091 74.14260000 -0.00000000
v 2.27273080 74.20219682 -0.00000000
v 2.29409032 74.26511993 -0.00000000
v 2.30705399 74.33029269 -0.00000000
v 2.31140000 74.39660000 -0.00000000
v 2.31140000 78.00340000 -0.00000000
v 2.30705399 78.06970731 -0.00000000
v 2.29409032 78.13488007 -0.00000000
v 2.27273080 78.19780318 -0.00000000
v 2.24334091 78.25740000 -0.00000000
v 2.20642350 78.31265081 -0.00000000
v 2.16261024 78.36261024 -0.00000000
v 2.11265081 78.40642350 -0.00000000
v 2.05740000 78.44334091 -0.00000000
v 1.99780318 78.47273080 -0.00000000
v 1.93488007 78.49409032 -0.00000000
v 1.86970731 78.50705399 -0.00000000
v 10.89660000 91.21140000 -0.00000000
v 14.50340000 91.21140000 -0.00000000
v 10.83029269 91.20705399 -0.00000000
v 10.76511993 91.19409032 -0.00000000
v 10.70219682 91.17273080 -0.00000000
v 10.64260000 91.14334091 -0.00000000
v 10.58734919 91.10642350 -0.00000000
v 10.53738976 91.06261024 -0.00000000
v 10.49357650 91.01265081 -0.00000000
v 10.45665909 90.95740000 -0.00000000
v 10.42726920 90.89780318 -0.00000000
v 10.40590968 90.83488007 -0.00000000
v 10.39294601 90.76970731 -0.00000000
v 10.38860000 90.70340000 -0.00000000
v 10.38860000 87.09660000 -0.00000000
v 10.39294601 87.03029269 -0.00000000
v 10.40590968 86.96511993 -0.00000000
v 10.42726920 86.90219682 -0.00000000
v 10.45665909 86.84260000 -0.00000000
v 10.49357650 86.78734919 -0.00000000
v 10.53738976 86.73738976 -0.00000000
v 10.58734919 86.69357650 -0.00000000
v 10.64260000 86.65665909 -0.00000000
v 10.70219682 86.62726920 -0.00000000
v 10.76511993 86.60590968 -0.00000000
v 10.83029269 86.59294601 -0.00000000
v 10.89660000 86.58860000 -0.00000000
v 14.50340000 86.58860000 -0.00000000
v 14.56970731 86.59294601 -0.00000000
v 14.63488007 86.60590968 -0.00000000
v 14.69780318 86.62726920 -0.00000000
v 14.75740000 86.65665909 -0.00000000
v 14.81265081 86.69357650 -0.00000000
v 14.86261024 86.73738976 -0.00000000
v 14.90642350 86.78734919 -0.00000000
v 14.94334091 86.84260000 -0.00000000
v 14.97273080 86.90219682 -0.00000000
v 14.99409032 86.96511993 -0.00000000
v 15.00705399 87.03029269 -0.00000000
v 15.01140000 87.09660000 -0.00000000
v 15.01140000 90.70340000 -0.00000000
v 15.00705399 90.76970731 -0.00000000
v 14.99409032 90.83488007 -0.00000000
v 14.97273080 90.89780318 -0.00000000
v 14.94334091 90.95740000 -0.00000000
v 14.90642350 91.01265081 -0.00000000
v 14.86261024 91.06261024 -0.00000000
v 14.81265081 91.10642350 -0.00000000
v 14.75740000 91.14334091 -0.00000000
v 14.69780318 91.17273080 -0.00000000
v 14.63488007 91.19409032 -0.00000000
v 14.56970731 91.20705399 -0.00000000
v -1.80340000 91.21140000 -0.00000000
v 1.80340000 91.21140000 -0.00000000
v -1.86970731 91.20705399 -0.00000000
v -1.93488007 91.19409032 -0.00000000
v -1.99780318 91.17273080 -0.00000000
v -2.05740000 91.14334091 -0.00000000
v -2.11265081 91.10642350 -0.00000000
v -2.16261024 91.06261024 -0.00000000
v -2.20642350 91.01265081 -0.00000000
v -2.24334091 90.95740000 -0.00000000
v -2.27273080 90.89780318 -0.00000000
v -2.29409032 90.83488007 -0.00000000
v -2.30705399 90.76970731 -0.00000000
v -2.31140000 90.70340000 -0.00000000
v -2.31140000 87.09660000 -0.00000000
v -2.30705399 87.03029269 -0.00000000
v -2.29409032 86.96511993 -0.00000000
v -2.27273080 86.90219682 -0.00000000
v -2.24334091 86.84260000 -0.00000000
v -2.20642350 86.78734919 -0.00000000
v -2.16261024 86.73738976 -0.00000000
v -2.11265081 86.69357650 -0.00000000
v -2.05740000 86.65665909 -0.00000000
v -1.99780318 86.62726920 -0.00000000
v -1.93488007 86.60590968 -0.00000000
v -1.86970731 86.59294601 -0.00000000
v -1.80340000 86.58860000 -0.00000000
v 1.80340000 86.58860000 -0.00000000
v 1.86970731 86.59294601 -0.00000000
v 1.93488007 86.60590968 -0.00000000
v 1.99780318 86.62726920 -0.00000000
v 2.05740000 86.65665909 -0.00000000
v 2.11265081 86.69357650 -0.00000000
v 2.16261024 86.73738976 -0.00000000
v 2.20642350 86.78734919 -0.00000000
v 2.24334091 86.84260000 -0.00000000
v 2.27273080 86.90219682 -0.00000000
v 2.29409032 86.96511993 -0.00000000
v 2.30705399 87.03029269 -0.00000000
v 2.31140000 87.09660000 -0.00000000
v 2.31140000 90.70340000 -0.00000000
v 2.30705399 90.76970731 -0.00000000
v 2.29409032 90.83488007 -0.00000000
v 2.27273080 90.89780318 -0.00000000
v 2.24334091 90.95740000 -0.00000000
v 2.20642350 91.01265081 -0.00000000
v 2.16261024 91.06261024 -0.00000000
v 2.11265081 91.10642350 -0.00000000
v 2.05740000 91.14334091 -0.00000000
v 1.99780318 91.17273080 -0.00000000
v 1.93488007 91.19409032 -0.00000000
v 1.86970731 91.20705399 -0.00000000
v 10.89660000 103.91140000 -0.00000000
v 14.50340000 103.91140000 -0.00000000
v 10.83029269 103.90705399 -0.00000000
v 10.76511993 103.89409032 -0.00000000
v 10.70219682 103.87273080 -0.00000000
v 10.64260000 103.84334091 -0.00000000
v 10.58734919 103.80642350 -0.00000000
v 10.53738976 103.76261024 -0.00000000
v 10.49357650 103.71265081 -0.00000000
v 10.45665909 103.65740000 -0.00000000
v 10.42726920 103.59780318 -0.00000000
v 10.40590968 103.53488007 -0.00000000
v 10.39294601 103.46970731 -0.00000000
v 10.38860000 103.40340000 -0.00000000
v 10.38860000 99.79660000 -0.00000000
v 10.39294601 99.73029269 -0.00000000
v 10.40590968 99.66511993 -0.00000000
v 10.42726920 99.60219682 -0.00000000
v 10.45665909 99.54260000 -0.00000000
v 10.49357650 99.48734919 -0.00000000
v 10.53738976 99.43738976 -0.00000000
v 10.58734919 99.39357650 -0.00000000
v 10.64260000 99.35665909 -0.00000000
v 10.70219682 99.32726920 -0.00000000
v 10.76511993 99.30590968 -0.00000000
v 10.83029269 99.29294601 -0.00000000
v 10.89660000 99.28860000 -0.00000000
v 14.50340000 99.28860000 -0.00000000
v 14.56970731 99.29294601 -0.00000000
v 14.63488007 99.30590968 -0.00000000
v 14.69780318 99.32726920 -0.00000000
v 14.75740000 99.35665909 -0.00000000
v 14.81265081 99.39357650 -0.00000000
v 14.86261024 99.43738976 -0.00000000
v 14.90642350 99.48734919 -0.00000000
v 14.94334091 99.54260000 -0.00000000
v 14.97273080 99.60219682 -0.00000000
v 14.99409032 99.66511993 -0.00000000
v 15.00705399 99.73029269 -0.00000000
v 15.01140000 99.79660000 -0.00000000
v 15.01140000 103.40340000 -0.00000000
v 15.00705399 103.46970731 -0.00000000
v 14.99409032 103.53488007 -0.00000000
v 14.97273080 103.59780318 -0.00000000
v 14.94334091 103.65740000 -0.00000000
v 14.90642350 103.71265081 -0.00000000
v 14.86261024 103.76261024 -0.00000000
v 14.81265081 103.80642350 -0.00000000
v 14.75740000 103.84334091 -0.00000000
v 14.69780318 103.87273080 -0.00000000
v 14.63488007 103.89409032 -0.00000000
v 14.56970731 103.90705399 -0.00000000
v -1.80340000 103.91140000 -0.00000000
v 1.80340000 103.91140000 -0.00000000
v -1.86970731 103.90705399 -0.00000000
v -1.93488007 103.89409032 -0.00000000
v -1.99780318 103.87273080 -0.00000000
v -2.05740000 103.84334091 -0.00000000
v -2.11265081 103.80642350 -0.00000000
v -2.16261024 103.76261024 -0.00000000
v -2.20642350 103.71265081 -0.00000000
v -2.24334091 103.65740000 -0.00000000
v -2.27273080 103.59780318 -0.00000000
v -2.29409032 103.53488007 -0.00000000
v -2.30705399 103.46970731 -0.00000000
v -2.31140000 103.40340000 -0.00000000
v -2.31140000 99.79660000 -0.00000000
v -2.30705399 99.73029269 -0.00000000
v -2.29409032 99.66511993 -0.00000000
v -2.27273080 99.60219682 -0.00000000
v -2.24334091 99.54260000 -0.00000000
v -2.20642350 99.48734919 -0.00000000
v -2.16261024 99.43738976 -0.00000000
v -2.11265081 99.39357650 -0.00000000
v -2.05740000 99.35665909 -0.00000000
v -1.99780318 99.32726920 -0.00000000
v -1.93488007 99.30590968 -0.00000000
v -1.86970731 99.29294601 -0.00000000
v -1.80340000 99.28860000 -0.00000000
v 1.80340000 99.28860000 -0.00000000
v 1.86970731 99.29294601 -0.00000000
v 1.93488007 99.30590968 -0.00000000
v 1.99780318 99.32726920 -0.00000000
v 2.05740000 99.35665909 -0.00000000
v 2.11265081 99.39357650 -0.00000000
v 2.16261024 99.43738976 -0.00000000
v 2.20642350 99.48734919 -0.00000000
v 2.24334091 99.54260000 -0.00000000
v 2.27273080 99.60219682 -0.00000000
v 2.29409032 99.66511993 -0.00000000
v 2.30705399 99.73029269 -0.00000000
v 2.31140000 99.79660000 -0.00000000
v 2.31140000 103.40340000 -0.00000000
v 2.30705399 103.46970731 -0.00000000
v 2.29409032 103.53488007 -0.00000000
v 2.27273080 103.59780318 -0.00000000
v 2.24334091 103.65740000 -0.00000000
v 2.20642350 103.71265081 -0.00000000
v 2.16261024 103.76261024 -0.00000000
v 2.11265081 103.80642350 -0.00000000
v 2.05740000 103.84334091 -0.00000000
v 1.99780318 103.87273080 -0.00000000
v 1.93488007 103.89409032 -0.00000000
v 1.86970731 103.90705399 -0.00000000
v 10.89660000 116.61140000 -0.00000000
v 14.50340000 116.61140000 -0.00000000
v 10.83029269 116.60705399 -0.00000000
v 10.76511993 116.59409032 -0.00000000
v 10.70219682 116.57273080 -0.00000000
v 10.64260000 116.54334091 -0.00000000
v 10.58734919 116.50642350 -0.00000000
v 10.53738976 116.46261024 -0.00000000
v 10.49357650 116.41265081 -0.00000000
v 10.45665909 116.35740000 -0.00000000
v 10.42726920 116.29780318 -0.00000000
v 10.40590968 116.23488007 -0.00000000
v 10.39294601 116.16970731 -0.00000000
v 10.38860000 116.10340000 -0.00000000
v 10.38860000 112.49660000 -0.00000000
v 10.39294601 112.43029269 -0.00000000
v 10.40590968 112.36511993 -0.00000000
v 10.42726920 112.30219682 -0.00000000
v 10.45665909 112.24260000 -0.00000000
v 10.49357650 112.18734919 -0.00000000
v 10.53738976 112.13738976 -0.00000000
v 10.58734919 112.09357650 -0.00000000
v 10.64260000 112.05665909 -0.00000000
v 10.70219682 112.02726920 -0.00000000
v 10.76511993 112.00590968 -0.00000000
v 10.83029269 111.99294601 -0.00000000
v 10.89660000 111.98860000 -0.00000000
v 14.50340000 111.98860000 -0.00000000
v 14.56970731 111.99294601 -0.00000000
v 14.63488007 112.00590968 -0.00000000
v 14.69780318 112.02726920 -0.00000000
v 14.75740000 112.05665909 -0.00000000
v 14.81265081 112.09357650 -0.00000000
v 14.86261024 112.13738976 -0.00000000
v 14.90642350 112.18734919 -0.00000000
v 14.94334091 112.24260000 -0.00000000
v 14.97273080 112.30219682 -0.00000000
v 14.99409032 112.36511993 -0.00000000
v 15.00705399 112.43029269 -0.00000000
v 15.01140000 112.49660000 -0.00000000
v 15.01140000 116.10340000 -0.00000000
v 15.00705399 116.16970731 -0.00000000
v 14.99409032 116.23488007 -0.00000000
v 14.97273080 116.29780318 -0.00000000
v 14.94334091 116.35740000 -0.00000000
v 14.90642350 116.41265081 -0.00000000
v 14.86261024 116.46261024 -0.00000000
v 14.81265081 116.50642350 -0.00000000
v 14.75740000 116.54334091 -0.00000000
v 14.69780318 116.57273080 -0.00000000
v 14.63488007 116.59409032 -0.00000000
v 14.56970731 116.60705399 -0.00000000
v -1.80340000 116.61140000 -0.00000000
v 1.80340000 116.61140000 -0.00000000
v -1.86970731 116.60705399 -0.00000000
v -1.93488007 116.59409032 -0.00000000
v -1.99780318 116.57273080 -0.00000000
v -2.05740000 116.54334091 -0.00000000
v -2.11265081 116.50642350 -0.00000000
v -2.16261024 116.46261024 -0.00000000
v -2.20642350 116.41265081 -0.00000000
v -2.24334091 116.35740000 -0.00000000
v -2.27273080 116.29780318 -0.00000000
v -2.29409032 116.23488007 -0.00000000
v -2.30705399 116.16970731 -0.00000000
v -2.31140000 116.10340000 -0.00000000
v -2.31140000 112.49660000 -0.00000000
v -2.30705399 112.43029269 -0.00000000
v -2.29409032 112.36511993 -0.00000000
v -2.27273080 112.30219682 -0.00000000
v -2.24334091 112.24260000 -0.00000000
v -2.20642350 112.18734919 -0.00000000
v -2.16261024 112.13738976 -0.00000000
v -2.11265081 112.09357650 -0.00000000
v -2.05740000 112.05665909 -0.00000000
v -1.99780318 112.02726920 -0.00000000
v -1.93488007 112.00590968 -0.00000000
v -1.86970731 111.99294601 -0.00000000
v -1.80340000 111.98860000 -0.00000000
v 1.80340000 111.98860000 -0.00000000
v 1.86970731 111.99294601 -0.00000000
v 1.93488007 112.00590968 -0.00000000
v 1.99780318 112.02726920 -0.00000000
v 2.05740000 112.05665909 -0.00000000
v 2.11265081 112.09357650 -0.00000000
v 2.16261024 112.13738976 -0.00000000
v 2.20642350 112.18734919 -0.00000000
v 2.24334091 112.24260000 -0.00000000
v 2.27273080 112.30219682 -0.00000000
v 2.29409032 112.36511993 -0.00000000
v 2.30705399 112.43029269 -0.00000000
v 2.31140000 112.49660000 -0.00000000
v 2.31140000 116.10340000 -0.00000000
v 2.30705399 116.16970731 -0.00000000
v 2.29409032 116.23488007 -0.00000000
v 2.27273080 116.29780318 -0.00000000
v 2.24334091 116.35740000 -0.00000000
v 2.20642350 116.41265081 -0.00000000
v 2.16261024 116.46261024 -0.00000000
v 2.11265081 116.50642350 -0.00000000
v 2.05740000 116.54334091 -0.00000000
v 1.99780318 116.57273080 -0.00000000
v 1.93488007 116.59409032 -0.00000000
v 1.86970731 116.60705399 -0.00000000
v 10.89660000 129.31140000 -0.00000000
v 14.50340000 129.31140000 -0.00000000
v 10.83029269 129.30705399 -0.00000000
v 10.76511993 129.29409032 -0.00000000
v 10.70219682 129.27273080 -0.00000000
v 10.64260000 129.24334091 -0.00000000
v 10.58734919 129.20642350 -0.00000000
v 10.53738976 129.16261024 -0.00000000
v 10.49357650 129.11265081 -0.00000000
v 10.45665909 129.05740000 -0.00000000
v 10.42726920 128.99780318 -0.00000000
v 10.40590968 128.93488007 -0.00000000
v 10.39294601 128.86970731 -0.00000000
v 10.38860000 128.80340000 -0.00000000
v 10.38860000 125.19660000 -0.00000000
v 10.39294601 125.13029269 -0.00000000
v 10.40590968 125.06511993 -0.00000000
v 10.42726920 125.00219682 -0.00000000
v 10.45665909 124.94260000 -0.00000000
v 10.49357650 124.88734919 -0.00000000
v 10.53738976 124.83738976 -0.00000000
v 10.58734919 124.79357650 -0.00000000
v 10.64260000 124.75665909 -0.00000000
v 10.70219682 124.72726920 -0.00000000
v 10.76511993 124.70590968 -0.00000000
v 10.83029269 124.69294601 -0.00000000
v 10.89660000 124.68860000 -0.00000000
v 14.50340000 124.68860000 -0.00000000
v 14.56970731 124.69294601 -0.00000000
v 14.63488007 124.70590968 -0.00000000
v 14.69780318 124.72726920 -0.00000000
v 14.75740000 124.75665909 -0.00000000
v 14.81265081 124.79357650 -0.00000000
v 14.86261024 124.83738976 -0.00000000
v 14.90642350 124.88734919 -0.00000000
v 14.94334091 124.94260000 -0.00000000
v 14.97273080 125.00219682 -0.00000000
v 14.99409032 125.06511993 -0.00000000
v 15.00705399 125.13029269 -0.00000000
v 15.01140000 125.19660000 -0.00000000
v 15.01140000 128.80340000 -0.00000000
v 15.00705399 128.86970731 -0.00000000
v 14.99409032 128.93488007 -0.00000000
v 14.97273080 128.99780318 -0.00000000
v 14.94334091 129.05740000 -0.00000000
v 14.90642350 129.11265081 -0.00000000
v 14.86261024 129.16261024 -0.00000000
v 14.81265081 129.20642350 -0.00000000
v 14.75740000 129.24334091 -0.00000000
v 14.69780318 129.27273080 -0.00000000
v 14.63488007 129.29409032 -0.00000000
v 14.56970731 129.30705399 -0.00000000
v -1.80340000 129.31140000 -0.00000000
v 1.80340000 129.31140000 -0.00000000
v -1.86970731 129.30705399 -0.00000000
v -1.93488007 129.29409032 -0.00000000
v -1.99780318 129.27273080 -0.00000000
v -2.05740000 129.24334091 -0.00000000
v -2.11265081 129.20642350 -0.00000000
v -2.16261024 129.16261024 -0.00000000
v -2.20642350 129.11265081 -0.00000000
v -2.24334091 129.05740000 -0.00000000
v -2.27273080 128.99780318 -0.00000000
v -2.29409032 128.93488007 -0.00000000
v -2.30705399 128.86970731 -0.00000000
v -2.31140000 128.80340000 -0.00000000
v -2.31140000 125.19660000 -0.00000000
v -2.30705399 125.13029269 -0.00000000
v -2.29409032 125.06511993 -0.00000000
v -2.27273080 125.00219682 -0.00000000
v -2.24334091 124.94260000 -0.00000000
v -2.20642350 124.88734919 -0.00000000
v -2.16261024 124.83738976 -0.00000000
v -2.11265081 124.79357650 -0.00000000
v -2.05740000 124.75665909 -0.00000000
v -1.99780318 124.72726920 -0.00000000
v -1.93488007 124.70590968 -0.00000000
v -1.86970731 124.69294601 -0.00000000
v -1.80340000 124.68860000 -0.00000000
v 1.80340000 124.68860000 -0.00000000
v 1.86970731 124.69294601 -0.00000000
v 1.93488007 124.70590968 -0.00000000
v 1.99780318 124.72726920 -0.00000000
v 2.05740000 124.75665909 -0.00000000
v 2.11265081 124.79357650 -0.00000000
v 2.16261024 124.83738976 -0.00000000
v 2.20642350 124.88734919 -0.00000000
v 2.24334091 124.94260000 -0.00000000
v 2.27273080 125.00219682 -0.00000000
v 2.29409032 125.06511993 -0.00000000
v 2.30705399 125.13029269 -0.00000000
v 2.31140000 125.19660000 -0.00000000
v 2.31140000 128.80340000 -0.00000000
v 2.30705399 128.86970731 -0.00000000
v 2.29409032 128.93488007 -0.00000000
v 2.27273080 128.99780318 -0.00000000
v 2.24334091 129.05740000 -0.00000000
v 2.20642350 129.11265081 -0.00000000
v 2.16261024 129.16261024 -0.00000000
v 2.11265081 129.20642350 -0.00000000
v 2.05740000 129.24334091 -0.00000000
v 1.99780318 129.27273080 -0.00000000
v 1.93488007 129.29409032 -0.00000000
v 1.86970731 129.30705399 -0.00000000
v 10.89660000 142.01140000 -0.00000000
v 14.50340000 142.01140000 -0.00000000
v 10.83029269 142.00705399 -0.00000000
v 10.76511993 141.99409032 -0.00000000
v 10.70219682 141.97273080 -0.00000000
v 10.64260000 141.94334091 -0.00000000
v 10.58734919 141.90642350 -0.00000000
v 10.53738976 141.86261024 -0.00000000
v 10.49357650 141.81265081 -0.00000000
v 10.45665909 141.75740000 -0.00000000
v 10.42726920 141.69780318 -0.00000000
v 10.40590968 141.63488007 -0.00000000
v 10.39294601 141.56970731 -0.00000000
v 10.38860000 141.50340000 -0.00000000
v 10.38860000 137.89660000 -0.00000000
v 10.39294601 137.83029269 -0.00000000
v 10.40590968 137.76511993 -0.00000000
v 10.42726920 137.70219682 -0.00000000
v 10.45665909 137.64260000 -0.00000000
v 10.49357650 137.58734919 -0.00000000
v 10.53738976 137.53738976 -0.00000000
v 10.58734919 137.49357650 -0.00000000
v 10.64260000 137.45665909 -0.00000000
v 10.70219682 137.42726920 -0.00000000
v 10.76511993 137.40590968 -0.00000000
v 10.83029269 137.39294601 -0.00000000
v 10.89660000 137.38860000 -0.00000000
v 14.50340000 137.38860000 -0.00000000
v 14.56970731 137.39294601 -0.00000000
v 14.63488007 137.40590968 -0.00000000
v 14.69780318 137.42726920 -0.00000000
v 14.75740000 137.45665909 -0.00000000
v 14.81265081 137.49357650 -0.00000000
v 14.86261024 137.53738976 -0.00000000
v 14.90642350 137.58734919 -0.00000000
v 14.94334091 137.64260000 -0.00000000
v 14.97273080 137.70219682 -0.00000000
v 14.99409032 137.76511993 -0.00000000
v 15.00705399 137.83029269 -0.00000000
v 15.01140000 137.89660000 -0.00000000
v 15.01140000 141.50340000 -0.00000000
v 15.00705399 141.56970731 -0.00000000
v 14.99409032 141.63488007 -0.00000000
v 14.97273080 141.69780318 -0.00000000
v 14.94334091 141.75740000 -0.00000000
v 14.90642350 141.81265081 -0.00000000
v 14.86261024 141.86261024 -0.00000000
v 14.81265081 141.90642350 -0.00000000
v 14.75740000 141.94334091 -0.00000000
v 14.69780318 141.97273080 -0.00000000
v 14.63488007 141.99409032 -0.00000000
v 14.56970731 142.00705399 -0.00000000
v -1.80340000 142.01140000 -0.00000000
v 1.80340000 142.01140000 -0.00000000
v -1.86970731 142.00705399 -0.00000000
v -1.93488007 141.99409032 -0.00000000
v -1.99780318 141.97273080 -0.00000000
v -2.05740000 141.94334091 -0.00000000
v -2.11265081 141.90642350 -0.00000000
v -2.16261024 141.86261024 -0.00000000
v -2.20642350 141.81265081 -0.00000000
v -2.24334091 141.75740000 -0.00000000
v -2.27273080 141.69780318 -0.00000000
v -2.29409032 141.63488007 -0.00000000
v -2.30705399 141.56970731 -0.00000000
v -2.31140000 141.50340000 -0.00000000
v -2.31140000 137.89660000 -0.00000000
v -2.30705399 137.83029269 -0.00000000
v -2.29409032 137.76511993 -0.00000000
v -2.27273080 137.70219682 -0.00000000
v -2.24334091 137.64260000 -0.00000000
v -2.20642350 137.58734919 -0.00000000
v -2.16261024 137.53738976 -0.00000000
v -2.11265081 137.49357650 -0.00000000
v -2.05740000 137.45665909 -0.00000000
v -1.99780318 137.42726920 -0.00000000
v -1.93488007 137.40590968 -0.00000000
v -1.86970731 137.39294601 -0.00000000
v -1.80340000 137.38860000 -0.00000000
v 1.80340000 137.38860000 -0.00000000
v 1.86970731 137.39294601 -0.00000000
v 1.93488007 137.40590968 -0.00000000
v 1.99780318 137.42726920 -0.00000000
v 2.05740000 137.45665909 -0.00000000
v 2.11265081 137.49357650 -0.00000000
v 2.16261024 137.53738976 -0.00000000
v 2.20642350 137.58734919 -0.00000000
v 2.24334091 137.64260000 -0.00000000
v 2.27273080 137.70219682 -0.00000000
v 2.29409032 137.76511993 -0.00000000
v 2.30705399 137.83029269 -0.00000000
v 2.31140000 137.89660000 -0.00000000
v 2.31140000 141.50340000 -0.00000000
v 2.30705399 141.56970731 -0.00000000
v 2.29409032 141.63488007 -0.00000000
v 2.27273080 141.69780318 -0.00000000
v 2.24334091 141.75740000 -0.00000000
v 2.20642350 141.81265081 -0.00000000
v 2.16261024 141.86261024 -0.00000000
v 2.11265081 141.90642350 -0.00000000
v 2.05740000 141.94334091 -0.00000000
v 1.99780318 141.97273080 -0.00000000
v 1.93488007 141.99409032 -0.00000000
v 1.86970731 142.00705399 -0.00000000
v 10.89660000 154.71140000 -0.00000000
v 14.50340000 154.71140000 -0.00000000
v 10.83029269 154.70705399 -0.00000000
v 10.76511993 154.69409032 -0.00000000
v 10.70219682 154.67273080 -0.00000000
v 10.64260000 154.64334091 -0.00000000
v 10.58734919 154.60642350 -0.00000000
v 10.53738976 154.56261024 -0.00000000
v 10.49357650 154.51265081 -0.00000000
v 10.45665909 154.45740000 -0.00000000
v 10.42726920 154.39780318 -0.00000000
v 10.40590968 154.33488007 -0.00000000
v 10.39294601 154.26970731 -0.00000000
v 10.38860000 154.20340000 -0.00000000
v 10.38860000 150.59660000 -0.00000000
v 10.39294601 150.53029269 -0.00000000
v 10.40590968 150.46511993 -0.00000000
v 10.42726920 150.40219682 -0.00000000
v 10.45665909 150.34260000 -0.00000000
v 10.49357650 150.28734919 -0.00000000
v 10.53738976 150.23738976 -0.00000000
v 10.58734919 150.19357650 -0.00000000
v 10.64260000 150.15665909 -0.00000000
v 10.70219682 150.12726920 -0.00000000
v 10.76511993 150.10590968 -0.00000000
v 10.83029269 150.09294601 -0.00000000
v 10.89660000 150.08860000 -0.00000000
v 14.50340000 150.08860000 -0.00000000
v 14.56970731 150.09294601 -0.00000000
v 14.63488007 150.10590968 -0.00000000
v 14.69780318 150.12726920 -0.00000000
v 14.75740000 150.15665909 -0.00000000
v 14.81265081 150.19357650 -0.00000000
v 14.86261024 150.23738976 -0.00000000
v 14.90642350 150.28734919 -0.00000000
v 14.94334091 150.34260000 -0.00000000
v 14.97273080 150.40219682 -0.00000000
v 14.99409032 150.46511993 -0.00000000
v 15.00705399 150.53029269 -0.00000000
v 15.01140000 150.59660000 -0.00000000
v 15.01140000 154.20340000 -0.00000000
v 15.00705399 154.26970731 -0.00000000
v 14.99409032 154.33488007 -0.00000000
v 14.97273080 154.39780318 -0.00000000
v 14.94334091 154.45740000 -0.00000000
v 14.90642350 154.51265081 -0.00000000
v 14.86261024 154.56261024 -0.00000000
v 14.81265081 154.60642350 -0.00000000
v 14.75740000 154.64334091 -0.00000000
v 14.69780318 154.67273080 -0.00000000
v 14.63488007 154.69409032 -0.00000000
v 14.56970731 154.70705399 -0.00000000
v -1.80340000 154.71140000 -0.00000000
v 1.80340000 154.71140000 -0.00000000
v -1.86970731 154.70705399 -0.00000000
v -1.93488007 154.69409032 -0.00000000
v -1.99780318 154.67273080 -0.00000000
v -2.05740000 154.64334091 -0.00000000
v -2.11265081 154.60642350 -0.00000000
v -2.16261024 154.56261024 -0.00000000
v -2.20642350 154.51265081 -0.00000000
v -2.24334091 154.45740000 -0.00000000
v -2.27273080 154.39780318 -0.00000000
v -2.29409032 154.33488007 -0.00000000
v -2.30705399 154.26970731 -0.00000000
v -2.31140000 154.20340000 -0.00000000
v -2.31140000 150.59660000 -0.00000000
v -2.30705399 150.53029269 -0.00000000
v -2.29409032 150.46511993 -0.00000000
v -2.27273080 150.40219682 -0.00000000
v -2.24334091 150.34260000 -0.00000000
v -2.20642350 150.28734919 -0.00000000
v -2.16261024 150.23738976 -0.00000000
v -2.11265081 150.19357650 -0.00000000
v -2.05740000 150.15665909 -0.00000000
v -1.99780318 150.12726920 -0.00000000
v -1.93488007 150.10590968 -0.00000000
v -1.86970731 150.09294601 -0.00000000
v -1.80340000 150.08860000 -0.00000000
v 1.80340000 150.08860000 -0.00000000
v 1.86970731 150.09294601 -0.00000000
v 1.93488007 150.10590968 -0.00000000
v 1.99780318 150.12726920 -0.00000000
v 2.05740000 150.15665909 -0.00000000
v 2.11265081 150.19357650 -0.00000000
v 2.16261024 150.23738976 -0.00000000
v 2.20642350 150.28734919 -0.00000000
v 2.24334091 150.34260000 -0.00000000
v 2.27273080 150.40219682 -0.00000000
v 2.29409032 150.46511993 -0.00000000
v 2.30705399 150.53029269 -0.00000000
v 2.31140000 150.59660000 -0.00000000
v 2.31140000 154.20340000 -0.00000000
v 2.30705399 154.26970731 -0.00000000
v 2.29409032 154.33488007 -0.00000000
v 2.27273080 154.39780318 -0.00000000
v 2.24334091 154.45740000 -0.00000000
v 2.20642350 154.51265081 -0.00000000
v 2.16261024 154.56261024 -0.00000000
v 2.11265081 154.60642350 -0.00000000
v 2.05740000 154.64334091 -0.00000000
v 1.99780318 154.67273080 -0.00000000
v 1.93488007 154.69409032 -0.00000000
v 1.86970731 154.70705399 -0.00000000
v 10.89660000 167.41140000 -0.00000000
v 14.50340000 167.41140000 -0.00000000
v 10.83029269 167.40705399 -0.00000000
v 10.76511993 167.39409032 -0.00000000
v 10.70219682 167.37273080 -0.00000000
v 10.64260000 167.34334091 -0.00000000
v 10.58734919 167.30642350 -0.00000000
v 10.53738976 167.26261024 -0.00000000
v 10.49357650 167.21265081 -0.00000000
v 10.45665909 167.15740000 -0.00000000
v 10.42726920 167.09780318 -0.00000000
v 10.40590968 167.03488007 -0.00000000
v 10.39294601 166.96970731 -0.00000000
v 10.38860000 166.90340000 -0.00000000
v 10.38860000 163.29660000 -0.00000000
v 10.39294601 163.23029269 -0.00000000
v 10.40590968 163.16511993 -0.00000000
v 10.42726920 163.10219682 -0.00000000
v 10.45665909 163.04260000 -0.00000000
v 10.49357650 162.98734919 -0.00000000
v 10.53738976 162.93738976 -0.00000000
v 10.58734919 162.89357650 -0.00000000
v 10.64260000 162.85665909 -0.00000000
v 10.70219682 162.82726920 -0.00000000
v 10.76511993 162.80590968 -0.00000000
v 10.83029269 162.79294601 -0.00000000
v 10.89660000 162.78860000 -0.00000000
v 14.50340000 162.78860000 -0.00000000
v 14.56970731 162.79294601 -0.00000000
v 14.63488007 162.80590968 -0.00000000
v 14.69780318 162.82726920 -0.00000000
v 14.75740000 162.85665909 -0.00000000
v 14.81265081 162.89357650 -0.00000000
v 14.86261024 162.93738976 -0.00000000
v 14.90642350 162.98734919 -0.00000000
v 14.94334091 163.04260000 -0.00000000
v 14.97273080 163.10219682 -0.00000000
v 14.99409032 163.16511993 -0.00000000
v 15.00705399 163.23029269 -0.00000000
v 15.01140000 163.29660000 -0.00000000
v 15.01140000 166.90340000 -0.00000000
v 15.00705399 166.96970731 -0.00000000
v 14.99409032 167.03488007 -0.00000000
v 14.97273080 167.09780318 -0.00000000
v 14.94334091 167.15740000 -0.00000000
v 14.90642350 167.21265081 -0.00000000
v 14.86261024 167.26261024 -0.00000000
v 14.81265081 167.30642350 -0.00000000
v 14.75740000 167.34334091 -0.00000000
v 14.69780318 167.37273080 -0.00000000
v 14.63488007 167.39409032 -0.00000000
v 14.56970731 167.40705399 -0.00000000
v -1.80340000 167.41140000 -0.00000000
v 1.80340000 167.41140000 -0.00000000
v -1.86970731 167.40705399 -0.00000000
v -1.93488007 167.39409032 -0.00000000
v -1.99780318 167.37273080 -0.00000000
v -2.05740000 167.34334091 -0.00000000
v -2.11265081 167.30642350 -0.00000000
v -2.16261024 167.26261024 -0.00000000
v -2.20642350 167.21265081 -0.00000000
v -2.24334091 167.15740000 -0.00000000
v -2.27273080 167.09780318 -0.00000000
v -2.29409032 167.03488007 -0.00000000
v -2.30705399 166.96970731 -0.00000000
v -2.31140000 166.90340000 -0.00000000
v -2.31140000 163.29660000 -0.00000000
v -2.30705399 163.23029269 -0.00000000
v -2.29409032 163.16511993 -0.00000000
v -2.27273080 163.10219682 -0.00000000
v -2.24334091 163.04260000 -0.00000000
v -2.20642350 162.98734919 -0.00000000
v -2.16261024 162.93738976 -0.00000000
v -2.11265081 162.89357650 -0.00000000
v -2.05740000 162.85665909 -0.00000000
v -1.99780318 162.82726920 -0.00000000
v -1.93488007 162.80590968 -0.00000000
v -1.86970731 162.79294601 -0.00000000
v -1.80340000 162.78860000 -0.00000000
v 1.80340000 162.78860000 -0.00000000
v 1.86970731 162.79294601 -0.00000000
v 1.93488007 162.80590968 -0.00000000
v 1.99780318 162.82726920 -0.00000000
v 2.05740000 162.85665909 -0.00000000
v 2.11265081 162.89357650 -0.00000000
v 2.16261024 162.93738976 -0.00000000
v 2.20642350 162.98734919 -0.00000000
v 2.24334091 163.04260000 -0.00000000
v 2.27273080 163.10219682 -0.00000000
v 2.29409032 163.16511993 -0.00000000
v 2.30705399 163.23029269 -0.00000000
v 2.31140000 163.29660000 -0.00000000
v 2.31140000 166.90340000 -0.00000000
v 2.30705399 166.96970731 -0.00000000
v 2.29409032 167.03488007 -0.00000000
v 2.27273080 167.09780318 -0.00000000
v 2.24334091 167.15740000 -0.00000000
v 2.20642350 167.21265081 -0.00000000
v 2.16261024 167.26261024 -0.00000000
v 2.11265081 167.30642350 -0.00000000
v 2.05740000 167.34334091 -0.00000000
v 1.99780318 167.37273080 -0.00000000
v 1.93488007 167.39409032 -0.00000000
v 1.86970731 167.40705399 -0.00000000
v 10.89660000 180.11140000 -0.00000000
v 14.50340000 180.11140000 -0.00000000
v 10.83029269 180.10705399 -0.00000000
v 10.76511993 180.09409032 -0.00000000
v 10.70219682 180.07273080 -0.00000000
v 10.64260000 180.04334091 -0.00000000
v 10.58734919 180.00642350 -0.00000000
v 10.53738976 179.96261024 -0.00000000
v 10.49357650 179.91265081 -0.00000000
v 10.45665909 179.85740000 -0.00000000
v 10.42726920 179.79780318 -0.00000000
v 10.40590968 179.73488007 -0.00000000
v 10.39294601 179.66970731 -0.00000000
v 10.38860000 179.60340000 -0.00000000
v 10.38860000 175.99660000 -0.00000000
v 10.39294601 175.93029269 -0.00000000
v 10.40590968 175.86511993 -0.00000000
v 10.42726920 175.80219682 -0.00000000
v 10.45665909 175.74260000 -0.00000000
v 10.49357650 175.68734919 -0.00000000
v 10.53738976 175.63738976 -0.00000000
v 10.58734919 175.59357650 -0.00000000
v 10.64260000 175.55665909 -0.00000000
v 10.70219682 175.52726920 -0.00000000
v 10.76511993 175.50590968 -0.00000000
v 10.83029269 175.49294601 -0.00000000
v 10.89660000 175.48860000 -0.00000000
v 14.50340000 175.48860000 -0.00000000
v 14.56970731 175.49294601 -0.00000000
v 14.63488007 175.50590968 -0.00000000
v 14.69780318 175.52726920 -0.00000000
v 14.75740000 175.55665909 -0.00000000
v 14.81265081 175.59357650 -0.00000000
v 14.86261024 175.63738976 -0.00000000
v 14.90642350 175.68734919 -0.00000000
v 14.94334091 175.74260000 -0.00000000
v 14.97273080 175.80219682 -0.00000000
v 14.99409032 175.86511993 -0.00000000
v 15.00705399 175.93029269 -0.00000000
v 15.01140000 175.99660000 -0.00000000
v 15.01140000 179.60340000 -0.00000000
v 15.00705399 179.66970731 -0.00000000
v 14.99409032 179.73488007 -0.00000000
v 14.97273080 179.79780318 -0.00000000
v 14.94334091 179.85740000 -0.00000000
v 14.90642350 179.91265081 -0.00000000
v 14.86261024 179.96261024 -0.00000000
v 14.81265081 180.00642350 -0.00000000
v 14.75740000 180.04334091 -0.00000000
v 14.69780318 180.07273080 -0.00000000
v 14.63488007 180.09409032 -0.00000000
v 14.56970731 180.10705399 -0.00000000
v -1.80340000 180.11140000 -0.00000000
v 1.80340000 180.11140000 -0.00000000
v -1.86970731 180.10705399 -0.00000000
v -1.93488007 180.09409032 -0.00000000
v -1.99780318 180.07273080 -0.00000000
v -2.05740000 180.04334091 -0.00000000
v -2.11265081 180.00642350 -0.00000000
v -2.16261024 179.96261024 -0.00000000
v -2.20642350 179.91265081 -0.00000000
v -2.24334091 179.85740000 -0.00000000
v -2.27273080 179.79780318 -0.00000000
v -2.29409032 179.73488007 -0.00000000
v -2.30705399 179.66970731 -0.00000000
v -2.31140000 179.60340000 -0.00000000
v -2.31140000 175.99660000 -0.00000000
v -2.30705399 175.93029269 -0.00000000
v -2.29409032 175.86511993 -0.00000000
v -2.27273080 175.80219682 -0.00000000
v -2.24334091 175.74260000 -0.00000000
v -2.20642350 175.68734919 -0.00000000
v -2.16261024 175.63738976 -0.00000000
v -2.11265081 175.59357650 -0.00000000
v -2.05740000 175.55665909 -0.00000000
v -1.99780318 175.52726920 -0.00000000
v -1.93488007 175.50590968 -0.00000000
v -1.86970731 175.49294601 -0.00000000
v -1.80340000 175.48860000 -0.00000000
v 1.80340000 175.48860000 -0.00000000
v 1.86970731 175.49294601 -0.00000000
v 1.93488007 175.50590968 -0.00000000
v 1.99780318 175.52726920 -0.00000000
v 2.05740000 175.55665909 -0.00000000
v 2.11265081 175.59357650 -0.00000000
v 2.16261024 175.63738976 -0.00000000
v 2.20642350 175.68734919 -0.00000000
v 2.24334091 175.74260000 -0.00000000
v 2.27273080 175.80219682 -0.00000000
v 2.29409032 175.86511993 -0.00000000
v 2.30705399 175.93029269 -0.00000000
v 2.31140000 175.99660000 -0.00000000
v 2.31140000 179.60340000 -0.00000000
v 2.30705399 179.66970731 -0.00000000
v 2.29409032 179.73488007 -0.00000000
v 2.27273080 179.79780318 -0.00000000
v 2.24334091 179.85740000 -0.00000000
v 2.20642350 179.91265081 -0.00000000
v 2.16261024 179.96261024 -0.00000000
v 2.11265081 180.00642350 -0.00000000
v 2.05740000 180.04334091 -0.00000000
v 1.99780318 180.07273080 -0.00000000
v 1.93488007 180.09409032 -0.00000000
v 1.86970731 180.10705399 -0.00000000
v 10.89660000 192.81140000 -0.00000000
v 14.50340000 192.81140000 -0.00000000
v 10.83029269 192.80705399 -0.00000000
v 10.76511993 192.79409032 -0.00000000
v 10.70219682 192.77273080 -0.00000000
v 10.64260000 192.74334091 -0.00000000
v 10.58734919 192.70642350 -0.00000000
v 10.53738976 192.66261024 -0.00000000
v 10.49357650 192.61265081 -0.00000000
v 10.45665909 192.55740000 -0.00000000
v 10.42726920 192.49780318 -0.00000000
v 10.40590968 192.43488007 -0.00000000
v 10.39294601 192.36970731 -0.00000000
v 10.38860000 192.30340000 -0.00000000
v 10.38860000 188.69660000 -0.00000000
v 10.39294601 188.63029269 -0.00000000
v 10.40590968 188.56511993 -0.00000000
v 10.42726920 188.50219682 -0.00000000
v 10.45665909 188.44260000 -0.00000000
v 10.49357650 188.38734919 -0.00000000
v 10.53738976 188.33738976 -0.00000000
v 10.58734919 188.29357650 -0.00000000
v 10.64260000 188.25665909 -0.00000000
v 10.70219682 188.22726920 -0.00000000
v 10.76511993 188.20590968 -0.00000000
v 10.83029269 188.19294601 -0.00000000
v 10.89660000 188.18860000 -0.00000000
v 14.50340000 188.18860000 -0.00000000
v 14.56970731 188.19294601 -0.00000000
v 14.63488007 188.20590968 -0.00000000
v 14.69780318 188.22726920 -0.00000000
v 14.75740000 188.25665909 -0.00000000
v 14.81265081 188.29357650 -0.00000000
v 14.86261024 188.33738976 -0.00000000
v 14.90642350 188.38734919 -0.00000000
v 14.94334091 188.44260000 -0.00000000
v 14.97273080 188.50219682 -0.00000000
v 14.99409032 188.56511993 -0.00000000
v 15.00705399 188.63029269 -0.00000000
v 15.01140000 188.69660000 -0.00000000
v 15.01140000 192.30340000 -0.00000000
v 15.00705399 192.36970731 -0.00000000
v 14.99409032 192.43488007 -0.00000000
v 14.97273080 192.49780318 -0.00000000
v 14.94334091 192.55740000 -0.00000000
v 14.90642350 192.61265081 -0.00000000
v 14.86261024 192.66261024 -0.00000000
v 14.81265081 192.70642350 -0.00000000
v 14.75740000 192.74334091 -0.00000000
v 14.69780318 192.77273080 -0.00000000
v 14.63488007 192.79409032 -0.00000000
v 14.56970731 192.80705399 -0.00000000
v -1.80340000 192.81140000 -0.00000000
v 1.80340000 192.81140000 -0.00000000
v -1.86970731 192.80705399 -0.00000000
v -1.93488007 192.79409032 -0.00000000
v -1.99780318 192.77273080 -0.00000000
v -2.05740000 192.74334091 -0.00000000
v -2.11265081 192.70642350 -0.00000000
v -2.16261024 192.66261024 -0.00000000
v -2.20642350 192.61265081 -0.00000000
v -2.24334091 192.55740000 -0.00000000
v -2.27273080 192.49780318 -0.00000000
v -2.29409032 192.43488007 -0.00000000
v -2.30705399 192.36970731 -0.00000000
v -2.31140000 192.30340000 -0.00000000
v -2.31140000 188.69660000 -0.00000000
v -2.30705399 188.63029269 -0.00000000
v -2.29409032 188.56511993 -0.00000000
v -2.27273080 188.50219682 -0.00000000
v -2.24334091 188.44260000 -0.00000000
v -2.20642350 188.38734919 -0.00000000
v -2.16261024 188.33738976 -0.00000000
v -2.11265081 188.29357650 -0.00000000
v -2.05740000 188.25665909 -0.00000000
v -1.99780318 188.22726920 -0.00000000
v -1.93488007 188.20590968 -0.00000000
v -1.86970731 188.19294601 -0.00000000
v -1.80340000 188.18860000 -0.00000000
v 1.80340000 188.18860000 -0.00000000
v 1.86970731 188.19294601 -0.00000000
v 1.93488007 188.20590968 -0.00000000
v 1.99780318 188.22726920 -0.00000000
v 2.05740000 188.25665909 -0.00000000
v 2.11265081 188.29357650 -0.00000000
v 2.16261024 188.33738976 -0.00000000
v 2.20642350 188.38734919 -0.00000000
v 2.24334091 188.44260000 -0.00000000
v 2.27273080 188.50219682 -0.00000000
v 2.29409032 188.56511993 -0.00000000
v 2.30705399 188.63029269 -0.00000000
v 2.31140000 188.69660000 -0.00000000
v 2.31140000 192.30340000 -0.00000000
v 2.30705399 192.36970731 -0.00000000
v 2.29409032 192.43488007 -0.00000000
v 2.27273080 192.49780318 -0.00000000
v 2.24334091 192.55740000 -0.00000000
v 2.20642350 192.61265081 -0.00000000
v 2.16261024 192.66261024 -0.00000000
v 2.11265081 192.70642350 -0.00000000
v 2.05740000 192.74334091 -0.00000000
v 1.99780318 192.77273080 -0.00000000
v 1.93488007 192.79409032 -0.00000000
v 1.86970731 192.80705399 -0.00000000
v 10.89660000 205.51140000 -0.00000000
v 14.50340000 205.51140000 -0.00000000
v 10.83029269 205.50705399 -0.00000000
v 10.76511993 205.49409032 -0.00000000
v 10.70219682 205.47273080 -0.00000000
v 10.64260000 205.44334091 -0.00000000
v 10.58734919 205.40642350 -0.00000000
v 10.53738976 205.36261024 -0.00000000
v 10.49357650 205.31265081 -0.00000000
v 10.45665909 205.25740000 -0.00000000
v 10.42726920 205.19780318 -0.00000000
v 10.40590968 205.13488007 -0.00000000
v 10.39294601 205.06970731 -0.00000000
v 10.38860000 205.00340000 -0.00000000
v 10.38860000 201.39660000 -0.00000000
v 10.39294601 201.33029269 -0.00000000
v 10.40590968 201.26511993 -0.00000000
v 10.42726920 201.20219682 -0.00000000
v 10.45665909 201.14260000 -0.00000000
v 10.49357650 201.08734919 -0.00000000
v 10.53738976 201.03738976 -0.00000000
v 10.58734919 200.99357650 -0.00000000
v 10.64260000 200.95665909 -0.00000000
v 10.70219682 200.92726920 -0.00000000
v 10.76511993 200.90590968 -0.00000000
v 10.83029269 200.89294601 -0.00000000
v 10.89660000 200.88860000 -0.00000000
v 14.50340000 200.88860000 -0.00000000
v 14.56970731 200.89294601 -0.00000000
v 14.63488007 200.90590968 -0.00000000
v 14.69780318 200.92726920 -0.00000000
v 14.75740000 200.95665909 -0.00000000
v 14.81265081 200.99357650 -0.00000000
v 14.86261024 201.03738976 -0.00000000
v 14.90642350 201.08734919 -0.00000000
v 14.94334091 201.14260000 -0.00000000
v 14.97273080 201.20219682 -0.00000000
v 14.99409032 201.26511993 -0.00000000
v 15.00705399 201.33029269 -0.00000000
v 15.01140000 201.39660000 -0.00000000
v 15.01140000 205.00340000 -0.00000000
v 15.00705399 205.06970731 -0.00000000
v 14.99409032 205.13488007 -0.00000000
v 14.97273080 205.19780318 -0.00000000
v 14.94334091 205.25740000 -0.00000000
v 14.90642350 205.31265081 -0.00000000
v 14.86261024 205.36261024 -0.00000000
v 14.81265081 205.40642350 -0.00000000
v 14.75740000 205.44334091 -0.00000000
v 14.69780318 205.47273080 -0.00000000
v 14.63488007 205.49409032 -0.00000000
v 14.56970731 205.50705399 -0.00000000
v -1.80340000 205.51140000 -0.00000000
v 1.80340000 205.51140000 -0.00000000
v -1.86970731 205.50705399 -0.00000000
v -1.93488007 205.49409032 -0.00000000
v -1.99780318 205.47273080 -0.00000000
v -2.05740000 205.44334091 -0.00000000
v -2.11265081 205.40642350 -0.00000000
v -2.16261024 205.36261024 -0.00000000
v -2.20642350 205.31265081 -0.00000000
v -2.24334091 205.25740000 -0.00000000
v -2.27273080 205.19780318 -0.00000000
v -2.29409032 205.13488007 -0.00000000
v -2.30705399 205.06970731 -0.00000000
v -2.31140000 205.00340000 -0.00000000
v -2.31140000 201.39660000 -0.00000000
v -2.30705399 201.33029269 -0.00000000
v -2.29409032 201.26511993 -0.00000000
v -2.27273080 201.20219682 -0.00000000
v -2.24334091 201.14260000 -0.00000000
v -2.20642350 201.08734919 -0.00000000
v -2.16261024 201.03738976 -0.00000000
v -2.11265081 200.99357650 -0.00000000
v -2.05740000 200.95665909 -0.00000000
v -1.99780318 200.92726920 -0.00000000
v -1.93488007 200.90590968 -0.00000000
v -1.86970731 200.89294601 -0.00000000
v -1.80340000 200.88860000 -0.00000000
v 1.80340000 200.88860000 -0.00000000
v 1.86970731 200.89294601 -0.00000000
v 1.93488007 200.90590968 -0.00000000
v 1.99780318 200.92726920 -0.00000000
v 2.05740000 200.95665909 -0.00000000
v 2.11265081 200.99357650 -0.00000000
v 2.16261024 201.03738976 -0.00000000
v 2.20642350 201.08734919 -0.00000000
v 2.24334091 201.14260000 -0.00000000
v 2.27273080 201.20219682 -0.00000000
v 2.29409032 201.26511993 -0.00000000
v 2.30705399 201.33029269 -0.00000000
v 2.31140000 201.39660000 -0.00000000
v 2.31140000 205.00340000 -0.00000000
v 2.30705399 205.06970731 -0.00000000
v 2.29409032 205.13488007 -0.00000000
v 2.27273080 205.19780318 -0.00000000
v 2.24334091 205.25740000 -0.00000000
v 2.20642350 205.31265081 -0.00000000
v 2.16261024 205.36261024 -0.00000000
v 2.11265081 205.40642350 -0.00000000
v 2.05740000 205.44334091 -0.00000000
v 1.99780318 205.47273080 -0.00000000
v 1.93488007 205.49409032 -0.00000000
v 1.86970731 205.50705399 -0.00000000
v -5.89280000 247.65000000 16.17980000
v -5.89280000 245.84660000 16.17980000
v -5.89280000 245.33860000 15.67180000
v -5.89280000 245.34294601 15.73810731
v -5.89280000 245.35590968 15.80328007
v -5.89280000 245.37726920 15.86620318
v -5.89280000 245.40665909 15.92580000
v -5.89280000 245.44357650 15.98105081
v -5.89280000 245.48738976 16.03101024
v -5.89280000 245.53734919 16.07482350
v -5.89280000 245.59260000 16.11174091
v -5.89280000 245.65219682 16.14113080
v -5.89280000 245.71511993 16.16249032
v -5.89280000 245.78029269 16.17545399
v -5.89280000 245.33860000 12.06500000
v -5.89280000 245.84660000 11.55700000
v -5.89280000 245.78029269 11.56134601
v -5.89280000 245.71511993 11.57430968
v -5.89280000 245.65219682 11.59566920
v -5.89280000 245.59260000 11.62505909
v -5.89280000 245.53734919 11.66197650
v -5.89280000 245.48738976 11.70578976
v -5.89280000 245.44357650 11.75574919
v -5.89280000 245.40665909 11.81100000
v -5.89280000 245.37726920 11.87059682
v -5.89280000 245.35590968 11.93351993
v -5.89280000 245.34294601 11.99869269
v -5.89280000 247.65000000 11.55700000
v -5.89280000 247.65000000 3.15048615
v -5.89280000 246.87679502 2.43840000
v -5.89280000 184.92320498 2.43840000
v -5.89280000 184.15000000 3.15048615
v -5.89280000 183.37679502 2.43840000
v -5.89280000 121.42320498 2.43840000
v -5.89280000 120.65000000 3.15048615
v -5.89280000 119.87679502 2.43840000
v -5.89280000 57.92320498 2.43840000
v -5.89280000 57.15000000 3.15048615
v -5.89280000 56.37679502 2.43840000
v -5.89280000 -6.35000000 2.43840000
v -5.89280000 -6.35000000 23.11400000
v -5.89280000 -4.06400000 25.40000000
v -5.89280000 55.12301495 25.40000000
v -5.89280000 57.15000000 23.37301495
v -5.89280000 59.17698505 25.40000000
v -5.89280000 118.62301495 25.40000000
v -5.89280000 120.65000000 23.37301495
v -5.89280000 122.67698505 25.40000000
v -5.89280000 182.12301495 25.40000000
v -5.89280000 184.15000000 23.37301495
v -5.89280000 186.17698505 25.40000000
v -5.89280000 245.62301495 25.40000000
v -5.89280000 247.65000000 23.37301495
v -5.89280000 239.49660000 5.20700000
v -5.89280000 239.43029269 5.21134601
v -5.89280000 239.36511993 5.22430968
v -5.89280000 239.30219682 5.24566920
v -5.89280000 239.24260000 5.27505909
v -5.89280000 239.18734919 5.31197650
v -5.89280000 239.13738976 5.35578976
v -5.89280000 239.09357650 5.40574919
v -5.89280000 239.05665909 5.46100000
v -5.89280000 239.02726920 5.52059682
v -5.89280000 239.00590968 5.58351993
v -5.89280000 238.99294601 5.64869269
v -5.89280000 238.98860000 5.71500000
v -5.89280000 243.10340000 5.20700000
v -5.89280000 243.61140000 5.71500000
v -5.89280000 243.60705399 5.64869269
v -5.89280000 243.59409032 5.58351993
v -5.89280000 243.57273080 5.52059682
v -5.89280000 243.54334091 5.46100000
v -5.89280000 243.50642350 5.40574919
v -5.89280000 243.46261024 5.35578976
v -5.89280000 243.41265081 5.31197650
v -5.89280000 243.35740000 5.27505909
v -5.89280000 243.29780318 5.24566920
v -5.89280000 243.23488007 5.22430968
v -5.89280000 243.16970731 5.21134601
v -5.89280000 243.61140000 9.32180000
v -5.89280000 243.10340000 9.82980000
v -5.89280000 243.16970731 9.82545399
v -5.89280000 243.23488007 9.81249032
v -5.89280000 243.29780318 9.79113080
v -5.89280000 243.35740000 9.76174091
v -5.89280000 243.41265081 9.72482350
v -5.89280000 243.46261024 9.68101024
v -5.89280000 243.50642350 9.63105081
v -5.89280000 243.54334091 9.57580000
v -5.89280000 243.57273080 9.51620318
v -5.89280000 243.59409032 9.45328007
v -5.89280000 243.60705399 9.38810731
v -5.89280000 239.49660000 9.82980000
v -5.89280000 238.98860000 9.32180000
v -5.89280000 238.99294601 9.38810731
v -5.89280000 239.00590968 9.45328007
v -5.89280000 239.02726920 9.51620318
v -5.89280000 239.05665909 9.57580000
v -5.89280000 239.09357650 9.63105081
v -5.89280000 239.13738976 9.68101024
v -5.89280000 239.18734919 9.72482350
v -5.89280000 239.24260000 9.76174091
v -5.89280000 239.30219682 9.79113080
v -5.89280000 239.36511993 9.81249032
v -5.89280000 239.43029269 9.82545399
v -5.89280000 239.49660000 17.90700000
v -5.89280000 239.43029269 17.91134601
v -5.89280000 239.36511993 17.92430968
v -5.89280000 239.30219682 17.94566920
v -5.89280000 239.24260000 17.97505909
v -5.89280000 239.18734919 18.01197650
v -5.89280000 239.13738976 18.05578976
v -5.89280000 239.09357650 18.10574919
v -5.89280000 239.05665909 18.16100000
v -5.89280000 239.02726920 18.22059682
v -5.89280000 239.00590968 18.28351993
v -5.89280000 238.99294601 18.34869269
v -5.89280000 238.98860000 18.41500000
v -5.89280000 243.10340000 17.90700000
v -5.89280000 243.61140000 18.41500000
v -5.89280000 243.60705399 18.34869269
v -5.89280000 243.59409032 18.28351993
v -5.89280000 243.57273080 18.22059682
v -5.89280000 243.54334091 18.16100000
v -5.89280000 243.50642350 18.10574919
v -5.89280000 243.46261024 18.05578976
v -5.89280000 243.41265081 18.01197650
v -5.89280000 243.35740000 17.97505909
v -5.89280000 243.29780318 17.94566920
v -5.89280000 243.23488007 17.92430968
v -5.89280000 243.16970731 17.91134601
v -5.89280000 243.61140000 22.02180000
v -5.89280000 243.10340000 22.52980000
v -5.89280000 243.16970731 22.52545399
v -5.89280000 243.23488007 22.51249032
v -5.89280000 243.29780318 22.49113080
v -5.89280000 243.35740000 22.46174091
v -5.89280000 243.41265081 22.42482350
v -5.89280000 243.46261024 22.38101024
v -5.89280000 243.50642350 22.33105081
v -5.89280000 243.54334091 22.27580000
v -5.89280000 243.57273080 22.21620318
v -5.89280000 243.59409032 22.15328007
v -5.89280000 243.60705399 22.08810731
v -5.89280000 239.49660000 22.52980000
v -5.89280000 238.98860000 22.02180000
v -5.89280000 238.99294601 22.08810731
v -5.89280000 239.00590968 22.15328007
v -5.89280000 239.02726920 22.21620318
v -5.89280000 239.05665909 22.27580000
v -5.89280000 239.09357650 22.33105081
v -5.89280000 239.13738976 22.38101024
v -5.89280000 239.18734919 22.42482350
v -5.89280000 239.24260000 22.46174091
v -5.89280000 239.30219682 22.49113080
v -5.89280000 239.36511993 22.51249032
v -5.89280000 239.43029269 22.52545399
v -5.89280000 226.79660000 5.20700000
v -5.89280000 226.73029269 5.21134601
v -5.89280000 226.66511993 5.22430968
v -5.89280000 226.60219682 5.24566920
v -5.89280000 226.54260000 5.27505909
v -5.89280000 226.48734919 5.31197650
v -5.89280000 226.43738976 5.35578976
v -5.89280000 226.39357650 5.40574919
v -5.89280000 226.35665909 5.46100000
v -5.89280000 226.32726920 5.52059682
v -5.89280000 226.30590968 5.58351993
v -5.89280000 226.29294601 5.64869269
v -5.89280000 226.28860000 5.71500000
v -5.89280000 230.40340000 5.20700000
v -5.89280000 230.91140000 5.71500000
v -5.89280000 230.90705399 5.64869269
v -5.89280000 230.89409032 5.58351993
v -5.89280000 230.87273080 5.52059682
v -5.89280000 230.84334091 5.46100000
v -5.89280000 230.80642350 5.40574919
v -5.89280000 230.76261024 5.35578976
v -5.89280000 230.71265081 5.31197650
v -5.89280000 230.65740000 5.27505909
v -5.89280000 230.59780318 5.24566920
v -5.89280000 230.53488007 5.22430968
v -5.89280000 230.46970731 5.21134601
v -5.89280000 230.91140000 9.32180000
v -5.89280000 230.40340000 9.82980000
v -5.89280000 230.46970731 9.82545399
v -5.89280000 230.53488007 9.81249032
v -5.89280000 230.59780318 9.79113080
v -5.89280000 230.65740000 9.76174091
v -5.89280000 230.71265081 9.72482350
v -5.89280000 230.76261024 9.68101024
v -5.89280000 230.80642350 9.63105081
v -5.89280000 230.84334091 9.57580000
v -5.89280000 230.87273080 9.51620318
v -5.89280000 230.89409032 9.45328007
v -5.89280000 230.90705399 9.38810731
v -5.89280000 226.79660000 9.82980000
v -5.89280000 226.28860000 9.32180000
v -5.89280000 226.29294601 9.38810731
v -5.89280000 226.30590968 9.45328007
v -5.89280000 226.32726920 9.51620318
v -5.89280000 226.35665909 9.57580000
v -5.89280000 226.39357650 9.63105081
v -5.89280000 226.43738976 9.68101024
v -5.89280000 226.48734919 9.72482350
v -5.89280000 226.54260000 9.76174091
v -5.89280000 226.60219682 9.79113080
v -5.89280000 226.66511993 9.81249032
v -5.89280000 226.73029269 9.82545399
v -5.89280000 226.79660000 17.90700000
v -5.89280000 226.73029269 17.91134601
v -5.89280000 226.66511993 17.92430968
v -5.89280000 226.60219682 17.94566920
v -5.89280000 226.54260000 17.97505909
v -5.89280000 226.48734919 18.01197650
v -5.89280000 226.43738976 18.05578976
v -5.89280000 226.39357650 18.10574919
v -5.89280000 226.35665909 18.16100000
v -5.89280000 226.32726920 18.22059682
v -5.89280000 226.30590968 18.28351993
v -5.89280000 226.29294601 18.34869269
v -5.89280000 226.28860000 18.41500000
v -5.89280000 230.40340000 17.90700000
v -5.89280000 230.91140000 18.41500000
v -5.89280000 230.90705399 18.34869269
v -5.89280000 230.89409032 18.28351993
v -5.89280000 230.87273080 18.22059682
v -5.89280000 230.84334091 18.16100000
v -5.89280000 230.80642350 18.10574919
v -5.89280000 230.76261024 18.05578976
v -5.89280000 230.71265081 18.01197650
v -5.89280000 230.65740000 17.97505909
v -5.89280000 230.59780318 17.94566920
v -5.89280000 230.53488007 17.92430968
v -5.89280000 230.46970731 17.91134601
v -5.89280000 230.91140000 22.02180000
v -5.89280000 230.40340000 22.52980000
v -5.89280000 230.46970731 22.52545399
v -5.89280000 230.53488007 22.51249032
v -5.89280000 230.59780318 22.49113080
v -5.89280000 230.65740000 22.46174091
v -5.89280000 230.71265081 22.42482350
v -5.89280000 230.76261024 22.38101024
v -5.89280000 230.80642350 22.33105081
v -5.89280000 230.84334091 22.27580000
v -5.89280000 230.87273080 22.21620318
v -5.89280000 230.89409032 22.15328007
v -5.89280000 230.90705399 22.08810731
v -5.89280000 226.79660000 22.52980000
v -5.89280000 226.28860000 22.02180000
v -5.89280000 226.29294601 22.08810731
v -5.89280000 226.30590968 22.15328007
v -5.89280000 226.32726920 22.21620318
v -5.89280000 226.35665909 22.27580000
v -5.89280000 226.39357650 22.33105081
v -5.89280000 226.43738976 22.38101024
v -5.89280000 226.48734919 22.42482350
v -5.89280000 226.54260000 22.46174091
v -5.89280000 226.60219682 22.49113080
v -5.89280000 226.66511993 22.51249032
v -5.89280000 226.73029269 22.52545399
v -5.89280000 214.09660000 5.20700000
v -5.89280000 214.03029269 5.21134601
v -5.89280000 213.96511993 5.22430968
v -5.89280000 213.90219682 5.24566920
v -5.89280000 213.84260000 5.27505909
v -5.89280000 213.78734919 5.31197650
v -5.89280000 213.73738976 5.35578976
v -5.89280000 213.69357650 5.40574919
v -5.89280000 213.65665909 5.46100000
v -5.89280000 213.62726920 5.52059682
v -5.89280000 213.60590968 5.58351993
v -5.89280000 213.59294601 5.64869269
v -5.89280000 213.58860000 5.71500000
v -5.89280000 217.70340000 5.20700000
v -5.89280000 218.21140000 5.71500000
v -5.89280000 218.20705399 5.64869269
v -5.89280000 218.19409032 5.58351993
v -5.89280000 218.17273080 5.52059682
v -5.89280000 218.14334091 5.46100000
v -5.89280000 218.10642350 5.40574919
v -5.89280000 218.06261024 5.35578976
v -5.89280000 218.01265081 5.31197650
v -5.89280000 217.95740000 5.27505909
v -5.89280000 217.89780318 5.24566920
v -5.89280000 217.83488007 5.22430968
v -5.89280000 217.76970731 5.21134601
v -5.89280000 218.21140000 9.32180000
v -5.89280000 217.70340000 9.82980000
v -5.89280000 217.76970731 9.82545399
v -5.89280000 217.83488007 9.81249032
v -5.89280000 217.89780318 9.79113080
v -5.89280000 217.95740000 9.76174091
v -5.89280000 218.01265081 9.72482350
v -5.89280000 218.06261024 9.68101024
v -5.89280000 218.10642350 9.63105081
v -5.89280000 218.14334091 9.57580000
v -5.89280000 218.17273080 9.51620318
v -5.89280000 218.19409032 9.45328007
v -5.89280000 218.20705399 9.38810731
v -5.89280000 214.09660000 9.82980000
v -5.89280000 213.58860000 9.32180000
v -5.89280000 213.59294601 9.38810731
v -5.89280000 213.60590968 9.45328007
v -5.89280000 213.62726920 9.51620318
v -5.89280000 213.65665909 9.57580000
v -5.89280000 213.69357650 9.63105081
v -5.89280000 213.73738976 9.68101024
v -5.89280000 213.78734919 9.72482350
v -5.89280000 213.84260000 9.76174091
v -5.89280000 213.90219682 9.79113080
v -5.89280000 213.96511993 9.81249032
v -5.89280000 214.03029269 9.82545399
v -5.89280000 214.09660000 17.90700000
v -5.89280000 214.03029269 17.91134601
v -5.89280000 213.96511993 17.92430968
v -5.89280000 213.90219682 17.94566920
v -5.89280000 213.84260000 17.97505909
v -5.89280000 213.78734919 18.01197650
v -5.89280000 213.73738976 18.05578976
v -5.89280000 213.69357650 18.10574919
v -5.89280000 213.65665909 18.16100000
v -5.89280000 213.62726920 18.22059682
v -5.89280000 213.60590968 18.28351993
v -5.89280000 213.59294601 18.34869269
v -5.89280000 213.58860000 18.41500000
v -5.89280000 217.70340000 17.90700000
v -5.89280000 218.21140000 18.41500000
v -5.89280000 218.20705399 18.34869269
v -5.89280000 218.19409032 18.28351993
v -5.89280000 218.17273080 18.22059682
v -5.89280000 218.14334091 18.16100000
v -5.89280000 218.10642350 18.10574919
v -5.89280000 218.06261024 18.05578976
v -5.89280000 218.01265081 18.01197650
v -5.89280000 217.95740000 17.97505909
v -5.89280000 217.89780318 17.94566920
v -5.89280000 217.83488007 17.92430968
v -5.89280000 217.76970731 17.91134601
v -5.89280000 218.21140000 22.02180000
v -5.89280000 217.70340000 22.52980000
v -5.89280000 217.76970731 22.52545399
v -5.89280000 217.83488007 22.51249032
v -5.89280000 217.89780318 22.49113080
v -5.89280000 217.95740000 22.46174091
v -5.89280000 218.01265081 22.42482350
v -5.89280000 218.06261024 22.38101024
v -5.89280000 218.10642350 22.33105081
v -5.89280000 218.14334091 22.27580000
v -5.89280000 218.17273080 22.21620318
v -5.89280000 218.19409032 22.15328007
v -5.89280000 218.20705399 22.08810731
v -5.89280000 214.09660000 22.52980000
v -5.89280000 213.58860000 22.02180000
v -5.89280000 213.59294601 22.08810731
v -5.89280000 213.60590968 22.15328007
v -5.89280000 213.62726920 22.21620318
v -5.89280000 213.65665909 22.27580000
v -5.89280000 213.69357650 22.33105081
v -5.89280000 213.73738976 22.38101024
v -5.89280000 213.78734919 22.42482350
v -5.89280000 213.84260000 22.46174091
v -5.89280000 213.90219682 22.49113080
v -5.89280000 213.96511993 22.51249032
v -5.89280000 214.03029269 22.52545399
v -5.89280000 201.39660000 5.20700000
v -5.89280000 201.33029269 5.21134601
v -5.89280000 201.26511993 5.22430968
v -5.89280000 201.20219682 5.24566920
v -5.89280000 201.14260000 5.27505909
v -5.89280000 201.08734919 5.31197650
v -5.89280000 201.03738976 5.35578976
v -5.89280000 200.99357650 5.40574919
v -5.89280000 200.95665909 5.46100000
v -5.89280000 200.92726920 5.52059682
v -5.89280000 200.90590968 5.58351993
v -5.89280000 200.89294601 5.64869269
v -5.89280000 200.88860000 5.71500000
v -5.89280000 205.00340000 5.20700000
v -5.89280000 205.51140000 5.71500000
v -5.89280000 205.50705399 5.64869269
v -5.89280000 205.49409032 5.58351993
v -5.89280000 205.47273080 5.52059682
v -5.89280000 205.44334091 5.46100000
v -5.89280000 205.40642350 5.40574919
v -5.89280000 205.36261024 5.35578976
v -5.89280000 205.31265081 5.31197650
v -5.89280000 205.25740000 5.27505909
v -5.89280000 205.19780318 5.24566920
v -5.89280000 205.13488007 5.22430968
v -5.89280000 205.06970731 5.21134601
v -5.89280000 205.51140000 9.32180000
v -5.89280000 205.00340000 9.82980000
v -5.89280000 205.06970731 9.82545399
v -5.89280000 205.13488007 9.81249032
v -5.89280000 205.19780318 9.79113080
v -5.89280000 205.25740000 9.76174091
v -5.89280000 205.31265081 9.72482350
v -5.89280000 205.36261024 9.68101024
v -5.89280000 205.40642350 9.63105081
v -5.89280000 205.44334091 9.57580000
v -5.89280000 205.47273080 9.51620318
v -5.89280000 205.49409032 9.45328007
v -5.89280000 205.50705399 9.38810731
v -5.89280000 201.39660000 9.82980000
v -5.89280000 200.88860000 9.32180000
v -5.89280000 200.89294601 9.38810731
v -5.89280000 200.90590968 9.45328007
v -5.89280000 200.92726920 9.51620318
v -5.89280000 200.95665909 9.57580000
v -5.89280000 200.99357650 9.63105081
v -5.89280000 201.03738976 9.68101024
v -5.89280000 201.08734919 9.72482350
v -5.89280000 201.14260000 9.76174091
v -5.89280000 201.20219682 9.79113080
v -5.89280000 201.26511993 9.81249032
v -5.89280000 201.33029269 9.82545399
v -5.89280000 201.39660000 17.90700000
v -5.89280000 201.33029269 17.91134601
v -5.89280000 201.26511993 17.92430968
v -5.89280000 201.20219682 17.94566920
v -5.89280000 201.14260000 17.97505909
v -5.89280000 201.08734919 18.01197650
v -5.89280000 201.03738976 18.05578976
v -5.89280000 200.99357650 18.10574919
v -5.89280000 200.95665909 18.16100000
v -5.89280000 200.92726920 18.22059682
v -5.89280000 200.90590968 18.28351993
v -5.89280000 200.89294601 18.34869269
v -5.89280000 200.88860000 18.41500000
v -5.89280000 205.00340000 17.90700000
v -5.89280000 205.51140000 18.41500000
v -5.89280000 205.50705399 18.34869269
v -5.89280000 205.49409032 18.28351993
v -5.89280000 205.47273080 18.22059682
v -5.89280000 205.44334091 18.16100000
v -5.89280000 205.40642350 18.10574919
v -5.89280000 205.36261024 18.05578976
v -5.89280000 205.31265081 18.01197650
v -5.89280000 205.25740000 17.97505909
v -5.89280000 205.19780318 17.94566920
v -5.89280000 205.13488007 17.92430968
v -5.89280000 205.06970731 17.91134601
v -5.89280000 205.51140000 22.02180000
v -5.89280000 205.00340000 22.52980000
v -5.89280000 205.06970731 22.52545399
v -5.89280000 205.13488007 22.51249032
v -5.89280000 205.19780318 22.49113080
v -5.89280000 205.25740000 22.46174091
v -5.89280000 205.31265081 22.42482350
v -5.89280000 205.36261024 22.38101024
v -5.89280000 205.40642350 22.33105081
v -5.89280000 205.44334091 22.27580000
v -5.89280000 205.47273080 22.21620318
v -5.89280000 205.49409032 22.15328007
v -5.89280000 205.50705399 22.08810731
v -5.89280000 201.39660000 22.52980000
v -5.89280000 200.88860000 22.02180000
v -5.89280000 200.89294601 22.08810731
v -5.89280000 200.90590968 22.15328007
v -5.89280000 200.92726920 22.21620318
v -5.89280000 200.95665909 22.27580000
v -5.89280000 200.99357650 22.33105081
v -5.89280000 201.03738976 22.38101024
v -5.89280000 201.08734919 22.42482350
v -5.89280000 201.14260000 22.46174091
v -5.89280000 201.20219682 22.49113080
v -5.89280000 201.26511993 22.51249032
v -5.89280000 201.33029269 22.52545399
v -5.89280000 188.69660000 5.20700000
v -5.89280000 188.63029269 5.21134601
v -5.89280000 188.56511993 5.22430968
v -5.89280000 188.50219682 5.24566920
v -5.89280000 188.44260000 5.27505909
v -5.89280000 188.38734919 5.31197650
v -5.89280000 188.33738976 5.35578976
v -5.89280000 188.29357650 5.40574919
v -5.89280000 188.25665909 5.46100000
v -5.89280000 188.22726920 5.52059682
v -5.89280000 188.20590968 5.58351993
v -5.89280000 188.19294601 5.64869269
v -5.89280000 188.18860000 5.71500000
v -5.89280000 192.30340000 5.20700000
v -5.89280000 192.81140000 5.71500000
v -5.89280000 192.80705399 5.64869269
v -5.89280000 192.79409032 5.58351993
v -5.89280000 192.77273080 5.52059682
v -5.89280000 192.74334091 5.46100000
v -5.89280000 192.70642350 5.40574919
v -5.89280000 192.66261024 5.35578976
v -5.89280000 192.61265081 5.31197650
v -5.89280000 192.55740000 5.27505909
v -5.89280000 192.49780318 5.24566920
v -5.89280000 192.43488007 5.22430968
v -5.89280000 192.36970731 5.21134601
v -5.89280000 192.81140000 9.32180000
v -5.89280000 192.30340000 9.82980000
v -5.89280000 192.36970731 9.82545399
v -5.89280000 192.43488007 9.81249032
v -5.89280000 192.49780318 9.79113080
v -5.89280000 192.55740000 9.76174091
v -5.89280000 192.61265081 9.72482350
v -5.89280000 192.66261024 9.68101024
v -5.89280000 192.70642350 9.63105081
v -5.89280000 192.74334091 9.57580000
v -5.89280000 192.77273080 9.51620318
v -5.89280000 192.79409032 9.45328007
v -5.89280000 192.80705399 9.38810731
v -5.89280000 188.69660000 9.82980000
v -5.89280000 188.18860000 9.32180000
v -5.89280000 188.19294601 9.38810731
v -5.89280000 188.20590968 9.45328007
v -5.89280000 188.22726920 9.51620318
v -5.89280000 188.25665909 9.57580000
v -5.89280000 188.29357650 9.63105081
v -5.89280000 188.33738976 9.68101024
v -5.89280000 188.38734919 9.72482350
v -5.89280000 188.44260000 9.76174091
v -5.89280000 188.50219682 9.79113080
v -5.89280000 188.56511993 9.81249032
v -5.89280000 188.63029269 9.82545399
v -5.89280000 188.69660000 17.90700000
v -5.89280000 188.63029269 17.91134601
v -5.89280000 188.56511993 17.92430968
v -5.89280000 188.50219682 17.94566920
v -5.89280000 188.44260000 17.97505909
v -5.89280000 188.38734919 18.01197650
v -5.89280000 188.33738976 18.05578976
v -5.89280000 188.29357650 18.10574919
v -5.89280000 188.25665909 18.16100000
v -5.89280000 188.22726920 18.22059682
v -5.89280000 188.20590968 18.28351993
v -5.89280000 188.19294601 18.34869269
v -5.89280000 188.18860000 18.41500000
v -5.89280000 192.30340000 17.90700000
v -5.89280000 192.81140000 18.41500000
v -5.89280000 192.80705399 18.34869269
v -5.89280000 192.79409032 18.28351993
v -5.89280000 192.77273080 18.22059682
v -5.89280000 192.74334091 18.16100000
v -5.89280000 192.70642350 18.10574919
v -5.89280000 192.66261024 18.05578976
v -5.89280000 192.61265081 18.01197650
v -5.89280000 192.55740000 17.97505909
v -5.89280000 192.49780318 17.94566920
v -5.89280000 192.43488007 17.92430968
v -5.89280000 192.36970731 17.91134601
v -5.89280000 192.81140000 22.02180000
v -5.89280000 192.30340000 22.52980000
v -5.89280000 192.36970731 22.52545399
v -5.89280000 192.43488007 22.51249032
v -5.89280000 192.49780318 22.49113080
v -5.89280000 192.55740000 22.46174091
v -5.89280000 192.61265081 22.42482350
v -5.89280000 192.66261024 22.38101024
v -5.89280000 192.70642350 22.33105081
v -5.89280000 192.74334091 22.27580000
v -5.89280000 192.77273080 22.21620318
v -5.89280000 192.79409032 22.15328007
v -5.89280000 192.80705399 22.08810731
v -5.89280000 188.69660000 22.52980000
v -5.89280000 188.18860000 22.02180000
v -5.89280000 188.19294601 22.08810731
v -5.89280000 188.20590968 22.15328007
v -5.89280000 188.22726920 22.21620318
v -5.89280000 188.25665909 22.27580000
v -5.89280000 188.29357650 22.33105081
v -5.89280000 188.33738976 22.38101024
v -5.89280000 188.38734919 22.42482350
v -5.89280000 188.44260000 22.46174091
v -5.89280000 188.50219682 22.49113080
v -5.89280000 188.56511993 22.51249032
v -5.89280000 188.63029269 22.52545399
v -5.89280000 175.99660000 5.20700000
v -5.89280000 175.93029269 5.21134601
v -5.89280000 175.86511993 5.22430968
v -5.89280000 175.80219682 5.24566920
v -5.89280000 175.74260000 5.27505909
v -5.89280000 175.68734919 5.31197650
v -5.89280000 175.63738976 5.35578976
v -5.89280000 175.59357650 5.40574919
v -5.89280000 175.55665909 5.46100000
v -5.89280000 175.52726920 5.52059682
v -5.89280000 175.50590968 5.58351993
v -5.89280000 175.49294601 5.64869269
v -5.89280000 175.48860000 5.71500000
v -5.89280000 179.60340000 5.20700000
v -5.89280000 180.11140000 5.71500000
v -5.89280000 180.10705399 5.64869269
v -5.89280000 180.09409032 5.58351993
v -5.89280000 180.07273080 5.52059682
v -5.89280000 180.04334091 5.46100000
v -5.89280000 180.00642350 5.40574919
v -5.89280000 179.96261024 5.35578976
v -5.89280000 179.91265081 5.31197650
v -5.89280000 179.85740000 5.27505909
v -5.89280000 179.79780318 5.24566920
v -5.89280000 179.73488007 5.22430968
v -5.89280000 179.66970731 5.21134601
v -5.89280000 180.11140000 9.32180000
v -5.89280000 179.60340000 9.82980000
v -5.89280000 179.66970731 9.82545399
v -5.89280000 179.73488007 9.81249032
v -5.89280000 179.79780318 9.79113080
v -5.89280000 179.85740000 9.76174091
v -5.89280000 179.91265081 9.72482350
v -5.89280000 179.96261024 9.68101024
v -5.89280000 180.00642350 9.63105081
v -5.89280000 180.04334091 9.57580000
v -5.89280000 180.07273080 9.51620318
v -5.89280000 180.09409032 9.45328007
v -5.89280000 180.10705399 9.38810731
v -5.89280000 175.99660000 9.82980000
v -5.89280000 175.48860000 9.32180000
v -5.89280000 175.49294601 9.38810731
v -5.89280000 175.50590968 9.45328007
v -5.89280000 175.52726920 9.51620318
v -5.89280000 175.55665909 9.57580000
v -5.89280000 175.59357650 9.63105081
v -5.89280000 175.63738976 9.68101024
v -5.89280000 175.68734919 9.72482350
v -5.89280000 175.74260000 9.76174091
v -5.89280000 175.80219682 9.79113080
v -5.89280000 175.86511993 9.81249032
v -5.89280000 175.93029269 9.82545399
v -5.89280000 175.99660000 17.90700000
v -5.89280000 175.93029269 17.91134601
v -5.89280000 175.86511993 17.92430968
v -5.89280000 175.80219682 17.94566920
v -5.89280000 175.74260000 17.97505909
v -5.89280000 175.68734919 18.01197650
v -5.89280000 175.63738976 18.05578976
v -5.89280000 175.59357650 18.10574919
v -5.89280000 175.55665909 18.16100000
v -5.89280000 175.52726920 18.22059682
v -5.89280000 175.50590968 18.28351993
v -5.89280000 175.49294601 18.34869269
v -5.89280000 175.48860000 18.41500000
v -5.89280000 179.60340000 17.90700000
v -5.89280000 180.11140000 18.41500000
v -5.89280000 180.10705399 18.34869269
v -5.89280000 180.09409032 18.28351993
v -5.89280000 180.07273080 18.22059682
v -5.89280000 180.04334091 18.16100000
v -5.89280000 180.00642350 18.10574919
v -5.89280000 179.96261024 18.05578976
v -5.89280000 179.91265081 18.01197650
v -5.89280000 179.85740000 17.97505909
v -5.89280000 179.79780318 17.94566920
v -5.89280000 179.73488007 17.92430968
v -5.89280000 179.66970731 17.91134601
v -5.89280000 180.11140000 22.02180000
v -5.89280000 179.60340000 22.52980000
v -5.89280000 179.66970731 22.52545399
v -5.89280000 179.73488007 22.51249032
v -5.89280000 179.79780318 22.49113080
v -5.89280000 179.85740000 22.46174091
v -5.89280000 179.91265081 22.42482350
v -5.89280000 179.96261024 22.38101024
v -5.89280000 180.00642350 22.33105081
v -5.89280000 180.04334091 22.27580000
v -5.89280000 180.07273080 22.21620318
v -5.89280000 180.09409032 22.15328007
v -5.89280000 180.10705399 22.08810731
v -5.89280000 175.99660000 22.52980000
v -5.89280000 175.48860000 22.02180000
v -5.89280000 175.49294601 22.08810731
v -5.89280000 175.50590968 22.15328007
v -5.89280000 175.52726920 22.21620318
v -5.89280000 175.55665909 22.27580000
v -5.89280000 175.59357650 22.33105081
v -5.89280000 175.63738976 22.38101024
v -5.89280000 175.68734919 22.42482350
v -5.89280000 175.74260000 22.46174091
v -5.89280000 175.80219682 22.49113080
v -5.89280000 175.86511993 22.51249032
v -5.89280000 175.93029269 22.52545399
v -5.89280000 163.29660000 5.20700000
v -5.89280000 163.23029269 5.21134601
v -5.89280000 163.16511993 5.22430968
v -5.89280000 163.10219682 5.24566920
v -5.89280000 163.04260000 5.27505909
v -5.89280000 162.98734919 5.31197650
v -5.89280000 162.93738976 5.35578976
v -5.89280000 162.89357650 5.40574919
v -5.89280000 162.85665909 5.46100000
v -5.89280000 162.82726920 5.52059682
v -5.89280000 162.80590968 5.58351993
v -5.89280000 162.79294601 5.64869269
v -5.89280000 162.78860000 5.71500000
v -5.89280000 166.90340000 5.20700000
v -5.89280000 167.41140000 5.71500000
v -5.89280000 167.40705399 5.64869269
v -5.89280000 167.39409032 5.58351993
v -5.89280000 167.37273080 5.52059682
v -5.89280000 167.34334091 5.46100000
v -5.89280000 167.30642350 5.40574919
v -5.89280000 167.26261024 5.35578976
v -5.89280000 167.21265081 5.31197650
v -5.89280000 167.15740000 5.27505909
v -5.89280000 167.09780318 5.24566920
v -5.89280000 167.03488007 5.22430968
v -5.89280000 166.96970731 5.21134601
v -5.89280000 167.41140000 9.32180000
v -5.89280000 166.90340000 9.82980000
v -5.89280000 166.96970731 9.82545399
v -5.89280000 167.03488007 9.81249032
v -5.89280000 167.09780318 9.79113080
v -5.89280000 167.15740000 9.76174091
v -5.89280000 167.21265081 9.72482350
v -5.89280000 167.26261024 9.68101024
v -5.89280000 167.30642350 9.63105081
v -5.89280000 167.34334091 9.57580000
v -5.89280000 167.37273080 9.51620318
v -5.89280000 167.39409032 9.45328007
v -5.89280000 167.40705399 9.38810731
v -5.89280000 163.29660000 9.82980000
v -5.89280000 162.78860000 9.32180000
v -5.89280000 162.79294601 9.38810731
v -5.89280000 162.80590968 9.45328007
v -5.89280000 162.82726920 9.51620318
v -5.89280000 162.85665909 9.57580000
v -5.89280000 162.89357650 9.63105081
v -5.89280000 162.93738976 9.68101024
v -5.89280000 162.98734919 9.72482350
v -5.89280000 163.04260000 9.76174091
v -5.89280000 163.10219682 9.79113080
v -5.89280000 163.16511993 9.81249032
v -5.89280000 163.23029269 9.82545399
v -5.89280000 163.29660000 17.90700000
v -5.89280000 163.23029269 17.91134601
v -5.89280000 163.16511993 17.92430968
v -5.89280000 163.10219682 17.94566920
v -5.89280000 163.04260000 17.97505909
v -5.89280000 162.98734919 18.01197650
v -5.89280000 162.93738976 18.05578976
v -5.89280000 162.89357650 18.10574919
v -5.89280000 162.85665909 18.16100000
v -5.89280000 162.82726920 18.22059682
v -5.89280000 162.80590968 18.28351993
v -5.89280000 162.79294601 18.34869269
v -5.89280000 162.78860000 18.41500000
v -5.89280000 166.90340000 17.90700000
v -5.89280000 167.41140000 18.41500000
v -5.89280000 167.40705399 18.34869269
v -5.89280000 167.39409032 18.28351993
v -5.89280000 167.37273080 18.22059682
v -5.89280000 167.34334091 18.16100000
v -5.89280000 167.30642350 18.10574919
v -5.89280000 167.26261024 18.05578976
v -5.89280000 167.21265081 18.01197650
v -5.89280000 167.15740000 17.97505909
v -5.89280000 167.09780318 17.94566920
v -5.89280000 167.03488007 17.92430968
v -5.89280000 166.96970731 17.91134601
v -5.89280000 167.41140000 22.02180000
v -5.89280000 166.90340000 22.52980000
v -5.89280000 166.96970731 22.52545399
v -5.89280000 167.03488007 22.51249032
v -5.89280000 167.09780318 22.49113080
v -5.89280000 167.15740000 22.46174091
v -5.89280000 167.21265081 22.42482350
v -5.89280000 167.26261024 22.38101024
v -5.89280000 167.30642350 22.33105081
v -5.89280000 167.34334091 22.27580000
v -5.89280000 167.37273080 22.21620318
v -5.89280000 167.39409032 22.15328007
v -5.89280000 167.40705399 22.08810731
v -5.89280000 163.29660000 22.52980000
v -5.89280000 162.78860000 22.02180000
v -5.89280000 162.79294601 22.08810731
v -5.89280000 162.80590968 22.15328007
v -5.89280000 162.82726920 22.21620318
v -5.89280000 162.85665909 22.27580000
v -5.89280000 162.89357650 22.33105081
v -5.89280000 162.93738976 22.38101024
v -5.89280000 162.98734919 22.42482350
v -5.89280000 163.04260000 22.46174091
v -5.89280000 163.10219682 22.49113080
v -5.89280000 163.16511993 22.51249032
v -5.89280000 163.23029269 22.52545399
v -5.89280000 150.59660000 5.20700000
v -5.89280000 150.53029269 5.21134601
v -5.89280000 150.46511993 5.22430968
v -5.89280000 150.40219682 5.24566920
v -5.89280000 150.34260000 5.27505909
v -5.89280000 150.28734919 5.31197650
v -5.89280000 150.23738976 5.35578976
v -5.89280000 150.19357650 5.40574919
v -5.89280000 150.15665909 5.46100000
v -5.89280000 150.12726920 5.52059682
v -5.89280000 150.10590968 5.58351993
v -5.89280000 150.09294601 5.64869269
v -5.89280000 150.08860000 5.71500000
v -5.89280000 154.20340000 5.20700000
v -5.89280000 154.71140000 5.71500000
v -5.89280000 154.70705399 5.64869269
v -5.89280000 154.69409032 5.58351993
v -5.89280000 154.67273080 5.52059682
v -5.89280000 154.64334091 5.46100000
v -5.89280000 154.60642350 5.40574919
v -5.89280000 154.56261024 5.35578976
v -5.89280000 154.51265081 5.31197650
v -5.89280000 154.45740000 5.27505909
v -5.89280000 154.39780318 5.24566920
v -5.89280000 154.33488007 5.22430968
v -5.89280000 154.26970731 5.21134601
v -5.89280000 154.71140000 9.32180000
v -5.89280000 154.20340000 9.82980000
v -5.89280000 154.26970731 9.82545399
v -5.89280000 154.33488007 9.81249032
v -5.89280000 154.39780318 9.79113080
v -5.89280000 154.45740000 9.76174091
v -5.89280000 154.51265081 9.72482350
v -5.89280000 154.56261024 9.68101024
v -5.89280000 154.60642350 9.63105081
v -5.89280000 154.64334091 9.57580000
v -5.89280000 154.67273080 9.51620318
v -5.89280000 154.69409032 9.45328007
v -5.89280000 154.70705399 9.38810731
v -5.89280000 150.59660000 9.82980000
v -5.89280000 150.08860000 9.32180000
v -5.89280000 150.09294601 9.38810731
v -5.89280000 150.10590968 9.45328007
v -5.89280000 150.12726920 9.51620318
v -5.89280000 150.15665909 9.57580000
v -5.89280000 150.19357650 9.63105081
v -5.89280000 150.23738976 9.68101024
v -5.89280000 150.28734919 9.72482350
v -5.89280000 150.34260000 9.76174091
v -5.89280000 150.40219682 9.79113080
v -5.89280000 150.46511993 9.81249032
v -5.89280000 150.53029269 9.82545399
v -5.89280000 150.59660000 17.90700000
v -5.89280000 150.53029269 17.91134601
v -5.89280000 150.46511993 17.92430968
v -5.89280000 150.40219682 17.94566920
v -5.89280000 150.34260000 17.97505909
v -5.89280000 150.28734919 18.01197650
v -5.89280000 150.23738976 18.05578976
v -5.89280000 150.19357650 18.10574919
v -5.89280000 150.15665909 18.16100000
v -5.89280000 150.12726920 18.22059682
v -5.89280000 150.10590968 18.28351993
v -5.89280000 150.09294601 18.34869269
v -5.89280000 150.08860000 18.41500000
v -5.89280000 154.20340000 17.90700000
v -5.89280000 154.71140000 18.41500000
v -5.89280000 154.70705399 18.34869269
v -5.89280000 154.69409032 18.28351993
v -5.89280000 154.67273080 18.22059682
v -5.89280000 154.64334091 18.16100000
v -5.89280000 154.60642350 18.10574919
v -5.89280000 154.56261024 18.05578976
v -5.89280000 154.51265081 18.01197650
v -5.89280000 154.45740000 17.97505909
v -5.89280000 154.39780318 17.94566920
v -5.89280000 154.33488007 17.92430968
v -5.89280000 154.26970731 17.91134601
v -5.89280000 154.71140000 22.02180000
v -5.89280000 154.20340000 22.52980000
v -5.89280000 154.26970731 22.52545399
v -5.89280000 154.33488007 22.51249032
v -5.89280000 154.39780318 22.49113080
v -5.89280000 154.45740000 22.46174091
v -5.89280000 154.51265081 22.42482350
v -5.89280000 154.56261024 22.38101024
v -5.89280000 154.60642350 22.33105081
v -5.89280000 154.64334091 22.27580000
v -5.89280000 154.67273080 22.21620318
v -5.89280000 154.69409032 22.15328007
v -5.89280000 154.70705399 22.08810731
v -5.89280000 150.59660000 22.52980000
v -5.89280000 150.08860000 22.02180000
v -5.89280000 150.09294601 22.08810731
v -5.89280000 150.10590968 22.15328007
v -5.89280000 150.12726920 22.21620318
v -5.89280000 150.15665909 22.27580000
v -5.89280000 150.19357650 22.33105081
v -5.89280000 150.23738976 22.38101024
v -5.89280000 150.28734919 22.42482350
v -5.89280000 150.34260000 22.46174091
v -5.89280000 150.40219682 22.49113080
v -5.89280000 150.46511993 22.51249032
v -5.89280000 150.53029269 22.52545399
v -5.89280000 137.89660000 5.20700000
v -5.89280000 137.83029269 5.21134601
v -5.89280000 137.76511993 5.22430968
v -5.89280000 137.70219682 5.24566920
v -5.89280000 137.64260000 5.27505909
v -5.89280000 137.58734919 5.31197650
v -5.89280000 137.53738976 5.35578976
v -5.89280000 137.49357650 5.40574919
v -5.89280000 137.45665909 5.46100000
v -5.89280000 137.42726920 5.52059682
v -5.89280000 137.40590968 5.58351993
v -5.89280000 137.39294601 5.64869269
v -5.89280000 137.38860000 5.71500000
v -5.89280000 141.50340000 5.20700000
v -5.89280000 142.01140000 5.71500000
v -5.89280000 142.00705399 5.64869269
v -5.89280000 141.99409032 5.58351993
v -5.89280000 141.97273080 5.52059682
v -5.89280000 141.94334091 5.46100000
v -5.89280000 141.90642350 5.40574919
v -5.89280000 141.86261024 5.35578976
v -5.89280000 141.81265081 5.31197650
v -5.89280000 141.75740000 5.27505909
v -5.89280000 141.69780318 5.24566920
v -5.89280000 141.63488007 5.22430968
v -5.89280000 141.56970731 5.21134601
v -5.89280000 142.01140000 9.32180000
v -5.89280000 141.50340000 9.82980000
v -5.89280000 141.56970731 9.82545399
v -5.89280000 141.63488007 9.81249032
v -5.89280000 141.69780318 9.79113080
v -5.89280000 141.75740000 9.76174091
v -5.89280000 141.81265081 9.72482350
v -5.89280000 141.86261024 9.68101024
v -5.89280000 141.90642350 9.63105081
v -5.89280000 141.94334091 9.57580000
v -5.89280000 141.97273080 9.51620318
v -5.89280000 141.99409032 9.45328007
v -5.89280000 142.00705399 9.38810731
v -5.89280000 137.89660000 9.82980000
v -5.89280000 137.38860000 9.32180000
v -5.89280000 137.39294601 9.38810731
v -5.89280000 137.40590968 9.45328007
v -5.89280000 137.42726920 9.51620318
v -5.89280000 137.45665909 9.57580000
v -5.89280000 137.49357650 9.63105081
v -5.89280000 137.53738976 9.68101024
v -5.89280000 137.58734919 9.72482350
v -5.89280000 137.64260000 9.76174091
v -5.89280000 137.70219682 9.79113080
v -5.89280000 137.76511993 9.81249032
v -5.89280000 137.83029269 9.82545399
v -5.89280000 137.89660000 17.90700000
v -5.89280000 137.83029269 17.91134601
v -5.89280000 137.76511993 17.92430968
v -5.89280000 137.70219682 17.94566920
v -5.89280000 137.64260000 17.97505909
v -5.89280000 137.58734919 18.01197650
v -5.89280000 137.53738976 18.05578976
v -5.89280000 137.49357650 18.10574919
v -5.89280000 137.45665909 18.16100000
v -5.89280000 137.42726920 18.22059682
v -5.89280000 137.40590968 18.28351993
v -5.89280000 137.39294601 18.34869269
v -5.89280000 137.38860000 18.41500000
v -5.89280000 141.50340000 17.90700000
v -5.89280000 142.01140000 18.41500000
v -5.89280000 142.00705399 18.34869269
v -5.89280000 141.99409032 18.28351993
v -5.89280000 141.97273080 18.22059682
v -5.89280000 141.94334091 18.16100000
v -5.89280000 141.90642350 18.10574919
v -5.89280000 141.86261024 18.05578976
v -5.89280000 141.81265081 18.01197650
v -5.89280000 141.75740000 17.97505909
v -5.89280000 141.69780318 17.94566920
v -5.89280000 141.63488007 17.92430968
v -5.89280000 141.56970731 17.91134601
v -5.89280000 142.01140000 22.02180000
v -5.89280000 141.50340000 22.52980000
v -5.89280000 141.56970731 22.52545399
v -5.89280000 141.63488007 22.51249032
v -5.89280000 141.69780318 22.49113080
v -5.89280000 141.75740000 22.46174091
v -5.89280000 141.81265081 22.42482350
v -5.89280000 141.86261024 22.38101024
v -5.89280000 141.90642350 22.33105081
v -5.89280000 141.94334091 22.27580000
v -5.89280000 141.97273080 22.21620318
v -5.89280000 141.99409032 22.15328007
v -5.89280000 142.00705399 22.08810731
v -5.89280000 137.89660000 22.52980000
v -5.89280000 137.38860000 22.02180000
v -5.89280000 137.39294601 22.08810731
v -5.89280000 137.40590968 22.15328007
v -5.89280000 137.42726920 22.21620318
v -5.89280000 137.45665909 22.27580000
v -5.89280000 137.49357650 22.33105081
v -5.89280000 137.53738976 22.38101024
v -5.89280000 137.58734919 22.42482350
v -5.89280000 137.64260000 22.46174091
v -5.89280000 137.70219682 22.49113080
v -5.89280000 137.76511993 22.51249032
v -5.89280000 137.83029269 22.52545399
v -5.89280000 125.19660000 5.20700000
v -5.89280000 125.13029269 5.21134601
v -5.89280000 125.06511993 5.22430968
v -5.89280000 125.00219682 5.24566920
v -5.89280000 124.94260000 5.27505909
v -5.89280000 124.88734919 5.31197650
v -5.89280000 124.83738976 5.35578976
v -5.89280000 124.79357650 5.40574919
v -5.89280000 124.75665909 5.46100000
v -5.89280000 124.72726920 5.52059682
v -5.89280000 124.70590968 5.58351993
v -5.89280000 124.69294601 5.64869269
v -5.89280000 124.68860000 5.71500000
v -5.89280000 128.80340000 5.20700000
v -5.89280000 129.31140000 5.71500000
v -5.89280000 129.30705399 5.64869269
v -5.89280000 129.29409032 5.58351993
v -5.89280000 129.27273080 5.52059682
v -5.89280000 129.24334091 5.46100000
v -5.89280000 129.20642350 5.40574919
v -5.89280000 129.16261024 5.35578976
v -5.89280000 129.11265081 5.31197650
v -5.89280000 129.05740000 5.27505909
v -5.89280000 128.99780318 5.24566920
v -5.89280000 128.93488007 5.22430968
v -5.89280000 128.86970731 5.21134601
v -5.89280000 129.31140000 9.32180000
v -5.89280000 128.80340000 9.82980000
v -5.89280000 128.86970731 9.82545399
v -5.89280000 128.93488007 9.81249032
v -5.89280000 128.99780318 9.79113080
v -5.89280000 129.05740000 9.76174091
v -5.89280000 129.11265081 9.72482350
v -5.89280000 129.16261024 9.68101024
v -5.89280000 129.20642350 9.63105081
v -5.89280000 129.24334091 9.57580000
v -5.89280000 129.27273080 9.51620318
v -5.89280000 129.29409032 9.45328007
v -5.89280000 129.30705399 9.38810731
v -5.89280000 125.19660000 9.82980000
v -5.89280000 124.68860000 9.32180000
v -5.89280000 124.69294601 9.38810731
v -5.89280000 124.70590968 9.45328007
v -5.89280000 124.72726920 9.51620318
v -5.89280000 124.75665909 9.57580000
v -5.89280000 124.79357650 9.63105081
v -5.89280000 124.83738976 9.68101024
v -5.89280000 124.88734919 9.72482350
v -5.89280000 124.94260000 9.76174091
v -5.89280000 125.00219682 9.79113080
v -5.89280000 125.06511993 9.81249032
v -5.89280000 125.13029269 9.82545399
v -5.89280000 125.19660000 17.90700000
v -5.89280000 125.13029269 17.91134601
v -5.89280000 125.06511993 17.92430968
v -5.89280000 125.00219682 17.94566920
v -5.89280000 124.94260000 17.97505909
v -5.89280000 124.88734919 18.01197650
v -5.89280000 124.83738976 18.05578976
v -5.89280000 124.79357650 18.10574919
v -5.89280000 124.75665909 18.16100000
v -5.89280000 124.72726920 18.22059682
v -5.89280000 124.70590968 18.28351993
v -5.89280000 124.69294601 18.34869269
v -5.89280000 124.68860000 18.41500000
v -5.89280000 128.80340000 17.90700000
v -5.89280000 129.31140000 18.41500000
v -5.89280000 129.30705399 18.34869269
v -5.89280000 129.29409032 18.28351993
v -5.89280000 129.27273080 18.22059682
v -5.89280000 129.24334091 18.16100000
v -5.89280000 129.20642350 18.10574919
v -5.89280000 129.16261024 18.05578976
v -5.89280000 129.11265081 18.01197650
v -5.89280000 129.05740000 17.97505909
v -5.89280000 128.99780318 17.94566920
v -5.89280000 128.93488007 17.92430968
v -5.89280000 128.86970731 17.91134601
v -5.89280000 129.31140000 22.02180000
v -5.89280000 128.80340000 22.52980000
v -5.89280000 128.86970731 22.52545399
v -5.89280000 128.93488007 22.51249032
v -5.89280000 128.99780318 22.49113080
v -5.89280000 129.05740000 22.46174091
v -5.89280000 129.11265081 22.42482350
v -5.89280000 129.16261024 22.38101024
v -5.89280000 129.20642350 22.33105081
v -5.89280000 129.24334091 22.27580000
v -5.89280000 129.27273080 22.21620318
v -5.89280000 129.29409032 22.15328007
v -5.89280000 129.30705399 22.08810731
v -5.89280000 125.19660000 22.52980000
v -5.89280000 124.68860000 22.02180000
v -5.89280000 124.69294601 22.08810731
v -5.89280000 124.70590968 22.15328007
v -5.89280000 124.72726920 22.21620318
v -5.89280000 124.75665909 22.27580000
v -5.89280000 124.79357650 22.33105081
v -5.89280000 124.83738976 22.38101024
v -5.89280000 124.88734919 22.42482350
v -5.89280000 124.94260000 22.46174091
v -5.89280000 125.00219682 22.49113080
v -5.89280000 125.06511993 22.51249032
v -5.89280000 125.13029269 22.52545399
v -5.89280000 112.49660000 5.20700000
v -5.89280000 112.43029269 5.21134601
v -5.89280000 112.36511993 5.22430968
v -5.89280000 112.30219682 5.24566920
v -5.89280000 112.24260000 5.27505909
v -5.89280000 112.18734919 5.31197650
v -5.89280000 112.13738976 5.35578976
v -5.89280000 112.09357650 5.40574919
v -5.89280000 112.05665909 5.46100000
v -5.89280000 112.02726920 5.52059682
v -5.89280000 112.00590968 5.58351993
v -5.89280000 111.99294601 5.64869269
v -5.89280000 111.98860000 5.71500000
v -5.89280000 116.10340000 5.20700000
v -5.89280000 116.61140000 5.71500000
v -5.89280000 116.60705399 5.64869269
v -5.89280000 116.59409032 5.58351993
v -5.89280000 116.57273080 5.52059682
v -5.89280000 116.54334091 5.46100000
v -5.89280000 116.50642350 5.40574919
v -5.89280000 116.46261024 5.35578976
v -5.89280000 116.41265081 5.31197650
v -5.89280000 116.35740000 5.27505909
v -5.89280000 116.29780318 5.24566920
v -5.89280000 116.23488007 5.22430968
v -5.89280000 116.16970731 5.21134601
v -5.89280000 116.61140000 9.32180000
v -5.89280000 116.10340000 9.82980000
v -5.89280000 116.16970731 9.82545399
v -5.89280000 116.23488007 9.81249032
v -5.89280000 116.29780318 9.79113080
v -5.89280000 116.35740000 9.76174091
v -5.89280000 116.41265081 9.72482350
v -5.89280000 116.46261024 9.68101024
v -5.89280000 116.50642350 9.63105081
v -5.89280000 116.54334091 9.57580000
v -5.89280000 116.57273080 9.51620318
v -5.89280000 116.59409032 9.45328007
v -5.89280000 116.60705399 9.38810731
v -5.89280000 112.49660000 9.82980000
v -5.89280000 111.98860000 9.32180000
v -5.89280000 111.99294601 9.38810731
v -5.89280000 112.00590968 9.45328007
v -5.89280000 112.02726920 9.51620318
v -5.89280000 112.05665909 9.57580000
v -5.89280000 112.09357650 9.63105081
v -5.89280000 112.13738976 9.68101024
v -5.89280000 112.18734919 9.72482350
v -5.89280000 112.24260000 9.76174091
v -5.89280000 112.30219682 9.79113080
v -5.89280000 112.36511993 9.81249032
v -5.89280000 112.43029269 9.82545399
v -5.89280000 112.49660000 17.90700000
v -5.89280000 112.43029269 17.91134601
v -5.89280000 112.36511993 17.92430968
v -5.89280000 112.30219682 17.94566920
v -5.89280000 112.24260000 17.97505909
v -5.89280000 112.18734919 18.01197650
v -5.89280000 112.13738976 18.05578976
v -5.89280000 112.09357650 18.10574919
v -5.89280000 112.05665909 18.16100000
v -5.89280000 112.02726920 18.22059682
v -5.89280000 112.00590968 18.28351993
v -5.89280000 111.99294601 18.34869269
v -5.89280000 111.98860000 18.41500000
v -5.89280000 116.10340000 17.90700000
v -5.89280000 116.61140000 18.41500000
v -5.89280000 116.60705399 18.34869269
v -5.89280000 116.59409032 18.28351993
v -5.89280000 116.57273080 18.22059682
v -5.89280000 116.54334091 18.16100000
v -5.89280000 116.50642350 18.10574919
v -5.89280000 116.46261024 18.05578976
v -5.89280000 116.41265081 18.01197650
v -5.89280000 116.35740000 17.97505909
v -5.89280000 116.29780318 17.94566920
v -5.89280000 116.23488007 17.92430968
v -5.89280000 116.16970731 17.91134601
v -5.89280000 116.61140000 22.02180000
v -5.89280000 116.10340000 22.52980000
v -5.89280000 116.16970731 22.52545399
v -5.89280000 116.23488007 22.51249032
v -5.89280000 116.29780318 22.49113080
v -5.89280000 116.35740000 22.46174091
v -5.89280000 116.41265081 22.42482350
v -5.89280000 116.46261024 22.38101024
v -5.89280000 116.50642350 22.33105081
v -5.89280000 116.54334091 22.27580000
v -5.89280000 116.57273080 22.21620318
v -5.89280000 116.59409032 22.15328007
v -5.89280000 116.60705399 22.08810731
v -5.89280000 112.49660000 22.52980000
v -5.89280000 111.98860000 22.02180000
v -5.89280000 111.99294601 22.08810731
v -5.89280000 112.00590968 22.15328007
v -5.89280000 112.02726920 22.21620318
v -5.89280000 112.05665909 22.27580000
v -5.89280000 112.09357650 22.33105081
v -5.89280000 112.13738976 22.38101024
v -5.89280000 112.18734919 22.42482350
v -5.89280000 112.24260000 22.46174091
v -5.89280000 112.30219682 22.49113080
v -5.89280000 112.36511993 22.51249032
v -5.89280000 112.43029269 22.52545399
v -5.89280000 99.79660000 5.20700000
v -5.89280000 99.73029269 5.21134601
v -5.89280000 99.66511993 5.22430968
v -5.89280000 99.60219682 5.24566920
v -5.89280000 99.54260000 5.27505909
v -5.89280000 99.48734919 5.31197650
v -5.89280000 99.43738976 5.35578976
v -5.89280000 99.39357650 5.40574919
v -5.89280000 99.35665909 5.46100000
v -5.89280000 99.32726920 5.52059682
v -5.89280000 99.30590968 5.58351993
v -5.89280000 99.29294601 5.64869269
v -5.89280000 99.28860000 5.71500000
v -5.89280000 103.40340000 5.20700000
v -5.89280000 103.91140000 5.71500000
v -5.89280000 103.90705399 5.64869269
v -5.89280000 103.89409032 5.58351993
v -5.89280000 103.87273080 5.52059682
v -5.89280000 103.84334091 5.46100000
v -5.89280000 103.80642350 5.40574919
v -5.89280000 103.76261024 5.35578976
v -5.89280000 103.71265081 5.31197650
v -5.89280000 103.65740000 5.27505909
v -5.89280000 103.59780318 5.24566920
v -5.89280000 103.53488007 5.22430968
v -5.89280000 103.46970731 5.21134601
v -5.89280000 103.91140000 9.32180000
v -5.89280000 103.40340000 9.82980000
v -5.89280000 103.46970731 9.82545399
v -5.89280000 103.53488007 9.81249032
v -5.89280000 103.59780318 9.79113080
v -5.89280000 103.65740000 9.76174091
v -5.89280000 103.71265081 9.72482350
v -5.89280000 103.76261024 9.68101024
v -5.89280000 103.80642350 9.63105081
v -5.89280000 103.84334091 9.57580000
v -5.89280000 103.87273080 9.51620318
v -5.89280000 103.89409032 9.45328007
v -5.89280000 103.90705399 9.38810731
v -5.89280000 99.79660000 9.82980000
v -5.89280000 99.28860000 9.32180000
v -5.89280000 99.29294601 9.38810731
v -5.89280000 99.30590968 9.45328007
v -5.89280000 99.32726920 9.51620318
v -5.89280000 99.35665909 9.57580000
v -5.89280000 99.39357650 9.63105081
v -5.89280000 99.43738976 9.68101024
v -5.89280000 99.48734919 9.72482350
v -5.89280000 99.54260000 9.76174091
v -5.89280000 99.60219682 9.79113080
v -5.89280000 99.66511993 9.81249032
v -5.89280000 99.73029269 9.82545399
v -5.89280000 99.79660000 17.90700000
v -5.89280000 99.73029269 17.91134601
v -5.89280000 99.66511993 17.92430968
v -5.89280000 99.60219682 17.94566920
v -5.89280000 99.54260000 17.97505909
v -5.89280000 99.48734919 18.01197650
v -5.89280000 99.43738976 18.05578976
v -5.89280000 99.39357650 18.10574919
v -5.89280000 99.35665909 18.16100000
v -5.89280000 99.32726920 18.22059682
v -5.89280000 99.30590968 18.28351993
v -5.89280000 99.29294601 18.34869269
v -5.89280000 99.28860000 18.41500000
v -5.89280000 103.40340000 17.90700000
v -5.89280000 103.91140000 18.41500000
v -5.89280000 103.90705399 18.34869269
v -5.89280000 103.89409032 18.28351993
v -5.89280000 103.87273080 18.22059682
v -5.89280000 103.84334091 18.16100000
v -5.89280000 103.80642350 18.10574919
v -5.89280000 103.76261024 18.05578976
v -5.89280000 103.71265081 18.01197650
v -5.89280000 103.65740000 17.97505909
v -5.89280000 103.59780318 17.94566920
v -5.89280000 103.53488007 17.92430968
v -5.89280000 103.46970731 17.91134601
v -5.89280000 103.91140000 22.02180000
v -5.89280000 103.40340000 22.52980000
v -5.89280000 103.46970731 22.52545399
v -5.89280000 103.53488007 22.51249032
v -5.89280000 103.59780318 22.49113080
v -5.89280000 103.65740000 22.46174091
v -5.89280000 103.71265081 22.42482350
v -5.89280000 103.76261024 22.38101024
v -5.89280000 103.80642350 22.33105081
v -5.89280000 103.84334091 22.27580000
v -5.89280000 103.87273080 22.21620318
v -5.89280000 103.89409032 22.15328007
v -5.89280000 103.90705399 22.08810731
v -5.89280000 99.79660000 22.52980000
v -5.89280000 99.28860000 22.02180000
v -5.89280000 99.29294601 22.08810731
v -5.89280000 99.30590968 22.15328007
v -5.89280000 99.32726920 22.21620318
v -5.89280000 99.35665909 22.27580000
v -5.89280000 99.39357650 22.33105081
v -5.89280000 99.43738976 22.38101024
v -5.89280000 99.48734919 22.42482350
v -5.89280000 99.54260000 22.46174091
v -5.89280000 99.60219682 22.49113080
v -5.89280000 99.66511993 22.51249032
v -5.89280000 99.73029269 22.52545399
v -5.89280000 87.09660000 5.20700000
v -5.89280000 87.03029269 5.21134601
v -5.89280000 86.96511993 5.22430968
v -5.89280000 86.90219682 5.24566920
v -5.89280000 86.84260000 5.27505909
v -5.89280000 86.78734919 5.31197650
v -5.89280000 86.73738976 5.35578976
v -5.89280000 86.69357650 5.40574919
v -5.89280000 86.65665909 5.46100000
v -5.89280000 86.62726920 5.52059682
v -5.89280000 86.60590968 5.58351993
v -5.89280000 86.59294601 5.64869269
v -5.89280000 86.58860000 5.71500000
v -5.89280000 90.70340000 5.20700000
v -5.89280000 91.21140000 5.71500000
v -5.89280000 91.20705399 5.64869269
v -5.89280000 91.19409032 5.58351993
v -5.89280000 91.17273080 5.52059682
v -5.89280000 91.14334091 5.46100000
v -5.89280000 91.10642350 5.40574919
v -5.89280000 91.06261024 5.35578976
v -5.89280000 91.01265081 5.31197650
v -5.89280000 90.95740000 5.27505909
v -5.89280000 90.89780318 5.24566920
v -5.89280000 90.83488007 5.22430968
v -5.89280000 90.76970731 5.21134601
v -5.89280000 91.21140000 9.32180000
v -5.89280000 90.70340000 9.82980000
v -5.89280000 90.76970731 9.82545399
v -5.89280000 90.83488007 9.81249032
v -5.89280000 90.89780318 9.79113080
v -5.89280000 90.95740000 9.76174091
v -5.89280000 91.01265081 9.72482350
v -5.89280000 91.06261024 9.68101024
v -5.89280000 91.10642350 9.63105081
v -5.89280000 91.14334091 9.57580000
v -5.89280000 91.17273080 9.51620318
v -5.89280000 91.19409032 9.45328007
v -5.89280000 91.20705399 9.38810731
v -5.89280000 87.09660000 9.82980000
v -5.89280000 86.58860000 9.32180000
v -5.89280000 86.59294601 9.38810731
v -5.89280000 86.60590968 9.45328007
v -5.89280000 86.62726920 9.51620318
v -5.89280000 86.65665909 9.57580000
v -5.89280000 86.69357650 9.63105081
v -5.89280000 86.73738976 9.68101024
v -5.89280000 86.78734919 9.72482350
v -5.89280000 86.84260000 9.76174091
v -5.89280000 86.90219682 9.79113080
v -5.89280000 86.96511993 9.81249032
v -5.89280000 87.03029269 9.82545399
v -5.89280000 87.09660000 17.90700000
v -5.89280000 87.03029269 17.91134601
v -5.89280000 86.96511993 17.92430968
v -5.89280000 86.90219682 17.94566920
v -5.89280000 86.84260000 17.97505909
v -5.89280000 86.78734919 18.01197650
v -5.89280000 86.73738976 18.05578976
v -5.89280000 86.69357650 18.10574919
v -5.89280000 86.65665909 18.16100000
v -5.89280000 86.62726920 18.22059682
v -5.89280000 86.60590968 18.28351993
v -5.89280000 86.59294601 18.34869269
v -5.89280000 86.58860000 18.41500000
v -5.89280000 90.70340000 17.90700000
v -5.89280000 91.21140000 18.41500000
v -5.89280000 91.20705399 18.34869269
v -5.89280000 91.19409032 18.28351993
v -5.89280000 91.17273080 18.22059682
v -5.89280000 91.14334091 18.16100000
v -5.89280000 91.10642350 18.10574919
v -5.89280000 91.06261024 18.05578976
v -5.89280000 91.01265081 18.01197650
v -5.89280000 90.95740000 17.97505909
v -5.89280000 90.89780318 17.94566920
v -5.89280000 90.83488007 17.92430968
v -5.89280000 90.76970731 17.91134601
v -5.89280000 91.21140000 22.02180000
v -5.89280000 90.70340000 22.52980000
v -5.89280000 90.76970731 22.52545399
v -5.89280000 90.83488007 22.51249032
v -5.89280000 90.89780318 22.49113080
v -5.89280000 90.95740000 22.46174091
v -5.89280000 91.01265081 22.42482350
v -5.89280000 91.06261024 22.38101024
v -5.89280000 91.10642350 22.33105081
v -5.89280000 91.14334091 22.27580000
v -5.89280000 91.17273080 22.21620318
v -5.89280000 91.19409032 22.15328007
v -5.89280000 91.20705399 22.08810731
v -5.89280000 87.09660000 22.52980000
v -5.89280000 86.58860000 22.02180000
v -5.89280000 86.59294601 22.08810731
v -5.89280000 86.60590968 22.15328007
v -5.89280000 86.62726920 22.21620318
v -5.89280000 86.65665909 22.27580000
v -5.89280000 86.69357650 22.33105081
v -5.89280000 86.73738976 22.38101024
v -5.89280000 86.78734919 22.42482350
v -5.89280000 86.84260000 22.46174091
v -5.89280000 86.90219682 22.49113080
v -5.89280000 86.96511993 22.51249032
v -5.89280000 87.03029269 22.52545399
v -5.89280000 74.39660000 5.20700000
v -5.89280000 74.33029269 5.21134601
v -5.89280000 74.26511993 5.22430968
v -5.89280000 74.20219682 5.24566920
v -5.89280000 74.14260000 5.27505909
v -5.89280000 74.08734919 5.31197650
v -5.89280000 74.03738976 5.35578976
v -5.89280000 73.99357650 5.40574919
v -5.89280000 73.95665909 5.46100000
v -5.89280000 73.92726920 5.52059682
v -5.89280000 73.90590968 5.58351993
v -5.89280000 73.89294601 5.64869269
v -5.89280000 73.88860000 5.71500000
v -5.89280000 78.00340000 5.20700000
v -5.89280000 78.51140000 5.71500000
v -5.89280000 78.50705399 5.64869269
v -5.89280000 78.49409032 5.58351993
v -5.89280000 78.47273080 5.52059682
v -5.89280000 78.44334091 5.46100000
v -5.89280000 78.40642350 5.40574919
v -5.89280000 78.36261024 5.35578976
v -5.89280000 78.31265081 5.31197650
v -5.89280000 78.25740000 5.27505909
v -5.89280000 78.19780318 5.24566920
v -5.89280000 78.13488007 5.22430968
v -5.89280000 78.06970731 5.21134601
v -5.89280000 78.51140000 9.32180000
v -5.89280000 78.00340000 9.82980000
v -5.89280000 78.06970731 9.82545399
v -5.89280000 78.13488007 9.81249032
v -5.89280000 78.19780318 9.79113080
v -5.89280000 78.25740000 9.76174091
v -5.89280000 78.31265081 9.72482350
v -5.89280000 78.36261024 9.68101024
v -5.89280000 78.40642350 9.63105081
v -5.89280000 78.44334091 9.57580000
v -5.89280000 78.47273080 9.51620318
v -5.89280000 78.49409032 9.45328007
v -5.89280000 78.50705399 9.38810731
v -5.89280000 74.39660000 9.82980000
v -5.89280000 73.88860000 9.32180000
v -5.89280000 73.89294601 9.38810731
v -5.89280000 73.90590968 9.45328007
v -5.89280000 73.92726920 9.51620318
v -5.89280000 73.95665909 9.57580000
v -5.89280000 73.99357650 9.63105081
v -5.89280000 74.03738976 9.68101024
v -5.89280000 74.08734919 9.72482350
v -5.89280000 74.14260000 9.76174091
v -5.89280000 74.20219682 9.79113080
v -5.89280000 74.26511993 9.81249032
v -5.89280000 74.33029269 9.82545399
v -5.89280000 74.39660000 17.90700000
v -5.89280000 74.33029269 17.91134601
v -5.89280000 74.26511993 17.92430968
v -5.89280000 74.20219682 17.94566920
v -5.89280000 74.14260000 17.97505909
v -5.89280000 74.08734919 18.01197650
v -5.89280000 74.03738976 18.05578976
v -5.89280000 73.99357650 18.10574919
v -5.89280000 73.95665909 18.16100000
v -5.89280000 73.92726920 18.22059682
v -5.89280000 73.90590968 18.28351993
v -5.89280000 73.89294601 18.34869269
v -5.89280000 73.88860000 18.41500000
v -5.89280000 78.00340000 17.90700000
v -5.89280000 78.51140000 18.41500000
v -5.89280000 78.50705399 18.34869269
v -5.89280000 78.49409032 18.28351993
v -5.89280000 78.47273080 18.22059682
v -5.89280000 78.44334091 18.16100000
v -5.89280000 78.40642350 18.10574919
v -5.89280000 78.36261024 18.05578976
v -5.89280000 78.31265081 18.01197650
v -5.89280000 78.25740000 17.97505909
v -5.89280000 78.19780318 17.94566920
v -5.89280000 78.13488007 17.92430968
v -5.89280000 78.06970731 17.91134601
v -5.89280000 78.51140000 22.02180000
v -5.89280000 78.00340000 22.52980000
v -5.89280000 78.06970731 22.52545399
v -5.89280000 78.13488007 22.51249032
v -5.89280000 78.19780318 22.49113080
v -5.89280000 78.25740000 22.46174091
v -5.89280000 78.31265081 22.42482350
v -5.89280000 78.36261024 22.38101024
v -5.89280000 78.40642350 22.33105081
v -5.89280000 78.44334091 22.27580000
v -5.89280000 78.47273080 22.21620318
v -5.89280000 78.49409032 22.15328007
v -5.89280000 78.50705399 22.08810731
v -5.89280000 74.39660000 22.52980000
v -5.89280000 73.88860000 22.02180000
v -5.89280000 73.89294601 22.08810731
v -5.89280000 73.90590968 22.15328007
v -5.89280000 73.92726920 22.21620318
v -5.89280000 73.95665909 22.27580000
v -5.89280000 73.99357650 22.33105081
v -5.89280000 74.03738976 22.38101024
v -5.89280000 74.08734919 22.42482350
v -5.89280000 74.14260000 22.46174091
v -5.89280000 74.20219682 22.49113080
v -5.89280000 74.26511993 22.51249032
v -5.89280000 74.33029269 22.52545399
v -5.89280000 61.69660000 5.20700000
v -5.89280000 61.63029269 5.21134601
v -5.89280000 61.56511993 5.22430968
v -5.89280000 61.50219682 5.24566920
v -5.89280000 61.44260000 5.27505909
v -5.89280000 61.38734919 5.31197650
v -5.89280000 61.33738976 5.35578976
v -5.89280000 61.29357650 5.40574919
v -5.89280000 61.25665909 5.46100000
v -5.89280000 61.22726920 5.52059682
v -5.89280000 61.20590968 5.58351993
v -5.89280000 61.19294601 5.64869269
v -5.89280000 61.18860000 5.71500000
v -5.89280000 65.30340000 5.20700000
v -5.89280000 65.81140000 5.71500000
v -5.89280000 65.80705399 5.64869269
v -5.89280000 65.79409032 5.58351993
v -5.89280000 65.77273080 5.52059682
v -5.89280000 65.74334091 5.46100000
v -5.89280000 65.70642350 5.40574919
v -5.89280000 65.66261024 5.35578976
v -5.89280000 65.61265081 5.31197650
v -5.89280000 65.55740000 5.27505909
v -5.89280000 65.49780318 5.24566920
v -5.89280000 65.43488007 5.22430968
v -5.89280000 65.36970731 5.21134601
v -5.89280000 65.81140000 9.32180000
v -5.89280000 65.30340000 9.82980000
v -5.89280000 65.36970731 9.82545399
v -5.89280000 65.43488007 9.81249032
v -5.89280000 65.49780318 9.79113080
v -5.89280000 65.55740000 9.76174091
v -5.89280000 65.61265081 9.72482350
v -5.89280000 65.66261024 9.68101024
v -5.89280000 65.70642350 9.63105081
v -5.89280000 65.74334091 9.57580000
v -5.89280000 65.77273080 9.51620318
v -5.89280000 65.79409032 9.45328007
v -5.89280000 65.80705399 9.38810731
v -5.89280000 61.69660000 9.82980000
v -5.89280000 61.18860000 9.32180000
v -5.89280000 61.19294601 9.38810731
v -5.89280000 61.20590968 9.45328007
v -5.89280000 61.22726920 9.51620318
v -5.89280000 61.25665909 9.57580000
v -5.89280000 61.29357650 9.63105081
v -5.89280000 61.33738976 9.68101024
v -5.89280000 61.38734919 9.72482350
v -5.89280000 61.44260000 9.76174091
v -5.89280000 61.50219682 9.79113080
v -5.89280000 61.56511993 9.81249032
v -5.89280000 61.63029269 9.82545399
v -5.89280000 61.69660000 17.90700000
v -5.89280000 61.63029269 17.91134601
v -5.89280000 61.56511993 17.92430968
v -5.89280000 61.50219682 17.94566920
v -5.89280000 61.44260000 17.97505909
v -5.89280000 61.38734919 18.01197650
v -5.89280000 61.33738976 18.05578976
v -5.89280000 61.29357650 18.10574919
v -5.89280000 61.25665909 18.16100000
v -5.89280000 61.22726920 18.22059682
v -5.89280000 61.20590968 18.28351993
v -5.89280000 61.19294601 18.34869269
v -5.89280000 61.18860000 18.41500000
v -5.89280000 65.30340000 17.90700000
v -5.89280000 65.81140000 18.41500000
v -5.89280000 65.80705399 18.34869269
v -5.89280000 65.79409032 18.28351993
v -5.89280000 65.77273080 18.22059682
v -5.89280000 65.74334091 18.16100000
v -5.89280000 65.70642350 18.10574919
v -5.89280000 65.66261024 18.05578976
v -5.89280000 65.61265081 18.01197650
v -5.89280000 65.55740000 17.97505909
v -5.89280000 65.49780318 17.94566920
v -5.89280000 65.43488007 17.92430968
v -5.89280000 65.36970731 17.91134601
v -5.89280000 65.81140000 22.02180000
v -5.89280000 65.30340000 22.52980000
v -5.89280000 65.36970731 22.52545399
v -5.89280000 65.43488007 22.51249032
v -5.89280000 65.49780318 22.49113080
v -5.89280000 65.55740000 22.46174091
v -5.89280000 65.61265081 22.42482350
v -5.89280000 65.66261024 22.38101024
v -5.89280000 65.70642350 22.33105081
v -5.89280000 65.74334091 22.27580000
v -5.89280000 65.77273080 22.21620318
v -5.89280000 65.79409032 22.15328007
v -5.89280000 65.80705399 22.08810731
v -5.89280000 61.69660000 22.52980000
v -5.89280000 61.18860000 22.02180000
v -5.89280000 61.19294601 22.08810731
v -5.89280000 61.20590968 22.15328007
v -5.89280000 61.22726920 22.21620318
v -5.89280000 61.25665909 22.27580000
v -5.89280000 61.29357650 22.33105081
v -5.89280000 61.33738976 22.38101024
v -5.89280000 61.38734919 22.42482350
v -5.89280000 61.44260000 22.46174091
v -5.89280000 61.50219682 22.49113080
v -5.89280000 61.56511993 22.51249032
v -5.89280000 61.63029269 22.52545399
v -5.89280000 48.99660000 5.20700000
v -5.89280000 48.93029269 5.21134601
v -5.89280000 48.86511993 5.22430968
v -5.89280000 48.80219682 5.24566920
v -5.89280000 48.74260000 5.27505909
v -5.89280000 48.68734919 5.31197650
v -5.89280000 48.63738976 5.35578976
v -5.89280000 48.59357650 5.40574919
v -5.89280000 48.55665909 5.46100000
v -5.89280000 48.52726920 5.52059682
v -5.89280000 48.50590968 5.58351993
v -5.89280000 48.49294601 5.64869269
v -5.89280000 48.48860000 5.71500000
v -5.89280000 52.60340000 5.20700000
v -5.89280000 53.11140000 5.71500000
v -5.89280000 53.10705399 5.64869269
v -5.89280000 53.09409032 5.58351993
v -5.89280000 53.07273080 5.52059682
v -5.89280000 53.04334091 5.46100000
v -5.89280000 53.00642350 5.40574919
v -5.89280000 52.96261024 5.35578976
v -5.89280000 52.91265081 5.31197650
v -5.89280000 52.85740000 5.27505909
v -5.89280000 52.79780318 5.24566920
v -5.89280000 52.73488007 5.22430968
v -5.89280000 52.66970731 5.21134601
v -5.89280000 53.11140000 9.32180000
v -5.89280000 52.60340000 9.82980000
v -5.89280000 52.66970731 9.82545399
v -5.89280000 52.73488007 9.81249032
v -5.89280000 52.79780318 9.79113080
v -5.89280000 52.85740000 9.76174091
v -5.89280000 52.91265081 9.72482350
v -5.89280000 52.96261024 9.68101024
v -5.89280000 53.00642350 9.63105081
v -5.89280000 53.04334091 9.57580000
v -5.89280000 53.07273080 9.51620318
v -5.89280000 53.09409032 9.45328007
v -5.89280000 53.10705399 9.38810731
v -5.89280000 48.99660000 9.82980000
v -5.89280000 48.48860000 9.32180000
v -5.89280000 48.49294601 9.38810731
v -5.89280000 48.50590968 9.45328007
v -5.89280000 48.52726920 9.51620318
v -5.89280000 48.55665909 9.57580000
v -5.89280000 48.59357650 9.63105081
v -5.89280000 48.63738976 9.68101024
v -5.89280000 48.68734919 9.72482350
v -5.89280000 48.74260000 9.76174091
v -5.89280000 48.80219682 9.79113080
v -5.89280000 48.86511993 9.81249032
v -5.89280000 48.93029269 9.82545399
v -5.89280000 48.99660000 17.90700000
v -5.89280000 48.93029269 17.91134601
v -5.89280000 48.86511993 17.92430968
v -5.89280000 48.80219682 17.94566920
v -5.89280000 48.74260000 17.97505909
v -5.89280000 48.68734919 18.01197650
v -5.89280000 48.63738976 18.05578976
v -5.89280000 48.59357650 18.10574919
v -5.89280000 48.55665909 18.16100000
v -5.89280000 48.52726920 18.22059682
v -5.89280000 48.50590968 18.28351993
v -5.89280000 48.49294601 18.34869269
v -5.89280000 48.48860000 18.41500000
v -5.89280000 52.60340000 17.90700000
v -5.89280000 53.11140000 18.41500000
v -5.89280000 53.10705399 18.34869269
v -5.89280000 53.09409032 18.28351993
v -5.89280000 53.07273080 18.22059682
v -5.89280000 53.04334091 18.16100000
v -5.89280000 53.00642350 18.10574919
v -5.89280000 52.96261024 18.05578976
v -5.89280000 52.91265081 18.01197650
v -5.89280000 52.85740000 17.97505909
v -5.89280000 52.79780318 17.94566920
v -5.89280000 52.73488007 17.92430968
v -5.89280000 52.66970731 17.91134601
v -5.89280000 53.11140000 22.02180000
v -5.89280000 52.60340000 22.52980000
v -5.89280000 52.66970731 22.52545399
v -5.89280000 52.73488007 22.51249032
v -5.89280000 52.79780318 22.49113080
v -5.89280000 52.85740000 22.46174091
v -5.89280000 52.91265081 22.42482350
v -5.89280000 52.96261024 22.38101024
v -5.89280000 53.00642350 22.33105081
v -5.89280000 53.04334091 22.27580000
v -5.89280000 53.07273080 22.21620318
v -5.89280000 53.09409032 22.15328007
v -5.89280000 53.10705399 22.08810731
v -5.89280000 48.99660000 22.52980000
v -5.89280000 48.48860000 22.02180000
v -5.89280000 48.49294601 22.08810731
v -5.89280000 48.50590968 22.15328007
v -5.89280000 48.52726920 22.21620318
v -5.89280000 48.55665909 22.27580000
v -5.89280000 48.59357650 22.33105081
v -5.89280000 48.63738976 22.38101024
v -5.89280000 48.68734919 22.42482350
v -5.89280000 48.74260000 22.46174091
v -5.89280000 48.80219682 22.49113080
v -5.89280000 48.86511993 22.51249032
v -5.89280000 48.93029269 22.52545399
v -5.89280000 36.29660000 5.20700000
v -5.89280000 36.23029269 5.21134601
v -5.89280000 36.16511993 5.22430968
v -5.89280000 36.10219682 5.24566920
v -5.89280000 36.04260000 5.27505909
v -5.89280000 35.98734919 5.31197650
v -5.89280000 35.93738976 5.35578976
v -5.89280000 35.89357650 5.40574919
v -5.89280000 35.85665909 5.46100000
v -5.89280000 35.82726920 5.52059682
v -5.89280000 35.80590968 5.58351993
v -5.89280000 35.79294601 5.64869269
v -5.89280000 35.78860000 5.71500000
v -5.89280000 39.90340000 5.20700000
v -5.89280000 40.41140000 5.71500000
v -5.89280000 40.40705399 5.64869269
v -5.89280000 40.39409032 5.58351993
v -5.89280000 40.37273080 5.52059682
v -5.89280000 40.34334091 5.46100000
v -5.89280000 40.30642350 5.40574919
v -5.89280000 40.26261024 5.35578976
v -5.89280000 40.21265081 5.31197650
v -5.89280000 40.15740000 5.27505909
v -5.89280000 40.09780318 5.24566920
v -5.89280000 40.03488007 5.22430968
v -5.89280000 39.96970731 5.21134601
v -5.89280000 40.41140000 9.32180000
v -5.89280000 39.90340000 9.82980000
v -5.89280000 39.96970731 9.82545399
v -5.89280000 40.03488007 9.81249032
v -5.89280000 40.09780318 9.79113080
v -5.89280000 40.15740000 9.76174091
v -5.89280000 40.21265081 9.72482350
v -5.89280000 40.26261024 9.68101024
v -5.89280000 40.30642350 9.63105081
v -5.89280000 40.34334091 9.57580000
v -5.89280000 40.37273080 9.51620318
v -5.89280000 40.39409032 9.45328007
v -5.89280000 40.40705399 9.38810731
v -5.89280000 36.29660000 9.82980000
v -5.89280000 35.78860000 9.32180000
v -5.89280000 35.79294601 9.38810731
v -5.89280000 35.80590968 9.45328007
v -5.89280000 35.82726920 9.51620318
v -5.89280000 35.85665909 9.57580000
v -5.89280000 35.89357650 9.63105081
v -5.89280000 35.93738976 9.68101024
v -5.89280000 35.98734919 9.72482350
v -5.89280000 36.04260000 9.76174091
v -5.89280000 36.10219682 9.79113080
v -5.89280000 36.16511993 9.81249032
v -5.89280000 36.23029269 9.82545399
v -5.89280000 36.29660000 17.90700000
v -5.89280000 36.23029269 17.91134601
v -5.89280000 36.16511993 17.92430968
v -5.89280000 36.10219682 17.94566920
v -5.89280000 36.04260000 17.97505909
v -5.89280000 35.98734919 18.01197650
v -5.89280000 35.93738976 18.05578976
v -5.89280000 35.89357650 18.10574919
v -5.89280000 35.85665909 18.16100000
v -5.89280000 35.82726920 18.22059682
v -5.89280000 35.80590968 18.28351993
v -5.89280000 35.79294601 18.34869269
v -5.89280000 35.78860000 18.41500000
v -5.89280000 39.90340000 17.90700000
v -5.89280000 40.41140000 18.41500000
v -5.89280000 40.40705399 18.34869269
v -5.89280000 40.39409032 18.28351993
v -5.89280000 40.37273080 18.22059682
v -5.89280000 40.34334091 18.16100000
v -5.89280000 40.30642350 18.10574919
v -5.89280000 40.26261024 18.05578976
v -5.89280000 40.21265081 18.01197650
v -5.89280000 40.15740000 17.97505909
v -5.89280000 40.09780318 17.94566920
v -5.89280000 40.03488007 17.92430968
v -5.89280000 39.96970731 17.91134601
v -5.89280000 40.41140000 22.02180000
v -5.89280000 39.90340000 22.52980000
v -5.89280000 39.96970731 22.52545399
v -5.89280000 40.03488007 22.51249032
v -5.89280000 40.09780318 22.49113080
v -5.89280000 40.15740000 22.46174091
v -5.89280000 40.21265081 22.42482350
v -5.89280000 40.26261024 22.38101024
v -5.89280000 40.30642350 22.33105081
v -5.89280000 40.34334091 22.27580000
v -5.89280000 40.37273080 22.21620318
v -5.89280000 40.39409032 22.15328007
v -5.89280000 40.40705399 22.08810731
v -5.89280000 36.29660000 22.52980000
v -5.89280000 35.78860000 22.02180000
v -5.89280000 35.79294601 22.08810731
v -5.89280000 35.80590968 22.15328007
v -5.89280000 35.82726920 22.21620318
v -5.89280000 35.85665909 22.27580000
v -5.89280000 35.89357650 22.33105081
v -5.89280000 35.93738976 22.38101024
v -5.89280000 35.98734919 22.42482350
v -5.89280000 36.04260000 22.46174091
v -5.89280000 36.10219682 22.49113080
v -5.89280000 36.16511993 22.51249032
v -5.89280000 36.23029269 22.52545399
v -5.89280000 23.59660000 5.20700000
v -5.89280000 23.53029269 5.21134601
v -5.89280000 23.46511993 5.22430968
v -5.89280000 23.40219682 5.24566920
v -5.89280000 23.34260000 5.27505909
v -5.89280000 23.28734919 5.31197650
v -5.89280000 23.23738976 5.35578976
v -5.89280000 23.19357650 5.40574919
v -5.89280000 23.15665909 5.46100000
v -5.89280000 23.12726920 5.52059682
v -5.89280000 23.10590968 5.58351993
v -5.89280000 23.09294601 5.64869269
v -5.89280000 23.08860000 5.71500000
v -5.89280000 27.20340000 5.20700000
v -5.89280000 27.71140000 5.71500000
v -5.89280000 27.70705399 5.64869269
v -5.89280000 27.69409032 5.58351993
v -5.89280000 27.67273080 5.52059682
v -5.89280000 27.64334091 5.46100000
v -5.89280000 27.60642350 5.40574919
v -5.89280000 27.56261024 5.35578976
v -5.89280000 27.51265081 5.31197650
v -5.89280000 27.45740000 5.27505909
v -5.89280000 27.39780318 5.24566920
v -5.89280000 27.33488007 5.22430968
v -5.89280000 27.26970731 5.21134601
v -5.89280000 27.71140000 9.32180000
v -5.89280000 27.20340000 9.82980000
v -5.89280000 27.26970731 9.82545399
v -5.89280000 27.33488007 9.81249032
v -5.89280000 27.39780318 9.79113080
v -5.89280000 27.45740000 9.76174091
v -5.89280000 27.51265081 9.72482350
v -5.89280000 27.56261024 9.68101024
v -5.89280000 27.60642350 9.63105081
v -5.89280000 27.64334091 9.57580000
v -5.89280000 27.67273080 9.51620318
v -5.89280000 27.69409032 9.45328007
v -5.89280000 27.70705399 9.38810731
v -5.89280000 23.59660000 9.82980000
v -5.89280000 23.08860000 9.32180000
v -5.89280000 23.09294601 9.38810731
v -5.89280000 23.10590968 9.45328007
v -5.89280000 23.12726920 9.51620318
v -5.89280000 23.15665909 9.57580000
v -5.89280000 23.19357650 9.63105081
v -5.89280000 23.23738976 9.68101024
v -5.89280000 23.28734919 9.72482350
v -5.89280000 23.34260000 9.76174091
v -5.89280000 23.40219682 9.79113080
v -5.89280000 23.46511993 9.81249032
v -5.89280000 23.53029269 9.82545399
v -5.89280000 23.59660000 17.90700000
v -5.89280000 23.53029269 17.91134601
v -5.89280000 23.46511993 17.92430968
v -5.89280000 23.40219682 17.94566920
v -5.89280000 23.34260000 17.97505909
v -5.89280000 23.28734919 18.01197650
v -5.89280000 23.23738976 18.05578976
v -5.89280000 23.19357650 18.10574919
v -5.89280000 23.15665909 18.16100000
v -5.89280000 23.12726920 18.22059682
v -5.89280000 23.10590968 18.28351993
v -5.89280000 23.09294601 18.34869269
v -5.89280000 23.08860000 18.41500000
v -5.89280000 27.20340000 17.90700000
v -5.89280000 27.71140000 18.41500000
v -5.89280000 27.70705399 18.34869269
v -5.89280000 27.69409032 18.28351993
v -5.89280000 27.67273080 18.22059682
v -5.89280000 27.64334091 18.16100000
v -5.89280000 27.60642350 18.10574919
v -5.89280000 27.56261024 18.05578976
v -5.89280000 27.51265081 18.01197650
v -5.89280000 27.45740000 17.97505909
v -5.89280000 27.39780318 17.94566920
v -5.89280000 27.33488007 17.92430968
v -5.89280000 27.26970731 17.91134601
v -5.89280000 27.71140000 22.02180000
v -5.89280000 27.20340000 22.52980000
v -5.89280000 27.26970731 22.52545399
v -5.89280000 27.33488007 22.51249032
v -5.89280000 27.39780318 22.49113080
v -5.89280000 27.45740000 22.46174091
v -5.89280000 27.51265081 22.42482350
v -5.89280000 27.56261024 22.38101024
v -5.89280000 27.60642350 22.33105081
v -5.89280000 27.64334091 22.27580000
v -5.89280000 27.67273080 22.21620318
v -5.89280000 27.69409032 22.15328007
v -5.89280000 27.70705399 22.08810731
v -5.89280000 23.59660000 22.52980000
v -5.89280000 23.08860000 22.02180000
v -5.89280000 23.09294601 22.08810731
v -5.89280000 23.10590968 22.15328007
v -5.89280000 23.12726920 22.21620318
v -5.89280000 23.15665909 22.27580000
v -5.89280000 23.19357650 22.33105081
v -5.89280000 23.23738976 22.38101024
v -5.89280000 23.28734919 22.42482350
v -5.89280000 23.34260000 22.46174091
v -5.89280000 23.40219682 22.49113080
v -5.89280000 23.46511993 22.51249032
v -5.89280000 23.53029269 22.52545399
v -5.89280000 10.89660000 5.20700000
v -5.89280000 10.83029269 5.21134601
v -5.89280000 10.76511993 5.22430968
v -5.89280000 10.70219682 5.24566920
v -5.89280000 10.64260000 5.27505909
v -5.89280000 10.58734919 5.31197650
v -5.89280000 10.53738976 5.35578976
v -5.89280000 10.49357650 5.40574919
v -5.89280000 10.45665909 5.46100000
v -5.89280000 10.42726920 5.52059682
v -5.89280000 10.40590968 5.58351993
v -5.89280000 10.39294601 5.64869269
v -5.89280000 10.38860000 5.71500000
v -5.89280000 14.50340000 5.20700000
v -5.89280000 15.01140000 5.71500000
v -5.89280000 15.00705399 5.64869269
v -5.89280000 14.99409032 5.58351993
v -5.89280000 14.97273080 5.52059682
v -5.89280000 14.94334091 5.46100000
v -5.89280000 14.90642350 5.40574919
v -5.89280000 14.86261024 5.35578976
v -5.89280000 14.81265081 5.31197650
v -5.89280000 14.75740000 5.27505909
v -5.89280000 14.69780318 5.24566920
v -5.89280000 14.63488007 5.22430968
v -5.89280000 14.56970731 5.21134601
v -5.89280000 15.01140000 9.32180000
v -5.89280000 14.50340000 9.82980000
v -5.89280000 14.56970731 9.82545399
v -5.89280000 14.63488007 9.81249032
v -5.89280000 14.69780318 9.79113080
v -5.89280000 14.75740000 9.76174091
v -5.89280000 14.81265081 9.72482350
v -5.89280000 14.86261024 9.68101024
v -5.89280000 14.90642350 9.63105081
v -5.89280000 14.94334091 9.57580000
v -5.89280000 14.97273080 9.51620318
v -5.89280000 14.99409032 9.45328007
v -5.89280000 15.00705399 9.38810731
v -5.89280000 10.89660000 9.82980000
v -5.89280000 10.38860000 9.32180000
v -5.89280000 10.39294601 9.38810731
v -5.89280000 10.40590968 9.45328007
v -5.89280000 10.42726920 9.51620318
v -5.89280000 10.45665909 9.57580000
v -5.89280000 10.49357650 9.63105081
v -5.89280000 10.53738976 9.68101024
v -5.89280000 10.58734919 9.72482350
v -5.89280000 10.64260000 9.76174091
v -5.89280000 10.70219682 9.79113080
v -5.89280000 10.76511993 9.81249032
v -5.89280000 10.83029269 9.82545399
v -5.89280000 10.89660000 17.90700000
v -5.89280000 10.83029269 17.91134601
v -5.89280000 10.76511993 17.92430968
v -5.89280000 10.70219682 17.94566920
v -5.89280000 10.64260000 17.97505909
v -5.89280000 10.58734919 18.01197650
v -5.89280000 10.53738976 18.05578976
v -5.89280000 10.49357650 18.10574919
v -5.89280000 10.45665909 18.16100000
v -5.89280000 10.42726920 18.22059682
v -5.89280000 10.40590968 18.28351993
v -5.89280000 10.39294601 18.34869269
v -5.89280000 10.38860000 18.41500000
v -5.89280000 14.50340000 17.90700000
v -5.89280000 15.01140000 18.41500000
v -5.89280000 15.00705399 18.34869269
v -5.89280000 14.99409032 18.28351993
v -5.89280000 14.97273080 18.22059682
v -5.89280000 14.94334091 18.16100000
v -5.89280000 14.90642350 18.10574919
v -5.89280000 14.86261024 18.05578976
v -5.89280000 14.81265081 18.01197650
v -5.89280000 14.75740000 17.97505909
v -5.89280000 14.69780318 17.94566920
v -5.89280000 14.63488007 17.92430968
v -5.89280000 14.56970731 17.91134601
v -5.89280000 15.01140000 22.02180000
v -5.89280000 14.50340000 22.52980000
v -5.89280000 14.56970731 22.52545399
v -5.89280000 14.63488007 22.51249032
v -5.89280000 14.69780318 22.49113080
v -5.89280000 14.75740000 22.46174091
v -5.89280000 14.81265081 22.42482350
v -5.89280000 14.86261024 22.38101024
v -5.89280000 14.90642350 22.33105081
v -5.89280000 14.94334091 22.27580000
v -5.89280000 14.97273080 22.21620318
v -5.89280000 14.99409032 22.15328007
v -5.89280000 15.00705399 22.08810731
v -5.89280000 10.89660000 22.52980000
v -5.89280000 10.38860000 22.02180000
v -5.89280000 10.39294601 22.08810731
v -5.89280000 10.40590968 22.15328007
v -5.89280000 10.42726920 22.21620318
v -5.89280000 10.45665909 22.27580000
v -5.89280000 10.49357650 22.33105081
v -5.89280000 10.53738976 22.38101024
v -5.89280000 10.58734919 22.42482350
v -5.89280000 10.64260000 22.46174091
v -5.89280000 10.70219682 22.49113080
v -5.89280000 10.76511993 22.51249032
v -5.89280000 10.83029269 22.52545399
v -5.89280000 -1.80340000 5.20700000
v -5.89280000 -1.86970731 5.21134601
v -5.89280000 -1.93488007 5.22430968
v -5.89280000 -1.99780318 5.24566920
v -5.89280000 -2.05740000 5.27505909
v -5.89280000 -2.11265081 5.31197650
v -5.89280000 -2.16261024 5.35578976
v -5.89280000 -2.20642350 5.40574919
v -5.89280000 -2.24334091 5.46100000
v -5.89280000 -2.27273080 5.52059682
v -5.89280000 -2.29409032 5.58351993
v -5.89280000 -2.30705399 5.64869269
v -5.89280000 -2.31140000 5.71500000
v -5.89280000 1.80340000 5.20700000
v -5.89280000 2.31140000 5.71500000
v -5.89280000 2.30705399 5.64869269
v -5.89280000 2.29409032 5.58351993
v -5.89280000 2.27273080 5.52059682
v -5.89280000 2.24334091 5.46100000
v -5.89280000 2.20642350 5.40574919
v -5.89280000 2.16261024 5.35578976
v -5.89280000 2.11265081 5.31197650
v -5.89280000 2.05740000 5.27505909
v -5.89280000 1.99780318 5.24566920
v -5.89280000 1.93488007 5.22430968
v -5.89280000 1.86970731 5.21134601
v -5.89280000 2.31140000 9.32180000
v -5.89280000 1.80340000 9.82980000
v -5.89280000 1.86970731 9.82545399
v -5.89280000 1.93488007 9.81249032
v -5.89280000 1.99780318 9.79113080
v -5.89280000 2.05740000 9.76174091
v -5.89280000 2.11265081 9.72482350
v -5.89280000 2.16261024 9.68101024
v -5.89280000 2.20642350 9.63105081
v -5.89280000 2.24334091 9.57580000
v -5.89280000 2.27273080 9.51620318
v -5.89280000 2.29409032 9.45328007
v -5.89280000 2.30705399 9.38810731
v -5.89280000 -1.80340000 9.82980000
v -5.89280000 -2.31140000 9.32180000
v -5.89280000 -2.30705399 9.38810731
v -5.89280000 -2.29409032 9.45328007
v -5.89280000 -2.27273080 9.51620318
v -5.89280000 -2.24334091 9.57580000
v -5.89280000 -2.20642350 9.63105081
v -5.89280000 -2.16261024 9.68101024
v -5.89280000 -2.11265081 9.72482350
v -5.89280000 -2.05740000 9.76174091
v -5.89280000 -1.99780318 9.79113080
v -5.89280000 -1.93488007 9.81249032
v -5.89280000 -1.86970731 9.82545399
v -5.89280000 -1.80340000 17.90700000
v -5.89280000 -1.86970731 17.91134601
v -5.89280000 -1.93488007 17.92430968
v -5.89280000 -1.99780318 17.94566920
v -5.89280000 -2.05740000 17.97505909
v -5.89280000 -2.11265081 18.01197650
v -5.89280000 -2.16261024 18.05578976
v -5.89280000 -2.20642350 18.10574919
v -5.89280000 -2.24334091 18.16100000
v -5.89280000 -2.27273080 18.22059682
v -5.89280000 -2.29409032 18.28351993
v -5.89280000 -2.30705399 18.34869269
v -5.89280000 -2.31140000 18.41500000
v -5.89280000 1.80340000 17.90700000
v -5.89280000 2.31140000 18.41500000
v -5.89280000 2.30705399 18.34869269
v -5.89280000 2.29409032 18.28351993
v -5.89280000 2.27273080 18.22059682
v -5.89280000 2.24334091 18.16100000
v -5.89280000 2.20642350 18.10574919
v -5.89280000 2.16261024 18.05578976
v -5.89280000 2.11265081 18.01197650
v -5.89280000 2.05740000 17.97505909
v -5.89280000 1.99780318 17.94566920
v -5.89280000 1.93488007 17.92430968
v -5.89280000 1.86970731 17.91134601
v -5.89280000 2.31140000 22.02180000
v -5.89280000 1.80340000 22.52980000
v -5.89280000 1.86970731 22.52545399
v -5.89280000 1.93488007 22.51249032
v -5.89280000 1.99780318 22.49113080
v -5.89280000 2.05740000 22.46174091
v -5.89280000 2.11265081 22.42482350
v -5.89280000 2.16261024 22.38101024
v -5.89280000 2.20642350 22.33105081
v -5.89280000 2.24334091 22.27580000
v -5.89280000 2.27273080 22.21620318
v -5.89280000 2.29409032 22.15328007
v -5.89280000 2.30705399 22.08810731
v -5.89280000 -1.80340000 22.52980000
v -5.89280000 -2.31140000 22.02180000
v -5.89280000 -2.30705399 22.08810731
v -5.89280000 -2.29409032 22.15328007
v -5.89280000 -2.27273080 22.21620318
v -5.89280000 -2.24334091 22.27580000
v -5.89280000 -2.20642350 22.33105081
v -5.89280000 -2.16261024 22.38101024
v -5.89280000 -2.11265081 22.42482350
v -5.89280000 -2.05740000 22.46174091
v -5.89280000 -1.99780318 22.49113080
v -5.89280000 -1.93488007 22.51249032
v -5.89280000 -1.86970731 22.52545399
v -5.89280000 233.14660000 11.55700000
v -5.89280000 233.08029269 11.56134601
v -5.89280000 233.01511993 11.57430968
v -5.89280000 232.95219682 11.59566920
v -5.89280000 232.89260000 11.62505909
v -5.89280000 232.83734919 11.66197650
v -5.89280000 232.78738976 11.70578976
v -5.89280000 232.74357650 11.75574919
v -5.89280000 232.70665909 11.81100000
v -5.89280000 232.67726920 11.87059682
v -5.89280000 232.65590968 11.93351993
v -5.89280000 232.64294601 11.99869269
v -5.89280000 232.63860000 12.06500000
v -5.89280000 236.75340000 11.55700000
v -5.89280000 237.26140000 12.06500000
v -5.89280000 237.25705399 11.99869269
v -5.89280000 237.24409032 11.93351993
v -5.89280000 237.22273080 11.87059682
v -5.89280000 237.19334091 11.81100000
v -5.89280000 237.15642350 11.75574919
v -5.89280000 237.11261024 11.70578976
v -5.89280000 237.06265081 11.66197650
v -5.89280000 237.00740000 11.62505909
v -5.89280000 236.94780318 11.59566920
v -5.89280000 236.88488007 11.57430968
v -5.89280000 236.81970731 11.56134601
v -5.89280000 237.26140000 15.67180000
v -5.89280000 236.75340000 16.17980000
v -5.89280000 236.81970731 16.17545399
v -5.89280000 236.88488007 16.16249032
v -5.89280000 236.94780318 16.14113080
v -5.89280000 237.00740000 16.11174091
v -5.89280000 237.06265081 16.07482350
v -5.89280000 237.11261024 16.03101024
v -5.89280000 237.15642350 15.98105081
v -5.89280000 237.19334091 15.92580000
v -5.89280000 237.22273080 15.86620318
v -5.89280000 237.24409032 15.80328007
v -5.89280000 237.25705399 15.73810731
v -5.89280000 233.14660000 16.17980000
v -5.89280000 232.63860000 15.67180000
v -5.89280000 232.64294601 15.73810731
v -5.89280000 232.65590968 15.80328007
v -5.89280000 232.67726920 15.86620318
v -5.89280000 232.70665909 15.92580000
v -5.89280000 232.74357650 15.98105081
v -5.89280000 232.78738976 16.03101024
v -5.89280000 232.83734919 16.07482350
v -5.89280000 232.89260000 16.11174091
v -5.89280000 232.95219682 16.14113080
v -5.89280000 233.01511993 16.16249032
v -5.89280000 233.08029269 16.17545399
v -5.89280000 220.44660000 11.55700000
v -5.89280000 220.38029269 11.56134601
v -5.89280000 220.31511993 11.57430968
v -5.89280000 220.25219682 11.59566920
v -5.89280000 220.19260000 11.62505909
v -5.89280000 220.13734919 11.66197650
v -5.89280000 220.08738976 11.70578976
v -5.89280000 220.04357650 11.75574919
v -5.89280000 220.00665909 11.81100000
v -5.89280000 219.97726920 11.87059682
v -5.89280000 219.95590968 11.93351993
v -5.89280000 219.94294601 11.99869269
v -5.89280000 219.93860000 12.06500000
v -5.89280000 224.05340000 11.55700000
v -5.89280000 224.56140000 12.06500000
v -5.89280000 224.55705399 11.99869269
v -5.89280000 224.54409032 11.93351993
v -5.89280000 224.52273080 11.87059682
v -5.89280000 224.49334091 11.81100000
v -5.89280000 224.45642350 11.75574919
v -5.89280000 224.41261024 11.70578976
v -5.89280000 224.36265081 11.66197650
v -5.89280000 224.30740000 11.62505909
v -5.89280000 224.24780318 11.59566920
v -5.89280000 224.18488007 11.57430968
v -5.89280000 224.11970731 11.56134601
v -5.89280000 224.56140000 15.67180000
v -5.89280000 224.05340000 16.17980000
v -5.89280000 224.11970731 16.17545399
v -5.89280000 224.18488007 16.16249032
v -5.89280000 224.24780318 16.14113080
v -5.89280000 224.30740000 16.11174091
v -5.89280000 224.36265081 16.07482350
v -5.89280000 224.41261024 16.03101024
v -5.89280000 224.45642350 15.98105081
v -5.89280000 224.49334091 15.92580000
v -5.89280000 224.52273080 15.86620318
v -5.89280000 224.54409032 15.80328007
v -5.89280000 224.55705399 15.73810731
v -5.89280000 220.44660000 16.17980000
v -5.89280000 219.93860000 15.67180000
v -5.89280000 219.94294601 15.73810731
v -5.89280000 219.95590968 15.80328007
v -5.89280000 219.97726920 15.86620318
v -5.89280000 220.00665909 15.92580000
v -5.89280000 220.04357650 15.98105081
v -5.89280000 220.08738976 16.03101024
v -5.89280000 220.13734919 16.07482350
v -5.89280000 220.19260000 16.11174091
v -5.89280000 220.25219682 16.14113080
v -5.89280000 220.31511993 16.16249032
v -5.89280000 220.38029269 16.17545399
v -5.89280000 207.74660000 11.55700000
v -5.89280000 207.68029269 11.56134601
v -5.89280000 207.61511993 11.57430968
v -5.89280000 207.55219682 11.59566920
v -5.89280000 207.49260000 11.62505909
v -5.89280000 207.43734919 11.66197650
v -5.89280000 207.38738976 11.70578976
v -5.89280000 207.34357650 11.75574919
v -5.89280000 207.30665909 11.81100000
v -5.89280000 207.27726920 11.87059682
v -5.89280000 207.25590968 11.93351993
v -5.89280000 207.24294601 11.99869269
v -5.89280000 207.23860000 12.06500000
v -5.89280000 211.35340000 11.55700000
v -5.89280000 211.86140000 12.06500000
v -5.89280000 211.85705399 11.99869269
v -5.89280000 211.84409032 11.93351993
v -5.89280000 211.82273080 11.87059682
v -5.89280000 211.79334091 11.81100000
v -5.89280000 211.75642350 11.75574919
v -5.89280000 211.71261024 11.70578976
v -5.89280000 211.66265081 11.66197650
v -5.89280000 211.60740000 11.62505909
v -5.89280000 211.54780318 11.59566920
v -5.89280000 211.48488007 11.57430968
v -5.89280000 211.41970731 11.56134601
v -5.89280000 211.86140000 15.67180000
v -5.89280000 211.35340000 16.17980000
v -5.89280000 211.41970731 16.17545399
v -5.89280000 211.48488007 16.16249032
v -5.89280000 211.54780318 16.14113080
v -5.89280000 211.60740000 16.11174091
v -5.89280000 211.66265081 16.07482350
v -5.89280000 211.71261024 16.03101024
v -5.89280000 211.75642350 15.98105081
v -5.89280000 211.79334091 15.92580000
v -5.89280000 211.82273080 15.86620318
v -5.89280000 211.84409032 15.80328007
v -5.89280000 211.85705399 15.73810731
v -5.89280000 207.74660000 16.17980000
v -5.89280000 207.23860000 15.67180000
v -5.89280000 207.24294601 15.73810731
v -5.89280000 207.25590968 15.80328007
v -5.89280000 207.27726920 15.86620318
v -5.89280000 207.30665909 15.92580000
v -5.89280000 207.34357650 15.98105081
v -5.89280000 207.38738976 16.03101024
v -5.89280000 207.43734919 16.07482350
v -5.89280000 207.49260000 16.11174091
v -5.89280000 207.55219682 16.14113080
v -5.89280000 207.61511993 16.16249032
v -5.89280000 207.68029269 16.17545399
v -5.89280000 195.04660000 11.55700000
v -5.89280000 194.98029269 11.56134601
v -5.89280000 194.91511993 11.57430968
v -5.89280000 194.85219682 11.59566920
v -5.89280000 194.79260000 11.62505909
v -5.89280000 194.73734919 11.66197650
v -5.89280000 194.68738976 11.70578976
v -5.89280000 194.64357650 11.75574919
v -5.89280000 194.60665909 11.81100000
v -5.89280000 194.57726920 11.87059682
v -5.89280000 194.55590968 11.93351993
v -5.89280000 194.54294601 11.99869269
v -5.89280000 194.53860000 12.06500000
v -5.89280000 198.65340000 11.55700000
v -5.89280000 199.16140000 12.06500000
v -5.89280000 199.15705399 11.99869269
v -5.89280000 199.14409032 11.93351993
v -5.89280000 199.12273080 11.87059682
v -5.89280000 199.09334091 11.81100000
v -5.89280000 199.05642350 11.75574919
v -5.89280000 199.01261024 11.70578976
v -5.89280000 198.96265081 11.66197650
v -5.89280000 198.90740000 11.62505909
v -5.89280000 198.84780318 11.59566920
v -5.89280000 198.78488007 11.57430968
v -5.89280000 198.71970731 11.56134601
v -5.89280000 199.16140000 15.67180000
v -5.89280000 198.65340000 16.17980000
v -5.89280000 198.71970731 16.17545399
v -5.89280000 198.78488007 16.16249032
v -5.89280000 198.84780318 16.14113080
v -5.89280000 198.90740000 16.11174091
v -5.89280000 198.96265081 16.07482350
v -5.89280000 199.01261024 16.03101024
v -5.89280000 199.05642350 15.98105081
v -5.89280000 199.09334091 15.92580000
v -5.89280000 199.12273080 15.86620318
v -5.89280000 199.14409032 15.80328007
v -5.89280000 199.15705399 15.73810731
v -5.89280000 195.04660000 16.17980000
v -5.89280000 194.53860000 15.67180000
v -5.89280000 194.54294601 15.73810731
v -5.89280000 194.55590968 15.80328007
v -5.89280000 194.57726920 15.86620318
v -5.89280000 194.60665909 15.92580000
v -5.89280000 194.64357650 15.98105081
v -5.89280000 194.68738976 16.03101024
v -5.89280000 194.73734919 16.07482350
v -5.89280000 194.79260000 16.11174091
v -5.89280000 194.85219682 16.14113080
v -5.89280000 194.91511993 16.16249032
v -5.89280000 194.98029269 16.17545399
v -5.89280000 182.34660000 11.55700000
v -5.89280000 182.28029269 11.56134601
v -5.89280000 182.21511993 11.57430968
v -5.89280000 182.15219682 11.59566920
v -5.89280000 182.09260000 11.62505909
v -5.89280000 182.03734919 11.66197650
v -5.89280000 181.98738976 11.70578976
v -5.89280000 181.94357650 11.75574919
v -5.89280000 181.90665909 11.81100000
v -5.89280000 181.87726920 11.87059682
v -5.89280000 181.85590968 11.93351993
v -5.89280000 181.84294601 11.99869269
v -5.89280000 181.83860000 12.06500000
v -5.89280000 185.95340000 11.55700000
v -5.89280000 186.46140000 12.06500000
v -5.89280000 186.45705399 11.99869269
v -5.89280000 186.44409032 11.93351993
v -5.89280000 186.42273080 11.87059682
v -5.89280000 186.39334091 11.81100000
v -5.89280000 186.35642350 11.75574919
v -5.89280000 186.31261024 11.70578976
v -5.89280000 186.26265081 11.66197650
v -5.89280000 186.20740000 11.62505909
v -5.89280000 186.14780318 11.59566920
v -5.89280000 186.08488007 11.57430968
v -5.89280000 186.01970731 11.56134601
v -5.89280000 186.46140000 15.67180000
v -5.89280000 185.95340000 16.17980000
v -5.89280000 186.01970731 16.17545399
v -5.89280000 186.08488007 16.16249032
v -5.89280000 186.14780318 16.14113080
v -5.89280000 186.20740000 16.11174091
v -5.89280000 186.26265081 16.07482350
v -5.89280000 186.31261024 16.03101024
v -5.89280000 186.35642350 15.98105081
v -5.89280000 186.39334091 15.92580000
v -5.89280000 186.42273080 15.86620318
v -5.89280000 186.44409032 15.80328007
v -5.89280000 186.45705399 15.73810731
v -5.89280000 182.34660000 16.17980000
v -5.89280000 181.83860000 15.67180000
v -5.89280000 181.84294601 15.73810731
v -5.89280000 181.85590968 15.80328007
v -5.89280000 181.87726920 15.86620318
v -5.89280000 181.90665909 15.92580000
v -5.89280000 181.94357650 15.98105081
v -5.89280000 181.98738976 16.03101024
v -5.89280000 182.03734919 16.07482350
v -5.89280000 182.09260000 16.11174091
v -5.89280000 182.15219682 16.14113080
v -5.89280000 182.21511993 16.16249032
v -5.89280000 182.28029269 16.17545399
v -5.89280000 169.64660000 11.55700000
v -5.89280000 169.58029269 11.56134601
v -5.89280000 169.51511993 11.57430968
v -5.89280000 169.45219682 11.59566920
v -5.89280000 169.39260000 11.62505909
v -5.89280000 169.33734919 11.66197650
v -5.89280000 169.28738976 11.70578976
v -5.89280000 169.24357650 11.75574919
v -5.89280000 169.20665909 11.81100000
v -5.89280000 169.17726920 11.87059682
v -5.89280000 169.15590968 11.93351993
v -5.89280000 169.14294601 11.99869269
v -5.89280000 169.13860000 12.06500000
v -5.89280000 173.25340000 11.55700000
v -5.89280000 173.76140000 12.06500000
v -5.89280000 173.75705399 11.99869269
v -5.89280000 173.74409032 11.93351993
v -5.89280000 173.72273080 11.87059682
v -5.89280000 173.69334091 11.81100000
v -5.89280000 173.65642350 11.75574919
v -5.89280000 173.61261024 11.70578976
v -5.89280000 173.56265081 11.66197650
v -5.89280000 173.50740000 11.62505909
v -5.89280000 173.44780318 11.59566920
v -5.89280000 173.38488007 11.57430968
v -5.89280000 173.31970731 11.56134601
v -5.89280000 173.76140000 15.67180000
v -5.89280000 173.25340000 16.17980000
v -5.89280000 173.31970731 16.17545399
v -5.89280000 173.38488007 16.16249032
v -5.89280000 173.44780318 16.14113080
v -5.89280000 173.50740000 16.11174091
v -5.89280000 173.56265081 16.07482350
v -5.89280000 173.61261024 16.03101024
v -5.89280000 173.65642350 15.98105081
v -5.89280000 173.69334091 15.92580000
v -5.89280000 173.72273080 15.86620318
v -5.89280000 173.74409032 15.80328007
v -5.89280000 173.75705399 15.73810731
v -5.89280000 169.64660000 16.17980000
v -5.89280000 169.13860000 15.67180000
v -5.89280000 169.14294601 15.73810731
v -5.89280000 169.15590968 15.80328007
v -5.89280000 169.17726920 15.86620318
v -5.89280000 169.20665909 15.92580000
v -5.89280000 169.24357650 15.98105081
v -5.89280000 169.28738976 16.03101024
v -5.89280000 169.33734919 16.07482350
v -5.89280000 169.39260000 16.11174091
v -5.89280000 169.45219682 16.14113080
v -5.89280000 169.51511993 16.16249032
v -5.89280000 169.58029269 16.17545399
v -5.89280000 156.94660000 11.55700000
v -5.89280000 156.88029269 11.56134601
v -5.89280000 156.81511993 11.57430968
v -5.89280000 156.75219682 11.59566920
v -5.89280000 156.69260000 11.62505909
v -5.89280000 156.63734919 11.66197650
v -5.89280000 156.58738976 11.70578976
v -5.89280000 156.54357650 11.75574919
v -5.89280000 156.50665909 11.81100000
v -5.89280000 156.47726920 11.87059682
v -5.89280000 156.45590968 11.93351993
v -5.89280000 156.44294601 11.99869269
v -5.89280000 156.43860000 12.06500000
v -5.89280000 160.55340000 11.55700000
v -5.89280000 161.06140000 12.06500000
v -5.89280000 161.05705399 11.99869269
v -5.89280000 161.04409032 11.93351993
v -5.89280000 161.02273080 11.87059682
v -5.89280000 160.99334091 11.81100000
v -5.89280000 160.95642350 11.75574919
v -5.89280000 160.91261024 11.70578976
v -5.89280000 160.86265081 11.66197650
v -5.89280000 160.80740000 11.62505909
v -5.89280000 160.74780318 11.59566920
v -5.89280000 160.68488007 11.57430968
v -5.89280000 160.61970731 11.56134601
v -5.89280000 161.06140000 15.67180000
v -5.89280000 160.55340000 16.17980000
v -5.89280000 160.61970731 16.17545399
v -5.89280000 160.68488007 16.16249032
v -5.89280000 160.74780318 16.14113080
v -5.89280000 160.80740000 16.11174091
v -5.89280000 160.86265081 16.07482350
v -5.89280000 160.91261024 16.03101024
v -5.89280000 160.95642350 15.98105081
v -5.89280000 160.99334091 15.92580000
v -5.89280000 161.02273080 15.86620318
v -5.89280000 161.04409032 15.80328007
v -5.89280000 161.05705399 15.73810731
v -5.89280000 156.94660000 16.17980000
v -5.89280000 156.43860000 15.67180000
v -5.89280000 156.44294601 15.73810731
v -5.89280000 156.45590968 15.80328007
v -5.89280000 156.47726920 15.86620318
v -5.89280000 156.50665909 15.92580000
v -5.89280000 156.54357650 15.98105081
v -5.89280000 156.58738976 16.03101024
v -5.89280000 156.63734919 16.07482350
v -5.89280000 156.69260000 16.11174091
v -5.89280000 156.75219682 16.14113080
v -5.89280000 156.81511993 16.16249032
v -5.89280000 156.88029269 16.17545399
v -5.89280000 144.24660000 11.55700000
v -5.89280000 144.18029269 11.56134601
v -5.89280000 144.11511993 11.57430968
v -5.89280000 144.05219682 11.59566920
v -5.89280000 143.99260000 11.62505909
v -5.89280000 143.93734919 11.66197650
v -5.89280000 143.88738976 11.70578976
v -5.89280000 143.84357650 11.75574919
v -5.89280000 143.80665909 11.81100000
v -5.89280000 143.77726920 11.87059682
v -5.89280000 143.75590968 11.93351993
v -5.89280000 143.74294601 11.99869269
v -5.89280000 143.73860000 12.06500000
v -5.89280000 147.85340000 11.55700000
v -5.89280000 148.36140000 12.06500000
v -5.89280000 148.35705399 11.99869269
v -5.89280000 148.34409032 11.93351993
v -5.89280000 148.32273080 11.87059682
v -5.89280000 148.29334091 11.81100000
v -5.89280000 148.25642350 11.75574919
v -5.89280000 148.21261024 11.70578976
v -5.89280000 148.16265081 11.66197650
v -5.89280000 148.10740000 11.62505909
v -5.89280000 148.04780318 11.59566920
v -5.89280000 147.98488007 11.57430968
v -5.89280000 147.91970731 11.56134601
v -5.89280000 148.36140000 15.67180000
v -5.89280000 147.85340000 16.17980000
v -5.89280000 147.91970731 16.17545399
v -5.89280000 147.98488007 16.16249032
v -5.89280000 148.04780318 16.14113080
v -5.89280000 148.10740000 16.11174091
v -5.89280000 148.16265081 16.07482350
v -5.89280000 148.21261024 16.03101024
v -5.89280000 148.25642350 15.98105081
v -5.89280000 148.29334091 15.92580000
v -5.89280000 148.32273080 15.86620318
v -5.89280000 148.34409032 15.80328007
v -5.89280000 148.35705399 15.73810731
v -5.89280000 144.24660000 16.17980000
v -5.89280000 143.73860000 15.67180000
v -5.89280000 143.74294601 15.73810731
v -5.89280000 143.75590968 15.80328007
v -5.89280000 143.77726920 15.86620318
v -5.89280000 143.80665909 15.92580000
v -5.89280000 143.84357650 15.98105081
v -5.89280000 143.88738976 16.03101024
v -5.89280000 143.93734919 16.07482350
v -5.89280000 143.99260000 16.11174091
v -5.89280000 144.05219682 16.14113080
v -5.89280000 144.11511993 16.16249032
v -5.89280000 144.18029269 16.17545399
v -5.89280000 131.54660000 11.55700000
v -5.89280000 131.48029269 11.56134601
v -5.89280000 131.41511993 11.57430968
v -5.89280000 131.35219682 11.59566920
v -5.89280000 131.29260000 11.62505909
v -5.89280000 131.23734919 11.66197650
v -5.89280000 131.18738976 11.70578976
v -5.89280000 131.14357650 11.75574919
v -5.89280000 131.10665909 11.81100000
v -5.89280000 131.07726920 11.87059682
v -5.89280000 131.05590968 11.93351993
v -5.89280000 131.04294601 11.99869269
v -5.89280000 131.03860000 12.06500000
v -5.89280000 135.15340000 11.55700000
v -5.89280000 135.66140000 12.06500000
v -5.89280000 135.65705399 11.99869269
v -5.89280000 135.64409032 11.93351993
v -5.89280000 135.62273080 11.87059682
v -5.89280000 135.59334091 11.81100000
v -5.89280000 135.55642350 11.75574919
v -5.89280000 135.51261024 11.70578976
v -5.89280000 135.46265081 11.66197650
v -5.89280000 135.40740000 11.62505909
v -5.89280000 135.34780318 11.59566920
v -5.89280000 135.28488007 11.57430968
v -5.89280000 135.21970731 11.56134601
v -5.89280000 135.66140000 15.67180000
v -5.89280000 135.15340000 16.17980000
v -5.89280000 135.21970731 16.17545399
v -5.89280000 135.28488007 16.16249032
v -5.89280000 135.34780318 16.14113080
v -5.89280000 135.40740000 16.11174091
v -5.89280000 135.46265081 16.07482350
v -5.89280000 135.51261024 16.03101024
v -5.89280000 135.55642350 15.98105081
v -5.89280000 135.59334091 15.92580000
v -5.89280000 135.62273080 15.86620318
v -5.89280000 135.64409032 15.80328007
v -5.89280000 135.65705399 15.73810731
v -5.89280000 131.54660000 16.17980000
v -5.89280000 131.03860000 15.67180000
v -5.89280000 131.04294601 15.73810731
v -5.89280000 131.05590968 15.80328007
v -5.89280000 131.07726920 15.86620318
v -5.89280000 131.10665909 15.92580000
v -5.89280000 131.14357650 15.98105081
v -5.89280000 131.18738976 16.03101024
v -5.89280000 131.23734919 16.07482350
v -5.89280000 131.29260000 16.11174091
v -5.89280000 131.35219682 16.14113080
v -5.89280000 131.41511993 16.16249032
v -5.89280000 131.48029269 16.17545399
v -5.89280000 118.84660000 11.55700000
v -5.89280000 118.78029269 11.56134601
v -5.89280000 118.71511993 11.57430968
v -5.89280000 118.65219682 11.59566920
v -5.89280000 118.59260000 11.62505909
v -5.89280000 118.53734919 11.66197650
v -5.89280000 118.48738976 11.70578976
v -5.89280000 118.44357650 11.75574919
v -5.89280000 118.40665909 11.81100000
v -5.89280000 118.37726920 11.87059682
v -5.89280000 118.35590968 11.93351993
v -5.89280000 118.34294601 11.99869269
v -5.89280000 118.33860000 12.06500000
v -5.89280000 122.45340000 11.55700000
v -5.89280000 122.96140000 12.06500000
v -5.89280000 122.95705399 11.99869269
v -5.89280000 122.94409032 11.93351993
v -5.89280000 122.92273080 11.87059682
v -5.89280000 122.89334091 11.81100000
v -5.89280000 122.85642350 11.75574919
v -5.89280000 122.81261024 11.70578976
v -5.89280000 122.76265081 11.66197650
v -5.89280000 122.70740000 11.62505909
v -5.89280000 122.64780318 11.59566920
v -5.89280000 122.58488007 11.57430968
v -5.89280000 122.51970731 11.56134601
v -5.89280000 122.96140000 15.67180000
v -5.89280000 122.45340000 16.17980000
v -5.89280000 122.51970731 16.17545399
v -5.89280000 122.58488007 16.16249032
v -5.89280000 122.64780318 16.14113080
v -5.89280000 122.70740000 16.11174091
v -5.89280000 122.76265081 16.07482350
v -5.89280000 122.81261024 16.03101024
v -5.89280000 122.85642350 15.98105081
v -5.89280000 122.89334091 15.92580000
v -5.89280000 122.92273080 15.86620318
v -5.89280000 122.94409032 15.80328007
v -5.89280000 122.95705399 15.73810731
v -5.89280000 118.84660000 16.17980000
v -5.89280000 118.33860000 15.67180000
v -5.89280000 118.34294601 15.73810731
v -5.89280000 118.35590968 15.80328007
v -5.89280000 118.37726920 15.86620318
v -5.89280000 118.40665909 15.92580000
v -5.89280000 118.44357650 15.98105081
v -5.89280000 118.48738976 16.03101024
v -5.89280000 118.53734919 16.07482350
v -5.89280000 118.59260000 16.11174091
v -5.89280000 118.65219682 16.14113080
v -5.89280000 118.71511993 16.16249032
v -5.89280000 118.78029269 16.17545399
v -5.89280000 106.14660000 11.55700000
v -5.89280000 106.08029269 11.56134601
v -5.89280000 106.01511993 11.57430968
v -5.89280000 105.95219682 11.59566920
v -5.89280000 105.89260000 11.62505909
v -5.89280000 105.83734919 11.66197650
v -5.89280000 105.78738976 11.70578976
v -5.89280000 105.74357650 11.75574919
v -5.89280000 105.70665909 11.81100000
v -5.89280000 105.67726920 11.87059682
v -5.89280000 105.65590968 11.93351993
v -5.89280000 105.64294601 11.99869269
v -5.89280000 105.63860000 12.06500000
v -5.89280000 109.75340000 11.55700000
v -5.89280000 110.26140000 12.06500000
v -5.89280000 110.25705399 11.99869269
v -5.89280000 110.24409032 11.93351993
v -5.89280000 110.22273080 11.87059682
v -5.89280000 110.19334091 11.81100000
v -5.89280000 110.15642350 11.75574919
v -5.89280000 110.11261024 11.70578976
v -5.89280000 110.06265081 11.66197650
v -5.89280000 110.00740000 11.62505909
v -5.89280000 109.94780318 11.59566920
v -5.89280000 109.88488007 11.57430968
v -5.89280000 109.81970731 11.56134601
v -5.89280000 110.26140000 15.67180000
v -5.89280000 109.75340000 16.17980000
v -5.89280000 109.81970731 16.17545399
v -5.89280000 109.88488007 16.16249032
v -5.89280000 109.94780318 16.14113080
v -5.89280000 110.00740000 16.11174091
v -5.89280000 110.06265081 16.07482350
v -5.89280000 110.11261024 16.03101024
v -5.89280000 110.15642350 15.98105081
v -5.89280000 110.19334091 15.92580000
v -5.89280000 110.22273080 15.86620318
v -5.89280000 110.24409032 15.80328007
v -5.89280000 110.25705399 15.73810731
v -5.89280000 106.14660000 16.17980000
v -5.89280000 105.63860000 15.67180000
v -5.89280000 105.64294601 15.73810731
v -5.89280000 105.65590968 15.80328007
v -5.89280000 105.67726920 15.86620318
v -5.89280000 105.70665909 15.92580000
v -5.89280000 105.74357650 15.98105081
v -5.89280000 105.78738976 16.03101024
v -5.89280000 105.83734919 16.07482350
v -5.89280000 105.89260000 16.11174091
v -5.89280000 105.95219682 16.14113080
v -5.89280000 106.01511993 16.16249032
v -5.89280000 106.08029269 16.17545399
v -5.89280000 93.44660000 11.55700000
v -5.89280000 93.38029269 11.56134601
v -5.89280000 93.31511993 11.57430968
v -5.89280000 93.25219682 11.59566920
v -5.89280000 93.19260000 11.62505909
v -5.89280000 93.13734919 11.66197650
v -5.89280000 93.08738976 11.70578976
v -5.89280000 93.04357650 11.75574919
v -5.89280000 93.00665909 11.81100000
v -5.89280000 92.97726920 11.87059682
v -5.89280000 92.95590968 11.93351993
v -5.89280000 92.94294601 11.99869269
v -5.89280000 92.93860000 12.06500000
v -5.89280000 97.05340000 11.55700000
v -5.89280000 97.56140000 12.06500000
v -5.89280000 97.55705399 11.99869269
v -5.89280000 97.54409032 11.93351993
v -5.89280000 97.52273080 11.87059682
v -5.89280000 97.49334091 11.81100000
v -5.89280000 97.45642350 11.75574919
v -5.89280000 97.41261024 11.70578976
v -5.89280000 97.36265081 11.66197650
v -5.89280000 97.30740000 11.62505909
v -5.89280000 97.24780318 11.59566920
v -5.89280000 97.18488007 11.57430968
v -5.89280000 97.11970731 11.56134601
v -5.89280000 97.56140000 15.67180000
v -5.89280000 97.05340000 16.17980000
v -5.89280000 97.11970731 16.17545399
v -5.89280000 97.18488007 16.16249032
v -5.89280000 97.24780318 16.14113080
v -5.89280000 97.30740000 16.11174091
v -5.89280000 97.36265081 16.07482350
v -5.89280000 97.41261024 16.03101024
v -5.89280000 97.45642350 15.98105081
v -5.89280000 97.49334091 15.92580000
v -5.89280000 97.52273080 15.86620318
v -5.89280000 97.54409032 15.80328007
v -5.89280000 97.55705399 15.73810731
v -5.89280000 93.44660000 16.17980000
v -5.89280000 92.93860000 15.67180000
v -5.89280000 92.94294601 15.73810731
v -5.89280000 92.95590968 15.80328007
v -5.89280000 92.97726920 15.86620318
v -5.89280000 93.00665909 15.92580000
v -5.89280000 93.04357650 15.98105081
v -5.89280000 93.08738976 16.03101024
v -5.89280000 93.13734919 16.07482350
v -5.89280000 93.19260000 16.11174091
v -5.89280000 93.25219682 16.14113080
v -5.89280000 93.31511993 16.16249032
v -5.89280000 93.38029269 16.17545399
v -5.89280000 80.74660000 11.55700000
v -5.89280000 80.68029269 11.56134601
v -5.89280000 80.61511993 11.57430968
v -5.89280000 80.55219682 11.59566920
v -5.89280000 80.49260000 11.62505909
v -5.89280000 80.43734919 11.66197650
v -5.89280000 80.38738976 11.70578976
v -5.89280000 80.34357650 11.75574919
v -5.89280000 80.30665909 11.81100000
v -5.89280000 80.27726920 11.87059682
v -5.89280000 80.25590968 11.93351993
v -5.89280000 80.24294601 11.99869269
v -5.89280000 80.23860000 12.06500000
v -5.89280000 84.35340000 11.55700000
v -5.89280000 84.86140000 12.06500000
v -5.89280000 84.85705399 11.99869269
v -5.89280000 84.84409032 11.93351993
v -5.89280000 84.82273080 11.87059682
v -5.89280000 84.79334091 11.81100000
v -5.89280000 84.75642350 11.75574919
v -5.89280000 84.71261024 11.70578976
v -5.89280000 84.66265081 11.66197650
v -5.89280000 84.60740000 11.62505909
v -5.89280000 84.54780318 11.59566920
v -5.89280000 84.48488007 11.57430968
v -5.89280000 84.41970731 11.56134601
v -5.89280000 84.86140000 15.67180000
v -5.89280000 84.35340000 16.17980000
v -5.89280000 84.41970731 16.17545399
v -5.89280000 84.48488007 16.16249032
v -5.89280000 84.54780318 16.14113080
v -5.89280000 84.60740000 16.11174091
v -5.89280000 84.66265081 16.07482350
v -5.89280000 84.71261024 16.03101024
v -5.89280000 84.75642350 15.98105081
v -5.89280000 84.79334091 15.92580000
v -5.89280000 84.82273080 15.86620318
v -5.89280000 84.84409032 15.80328007
v -5.89280000 84.85705399 15.73810731
v -5.89280000 80.74660000 16.17980000
v -5.89280000 80.23860000 15.67180000
v -5.89280000 80.24294601 15.73810731
v -5.89280000 80.25590968 15.80328007
v -5.89280000 80.27726920 15.86620318
v -5.89280000 80.30665909 15.92580000
v -5.89280000 80.34357650 15.98105081
v -5.89280000 80.38738976 16.03101024
v -5.89280000 80.43734919 16.07482350
v -5.89280000 80.49260000 16.11174091
v -5.89280000 80.55219682 16.14113080
v -5.89280000 80.61511993 16.16249032
v -5.89280000 80.68029269 16.17545399
v -5.89280000 68.04660000 11.55700000
v -5.89280000 67.98029269 11.56134601
v -5.89280000 67.91511993 11.57430968
v -5.89280000 67.85219682 11.59566920
v -5.89280000 67.79260000 11.62505909
v -5.89280000 67.73734919 11.66197650
v -5.89280000 67.68738976 11.70578976
v -5.89280000 67.64357650 11.75574919
v -5.89280000 67.60665909 11.81100000
v -5.89280000 67.57726920 11.87059682
v -5.89280000 67.55590968 11.93351993
v -5.89280000 67.54294601 11.99869269
v -5.89280000 67.53860000 12.06500000
v -5.89280000 71.65340000 11.55700000
v -5.89280000 72.16140000 12.06500000
v -5.89280000 72.15705399 11.99869269
v -5.89280000 72.14409032 11.93351993
v -5.89280000 72.12273080 11.87059682
v -5.89280000 72.09334091 11.81100000
v -5.89280000 72.05642350 11.75574919
v -5.89280000 72.01261024 11.70578976
v -5.89280000 71.96265081 11.66197650
v -5.89280000 71.90740000 11.62505909
v -5.89280000 71.84780318 11.59566920
v -5.89280000 71.78488007 11.57430968
v -5.89280000 71.71970731 11.56134601
v -5.89280000 72.16140000 15.67180000
v -5.89280000 71.65340000 16.17980000
v -5.89280000 71.71970731 16.17545399
v -5.89280000 71.78488007 16.16249032
v -5.89280000 71.84780318 16.14113080
v -5.89280000 71.90740000 16.11174091
v -5.89280000 71.96265081 16.07482350
v -5.89280000 72.01261024 16.03101024
v -5.89280000 72.05642350 15.98105081
v -5.89280000 72.09334091 15.92580000
v -5.89280000 72.12273080 15.86620318
v -5.89280000 72.14409032 15.80328007
v -5.89280000 72.15705399 15.73810731
v -5.89280000 68.04660000 16.17980000
v -5.89280000 67.53860000 15.67180000
v -5.89280000 67.54294601 15.73810731
v -5.89280000 67.55590968 15.80328007
v -5.89280000 67.57726920 15.86620318
v -5.89280000 67.60665909 15.92580000
v -5.89280000 67.64357650 15.98105081
v -5.89280000 67.68738976 16.03101024
v -5.89280000 67.73734919 16.07482350
v -5.89280000 67.79260000 16.11174091
v -5.89280000 67.85219682 16.14113080
v -5.89280000 67.91511993 16.16249032
v -5.89280000 67.98029269 16.17545399
v -5.89280000 55.34660000 11.55700000
v -5.89280000 55.28029269 11.56134601
v -5.89280000 55.21511993 11.57430968
v -5.89280000 55.15219682 11.59566920
v -5.89280000 55.09260000 11.62505909
v -5.89280000 55.03734919 11.66197650
v -5.89280000 54.98738976 11.70578976
v -5.89280000 54.94357650 11.75574919
v -5.89280000 54.90665909 11.81100000
v -5.89280000 54.87726920 11.87059682
v -5.89280000 54.85590968 11.93351993
v -5.89280000 54.84294601 11.99869269
v -5.89280000 54.83860000 12.06500000
v -5.89280000 58.95340000 11.55700000
v -5.89280000 59.46140000 12.06500000
v -5.89280000 59.45705399 11.99869269
v -5.89280000 59.44409032 11.93351993
v -5.89280000 59.42273080 11.87059682
v -5.89280000 59.39334091 11.81100000
v -5.89280000 59.35642350 11.75574919
v -5.89280000 59.31261024 11.70578976
v -5.89280000 59.26265081 11.66197650
v -5.89280000 59.20740000 11.62505909
v -5.89280000 59.14780318 11.59566920
v -5.89280000 59.08488007 11.57430968
v -5.89280000 59.01970731 11.56134601
v -5.89280000 59.46140000 15.67180000
v -5.89280000 58.95340000 16.17980000
v -5.89280000 59.01970731 16.17545399
v -5.89280000 59.08488007 16.16249032
v -5.89280000 59.14780318 16.14113080
v -5.89280000 59.20740000 16.11174091
v -5.89280000 59.26265081 16.07482350
v -5.89280000 59.31261024 16.03101024
v -5.89280000 59.35642350 15.98105081
v -5.89280000 59.39334091 15.92580000
v -5.89280000 59.42273080 15.86620318
v -5.89280000 59.44409032 15.80328007
v -5.89280000 59.45705399 15.73810731
v -5.89280000 55.34660000 16.17980000
v -5.89280000 54.83860000 15.67180000
v -5.89280000 54.84294601 15.73810731
v -5.89280000 54.85590968 15.80328007
v -5.89280000 54.87726920 15.86620318
v -5.89280000 54.90665909 15.92580000
v -5.89280000 54.94357650 15.98105081
v -5.89280000 54.98738976 16.03101024
v -5.89280000 55.03734919 16.07482350
v -5.89280000 55.09260000 16.11174091
v -5.89280000 55.15219682 16.14113080
v -5.89280000 55.21511993 16.16249032
v -5.89280000 55.28029269 16.17545399
v -5.89280000 42.64660000 11.55700000
v -5.89280000 42.58029269 11.56134601
v -5.89280000 42.51511993 11.57430968
v -5.89280000 42.45219682 11.59566920
v -5.89280000 42.39260000 11.62505909
v -5.89280000 42.33734919 11.66197650
v -5.89280000 42.28738976 11.70578976
v -5.89280000 42.24357650 11.75574919
v -5.89280000 42.20665909 11.81100000
v -5.89280000 42.17726920 11.87059682
v -5.89280000 42.15590968 11.93351993
v -5.89280000 42.14294601 11.99869269
v -5.89280000 42.13860000 12.06500000
v -5.89280000 46.25340000 11.55700000
v -5.89280000 46.76140000 12.06500000
v -5.89280000 46.75705399 11.99869269
v -5.89280000 46.74409032 11.93351993
v -5.89280000 46.72273080 11.87059682
v -5.89280000 46.69334091 11.81100000
v -5.89280000 46.65642350 11.75574919
v -5.89280000 46.61261024 11.70578976
v -5.89280000 46.56265081 11.66197650
v -5.89280000 46.50740000 11.62505909
v -5.89280000 46.44780318 11.59566920
v -5.89280000 46.38488007 11.57430968
v -5.89280000 46.31970731 11.56134601
v -5.89280000 46.76140000 15.67180000
v -5.89280000 46.25340000 16.17980000
v -5.89280000 46.31970731 16.17545399
v -5.89280000 46.38488007 16.16249032
v -5.89280000 46.44780318 16.14113080
v -5.89280000 46.50740000 16.11174091
v -5.89280000 46.56265081 16.07482350
v -5.89280000 46.61261024 16.03101024
v -5.89280000 46.65642350 15.98105081
v -5.89280000 46.69334091 15.92580000
v -5.89280000 46.72273080 15.86620318
v -5.89280000 46.74409032 15.80328007
v -5.89280000 46.75705399 15.73810731
v -5.89280000 42.64660000 16.17980000
v -5.89280000 42.13860000 15.67180000
v -5.89280000 42.14294601 15.73810731
v -5.89280000 42.15590968 15.80328007
v -5.89280000 42.17726920 15.86620318
v -5.89280000 42.20665909 15.92580000
v -5.89280000 42.24357650 15.98105081
v -5.89280000 42.28738976 16.03101024
v -5.89280000 42.33734919 16.07482350
v -5.89280000 42.39260000 16.11174091
v -5.89280000 42.45219682 16.14113080
v -5.89280000 42.51511993 16.16249032
v -5.89280000 42.58029269 16.17545399
v -5.89280000 29.94660000 11.55700000
v -5.89280000 29.88029269 11.56134601
v -5.89280000 29.81511993 11.57430968
v -5.89280000 29.75219682 11.59566920
v -5.89280000 29.69260000 11.62505909
v -5.89280000 29.63734919 11.66197650
v -5.89280000 29.58738976 11.70578976
v -5.89280000 29.54357650 11.75574919
v -5.89280000 29.50665909 11.81100000
v -5.89280000 29.47726920 11.87059682
v -5.89280000 29.45590968 11.93351993
v -5.89280000 29.44294601 11.99869269
v -5.89280000 29.43860000 12.06500000
v -5.89280000 33.55340000 11.55700000
v -5.89280000 34.06140000 12.06500000
v -5.89280000 34.05705399 11.99869269
v -5.89280000 34.04409032 11.93351993
v -5.89280000 34.02273080 11.87059682
v -5.89280000 33.99334091 11.81100000
v -5.89280000 33.95642350 11.75574919
v -5.89280000 33.91261024 11.70578976
v -5.89280000 33.86265081 11.66197650
v -5.89280000 33.80740000 11.62505909
v -5.89280000 33.74780318 11.59566920
v -5.89280000 33.68488007 11.57430968
v -5.89280000 33.61970731 11.56134601
v -5.89280000 34.06140000 15.67180000
v -5.89280000 33.55340000 16.17980000
v -5.89280000 33.61970731 16.17545399
v -5.89280000 33.68488007 16.16249032
v -5.89280000 33.74780318 16.14113080
v -5.89280000 33.80740000 16.11174091
v -5.89280000 33.86265081 16.07482350
v -5.89280000 33.91261024 16.03101024
v -5.89280000 33.95642350 15.98105081
v -5.89280000 33.99334091 15.92580000
v -5.89280000 34.02273080 15.86620318
v -5.89280000 34.04409032 15.80328007
v -5.89280000 34.05705399 15.73810731
v -5.89280000 29.94660000 16.17980000
v -5.89280000 29.43860000 15.67180000
v -5.89280000 29.44294601 15.73810731
v -5.89280000 29.45590968 15.80328007
v -5.89280000 29.47726920 15.86620318
v -5.89280000 29.50665909 15.92580000
v -5.89280000 29.54357650 15.98105081
v -5.89280000 29.58738976 16.03101024
v -5.89280000 29.63734919 16.07482350
v -5.89280000 29.69260000 16.11174091
v -5.89280000 29.75219682 16.14113080
v -5.89280000 29.81511993 16.16249032
v -5.89280000 29.88029269 16.17545399
v -5.89280000 17.24660000 11.55700000
v -5.89280000 17.18029269 11.56134601
v -5.89280000 17.11511993 11.57430968
v -5.89280000 17.05219682 11.59566920
v -5.89280000 16.99260000 11.62505909
v -5.89280000 16.93734919 11.66197650
v -5.89280000 16.88738976 11.70578976
v -5.89280000 16.84357650 11.75574919
v -5.89280000 16.80665909 11.81100000
v -5.89280000 16.77726920 11.87059682
v -5.89280000 16.75590968 11.93351993
v -5.89280000 16.74294601 11.99869269
v -5.89280000 16.73860000 12.06500000
v -5.89280000 20.85340000 11.55700000
v -5.89280000 21.36140000 12.06500000
v -5.89280000 21.35705399 11.99869269
v -5.89280000 21.34409032 11.93351993
v -5.89280000 21.32273080 11.87059682
v -5.89280000 21.29334091 11.81100000
v -5.89280000 21.25642350 11.75574919
v -5.89280000 21.21261024 11.70578976
v -5.89280000 21.16265081 11.66197650
v -5.89280000 21.10740000 11.62505909
v -5.89280000 21.04780318 11.59566920
v -5.89280000 20.98488007 11.57430968
v -5.89280000 20.91970731 11.56134601
v -5.89280000 21.36140000 15.67180000
v -5.89280000 20.85340000 16.17980000
v -5.89280000 20.91970731 16.17545399
v -5.89280000 20.98488007 16.16249032
v -5.89280000 21.04780318 16.14113080
v -5.89280000 21.10740000 16.11174091
v -5.89280000 21.16265081 16.07482350
v -5.89280000 21.21261024 16.03101024
v -5.89280000 21.25642350 15.98105081
v -5.89280000 21.29334091 15.92580000
v -5.89280000 21.32273080 15.86620318
v -5.89280000 21.34409032 15.80328007
v -5.89280000 21.35705399 15.73810731
v -5.89280000 17.24660000 16.17980000
v -5.89280000 16.73860000 15.67180000
v -5.89280000 16.74294601 15.73810731
v -5.89280000 16.75590968 15.80328007
v -5.89280000 16.77726920 15.86620318
v -5.89280000 16.80665909 15.92580000
v -5.89280000 16.84357650 15.98105081
v -5.89280000 16.88738976 16.03101024
v -5.89280000 16.93734919 16.07482350
v -5.89280000 16.99260000 16.11174091
v -5.89280000 17.05219682 16.14113080
v -5.89280000 17.11511993 16.16249032
v -5.89280000 17.18029269 16.17545399
v -5.89280000 4.54660000 11.55700000
v -5.89280000 4.48029269 11.56134601
v -5.89280000 4.41511993 11.57430968
v -5.89280000 4.35219682 11.59566920
v -5.89280000 4.29260000 11.62505909
v -5.89280000 4.23734919 11.66197650
v -5.89280000 4.18738976 11.70578976
v -5.89280000 4.14357650 11.75574919
v -5.89280000 4.10665909 11.81100000
v -5.89280000 4.07726920 11.87059682
v -5.89280000 4.05590968 11.93351993
v -5.89280000 4.04294601 11.99869269
v -5.89280000 4.03860000 12.06500000
v -5.89280000 8.15340000 11.55700000
v -5.89280000 8.66140000 12.06500000
v -5.89280000 8.65705399 11.99869269
v -5.89280000 8.64409032 11.93351993
v -5.89280000 8.62273080 11.87059682
v -5.89280000 8.59334091 11.81100000
v -5.89280000 8.55642350 11.75574919
v -5.89280000 8.51261024 11.70578976
v -5.89280000 8.46265081 11.66197650
v -5.89280000 8.40740000 11.62505909
v -5.89280000 8.34780318 11.59566920
v -5.89280000 8.28488007 11.57430968
v -5.89280000 8.21970731 11.56134601
v -5.89280000 8.66140000 15.67180000
v -5.89280000 8.15340000 16.17980000
v -5.89280000 8.21970731 16.17545399
v -5.89280000 8.28488007 16.16249032
v -5.89280000 8.34780318 16.14113080
v -5.89280000 8.40740000 16.11174091
v -5.89280000 8.46265081 16.07482350
v -5.89280000 8.51261024 16.03101024
v -5.89280000 8.55642350 15.98105081
v -5.89280000 8.59334091 15.92580000
v -5.89280000 8.62273080 15.86620318
v -5.89280000 8.64409032 15.80328007
v -5.89280000 8.65705399 15.73810731
v -5.89280000 4.54660000 16.17980000
v -5.89280000 4.03860000 15.67180000
v -5.89280000 4.04294601 15.73810731
v -5.89280000 4.05590968 15.80328007
v -5.89280000 4.07726920 15.86620318
v -5.89280000 4.10665909 15.92580000
v -5.89280000 4.14357650 15.98105081
v -5.89280000 4.18738976 16.03101024
v -5.89280000 4.23734919 16.07482350
v -5.89280000 4.29260000 16.11174091
v -5.89280000 4.35219682 16.14113080
v -5.89280000 4.41511993 16.16249032
v -5.89280000 4.48029269 16.17545399
v -7.51840000 247.65000000 23.37301495
v -7.51840000 245.62301495 25.40000000
v -7.51840000 247.65000000 16.17980000
v -7.51840000 245.84660000 16.17980000
v -7.51840000 245.78029269 16.17545399
v -7.51840000 245.71511993 16.16249032
v -7.51840000 245.65219682 16.14113080
v -7.51840000 245.59260000 16.11174091
v -7.51840000 245.53734919 16.07482350
v -7.51840000 245.48738976 16.03101024
v -7.51840000 245.44357650 15.98105081
v -7.51840000 245.40665909 15.92580000
v -7.51840000 245.37726920 15.86620318
v -7.51840000 245.35590968 15.80328007
v -7.51840000 245.34294601 15.73810731
v -7.51840000 245.33860000 15.67180000
v -7.51840000 245.33860000 12.06500000
v -7.51840000 245.34294601 11.99869269
v -7.51840000 245.35590968 11.93351993
v -7.51840000 245.37726920 11.87059682
v -7.51840000 245.40665909 11.81100000
v -7.51840000 245.44357650 11.75574919
v -7.51840000 245.48738976 11.70578976
v -7.51840000 245.53734919 11.66197650
v -7.51840000 245.59260000 11.62505909
v -7.51840000 245.65219682 11.59566920
v -7.51840000 245.71511993 11.57430968
v -7.51840000 245.78029269 11.56134601
v -7.51840000 245.84660000 11.55700000
v -7.51840000 247.65000000 11.55700000
v -7.51840000 247.65000000 3.15048615
v -7.51840000 246.84921492 2.41300000
v -7.51840000 184.95078508 2.41300000
v -7.51840000 184.15000000 3.15048615
v -7.51840000 183.34921492 2.41300000
v -7.51840000 121.45078508 2.41300000
v -7.51840000 120.65000000 3.15048615
v -7.51840000 119.84921492 2.41300000
v -7.51840000 57.95078508 2.41300000
v -7.51840000 57.15000000 3.15048615
v -7.51840000 56.34921492 2.41300000
v -7.51840000 -6.35000000 2.41300000
v -7.51840000 -6.35000000 23.11400000
v -7.51840000 -4.06400000 25.40000000
v -7.51840000 55.12301495 25.40000000
v -7.51840000 57.15000000 23.37301495
v -7.51840000 59.17698505 25.40000000
v -7.51840000 118.62301495 25.40000000
v -7.51840000 120.65000000 23.37301495
v -7.51840000 122.67698505 25.40000000
v -7.51840000 182.12301495 25.40000000
v -7.51840000 184.15000000 23.37301495
v -7.51840000 186.17698505 25.40000000
v -7.51840000 243.61140000 9.32180000
v -7.51840000 243.61140000 5.71500000
v -7.51840000 243.60705399 9.38810731
v -7.51840000 243.59409032 9.45328007
v -7.51840000 243.57273080 9.51620318
v -7.51840000 243.54334091 9.57580000
v -7.51840000 243.50642350 9.63105081
v -7.51840000 243.46261024 9.68101024
v -7.51840000 243.41265081 9.72482350
v -7.51840000 243.35740000 9.76174091
v -7.51840000 243.29780318 9.79113080
v -7.51840000 243.23488007 9.81249032
v -7.51840000 243.16970731 9.82545399
v -7.51840000 243.10340000 9.82980000
v -7.51840000 239.49660000 9.82980000
v -7.51840000 239.43029269 9.82545399
v -7.51840000 239.36511993 9.81249032
v -7.51840000 239.30219682 9.79113080
v -7.51840000 239.24260000 9.76174091
v -7.51840000 239.18734919 9.72482350
v -7.51840000 239.13738976 9.68101024
v -7.51840000 239.09357650 9.63105081
v -7.51840000 239.05665909 9.57580000
v -7.51840000 239.02726920 9.51620318
v -7.51840000 239.00590968 9.45328007
v -7.51840000 238.99294601 9.38810731
v -7.51840000 238.98860000 9.32180000
v -7.51840000 238.98860000 5.71500000
v -7.51840000 238.99294601 5.64869269
v -7.51840000 239.00590968 5.58351993
v -7.51840000 239.02726920 5.52059682
v -7.51840000 239.05665909 5.46100000
v -7.51840000 239.09357650 5.40574919
v -7.51840000 239.13738976 5.35578976
v -7.51840000 239.18734919 5.31197650
v -7.51840000 239.24260000 5.27505909
v -7.51840000 239.30219682 5.24566920
v -7.51840000 239.36511993 5.22430968
v -7.51840000 239.43029269 5.21134601
v -7.51840000 239.49660000 5.20700000
v -7.51840000 243.10340000 5.20700000
v -7.51840000 243.16970731 5.21134601
v -7.51840000 243.23488007 5.22430968
v -7.51840000 243.29780318 5.24566920
v -7.51840000 243.35740000 5.27505909
v -7.51840000 243.41265081 5.31197650
v -7.51840000 243.46261024 5.35578976
v -7.51840000 243.50642350 5.40574919
v -7.51840000 243.54334091 5.46100000
v -7.51840000 243.57273080 5.52059682
v -7.51840000 243.59409032 5.58351993
v -7.51840000 243.60705399 5.64869269
v -7.51840000 243.61140000 22.02180000
v -7.51840000 243.61140000 18.41500000
v -7.51840000 243.60705399 22.08810731
v -7.51840000 243.59409032 22.15328007
v -7.51840000 243.57273080 22.21620318
v -7.51840000 243.54334091 22.27580000
v -7.51840000 243.50642350 22.33105081
v -7.51840000 243.46261024 22.38101024
v -7.51840000 243.41265081 22.42482350
v -7.51840000 243.35740000 22.46174091
v -7.51840000 243.29780318 22.49113080
v -7.51840000 243.23488007 22.51249032
v -7.51840000 243.16970731 22.52545399
v -7.51840000 243.10340000 22.52980000
v -7.51840000 239.49660000 22.52980000
v -7.51840000 239.43029269 22.52545399
v -7.51840000 239.36511993 22.51249032
v -7.51840000 239.30219682 22.49113080
v -7.51840000 239.24260000 22.46174091
v -7.51840000 239.18734919 22.42482350
v -7.51840000 239.13738976 22.38101024
v -7.51840000 239.09357650 22.33105081
v -7.51840000 239.05665909 22.27580000
v -7.51840000 239.02726920 22.21620318
v -7.51840000 239.00590968 22.15328007
v -7.51840000 238.99294601 22.08810731
v -7.51840000 238.98860000 22.02180000
v -7.51840000 238.98860000 18.41500000
v -7.51840000 238.99294601 18.34869269
v -7.51840000 239.00590968 18.28351993
v -7.51840000 239.02726920 18.22059682
v -7.51840000 239.05665909 18.16100000
v -7.51840000 239.09357650 18.10574919
v -7.51840000 239.13738976 18.05578976
v -7.51840000 239.18734919 18.01197650
v -7.51840000 239.24260000 17.97505909
v -7.51840000 239.30219682 17.94566920
v -7.51840000 239.36511993 17.92430968
v -7.51840000 239.43029269 17.91134601
v -7.51840000 239.49660000 17.90700000
v -7.51840000 243.10340000 17.90700000
v -7.51840000 243.16970731 17.91134601
v -7.51840000 243.23488007 17.92430968
v -7.51840000 243.29780318 17.94566920
v -7.51840000 243.35740000 17.97505909
v -7.51840000 243.41265081 18.01197650
v -7.51840000 243.46261024 18.05578976
v -7.51840000 243.50642350 18.10574919
v -7.51840000 243.54334091 18.16100000
v -7.51840000 243.57273080 18.22059682
v -7.51840000 243.59409032 18.28351993
v -7.51840000 243.60705399 18.34869269
v -7.51840000 230.91140000 9.32180000
v -7.51840000 230.91140000 5.71500000
v -7.51840000 230.90705399 9.38810731
v -7.51840000 230.89409032 9.45328007
v -7.51840000 230.87273080 9.51620318
v -7.51840000 230.84334091 9.57580000
v -7.51840000 230.80642350 9.63105081
v -7.51840000 230.76261024 9.68101024
v -7.51840000 230.71265081 9.72482350
v -7.51840000 230.65740000 9.76174091
v -7.51840000 230.59780318 9.79113080
v -7.51840000 230.53488007 9.81249032
v -7.51840000 230.46970731 9.82545399
v -7.51840000 230.40340000 9.82980000
v -7.51840000 226.79660000 9.82980000
v -7.51840000 226.73029269 9.82545399
v -7.51840000 226.66511993 9.81249032
v -7.51840000 226.60219682 9.79113080
v -7.51840000 226.54260000 9.76174091
v -7.51840000 226.48734919 9.72482350
v -7.51840000 226.43738976 9.68101024
v -7.51840000 226.39357650 9.63105081
v -7.51840000 226.35665909 9.57580000
v -7.51840000 226.32726920 9.51620318
v -7.51840000 226.30590968 9.45328007
v -7.51840000 226.29294601 9.38810731
v -7.51840000 226.28860000 9.32180000
v -7.51840000 226.28860000 5.71500000
v -7.51840000 226.29294601 5.64869269
v -7.51840000 226.30590968 5.58351993
v -7.51840000 226.32726920 5.52059682
v -7.51840000 226.35665909 5.46100000
v -7.51840000 226.39357650 5.40574919
v -7.51840000 226.43738976 5.35578976
v -7.51840000 226.48734919 5.31197650
v -7.51840000 226.54260000 5.27505909
v -7.51840000 226.60219682 5.24566920
v -7.51840000 226.66511993 5.22430968
v -7.51840000 226.73029269 5.21134601
v -7.51840000 226.79660000 5.20700000
v -7.51840000 230.40340000 5.20700000
v -7.51840000 230.46970731 5.21134601
v -7.51840000 230.53488007 5.22430968
v -7.51840000 230.59780318 5.24566920
v -7.51840000 230.65740000 5.27505909
v -7.51840000 230.71265081 5.31197650
v -7.51840000 230.76261024 5.35578976
v -7.51840000 230.80642350 5.40574919
v -7.51840000 230.84334091 5.46100000
v -7.51840000 230.87273080 5.52059682
v -7.51840000 230.89409032 5.58351993
v -7.51840000 230.90705399 5.64869269
v -7.51840000 230.91140000 22.02180000
v -7.51840000 230.91140000 18.41500000
v -7.51840000 230.90705399 22.08810731
v -7.51840000 230.89409032 22.15328007
v -7.51840000 230.87273080 22.21620318
v -7.51840000 230.84334091 22.27580000
v -7.51840000 230.80642350 22.33105081
v -7.51840000 230.76261024 22.38101024
v -7.51840000 230.71265081 22.42482350
v -7.51840000 230.65740000 22.46174091
v -7.51840000 230.59780318 22.49113080
v -7.51840000 230.53488007 22.51249032
v -7.51840000 230.46970731 22.52545399
v -7.51840000 230.40340000 22.52980000
v -7.51840000 226.79660000 22.52980000
v -7.51840000 226.73029269 22.52545399
v -7.51840000 226.66511993 22.51249032
v -7.51840000 226.60219682 22.49113080
v -7.51840000 226.54260000 22.46174091
v -7.51840000 226.48734919 22.42482350
v -7.51840000 226.43738976 22.38101024
v -7.51840000 226.39357650 22.33105081
v -7.51840000 226.35665909 22.27580000
v -7.51840000 226.32726920 22.21620318
v -7.51840000 226.30590968 22.15328007
v -7.51840000 226.29294601 22.08810731
v -7.51840000 226.28860000 22.02180000
v -7.51840000 226.28860000 18.41500000
v -7.51840000 226.29294601 18.34869269
v -7.51840000 226.30590968 18.28351993
v -7.51840000 226.32726920 18.22059682
v -7.51840000 226.35665909 18.16100000
v -7.51840000 226.39357650 18.10574919
v -7.51840000 226.43738976 18.05578976
v -7.51840000 226.48734919 18.01197650
v -7.51840000 226.54260000 17.97505909
v -7.51840000 226.60219682 17.94566920
v -7.51840000 226.66511993 17.92430968
v -7.51840000 226.73029269 17.91134601
v -7.51840000 226.79660000 17.90700000
v -7.51840000 230.40340000 17.90700000
v -7.51840000 230.46970731 17.91134601
v -7.51840000 230.53488007 17.92430968
v -7.51840000 230.59780318 17.94566920
v -7.51840000 230.65740000 17.97505909
v -7.51840000 230.71265081 18.01197650
v -7.51840000 230.76261024 18.05578976
v -7.51840000 230.80642350 18.10574919
v -7.51840000 230.84334091 18.16100000
v -7.51840000 230.87273080 18.22059682
v -7.51840000 230.89409032 18.28351993
v -7.51840000 230.90705399 18.34869269
v -7.51840000 218.21140000 9.32180000
v -7.51840000 218.21140000 5.71500000
v -7.51840000 218.20705399 9.38810731
v -7.51840000 218.19409032 9.45328007
v -7.51840000 218.17273080 9.51620318
v -7.51840000 218.14334091 9.57580000
v -7.51840000 218.10642350 9.63105081
v -7.51840000 218.06261024 9.68101024
v -7.51840000 218.01265081 9.72482350
v -7.51840000 217.95740000 9.76174091
v -7.51840000 217.89780318 9.79113080
v -7.51840000 217.83488007 9.81249032
v -7.51840000 217.76970731 9.82545399
v -7.51840000 217.70340000 9.82980000
v -7.51840000 214.09660000 9.82980000
v -7.51840000 214.03029269 9.82545399
v -7.51840000 213.96511993 9.81249032
v -7.51840000 213.90219682 9.79113080
v -7.51840000 213.84260000 9.76174091
v -7.51840000 213.78734919 9.72482350
v -7.51840000 213.73738976 9.68101024
v -7.51840000 213.69357650 9.63105081
v -7.51840000 213.65665909 9.57580000
v -7.51840000 213.62726920 9.51620318
v -7.51840000 213.60590968 9.45328007
v -7.51840000 213.59294601 9.38810731
v -7.51840000 213.58860000 9.32180000
v -7.51840000 213.58860000 5.71500000
v -7.51840000 213.59294601 5.64869269
v -7.51840000 213.60590968 5.58351993
v -7.51840000 213.62726920 5.52059682
v -7.51840000 213.65665909 5.46100000
v -7.51840000 213.69357650 5.40574919
v -7.51840000 213.73738976 5.35578976
v -7.51840000 213.78734919 5.31197650
v -7.51840000 213.84260000 5.27505909
v -7.51840000 213.90219682 5.24566920
v -7.51840000 213.96511993 5.22430968
v -7.51840000 214.03029269 5.21134601
v -7.51840000 214.09660000 5.20700000
v -7.51840000 217.70340000 5.20700000
v -7.51840000 217.76970731 5.21134601
v -7.51840000 217.83488007 5.22430968
v -7.51840000 217.89780318 5.24566920
v -7.51840000 217.95740000 5.27505909
v -7.51840000 218.01265081 5.31197650
v -7.51840000 218.06261024 5.35578976
v -7.51840000 218.10642350 5.40574919
v -7.51840000 218.14334091 5.46100000
v -7.51840000 218.17273080 5.52059682
v -7.51840000 218.19409032 5.58351993
v -7.51840000 218.20705399 5.64869269
v -7.51840000 218.21140000 22.02180000
v -7.51840000 218.21140000 18.41500000
v -7.51840000 218.20705399 22.08810731
v -7.51840000 218.19409032 22.15328007
v -7.51840000 218.17273080 22.21620318
v -7.51840000 218.14334091 22.27580000
v -7.51840000 218.10642350 22.33105081
v -7.51840000 218.06261024 22.38101024
v -7.51840000 218.01265081 22.42482350
v -7.51840000 217.95740000 22.46174091
v -7.51840000 217.89780318 22.49113080
v -7.51840000 217.83488007 22.51249032
v -7.51840000 217.76970731 22.52545399
v -7.51840000 217.70340000 22.52980000
v -7.51840000 214.09660000 22.52980000
v -7.51840000 214.03029269 22.52545399
v -7.51840000 213.96511993 22.51249032
v -7.51840000 213.90219682 22.49113080
v -7.51840000 213.84260000 22.46174091
v -7.51840000 213.78734919 22.42482350
v -7.51840000 213.73738976 22.38101024
v -7.51840000 213.69357650 22.33105081
v -7.51840000 213.65665909 22.27580000
v -7.51840000 213.62726920 22.21620318
v -7.51840000 213.60590968 22.15328007
v -7.51840000 213.59294601 22.08810731
v -7.51840000 213.58860000 22.02180000
v -7.51840000 213.58860000 18.41500000
v -7.51840000 213.59294601 18.34869269
v -7.51840000 213.60590968 18.28351993
v -7.51840000 213.62726920 18.22059682
v -7.51840000 213.65665909 18.16100000
v -7.51840000 213.69357650 18.10574919
v -7.51840000 213.73738976 18.05578976
v -7.51840000 213.78734919 18.01197650
v -7.51840000 213.84260000 17.97505909
v -7.51840000 213.90219682 17.94566920
v -7.51840000 213.96511993 17.92430968
v -7.51840000 214.03029269 17.91134601
v -7.51840000 214.09660000 17.90700000
v -7.51840000 217.70340000 17.90700000
v -7.51840000 217.76970731 17.91134601
v -7.51840000 217.83488007 17.92430968
v -7.51840000 217.89780318 17.94566920
v -7.51840000 217.95740000 17.97505909
v -7.51840000 218.01265081 18.01197650
v -7.51840000 218.06261024 18.05578976
v -7.51840000 218.10642350 18.10574919
v -7.51840000 218.14334091 18.16100000
v -7.51840000 218.17273080 18.22059682
v -7.51840000 218.19409032 18.28351993
v -7.51840000 218.20705399 18.34869269
v -7.51840000 205.51140000 9.32180000
v -7.51840000 205.51140000 5.71500000
v -7.51840000 205.50705399 9.38810731
v -7.51840000 205.49409032 9.45328007
v -7.51840000 205.47273080 9.51620318
v -7.51840000 205.44334091 9.57580000
v -7.51840000 205.40642350 9.63105081
v -7.51840000 205.36261024 9.68101024
v -7.51840000 205.31265081 9.72482350
v -7.51840000 205.25740000 9.76174091
v -7.51840000 205.19780318 9.79113080
v -7.51840000 205.13488007 9.81249032
v -7.51840000 205.06970731 9.82545399
v -7.51840000 205.00340000 9.82980000
v -7.51840000 201.39660000 9.82980000
v -7.51840000 201.33029269 9.82545399
v -7.51840000 201.26511993 9.81249032
v -7.51840000 201.20219682 9.79113080
v -7.51840000 201.14260000 9.76174091
v -7.51840000 201.08734919 9.72482350
v -7.51840000 201.03738976 9.68101024
v -7.51840000 200.99357650 9.63105081
v -7.51840000 200.95665909 9.57580000
v -7.51840000 200.92726920 9.51620318
v -7.51840000 200.90590968 9.45328007
v -7.51840000 200.89294601 9.38810731
v -7.51840000 200.88860000 9.32180000
v -7.51840000 200.88860000 5.71500000
v -7.51840000 200.89294601 5.64869269
v -7.51840000 200.90590968 5.58351993
v -7.51840000 200.92726920 5.52059682
v -7.51840000 200.95665909 5.46100000
v -7.51840000 200.99357650 5.40574919
v -7.51840000 201.03738976 5.35578976
v -7.51840000 201.08734919 5.31197650
v -7.51840000 201.14260000 5.27505909
v -7.51840000 201.20219682 5.24566920
v -7.51840000 201.26511993 5.22430968
v -7.51840000 201.33029269 5.21134601
v -7.51840000 201.39660000 5.20700000
v -7.51840000 205.00340000 5.20700000
v -7.51840000 205.06970731 5.21134601
v -7.51840000 205.13488007 5.22430968
v -7.51840000 205.19780318 5.24566920
v -7.51840000 205.25740000 5.27505909
v -7.51840000 205.31265081 5.31197650
v -7.51840000 205.36261024 5.35578976
v -7.51840000 205.40642350 5.40574919
v -7.51840000 205.44334091 5.46100000
v -7.51840000 205.47273080 5.52059682
v -7.51840000 205.49409032 5.58351993
v -7.51840000 205.50705399 5.64869269
v -7.51840000 205.51140000 22.02180000
v -7.51840000 205.51140000 18.41500000
v -7.51840000 205.50705399 22.08810731
v -7.51840000 205.49409032 22.15328007
v -7.51840000 205.47273080 22.21620318
v -7.51840000 205.44334091 22.27580000
v -7.51840000 205.40642350 22.33105081
v -7.51840000 205.36261024 22.38101024
v -7.51840000 205.31265081 22.42482350
v -7.51840000 205.25740000 22.46174091
v -7.51840000 205.19780318 22.49113080
v -7.51840000 205.13488007 22.51249032
v -7.51840000 205.06970731 22.52545399
v -7.51840000 205.00340000 22.52980000
v -7.51840000 201.39660000 22.52980000
v -7.51840000 201.33029269 22.52545399
v -7.51840000 201.26511993 22.51249032
v -7.51840000 201.20219682 22.49113080
v -7.51840000 201.14260000 22.46174091
v -7.51840000 201.08734919 22.42482350
v -7.51840000 201.03738976 22.38101024
v -7.51840000 200.99357650 22.33105081
v -7.51840000 200.95665909 22.27580000
v -7.51840000 200.92726920 22.21620318
v -7.51840000 200.90590968 22.15328007
v -7.51840000 200.89294601 22.08810731
v -7.51840000 200.88860000 22.02180000
v -7.51840000 200.88860000 18.41500000
v -7.51840000 200.89294601 18.34869269
v -7.51840000 200.90590968 18.28351993
v -7.51840000 200.92726920 18.22059682
v -7.51840000 200.95665909 18.16100000
v -7.51840000 200.99357650 18.10574919
v -7.51840000 201.03738976 18.05578976
v -7.51840000 201.08734919 18.01197650
v -7.51840000 201.14260000 17.97505909
v -7.51840000 201.20219682 17.94566920
v -7.51840000 201.26511993 17.92430968
v -7.51840000 201.33029269 17.91134601
v -7.51840000 201.39660000 17.90700000
v -7.51840000 205.00340000 17.90700000
v -7.51840000 205.06970731 17.91134601
v -7.51840000 205.13488007 17.92430968
v -7.51840000 205.19780318 17.94566920
v -7.51840000 205.25740000 17.97505909
v -7.51840000 205.31265081 18.01197650
v -7.51840000 205.36261024 18.05578976
v -7.51840000 205.40642350 18.10574919
v -7.51840000 205.44334091 18.16100000
v -7.51840000 205.47273080 18.22059682
v -7.51840000 205.49409032 18.28351993
v -7.51840000 205.50705399 18.34869269
v -7.51840000 192.81140000 9.32180000
v -7.51840000 192.81140000 5.71500000
v -7.51840000 192.80705399 9.38810731
v -7.51840000 192.79409032 9.45328007
v -7.51840000 192.77273080 9.51620318
v -7.51840000 192.74334091 9.57580000
v -7.51840000 192.70642350 9.63105081
v -7.51840000 192.66261024 9.68101024
v -7.51840000 192.61265081 9.72482350
v -7.51840000 192.55740000 9.76174091
v -7.51840000 192.49780318 9.79113080
v -7.51840000 192.43488007 9.81249032
v -7.51840000 192.36970731 9.82545399
v -7.51840000 192.30340000 9.82980000
v -7.51840000 188.69660000 9.82980000
v -7.51840000 188.63029269 9.82545399
v -7.51840000 188.56511993 9.81249032
v -7.51840000 188.50219682 9.79113080
v -7.51840000 188.44260000 9.76174091
v -7.51840000 188.38734919 9.72482350
v -7.51840000 188.33738976 9.68101024
v -7.51840000 188.29357650 9.63105081
v -7.51840000 188.25665909 9.57580000
v -7.51840000 188.22726920 9.51620318
v -7.51840000 188.20590968 9.45328007
v -7.51840000 188.19294601 9.38810731
v -7.51840000 188.18860000 9.32180000
v -7.51840000 188.18860000 5.71500000
v -7.51840000 188.19294601 5.64869269
v -7.51840000 188.20590968 5.58351993
v -7.51840000 188.22726920 5.52059682
v -7.51840000 188.25665909 5.46100000
v -7.51840000 188.29357650 5.40574919
v -7.51840000 188.33738976 5.35578976
v -7.51840000 188.38734919 5.31197650
v -7.51840000 188.44260000 5.27505909
v -7.51840000 188.50219682 5.24566920
v -7.51840000 188.56511993 5.22430968
v -7.51840000 188.63029269 5.21134601
v -7.51840000 188.69660000 5.20700000
v -7.51840000 192.30340000 5.20700000
v -7.51840000 192.36970731 5.21134601
v -7.51840000 192.43488007 5.22430968
v -7.51840000 192.49780318 5.24566920
v -7.51840000 192.55740000 5.27505909
v -7.51840000 192.61265081 5.31197650
v -7.51840000 192.66261024 5.35578976
v -7.51840000 192.70642350 5.40574919
v -7.51840000 192.74334091 5.46100000
v -7.51840000 192.77273080 5.52059682
v -7.51840000 192.79409032 5.58351993
v -7.51840000 192.80705399 5.64869269
v -7.51840000 192.81140000 22.02180000
v -7.51840000 192.81140000 18.41500000
v -7.51840000 192.80705399 22.08810731
v -7.51840000 192.79409032 22.15328007
v -7.51840000 192.77273080 22.21620318
v -7.51840000 192.74334091 22.27580000
v -7.51840000 192.70642350 22.33105081
v -7.51840000 192.66261024 22.38101024
v -7.51840000 192.61265081 22.42482350
v -7.51840000 192.55740000 22.46174091
v -7.51840000 192.49780318 22.49113080
v -7.51840000 192.43488007 22.51249032
v -7.51840000 192.36970731 22.52545399
v -7.51840000 192.30340000 22.52980000
v -7.51840000 188.69660000 22.52980000
v -7.51840000 188.63029269 22.52545399
v -7.51840000 188.56511993 22.51249032
v -7.51840000 188.50219682 22.49113080
v -7.51840000 188.44260000 22.46174091
v -7.51840000 188.38734919 22.42482350
v -7.51840000 188.33738976 22.38101024
v -7.51840000 188.29357650 22.33105081
v -7.51840000 188.25665909 22.27580000
v -7.51840000 188.22726920 22.21620318
v -7.51840000 188.20590968 22.15328007
v -7.51840000 188.19294601 22.08810731
v -7.51840000 188.18860000 22.02180000
v -7.51840000 188.18860000 18.41500000
v -7.51840000 188.19294601 18.34869269
v -7.51840000 188.20590968 18.28351993
v -7.51840000 188.22726920 18.22059682
v -7.51840000 188.25665909 18.16100000
v -7.51840000 188.29357650 18.10574919
v -7.51840000 188.33738976 18.05578976
v -7.51840000 188.38734919 18.01197650
v -7.51840000 188.44260000 17.97505909
v -7.51840000 188.50219682 17.94566920
v -7.51840000 188.56511993 17.92430968
v -7.51840000 188.63029269 17.91134601
v -7.51840000 188.69660000 17.90700000
v -7.51840000 192.30340000 17.90700000
v -7.51840000 192.36970731 17.91134601
v -7.51840000 192.43488007 17.92430968
v -7.51840000 192.49780318 17.94566920
v -7.51840000 192.55740000 17.97505909
v -7.51840000 192.61265081 18.01197650
v -7.51840000 192.66261024 18.05578976
v -7.51840000 192.70642350 18.10574919
v -7.51840000 192.74334091 18.16100000
v -7.51840000 192.77273080 18.22059682
v -7.51840000 192.79409032 18.28351993
v -7.51840000 192.80705399 18.34869269
v -7.51840000 180.11140000 9.32180000
v -7.51840000 180.11140000 5.71500000
v -7.51840000 180.10705399 9.38810731
v -7.51840000 180.09409032 9.45328007
v -7.51840000 180.07273080 9.51620318
v -7.51840000 180.04334091 9.57580000
v -7.51840000 180.00642350 9.63105081
v -7.51840000 179.96261024 9.68101024
v -7.51840000 179.91265081 9.72482350
v -7.51840000 179.85740000 9.76174091
v -7.51840000 179.79780318 9.79113080
v -7.51840000 179.73488007 9.81249032
v -7.51840000 179.66970731 9.82545399
v -7.51840000 179.60340000 9.82980000
v -7.51840000 175.99660000 9.82980000
v -7.51840000 175.93029269 9.82545399
v -7.51840000 175.86511993 9.81249032
v -7.51840000 175.80219682 9.79113080
v -7.51840000 175.74260000 9.76174091
v -7.51840000 175.68734919 9.72482350
v -7.51840000 175.63738976 9.68101024
v -7.51840000 175.59357650 9.63105081
v -7.51840000 175.55665909 9.57580000
v -7.51840000 175.52726920 9.51620318
v -7.51840000 175.50590968 9.45328007
v -7.51840000 175.49294601 9.38810731
v -7.51840000 175.48860000 9.32180000
v -7.51840000 175.48860000 5.71500000
v -7.51840000 175.49294601 5.64869269
v -7.51840000 175.50590968 5.58351993
v -7.51840000 175.52726920 5.52059682
v -7.51840000 175.55665909 5.46100000
v -7.51840000 175.59357650 5.40574919
v -7.51840000 175.63738976 5.35578976
v -7.51840000 175.68734919 5.31197650
v -7.51840000 175.74260000 5.27505909
v -7.51840000 175.80219682 5.24566920
v -7.51840000 175.86511993 5.22430968
v -7.51840000 175.93029269 5.21134601
v -7.51840000 175.99660000 5.20700000
v -7.51840000 179.60340000 5.20700000
v -7.51840000 179.66970731 5.21134601
v -7.51840000 179.73488007 5.22430968
v -7.51840000 179.79780318 5.24566920
v -7.51840000 179.85740000 5.27505909
v -7.51840000 179.91265081 5.31197650
v -7.51840000 179.96261024 5.35578976
v -7.51840000 180.00642350 5.40574919
v -7.51840000 180.04334091 5.46100000
v -7.51840000 180.07273080 5.52059682
v -7.51840000 180.09409032 5.58351993
v -7.51840000 180.10705399 5.64869269
v -7.51840000 180.11140000 22.02180000
v -7.51840000 180.11140000 18.41500000
v -7.51840000 180.10705399 22.08810731
v -7.51840000 180.09409032 22.15328007
v -7.51840000 180.07273080 22.21620318
v -7.51840000 180.04334091 22.27580000
v -7.51840000 180.00642350 22.33105081
v -7.51840000 179.96261024 22.38101024
v -7.51840000 179.91265081 22.42482350
v -7.51840000 179.85740000 22.46174091
v -7.51840000 179.79780318 22.49113080
v -7.51840000 179.73488007 22.51249032
v -7.51840000 179.66970731 22.52545399
v -7.51840000 179.60340000 22.52980000
v -7.51840000 175.99660000 22.52980000
v -7.51840000 175.93029269 22.52545399
v -7.51840000 175.86511993 22.51249032
v -7.51840000 175.80219682 22.49113080
v -7.51840000 175.74260000 22.46174091
v -7.51840000 175.68734919 22.42482350
v -7.51840000 175.63738976 22.38101024
v -7.51840000 175.59357650 22.33105081
v -7.51840000 175.55665909 22.27580000
v -7.51840000 175.52726920 22.21620318
v -7.51840000 175.50590968 22.15328007
v -7.51840000 175.49294601 22.08810731
v -7.51840000 175.48860000 22.02180000
v -7.51840000 175.48860000 18.41500000
v -7.51840000 175.49294601 18.34869269
v -7.51840000 175.50590968 18.28351993
v -7.51840000 175.52726920 18.22059682
v -7.51840000 175.55665909 18.16100000
v -7.51840000 175.59357650 18.10574919
v -7.51840000 175.63738976 18.05578976
v -7.51840000 175.68734919 18.01197650
v -7.51840000 175.74260000 17.97505909
v -7.51840000 175.80219682 17.94566920
v -7.51840000 175.86511993 17.92430968
v -7.51840000 175.93029269 17.91134601
v -7.51840000 175.99660000 17.90700000
v -7.51840000 179.60340000 17.90700000
v -7.51840000 179.66970731 17.91134601
v -7.51840000 179.73488007 17.92430968
v -7.51840000 179.79780318 17.94566920
v -7.51840000 179.85740000 17.97505909
v -7.51840000 179.91265081 18.01197650
v -7.51840000 179.96261024 18.05578976
v -7.51840000 180.00642350 18.10574919
v -7.51840000 180.04334091 18.16100000
v -7.51840000 180.07273080 18.22059682
v -7.51840000 180.09409032 18.28351993
v -7.51840000 180.10705399 18.34869269
v -7.51840000 167.41140000 9.32180000
v -7.51840000 167.41140000 5.71500000
v -7.51840000 167.40705399 9.38810731
v -7.51840000 167.39409032 9.45328007
v -7.51840000 167.37273080 9.51620318
v -7.51840000 167.34334091 9.57580000
v -7.51840000 167.30642350 9.63105081
v -7.51840000 167.26261024 9.68101024
v -7.51840000 167.21265081 9.72482350
v -7.51840000 167.15740000 9.76174091
v -7.51840000 167.09780318 9.79113080
v -7.51840000 167.03488007 9.81249032
v -7.51840000 166.96970731 9.82545399
v -7.51840000 166.90340000 9.82980000
v -7.51840000 163.29660000 9.82980000
v -7.51840000 163.23029269 9.82545399
v -7.51840000 163.16511993 9.81249032
v -7.51840000 163.10219682 9.79113080
v -7.51840000 163.04260000 9.76174091
v -7.51840000 162.98734919 9.72482350
v -7.51840000 162.93738976 9.68101024
v -7.51840000 162.89357650 9.63105081
v -7.51840000 162.85665909 9.57580000
v -7.51840000 162.82726920 9.51620318
v -7.51840000 162.80590968 9.45328007
v -7.51840000 162.79294601 9.38810731
v -7.51840000 162.78860000 9.32180000
v -7.51840000 162.78860000 5.71500000
v -7.51840000 162.79294601 5.64869269
v -7.51840000 162.80590968 5.58351993
v -7.51840000 162.82726920 5.52059682
v -7.51840000 162.85665909 5.46100000
v -7.51840000 162.89357650 5.40574919
v -7.51840000 162.93738976 5.35578976
v -7.51840000 162.98734919 5.31197650
v -7.51840000 163.04260000 5.27505909
v -7.51840000 163.10219682 5.24566920
v -7.51840000 163.16511993 5.22430968
v -7.51840000 163.23029269 5.21134601
v -7.51840000 163.29660000 5.20700000
v -7.51840000 166.90340000 5.20700000
v -7.51840000 166.96970731 5.21134601
v -7.51840000 167.03488007 5.22430968
v -7.51840000 167.09780318 5.24566920
v -7.51840000 167.15740000 5.27505909
v -7.51840000 167.21265081 5.31197650
v -7.51840000 167.26261024 5.35578976
v -7.51840000 167.30642350 5.40574919
v -7.51840000 167.34334091 5.46100000
v -7.51840000 167.37273080 5.52059682
v -7.51840000 167.39409032 5.58351993
v -7.51840000 167.40705399 5.64869269
v -7.51840000 167.41140000 22.02180000
v -7.51840000 167.41140000 18.41500000
v -7.51840000 167.40705399 22.08810731
v -7.51840000 167.39409032 22.15328007
v -7.51840000 167.37273080 22.21620318
v -7.51840000 167.34334091 22.27580000
v -7.51840000 167.30642350 22.33105081
v -7.51840000 167.26261024 22.38101024
v -7.51840000 167.21265081 22.42482350
v -7.51840000 167.15740000 22.46174091
v -7.51840000 167.09780318 22.49113080
v -7.51840000 167.03488007 22.51249032
v -7.51840000 166.96970731 22.52545399
v -7.51840000 166.90340000 22.52980000
v -7.51840000 163.29660000 22.52980000
v -7.51840000 163.23029269 22.52545399
v -7.51840000 163.16511993 22.51249032
v -7.51840000 163.10219682 22.49113080
v -7.51840000 163.04260000 22.46174091
v -7.51840000 162.98734919 22.42482350
v -7.51840000 162.93738976 22.38101024
v -7.51840000 162.89357650 22.33105081
v -7.51840000 162.85665909 22.27580000
v -7.51840000 162.82726920 22.21620318
v -7.51840000 162.80590968 22.15328007
v -7.51840000 162.79294601 22.08810731
v -7.51840000 162.78860000 22.02180000
v -7.51840000 162.78860000 18.41500000
v -7.51840000 162.79294601 18.34869269
v -7.51840000 162.80590968 18.28351993
v -7.51840000 162.82726920 18.22059682
v -7.51840000 162.85665909 18.16100000
v -7.51840000 162.89357650 18.10574919
v -7.51840000 162.93738976 18.05578976
v -7.51840000 162.98734919 18.01197650
v -7.51840000 163.04260000 17.97505909
v -7.51840000 163.10219682 17.94566920
v -7.51840000 163.16511993 17.92430968
v -7.51840000 163.23029269 17.91134601
v -7.51840000 163.29660000 17.90700000
v -7.51840000 166.90340000 17.90700000
v -7.51840000 166.96970731 17.91134601
v -7.51840000 167.03488007 17.92430968
v -7.51840000 167.09780318 17.94566920
v -7.51840000 167.15740000 17.97505909
v -7.51840000 167.21265081 18.01197650
v -7.51840000 167.26261024 18.05578976
v -7.51840000 167.30642350 18.10574919
v -7.51840000 167.34334091 18.16100000
v -7.51840000 167.37273080 18.22059682
v -7.51840000 167.39409032 18.28351993
v -7.51840000 167.40705399 18.34869269
v -7.51840000 154.71140000 9.32180000
v -7.51840000 154.71140000 5.71500000
v -7.51840000 154.70705399 9.38810731
v -7.51840000 154.69409032 9.45328007
v -7.51840000 154.67273080 9.51620318
v -7.51840000 154.64334091 9.57580000
v -7.51840000 154.60642350 9.63105081
v -7.51840000 154.56261024 9.68101024
v -7.51840000 154.51265081 9.72482350
v -7.51840000 154.45740000 9.76174091
v -7.51840000 154.39780318 9.79113080
v -7.51840000 154.33488007 9.81249032
v -7.51840000 154.26970731 9.82545399
v -7.51840000 154.20340000 9.82980000
v -7.51840000 150.59660000 9.82980000
v -7.51840000 150.53029269 9.82545399
v -7.51840000 150.46511993 9.81249032
v -7.51840000 150.40219682 9.79113080
v -7.51840000 150.34260000 9.76174091
v -7.51840000 150.28734919 9.72482350
v -7.51840000 150.23738976 9.68101024
v -7.51840000 150.19357650 9.63105081
v -7.51840000 150.15665909 9.57580000
v -7.51840000 150.12726920 9.51620318
v -7.51840000 150.10590968 9.45328007
v -7.51840000 150.09294601 9.38810731
v -7.51840000 150.08860000 9.32180000
v -7.51840000 150.08860000 5.71500000
v -7.51840000 150.09294601 5.64869269
v -7.51840000 150.10590968 5.58351993
v -7.51840000 150.12726920 5.52059682
v -7.51840000 150.15665909 5.46100000
v -7.51840000 150.19357650 5.40574919
v -7.51840000 150.23738976 5.35578976
v -7.51840000 150.28734919 5.31197650
v -7.51840000 150.34260000 5.27505909
v -7.51840000 150.40219682 5.24566920
v -7.51840000 150.46511993 5.22430968
v -7.51840000 150.53029269 5.21134601
v -7.51840000 150.59660000 5.20700000
v -7.51840000 154.20340000 5.20700000
v -7.51840000 154.26970731 5.21134601
v -7.51840000 154.33488007 5.22430968
v -7.51840000 154.39780318 5.24566920
v -7.51840000 154.45740000 5.27505909
v -7.51840000 154.51265081 5.31197650
v -7.51840000 154.56261024 5.35578976
v -7.51840000 154.60642350 5.40574919
v -7.51840000 154.64334091 5.46100000
v -7.51840000 154.67273080 5.52059682
v -7.51840000 154.69409032 5.58351993
v -7.51840000 154.70705399 5.64869269
v -7.51840000 154.71140000 22.02180000
v -7.51840000 154.71140000 18.41500000
v -7.51840000 154.70705399 22.08810731
v -7.51840000 154.69409032 22.15328007
v -7.51840000 154.67273080 22.21620318
v -7.51840000 154.64334091 22.27580000
v -7.51840000 154.60642350 22.33105081
v -7.51840000 154.56261024 22.38101024
v -7.51840000 154.51265081 22.42482350
v -7.51840000 154.45740000 22.46174091
v -7.51840000 154.39780318 22.49113080
v -7.51840000 154.33488007 22.51249032
v -7.51840000 154.26970731 22.52545399
v -7.51840000 154.20340000 22.52980000
v -7.51840000 150.59660000 22.52980000
v -7.51840000 150.53029269 22.52545399
v -7.51840000 150.46511993 22.51249032
v -7.51840000 150.40219682 22.49113080
v -7.51840000 150.34260000 22.46174091
v -7.51840000 150.28734919 22.42482350
v -7.51840000 150.23738976 22.38101024
v -7.51840000 150.19357650 22.33105081
v -7.51840000 150.15665909 22.27580000
v -7.51840000 150.12726920 22.21620318
v -7.51840000 150.10590968 22.15328007
v -7.51840000 150.09294601 22.08810731
v -7.51840000 150.08860000 22.02180000
v -7.51840000 150.08860000 18.41500000
v -7.51840000 150.09294601 18.34869269
v -7.51840000 150.10590968 18.28351993
v -7.51840000 150.12726920 18.22059682
v -7.51840000 150.15665909 18.16100000
v -7.51840000 150.19357650 18.10574919
v -7.51840000 150.23738976 18.05578976
v -7.51840000 150.28734919 18.01197650
v -7.51840000 150.34260000 17.97505909
v -7.51840000 150.40219682 17.94566920
v -7.51840000 150.46511993 17.92430968
v -7.51840000 150.53029269 17.91134601
v -7.51840000 150.59660000 17.90700000
v -7.51840000 154.20340000 17.90700000
v -7.51840000 154.26970731 17.91134601
v -7.51840000 154.33488007 17.92430968
v -7.51840000 154.39780318 17.94566920
v -7.51840000 154.45740000 17.97505909
v -7.51840000 154.51265081 18.01197650
v -7.51840000 154.56261024 18.05578976
v -7.51840000 154.60642350 18.10574919
v -7.51840000 154.64334091 18.16100000
v -7.51840000 154.67273080 18.22059682
v -7.51840000 154.69409032 18.28351993
v -7.51840000 154.70705399 18.34869269
v -7.51840000 142.01140000 9.32180000
v -7.51840000 142.01140000 5.71500000
v -7.51840000 142.00705399 9.38810731
v -7.51840000 141.99409032 9.45328007
v -7.51840000 141.97273080 9.51620318
v -7.51840000 141.94334091 9.57580000
v -7.51840000 141.90642350 9.63105081
v -7.51840000 141.86261024 9.68101024
v -7.51840000 141.81265081 9.72482350
v -7.51840000 141.75740000 9.76174091
v -7.51840000 141.69780318 9.79113080
v -7.51840000 141.63488007 9.81249032
v -7.51840000 141.56970731 9.82545399
v -7.51840000 141.50340000 9.82980000
v -7.51840000 137.89660000 9.82980000
v -7.51840000 137.83029269 9.82545399
v -7.51840000 137.76511993 9.81249032
v -7.51840000 137.70219682 9.79113080
v -7.51840000 137.64260000 9.76174091
v -7.51840000 137.58734919 9.72482350
v -7.51840000 137.53738976 9.68101024
v -7.51840000 137.49357650 9.63105081
v -7.51840000 137.45665909 9.57580000
v -7.51840000 137.42726920 9.51620318
v -7.51840000 137.40590968 9.45328007
v -7.51840000 137.39294601 9.38810731
v -7.51840000 137.38860000 9.32180000
v -7.51840000 137.38860000 5.71500000
v -7.51840000 137.39294601 5.64869269
v -7.51840000 137.40590968 5.58351993
v -7.51840000 137.42726920 5.52059682
v -7.51840000 137.45665909 5.46100000
v -7.51840000 137.49357650 5.40574919
v -7.51840000 137.53738976 5.35578976
v -7.51840000 137.58734919 5.31197650
v -7.51840000 137.64260000 5.27505909
v -7.51840000 137.70219682 5.24566920
v -7.51840000 137.76511993 5.22430968
v -7.51840000 137.83029269 5.21134601
v -7.51840000 137.89660000 5.20700000
v -7.51840000 141.50340000 5.20700000
v -7.51840000 141.56970731 5.21134601
v -7.51840000 141.63488007 5.22430968
v -7.51840000 141.69780318 5.24566920
v -7.51840000 141.75740000 5.27505909
v -7.51840000 141.81265081 5.31197650
v -7.51840000 141.86261024 5.35578976
v -7.51840000 141.90642350 5.40574919
v -7.51840000 141.94334091 5.46100000
v -7.51840000 141.97273080 5.52059682
v -7.51840000 141.99409032 5.58351993
v -7.51840000 142.00705399 5.64869269
v -7.51840000 142.01140000 22.02180000
v -7.51840000 142.01140000 18.41500000
v -7.51840000 142.00705399 22.08810731
v -7.51840000 141.99409032 22.15328007
v -7.51840000 141.97273080 22.21620318
v -7.51840000 141.94334091 22.27580000
v -7.51840000 141.90642350 22.33105081
v -7.51840000 141.86261024 22.38101024
v -7.51840000 141.81265081 22.42482350
v -7.51840000 141.75740000 22.46174091
v -7.51840000 141.69780318 22.49113080
v -7.51840000 141.63488007 22.51249032
v -7.51840000 141.56970731 22.52545399
v -7.51840000 141.50340000 22.52980000
v -7.51840000 137.89660000 22.52980000
v -7.51840000 137.83029269 22.52545399
v -7.51840000 137.76511993 22.51249032
v -7.51840000 137.70219682 22.49113080
v -7.51840000 137.64260000 22.46174091
v -7.51840000 137.58734919 22.42482350
v -7.51840000 137.53738976 22.38101024
v -7.51840000 137.49357650 22.33105081
v -7.51840000 137.45665909 22.27580000
v -7.51840000 137.42726920 22.21620318
v -7.51840000 137.40590968 22.15328007
v -7.51840000 137.39294601 22.08810731
v -7.51840000 137.38860000 22.02180000
v -7.51840000 137.38860000 18.41500000
v -7.51840000 137.39294601 18.34869269
v -7.51840000 137.40590968 18.28351993
v -7.51840000 137.42726920 18.22059682
v -7.51840000 137.45665909 18.16100000
v -7.51840000 137.49357650 18.10574919
v -7.51840000 137.53738976 18.05578976
v -7.51840000 137.58734919 18.01197650
v -7.51840000 137.64260000 17.97505909
v -7.51840000 137.70219682 17.94566920
v -7.51840000 137.76511993 17.92430968
v -7.51840000 137.83029269 17.91134601
v -7.51840000 137.89660000 17.90700000
v -7.51840000 141.50340000 17.90700000
v -7.51840000 141.56970731 17.91134601
v -7.51840000 141.63488007 17.92430968
v -7.51840000 141.69780318 17.94566920
v -7.51840000 141.75740000 17.97505909
v -7.51840000 141.81265081 18.01197650
v -7.51840000 141.86261024 18.05578976
v -7.51840000 141.90642350 18.10574919
v -7.51840000 141.94334091 18.16100000
v -7.51840000 141.97273080 18.22059682
v -7.51840000 141.99409032 18.28351993
v -7.51840000 142.00705399 18.34869269
v -7.51840000 129.31140000 9.32180000
v -7.51840000 129.31140000 5.71500000
v -7.51840000 129.30705399 9.38810731
v -7.51840000 129.29409032 9.45328007
v -7.51840000 129.27273080 9.51620318
v -7.51840000 129.24334091 9.57580000
v -7.51840000 129.20642350 9.63105081
v -7.51840000 129.16261024 9.68101024
v -7.51840000 129.11265081 9.72482350
v -7.51840000 129.05740000 9.76174091
v -7.51840000 128.99780318 9.79113080
v -7.51840000 128.93488007 9.81249032
v -7.51840000 128.86970731 9.82545399
v -7.51840000 128.80340000 9.82980000
v -7.51840000 125.19660000 9.82980000
v -7.51840000 125.13029269 9.82545399
v -7.51840000 125.06511993 9.81249032
v -7.51840000 125.00219682 9.79113080
v -7.51840000 124.94260000 9.76174091
v -7.51840000 124.88734919 9.72482350
v -7.51840000 124.83738976 9.68101024
v -7.51840000 124.79357650 9.63105081
v -7.51840000 124.75665909 9.57580000
v -7.51840000 124.72726920 9.51620318
v -7.51840000 124.70590968 9.45328007
v -7.51840000 124.69294601 9.38810731
v -7.51840000 124.68860000 9.32180000
v -7.51840000 124.68860000 5.71500000
v -7.51840000 124.69294601 5.64869269
v -7.51840000 124.70590968 5.58351993
v -7.51840000 124.72726920 5.52059682
v -7.51840000 124.75665909 5.46100000
v -7.51840000 124.79357650 5.40574919
v -7.51840000 124.83738976 5.35578976
v -7.51840000 124.88734919 5.31197650
v -7.51840000 124.94260000 5.27505909
v -7.51840000 125.00219682 5.24566920
v -7.51840000 125.06511993 5.22430968
v -7.51840000 125.13029269 5.21134601
v -7.51840000 125.19660000 5.20700000
v -7.51840000 128.80340000 5.20700000
v -7.51840000 128.86970731 5.21134601
v -7.51840000 128.93488007 5.22430968
v -7.51840000 128.99780318 5.24566920
v -7.51840000 129.05740000 5.27505909
v -7.51840000 129.11265081 5.31197650
v -7.51840000 129.16261024 5.35578976
v -7.51840000 129.20642350 5.40574919
v -7.51840000 129.24334091 5.46100000
v -7.51840000 129.27273080 5.52059682
v -7.51840000 129.29409032 5.58351993
v -7.51840000 129.30705399 5.64869269
v -7.51840000 129.31140000 22.02180000
v -7.51840000 129.31140000 18.41500000
v -7.51840000 129.30705399 22.08810731
v -7.51840000 129.29409032 22.15328007
v -7.51840000 129.27273080 22.21620318
v -7.51840000 129.24334091 22.27580000
v -7.51840000 129.20642350 22.33105081
v -7.51840000 129.16261024 22.38101024
v -7.51840000 129.11265081 22.42482350
v -7.51840000 129.05740000 22.46174091
v -7.51840000 128.99780318 22.49113080
v -7.51840000 128.93488007 22.51249032
v -7.51840000 128.86970731 22.52545399
v -7.51840000 128.80340000 22.52980000
v -7.51840000 125.19660000 22.52980000
v -7.51840000 125.13029269 22.52545399
v -7.51840000 125.06511993 22.51249032
v -7.51840000 125.00219682 22.49113080
v -7.51840000 124.94260000 22.46174091
v -7.51840000 124.88734919 22.42482350
v -7.51840000 124.83738976 22.38101024
v -7.51840000 124.79357650 22.33105081
v -7.51840000 124.75665909 22.27580000
v -7.51840000 124.72726920 22.21620318
v -7.51840000 124.70590968 22.15328007
v -7.51840000 124.69294601 22.08810731
v -7.51840000 124.68860000 22.02180000
v -7.51840000 124.68860000 18.41500000
v -7.51840000 124.69294601 18.34869269
v -7.51840000 124.70590968 18.28351993
v -7.51840000 124.72726920 18.22059682
v -7.51840000 124.75665909 18.16100000
v -7.51840000 124.79357650 18.10574919
v -7.51840000 124.83738976 18.05578976
v -7.51840000 124.88734919 18.01197650
v -7.51840000 124.94260000 17.97505909
v -7.51840000 125.00219682 17.94566920
v -7.51840000 125.06511993 17.92430968
v -7.51840000 125.13029269 17.91134601
v -7.51840000 125.19660000 17.90700000
v -7.51840000 128.80340000 17.90700000
v -7.51840000 128.86970731 17.91134601
v -7.51840000 128.93488007 17.92430968
v -7.51840000 128.99780318 17.94566920
v -7.51840000 129.05740000 17.97505909
v -7.51840000 129.11265081 18.01197650
v -7.51840000 129.16261024 18.05578976
v -7.51840000 129.20642350 18.10574919
v -7.51840000 129.24334091 18.16100000
v -7.51840000 129.27273080 18.22059682
v -7.51840000 129.29409032 18.28351993
v -7.51840000 129.30705399 18.34869269
v -7.51840000 116.61140000 9.32180000
v -7.51840000 116.61140000 5.71500000
v -7.51840000 116.60705399 9.38810731
v -7.51840000 116.59409032 9.45328007
v -7.51840000 116.57273080 9.51620318
v -7.51840000 116.54334091 9.57580000
v -7.51840000 116.50642350 9.63105081
v -7.51840000 116.46261024 9.68101024
v -7.51840000 116.41265081 9.72482350
v -7.51840000 116.35740000 9.76174091
v -7.51840000 116.29780318 9.79113080
v -7.51840000 116.23488007 9.81249032
v -7.51840000 116.16970731 9.82545399
v -7.51840000 116.10340000 9.82980000
v -7.51840000 112.49660000 9.82980000
v -7.51840000 112.43029269 9.82545399
v -7.51840000 112.36511993 9.81249032
v -7.51840000 112.30219682 9.79113080
v -7.51840000 112.24260000 9.76174091
v -7.51840000 112.18734919 9.72482350
v -7.51840000 112.13738976 9.68101024
v -7.51840000 112.09357650 9.63105081
v -7.51840000 112.05665909 9.57580000
v -7.51840000 112.02726920 9.51620318
v -7.51840000 112.00590968 9.45328007
v -7.51840000 111.99294601 9.38810731
v -7.51840000 111.98860000 9.32180000
v -7.51840000 111.98860000 5.71500000
v -7.51840000 111.99294601 5.64869269
v -7.51840000 112.00590968 5.58351993
v -7.51840000 112.02726920 5.52059682
v -7.51840000 112.05665909 5.46100000
v -7.51840000 112.09357650 5.40574919
v -7.51840000 112.13738976 5.35578976
v -7.51840000 112.18734919 5.31197650
v -7.51840000 112.24260000 5.27505909
v -7.51840000 112.30219682 5.24566920
v -7.51840000 112.36511993 5.22430968
v -7.51840000 112.43029269 5.21134601
v -7.51840000 112.49660000 5.20700000
v -7.51840000 116.10340000 5.20700000
v -7.51840000 116.16970731 5.21134601
v -7.51840000 116.23488007 5.22430968
v -7.51840000 116.29780318 5.24566920
v -7.51840000 116.35740000 5.27505909
v -7.51840000 116.41265081 5.31197650
v -7.51840000 116.46261024 5.35578976
v -7.51840000 116.50642350 5.40574919
v -7.51840000 116.54334091 5.46100000
v -7.51840000 116.57273080 5.52059682
v -7.51840000 116.59409032 5.58351993
v -7.51840000 116.60705399 5.64869269
v -7.51840000 116.61140000 22.02180000
v -7.51840000 116.61140000 18.41500000
v -7.51840000 116.60705399 22.08810731
v -7.51840000 116.59409032 22.15328007
v -7.51840000 116.57273080 22.21620318
v -7.51840000 116.54334091 22.27580000
v -7.51840000 116.50642350 22.33105081
v -7.51840000 116.46261024 22.38101024
v -7.51840000 116.41265081 22.42482350
v -7.51840000 116.35740000 22.46174091
v -7.51840000 116.29780318 22.49113080
v -7.51840000 116.23488007 22.51249032
v -7.51840000 116.16970731 22.52545399
v -7.51840000 116.10340000 22.52980000
v -7.51840000 112.49660000 22.52980000
v -7.51840000 112.43029269 22.52545399
v -7.51840000 112.36511993 22.51249032
v -7.51840000 112.30219682 22.49113080
v -7.51840000 112.24260000 22.46174091
v -7.51840000 112.18734919 22.42482350
v -7.51840000 112.13738976 22.38101024
v -7.51840000 112.09357650 22.33105081
v -7.51840000 112.05665909 22.27580000
v -7.51840000 112.02726920 22.21620318
v -7.51840000 112.00590968 22.15328007
v -7.51840000 111.99294601 22.08810731
v -7.51840000 111.98860000 22.02180000
v -7.51840000 111.98860000 18.41500000
v -7.51840000 111.99294601 18.34869269
v -7.51840000 112.00590968 18.28351993
v -7.51840000 112.02726920 18.22059682
v -7.51840000 112.05665909 18.16100000
v -7.51840000 112.09357650 18.10574919
v -7.51840000 112.13738976 18.05578976
v -7.51840000 112.18734919 18.01197650
v -7.51840000 112.24260000 17.97505909
v -7.51840000 112.30219682 17.94566920
v -7.51840000 112.36511993 17.92430968
v -7.51840000 112.43029269 17.91134601
v -7.51840000 112.49660000 17.90700000
v -7.51840000 116.10340000 17.90700000
v -7.51840000 116.16970731 17.91134601
v -7.51840000 116.23488007 17.92430968
v -7.51840000 116.29780318 17.94566920
v -7.51840000 116.35740000 17.97505909
v -7.51840000 116.41265081 18.01197650
v -7.51840000 116.46261024 18.05578976
v -7.51840000 116.50642350 18.10574919
v -7.51840000 116.54334091 18.16100000
v -7.51840000 116.57273080 18.22059682
v -7.51840000 116.59409032 18.28351993
v -7.51840000 116.60705399 18.34869269
v -7.51840000 103.91140000 9.32180000
v -7.51840000 103.91140000 5.71500000
v -7.51840000 103.90705399 9.38810731
v -7.51840000 103.89409032 9.45328007
v -7.51840000 103.87273080 9.51620318
v -7.51840000 103.84334091 9.57580000
v -7.51840000 103.80642350 9.63105081
v -7.51840000 103.76261024 9.68101024
v -7.51840000 103.71265081 9.72482350
v -7.51840000 103.65740000 9.76174091
v -7.51840000 103.59780318 9.79113080
v -7.51840000 103.53488007 9.81249032
v -7.51840000 103.46970731 9.82545399
v -7.51840000 103.40340000 9.82980000
v -7.51840000 99.79660000 9.82980000
v -7.51840000 99.73029269 9.82545399
v -7.51840000 99.66511993 9.81249032
v -7.51840000 99.60219682 9.79113080
v -7.51840000 99.54260000 9.76174091
v -7.51840000 99.48734919 9.72482350
v -7.51840000 99.43738976 9.68101024
v -7.51840000 99.39357650 9.63105081
v -7.51840000 99.35665909 9.57580000
v -7.51840000 99.32726920 9.51620318
v -7.51840000 99.30590968 9.45328007
v -7.51840000 99.29294601 9.38810731
v -7.51840000 99.28860000 9.32180000
v -7.51840000 99.28860000 5.71500000
v -7.51840000 99.29294601 5.64869269
v -7.51840000 99.30590968 5.58351993
v -7.51840000 99.32726920 5.52059682
v -7.51840000 99.35665909 5.46100000
v -7.51840000 99.39357650 5.40574919
v -7.51840000 99.43738976 5.35578976
v -7.51840000 99.48734919 5.31197650
v -7.51840000 99.54260000 5.27505909
v -7.51840000 99.60219682 5.24566920
v -7.51840000 99.66511993 5.22430968
v -7.51840000 99.73029269 5.21134601
v -7.51840000 99.79660000 5.20700000
v -7.51840000 103.40340000 5.20700000
v -7.51840000 103.46970731 5.21134601
v -7.51840000 103.53488007 5.22430968
v -7.51840000 103.59780318 5.24566920
v -7.51840000 103.65740000 5.27505909
v -7.51840000 103.71265081 5.31197650
v -7.51840000 103.76261024 5.35578976
v -7.51840000 103.80642350 5.40574919
v -7.51840000 103.84334091 5.46100000
v -7.51840000 103.87273080 5.52059682
v -7.51840000 103.89409032 5.58351993
v -7.51840000 103.90705399 5.64869269
v -7.51840000 103.91140000 22.02180000
v -7.51840000 103.91140000 18.41500000
v -7.51840000 103.90705399 22.08810731
v -7.51840000 103.89409032 22.15328007
v -7.51840000 103.87273080 22.21620318
v -7.51840000 103.84334091 22.27580000
v -7.51840000 103.80642350 22.33105081
v -7.51840000 103.76261024 22.38101024
v -7.51840000 103.71265081 22.42482350
v -7.51840000 103.65740000 22.46174091
v -7.51840000 103.59780318 22.49113080
v -7.51840000 103.53488007 22.51249032
v -7.51840000 103.46970731 22.52545399
v -7.51840000 103.40340000 22.52980000
v -7.51840000 99.79660000 22.52980000
v -7.51840000 99.73029269 22.52545399
v -7.51840000 99.66511993 22.51249032
v -7.51840000 99.60219682 22.49113080
v -7.51840000 99.54260000 22.46174091
v -7.51840000 99.48734919 22.42482350
v -7.51840000 99.43738976 22.38101024
v -7.51840000 99.39357650 22.33105081
v -7.51840000 99.35665909 22.27580000
v -7.51840000 99.32726920 22.21620318
v -7.51840000 99.30590968 22.15328007
v -7.51840000 99.29294601 22.08810731
v -7.51840000 99.28860000 22.02180000
v -7.51840000 99.28860000 18.41500000
v -7.51840000 99.29294601 18.34869269
v -7.51840000 99.30590968 18.28351993
v -7.51840000 99.32726920 18.22059682
v -7.51840000 99.35665909 18.16100000
v -7.51840000 99.39357650 18.10574919
v -7.51840000 99.43738976 18.05578976
v -7.51840000 99.48734919 18.01197650
v -7.51840000 99.54260000 17.97505909
v -7.51840000 99.60219682 17.94566920
v -7.51840000 99.66511993 17.92430968
v -7.51840000 99.73029269 17.91134601
v -7.51840000 99.79660000 17.90700000
v -7.51840000 103.40340000 17.90700000
v -7.51840000 103.46970731 17.91134601
v -7.51840000 103.53488007 17.92430968
v -7.51840000 103.59780318 17.94566920
v -7.51840000 103.65740000 17.97505909
v -7.51840000 103.71265081 18.01197650
v -7.51840000 103.76261024 18.05578976
v -7.51840000 103.80642350 18.10574919
v -7.51840000 103.84334091 18.16100000
v -7.51840000 103.87273080 18.22059682
v -7.51840000 103.89409032 18.28351993
v -7.51840000 103.90705399 18.34869269
v -7.51840000 91.21140000 9.32180000
v -7.51840000 91.21140000 5.71500000
v -7.51840000 91.20705399 9.38810731
v -7.51840000 91.19409032 9.45328007
v -7.51840000 91.17273080 9.51620318
v -7.51840000 91.14334091 9.57580000
v -7.51840000 91.10642350 9.63105081
v -7.51840000 91.06261024 9.68101024
v -7.51840000 91.01265081 9.72482350
v -7.51840000 90.95740000 9.76174091
v -7.51840000 90.89780318 9.79113080
v -7.51840000 90.83488007 9.81249032
v -7.51840000 90.76970731 9.82545399
v -7.51840000 90.70340000 9.82980000
v -7.51840000 87.09660000 9.82980000
v -7.51840000 87.03029269 9.82545399
v -7.51840000 86.96511993 9.81249032
v -7.51840000 86.90219682 9.79113080
v -7.51840000 86.84260000 9.76174091
v -7.51840000 86.78734919 9.72482350
v -7.51840000 86.73738976 9.68101024
v -7.51840000 86.69357650 9.63105081
v -7.51840000 86.65665909 9.57580000
v -7.51840000 86.62726920 9.51620318
v -7.51840000 86.60590968 9.45328007
v -7.51840000 86.59294601 9.38810731
v -7.51840000 86.58860000 9.32180000
v -7.51840000 86.58860000 5.71500000
v -7.51840000 86.59294601 5.64869269
v -7.51840000 86.60590968 5.58351993
v -7.51840000 86.62726920 5.52059682
v -7.51840000 86.65665909 5.46100000
v -7.51840000 86.69357650 5.40574919
v -7.51840000 86.73738976 5.35578976
v -7.51840000 86.78734919 5.31197650
v -7.51840000 86.84260000 5.27505909
v -7.51840000 86.90219682 5.24566920
v -7.51840000 86.96511993 5.22430968
v -7.51840000 87.03029269 5.21134601
v -7.51840000 87.09660000 5.20700000
v -7.51840000 90.70340000 5.20700000
v -7.51840000 90.76970731 5.21134601
v -7.51840000 90.83488007 5.22430968
v -7.51840000 90.89780318 5.24566920
v -7.51840000 90.95740000 5.27505909
v -7.51840000 91.01265081 5.31197650
v -7.51840000 91.06261024 5.35578976
v -7.51840000 91.10642350 5.40574919
v -7.51840000 91.14334091 5.46100000
v -7.51840000 91.17273080 5.52059682
v -7.51840000 91.19409032 5.58351993
v -7.51840000 91.20705399 5.64869269
v -7.51840000 91.21140000 22.02180000
v -7.51840000 91.21140000 18.41500000
v -7.51840000 91.20705399 22.08810731
v -7.51840000 91.19409032 22.15328007
v -7.51840000 91.17273080 22.21620318
v -7.51840000 91.14334091 22.27580000
v -7.51840000 91.10642350 22.33105081
v -7.51840000 91.06261024 22.38101024
v -7.51840000 91.01265081 22.42482350
v -7.51840000 90.95740000 22.46174091
v -7.51840000 90.89780318 22.49113080
v -7.51840000 90.83488007 22.51249032
v -7.51840000 90.76970731 22.52545399
v -7.51840000 90.70340000 22.52980000
v -7.51840000 87.09660000 22.52980000
v -7.51840000 87.03029269 22.52545399
v -7.51840000 86.96511993 22.51249032
v -7.51840000 86.90219682 22.49113080
v -7.51840000 86.84260000 22.46174091
v -7.51840000 86.78734919 22.42482350
v -7.51840000 86.73738976 22.38101024
v -7.51840000 86.69357650 22.33105081
v -7.51840000 86.65665909 22.27580000
v -7.51840000 86.62726920 22.21620318
v -7.51840000 86.60590968 22.15328007
v -7.51840000 86.59294601 22.08810731
v -7.51840000 86.58860000 22.02180000
v -7.51840000 86.58860000 18.41500000
v -7.51840000 86.59294601 18.34869269
v -7.51840000 86.60590968 18.28351993
v -7.51840000 86.62726920 18.22059682
v -7.51840000 86.65665909 18.16100000
v -7.51840000 86.69357650 18.10574919
v -7.51840000 86.73738976 18.05578976
v -7.51840000 86.78734919 18.01197650
v -7.51840000 86.84260000 17.97505909
v -7.51840000 86.90219682 17.94566920
v -7.51840000 86.96511993 17.92430968
v -7.51840000 87.03029269 17.91134601
v -7.51840000 87.09660000 17.90700000
v -7.51840000 90.70340000 17.90700000
v -7.51840000 90.76970731 17.91134601
v -7.51840000 90.83488007 17.92430968
v -7.51840000 90.89780318 17.94566920
v -7.51840000 90.95740000 17.97505909
v -7.51840000 91.01265081 18.01197650
v -7.51840000 91.06261024 18.05578976
v -7.51840000 91.10642350 18.10574919
v -7.51840000 91.14334091 18.16100000
v -7.51840000 91.17273080 18.22059682
v -7.51840000 91.19409032 18.28351993
v -7.51840000 91.20705399 18.34869269
v -7.51840000 78.51140000 9.32180000
v -7.51840000 78.51140000 5.71500000
v -7.51840000 78.50705399 9.38810731
v -7.51840000 78.49409032 9.45328007
v -7.51840000 78.47273080 9.51620318
v -7.51840000 78.44334091 9.57580000
v -7.51840000 78.40642350 9.63105081
v -7.51840000 78.36261024 9.68101024
v -7.51840000 78.31265081 9.72482350
v -7.51840000 78.25740000 9.76174091
v -7.51840000 78.19780318 9.79113080
v -7.51840000 78.13488007 9.81249032
v -7.51840000 78.06970731 9.82545399
v -7.51840000 78.00340000 9.82980000
v -7.51840000 74.39660000 9.82980000
v -7.51840000 74.33029269 9.82545399
v -7.51840000 74.26511993 9.81249032
v -7.51840000 74.20219682 9.79113080
v -7.51840000 74.14260000 9.76174091
v -7.51840000 74.08734919 9.72482350
v -7.51840000 74.03738976 9.68101024
v -7.51840000 73.99357650 9.63105081
v -7.51840000 73.95665909 9.57580000
v -7.51840000 73.92726920 9.51620318
v -7.51840000 73.90590968 9.45328007
v -7.51840000 73.89294601 9.38810731
v -7.51840000 73.88860000 9.32180000
v -7.51840000 73.88860000 5.71500000
v -7.51840000 73.89294601 5.64869269
v -7.51840000 73.90590968 5.58351993
v -7.51840000 73.92726920 5.52059682
v -7.51840000 73.95665909 5.46100000
v -7.51840000 73.99357650 5.40574919
v -7.51840000 74.03738976 5.35578976
v -7.51840000 74.08734919 5.31197650
v -7.51840000 74.14260000 5.27505909
v -7.51840000 74.20219682 5.24566920
v -7.51840000 74.26511993 5.22430968
v -7.51840000 74.33029269 5.21134601
v -7.51840000 74.39660000 5.20700000
v -7.51840000 78.00340000 5.20700000
v -7.51840000 78.06970731 5.21134601
v -7.51840000 78.13488007 5.22430968
v -7.51840000 78.19780318 5.24566920
v -7.51840000 78.25740000 5.27505909
v -7.51840000 78.31265081 5.31197650
v -7.51840000 78.36261024 5.35578976
v -7.51840000 78.40642350 5.40574919
v -7.51840000 78.44334091 5.46100000
v -7.51840000 78.47273080 5.52059682
v -7.51840000 78.49409032 5.58351993
v -7.51840000 78.50705399 5.64869269
v -7.51840000 78.51140000 22.02180000
v -7.51840000 78.51140000 18.41500000
v -7.51840000 78.50705399 22.08810731
v -7.51840000 78.49409032 22.15328007
v -7.51840000 78.47273080 22.21620318
v -7.51840000 78.44334091 22.27580000
v -7.51840000 78.40642350 22.33105081
v -7.51840000 78.36261024 22.38101024
v -7.51840000 78.31265081 22.42482350
v -7.51840000 78.25740000 22.46174091
v -7.51840000 78.19780318 22.49113080
v -7.51840000 78.13488007 22.51249032
v -7.51840000 78.06970731 22.52545399
v -7.51840000 78.00340000 22.52980000
v -7.51840000 74.39660000 22.52980000
v -7.51840000 74.33029269 22.52545399
v -7.51840000 74.26511993 22.51249032
v -7.51840000 74.20219682 22.49113080
v -7.51840000 74.14260000 22.46174091
v -7.51840000 74.08734919 22.42482350
v -7.51840000 74.03738976 22.38101024
v -7.51840000 73.99357650 22.33105081
v -7.51840000 73.95665909 22.27580000
v -7.51840000 73.92726920 22.21620318
v -7.51840000 73.90590968 22.15328007
v -7.51840000 73.89294601 22.08810731
v -7.51840000 73.88860000 22.02180000
v -7.51840000 73.88860000 18.41500000
v -7.51840000 73.89294601 18.34869269
v -7.51840000 73.90590968 18.28351993
v -7.51840000 73.92726920 18.22059682
v -7.51840000 73.95665909 18.16100000
v -7.51840000 73.99357650 18.10574919
v -7.51840000 74.03738976 18.05578976
v -7.51840000 74.08734919 18.01197650
v -7.51840000 74.14260000 17.97505909
v -7.51840000 74.20219682 17.94566920
v -7.51840000 74.26511993 17.92430968
v -7.51840000 74.33029269 17.91134601
v -7.51840000 74.39660000 17.90700000
v -7.51840000 78.00340000 17.90700000
v -7.51840000 78.06970731 17.91134601
v -7.51840000 78.13488007 17.92430968
v -7.51840000 78.19780318 17.94566920
v -7.51840000 78.25740000 17.97505909
v -7.51840000 78.31265081 18.01197650
v -7.51840000 78.36261024 18.05578976
v -7.51840000 78.40642350 18.10574919
v -7.51840000 78.44334091 18.16100000
v -7.51840000 78.47273080 18.22059682
v -7.51840000 78.49409032 18.28351993
v -7.51840000 78.50705399 18.34869269
v -7.51840000 65.81140000 9.32180000
v -7.51840000 65.81140000 5.71500000
v -7.51840000 65.80705399 9.38810731
v -7.51840000 65.79409032 9.45328007
v -7.51840000 65.77273080 9.51620318
v -7.51840000 65.74334091 9.57580000
v -7.51840000 65.70642350 9.63105081
v -7.51840000 65.66261024 9.68101024
v -7.51840000 65.61265081 9.72482350
v -7.51840000 65.55740000 9.76174091
v -7.51840000 65.49780318 9.79113080
v -7.51840000 65.43488007 9.81249032
v -7.51840000 65.36970731 9.82545399
v -7.51840000 65.30340000 9.82980000
v -7.51840000 61.69660000 9.82980000
v -7.51840000 61.63029269 9.82545399
v -7.51840000 61.56511993 9.81249032
v -7.51840000 61.50219682 9.79113080
v -7.51840000 61.44260000 9.76174091
v -7.51840000 61.38734919 9.72482350
v -7.51840000 61.33738976 9.68101024
v -7.51840000 61.29357650 9.63105081
v -7.51840000 61.25665909 9.57580000
v -7.51840000 61.22726920 9.51620318
v -7.51840000 61.20590968 9.45328007
v -7.51840000 61.19294601 9.38810731
v -7.51840000 61.18860000 9.32180000
v -7.51840000 61.18860000 5.71500000
v -7.51840000 61.19294601 5.64869269
v -7.51840000 61.20590968 5.58351993
v -7.51840000 61.22726920 5.52059682
v -7.51840000 61.25665909 5.46100000
v -7.51840000 61.29357650 5.40574919
v -7.51840000 61.33738976 5.35578976
v -7.51840000 61.38734919 5.31197650
v -7.51840000 61.44260000 5.27505909
v -7.51840000 61.50219682 5.24566920
v -7.51840000 61.56511993 5.22430968
v -7.51840000 61.63029269 5.21134601
v -7.51840000 61.69660000 5.20700000
v -7.51840000 65.30340000 5.20700000
v -7.51840000 65.36970731 5.21134601
v -7.51840000 65.43488007 5.22430968
v -7.51840000 65.49780318 5.24566920
v -7.51840000 65.55740000 5.27505909
v -7.51840000 65.61265081 5.31197650
v -7.51840000 65.66261024 5.35578976
v -7.51840000 65.70642350 5.40574919
v -7.51840000 65.74334091 5.46100000
v -7.51840000 65.77273080 5.52059682
v -7.51840000 65.79409032 5.58351993
v -7.51840000 65.80705399 5.64869269
v -7.51840000 65.81140000 22.02180000
v -7.51840000 65.81140000 18.41500000
v -7.51840000 65.80705399 22.08810731
v -7.51840000 65.79409032 22.15328007
v -7.51840000 65.77273080 22.21620318
v -7.51840000 65.74334091 22.27580000
v -7.51840000 65.70642350 22.33105081
v -7.51840000 65.66261024 22.38101024
v -7.51840000 65.61265081 22.42482350
v -7.51840000 65.55740000 22.46174091
v -7.51840000 65.49780318 22.49113080
v -7.51840000 65.43488007 22.51249032
v -7.51840000 65.36970731 22.52545399
v -7.51840000 65.30340000 22.52980000
v -7.51840000 61.69660000 22.52980000
v -7.51840000 61.63029269 22.52545399
v -7.51840000 61.56511993 22.51249032
v -7.51840000 61.50219682 22.49113080
v -7.51840000 61.44260000 22.46174091
v -7.51840000 61.38734919 22.42482350
v -7.51840000 61.33738976 22.38101024
v -7.51840000 61.29357650 22.33105081
v -7.51840000 61.25665909 22.27580000
v -7.51840000 61.22726920 22.21620318
v -7.51840000 61.20590968 22.15328007
v -7.51840000 61.19294601 22.08810731
v -7.51840000 61.18860000 22.02180000
v -7.51840000 61.18860000 18.41500000
v -7.51840000 61.19294601 18.34869269
v -7.51840000 61.20590968 18.28351993
v -7.51840000 61.22726920 18.22059682
v -7.51840000 61.25665909 18.16100000
v -7.51840000 61.29357650 18.10574919
v -7.51840000 61.33738976 18.05578976
v -7.51840000 61.38734919 18.01197650
v -7.51840000 61.44260000 17.97505909
v -7.51840000 61.50219682 17.94566920
v -7.51840000 61.56511993 17.92430968
v -7.51840000 61.63029269 17.91134601
v -7.51840000 61.69660000 17.90700000
v -7.51840000 65.30340000 17.90700000
v -7.51840000 65.36970731 17.91134601
v -7.51840000 65.43488007 17.92430968
v -7.51840000 65.49780318 17.94566920
v -7.51840000 65.55740000 17.97505909
v -7.51840000 65.61265081 18.01197650
v -7.51840000 65.66261024 18.05578976
v -7.51840000 65.70642350 18.10574919
v -7.51840000 65.74334091 18.16100000
v -7.51840000 65.77273080 18.22059682
v -7.51840000 65.79409032 18.28351993
v -7.51840000 65.80705399 18.34869269
v -7.51840000 53.11140000 9.32180000
v -7.51840000 53.11140000 5.71500000
v -7.51840000 53.10705399 9.38810731
v -7.51840000 53.09409032 9.45328007
v -7.51840000 53.07273080 9.51620318
v -7.51840000 53.04334091 9.57580000
v -7.51840000 53.00642350 9.63105081
v -7.51840000 52.96261024 9.68101024
v -7.51840000 52.91265081 9.72482350
v -7.51840000 52.85740000 9.76174091
v -7.51840000 52.79780318 9.79113080
v -7.51840000 52.73488007 9.81249032
v -7.51840000 52.66970731 9.82545399
v -7.51840000 52.60340000 9.82980000
v -7.51840000 48.99660000 9.82980000
v -7.51840000 48.93029269 9.82545399
v -7.51840000 48.86511993 9.81249032
v -7.51840000 48.80219682 9.79113080
v -7.51840000 48.74260000 9.76174091
v -7.51840000 48.68734919 9.72482350
v -7.51840000 48.63738976 9.68101024
v -7.51840000 48.59357650 9.63105081
v -7.51840000 48.55665909 9.57580000
v -7.51840000 48.52726920 9.51620318
v -7.51840000 48.50590968 9.45328007
v -7.51840000 48.49294601 9.38810731
v -7.51840000 48.48860000 9.32180000
v -7.51840000 48.48860000 5.71500000
v -7.51840000 48.49294601 5.64869269
v -7.51840000 48.50590968 5.58351993
v -7.51840000 48.52726920 5.52059682
v -7.51840000 48.55665909 5.46100000
v -7.51840000 48.59357650 5.40574919
v -7.51840000 48.63738976 5.35578976
v -7.51840000 48.68734919 5.31197650
v -7.51840000 48.74260000 5.27505909
v -7.51840000 48.80219682 5.24566920
v -7.51840000 48.86511993 5.22430968
v -7.51840000 48.93029269 5.21134601
v -7.51840000 48.99660000 5.20700000
v -7.51840000 52.60340000 5.20700000
v -7.51840000 52.66970731 5.21134601
v -7.51840000 52.73488007 5.22430968
v -7.51840000 52.79780318 5.24566920
v -7.51840000 52.85740000 5.27505909
v -7.51840000 52.91265081 5.31197650
v -7.51840000 52.96261024 5.35578976
v -7.51840000 53.00642350 5.40574919
v -7.51840000 53.04334091 5.46100000
v -7.51840000 53.07273080 5.52059682
v -7.51840000 53.09409032 5.58351993
v -7.51840000 53.10705399 5.64869269
v -7.51840000 53.11140000 22.02180000
v -7.51840000 53.11140000 18.41500000
v -7.51840000 53.10705399 22.08810731
v -7.51840000 53.09409032 22.15328007
v -7.51840000 53.07273080 22.21620318
v -7.51840000 53.04334091 22.27580000
v -7.51840000 53.00642350 22.33105081
v -7.51840000 52.96261024 22.38101024
v -7.51840000 52.91265081 22.42482350
v -7.51840000 52.85740000 22.46174091
v -7.51840000 52.79780318 22.49113080
v -7.51840000 52.73488007 22.51249032
v -7.51840000 52.66970731 22.52545399
v -7.51840000 52.60340000 22.52980000
v -7.51840000 48.99660000 22.52980000
v -7.51840000 48.93029269 22.52545399
v -7.51840000 48.86511993 22.51249032
v -7.51840000 48.80219682 22.49113080
v -7.51840000 48.74260000 22.46174091
v -7.51840000 48.68734919 22.42482350
v -7.51840000 48.63738976 22.38101024
v -7.51840000 48.59357650 22.33105081
v -7.51840000 48.55665909 22.27580000
v -7.51840000 48.52726920 22.21620318
v -7.51840000 48.50590968 22.15328007
v -7.51840000 48.49294601 22.08810731
v -7.51840000 48.48860000 22.02180000
v -7.51840000 48.48860000 18.41500000
v -7.51840000 48.49294601 18.34869269
v -7.51840000 48.50590968 18.28351993
v -7.51840000 48.52726920 18.22059682
v -7.51840000 48.55665909 18.16100000
v -7.51840000 48.59357650 18.10574919
v -7.51840000 48.63738976 18.05578976
v -7.51840000 48.68734919 18.01197650
v -7.51840000 48.74260000 17.97505909
v -7.51840000 48.80219682 17.94566920
v -7.51840000 48.86511993 17.92430968
v -7.51840000 48.93029269 17.91134601
v -7.51840000 48.99660000 17.90700000
v -7.51840000 52.60340000 17.90700000
v -7.51840000 52.66970731 17.91134601
v -7.51840000 52.73488007 17.92430968
v -7.51840000 52.79780318 17.94566920
v -7.51840000 52.85740000 17.97505909
v -7.51840000 52.91265081 18.01197650
v -7.51840000 52.96261024 18.05578976
v -7.51840000 53.00642350 18.10574919
v -7.51840000 53.04334091 18.16100000
v -7.51840000 53.07273080 18.22059682
v -7.51840000 53.09409032 18.28351993
v -7.51840000 53.10705399 18.34869269
v -7.51840000 40.41140000 9.32180000
v -7.51840000 40.41140000 5.71500000
v -7.51840000 40.40705399 9.38810731
v -7.51840000 40.39409032 9.45328007
v -7.51840000 40.37273080 9.51620318
v -7.51840000 40.34334091 9.57580000
v -7.51840000 40.30642350 9.63105081
v -7.51840000 40.26261024 9.68101024
v -7.51840000 40.21265081 9.72482350
v -7.51840000 40.15740000 9.76174091
v -7.51840000 40.09780318 9.79113080
v -7.51840000 40.03488007 9.81249032
v -7.51840000 39.96970731 9.82545399
v -7.51840000 39.90340000 9.82980000
v -7.51840000 36.29660000 9.82980000
v -7.51840000 36.23029269 9.82545399
v -7.51840000 36.16511993 9.81249032
v -7.51840000 36.10219682 9.79113080
v -7.51840000 36.04260000 9.76174091
v -7.51840000 35.98734919 9.72482350
v -7.51840000 35.93738976 9.68101024
v -7.51840000 35.89357650 9.63105081
v -7.51840000 35.85665909 9.57580000
v -7.51840000 35.82726920 9.51620318
v -7.51840000 35.80590968 9.45328007
v -7.51840000 35.79294601 9.38810731
v -7.51840000 35.78860000 9.32180000
v -7.51840000 35.78860000 5.71500000
v -7.51840000 35.79294601 5.64869269
v -7.51840000 35.80590968 5.58351993
v -7.51840000 35.82726920 5.52059682
v -7.51840000 35.85665909 5.46100000
v -7.51840000 35.89357650 5.40574919
v -7.51840000 35.93738976 5.35578976
v -7.51840000 35.98734919 5.31197650
v -7.51840000 36.04260000 5.27505909
v -7.51840000 36.10219682 5.24566920
v -7.51840000 36.16511993 5.22430968
v -7.51840000 36.23029269 5.21134601
v -7.51840000 36.29660000 5.20700000
v -7.51840000 39.90340000 5.20700000
v -7.51840000 39.96970731 5.21134601
v -7.51840000 40.03488007 5.22430968
v -7.51840000 40.09780318 5.24566920
v -7.51840000 40.15740000 5.27505909
v -7.51840000 40.21265081 5.31197650
v -7.51840000 40.26261024 5.35578976
v -7.51840000 40.30642350 5.40574919
v -7.51840000 40.34334091 5.46100000
v -7.51840000 40.37273080 5.52059682
v -7.51840000 40.39409032 5.58351993
v -7.51840000 40.40705399 5.64869269
v -7.51840000 40.41140000 22.02180000
v -7.51840000 40.41140000 18.41500000
v -7.51840000 40.40705399 22.08810731
v -7.51840000 40.39409032 22.15328007
v -7.51840000 40.37273080 22.21620318
v -7.51840000 40.34334091 22.27580000
v -7.51840000 40.30642350 22.33105081
v -7.51840000 40.26261024 22.38101024
v -7.51840000 40.21265081 22.42482350
v -7.51840000 40.15740000 22.46174091
v -7.51840000 40.09780318 22.49113080
v -7.51840000 40.03488007 22.51249032
v -7.51840000 39.96970731 22.52545399
v -7.51840000 39.90340000 22.52980000
v -7.51840000 36.29660000 22.52980000
v -7.51840000 36.23029269 22.52545399
v -7.51840000 36.16511993 22.51249032
v -7.51840000 36.10219682 22.49113080
v -7.51840000 36.04260000 22.46174091
v -7.51840000 35.98734919 22.42482350
v -7.51840000 35.93738976 22.38101024
v -7.51840000 35.89357650 22.33105081
v -7.51840000 35.85665909 22.27580000
v -7.51840000 35.82726920 22.21620318
v -7.51840000 35.80590968 22.15328007
v -7.51840000 35.79294601 22.08810731
v -7.51840000 35.78860000 22.02180000
v -7.51840000 35.78860000 18.41500000
v -7.51840000 35.79294601 18.34869269
v -7.51840000 35.80590968 18.28351993
v -7.51840000 35.82726920 18.22059682
v -7.51840000 35.85665909 18.16100000
v -7.51840000 35.89357650 18.10574919
v -7.51840000 35.93738976 18.05578976
v -7.51840000 35.98734919 18.01197650
v -7.51840000 36.04260000 17.97505909
v -7.51840000 36.10219682 17.94566920
v -7.51840000 36.16511993 17.92430968
v -7.51840000 36.23029269 17.91134601
v -7.51840000 36.29660000 17.90700000
v -7.51840000 39.90340000 17.90700000
v -7.51840000 39.96970731 17.91134601
v -7.51840000 40.03488007 17.92430968
v -7.51840000 40.09780318 17.94566920
v -7.51840000 40.15740000 17.97505909
v -7.51840000 40.21265081 18.01197650
v -7.51840000 40.26261024 18.05578976
v -7.51840000 40.30642350 18.10574919
v -7.51840000 40.34334091 18.16100000
v -7.51840000 40.37273080 18.22059682
v -7.51840000 40.39409032 18.28351993
v -7.51840000 40.40705399 18.34869269
v -7.51840000 27.71140000 9.32180000
v -7.51840000 27.71140000 5.71500000
v -7.51840000 27.70705399 9.38810731
v -7.51840000 27.69409032 9.45328007
v -7.51840000 27.67273080 9.51620318
v -7.51840000 27.64334091 9.57580000
v -7.51840000 27.60642350 9.63105081
v -7.51840000 27.56261024 9.68101024
v -7.51840000 27.51265081 9.72482350
v -7.51840000 27.45740000 9.76174091
v -7.51840000 27.39780318 9.79113080
v -7.51840000 27.33488007 9.81249032
v -7.51840000 27.26970731 9.82545399
v -7.51840000 27.20340000 9.82980000
v -7.51840000 23.59660000 9.82980000
v -7.51840000 23.53029269 9.82545399
v -7.51840000 23.46511993 9.81249032
v -7.51840000 23.40219682 9.79113080
v -7.51840000 23.34260000 9.76174091
v -7.51840000 23.28734919 9.72482350
v -7.51840000 23.23738976 9.68101024
v -7.51840000 23.19357650 9.63105081
v -7.51840000 23.15665909 9.57580000
v -7.51840000 23.12726920 9.51620318
v -7.51840000 23.10590968 9.45328007
v -7.51840000 23.09294601 9.38810731
v -7.51840000 23.08860000 9.32180000
v -7.51840000 23.08860000 5.71500000
v -7.51840000 23.09294601 5.64869269
v -7.51840000 23.10590968 5.58351993
v -7.51840000 23.12726920 5.52059682
v -7.51840000 23.15665909 5.46100000
v -7.51840000 23.19357650 5.40574919
v -7.51840000 23.23738976 5.35578976
v -7.51840000 23.28734919 5.31197650
v -7.51840000 23.34260000 5.27505909
v -7.51840000 23.40219682 5.24566920
v -7.51840000 23.46511993 5.22430968
v -7.51840000 23.53029269 5.21134601
v -7.51840000 23.59660000 5.20700000
v -7.51840000 27.20340000 5.20700000
v -7.51840000 27.26970731 5.21134601
v -7.51840000 27.33488007 5.22430968
v -7.51840000 27.39780318 5.24566920
v -7.51840000 27.45740000 5.27505909
v -7.51840000 27.51265081 5.31197650
v -7.51840000 27.56261024 5.35578976
v -7.51840000 27.60642350 5.40574919
v -7.51840000 27.64334091 5.46100000
v -7.51840000 27.67273080 5.52059682
v -7.51840000 27.69409032 5.58351993
v -7.51840000 27.70705399 5.64869269
v -7.51840000 27.71140000 22.02180000
v -7.51840000 27.71140000 18.41500000
v -7.51840000 27.70705399 22.08810731
v -7.51840000 27.69409032 22.15328007
v -7.51840000 27.67273080 22.21620318
v -7.51840000 27.64334091 22.27580000
v -7.51840000 27.60642350 22.33105081
v -7.51840000 27.56261024 22.38101024
v -7.51840000 27.51265081 22.42482350
v -7.51840000 27.45740000 22.46174091
v -7.51840000 27.39780318 22.49113080
v -7.51840000 27.33488007 22.51249032
v -7.51840000 27.26970731 22.52545399
v -7.51840000 27.20340000 22.52980000
v -7.51840000 23.59660000 22.52980000
v -7.51840000 23.53029269 22.52545399
v -7.51840000 23.46511993 22.51249032
v -7.51840000 23.40219682 22.49113080
v -7.51840000 23.34260000 22.46174091
v -7.51840000 23.28734919 22.42482350
v -7.51840000 23.23738976 22.38101024
v -7.51840000 23.19357650 22.33105081
v -7.51840000 23.15665909 22.27580000
v -7.51840000 23.12726920 22.21620318
v -7.51840000 23.10590968 22.15328007
v -7.51840000 23.09294601 22.08810731
v -7.51840000 23.08860000 22.02180000
v -7.51840000 23.08860000 18.41500000
v -7.51840000 23.09294601 18.34869269
v -7.51840000 23.10590968 18.28351993
v -7.51840000 23.12726920 18.22059682
v -7.51840000 23.15665909 18.16100000
v -7.51840000 23.19357650 18.10574919
v -7.51840000 23.23738976 18.05578976
v -7.51840000 23.28734919 18.01197650
v -7.51840000 23.34260000 17.97505909
v -7.51840000 23.40219682 17.94566920
v -7.51840000 23.46511993 17.92430968
v -7.51840000 23.53029269 17.91134601
v -7.51840000 23.59660000 17.90700000
v -7.51840000 27.20340000 17.90700000
v -7.51840000 27.26970731 17.91134601
v -7.51840000 27.33488007 17.92430968
v -7.51840000 27.39780318 17.94566920
v -7.51840000 27.45740000 17.97505909
v -7.51840000 27.51265081 18.01197650
v -7.51840000 27.56261024 18.05578976
v -7.51840000 27.60642350 18.10574919
v -7.51840000 27.64334091 18.16100000
v -7.51840000 27.67273080 18.22059682
v -7.51840000 27.69409032 18.28351993
v -7.51840000 27.70705399 18.34869269
v -7.51840000 15.01140000 9.32180000
v -7.51840000 15.01140000 5.71500000
v -7.51840000 15.00705399 9.38810731
v -7.51840000 14.99409032 9.45328007
v -7.51840000 14.97273080 9.51620318
v -7.51840000 14.94334091 9.57580000
v -7.51840000 14.90642350 9.63105081
v -7.51840000 14.86261024 9.68101024
v -7.51840000 14.81265081 9.72482350
v -7.51840000 14.75740000 9.76174091
v -7.51840000 14.69780318 9.79113080
v -7.51840000 14.63488007 9.81249032
v -7.51840000 14.56970731 9.82545399
v -7.51840000 14.50340000 9.82980000
v -7.51840000 10.89660000 9.82980000
v -7.51840000 10.83029269 9.82545399
v -7.51840000 10.76511993 9.81249032
v -7.51840000 10.70219682 9.79113080
v -7.51840000 10.64260000 9.76174091
v -7.51840000 10.58734919 9.72482350
v -7.51840000 10.53738976 9.68101024
v -7.51840000 10.49357650 9.63105081
v -7.51840000 10.45665909 9.57580000
v -7.51840000 10.42726920 9.51620318
v -7.51840000 10.40590968 9.45328007
v -7.51840000 10.39294601 9.38810731
v -7.51840000 10.38860000 9.32180000
v -7.51840000 10.38860000 5.71500000
v -7.51840000 10.39294601 5.64869269
v -7.51840000 10.40590968 5.58351993
v -7.51840000 10.42726920 5.52059682
v -7.51840000 10.45665909 5.46100000
v -7.51840000 10.49357650 5.40574919
v -7.51840000 10.53738976 5.35578976
v -7.51840000 10.58734919 5.31197650
v -7.51840000 10.64260000 5.27505909
v -7.51840000 10.70219682 5.24566920
v -7.51840000 10.76511993 5.22430968
v -7.51840000 10.83029269 5.21134601
v -7.51840000 10.89660000 5.20700000
v -7.51840000 14.50340000 5.20700000
v -7.51840000 14.56970731 5.21134601
v -7.51840000 14.63488007 5.22430968
v -7.51840000 14.69780318 5.24566920
v -7.51840000 14.75740000 5.27505909
v -7.51840000 14.81265081 5.31197650
v -7.51840000 14.86261024 5.35578976
v -7.51840000 14.90642350 5.40574919
v -7.51840000 14.94334091 5.46100000
v -7.51840000 14.97273080 5.52059682
v -7.51840000 14.99409032 5.58351993
v -7.51840000 15.00705399 5.64869269
v -7.51840000 15.01140000 22.02180000
v -7.51840000 15.01140000 18.41500000
v -7.51840000 15.00705399 22.08810731
v -7.51840000 14.99409032 22.15328007
v -7.51840000 14.97273080 22.21620318
v -7.51840000 14.94334091 22.27580000
v -7.51840000 14.90642350 22.33105081
v -7.51840000 14.86261024 22.38101024
v -7.51840000 14.81265081 22.42482350
v -7.51840000 14.75740000 22.46174091
v -7.51840000 14.69780318 22.49113080
v -7.51840000 14.63488007 22.51249032
v -7.51840000 14.56970731 22.52545399
v -7.51840000 14.50340000 22.52980000
v -7.51840000 10.89660000 22.52980000
v -7.51840000 10.83029269 22.52545399
v -7.51840000 10.76511993 22.51249032
v -7.51840000 10.70219682 22.49113080
v -7.51840000 10.64260000 22.46174091
v -7.51840000 10.58734919 22.42482350
v -7.51840000 10.53738976 22.38101024
v -7.51840000 10.49357650 22.33105081
v -7.51840000 10.45665909 22.27580000
v -7.51840000 10.42726920 22.21620318
v -7.51840000 10.40590968 22.15328007
v -7.51840000 10.39294601 22.08810731
v -7.51840000 10.38860000 22.02180000
v -7.51840000 10.38860000 18.41500000
v -7.51840000 10.39294601 18.34869269
v -7.51840000 10.40590968 18.28351993
v -7.51840000 10.42726920 18.22059682
v -7.51840000 10.45665909 18.16100000
v -7.51840000 10.49357650 18.10574919
v -7.51840000 10.53738976 18.05578976
v -7.51840000 10.58734919 18.01197650
v -7.51840000 10.64260000 17.97505909
v -7.51840000 10.70219682 17.94566920
v -7.51840000 10.76511993 17.92430968
v -7.51840000 10.83029269 17.91134601
v -7.51840000 10.89660000 17.90700000
v -7.51840000 14.50340000 17.90700000
v -7.51840000 14.56970731 17.91134601
v -7.51840000 14.63488007 17.92430968
v -7.51840000 14.69780318 17.94566920
v -7.51840000 14.75740000 17.97505909
v -7.51840000 14.81265081 18.01197650
v -7.51840000 14.86261024 18.05578976
v -7.51840000 14.90642350 18.10574919
v -7.51840000 14.94334091 18.16100000
v -7.51840000 14.97273080 18.22059682
v -7.51840000 14.99409032 18.28351993
v -7.51840000 15.00705399 18.34869269
v -7.51840000 2.31140000 9.32180000
v -7.51840000 2.31140000 5.71500000
v -7.51840000 2.30705399 9.38810731
v -7.51840000 2.29409032 9.45328007
v -7.51840000 2.27273080 9.51620318
v -7.51840000 2.24334091 9.57580000
v -7.51840000 2.20642350 9.63105081
v -7.51840000 2.16261024 9.68101024
v -7.51840000 2.11265081 9.72482350
v -7.51840000 2.05740000 9.76174091
v -7.51840000 1.99780318 9.79113080
v -7.51840000 1.93488007 9.81249032
v -7.51840000 1.86970731 9.82545399
v -7.51840000 1.80340000 9.82980000
v -7.51840000 -1.80340000 9.82980000
v -7.51840000 -1.86970731 9.82545399
v -7.51840000 -1.93488007 9.81249032
v -7.51840000 -1.99780318 9.79113080
v -7.51840000 -2.05740000 9.76174091
v -7.51840000 -2.11265081 9.72482350
v -7.51840000 -2.16261024 9.68101024
v -7.51840000 -2.20642350 9.63105081
v -7.51840000 -2.24334091 9.57580000
v -7.51840000 -2.27273080 9.51620318
v -7.51840000 -2.29409032 9.45328007
v -7.51840000 -2.30705399 9.38810731
v -7.51840000 -2.31140000 9.32180000
v -7.51840000 -2.31140000 5.71500000
v -7.51840000 -2.30705399 5.64869269
v -7.51840000 -2.29409032 5.58351993
v -7.51840000 -2.27273080 5.52059682
v -7.51840000 -2.24334091 5.46100000
v -7.51840000 -2.20642350 5.40574919
v -7.51840000 -2.16261024 5.35578976
v -7.51840000 -2.11265081 5.31197650
v -7.51840000 -2.05740000 5.27505909
v -7.51840000 -1.99780318 5.24566920
v -7.51840000 -1.93488007 5.22430968
v -7.51840000 -1.86970731 5.21134601
v -7.51840000 -1.80340000 5.20700000
v -7.51840000 1.80340000 5.20700000
v -7.51840000 1.86970731 5.21134601
v -7.51840000 1.93488007 5.22430968
v -7.51840000 1.99780318 5.24566920
v -7.51840000 2.05740000 5.27505909
v -7.51840000 2.11265081 5.31197650
v -7.51840000 2.16261024 5.35578976
v -7.51840000 2.20642350 5.40574919
v -7.51840000 2.24334091 5.46100000
v -7.51840000 2.27273080 5.52059682
v -7.51840000 2.29409032 5.58351993
v -7.51840000 2.30705399 5.64869269
v -7.51840000 2.31140000 22.02180000
v -7.51840000 2.31140000 18.41500000
v -7.51840000 2.30705399 22.08810731
v -7.51840000 2.29409032 22.15328007
v -7.51840000 2.27273080 22.21620318
v -7.51840000 2.24334091 22.27580000
v -7.51840000 2.20642350 22.33105081
v -7.51840000 2.16261024 22.38101024
v -7.51840000 2.11265081 22.42482350
v -7.51840000 2.05740000 22.46174091
v -7.51840000 1.99780318 22.49113080
v -7.51840000 1.93488007 22.51249032
v -7.51840000 1.86970731 22.52545399
v -7.51840000 1.80340000 22.52980000
v -7.51840000 -1.80340000 22.52980000
v -7.51840000 -1.86970731 22.52545399
v -7.51840000 -1.93488007 22.51249032
v -7.51840000 -1.99780318 22.49113080
v -7.51840000 -2.05740000 22.46174091
v -7.51840000 -2.11265081 22.42482350
v -7.51840000 -2.16261024 22.38101024
v -7.51840000 -2.20642350 22.33105081
v -7.51840000 -2.24334091 22.27580000
v -7.51840000 -2.27273080 22.21620318
v -7.51840000 -2.29409032 22.15328007
v -7.51840000 -2.30705399 22.08810731
v -7.51840000 -2.31140000 22.02180000
v -7.51840000 -2.31140000 18.41500000
v -7.51840000 -2.30705399 18.34869269
v -7.51840000 -2.29409032 18.28351993
v -7.51840000 -2.27273080 18.22059682
v -7.51840000 -2.24334091 18.16100000
v -7.51840000 -2.20642350 18.10574919
v -7.51840000 -2.16261024 18.05578976
v -7.51840000 -2.11265081 18.01197650
v -7.51840000 -2.05740000 17.97505909
v -7.51840000 -1.99780318 17.94566920
v -7.51840000 -1.93488007 17.92430968
v -7.51840000 -1.86970731 17.91134601
v -7.51840000 -1.80340000 17.90700000
v -7.51840000 1.80340000 17.90700000
v -7.51840000 1.86970731 17.91134601
v -7.51840000 1.93488007 17.92430968
v -7.51840000 1.99780318 17.94566920
v -7.51840000 2.05740000 17.97505909
v -7.51840000 2.11265081 18.01197650
v -7.51840000 2.16261024 18.05578976
v -7.51840000 2.20642350 18.10574919
v -7.51840000 2.24334091 18.16100000
v -7.51840000 2.27273080 18.22059682
v -7.51840000 2.29409032 18.28351993
v -7.51840000 2.30705399 18.34869269
v -7.51840000 237.26140000 15.67180000
v -7.51840000 237.26140000 12.06500000
v -7.51840000 237.25705399 15.73810731
v -7.51840000 237.24409032 15.80328007
v -7.51840000 237.22273080 15.86620318
v -7.51840000 237.19334091 15.92580000
v -7.51840000 237.15642350 15.98105081
v -7.51840000 237.11261024 16.03101024
v -7.51840000 237.06265081 16.07482350
v -7.51840000 237.00740000 16.11174091
v -7.51840000 236.94780318 16.14113080
v -7.51840000 236.88488007 16.16249032
v -7.51840000 236.81970731 16.17545399
v -7.51840000 236.75340000 16.17980000
v -7.51840000 233.14660000 16.17980000
v -7.51840000 233.08029269 16.17545399
v -7.51840000 233.01511993 16.16249032
v -7.51840000 232.95219682 16.14113080
v -7.51840000 232.89260000 16.11174091
v -7.51840000 232.83734919 16.07482350
v -7.51840000 232.78738976 16.03101024
v -7.51840000 232.74357650 15.98105081
v -7.51840000 232.70665909 15.92580000
v -7.51840000 232.67726920 15.86620318
v -7.51840000 232.65590968 15.80328007
v -7.51840000 232.64294601 15.73810731
v -7.51840000 232.63860000 15.67180000
v -7.51840000 232.63860000 12.06500000
v -7.51840000 232.64294601 11.99869269
v -7.51840000 232.65590968 11.93351993
v -7.51840000 232.67726920 11.87059682
v -7.51840000 232.70665909 11.81100000
v -7.51840000 232.74357650 11.75574919
v -7.51840000 232.78738976 11.70578976
v -7.51840000 232.83734919 11.66197650
v -7.51840000 232.89260000 11.62505909
v -7.51840000 232.95219682 11.59566920
v -7.51840000 233.01511993 11.57430968
v -7.51840000 233.08029269 11.56134601
v -7.51840000 233.14660000 11.55700000
v -7.51840000 236.75340000 11.55700000
v -7.51840000 236.81970731 11.56134601
v -7.51840000 236.88488007 11.57430968
v -7.51840000 236.94780318 11.59566920
v -7.51840000 237.00740000 11.62505909
v -7.51840000 237.06265081 11.66197650
v -7.51840000 237.11261024 11.70578976
v -7.51840000 237.15642350 11.75574919
v -7.51840000 237.19334091 11.81100000
v -7.51840000 237.22273080 11.87059682
v -7.51840000 237.24409032 11.93351993
v -7.51840000 237.25705399 11.99869269
v -7.51840000 224.56140000 15.67180000
v -7.51840000 224.56140000 12.06500000
v -7.51840000 224.55705399 15.73810731
v -7.51840000 224.54409032 15.80328007
v -7.51840000 224.52273080 15.86620318
v -7.51840000 224.49334091 15.92580000
v -7.51840000 224.45642350 15.98105081
v -7.51840000 224.41261024 16.03101024
v -7.51840000 224.36265081 16.07482350
v -7.51840000 224.30740000 16.11174091
v -7.51840000 224.24780318 16.14113080
v -7.51840000 224.18488007 16.16249032
v -7.51840000 224.11970731 16.17545399
v -7.51840000 224.05340000 16.17980000
v -7.51840000 220.44660000 16.17980000
v -7.51840000 220.38029269 16.17545399
v -7.51840000 220.31511993 16.16249032
v -7.51840000 220.25219682 16.14113080
v -7.51840000 220.19260000 16.11174091
v -7.51840000 220.13734919 16.07482350
v -7.51840000 220.08738976 16.03101024
v -7.51840000 220.04357650 15.98105081
v -7.51840000 220.00665909 15.92580000
v -7.51840000 219.97726920 15.86620318
v -7.51840000 219.95590968 15.80328007
v -7.51840000 219.94294601 15.73810731
v -7.51840000 219.93860000 15.67180000
v -7.51840000 219.93860000 12.06500000
v -7.51840000 219.94294601 11.99869269
v -7.51840000 219.95590968 11.93351993
v -7.51840000 219.97726920 11.87059682
v -7.51840000 220.00665909 11.81100000
v -7.51840000 220.04357650 11.75574919
v -7.51840000 220.08738976 11.70578976
v -7.51840000 220.13734919 11.66197650
v -7.51840000 220.19260000 11.62505909
v -7.51840000 220.25219682 11.59566920
v -7.51840000 220.31511993 11.57430968
v -7.51840000 220.38029269 11.56134601
v -7.51840000 220.44660000 11.55700000
v -7.51840000 224.05340000 11.55700000
v -7.51840000 224.11970731 11.56134601
v -7.51840000 224.18488007 11.57430968
v -7.51840000 224.24780318 11.59566920
v -7.51840000 224.30740000 11.62505909
v -7.51840000 224.36265081 11.66197650
v -7.51840000 224.41261024 11.70578976
v -7.51840000 224.45642350 11.75574919
v -7.51840000 224.49334091 11.81100000
v -7.51840000 224.52273080 11.87059682
v -7.51840000 224.54409032 11.93351993
v -7.51840000 224.55705399 11.99869269
v -7.51840000 211.86140000 15.67180000
v -7.51840000 211.86140000 12.06500000
v -7.51840000 211.85705399 15.73810731
v -7.51840000 211.84409032 15.80328007
v -7.51840000 211.82273080 15.86620318
v -7.51840000 211.79334091 15.92580000
v -7.51840000 211.75642350 15.98105081
v -7.51840000 211.71261024 16.03101024
v -7.51840000 211.66265081 16.07482350
v -7.51840000 211.60740000 16.11174091
v -7.51840000 211.54780318 16.14113080
v -7.51840000 211.48488007 16.16249032
v -7.51840000 211.41970731 16.17545399
v -7.51840000 211.35340000 16.17980000
v -7.51840000 207.74660000 16.17980000
v -7.51840000 207.68029269 16.17545399
v -7.51840000 207.61511993 16.16249032
v -7.51840000 207.55219682 16.14113080
v -7.51840000 207.49260000 16.11174091
v -7.51840000 207.43734919 16.07482350
v -7.51840000 207.38738976 16.03101024
v -7.51840000 207.34357650 15.98105081
v -7.51840000 207.30665909 15.92580000
v -7.51840000 207.27726920 15.86620318
v -7.51840000 207.25590968 15.80328007
v -7.51840000 207.24294601 15.73810731
v -7.51840000 207.23860000 15.67180000
v -7.51840000 207.23860000 12.06500000
v -7.51840000 207.24294601 11.99869269
v -7.51840000 207.25590968 11.93351993
v -7.51840000 207.27726920 11.87059682
v -7.51840000 207.30665909 11.81100000
v -7.51840000 207.34357650 11.75574919
v -7.51840000 207.38738976 11.70578976
v -7.51840000 207.43734919 11.66197650
v -7.51840000 207.49260000 11.62505909
v -7.51840000 207.55219682 11.59566920
v -7.51840000 207.61511993 11.57430968
v -7.51840000 207.68029269 11.56134601
v -7.51840000 207.74660000 11.55700000
v -7.51840000 211.35340000 11.55700000
v -7.51840000 211.41970731 11.56134601
v -7.51840000 211.48488007 11.57430968
v -7.51840000 211.54780318 11.59566920
v -7.51840000 211.60740000 11.62505909
v -7.51840000 211.66265081 11.66197650
v -7.51840000 211.71261024 11.70578976
v -7.51840000 211.75642350 11.75574919
v -7.51840000 211.79334091 11.81100000
v -7.51840000 211.82273080 11.87059682
v -7.51840000 211.84409032 11.93351993
v -7.51840000 211.85705399 11.99869269
v -7.51840000 199.16140000 15.67180000
v -7.51840000 199.16140000 12.06500000
v -7.51840000 199.15705399 15.73810731
v -7.51840000 199.14409032 15.80328007
v -7.51840000 199.12273080 15.86620318
v -7.51840000 199.09334091 15.92580000
v -7.51840000 199.05642350 15.98105081
v -7.51840000 199.01261024 16.03101024
v -7.51840000 198.96265081 16.07482350
v -7.51840000 198.90740000 16.11174091
v -7.51840000 198.84780318 16.14113080
v -7.51840000 198.78488007 16.16249032
v -7.51840000 198.71970731 16.17545399
v -7.51840000 198.65340000 16.17980000
v -7.51840000 195.04660000 16.17980000
v -7.51840000 194.98029269 16.17545399
v -7.51840000 194.91511993 16.16249032
v -7.51840000 194.85219682 16.14113080
v -7.51840000 194.79260000 16.11174091
v -7.51840000 194.73734919 16.07482350
v -7.51840000 194.68738976 16.03101024
v -7.51840000 194.64357650 15.98105081
v -7.51840000 194.60665909 15.92580000
v -7.51840000 194.57726920 15.86620318
v -7.51840000 194.55590968 15.80328007
v -7.51840000 194.54294601 15.73810731
v -7.51840000 194.53860000 15.67180000
v -7.51840000 194.53860000 12.06500000
v -7.51840000 194.54294601 11.99869269
v -7.51840000 194.55590968 11.93351993
v -7.51840000 194.57726920 11.87059682
v -7.51840000 194.60665909 11.81100000
v -7.51840000 194.64357650 11.75574919
v -7.51840000 194.68738976 11.70578976
v -7.51840000 194.73734919 11.66197650
v -7.51840000 194.79260000 11.62505909
v -7.51840000 194.85219682 11.59566920
v -7.51840000 194.91511993 11.57430968
v -7.51840000 194.98029269 11.56134601
v -7.51840000 195.04660000 11.55700000
v -7.51840000 198.65340000 11.55700000
v -7.51840000 198.71970731 11.56134601
v -7.51840000 198.78488007 11.57430968
v -7.51840000 198.84780318 11.59566920
v -7.51840000 198.90740000 11.62505909
v -7.51840000 198.96265081 11.66197650
v -7.51840000 199.01261024 11.70578976
v -7.51840000 199.05642350 11.75574919
v -7.51840000 199.09334091 11.81100000
v -7.51840000 199.12273080 11.87059682
v -7.51840000 199.14409032 11.93351993
v -7.51840000 199.15705399 11.99869269
v -7.51840000 186.46140000 15.67180000
v -7.51840000 186.46140000 12.06500000
v -7.51840000 186.45705399 15.73810731
v -7.51840000 186.44409032 15.80328007
v -7.51840000 186.42273080 15.86620318
v -7.51840000 186.39334091 15.92580000
v -7.51840000 186.35642350 15.98105081
v -7.51840000 186.31261024 16.03101024
v -7.51840000 186.26265081 16.07482350
v -7.51840000 186.20740000 16.11174091
v -7.51840000 186.14780318 16.14113080
v -7.51840000 186.08488007 16.16249032
v -7.51840000 186.01970731 16.17545399
v -7.51840000 185.95340000 16.17980000
v -7.51840000 182.34660000 16.17980000
v -7.51840000 182.28029269 16.17545399
v -7.51840000 182.21511993 16.16249032
v -7.51840000 182.15219682 16.14113080
v -7.51840000 182.09260000 16.11174091
v -7.51840000 182.03734919 16.07482350
v -7.51840000 181.98738976 16.03101024
v -7.51840000 181.94357650 15.98105081
v -7.51840000 181.90665909 15.92580000
v -7.51840000 181.87726920 15.86620318
v -7.51840000 181.85590968 15.80328007
v -7.51840000 181.84294601 15.73810731
v -7.51840000 181.83860000 15.67180000
v -7.51840000 181.83860000 12.06500000
v -7.51840000 181.84294601 11.99869269
v -7.51840000 181.85590968 11.93351993
v -7.51840000 181.87726920 11.87059682
v -7.51840000 181.90665909 11.81100000
v -7.51840000 181.94357650 11.75574919
v -7.51840000 181.98738976 11.70578976
v -7.51840000 182.03734919 11.66197650
v -7.51840000 182.09260000 11.62505909
v -7.51840000 182.15219682 11.59566920
v -7.51840000 182.21511993 11.57430968
v -7.51840000 182.28029269 11.56134601
v -7.51840000 182.34660000 11.55700000
v -7.51840000 185.95340000 11.55700000
v -7.51840000 186.01970731 11.56134601
v -7.51840000 186.08488007 11.57430968
v -7.51840000 186.14780318 11.59566920
v -7.51840000 186.20740000 11.62505909
v -7.51840000 186.26265081 11.66197650
v -7.51840000 186.31261024 11.70578976
v -7.51840000 186.35642350 11.75574919
v -7.51840000 186.39334091 11.81100000
v -7.51840000 186.42273080 11.87059682
v -7.51840000 186.44409032 11.93351993
v -7.51840000 186.45705399 11.99869269
v -7.51840000 173.76140000 15.67180000
v -7.51840000 173.76140000 12.06500000
v -7.51840000 173.75705399 15.73810731
v -7.51840000 173.74409032 15.80328007
v -7.51840000 173.72273080 15.86620318
v -7.51840000 173.69334091 15.92580000
v -7.51840000 173.65642350 15.98105081
v -7.51840000 173.61261024 16.03101024
v -7.51840000 173.56265081 16.07482350
v -7.51840000 173.50740000 16.11174091
v -7.51840000 173.44780318 16.14113080
v -7.51840000 173.38488007 16.16249032
v -7.51840000 173.31970731 16.17545399
v -7.51840000 173.25340000 16.17980000
v -7.51840000 169.64660000 16.17980000
v -7.51840000 169.58029269 16.17545399
v -7.51840000 169.51511993 16.16249032
v -7.51840000 169.45219682 16.14113080
v -7.51840000 169.39260000 16.11174091
v -7.51840000 169.33734919 16.07482350
v -7.51840000 169.28738976 16.03101024
v -7.51840000 169.24357650 15.98105081
v -7.51840000 169.20665909 15.92580000
v -7.51840000 169.17726920 15.86620318
v -7.51840000 169.15590968 15.80328007
v -7.51840000 169.14294601 15.73810731
v -7.51840000 169.13860000 15.67180000
v -7.51840000 169.13860000 12.06500000
v -7.51840000 169.14294601 11.99869269
v -7.51840000 169.15590968 11.93351993
v -7.51840000 169.17726920 11.87059682
v -7.51840000 169.20665909 11.81100000
v -7.51840000 169.24357650 11.75574919
v -7.51840000 169.28738976 11.70578976
v -7.51840000 169.33734919 11.66197650
v -7.51840000 169.39260000 11.62505909
v -7.51840000 169.45219682 11.59566920
v -7.51840000 169.51511993 11.57430968
v -7.51840000 169.58029269 11.56134601
v -7.51840000 169.64660000 11.55700000
v -7.51840000 173.25340000 11.55700000
v -7.51840000 173.31970731 11.56134601
v -7.51840000 173.38488007 11.57430968
v -7.51840000 173.44780318 11.59566920
v -7.51840000 173.50740000 11.62505909
v -7.51840000 173.56265081 11.66197650
v -7.51840000 173.61261024 11.70578976
v -7.51840000 173.65642350 11.75574919
v -7.51840000 173.69334091 11.81100000
v -7.51840000 173.72273080 11.87059682
v -7.51840000 173.74409032 11.93351993
v -7.51840000 173.75705399 11.99869269
v -7.51840000 161.06140000 15.67180000
v -7.51840000 161.06140000 12.06500000
v -7.51840000 161.05705399 15.73810731
v -7.51840000 161.04409032 15.80328007
v -7.51840000 161.02273080 15.86620318
v -7.51840000 160.99334091 15.92580000
v -7.51840000 160.95642350 15.98105081
v -7.51840000 160.91261024 16.03101024
v -7.51840000 160.86265081 16.07482350
v -7.51840000 160.80740000 16.11174091
v -7.51840000 160.74780318 16.14113080
v -7.51840000 160.68488007 16.16249032
v -7.51840000 160.61970731 16.17545399
v -7.51840000 160.55340000 16.17980000
v -7.51840000 156.94660000 16.17980000
v -7.51840000 156.88029269 16.17545399
v -7.51840000 156.81511993 16.16249032
v -7.51840000 156.75219682 16.14113080
v -7.51840000 156.69260000 16.11174091
v -7.51840000 156.63734919 16.07482350
v -7.51840000 156.58738976 16.03101024
v -7.51840000 156.54357650 15.98105081
v -7.51840000 156.50665909 15.92580000
v -7.51840000 156.47726920 15.86620318
v -7.51840000 156.45590968 15.80328007
v -7.51840000 156.44294601 15.73810731
v -7.51840000 156.43860000 15.67180000
v -7.51840000 156.43860000 12.06500000
v -7.51840000 156.44294601 11.99869269
v -7.51840000 156.45590968 11.93351993
v -7.51840000 156.47726920 11.87059682
v -7.51840000 156.50665909 11.81100000
v -7.51840000 156.54357650 11.75574919
v -7.51840000 156.58738976 11.70578976
v -7.51840000 156.63734919 11.66197650
v -7.51840000 156.69260000 11.62505909
v -7.51840000 156.75219682 11.59566920
v -7.51840000 156.81511993 11.57430968
v -7.51840000 156.88029269 11.56134601
v -7.51840000 156.94660000 11.55700000
v -7.51840000 160.55340000 11.55700000
v -7.51840000 160.61970731 11.56134601
v -7.51840000 160.68488007 11.57430968
v -7.51840000 160.74780318 11.59566920
v -7.51840000 160.80740000 11.62505909
v -7.51840000 160.86265081 11.66197650
v -7.51840000 160.91261024 11.70578976
v -7.51840000 160.95642350 11.75574919
v -7.51840000 160.99334091 11.81100000
v -7.51840000 161.02273080 11.87059682
v -7.51840000 161.04409032 11.93351993
v -7.51840000 161.05705399 11.99869269
v -7.51840000 148.36140000 15.67180000
v -7.51840000 148.36140000 12.06500000
v -7.51840000 148.35705399 15.73810731
v -7.51840000 148.34409032 15.80328007
v -7.51840000 148.32273080 15.86620318
v -7.51840000 148.29334091 15.92580000
v -7.51840000 148.25642350 15.98105081
v -7.51840000 148.21261024 16.03101024
v -7.51840000 148.16265081 16.07482350
v -7.51840000 148.10740000 16.11174091
v -7.51840000 148.04780318 16.14113080
v -7.51840000 147.98488007 16.16249032
v -7.51840000 147.91970731 16.17545399
v -7.51840000 147.85340000 16.17980000
v -7.51840000 144.24660000 16.17980000
v -7.51840000 144.18029269 16.17545399
v -7.51840000 144.11511993 16.16249032
v -7.51840000 144.05219682 16.14113080
v -7.51840000 143.99260000 16.11174091
v -7.51840000 143.93734919 16.07482350
v -7.51840000 143.88738976 16.03101024
v -7.51840000 143.84357650 15.98105081
v -7.51840000 143.80665909 15.92580000
v -7.51840000 143.77726920 15.86620318
v -7.51840000 143.75590968 15.80328007
v -7.51840000 143.74294601 15.73810731
v -7.51840000 143.73860000 15.67180000
v -7.51840000 143.73860000 12.06500000
v -7.51840000 143.74294601 11.99869269
v -7.51840000 143.75590968 11.93351993
v -7.51840000 143.77726920 11.87059682
v -7.51840000 143.80665909 11.81100000
v -7.51840000 143.84357650 11.75574919
v -7.51840000 143.88738976 11.70578976
v -7.51840000 143.93734919 11.66197650
v -7.51840000 143.99260000 11.62505909
v -7.51840000 144.05219682 11.59566920
v -7.51840000 144.11511993 11.57430968
v -7.51840000 144.18029269 11.56134601
v -7.51840000 144.24660000 11.55700000
v -7.51840000 147.85340000 11.55700000
v -7.51840000 147.91970731 11.56134601
v -7.51840000 147.98488007 11.57430968
v -7.51840000 148.04780318 11.59566920
v -7.51840000 148.10740000 11.62505909
v -7.51840000 148.16265081 11.66197650
v -7.51840000 148.21261024 11.70578976
v -7.51840000 148.25642350 11.75574919
v -7.51840000 148.29334091 11.81100000
v -7.51840000 148.32273080 11.87059682
v -7.51840000 148.34409032 11.93351993
v -7.51840000 148.35705399 11.99869269
v -7.51840000 135.66140000 15.67180000
v -7.51840000 135.66140000 12.06500000
v -7.51840000 135.65705399 15.73810731
v -7.51840000 135.64409032 15.80328007
v -7.51840000 135.62273080 15.86620318
v -7.51840000 135.59334091 15.92580000
v -7.51840000 135.55642350 15.98105081
v -7.51840000 135.51261024 16.03101024
v -7.51840000 135.46265081 16.07482350
v -7.51840000 135.40740000 16.11174091
v -7.51840000 135.34780318 16.14113080
v -7.51840000 135.28488007 16.16249032
v -7.51840000 135.21970731 16.17545399
v -7.51840000 135.15340000 16.17980000
v -7.51840000 131.54660000 16.17980000
v -7.51840000 131.48029269 16.17545399
v -7.51840000 131.41511993 16.16249032
v -7.51840000 131.35219682 16.14113080
v -7.51840000 131.29260000 16.11174091
v -7.51840000 131.23734919 16.07482350
v -7.51840000 131.18738976 16.03101024
v -7.51840000 131.14357650 15.98105081
v -7.51840000 131.10665909 15.92580000
v -7.51840000 131.07726920 15.86620318
v -7.51840000 131.05590968 15.80328007
v -7.51840000 131.04294601 15.73810731
v -7.51840000 131.03860000 15.67180000
v -7.51840000 131.03860000 12.06500000
v -7.51840000 131.04294601 11.99869269
v -7.51840000 131.05590968 11.93351993
v -7.51840000 131.07726920 11.87059682
v -7.51840000 131.10665909 11.81100000
v -7.51840000 131.14357650 11.75574919
v -7.51840000 131.18738976 11.70578976
v -7.51840000 131.23734919 11.66197650
v -7.51840000 131.29260000 11.62505909
v -7.51840000 131.35219682 11.59566920
v -7.51840000 131.41511993 11.57430968
v -7.51840000 131.48029269 11.56134601
v -7.51840000 131.54660000 11.55700000
v -7.51840000 135.15340000 11.55700000
v -7.51840000 135.21970731 11.56134601
v -7.51840000 135.28488007 11.57430968
v -7.51840000 135.34780318 11.59566920
v -7.51840000 135.40740000 11.62505909
v -7.51840000 135.46265081 11.66197650
v -7.51840000 135.51261024 11.70578976
v -7.51840000 135.55642350 11.75574919
v -7.51840000 135.59334091 11.81100000
v -7.51840000 135.62273080 11.87059682
v -7.51840000 135.64409032 11.93351993
v -7.51840000 135.65705399 11.99869269
v -7.51840000 122.96140000 15.67180000
v -7.51840000 122.96140000 12.06500000
v -7.51840000 122.95705399 15.73810731
v -7.51840000 122.94409032 15.80328007
v -7.51840000 122.92273080 15.86620318
v -7.51840000 122.89334091 15.92580000
v -7.51840000 122.85642350 15.98105081
v -7.51840000 122.81261024 16.03101024
v -7.51840000 122.76265081 16.07482350
v -7.51840000 122.70740000 16.11174091
v -7.51840000 122.64780318 16.14113080
v -7.51840000 122.58488007 16.16249032
v -7.51840000 122.51970731 16.17545399
v -7.51840000 122.45340000 16.17980000
v -7.51840000 118.84660000 16.17980000
v -7.51840000 118.78029269 16.17545399
v -7.51840000 118.71511993 16.16249032
v -7.51840000 118.65219682 16.14113080
v -7.51840000 118.59260000 16.11174091
v -7.51840000 118.53734919 16.07482350
v -7.51840000 118.48738976 16.03101024
v -7.51840000 118.44357650 15.98105081
v -7.51840000 118.40665909 15.92580000
v -7.51840000 118.37726920 15.86620318
v -7.51840000 118.35590968 15.80328007
v -7.51840000 118.34294601 15.73810731
v -7.51840000 118.33860000 15.67180000
v -7.51840000 118.33860000 12.06500000
v -7.51840000 118.34294601 11.99869269
v -7.51840000 118.35590968 11.93351993
v -7.51840000 118.37726920 11.87059682
v -7.51840000 118.40665909 11.81100000
v -7.51840000 118.44357650 11.75574919
v -7.51840000 118.48738976 11.70578976
v -7.51840000 118.53734919 11.66197650
v -7.51840000 118.59260000 11.62505909
v -7.51840000 118.65219682 11.59566920
v -7.51840000 118.71511993 11.57430968
v -7.51840000 118.78029269 11.56134601
v -7.51840000 118.84660000 11.55700000
v -7.51840000 122.45340000 11.55700000
v -7.51840000 122.51970731 11.56134601
v -7.51840000 122.58488007 11.57430968
v -7.51840000 122.64780318 11.59566920
v -7.51840000 122.70740000 11.62505909
v -7.51840000 122.76265081 11.66197650
v -7.51840000 122.81261024 11.70578976
v -7.51840000 122.85642350 11.75574919
v -7.51840000 122.89334091 11.81100000
v -7.51840000 122.92273080 11.87059682
v -7.51840000 122.94409032 11.93351993
v -7.51840000 122.95705399 11.99869269
v -7.51840000 110.26140000 15.67180000
v -7.51840000 110.26140000 12.06500000
v -7.51840000 110.25705399 15.73810731
v -7.51840000 110.24409032 15.80328007
v -7.51840000 110.22273080 15.86620318
v -7.51840000 110.19334091 15.92580000
v -7.51840000 110.15642350 15.98105081
v -7.51840000 110.11261024 16.03101024
v -7.51840000 110.06265081 16.07482350
v -7.51840000 110.00740000 16.11174091
v -7.51840000 109.94780318 16.14113080
v -7.51840000 109.88488007 16.16249032
v -7.51840000 109.81970731 16.17545399
v -7.51840000 109.75340000 16.17980000
v -7.51840000 106.14660000 16.17980000
v -7.51840000 106.08029269 16.17545399
v -7.51840000 106.01511993 16.16249032
v -7.51840000 105.95219682 16.14113080
v -7.51840000 105.89260000 16.11174091
v -7.51840000 105.83734919 16.07482350
v -7.51840000 105.78738976 16.03101024
v -7.51840000 105.74357650 15.98105081
v -7.51840000 105.70665909 15.92580000
v -7.51840000 105.67726920 15.86620318
v -7.51840000 105.65590968 15.80328007
v -7.51840000 105.64294601 15.73810731
v -7.51840000 105.63860000 15.67180000
v -7.51840000 105.63860000 12.06500000
v -7.51840000 105.64294601 11.99869269
v -7.51840000 105.65590968 11.93351993
v -7.51840000 105.67726920 11.87059682
v -7.51840000 105.70665909 11.81100000
v -7.51840000 105.74357650 11.75574919
v -7.51840000 105.78738976 11.70578976
v -7.51840000 105.83734919 11.66197650
v -7.51840000 105.89260000 11.62505909
v -7.51840000 105.95219682 11.59566920
v -7.51840000 106.01511993 11.57430968
v -7.51840000 106.08029269 11.56134601
v -7.51840000 106.14660000 11.55700000
v -7.51840000 109.75340000 11.55700000
v -7.51840000 109.81970731 11.56134601
v -7.51840000 109.88488007 11.57430968
v -7.51840000 109.94780318 11.59566920
v -7.51840000 110.00740000 11.62505909
v -7.51840000 110.06265081 11.66197650
v -7.51840000 110.11261024 11.70578976
v -7.51840000 110.15642350 11.75574919
v -7.51840000 110.19334091 11.81100000
v -7.51840000 110.22273080 11.87059682
v -7.51840000 110.24409032 11.93351993
v -7.51840000 110.25705399 11.99869269
v -7.51840000 97.56140000 15.67180000
v -7.51840000 97.56140000 12.06500000
v -7.51840000 97.55705399 15.73810731
v -7.51840000 97.54409032 15.80328007
v -7.51840000 97.52273080 15.86620318
v -7.51840000 97.49334091 15.92580000
v -7.51840000 97.45642350 15.98105081
v -7.51840000 97.41261024 16.03101024
v -7.51840000 97.36265081 16.07482350
v -7.51840000 97.30740000 16.11174091
v -7.51840000 97.24780318 16.14113080
v -7.51840000 97.18488007 16.16249032
v -7.51840000 97.11970731 16.17545399
v -7.51840000 97.05340000 16.17980000
v -7.51840000 93.44660000 16.17980000
v -7.51840000 93.38029269 16.17545399
v -7.51840000 93.31511993 16.16249032
v -7.51840000 93.25219682 16.14113080
v -7.51840000 93.19260000 16.11174091
v -7.51840000 93.13734919 16.07482350
v -7.51840000 93.08738976 16.03101024
v -7.51840000 93.04357650 15.98105081
v -7.51840000 93.00665909 15.92580000
v -7.51840000 92.97726920 15.86620318
v -7.51840000 92.95590968 15.80328007
v -7.51840000 92.94294601 15.73810731
v -7.51840000 92.93860000 15.67180000
v -7.51840000 92.93860000 12.06500000
v -7.51840000 92.94294601 11.99869269
v -7.51840000 92.95590968 11.93351993
v -7.51840000 92.97726920 11.87059682
v -7.51840000 93.00665909 11.81100000
v -7.51840000 93.04357650 11.75574919
v -7.51840000 93.08738976 11.70578976
v -7.51840000 93.13734919 11.66197650
v -7.51840000 93.19260000 11.62505909
v -7.51840000 93.25219682 11.59566920
v -7.51840000 93.31511993 11.57430968
v -7.51840000 93.38029269 11.56134601
v -7.51840000 93.44660000 11.55700000
v -7.51840000 97.05340000 11.55700000
v -7.51840000 97.11970731 11.56134601
v -7.51840000 97.18488007 11.57430968
v -7.51840000 97.24780318 11.59566920
v -7.51840000 97.30740000 11.62505909
v -7.51840000 97.36265081 11.66197650
v -7.51840000 97.41261024 11.70578976
v -7.51840000 97.45642350 11.75574919
v -7.51840000 97.49334091 11.81100000
v -7.51840000 97.52273080 11.87059682
v -7.51840000 97.54409032 11.93351993
v -7.51840000 97.55705399 11.99869269
v -7.51840000 84.86140000 15.67180000
v -7.51840000 84.86140000 12.06500000
v -7.51840000 84.85705399 15.73810731
v -7.51840000 84.84409032 15.80328007
v -7.51840000 84.82273080 15.86620318
v -7.51840000 84.79334091 15.92580000
v -7.51840000 84.75642350 15.98105081
v -7.51840000 84.71261024 16.03101024
v -7.51840000 84.66265081 16.07482350
v -7.51840000 84.60740000 16.11174091
v -7.51840000 84.54780318 16.14113080
v -7.51840000 84.48488007 16.16249032
v -7.51840000 84.41970731 16.17545399
v -7.51840000 84.35340000 16.17980000
v -7.51840000 80.74660000 16.17980000
v -7.51840000 80.68029269 16.17545399
v -7.51840000 80.61511993 16.16249032
v -7.51840000 80.55219682 16.14113080
v -7.51840000 80.49260000 16.11174091
v -7.51840000 80.43734919 16.07482350
v -7.51840000 80.38738976 16.03101024
v -7.51840000 80.34357650 15.98105081
v -7.51840000 80.30665909 15.92580000
v -7.51840000 80.27726920 15.86620318
v -7.51840000 80.25590968 15.80328007
v -7.51840000 80.24294601 15.73810731
v -7.51840000 80.23860000 15.67180000
v -7.51840000 80.23860000 12.06500000
v -7.51840000 80.24294601 11.99869269
v -7.51840000 80.25590968 11.93351993
v -7.51840000 80.27726920 11.87059682
v -7.51840000 80.30665909 11.81100000
v -7.51840000 80.34357650 11.75574919
v -7.51840000 80.38738976 11.70578976
v -7.51840000 80.43734919 11.66197650
v -7.51840000 80.49260000 11.62505909
v -7.51840000 80.55219682 11.59566920
v -7.51840000 80.61511993 11.57430968
v -7.51840000 80.68029269 11.56134601
v -7.51840000 80.74660000 11.55700000
v -7.51840000 84.35340000 11.55700000
v -7.51840000 84.41970731 11.56134601
v -7.51840000 84.48488007 11.57430968
v -7.51840000 84.54780318 11.59566920
v -7.51840000 84.60740000 11.62505909
v -7.51840000 84.66265081 11.66197650
v -7.51840000 84.71261024 11.70578976
v -7.51840000 84.75642350 11.75574919
v -7.51840000 84.79334091 11.81100000
v -7.51840000 84.82273080 11.87059682
v -7.51840000 84.84409032 11.93351993
v -7.51840000 84.85705399 11.99869269
v -7.51840000 72.16140000 15.67180000
v -7.51840000 72.16140000 12.06500000
v -7.51840000 72.15705399 15.73810731
v -7.51840000 72.14409032 15.80328007
v -7.51840000 72.12273080 15.86620318
v -7.51840000 72.09334091 15.92580000
v -7.51840000 72.05642350 15.98105081
v -7.51840000 72.01261024 16.03101024
v -7.51840000 71.96265081 16.07482350
v -7.51840000 71.90740000 16.11174091
v -7.51840000 71.84780318 16.14113080
v -7.51840000 71.78488007 16.16249032
v -7.51840000 71.71970731 16.17545399
v -7.51840000 71.65340000 16.17980000
v -7.51840000 68.04660000 16.17980000
v -7.51840000 67.98029269 16.17545399
v -7.51840000 67.91511993 16.16249032
v -7.51840000 67.85219682 16.14113080
v -7.51840000 67.79260000 16.11174091
v -7.51840000 67.73734919 16.07482350
v -7.51840000 67.68738976 16.03101024
v -7.51840000 67.64357650 15.98105081
v -7.51840000 67.60665909 15.92580000
v -7.51840000 67.57726920 15.86620318
v -7.51840000 67.55590968 15.80328007
v -7.51840000 67.54294601 15.73810731
v -7.51840000 67.53860000 15.67180000
v -7.51840000 67.53860000 12.06500000
v -7.51840000 67.54294601 11.99869269
v -7.51840000 67.55590968 11.93351993
v -7.51840000 67.57726920 11.87059682
v -7.51840000 67.60665909 11.81100000
v -7.51840000 67.64357650 11.75574919
v -7.51840000 67.68738976 11.70578976
v -7.51840000 67.73734919 11.66197650
v -7.51840000 67.79260000 11.62505909
v -7.51840000 67.85219682 11.59566920
v -7.51840000 67.91511993 11.57430968
v -7.51840000 67.98029269 11.56134601
v -7.51840000 68.04660000 11.55700000
v -7.51840000 71.65340000 11.55700000
v -7.51840000 71.71970731 11.56134601
v -7.51840000 71.78488007 11.57430968
v -7.51840000 71.84780318 11.59566920
v -7.51840000 71.90740000 11.62505909
v -7.51840000 71.96265081 11.66197650
v -7.51840000 72.01261024 11.70578976
v -7.51840000 72.05642350 11.75574919
v -7.51840000 72.09334091 11.81100000
v -7.51840000 72.12273080 11.87059682
v -7.51840000 72.14409032 11.93351993
v -7.51840000 72.15705399 11.99869269
v -7.51840000 59.46140000 15.67180000
v -7.51840000 59.46140000 12.06500000
v -7.51840000 59.45705399 15.73810731
v -7.51840000 59.44409032 15.80328007
v -7.51840000 59.42273080 15.86620318
v -7.51840000 59.39334091 15.92580000
v -7.51840000 59.35642350 15.98105081
v -7.51840000 59.31261024 16.03101024
v -7.51840000 59.26265081 16.07482350
v -7.51840000 59.20740000 16.11174091
v -7.51840000 59.14780318 16.14113080
v -7.51840000 59.08488007 16.16249032
v -7.51840000 59.01970731 16.17545399
v -7.51840000 58.95340000 16.17980000
v -7.51840000 55.34660000 16.17980000
v -7.51840000 55.28029269 16.17545399
v -7.51840000 55.21511993 16.16249032
v -7.51840000 55.15219682 16.14113080
v -7.51840000 55.09260000 16.11174091
v -7.51840000 55.03734919 16.07482350
v -7.51840000 54.98738976 16.03101024
v -7.51840000 54.94357650 15.98105081
v -7.51840000 54.90665909 15.92580000
v -7.51840000 54.87726920 15.86620318
v -7.51840000 54.85590968 15.80328007
v -7.51840000 54.84294601 15.73810731
v -7.51840000 54.83860000 15.67180000
v -7.51840000 54.83860000 12.06500000
v -7.51840000 54.84294601 11.99869269
v -7.51840000 54.85590968 11.93351993
v -7.51840000 54.87726920 11.87059682
v -7.51840000 54.90665909 11.81100000
v -7.51840000 54.94357650 11.75574919
v -7.51840000 54.98738976 11.70578976
v -7.51840000 55.03734919 11.66197650
v -7.51840000 55.09260000 11.62505909
v -7.51840000 55.15219682 11.59566920
v -7.51840000 55.21511993 11.57430968
v -7.51840000 55.28029269 11.56134601
v -7.51840000 55.34660000 11.55700000
v -7.51840000 58.95340000 11.55700000
v -7.51840000 59.01970731 11.56134601
v -7.51840000 59.08488007 11.57430968
v -7.51840000 59.14780318 11.59566920
v -7.51840000 59.20740000 11.62505909
v -7.51840000 59.26265081 11.66197650
v -7.51840000 59.31261024 11.70578976
v -7.51840000 59.35642350 11.75574919
v -7.51840000 59.39334091 11.81100000
v -7.51840000 59.42273080 11.87059682
v -7.51840000 59.44409032 11.93351993
v -7.51840000 59.45705399 11.99869269
v -7.51840000 46.76140000 15.67180000
v -7.51840000 46.76140000 12.06500000
v -7.51840000 46.75705399 15.73810731
v -7.51840000 46.74409032 15.80328007
v -7.51840000 46.72273080 15.86620318
v -7.51840000 46.69334091 15.92580000
v -7.51840000 46.65642350 15.98105081
v -7.51840000 46.61261024 16.03101024
v -7.51840000 46.56265081 16.07482350
v -7.51840000 46.50740000 16.11174091
v -7.51840000 46.44780318 16.14113080
v -7.51840000 46.38488007 16.16249032
v -7.51840000 46.31970731 16.17545399
v -7.51840000 46.25340000 16.17980000
v -7.51840000 42.64660000 16.17980000
v -7.51840000 42.58029269 16.17545399
v -7.51840000 42.51511993 16.16249032
v -7.51840000 42.45219682 16.14113080
v -7.51840000 42.39260000 16.11174091
v -7.51840000 42.33734919 16.07482350
v -7.51840000 42.28738976 16.03101024
v -7.51840000 42.24357650 15.98105081
v -7.51840000 42.20665909 15.92580000
v -7.51840000 42.17726920 15.86620318
v -7.51840000 42.15590968 15.80328007
v -7.51840000 42.14294601 15.73810731
v -7.51840000 42.13860000 15.67180000
v -7.51840000 42.13860000 12.06500000
v -7.51840000 42.14294601 11.99869269
v -7.51840000 42.15590968 11.93351993
v -7.51840000 42.17726920 11.87059682
v -7.51840000 42.20665909 11.81100000
v -7.51840000 42.24357650 11.75574919
v -7.51840000 42.28738976 11.70578976
v -7.51840000 42.33734919 11.66197650
v -7.51840000 42.39260000 11.62505909
v -7.51840000 42.45219682 11.59566920
v -7.51840000 42.51511993 11.57430968
v -7.51840000 42.58029269 11.56134601
v -7.51840000 42.64660000 11.55700000
v -7.51840000 46.25340000 11.55700000
v -7.51840000 46.31970731 11.56134601
v -7.51840000 46.38488007 11.57430968
v -7.51840000 46.44780318 11.59566920
v -7.51840000 46.50740000 11.62505909
v -7.51840000 46.56265081 11.66197650
v -7.51840000 46.61261024 11.70578976
v -7.51840000 46.65642350 11.75574919
v -7.51840000 46.69334091 11.81100000
v -7.51840000 46.72273080 11.87059682
v -7.51840000 46.74409032 11.93351993
v -7.51840000 46.75705399 11.99869269
v -7.51840000 34.06140000 15.67180000
v -7.51840000 34.06140000 12.06500000
v -7.51840000 34.05705399 15.73810731
v -7.51840000 34.04409032 15.80328007
v -7.51840000 34.02273080 15.86620318
v -7.51840000 33.99334091 15.92580000
v -7.51840000 33.95642350 15.98105081
v -7.51840000 33.91261024 16.03101024
v -7.51840000 33.86265081 16.07482350
v -7.51840000 33.80740000 16.11174091
v -7.51840000 33.74780318 16.14113080
v -7.51840000 33.68488007 16.16249032
v -7.51840000 33.61970731 16.17545399
v -7.51840000 33.55340000 16.17980000
v -7.51840000 29.94660000 16.17980000
v -7.51840000 29.88029269 16.17545399
v -7.51840000 29.81511993 16.16249032
v -7.51840000 29.75219682 16.14113080
v -7.51840000 29.69260000 16.11174091
v -7.51840000 29.63734919 16.07482350
v -7.51840000 29.58738976 16.03101024
v -7.51840000 29.54357650 15.98105081
v -7.51840000 29.50665909 15.92580000
v -7.51840000 29.47726920 15.86620318
v -7.51840000 29.45590968 15.80328007
v -7.51840000 29.44294601 15.73810731
v -7.51840000 29.43860000 15.67180000
v -7.51840000 29.43860000 12.06500000
v -7.51840000 29.44294601 11.99869269
v -7.51840000 29.45590968 11.93351993
v -7.51840000 29.47726920 11.87059682
v -7.51840000 29.50665909 11.81100000
v -7.51840000 29.54357650 11.75574919
v -7.51840000 29.58738976 11.70578976
v -7.51840000 29.63734919 11.66197650
v -7.51840000 29.69260000 11.62505909
v -7.51840000 29.75219682 11.59566920
v -7.51840000 29.81511993 11.57430968
v -7.51840000 29.88029269 11.56134601
v -7.51840000 29.94660000 11.55700000
v -7.51840000 33.55340000 11.55700000
v -7.51840000 33.61970731 11.56134601
v -7.51840000 33.68488007 11.57430968
v -7.51840000 33.74780318 11.59566920
v -7.51840000 33.80740000 11.62505909
v -7.51840000 33.86265081 11.66197650
v -7.51840000 33.91261024 11.70578976
v -7.51840000 33.95642350 11.75574919
v -7.51840000 33.99334091 11.81100000
v -7.51840000 34.02273080 11.87059682
v -7.51840000 34.04409032 11.93351993
v -7.51840000 34.05705399 11.99869269
v -7.51840000 21.36140000 15.67180000
v -7.51840000 21.36140000 12.06500000
v -7.51840000 21.35705399 15.73810731
v -7.51840000 21.34409032 15.80328007
v -7.51840000 21.32273080 15.86620318
v -7.51840000 21.29334091 15.92580000
v -7.51840000 21.25642350 15.98105081
v -7.51840000 21.21261024 16.03101024
v -7.51840000 21.16265081 16.07482350
v -7.51840000 21.10740000 16.11174091
v -7.51840000 21.04780318 16.14113080
v -7.51840000 20.98488007 16.16249032
v -7.51840000 20.91970731 16.17545399
v -7.51840000 20.85340000 16.17980000
v -7.51840000 17.24660000 16.17980000
v -7.51840000 17.18029269 16.17545399
v -7.51840000 17.11511993 16.16249032
v -7.51840000 17.05219682 16.14113080
v -7.51840000 16.99260000 16.11174091
v -7.51840000 16.93734919 16.07482350
v -7.51840000 16.88738976 16.03101024
v -7.51840000 16.84357650 15.98105081
v -7.51840000 16.80665909 15.92580000
v -7.51840000 16.77726920 15.86620318
v -7.51840000 16.75590968 15.80328007
v -7.51840000 16.74294601 15.73810731
v -7.51840000 16.73860000 15.67180000
v -7.51840000 16.73860000 12.06500000
v -7.51840000 16.74294601 11.99869269
v -7.51840000 16.75590968 11.93351993
v -7.51840000 16.77726920 11.87059682
v -7.51840000 16.80665909 11.81100000
v -7.51840000 16.84357650 11.75574919
v -7.51840000 16.88738976 11.70578976
v -7.51840000 16.93734919 11.66197650
v -7.51840000 16.99260000 11.62505909
v -7.51840000 17.05219682 11.59566920
v -7.51840000 17.11511993 11.57430968
v -7.51840000 17.18029269 11.56134601
v -7.51840000 17.24660000 11.55700000
v -7.51840000 20.85340000 11.55700000
v -7.51840000 20.91970731 11.56134601
v -7.51840000 20.98488007 11.57430968
v -7.51840000 21.04780318 11.59566920
v -7.51840000 21.10740000 11.62505909
v -7.51840000 21.16265081 11.66197650
v -7.51840000 21.21261024 11.70578976
v -7.51840000 21.25642350 11.75574919
v -7.51840000 21.29334091 11.81100000
v -7.51840000 21.32273080 11.87059682
v -7.51840000 21.34409032 11.93351993
v -7.51840000 21.35705399 11.99869269
v -7.51840000 8.66140000 15.67180000
v -7.51840000 8.66140000 12.06500000
v -7.51840000 8.65705399 15.73810731
v -7.51840000 8.64409032 15.80328007
v -7.51840000 8.62273080 15.86620318
v -7.51840000 8.59334091 15.92580000
v -7.51840000 8.55642350 15.98105081
v -7.51840000 8.51261024 16.03101024
v -7.51840000 8.46265081 16.07482350
v -7.51840000 8.40740000 16.11174091
v -7.51840000 8.34780318 16.14113080
v -7.51840000 8.28488007 16.16249032
v -7.51840000 8.21970731 16.17545399
v -7.51840000 8.15340000 16.17980000
v -7.51840000 4.54660000 16.17980000
v -7.51840000 4.48029269 16.17545399
v -7.51840000 4.41511993 16.16249032
v -7.51840000 4.35219682 16.14113080
v -7.51840000 4.29260000 16.11174091
v -7.51840000 4.23734919 16.07482350
v -7.51840000 4.18738976 16.03101024
v -7.51840000 4.14357650 15.98105081
v -7.51840000 4.10665909 15.92580000
v -7.51840000 4.07726920 15.86620318
v -7.51840000 4.05590968 15.80328007
v -7.51840000 4.04294601 15.73810731
v -7.51840000 4.03860000 15.67180000
v -7.51840000 4.03860000 12.06500000
v -7.51840000 4.04294601 11.99869269
v -7.51840000 4.05590968 11.93351993
v -7.51840000 4.07726920 11.87059682
v -7.51840000 4.10665909 11.81100000
v -7.51840000 4.14357650 11.75574919
v -7.51840000 4.18738976 11.70578976
v -7.51840000 4.23734919 11.66197650
v -7.51840000 4.29260000 11.62505909
v -7.51840000 4.35219682 11.59566920
v -7.51840000 4.41511993 11.57430968
v -7.51840000 4.48029269 11.56134601
v -7.51840000 4.54660000 11.55700000
v -7.51840000 8.15340000 11.55700000
v -7.51840000 8.21970731 11.56134601
v -7.51840000 8.28488007 11.57430968
v -7.51840000 8.34780318 11.59566920
v -7.51840000 8.40740000 11.62505909
v -7.51840000 8.46265081 11.66197650
v -7.51840000 8.51261024 11.70578976
v -7.51840000 8.55642350 11.75574919
v -7.51840000 8.59334091 11.81100000
v -7.51840000 8.62273080 11.87059682
v -7.51840000 8.64409032 11.93351993
v -7.51840000 8.65705399 11.99869269
v -5.88584638 -6.35000000 2.33230831
v -5.86510451 -6.35000000 2.22803188
v -5.83092928 -6.35000000 2.12735491
v -5.78390545 -6.35000000 2.03200000
v -5.72483759 -6.35000000 1.94359871
v -5.65473639 -6.35000000 1.86366361
v -5.57480129 -6.35000000 1.79356241
v -5.48640000 -6.35000000 1.73449455
v -5.39104509 -6.35000000 1.68747072
v -5.29036812 -6.35000000 1.65329549
v -5.18609169 -6.35000000 1.63255362
v -5.08000000 -6.35000000 1.62560000
v -5.87673742 56.20220464 2.27761031
v -5.83531282 56.05078100 2.13815612
v -5.79796876 55.96308826 2.05739515
v -5.75202083 55.88035323 1.98120000
v -5.65473639 54.77716190 1.86366361
v -5.53720000 55.88035323 1.76637917
v -5.41007976 56.01838429 1.69564082
v -5.27238553 56.16789690 1.64869648
v -5.17688349 56.27159595 1.63139478
v -5.65473639 59.52283810 1.86366361
v -5.75202083 58.41964677 1.98120000
v -5.82275918 58.28161571 2.10832024
v -5.86970352 58.13210310 2.24601447
v -5.88700522 58.02840405 2.34151651
v -5.87673742 119.70220464 2.27761031
v -5.83531282 119.55078100 2.13815612
v -5.79796876 119.46308826 2.05739515
v -5.75202083 119.38035323 1.98120000
v -5.65473639 118.27716190 1.86366361
v -5.53720000 119.38035323 1.76637917
v -5.41007976 119.51838429 1.69564082
v -5.27238553 119.66789690 1.64869648
v -5.17688349 119.77159595 1.63139478
v -5.24078969 58.09779536 1.64166258
v -5.38024388 58.24921900 1.68308718
v -5.46100485 58.33691174 1.72043124
v -5.53720000 58.41964677 1.76637917
v -5.65473639 123.02283810 1.86366361
v -5.75202083 121.91964677 1.98120000
v -5.82275918 121.78161571 2.10832024
v -5.86970352 121.63210310 2.24601447
v -5.88700522 121.52840405 2.34151651
v -5.87673742 183.20220464 2.27761031
v -5.83531282 183.05078100 2.13815612
v -5.79796876 182.96308826 2.05739515
v -5.75202083 182.88035323 1.98120000
v -5.65473639 181.77716190 1.86366361
v -5.53720000 182.88035323 1.76637917
v -5.41007976 183.01838429 1.69564082
v -5.27238553 183.16789690 1.64869648
v -5.17688349 183.27159595 1.63139478
v -5.24078969 121.59779536 1.64166258
v -5.38024388 121.74921900 1.68308718
v -5.46100485 121.83691174 1.72043124
v -5.53720000 121.91964677 1.76637917
v -5.65473639 186.52283810 1.86366361
v -5.75202083 185.41964677 1.98120000
v -5.82275918 185.28161571 2.10832024
v -5.86970352 185.13210310 2.24601447
v -5.88700522 185.02840405 2.34151651
v -5.87673742 246.70220464 2.27761031
v -5.83531282 246.55078100 2.13815612
v -5.79796876 246.46308826 2.05739515
v -5.75202083 246.38035323 1.98120000
v -5.65473639 245.27716190 1.86366361
v -5.53720000 246.38035323 1.76637917
v -5.41007976 246.51838429 1.69564082
v -5.27238553 246.66789690 1.64869648
v -5.17688349 246.77159595 1.63139478
v -5.24078969 185.09779536 1.64166258
v -5.38024388 185.24921900 1.68308718
v -5.46100485 185.33691174 1.72043124
v -5.53720000 185.41964677 1.76637917
v -6.11193644 245.27716190 1.40646359
v -6.24048946 245.64481199 1.57502655
v -6.32169627 246.01261160 1.77105947
v -6.35000002 246.38035323 1.98120000
v -5.53720000 246.38035323 1.16839998
v -5.74729271 246.01270318 1.19669124
v -5.94333080 245.64490357 1.27788556
v -5.67018316 246.01260721 1.48492809
v -6.11193644 186.52283810 1.40646359
v -5.94337345 186.15518801 1.27791054
v -5.74734053 185.78738840 1.19670373
v -5.53720000 185.41964677 1.16839998
v -5.67020243 185.78744728 1.48493254
v -6.35000002 185.41964677 1.98120000
v -6.32170876 185.78729682 1.77110729
v -6.24051444 186.15509643 1.57506920
v -6.03347191 185.78739279 1.84821684
v -6.11193644 181.77716190 1.40646359
v -6.24048946 182.14481199 1.57502655
v -6.32169627 182.51261160 1.77105947
v -6.35000002 182.88035323 1.98120000
v -6.03346746 182.51255272 1.84819757
v -5.53720000 182.88035323 1.16839998
v -5.74729271 182.51270318 1.19669124
v -5.94333080 182.14490357 1.27788556
v -5.67018316 182.51260721 1.48492809
v -6.11193644 123.02283810 1.40646359
v -5.94337345 122.65518801 1.27791054
v -5.74734053 122.28738840 1.19670373
v -5.53720000 121.91964677 1.16839998
v -6.35000002 121.91964677 1.98120000
v -6.32170876 122.28729682 1.77110729
v -6.24051444 122.65509643 1.57506920
v -6.03347191 122.28739279 1.84821684
v -6.11193644 118.27716190 1.40646359
v -6.24048946 118.64481199 1.57502655
v -6.32169627 119.01261160 1.77105947
v -6.35000002 119.38035323 1.98120000
v -5.53720000 119.38035323 1.16839998
v -5.74729271 119.01270318 1.19669124
v -5.94333080 118.64490357 1.27788556
v -5.67018316 119.01260721 1.48492809
v -6.11193644 59.52283810 1.40646359
v -5.94337345 59.15518801 1.27791054
v -5.74734053 58.78738840 1.19670373
v -5.53720000 58.41964677 1.16839998
v -5.67020243 58.78744728 1.48493254
v -6.35000002 58.41964677 1.98120000
v -6.32170876 58.78729682 1.77110729
v -6.24051444 59.15509643 1.57506920
v -6.03347191 58.78739279 1.84821684
v -6.11193644 54.77716190 1.40646359
v -6.24048946 55.14481199 1.57502655
v -6.32169627 55.51261160 1.77105947
v -6.35000002 55.88035323 1.98120000
v -5.53720000 55.88035323 1.16839998
v -5.74729271 55.51270318 1.19669124
v -5.94333080 55.14490357 1.27788556
v -5.67018316 55.51260721 1.48492809
v -7.47945092 58.41964677 1.98120000
v -7.49646526 58.30326373 2.08838342
v -7.50864300 58.18616770 2.19622346
v -7.51595952 58.06859554 2.30450200
v -7.47945092 185.41964677 1.98120000
v -7.49646526 185.30326373 2.08838342
v -7.50864300 185.18616770 2.19622346
v -7.51595952 185.06859554 2.30450200
v -7.47945092 121.91964677 1.98120000
v -7.49646526 121.80326373 2.08838342
v -7.50864300 121.68616770 2.19622346
v -7.51595952 121.56859554 2.30450200
v -7.51595952 119.73140446 2.30450200
v -7.50864300 119.61383230 2.19622346
v -7.49646526 119.49673627 2.08838342
v -7.47945092 119.38035323 1.98120000
v -7.51595952 56.23140446 2.30450200
v -7.50864300 56.11383230 2.19622346
v -7.49646526 55.99673627 2.08838342
v -7.47945092 55.88035323 1.98120000
v -7.51595952 246.73140446 2.30450200
v -7.50864300 246.61383230 2.19622346
v -7.49646526 246.49673627 2.08838342
v -7.47945092 246.38035323 1.98120000
v -7.49775645 -6.35000000 2.09804030
v -7.43617902 -6.35000000 1.78846964
v -7.33472131 -6.35000000 1.48958488
v -7.19511930 -6.35000000 1.20650000
v -7.01976161 -6.35000000 0.94405867
v -6.81164866 -6.35000000 0.70675134
v -6.57434133 -6.35000000 0.49863839
v -6.31190000 -6.35000000 0.32328070
v -6.02881512 -6.35000000 0.18367869
v -5.72993036 -6.35000000 0.08222098
v -5.42035970 -6.35000000 0.02064355
v -7.51595952 183.23140446 2.30450200
v -7.50864300 183.11383230 2.19622346
v -7.49646526 182.99673627 2.08838342
v -7.47945092 182.88035323 1.98120000
v -6.81164866 123.02283810 0.70675134
v -6.51414353 122.71933498 0.45398802
v -6.17852214 122.41902731 0.25182674
v -5.86737460 122.16702093 0.12348344
v -5.53720000 121.91964677 0.03894908
v -7.06441199 122.71933498 1.00425647
v -7.26657326 122.41902731 1.33987786
v -7.39491656 122.16702093 1.65102540
v -6.81164866 181.77716190 0.70675134
v -7.06441198 182.08066502 1.00425647
v -7.26657326 182.38097269 1.33987786
v -7.39491656 182.63297907 1.65102540
v -6.51414353 182.08066502 0.45398801
v -6.17852214 182.38097269 0.25182674
v -5.86737460 182.63297907 0.12348344
v -5.53720000 182.88035323 0.03894908
v -5.43001658 182.99673627 0.02193474
v -5.32217654 183.11383230 0.00975700
v -5.21389800 183.23140446 0.00244048
v -5.21389800 121.56859554 0.00244048
v -5.32217654 121.68616770 0.00975700
v -5.43001658 121.80326373 0.02193474
v -6.81164866 59.52283810 0.70675134
v -6.51414353 59.21933498 0.45398802
v -6.17852214 58.91902731 0.25182674
v -5.86737460 58.66702093 0.12348344
v -5.53720000 58.41964677 0.03894908
v -7.06441199 59.21933498 1.00425647
v -7.26657326 58.91902731 1.33987786
v -7.39491656 58.66702093 1.65102540
v -6.81164866 118.27716190 0.70675134
v -7.06441198 118.58066502 1.00425647
v -7.26657326 118.88097269 1.33987786
v -7.39491656 119.13297907 1.65102540
v -6.51414353 118.58066502 0.45398801
v -6.17852214 118.88097269 0.25182674
v -5.86737460 119.13297907 0.12348344
v -5.53720000 119.38035323 0.03894908
v -5.43001658 119.49673627 0.02193474
v -5.32217654 119.61383230 0.00975700
v -5.21389800 119.73140446 0.00244048
v -5.21389800 58.06859554 0.00244048
v -5.32217654 58.18616770 0.00975700
v -5.43001658 58.30326373 0.02193474
v -6.81164866 186.52283810 0.70675134
v -6.51414353 186.21933498 0.45398802
v -6.17852214 185.91902731 0.25182674
v -5.86737460 185.66702093 0.12348344
v -5.53720000 185.41964677 0.03894908
v -7.06441199 186.21933498 1.00425647
v -7.26657326 185.91902731 1.33987786
v -7.39491656 185.66702093 1.65102540
v -6.81164866 245.27716190 0.70675134
v -7.06441198 245.58066502 1.00425647
v -7.26657326 245.88097269 1.33987786
v -7.39491656 246.13297907 1.65102540
v -6.51414353 245.58066502 0.45398801
v -6.17852214 245.88097269 0.25182674
v -5.86737460 246.13297907 0.12348344
v -5.53720000 246.38035323 0.03894908
v -5.43001658 246.49673627 0.02193474
v -5.32217654 246.61383230 0.00975700
v -5.21389800 246.73140446 0.00244048
v -5.21389800 185.06859554 0.00244048
v -5.32217654 185.18616770 0.00975700
v -5.43001658 185.30326373 0.02193474
v -6.81164866 54.77716186 0.70675134
v -7.06441196 55.08066499 1.00425644
v -7.26657325 55.38097267 1.33987784
v -7.39491656 55.63297907 1.65102539
v -6.51414356 55.08066499 0.45398804
v -6.17852216 55.38097267 0.25182675
v -5.86737461 55.63297907 0.12348344
v -5.53720000 55.88035323 0.03894908
v -5.43001658 55.99673627 0.02193474
v -5.32217654 56.11383230 0.00975700
v -5.21389800 56.23140446 0.00244048
v -6.98378036 58.97124245 1.38200680
v -6.63595484 58.97124245 1.52608084
v -6.98378036 245.82875755 1.38200680
v -6.63595484 245.82875755 1.52608084
v -6.13639320 245.82875755 0.53461964
v -5.99231916 245.82875755 0.88244516
v -6.98378036 185.97124245 1.38200680
v -6.63595484 185.97124245 1.52608084
v -6.13639320 185.97124245 0.53461964
v -5.99231916 185.97124245 0.88244516
v -6.98378036 122.47124245 1.38200680
v -6.63595484 122.47124245 1.52608084
v -6.98378036 182.32875755 1.38200680
v -6.63595484 182.32875755 1.52608084
v -6.13639320 122.47124245 0.53461964
v -5.99231916 122.47124245 0.88244516
v -6.13639320 182.32875755 0.53461964
v -5.99231916 182.32875755 0.88244516
v -6.98378036 118.82875755 1.38200680
v -6.63595484 118.82875755 1.52608084
v -6.98378036 55.32875755 1.38200680
v -6.63595484 55.32875755 1.52608084
v -6.13639320 118.82875755 0.53461964
v -5.99231916 118.82875755 0.88244516
v -6.13639320 58.97124245 0.53461964
v -5.99231916 58.97124245 0.88244516
v -6.13639320 55.32875755 0.53461964
v -5.99231916 55.32875755 0.88244516
f 2193 2194 41
f 2195 41 2194
f 2192 2193 41
f 2196 41 2195
f 2197 41 2196
f 2191 2192 41
f 2190 2191 41
f 2198 41 2197
f 2189 2190 41
f 2199 41 2198
f 2187 41 2199
f 2188 2189 41
f 42 41 2187
f 2175 42 2187
f 43 42 2175
f 2200 2188 41
f 2176 43 2175
f 2176 55 43
f 2212 2200 41
f 2177 55 2176
f 2177 54 55
f 53 54 2177
f 53 2177 2178
f 52 53 2178
f 2179 52 2178
f 2180 52 2179
f 51 52 2180
f 50 51 2180
f 2181 50 2180
f 2182 50 2181
f 49 50 2182
f 2183 48 49
f 2183 49 2182
f 47 2183 2184
f 47 48 2183
f 2185 46 47
f 2185 47 2184
f 2186 46 2185
f 45 46 2186
f 44 2186 2174
f 44 45 2186
f 2161 44 2174
f 2141 2142 63
f 2141 63 64
f 737 2167 2168
f 737 738 2167
f 2089 2090 2207
f 2089 2207 2208
f 739 2166 2167
f 739 2167 738
f 2091 2207 2090
f 2091 2206 2207
f 2143 63 2142
f 2143 61 62
f 2143 62 63
f 2140 64 65
f 2140 2141 64
f 2140 65 66
f 2088 2089 2208
f 2088 2208 2209
f 2088 2209 2210
f 2092 2206 2091
f 2092 2205 2206
f 736 737 2168
f 736 2168 2169
f 2144 61 2143
f 740 2165 2166
f 740 2166 739
f 741 2164 2165
f 741 2165 740
f 2093 2203 2204
f 2093 2204 2205
f 2093 2205 2092
f 2145 60 61
f 2145 61 2144
f 735 736 2169
f 735 2169 2170
f 735 2170 2171
f 2139 2140 66
f 2087 2088 2210
f 734 735 2171
f 2086 2087 2210
f 2086 2210 2211
f 2138 66 67
f 2138 67 68
f 2138 2139 66
f 742 2162 2163
f 742 2163 2164
f 742 2164 741
f 2146 59 60
f 2146 60 2145
f 2094 2203 2093
f 2085 2086 2211
f 2085 2211 2212
f 2137 2138 68
f 733 734 2171
f 733 2171 2172
f 733 2172 2173
f 743 2162 742
f 2147 59 2146
f 2147 58 59
f 2095 2203 2094
f 2095 2202 2203
f 2083 2202 2095
f 2083 2201 2202
f 2135 58 2147
f 2135 57 58
f 2135 69 57
f 731 2161 2162
f 731 2162 743
f 732 733 2173
f 732 2173 2201
f 2136 68 56
f 2136 2137 68
f 2123 69 2135
f 2123 70 69
f 719 44 2161
f 719 2148 2136
f 719 2136 56
f 719 56 44
f 719 2161 731
f 744 2201 2083
f 744 732 2201
f 744 2083 2071
f 2124 70 2123
f 2160 719 720
f 2160 2148 719
f 756 2071 2072
f 756 744 2071
f 2159 2160 720
f 721 2159 720
f 2125 70 2124
f 2073 755 756
f 2073 756 2072
f 2074 755 2073
f 2126 70 2125
f 2158 721 722
f 2158 2159 721
f 754 755 2074
f 723 2157 2158
f 723 2158 722
f 2127 70 2126
f 2075 753 754
f 2075 754 2074
f 2128 70 2127
f 2156 723 724
f 2156 2157 723
f 752 2075 2076
f 752 753 2075
f 2155 2156 724
f 2129 70 2128
f 751 2076 2077
f 751 752 2076
f 725 2155 724
f 2130 70 2129
f 2078 751 2077
f 2154 725 726
f 2154 2155 725
f 750 751 2078
f 2153 2154 726
f 727 2153 726
f 749 750 2078
f 749 2078 2079
f 2131 70 2130
f 2132 70 2131
f 2152 727 728
f 2152 2153 727
f 748 749 2079
f 748 2079 2080
f 2133 70 2132
f 729 2151 2152
f 729 2152 728
f 2081 747 748
f 2081 748 2080
f 2134 70 2133
f 730 2151 729
f 2150 2151 730
f 746 747 2081
f 746 2081 2082
f 38 2212 41
f 38 2084 2085
f 38 2085 2212
f 38 2096 2084
f 38 2100 2101
f 38 2101 2102
f 38 2102 2103
f 38 2103 2104
f 38 2104 2105
f 38 2105 2106
f 38 2106 2107
f 38 2107 2108
f 38 2108 2096
f 2122 70 2134
f 2149 2150 730
f 2070 746 2082
f 718 2149 730
f 745 746 2070
f 37 2100 38
f 37 2097 2098
f 37 2098 2099
f 37 2099 2100
f 2109 70 2122
f 2069 2097 37
f 717 745 2070
f 2110 70 2109
f 2037 711 712
f 2037 712 713
f 2037 2038 711
f 2039 710 711
f 2039 711 2038
f 685 2063 2064
f 685 686 2063
f 687 2062 2063
f 687 2063 686
f 1987 36 1986
f 1985 1986 36
f 2036 2037 713
f 2040 709 710
f 2040 710 2039
f 1984 1985 36
f 688 2061 2062
f 688 2062 687
f 684 685 2064
f 684 2064 2065
f 2035 713 714
f 2035 714 715
f 2035 2036 713
f 2041 708 709
f 2041 709 2040
f 689 2060 2061
f 689 2061 688
f 683 2065 2066
f 683 684 2065
f 1989 37 36
f 1983 1984 36
f 2042 707 708
f 2042 708 2041
f 2034 2035 715
f 682 2066 2067
f 682 683 2066
f 690 2060 689
f 690 2059 2060
f 1982 1983 36
f 1990 37 1989
f 2033 715 716
f 2033 716 717
f 2033 2034 715
f 681 682 2067
f 681 2067 2068
f 2043 707 2042
f 2043 706 707
f 1981 1982 36
f 1991 37 1990
f 691 2059 690
f 691 2058 2059
f 2031 718 705
f 2031 706 2043
f 2031 2121 2149
f 2031 2149 718
f 2031 705 706
f 2032 2033 717
f 679 2057 2058
f 679 2058 691
f 680 2069 37
f 680 681 2068
f 680 2068 2069
f 1980 1981 36
f 1979 37 1991
f 2019 2121 2031
f 667 2070 2057
f 667 2057 679
f 1992 1980 36
f 2044 717 2070
f 2044 2032 717
f 2044 2070 667
f 692 680 37
f 1967 37 1979
f 1967 692 37
f 2020 2121 2019
f 2020 2119 2120
f 2020 2120 2121
f 2004 1992 36
f 668 2056 2044
f 668 2044 667
f 1968 692 1967
f 1968 704 692
f 2021 2119 2020
f 669 2055 2056
f 669 2056 668
f 1969 704 1968
f 1969 703 704
f 2022 2119 2021
f 2022 2118 2119
f 2054 669 670
f 2054 2055 669
f 1970 703 1969
f 1970 702 703
f 2023 2118 2022
f 2023 2117 2118
f 701 702 1970
f 671 2054 670
f 671 2053 2054
f 1971 701 1970
f 2024 2117 2023
f 2024 2116 2117
f 672 2053 671
f 2052 2053 672
f 1972 700 701
f 1972 701 1971
f 2025 2116 2024
f 2025 2115 2116
f 673 2052 672
f 673 2051 2052
f 1973 700 1972
f 1973 699 700
f 2026 2115 2025
f 2026 2113 2114
f 2026 2114 2115
f 674 2050 2051
f 674 2051 673
f 1974 699 1973
f 1974 698 699
f 2049 2050 674
f 2027 2113 2026
f 675 2049 674
f 1975 698 1974
f 1975 697 698
f 2028 2111 2112
f 2028 2112 2113
f 2028 2113 2027
f 696 697 1975
f 676 2048 2049
f 676 2049 675
f 1976 696 1975
f 2029 2111 2028
f 677 2047 2048
f 677 2048 676
f 1977 696 1976
f 1977 695 696
f 2046 2047 677
f 2046 677 678
f 1978 695 1977
f 1978 694 695
f 666 2045 2046
f 666 2046 678
f 1966 693 694
f 1966 694 1978
f 1882 1998 1999
f 1934 658 659
f 1934 659 660
f 1883 1998 1882
f 635 1959 634
f 635 1958 1959
f 1881 1999 2000
f 1881 2000 2001
f 1881 1882 1999
f 633 634 1959
f 633 1959 1960
f 1935 658 1934
f 1933 1934 660
f 1933 660 661
f 1880 1881 2001
f 1884 1998 1883
f 1884 1997 1998
f 632 1960 1961
f 632 633 1960
f 636 1956 1957
f 636 1957 1958
f 636 1958 635
f 1936 657 658
f 1936 658 1935
f 1932 1933 661
f 1885 1997 1884
f 1885 1996 1997
f 637 1956 636
f 1879 2001 2002
f 1879 2002 2003
f 1879 1880 2001
f 631 632 1961
f 631 1961 1962
f 1937 656 657
f 1937 657 1936
f 1931 1932 661
f 1931 661 662
f 1878 1879 2003
f 1886 1996 1885
f 1886 1995 1996
f 630 1962 1963
f 630 631 1962
f 638 1955 1956
f 638 1956 637
f 1930 1931 662
f 1930 662 663
f 1930 663 664
f 1938 656 1937
f 1938 655 656
f 1887 1995 1886
f 1887 1994 1995
f 1877 2004 36
f 1877 2003 2004
f 1877 1878 2003
f 639 1955 638
f 639 1954 1955
f 629 630 1963
f 629 1963 1964
f 629 1964 1965
f 1939 655 1938
f 1939 653 654
f 1939 654 655
f 1929 1930 664
f 1876 1877 36
f 1875 1994 1887
f 1875 1993 1994
f 1875 1965 1993
f 628 629 1965
f 627 1954 639
f 627 1953 1954
f 627 1966 1953
f 1928 693 1966
f 1928 1929 664
f 1928 1966 627
f 1928 664 665
f 1928 665 693
f 1927 653 1939
f 71 2029 2030
f 71 2030 2018
f 71 2111 2029
f 71 2005 2006
f 71 2006 2007
f 71 2007 2008
f 71 2008 2009
f 71 2110 2111
f 71 70 2110
f 71 2009 2010
f 71 2010 2011
f 71 2011 2012
f 71 2012 2013
f 71 2018 2005
f 72 2045 666
f 72 2017 2045
f 72 666 653
f 72 653 1927
f 72 71 2013
f 72 2013 2014
f 72 2014 2015
f 72 2015 2016
f 72 2016 2017
f 640 1965 1875
f 640 628 1965
f 1915 72 1927
f 1888 1876 36
f 615 1940 1928
f 615 1928 627
f 1863 640 1875
f 652 1863 1864
f 652 640 1863
f 1952 615 616
f 1952 1940 615
f 1916 72 1915
f 1865 651 652
f 1865 652 1864
f 1951 1952 616
f 617 1951 616
f 1917 72 1916
f 1866 650 651
f 1866 651 1865
f 1950 1951 617
f 618 1950 617
f 1918 72 1917
f 1867 650 1866
f 649 650 1867
f 1919 72 1918
f 1949 1950 618
f 1949 618 619
f 648 649 1867
f 1868 648 1867
f 620 1948 1949
f 620 1949 619
f 1869 648 1868
f 1869 647 648
f 621 1948 620
f 621 1947 1948
f 1870 646 647
f 1870 647 1869
f 622 1947 621
f 622 1946 1947
f 645 646 1870
f 645 1870 1871
f 1945 622 623
f 1945 1946 622
f 1872 644 645
f 1872 645 1871
f 624 1944 1945
f 624 1945 623
f 643 644 1872
f 1873 643 1872
f 625 1943 1944
f 625 1944 624
f 642 1873 1874
f 642 643 1873
f 1942 625 626
f 1942 1943 625
f 614 1941 1942
f 614 1942 626
f 641 1874 1862
f 641 642 1874
f 73 1920 1921
f 73 1921 1922
f 73 1922 1923
f 73 1923 1924
f 73 1924 1925
f 73 1925 1926
f 73 1926 1914
f 73 72 1919
f 73 1919 1920
f 1913 1941 614
f 1901 73 1914
f 1902 73 1901
f 1903 73 1902
f 1830 607 608
f 1778 1894 1895
f 1831 606 607
f 1831 607 1830
f 1829 1830 608
f 583 1853 1854
f 583 1854 1855
f 583 1855 582
f 581 1855 1856
f 581 582 1855
f 1779 1894 1778
f 1777 1895 1896
f 1777 1896 1897
f 1777 1778 1895
f 1832 606 1831
f 1832 604 605
f 1832 605 606
f 1828 608 609
f 1828 1829 608
f 584 1853 583
f 580 1856 1857
f 580 581 1856
f 1780 1893 1894
f 1780 1894 1779
f 1776 1777 1897
f 1833 604 1832
f 1827 609 610
f 1827 610 611
f 1827 1828 609
f 585 1853 584
f 585 1852 1853
f 1781 1893 1780
f 1781 1892 1893
f 579 1857 1858
f 579 1858 1859
f 579 580 1857
f 1775 1776 1897
f 1775 1897 1898
f 1834 604 1833
f 1834 603 604
f 1826 611 612
f 1826 1827 611
f 578 579 1859
f 586 1851 1852
f 586 1852 585
f 1774 1898 1899
f 1774 1899 1900
f 1774 1775 1898
f 1782 1892 1781
f 1782 1891 1892
f 1835 603 1834
f 1835 601 602
f 1835 602 603
f 1825 1826 612
f 587 1851 586
f 587 1850 1851
f 577 578 1859
f 577 1859 1860
f 1783 1891 1782
f 1783 1889 1890
f 1783 1890 1891
f 1773 1774 1900
f 1773 1900 1888
f 1824 612 613
f 1824 1825 612
f 1824 613 641
f 1823 614 601
f 1823 601 1835
f 1823 1913 614
f 576 1860 1861
f 576 577 1860
f 576 1861 1889
f 575 1849 1850
f 575 1862 1849
f 575 1850 587
f 575 641 1862
f 1772 1773 1888
f 1772 1888 36
f 1771 1889 1783
f 1836 1824 641
f 1836 641 575
f 1759 1889 1771
f 588 576 1889
f 588 1889 1759
f 563 1836 575
f 1811 1913 1823
f 1812 1913 1811
f 1812 1911 1912
f 1812 1912 1913
f 1848 563 564
f 1848 1836 563
f 1760 588 1759
f 600 588 1760
f 1813 1911 1812
f 565 1847 1848
f 565 1848 564
f 1761 600 1760
f 1761 599 600
f 1814 1911 1813
f 1814 1910 1911
f 566 1847 565
f 566 1846 1847
f 1762 599 1761
f 1762 598 599
f 1815 1910 1814
f 1815 1908 1909
f 1815 1909 1910
f 1763 598 1762
f 1845 1846 566
f 1845 566 567
f 597 598 1763
f 1816 1908 1815
f 568 1844 1845
f 568 1845 567
f 1764 597 1763
f 1764 596 597
f 1817 1908 1816
f 1817 1907 1908
f 595 596 1764
f 569 1843 1844
f 569 1844 568
f 1765 595 1764
f 1842 1843 569
f 1818 1907 1817
f 1818 1905 1906
f 1818 1906 1907
f 570 1842 569
f 1766 595 1765
f 1766 594 595
f 1819 1905 1818
f 1841 570 571
f 1841 1842 570
f 593 1766 1767
f 593 594 1766
f 1820 1905 1819
f 1820 1903 1904
f 1820 1904 1905
f 572 1840 1841
f 572 1841 571
f 1768 593 1767
f 1768 592 593
f 1821 1903 1820
f 1821 73 1903
f 573 1839 1840
f 573 1840 572
f 1769 592 1768
f 1769 591 592
f 1822 73 1821
f 1838 573 574
f 1838 1839 573
f 1770 591 1769
f 590 591 1770
f 1810 73 1822
f 562 1838 574
f 1837 1838 562
f 1758 589 590
f 1758 590 1770
f 1797 73 1810
f 1674 1791 1792
f 530 1750 1751
f 530 1751 1752
f 1675 1791 1674
f 1675 1790 1791
f 1673 1674 1792
f 1727 554 555
f 1727 555 1726
f 1725 555 556
f 1725 556 557
f 1725 1726 555
f 531 1750 530
f 529 530 1752
f 1672 1673 1792
f 1672 1792 1793
f 1676 1790 1675
f 1676 1789 1790
f 1728 554 1727
f 1728 553 554
f 1724 1725 557
f 532 1750 531
f 532 1748 1749
f 532 1749 1750
f 528 529 1752
f 528 1752 1753
f 1677 1789 1676
f 1677 1788 1789
f 1729 552 553
f 1729 553 1728
f 1671 1672 1793
f 1671 1793 1794
f 533 1748 532
f 1723 557 558
f 1723 558 559
f 1723 1724 557
f 527 528 1753
f 527 1753 1754
f 1670 1671 1794
f 1670 1794 1795
f 1722 1723 559
f 1678 1788 1677
f 1678 1786 1787
f 1678 1787 1788
f 1730 551 552
f 1730 552 1729
f 526 1754 1755
f 526 1755 1756
f 526 527 1754
f 534 1746 1747
f 534 1747 1748
f 534 1748 533
f 1669 1795 1796
f 1669 1670 1795
f 1731 551 1730
f 1731 550 551
f 1679 1786 1678
f 1679 1785 1786
f 1721 559 560
f 1721 560 561
f 1721 1722 559
f 535 1746 534
f 525 526 1756
f 1720 1721 561
f 1720 561 589
f 1668 1669 1796
f 1668 1796 1784
f 1667 1785 1679
f 1719 549 550
f 1719 550 1731
f 524 525 1756
f 524 1756 1757
f 524 1785 1667
f 524 1757 1785
f 523 1745 1746
f 523 1758 1745
f 523 1746 535
f 1707 1837 562
f 1707 1809 1837
f 1707 549 1719
f 1707 562 549
f 536 524 1667
f 1655 536 1667
f 1732 523 511
f 1732 1758 523
f 1732 1720 589
f 1732 589 1758
f 1708 1809 1707
f 1708 1807 1808
f 1708 1808 1809
f 548 1655 1656
f 548 536 1655
f 1744 511 512
f 1744 1732 511
f 547 548 1656
f 1709 1807 1708
f 1657 547 1656
f 513 1744 512
f 513 1743 1744
f 1658 546 547
f 1658 547 1657
f 1710 1807 1709
f 1710 1805 1806
f 1710 1806 1807
f 514 1742 1743
f 514 1743 513
f 1711 1805 1710
f 545 546 1658
f 545 1658 1659
f 1741 514 515
f 1741 1742 514
f 1660 544 545
f 1660 545 1659
f 1712 1805 1711
f 1712 1804 1805
f 516 1740 1741
f 516 1741 515
f 543 544 1660
f 1661 543 1660
f 1713 1804 1712
f 1713 1803 1804
f 517 1739 1740
f 517 1740 516
f 542 543 1661
f 1662 542 1661
f 1714 1803 1713
f 1714 1801 1802
f 1714 1802 1803
f 518 1738 1739
f 518 1739 517
f 1715 1801 1714
f 541 1662 1663
f 541 542 1662
f 1737 518 519
f 1737 1738 518
f 1664 540 541
f 1664 541 1663
f 1716 1799 1800
f 1716 1800 1801
f 1716 1801 1715
f 1736 1737 519
f 520 1736 519
f 1665 539 540
f 1665 540 1664
f 1717 1798 1799
f 1717 1799 1716
f 521 1736 520
f 521 1735 1736
f 1718 1797 1798
f 1718 1798 1717
f 538 539 1665
f 538 1665 1666
f 1734 521 522
f 1734 1735 521
f 537 538 1666
f 1654 537 1666
f 1706 73 1797
f 1706 1797 1718
f 510 1733 1734
f 510 1734 522
f 478 1646 1647
f 478 1647 1648
f 1570 1686 1687
f 1622 503 504
f 479 1646 478
f 477 478 1648
f 1623 503 1622
f 1623 502 503
f 1571 1686 1570
f 1621 1622 504
f 1569 1570 1687
f 1569 1687 1688
f 480 1644 1645
f 480 1645 1646
f 480 1646 479
f 476 1648 1649
f 476 477 1648
f 1620 1621 504
f 1620 504 505
f 1568 1569 1688
f 1568 1688 1689
f 1572 1684 1685
f 1572 1685 1686
f 1572 1686 1571
f 1624 502 1623
f 1624 501 502
f 481 1644 480
f 481 1643 1644
f 1625 501 1624
f 1625 500 501
f 1573 1684 1572
f 475 1649 1650
f 475 1650 1651
f 475 476 1649
f 1619 505 506
f 1619 1620 505
f 1567 1568 1689
f 1567 1689 1690
f 474 1651 1652
f 474 475 1651
f 482 1643 481
f 1618 506 507
f 1618 1619 506
f 1566 1567 1690
f 1566 1690 1691
f 1566 1691 1692
f 1626 500 1625
f 1626 499 500
f 1574 1683 1684
f 1574 1684 1573
f 483 1642 1643
f 483 1643 482
f 473 474 1652
f 1627 499 1626
f 1627 498 499
f 1617 507 508
f 1617 1618 507
f 1575 1682 1683
f 1575 1683 1574
f 1565 1566 1692
f 472 1652 1653
f 472 473 1652
f 472 1653 1681
f 471 537 1654
f 471 1641 1642
f 471 1654 1641
f 471 1642 483
f 1616 1617 508
f 1616 508 509
f 1615 510 497
f 1615 1705 1733
f 1615 1733 510
f 1615 498 1627
f 1615 497 498
f 1563 1682 1575
f 1563 1681 1682
f 1628 509 537
f 1628 1616 509
f 484 472 1681
f 484 1681 1563
f 1551 484 1563
f 1603 1705 1615
f 459 1628 537
f 459 537 471
f 460 1628 459
f 1640 1628 460
f 1604 1705 1603
f 1604 1704 1705
f 496 1551 1552
f 496 484 1551
f 461 1640 460
f 461 1639 1640
f 1605 1704 1604
f 1605 1703 1704
f 1553 496 1552
f 1553 495 496
f 462 1638 1639
f 462 1639 461
f 1606 1703 1605
f 1606 1702 1703
f 1554 495 1553
f 1554 494 495
f 463 1638 462
f 1607 1702 1606
f 1607 1700 1701
f 1607 1701 1702
f 1637 1638 463
f 493 1554 1555
f 493 494 1554
f 464 1636 1637
f 464 1637 463
f 1608 1700 1607
f 1556 493 1555
f 1556 492 493
f 465 1635 1636
f 465 1636 464
f 1609 1700 1608
f 1609 1699 1700
f 1557 492 1556
f 1557 491 492
f 466 1634 1635
f 466 1635 465
f 1610 1699 1609
f 1610 1698 1699
f 1558 491 1557
f 1558 490 491
f 1611 1696 1697
f 1611 1697 1698
f 1611 1698 1610
f 1633 466 467
f 1633 1634 466
f 489 1558 1559
f 489 490 1558
f 468 1632 1633
f 468 1633 467
f 1560 488 489
f 1560 489 1559
f 1612 1695 1696
f 1612 1696 1611
f 1631 1632 468
f 469 1631 468
f 1613 1695 1612
f 1613 1694 1695
f 1561 488 1560
f 1561 487 488
f 1614 1694 1613
f 1562 487 1561
f 1630 1631 469
f 1630 469 470
f 486 487 1562
f 35 1565 1692
f 35 1564 1565
f 35 1576 1564
f 35 1680 1668
f 35 1580 1581
f 35 1581 1582
f 35 1582 1583
f 35 1668 1784
f 35 1583 1584
f 35 1584 1585
f 35 1585 1586
f 35 1586 1587
f 35 1587 1588
f 35 1588 1576
f 35 1692 1680
f 1602 1694 1614
f 1602 1693 1694
f 1550 486 1562
f 1629 1630 470
f 1629 470 458
f 485 486 1550
f 34 1580 35
f 34 1577 1578
f 34 1578 1579
f 34 1579 1580
f 1549 1577 34
f 426 1542 1543
f 1519 451 1518
f 1519 449 450
f 1519 450 451
f 1517 1518 451
f 1517 451 452
f 427 1542 426
f 425 1543 1544
f 425 426 1543
f 1467 33 1466
f 1465 1466 33
f 1516 1517 452
f 1516 452 453
f 1520 449 1519
f 428 1540 1541
f 428 1541 1542
f 428 1542 427
f 424 1544 1545
f 424 425 1544
f 1464 1465 33
f 1468 33 1467
f 1521 449 1520
f 1521 448 449
f 429 1540 428
f 1515 453 454
f 1515 1516 453
f 423 1545 1546
f 423 1546 1547
f 423 424 1545
f 1469 34 33
f 1469 33 1468
f 1463 1464 33
f 1522 448 1521
f 1522 447 448
f 1514 454 455
f 1514 1515 454
f 422 423 1547
f 430 1539 1540
f 430 1540 429
f 1470 34 1469
f 1462 1463 33
f 1523 447 1522
f 1523 446 447
f 1513 455 456
f 1513 456 457
f 1513 1514 455
f 431 1538 1539
f 431 1539 430
f 421 1547 1548
f 421 422 1547
f 1471 34 1470
f 1461 1462 33
f 1512 1513 457
f 1511 1629 458
f 1511 445 446
f 1511 458 445
f 1511 446 1523
f 420 1548 1549
f 420 1549 34
f 420 421 1548
f 419 1537 1538
f 419 1550 1537
f 419 1538 431
f 1460 1461 33
f 1459 34 1471
f 407 1550 419
f 407 485 1550
f 407 457 485
f 407 1512 457
f 1524 1512 407
f 1472 1460 33
f 1447 34 1459
f 1499 1601 1629
f 1499 1629 1511
f 432 420 34
f 432 34 1447
f 1500 1601 1499
f 1500 1600 1601
f 1536 407 408
f 1536 1524 407
f 1484 1472 33
f 444 432 1447
f 444 1447 1448
f 1501 1600 1500
f 1501 1598 1599
f 1501 1599 1600
f 409 1535 1536
f 409 1536 408
f 1449 444 1448
f 1449 443 444
f 1502 1598 1501
f 410 1534 1535
f 410 1535 409
f 1450 442 443
f 1450 443 1449
f 1503 1598 1502
f 1503 1597 1598
f 411 1534 410
f 1533 1534 411
f 441 1450 1451
f 441 442 1450
f 1504 1597 1503
f 1504 1596 1597
f 412 1533 411
f 1532 1533 412
f 1452 440 441
f 1452 441 1451
f 1505 1596 1504
f 1505 1595 1596
f 1531 412 413
f 1531 1532 412
f 1453 439 440
f 1453 440 1452
f 1506 1594 1595
f 1506 1595 1505
f 414 1530 1531
f 414 1531 413
f 1454 438 439
f 1454 439 1453
f 1507 1594 1506
f 1507 1592 1593
f 1507 1593 1594
f 1529 414 415
f 1529 1530 414
f 437 1454 1455
f 437 438 1454
f 1508 1591 1592
f 1508 1592 1507
f 1528 1529 415
f 436 437 1455
f 416 1528 415
f 1456 436 1455
f 1509 1591 1508
f 1527 416 417
f 1527 1528 416
f 435 436 1456
f 1457 435 1456
f 1526 417 418
f 1526 1527 417
f 434 1457 1458
f 434 435 1457
f 433 434 1458
f 406 1525 1526
f 406 1526 418
f 1446 433 1458
f 1362 1479 1480
f 1414 399 400
f 1363 1479 1362
f 1363 1478 1479
f 1361 1362 1480
f 375 1439 374
f 375 1438 1439
f 373 374 1439
f 373 1439 1440
f 1415 399 1414
f 1415 398 399
f 1413 1414 400
f 1360 1480 1481
f 1360 1481 1482
f 1360 1361 1480
f 1364 1478 1363
f 1364 1477 1478
f 376 1436 1437
f 376 1437 1438
f 376 1438 375
f 372 1440 1441
f 372 1441 1442
f 372 373 1440
f 1412 1413 400
f 1412 400 401
f 1416 398 1415
f 1416 397 398
f 1365 1476 1477
f 1365 1477 1364
f 377 1436 376
f 1359 1360 1482
f 371 372 1442
f 1417 397 1416
f 1417 396 397
f 1411 1412 401
f 1411 401 402
f 1366 1476 1365
f 1366 1474 1475
f 1366 1475 1476
f 1358 1482 1483
f 1358 1359 1482
f 378 1434 1435
f 378 1435 1436
f 378 1436 377
f 370 1442 1443
f 370 371 1442
f 1418 396 1417
f 1418 394 395
f 1418 395 396
f 1410 1411 402
f 1410 402 403
f 1367 1474 1366
f 1357 1484 33
f 1357 1483 1484
f 1357 1358 1483
f 379 1434 378
f 369 1443 1444
f 369 370 1443
f 1419 394 1418
f 1419 393 394
f 1409 1410 403
f 1409 403 404
f 1356 1357 33
f 368 369 1444
f 368 1444 1445
f 368 1445 1473
f 1355 1473 1474
f 1355 1474 1367
f 367 1433 1434
f 367 1446 1433
f 367 1434 379
f 1408 404 405
f 1408 1409 404
f 1407 393 1419
f 75 406 393
f 75 393 1407
f 75 1497 1525
f 75 1525 406
f 75 1493 1494
f 75 1494 1495
f 75 1495 1496
f 75 1496 1497
f 74 1693 1602
f 74 1591 1509
f 74 1493 75
f 74 1485 1486
f 74 1486 1487
f 74 1487 1488
f 74 1589 1590
f 74 1488 1489
f 74 1590 1591
f 74 1489 1490
f 74 1490 1491
f 74 1491 1492
f 74 1492 1493
f 74 1498 1485
f 74 1602 1589
f 74 1509 1510
f 74 1510 1498
f 1368 1356 33
f 380 1473 1355
f 380 1355 1343
f 380 368 1473
f 1420 405 433
f 1420 433 1446
f 1420 1408 405
f 1395 75 1407
f 355 1446 367
f 355 1420 1446
f 1432 1420 355
f 1432 355 356
f 1396 75 1395
f 392 1343 1344
f 392 380 1343
f 1345 392 1344
f 391 392 1345
f 357 1431 1432
f 357 1432 356
f 1397 75 1396
f 358 1431 357
f 1430 1431 358
f 390 1345 1346
f 390 391 1345
f 1398 75 1397
f 1429 1430 358
f 1429 358 359
f 1399 75 1398
f 389 1346 1347
f 389 390 1346
f 388 1347 1348
f 388 389 1347
f 360 1428 1429
f 360 1429 359
f 1349 388 1348
f 387 388 1349
f 361 1427 1428
f 361 1428 360
f 1426 1427 361
f 1426 361 362
f 386 387 1349
f 386 1349 1350
f 1351 386 1350
f 1425 1426 362
f 1425 362 363
f 385 386 1351
f 384 385 1351
f 384 1351 1352
f 1424 1425 363
f 1424 363 364
f 1353 384 1352
f 383 384 1353
f 365 1423 1424
f 365 1424 364
f 1354 383 1353
f 366 1423 365
f 1422 1423 366
f 382 383 1354
f 381 1354 1342
f 381 382 1354
f 354 1421 1422
f 354 1422 366
f 76 75 1399
f 76 1399 1400
f 76 1400 1401
f 76 1401 1402
f 76 1402 1403
f 76 1403 1404
f 76 1404 1405
f 76 1405 1406
f 76 1406 1394
f 1381 76 1394
f 1382 76 1381
f 1383 76 1382
f 1311 346 347
f 1311 347 1310
f 1309 347 348
f 1309 1310 347
f 323 1335 322
f 323 1334 1335
f 321 322 1335
f 321 1335 1336
f 1259 1375 1258
f 1259 1374 1375
f 1257 1258 1375
f 1257 1375 1376
f 1312 345 346
f 1312 346 1311
f 1308 348 349
f 1308 1309 348
f 324 1333 1334
f 324 1334 323
f 320 321 1336
f 320 1336 1337
f 320 1337 1338
f 1260 1372 1373
f 1260 1373 1374
f 1260 1374 1259
f 1256 1376 1377
f 1256 1257 1376
f 1313 345 1312
f 1313 344 345
f 325 1332 1333
f 325 1333 324
f 1307 1308 349
f 1307 349 350
f 319 320 1338
f 1261 1372 1260
f 1255 1377 1378
f 1255 1256 1377
f 1314 342 343
f 1314 343 344
f 1314 344 1313
f 1306 1307 350
f 1306 350 351
f 1306 351 352
f 326 1331 1332
f 326 1332 325
f 318 1338 1339
f 318 319 1338
f 1254 1378 1379
f 1254 1255 1378
f 1262 1371 1372
f 1262 1372 1261
f 1315 342 1314
f 1315 341 342
f 1305 1306 352
f 1305 352 353
f 327 1330 1331
f 327 1331 326
f 317 1339 1340
f 317 318 1339
f 1263 1371 1262
f 1263 1370 1371
f 1253 1379 1380
f 1253 1380 1368
f 1253 1254 1379
f 1304 1305 353
f 1303 341 1315
f 1303 354 341
f 316 1340 1341
f 316 1341 1369
f 316 317 1340
f 315 1329 1330
f 315 1330 327
f 315 1342 1329
f 1252 1253 1368
f 1252 1368 33
f 1251 1370 1263
f 1251 1369 1370
f 1239 1369 1251
f 328 1369 1239
f 328 316 1369
f 1291 1393 1421
f 1291 1421 354
f 1291 354 1303
f 303 1316 1304
f 303 1304 353
f 303 381 1342
f 303 1342 315
f 303 353 381
f 1292 1393 1291
f 1292 1392 1393
f 1328 1316 303
f 1328 303 304
f 1240 328 1239
f 340 328 1240
f 1293 1392 1292
f 1293 1391 1392
f 339 340 1240
f 305 1327 1328
f 305 1328 304
f 1241 339 1240
f 1294 1391 1293
f 1294 1389 1390
f 1294 1390 1391
f 306 1326 1327
f 306 1327 305
f 1242 338 339
f 1242 339 1241
f 1295 1389 1294
f 1325 306 307
f 1325 1326 306
f 1243 337 338
f 1243 338 1242
f 1296 1388 1389
f 1296 1389 1295
f 336 337 1243
f 308 1324 1325
f 308 1325 307
f 1244 336 1243
f 1323 1324 308
f 1297 1388 1296
f 1297 1387 1388
f 335 336 1244
f 309 1323 308
f 1245 335 1244
f 1298 1387 1297
f 1298 1386 1387
f 310 1322 1323
f 310 1323 309
f 1246 335 1245
f 1246 334 335
f 1299 1386 1298
f 1299 1384 1385
f 1299 1385 1386
f 1321 310 311
f 1321 1322 310
f 1247 333 334
f 1247 334 1246
f 1300 1384 1299
f 1300 1383 1384
f 332 333 1247
f 312 1320 1321
f 312 1321 311
f 1248 332 1247
f 1301 1383 1300
f 1301 76 1383
f 313 1319 1320
f 313 1320 312
f 1249 331 332
f 1249 332 1248
f 1302 76 1301
f 1318 313 314
f 1318 1319 313
f 1250 330 331
f 1250 331 1249
f 1290 76 1302
f 302 1318 314
f 1317 1318 302
f 1238 329 330
f 1238 330 1250
f 289 1317 302
f 1277 76 1290
f 1154 1271 1272
f 1155 1271 1154
f 1155 1270 1271
f 1207 295 1206
f 1207 294 295
f 1205 1206 295
f 1205 295 296
f 1153 1154 1272
f 271 1231 270
f 271 1230 1231
f 269 270 1231
f 269 1231 1232
f 1208 294 1207
f 1208 293 294
f 1204 1205 296
f 1204 296 297
f 1204 297 298
f 1156 1270 1155
f 1156 1269 1270
f 1152 1272 1273
f 1152 1273 1274
f 1152 1153 1272
f 272 1229 1230
f 272 1230 271
f 268 1232 1233
f 268 269 1232
f 1209 292 293
f 1209 293 1208
f 1157 1267 1268
f 1157 1268 1269
f 1157 1269 1156
f 1151 1152 1274
f 273 1228 1229
f 273 1229 272
f 1203 1204 298
f 267 268 1233
f 267 1233 1234
f 1150 1274 1275
f 1150 1151 1274
f 1210 292 1209
f 1210 291 292
f 1202 1203 298
f 1202 298 299
f 1158 1267 1157
f 274 1227 1228
f 274 1228 273
f 266 1234 1235
f 266 1235 1236
f 266 267 1234
f 1211 291 1210
f 1211 290 291
f 1159 1265 1266
f 1159 1266 1267
f 1159 1267 1158
f 1201 1202 299
f 1201 299 300
f 1201 300 301
f 1149 1275 1276
f 1149 1150 1275
f 275 1227 274
f 275 1225 1226
f 275 1226 1227
f 265 266 1236
f 1199 290 1211
f 1199 289 290
f 1199 1317 289
f 1148 1149 1276
f 1148 1276 1264
f 1200 1201 301
f 1200 301 329
f 1200 329 1238
f 1147 1265 1159
f 264 1236 1237
f 264 265 1236
f 263 1238 1225
f 263 1225 275
f 1187 1289 1317
f 1187 1317 1199
f 251 1238 263
f 276 264 1237
f 276 1147 1135
f 276 1265 1147
f 276 1237 1265
f 1212 1238 251
f 1212 1200 1238
f 1188 1289 1187
f 1188 1288 1289
f 1136 276 1135
f 288 276 1136
f 1224 251 252
f 1224 1212 251
f 1137 288 1136
f 1137 287 288
f 1189 1288 1188
f 1189 1286 1287
f 1189 1287 1288
f 253 1223 1224
f 253 1224 252
f 286 287 1137
f 1138 286 1137
f 254 1223 253
f 1222 1223 254
f 1190 1286 1189
f 1191 1285 1286
f 1191 1286 1190
f 285 1138 1139
f 285 286 1138
f 1221 254 255
f 1221 1222 254
f 284 285 1139
f 1220 1221 255
f 1192 1284 1285
f 1192 1285 1191
f 1140 284 1139
f 256 1220 255
f 1193 1283 1284
f 1193 1284 1192
f 1141 283 284
f 1141 284 1140
f 257 1219 1220
f 257 1220 256
f 282 1141 1142
f 282 283 1141
f 1194 1283 1193
f 1194 1282 1283
f 258 1218 1219
f 258 1219 257
f 1195 1282 1194
f 1195 1280 1281
f 1195 1281 1282
f 1143 282 1142
f 281 282 1143
f 1217 1218 258
f 1217 258 259
f 1196 1280 1195
f 1196 1279 1280
f 1144 281 1143
f 1144 280 281
f 260 1216 1217
f 260 1217 259
f 279 280 1144
f 1197 1279 1196
f 1197 1278 1279
f 1145 279 1144
f 261 1215 1216
f 261 1216 260
f 1198 1277 1278
f 1198 1278 1197
f 278 1145 1146
f 278 279 1145
f 262 1215 261
f 1214 1215 262
f 1213 1214 262
f 1186 1277 1198
f 1186 76 1277
f 1134 278 1146
f 1134 277 278
f 250 1213 262
f 237 1213 250
f 1102 243 244
f 219 1126 1127
f 219 1127 218
f 217 1127 1128
f 217 1128 1129
f 217 218 1127
f 1051 1166 1167
f 1051 1167 1050
f 1103 243 1102
f 1103 241 242
f 1103 242 243
f 1101 1102 244
f 1049 1167 1168
f 1049 1050 1167
f 220 1124 1125
f 220 1125 1126
f 220 1126 219
f 216 1129 1130
f 216 217 1129
f 1104 240 241
f 1104 241 1103
f 1100 244 245
f 1100 245 246
f 1100 1101 244
f 1052 1165 1166
f 1052 1166 1051
f 1048 1168 1169
f 1048 1169 1170
f 1048 1049 1168
f 221 1124 220
f 215 216 1130
f 1105 240 1104
f 1053 1164 1165
f 1053 1165 1052
f 1047 1048 1170
f 1047 1170 1171
f 1099 1100 246
f 222 1123 1124
f 222 1124 221
f 214 1130 1131
f 214 1131 1132
f 214 215 1130
f 1046 1047 1171
f 1106 239 240
f 1106 240 1105
f 1098 1099 246
f 1098 246 247
f 1054 1163 1164
f 1054 1164 1053
f 223 1121 1122
f 223 1122 1123
f 223 1123 222
f 213 214 1132
f 1055 1163 1054
f 1055 1162 1163
f 1107 237 238
f 1107 238 239
f 1107 239 1106
f 1097 1098 247
f 1097 247 248
f 1045 1046 1171
f 1045 1171 1172
f 212 213 1132
f 212 1132 1133
f 212 1133 1161
f 211 1134 1121
f 211 1121 223
f 1096 1097 248
f 1096 248 249
f 1096 249 277
f 1096 277 1134
f 1095 237 1107
f 1043 1162 1055
f 1043 1161 1162
f 224 212 1161
f 1031 1161 1043
f 1031 224 1161
f 1108 211 199
f 1108 1134 211
f 1108 1096 1134
f 1083 1213 237
f 1083 1185 1213
f 1083 237 1095
f 1084 1185 1083
f 1084 1184 1185
f 236 1031 1032
f 236 224 1031
f 1120 1108 199
f 1120 199 200
f 201 1120 200
f 1033 235 236
f 1033 236 1032
f 1119 1120 201
f 1085 1183 1184
f 1085 1184 1084
f 1034 235 1033
f 1034 234 235
f 1118 1119 201
f 1118 201 202
f 1086 1182 1183
f 1086 1183 1085
f 1087 1182 1086
f 1087 1181 1182
f 1035 234 1034
f 233 234 1035
f 1117 1118 202
f 1117 202 203
f 232 233 1035
f 1116 203 204
f 1116 1117 203
f 1088 1181 1087
f 1088 1180 1181
f 1036 232 1035
f 1115 204 205
f 1115 1116 204
f 1089 1180 1088
f 1089 1179 1180
f 1037 232 1036
f 1037 231 232
f 230 231 1037
f 1038 230 1037
f 1114 205 206
f 1114 1115 205
f 1090 1179 1089
f 1090 1178 1179
f 207 1114 206
f 1091 1178 1090
f 1091 1176 1177
f 1091 1177 1178
f 229 230 1038
f 229 1038 1039
f 1113 1114 207
f 1112 207 208
f 1112 1113 207
f 1092 1176 1091
f 1092 1175 1176
f 1040 229 1039
f 1040 228 229
f 1111 208 209
f 1111 1112 208
f 1093 1175 1092
f 1041 227 228
f 1041 228 1040
f 210 1111 209
f 1094 1173 1174
f 1094 1174 1175
f 1094 1175 1093
f 226 1041 1042
f 226 227 1041
f 1110 1111 210
f 32 1252 33
f 32 1044 1045
f 32 1148 1264
f 32 1056 1044
f 32 1160 1148
f 32 1060 1061
f 32 1061 1062
f 32 1264 1252
f 32 1062 1063
f 32 1063 1064
f 32 1064 1065
f 32 1065 1066
f 32 1066 1067
f 32 1067 1068
f 32 1068 1056
f 32 1172 1160
f 32 1045 1172
f 198 1110 210
f 1109 1110 198
f 1082 1173 1094
f 225 1042 1030
f 225 226 1042
f 31 1057 1058
f 31 1058 1059
f 31 1059 1060
f 31 1060 32
f 185 1109 198
f 1029 1057 31
f 999 191 998
f 999 190 191
f 997 998 191
f 997 191 192
f 947 30 946
f 945 946 30
f 167 1022 1023
f 167 1023 166
f 165 1023 1024
f 165 1024 1025
f 165 166 1023
f 1000 190 999
f 1000 189 190
f 996 192 193
f 996 997 192
f 948 30 947
f 944 945 30
f 168 1020 1021
f 168 1021 1022
f 168 1022 167
f 164 1025 1026
f 164 165 1025
f 1001 189 1000
f 1001 188 189
f 949 30 948
f 949 31 30
f 995 996 193
f 995 193 194
f 943 944 30
f 169 1020 168
f 169 1019 1020
f 163 164 1026
f 1002 188 1001
f 1002 187 188
f 994 995 194
f 994 194 195
f 994 195 196
f 950 31 949
f 942 943 30
f 170 1019 169
f 162 1026 1027
f 162 163 1026
f 1003 187 1002
f 1003 186 187
f 993 994 196
f 951 31 950
f 941 942 30
f 171 1018 1019
f 171 1019 170
f 161 1027 1028
f 161 162 1027
f 992 993 196
f 992 196 197
f 991 186 1003
f 991 185 186
f 940 941 30
f 939 31 951
f 160 1028 1029
f 160 1029 31
f 160 161 1028
f 159 1017 1018
f 159 1030 1017
f 159 1018 171
f 159 225 1030
f 172 160 31
f 979 1081 1109
f 979 1109 185
f 979 185 991
f 952 940 30
f 927 31 939
f 927 172 31
f 1004 225 159
f 1004 197 225
f 1004 992 197
f 1004 159 147
f 980 1081 979
f 980 1079 1080
f 980 1080 1081
f 184 927 928
f 184 172 927
f 1016 1004 147
f 1016 147 148
f 964 952 30
f 981 1079 980
f 183 928 929
f 183 184 928
f 149 1015 1016
f 149 1016 148
f 982 1079 981
f 982 1078 1079
f 182 929 930
f 182 183 929
f 150 1014 1015
f 150 1015 149
f 983 1077 1078
f 983 1078 982
f 181 182 930
f 181 930 931
f 151 1014 150
f 1013 1014 151
f 984 1077 983
f 984 1075 1076
f 984 1076 1077
f 932 180 181
f 932 181 931
f 152 1012 1013
f 152 1013 151
f 985 1075 984
f 1011 1012 152
f 933 180 932
f 933 179 180
f 153 1011 152
f 986 1075 985
f 986 1074 1075
f 178 933 934
f 178 179 933
f 1010 1011 153
f 154 1010 153
f 987 1074 986
f 987 1072 1073
f 987 1073 1074
f 177 934 935
f 177 178 934
f 1009 154 155
f 1009 1010 154
f 988 1071 1072
f 988 1072 987
f 936 177 935
f 936 176 177
f 156 1009 155
f 156 1008 1009
f 989 1071 988
f 937 176 936
f 937 175 176
f 157 1008 156
f 157 1007 1008
f 174 937 938
f 174 175 937
f 1006 1007 157
f 1006 157 158
f 926 174 938
f 173 174 926
f 146 1006 158
f 146 1005 1006
f 894 139 140
f 895 138 139
f 895 139 894
f 893 894 140
f 115 917 918
f 115 918 919
f 115 919 114
f 113 919 920
f 113 920 921
f 113 114 919
f 843 959 842
f 843 958 959
f 841 842 959
f 841 959 960
f 841 960 961
f 896 138 895
f 896 136 137
f 896 137 138
f 892 140 141
f 892 141 142
f 892 893 140
f 116 917 115
f 112 113 921
f 844 958 843
f 844 956 957
f 844 957 958
f 840 841 961
f 840 961 962
f 117 916 917
f 117 917 116
f 897 136 896
f 891 142 143
f 891 892 142
f 845 956 844
f 111 921 922
f 111 112 921
f 839 840 962
f 898 136 897
f 898 135 136
f 890 891 143
f 118 915 916
f 118 916 117
f 110 111 922
f 110 922 923
f 846 956 845
f 846 955 956
f 838 839 962
f 838 962 963
f 838 963 964
f 899 134 135
f 899 135 898
f 889 890 143
f 889 143 144
f 119 914 915
f 119 915 118
f 109 923 924
f 109 110 923
f 847 954 955
f 847 955 846
f 837 838 964
f 837 964 30
f 888 144 145
f 888 889 144
f 887 134 899
f 887 133 134
f 108 924 925
f 108 109 924
f 108 925 953
f 107 913 914
f 107 926 913
f 107 914 119
f 835 953 954
f 835 954 847
f 78 977 1005
f 78 146 133
f 78 133 887
f 78 973 974
f 78 974 975
f 78 975 976
f 78 976 977
f 78 1005 146
f 77 76 1186
f 77 973 78
f 77 965 966
f 77 966 967
f 77 967 968
f 77 1069 1070
f 77 968 969
f 77 1070 1071
f 77 969 970
f 77 970 971
f 77 971 972
f 77 972 973
f 77 978 965
f 77 1082 1069
f 77 1186 1173
f 77 989 990
f 77 990 978
f 77 1173 1082
f 77 1071 989
f 120 835 823
f 120 108 953
f 120 953 835
f 900 888 145
f 875 78 887
f 95 173 926
f 95 926 107
f 95 900 145
f 95 145 173
f 876 78 875
f 912 95 96
f 912 900 95
f 824 120 823
f 132 120 824
f 877 78 876
f 97 911 912
f 97 912 96
f 131 824 825
f 131 132 824
f 878 78 877
f 98 910 911
f 98 911 97
f 130 131 825
f 130 825 826
f 879 78 878
f 909 910 98
f 909 98 99
f 827 130 826
f 129 130 827
f 100 909 99
f 100 908 909
f 828 128 129
f 828 129 827
f 127 128 828
f 101 908 100
f 101 907 908
f 829 127 828
f 906 907 101
f 102 906 101
f 830 126 127
f 830 127 829
f 905 102 103
f 905 906 102
f 125 830 831
f 125 126 830
f 124 125 831
f 104 905 103
f 104 904 905
f 832 124 831
f 105 904 104
f 105 903 904
f 833 123 124
f 833 124 832
f 902 105 106
f 902 903 105
f 122 123 833
f 122 833 834
f 94 901 902
f 94 902 106
f 822 121 122
f 822 122 834
f 79 78 879
f 79 879 880
f 79 880 881
f 79 881 882
f 79 882 883
f 79 883 884
f 79 884 885
f 79 885 886
f 79 886 874
f 29 836 837
f 29 848 836
f 29 849 850
f 29 850 851
f 29 851 852
f 29 852 853
f 29 853 854
f 29 854 855
f 29 855 856
f 29 856 857
f 29 857 858
f 29 858 859
f 29 859 860
f 29 860 848
f 29 837 30
f 873 901 94
f 861 79 874
f 93 121 822
f 862 79 861
f 863 79 862
f 791 87 790
f 791 85 86
f 791 86 87
f 789 790 87
f 789 87 88
f 789 88 89
f 23 814 815
f 23 815 22
f 21 815 816
f 21 22 815
f 792 85 791
f 788 789 89
f 24 814 23
f 24 812 813
f 24 813 814
f 20 816 817
f 20 21 816
f 25 812 24
f 793 85 792
f 793 83 84
f 793 84 85
f 19 817 818
f 19 20 817
f 787 788 89
f 787 89 90
f 26 811 812
f 26 812 25
f 794 83 793
f 786 90 91
f 786 787 90
f 18 818 819
f 18 819 820
f 18 19 818
f 27 810 811
f 27 811 26
f 795 83 794
f 795 81 82
f 795 82 83
f 785 786 91
f 785 91 92
f 17 18 820
f 15 809 810
f 15 822 809
f 15 810 27
f 784 785 92
f 784 92 93
f 783 81 795
f 783 94 81
f 16 17 820
f 16 820 821
f 28 849 29
f 28 821 849
f 28 16 821
f 771 873 94
f 771 94 783
f 3 784 93
f 3 93 822
f 3 822 15
f 3 796 784
f 772 873 771
f 772 872 873
f 4 796 3
f 4 808 796
f 773 871 872
f 773 872 772
f 5 808 4
f 5 807 808
f 6 807 5
f 6 806 807
f 774 871 773
f 774 870 871
f 805 6 7
f 805 806 6
f 775 869 870
f 775 870 774
f 776 868 869
f 776 869 775
f 8 805 7
f 8 804 805
f 777 867 868
f 777 868 776
f 9 804 8
f 9 803 804
f 778 865 866
f 778 866 867
f 778 867 777
f 10 803 9
f 10 802 803
f 779 865 778
f 11 802 10
f 11 801 802
f 780 865 779
f 780 864 865
f 12 801 11
f 12 800 801
f 13 800 12
f 13 799 800
f 781 863 864
f 781 79 863
f 781 864 780
f 798 13 14
f 798 799 13
f 782 79 781
f 1 798 14
f 1 797 798
f 2 797 1
f 769 797 2
f 80 79 782
f 80 757 758
f 80 758 759
f 80 759 760
f 80 760 761
f 80 769 2
f 80 761 762
f 80 762 763
f 80 763 764
f 80 764 765
f 80 765 766
f 80 766 767
f 80 767 768
f 80 768 769
f 80 770 757
f 80 782 770
f 35 1784 36
f 1784 1772 36
f 38 41 39
f 40 39 41
f 73 1693 74
f 73 1706 1693
f 1988 36 1987
f 1988 1989 36
f 4383 2257 4382
f 4381 4382 2257
f 4384 2257 4383
f 4380 4381 2257
f 4379 4380 2257
f 4385 2257 4384
f 4386 2257 4385
f 4378 4379 2257
f 4387 2257 4386
f 4377 4378 2257
f 4375 4377 2257
f 4388 2257 4387
f 2258 4375 2257
f 4389 2257 4388
f 4376 4375 2258
f 2259 4376 2258
f 4390 2257 4389
f 2260 4376 2259
f 2260 4426 4376
f 4425 4426 2260
f 4425 2260 2261
f 2262 4425 2261
f 2262 4424 4425
f 4423 4424 2262
f 4423 2262 2263
f 2264 4423 2263
f 2264 4422 4423
f 4421 2264 2265
f 4421 4422 2264
f 2266 4421 2265
f 2266 4420 4421
f 2267 4420 2266
f 4419 4420 2267
f 2268 4419 2267
f 2268 4418 4419
f 4417 2268 2269
f 4417 4418 2268
f 2270 4416 4417
f 2270 4417 2269
f 2271 4416 2270
f 2271 4415 4416
f 2272 4415 2271
f 4278 4394 4395
f 2926 4408 4409
f 4330 2278 2279
f 4279 4394 4278
f 4279 4393 4394
f 2927 4408 2926
f 2927 4407 4408
f 4277 4278 4395
f 4277 4395 4396
f 2925 2926 4409
f 4331 2278 4330
f 4331 2276 2277
f 4331 2277 2278
f 4329 4330 2279
f 4276 4277 4396
f 4276 4396 4397
f 4280 4393 4279
f 2924 2925 4409
f 2924 4409 4410
f 2928 4406 4407
f 2928 4407 2927
f 4332 2276 4331
f 4328 2279 2280
f 4328 4329 2279
f 4275 4276 4397
f 4275 4397 4398
f 4281 4391 4392
f 4281 4392 4393
f 4281 4393 4280
f 2923 2924 4410
f 2923 4410 4411
f 2923 4411 4412
f 2929 4405 4406
f 2929 4406 2928
f 4327 2280 2281
f 4327 4328 2280
f 4333 2275 2276
f 4333 2276 4332
f 4282 4390 4391
f 4282 4391 4281
f 4274 4275 4398
f 4274 4398 4399
f 2930 4405 2929
f 2930 4404 4405
f 2922 2923 4412
f 4334 2274 2275
f 4334 2275 4333
f 4326 4327 2281
f 4326 2281 2282
f 4283 4390 4282
f 2931 4404 2930
f 2931 4403 4404
f 4273 4274 4399
f 4273 4399 4400
f 4335 2274 4334
f 4335 2272 2273
f 4335 2273 2274
f 2921 2922 4412
f 2921 4412 4413
f 4325 4326 2282
f 4325 2282 2283
f 4271 4273 4400
f 4271 4400 4401
f 4271 4401 4402
f 2919 2921 4413
f 2919 4413 4414
f 2919 4414 4415
f 2919 4415 2272
f 2932 4403 2931
f 2932 4402 4403
f 4323 4325 2283
f 4323 2283 2284
f 4323 2284 2285
f 4336 2272 4335
f 4272 4271 4402
f 4337 2920 2919
f 4337 2272 4336
f 4337 2919 2272
f 4324 4323 2285
f 4324 2285 2286
f 2933 4272 4402
f 2933 4402 2932
f 2970 4337 4338
f 2970 2920 4337
f 2934 4272 2933
f 2934 4322 4272
f 4374 4324 2286
f 4339 2969 2970
f 4339 2970 4338
f 2935 4322 2934
f 2935 4321 4322
f 4373 4374 2286
f 4372 4373 2286
f 4340 2968 2969
f 4340 2969 4339
f 2936 4321 2935
f 2936 4320 4321
f 2937 4319 4320
f 2937 4320 2936
f 2967 4340 4341
f 2967 2968 4340
f 4371 4372 2286
f 4342 2966 2967
f 4342 2967 4341
f 4370 4371 2286
f 2938 4318 4319
f 2938 4319 2937
f 2939 4318 2938
f 2939 4317 4318
f 2965 2966 4342
f 2965 4342 4343
f 4369 4370 2286
f 4344 2965 4343
f 4344 2964 2965
f 4368 4369 2286
f 2940 4317 2939
f 2940 4316 4317
f 2941 4316 2940
f 2941 4315 4316
f 2963 4344 4345
f 2963 2964 4344
f 4367 4368 2286
f 4346 2963 4345
f 4346 2962 2963
f 4366 4367 2286
f 2942 4315 2941
f 2942 4314 4315
f 4313 4314 2942
f 2943 4313 2942
f 2961 4346 4347
f 2961 2962 4346
f 4365 4366 2286
f 4312 4313 2943
f 4348 2960 2961
f 4348 2961 4347
f 4364 4365 2286
f 2944 4312 2943
f 2254 2257 4390
f 2254 4390 4283
f 2254 4283 4284
f 2254 4284 4285
f 2254 4285 4286
f 2254 4286 4287
f 2254 4287 4288
f 2254 4288 4289
f 2254 4289 4290
f 2254 4290 4291
f 2254 4291 4292
f 2254 4292 4293
f 2254 4293 4294
f 2945 4311 4312
f 2945 4312 2944
f 2959 2960 4348
f 4349 2959 4348
f 4363 4364 2286
f 2253 4294 4295
f 2253 4295 4296
f 2253 4296 4297
f 2253 2254 4294
f 4350 2959 4349
f 4362 4363 2286
f 4298 2253 4297
f 4361 4362 2286
f 2874 4304 4305
f 2875 4303 4304
f 2875 4304 2874
f 4227 2952 4226
f 4227 2951 2952
f 4225 4226 2952
f 4225 2952 2953
f 2873 2874 4305
f 4173 4174 2252
f 4175 2252 4174
f 4224 2953 2954
f 4224 2954 2955
f 4224 4225 2953
f 4172 4173 2252
f 4228 2950 2951
f 4228 2951 4227
f 2876 4303 2875
f 2876 4302 4303
f 4176 2252 4175
f 2872 2873 4305
f 2872 4305 4306
f 4223 4224 2955
f 2871 4306 4307
f 2871 4307 4308
f 2871 2872 4306
f 2877 4302 2876
f 2877 4300 4301
f 2877 4301 4302
f 4229 2950 4228
f 4229 2949 2950
f 4171 4172 2252
f 4171 2252 2253
f 4177 2252 4176
f 2878 4299 4300
f 2878 4300 2877
f 4230 2949 4229
f 4230 2948 2949
f 4222 2955 2956
f 4222 4223 2955
f 2870 2871 4308
f 2870 4308 4309
f 4178 2252 4177
f 4170 4171 2253
f 2879 4299 2878
f 4231 2946 2947
f 4231 2948 4230
f 4231 2947 2948
f 4169 4170 2253
f 4179 2252 4178
f 2869 2870 4309
f 4221 4222 2956
f 4221 2956 2957
f 4219 2959 4350
f 4219 4221 2957
f 4219 2957 2958
f 4219 2958 2959
f 4232 2946 4231
f 2867 2869 4309
f 2867 4309 4310
f 2867 4310 4311
f 2867 4311 2945
f 2880 2253 4298
f 2880 4299 2879
f 2880 4298 4299
f 4180 2252 4179
f 4167 4169 2253
f 4181 2252 4180
f 2881 2253 2880
f 4220 4219 4350
f 4233 2946 4232
f 4233 2945 2946
f 4233 2867 2945
f 4233 2868 2867
f 4168 4167 2253
f 4168 2253 2881
f 4182 2252 4181
f 2882 4168 2881
f 2882 4218 4168
f 4270 4350 4351
f 4270 4220 4350
f 4234 2868 4233
f 4234 2918 2868
f 4269 4351 4352
f 4269 4270 4351
f 4235 2918 4234
f 4235 2917 2918
f 4217 2882 2883
f 4217 4218 2882
f 4268 4352 4353
f 4268 4269 4352
f 2916 2917 4235
f 4216 2883 2884
f 4216 4217 2883
f 4236 2916 4235
f 4267 4353 4354
f 4267 4268 4353
f 4215 4216 2884
f 4215 2884 2885
f 2915 4236 4237
f 2915 2916 4236
f 4266 4354 4355
f 4266 4267 4354
f 4238 2915 4237
f 4238 2914 2915
f 4214 4215 2885
f 4214 2885 2886
f 4265 4266 4355
f 4265 4355 4356
f 2913 4238 4239
f 2913 2914 4238
f 4213 4214 2886
f 4213 2886 2887
f 4264 4356 4357
f 4264 4265 4356
f 2912 2913 4239
f 4240 2912 4239
f 4212 2887 2888
f 4212 4213 2887
f 2889 4212 2888
f 4263 4357 4358
f 4263 4358 4359
f 4263 4264 4357
f 4211 4212 2889
f 2911 4240 4241
f 2911 2912 4240
f 2890 4211 2889
f 4262 4263 4359
f 4242 2911 4241
f 4242 2910 2911
f 4210 4211 2890
f 4261 4359 4360
f 4261 4262 4359
f 2909 4242 4243
f 2909 2910 4242
f 4209 2890 2891
f 4209 4210 2890
f 4244 2909 4243
f 4244 2908 2909
f 4208 4209 2891
f 4208 2891 2892
f 2907 4244 4245
f 2907 2908 4244
f 4207 4208 2892
f 4207 2892 2893
f 2894 4207 2893
f 4070 4187 4188
f 4122 2899 2900
f 4069 4070 4188
f 4071 4187 4070
f 4071 4186 4187
f 2821 2822 4200
f 2821 4200 4201
f 2823 4200 2822
f 2823 4199 4200
f 4121 4122 2900
f 4121 2900 2901
f 4121 2901 2902
f 4123 2899 4122
f 4068 4188 4189
f 4068 4069 4188
f 4072 4186 4071
f 4072 4185 4186
f 2824 4199 2823
f 2824 4197 4198
f 2824 4198 4199
f 2820 2821 4201
f 2820 4201 4202
f 4120 4121 2902
f 4120 2902 2903
f 4124 2898 2899
f 4124 2899 4123
f 4067 4189 4190
f 4067 4068 4189
f 4073 4185 4072
f 4073 4184 4185
f 2819 2820 4202
f 2819 4202 4203
f 2825 4197 2824
f 4119 4120 2903
f 4125 2898 4124
f 4125 2897 2898
f 4074 4184 4073
f 4074 4183 4184
f 4066 4190 4191
f 4066 4067 4190
f 2826 4197 2825
f 2826 4196 4197
f 2818 4203 4204
f 2818 2819 4203
f 4126 2897 4125
f 4126 2895 2896
f 4126 2896 2897
f 4118 2903 2904
f 4118 2904 2905
f 4118 4119 2903
f 4065 4191 4192
f 4065 4066 4191
f 4075 4183 4074
f 4075 2252 4182
f 4075 4182 4183
f 2817 2818 4204
f 2817 4204 4205
f 2827 4196 2826
f 2827 4195 4196
f 4117 4118 2905
f 4127 2895 4126
f 4076 2252 4075
f 4063 4065 4192
f 4063 4192 4193
f 4063 4193 4194
f 2828 4195 2827
f 2828 4194 4195
f 2815 2817 4205
f 2815 4205 4206
f 2815 4206 4207
f 4128 2895 4127
f 4128 2894 2895
f 4115 4117 2905
f 4115 2905 2906
f 2287 4250 4251
f 2287 4251 4252
f 2287 4252 4253
f 2287 4253 4254
f 2287 4254 4255
f 2287 4255 4256
f 2287 4256 4257
f 2287 4257 4258
f 2287 4258 4259
f 2287 4360 4361
f 2287 4259 4260
f 2287 4260 4261
f 2287 4361 2286
f 2287 4261 4360
f 2288 2907 4245
f 2288 4245 4246
f 2288 4246 4247
f 2288 4247 4248
f 2288 4248 4249
f 2288 4249 4250
f 2288 4250 2287
f 2288 4115 2906
f 2288 2906 2907
f 4077 2252 4076
f 2829 4063 4194
f 2829 4064 4063
f 2829 4194 2828
f 2816 2815 4207
f 2816 4207 2894
f 2816 4128 4129
f 2816 2894 4128
f 4116 4115 2288
f 4114 4064 2829
f 2830 4114 2829
f 4130 2866 2816
f 4130 2816 4129
f 4166 4116 2288
f 2831 4113 4114
f 2831 4114 2830
f 4131 2866 4130
f 2865 2866 4131
f 4165 4166 2288
f 2832 4113 2831
f 2832 4112 4113
f 2864 4131 4132
f 2864 2865 4131
f 4164 4165 2288
f 2833 4112 2832
f 2833 4111 4112
f 4133 2863 2864
f 4133 2864 4132
f 4163 4164 2288
f 2834 4111 2833
f 2834 4110 4111
f 2862 4133 4134
f 2862 2863 4133
f 4109 2834 2835
f 4109 4110 2834
f 2861 4134 4135
f 2861 2862 4134
f 2836 4109 2835
f 2836 4108 4109
f 2860 4135 4136
f 2860 2861 4135
f 2837 4108 2836
f 2837 4107 4108
f 4137 2859 2860
f 4137 2860 4136
f 2838 4107 2837
f 2838 4106 4107
f 2858 4137 4138
f 2858 2859 4137
f 2839 4105 4106
f 2839 4106 2838
f 2857 4138 4139
f 2857 2858 4138
f 2840 4104 4105
f 2840 4105 2839
f 4140 2857 4139
f 4140 2856 2857
f 2855 2856 4140
f 2855 4140 4141
f 2841 4104 2840
f 2841 4103 4104
f 2289 4163 2288
f 2289 4155 4156
f 2289 4156 4157
f 2289 4157 4158
f 2289 4158 4159
f 2289 4159 4160
f 2289 4160 4161
f 2289 4161 4162
f 2289 4162 4163
f 4142 2855 4141
f 4154 4155 2289
f 4153 4154 2289
f 4152 4153 2289
f 4018 2848 2849
f 3966 4082 4083
f 3966 4083 4084
f 4017 4018 2849
f 3965 3966 4084
f 2769 2770 4096
f 2769 4096 4097
f 4019 2847 2848
f 4019 2848 4018
f 3967 4082 3966
f 2771 4096 2770
f 2771 4095 4096
f 4020 2846 2847
f 4020 2847 4019
f 4016 4017 2849
f 4016 2849 2850
f 4016 2850 2851
f 2772 4095 2771
f 2772 4094 4095
f 2768 2769 4097
f 2768 4097 4098
f 3964 3965 4084
f 3964 4084 4085
f 3968 4082 3967
f 3968 4081 4082
f 4015 4016 2851
f 2767 2768 4098
f 2767 4098 4099
f 2767 4099 4100
f 3963 3964 4085
f 3963 4085 4086
f 3963 4086 4087
f 4021 2845 2846
f 4021 2846 4020
f 3969 4081 3968
f 3969 4080 4081
f 2773 4094 2772
f 2773 4093 4094
f 4022 2844 2845
f 4022 2845 4021
f 3970 4080 3969
f 3970 4078 4079
f 3970 4079 4080
f 4014 2851 2852
f 4014 4015 2851
f 2774 4093 2773
f 2774 4092 4093
f 3962 4087 4088
f 3962 3963 4087
f 2766 2767 4100
f 2766 4100 4101
f 4013 4014 2852
f 4013 2852 2853
f 4023 2844 4022
f 4023 2843 2844
f 2775 4092 2774
f 2775 4091 4092
f 2765 2766 4101
f 3961 3962 4088
f 3961 4088 4089
f 3971 4078 3970
f 4024 2842 2843
f 4024 2843 4023
f 4011 2853 2854
f 4011 2854 2855
f 4011 4013 2853
f 2776 4089 4090
f 2776 4090 4091
f 2776 4091 2775
f 3972 2252 4077
f 3972 4077 4078
f 3972 4078 3971
f 3959 3961 4089
f 2763 4103 2841
f 2763 2765 4101
f 2763 4101 4102
f 2763 4102 4103
f 4012 4011 2855
f 4012 2855 4142
f 4025 2841 2842
f 4025 2842 4024
f 3960 2776 2777
f 3960 4089 2776
f 3960 3959 4089
f 2764 2841 4025
f 2764 2763 2841
f 4062 4142 4143
f 4062 4012 4142
f 2778 4010 3960
f 2778 3960 2777
f 4026 2764 4025
f 4026 2814 2764
f 4061 4143 4144
f 4061 4062 4143
f 4009 2778 2779
f 4009 4010 2778
f 2813 2814 4026
f 2813 4026 4027
f 4060 4144 4145
f 4060 4061 4144
f 2780 4009 2779
f 4008 4009 2780
f 2812 2813 4027
f 2812 4027 4028
f 4059 4145 4146
f 4059 4146 4147
f 4059 4060 4145
f 4029 2812 4028
f 4029 2811 2812
f 2781 4008 2780
f 2781 4007 4008
f 4058 4059 4147
f 4006 4007 2781
f 4006 2781 2782
f 2810 2811 4029
f 2810 4029 4030
f 4057 4058 4147
f 4057 4147 4148
f 2783 4006 2782
f 4005 4006 2783
f 2809 4030 4031
f 2809 2810 4030
f 4056 4148 4149
f 4056 4057 4148
f 4032 2809 4031
f 2784 4005 2783
f 4004 4005 2784
f 2808 2809 4032
f 4055 4149 4150
f 4055 4056 4149
f 4033 2808 4032
f 4033 2807 2808
f 2785 4003 4004
f 2785 4004 2784
f 4054 4150 4151
f 4054 4055 4150
f 2806 4033 4034
f 2806 2807 4033
f 4002 4003 2785
f 4002 2785 2786
f 4053 4151 4152
f 4053 4152 2289
f 4053 4054 4151
f 2805 4034 4035
f 2805 2806 4034
f 4001 4002 2786
f 4001 2786 2787
f 4052 4053 2289
f 2804 2805 4035
f 2788 4001 2787
f 2788 4000 4001
f 4036 2804 4035
f 4051 4052 2289
f 2789 4000 2788
f 3999 4000 2789
f 2803 2804 4036
f 4037 2803 4036
f 4050 4051 2289
f 3862 3979 3980
f 3914 2795 2796
f 3861 3862 3980
f 3863 3978 3979
f 3863 3979 3862
f 3913 3914 2796
f 3913 2796 2797
f 2717 2718 3992
f 2717 3992 3993
f 2717 3993 3994
f 3915 2795 3914
f 2719 3992 2718
f 2719 3991 3992
f 3860 3980 3981
f 3860 3861 3980
f 3864 3977 3978
f 3864 3978 3863
f 3912 3913 2797
f 3912 2797 2798
f 3916 2795 3915
f 3916 2794 2795
f 2720 3991 2719
f 2720 3990 3991
f 2716 2717 3994
f 3859 3860 3981
f 3859 3981 3982
f 3911 3912 2798
f 3911 2798 2799
f 3865 3976 3977
f 3865 3977 3864
f 2715 2716 3994
f 2715 3994 3995
f 3917 2794 3916
f 3917 2793 2794
f 2721 3990 2720
f 2721 3989 3990
f 3866 3976 3865
f 3866 3975 3976
f 3858 3982 3983
f 3858 3859 3982
f 3918 2793 3917
f 3918 2792 2793
f 2722 3989 2721
f 2722 3988 3989
f 3910 3911 2799
f 3910 2799 2800
f 3910 2800 2801
f 2714 3995 3996
f 2714 2715 3995
f 3857 3858 3983
f 3857 3983 3984
f 3867 3975 3866
f 3867 3974 3975
f 3919 2792 3918
f 3919 2790 2791
f 3919 2791 2792
f 3909 3910 2801
f 2723 3987 3988
f 2723 3988 2722
f 2713 3996 3997
f 2713 2714 3996
f 3868 3974 3867
f 3868 3973 3974
f 3855 3984 3985
f 3855 3857 3984
f 3920 2790 3919
f 3907 4037 4038
f 3907 2803 4037
f 3907 3909 2801
f 3907 2801 2802
f 3907 2802 2803
f 2724 3986 3987
f 2724 3987 2723
f 2711 3999 2789
f 2711 3997 3998
f 2711 3998 3999
f 2711 2713 3997
f 2725 3985 3986
f 2725 3986 2724
f 3856 3985 2725
f 3856 3855 3985
f 3921 2790 3920
f 3921 2789 2790
f 3908 3907 4038
f 2712 2789 3921
f 2712 2711 2789
f 2726 3856 2725
f 2726 3906 3856
f 3958 4038 4039
f 3958 3908 4038
f 3922 2762 2712
f 3922 2712 3921
f 3905 2726 2727
f 3905 3906 2726
f 3957 4039 4040
f 3957 3958 4039
f 2761 2762 3922
f 2761 3922 3923
f 3904 2727 2728
f 3904 3905 2727
f 3956 4040 4041
f 3956 4041 4042
f 3956 3957 4040
f 3924 2761 3923
f 2760 2761 3924
f 3955 3956 4042
f 2729 3904 2728
f 2729 3903 3904
f 3925 2760 3924
f 3925 2759 2760
f 3902 2729 2730
f 3902 3903 2729
f 3954 3955 4042
f 3954 4042 4043
f 3926 2759 3925
f 2758 2759 3926
f 3901 2730 2731
f 3901 3902 2730
f 3927 2758 3926
f 3953 4043 4044
f 3953 3954 4043
f 2757 2758 3927
f 3900 2731 2732
f 3900 3901 2731
f 3952 4044 4045
f 3952 3953 4044
f 2756 2757 3927
f 2756 3927 3928
f 3951 4045 4046
f 3951 3952 4045
f 2733 3899 3900
f 2733 3900 2732
f 3929 2755 2756
f 3929 2756 3928
f 3898 2733 2734
f 3898 3899 2733
f 3950 4046 4047
f 3950 4047 4048
f 3950 3951 4046
f 2754 3929 3930
f 2754 2755 3929
f 3897 2734 2735
f 3897 3898 2734
f 3949 4048 4049
f 3949 3950 4048
f 2753 3930 3931
f 2753 2754 3930
f 3948 4049 4050
f 3948 3949 4049
f 2736 3897 2735
f 2736 3896 3897
f 3932 2753 3931
f 3932 2752 2753
f 3895 2736 2737
f 3895 3896 2736
f 3947 3948 4050
f 3947 4050 2289
f 2751 3932 3933
f 2751 2752 3932
f 3934 2751 3933
f 3946 3947 2289
f 2665 3888 3889
f 2665 2666 3888
f 2667 3887 3888
f 2667 3888 2666
f 3757 3875 3876
f 3757 3758 3875
f 3759 3874 3875
f 3759 3875 3758
f 3809 2744 2745
f 3809 3810 2744
f 3811 2743 2744
f 3811 2744 3810
f 2668 3887 2667
f 2668 3885 3886
f 2668 3886 3887
f 2664 2665 3889
f 2664 3889 3890
f 3760 3872 3873
f 3760 3873 3874
f 3760 3874 3759
f 3756 3757 3876
f 3756 3876 3877
f 3808 2745 2746
f 3808 3809 2745
f 3812 2741 2742
f 3812 2742 2743
f 3812 2743 3811
f 2663 2664 3890
f 2663 3890 3891
f 3755 3756 3877
f 3755 3877 3878
f 3755 3878 3879
f 2669 3885 2668
f 3761 3872 3760
f 3761 3871 3872
f 3807 3808 2746
f 3807 2746 2747
f 3813 2741 3812
f 2670 3884 3885
f 2670 3885 2669
f 2662 2663 3891
f 2662 3891 3892
f 2662 3892 3893
f 3762 3871 3761
f 3754 3755 3879
f 3814 2739 2740
f 3814 2740 2741
f 3814 2741 3813
f 3806 3807 2747
f 3806 2747 2748
f 2671 3883 3884
f 2671 3884 2670
f 2661 2662 3893
f 3753 3754 3879
f 3753 3879 3880
f 3753 3880 3881
f 3763 3870 3871
f 3763 3871 3762
f 3815 2739 3814
f 3805 2748 2749
f 3805 3806 2748
f 2672 3881 3882
f 2672 3882 3883
f 2672 3883 2671
f 2659 3893 3894
f 2659 3894 3895
f 2659 2661 3893
f 3751 3753 3881
f 3816 2738 2739
f 3816 2739 3815
f 3803 2749 2750
f 3803 2750 2751
f 3803 3805 2749
f 2673 3881 2672
f 3817 2737 2738
f 3817 2738 3816
f 2660 3895 2737
f 2660 2737 3817
f 2660 2659 3895
f 3752 3751 3881
f 3752 3881 2673
f 3804 3803 2751
f 3804 2751 3934
f 2674 3802 3752
f 2674 3752 2673
f 3818 2660 3817
f 3818 2710 2660
f 3854 3934 3935
f 3854 3804 3934
f 3819 2710 3818
f 3819 2709 2710
f 3801 3802 2674
f 3801 2674 2675
f 3853 3935 3936
f 3853 3854 3935
f 2708 2709 3819
f 2708 3819 3820
f 3800 3801 2675
f 3800 2675 2676
f 3852 3936 3937
f 3852 3853 3936
f 2707 2708 3820
f 2677 3800 2676
f 2677 3799 3800
f 3821 2707 3820
f 3851 3937 3938
f 3851 3852 3937
f 2678 3799 2677
f 3822 2706 2707
f 3822 2707 3821
f 3798 3799 2678
f 3850 3938 3939
f 3850 3851 3938
f 2705 2706 3822
f 2705 3822 3823
f 3797 3798 2678
f 3797 2678 2679
f 3849 3939 3940
f 3849 3850 3939
f 3824 2705 3823
f 3824 2704 2705
f 3796 2679 2680
f 3796 3797 2679
f 3848 3940 3941
f 3848 3849 3940
f 2703 2704 3824
f 2681 3796 2680
f 2681 3795 3796
f 3825 2703 3824
f 3847 3941 3942
f 3847 3848 3941
f 2702 2703 3825
f 3826 2702 3825
f 3794 3795 2681
f 3794 2681 2682
f 3846 3942 3943
f 3846 3943 3944
f 3846 3847 3942
f 2701 2702 3826
f 2683 3794 2682
f 3827 2701 3826
f 3793 3794 2683
f 3845 3944 3945
f 3845 3846 3944
f 2684 3793 2683
f 2684 3792 3793
f 3844 3845 3945
f 3828 2701 3827
f 3828 2700 2701
f 2251 3763 3764
f 2251 3764 3765
f 2251 3765 3766
f 2251 3766 3767
f 2251 3868 3869
f 2251 3767 3768
f 2251 3869 3870
f 2251 3768 3769
f 2251 3769 3770
f 2251 3770 3771
f 2251 3771 3772
f 2251 3772 3773
f 2251 3773 3774
f 2251 3973 3868
f 2251 3870 3763
f 3791 3792 2684
f 2685 3791 2684
f 3829 2700 3828
f 3829 2699 2700
f 3843 3945 3946
f 3843 3844 3945
f 2250 3774 3775
f 2250 3775 3776
f 2250 3776 3777
f 2250 2251 3774
f 3778 2250 3777
f 3706 2691 2692
f 2613 2614 3784
f 2613 3784 3785
f 2613 3785 3786
f 3707 2691 3706
f 3705 2692 2693
f 3705 3706 2692
f 2615 3784 2614
f 2615 3783 3784
f 3655 2249 3654
f 3653 3654 2249
f 2616 3783 2615
f 2616 3782 3783
f 2612 2613 3786
f 2612 3786 3787
f 3704 3705 2693
f 3704 2693 2694
f 3704 2694 2695
f 3708 2689 2690
f 3708 2690 2691
f 3708 2691 3707
f 3652 3653 2249
f 3656 2249 3655
f 2611 2612 3787
f 3703 2695 2696
f 3703 3704 2695
f 3651 2249 2250
f 3651 3652 2249
f 2617 3781 3782
f 2617 3782 2616
f 3709 2689 3708
f 3709 2688 2689
f 3657 2249 3656
f 2618 3781 2617
f 2618 3780 3781
f 2610 2611 3787
f 2610 3787 3788
f 2610 3788 3789
f 3710 2687 2688
f 3710 2688 3709
f 3702 3703 2696
f 3658 2249 3657
f 3650 3651 2250
f 2619 3780 2618
f 2619 3779 3780
f 2609 2610 3789
f 3711 2687 3710
f 3701 3702 2696
f 3701 2696 2697
f 3659 2249 3658
f 3649 3650 2250
f 2620 3779 2619
f 2620 3778 3779
f 2620 2250 3778
f 3712 3791 2685
f 3712 2685 2686
f 3712 2686 2687
f 3712 2687 3711
f 2607 2609 3789
f 2607 3789 3790
f 2607 3790 3791
f 3647 3649 2250
f 3660 2249 3659
f 3699 2699 3829
f 3699 3701 2697
f 3699 2697 2698
f 3699 2698 2699
f 3661 2249 3660
f 2621 2250 2620
f 2608 2607 3791
f 3713 3791 3712
f 3713 2608 3791
f 3700 3829 3830
f 3700 3699 3829
f 3648 3647 2250
f 3648 2250 2621
f 3750 3830 3831
f 3750 3700 3830
f 3662 2249 3661
f 2622 3648 2621
f 2622 3698 3648
f 3714 2658 2608
f 3714 2608 3713
f 3749 3750 3831
f 3749 3831 3832
f 3715 2658 3714
f 3715 2657 2658
f 3697 2622 2623
f 3697 3698 2622
f 2656 2657 3715
f 3748 3832 3833
f 3748 3833 3834
f 3748 3749 3832
f 3696 2623 2624
f 3696 3697 2623
f 3747 3748 3834
f 2625 3696 2624
f 2625 3695 3696
f 3717 2655 2656
f 3746 3834 3835
f 3746 3747 3834
f 2654 2655 3717
f 2654 3717 3718
f 3694 2625 2626
f 3694 3695 2625
f 2627 3694 2626
f 3719 2654 3718
f 3719 2653 2654
f 3745 3835 3836
f 3745 3746 3835
f 3693 3694 2627
f 3720 2653 3719
f 2652 2653 3720
f 3744 3836 3837
f 3744 3745 3836
f 3692 2627 2628
f 3692 3693 2627
f 3743 3744 3837
f 3743 3837 3838
f 2629 3692 2628
f 2629 3691 3692
f 3721 2652 3720
f 3721 2651 2652
f 3742 3838 3839
f 3742 3839 3840
f 3742 3743 3838
f 2650 2651 3721
f 2650 3721 3722
f 3690 2629 2630
f 3690 3691 2629
f 2649 2650 3722
f 3741 3742 3840
f 3723 2649 3722
f 3689 2630 2631
f 3689 3690 2630
f 3724 2648 2649
f 3724 2649 3723
f 2632 3689 2631
f 2632 3688 3689
f 2647 2648 3724
f 2647 3724 3725
f 2633 3688 2632
f 3687 3688 2633
f 2634 3687 2633
f 2562 3679 3680
f 3551 3666 3667
f 3551 3667 3550
f 3549 3667 3668
f 3549 3550 3667
f 2561 3680 3681
f 2561 2562 3680
f 2563 3679 2562
f 3601 2640 2641
f 3601 2641 2642
f 3601 3602 2640
f 3603 2639 2640
f 3603 2640 3602
f 3552 3666 3551
f 3552 3664 3665
f 3552 3665 3666
f 3548 3668 3669
f 3548 3669 3670
f 3548 3549 3668
f 2564 3678 3679
f 2564 3679 2563
f 2560 2561 3681
f 2560 3681 3682
f 2560 3682 3683
f 3600 3601 2642
f 3604 2638 2639
f 3604 2639 3603
f 3547 3548 3670
f 3553 3664 3552
f 2559 2560 3683
f 2559 3683 3684
f 2565 3677 3678
f 2565 3678 2564
f 3599 2642 2643
f 3599 3600 2642
f 3605 2637 2638
f 3605 2638 3604
f 3554 3663 3664
f 3554 3664 3553
f 3546 3670 3671
f 3546 3547 3670
f 2566 3676 3677
f 2566 3677 2565
f 2558 2559 3684
f 3606 2636 2637
f 3606 2637 3605
f 3598 2643 2644
f 3598 3599 2643
f 3555 2249 3662
f 3555 3662 3663
f 3555 3663 3554
f 3545 3671 3672
f 3545 3546 3671
f 2567 3674 3675
f 2567 3675 3676
f 2567 3676 2566
f 2557 2558 3684
f 2557 3684 3685
f 3597 2644 2645
f 3597 3598 2644
f 3607 2635 2636
f 3607 2636 3606
f 3556 2249 3555
f 3543 3672 3673
f 3543 3673 3674
f 3543 3545 3672
f 2568 3674 2567
f 3608 2634 2635
f 3608 3687 2634
f 3608 2635 3607
f 2555 3685 3686
f 2555 3686 3687
f 2555 2557 3685
f 3595 2645 2646
f 3595 3597 2645
f 2291 3727 3728
f 2291 3728 3729
f 2291 3729 3730
f 2291 3595 2646
f 2291 2646 2647
f 2291 2647 3725
f 2291 3725 3726
f 2291 3726 3727
f 2290 3730 3731
f 2290 3731 3732
f 2290 3732 3733
f 2290 3733 3734
f 2290 3734 3735
f 2290 3735 3736
f 2290 3736 3737
f 2290 3737 3738
f 2290 3738 3739
f 2290 3840 3841
f 2290 3739 3740
f 2290 3740 3741
f 2290 3841 3842
f 2290 3842 3843
f 2290 3741 3840
f 2290 2291 3730
f 2290 3946 2289
f 2290 3843 3946
f 3557 2249 3556
f 2569 3543 3674
f 2569 3544 3543
f 2569 3674 2568
f 2556 3687 3608
f 2556 2555 3687
f 2556 3608 3609
f 3596 3595 2291
f 2570 3544 2569
f 2570 3594 3544
f 3646 3596 2291
f 3610 2556 3609
f 3610 2606 2556
f 3593 3594 2570
f 2571 3593 2570
f 2605 2606 3610
f 2605 3610 3611
f 3645 3646 2291
f 2572 3593 2571
f 2572 3592 3593
f 2604 2605 3611
f 2604 3611 3612
f 3644 3645 2291
f 3591 3592 2572
f 2573 3591 2572
f 3613 2604 3612
f 3613 2603 2604
f 3643 3644 2291
f 2574 3591 2573
f 2574 3590 3591
f 3614 2603 3613
f 2602 2603 3614
f 2575 3590 2574
f 2575 3589 3590
f 3615 2602 3614
f 3615 2601 2602
f 2576 3588 3589
f 2576 3589 2575
f 2600 3615 3616
f 2600 2601 3615
f 2577 3588 2576
f 2577 3587 3588
f 3617 2600 3616
f 3617 2599 2600
f 2578 3587 2577
f 2578 3586 3587
f 2598 3617 3618
f 2598 2599 3617
f 2579 3586 2578
f 2579 3585 3586
f 2597 2598 3618
f 3619 2597 3618
f 3584 3585 2579
f 2580 3584 2579
f 3620 2597 3619
f 3620 2596 2597
f 2581 3583 3584
f 2581 3584 2580
f 2595 2596 3620
f 2595 3620 3621
f 2292 3635 3636
f 2292 3636 3637
f 2292 3637 3638
f 2292 3638 3639
f 2292 3639 3640
f 2292 3640 3641
f 2292 3641 3642
f 2292 3642 3643
f 2292 3643 2291
f 2582 3583 2581
f 3634 3635 2292
f 3633 3634 2292
f 3632 3633 2292
f 2510 3576 3577
f 3497 3498 2588
f 3497 2588 2589
f 3499 2588 3498
f 3499 2587 2588
f 2511 3576 2510
f 2511 3575 3576
f 2509 2510 3577
f 3447 3562 3563
f 3447 3563 3446
f 3445 3563 3564
f 3445 3446 3563
f 3500 2585 2586
f 3500 2586 2587
f 3500 2587 3499
f 3496 2589 2590
f 3496 3497 2589
f 2512 3574 3575
f 2512 3575 2511
f 2508 3577 3578
f 2508 2509 3577
f 3448 3562 3447
f 3448 3560 3561
f 3448 3561 3562
f 3444 3564 3565
f 3444 3445 3564
f 3495 3496 2590
f 3495 2590 2591
f 3501 2585 3500
f 3501 2584 2585
f 3443 3565 3566
f 3443 3444 3565
f 2507 3578 3579
f 2507 2508 3578
f 3449 3560 3448
f 2513 3574 2512
f 2513 3572 3573
f 2513 3573 3574
f 3502 2583 2584
f 3502 2584 3501
f 3494 3495 2591
f 3494 2591 2592
f 2514 3572 2513
f 2506 3579 3580
f 2506 2507 3579
f 3450 3559 3560
f 3450 3560 3449
f 3442 3566 3567
f 3442 3567 3568
f 3442 3443 3566
f 3493 2592 2593
f 3493 3494 2592
f 3503 2583 3502
f 2515 3572 2514
f 2515 3571 3572
f 2505 3580 3581
f 2505 2506 3580
f 3451 3557 3558
f 3451 3558 3559
f 3451 3559 3450
f 3441 3442 3568
f 3504 2583 3503
f 3504 3583 2582
f 3504 2582 2583
f 3491 3493 2593
f 3491 2593 2594
f 3491 2594 2595
f 3491 2595 3621
f 2516 3571 2515
f 2516 3569 3570
f 2516 3570 3571
f 3452 3557 3451
f 3452 2249 3557
f 3439 3568 3569
f 3439 3441 3568
f 2503 2505 3581
f 2503 3581 3582
f 2503 3582 3583
f 3492 3491 3621
f 3492 3621 3622
f 2504 2503 3583
f 2504 3583 3504
f 2504 3504 3505
f 3440 2516 2517
f 3440 3439 3569
f 3440 3569 2516
f 3542 3492 3622
f 3542 3622 3623
f 2554 2504 3505
f 3506 2554 3505
f 2518 3440 2517
f 2518 3490 3440
f 3541 3542 3623
f 3541 3623 3624
f 3507 2553 2554
f 3507 2554 3506
f 2519 3490 2518
f 3489 3490 2519
f 3540 3541 3624
f 3540 3624 3625
f 3508 2553 3507
f 2552 2553 3508
f 2520 3488 3489
f 2520 3489 2519
f 3539 3540 3625
f 3539 3625 3626
f 3509 2551 2552
f 3509 2552 3508
f 2521 3488 2520
f 2521 3487 3488
f 3538 3626 3627
f 3538 3539 3626
f 3510 2550 2551
f 3510 2551 3509
f 3486 2521 2522
f 3486 3487 2521
f 3537 3627 3628
f 3537 3538 3627
f 3511 2550 3510
f 3511 2549 2550
f 3485 2522 2523
f 3485 3486 2522
f 3536 3628 3629
f 3536 3537 3628
f 2548 2549 3511
f 2548 3511 3512
f 3484 2523 2524
f 3484 3485 2523
f 2547 2548 3512
f 3535 3629 3630
f 3535 3536 3629
f 3513 2547 3512
f 2525 3484 2524
f 2525 3483 3484
f 3534 3630 3631
f 3534 3535 3630
f 3514 2547 3513
f 2546 2547 3514
f 2526 3483 2525
f 2526 3482 3483
f 3533 3631 3632
f 3533 3632 2292
f 3533 3534 3631
f 3515 2545 2546
f 3515 2546 3514
f 3481 2526 2527
f 3481 3482 2526
f 3532 3533 2292
f 3516 2544 2545
f 3516 2545 3515
f 3480 3481 2527
f 2528 3480 2527
f 3531 3532 2292
f 3479 2528 2529
f 3479 3480 2528
f 3517 2543 2544
f 3517 2544 3516
f 3530 3531 2292
f 2530 3479 2529
f 3342 3458 3459
f 2458 3471 3472
f 2458 3472 3473
f 3343 3457 3458
f 3343 3458 3342
f 3341 3459 3460
f 3341 3342 3459
f 2457 2458 3473
f 3393 2536 2537
f 3393 2537 2538
f 3393 3394 2536
f 2459 3471 2458
f 3395 2535 2536
f 3395 2536 3394
f 3344 3456 3457
f 3344 3457 3343
f 3340 3460 3461
f 3340 3341 3460
f 2460 3470 3471
f 2460 3471 2459
f 2456 2457 3473
f 2456 3473 3474
f 2456 3474 3475
f 3396 2534 2535
f 3396 2535 3395
f 3392 3393 2538
f 3339 3340 3461
f 3339 3461 3462
f 3345 3456 3344
f 2455 2456 3475
f 2455 3475 3476
f 3391 2538 2539
f 3391 3392 2538
f 2461 3469 3470
f 2461 3470 2460
f 3397 2533 2534
f 3397 2534 3396
f 3346 3456 3345
f 3346 3455 3456
f 3338 3462 3463
f 3338 3463 3464
f 3338 3339 3462
f 2462 3468 3469
f 2462 3469 2461
f 2454 2455 3476
f 3398 2532 2533
f 3398 2533 3397
f 3390 3391 2539
f 3390 2539 2540
f 3347 3455 3346
f 3347 3454 3455
f 3337 3338 3464
f 2463 3466 3467
f 2463 3467 3468
f 2463 3468 2462
f 2453 2454 3476
f 2453 3476 3477
f 3389 2540 2541
f 3389 3390 2540
f 3399 2531 2532
f 3399 2532 3398
f 3348 3454 3347
f 3348 3453 3454
f 3335 3337 3464
f 3335 3464 3465
f 2464 3466 2463
f 3400 2531 3399
f 3400 2530 2531
f 2451 2453 3477
f 2451 3477 3478
f 2451 3478 3479
f 3387 3389 2541
f 3387 2541 2542
f 3387 2542 2543
f 3336 3335 3465
f 3336 3466 2464
f 3336 3465 3466
f 3336 2464 2465
f 2452 2451 3479
f 2452 2530 3400
f 2452 3400 3401
f 2452 3479 2530
f 3388 3387 2543
f 3388 2543 3517
f 3388 3517 3518
f 2466 3336 2465
f 2466 3386 3336
f 3438 3388 3518
f 3438 3518 3519
f 3402 2452 3401
f 3402 2502 2452
f 3385 2466 2467
f 3385 3386 2466
f 3437 3438 3519
f 3437 3519 3520
f 3437 3520 3521
f 2501 2502 3402
f 2501 3402 3403
f 2468 3384 3385
f 2468 3385 2467
f 3436 3437 3521
f 2500 2501 3403
f 2500 3403 3404
f 3383 3384 2468
f 3435 3436 3521
f 3435 3521 3522
f 2469 3383 2468
f 3405 2499 2500
f 3405 2500 3404
f 2470 3383 2469
f 2470 3382 3383
f 3434 3435 3522
f 3434 3522 3523
f 2498 2499 3405
f 2498 3405 3406
f 3381 2470 2471
f 3381 3382 2470
f 2497 2498 3406
f 2497 3406 3407
f 3433 3434 3523
f 3433 3523 3524
f 3380 3381 2471
f 3380 2471 2472
f 3432 3433 3524
f 3432 3524 3525
f 2496 2497 3407
f 2496 3407 3408
f 2495 2496 3408
f 2473 3380 2472
f 2473 3379 3380
f 3431 3525 3526
f 3431 3432 3525
f 3409 2495 3408
f 3378 3379 2473
f 2474 3378 2473
f 3410 2495 3409
f 3430 3526 3527
f 3430 3527 3528
f 3430 3431 3526
f 2494 2495 3410
f 3377 2474 2475
f 3377 3378 2474
f 2493 2494 3410
f 2493 3410 3411
f 3429 3430 3528
f 3376 3377 2475
f 2492 2493 3411
f 2476 3376 2475
f 3428 3528 3529
f 3428 3529 3530
f 3428 3429 3528
f 3412 2492 3411
f 2477 3375 3376
f 2477 3376 2476
f 3427 3530 2292
f 3427 3428 3530
f 2491 2492 3412
f 2491 3412 3413
f 2405 3368 3369
f 2405 2406 3368
f 3239 3354 3355
f 3239 3355 3238
f 3237 3355 3356
f 3237 3238 3355
f 2407 3366 3367
f 2407 3367 3368
f 2407 3368 2406
f 3289 3290 2484
f 3289 2484 2485
f 3289 2485 2486
f 3291 2484 3290
f 3291 2482 2483
f 3291 2483 2484
f 2408 3366 2407
f 2404 3369 3370
f 2404 2405 3369
f 3240 3354 3239
f 3240 3352 3353
f 3240 3353 3354
f 3236 3356 3357
f 3236 3357 3358
f 3236 3237 3356
f 3292 2482 3291
f 3288 3289 2486
f 3235 3236 3358
f 2403 3370 3371
f 2403 2404 3370
f 3241 3352 3240
f 3241 3351 3352
f 2409 3364 3365
f 2409 3365 3366
f 2409 3366 2408
f 3287 2486 2487
f 3287 3288 2486
f 3293 2482 3292
f 3293 2481 2482
f 3234 3358 3359
f 3234 3235 3358
f 2410 3364 2409
f 2402 2403 3371
f 2402 3371 3372
f 3242 3351 3241
f 3294 2481 3293
f 3294 2479 2480
f 3294 2480 2481
f 3286 3287 2487
f 3286 2487 2488
f 3286 2488 2489
f 3233 3234 3359
f 3233 3359 3360
f 2411 3364 2410
f 2411 3362 3363
f 2411 3363 3364
f 2401 2402 3372
f 2401 3372 3373
f 3243 3351 3242
f 3243 3350 3351
f 3285 3286 2489
f 3295 2479 3294
f 3231 3233 3360
f 3231 3360 3361
f 3231 3361 3362
f 2412 3231 3362
f 2412 3362 2411
f 2399 2401 3373
f 2399 3373 3374
f 2399 3374 3375
f 3296 2479 3295
f 3296 2478 2479
f 3283 3285 2489
f 3283 2489 2490
f 3283 2490 2491
f 3232 3231 2412
f 2413 3232 2412
f 2400 2399 3375
f 2400 2477 2478
f 2400 3375 2477
f 3297 2400 2478
f 3297 2478 3296
f 3284 2491 3413
f 3284 3283 2491
f 3284 3413 3414
f 2414 3282 3232
f 2414 3232 2413
f 3334 3284 3414
f 3334 3414 3415
f 3298 2400 3297
f 3298 2450 2400
f 2415 3282 2414
f 3281 3282 2415
f 3333 3334 3415
f 3333 3415 3416
f 3333 3416 3417
f 3299 2449 2450
f 3299 2450 3298
f 2416 3280 3281
f 2416 3281 2415
f 3332 3333 3417
f 3300 2448 2449
f 3300 2449 3299
f 2417 3279 3280
f 2417 3280 2416
f 3331 3332 3417
f 3331 3417 3418
f 3301 2447 2448
f 3301 2448 3300
f 2446 2447 3301
f 2418 3278 3279
f 2418 3279 2417
f 3330 3331 3418
f 3330 3418 3419
f 3302 2446 3301
f 3277 2418 2419
f 3277 3278 2418
f 3329 3330 3419
f 3329 3419 3420
f 3303 2446 3302
f 3303 2445 2446
f 2420 3277 2419
f 3276 3277 2420
f 3328 3329 3420
f 3328 3420 3421
f 3304 2444 2445
f 3304 2445 3303
f 2443 2444 3304
f 2421 3276 2420
f 2421 3275 3276
f 3327 3328 3421
f 3327 3421 3422
f 3305 2443 3304
f 2442 2443 3305
f 2422 3274 3275
f 2422 3275 2421
f 3326 3327 3422
f 3326 3422 3423
f 3326 3423 3424
f 3306 2442 3305
f 3273 2422 2423
f 3273 3274 2422
f 3325 3326 3424
f 3307 2441 2442
f 3307 2442 3306
f 2440 2441 3307
f 2424 3272 3273
f 2424 3273 2423
f 3324 3424 3425
f 3324 3325 3424
f 3308 2440 3307
f 2248 3243 3244
f 2248 3244 3245
f 2248 3245 3246
f 2248 3246 3247
f 2248 3348 3349
f 2248 3247 3248
f 2248 3349 3350
f 2248 3248 3249
f 2248 3249 3250
f 2248 3452 3453
f 2248 3250 3251
f 2248 3251 3252
f 2248 3252 3253
f 2248 3253 3254
f 2248 2249 3452
f 2248 3453 3348
f 2248 3350 3243
f 3271 3272 2424
f 2439 2440 3308
f 3323 3425 3426
f 3323 3324 3425
f 3309 2439 3308
f 2425 3271 2424
f 2247 2248 3254
f 2247 3254 3255
f 2247 3255 3256
f 2247 3256 3257
f 2426 3271 2425
f 3258 2247 3257
f 3310 2439 3309
f 3186 2431 2432
f 2354 3264 3265
f 3185 2432 2433
f 3185 2433 2434
f 3185 3186 2432
f 3135 2246 3134
f 3133 3134 2246
f 3187 2430 2431
f 3187 2431 3186
f 2355 3262 3263
f 2355 3263 3264
f 2355 3264 2354
f 2353 2354 3265
f 3136 2246 3135
f 3132 3133 2246
f 3188 2430 3187
f 3184 2434 2435
f 3184 3185 2434
f 2356 3262 2355
f 2352 3265 3266
f 2352 2353 3265
f 3131 3132 2246
f 3131 2246 2247
f 3183 3184 2435
f 3137 2246 3136
f 3189 2429 2430
f 3189 2430 3188
f 2351 2352 3266
f 2351 3266 3267
f 2351 3267 3268
f 2357 3261 3262
f 2357 3262 2356
f 3138 2246 3137
f 3130 3131 2247
f 3190 2429 3189
f 3190 2428 2429
f 3182 2435 2436
f 3182 2436 2437
f 3182 3183 2435
f 2358 3260 3261
f 2358 3261 2357
f 2350 2351 3268
f 3181 3182 2437
f 3139 2246 3138
f 3129 3130 2247
f 3191 2427 2428
f 3191 2428 3190
f 2359 3260 2358
f 2359 3258 3259
f 2359 3259 3260
f 2349 3268 3269
f 2349 2350 3268
f 3192 2426 2427
f 3192 2427 3191
f 3140 2246 3139
f 3127 3129 2247
f 3179 2437 2438
f 3179 2438 2439
f 3179 3181 2437
f 2360 3258 2359
f 2360 2247 3258
f 2347 3269 3270
f 2347 3270 3271
f 2347 2349 3269
f 2361 2247 2360
f 3180 2439 3310
f 3180 3179 2439
f 3141 2246 3140
f 3128 2247 2361
f 3128 3127 2247
f 2348 2426 3192
f 2348 3192 3193
f 2348 2347 3271
f 2348 3271 2426
f 3230 3180 3310
f 3230 3310 3311
f 2362 3178 3128
f 2362 3128 2361
f 3142 2246 3141
f 3194 2348 3193
f 3194 2398 2348
f 2363 3178 2362
f 3229 3230 3311
f 3229 3311 3312
f 3229 3312 3313
f 3177 3178 2363
f 2397 3194 3195
f 2397 2398 3194
f 3176 3177 2363
f 2364 3176 2363
f 3228 3229 3313
f 2396 2397 3195
f 2396 3195 3196
f 3227 3313 3314
f 3227 3228 3313
f 2365 3176 2364
f 2365 3175 3176
f 3197 2396 3196
f 3197 2395 2396
f 2366 3175 2365
f 3174 3175 2366
f 3226 3227 3314
f 3226 3314 3315
f 2394 2395 3197
f 2394 3197 3198
f 3173 2366 2367
f 3173 3174 2366
f 3225 3226 3315
f 3225 3315 3316
f 2393 2394 3198
f 2393 3198 3199
f 3224 3225 3316
f 3224 3316 3317
f 3172 3173 2367
f 3172 2367 2368
f 2392 2393 3199
f 2392 3199 3200
f 3223 3224 3317
f 3223 3317 3318
f 2369 3171 3172
f 2369 3172 2368
f 3201 2392 3200
f 3201 2391 2392
f 2370 3171 2369
f 2370 3170 3171
f 3222 3223 3318
f 3222 3318 3319
f 3202 2391 3201
f 2390 2391 3202
f 3169 2370 2371
f 3169 3170 2370
f 3221 3222 3319
f 3221 3319 3320
f 3203 2390 3202
f 2389 2390 3203
f 3168 3169 2371
f 2388 2389 3203
f 2372 3168 2371
f 3204 2388 3203
f 2373 3168 2372
f 2373 3167 3168
f 2387 2388 3204
f 2387 3204 3205
f 3082 2380 2381
f 2302 3159 3160
f 3081 3082 2381
f 3083 2380 3082
f 3083 2378 2379
f 3083 2379 2380
f 3031 3145 3146
f 3031 3146 3147
f 3031 3147 3030
f 3029 3147 3148
f 3029 3030 3147
f 2303 3159 2302
f 2301 3160 3161
f 2301 3161 3162
f 2301 2302 3160
f 3084 2378 3083
f 3084 2377 2378
f 3080 3081 2381
f 3080 2381 2382
f 3080 2382 2383
f 3032 3145 3031
f 3028 3148 3149
f 3028 3029 3148
f 2304 3159 2303
f 2304 3158 3159
f 2300 2301 3162
f 3079 3080 2383
f 3079 2383 2384
f 3027 3028 3149
f 3027 3149 3150
f 3085 2377 3084
f 3033 3144 3145
f 3033 3145 3032
f 2299 3162 3163
f 2299 3163 3164
f 2299 2300 3162
f 2305 3157 3158
f 2305 3158 2304
f 3086 2377 3085
f 3086 2375 2376
f 3086 2376 2377
f 3078 3079 2384
f 3034 3143 3144
f 3034 3144 3033
f 3026 3150 3151
f 3026 3151 3152
f 3026 3027 3150
f 2306 3155 3156
f 2306 3156 3157
f 2306 3157 2305
f 2298 2299 3164
f 3077 3078 2384
f 3077 2384 2385
f 3087 2375 3086
f 3035 3142 3143
f 3035 3143 3034
f 3035 2246 3142
f 3025 3152 3153
f 3025 3026 3152
f 2307 3155 2306
f 2297 3164 3165
f 2297 2298 3164
f 3075 3077 2385
f 3075 2385 2386
f 3023 3025 3153
f 3023 3153 3154
f 2308 3154 3155
f 2308 3155 2307
f 3088 2375 3087
f 3088 2373 2374
f 3088 2374 2375
f 3088 3167 2373
f 2295 3165 3166
f 2295 3166 3167
f 2295 2297 3165
f 2294 3075 2386
f 2294 2386 2387
f 2294 3205 3206
f 2294 3206 3207
f 2294 3207 3208
f 2294 3208 3209
f 2294 3209 3210
f 2294 2387 3205
f 2293 3426 3427
f 2293 3323 3426
f 2293 3427 2292
f 2293 2294 3210
f 2293 3210 3211
f 2293 3211 3212
f 2293 3212 3213
f 2293 3213 3214
f 2293 3214 3215
f 2293 3215 3216
f 2293 3216 3217
f 2293 3217 3218
f 2293 3218 3219
f 2293 3320 3321
f 2293 3219 3220
f 2293 3221 3320
f 2293 3220 3221
f 2293 3321 3322
f 2293 3322 3323
f 3089 3167 3088
f 3089 2295 3167
f 3076 3075 2294
f 3024 3023 3154
f 3024 3154 2308
f 3024 2308 2309
f 2296 2295 3089
f 3126 3076 2294
f 2310 3074 3024
f 2310 3024 2309
f 3090 2346 2296
f 3090 2296 3089
f 3125 3126 2294
f 3073 3074 2310
f 3073 2310 2311
f 2345 3090 3091
f 2345 2346 3090
f 3124 3125 2294
f 3072 3073 2311
f 2312 3072 2311
f 2344 3091 3092
f 2344 2345 3091
f 3123 3124 2294
f 2313 3072 2312
f 2313 3071 3072
f 3093 2344 3092
f 3093 2343 2344
f 2314 3071 2313
f 2314 3070 3071
f 2342 2343 3093
f 2342 3093 3094
f 2315 3070 2314
f 3069 3070 2315
f 2341 2342 3094
f 2341 3094 3095
f 3096 2341 3095
f 2316 3069 2315
f 3068 3069 2316
f 2340 2341 3096
f 3067 3068 2316
f 2317 3067 2316
f 3097 2339 2340
f 3097 2340 3096
f 3098 2339 3097
f 2318 3066 3067
f 2318 3067 2317
f 2338 2339 3098
f 3099 2338 3098
f 3099 2337 2338
f 3065 2318 2319
f 3065 3066 2318
f 2336 2337 3099
f 3100 2336 3099
f 2320 3065 2319
f 2320 3064 3065
f 2321 3064 2320
f 3063 3064 2321
f 2335 3100 3101
f 2335 2336 3100
f 2213 3121 3122
f 2213 3122 3123
f 2213 3123 2294
f 2213 3115 3116
f 2213 3116 3117
f 2213 3117 3118
f 2213 3118 3119
f 2213 3119 3120
f 2213 3120 3121
f 2243 3035 3036
f 2243 3036 3037
f 2243 3037 3038
f 2243 3038 3039
f 2243 3039 3040
f 2243 3040 3041
f 2243 3041 3042
f 2243 3042 3043
f 2243 3043 3044
f 2243 3044 3045
f 2243 3045 3046
f 2243 3046 3047
f 2243 3047 3048
f 2243 3048 3049
f 2243 2246 3035
f 3114 3115 2213
f 3113 3114 2213
f 3112 3113 2213
f 2978 2327 2328
f 2234 3056 3057
f 2234 2235 3056
f 2236 3055 3056
f 2236 3056 2235
f 2977 2328 2329
f 2977 2978 2328
f 2979 2327 2978
f 2237 3054 3055
f 2237 3055 2236
f 2233 2234 3057
f 2233 3057 3058
f 2980 2327 2979
f 2980 2326 2327
f 2976 2329 2330
f 2976 2977 2329
f 2232 3058 3059
f 2232 2233 3058
f 2238 3054 2237
f 2238 3053 3054
f 2975 2330 2331
f 2975 2976 2330
f 2981 2325 2326
f 2981 2326 2980
f 2239 3053 2238
f 2239 3052 3053
f 2231 3059 3060
f 2231 2232 3059
f 2982 2324 2325
f 2982 2325 2981
f 2974 2331 2332
f 2974 2975 2331
f 2240 3051 3052
f 2240 3052 2239
f 2230 3060 3061
f 2230 2231 3060
f 2973 2332 2333
f 2973 2974 2332
f 2983 2323 2324
f 2983 2324 2982
f 2984 2321 2322
f 2984 2322 2323
f 2984 2323 2983
f 2241 3050 3051
f 2241 3051 2240
f 2229 3061 3062
f 2229 3062 3063
f 2229 2230 3061
f 2971 2333 2334
f 2971 2334 2335
f 2971 2973 2333
f 2242 3049 3050
f 2242 2243 3049
f 2242 3050 2241
f 2228 2321 2984
f 2228 2984 2985
f 2228 2229 3063
f 2228 3063 2321
f 2972 2335 3101
f 2972 2971 2335
f 2972 3101 3102
f 3022 2972 3102
f 3022 3102 3103
f 3022 3103 3104
f 2986 2227 2228
f 2986 2228 2985
f 2226 2986 2987
f 2226 2227 2986
f 3021 3022 3104
f 2225 2987 2988
f 2225 2226 2987
f 3020 3021 3104
f 3020 3104 3105
f 3019 3020 3105
f 3019 3105 3106
f 2989 2224 2225
f 2989 2225 2988
f 2223 2989 2990
f 2223 2224 2989
f 3018 3106 3107
f 3018 3019 3106
f 2222 2223 2990
f 2222 2990 2991
f 3017 3018 3107
f 3017 3107 3108
f 2992 2222 2991
f 2221 2222 2992
f 3016 3017 3108
f 3016 3108 3109
f 2220 2221 2992
f 3015 3016 3109
f 3015 3109 3110
f 2993 2220 2992
f 2994 2220 2993
f 2219 2220 2994
f 3014 3015 3110
f 3014 3110 3111
f 3014 3111 3112
f 2995 2218 2219
f 2995 2219 2994
f 3013 3112 2213
f 3013 3014 3112
f 2996 2218 2995
f 2996 2217 2218
f 3012 3013 2213
f 2997 2216 2217
f 2997 2217 2996
f 2215 2216 2997
f 2998 2215 2997
f 2214 3012 2213
f 2214 2215 2998
f 2214 2998 2999
f 2214 2999 3000
f 2214 3000 3001
f 2214 3001 3002
f 2214 3002 3003
f 2214 3003 3004
f 2214 3004 3005
f 2214 3005 3006
f 2214 3006 3007
f 2214 3007 3008
f 2214 3008 3009
f 2214 3009 3010
f 2214 3010 3011
f 2214 3011 3012
f 2244 2245 2243
f 2245 2246 2243
f 2251 2252 3972
f 2251 3972 3973
f 2254 2255 2257
f 2256 2257 2255
f 3715 3716 2656
f 2656 3716 3717
f 2241 16 28
f 2241 28 2242
f 2284 57 69
f 2284 69 2285
f 2213 79 80
f 2213 80 2214
f 4564 4565 4478
f 4566 4478 4565
f 4567 4478 4566
f 4567 4479 4478
f 4563 4564 4478
f 4568 4479 4567
f 4562 4563 4478
f 4561 4562 4478
f 4569 4479 4568
f 4560 4561 4478
f 4570 4479 4569
f 4558 4479 4570
f 4559 4560 4478
f 4546 4479 4558
f 4546 4427 4479
f 4571 4559 4478
f 4428 4427 4546
f 4583 4571 4478
f 4440 4428 4546
f 4547 4440 4546
f 4582 4583 4478
f 4548 4439 4440
f 4548 4440 4547
f 4549 4439 4548
f 4438 4439 4549
f 4437 4438 4549
f 4550 4437 4549
f 4436 4550 4551
f 4436 4437 4550
f 4552 4435 4436
f 4552 4436 4551
f 4553 4435 4552
f 4434 4435 4553
f 4554 4433 4434
f 4554 4434 4553
f 4432 4554 4555
f 4432 4433 4554
f 4431 4555 4556
f 4431 4432 4555
f 4557 4431 4556
f 4430 4431 4557
f 4429 4557 4545
f 4429 4430 4557
f 4532 4429 4545
f 6592 4538 4539
f 6592 6593 4538
f 4512 4448 4449
f 4512 4513 4448
f 4668 4578 4579
f 4668 4579 4580
f 4668 4669 4578
f 6594 4537 4538
f 6594 4538 6593
f 4514 4447 4448
f 4514 4448 4513
f 4670 4577 4578
f 4670 4578 4669
f 6595 4536 4537
f 6595 4537 6594
f 4667 4668 4580
f 6591 4539 4540
f 6591 4540 4541
f 6591 6592 4539
f 4511 4449 4450
f 4511 4450 4451
f 4511 4512 4449
f 4671 4575 4576
f 4671 4576 4577
f 4671 4577 4670
f 4515 4446 4447
f 4515 4447 4514
f 6596 4535 4536
f 6596 4536 6595
f 4516 4444 4445
f 4516 4445 4446
f 4516 4446 4515
f 4672 4575 4671
f 6590 6591 4541
f 4666 4580 4581
f 4666 4581 4582
f 4666 4667 4580
f 4510 4511 4451
f 6597 4534 4535
f 6597 4535 6596
f 6589 4541 4542
f 6589 6590 4541
f 4665 4582 4478
f 4665 4666 4582
f 4509 4451 4452
f 4509 4510 4451
f 4673 4574 4575
f 4673 4575 4672
f 4517 4444 4516
f 4508 4452 4453
f 4508 4509 4452
f 4664 4665 4478
f 6588 6589 4542
f 6588 4542 4543
f 6588 4543 4544
f 4518 4443 4444
f 4518 4444 4517
f 6598 4533 4534
f 6598 4534 6597
f 4674 4573 4574
f 4674 4574 4673
f 6586 4429 4532
f 6586 4532 4533
f 6586 4533 6598
f 4662 4572 4573
f 4662 4544 4572
f 4662 4573 4674
f 4506 4443 4518
f 4506 4442 4443
f 4506 4454 4442
f 4507 4508 4453
f 4507 4453 4441
f 6587 6588 4544
f 4663 4664 4478
f 6574 4441 4429
f 6574 4429 6586
f 4494 4455 4454
f 4494 4454 4506
f 6599 6587 4544
f 6599 4544 4662
f 4519 4507 4441
f 4519 4441 6574
f 4650 6599 4662
f 4675 4663 4478
f 4531 4519 6574
f 6575 4531 6574
f 4651 6599 4650
f 4651 6611 6599
f 4495 4455 4494
f 6576 4531 6575
f 4530 4531 6576
f 4652 6611 4651
f 4652 6610 6611
f 4496 4455 4495
f 4497 4456 4455
f 4497 4455 4496
f 4653 6610 4652
f 4529 6576 6577
f 4529 4530 6576
f 6609 6610 4653
f 6578 4528 4529
f 6578 4529 6577
f 4654 6608 6609
f 4654 6609 4653
f 4498 4456 4497
f 4499 4456 4498
f 6607 4654 4655
f 6607 6608 4654
f 4527 6578 6579
f 4527 4528 6578
f 4656 6607 4655
f 4656 6606 6607
f 6580 4527 6579
f 6580 4526 4527
f 4500 4456 4499
f 6581 4526 6580
f 4501 4456 4500
f 6605 6606 4656
f 6605 4656 4657
f 4525 4526 6581
f 6604 6605 4657
f 4658 6604 4657
f 4502 4456 4501
f 6582 4525 6581
f 6582 4524 4525
f 4503 4456 4502
f 6603 4658 4659
f 6603 6604 4658
f 4523 6582 6583
f 4523 4524 6582
f 6584 4523 6583
f 6584 4522 4523
f 4504 4456 4503
f 6602 4659 4660
f 6602 6603 4659
f 6585 4522 6584
f 6585 4521 4522
f 4661 6601 6602
f 4661 6602 4660
f 4505 4456 4504
f 4493 4456 4505
f 4520 6585 6573
f 4520 4521 6585
f 6600 4661 4649
f 6600 6601 4661
f 6560 4520 6573
f 4480 4456 4493
f 4481 4456 4480
f 6645 4642 4643
f 4617 6565 6566
f 4773 4682 4683
f 6644 6645 4643
f 4616 6566 6567
f 4616 6567 6568
f 4616 4617 6566
f 6646 4641 4642
f 6646 4642 6645
f 4618 6564 6565
f 4618 6565 4617
f 4772 4773 4683
f 4774 4682 4773
f 4774 4681 4682
f 6643 4643 4644
f 6643 4644 4645
f 6643 6644 4643
f 4615 4616 6568
f 4619 6564 4618
f 6647 4640 4641
f 6647 4641 6646
f 4775 4681 4774
f 4775 4680 4681
f 4771 4772 4683
f 4771 4683 4684
f 6648 4639 4640
f 6648 4640 6647
f 4620 6562 6563
f 4620 6563 6564
f 4620 6564 4619
f 6642 6643 4645
f 4614 6568 6569
f 4614 4615 6568
f 4776 4680 4775
f 4776 4679 4680
f 4770 4684 4685
f 4770 4771 4684
f 6649 4637 4638
f 6649 4638 4639
f 6649 4639 6648
f 6641 4645 4646
f 6641 6642 4645
f 4613 6569 6570
f 4613 6570 6571
f 4613 4614 6569
f 4621 6562 4620
f 4769 4685 4686
f 4769 4686 4687
f 4769 4770 4685
f 4777 4678 4679
f 4777 4679 4776
f 6640 4646 4647
f 6640 6641 4646
f 4612 6571 6572
f 4612 4613 6571
f 6650 4637 6649
f 4622 6561 6562
f 4622 6562 4621
f 4768 4769 4687
f 4778 4678 4777
f 4778 4677 4678
f 6638 4636 4637
f 6638 4637 6650
f 6638 4649 4636
f 6638 6600 4649
f 4610 4492 4520
f 4610 6560 6561
f 4610 4520 6560
f 4610 6561 4622
f 4611 4612 6572
f 4611 6600 6638
f 4611 6572 6600
f 6639 6640 4647
f 6639 4647 4648
f 4766 4677 4778
f 4766 4676 4677
f 4767 4768 4687
f 4767 4675 4478
f 4767 4687 4675
f 4754 4676 4766
f 6651 4676 4754
f 6651 6639 4648
f 6651 4648 4676
f 4623 6638 6626
f 4623 4611 6638
f 4598 4492 4610
f 4599 4492 4598
f 4599 4490 4491
f 4599 4491 4492
f 4635 4623 6626
f 4635 6626 6627
f 4755 6663 6651
f 4755 6651 4754
f 6628 4635 6627
f 4600 4489 4490
f 4600 4490 4599
f 4634 4635 6628
f 4756 6662 6663
f 4756 6663 4755
f 4601 4489 4600
f 4757 6662 4756
f 4633 6628 6629
f 4633 4634 6628
f 6661 6662 4757
f 6660 6661 4757
f 6630 4632 4633
f 6630 4633 6629
f 4602 4489 4601
f 4602 4488 4489
f 4758 6660 4757
f 4603 4488 4602
f 4603 4487 4488
f 6659 6660 4758
f 6659 4758 4759
f 4631 6630 6631
f 4631 4632 6630
f 6632 4631 6631
f 6658 6659 4759
f 4630 4631 6632
f 4604 4487 4603
f 4604 4485 4486
f 4604 4486 4487
f 4760 6658 4759
f 4605 4485 4604
f 4605 4484 4485
f 4629 4630 6632
f 4629 6632 6633
f 6657 4760 4761
f 6657 6658 4760
f 4628 4629 6633
f 4628 6633 6634
f 4606 4484 4605
f 6656 6657 4761
f 4762 6656 4761
f 4607 4484 4606
f 4607 4482 4483
f 4607 4483 4484
f 4627 4628 6634
f 4627 6634 6635
f 6655 4762 4763
f 6655 6656 4762
f 4608 4482 4607
f 4626 4627 6635
f 4626 6635 6636
f 6654 6655 4763
f 6654 4763 4764
f 4609 4456 4481
f 4609 4481 4482
f 4609 4482 4608
f 4625 4626 6636
f 4625 6636 6637
f 4765 6653 6654
f 4765 6654 4764
f 4597 4456 4609
f 4624 4625 6637
f 4624 6637 6625
f 4753 6652 6653
f 4753 6653 4765
f 6612 4624 6625
f 4584 4456 4597
f 4877 4786 4787
f 4720 4721 6618
f 4720 6618 6619
f 4720 6619 6620
f 6696 4746 4747
f 6696 4747 4748
f 6696 6697 4746
f 4876 4877 4787
f 4878 4785 4786
f 4878 4786 4877
f 6698 4744 4745
f 6698 4745 4746
f 6698 4746 6697
f 4722 6618 4721
f 4722 6616 6617
f 4722 6617 6618
f 4879 4784 4785
f 4879 4785 4878
f 4875 4787 4788
f 4875 4788 4789
f 4875 4876 4787
f 4719 4720 6620
f 4719 6620 6621
f 6695 6696 4748
f 6699 4744 6698
f 4723 6616 4722
f 4880 4784 4879
f 4880 4782 4783
f 4880 4783 4784
f 4724 6616 4723
f 4724 6615 6616
f 6700 4743 4744
f 6700 4744 6699
f 4874 4875 4789
f 6694 4748 4749
f 6694 6695 4748
f 4718 4719 6621
f 6701 4742 4743
f 6701 4743 6700
f 4873 4789 4790
f 4873 4874 4789
f 4717 4718 6621
f 4717 6621 6622
f 6693 6694 4749
f 6693 4749 4750
f 6693 4750 4751
f 4881 4781 4782
f 4881 4782 4880
f 4725 6613 6614
f 4725 6614 6615
f 4725 6615 4724
f 4872 4873 4790
f 4872 4790 4791
f 4716 4717 6622
f 4716 6622 6623
f 4716 6623 6624
f 6692 6693 4751
f 6692 4751 4752
f 4882 4781 4881
f 6702 4741 4742
f 6702 4742 6701
f 4726 6613 4725
f 4870 4781 4882
f 4870 4780 4781
f 4714 4596 4624
f 4714 6613 4726
f 4714 6612 6613
f 4714 4624 6612
f 6690 4740 4741
f 6690 4741 6702
f 4871 4872 4791
f 4871 4791 4779
f 4715 6624 6652
f 4715 4716 6624
f 4715 4753 4740
f 4715 6652 4753
f 6691 6692 4752
f 6691 4780 4870
f 6691 4752 4780
f 6703 4870 4858
f 6703 6691 4870
f 6678 4740 6690
f 4702 4596 4714
f 4727 4740 6678
f 4727 4715 4740
f 6715 4858 4859
f 6715 6703 4858
f 4739 6678 6679
f 4739 4727 6678
f 4703 4596 4702
f 4703 4595 4596
f 4738 6679 6680
f 4738 4739 6679
f 4860 6715 4859
f 4860 6714 6715
f 4704 4594 4595
f 4704 4595 4703
f 4705 4592 4593
f 4705 4593 4594
f 4705 4594 4704
f 4737 6680 6681
f 4737 4738 6680
f 6713 4860 4861
f 6713 6714 4860
f 6712 6713 4861
f 4736 4737 6681
f 4862 6712 4861
f 6682 4736 6681
f 4706 4592 4705
f 4863 6712 4862
f 4707 4591 4592
f 4707 4592 4706
f 6711 6712 4863
f 4735 4736 6682
f 4735 6682 6683
f 6710 6711 4863
f 4864 6710 4863
f 4708 4591 4707
f 4708 4590 4591
f 6684 4734 4735
f 6684 4735 6683
f 4709 4590 4708
f 4709 4589 4590
f 6709 6710 4864
f 6709 4864 4865
f 4733 4734 6684
f 4733 6684 6685
f 4732 4733 6685
f 4866 6709 4865
f 4866 6708 6709
f 6686 4732 6685
f 4710 4589 4709
f 4710 4588 4589
f 4711 4587 4588
f 4711 4588 4710
f 6687 4732 6686
f 6707 6708 4866
f 6707 4866 4867
f 4731 4732 6687
f 6688 4730 4731
f 6688 4731 6687
f 4712 4586 4587
f 4712 4587 4711
f 6706 4867 4868
f 6706 6707 4867
f 4869 6705 6706
f 4869 6706 4868
f 4729 4730 6688
f 6689 4729 6688
f 4713 4584 4585
f 4713 4585 4586
f 4713 4586 4712
f 4701 4456 4584
f 4701 4584 4713
f 6704 4869 4857
f 6704 6705 4869
f 4728 6689 6677
f 4728 4729 6689
f 4844 6704 4857
f 4825 6670 6671
f 4824 6671 6672
f 4824 4825 6671
f 6748 4850 4851
f 6748 6749 4850
f 4980 4981 4890
f 4980 4890 4891
f 4826 6669 6670
f 4826 6670 4825
f 4982 4890 4981
f 4982 4889 4890
f 6750 4849 4850
f 6750 4850 6749
f 4983 4889 4982
f 4983 4888 4889
f 4979 4980 4891
f 4979 4891 4892
f 4827 6668 6669
f 4827 6669 4826
f 4823 4824 6672
f 6747 4851 4852
f 6747 6748 4851
f 6751 4848 4849
f 6751 4849 6750
f 4984 4886 4887
f 4984 4887 4888
f 4984 4888 4983
f 6752 4846 4847
f 6752 4847 4848
f 6752 4848 6751
f 4828 6667 6668
f 4828 6668 4827
f 4822 6672 6673
f 4822 4823 6672
f 4978 4979 4892
f 4978 4892 4893
f 6746 6747 4852
f 6746 4852 4853
f 6753 4846 6752
f 4977 4893 4894
f 4977 4978 4893
f 4821 4822 6673
f 4821 6673 6674
f 6745 4853 4854
f 6745 4854 4855
f 6745 6746 4853
f 4985 4885 4886
f 4985 4886 4984
f 4829 6666 6667
f 4829 6667 4828
f 4820 6674 6675
f 4820 6675 6676
f 4820 4821 6674
f 6744 6745 4855
f 4830 6666 4829
f 4830 6665 6666
f 4986 4885 4985
f 6754 4846 6753
f 6754 4845 4846
f 4974 4884 4885
f 4974 4885 4986
f 4818 6664 6665
f 4818 6677 6664
f 4818 6665 4830
f 6742 4844 4845
f 6742 6676 6704
f 6742 4845 6754
f 6742 6704 4844
f 4819 4820 6676
f 6743 6744 4855
f 6743 4855 4856
f 6743 4884 4974
f 6743 4856 4884
f 4477 4977 4894
f 4477 4871 4779
f 4477 4975 4976
f 4477 4976 4977
f 4477 4883 4871
f 4477 4894 4895
f 4477 4895 4883
f 4806 4700 4728
f 4806 4728 6677
f 4806 4699 4700
f 4806 6677 4818
f 4831 6676 6742
f 4831 4819 6676
f 6730 4831 6742
f 6755 4974 4962
f 6755 6743 4974
f 4987 4975 4477
f 4963 6755 4962
f 4807 4699 4806
f 4843 4831 6730
f 4843 6730 6731
f 4999 4987 4477
f 6767 6755 4963
f 4842 4843 6731
f 4842 6731 6732
f 4808 4698 4699
f 4808 4699 4807
f 4998 4999 4477
f 6766 4963 4964
f 6766 6767 4963
f 4965 6766 4964
f 6733 4842 6732
f 4809 4696 4697
f 4809 4697 4698
f 4809 4698 4808
f 4841 4842 6733
f 6765 6766 4965
f 4997 4998 4477
f 4966 6765 4965
f 6734 4840 4841
f 6734 4841 6733
f 6764 6765 4966
f 4810 4696 4809
f 4996 4997 4477
f 4811 4695 4696
f 4811 4696 4810
f 4967 6764 4966
f 6735 4840 6734
f 4839 4840 6735
f 6763 6764 4967
f 4995 4996 4477
f 4838 4839 6735
f 6736 4838 6735
f 6762 6763 4967
f 6762 4967 4968
f 4812 4695 4811
f 4812 4694 4695
f 4994 4995 4477
f 4813 4694 4812
f 4813 4693 4694
f 4837 4838 6736
f 4837 6736 6737
f 6761 6762 4968
f 6761 4968 4969
f 4993 4994 4477
f 4814 4693 4813
f 4814 4692 4693
f 6738 4836 4837
f 6738 4837 6737
f 6760 4969 4970
f 6760 6761 4969
f 4992 4993 4477
f 4815 4691 4692
f 4815 4692 4814
f 6739 4836 6738
f 4835 4836 6739
f 6759 4970 4971
f 6759 6760 4970
f 4816 4690 4691
f 4816 4691 4815
f 6740 4834 4835
f 6740 4835 6739
f 6758 4971 4972
f 6758 6759 4971
f 4973 6758 4972
f 4833 4834 6740
f 6741 4833 6740
f 4817 4690 4816
f 4817 4688 4689
f 4817 4689 4690
f 6757 6758 4973
f 4961 6757 4973
f 4805 4688 4817
f 6729 4833 6741
f 4832 4833 6729
f 6756 6757 4961
f 4476 4992 4477
f 4476 4988 4989
f 4476 4989 4990
f 4476 4990 4991
f 4476 4991 4992
f 4960 4988 4476
f 4804 4832 6729
f 4929 6721 6722
f 4929 6722 6723
f 4928 4929 6723
f 4930 6721 4929
f 6800 4954 4955
f 6800 4955 4956
f 6800 6801 4954
f 5084 5085 4475
f 5086 4475 5085
f 6802 4953 4954
f 6802 4954 6801
f 4931 6720 6721
f 4931 6721 4930
f 4927 4928 6723
f 4927 6723 6724
f 6799 6800 4956
f 5083 5084 4475
f 5087 4475 5086
f 5087 4476 4475
f 6803 4951 4952
f 6803 4952 4953
f 6803 4953 6802
f 4932 6720 4931
f 4932 6718 6719
f 4932 6719 6720
f 4926 4927 6724
f 4926 6724 6725
f 5082 5083 4475
f 6804 4951 6803
f 5088 4476 5087
f 6798 6799 4956
f 6798 4956 4957
f 6798 4957 4958
f 4925 4926 6725
f 4925 6725 6726
f 4925 6726 6727
f 4933 6718 4932
f 6805 4950 4951
f 6805 4951 6804
f 5081 5082 4475
f 6797 6798 4958
f 5089 4476 5088
f 4924 4925 6727
f 4924 6727 6728
f 6796 6797 4958
f 6796 4958 4959
f 4934 6718 4933
f 4934 6717 6718
f 5080 5081 4475
f 5090 4476 5089
f 6806 4949 4950
f 6806 4950 6805
f 4922 6716 6717
f 4922 6717 4934
f 4923 4924 6728
f 4923 6728 6756
f 4923 6756 4961
f 5078 4476 5090
f 6794 4948 4949
f 6794 4961 4948
f 6794 4949 6806
f 5079 5080 4475
f 6795 4960 4476
f 6795 4959 4960
f 6795 6796 4959
f 4935 4961 6794
f 4935 4923 4961
f 5066 4476 5078
f 4910 4804 6729
f 4910 6716 4922
f 4910 6729 6716
f 6807 6795 4476
f 6807 4476 5066
f 6782 4935 6794
f 5091 5079 4475
f 4911 4804 4910
f 4911 4803 4804
f 6819 6807 5066
f 5103 5091 4475
f 5067 6819 5066
f 4947 6782 6783
f 4947 4935 6782
f 5102 5103 4475
f 4912 4802 4803
f 4912 4803 4911
f 4946 6783 6784
f 4946 4947 6783
f 5068 6819 5067
f 5068 6818 6819
f 4913 4800 4801
f 4913 4801 4802
f 4913 4802 4912
f 4945 6784 6785
f 4945 4946 6784
f 5069 6818 5068
f 5069 6817 6818
f 4914 4800 4913
f 6786 4945 6785
f 6786 4944 4945
f 5070 6817 5069
f 5070 6816 6817
f 4915 4800 4914
f 4915 4799 4800
f 6787 4944 6786
f 4943 4944 6787
f 6815 6816 5070
f 6815 5070 5071
f 4916 4799 4915
f 4916 4798 4799
f 6788 4942 4943
f 6788 4943 6787
f 5072 6815 5071
f 5072 6814 6815
f 4917 4798 4916
f 4917 4797 4798
f 5073 6814 5072
f 6813 6814 5073
f 4941 4942 6788
f 4941 6788 6789
f 4918 4796 4797
f 4918 4797 4917
f 6812 6813 5073
f 4940 4941 6789
f 5074 6812 5073
f 6790 4940 6789
f 4919 4796 4918
f 4919 4795 4796
f 6791 4940 6790
f 5075 6812 5074
f 6811 6812 5075
f 4939 4940 6791
f 4920 4794 4795
f 4920 4795 4919
f 6792 4938 4939
f 6792 4939 6791
f 6810 5075 5076
f 6810 6811 5075
f 4921 4793 4794
f 4921 4794 4920
f 6793 4937 4938
f 6793 4938 6792
f 5077 6810 5076
f 5077 6809 6810
f 6781 4936 4937
f 6781 4937 6793
f 6808 5077 5065
f 6808 6809 5077
f 5189 5098 5099
f 6853 5057 5058
f 5188 5189 5099
f 5190 5098 5189
f 5190 5097 5098
f 5032 6774 6775
f 5032 5033 6774
f 6852 6853 5058
f 6852 5058 5059
f 5034 6772 6773
f 5034 6773 6774
f 5034 6774 5033
f 6854 5057 6853
f 6855 5056 5057
f 6855 5057 6854
f 5191 5097 5190
f 5191 5095 5096
f 5191 5096 5097
f 5031 5032 6775
f 5031 6775 6776
f 6851 5059 5060
f 6851 6852 5059
f 5187 5188 5099
f 5187 5099 5100
f 5187 5100 5101
f 5035 6772 5034
f 5192 5095 5191
f 5192 5094 5095
f 6856 5055 5056
f 6856 5056 6855
f 5036 6772 5035
f 5036 6770 6771
f 5036 6771 6772
f 6850 6851 5060
f 6850 5060 5061
f 5186 5187 5101
f 5030 6776 6777
f 5030 5031 6776
f 6857 5055 6856
f 6857 5053 5054
f 6857 5054 5055
f 5185 5186 5101
f 5185 5101 5102
f 5185 5102 4475
f 5029 6777 6778
f 5029 5030 6777
f 6849 6850 5061
f 6849 5061 5062
f 5193 5094 5192
f 5037 6770 5036
f 5028 6778 6779
f 5028 5029 6778
f 5184 5185 4475
f 6848 6849 5062
f 6848 5062 5063
f 6848 5063 5064
f 5194 5093 5094
f 5194 5094 5193
f 6858 5053 6857
f 5038 6769 6770
f 5038 6770 5037
f 5182 5092 5093
f 5182 5064 5092
f 5182 5093 5194
f 5183 5184 4475
f 6847 6848 5064
f 6846 5052 5053
f 6846 5065 5052
f 6846 5053 6858
f 5026 6768 6769
f 5026 6769 5038
f 5027 6808 5065
f 5027 6779 6780
f 5027 5065 6846
f 5027 5028 6779
f 5027 6780 6808
f 4457 4793 4921
f 4457 4688 4805
f 4457 4792 4793
f 4457 4896 4897
f 4457 4897 4898
f 4457 4898 4899
f 4457 4899 4900
f 4457 4900 4901
f 4457 4901 4902
f 4457 4902 4903
f 4457 4903 4904
f 4457 4904 4905
f 4457 4805 4792
f 4457 4909 4896
f 4457 4921 4909
f 4458 4908 4936
f 4458 4936 6781
f 4458 6768 5026
f 4458 6781 6768
f 4458 4905 4906
f 4458 4906 4907
f 4458 4907 4908
f 4458 4457 4905
f 6859 6847 5064
f 5039 5027 6846
f 5039 6846 6834
f 5014 4458 5026
f 5170 5064 5182
f 5170 6859 5064
f 5195 5183 4475
f 5171 6859 5170
f 5171 6871 6859
f 6835 5051 5039
f 6835 5039 6834
f 5015 4458 5014
f 6836 5051 6835
f 5050 5051 6836
f 5172 6871 5171
f 5172 6870 6871
f 5016 4458 5015
f 5017 4459 4458
f 5017 4458 5016
f 6869 5172 5173
f 6869 6870 5172
f 5049 5050 6836
f 5049 6836 6837
f 6868 6869 5173
f 5174 6868 5173
f 6838 5048 5049
f 6838 5049 6837
f 5018 4459 5017
f 6867 5174 5175
f 6867 6868 5174
f 5047 5048 6838
f 5047 6838 6839
f 5019 4459 5018
f 5176 6866 6867
f 5176 6867 5175
f 6840 5046 5047
f 6840 5047 6839
f 5020 4459 5019
f 5021 4459 5020
f 5045 5046 6840
f 5045 6840 6841
f 6865 5176 5177
f 6865 6866 5176
f 6842 5044 5045
f 6842 5045 6841
f 5178 6864 6865
f 5178 6865 5177
f 5022 4459 5021
f 5179 6864 5178
f 6863 6864 5179
f 5023 4459 5022
f 5043 5044 6842
f 5043 6842 6843
f 6844 5042 5043
f 6844 5043 6843
f 5024 4459 5023
f 6862 6863 5179
f 6862 5179 5180
f 6861 6862 5180
f 6861 5180 5181
f 6845 5041 5042
f 6845 5042 6844
f 5025 4459 5024
f 5040 5041 6845
f 6833 5040 6845
f 6860 6861 5181
f 6860 5181 5169
f 5013 4459 5025
f 5000 4459 5013
f 5001 4459 5000
f 5293 5202 5203
f 5136 5137 6826
f 5136 6826 6827
f 6904 6905 5162
f 6904 5162 5163
f 6906 5162 6905
f 6906 5161 5162
f 5138 6826 5137
f 5138 6824 6825
f 5138 6825 6826
f 5292 5293 5203
f 5294 5202 5293
f 5294 5201 5202
f 6907 5160 5161
f 6907 5161 6906
f 5135 5136 6827
f 5135 6827 6828
f 6903 5163 5164
f 6903 5164 5165
f 6903 6904 5163
f 5139 6824 5138
f 5295 5201 5294
f 5295 5199 5200
f 5295 5200 5201
f 5291 5292 5203
f 5291 5203 5204
f 5291 5204 5205
f 5140 6824 5139
f 5140 6822 6823
f 5140 6823 6824
f 6908 5160 6907
f 6908 5159 5160
f 6902 6903 5165
f 5134 5135 6828
f 5134 6828 6829
f 5296 5199 5295
f 5296 5198 5199
f 5290 5291 5205
f 6909 5158 5159
f 6909 5159 6908
f 5133 5134 6829
f 5133 6829 6830
f 6901 6902 5165
f 6901 5165 5166
f 5141 6822 5140
f 5289 5290 5205
f 5289 5205 5206
f 5289 5206 5207
f 5297 5198 5296
f 5132 5133 6830
f 5132 6830 6831
f 6900 5166 5167
f 6900 5167 5168
f 6900 6901 5166
f 6910 5157 5158
f 6910 5158 6909
f 5142 6822 5141
f 5142 6821 6822
f 5288 5289 5207
f 5298 5197 5198
f 5298 5198 5297
f 5130 5012 5040
f 5130 6821 5142
f 5130 5040 6833
f 5130 6820 6821
f 5130 6833 6820
f 6899 6900 5168
f 6898 5156 5157
f 6898 5169 5156
f 6898 5157 6910
f 5131 6832 6860
f 5131 6860 5169
f 5131 6831 6832
f 5131 5132 6831
f 5286 5197 5298
f 5286 5196 5197
f 5287 5195 4475
f 5287 5288 5207
f 5287 5207 5195
f 5143 6898 6886
f 5143 5131 5169
f 5143 5169 6898
f 5118 5012 5130
f 6911 6899 5168
f 6911 5196 5286
f 6911 5286 5274
f 6911 5168 5196
f 5119 5012 5118
f 5119 5011 5012
f 5155 6886 6887
f 5155 5143 6886
f 6923 6911 5274
f 6923 5274 5275
f 5120 5011 5119
f 5120 5010 5011
f 5154 5155 6887
f 5154 6887 6888
f 5276 6923 5275
f 5276 6922 6923
f 5121 5010 5120
f 5121 5008 5009
f 5121 5009 5010
f 5277 6922 5276
f 6921 6922 5277
f 5153 6888 6889
f 5153 5154 6888
f 5122 5008 5121
f 6890 5152 5153
f 6890 5153 6889
f 6920 6921 5277
f 5278 6920 5277
f 5123 5008 5122
f 5123 5007 5008
f 5151 6890 6891
f 5151 5152 6890
f 6919 5278 5279
f 6919 6920 5278
f 5124 5007 5123
f 5124 5006 5007
f 5150 6891 6892
f 5150 5151 6891
f 5280 6919 5279
f 5280 6918 6919
f 5125 5006 5124
f 5125 5005 5006
f 5149 6892 6893
f 5149 5150 6892
f 5281 6918 5280
f 6917 6918 5281
f 5126 5004 5005
f 5126 5005 5125
f 5148 6893 6894
f 5148 5149 6893
f 5282 6916 6917
f 5282 6917 5281
f 5127 5004 5126
f 5127 5003 5004
f 5147 5148 6894
f 5147 6894 6895
f 6915 6916 5282
f 6915 5282 5283
f 5128 5003 5127
f 5128 5002 5003
f 5146 6895 6896
f 5146 5147 6895
f 6914 6915 5283
f 6914 5283 5284
f 5129 4459 5001
f 5129 5002 5128
f 5129 5001 5002
f 5145 5146 6896
f 5145 6896 6897
f 6913 6914 5284
f 6913 5284 5285
f 5144 5145 6897
f 6885 5144 6897
f 5117 4459 5129
f 5273 6913 5285
f 5273 6912 6913
f 5104 4459 5117
f 6872 5144 6885
f 5397 5306 5307
f 5396 5397 5307
f 5398 5306 5397
f 5398 5305 5306
f 5240 6878 6879
f 5240 5241 6878
f 6956 5266 5267
f 6956 5267 5268
f 6956 6957 5266
f 6958 5265 5266
f 6958 5266 6957
f 5242 6876 6877
f 5242 6877 6878
f 5242 6878 5241
f 5399 5305 5398
f 5399 5304 5305
f 5395 5396 5307
f 5395 5307 5308
f 6955 6956 5268
f 5243 6876 5242
f 5239 5240 6879
f 5239 6879 6880
f 6959 5264 5265
f 6959 5265 6958
f 5400 5304 5399
f 5400 5302 5303
f 5400 5303 5304
f 5394 5395 5308
f 5394 5308 5309
f 5244 6875 6876
f 5244 6876 5243
f 6960 5264 6959
f 6960 5263 5264
f 6954 5268 5269
f 6954 5269 5270
f 6954 6955 5268
f 5238 6880 6881
f 5238 5239 6880
f 5393 5394 5309
f 5393 5309 5310
f 6961 5262 5263
f 6961 5263 6960
f 5401 5301 5302
f 5401 5302 5400
f 6953 6954 5270
f 5237 6881 6882
f 5237 5238 6881
f 5245 6874 6875
f 5245 6875 5244
f 5392 5310 5311
f 5392 5393 5310
f 6952 5270 5271
f 6952 6953 5270
f 5236 6882 6883
f 5236 5237 6882
f 5402 5301 5401
f 5246 6872 6873
f 5246 6873 6874
f 5246 6874 5245
f 6962 5262 6961
f 6962 5261 5262
f 5390 5301 5402
f 5390 5300 5301
f 5391 5311 5299
f 5391 5392 5311
f 6950 5260 5261
f 6950 5273 5260
f 6950 5261 6962
f 5234 6872 5246
f 5234 5144 6872
f 5235 6912 5273
f 5235 6883 6884
f 5235 5236 6883
f 5235 6884 6912
f 6951 5300 5390
f 6951 5271 5272
f 6951 5272 5300
f 6951 6952 5271
f 5247 5235 5273
f 5247 5273 6950
f 5247 6950 6938
f 5222 5116 5144
f 5222 5144 5234
f 6963 6951 5390
f 6963 5390 5378
f 6975 6963 5378
f 6975 5378 5379
f 6939 5247 6938
f 6939 5259 5247
f 5223 5116 5222
f 5223 5114 5115
f 5223 5115 5116
f 6940 5258 5259
f 6940 5259 6939
f 5380 6975 5379
f 5380 6974 6975
f 5224 5114 5223
f 6973 6974 5380
f 6973 5380 5381
f 5225 5114 5224
f 5225 5112 5113
f 5225 5113 5114
f 5257 5258 6940
f 5257 6940 6941
f 5382 6972 6973
f 5382 6973 5381
f 5226 5112 5225
f 6942 5256 5257
f 6942 5257 6941
f 5255 5256 6942
f 5255 6942 6943
f 5227 5112 5226
f 5227 5111 5112
f 6971 5382 5383
f 6971 6972 5382
f 5254 5255 6943
f 5384 6970 6971
f 5384 6971 5383
f 5228 5110 5111
f 5228 5111 5227
f 6944 5254 6943
f 6945 5253 5254
f 6945 5254 6944
f 6969 5384 5385
f 6969 6970 5384
f 5229 5109 5110
f 5229 5110 5228
f 6968 6969 5385
f 5386 6968 5385
f 6946 5252 5253
f 6946 5253 6945
f 5230 5109 5229
f 5230 5107 5108
f 5230 5108 5109
f 5231 5107 5230
f 6967 6968 5386
f 6967 5386 5387
f 6947 5252 6946
f 5251 5252 6947
f 5232 5107 5231
f 5232 5106 5107
f 6948 5250 5251
f 6948 5251 6947
f 6966 6967 5387
f 6966 5387 5388
f 6965 6966 5388
f 6965 5388 5389
f 5233 5106 5232
f 5233 5104 5105
f 5233 5105 5106
f 6949 5249 5250
f 6949 5250 6948
f 5221 4459 5104
f 5221 5104 5233
f 6937 5248 5249
f 6937 5249 6949
f 6964 5389 5377
f 6964 6965 5389
f 5220 5248 6937
f 5220 6937 6924
f 7009 5369 5370
f 5501 5409 5410
f 5344 6930 6931
f 5344 5345 6930
f 7008 7009 5370
f 7008 5370 5371
f 5500 5501 5410
f 5500 5410 5411
f 5500 5411 5412
f 5346 6929 6930
f 5346 6930 5345
f 7010 5368 5369
f 7010 5369 7009
f 5502 5409 5501
f 5347 6929 5346
f 5347 6927 6928
f 5347 6928 6929
f 5343 6931 6932
f 5343 5344 6931
f 7011 5368 7010
f 7011 5367 5368
f 7007 5371 5372
f 7007 7008 5371
f 5503 5409 5502
f 5503 5408 5409
f 5499 5500 5412
f 5348 6927 5347
f 7012 5367 7011
f 7006 7007 5372
f 7006 5372 5373
f 5342 5343 6932
f 5342 6932 6933
f 5504 5406 5407
f 5504 5407 5408
f 5504 5408 5503
f 5498 5499 5412
f 5498 5412 5413
f 5498 5413 5414
f 7013 5366 5367
f 7013 5367 7012
f 5341 5342 6933
f 5341 6933 6934
f 7005 5373 5374
f 7005 5374 5375
f 7005 7006 5373
f 5497 5498 5414
f 5349 6926 6927
f 5349 6927 5348
f 5505 5406 5504
f 5505 5405 5406
f 5340 6934 6935
f 5340 6935 6936
f 5340 5341 6934
f 7004 7005 5375
f 5350 6926 5349
f 5350 6925 6926
f 7014 5364 5365
f 7014 5365 5366
f 7014 5366 7013
f 5506 5405 5505
f 5338 6925 5350
f 5338 6924 6925
f 5338 5220 6924
f 7002 6964 5377
f 7002 5377 5364
f 7002 5364 7014
f 5494 5405 5506
f 5494 5404 5405
f 5339 6936 6964
f 5339 5340 6936
f 7003 5404 5494
f 7003 5375 5376
f 7003 7004 5375
f 7003 5376 5404
f 4474 5497 5414
f 4474 5495 5496
f 4474 5496 5497
f 4474 5287 4475
f 4474 5299 5287
f 4474 5403 5391
f 4474 5391 5299
f 4474 5414 5415
f 4474 5415 5403
f 5326 5220 5338
f 5326 5219 5220
f 6990 5351 5339
f 6990 5339 6964
f 6990 6964 7002
f 5507 5495 4474
f 5482 7003 5494
f 5482 7015 7003
f 6991 5363 5351
f 6991 5351 6990
f 5327 5219 5326
f 5483 7015 5482
f 5483 7027 7015
f 5519 5507 4474
f 6992 5362 5363
f 6992 5363 6991
f 5328 5219 5327
f 5328 5218 5219
f 5518 5519 4474
f 5484 7027 5483
f 5484 7026 7027
f 5329 5218 5328
f 5329 5216 5217
f 5329 5217 5218
f 5361 5362 6992
f 5361 6992 6993
f 5485 7026 5484
f 5485 7025 7026
f 5517 5518 4474
f 7024 7025 5485
f 5330 5216 5329
f 6994 5360 5361
f 6994 5361 6993
f 5516 5517 4474
f 5486 7024 5485
f 5359 6994 6995
f 5359 5360 6994
f 5331 5216 5330
f 5331 5215 5216
f 7023 5486 5487
f 7023 7024 5486
f 5515 5516 4474
f 5332 5214 5215
f 5332 5215 5331
f 6996 5358 5359
f 6996 5359 6995
f 5488 7022 7023
f 5488 7023 5487
f 5514 5515 4474
f 5333 5214 5332
f 5333 5213 5214
f 6997 5358 6996
f 6997 5357 5358
f 7021 7022 5488
f 7021 5488 5489
f 5513 5514 4474
f 5356 5357 6997
f 7020 7021 5489
f 5334 5211 5212
f 5334 5212 5213
f 5334 5213 5333
f 6998 5356 6997
f 5512 5513 4474
f 5490 7020 5489
f 5335 5211 5334
f 6999 5356 6998
f 5355 5356 6999
f 7019 7020 5490
f 7019 5490 5491
f 5336 5211 5335
f 5336 5210 5211
f 7000 5354 5355
f 7000 5355 6999
f 5492 7019 5491
f 7018 7019 5492
f 5337 5210 5336
f 5337 5208 5209
f 5337 5209 5210
f 7001 5354 7000
f 7001 5353 5354
f 5493 7018 5492
f 5493 7017 7018
f 5325 5208 5337
f 6989 5352 5353
f 6989 5353 7001
f 7016 5493 5481
f 7016 7017 5493
f 4473 5512 4474
f 4473 5508 5509
f 4473 5509 5510
f 4473 5510 5511
f 4473 5511 5512
f 5324 5352 6989
f 6988 7016 5481
f 5480 5508 4473
f 5468 6988 5481
f 5449 6981 6982
f 5448 5449 6982
f 5448 6982 6983
f 7062 5474 7061
f 7062 5472 5473
f 7062 5473 5474
f 7060 7061 5474
f 7060 5474 5475
f 7060 5475 5476
f 5450 6981 5449
f 5606 4472 5605
f 5604 5605 4472
f 5447 5448 6983
f 5447 6983 6984
f 7059 7060 5476
f 7059 5476 5477
f 7063 5472 7062
f 5607 4473 4472
f 5607 4472 5606
f 5603 5604 4472
f 5451 6980 6981
f 5451 6981 5450
f 5446 6984 6985
f 5446 5447 6984
f 7064 5470 5471
f 7064 5471 5472
f 7064 5472 7063
f 7058 7059 5477
f 5452 6979 6980
f 5452 6980 5451
f 5608 4473 5607
f 5602 5603 4472
f 7057 7058 5477
f 7057 5477 5478
f 7065 5470 7064
f 5445 6985 6986
f 5445 5446 6985
f 5453 6977 6978
f 5453 6978 6979
f 5453 6979 5452
f 5609 4473 5608
f 5601 5602 4472
f 7056 7057 5478
f 7056 5478 5479
f 5444 5445 6986
f 5444 6986 6987
f 7066 5470 7065
f 7066 5469 5470
f 5454 6977 5453
f 5610 4473 5609
f 5600 5601 4472
f 5443 5444 6987
f 5443 6987 6988
f 5443 6988 5468
f 5442 6977 5454
f 5442 6976 6977
f 7055 7056 5479
f 7055 5479 5480
f 7055 5480 4473
f 7054 5469 7066
f 7054 5468 5469
f 5599 5600 4472
f 5598 4473 5610
f 5430 6976 5442
f 5430 6989 6976
f 5430 5324 6989
f 5586 4473 5598
f 5455 7054 7042
f 5455 5443 5468
f 5455 5468 7054
f 7067 7055 4473
f 7067 4473 5586
f 5611 5599 4472
f 5431 5324 5430
f 5431 5323 5324
f 5623 5611 4472
f 7079 5586 5587
f 7079 7067 5586
f 5467 5455 7042
f 5467 7042 7043
f 7044 5467 7043
f 5432 5323 5431
f 5432 5322 5323
f 5622 5623 4472
f 5466 5467 7044
f 5588 7078 7079
f 5588 7079 5587
f 5433 5322 5432
f 5433 5321 5322
f 5589 7078 5588
f 5465 5466 7044
f 5465 7044 7045
f 7077 7078 5589
f 5434 5321 5433
f 5434 5320 5321
f 5464 5465 7045
f 5464 7045 7046
f 7076 5589 5590
f 7076 7077 5589
f 5435 5320 5434
f 5435 5319 5320
f 7075 7076 5590
f 5591 7075 5590
f 5463 7046 7047
f 5463 5464 7046
f 5436 5319 5435
f 5436 5318 5319
f 5462 5463 7047
f 5462 7047 7048
f 5592 7074 7075
f 5592 7075 5591
f 5437 5318 5436
f 5437 5317 5318
f 5593 7074 5592
f 5593 7073 7074
f 5461 7048 7049
f 5461 5462 7048
f 5438 5317 5437
f 5438 5315 5316
f 5438 5316 5317
f 5460 5461 7049
f 5460 7049 7050
f 7072 7073 5593
f 7072 5593 5594
f 5439 5315 5438
f 5459 5460 7050
f 5459 7050 7051
f 7071 7072 5594
f 7071 5594 5595
f 5440 5315 5439
f 5440 5314 5315
f 5458 5459 7051
f 5458 7051 7052
f 5596 7070 7071
f 5596 7071 5595
f 5441 5314 5440
f 5441 5313 5314
f 5457 5458 7052
f 5457 7052 7053
f 7069 5596 5597
f 7069 7070 5596
f 7068 7069 5597
f 5456 7053 7041
f 5456 5457 7053
f 5585 7068 5597
f 7040 7068 5585
f 5553 7034 7035
f 7112 7113 5578
f 7112 5578 5579
f 7114 5578 7113
f 7114 5577 5578
f 5710 5617 5618
f 5710 5618 5709
f 5708 5618 5619
f 5708 5709 5618
f 5554 7034 5553
f 5554 7033 7034
f 5552 5553 7035
f 5552 7035 7036
f 5711 5616 5617
f 5711 5617 5710
f 5707 5708 5619
f 5707 5619 5620
f 5707 5620 5621
f 5555 7033 5554
f 5555 7031 7032
f 5555 7032 7033
f 5551 5552 7036
f 7115 5575 5576
f 7115 5576 5577
f 7115 5577 7114
f 7111 5579 5580
f 7111 7112 5579
f 5712 5616 5711
f 5712 5615 5616
f 7110 5580 5581
f 7110 7111 5580
f 5706 5707 5621
f 5556 7031 5555
f 5550 5551 7036
f 5550 7036 7037
f 7116 5575 7115
f 7117 5575 7116
f 7117 5574 5575
f 7109 7110 5581
f 7109 5581 5582
f 5713 5615 5712
f 5713 5613 5614
f 5713 5614 5615
f 5705 5706 5621
f 5705 5622 4472
f 5705 5621 5622
f 5557 7030 7031
f 5557 7031 5556
f 5549 5550 7037
f 5549 7037 7038
f 5714 5613 5713
f 5704 5705 4472
f 5558 7030 5557
f 5558 7028 7029
f 5558 7029 7030
f 5548 5549 7038
f 5548 7038 7039
f 5548 7039 7040
f 7118 5574 7117
f 7118 5573 5574
f 7108 7109 5582
f 7108 5582 5583
f 7106 5572 5573
f 7106 5573 7118
f 7107 7108 5583
f 7107 5583 5584
f 5703 5704 4472
f 5702 5613 5714
f 5702 5612 5613
f 5702 5584 5612
f 5547 5548 7040
f 5547 7040 5585
f 5546 7028 5558
f 4460 5441 5429
f 4460 5313 5441
f 4460 5208 5325
f 4460 5312 5313
f 4460 5416 5417
f 4460 5417 5418
f 4460 5418 5419
f 4460 5419 5420
f 4460 5420 5421
f 4460 5421 5422
f 4460 5422 5423
f 4460 5423 5424
f 4460 5424 5425
f 4460 5325 5312
f 4460 5429 5416
f 4461 5428 5456
f 4461 4460 5425
f 4461 7028 5546
f 4461 5456 7041
f 4461 7041 7028
f 4461 5425 5426
f 4461 5426 5427
f 4461 5427 5428
f 7094 5572 7106
f 5690 5584 5702
f 5690 7107 5584
f 5690 7119 7107
f 5559 5572 7094
f 5559 5585 5572
f 5559 5547 5585
f 5534 4461 5546
f 5715 5703 4472
f 5535 4461 5534
f 7131 5690 5691
f 7131 7119 5690
f 7095 5559 7094
f 7095 5571 5559
f 5570 7095 7096
f 5570 5571 7095
f 5692 7131 5691
f 5692 7130 7131
f 5536 4461 5535
f 7097 5570 7096
f 5569 5570 7097
f 5537 4462 4461
f 5537 4461 5536
f 7129 5692 5693
f 7129 7130 5692
f 5694 7129 5693
f 5538 4462 5537
f 7128 7129 5694
f 7098 5568 5569
f 7098 5569 7097
f 5695 7127 7128
f 5695 7128 5694
f 5539 4462 5538
f 5567 5568 7098
f 5567 7098 7099
f 5696 7127 5695
f 5696 7126 7127
f 5566 5567 7099
f 5566 7099 7100
f 5540 4462 5539
f 5697 7126 5696
f 5697 7125 7126
f 5565 5566 7100
f 5565 7100 7101
f 5541 4462 5540
f 5542 4462 5541
f 7102 5564 5565
f 7102 5565 7101
f 7124 7125 5697
f 7124 5697 5698
f 5563 7102 7103
f 5563 5564 7102
f 7123 7124 5698
f 7123 5698 5699
f 5543 4462 5542
f 5700 7123 5699
f 5700 7122 7123
f 5562 7103 7104
f 5562 5563 7103
f 5544 4462 5543
f 5561 5562 7104
f 5545 4462 5544
f 7121 5700 5701
f 7121 7122 5700
f 7105 5561 7104
f 5689 7120 7121
f 5689 7121 5701
f 5560 7105 7093
f 5560 5561 7105
f 5533 4462 5545
f 5520 4462 5533
f 5676 7092 7120
f 5676 7120 5689
f 5532 5560 7093
f 5521 4462 5520
f 5657 7085 7086
f 5812 5722 5723
f 5812 5813 5722
f 5814 5720 5721
f 5814 5721 5722
f 5814 5722 5813
f 7164 5682 5683
f 7164 7165 5682
f 5658 7085 5657
f 7166 5681 5682
f 7166 5682 7165
f 5656 7086 7087
f 5656 7087 7088
f 5656 5657 7086
f 5659 7083 7084
f 5659 7084 7085
f 5659 7085 5658
f 5655 7088 7089
f 5655 5656 7088
f 5815 5720 5814
f 7163 5683 5684
f 7163 7164 5683
f 5811 5723 5724
f 5811 5812 5723
f 7167 5681 7166
f 5816 5720 5815
f 5816 5719 5720
f 7162 5684 5685
f 7162 7163 5684
f 5660 7083 5659
f 5654 5655 7089
f 7168 5679 7167
f 5810 5724 5725
f 5810 5811 5724
f 5809 5810 5725
f 5809 5725 5726
f 5817 5719 5816
f 5817 5717 5718
f 5817 5718 5719
f 7169 5678 5679
f 7169 5679 7168
f 5661 7082 7083
f 5661 7083 5660
f 5653 7089 7090
f 5653 5654 7089
f 7161 5685 5686
f 7161 7162 5685
f 5662 7081 7082
f 5662 7082 5661
f 5652 5653 7090
f 5652 7090 7091
f 5652 7091 7092
f 7170 5678 7169
f 7170 5676 5677
f 7170 5677 5678
f 7160 7161 5686
f 7160 5686 5687
f 5818 5717 5817
f 5808 5809 5726
f 5808 5726 5727
f 5806 5717 5818
f 5806 5716 5717
f 7158 5676 7170
f 5807 5715 4472
f 5807 5808 5727
f 5807 5727 5715
f 5651 5652 7092
f 7159 7160 5687
f 7159 5687 5688
f 7159 5688 5716
f 5650 7080 7081
f 5650 7081 5662
f 7146 5676 7158
f 5794 7171 7159
f 5794 5716 5806
f 5794 7159 5716
f 5663 5676 7146
f 5663 7092 5676
f 5663 5651 7092
f 5638 5532 7093
f 5638 7080 5650
f 5638 7093 7080
f 5639 5532 5638
f 5639 5531 5532
f 5795 7171 5794
f 5795 7183 7171
f 5675 5663 7146
f 5675 7146 7147
f 5796 7182 7183
f 5796 7183 5795
f 5674 5675 7147
f 5674 7147 7148
f 5640 5531 5639
f 5640 5530 5531
f 7149 5674 7148
f 5673 5674 7149
f 5641 5530 5640
f 5641 5528 5529
f 5641 5529 5530
f 7181 5796 5797
f 7181 7182 5796
f 5642 5528 5641
f 7150 5673 7149
f 7180 7181 5797
f 5798 7180 5797
f 5672 5673 7150
f 7179 7180 5798
f 5799 7179 5798
f 5643 5528 5642
f 5643 5527 5528
f 5671 5672 7150
f 5671 7150 7151
f 7152 5671 7151
f 5800 7179 5799
f 5800 7178 7179
f 5670 5671 7152
f 5644 5527 5643
f 5644 5526 5527
f 5801 7178 5800
f 5801 7177 7178
f 5669 5670 7152
f 5669 7152 7153
f 5645 5526 5644
f 5645 5525 5526
f 5646 5525 5645
f 5646 5524 5525
f 7154 5669 7153
f 5802 7177 5801
f 7176 7177 5802
f 5668 5669 7154
f 7175 5802 5803
f 7175 7176 5802
f 5667 7154 7155
f 5667 5668 7154
f 5647 5524 5646
f 5647 5523 5524
f 5804 7175 5803
f 7174 7175 5804
f 5648 5523 5647
f 5648 5522 5523
f 7156 5666 5667
f 7156 5667 7155
f 5649 4462 5521
f 5649 5521 5522
f 5649 5522 5648
f 7173 5804 5805
f 7173 7174 5804
f 7157 5666 7156
f 5665 5666 7157
f 7172 5805 5793
f 7172 7173 5805
f 5664 7157 7145
f 5664 5665 7157
f 5637 4462 5649
f 5636 5664 7145
f 7144 7172 5793
f 5624 4462 5637
f 7217 5785 5786
f 7217 5786 5787
f 5762 7138 5761
f 5762 7136 7137
f 5762 7137 7138
f 5916 5826 5827
f 5916 5917 5826
f 5918 5825 5826
f 5918 5826 5917
f 7218 5785 7217
f 7216 5787 5788
f 7216 7217 5787
f 5760 5761 7138
f 5760 7138 7139
f 5760 7139 7140
f 7219 5784 5785
f 7219 5785 7218
f 7215 7216 5788
f 5763 7136 5762
f 5763 7135 7136
f 5759 5760 7140
f 5915 5827 5828
f 5915 5916 5827
f 5919 5825 5918
f 5919 5824 5825
f 5920 5824 5919
f 5920 5823 5824
f 5914 5915 5828
f 5914 5828 5829
f 7220 5782 5783
f 7220 5783 5784
f 7220 5784 7219
f 7214 5788 5789
f 7214 7215 5788
f 5764 7135 5763
f 5758 5759 7140
f 5758 7140 7141
f 5921 5823 5920
f 5921 5821 5822
f 5921 5822 5823
f 5765 7135 5764
f 5765 7134 7135
f 5757 5758 7141
f 5757 7141 7142
f 5757 7142 7143
f 5913 5914 5829
f 5913 5829 5830
f 7213 5789 5790
f 7213 7214 5789
f 7221 5782 7220
f 7222 5782 7221
f 7222 5780 5781
f 7222 5781 5782
f 7212 7213 5790
f 7212 5790 5791
f 5766 7132 7133
f 5766 7133 7134
f 5766 7134 5765
f 5756 5757 7143
f 5756 7143 7144
f 5922 5821 5921
f 5922 5820 5821
f 5912 5913 5830
f 5912 5830 5831
f 5912 5831 5819
f 5755 5756 7144
f 5755 7144 5793
f 5910 5820 5922
f 5910 5792 5820
f 5911 5912 5819
f 7211 7212 5791
f 7211 5791 5792
f 7210 5780 7222
f 7210 5793 5780
f 5754 7132 5766
f 7223 7211 5792
f 7223 5792 5910
f 7223 5910 5898
f 5767 5793 7210
f 5767 7210 7198
f 5767 5755 5793
f 5742 5636 7145
f 5742 7132 5754
f 5742 7145 7132
f 7235 7223 5898
f 5743 5636 5742
f 5743 5635 5636
f 5899 7235 5898
f 5779 7198 7199
f 5779 5767 7198
f 5744 5635 5743
f 5744 5634 5635
f 5900 7235 5899
f 5900 7234 7235
f 7200 5778 5779
f 7200 5779 7199
f 7201 5778 7200
f 5901 7234 5900
f 5901 7233 7234
f 5777 5778 7201
f 5745 5634 5744
f 5745 5632 5633
f 5745 5633 5634
f 5746 5632 5745
f 5902 7233 5901
f 5902 7232 7233
f 5776 5777 7201
f 5776 7201 7202
f 5747 5632 5746
f 5747 5631 5632
f 7231 7232 5902
f 7231 5902 5903
f 5775 5776 7202
f 5775 7202 7203
f 5748 5631 5747
f 5748 5630 5631
f 7230 7231 5903
f 7230 5903 5904
f 7204 5774 5775
f 7204 5775 7203
f 7229 7230 5904
f 7229 5904 5905
f 5749 5630 5748
f 5749 5629 5630
f 7205 5773 5774
f 7205 5774 7204
f 7228 7229 5905
f 5750 5629 5749
f 5750 5628 5629
f 5906 7228 5905
f 5772 7205 7206
f 5772 5773 7205
f 7227 5906 5907
f 7227 7228 5906
f 5751 5628 5750
f 5751 5627 5628
f 5771 7206 7207
f 5771 5772 7206
f 5752 5626 5627
f 5752 5627 5751
f 7208 5770 5771
f 7208 5771 7207
f 5908 7226 7227
f 5908 7227 5907
f 7209 5770 7208
f 5753 5625 5626
f 5753 5626 5752
f 5909 7225 7226
f 5909 7226 5908
f 5769 5770 7209
f 5897 7225 5909
f 7224 7225 5897
f 5768 5769 7209
f 5768 7209 7197
f 5741 4462 5624
f 5741 5625 5753
f 5741 5624 5625
f 7196 7224 5897
f 7270 5889 5890
f 7270 5890 7269
f 5866 7188 7189
f 5866 7189 7190
f 5866 7190 5865
f 5864 7190 7191
f 5864 5865 7190
f 7268 5890 5891
f 7268 7269 5890
f 6020 6021 5930
f 6020 5930 5931
f 6022 5930 6021
f 6022 5929 5930
f 7267 7268 5891
f 7267 5891 5892
f 7271 5888 5889
f 7271 5889 7270
f 5863 7191 7192
f 5863 5864 7191
f 5867 7188 5866
f 6023 5929 6022
f 6023 5928 5929
f 6019 6020 5931
f 6019 5931 5932
f 7272 5886 5887
f 7272 5887 5888
f 7272 5888 7271
f 7266 5892 5893
f 7266 7267 5892
f 5862 7192 7193
f 5862 5863 7192
f 5868 7188 5867
f 5868 7186 7187
f 5868 7187 7188
f 6024 5928 6023
f 6024 5927 5928
f 6018 6019 5932
f 6018 5932 5933
f 6018 5933 5934
f 5869 7186 5868
f 7265 7266 5893
f 7265 5893 5894
f 7265 5894 5895
f 5861 7193 7194
f 5861 7194 7195
f 5861 5862 7193
f 7273 5886 7272
f 6025 5927 6024
f 6025 5925 5926
f 6025 5926 5927
f 6017 6018 5934
f 7264 7265 5895
f 7274 5886 7273
f 7274 5884 5885
f 7274 5885 5886
f 5870 7185 7186
f 5870 7186 5869
f 5860 7195 7196
f 5860 5861 7195
f 6026 5925 6025
f 7263 7264 5895
f 7263 5895 5896
f 5858 7184 7185
f 5858 7185 5870
f 5858 7197 7184
f 5858 5768 7197
f 5859 7196 5897
f 5859 5860 7196
f 7262 5884 7274
f 6014 5925 6026
f 6014 5924 5925
f 4471 5807 4472
f 4471 5911 5819
f 4471 6015 6016
f 4471 6016 6017
f 4471 5819 5807
f 4471 5923 5911
f 4471 5934 5935
f 4471 5935 5923
f 4471 6017 5934
f 5846 5768 5858
f 5846 5740 5768
f 6027 6015 4471
f 7250 5871 5859
f 7250 5884 7262
f 7250 5897 5884
f 7250 5859 5897
f 7275 7263 5896
f 7275 6014 6002
f 7275 5924 6014
f 7275 5896 5924
f 5883 5871 7250
f 5883 7250 7251
f 5847 5739 5740
f 5847 5740 5846
f 6039 6027 4471
f 6003 7287 7275
f 6003 7275 6002
f 5848 5739 5847
f 5848 5738 5739
f 6038 6039 4471
f 7252 5883 7251
f 7252 5882 5883
f 6004 7286 7287
f 6004 7287 6003
f 5881 5882 7252
f 5881 7252 7253
f 6005 7286 6004
f 7285 7286 6005
f 5849 5738 5848
f 5849 5736 5737
f 5849 5737 5738
f 6037 6038 4471
f 5880 5881 7253
f 5880 7253 7254
f 5850 5736 5849
f 6036 6037 4471
f 7284 6005 6006
f 7284 7285 6005
f 5851 5736 5850
f 5851 5735 5736
f 7255 5879 5880
f 7255 5880 7254
f 6035 6036 4471
f 7283 7284 6006
f 6007 7283 6006
f 5852 5735 5851
f 5852 5734 5735
f 5878 7255 7256
f 5878 5879 7255
f 6034 6035 4471
f 6008 7282 7283
f 6008 7283 6007
f 5853 5734 5852
f 5853 5733 5734
f 7257 5878 7256
f 7257 5877 5878
f 6033 6034 4471
f 7281 7282 6008
f 7281 6008 6009
f 7258 5877 7257
f 5876 5877 7258
f 5854 5733 5853
f 5854 5732 5733
f 6032 6033 4471
f 6010 7281 6009
f 7280 7281 6010
f 5855 5732 5854
f 5855 5731 5732
f 5875 7258 7259
f 5875 5876 7258
f 7279 6010 6011
f 7279 7280 6010
f 5856 5730 5731
f 5856 5731 5855
f 7260 5874 5875
f 7260 5875 7259
f 6012 7278 7279
f 6012 7279 6011
f 7261 5874 7260
f 5873 5874 7261
f 5857 5730 5856
f 5857 5729 5730
f 6013 7278 6012
f 7277 7278 6013
f 5845 5729 5857
f 5845 5728 5729
f 5872 7261 7249
f 5872 5873 7261
f 7276 7277 6013
f 6001 7276 6013
f 4470 6032 4471
f 4470 6028 6029
f 4470 6029 6030
f 4470 6030 6031
f 4470 6031 6032
f 6000 6028 4470
f 5988 7276 6001
f 5844 5872 7249
f 7236 5844 7249
f 5969 7242 7243
f 6124 6125 4469
f 7322 5993 5994
f 7322 5994 7321
f 7320 5994 5995
f 7320 7321 5994
f 6126 4469 6125
f 5968 5969 7243
f 5970 7241 7242
f 5970 7242 5969
f 6127 4469 6126
f 6127 4470 4469
f 6123 6124 4469
f 7323 5993 7322
f 7323 5991 5992
f 7323 5992 5993
f 7319 5995 5996
f 7319 5996 5997
f 7319 7320 5995
f 5967 5968 7243
f 5967 7243 7244
f 5967 7244 7245
f 5971 7241 5970
f 5971 7240 7241
f 6128 4470 6127
f 5966 5967 7245
f 6122 6123 4469
f 7324 5991 7323
f 7318 7319 5997
f 5972 7240 5971
f 5972 7239 7240
f 7317 5997 5998
f 7317 7318 5997
f 6129 4470 6128
f 6121 6122 4469
f 5973 7239 5972
f 5973 7237 7238
f 5973 7238 7239
f 7325 5989 5990
f 7325 5990 5991
f 7325 5991 7324
f 5965 5966 7245
f 5965 7245 7246
f 6130 4470 6129
f 6120 6121 4469
f 5974 7237 5973
f 5974 7236 7237
f 5964 5965 7246
f 5964 7246 7247
f 5964 7247 7248
f 7326 5989 7325
f 7316 7317 5998
f 7316 5998 5999
f 6118 4470 6130
f 7315 6000 4470
f 7315 5999 6000
f 7315 7316 5999
f 7314 5989 7326
f 7314 5988 5989
f 6119 6120 4469
f 5963 7248 7276
f 5963 7276 5988
f 5963 5964 7248
f 5962 7236 5974
f 6106 4470 6118
f 5950 5844 7236
f 5950 7236 5962
f 5975 5963 5988
f 7302 5988 7314
f 7302 5975 5988
f 6131 6119 4469
f 7327 4470 6106
f 7327 7315 4470
f 6143 6131 4469
f 7339 7327 6106
f 7339 6106 6107
f 7303 5975 7302
f 7303 5987 5975
f 5951 5843 5844
f 5951 5844 5950
f 5952 5842 5843
f 5952 5843 5951
f 6142 6143 4469
f 7338 7339 6107
f 7338 6107 6108
f 7304 5987 7303
f 7304 5986 5987
f 6109 7338 6108
f 7337 7338 6109
f 5985 5986 7304
f 5985 7304 7305
f 5953 5841 5842
f 5953 5842 5952
f 7306 5985 7305
f 7306 5984 5985
f 5954 5840 5841
f 5954 5841 5953
f 7336 7337 6109
f 7336 6109 6110
f 5983 5984 7306
f 5983 7306 7307
f 6111 7336 6110
f 6111 7335 7336
f 5955 5840 5954
f 5955 5839 5840
f 5956 5839 5955
f 5956 5838 5839
f 7334 7335 6111
f 7334 6111 6112
f 7308 5982 5983
f 7308 5983 7307
f 7333 7334 6112
f 7333 6112 6113
f 7309 5982 7308
f 7309 5981 5982
f 5957 5838 5956
f 5957 5837 5838
f 5958 5837 5957
f 5958 5836 5837
f 7332 6113 6114
f 7332 7333 6113
f 7310 5980 5981
f 7310 5981 7309
f 6115 7332 6114
f 5959 5836 5958
f 5959 5835 5836
f 7331 7332 6115
f 5979 5980 7310
f 5979 7310 7311
f 7330 7331 6115
f 7330 6115 6116
f 5978 7311 7312
f 5978 5979 7311
f 5960 5835 5959
f 5960 5834 5835
f 6117 7330 6116
f 5961 5834 5960
f 5961 5833 5834
f 7329 7330 6117
f 5977 5978 7312
f 5977 7312 7313
f 7301 5977 7313
f 6105 7329 6117
f 6105 7328 7329
f 5976 5977 7301
f 7373 6098 6099
f 7372 7373 6099
f 7374 6098 7373
f 7374 6097 6098
f 6230 6138 6229
f 6230 6137 6138
f 6228 6229 6138
f 6228 6138 6139
f 6074 7292 7293
f 6074 7293 7294
f 6074 7294 6073
f 6072 7294 7295
f 6072 6073 7294
f 6075 7291 7292
f 6075 7292 6074
f 6071 6072 7295
f 6071 7295 7296
f 7375 6097 7374
f 7375 6095 6096
f 7375 6096 6097
f 6231 6137 6230
f 6231 6135 6136
f 6231 6136 6137
f 6227 6228 6139
f 6227 6139 6140
f 6227 6140 6141
f 7371 7372 6099
f 7371 6099 6100
f 6232 6135 6231
f 6232 6134 6135
f 6226 6227 6141
f 6076 7291 6075
f 6070 7296 7297
f 6070 6071 7296
f 7376 6095 7375
f 7370 7371 6100
f 7370 6100 6101
f 7370 6101 6102
f 6077 7289 7290
f 6077 7290 7291
f 6077 7291 6076
f 6069 7297 7298
f 6069 7298 7299
f 6069 6070 7297
f 7377 6093 6094
f 7377 6094 6095
f 7377 6095 7376
f 7369 7370 6102
f 6233 6134 6232
f 6233 6133 6134
f 6225 6142 4469
f 6225 6226 6141
f 6225 6141 6142
f 6224 6225 4469
f 6078 7289 6077
f 6068 6069 7299
f 7378 6093 7377
f 7368 6102 6103
f 7368 6103 6104
f 7368 7369 6102
f 6234 6133 6233
f 7366 6093 7378
f 7366 7328 6105
f 7366 6092 6093
f 7366 6105 6092
f 6223 6224 4469
f 6222 6104 6132
f 6222 6132 6133
f 6222 6133 6234
f 6067 7299 7300
f 6067 7300 7328
f 6067 6068 7299
f 6066 7289 6078
f 6066 7288 7289
f 7367 7368 6104
f 4463 5941 5942
f 4463 5741 5728
f 4463 5942 5943
f 4463 5943 5944
f 4463 5944 5945
f 4463 5845 5832
f 4463 5949 5936
f 4463 5961 5949
f 4463 4462 5741
f 4463 5833 5961
f 4463 5832 5833
f 4463 5936 5937
f 4463 5937 5938
f 4463 5938 5939
f 4463 5939 5940
f 4463 5728 5845
f 4463 5940 5941
f 4464 5945 5946
f 4464 5946 5947
f 4464 5947 5948
f 4464 5976 7301
f 4464 4463 5945
f 4464 5948 5976
f 4464 7301 7288
f 4464 7288 6066
f 6210 6104 6222
f 6235 6223 4469
f 6079 7366 7354
f 6079 7328 7366
f 6079 6067 7328
f 6054 4464 6066
f 7379 6104 6210
f 7379 7367 6104
f 6091 6079 7354
f 6055 4464 6054
f 7355 6091 7354
f 7391 7379 6210
f 7391 6210 6211
f 6056 4464 6055
f 7356 6091 7355
f 7356 6090 6091
f 6212 7390 7391
f 6212 7391 6211
f 6089 7356 7357
f 6089 6090 7356
f 6057 4465 4464
f 6057 4464 6056
f 7389 7390 6212
f 7389 6212 6213
f 6058 4465 6057
f 7358 6089 7357
f 7358 6088 6089
f 6214 7388 7389
f 6214 7389 6213
f 6215 7387 7388
f 6215 7388 6214
f 6087 6088 7358
f 6059 4465 6058
f 7359 6087 7358
f 6060 4465 6059
f 7360 6086 6087
f 7360 6087 7359
f 6216 7386 7387
f 6216 7387 6215
f 6217 7386 6216
f 6061 4465 6060
f 7385 7386 6217
f 7361 6085 6086
f 7361 6086 7360
f 6062 4465 6061
f 7384 7385 6217
f 7384 6217 6218
f 7362 6085 7361
f 7362 6084 6085
f 6063 4465 6062
f 7363 6083 6084
f 7363 6084 7362
f 7383 7384 6218
f 7383 6218 6219
f 6064 4465 6063
f 7364 6082 6083
f 7364 6083 7363
f 6220 7382 7383
f 6220 7383 6219
f 6221 7382 6220
f 6065 4465 6064
f 7365 6081 6082
f 7365 6082 7364
f 7381 7382 6221
f 6053 4465 6065
f 7380 7381 6221
f 7380 6221 6209
f 6080 7365 7353
f 6080 6081 7365
f 6052 6080 7353
f 6040 4465 6053
f 6041 4465 6040
f 7425 6201 6202
f 6334 6242 6333
f 6334 6240 6241
f 6334 6241 6242
f 6332 6333 6242
f 6332 6242 6243
f 6178 7346 6177
f 6178 7344 7345
f 6178 7345 7346
f 6176 6177 7346
f 6176 7346 7347
f 7424 7425 6202
f 7424 6202 6203
f 7426 6201 7425
f 6335 6240 6334
f 6335 6239 6240
f 6331 6332 6243
f 6331 6243 6244
f 6331 6244 6245
f 6179 7344 6178
f 6175 6176 7347
f 6175 7347 7348
f 6175 7348 7349
f 7427 6200 6201
f 7427 6201 7426
f 7423 7424 6203
f 7423 6203 6204
f 6336 6239 6335
f 6180 7344 6179
f 6180 7343 7344
f 6174 6175 7349
f 7422 7423 6204
f 7422 6204 6205
f 6330 6331 6245
f 7428 6199 6200
f 7428 6200 7427
f 6337 6239 6336
f 6337 6237 6238
f 6337 6238 6239
f 6329 6245 6246
f 6329 6330 6245
f 6181 7343 6180
f 6181 7342 7343
f 6173 6174 7349
f 6173 7349 7350
f 6173 7350 7351
f 7421 7422 6205
f 7421 6205 6206
f 7429 6198 6199
f 7429 6199 7428
f 6172 6173 7351
f 6338 6237 6337
f 6328 6246 6247
f 6328 6247 6235
f 6328 6329 6246
f 6182 7341 7342
f 6182 7342 6181
f 7430 6198 7429
f 7430 6196 6197
f 7430 6197 6198
f 7420 7421 6206
f 7420 6206 6207
f 7418 6196 7430
f 6327 6328 6235
f 6327 6235 4469
f 6326 6237 6338
f 6326 6208 6236
f 6326 6236 6237
f 6171 7352 7380
f 6171 7380 6209
f 6171 7351 7352
f 6171 6172 7351
f 7419 7420 6207
f 7419 6207 6208
f 6170 7341 6182
f 6170 7340 7341
f 6170 7353 7340
f 6314 6208 6326
f 6183 7418 7406
f 6183 6209 6196
f 6183 6196 7418
f 6183 6171 6209
f 6158 7353 6170
f 6158 6052 7353
f 7431 6208 6314
f 7431 7419 6208
f 6159 6051 6052
f 6159 6052 6158
f 7407 6195 6183
f 7407 6183 7406
f 7443 6314 6315
f 7443 7431 6314
f 6194 6195 7407
f 6160 6050 6051
f 6160 6051 6159
f 7442 7443 6315
f 7442 6315 6316
f 7408 6194 7407
f 6193 6194 7408
f 6161 6049 6050
f 6161 6050 6160
f 7441 7442 6316
f 7441 6316 6317
f 7409 6193 7408
f 6162 6048 6049
f 6162 6049 6161
f 7410 6192 6193
f 7410 6193 7409
f 7440 7441 6317
f 7440 6317 6318
f 6163 6047 6048
f 6163 6048 6162
f 7439 6318 6319
f 7439 7440 6318
f 7411 6191 6192
f 7411 6192 7410
f 6164 6046 6047
f 6164 6047 6163
f 7438 7439 6319
f 7438 6319 6320
f 7412 6190 6191
f 7412 6191 7411
f 6321 7438 6320
f 7437 7438 6321
f 6165 6045 6046
f 6165 6046 6164
f 7413 6190 7412
f 7413 6189 6190
f 6166 6043 6044
f 6166 6044 6045
f 6166 6045 6165
f 7436 6321 6322
f 7436 7437 6321
f 7414 6188 6189
f 7414 6189 7413
f 6167 6043 6166
f 6187 6188 7414
f 6187 7414 7415
f 7435 7436 6322
f 7435 6322 6323
f 6168 6042 6043
f 6168 6043 6167
f 7434 7435 6323
f 7434 6323 6324
f 7416 6187 7415
f 7416 6186 6187
f 6169 6042 6168
f 6169 4465 6041
f 6169 6041 6042
f 7433 7434 6324
f 7433 6324 6325
f 7417 6186 7416
f 7417 6185 6186
f 6157 4465 6169
f 7432 7433 6325
f 7432 6325 6313
f 6184 6185 7417
f 6184 7417 7405
f 7392 6184 7405
f 6144 4465 6157
f 6281 7397 7398
f 7477 6305 6306
f 7478 6305 7477
f 7478 6304 6305
f 6282 7397 6281
f 6280 6281 7398
f 6280 7398 7399
f 7476 6306 6307
f 7476 6307 6308
f 7476 7477 6306
f 6436 6346 6347
f 6436 6437 6346
f 6438 6346 6437
f 6438 6345 6346
f 6283 7397 6282
f 6283 7396 7397
f 6279 6280 7399
f 6279 7399 7400
f 7479 6303 6304
f 7479 6304 7478
f 7475 7476 6308
f 6439 6345 6438
f 6439 6343 6344
f 6439 6344 6345
f 6435 6347 6348
f 6435 6436 6347
f 6440 6343 6439
f 6284 7395 7396
f 6284 7396 6283
f 6278 7400 7401
f 6278 7401 7402
f 6278 6279 7400
f 7480 6303 7479
f 7474 7475 6308
f 7474 6308 6309
f 6434 6348 6349
f 6434 6435 6348
f 7473 6309 6310
f 7473 7474 6309
f 6285 7394 7395
f 6285 7395 6284
f 6277 6278 7402
f 7481 6302 6303
f 7481 6303 7480
f 6441 6343 6440
f 6441 6342 6343
f 6433 6349 6350
f 6433 6434 6349
f 6286 7394 6285
f 6286 7393 7394
f 6276 7402 7403
f 6276 6277 7402
f 7482 6302 7481
f 7482 6301 6302
f 7472 6310 6311
f 7472 6311 6312
f 7472 7473 6310
f 6442 6342 6441
f 6442 6341 6342
f 6432 6350 6351
f 6432 6433 6350
f 6275 7403 7404
f 6275 7432 6313
f 6275 7404 7432
f 6275 6276 7403
f 7470 6301 7482
f 7470 6300 6301
f 6430 6341 6442
f 6430 6340 6341
f 6274 7393 6286
f 6274 6184 7392
f 6274 7392 7393
f 7471 7472 6312
f 6431 6351 6339
f 6431 6432 6351
f 6418 6312 6340
f 6418 6340 6430
f 6262 6156 6184
f 6262 6184 6274
f 7458 6275 6313
f 7458 6300 7470
f 7458 6287 6275
f 7458 6313 6300
f 7483 7471 6312
f 7483 6312 6418
f 6299 6287 7458
f 6263 6155 6156
f 6263 6156 6262
f 7459 6299 7458
f 7495 7483 6418
f 7495 6418 6419
f 6298 6299 7459
f 6264 6154 6155
f 6264 6155 6263
f 7460 6298 7459
f 7494 7495 6419
f 7494 6419 6420
f 6421 7494 6420
f 6265 6153 6154
f 6265 6154 6264
f 7461 6297 6298
f 7461 6298 7460
f 7493 7494 6421
f 6296 6297 7461
f 6266 6152 6153
f 6266 6153 6265
f 7462 6296 7461
f 7492 7493 6421
f 7492 6421 6422
f 6267 6151 6152
f 6267 6152 6266
f 7463 6295 6296
f 7463 6296 7462
f 6423 7491 7492
f 6423 7492 6422
f 6268 6151 6267
f 6268 6150 6151
f 7464 6294 6295
f 7464 6295 7463
f 7490 6423 6424
f 7490 7491 6423
f 6269 6149 6150
f 6269 6150 6268
f 7465 6293 6294
f 7465 6294 7464
f 7489 7490 6424
f 7489 6424 6425
f 6292 6293 7465
f 6270 6149 6269
f 6270 6147 6148
f 6270 6148 6149
f 7466 6292 7465
f 7488 6425 6426
f 7488 7489 6425
f 7467 6292 7466
f 7467 6291 6292
f 6271 6147 6270
f 7487 7488 6426
f 7487 6426 6427
f 6272 6146 6147
f 6272 6147 6271
f 7468 6290 6291
f 7468 6291 7467
f 6428 7486 7487
f 6428 7487 6427
f 6273 6145 6146
f 6273 6146 6272
f 7469 6289 6290
f 7469 6290 7468
f 7485 7486 6428
f 7485 6428 6429
f 6261 6144 6145
f 6261 6145 6273
f 6261 4465 6144
f 6288 7469 7457
f 6288 6289 7469
f 7484 7485 6429
f 7484 6429 6417
f 6260 6288 7457
f 6248 4465 6261
f 7529 6409 6410
f 7529 6410 6411
f 6541 6449 6450
f 7528 7529 6411
f 6386 7450 6385
f 6386 7449 7450
f 6384 6385 7450
f 6384 7450 7451
f 7530 6409 7529
f 7530 6408 6409
f 6540 6450 6451
f 6540 6541 6450
f 6542 6449 6541
f 6387 7449 6386
f 6387 7448 7449
f 6383 6384 7451
f 6383 7451 7452
f 6383 7452 7453
f 7531 6407 6408
f 7531 6408 7530
f 7527 7528 6411
f 7527 6411 6412
f 6543 6447 6448
f 6543 6448 6449
f 6543 6449 6542
f 6539 6451 6452
f 6539 6540 6451
f 6388 7448 6387
f 6388 7447 7448
f 6382 6383 7453
f 7532 6407 7531
f 7526 6412 6413
f 7526 7527 6412
f 6544 6447 6543
f 6538 6452 6453
f 6538 6539 6452
f 6389 7445 7446
f 6389 7446 7447
f 6389 7447 6388
f 6381 6382 7453
f 6381 7453 7454
f 6381 7454 7455
f 7533 6407 7532
f 7533 6406 6407
f 7525 6413 6414
f 7525 7526 6413
f 6545 6447 6544
f 6545 6446 6447
f 6537 6453 6454
f 6537 6538 6453
f 6390 7445 6389
f 6380 6381 7455
f 7524 6414 6415
f 7524 6415 6416
f 7524 7525 6414
f 7534 6406 7533
f 7534 6405 6406
f 6546 6446 6545
f 6546 6445 6446
f 7522 6405 7534
f 7522 6404 6405
f 6379 7456 7484
f 6379 6380 7455
f 6379 7484 6417
f 6379 7455 7456
f 6378 7445 6390
f 6378 7444 7445
f 7523 6416 6444
f 7523 7524 6416
f 6534 6445 6546
f 6534 6444 6445
f 4468 6454 6455
f 4468 6455 6443
f 4468 6327 4469
f 4468 6431 6339
f 4468 6537 6454
f 4468 6535 6536
f 4468 6536 6537
f 4468 6339 6327
f 4468 6443 6431
f 6547 6535 4468
f 6366 7457 7444
f 6366 7444 6378
f 6366 6260 7457
f 7510 6404 7522
f 7510 6379 6417
f 7510 6391 6379
f 7510 6417 6404
f 6522 7523 6444
f 6522 6444 6534
f 6522 7535 7523
f 6559 6547 4468
f 6367 6259 6260
f 6367 6260 6366
f 7511 6391 7510
f 7511 6403 6391
f 6523 7535 6522
f 6523 7547 7535
f 6558 6559 4468
f 6402 6403 7511
f 6368 6258 6259
f 6368 6259 6367
f 7512 6402 7511
f 6524 7547 6523
f 6524 7546 7547
f 6557 6558 4468
f 7545 7546 6524
f 6401 7512 7513
f 6401 6402 7512
f 6369 6258 6368
f 6369 6257 6258
f 6525 7545 6524
f 6556 6557 4468
f 6370 6256 6257
f 6370 6257 6369
f 7514 6401 7513
f 7514 6400 6401
f 6526 7545 6525
f 6526 7544 7545
f 6555 6556 4468
f 6371 6255 6256
f 6371 6256 6370
f 7515 6399 6400
f 7515 6400 7514
f 6527 7543 7544
f 6527 7544 6526
f 6554 6555 4468
f 6398 6399 7515
f 6372 6254 6255
f 6372 6255 6371
f 7516 6398 7515
f 6528 7543 6527
f 6528 7542 7543
f 6553 6554 4468
f 6373 6253 6254
f 6373 6254 6372
f 7517 6398 7516
f 7517 6397 6398
f 6529 7542 6528
f 6529 7541 7542
f 6552 6553 4468
f 6374 6251 6252
f 6374 6252 6253
f 6374 6253 6373
f 7518 6397 7517
f 7518 6396 6397
f 6530 7540 7541
f 6530 7541 6529
f 6375 6251 6374
f 7519 6396 7518
f 6395 6396 7519
f 6531 7539 7540
f 6531 7540 6530
f 6394 6395 7519
f 6376 6250 6251
f 6376 6251 6375
f 7520 6394 7519
f 6532 7539 6531
f 6532 7538 7539
f 6377 6249 6250
f 6377 6250 6376
f 7521 6394 7520
f 7521 6393 6394
f 7537 7538 6532
f 6533 7537 6532
f 6365 6248 6249
f 6365 6249 6377
f 6392 6393 7521
f 6392 7521 7509
f 6521 7536 7537
f 6521 7537 6533
f 4467 6548 6549
f 4467 6549 6550
f 4467 6550 6551
f 4467 6551 6552
f 4467 6552 4468
f 6520 6548 4467
f 6519 6520 4467
f 6518 6519 4467
f 6517 6518 4467
f 6490 7502 6489
f 6490 7500 7501
f 6490 7501 7502
f 6488 6489 7502
f 6488 7502 7503
f 6491 7500 6490
f 6487 7503 7504
f 6487 7504 7505
f 6487 6488 7503
f 6492 7499 7500
f 6492 7500 6491
f 6486 6487 7505
f 6493 7497 7498
f 6493 7498 7499
f 6493 7499 6492
f 6485 6486 7505
f 6485 7505 7506
f 6494 7497 6493
f 6484 7506 7507
f 6484 6485 7506
f 6483 7536 6521
f 6483 6484 7507
f 6483 7507 7508
f 6483 7508 7536
f 6482 7496 7497
f 6482 7509 7496
f 6482 6364 6392
f 6482 7497 6494
f 6482 6392 7509
f 6495 6521 6508
f 6495 6483 6521
f 6470 6364 6482
f 6507 6508 6509
f 6507 6495 6508
f 6471 6362 6363
f 6471 6363 6364
f 6471 6364 6470
f 6506 6507 6509
f 6506 6509 6510
f 6506 6510 6511
f 6472 6362 6471
f 6505 6506 6511
f 6473 6362 6472
f 6473 6361 6362
f 6504 6505 6511
f 6504 6511 6512
f 6474 6360 6361
f 6474 6361 6473
f 6503 6512 6513
f 6503 6504 6512
f 6475 6359 6360
f 6475 6360 6474
f 6502 6503 6513
f 6502 6513 6514
f 6476 6358 6359
f 6476 6359 6475
f 6501 6502 6514
f 6501 6514 6515
f 6501 6515 6516
f 6477 6358 6476
f 6477 6357 6358
f 6500 6501 6516
f 6500 6516 6517
f 6478 6355 6356
f 6478 6356 6357
f 6478 6357 6477
f 6499 6500 6517
f 6499 6517 4467
f 6479 6355 6478
f 6498 6499 4467
f 6480 6353 6354
f 6480 6354 6355
f 6480 6355 6479
f 6481 6353 6480
f 4466 6352 6353
f 4466 6456 6457
f 4466 6457 6458
f 4466 6458 6459
f 4466 6459 6460
f 4466 6460 6461
f 4466 6461 6462
f 4466 6462 6463
f 4466 6463 6464
f 4466 6464 6465
f 4466 6365 6352
f 4466 6465 6466
f 4466 6466 6467
f 4466 6467 6468
f 4466 6469 6456
f 4466 6481 6469
f 4466 6498 4467
f 4466 6353 6481
f 4466 6496 6497
f 4466 6497 6498
f 4466 4465 6248
f 4466 6468 6496
f 4466 6248 6365
f 4456 4701 4457
f 4701 4688 4457
f 4459 5221 4460
f 5221 5208 4460
f 4477 4779 4478
f 4779 4767 4478
f 5680 7167 5679
f 5680 5681 7167
f 7661 7549 7660
f 7659 7660 7549
f 7662 7549 7661
f 7658 7549 7548
f 7658 7659 7549
f 7657 7658 7548
f 7663 7549 7662
f 7664 7549 7663
f 7656 7657 7548
f 7665 7549 7664
f 7655 7656 7548
f 7666 7549 7665
f 7653 7655 7548
f 7654 7548 7550
f 7654 7653 7548
f 7667 7549 7666
f 7551 7654 7550
f 7668 7549 7667
f 7552 7654 7551
f 7704 7654 7552
f 7669 7549 7668
f 7703 7552 7553
f 7703 7704 7552
f 7554 7703 7553
f 7554 7702 7703
f 7555 7702 7554
f 7701 7702 7555
f 7556 7700 7701
f 7556 7701 7555
f 7699 7556 7557
f 7699 7700 7556
f 7698 7699 7557
f 7558 7698 7557
f 7559 7698 7558
f 7697 7698 7559
f 7560 7696 7697
f 7560 7697 7559
f 7695 7560 7561
f 7695 7696 7560
f 7562 7695 7561
f 7694 7695 7562
f 7563 7693 7694
f 7563 7694 7562
f 7765 7673 7764
f 7765 7672 7673
f 9689 7686 9688
f 9689 7685 7686
f 7609 7569 7570
f 7609 7570 7608
f 7763 7764 7673
f 7763 7673 7674
f 9687 9688 7686
f 9687 7686 7687
f 7607 7570 7571
f 7607 7608 7570
f 7762 7674 7675
f 7762 7763 7674
f 7766 7671 7672
f 7766 7672 7765
f 9690 7684 7685
f 9690 7685 9689
f 9686 7687 7688
f 9686 9687 7687
f 7610 7567 7568
f 7610 7568 7569
f 7610 7569 7609
f 7606 7571 7572
f 7606 7607 7571
f 7761 7675 7676
f 7761 7762 7675
f 7767 7669 7670
f 7767 7670 7671
f 7767 7671 7766
f 9691 7684 9690
f 9691 7683 7684
f 7605 7572 7573
f 7605 7606 7572
f 9685 9686 7688
f 9685 7688 7689
f 7611 7566 7567
f 7611 7567 7610
f 9684 7689 7690
f 9684 7690 7691
f 9684 9685 7689
f 7768 7549 7669
f 7768 7669 7767
f 9692 7681 7682
f 9692 7682 7683
f 9692 7683 9691
f 7760 7676 7677
f 7760 7761 7676
f 7612 7566 7611
f 7604 7573 7574
f 7604 7605 7573
f 7769 7549 7768
f 9693 7680 7681
f 9693 7681 9692
f 7613 7565 7566
f 7613 7566 7612
f 7759 7760 7677
f 7759 7677 7678
f 9683 9684 7691
f 7603 7574 7575
f 7603 7604 7574
f 7614 7565 7613
f 7614 7693 7563
f 7614 7563 7564
f 7614 7564 7565
f 7614 7692 7693
f 7770 7549 7769
f 9694 7680 9693
f 7757 7678 7679
f 7757 7759 7678
f 9681 9683 7691
f 9681 7692 7614
f 9681 7691 7692
f 7601 7603 7575
f 7601 7575 7576
f 7601 7576 7577
f 7758 7679 7680
f 7758 7757 7679
f 9682 9681 7614
f 9695 7758 7680
f 9695 7680 9694
f 7615 9682 7614
f 7602 7601 7577
f 7602 7577 7578
f 7771 7549 7770
f 7808 9695 9696
f 7808 7758 9695
f 9732 9682 7615
f 9732 7615 7616
f 7652 7602 7578
f 9731 9732 7616
f 7617 9731 7616
f 7807 9696 9697
f 7807 7808 9696
f 7651 7652 7578
f 9698 7807 9697
f 9698 7806 7807
f 7650 7578 7579
f 7650 7651 7578
f 7618 9730 9731
f 7618 9731 7617
f 7619 9730 7618
f 7805 9698 9699
f 7805 7806 9698
f 9729 9730 7619
f 7649 7650 7579
f 9700 7804 7805
f 9700 7805 9699
f 7620 9728 9729
f 7620 9729 7619
f 7648 7649 7579
f 7621 9728 7620
f 7803 7804 9700
f 7803 9700 9701
f 9727 9728 7621
f 7647 7648 7579
f 7802 7803 9701
f 7646 7647 7579
f 9726 9727 7621
f 9702 7802 9701
f 7622 9726 7621
f 9703 7802 9702
f 7801 7802 9703
f 9725 9726 7622
f 9725 7622 7623
f 7645 7646 7579
f 7644 7645 7579
f 9704 7801 9703
f 9704 7800 7801
f 7624 9725 7623
f 7624 9724 9725
f 7799 9704 9705
f 7799 7800 9704
f 9723 7624 7625
f 9723 9724 7624
f 7643 7644 7579
f 9706 7799 9705
f 7798 7799 9706
f 7626 9723 7625
f 7642 7643 7579
f 9722 9723 7626
f 7641 7642 7579
f 9707 7797 7798
f 9707 7798 9706
f 7627 9721 9722
f 7627 9722 7626
f 9720 9721 7627
f 7640 7641 7579
f 7639 7640 7579
f 9741 7789 7790
f 9741 7790 9740
f 7713 9714 7712
f 7713 9713 9714
f 9739 7790 7791
f 9739 9740 7790
f 7711 7712 9714
f 7711 9714 9715
f 7711 9715 9716
f 7869 7776 7777
f 7869 7777 7868
f 7867 7777 7778
f 7867 7868 7777
f 9742 7788 7789
f 9742 7789 9741
f 7710 7711 9716
f 9738 7791 7792
f 9738 9739 7791
f 7714 9713 7713
f 7714 9712 9713
f 7866 7778 7779
f 7866 7867 7778
f 7870 7774 7775
f 7870 7775 7776
f 7870 7776 7869
f 7715 9712 7714
f 7715 9711 9712
f 9737 9738 7792
f 9737 7792 7793
f 9743 7786 7787
f 9743 7787 7788
f 9743 7788 9742
f 7709 9716 9717
f 7709 7710 9716
f 7865 7779 7780
f 7865 7780 7781
f 7865 7866 7779
f 7871 7774 7870
f 9736 9737 7793
f 9736 7793 7794
f 9744 7786 9743
f 7716 9711 7715
f 7716 9710 9711
f 7708 7709 9717
f 7708 9717 9718
f 7872 7772 7773
f 7872 7773 7774
f 7872 7774 7871
f 7864 7865 7781
f 9745 7786 9744
f 9745 7784 7785
f 9745 7785 7786
f 7717 9709 9710
f 7717 9710 7716
f 7873 7772 7872
f 9735 7794 7795
f 9735 9736 7794
f 7707 9718 9719
f 7707 7708 9718
f 7863 7864 7781
f 7863 7781 7782
f 7718 9707 9708
f 7718 9708 9709
f 7718 7796 7797
f 7718 7797 9707
f 7718 9709 7717
f 7874 7772 7873
f 7874 7771 7772
f 7874 7549 7771
f 9746 7784 9745
f 9733 7796 7718
f 9733 9735 7795
f 9733 7795 7796
f 7705 9719 9720
f 7705 7707 9719
f 7705 7627 7628
f 7705 9720 7627
f 7861 7782 7783
f 7861 7783 7784
f 7861 7863 7782
f 9734 9733 7718
f 7706 7705 7628
f 7862 7861 7784
f 9747 7862 7784
f 9747 7784 9746
f 7719 9734 7718
f 7756 7706 7628
f 7756 7628 7629
f 7756 7629 7630
f 9748 7862 9747
f 9748 7912 7862
f 7720 9784 9734
f 7720 9734 7719
f 9783 9784 7720
f 9749 7912 9748
f 7755 7756 7630
f 7755 7630 7631
f 7721 9783 7720
f 7911 7912 9749
f 7754 7631 7632
f 7754 7755 7631
f 7722 9782 9783
f 7722 9783 7721
f 9750 7910 7911
f 9750 7911 9749
f 9751 7910 9750
f 7753 7754 7632
f 7723 9781 9782
f 7723 9782 7722
f 7909 7910 9751
f 9780 9781 7723
f 7752 7753 7632
f 7752 7632 7633
f 7908 7909 9751
f 9752 7908 9751
f 7724 9780 7723
f 7751 7752 7633
f 7751 7633 7634
f 7751 7634 7635
f 7725 9779 9780
f 7725 9780 7724
f 7907 9752 9753
f 7907 7908 9752
f 7750 7751 7635
f 7750 7635 7636
f 9754 7907 9753
f 9754 7906 7907
f 7726 9779 7725
f 7726 9778 9779
f 7749 7750 7636
f 9777 9778 7726
f 9777 7726 7727
f 7905 9754 9755
f 7905 7906 9754
f 7748 7749 7636
f 7748 7636 7637
f 7748 7637 7638
f 9756 7904 7905
f 9756 7905 9755
f 7728 9776 9777
f 7728 9777 7727
f 9775 9776 7728
f 7747 7748 7638
f 7747 7638 7639
f 7729 9775 7728
f 9757 7903 7904
f 9757 7904 9756
f 7746 7639 7579
f 7746 7747 7639
f 9758 7903 9757
f 9758 7902 7903
f 7730 9774 9775
f 7730 9775 7729
f 7745 7746 7579
f 7731 9773 9774
f 7731 9774 7730
f 7901 7902 9758
f 7901 9758 9759
f 7744 7745 7579
f 7732 9773 7731
f 9792 7893 7894
f 7973 7881 7972
f 7973 7880 7881
f 9793 7893 9792
f 9793 7892 7893
f 7817 9766 7816
f 7817 9764 9765
f 7817 9765 9766
f 7971 7972 7881
f 7971 7881 7882
f 9791 9792 7894
f 9791 7894 7895
f 9791 7895 7896
f 7815 7816 9766
f 7815 9766 9767
f 7970 7882 7883
f 7970 7971 7882
f 7974 7880 7973
f 7974 7878 7879
f 7974 7879 7880
f 9790 9791 7896
f 9794 7892 9793
f 7818 9764 7817
f 7814 9767 9768
f 7814 7815 9767
f 7969 7883 7884
f 7969 7970 7883
f 7975 7878 7974
f 7813 7814 9768
f 7813 9768 9769
f 9789 7896 7897
f 9789 9790 7896
f 9795 7892 9794
f 9795 7891 7892
f 7819 9764 7818
f 7819 9762 9763
f 7819 9763 9764
f 9788 7897 7898
f 9788 9789 7897
f 7976 7876 7877
f 7976 7877 7878
f 7976 7878 7975
f 9796 7891 9795
f 9796 7889 7890
f 9796 7890 7891
f 7820 9762 7819
f 7968 7884 7885
f 7968 7885 7886
f 7968 7969 7884
f 7812 9769 9770
f 7812 7813 9769
f 7977 7876 7976
f 9797 7889 9796
f 7821 9762 7820
f 7821 9761 9762
f 7967 7968 7886
f 9787 7898 7899
f 9787 9788 7898
f 7811 9770 9771
f 7811 7812 9770
f 7822 7901 9759
f 7822 9761 7821
f 7822 7900 7901
f 7822 9759 9760
f 7822 9760 9761
f 7978 7875 7876
f 7978 7876 7977
f 9798 7889 9797
f 9798 7888 7889
f 9785 7900 7822
f 9785 9787 7899
f 9785 7899 7900
f 7965 7967 7886
f 7965 7886 7887
f 7809 9771 9772
f 7809 7811 9771
f 9786 9785 7822
f 7966 7965 7887
f 9799 7887 7888
f 9799 7966 7887
f 9799 7888 9798
f 7810 9772 9773
f 7810 9773 7732
f 7810 7809 9772
f 7823 9786 7822
f 8016 9799 9800
f 8016 7966 9799
f 7860 7810 7732
f 7860 7732 7733
f 7860 7733 7734
f 9836 9786 7823
f 9836 7823 7824
f 9801 8016 9800
f 7825 9835 9836
f 7825 9836 7824
f 8015 8016 9801
f 7859 7860 7734
f 7859 7734 7735
f 9834 9835 7825
f 7858 7859 7735
f 7826 9834 7825
f 9802 8014 8015
f 9802 8015 9801
f 9803 8014 9802
f 8013 8014 9803
f 7857 7858 7735
f 7857 7735 7736
f 7857 7736 7737
f 9833 9834 7826
f 9833 7826 7827
f 8012 8013 9803
f 7828 9833 7827
f 9832 9833 7828
f 9804 8012 9803
f 7856 7857 7737
f 7856 7737 7738
f 8011 8012 9804
f 8011 9804 9805
f 7855 7856 7738
f 7855 7738 7739
f 9831 9832 7828
f 9831 7828 7829
f 7854 7855 7739
f 9806 8011 9805
f 9806 8010 8011
f 7830 9830 9831
f 7830 9831 7829
f 9807 8010 9806
f 8009 8010 9807
f 9829 9830 7830
f 9829 7830 7831
f 7853 7854 7739
f 7853 7739 7740
f 7853 7740 7741
f 8008 8009 9807
f 7852 7853 7741
f 9808 8008 9807
f 7832 9829 7831
f 7832 9828 9829
f 9827 9828 7832
f 9827 7832 7833
f 7851 7852 7741
f 7851 7741 7742
f 9809 8007 8008
f 9809 8008 9808
f 8006 9809 9810
f 8006 8007 9809
f 7834 9827 7833
f 9826 9827 7834
f 7850 7851 7742
f 7850 7742 7743
f 9811 8005 8006
f 9811 8006 9810
f 7849 7850 7743
f 7849 7744 7579
f 7849 7743 7744
f 7835 9825 9826
f 7835 9826 7834
f 7836 9825 7835
f 9845 7997 7998
f 9845 7998 9844
f 8077 7985 8076
f 8077 7984 7985
f 7921 9818 7920
f 7921 9816 9817
f 7921 9817 9818
f 8075 8076 7985
f 8075 7985 7986
f 9843 7998 7999
f 9843 7999 8000
f 9843 9844 7998
f 7919 7920 9818
f 7919 9818 9819
f 8078 7983 7984
f 8078 7984 8077
f 8074 7986 7987
f 8074 8075 7986
f 9846 7997 9845
f 9846 7996 7997
f 9842 9843 8000
f 7922 9815 9816
f 7922 9816 7921
f 7918 9819 9820
f 7918 7919 9819
f 8073 8074 7987
f 8073 7987 7988
f 9847 7996 9846
f 9847 7995 7996
f 9841 8000 8001
f 9841 9842 8000
f 8079 7982 7983
f 8079 7983 8078
f 7917 7918 9820
f 7917 9820 9821
f 7923 9815 7922
f 9840 9841 8001
f 9840 8001 8002
f 9840 8002 8003
f 8080 7981 7982
f 8080 7982 8079
f 8072 7988 7989
f 8072 8073 7988
f 9848 7995 9847
f 9848 7994 7995
f 7924 9813 9814
f 7924 9814 9815
f 7924 9815 7923
f 7916 7917 9821
f 7916 9821 9822
f 9849 7994 9848
f 9849 7992 7993
f 9849 7993 7994
f 7925 9813 7924
f 8071 8072 7989
f 8071 7989 7990
f 8071 7990 7991
f 9839 9840 8003
f 7915 9822 9823
f 7915 7916 9822
f 7926 9813 7925
f 7926 9811 9812
f 7926 9812 9813
f 7926 8004 8005
f 7926 8005 9811
f 9850 7992 9849
f 8069 8071 7991
f 9837 9839 8003
f 9837 8003 8004
f 9837 8004 7926
f 7913 7915 9823
f 7913 9823 9824
f 7913 9824 9825
f 7600 7875 7978
f 7600 7978 7979
f 7600 8080 8081
f 7600 7979 7980
f 7600 7980 7981
f 7600 8081 8082
f 7600 7981 8080
f 8070 8069 7991
f 9838 9837 7926
f 7927 9838 7926
f 7914 9825 7836
f 7914 7913 9825
f 8083 7600 8082
f 9851 7991 7992
f 9851 7992 9850
f 9851 8070 7991
f 7928 9888 9838
f 7928 9838 7927
f 7964 7914 7836
f 7964 7836 7837
f 8084 7600 8083
f 9852 8120 8070
f 9852 8070 9851
f 7929 9887 9888
f 7929 9888 7928
f 8085 7600 8084
f 7963 7964 7837
f 7963 7837 7838
f 9853 8119 8120
f 9853 8120 9852
f 8118 8119 9853
f 9886 9887 7929
f 7962 7838 7839
f 7962 7963 7838
f 7962 7839 7840
f 7930 9886 7929
f 9854 8118 9853
f 8086 7600 8085
f 7931 9886 7930
f 8087 7600 8086
f 9855 8117 8118
f 9855 8118 9854
f 9885 9886 7931
f 7961 7962 7840
f 7932 9884 9885
f 7932 9885 7931
f 7960 7961 7840
f 7960 7840 7841
f 8088 7600 8087
f 9856 8117 9855
f 9856 8116 8117
f 7933 9884 7932
f 8115 8116 9856
f 8089 7600 8088
f 9883 9884 7933
f 9857 8115 9856
f 7959 7960 7841
f 7959 7841 7842
f 7958 7959 7842
f 7958 7842 7843
f 7934 9882 9883
f 7934 9883 7933
f 9858 8115 9857
f 9858 8114 8115
f 8090 7600 8089
f 8091 7600 8090
f 9881 9882 7934
f 9881 7934 7935
f 9859 8113 8114
f 9859 8114 9858
f 7957 7958 7843
f 7957 7843 7844
f 9880 9881 7935
f 7956 7957 7844
f 7956 7844 7845
f 7956 7845 7846
f 7936 9880 7935
f 9860 8113 9859
f 9860 8112 8113
f 9879 7936 7937
f 9879 9880 7936
f 9861 8111 8112
f 9861 8112 9860
f 7955 7956 7846
f 7938 9879 7937
f 9878 9879 7938
f 7954 7955 7846
f 7954 7846 7847
f 9862 8111 9861
f 9862 8110 8111
f 9863 8110 9862
f 9863 8109 8110
f 7953 7954 7847
f 7953 7847 7848
f 7939 9877 9878
f 7939 9878 7938
f 7599 8091 8092
f 7599 8092 8093
f 7599 8093 8094
f 7599 8094 8095
f 7599 7600 8091
f 8096 7599 8095
f 8024 9869 9870
f 8025 9869 8024
f 8023 9870 9871
f 8023 8024 9870
f 8181 7598 8180
f 9897 8100 8101
f 9897 8101 8102
f 9897 8102 9896
f 8179 8180 7598
f 9895 8102 8103
f 9895 9896 8102
f 8022 9871 9872
f 8022 8023 9871
f 8026 9869 8025
f 8026 9868 9869
f 8178 8179 7598
f 8178 7598 7599
f 8182 7598 8181
f 9894 8103 8104
f 9894 9895 8103
f 9898 8100 9897
f 8021 9872 9873
f 8021 8022 9872
f 8027 9868 8026
f 8027 9867 9868
f 8177 8178 7599
f 9893 9894 8104
f 9893 8104 8105
f 9899 8099 8100
f 9899 8100 9898
f 8183 7598 8182
f 8028 9867 8027
f 8028 9865 9866
f 8028 9866 9867
f 9892 9893 8105
f 9892 8105 8106
f 9892 8106 8107
f 8020 9873 9874
f 8020 9874 9875
f 8020 8021 9873
f 8184 7598 8183
f 9900 8099 9899
f 9900 8098 8099
f 8176 8177 7599
f 8029 9865 8028
f 8019 8020 9875
f 8185 7598 8184
f 9901 8098 9900
f 9901 8096 8097
f 9901 8097 8098
f 9891 9892 8107
f 9891 8107 8108
f 8175 8176 7599
f 8030 9865 8029
f 8030 8108 8109
f 8030 8109 9863
f 8030 9863 9864
f 8030 9864 9865
f 8186 7598 8185
f 8017 9875 9876
f 8017 9876 9877
f 8017 8019 9875
f 9902 7599 8096
f 9902 8096 9901
f 8173 8175 7599
f 9889 9891 8108
f 9889 8108 8030
f 8018 8017 9877
f 8018 9877 7939
f 8018 7939 7940
f 8187 7598 8186
f 9890 9889 8030
f 8174 8173 7599
f 9903 8174 7599
f 9903 7599 9902
f 8031 9890 8030
f 8068 8018 7940
f 8068 7940 7941
f 8224 9903 9904
f 8224 8174 9903
f 9940 9890 8031
f 9940 8031 8032
f 8188 7598 8187
f 8189 7598 8188
f 8033 9940 8032
f 8033 9939 9940
f 8067 8068 7941
f 8067 7941 7942
f 8223 9904 9905
f 8223 8224 9904
f 8066 7942 7943
f 8066 7943 7944
f 8066 8067 7942
f 9906 8223 9905
f 9906 8222 8223
f 9938 9939 8033
f 9938 8033 8034
f 8035 9938 8034
f 9907 8222 9906
f 8065 8066 7944
f 8221 8222 9907
f 9937 9938 8035
f 8064 8065 7944
f 8064 7944 7945
f 8036 9937 8035
f 8036 9936 9937
f 9908 8221 9907
f 9908 8220 8221
f 8037 9936 8036
f 8063 8064 7945
f 8063 7945 7946
f 8219 8220 9908
f 8219 9908 9909
f 9935 9936 8037
f 8062 8063 7946
f 8062 7946 7947
f 8218 8219 9909
f 8038 9935 8037
f 8038 9934 9935
f 9910 8218 9909
f 8061 8062 7947
f 8061 7947 7948
f 8217 9910 9911
f 8217 8218 9910
f 9933 9934 8038
f 9933 8038 8039
f 8060 8061 7948
f 8060 7948 7949
f 8060 7949 7950
f 9912 8217 9911
f 9912 8216 8217
f 9932 8039 8040
f 9932 9933 8039
f 8059 8060 7950
f 9931 9932 8040
f 9931 8040 8041
f 8215 8216 9912
f 8215 9912 9913
f 8058 8059 7950
f 8058 7950 7951
f 8042 9931 8041
f 8214 8215 9913
f 8214 9913 9914
f 9930 9931 8042
f 8043 9930 8042
f 8213 8214 9914
f 9915 8213 9914
f 9929 9930 8043
f 9948 8205 8206
f 8285 8192 8193
f 8285 8193 8284
f 9949 8205 9948
f 8129 9921 9922
f 8129 9922 8128
f 8283 8193 8194
f 8283 8284 8193
f 9947 8206 8207
f 9947 9948 8206
f 8127 9922 9923
f 8127 8128 9922
f 9950 8205 9949
f 9950 8204 8205
f 8282 8283 8194
f 8282 8194 8195
f 8286 8192 8285
f 8286 8190 8191
f 8286 8191 8192
f 9946 9947 8207
f 9946 8207 8208
f 8130 9921 8129
f 8130 9920 9921
f 8126 8127 9923
f 8126 9923 9924
f 9945 9946 8208
f 9945 8208 8209
f 9951 8204 9950
f 9951 8203 8204
f 8287 8190 8286
f 8131 9920 8130
f 8131 9919 9920
f 8125 8126 9924
f 8125 9924 9925
f 8281 8195 8196
f 8281 8196 8197
f 8281 8282 8195
f 9944 8209 8210
f 9944 9945 8209
f 8288 8189 8190
f 8288 8190 8287
f 8288 7598 8189
f 9952 8203 9951
f 9952 8201 8202
f 9952 8202 8203
f 8280 8197 8198
f 8280 8281 8197
f 8132 9918 9919
f 8132 9919 8131
f 8124 9925 9926
f 8124 9926 9927
f 8124 8125 9925
f 9953 8201 9952
f 9953 8200 8201
f 8289 7598 8288
f 8133 9917 9918
f 8133 9918 8132
f 8279 8280 8198
f 9943 8210 8211
f 9943 9944 8210
f 8123 8124 9927
f 8134 8213 9915
f 8134 9915 9916
f 8134 9916 9917
f 8134 9917 8133
f 8134 8212 8213
f 8290 7598 8289
f 9954 8200 9953
f 8277 8198 8199
f 8277 8199 8200
f 8277 8279 8198
f 9941 8212 8134
f 9941 8211 8212
f 9941 9943 8211
f 8121 9927 9928
f 8121 8123 9927
f 7580 7951 7952
f 7580 8052 8053
f 7580 7953 7848
f 7580 7952 7953
f 7580 8053 8054
f 7580 8054 8055
f 7580 8055 8056
f 7580 8056 8057
f 7580 8057 8058
f 7580 8058 7951
f 7580 8047 8048
f 7580 8048 8049
f 7580 8049 8050
f 7580 8050 8051
f 7580 8051 8052
f 7581 8047 7580
f 7581 8121 9928
f 7581 9928 9929
f 7581 9929 8043
f 7581 8043 8044
f 7581 8044 8045
f 7581 8045 8046
f 7581 8046 8047
f 8278 8277 8200
f 9955 8200 9954
f 9955 8278 8200
f 9942 9941 8134
f 8122 8121 7581
f 8135 9942 8134
f 8291 7598 8290
f 9956 8328 8278
f 9956 8278 9955
f 9992 9942 8135
f 8136 9992 8135
f 8172 8122 7581
f 8137 9991 9992
f 8137 9992 8136
f 8327 8328 9956
f 8327 9956 9957
f 8171 8172 7581
f 8326 8327 9957
f 8326 9957 9958
f 8170 7581 7582
f 8170 8171 7581
f 8138 9990 9991
f 8138 9991 8137
f 8139 9990 8138
f 8325 8326 9958
f 8325 9958 9959
f 9989 9990 8139
f 8169 8170 7582
f 8324 8325 9959
f 8168 8169 7582
f 9960 8324 9959
f 8140 9989 8139
f 8140 9988 9989
f 8323 8324 9960
f 8323 9960 9961
f 9987 9988 8140
f 9987 8140 8141
f 8167 8168 7582
f 8166 8167 7582
f 9962 8322 8323
f 9962 8323 9961
f 8142 9986 9987
f 8142 9987 8141
f 8321 8322 9962
f 8321 9962 9963
f 8165 8166 7582
f 9985 9986 8142
f 9985 8142 8143
f 8164 8165 7582
f 9964 8320 8321
f 9964 8321 9963
f 9984 9985 8143
f 9984 8143 8144
f 8163 8164 7582
f 9983 9984 8144
f 9983 8144 8145
f 8319 8320 9964
f 8319 9964 9965
f 8318 8319 9965
f 8318 9965 9966
f 8146 9983 8145
f 8162 8163 7582
f 9982 9983 8146
f 8161 8162 7582
f 9967 8318 9966
f 9967 8317 8318
f 8147 9981 9982
f 8147 9982 8146
f 9980 9981 8147
f 8160 8161 7582
f 8159 8160 7582
f 10000 8309 8310
f 10001 8309 10000
f 8233 9972 9973
f 8233 9973 9974
f 8233 9974 8232
f 8389 8297 8388
f 8389 8296 8297
f 8231 9974 9975
f 8231 8232 9974
f 9999 10000 8310
f 9999 8310 8311
f 8387 8388 8297
f 8387 8297 8298
f 8234 9972 8233
f 8230 9975 9976
f 8230 8231 9975
f 9998 9999 8311
f 9998 8311 8312
f 9998 8312 8313
f 10002 8309 10001
f 10002 8308 8309
f 8390 8294 8295
f 8390 8295 8296
f 8390 8296 8389
f 8386 8387 8298
f 8386 8298 8299
f 8229 9976 9977
f 8229 8230 9976
f 10003 8307 8308
f 10003 8308 10002
f 8235 9971 9972
f 8235 9972 8234
f 9997 9998 8313
f 8391 8294 8390
f 8385 8299 8300
f 8385 8300 8301
f 8385 8386 8299
f 9996 8313 8314
f 9996 9997 8313
f 10004 8307 10003
f 10004 8305 8306
f 10004 8306 8307
f 8236 9971 8235
f 8236 9970 9971
f 8228 9977 9978
f 8228 8229 9977
f 8392 8294 8391
f 8392 8292 8293
f 8392 8293 8294
f 8384 8385 8301
f 10005 8305 10004
f 8237 9970 8236
f 8237 9969 9970
f 9995 9996 8314
f 9995 8314 8315
f 9995 8315 8316
f 8227 9978 9979
f 8227 8228 9978
f 8393 8292 8392
f 8383 8301 8302
f 8383 8384 8301
f 8238 8317 9967
f 8238 8316 8317
f 8238 9969 8237
f 8238 9967 9968
f 8238 9968 9969
f 8394 8291 8292
f 8394 8292 8393
f 8394 7598 8291
f 10006 8303 8304
f 10006 8304 8305
f 10006 8305 10005
f 8225 9979 9980
f 8225 9980 8147
f 8225 8227 9979
f 9993 8316 8238
f 9993 9995 8316
f 8381 8302 8303
f 8381 8383 8302
f 8226 8225 8147
f 8226 8147 8148
f 8226 8148 8149
f 9994 9993 8238
f 10007 8303 10006
f 8382 8303 10007
f 8382 8381 8303
f 8239 9994 8238
f 10044 9994 8239
f 8276 8226 8149
f 8240 10044 8239
f 10008 8382 10007
f 10008 8432 8382
f 8241 10044 8240
f 8241 10043 10044
f 8275 8276 8149
f 8275 8149 8150
f 8431 8432 10008
f 8431 10008 10009
f 8274 8275 8150
f 8274 8150 8151
f 8274 8151 8152
f 10042 10043 8241
f 8242 10042 8241
f 10010 8431 10009
f 10010 8430 8431
f 8273 8274 8152
f 10041 10042 8242
f 10041 8242 8243
f 10011 8430 10010
f 8429 8430 10011
f 8272 8273 8152
f 8272 8152 8153
f 8244 10041 8243
f 8244 10040 10041
f 10012 8429 10011
f 10012 8428 8429
f 8245 10040 8244
f 8271 8153 8154
f 8271 8272 8153
f 10013 8428 10012
f 10039 10040 8245
f 8427 8428 10013
f 8270 8154 8155
f 8270 8271 8154
f 10038 10039 8245
f 8246 10038 8245
f 10014 8427 10013
f 10014 8426 8427
f 8269 8155 8156
f 8269 8270 8155
f 10037 10038 8246
f 10037 8246 8247
f 8425 10014 10015
f 8425 8426 10014
f 8268 8156 8157
f 8268 8157 8158
f 8268 8269 8156
f 10016 8425 10015
f 10016 8424 8425
f 8248 10037 8247
f 8248 10036 10037
f 8267 8268 8158
f 8249 10036 8248
f 8249 10035 10036
f 10017 8424 10016
f 10017 8423 8424
f 8266 8158 8159
f 8266 8267 8158
f 8266 8159 7582
f 8250 10035 8249
f 8250 10034 10035
f 10018 8423 10017
f 10018 8422 8423
f 8265 8266 7582
f 10033 10034 8250
f 8251 10033 8250
f 8421 10018 10019
f 8421 8422 10018
f 8264 8265 7582
f 8493 8400 8401
f 8493 8401 8492
f 10053 8412 8413
f 10053 8413 8414
f 10053 8414 10052
f 8491 8401 8402
f 8491 8492 8401
f 10051 8414 8415
f 10051 10052 8414
f 8337 10026 8336
f 8337 10024 10025
f 8337 10025 10026
f 8335 8336 10026
f 8335 10026 10027
f 8335 10027 10028
f 8494 8399 8400
f 8494 8400 8493
f 8490 8491 8402
f 8490 8402 8403
f 8490 8403 8404
f 10050 10051 8415
f 10050 8415 8416
f 10054 8412 10053
f 8338 10024 8337
f 8334 8335 10028
f 8495 8399 8494
f 8495 8398 8399
f 8489 8490 8404
f 10055 8411 8412
f 10055 8412 10054
f 10049 8416 8417
f 10049 8417 8418
f 10049 10050 8416
f 8339 10024 8338
f 8339 10023 10024
f 8333 8334 10028
f 8333 10028 10029
f 10048 8418 8419
f 10048 10049 8418
f 8496 8398 8495
f 8496 8396 8397
f 8496 8397 8398
f 8488 8489 8404
f 8488 8404 8405
f 8488 8405 8406
f 10056 8410 8411
f 10056 8411 10055
f 8340 10022 10023
f 8340 10023 8339
f 8332 8333 10029
f 8332 10029 10030
f 8332 10030 10031
f 8497 8396 8496
f 10057 8410 10056
f 10057 8409 8410
f 8487 8488 8406
f 8341 10021 10022
f 8341 10022 8340
f 8331 10031 10032
f 8331 8332 10031
f 10047 10048 8419
f 8342 10019 10020
f 8342 10020 10021
f 8342 8421 10019
f 8342 8420 8421
f 8342 10021 8341
f 8498 8395 8396
f 8498 8396 8497
f 8485 8406 8407
f 8485 8487 8406
f 10058 8407 8408
f 10058 8408 8409
f 10058 8409 10057
f 10045 8420 8342
f 10045 8419 8420
f 10045 10047 8419
f 8329 8331 10032
f 8486 8485 8407
f 10059 8407 10058
f 10059 8486 8407
f 10046 10045 8342
f 8343 10046 8342
f 8330 10033 8251
f 8330 8329 10032
f 8330 10032 10033
f 8330 8251 8252
f 8330 8252 8253
f 10096 10046 8343
f 10096 8343 8344
f 10060 8486 10059
f 10060 8536 8486
f 8380 8330 8253
f 10061 8536 10060
f 8345 10095 10096
f 8345 10096 8344
f 8535 8536 10061
f 8379 8380 8253
f 8379 8253 8254
f 10062 8535 10061
f 10062 8534 8535
f 8378 8254 8255
f 8378 8255 8256
f 8378 8379 8254
f 8346 10094 10095
f 8346 10095 8345
f 8533 8534 10062
f 8533 10062 10063
f 10093 10094 8346
f 10093 8346 8347
f 8377 8378 8256
f 10064 8533 10063
f 10064 8532 8533
f 8348 10092 10093
f 8348 10093 8347
f 8376 8256 8257
f 8376 8377 8256
f 8531 8532 10064
f 8531 10064 10065
f 10091 10092 8348
f 10091 8348 8349
f 8375 8257 8258
f 8375 8376 8257
f 8374 8258 8259
f 8374 8375 8258
f 8350 10090 10091
f 8350 10091 8349
f 10066 8530 8531
f 10066 8531 10065
f 10067 8530 10066
f 8529 8530 10067
f 10089 10090 8350
f 10089 8350 8351
f 8373 8374 8259
f 8373 8259 8260
f 10088 10089 8351
f 10088 8351 8352
f 10068 8529 10067
f 10068 8528 8529
f 8372 8260 8261
f 8372 8261 8262
f 8372 8373 8260
f 10069 8528 10068
f 10069 8527 8528
f 10087 10088 8352
f 10087 8352 8353
f 8371 8372 8262
f 8526 8527 10069
f 8526 10069 10070
f 10086 10087 8353
f 10086 8353 8354
f 8370 8371 8262
f 8370 8262 8263
f 8355 10085 10086
f 8355 10086 8354
f 10071 8526 10070
f 10071 8525 8526
f 8369 8263 8264
f 8369 8264 7582
f 8369 8370 8263
f 10105 8516 8517
f 10105 8517 8518
f 10105 8518 10104
f 8597 8504 8505
f 8597 8505 8596
f 8441 10077 10078
f 8441 10078 8440
f 8595 8505 8506
f 8595 8596 8505
f 8439 10078 10079
f 8439 8440 10078
f 10103 8518 8519
f 10103 8519 8520
f 10103 10104 8518
f 10102 10103 8520
f 10102 8520 8521
f 8442 10075 10076
f 8442 10076 10077
f 8442 10077 8441
f 8438 10079 10080
f 8438 8439 10079
f 10106 8516 10105
f 10106 8515 8516
f 8598 8504 8597
f 8598 8503 8504
f 8594 8595 8506
f 8594 8506 8507
f 8599 8503 8598
f 8599 8502 8503
f 8437 10080 10081
f 8437 8438 10080
f 10107 8515 10106
f 10101 10102 8521
f 10101 8521 8522
f 8593 8507 8508
f 8593 8594 8507
f 8443 10075 8442
f 10100 8522 8523
f 10100 10101 8522
f 8600 8501 8502
f 8600 8502 8599
f 8444 10074 10075
f 8444 10075 8443
f 10108 8514 8515
f 10108 8515 10107
f 8592 8508 8509
f 8592 8593 8508
f 8436 10081 10082
f 8436 8437 10081
f 8445 10073 10074
f 8445 10074 8444
f 10109 8513 8514
f 10109 8514 10108
f 8591 8592 8509
f 8591 8509 8510
f 8435 10082 10083
f 8435 8436 10082
f 10099 10100 8523
f 8446 10072 10073
f 8446 10073 8445
f 8446 8524 8525
f 8446 8525 10071
f 8446 10071 10072
f 10110 8513 10109
f 10110 8511 8512
f 10110 8512 8513
f 8589 8510 8511
f 8589 8591 8510
f 10097 10099 8523
f 10097 8523 8524
f 10097 8524 8446
f 8433 10083 10084
f 8433 10084 10085
f 8433 8435 10083
f 7597 8395 8498
f 7597 8394 8395
f 7597 8498 8499
f 7597 8600 8601
f 7597 8499 8500
f 7597 8500 8501
f 7597 8601 8602
f 7597 8501 8600
f 7597 7598 8394
f 10098 10097 8446
f 8590 8511 10110
f 8590 10110 10111
f 8590 8589 8511
f 8447 10098 8446
f 8434 8355 8356
f 8434 10085 8355
f 8434 8433 10085
f 8603 7597 8602
f 8484 8356 8357
f 8484 8434 8356
f 8448 10098 8447
f 10148 10098 8448
f 8640 8590 10111
f 8640 10111 10112
f 8604 7597 8603
f 8449 10148 8448
f 8449 10147 10148
f 8639 10112 10113
f 8639 8640 10112
f 8605 7597 8604
f 8483 8484 8357
f 8483 8357 8358
f 8482 8358 8359
f 8482 8483 8358
f 10114 8639 10113
f 10114 8638 8639
f 8450 10147 8449
f 8450 10146 10147
f 8606 7597 8605
f 8451 10146 8450
f 8481 8359 8360
f 8481 8482 8359
f 10145 10146 8451
f 8637 10114 10115
f 8637 8638 10114
f 8607 7597 8606
f 8480 8360 8361
f 8480 8481 8360
f 10144 10145 8451
f 8636 10115 10116
f 8636 8637 10115
f 8452 10144 8451
f 8608 7597 8607
f 8453 10144 8452
f 8635 8636 10116
f 8635 10116 10117
f 8479 8361 8362
f 8479 8480 8361
f 10143 10144 8453
f 8609 7597 8608
f 8478 8362 8363
f 8478 8479 8362
f 10142 10143 8453
f 8454 10142 8453
f 10118 8635 10117
f 10118 8634 8635
f 8610 7597 8609
f 8455 10142 8454
f 8477 8478 8363
f 8477 8363 8364
f 10141 10142 8455
f 8633 10118 10119
f 8633 8634 10118
f 8611 7597 8610
f 8476 8364 8365
f 8476 8365 8366
f 8476 8477 8364
f 8456 10141 8455
f 10140 10141 8456
f 10120 8633 10119
f 10120 8632 8633
f 8475 8476 8366
f 10139 8456 8457
f 10139 10140 8456
f 8631 8632 10120
f 8631 10120 10121
f 8474 8366 8367
f 8474 8475 8366
f 10138 8457 8458
f 10138 10139 8457
f 8630 10121 10122
f 8630 8631 10121
f 8473 8367 8368
f 8473 8474 8367
f 8459 10138 8458
f 8459 10137 10138
f 10123 8630 10122
f 10123 8629 8630
f 7596 7597 8611
f 7596 8611 8612
f 7596 8612 8613
f 7596 8613 8614
f 7596 8614 8615
f 8460 10137 8459
f 8616 7596 8615
f 8545 10130 8544
f 8545 10129 10130
f 10157 8622 10156
f 10157 8620 8621
f 10157 8621 8622
f 8543 8544 10130
f 8543 10130 10131
f 10155 10156 8622
f 10155 8622 8623
f 8701 7595 8700
f 8699 8700 7595
f 8546 10128 10129
f 8546 10129 8545
f 8542 8543 10131
f 8542 10131 10132
f 10154 8623 8624
f 10154 10155 8623
f 10158 8620 10157
f 8702 7595 8701
f 8698 7595 7596
f 8698 8699 7595
f 10153 8624 8625
f 10153 10154 8624
f 8547 10128 8546
f 8547 10127 10128
f 8541 8542 10132
f 8541 10132 10133
f 10159 8619 8620
f 10159 8620 10158
f 8703 7595 8702
f 8697 8698 7596
f 10152 8625 8626
f 10152 10153 8625
f 8548 10127 8547
f 8548 10126 10127
f 8540 10133 10134
f 8540 8541 10133
f 10160 8618 8619
f 10160 8619 10159
f 8696 8697 7596
f 8704 7595 8703
f 8549 10126 8548
f 8549 10125 10126
f 10161 8618 10160
f 10161 8616 8617
f 10161 8617 8618
f 8539 8540 10134
f 8539 10134 10135
f 10151 10152 8626
f 10151 8626 8627
f 8705 7595 8704
f 8695 8696 7596
f 8550 10125 8549
f 8550 10123 10124
f 8550 10124 10125
f 8550 8628 8629
f 8550 8629 10123
f 8706 7595 8705
f 8537 10135 10136
f 8537 8539 10135
f 10149 10151 8627
f 10149 8628 8550
f 10149 8627 8628
f 8693 8695 7596
f 10162 8616 10161
f 10162 7596 8616
f 8538 8537 10136
f 8538 10136 10137
f 8538 10137 8460
f 10150 10149 8550
f 8694 8693 7596
f 8551 10150 8550
f 10163 7596 10162
f 10163 8694 7596
f 8707 7595 8706
f 10200 10150 8551
f 8588 8460 8461
f 8588 8538 8460
f 8552 10200 8551
f 8744 8694 10163
f 8744 10163 10164
f 8708 7595 8707
f 10199 10200 8552
f 8553 10199 8552
f 10165 8744 10164
f 10165 8743 8744
f 8709 7595 8708
f 8587 8461 8462
f 8587 8588 8461
f 8586 8462 8463
f 8586 8463 8464
f 8586 8587 8462
f 8554 10198 10199
f 8554 10199 8553
f 10166 8743 10165
f 8742 8743 10166
f 10197 10198 8554
f 10197 8554 8555
f 8585 8586 8464
f 8741 8742 10166
f 8741 10166 10167
f 8584 8464 8465
f 8584 8585 8464
f 8556 10196 10197
f 8556 10197 8555
f 8740 10167 10168
f 8740 8741 10167
f 8557 10196 8556
f 10195 10196 8557
f 8739 8740 10168
f 8583 8465 8466
f 8583 8584 8465
f 10169 8739 10168
f 8738 8739 10169
f 8582 8583 8466
f 8582 8466 8467
f 8558 10195 8557
f 8558 10194 10195
f 10170 8738 10169
f 10193 8558 8559
f 10193 10194 8558
f 8581 8467 8468
f 8581 8582 8467
f 8737 8738 10170
f 8737 10170 10171
f 8580 8468 8469
f 8580 8469 8470
f 8580 8581 8468
f 10172 8737 10171
f 10172 8736 8737
f 8560 10192 10193
f 8560 10193 8559
f 10191 8560 8561
f 10191 10192 8560
f 8579 8580 8470
f 8735 8736 10172
f 8735 10172 10173
f 10190 10191 8561
f 8578 8470 8471
f 8578 8579 8470
f 8562 10190 8561
f 10174 8735 10173
f 8734 8735 10174
f 8563 10189 10190
f 8563 10190 8562
f 10175 8734 10174
f 8733 8734 10175
f 8804 8712 8713
f 8805 8712 8804
f 8649 10180 10181
f 8649 10181 10182
f 8649 10182 8648
f 10209 8725 8726
f 10209 8726 10208
f 10207 8726 8727
f 10207 10208 8726
f 8803 8713 8714
f 8803 8804 8713
f 8647 10182 10183
f 8647 10183 10184
f 8647 8648 10182
f 10206 10207 8727
f 10206 8727 8728
f 10210 8725 10209
f 10210 8724 8725
f 8806 8711 8712
f 8806 8712 8805
f 8802 8803 8714
f 8802 8714 8715
f 8650 10180 8649
f 8646 8647 10184
f 10211 8724 10210
f 10211 8723 8724
f 10205 10206 8728
f 10205 8728 8729
f 8807 8710 8711
f 8807 8711 8806
f 8801 8802 8715
f 8801 8715 8716
f 8651 10179 10180
f 8651 10180 8650
f 8645 10184 10185
f 8645 8646 10184
f 8800 8716 8717
f 8800 8717 8718
f 8800 8801 8716
f 8644 10185 10186
f 8644 8645 10185
f 10204 10205 8729
f 10204 8729 8730
f 10212 8723 10211
f 10212 8721 8722
f 10212 8722 8723
f 8808 8709 8710
f 8808 7595 8709
f 8808 8710 8807
f 8652 10178 10179
f 8652 10179 8651
f 10213 8721 10212
f 10203 10204 8730
f 10203 8730 8731
f 8809 7595 8808
f 8799 8800 8718
f 8653 10177 10178
f 8653 10178 8652
f 8643 8644 10186
f 8643 10186 10187
f 8654 10177 8653
f 8654 10175 10176
f 8654 10176 10177
f 8654 8732 8733
f 8654 8733 10175
f 8810 7595 8809
f 10214 8721 10213
f 10214 8719 8720
f 10214 8720 8721
f 8797 8718 8719
f 8797 8799 8718
f 10201 10203 8731
f 10201 8732 8654
f 10201 8731 8732
f 8641 10187 10188
f 8641 8643 10187
f 7583 8578 8471
f 7583 8567 8568
f 7583 8568 8569
f 7583 8569 8570
f 7583 8570 8571
f 7583 8571 8572
f 7583 8471 8472
f 7583 8572 8573
f 7583 8472 8473
f 7583 8573 8574
f 7583 8574 8575
f 7583 8575 8576
f 7583 8576 8577
f 7583 8577 8578
f 7583 8473 8368
f 7584 10189 8563
f 7584 8563 8564
f 7584 8564 8565
f 7584 8565 8566
f 7584 8566 8567
f 7584 8567 7583
f 7584 10188 10189
f 7584 8641 10188
f 8798 8797 8719
f 8811 7595 8810
f 8642 8641 7584
f 10215 8719 10214
f 10215 8798 8719
f 10202 8654 8655
f 10202 10201 8654
f 8848 10215 10216
f 8848 8798 10215
f 8692 8642 7584
f 8656 10202 8655
f 8656 10252 10202
f 8691 8692 7584
f 10251 10252 8656
f 10251 8656 8657
f 10217 8848 10216
f 10217 8847 8848
f 8846 10217 10218
f 8846 8847 10217
f 8658 10250 10251
f 8658 10251 8657
f 8690 7584 7585
f 8690 8691 7584
f 8845 10218 10219
f 8845 8846 10218
f 8689 8690 7585
f 8659 10249 10250
f 8659 10250 8658
f 8660 10249 8659
f 10248 10249 8660
f 8844 10219 10220
f 8844 8845 10219
f 8688 8689 7585
f 8687 8688 7585
f 10247 8660 8661
f 10247 10248 8660
f 10221 8844 10220
f 10221 8843 8844
f 8686 8687 7585
f 10246 8661 8662
f 10246 10247 8661
f 10222 8843 10221
f 10222 8842 8843
f 10245 10246 8662
f 8841 8842 10222
f 8841 10222 10223
f 8685 8686 7585
f 8663 10245 8662
f 10224 8841 10223
f 8840 8841 10224
f 8684 8685 7585
f 8664 10245 8663
f 8664 10244 10245
f 8665 10244 8664
f 10243 10244 8665
f 8839 8840 10224
f 8839 10224 10225
f 8683 8684 7585
f 8838 8839 10225
f 8838 10225 10226
f 8682 8683 7585
f 8666 10242 10243
f 8666 10243 8665
f 8837 10226 10227
f 8837 8838 10226
f 8681 8682 7585
f 8667 10242 8666
f 8667 10241 10242
f 10240 10241 8667
f 8680 8681 7585
f 8679 8680 7585
f 8752 10234 10235
f 8908 8817 8818
f 10260 8829 8830
f 8753 10232 10233
f 8753 10234 8752
f 8753 10233 10234
f 8909 8817 8908
f 8909 8815 8816
f 8909 8816 8817
f 10261 8829 10260
f 10259 8830 8831
f 10259 10260 8830
f 8751 8752 10235
f 8907 8908 8818
f 10258 8831 8832
f 10258 10259 8831
f 10262 8828 8829
f 10262 8829 10261
f 8910 8815 8909
f 8906 8907 8818
f 8906 8818 8819
f 8754 10232 8753
f 8754 10231 10232
f 8750 10235 10236
f 8750 8751 10235
f 8911 8815 8910
f 8911 8814 8815
f 8905 8906 8819
f 8905 8819 8820
f 10257 10258 8832
f 10257 8832 8833
f 10257 8833 8834
f 8755 10231 8754
f 10263 8828 10262
f 10263 8826 8827
f 10263 8827 8828
f 8749 8750 10236
f 8749 10236 10237
f 8748 10237 10238
f 8748 10238 10239
f 8748 8749 10237
f 10256 10257 8834
f 10264 8826 10263
f 8904 8820 8821
f 8904 8905 8820
f 8756 10231 8755
f 8756 10230 10231
f 8912 8813 8814
f 8912 8814 8911
f 10255 8834 8835
f 10255 8835 8836
f 10255 10256 8834
f 8913 8812 8813
f 8913 8813 8912
f 10265 8826 10264
f 10265 8825 8826
f 8903 8904 8821
f 8903 8821 8822
f 8903 8822 8823
f 8757 10230 8756
f 8757 10229 10230
f 8747 8748 10239
f 8758 8837 10227
f 8758 10229 8757
f 8758 10227 10228
f 8758 10228 10229
f 8758 8836 8837
f 8914 8812 8913
f 8914 8811 8812
f 8914 7595 8811
f 10266 8825 10265
f 10266 8823 8824
f 10266 8824 8825
f 8901 8903 8823
f 10253 10255 8836
f 8745 8667 8668
f 8745 10239 10240
f 8745 8747 10239
f 8745 10240 8667
f 8746 8745 8668
f 10267 8902 8901
f 10267 8823 10266
f 10267 8901 8823
f 10254 8836 8758
f 10254 10253 8836
f 10254 8758 8759
f 8952 8902 10267
f 10268 8952 10267
f 8796 8668 8669
f 8796 8746 8668
f 8760 10254 8759
f 8760 10304 10254
f 8795 8669 8670
f 8795 8796 8669
f 10303 8760 8761
f 10303 10304 8760
f 10269 8952 10268
f 10269 8951 8952
f 8950 8951 10269
f 10302 10303 8761
f 10270 8950 10269
f 8794 8670 8671
f 8794 8671 8672
f 8794 8795 8670
f 8762 10302 8761
f 8949 8950 10270
f 8949 10270 10271
f 8793 8794 8672
f 8763 10301 10302
f 8763 10302 8762
f 10272 8949 10271
f 8792 8793 8672
f 8792 8672 8673
f 8764 10301 8763
f 8764 10300 10301
f 8948 8949 10272
f 8791 8673 8674
f 8791 8792 8673
f 10299 10300 8764
f 10273 8948 10272
f 10273 8947 8948
f 8765 10299 8764
f 8790 8674 8675
f 8790 8791 8674
f 10298 8765 8766
f 10298 10299 8765
f 10274 8947 10273
f 10274 8946 8947
f 10275 8946 10274
f 10275 8945 8946
f 8789 8790 8675
f 8789 8675 8676
f 8767 10297 10298
f 8767 10298 8766
f 10276 8945 10275
f 10276 8944 8945
f 8788 8676 8677
f 8788 8677 8678
f 8788 8789 8676
f 8768 10296 10297
f 8768 10297 8767
f 8787 8788 8678
f 8769 10295 10296
f 8769 10296 8768
f 8943 10276 10277
f 8943 8944 10276
f 10294 10295 8769
f 8942 8943 10277
f 10278 8942 10277
f 8786 8678 8679
f 8786 8679 7585
f 8786 8787 8678
f 8770 10294 8769
f 10279 8942 10278
f 8785 8786 7585
f 8771 10294 8770
f 8771 10293 10294
f 8941 8942 10279
f 8784 8785 7585
f 9012 8920 8921
f 10313 8934 10312
f 10313 8933 8934
f 8857 10284 10285
f 8857 10285 10286
f 8857 10286 8856
f 9011 8921 8922
f 9011 9012 8921
f 9013 8920 9012
f 10311 10312 8934
f 10311 8934 8935
f 8855 10286 10287
f 8855 10287 10288
f 8855 8856 10286
f 9014 8920 9013
f 9014 8919 8920
f 9010 8922 8923
f 9010 9011 8922
f 8858 10284 8857
f 8854 8855 10288
f 10310 8935 8936
f 10310 10311 8935
f 10314 8933 10313
f 10314 8932 8933
f 8859 10282 10283
f 8859 10283 10284
f 8859 10284 8858
f 9009 9010 8923
f 9009 8923 8924
f 10315 8932 10314
f 10315 8931 8932
f 8853 10288 10289
f 8853 10289 10290
f 8853 8854 10288
f 9015 8919 9014
f 9015 8918 8919
f 10309 10310 8936
f 10309 8936 8937
f 10308 10309 8937
f 10308 8937 8938
f 10308 8938 8939
f 8852 8853 10290
f 9008 8924 8925
f 9008 8925 8926
f 9008 9009 8924
f 9016 8918 9015
f 9016 8916 8917
f 9016 8917 8918
f 10316 8931 10315
f 10316 8929 8930
f 10316 8930 8931
f 8860 10282 8859
f 9017 8916 9016
f 8861 10281 10282
f 8861 10282 8860
f 8851 10290 10291
f 8851 8852 10290
f 9007 9008 8926
f 9007 8926 8927
f 10317 8929 10316
f 10317 8928 8929
f 10307 10308 8939
f 8862 10279 10280
f 8862 10280 10281
f 8862 8941 10279
f 8862 8940 8941
f 8862 10281 8861
f 9018 8916 9017
f 9018 8915 8916
f 10305 10307 8939
f 10305 8940 8862
f 10305 8939 8940
f 8849 10291 10292
f 8849 8851 10291
f 9005 9007 8927
f 10318 8928 10317
f 10318 8927 8928
f 9006 9005 8927
f 10319 8927 10318
f 10319 9006 8927
f 10306 10305 8862
f 8863 10306 8862
f 8850 8771 8772
f 8850 10292 10293
f 8850 8849 10292
f 8850 10293 8771
f 8900 8772 8773
f 8900 8850 8772
f 8864 10306 8863
f 10356 10306 8864
f 10320 9006 10319
f 10320 9056 9006
f 10321 9056 10320
f 10321 9055 9056
f 8899 8773 8774
f 8899 8900 8773
f 8865 10355 10356
f 8865 10356 8864
f 9054 9055 10321
f 10354 10355 8865
f 10322 9054 10321
f 8898 8774 8775
f 8898 8899 8774
f 8866 10354 8865
f 8897 8898 8775
f 8897 8775 8776
f 10353 8866 8867
f 10353 10354 8866
f 10323 9053 9054
f 10323 9054 10322
f 9052 9053 10323
f 9052 10323 10324
f 8896 8776 8777
f 8896 8897 8776
f 8868 10353 8867
f 8868 10352 10353
f 8895 8777 8778
f 8895 8896 8777
f 9051 9052 10324
f 9051 10324 10325
f 8869 10352 8868
f 8869 10351 10352
f 8894 8778 8779
f 8894 8895 8778
f 8870 10351 8869
f 8870 10350 10351
f 9050 10325 10326
f 9050 9051 10325
f 8893 8779 8780
f 8893 8894 8779
f 9049 9050 10326
f 10349 8870 8871
f 10349 10350 8870
f 10327 9049 10326
f 8892 8780 8781
f 8892 8893 8780
f 8892 8781 8782
f 8872 10349 8871
f 8872 10348 10349
f 10328 9049 10327
f 10328 9048 9049
f 9047 10328 10329
f 9047 9048 10328
f 8891 8892 8782
f 8873 10347 10348
f 8873 10348 8872
f 8890 8782 8783
f 8890 8783 8784
f 8890 8891 8782
f 10346 10347 8873
f 10346 8873 8874
f 10330 9047 10329
f 10330 9046 9047
f 10331 9046 10330
f 9045 9046 10331
f 10345 10346 8874
f 8889 8890 8784
f 8889 8784 7585
f 8875 10345 8874
f 8888 8889 7585
f 9116 9025 9026
f 10365 9038 10364
f 10365 9037 9038
f 8961 10337 10338
f 8961 10338 8960
f 8959 10338 10339
f 8959 8960 10338
f 9117 9025 9116
f 9117 9024 9025
f 9115 9026 9027
f 9115 9116 9026
f 10363 10364 9038
f 10363 9038 9039
f 8962 10336 10337
f 8962 10337 8961
f 8958 8959 10339
f 8958 10339 10340
f 10362 10363 9039
f 10362 9039 9040
f 10366 9037 10365
f 10366 9036 9037
f 9118 9024 9117
f 9118 9023 9024
f 9114 9115 9027
f 8963 10336 8962
f 8963 10334 10335
f 8963 10335 10336
f 8957 8958 10340
f 8957 10340 10341
f 8957 10341 10342
f 10367 9036 10366
f 10367 9035 9036
f 9113 9114 9027
f 9113 9027 9028
f 9119 9023 9118
f 9119 9021 9022
f 9119 9022 9023
f 10361 10362 9040
f 10361 9040 9041
f 10360 10361 9041
f 10360 9041 9042
f 9120 9021 9119
f 9112 9113 9028
f 9112 9028 9029
f 8964 10334 8963
f 10368 9035 10367
f 10368 9034 9035
f 8956 8957 10342
f 8956 10342 10343
f 8965 10333 10334
f 8965 10334 8964
f 8955 8956 10343
f 9111 9112 9029
f 9111 9029 9030
f 9111 9030 9031
f 10369 9034 10368
f 10369 9033 9034
f 10359 10360 9042
f 10359 9042 9043
f 10359 9043 9044
f 8966 9045 10331
f 8966 10333 8965
f 8966 10331 10332
f 8966 10332 10333
f 8966 9044 9045
f 10370 9033 10369
f 10370 9031 9032
f 10370 9032 9033
f 10357 10359 9044
f 10357 9044 8966
f 9109 9111 9031
f 8953 10343 10344
f 8953 8955 10343
f 7594 9021 9120
f 7594 8914 8915
f 7594 9018 9019
f 7594 7595 8914
f 7594 9120 9121
f 7594 9019 9020
f 7594 9020 9021
f 7594 9121 9122
f 7594 8915 9018
f 9110 9109 9031
f 10371 9031 10370
f 10371 9110 9031
f 10358 10357 8966
f 8967 10358 8966
f 9123 7594 9122
f 8954 8875 8876
f 8954 10345 8875
f 8954 10344 10345
f 8954 8953 10344
f 9004 8876 8877
f 9004 8954 8876
f 9124 7594 9123
f 8968 10358 8967
f 8968 10408 10358
f 10372 9110 10371
f 10372 9160 9110
f 10373 9160 10372
f 10373 9159 9160
f 9003 8877 8878
f 9003 9004 8877
f 9125 7594 9124
f 8969 10407 10408
f 8969 10408 8968
f 9002 8878 8879
f 9002 8879 8880
f 9002 9003 8878
f 10406 8969 8970
f 10406 10407 8969
f 9158 9159 10373
f 9126 7594 9125
f 10374 9158 10373
f 9001 9002 8880
f 9127 7594 9126
f 8971 10406 8970
f 8971 10405 10406
f 10375 9158 10374
f 10375 9157 9158
f 9000 8880 8881
f 9000 9001 8880
f 9128 7594 9127
f 10404 8971 8972
f 10404 10405 8971
f 10376 9157 10375
f 10376 9156 9157
f 8973 10403 10404
f 8973 10404 8972
f 9129 7594 9128
f 8999 8881 8882
f 8999 9000 8881
f 10377 9156 10376
f 10377 9155 9156
f 10378 9155 10377
f 10378 9154 9155
f 9130 7594 9129
f 8974 10402 10403
f 8974 10403 8973
f 8998 8882 8883
f 8998 8999 8882
f 8997 8883 8884
f 8997 8998 8883
f 9153 10378 10379
f 9153 9154 10378
f 9131 7594 9130
f 10401 8974 8975
f 10401 10402 8974
f 8996 8884 8885
f 8996 8885 8886
f 8996 8997 8884
f 8976 10400 10401
f 8976 10401 8975
f 10380 9153 10379
f 10380 9152 9153
f 9151 9152 10380
f 8995 8996 8886
f 10399 8976 8977
f 10399 10400 8976
f 10381 9151 10380
f 8994 8886 8887
f 8994 8887 8888
f 8994 8995 8886
f 8978 10399 8977
f 8978 10398 10399
f 10382 9150 9151
f 10382 9151 10381
f 10383 9150 10382
f 9149 9150 10383
f 8993 8994 8888
f 10397 10398 8978
f 8979 10397 8978
f 7593 7594 9131
f 7593 9131 9132
f 7593 9132 9133
f 7593 9133 9134
f 7593 9134 9135
f 9136 7593 9135
f 9064 10390 10391
f 9221 7592 9220
f 9219 9220 7592
f 9065 10389 10390
f 9065 10390 9064
f 10417 9142 10416
f 10417 9141 9142
f 9063 9064 10391
f 10415 10416 9142
f 10415 9142 9143
f 9222 7592 9221
f 9218 9219 7592
f 9218 7592 7593
f 10414 10415 9143
f 10414 9143 9144
f 9066 10388 10389
f 9066 10389 9065
f 9062 10391 10392
f 9062 10392 10393
f 9062 9063 10391
f 10418 9141 10417
f 10418 9140 9141
f 9217 9218 7593
f 10419 9140 10418
f 10419 9139 9140
f 9223 7592 9222
f 9067 10387 10388
f 9067 10388 9066
f 10413 10414 9144
f 10413 9144 9145
f 9061 10393 10394
f 9061 9062 10393
f 9224 7592 9223
f 9216 9217 7593
f 9060 9061 10394
f 10412 10413 9145
f 10412 9145 9146
f 10412 9146 9147
f 9068 10385 10386
f 9068 10386 10387
f 9068 10387 9067
f 10420 9139 10419
f 10420 9138 9139
f 9225 7592 9224
f 9215 9216 7593
f 9059 10394 10395
f 9059 10395 10396
f 9059 9060 10394
f 9069 10385 9068
f 10421 9136 9137
f 10421 9138 10420
f 10421 9137 9138
f 10411 10412 9147
f 9070 10385 9069
f 9070 9149 10383
f 9070 10383 10384
f 9070 10384 10385
f 9070 9148 9149
f 9226 7592 9225
f 9213 9215 7593
f 10422 9136 10421
f 10422 7593 9136
f 10409 10411 9147
f 10409 9147 9148
f 10409 9148 9070
f 9057 10397 8979
f 9057 10396 10397
f 9057 9059 10396
f 9214 9213 7593
f 10423 9214 7593
f 10423 7593 10422
f 9227 7592 9226
f 9058 8979 8980
f 9058 9057 8979
f 10410 9070 9071
f 10410 10409 9070
f 9228 7592 9227
f 10424 9264 9214
f 10424 9214 10423
f 9108 8980 8981
f 9108 9058 8980
f 10460 9071 9072
f 10460 10410 9071
f 9229 7592 9228
f 10425 9264 10424
f 10425 9263 9264
f 9107 8981 8982
f 9107 9108 8981
f 10459 9072 9073
f 10459 10460 9072
f 9262 9263 10425
f 10426 9262 10425
f 10458 9073 9074
f 10458 10459 9073
f 9106 8982 8983
f 9106 9107 8982
f 10427 9262 10426
f 9261 9262 10427
f 10457 9074 9075
f 10457 10458 9074
f 9105 8983 8984
f 9105 9106 8983
f 10428 9261 10427
f 10428 9260 9261
f 9104 8984 8985
f 9104 9105 8984
f 10456 9075 9076
f 10456 10457 9075
f 9259 9260 10428
f 10429 9259 10428
f 9103 9104 8985
f 9103 8985 8986
f 10455 9076 9077
f 10455 10456 9076
f 9258 9259 10429
f 10430 9258 10429
f 9078 10455 9077
f 9078 10454 10455
f 9102 8986 8987
f 9102 9103 8986
f 9257 10430 10431
f 9257 9258 10430
f 9079 10454 9078
f 10453 10454 9079
f 9101 8987 8988
f 9101 9102 8987
f 9256 10431 10432
f 9256 9257 10431
f 10452 10453 9079
f 9080 10452 9079
f 9100 8988 8989
f 9100 9101 8988
f 10433 9256 10432
f 10433 9255 9256
f 9099 9100 8989
f 9099 8989 8990
f 9099 8990 8991
f 10451 9080 9081
f 10451 10452 9080
f 10434 9255 10433
f 10434 9254 9255
f 9098 9099 8991
f 9082 10450 10451
f 9082 10451 9081
f 10435 9254 10434
f 9253 9254 10435
f 10449 9082 9083
f 10449 10450 9082
f 9252 9253 10435
f 9325 9233 9324
f 9325 9231 9232
f 9325 9232 9233
f 9169 10441 10442
f 9169 10442 9168
f 9167 10442 10443
f 9167 9168 10442
f 10469 9246 10468
f 10469 9245 9246
f 9323 9324 9233
f 9323 9233 9234
f 9323 9234 9235
f 10467 10468 9246
f 10467 9246 9247
f 9170 10441 9169
f 9170 10439 10440
f 9170 10440 10441
f 9166 10443 10444
f 9166 10444 10445
f 9166 9167 10443
f 10470 9245 10469
f 10470 9243 9244
f 10470 9244 9245
f 10466 10467 9247
f 10466 9247 9248
f 9326 9231 9325
f 9322 9323 9235
f 9322 9235 9236
f 9321 9322 9236
f 10465 10466 9248
f 10465 9248 9249
f 10471 9243 10470
f 9327 9231 9326
f 9327 9230 9231
f 9171 10439 9170
f 9165 9166 10445
f 9320 9236 9237
f 9320 9321 9236
f 9172 10438 10439
f 9172 10439 9171
f 9164 9165 10445
f 9164 10445 10446
f 10464 10465 9249
f 10464 9249 9250
f 10464 9250 9251
f 9328 7592 9229
f 9328 9229 9230
f 9328 9230 9327
f 10472 9243 10471
f 10472 9241 9242
f 10472 9242 9243
f 9329 7592 9328
f 9173 10437 10438
f 9173 10438 9172
f 9163 10446 10447
f 9163 9164 10446
f 10473 9240 9241
f 10473 9241 10472
f 10463 10464 9251
f 9319 9320 9237
f 9319 9237 9238
f 9174 10435 10436
f 9174 10436 10437
f 9174 10437 9173
f 9174 9252 10435
f 9330 7592 9329
f 9317 9319 9238
f 9317 9238 9239
f 9317 9239 9240
f 9161 10447 10448
f 9161 9163 10447
f 10474 9240 10473
f 10474 9317 9240
f 10461 9252 9174
f 10461 9251 9252
f 10461 10463 9251
f 7586 8888 7585
f 7586 8993 8888
f 7586 9087 9088
f 7586 9088 9089
f 7586 9089 9090
f 7586 9090 9091
f 7586 9091 9092
f 7586 8991 8992
f 7586 9092 9093
f 7586 8992 8993
f 7586 9093 9094
f 7586 9094 9095
f 7586 9095 9096
f 7586 9096 9097
f 7586 9097 9098
f 7586 9098 8991
f 7587 9161 10448
f 7587 9087 7586
f 7587 9083 9084
f 7587 9084 9085
f 7587 9085 9086
f 7587 9086 9087
f 7587 10449 9083
f 7587 10448 10449
f 9318 9317 10474
f 10475 9318 10474
f 9331 7592 9330
f 9162 9161 7587
f 10462 9174 9175
f 10462 10461 9174
f 9212 9162 7587
f 9176 10462 9175
f 10512 10462 9176
f 10476 9318 10475
f 9368 9318 10476
f 9367 9368 10476
f 9211 9212 7587
f 10511 9176 9177
f 10511 10512 9176
f 10477 9367 10476
f 10510 9177 9178
f 10510 10511 9177
f 9210 9211 7587
f 9210 7587 7588
f 10478 9366 9367
f 10478 9367 10477
f 9209 9210 7588
f 9179 10510 9178
f 10509 10510 9179
f 9365 10478 10479
f 9365 9366 10478
f 9208 9209 7588
f 10508 9179 9180
f 10508 10509 9179
f 10480 9365 10479
f 10480 9364 9365
f 9207 9208 7588
f 9363 10480 10481
f 9363 9364 10480
f 10507 9180 9181
f 10507 10508 9180
f 9206 9207 7588
f 10506 9181 9182
f 10506 10507 9181
f 10482 9363 10481
f 10482 9362 9363
f 10483 9362 10482
f 9205 9206 7588
f 10505 10506 9182
f 10505 9182 9183
f 9361 9362 10483
f 9360 9361 10483
f 9204 9205 7588
f 9184 10504 10505
f 9184 10505 9183
f 10484 9360 10483
f 9203 9204 7588
f 10503 9184 9185
f 10503 10504 9184
f 10485 9360 10484
f 10485 9359 9360
f 9202 9203 7588
f 9186 10503 9185
f 9186 10502 10503
f 9358 10485 10486
f 9358 9359 10485
f 9201 9202 7588
f 9187 10502 9186
f 10501 10502 9187
f 10487 9358 10486
f 10487 9357 9358
f 9200 9201 7588
f 9188 10501 9187
f 9199 9200 7588
f 10520 9349 9350
f 9273 10494 9272
f 9273 10493 10494
f 9429 9337 9428
f 9429 9336 9337
f 9271 9272 10494
f 9271 10494 10495
f 10521 9349 10520
f 10521 9348 9349
f 10519 10520 9350
f 10519 9350 9351
f 9427 9428 9337
f 9427 9337 9338
f 9427 9338 9339
f 9430 9336 9429
f 9430 9335 9336
f 9426 9427 9339
f 9274 10491 10492
f 9274 10492 10493
f 9274 10493 9273
f 9270 10495 10496
f 9270 9271 10495
f 10522 9348 10521
f 10522 9347 9348
f 10518 10519 9351
f 10518 9351 9352
f 10518 9352 9353
f 10517 10518 9353
f 9425 9426 9339
f 9425 9339 9340
f 9275 10491 9274
f 9269 10496 10497
f 9269 9270 10496
f 10523 9347 10522
f 9431 9335 9430
f 9431 9334 9335
f 9268 10497 10498
f 9268 10498 10499
f 9268 9269 10497
f 9432 9332 9333
f 9432 9333 9334
f 9432 9334 9431
f 9424 9425 9340
f 9424 9340 9341
f 9276 10490 10491
f 9276 10491 9275
f 10524 9347 10523
f 10524 9346 9347
f 10516 10517 9353
f 10516 9353 9354
f 10516 9354 9355
f 9277 10489 10490
f 9277 10490 9276
f 10525 9345 9346
f 10525 9346 10524
f 9433 9332 9432
f 9423 9424 9341
f 9423 9341 9342
f 9267 9268 10499
f 10515 10516 9355
f 9278 10487 10488
f 9278 10488 10489
f 9278 9357 10487
f 9278 10489 9277
f 9278 9356 9357
f 9434 9332 9433
f 9434 7592 9331
f 9434 9331 9332
f 9265 10499 10500
f 9265 10500 10501
f 9265 9267 10499
f 10526 9345 10525
f 10526 9344 9345
f 9421 9423 9342
f 9421 9342 9343
f 10513 10515 9355
f 10513 9356 9278
f 10513 9355 9356
f 9422 9421 9343
f 9266 9265 10501
f 9266 10501 9188
f 10514 9278 9279
f 10514 10513 9278
f 10527 9344 10526
f 10527 9422 9343
f 10527 9343 9344
f 9316 9266 9188
f 9316 9188 9189
f 9280 10514 9279
f 10564 10514 9280
f 10528 9472 9422
f 10528 9422 10527
f 9315 9189 9190
f 9315 9316 9189
f 10563 9280 9281
f 10563 10564 9280
f 10529 9471 9472
f 10529 9472 10528
f 10562 10563 9281
f 9314 9190 9191
f 9314 9315 9190
f 9282 10562 9281
f 10530 9470 9471
f 10530 9471 10529
f 10531 9470 10530
f 9469 9470 10531
f 9313 9191 9192
f 9313 9314 9191
f 10561 9282 9283
f 10561 10562 9282
f 9312 9192 9193
f 9312 9313 9192
f 9284 10561 9283
f 10560 10561 9284
f 9468 10531 10532
f 9468 9469 10531
f 9311 9193 9194
f 9311 9312 9193
f 10559 9284 9285
f 10559 10560 9284
f 10533 9467 9468
f 10533 9468 10532
f 9466 9467 10533
f 9310 9194 9195
f 9310 9311 9194
f 9286 10559 9285
f 10534 9466 10533
f 10558 10559 9286
f 9309 9310 9195
f 9309 9195 9196
f 10557 10558 9286
f 10557 9286 9287
f 10535 9466 10534
f 10535 9465 9466
f 9308 9196 9197
f 9308 9309 9196
f 9288 10556 10557
f 9288 10557 9287
f 10536 9465 10535
f 10536 9464 9465
f 9307 9308 9197
f 9307 9197 9198
f 10555 10556 9288
f 10555 9288 9289
f 10537 9464 10536
f 10537 9463 9464
f 9462 9463 10537
f 9306 9307 9198
f 9306 9198 9199
f 9306 9199 7588
f 9290 10555 9289
f 9290 10554 10555
f 10538 9462 10537
f 9305 9306 7588
f 9461 9462 10538
f 9461 10538 10539
f 9291 10554 9290
f 9291 10553 10554
f 9304 9305 7588
f 9376 10545 10546
f 9376 10546 10547
f 10572 9454 9455
f 9533 9441 9532
f 9533 9439 9440
f 9533 9440 9441
f 9377 10545 9376
f 9377 10544 10545
f 10573 9453 9454
f 10573 9454 10572
f 10571 10572 9455
f 10571 9455 9456
f 9531 9532 9441
f 9531 9441 9442
f 9375 9376 10547
f 9534 9439 9533
f 9530 9531 9442
f 9530 9442 9443
f 9530 9443 9444
f 9378 10544 9377
f 9374 9375 10547
f 9374 10547 10548
f 9374 10548 10549
f 10574 9453 10573
f 10574 9451 9452
f 10574 9452 9453
f 10570 10571 9456
f 9529 9530 9444
f 9535 9438 9439
f 9535 9439 9534
f 10575 9451 10574
f 9379 10544 9378
f 9379 10543 10544
f 9373 9374 10549
f 10569 10570 9456
f 10569 9456 9457
f 9528 9529 9444
f 9528 9444 9445
f 9528 9445 9446
f 9380 10541 10542
f 9380 10542 10543
f 9380 10543 9379
f 9372 10549 10550
f 9372 10550 10551
f 9372 9373 10549
f 10576 9450 9451
f 10576 9451 10575
f 10568 10569 9457
f 10568 9457 9458
f 10568 9458 9459
f 9536 9437 9438
f 9536 9438 9535
f 9537 9437 9536
f 9537 9436 9437
f 9527 9528 9446
f 9381 10541 9380
f 9371 9372 10551
f 10577 9450 10576
f 10577 9449 9450
f 10567 10568 9459
f 9382 10539 10540
f 9382 10540 10541
f 9382 9461 10539
f 9382 9460 9461
f 9382 10541 9381
f 9538 9436 9537
f 9538 9435 9436
f 10578 9449 10577
f 10578 9447 9448
f 10578 9448 9449
f 9525 9446 9447
f 9525 9527 9446
f 10565 10567 9459
f 10565 9460 9382
f 10565 9459 9460
f 9369 10551 10552
f 9369 10552 10553
f 9369 9371 10551
f 9370 9291 9292
f 9370 9369 10553
f 9370 10553 9291
f 10566 9382 9383
f 10566 10565 9382
f 10579 9447 10578
f 10579 9526 9525
f 10579 9525 9447
f 9420 9370 9292
f 9420 9292 9293
f 10616 10566 9383
f 10616 9383 9384
f 10580 9576 9526
f 10580 9526 10579
f 9419 9293 9294
f 9419 9420 9293
f 9385 10616 9384
f 10615 10616 9385
f 10581 9575 9576
f 10581 9576 10580
f 9418 9294 9295
f 9418 9295 9296
f 9418 9419 9294
f 9386 10614 10615
f 9386 10615 9385
f 10582 9574 9575
f 10582 9575 10581
f 9417 9418 9296
f 10613 9386 9387
f 10613 10614 9386
f 10583 9573 9574
f 10583 9574 10582
f 10612 9387 9388
f 10612 10613 9387
f 9572 10583 10584
f 9572 9573 10583
f 9416 9296 9297
f 9416 9417 9296
f 9415 9416 9297
f 9415 9297 9298
f 10611 9388 9389
f 10611 10612 9388
f 9571 10584 10585
f 9571 9572 10584
f 9570 9571 10585
f 9414 9298 9299
f 9414 9415 9298
f 10610 9389 9390
f 10610 10611 9389
f 10586 9570 10585
f 10587 9569 9570
f 10587 9570 10586
f 9413 9299 9300
f 9413 9414 9299
f 10609 9390 9391
f 10609 10610 9390
f 9412 9413 9300
f 9412 9300 9301
f 9392 10609 9391
f 10608 10609 9392
f 10588 9568 9569
f 10588 9569 10587
f 9411 9301 9302
f 9411 9412 9301
f 10607 9392 9393
f 10607 10608 9392
f 9567 10588 10589
f 9567 9568 10588
f 9410 9411 9302
f 9410 9302 9303
f 9410 9303 9304
f 10606 10607 9393
f 10606 9393 9394
f 10590 9567 10589
f 10590 9566 9567
f 10605 10606 9394
f 10591 9566 10590
f 9565 9566 10591
f 9409 9410 9304
f 9409 9304 7588
f 9395 10605 9394
f 10604 10605 9395
f 9408 9409 7588
f 9396 10604 9395
f 10624 9557 9558
f 9481 10596 10597
f 9481 10597 10598
f 9481 10598 9480
f 10625 9557 10624
f 9479 10598 10599
f 9479 9480 10598
f 10623 10624 9558
f 10623 9558 9559
f 9637 9545 9636
f 9637 9544 9545
f 9635 9636 9545
f 9635 9545 9546
f 9482 10595 10596
f 9482 10596 9481
f 9478 10599 10600
f 9478 9479 10599
f 10622 10623 9559
f 10622 9559 9560
f 10622 9560 9561
f 10626 9557 10625
f 10626 9555 9556
f 10626 9556 9557
f 9638 9543 9544
f 9638 9544 9637
f 9634 9635 9546
f 9634 9546 9547
f 10627 9555 10626
f 9483 10595 9482
f 9477 10600 10601
f 9477 9478 10600
f 10621 10622 9561
f 9633 9634 9547
f 9633 9547 9548
f 9633 9548 9549
f 9639 9542 9543
f 9639 9543 9638
f 9476 10601 10602
f 9476 10602 10603
f 9476 9477 10601
f 10620 10621 9561
f 10620 9561 9562
f 9484 10595 9483
f 9484 10594 10595
f 10628 9553 9554
f 10628 9554 9555
f 10628 9555 10627
f 9640 9542 9639
f 9640 9541 9542
f 9632 9633 9549
f 9632 9549 9550
f 9485 10593 10594
f 9485 10594 9484
f 9475 10603 10604
f 9475 9476 10603
f 10629 9553 10628
f 10619 10620 9562
f 10619 9562 9563
f 9631 9632 9550
f 9486 10591 10592
f 9486 10592 10593
f 9486 9565 10591
f 9486 10593 9485
f 10617 10619 9563
f 10617 9565 9486
f 10617 9563 9564
f 10617 9564 9565
f 9473 9475 10604
f 10630 9553 10629
f 10630 9551 9552
f 10630 9552 9553
f 9629 9631 9550
f 9629 9550 9551
f 7591 9541 9640
f 7591 9435 9538
f 7591 7592 9434
f 7591 9434 9435
f 7591 9538 9539
f 7591 9640 9641
f 7591 9539 9540
f 7591 9540 9541
f 7591 9641 9642
f 9643 7591 9642
f 9474 9473 10604
f 9474 10604 9396
f 10631 9551 10630
f 10618 10617 9486
f 10618 9486 9487
f 9630 9629 9551
f 9630 9551 10631
f 9644 7591 9643
f 9524 9396 9397
f 9524 9474 9396
f 10668 9487 9488
f 10668 10618 9487
f 9680 10631 10632
f 9680 9630 10631
f 9645 7591 9644
f 9523 9524 9397
f 9523 9397 9398
f 9489 10668 9488
f 10667 10668 9489
f 10633 9680 10632
f 9679 9680 10633
f 9522 9523 9398
f 9522 9398 9399
f 9522 9399 9400
f 9646 7591 9645
f 10666 10667 9489
f 9490 10666 9489
f 10634 9679 10633
f 9678 9679 10634
f 9647 7591 9646
f 9521 9522 9400
f 10665 9490 9491
f 10665 10666 9490
f 9677 10634 10635
f 9677 9678 10634
f 9648 7591 9647
f 9520 9521 9400
f 9520 9400 9401
f 10664 9491 9492
f 10664 10665 9491
f 9676 10635 10636
f 9676 9677 10635
f 9649 7591 9648
f 9519 9401 9402
f 9519 9520 9401
f 10663 9492 9493
f 10663 10664 9492
f 10637 9676 10636
f 9675 9676 10637
f 9650 7591 9649
f 9518 9402 9403
f 9518 9519 9402
f 10662 9493 9494
f 10662 10663 9493
f 9674 9675 10637
f 9674 10637 10638
f 9651 7591 9650
f 9517 9403 9404
f 9517 9518 9403
f 10661 9494 9495
f 10661 10662 9494
f 10639 9674 10638
f 9673 9674 10639
f 9516 9517 9404
f 9516 9404 9405
f 9496 10661 9495
f 9496 10660 10661
f 9672 9673 10639
f 9672 10639 10640
f 9515 9516 9405
f 9515 9405 9406
f 10659 9496 9497
f 10659 10660 9496
f 10641 9672 10640
f 9671 9672 10641
f 9514 9406 9407
f 9514 9515 9406
f 10658 9497 9498
f 10658 10659 9497
f 10642 9671 10641
f 9670 9671 10642
f 10643 9670 10642
f 9513 9407 9408
f 9513 9514 9407
f 9499 10658 9498
f 10657 10658 9499
f 9669 9670 10643
f 7590 7591 9651
f 7590 9651 9652
f 7590 9652 9653
f 7590 9653 9654
f 7590 9654 9655
f 10656 10657 9499
f 9656 7590 9655
f 9657 7590 9656
f 9658 7590 9657
f 9659 7590 9658
f 9585 10650 9584
f 9585 10648 10649
f 9585 10649 10650
f 9583 9584 10650
f 9583 10650 10651
f 9583 10651 10652
f 9586 10648 9585
f 9582 9583 10652
f 9587 10648 9586
f 9587 10647 10648
f 9581 9582 10652
f 9581 10652 10653
f 9581 10653 10654
f 9588 10646 10647
f 9588 10647 9587
f 9580 9581 10654
f 9589 10645 10646
f 9589 10646 9588
f 9579 10654 10655
f 9579 10655 10656
f 9579 9580 10654
f 9590 9668 9669
f 9590 10643 10644
f 9590 10644 10645
f 9590 10645 9589
f 9590 9669 10643
f 9577 9499 9500
f 9577 9579 10656
f 9577 10656 9499
f 9591 9668 9590
f 9591 9667 9668
f 9578 9577 9500
f 9592 9667 9591
f 9628 9500 9501
f 9628 9501 9502
f 9628 9578 9500
f 9593 9667 9592
f 9593 9665 9666
f 9593 9666 9667
f 9627 9628 9502
f 9594 9665 9593
f 9626 9502 9503
f 9626 9503 9504
f 9626 9627 9502
f 9595 9665 9594
f 9595 9664 9665
f 9625 9626 9504
f 9596 9664 9595
f 9596 9663 9664
f 9624 9625 9504
f 9624 9504 9505
f 9597 9663 9596
f 9597 9662 9663
f 9623 9505 9506
f 9623 9624 9505
f 9598 9662 9597
f 9598 9661 9662
f 9622 9623 9506
f 9622 9506 9507
f 9599 9661 9598
f 9599 9659 9660
f 9599 9660 9661
f 9621 9622 9507
f 9621 9507 9508
f 9621 9508 9509
f 9600 9659 9599
f 9600 7590 9659
f 9620 9621 9509
f 9601 7590 9600
f 9619 9620 9509
f 9619 9509 9510
f 9618 9619 9510
f 9618 9510 9511
f 7589 9601 9602
f 7589 9602 9603
f 7589 9603 9604
f 7589 9604 9605
f 7589 9605 9606
f 7589 9606 9607
f 7589 9607 9608
f 7589 7590 9601
f 7589 9608 9609
f 7589 9609 9610
f 7589 9618 9511
f 7589 9610 9611
f 7589 9611 9612
f 7589 9511 9512
f 7589 9612 9613
f 7589 9512 9513
f 7589 9613 9614
f 7589 9614 9615
f 7589 9615 9616
f 7589 9616 9617
f 7589 9617 9618
f 7589 9408 7588
f 7589 9513 9408
f 7579 7580 7848
f 7579 7848 7849
f 7582 7583 8368
f 7582 8368 8369
f 7600 7549 7874
f 7600 7874 7875
f 4442 7577 7576
f 4442 4454 7577
f 7551 4427 4428
f 7551 7550 4427
f 29 10679 10680
f 10689 29 30
f 10689 10679 29
f 10688 10677 10678
f 10688 10678 10679
f 10688 10679 10689
f 10687 10676 10677
f 10687 10677 10688
f 10686 10675 10676
f 10686 10676 10687
f 10685 10673 10674
f 10685 10674 10675
f 10685 10675 10686
f 10684 10672 10673
f 10684 10673 10685
f 10683 10671 10672
f 10683 10672 10684
f 10682 10670 10671
f 10682 10671 10683
f 10681 10669 10670
f 10681 10670 10682
f 4465 4466 10669
f 4465 10669 10681
f 10703 32 33
f 10703 10704 32
f 10702 10705 10704
f 10702 10704 10703
f 10701 10706 10705
f 10701 10705 10702
f 10700 10707 10706
f 10700 10706 10701
f 10699 10690 10707
f 10699 10707 10700
f 10698 10691 10690
f 10698 10690 10699
f 10697 10692 10691
f 10697 10691 10698
f 10696 10693 10692
f 10696 10692 10697
f 10695 10694 10693
f 10695 10693 10696
f 4462 4463 10694
f 4462 10694 10695
f 10721 35 36
f 10721 10722 35
f 10720 10723 10722
f 10720 10722 10721
f 10719 10724 10723
f 10719 10723 10720
f 10718 10725 10724
f 10718 10724 10719
f 10717 10708 10725
f 10717 10725 10718
f 10716 10709 10708
f 10716 10708 10717
f 10715 10710 10709
f 10715 10709 10716
f 10714 10711 10710
f 10714 10710 10715
f 10713 10712 10711
f 10713 10711 10714
f 4459 4460 10712
f 4459 10712 10713
f 10739 38 39
f 10739 10740 38
f 10738 10741 10740
f 10738 10740 10739
f 10737 10742 10741
f 10737 10741 10738
f 10736 10743 10742
f 10736 10742 10737
f 10735 10726 10743
f 10735 10743 10736
f 10734 10727 10726
f 10734 10726 10735
f 10733 10728 10727
f 10733 10727 10734
f 10732 10729 10728
f 10732 10728 10733
f 10731 10730 10729
f 10731 10729 10732
f 4456 4457 10730
f 4456 10730 10731
f 10734 10746 10747
f 10745 10746 10734
f 10735 10744 10745
f 10735 10745 10734
f 10735 10750 10744
f 10751 10736 10748
f 10751 10748 10749
f 10751 10749 10750
f 10751 10735 10736
f 10751 10750 10735
f 10726 10752 10753
f 10756 10753 10754
f 10756 10754 10755
f 10756 10755 10743
f 10756 10743 10726
f 10756 10726 10753
f 10726 10759 10752
f 10760 10727 10757
f 10760 10757 10758
f 10760 10758 10759
f 10760 10726 10727
f 10760 10759 10726
f 10717 10761 10762
f 10765 10762 10763
f 10765 10763 10764
f 10765 10764 10716
f 10765 10716 10717
f 10765 10717 10762
f 10717 10768 10761
f 10769 10718 10766
f 10769 10766 10767
f 10769 10767 10768
f 10769 10717 10718
f 10769 10768 10717
f 10725 10772 10773
f 10771 10772 10725
f 10708 10770 10771
f 10708 10771 10725
f 10708 10776 10770
f 10777 10709 10774
f 10777 10774 10775
f 10777 10775 10776
f 10777 10708 10709
f 10777 10776 10708
f 10698 10780 10781
f 10779 10780 10698
f 10699 10778 10779
f 10699 10779 10698
f 10699 10784 10778
f 10785 10700 10782
f 10785 10782 10783
f 10785 10783 10784
f 10785 10699 10700
f 10785 10784 10699
f 10690 10786 10787
f 10790 10787 10788
f 10790 10788 10789
f 10790 10789 10707
f 10790 10707 10690
f 10790 10690 10787
f 10690 10793 10786
f 10794 10691 10791
f 10794 10791 10792
f 10794 10792 10793
f 10794 10690 10691
f 10794 10793 10690
f 10684 10797 10798
f 10796 10797 10684
f 10685 10795 10796
f 10685 10796 10684
f 10685 10801 10795
f 10802 10686 10799
f 10802 10799 10800
f 10802 10800 10801
f 10802 10685 10686
f 10802 10801 10685
f 7654 4558 7653
f 4546 4558 7654
f 4726 7811 7809
f 4726 7809 4714
f 4725 7812 7811
f 4725 7811 4726
f 4724 7813 7812
f 4724 7812 4725
f 4723 7814 7813
f 4723 7813 4724
f 4722 7815 7814
f 4722 7814 4723
f 4721 7816 7815
f 4721 7815 4722
f 4720 7817 7816
f 4720 7816 4721
f 4719 7818 7817
f 4719 7817 4720
f 4718 7819 7818
f 4718 7818 4719
f 4717 7820 7819
f 4717 7819 4718
f 4716 7821 7820
f 4716 7820 4717
f 4715 7822 7821
f 4715 7821 4716
f 7875 4767 4779
f 7875 7874 4767
f 8018 4922 8017
f 4910 4922 8018
f 8252 5144 5116
f 8252 8251 5144
f 5168 8303 5196
f 8304 8303 5168
f 5299 8396 8395
f 5311 8396 5299
f 5310 8397 8396
f 5310 8396 5311
f 5309 8398 8397
f 5309 8397 5310
f 5308 8399 8398
f 5308 8398 5309
f 5307 8400 8399
f 5307 8399 5308
f 5306 8401 8400
f 5306 8400 5307
f 5305 8402 8401
f 5305 8401 5306
f 5304 8403 8402
f 5304 8402 5305
f 5303 8404 8403
f 5303 8403 5304
f 5302 8405 8404
f 5302 8404 5303
f 5301 8406 8405
f 5301 8405 5302
f 5300 8407 8406
f 5300 8406 5301
f 5350 8435 8433
f 5350 8433 5338
f 5349 8436 8435
f 5349 8435 5350
f 5348 8437 8436
f 5348 8436 5349
f 5347 8438 8437
f 5347 8437 5348
f 5346 8439 8438
f 5346 8438 5347
f 5345 8440 8439
f 5345 8439 5346
f 5344 8441 8440
f 5344 8440 5345
f 5343 8442 8441
f 5343 8441 5344
f 5342 8443 8442
f 5342 8442 5343
f 5341 8444 8443
f 5341 8443 5342
f 5340 8445 8444
f 5340 8444 5341
f 5339 8446 8445
f 5339 8445 5340
f 5376 8511 5404
f 8512 8511 5376
f 5480 8615 5508
f 8616 8615 5480
f 8642 5546 8641
f 5534 5546 8642
f 5896 9031 5924
f 9032 9031 5896
f 5974 9059 9057
f 5974 9057 5962
f 5973 9060 9059
f 5973 9059 5974
f 5972 9061 9060
f 5972 9060 5973
f 5971 9062 9061
f 5971 9061 5972
f 5970 9063 9062
f 5970 9062 5971
f 5969 9064 9063
f 5969 9063 5970
f 5968 9065 9064
f 5968 9064 5969
f 5967 9066 9065
f 5967 9065 5968
f 5966 9067 9066
f 5966 9066 5967
f 5965 9068 9067
f 5965 9067 5966
f 5964 9069 9068
f 5964 9068 5965
f 5963 9070 9069
f 5963 9069 5964
f 6053 9202 9201
f 6065 9203 9202
f 6065 9202 6053
f 6064 9204 9203
f 6064 9203 6065
f 6063 9205 9204
f 6063 9204 6064
f 6062 9206 9205
f 6062 9205 6063
f 6061 9207 9206
f 6061 9206 6062
f 6060 9208 9207
f 6060 9207 6061
f 6059 9209 9208
f 6059 9208 6060
f 6058 9210 9209
f 6058 9209 6059
f 6057 9211 9210
f 6057 9210 6058
f 6056 9212 9211
f 6056 9211 6057
f 6055 9162 9212
f 6055 9212 6056
f 6054 9162 6055
f 9162 6066 9161
f 6054 6066 9162
f 6390 9475 9473
f 6390 9473 6378
f 6389 9476 9475
f 6389 9475 6390
f 6388 9477 9476
f 6388 9476 6389
f 6387 9478 9477
f 6387 9477 6388
f 6386 9479 9478
f 6386 9478 6387
f 6385 9480 9479
f 6385 9479 6386
f 6384 9481 9480
f 6384 9480 6385
f 6383 9482 9481
f 6383 9481 6384
f 6382 9483 9482
f 6382 9482 6383
f 6381 9484 9483
f 6381 9483 6382
f 6380 9485 9484
f 6380 9484 6381
f 6379 9486 9485
f 6379 9485 6380
f 6495 9592 9591
f 6507 9592 6495
f 6506 9593 9592
f 6506 9592 6507
f 6505 9594 9593
f 6505 9593 6506
f 6504 9595 9594
f 6504 9594 6505
f 6503 9596 9595
f 6503 9595 6504
f 6502 9597 9596
f 6502 9596 6503
f 6501 9598 9597
f 6501 9597 6502
f 6500 9599 9598
f 6500 9598 6501
f 6499 9600 9599
f 6499 9599 6500
f 6498 9601 9600
f 6498 9600 6499
f 6497 9602 9601
f 6497 9601 6498
f 6496 9603 9602
f 6496 9602 6497
f 6624 9759 6652
f 9760 9759 6624
f 6755 9852 9851
f 6767 9852 6755
f 6766 9853 9852
f 6766 9852 6767
f 6765 9854 9853
f 6765 9853 6766
f 6764 9855 9854
f 6764 9854 6765
f 6763 9856 9855
f 6763 9855 6764
f 6762 9857 9856
f 6762 9856 6763
f 6761 9858 9857
f 6761 9857 6762
f 6760 9859 9858
f 6760 9858 6761
f 6759 9860 9859
f 6759 9859 6760
f 6758 9861 9860
f 6758 9860 6759
f 6757 9862 9861
f 6757 9863 9862
f 6757 9861 6758
f 6756 9863 6757
f 7508 10645 10644
f 7507 10646 10645
f 7507 10645 7508
f 7506 10647 10646
f 7506 10646 7507
f 7505 10648 10647
f 7505 10647 7506
f 7504 10649 10648
f 7504 10648 7505
f 7503 10650 10649
f 7503 10649 7504
f 7502 10651 10650
f 7502 10650 7503
f 7501 10652 10651
f 7501 10651 7502
f 7500 10653 10652
f 7500 10652 7501
f 7499 10654 10653
f 7499 10653 7500
f 7498 10655 10654
f 7498 10654 7499
f 7497 10656 10655
f 7497 10655 7498
f 7496 10656 7497
f 4477 4478 7549
f 7600 4477 7549
f 7587 4463 4464
f 10791 10691 10692
f 10791 10692 10693
f 10791 10693 10694
f 10791 10694 4463
f 7586 4463 7587
f 7586 10791 4463
f 10806 10791 7586
f 10805 10791 10806
f 10804 10791 10805
f 10803 10791 10804
f 7593 4470 4471
f 7593 4471 7594
f 4622 7707 7705
f 4622 7705 4610
f 4621 7708 7707
f 4621 7707 4622
f 4620 7709 7708
f 4620 7708 4621
f 4619 7710 7709
f 4619 7709 4620
f 4618 7711 7710
f 4618 7710 4619
f 4617 7712 7711
f 4617 7711 4618
f 4616 7713 7712
f 4616 7712 4617
f 4615 7714 7713
f 4615 7713 4616
f 4614 7715 7714
f 4614 7714 4615
f 4613 7716 7715
f 4613 7715 4614
f 4612 7717 7716
f 4612 7716 4613
f 4611 7718 7717
f 4611 7717 4612
f 4752 7887 4780
f 7888 7887 4752
f 4830 7915 7913
f 4830 7913 4818
f 4829 7916 7915
f 4829 7915 4830
f 4828 7917 7916
f 4828 7916 4829
f 4827 7918 7917
f 4827 7917 4828
f 4826 7919 7918
f 4826 7918 4827
f 4825 7920 7919
f 4825 7919 4826
f 4824 7921 7920
f 4824 7920 4825
f 4823 7922 7921
f 4823 7921 4824
f 4822 7923 7922
f 4822 7922 4823
f 4821 7924 7923
f 4821 7923 4822
f 4820 7925 7924
f 4820 7924 4821
f 4819 7926 7925
f 4819 7925 4820
f 4856 7991 4884
f 7992 7991 4856
f 8174 5078 8173
f 5066 5078 8174
f 8278 5182 8277
f 5170 5182 8278
f 5246 8331 8329
f 5246 8329 5234
f 5245 8332 8331
f 5245 8331 5246
f 5244 8333 8332
f 5244 8332 5245
f 5243 8334 8333
f 5243 8333 5244
f 5242 8335 8334
f 5242 8334 5243
f 5241 8336 8335
f 5241 8335 5242
f 5240 8337 8336
f 5240 8336 5241
f 5239 8338 8337
f 5239 8337 5240
f 5238 8339 8338
f 5238 8338 5239
f 5237 8340 8339
f 5237 8339 5238
f 5236 8341 8340
f 5236 8340 5237
f 5235 8342 8341
f 5235 8341 5236
f 8382 5286 8381
f 5274 5286 8382
f 8486 5390 8485
f 5378 5390 8486
f 5454 8539 8537
f 5454 8537 5442
f 5453 8540 8539
f 5453 8539 5454
f 5452 8541 8540
f 5452 8540 5453
f 5451 8542 8541
f 5451 8541 5452
f 5450 8543 8542
f 5450 8542 5451
f 5449 8544 8543
f 5449 8543 5450
f 5448 8545 8544
f 5448 8544 5449
f 5447 8546 8545
f 5447 8545 5448
f 5446 8547 8546
f 5446 8546 5447
f 5445 8548 8547
f 5445 8547 5446
f 5444 8549 8548
f 5444 8548 5445
f 5443 8550 8549
f 5443 8549 5444
f 8590 5494 8589
f 5482 5494 8590
f 5559 8656 8655
f 5571 8656 5559
f 5570 8657 8656
f 5570 8656 5571
f 5569 8658 8657
f 5569 8657 5570
f 5568 8659 8658
f 5568 8658 5569
f 5567 8660 8659
f 5567 8659 5568
f 5566 8661 8660
f 5566 8660 5567
f 5565 8662 8661
f 5565 8661 5566
f 5564 8663 8662
f 5564 8662 5565
f 5563 8664 8663
f 5563 8663 5564
f 5562 8665 8664
f 5562 8664 5563
f 5561 8666 8665
f 5561 8665 5562
f 5560 8667 8666
f 5560 8666 5561
f 8772 5664 5636
f 8772 8771 5664
f 5767 8864 8863
f 5779 8864 5767
f 5778 8865 8864
f 5778 8864 5779
f 5777 8866 8865
f 5777 8865 5778
f 5776 8867 8866
f 5776 8866 5777
f 5775 8868 8867
f 5775 8867 5776
f 5774 8869 8868
f 5774 8868 5775
f 5773 8870 8869
f 5773 8869 5774
f 5772 8871 8870
f 5772 8870 5773
f 5771 8872 8871
f 5771 8871 5772
f 5770 8873 8872
f 5770 8872 5771
f 5769 8874 8873
f 5769 8875 8874
f 5769 8873 5770
f 5768 8875 5769
f 5844 8981 8980
f 5843 8982 8981
f 5843 8981 5844
f 5842 8983 8982
f 5842 8982 5843
f 5841 8984 8983
f 5841 8983 5842
f 5840 8985 8984
f 5840 8984 5841
f 5839 8986 8985
f 5839 8985 5840
f 5838 8987 8986
f 5838 8986 5839
f 5837 8988 8987
f 5837 8987 5838
f 5836 8989 8988
f 5836 8988 5837
f 5835 8990 8989
f 5835 8989 5836
f 5834 8991 8990
f 5834 8990 5835
f 5833 8992 8991
f 5833 8991 5834
f 5832 8992 5833
f 5949 9098 9097
f 5961 9099 9098
f 5961 9098 5949
f 5960 9100 9099
f 5960 9099 5961
f 5959 9101 9100
f 5959 9100 5960
f 5958 9102 9101
f 5958 9101 5959
f 5957 9103 9102
f 5957 9102 5958
f 5956 9104 9103
f 5956 9103 5957
f 5955 9105 9104
f 5955 9104 5956
f 5954 9106 9105
f 5954 9105 5955
f 5953 9107 9106
f 5953 9106 5954
f 5952 9108 9107
f 5952 9107 5953
f 5951 9058 9108
f 5951 9108 5952
f 5950 9058 5951
f 6014 9111 9109
f 6026 9111 6014
f 6025 9112 9111
f 6025 9111 6026
f 6024 9113 9112
f 6024 9112 6025
f 6023 9114 9113
f 6023 9113 6024
f 6022 9115 9114
f 6022 9114 6023
f 6021 9116 9115
f 6021 9115 6022
f 6020 9117 9116
f 6020 9116 6021
f 6019 9118 9117
f 6019 9117 6020
f 6018 9119 9118
f 6018 9118 6019
f 6017 9120 9119
f 6017 9119 6018
f 6016 9121 9120
f 6016 9120 6017
f 6015 9122 9121
f 6015 9121 6016
f 6157 9306 9305
f 6169 9307 9306
f 6169 9306 6157
f 6168 9308 9307
f 6168 9307 6169
f 6167 9309 9308
f 6167 9308 6168
f 6166 9310 9309
f 6166 9309 6167
f 6165 9311 9310
f 6165 9310 6166
f 6164 9312 9311
f 6164 9311 6165
f 6163 9313 9312
f 6163 9312 6164
f 6162 9314 9313
f 6162 9313 6163
f 6161 9315 9314
f 6161 9314 6162
f 6160 9316 9315
f 6160 9315 6161
f 6159 9266 9316
f 6159 9316 6160
f 6158 9266 6159
f 9578 6482 9577
f 6470 6482 9578
f 4428 7552 7551
f 4440 7552 4428
f 4439 7553 7552
f 4439 7552 4440
f 4438 7554 7553
f 4438 7553 4439
f 4437 7555 7554
f 4437 7554 4438
f 4436 7556 7555
f 4436 7555 4437
f 4435 7557 7556
f 4435 7556 4436
f 4434 7558 7557
f 4434 7557 4435
f 4433 7559 7558
f 4433 7558 4434
f 4432 7560 7559
f 4432 7559 4433
f 4431 7561 7560
f 4431 7560 4432
f 4430 7562 7561
f 4430 7563 7562
f 4430 7561 4431
f 4429 7563 4430
f 6572 9709 9708
f 6571 9710 9709
f 6571 9709 6572
f 6570 9711 9710
f 6570 9710 6571
f 6569 9712 9711
f 6569 9711 6570
f 6568 9713 9712
f 6568 9712 6569
f 6567 9714 9713
f 6567 9713 6568
f 6566 9715 9714
f 6566 9714 6567
f 6565 9716 9715
f 6565 9715 6566
f 6564 9717 9716
f 6564 9716 6565
f 6563 9718 9717
f 6563 9717 6564
f 6562 9719 9718
f 6562 9718 6563
f 6561 9720 9719
f 6561 9719 6562
f 6560 9720 6561
f 6676 9813 9812
f 6675 9814 9813
f 6675 9813 6676
f 6674 9815 9814
f 6674 9814 6675
f 6673 9816 9815
f 6673 9815 6674
f 6672 9817 9816
f 6672 9816 6673
f 6671 9818 9817
f 6671 9817 6672
f 6670 9819 9818
f 6670 9818 6671
f 6669 9820 9819
f 6669 9819 6670
f 6668 9821 9820
f 6668 9820 6669
f 6667 9822 9821
f 6667 9821 6668
f 6666 9823 9822
f 6666 9822 6667
f 6665 9824 9823
f 6665 9823 6666
f 6664 9824 6665
f 6677 9826 9825
f 6689 9827 9826
f 6689 9826 6677
f 6688 9828 9827
f 6688 9827 6689
f 6687 9829 9828
f 6687 9828 6688
f 6686 9830 9829
f 6686 9829 6687
f 6685 9831 9830
f 6685 9830 6686
f 6684 9832 9831
f 6684 9831 6685
f 6683 9833 9832
f 6683 9832 6684
f 6682 9834 9833
f 6682 9833 6683
f 6681 9835 9834
f 6681 9834 6682
f 6680 9836 9835
f 6680 9835 6681
f 6679 9836 6680
f 6678 9786 9836
f 6678 9836 6679
f 6832 9967 6860
f 9968 9967 6832
f 6910 9995 9993
f 6910 9993 6898
f 6909 9996 9995
f 6909 9995 6910
f 6908 9997 9996
f 6908 9996 6909
f 6907 9998 9997
f 6907 9997 6908
f 6906 9999 9998
f 6906 9998 6907
f 6905 10000 9999
f 6905 9999 6906
f 6904 10001 10000
f 6904 10000 6905
f 6903 10002 10001
f 6903 10001 6904
f 6902 10003 10002
f 6902 10002 6903
f 6901 10004 10003
f 6901 10003 6902
f 6900 10005 10004
f 6900 10004 6901
f 6899 10006 10005
f 6899 10005 6900
f 6936 10071 6964
f 10072 10071 6936
f 7067 10164 10163
f 7079 10164 7067
f 7078 10165 10164
f 7078 10164 7079
f 7077 10166 10165
f 7077 10165 7078
f 7076 10167 10166
f 7076 10166 7077
f 7075 10168 10167
f 7075 10167 7076
f 7074 10169 10168
f 7074 10168 7075
f 7073 10170 10169
f 7073 10169 7074
f 7072 10171 10170
f 7072 10170 7073
f 7071 10172 10171
f 7071 10171 7072
f 7070 10173 10172
f 7070 10172 7071
f 7069 10174 10173
f 7069 10175 10174
f 7069 10173 7070
f 7068 10175 7069
f 10254 7158 10253
f 7146 7158 10254
f 10358 7262 10357
f 7250 7262 10358
f 7248 10383 7276
f 10384 10383 7248
f 10500 7353 10501
f 7340 7353 10500
f 7456 10591 7484
f 10592 10591 7456
f 7581 4457 4458
f 10757 10727 10728
f 10757 10728 10729
f 10757 10729 10730
f 10757 10730 4457
f 7580 4457 7581
f 7580 10757 4457
f 10810 10757 7580
f 10809 10757 10810
f 10808 10757 10809
f 10807 10757 10808
f 7628 4520 4492
f 7628 7627 4520
f 4623 7720 7719
f 4635 7720 4623
f 4634 7721 7720
f 4634 7720 4635
f 4633 7722 7721
f 4633 7721 4634
f 4632 7723 7722
f 4632 7722 4633
f 4631 7724 7723
f 4631 7723 4632
f 4630 7725 7724
f 4630 7724 4631
f 4629 7726 7725
f 4629 7725 4630
f 4628 7727 7726
f 4628 7726 4629
f 4627 7728 7727
f 4627 7727 4628
f 4626 7729 7728
f 4626 7728 4627
f 4625 7730 7729
f 4625 7731 7730
f 4625 7729 4626
f 4624 7731 4625
f 8108 4961 8109
f 4948 4961 8108
f 8148 5040 5012
f 8148 8147 5040
f 5220 8357 8356
f 5219 8358 8357
f 5219 8357 5220
f 5218 8359 8358
f 5218 8358 5219
f 5217 8360 8359
f 5217 8359 5218
f 5216 8361 8360
f 5216 8360 5217
f 5215 8362 8361
f 5215 8361 5216
f 5214 8363 8362
f 5214 8362 5215
f 5213 8364 8363
f 5213 8363 5214
f 5212 8365 8364
f 5212 8364 5213
f 5211 8366 8365
f 5211 8365 5212
f 5210 8367 8366
f 5210 8366 5211
f 5209 8368 8367
f 5209 8367 5210
f 5208 8368 5209
f 5715 8812 8811
f 5727 8812 5715
f 5726 8813 8812
f 5726 8812 5727
f 5725 8814 8813
f 5725 8813 5726
f 5724 8815 8814
f 5724 8814 5725
f 5723 8816 8815
f 5723 8815 5724
f 5722 8817 8816
f 5722 8816 5723
f 5721 8818 8817
f 5721 8817 5722
f 5720 8819 8818
f 5720 8818 5721
f 5719 8820 8819
f 5719 8819 5720
f 5718 8821 8820
f 5718 8820 5719
f 5717 8822 8821
f 5717 8821 5718
f 5716 8823 8822
f 5716 8822 5717
f 5793 8942 8941
f 5805 8943 8942
f 5805 8942 5793
f 5804 8944 8943
f 5804 8943 5805
f 5803 8945 8944
f 5803 8944 5804
f 5802 8946 8945
f 5802 8945 5803
f 5801 8947 8946
f 5801 8946 5802
f 5800 8948 8947
f 5800 8947 5801
f 5799 8949 8948
f 5799 8948 5800
f 5798 8950 8949
f 5798 8949 5799
f 5797 8951 8950
f 5797 8950 5798
f 5796 8952 8951
f 5796 8951 5797
f 5795 8902 8952
f 5795 8952 5796
f 5794 8902 5795
f 8902 5806 8901
f 5794 5806 8902
f 9006 5910 9005
f 5898 5910 9006
f 9110 6014 9109
f 6002 6014 9110
f 6000 9135 6028
f 9136 9135 6000
f 9266 6170 9265
f 6158 6170 9266
f 6222 9319 9317
f 6234 9319 6222
f 6233 9320 9319
f 6233 9319 6234
f 6232 9321 9320
f 6232 9320 6233
f 6231 9322 9321
f 6231 9321 6232
f 6230 9323 9322
f 6230 9322 6231
f 6229 9324 9323
f 6229 9323 6230
f 6228 9325 9324
f 6228 9324 6229
f 6227 9326 9325
f 6227 9325 6228
f 6226 9327 9326
f 6226 9326 6227
f 6225 9328 9327
f 6225 9327 6226
f 6224 9329 9328
f 6224 9328 6225
f 6223 9330 9329
f 6223 9329 6224
f 6312 9447 6340
f 9448 9447 6312
f 9500 6392 6364
f 9500 9499 6392
f 6416 9551 6444
f 9552 9551 6416
f 6676 9811 6704
f 9812 9811 6676
f 9838 6742 9837
f 6730 6742 9838
f 6780 9917 9916
f 6779 9918 9917
f 6779 9917 6780
f 6778 9919 9918
f 6778 9918 6779
f 6777 9920 9919
f 6777 9919 6778
f 6776 9921 9920
f 6776 9920 6777
f 6775 9922 9921
f 6775 9921 6776
f 6774 9923 9922
f 6774 9922 6775
f 6773 9924 9923
f 6773 9923 6774
f 6772 9925 9924
f 6772 9924 6773
f 6771 9926 9925
f 6771 9925 6772
f 6770 9927 9926
f 6770 9926 6771
f 6769 9928 9927
f 6769 9927 6770
f 6768 9928 6769
f 6859 9956 9955
f 6871 9956 6859
f 6870 9957 9956
f 6870 9956 6871
f 6869 9958 9957
f 6869 9957 6870
f 6868 9959 9958
f 6868 9958 6869
f 6867 9960 9959
f 6867 9959 6868
f 6866 9961 9960
f 6866 9960 6867
f 6865 9962 9961
f 6865 9961 6866
f 6864 9963 9962
f 6864 9962 6865
f 6863 9964 9963
f 6863 9963 6864
f 6862 9965 9964
f 6862 9964 6863
f 6861 9966 9965
f 6861 9967 9966
f 6861 9965 6862
f 6860 9967 6861
f 10111 7003 7015
f 10111 10110 7003
f 7066 10151 10149
f 7066 10149 7054
f 7065 10152 10151
f 7065 10151 7066
f 7064 10153 10152
f 7064 10152 7065
f 7063 10154 10153
f 7063 10153 7064
f 7062 10155 10154
f 7062 10154 7063
f 7061 10156 10155
f 7061 10155 7062
f 7060 10157 10156
f 7060 10156 7061
f 7059 10158 10157
f 7059 10157 7060
f 7058 10159 10158
f 7058 10158 7059
f 7057 10160 10159
f 7057 10159 7058
f 7056 10161 10160
f 7056 10160 7057
f 7055 10162 10161
f 7055 10161 7056
f 7092 10227 7120
f 10228 10227 7092
f 7274 10359 10357
f 7274 10357 7262
f 7273 10360 10359
f 7273 10359 7274
f 7272 10361 10360
f 7272 10360 7273
f 7271 10362 10361
f 7271 10361 7272
f 7270 10363 10362
f 7270 10362 7271
f 7269 10364 10363
f 7269 10363 7270
f 7268 10365 10364
f 7268 10364 7269
f 7267 10366 10365
f 7267 10365 7268
f 7266 10367 10366
f 7266 10366 7267
f 7265 10368 10367
f 7265 10367 7266
f 7264 10369 10368
f 7264 10368 7265
f 7263 10370 10369
f 7263 10369 7264
f 10604 7457 10605
f 7444 7457 10604
f 7457 10606 10605
f 7469 10607 10606
f 7469 10606 7457
f 7468 10608 10607
f 7468 10607 7469
f 7467 10609 10608
f 7467 10608 7468
f 7466 10610 10609
f 7466 10609 7467
f 7465 10611 10610
f 7465 10610 7466
f 7464 10612 10611
f 7464 10611 7465
f 7463 10613 10612
f 7463 10612 7464
f 7462 10614 10613
f 7462 10613 7463
f 7461 10615 10614
f 7461 10614 7462
f 7460 10616 10615
f 7460 10615 7461
f 7459 10616 7460
f 7458 10566 10616
f 7458 10616 7459
f 7535 10632 10631
f 7547 10632 7535
f 7546 10633 10632
f 7546 10632 7547
f 7545 10634 10633
f 7545 10633 7546
f 7544 10635 10634
f 7544 10634 7545
f 7543 10636 10635
f 7543 10635 7544
f 7542 10637 10636
f 7542 10636 7543
f 7541 10638 10637
f 7541 10637 7542
f 7540 10639 10638
f 7540 10638 7541
f 7539 10640 10639
f 7539 10639 7540
f 7538 10641 10640
f 7538 10640 7539
f 7537 10642 10641
f 7537 10643 10642
f 7537 10641 7538
f 7536 10643 7537
f 4469 4470 7593
f 7592 4469 7593
f 4519 7616 7615
f 4531 7616 4519
f 4530 7617 7616
f 4530 7616 4531
f 4529 7618 7617
f 4529 7617 4530
f 4528 7619 7618
f 4528 7618 4529
f 4527 7620 7619
f 4527 7619 4528
f 4526 7621 7620
f 4526 7620 4527
f 4525 7622 7621
f 4525 7621 4526
f 4524 7623 7622
f 4524 7622 4525
f 4523 7624 7623
f 4523 7623 4524
f 4522 7625 7624
f 4522 7624 4523
f 4521 7626 7625
f 4521 7627 7626
f 4521 7625 4522
f 4520 7627 4521
f 4596 7733 7732
f 4595 7734 7733
f 4595 7733 4596
f 4594 7735 7734
f 4594 7734 4595
f 4593 7736 7735
f 4593 7735 4594
f 4592 7737 7736
f 4592 7736 4593
f 4591 7738 7737
f 4591 7737 4592
f 4590 7739 7738
f 4590 7738 4591
f 4589 7740 7739
f 4589 7739 4590
f 4588 7741 7740
f 4588 7740 4589
f 4587 7742 7741
f 4587 7741 4588
f 4586 7743 7742
f 4586 7742 4587
f 4585 7744 7743
f 4585 7743 4586
f 4584 7744 4585
f 7758 4662 7757
f 4650 4662 7758
f 7966 4870 7965
f 4858 4870 7966
f 4934 8019 8017
f 4934 8017 4922
f 4933 8020 8019
f 4933 8019 4934
f 4932 8021 8020
f 4932 8020 4933
f 4931 8022 8021
f 4931 8021 4932
f 4930 8023 8022
f 4930 8022 4931
f 4929 8024 8023
f 4929 8023 4930
f 4928 8025 8024
f 4928 8024 4929
f 4927 8026 8025
f 4927 8025 4928
f 4926 8027 8026
f 4926 8026 4927
f 4925 8028 8027
f 4925 8027 4926
f 4924 8029 8028
f 4924 8028 4925
f 4923 8030 8029
f 4923 8029 4924
f 5014 8121 8122
f 5014 5026 8121
f 5065 8214 8213
f 5077 8215 8214
f 5077 8214 5065
f 5076 8216 8215
f 5076 8215 5077
f 5075 8217 8216
f 5075 8216 5076
f 5074 8218 8217
f 5074 8217 5075
f 5073 8219 8218
f 5073 8218 5074
f 5072 8220 8219
f 5072 8219 5073
f 5071 8221 8220
f 5071 8220 5072
f 5070 8222 8221
f 5070 8221 5071
f 5069 8223 8222
f 5069 8222 5070
f 5068 8224 8223
f 5068 8223 5069
f 5067 8174 8224
f 5067 8224 5068
f 5066 8174 5067
f 5116 8253 8252
f 5115 8254 8253
f 5115 8253 5116
f 5114 8255 8254
f 5114 8254 5115
f 5113 8256 8255
f 5113 8255 5114
f 5112 8257 8256
f 5112 8256 5113
f 5111 8258 8257
f 5111 8257 5112
f 5110 8259 8258
f 5110 8258 5111
f 5109 8260 8259
f 5109 8259 5110
f 5108 8261 8260
f 5108 8260 5109
f 5107 8262 8261
f 5107 8261 5108
f 5106 8263 8262
f 5106 8262 5107
f 5105 8264 8263
f 5105 8263 5106
f 5104 8264 5105
f 5118 8225 8226
f 5118 5130 8225
f 5143 8240 8239
f 5155 8240 5143
f 5154 8241 8240
f 5154 8240 5155
f 5153 8242 8241
f 5153 8241 5154
f 5152 8243 8242
f 5152 8242 5153
f 5151 8244 8243
f 5151 8243 5152
f 5150 8245 8244
f 5150 8244 5151
f 5149 8246 8245
f 5149 8245 5150
f 5148 8247 8246
f 5148 8246 5149
f 5147 8248 8247
f 5147 8247 5148
f 5146 8249 8248
f 5146 8248 5147
f 5145 8250 8249
f 5145 8251 8250
f 5145 8249 5146
f 5144 8251 5145
f 5169 8318 8317
f 5181 8319 8318
f 5181 8318 5169
f 5180 8320 8319
f 5180 8319 5181
f 5179 8321 8320
f 5179 8320 5180
f 5178 8322 8321
f 5178 8321 5179
f 5177 8323 8322
f 5177 8322 5178
f 5176 8324 8323
f 5176 8323 5177
f 5175 8325 8324
f 5175 8324 5176
f 5174 8326 8325
f 5174 8325 5175
f 5173 8327 8326
f 5173 8326 5174
f 5172 8328 8327
f 5172 8327 5173
f 5171 8278 8328
f 5171 8328 5172
f 5170 8278 5171
f 8356 5248 5220
f 8356 8355 5248
f 5324 8461 8460
f 5323 8462 8461
f 5323 8461 5324
f 5322 8463 8462
f 5322 8462 5323
f 5321 8464 8463
f 5321 8463 5322
f 5320 8465 8464
f 5320 8464 5321
f 5319 8466 8465
f 5319 8465 5320
f 5318 8467 8466
f 5318 8466 5319
f 5317 8468 8467
f 5317 8467 5318
f 5316 8469 8468
f 5316 8468 5317
f 5315 8470 8469
f 5315 8469 5316
f 5314 8471 8470
f 5314 8470 5315
f 5313 8472 8471
f 5313 8471 5314
f 5312 8472 5313
f 8460 5352 5324
f 8460 8459 5352
f 5532 8669 8668
f 5531 8670 8669
f 5531 8669 5532
f 5530 8671 8670
f 5530 8670 5531
f 5529 8672 8671
f 5529 8671 5530
f 5528 8673 8672
f 5528 8672 5529
f 5527 8674 8673
f 5527 8673 5528
f 5526 8675 8674
f 5526 8674 5527
f 5525 8676 8675
f 5525 8675 5526
f 5524 8677 8676
f 5524 8676 5525
f 5523 8678 8677
f 5523 8677 5524
f 5522 8679 8678
f 5522 8678 5523
f 5521 8680 8679
f 5521 8679 5522
f 5520 8680 5521
f 5585 8734 8733
f 5597 8735 8734
f 5597 8734 5585
f 5596 8736 8735
f 5596 8735 5597
f 5595 8737 8736
f 5595 8736 5596
f 5594 8738 8737
f 5594 8737 5595
f 5593 8739 8738
f 5593 8738 5594
f 5592 8740 8739
f 5592 8739 5593
f 5591 8741 8740
f 5591 8740 5592
f 5590 8742 8741
f 5590 8741 5591
f 5589 8743 8742
f 5589 8742 5590
f 5588 8744 8743
f 5588 8743 5589
f 5587 8694 8744
f 5587 8744 5588
f 5586 8694 5587
f 8746 5650 8745
f 5638 5650 8746
f 5688 8825 8824
f 5687 8826 8825
f 5687 8825 5688
f 5686 8827 8826
f 5686 8826 5687
f 5685 8828 8827
f 5685 8827 5686
f 5684 8829 8828
f 5684 8828 5685
f 5683 8830 8829
f 5683 8829 5684
f 5682 8831 8830
f 5682 8830 5683
f 5681 8832 8831
f 5681 8831 5682
f 5680 8833 8832
f 5680 8832 5681
f 5679 8834 8833
f 5679 8833 5680
f 5678 8835 8834
f 5678 8834 5679
f 5677 8836 8835
f 5677 8835 5678
f 5676 8836 5677
f 5766 8851 8849
f 5766 8849 5754
f 5765 8852 8851
f 5765 8851 5766
f 5764 8853 8852
f 5764 8852 5765
f 5763 8854 8853
f 5763 8853 5764
f 5762 8855 8854
f 5762 8854 5763
f 5761 8856 8855
f 5761 8855 5762
f 5760 8857 8856
f 5760 8856 5761
f 5759 8858 8857
f 5759 8857 5760
f 5758 8859 8858
f 5758 8858 5759
f 5757 8860 8859
f 5757 8859 5758
f 5756 8861 8860
f 5756 8860 5757
f 5755 8862 8861
f 5755 8861 5756
f 8876 5768 5740
f 8876 8875 5768
f 5948 9085 9084
f 5947 9086 9085
f 5947 9085 5948
f 5946 9087 9086
f 5946 9086 5947
f 5945 9088 9087
f 5945 9087 5946
f 5944 9089 9088
f 5944 9088 5945
f 5943 9090 9089
f 5943 9089 5944
f 5942 9091 9090
f 5942 9090 5943
f 5941 9092 9091
f 5941 9091 5942
f 5940 9093 9092
f 5940 9092 5941
f 5939 9094 9093
f 5939 9093 5940
f 5938 9095 9094
f 5938 9094 5939
f 5937 9096 9095
f 5937 9095 5938
f 5936 9096 5937
f 6104 9239 6132
f 9240 9239 6104
f 9422 6326 9421
f 6314 6326 9422
f 6326 9423 9421
f 6338 9423 6326
f 6337 9424 9423
f 6337 9423 6338
f 6336 9425 9424
f 6336 9424 6337
f 6335 9426 9425
f 6335 9425 6336
f 6334 9427 9426
f 6334 9426 6335
f 6333 9428 9427
f 6333 9427 6334
f 6332 9429 9428
f 6332 9428 6333
f 6331 9430 9429
f 6331 9429 6332
f 6330 9431 9430
f 6330 9430 6331
f 6329 9432 9431
f 6329 9431 6330
f 6328 9433 9432
f 6328 9432 6329
f 6327 9434 9433
f 6327 9433 6328
f 9734 6638 9733
f 6626 6638 9734
f 9980 6833 9981
f 6820 6833 9980
f 7170 10255 10253
f 7170 10253 7158
f 7169 10256 10255
f 7169 10255 7170
f 7168 10257 10256
f 7168 10256 7169
f 7167 10258 10257
f 7167 10257 7168
f 7166 10259 10258
f 7166 10258 7167
f 7165 10260 10259
f 7165 10259 7166
f 7164 10261 10260
f 7164 10260 7165
f 7163 10262 10261
f 7163 10261 7164
f 7162 10263 10262
f 7162 10262 7163
f 7161 10264 10263
f 7161 10263 7162
f 7160 10265 10264
f 7160 10264 7161
f 7159 10266 10265
f 7159 10265 7160
f 7196 10331 7224
f 10332 10331 7196
f 7301 10450 10449
f 7313 10451 10450
f 7313 10450 7301
f 7312 10452 10451
f 7312 10451 7313
f 7311 10453 10452
f 7311 10452 7312
f 7310 10454 10453
f 7310 10453 7311
f 7309 10455 10454
f 7309 10454 7310
f 7308 10456 10455
f 7308 10455 7309
f 7307 10457 10456
f 7307 10456 7308
f 7306 10458 10457
f 7306 10457 7307
f 7305 10459 10458
f 7305 10458 7306
f 7304 10460 10459
f 7304 10459 7305
f 7303 10460 7304
f 7302 10410 10460
f 7302 10460 7303
f 7378 10463 10461
f 7378 10461 7366
f 7377 10464 10463
f 7377 10463 7378
f 7376 10465 10464
f 7376 10464 7377
f 7375 10466 10465
f 7375 10465 7376
f 7374 10467 10466
f 7374 10466 7375
f 7373 10468 10467
f 7373 10467 7374
f 7372 10469 10468
f 7372 10468 7373
f 7371 10470 10469
f 7371 10469 7372
f 7370 10471 10470
f 7370 10470 7371
f 7369 10472 10471
f 7369 10471 7370
f 7368 10473 10472
f 7368 10472 7369
f 7367 10474 10473
f 7367 10473 7368
f 7405 10554 10553
f 7417 10555 10554
f 7417 10554 7405
f 7416 10556 10555
f 7416 10555 7417
f 7415 10557 10556
f 7415 10556 7416
f 7414 10558 10557
f 7414 10557 7415
f 7413 10559 10558
f 7413 10558 7414
f 7412 10560 10559
f 7412 10559 7413
f 7411 10561 10560
f 7411 10560 7412
f 7410 10562 10561
f 7410 10561 7411
f 7409 10563 10562
f 7409 10562 7410
f 7408 10564 10563
f 7408 10563 7409
f 7407 10564 7408
f 7406 10514 10564
f 7406 10564 7407
f 7456 10593 10592
f 7455 10594 10593
f 7455 10593 7456
f 7454 10595 10594
f 7454 10594 7455
f 7453 10596 10595
f 7453 10595 7454
f 7452 10597 10596
f 7452 10596 7453
f 7451 10598 10597
f 7451 10597 7452
f 7450 10599 10598
f 7450 10598 7451
f 7449 10600 10599
f 7449 10599 7450
f 7448 10601 10600
f 7448 10600 7449
f 7447 10602 10601
f 7447 10601 7448
f 7446 10603 10602
f 7446 10602 7447
f 7445 10604 10603
f 7445 10603 7446
f 7444 10604 7445
f 7584 4460 4461
f 10774 10709 10710
f 10774 10710 10711
f 10774 10711 10712
f 10774 10712 4460
f 7583 4460 7584
f 7583 10774 4460
f 10814 10774 7583
f 10813 10774 10814
f 10812 10774 10813
f 10811 10774 10812
f 4468 4469 7592
f 7591 4468 7592
f 4492 7629 7628
f 4491 7630 7629
f 4491 7629 4492
f 4490 7631 7630
f 4490 7630 4491
f 4489 7632 7631
f 4489 7631 4490
f 4488 7633 7632
f 4488 7632 4489
f 4487 7634 7633
f 4487 7633 4488
f 4486 7635 7634
f 4486 7634 4487
f 4485 7636 7635
f 4485 7635 4486
f 4484 7637 7636
f 4484 7636 4485
f 4483 7638 7637
f 4483 7637 4484
f 4482 7639 7638
f 4482 7638 4483
f 4481 7640 7639
f 4481 7639 4482
f 4480 7640 4481
f 4494 7601 7602
f 4494 4506 7601
f 4598 7705 7706
f 4598 4610 7705
f 7732 4624 4596
f 7732 7731 4624
f 4700 7837 7836
f 4699 7838 7837
f 4699 7837 4700
f 4698 7839 7838
f 4698 7838 4699
f 4697 7840 7839
f 4697 7839 4698
f 4696 7841 7840
f 4696 7840 4697
f 4695 7842 7841
f 4695 7841 4696
f 4694 7843 7842
f 4694 7842 4695
f 4693 7844 7843
f 4693 7843 4694
f 4692 7845 7844
f 4692 7844 4693
f 4691 7846 7845
f 4691 7845 4692
f 4690 7847 7846
f 4690 7846 4691
f 4689 7848 7847
f 4689 7847 4690
f 4688 7848 4689
f 4804 7941 7940
f 4803 7942 7941
f 4803 7941 4804
f 4802 7943 7942
f 4802 7942 4803
f 4801 7944 7943
f 4801 7943 4802
f 4800 7945 7944
f 4800 7944 4801
f 4799 7946 7945
f 4799 7945 4800
f 4798 7947 7946
f 4798 7946 4799
f 4797 7948 7947
f 4797 7947 4798
f 4796 7949 7948
f 4796 7948 4797
f 4795 7950 7949
f 4795 7949 4796
f 4794 7951 7950
f 4794 7950 4795
f 4793 7952 7951
f 4793 7951 4794
f 4792 7952 4793
f 4909 8058 8057
f 4921 8059 8058
f 4921 8058 4909
f 4920 8060 8059
f 4920 8059 4921
f 4919 8061 8060
f 4919 8060 4920
f 4918 8062 8061
f 4918 8061 4919
f 4917 8063 8062
f 4917 8062 4918
f 4916 8064 8063
f 4916 8063 4917
f 4915 8065 8064
f 4915 8064 4916
f 4914 8066 8065
f 4914 8065 4915
f 4913 8067 8066
f 4913 8066 4914
f 4912 8068 8067
f 4912 8067 4913
f 4911 8018 8068
f 4911 8068 4912
f 4910 8018 4911
f 4960 8095 4988
f 8096 8095 4960
f 5168 8305 8304
f 5167 8306 8305
f 5167 8305 5168
f 5166 8307 8306
f 5166 8306 5167
f 5165 8308 8307
f 5165 8307 5166
f 5164 8309 8308
f 5164 8308 5165
f 5163 8310 8309
f 5163 8309 5164
f 5162 8311 8310
f 5162 8310 5163
f 5161 8312 8311
f 5161 8311 5162
f 5160 8313 8312
f 5160 8312 5161
f 5159 8314 8313
f 5159 8313 5160
f 5158 8315 8314
f 5158 8314 5159
f 5157 8316 8315
f 5157 8315 5158
f 5156 8316 5157
f 5468 8629 8628
f 5468 5481 8629
f 5494 8591 8589
f 5506 8591 5494
f 5505 8592 8591
f 5505 8591 5506
f 5504 8593 8592
f 5504 8592 5505
f 5503 8594 8593
f 5503 8593 5504
f 5502 8595 8594
f 5502 8594 5503
f 5501 8596 8595
f 5501 8595 5502
f 5500 8597 8596
f 5500 8596 5501
f 5499 8598 8597
f 5499 8597 5500
f 5498 8599 8598
f 5498 8598 5499
f 5497 8600 8599
f 5497 8599 5498
f 5496 8601 8600
f 5496 8600 5497
f 5495 8602 8601
f 5495 8601 5496
f 5520 8681 8680
f 5520 5533 8681
f 5584 8721 8720
f 5583 8722 8721
f 5583 8721 5584
f 5582 8723 8722
f 5582 8722 5583
f 5581 8724 8723
f 5581 8723 5582
f 5580 8725 8724
f 5580 8724 5581
f 5579 8726 8725
f 5579 8725 5580
f 5578 8727 8726
f 5578 8726 5579
f 5577 8728 8727
f 5577 8727 5578
f 5576 8729 8728
f 5576 8728 5577
f 5575 8730 8729
f 5575 8729 5576
f 5574 8731 8730
f 5574 8730 5575
f 5573 8732 8731
f 5573 8731 5574
f 5572 8732 5573
f 5662 8747 8745
f 5662 8745 5650
f 5661 8748 8747
f 5661 8747 5662
f 5660 8749 8748
f 5660 8748 5661
f 5659 8750 8749
f 5659 8749 5660
f 5658 8751 8750
f 5658 8750 5659
f 5657 8752 8751
f 5657 8751 5658
f 5656 8753 8752
f 5656 8752 5657
f 5655 8754 8753
f 5655 8753 5656
f 5654 8755 8754
f 5654 8754 5655
f 5653 8756 8755
f 5653 8755 5654
f 5652 8757 8756
f 5652 8756 5653
f 5651 8758 8757
f 5651 8757 5652
f 5819 8916 8915
f 5831 8916 5819
f 5830 8917 8916
f 5830 8916 5831
f 5829 8918 8917
f 5829 8917 5830
f 5828 8919 8918
f 5828 8918 5829
f 5827 8920 8919
f 5827 8919 5828
f 5826 8921 8920
f 5826 8920 5827
f 5825 8922 8921
f 5825 8921 5826
f 5824 8923 8922
f 5824 8922 5825
f 5823 8924 8923
f 5823 8923 5824
f 5822 8925 8924
f 5822 8924 5823
f 5821 8926 8925
f 5821 8925 5822
f 5820 8927 8926
f 5820 8926 5821
f 9279 9278 6171
f 6183 9279 6171
f 6313 9462 9461
f 6325 9463 9462
f 6325 9462 6313
f 6324 9464 9463
f 6324 9463 6325
f 6323 9465 9464
f 6323 9464 6324
f 6322 9466 9465
f 6322 9465 6323
f 6321 9467 9466
f 6321 9466 6322
f 6320 9468 9467
f 6320 9467 6321
f 6319 9469 9468
f 6319 9468 6320
f 6318 9470 9469
f 6318 9469 6319
f 6317 9471 9470
f 6317 9470 6318
f 6316 9472 9471
f 6316 9471 6317
f 6315 9422 9472
f 6315 9472 6316
f 6314 9422 6315
f 6364 9501 9500
f 6363 9502 9501
f 6363 9501 6364
f 6362 9503 9502
f 6362 9502 6363
f 6361 9504 9503
f 6361 9503 6362
f 6360 9505 9504
f 6360 9504 6361
f 6359 9506 9505
f 6359 9505 6360
f 6358 9507 9506
f 6358 9506 6359
f 6357 9508 9507
f 6357 9507 6358
f 6356 9509 9508
f 6356 9508 6357
f 6355 9510 9509
f 6355 9509 6356
f 6354 9511 9510
f 6354 9510 6355
f 6353 9512 9511
f 6353 9511 6354
f 6352 9512 6353
f 6520 9655 6548
f 9656 9655 6520
f 9851 6743 6755
f 9851 9850 6743
f 6988 10125 10124
f 6987 10126 10125
f 6987 10125 6988
f 6986 10127 10126
f 6986 10126 6987
f 6985 10128 10127
f 6985 10127 6986
f 6984 10129 10128
f 6984 10128 6985
f 6983 10130 10129
f 6983 10129 6984
f 6982 10131 10130
f 6982 10130 6983
f 6981 10132 10131
f 6981 10131 6982
f 6980 10133 10132
f 6980 10132 6981
f 6979 10134 10133
f 6979 10133 6980
f 6978 10135 10134
f 6978 10134 6979
f 6977 10136 10135
f 6977 10135 6978
f 6976 10136 6977
f 7015 10112 10111
f 7027 10112 7015
f 7026 10113 10112
f 7026 10112 7027
f 7025 10114 10113
f 7025 10113 7026
f 7024 10115 10114
f 7024 10114 7025
f 7023 10116 10115
f 7023 10115 7024
f 7022 10117 10116
f 7022 10116 7023
f 7021 10118 10117
f 7021 10117 7022
f 7020 10119 10118
f 7020 10118 7021
f 7019 10120 10119
f 7019 10119 7020
f 7018 10121 10120
f 7018 10120 7019
f 7017 10122 10121
f 7017 10123 10122
f 7017 10121 7018
f 7016 10123 7017
f 10202 7106 10201
f 7094 7106 10202
f 7223 10320 10319
f 7235 10320 7223
f 7234 10321 10320
f 7234 10320 7235
f 7233 10322 10321
f 7233 10321 7234
f 7232 10323 10322
f 7232 10322 7233
f 7231 10324 10323
f 7231 10323 7232
f 7230 10325 10324
f 7230 10324 7231
f 7229 10326 10325
f 7229 10325 7230
f 7228 10327 10326
f 7228 10326 7229
f 7227 10328 10327
f 7227 10327 7228
f 7226 10329 10328
f 7226 10328 7227
f 7225 10330 10329
f 7225 10331 10330
f 7225 10329 7226
f 7224 10331 7225
f 10475 7367 7379
f 10475 10474 7367
f 4544 7681 7680
f 4543 7682 7681
f 4543 7681 4544
f 4542 7683 7682
f 4542 7682 4543
f 4541 7684 7683
f 4541 7683 4542
f 4540 7685 7684
f 4540 7684 4541
f 4539 7686 7685
f 4539 7685 4540
f 4538 7687 7686
f 4538 7686 4539
f 4537 7688 7687
f 4537 7687 4538
f 4536 7689 7688
f 4536 7688 4537
f 4535 7690 7689
f 4535 7689 4536
f 4534 7691 7690
f 4534 7690 4535
f 4533 7692 7691
f 4533 7691 4534
f 4532 7692 4533
f 4545 7694 7693
f 4557 7695 7694
f 4557 7694 4545
f 4556 7696 7695
f 4556 7695 4557
f 4555 7697 7696
f 4555 7696 4556
f 4554 7698 7697
f 4554 7697 4555
f 4553 7699 7698
f 4553 7698 4554
f 4552 7700 7699
f 4552 7699 4553
f 4551 7701 7700
f 4551 7700 4552
f 4550 7702 7701
f 4550 7701 4551
f 4549 7703 7702
f 4549 7702 4550
f 4548 7704 7703
f 4548 7703 4549
f 4547 7654 7704
f 4547 7704 4548
f 4546 7654 4547
f 7823 7822 4715
f 4727 7823 4715
f 4752 7889 7888
f 4751 7890 7889
f 4751 7889 4752
f 4750 7891 7890
f 4750 7890 4751
f 4749 7892 7891
f 4749 7891 4750
f 4748 7893 7892
f 4748 7892 4749
f 4747 7894 7893
f 4747 7893 4748
f 4746 7895 7894
f 4746 7894 4747
f 4745 7896 7895
f 4745 7895 4746
f 4744 7897 7896
f 4744 7896 4745
f 4743 7898 7897
f 4743 7897 4744
f 4742 7899 7898
f 4742 7898 4743
f 4741 7900 7899
f 4741 7899 4742
f 4740 7900 4741
f 7862 4766 7861
f 4754 4766 7862
f 5064 8201 8200
f 5063 8202 8201
f 5063 8201 5064
f 5062 8203 8202
f 5062 8202 5063
f 5061 8204 8203
f 5061 8203 5062
f 5060 8205 8204
f 5060 8204 5061
f 5059 8206 8205
f 5059 8205 5060
f 5058 8207 8206
f 5058 8206 5059
f 5057 8208 8207
f 5057 8207 5058
f 5056 8209 8208
f 5056 8208 5057
f 5055 8210 8209
f 5055 8209 5056
f 5054 8211 8210
f 5054 8210 5055
f 5053 8212 8211
f 5053 8211 5054
f 5052 8212 5053
f 5376 8513 8512
f 5375 8514 8513
f 5375 8513 5376
f 5374 8515 8514
f 5374 8514 5375
f 5373 8516 8515
f 5373 8515 5374
f 5372 8517 8516
f 5372 8516 5373
f 5371 8518 8517
f 5371 8517 5372
f 5370 8519 8518
f 5370 8518 5371
f 5369 8520 8519
f 5369 8519 5370
f 5368 8521 8520
f 5368 8520 5369
f 5367 8522 8521
f 5367 8521 5368
f 5366 8523 8522
f 5366 8522 5367
f 5365 8524 8523
f 5365 8523 5366
f 5364 8524 5365
f 8499 5391 5403
f 8499 8498 5391
f 8603 5495 5507
f 8603 8602 5495
f 5584 8719 5612
f 8720 8719 5584
f 5663 8760 8759
f 5675 8760 5663
f 5674 8761 8760
f 5674 8760 5675
f 5673 8762 8761
f 5673 8761 5674
f 5672 8763 8762
f 5672 8762 5673
f 5671 8764 8763
f 5671 8763 5672
f 5670 8765 8764
f 5670 8764 5671
f 5669 8766 8765
f 5669 8765 5670
f 5668 8767 8766
f 5668 8766 5669
f 5667 8768 8767
f 5667 8767 5668
f 5666 8769 8768
f 5666 8768 5667
f 5665 8770 8769
f 5665 8771 8770
f 5665 8769 5666
f 5664 8771 5665
f 5742 8849 8850
f 5742 5754 8849
f 8980 5872 5844
f 8980 8979 5872
f 5910 9007 9005
f 5922 9007 5910
f 5921 9008 9007
f 5921 9007 5922
f 5920 9009 9008
f 5920 9008 5921
f 5919 9010 9009
f 5919 9009 5920
f 5918 9011 9010
f 5918 9010 5919
f 5917 9012 9011
f 5917 9011 5918
f 5916 9013 9012
f 5916 9012 5917
f 5915 9014 9013
f 5915 9013 5916
f 5914 9015 9014
f 5914 9014 5915
f 5913 9016 9015
f 5913 9015 5914
f 5912 9017 9016
f 5912 9016 5913
f 5911 9018 9017
f 5911 9017 5912
f 6000 9137 9136
f 5999 9138 9137
f 5999 9137 6000
f 5998 9139 9138
f 5998 9138 5999
f 5997 9140 9139
f 5997 9139 5998
f 5996 9141 9140
f 5996 9140 5997
f 5995 9142 9141
f 5995 9141 5996
f 5994 9143 9142
f 5994 9142 5995
f 5993 9144 9143
f 5993 9143 5994
f 5992 9145 9144
f 5992 9144 5993
f 5991 9146 9145
f 5991 9145 5992
f 5990 9147 9146
f 5990 9146 5991
f 5989 9148 9147
f 5989 9147 5990
f 5988 9148 5989
f 5988 9149 9148
f 5988 6001 9149
f 6118 9215 9213
f 6130 9215 6118
f 6129 9216 9215
f 6129 9215 6130
f 6128 9217 9216
f 6128 9216 6129
f 6127 9218 9217
f 6127 9217 6128
f 6126 9219 9218
f 6126 9218 6127
f 6125 9220 9219
f 6125 9219 6126
f 6124 9221 9220
f 6124 9220 6125
f 6123 9222 9221
f 6123 9221 6124
f 6122 9223 9222
f 6122 9222 6123
f 6121 9224 9223
f 6121 9223 6122
f 6120 9225 9224
f 6120 9224 6121
f 6119 9226 9225
f 6119 9225 6120
f 9396 6288 6260
f 9396 9395 6288
f 9526 6430 9525
f 6418 6430 9526
f 6534 9631 9629
f 6546 9631 6534
f 6545 9632 9631
f 6545 9631 6546
f 6544 9633 9632
f 6544 9632 6545
f 6543 9634 9633
f 6543 9633 6544
f 6542 9635 9634
f 6542 9634 6543
f 6541 9636 9635
f 6541 9635 6542
f 6540 9637 9636
f 6540 9636 6541
f 6539 9638 9637
f 6539 9637 6540
f 6538 9639 9638
f 6538 9638 6539
f 6537 9640 9639
f 6537 9639 6538
f 6536 9641 9640
f 6536 9640 6537
f 6535 9642 9641
f 6535 9641 6536
f 6598 9683 9681
f 6598 9681 6586
f 6597 9684 9683
f 6597 9683 6598
f 6596 9685 9684
f 6596 9684 6597
f 6595 9686 9685
f 6595 9685 6596
f 6594 9687 9686
f 6594 9686 6595
f 6593 9688 9687
f 6593 9687 6594
f 6592 9689 9688
f 6592 9688 6593
f 6591 9690 9689
f 6591 9689 6592
f 6590 9691 9690
f 6590 9690 6591
f 6589 9692 9691
f 6589 9691 6590
f 6588 9693 9692
f 6588 9692 6589
f 6587 9694 9693
f 6587 9693 6588
f 6572 9707 6600
f 9708 9707 6572
f 9942 6846 9941
f 6834 6846 9942
f 6911 10008 10007
f 6923 10008 6911
f 6922 10009 10008
f 6922 10008 6923
f 6921 10010 10009
f 6921 10009 6922
f 6920 10011 10010
f 6920 10010 6921
f 6919 10012 10011
f 6919 10011 6920
f 6918 10013 10012
f 6918 10012 6919
f 6917 10014 10013
f 6917 10013 6918
f 6916 10015 10014
f 6916 10014 6917
f 6915 10016 10015
f 6915 10015 6916
f 6914 10017 10016
f 6914 10016 6915
f 6913 10018 10017
f 6913 10019 10018
f 6913 10017 6914
f 6912 10019 6913
f 10084 6937 10085
f 6924 6937 10084
f 7119 10216 10215
f 7131 10216 7119
f 7130 10217 10216
f 7130 10216 7131
f 7129 10218 10217
f 7129 10217 7130
f 7128 10219 10218
f 7128 10218 7129
f 7127 10220 10219
f 7127 10219 7128
f 7126 10221 10220
f 7126 10220 7127
f 7125 10222 10221
f 7125 10221 7126
f 7124 10223 10222
f 7124 10222 7125
f 7123 10224 10223
f 7123 10223 7124
f 7122 10225 10224
f 7122 10224 7123
f 7121 10226 10225
f 7121 10227 10226
f 7121 10225 7122
f 7120 10227 7121
f 7222 10307 10305
f 7222 10305 7210
f 7221 10308 10307
f 7221 10307 7222
f 7220 10309 10308
f 7220 10308 7221
f 7219 10310 10309
f 7219 10309 7220
f 7218 10311 10310
f 7218 10310 7219
f 7217 10312 10311
f 7217 10311 7218
f 7216 10313 10312
f 7216 10312 7217
f 7215 10314 10313
f 7215 10313 7216
f 7214 10315 10314
f 7214 10314 7215
f 7213 10316 10315
f 7213 10315 7214
f 7212 10317 10316
f 7212 10316 7213
f 7211 10318 10317
f 7211 10317 7212
f 10319 7211 7223
f 10319 10318 7211
f 10371 7263 7275
f 10371 10370 7263
f 7327 10424 10423
f 7339 10424 7327
f 7338 10425 10424
f 7338 10424 7339
f 7337 10426 10425
f 7337 10425 7338
f 7336 10427 10426
f 7336 10426 7337
f 7335 10428 10427
f 7335 10427 7336
f 7334 10429 10428
f 7334 10428 7335
f 7333 10430 10429
f 7333 10429 7334
f 7332 10431 10430
f 7332 10430 7333
f 7331 10432 10431
f 7331 10431 7332
f 7330 10433 10432
f 7330 10432 7331
f 7329 10434 10433
f 7329 10435 10434
f 7329 10433 7330
f 7328 10435 7329
f 10579 7471 7483
f 10579 10578 7471
f 4544 7679 4572
f 7680 7679 4544
f 4648 7785 7784
f 4647 7786 7785
f 4647 7785 4648
f 4646 7787 7786
f 4646 7786 4647
f 4645 7788 7787
f 4645 7787 4646
f 4644 7789 7788
f 4644 7788 4645
f 4643 7790 7789
f 4643 7789 4644
f 4642 7791 7790
f 4642 7790 4643
f 4641 7792 7791
f 4641 7791 4642
f 4640 7793 7792
f 4640 7792 4641
f 4639 7794 7793
f 4639 7793 4640
f 4638 7795 7794
f 4638 7794 4639
f 4637 7796 7795
f 4637 7795 4638
f 4636 7796 4637
f 4649 7798 7797
f 4661 7799 7798
f 4661 7798 4649
f 4660 7800 7799
f 4660 7799 4661
f 4659 7801 7800
f 4659 7800 4660
f 4658 7802 7801
f 4658 7801 4659
f 4657 7803 7802
f 4657 7802 4658
f 4656 7804 7803
f 4656 7803 4657
f 4655 7805 7804
f 4655 7804 4656
f 4654 7806 7805
f 4654 7805 4655
f 4653 7807 7806
f 4653 7806 4654
f 4652 7808 7807
f 4652 7807 4653
f 4651 7758 7808
f 4651 7808 4652
f 4650 7758 4651
f 7836 4728 4700
f 7836 7835 4728
f 7940 4832 4804
f 7940 7939 4832
f 4856 7993 7992
f 4855 7994 7993
f 4855 7993 4856
f 4854 7995 7994
f 4854 7994 4855
f 4853 7996 7995
f 4853 7995 4854
f 4852 7997 7996
f 4852 7996 4853
f 4851 7998 7997
f 4851 7997 4852
f 4850 7999 7998
f 4850 7998 4851
f 4849 8000 7999
f 4849 7999 4850
f 4848 8001 8000
f 4848 8000 4849
f 4847 8002 8001
f 4847 8001 4848
f 4846 8003 8002
f 4846 8002 4847
f 4845 8004 8003
f 4845 8003 4846
f 4844 8004 4845
f 7979 4871 4883
f 7979 7978 4871
f 4962 8069 8070
f 4962 4974 8069
f 4974 8071 8069
f 4986 8071 4974
f 4985 8072 8071
f 4985 8071 4986
f 4984 8073 8072
f 4984 8072 4985
f 4983 8074 8073
f 4983 8073 4984
f 4982 8075 8074
f 4982 8074 4983
f 4981 8076 8075
f 4981 8075 4982
f 4980 8077 8076
f 4980 8076 4981
f 4979 8078 8077
f 4979 8077 4980
f 4978 8079 8078
f 4978 8078 4979
f 4977 8080 8079
f 4977 8079 4978
f 4976 8081 8080
f 4976 8080 4977
f 4975 8082 8081
f 4975 8081 4976
f 5013 8162 8161
f 5025 8163 8162
f 5025 8162 5013
f 5024 8164 8163
f 5024 8163 5025
f 5023 8165 8164
f 5023 8164 5024
f 5022 8166 8165
f 5022 8165 5023
f 5021 8167 8166
f 5021 8166 5022
f 5020 8168 8167
f 5020 8167 5021
f 5019 8169 8168
f 5019 8168 5020
f 5018 8170 8169
f 5018 8169 5019
f 5017 8171 8170
f 5017 8170 5018
f 5016 8172 8171
f 5016 8171 5017
f 5015 8122 8172
f 5015 8172 5016
f 5014 8122 5015
f 8472 5325 8473
f 5312 5325 8472
f 8576 5429 8577
f 5416 5429 8576
f 5429 8578 8577
f 5441 8579 8578
f 5441 8578 5429
f 5440 8580 8579
f 5440 8579 5441
f 5439 8581 8580
f 5439 8580 5440
f 5438 8582 8581
f 5438 8581 5439
f 5437 8583 8582
f 5437 8582 5438
f 5436 8584 8583
f 5436 8583 5437
f 5435 8585 8584
f 5435 8584 5436
f 5434 8586 8585
f 5434 8585 5435
f 5433 8587 8586
f 5433 8586 5434
f 5432 8588 8587
f 5432 8587 5433
f 5431 8538 8588
f 5431 8588 5432
f 5430 8538 5431
f 5480 8617 8616
f 5479 8618 8617
f 5479 8617 5480
f 5478 8619 8618
f 5478 8618 5479
f 5477 8620 8619
f 5477 8619 5478
f 5476 8621 8620
f 5476 8620 5477
f 5475 8622 8621
f 5475 8621 5476
f 5474 8623 8622
f 5474 8622 5475
f 5473 8624 8623
f 5473 8623 5474
f 5472 8625 8624
f 5472 8624 5473
f 5471 8626 8625
f 5471 8625 5472
f 5470 8627 8626
f 5470 8626 5471
f 5469 8628 8627
f 5469 8627 5470
f 5468 8628 5469
f 5558 8643 8641
f 5558 8641 5546
f 5557 8644 8643
f 5557 8643 5558
f 5556 8645 8644
f 5556 8644 5557
f 5555 8646 8645
f 5555 8645 5556
f 5554 8647 8646
f 5554 8646 5555
f 5553 8648 8647
f 5553 8647 5554
f 5552 8649 8648
f 5552 8648 5553
f 5551 8650 8649
f 5551 8649 5552
f 5550 8651 8650
f 5550 8650 5551
f 5549 8652 8651
f 5549 8651 5550
f 5548 8653 8652
f 5548 8652 5549
f 5547 8654 8653
f 5547 8653 5548
f 8759 8758 5651
f 5663 8759 5651
f 5845 8994 8993
f 5857 8995 8994
f 5857 8994 5845
f 5856 8996 8995
f 5856 8995 5857
f 5855 8997 8996
f 5855 8996 5856
f 5854 8998 8997
f 5854 8997 5855
f 5853 8999 8998
f 5853 8998 5854
f 5852 9000 8999
f 5852 8999 5853
f 5851 9001 9000
f 5851 9000 5852
f 5850 9002 9001
f 5850 9001 5851
f 5849 9003 9002
f 5849 9002 5850
f 5848 9004 9003
f 5848 9003 5849
f 5847 8954 9004
f 5847 9004 5848
f 5846 8954 5847
f 5897 9046 9045
f 5909 9047 9046
f 5909 9046 5897
f 5908 9048 9047
f 5908 9047 5909
f 5907 9049 9048
f 5907 9048 5908
f 5906 9050 9049
f 5906 9049 5907
f 5905 9051 9050
f 5905 9050 5906
f 5904 9052 9051
f 5904 9051 5905
f 5903 9053 9052
f 5903 9052 5904
f 5902 9054 9053
f 5902 9053 5903
f 5901 9055 9054
f 5901 9054 5902
f 5900 9056 9055
f 5900 9055 5901
f 5899 9006 9056
f 5899 9056 5900
f 5898 9006 5899
f 9019 5911 5923
f 9019 9018 5911
f 9123 6015 6027
f 9123 9122 6015
f 6027 9124 9123
f 6039 9124 6027
f 6038 9125 9124
f 6038 9124 6039
f 6037 9126 9125
f 6037 9125 6038
f 6036 9127 9126
f 6036 9126 6037
f 6035 9128 9127
f 6035 9127 6036
f 6034 9129 9128
f 6034 9128 6035
f 6033 9130 9129
f 6033 9129 6034
f 6032 9131 9130
f 6032 9130 6033
f 6031 9132 9131
f 6031 9131 6032
f 6030 9133 9132
f 6030 9132 6031
f 6029 9134 9133
f 6029 9133 6030
f 6028 9135 9134
f 6028 9134 6029
f 6092 9253 9252
f 6092 6105 9253
f 6261 9410 9409
f 6273 9411 9410
f 6273 9410 6261
f 6272 9412 9411
f 6272 9411 6273
f 6271 9413 9412
f 6271 9412 6272
f 6270 9414 9413
f 6270 9413 6271
f 6269 9415 9414
f 6269 9414 6270
f 6268 9416 9415
f 6268 9415 6269
f 6267 9417 9416
f 6267 9416 6268
f 6266 9418 9417
f 6266 9417 6267
f 6265 9419 9418
f 6265 9418 6266
f 6264 9420 9419
f 6264 9419 6265
f 6263 9370 9420
f 6263 9420 6264
f 6262 9370 6263
f 6508 9669 9668
f 6508 6521 9669
f 6522 9629 9630
f 6522 6534 9629
f 6625 9774 9773
f 6637 9775 9774
f 6637 9774 6625
f 6636 9776 9775
f 6636 9775 6637
f 6635 9777 9776
f 6635 9776 6636
f 6634 9778 9777
f 6634 9777 6635
f 6633 9779 9778
f 6633 9778 6634
f 6632 9780 9779
f 6632 9779 6633
f 6631 9781 9780
f 6631 9780 6632
f 6630 9782 9781
f 6630 9781 6631
f 6629 9783 9782
f 6629 9782 6630
f 6628 9784 9783
f 6628 9783 6629
f 6627 9784 6628
f 6626 9734 9784
f 6626 9784 6627
f 6729 9878 9877
f 6741 9879 9878
f 6741 9878 6729
f 6740 9880 9879
f 6740 9879 6741
f 6739 9881 9880
f 6739 9880 6740
f 6738 9882 9881
f 6738 9881 6739
f 6737 9883 9882
f 6737 9882 6738
f 6736 9884 9883
f 6736 9883 6737
f 6735 9885 9884
f 6735 9884 6736
f 6734 9886 9885
f 6734 9885 6735
f 6733 9887 9886
f 6733 9886 6734
f 6732 9888 9887
f 6732 9887 6733
f 6731 9888 6732
f 6730 9838 9888
f 6730 9888 6731
f 9955 6847 6859
f 9955 9954 6847
f 6937 10086 10085
f 6949 10087 10086
f 6949 10086 6937
f 6948 10088 10087
f 6948 10087 6949
f 6947 10089 10088
f 6947 10088 6948
f 6946 10090 10089
f 6946 10089 6947
f 6945 10091 10090
f 6945 10090 6946
f 6944 10092 10091
f 6944 10091 6945
f 6943 10093 10092
f 6943 10092 6944
f 6942 10094 10093
f 6942 10093 6943
f 6941 10095 10094
f 6941 10094 6942
f 6940 10096 10095
f 6940 10095 6941
f 6939 10096 6940
f 6938 10046 10096
f 6938 10096 6939
f 10059 6951 6963
f 10059 10058 6951
f 10240 7093 10241
f 7080 7093 10240
f 10344 7197 10345
f 7184 7197 10344
f 7288 10449 10448
f 7288 7301 10449
f 7326 10411 10409
f 7326 10409 7314
f 7325 10412 10411
f 7325 10411 7326
f 7324 10413 10412
f 7324 10412 7325
f 7323 10414 10413
f 7323 10413 7324
f 7322 10415 10414
f 7322 10414 7323
f 7321 10416 10415
f 7321 10415 7322
f 7320 10417 10416
f 7320 10416 7321
f 7319 10418 10417
f 7319 10417 7320
f 7318 10419 10418
f 7318 10418 7319
f 7317 10420 10419
f 7317 10419 7318
f 7316 10421 10420
f 7316 10420 7317
f 7315 10422 10421
f 7315 10421 7316
f 10552 7405 10553
f 7392 7405 10552
f 10656 7509 10657
f 7496 7509 10656
f 10781 10695 10696
f 10781 10696 10697
f 10781 10697 10698
f 4462 10695 10781
f 10817 10781 10818
f 10816 10781 10817
f 10815 10781 10816
f 7585 4462 10781
f 7585 10781 10815
f 7584 4461 4462
f 7584 4462 7585
f 10798 10681 10682
f 10798 10682 10683
f 10798 10683 10684
f 4465 10681 10798
f 10821 10798 10822
f 10820 10798 10821
f 10819 10798 10820
f 7588 4465 10798
f 7588 10798 10819
f 7587 4464 4465
f 7587 4465 7588
f 7719 7718 4611
f 4623 7719 4611
f 4702 7809 7810
f 4702 4714 7809
f 4883 7980 7979
f 4895 7980 4883
f 4894 7981 7980
f 4894 7980 4895
f 4893 7982 7981
f 4893 7981 4894
f 4892 7983 7982
f 4892 7982 4893
f 4891 7984 7983
f 4891 7983 4892
f 4890 7985 7984
f 4890 7984 4891
f 4889 7986 7985
f 4889 7985 4890
f 4888 7987 7986
f 4888 7986 4889
f 4887 7988 7987
f 4887 7987 4888
f 4886 7989 7988
f 4886 7988 4887
f 4885 7990 7989
f 4885 7989 4886
f 4884 7991 7990
f 4884 7990 4885
f 8239 8238 5131
f 5143 8239 5131
f 8395 5287 5299
f 8395 8394 5287
f 5403 8500 8499
f 5415 8500 5403
f 5414 8501 8500
f 5414 8500 5415
f 5413 8502 8501
f 5413 8501 5414
f 5412 8503 8502
f 5412 8502 5413
f 5411 8504 8503
f 5411 8503 5412
f 5410 8505 8504
f 5410 8504 5411
f 5409 8506 8505
f 5409 8505 5410
f 5408 8507 8506
f 5408 8506 5409
f 5407 8508 8507
f 5407 8507 5408
f 5406 8509 8508
f 5406 8508 5407
f 5405 8510 8509
f 5405 8509 5406
f 5404 8511 8510
f 5404 8510 5405
f 5689 8838 8837
f 5701 8839 8838
f 5701 8838 5689
f 5700 8840 8839
f 5700 8839 5701
f 5699 8841 8840
f 5699 8840 5700
f 5698 8842 8841
f 5698 8841 5699
f 5697 8843 8842
f 5697 8842 5698
f 5696 8844 8843
f 5696 8843 5697
f 5695 8845 8844
f 5695 8844 5696
f 5694 8846 8845
f 5694 8845 5695
f 5693 8847 8846
f 5693 8846 5694
f 5692 8848 8847
f 5692 8847 5693
f 5691 8798 8848
f 5691 8848 5692
f 5690 8798 5691
f 5728 8889 8888
f 5728 5741 8889
f 8992 5845 8993
f 5832 5845 8992
f 9096 5949 9097
f 5936 5949 9096
f 6235 9332 9331
f 6247 9332 6235
f 6246 9333 9332
f 6246 9332 6247
f 6245 9334 9333
f 6245 9333 6246
f 6244 9335 9334
f 6244 9334 6245
f 6243 9336 9335
f 6243 9335 6244
f 6242 9337 9336
f 6242 9336 6243
f 6241 9338 9337
f 6241 9337 6242
f 6240 9339 9338
f 6240 9338 6241
f 6239 9340 9339
f 6239 9339 6240
f 6238 9341 9340
f 6238 9340 6239
f 6237 9342 9341
f 6237 9341 6238
f 6236 9343 9342
f 6236 9342 6237
f 6262 9369 9370
f 6262 6274 9369
f 6416 9553 9552
f 6415 9554 9553
f 6415 9553 6416
f 6414 9555 9554
f 6414 9554 6415
f 6413 9556 9555
f 6413 9555 6414
f 6412 9557 9556
f 6412 9556 6413
f 6411 9558 9557
f 6411 9557 6412
f 6410 9559 9558
f 6410 9558 6411
f 6409 9560 9559
f 6409 9559 6410
f 6408 9561 9560
f 6408 9560 6409
f 6407 9562 9561
f 6407 9561 6408
f 6406 9563 9562
f 6406 9562 6407
f 6405 9564 9563
f 6405 9563 6406
f 6404 9564 6405
f 6443 9540 9539
f 6455 9540 6443
f 6454 9541 9540
f 6454 9540 6455
f 6453 9542 9541
f 6453 9541 6454
f 6452 9543 9542
f 6452 9542 6453
f 6451 9544 9543
f 6451 9543 6452
f 6450 9545 9544
f 6450 9544 6451
f 6449 9546 9545
f 6449 9545 6450
f 6448 9547 9546
f 6448 9546 6449
f 6447 9548 9547
f 6447 9547 6448
f 6446 9549 9548
f 6446 9548 6447
f 6445 9550 9549
f 6445 9549 6446
f 6444 9551 9550
f 6444 9550 6445
f 6469 9618 9617
f 6481 9619 9618
f 6481 9618 6469
f 6480 9620 9619
f 6480 9619 6481
f 6479 9621 9620
f 6479 9620 6480
f 6478 9622 9621
f 6478 9621 6479
f 6477 9623 9622
f 6477 9622 6478
f 6476 9624 9623
f 6476 9623 6477
f 6475 9625 9624
f 6475 9624 6476
f 6474 9626 9625
f 6474 9625 6475
f 6473 9627 9626
f 6473 9626 6474
f 6472 9628 9627
f 6472 9627 6473
f 6471 9578 9628
f 6471 9628 6472
f 6470 9578 6471
f 6494 9579 9577
f 6494 9577 6482
f 6493 9580 9579
f 6493 9579 6494
f 6492 9581 9580
f 6492 9580 6493
f 6491 9582 9581
f 6491 9581 6492
f 6490 9583 9582
f 6490 9582 6491
f 6489 9584 9583
f 6489 9583 6490
f 6488 9585 9584
f 6488 9584 6489
f 6487 9586 9585
f 6487 9585 6488
f 6486 9587 9586
f 6486 9586 6487
f 6485 9588 9587
f 6485 9587 6486
f 6484 9589 9588
f 6484 9588 6485
f 6483 9590 9589
f 6483 9589 6484
f 9682 6586 9681
f 6574 6586 9682
f 6833 9982 9981
f 6845 9983 9982
f 6845 9982 6833
f 6844 9984 9983
f 6844 9983 6845
f 6843 9985 9984
f 6843 9984 6844
f 6842 9986 9985
f 6842 9985 6843
f 6841 9987 9986
f 6841 9986 6842
f 6840 9988 9987
f 6840 9987 6841
f 6839 9989 9988
f 6839 9988 6840
f 6838 9990 9989
f 6838 9989 6839
f 6837 9991 9990
f 6837 9990 6838
f 6836 9992 9991
f 6836 9991 6837
f 6835 9992 6836
f 6834 9942 9992
f 6834 9992 6835
f 6963 10060 10059
f 6975 10060 6963
f 6974 10061 10060
f 6974 10060 6975
f 6973 10062 10061
f 6973 10061 6974
f 6972 10063 10062
f 6972 10062 6973
f 6971 10064 10063
f 6971 10063 6972
f 6970 10065 10064
f 6970 10064 6971
f 6969 10066 10065
f 6969 10065 6970
f 6968 10067 10066
f 6968 10066 6969
f 6967 10068 10067
f 6967 10067 6968
f 6966 10069 10068
f 6966 10068 6967
f 6965 10070 10069
f 6965 10071 10070
f 6965 10069 6966
f 6964 10071 6965
f 7040 10177 10176
f 7039 10178 10177
f 7039 10177 7040
f 7038 10179 10178
f 7038 10178 7039
f 7037 10180 10179
f 7037 10179 7038
f 7036 10181 10180
f 7036 10180 7037
f 7035 10182 10181
f 7035 10181 7036
f 7034 10183 10182
f 7034 10182 7035
f 7033 10184 10183
f 7033 10183 7034
f 7032 10185 10184
f 7032 10184 7033
f 7031 10186 10185
f 7031 10185 7032
f 7030 10187 10186
f 7030 10186 7031
f 7029 10188 10187
f 7029 10187 7030
f 7028 10188 7029
f 7040 10175 7068
f 10176 10175 7040
f 10215 7107 7119
f 10215 10214 7107
f 7248 10385 10384
f 7247 10386 10385
f 7247 10385 7248
f 7246 10387 10386
f 7246 10386 7247
f 7245 10388 10387
f 7245 10387 7246
f 7244 10389 10388
f 7244 10388 7245
f 7243 10390 10389
f 7243 10389 7244
f 7242 10391 10390
f 7242 10390 7243
f 7241 10392 10391
f 7241 10391 7242
f 7240 10393 10392
f 7240 10392 7241
f 7239 10394 10393
f 7239 10393 7240
f 7238 10395 10394
f 7238 10394 7239
f 7237 10396 10395
f 7237 10395 7238
f 7236 10396 7237
f 7509 10658 10657
f 7521 10659 10658
f 7521 10658 7509
f 7520 10660 10659
f 7520 10659 7521
f 7519 10661 10660
f 7519 10660 7520
f 7518 10662 10661
f 7518 10661 7519
f 7517 10663 10662
f 7517 10662 7518
f 7516 10664 10663
f 7516 10663 7517
f 7515 10665 10664
f 7515 10664 7516
f 7514 10666 10665
f 7514 10665 7515
f 7513 10667 10666
f 7513 10666 7514
f 7512 10668 10667
f 7512 10667 7513
f 7511 10668 7512
f 7510 10618 10668
f 7510 10668 7511
f 4476 4477 7600
f 7599 4476 7600
f 4908 8045 8044
f 4907 8046 8045
f 4907 8045 4908
f 4906 8047 8046
f 4906 8046 4907
f 4905 8048 8047
f 4905 8047 4906
f 4904 8049 8048
f 4904 8048 4905
f 4903 8050 8049
f 4903 8049 4904
f 4902 8051 8050
f 4902 8050 4903
f 4901 8052 8051
f 4901 8051 4902
f 4900 8053 8052
f 4900 8052 4901
f 4899 8054 8053
f 4899 8053 4900
f 4898 8055 8054
f 4898 8054 4899
f 4897 8056 8055
f 4897 8055 4898
f 4896 8056 4897
f 5052 8213 8212
f 5052 5065 8213
f 5222 8329 8330
f 5222 5234 8329
f 5272 8409 8408
f 5271 8410 8409
f 5271 8409 5272
f 5270 8411 8410
f 5270 8410 5271
f 5269 8412 8411
f 5269 8411 5270
f 5268 8413 8412
f 5268 8412 5269
f 5267 8414 8413
f 5267 8413 5268
f 5266 8415 8414
f 5266 8414 5267
f 5265 8416 8415
f 5265 8415 5266
f 5264 8417 8416
f 5264 8416 5265
f 5263 8418 8417
f 5263 8417 5264
f 5262 8419 8418
f 5262 8418 5263
f 5261 8420 8419
f 5261 8419 5262
f 5260 8420 5261
f 5351 8446 5339
f 5351 8447 8446
f 5507 8604 8603
f 5519 8604 5507
f 5518 8605 8604
f 5518 8604 5519
f 5517 8606 8605
f 5517 8605 5518
f 5516 8607 8606
f 5516 8606 5517
f 5515 8608 8607
f 5515 8607 5516
f 5514 8609 8608
f 5514 8608 5515
f 5513 8610 8609
f 5513 8609 5514
f 5512 8611 8610
f 5512 8610 5513
f 5511 8612 8611
f 5511 8611 5512
f 5510 8613 8612
f 5510 8612 5511
f 5509 8614 8613
f 5509 8613 5510
f 5508 8615 8614
f 5508 8614 5509
f 5533 8682 8681
f 5545 8683 8682
f 5545 8682 5533
f 5544 8684 8683
f 5544 8683 5545
f 5543 8685 8684
f 5543 8684 5544
f 5542 8686 8685
f 5542 8685 5543
f 5541 8687 8686
f 5541 8686 5542
f 5540 8688 8687
f 5540 8687 5541
f 5539 8689 8688
f 5539 8688 5540
f 5538 8690 8689
f 5538 8689 5539
f 5537 8691 8690
f 5537 8690 5538
f 5536 8692 8691
f 5536 8691 5537
f 5535 8642 8692
f 5535 8692 5536
f 5534 8642 5535
f 8863 8862 5755
f 5767 8863 5755
f 5871 8968 8967
f 5883 8968 5871
f 5882 8969 8968
f 5882 8968 5883
f 5881 8970 8969
f 5881 8969 5882
f 5880 8971 8970
f 5880 8970 5881
f 5879 8972 8971
f 5879 8971 5880
f 5878 8973 8972
f 5878 8972 5879
f 5877 8974 8973
f 5877 8973 5878
f 5876 8975 8974
f 5876 8974 5877
f 5875 8976 8975
f 5875 8975 5876
f 5874 8977 8976
f 5874 8976 5875
f 5873 8978 8977
f 5873 8977 5874
f 5872 8979 8978
f 5872 8978 5873
f 6131 9228 9227
f 6143 9228 6131
f 6142 9229 9228
f 6142 9228 6143
f 6141 9230 9229
f 6141 9229 6142
f 6140 9231 9230
f 6140 9230 6141
f 6139 9232 9231
f 6139 9231 6140
f 6138 9233 9232
f 6138 9232 6139
f 6137 9234 9233
f 6137 9233 6138
f 6136 9235 9234
f 6136 9234 6137
f 6135 9236 9235
f 6135 9235 6136
f 6134 9237 9236
f 6134 9236 6135
f 6133 9238 9237
f 6133 9237 6134
f 6132 9239 9238
f 6132 9238 6133
f 6182 9267 9265
f 6182 9265 6170
f 6181 9268 9267
f 6181 9267 6182
f 6180 9269 9268
f 6180 9268 6181
f 6179 9270 9269
f 6179 9269 6180
f 6178 9271 9270
f 6178 9270 6179
f 6177 9272 9271
f 6177 9271 6178
f 6176 9273 9272
f 6176 9272 6177
f 6175 9274 9273
f 6175 9273 6176
f 6174 9275 9274
f 6174 9274 6175
f 6173 9276 9275
f 6173 9275 6174
f 6172 9277 9276
f 6172 9276 6173
f 6171 9278 9277
f 6171 9277 6172
f 6287 9384 9383
f 6299 9384 6287
f 6298 9385 9384
f 6298 9384 6299
f 6297 9386 9385
f 6297 9385 6298
f 6296 9387 9386
f 6296 9386 6297
f 6295 9388 9387
f 6295 9387 6296
f 6294 9389 9388
f 6294 9388 6295
f 6293 9390 9389
f 6293 9389 6294
f 6292 9391 9390
f 6292 9390 6293
f 6291 9392 9391
f 6291 9391 6292
f 6290 9393 9392
f 6290 9392 6291
f 6289 9394 9393
f 6289 9393 6290
f 6288 9395 9394
f 6288 9394 6289
f 6339 9436 9435
f 6351 9436 6339
f 6350 9437 9436
f 6350 9436 6351
f 6349 9438 9437
f 6349 9437 6350
f 6348 9439 9438
f 6348 9438 6349
f 6347 9440 9439
f 6347 9439 6348
f 6346 9441 9440
f 6346 9440 6347
f 6345 9442 9441
f 6345 9441 6346
f 6344 9443 9442
f 6344 9442 6345
f 6343 9444 9443
f 6343 9443 6344
f 6342 9445 9444
f 6342 9444 6343
f 6341 9446 9445
f 6341 9445 6342
f 6340 9447 9446
f 6340 9446 6341
f 6365 9514 9513
f 6377 9515 9514
f 6377 9514 6365
f 6376 9516 9515
f 6376 9515 6377
f 6375 9517 9516
f 6375 9516 6376
f 6374 9518 9517
f 6374 9517 6375
f 6373 9519 9518
f 6373 9518 6374
f 6372 9520 9519
f 6372 9519 6373
f 6371 9521 9520
f 6371 9520 6372
f 6370 9522 9521
f 6370 9521 6371
f 6369 9523 9522
f 6369 9522 6370
f 6368 9524 9523
f 6368 9523 6369
f 6367 9474 9524
f 6367 9524 6368
f 6366 9474 6367
f 9539 6431 6443
f 9539 9538 6431
f 6468 9605 9604
f 6467 9606 9605
f 6467 9605 6468
f 6466 9607 9606
f 6466 9606 6467
f 6465 9608 9607
f 6465 9607 6466
f 6464 9609 9608
f 6464 9608 6465
f 6463 9610 9609
f 6463 9609 6464
f 6462 9611 9610
f 6462 9610 6463
f 6461 9612 9611
f 6461 9611 6462
f 6460 9613 9612
f 6460 9612 6461
f 6459 9614 9613
f 6459 9613 6460
f 6458 9615 9614
f 6458 9614 6459
f 6457 9616 9615
f 6457 9615 6458
f 6456 9616 6457
f 4441 7565 7564
f 4453 7566 7565
f 4453 7565 4441
f 4452 7567 7566
f 4452 7566 4453
f 4451 7568 7567
f 4451 7567 4452
f 4450 7569 7568
f 4450 7568 4451
f 4449 7570 7569
f 4449 7569 4450
f 4448 7571 7570
f 4448 7570 4449
f 4447 7572 7571
f 4447 7571 4448
f 4446 7573 7572
f 4446 7572 4447
f 4445 7574 7573
f 4445 7573 4446
f 4444 7575 7574
f 4444 7574 4445
f 4443 7576 7575
f 4443 7575 4444
f 4442 7576 4443
f 9720 6573 9721
f 6560 6573 9720
f 6650 9735 9733
f 6650 9733 6638
f 6649 9736 9735
f 6649 9735 6650
f 6648 9737 9736
f 6648 9736 6649
f 6647 9738 9737
f 6647 9737 6648
f 6646 9739 9738
f 6646 9738 6647
f 6645 9740 9739
f 6645 9739 6646
f 6644 9741 9740
f 6644 9740 6645
f 6643 9742 9741
f 6643 9741 6644
f 6642 9743 9742
f 6642 9742 6643
f 6641 9744 9743
f 6641 9743 6642
f 6640 9745 9744
f 6640 9744 6641
f 6639 9746 9745
f 6639 9745 6640
f 9824 6677 9825
f 6664 6677 9824
f 6884 10021 10020
f 6883 10022 10021
f 6883 10021 6884
f 6882 10023 10022
f 6882 10022 6883
f 6881 10024 10023
f 6881 10023 6882
f 6880 10025 10024
f 6880 10024 6881
f 6879 10026 10025
f 6879 10025 6880
f 6878 10027 10026
f 6878 10026 6879
f 6877 10028 10027
f 6877 10027 6878
f 6876 10029 10028
f 6876 10028 6877
f 6875 10030 10029
f 6875 10029 6876
f 6874 10031 10030
f 6874 10030 6875
f 6873 10032 10031
f 6873 10031 6874
f 6872 10032 6873
f 10032 6885 10033
f 6872 6885 10032
f 6962 10047 10045
f 6962 10045 6950
f 6961 10048 10047
f 6961 10047 6962
f 6960 10049 10048
f 6960 10048 6961
f 6959 10050 10049
f 6959 10049 6960
f 6958 10051 10050
f 6958 10050 6959
f 6957 10052 10051
f 6957 10051 6958
f 6956 10053 10052
f 6956 10052 6957
f 6955 10054 10053
f 6955 10053 6956
f 6954 10055 10054
f 6954 10054 6955
f 6953 10056 10055
f 6953 10055 6954
f 6952 10057 10056
f 6952 10056 6953
f 6951 10058 10057
f 6951 10057 6952
f 7028 10189 10188
f 7028 7041 10189
f 7144 10281 10280
f 7143 10282 10281
f 7143 10281 7144
f 7142 10283 10282
f 7142 10282 7143
f 7141 10284 10283
f 7141 10283 7142
f 7140 10285 10284
f 7140 10284 7141
f 7139 10286 10285
f 7139 10285 7140
f 7138 10287 10286
f 7138 10286 7139
f 7137 10288 10287
f 7137 10287 7138
f 7136 10289 10288
f 7136 10288 7137
f 7135 10290 10289
f 7135 10289 7136
f 7134 10291 10290
f 7134 10290 7135
f 7133 10292 10291
f 7133 10291 7134
f 7132 10292 7133
f 10292 7145 10293
f 7132 7145 10292
f 10423 7315 7327
f 10423 10422 7315
f 7430 10515 10513
f 7430 10513 7418
f 7429 10516 10515
f 7429 10515 7430
f 7428 10517 10516
f 7428 10516 7429
f 7427 10518 10517
f 7427 10517 7428
f 7426 10519 10518
f 7426 10518 7427
f 7425 10520 10519
f 7425 10519 7426
f 7424 10521 10520
f 7424 10520 7425
f 7423 10522 10521
f 7423 10521 7424
f 7422 10523 10522
f 7422 10522 7423
f 7421 10524 10523
f 7421 10523 7422
f 7420 10525 10524
f 7420 10524 7421
f 7419 10526 10525
f 7419 10525 7420
f 10527 7419 7431
f 10527 10526 7419
f 4478 4479 7548
f 7549 4478 7548
f 4518 7603 7601
f 4518 7601 4506
f 4517 7604 7603
f 4517 7603 4518
f 4516 7605 7604
f 4516 7604 4517
f 4515 7606 7605
f 4515 7605 4516
f 4514 7607 7606
f 4514 7606 4515
f 4513 7608 7607
f 4513 7607 4514
f 4512 7609 7608
f 4512 7608 4513
f 4511 7610 7609
f 4511 7609 4512
f 4510 7611 7610
f 4510 7610 4511
f 4509 7612 7611
f 4509 7611 4510
f 4508 7613 7612
f 4508 7612 4509
f 4507 7614 7613
f 4507 7613 4508
f 4532 7693 7692
f 4532 4545 7693
f 7952 4805 7953
f 4792 4805 7952
f 8083 4975 4987
f 8083 8082 4975
f 5038 8123 8121
f 5038 8121 5026
f 5037 8124 8123
f 5037 8123 5038
f 5036 8125 8124
f 5036 8124 5037
f 5035 8126 8125
f 5035 8125 5036
f 5034 8127 8126
f 5034 8126 5035
f 5033 8128 8127
f 5033 8127 5034
f 5032 8129 8128
f 5032 8128 5033
f 5031 8130 8129
f 5031 8129 5032
f 5030 8131 8130
f 5030 8130 5031
f 5029 8132 8131
f 5029 8131 5030
f 5028 8133 8132
f 5028 8132 5029
f 5027 8134 8133
f 5027 8133 5028
f 5064 8199 5092
f 8200 8199 5064
f 8368 5221 8369
f 5208 5221 8368
f 5221 8370 8369
f 5233 8371 8370
f 5233 8370 5221
f 5232 8372 8371
f 5232 8371 5233
f 5231 8373 8372
f 5231 8372 5232
f 5230 8374 8373
f 5230 8373 5231
f 5229 8375 8374
f 5229 8374 5230
f 5228 8376 8375
f 5228 8375 5229
f 5227 8377 8376
f 5227 8376 5228
f 5226 8378 8377
f 5226 8377 5227
f 5225 8379 8378
f 5225 8378 5226
f 5224 8380 8379
f 5224 8379 5225
f 5223 8330 8380
f 5223 8380 5224
f 5222 8330 5223
f 8551 8550 5443
f 5455 8551 5443
f 5572 8733 8732
f 5572 5585 8733
f 5636 8773 8772
f 5635 8774 8773
f 5635 8773 5636
f 5634 8775 8774
f 5634 8774 5635
f 5633 8776 8775
f 5633 8775 5634
f 5632 8777 8776
f 5632 8776 5633
f 5631 8778 8777
f 5631 8777 5632
f 5630 8779 8778
f 5630 8778 5631
f 5629 8780 8779
f 5629 8779 5630
f 5628 8781 8780
f 5628 8780 5629
f 5627 8782 8781
f 5627 8781 5628
f 5626 8783 8782
f 5626 8782 5627
f 5625 8784 8783
f 5625 8783 5626
f 5624 8784 5625
f 5676 8837 8836
f 5676 5689 8837
f 5871 8966 5859
f 5871 8967 8966
f 6079 9176 9175
f 6091 9176 6079
f 6090 9177 9176
f 6090 9176 6091
f 6089 9178 9177
f 6089 9177 6090
f 6088 9179 9178
f 6088 9178 6089
f 6087 9180 9179
f 6087 9179 6088
f 6086 9181 9180
f 6086 9180 6087
f 6085 9182 9181
f 6085 9181 6086
f 6084 9183 9182
f 6084 9182 6085
f 6083 9184 9183
f 6083 9183 6084
f 6082 9185 9184
f 6082 9184 6083
f 6081 9186 9185
f 6081 9185 6082
f 6080 9187 9186
f 6080 9186 6081
f 9227 6119 6131
f 9227 9226 6119
f 9331 6223 6235
f 9331 9330 6223
f 6248 9409 9408
f 6248 6261 9409
f 6520 9657 9656
f 6519 9658 9657
f 6519 9657 6520
f 6518 9659 9658
f 6518 9658 6519
f 6517 9660 9659
f 6517 9659 6518
f 6516 9661 9660
f 6516 9660 6517
f 6515 9662 9661
f 6515 9661 6516
f 6514 9663 9662
f 6514 9662 6515
f 6513 9664 9663
f 6513 9663 6514
f 6512 9665 9664
f 6512 9664 6513
f 6511 9666 9665
f 6511 9665 6512
f 6510 9667 9666
f 6510 9666 6511
f 6509 9668 9667
f 6509 9667 6510
f 6508 9668 6509
f 9643 6535 6547
f 9643 9642 6535
f 9799 6691 6703
f 9799 9798 6691
f 6754 9839 9837
f 6754 9837 6742
f 6753 9840 9839
f 6753 9839 6754
f 6752 9841 9840
f 6752 9840 6753
f 6751 9842 9841
f 6751 9841 6752
f 6750 9843 9842
f 6750 9842 6751
f 6749 9844 9843
f 6749 9843 6750
f 6748 9845 9844
f 6748 9844 6749
f 6747 9846 9845
f 6747 9845 6748
f 6746 9847 9846
f 6746 9846 6747
f 6745 9848 9847
f 6745 9847 6746
f 6744 9849 9848
f 6744 9848 6745
f 6743 9850 9849
f 6743 9849 6744
f 6832 9969 9968
f 6831 9970 9969
f 6831 9969 6832
f 6830 9971 9970
f 6830 9970 6831
f 6829 9972 9971
f 6829 9971 6830
f 6828 9973 9972
f 6828 9972 6829
f 6827 9974 9973
f 6827 9973 6828
f 6826 9975 9974
f 6826 9974 6827
f 6825 9976 9975
f 6825 9975 6826
f 6824 9977 9976
f 6824 9976 6825
f 6823 9978 9977
f 6823 9977 6824
f 6822 9979 9978
f 6822 9978 6823
f 6821 9980 9979
f 6821 9979 6822
f 6820 9980 6821
f 10163 7055 7067
f 10163 10162 7055
f 7275 10372 10371
f 7287 10372 7275
f 7286 10373 10372
f 7286 10372 7287
f 7285 10374 10373
f 7285 10373 7286
f 7284 10375 10374
f 7284 10374 7285
f 7283 10376 10375
f 7283 10375 7284
f 7282 10377 10376
f 7282 10376 7283
f 7281 10378 10377
f 7281 10377 7282
f 7280 10379 10378
f 7280 10378 7281
f 7279 10380 10379
f 7279 10379 7280
f 7278 10381 10380
f 7278 10380 7279
f 7277 10382 10381
f 7277 10383 10382
f 7277 10381 7278
f 7276 10383 7277
f 7597 4474 4475
f 7597 4475 7598
f 4493 7642 7641
f 4505 7643 7642
f 4505 7642 4493
f 4504 7644 7643
f 4504 7643 4505
f 4503 7645 7644
f 4503 7644 4504
f 4502 7646 7645
f 4502 7645 4503
f 4501 7647 7646
f 4501 7646 4502
f 4500 7648 7647
f 4500 7647 4501
f 4499 7649 7648
f 4499 7648 4500
f 4498 7650 7649
f 4498 7649 4499
f 4497 7651 7650
f 4497 7650 4498
f 4496 7652 7651
f 4496 7651 4497
f 4495 7602 7652
f 4495 7652 4496
f 4494 7602 4495
f 7848 4701 7849
f 4688 4701 7848
f 4701 7850 7849
f 4713 7851 7850
f 4713 7850 4701
f 4712 7852 7851
f 4712 7851 4713
f 4711 7853 7852
f 4711 7852 4712
f 4710 7854 7853
f 4710 7853 4711
f 4709 7855 7854
f 4709 7854 4710
f 4708 7856 7855
f 4708 7855 4709
f 4707 7857 7856
f 4707 7856 4708
f 4706 7858 7857
f 4706 7857 4707
f 4705 7859 7858
f 4705 7858 4706
f 4704 7860 7859
f 4704 7859 4705
f 4703 7810 7860
f 4703 7860 4704
f 4702 7810 4703
f 4960 8097 8096
f 4959 8098 8097
f 4959 8097 4960
f 4958 8099 8098
f 4958 8098 4959
f 4957 8100 8099
f 4957 8099 4958
f 4956 8101 8100
f 4956 8100 4957
f 4955 8102 8101
f 4955 8101 4956
f 4954 8103 8102
f 4954 8102 4955
f 4953 8104 8103
f 4953 8103 4954
f 4952 8105 8104
f 4952 8104 4953
f 4951 8106 8105
f 4951 8105 4952
f 4950 8107 8106
f 4950 8106 4951
f 4949 8108 8107
f 4949 8107 4950
f 4948 8108 4949
f 5078 8175 8173
f 5090 8175 5078
f 5089 8176 8175
f 5089 8175 5090
f 5088 8177 8176
f 5088 8176 5089
f 5087 8178 8177
f 5087 8177 5088
f 5086 8179 8178
f 5086 8178 5087
f 5085 8180 8179
f 5085 8179 5086
f 5084 8181 8180
f 5084 8180 5085
f 5083 8182 8181
f 5083 8181 5084
f 5082 8183 8182
f 5082 8182 5083
f 5081 8184 8183
f 5081 8183 5082
f 5080 8185 8184
f 5080 8184 5081
f 5079 8186 8185
f 5079 8185 5080
f 5117 8266 8265
f 5129 8267 8266
f 5129 8266 5117
f 5128 8268 8267
f 5128 8267 5129
f 5127 8269 8268
f 5127 8268 5128
f 5126 8270 8269
f 5126 8269 5127
f 5125 8271 8270
f 5125 8270 5126
f 5124 8272 8271
f 5124 8271 5125
f 5123 8273 8272
f 5123 8272 5124
f 5122 8274 8273
f 5122 8273 5123
f 5121 8275 8274
f 5121 8274 5122
f 5120 8276 8275
f 5120 8275 5121
f 5119 8226 8276
f 5119 8276 5120
f 5118 8226 5119
f 5247 8344 8343
f 5259 8344 5247
f 5258 8345 8344
f 5258 8344 5259
f 5257 8346 8345
f 5257 8345 5258
f 5256 8347 8346
f 5256 8346 5257
f 5255 8348 8347
f 5255 8347 5256
f 5254 8349 8348
f 5254 8348 5255
f 5253 8350 8349
f 5253 8349 5254
f 5252 8351 8350
f 5252 8350 5253
f 5251 8352 8351
f 5251 8351 5252
f 5250 8353 8352
f 5250 8352 5251
f 5249 8354 8353
f 5249 8355 8354
f 5249 8353 5250
f 5248 8355 5249
f 5260 8421 8420
f 5260 5273 8421
f 5325 8474 8473
f 5337 8475 8474
f 5337 8474 5325
f 5336 8476 8475
f 5336 8475 5337
f 5335 8477 8476
f 5335 8476 5336
f 5334 8478 8477
f 5334 8477 5335
f 5333 8479 8478
f 5333 8478 5334
f 5332 8480 8479
f 5332 8479 5333
f 5331 8481 8480
f 5331 8480 5332
f 5330 8482 8481
f 5330 8481 5331
f 5329 8483 8482
f 5329 8482 5330
f 5328 8484 8483
f 5328 8483 5329
f 5327 8434 8484
f 5327 8484 5328
f 5326 8434 5327
f 5428 8565 8564
f 5427 8566 8565
f 5427 8565 5428
f 5426 8567 8566
f 5426 8566 5427
f 5425 8568 8567
f 5425 8567 5426
f 5424 8569 8568
f 5424 8568 5425
f 5423 8570 8569
f 5423 8569 5424
f 5422 8571 8570
f 5422 8570 5423
f 5421 8572 8571
f 5421 8571 5422
f 5420 8573 8572
f 5420 8572 5421
f 5419 8574 8573
f 5419 8573 5420
f 5418 8575 8574
f 5418 8574 5419
f 5417 8576 8575
f 5417 8575 5418
f 5416 8576 5417
f 8707 5599 5611
f 8707 8706 5599
f 8811 5703 5715
f 8811 8810 5703
f 5975 9070 5963
f 5975 9071 9070
f 5975 9072 9071
f 5987 9072 5975
f 5986 9073 9072
f 5986 9072 5987
f 5985 9074 9073
f 5985 9073 5986
f 5984 9075 9074
f 5984 9074 5985
f 5983 9076 9075
f 5983 9075 5984
f 5982 9077 9076
f 5982 9076 5983
f 5981 9078 9077
f 5981 9077 5982
f 5980 9079 9078
f 5980 9078 5981
f 5979 9080 9079
f 5979 9079 5980
f 5978 9081 9080
f 5978 9080 5979
f 5977 9082 9081
f 5977 9081 5978
f 5976 9083 9082
f 5976 9082 5977
f 6052 9189 9188
f 6051 9190 9189
f 6051 9189 6052
f 6050 9191 9190
f 6050 9190 6051
f 6049 9192 9191
f 6049 9191 6050
f 6048 9193 9192
f 6048 9192 6049
f 6047 9194 9193
f 6047 9193 6048
f 6046 9195 9194
f 6046 9194 6047
f 6045 9196 9195
f 6045 9195 6046
f 6044 9197 9196
f 6044 9196 6045
f 6043 9198 9197
f 6043 9197 6044
f 6042 9199 9198
f 6042 9198 6043
f 6041 9200 9199
f 6041 9199 6042
f 6040 9200 6041
f 9200 6053 9201
f 6040 6053 9200
f 6183 9280 9279
f 6195 9280 6183
f 6194 9281 9280
f 6194 9280 6195
f 6193 9282 9281
f 6193 9281 6194
f 6192 9283 9282
f 6192 9282 6193
f 6191 9284 9283
f 6191 9283 6192
f 6190 9285 9284
f 6190 9284 6191
f 6189 9286 9285
f 6189 9285 6190
f 6188 9287 9286
f 6188 9286 6189
f 6187 9288 9287
f 6187 9287 6188
f 6186 9289 9288
f 6186 9288 6187
f 6185 9290 9289
f 6185 9289 6186
f 6184 9291 9290
f 6184 9290 6185
f 9383 9382 6275
f 6287 9383 6275
f 9695 6587 6599
f 9695 9694 6587
f 9928 6781 9929
f 6768 6781 9928
f 6781 9930 9929
f 6793 9931 9930
f 6793 9930 6781
f 6792 9932 9931
f 6792 9931 6793
f 6791 9933 9932
f 6791 9932 6792
f 6790 9934 9933
f 6790 9933 6791
f 6789 9935 9934
f 6789 9934 6790
f 6788 9936 9935
f 6788 9935 6789
f 6787 9937 9936
f 6787 9936 6788
f 6786 9938 9937
f 6786 9937 6787
f 6785 9939 9938
f 6785 9938 6786
f 6784 9940 9939
f 6784 9939 6785
f 6783 9940 6784
f 6782 9890 9940
f 6782 9940 6783
f 9890 6794 9889
f 6782 6794 9890
f 7171 10268 10267
f 7183 10268 7171
f 7182 10269 10268
f 7182 10268 7183
f 7181 10270 10269
f 7181 10269 7182
f 7180 10271 10270
f 7180 10270 7181
f 7179 10272 10271
f 7179 10271 7180
f 7178 10273 10272
f 7178 10272 7179
f 7177 10274 10273
f 7177 10273 7178
f 7176 10275 10274
f 7176 10274 7177
f 7175 10276 10275
f 7175 10275 7176
f 7174 10277 10276
f 7174 10276 7175
f 7173 10278 10277
f 7173 10279 10278
f 7173 10277 7174
f 7172 10279 7173
f 7379 10476 10475
f 7391 10476 7379
f 7390 10477 10476
f 7390 10476 7391
f 7389 10478 10477
f 7389 10477 7390
f 7388 10479 10478
f 7388 10478 7389
f 7387 10480 10479
f 7387 10479 7388
f 7386 10481 10480
f 7386 10480 7387
f 7385 10482 10481
f 7385 10481 7386
f 7384 10483 10482
f 7384 10482 7385
f 7383 10484 10483
f 7383 10483 7384
f 7382 10485 10484
f 7382 10484 7383
f 7381 10486 10485
f 7381 10487 10486
f 7381 10485 7382
f 7380 10487 7381
f 10566 7470 10565
f 7458 7470 10566
f 10747 10731 10732
f 10747 10732 10733
f 10747 10733 10734
f 4456 10731 10747
f 10825 10747 10826
f 10824 10747 10825
f 10823 10747 10824
f 7579 4456 10747
f 7579 10747 10823
f 7578 4455 4456
f 7578 4456 7579
f 4597 7746 7745
f 4609 7747 7746
f 4609 7746 4597
f 4608 7748 7747
f 4608 7747 4609
f 4607 7749 7748
f 4607 7748 4608
f 4606 7750 7749
f 4606 7749 4607
f 4605 7751 7750
f 4605 7750 4606
f 4604 7752 7751
f 4604 7751 4605
f 4603 7753 7752
f 4603 7752 4604
f 4602 7754 7753
f 4602 7753 4603
f 4601 7755 7754
f 4601 7754 4602
f 4600 7756 7755
f 4600 7755 4601
f 4599 7706 7756
f 4599 7756 4600
f 4598 7706 4599
f 4636 7797 7796
f 4636 4649 7797
f 4727 7824 7823
f 4739 7824 4727
f 4738 7825 7824
f 4738 7824 4739
f 4737 7826 7825
f 4737 7825 4738
f 4736 7827 7826
f 4736 7826 4737
f 4735 7828 7827
f 4735 7827 4736
f 4734 7829 7828
f 4734 7828 4735
f 4733 7830 7829
f 4733 7829 4734
f 4732 7831 7830
f 4732 7830 4733
f 4731 7832 7831
f 4731 7831 4732
f 4730 7833 7832
f 4730 7832 4731
f 4729 7834 7833
f 4729 7833 4730
f 4728 7835 7834
f 4728 7834 4729
f 4805 7954 7953
f 4817 7955 7954
f 4817 7954 4805
f 4816 7956 7955
f 4816 7955 4817
f 4815 7957 7956
f 4815 7956 4816
f 4814 7958 7957
f 4814 7957 4815
f 4813 7959 7958
f 4813 7958 4814
f 4812 7960 7959
f 4812 7959 4813
f 4811 7961 7960
f 4811 7960 4812
f 4810 7962 7961
f 4810 7961 4811
f 4809 7963 7962
f 4809 7962 4810
f 4808 7964 7963
f 4808 7963 4809
f 4807 7914 7964
f 4807 7964 4808
f 4806 7914 4807
f 7927 7926 4819
f 4831 7927 4819
f 4831 7928 7927
f 4843 7928 4831
f 4842 7929 7928
f 4842 7928 4843
f 4841 7930 7929
f 4841 7929 4842
f 4840 7931 7930
f 4840 7930 4841
f 4839 7932 7931
f 4839 7931 4840
f 4838 7933 7932
f 4838 7932 4839
f 4837 7934 7933
f 4837 7933 4838
f 4836 7935 7934
f 4836 7934 4837
f 4835 7936 7935
f 4835 7935 4836
f 4834 7937 7936
f 4834 7936 4835
f 4833 7938 7937
f 4833 7937 4834
f 4832 7939 7938
f 4832 7938 4833
f 8056 4909 8057
f 4896 4909 8056
f 8031 8030 4923
f 4935 8031 4923
f 4987 8084 8083
f 4999 8084 4987
f 4998 8085 8084
f 4998 8084 4999
f 4997 8086 8085
f 4997 8085 4998
f 4996 8087 8086
f 4996 8086 4997
f 4995 8088 8087
f 4995 8087 4996
f 4994 8089 8088
f 4994 8088 4995
f 4993 8090 8089
f 4993 8089 4994
f 4992 8091 8090
f 4992 8090 4993
f 4991 8092 8091
f 4991 8091 4992
f 4990 8093 8092
f 4990 8092 4991
f 4989 8094 8093
f 4989 8093 4990
f 4988 8095 8094
f 4988 8094 4989
f 5182 8279 8277
f 5194 8279 5182
f 5193 8280 8279
f 5193 8279 5194
f 5192 8281 8280
f 5192 8280 5193
f 5191 8282 8281
f 5191 8281 5192
f 5190 8283 8282
f 5190 8282 5191
f 5189 8284 8283
f 5189 8283 5190
f 5188 8285 8284
f 5188 8284 5189
f 5187 8286 8285
f 5187 8285 5188
f 5186 8287 8286
f 5186 8286 5187
f 5185 8288 8287
f 5185 8287 5186
f 5184 8289 8288
f 5184 8288 5185
f 5183 8290 8289
f 5183 8289 5184
f 8343 8342 5235
f 5247 8343 5235
f 5351 8448 8447
f 5363 8448 5351
f 5362 8449 8448
f 5362 8448 5363
f 5361 8450 8449
f 5361 8449 5362
f 5360 8451 8450
f 5360 8450 5361
f 5359 8452 8451
f 5359 8451 5360
f 5358 8453 8452
f 5358 8452 5359
f 5357 8454 8453
f 5357 8453 5358
f 5356 8455 8454
f 5356 8454 5357
f 5355 8456 8455
f 5355 8455 5356
f 5354 8457 8456
f 5354 8456 5355
f 5353 8458 8457
f 5353 8457 5354
f 5352 8459 8458
f 5352 8458 5353
f 8564 5456 5428
f 8564 8563 5456
f 5598 8695 8693
f 5610 8695 5598
f 5609 8696 8695
f 5609 8695 5610
f 5608 8697 8696
f 5608 8696 5609
f 5607 8698 8697
f 5607 8697 5608
f 5606 8699 8698
f 5606 8698 5607
f 5605 8700 8699
f 5605 8699 5606
f 5604 8701 8700
f 5604 8700 5605
f 5603 8702 8701
f 5603 8701 5604
f 5602 8703 8702
f 5602 8702 5603
f 5601 8704 8703
f 5601 8703 5602
f 5600 8705 8704
f 5600 8704 5601
f 5599 8706 8705
f 5599 8705 5600
f 5688 8823 5716
f 8824 8823 5688
f 5740 8877 8876
f 5739 8878 8877
f 5739 8877 5740
f 5738 8879 8878
f 5738 8878 5739
f 5737 8880 8879
f 5737 8879 5738
f 5736 8881 8880
f 5736 8880 5737
f 5735 8882 8881
f 5735 8881 5736
f 5734 8883 8882
f 5734 8882 5735
f 5733 8884 8883
f 5733 8883 5734
f 5732 8885 8884
f 5732 8884 5733
f 5731 8886 8885
f 5731 8885 5732
f 5730 8887 8886
f 5730 8886 5731
f 5729 8888 8887
f 5729 8887 5730
f 5728 8888 5729
f 5792 8929 8928
f 5791 8930 8929
f 5791 8929 5792
f 5790 8931 8930
f 5790 8930 5791
f 5789 8932 8931
f 5789 8931 5790
f 5788 8933 8932
f 5788 8932 5789
f 5787 8934 8933
f 5787 8933 5788
f 5786 8935 8934
f 5786 8934 5787
f 5785 8936 8935
f 5785 8935 5786
f 5784 8937 8936
f 5784 8936 5785
f 5783 8938 8937
f 5783 8937 5784
f 5782 8939 8938
f 5782 8938 5783
f 5781 8940 8939
f 5781 8939 5782
f 5780 8940 5781
f 6001 9150 9149
f 6013 9151 9150
f 6013 9150 6001
f 6012 9152 9151
f 6012 9151 6013
f 6011 9153 9152
f 6011 9152 6012
f 6010 9154 9153
f 6010 9153 6011
f 6009 9155 9154
f 6009 9154 6010
f 6008 9156 9155
f 6008 9155 6009
f 6007 9157 9156
f 6007 9156 6008
f 6006 9158 9157
f 6006 9157 6007
f 6005 9159 9158
f 6005 9158 6006
f 6004 9160 9159
f 6004 9159 6005
f 6003 9110 9160
f 6003 9160 6004
f 6002 9110 6003
f 6106 9213 9214
f 6106 6118 9213
f 6156 9293 9292
f 6155 9294 9293
f 6155 9293 6156
f 6154 9295 9294
f 6154 9294 6155
f 6153 9296 9295
f 6153 9295 6154
f 6152 9297 9296
f 6152 9296 6153
f 6151 9298 9297
f 6151 9297 6152
f 6150 9299 9298
f 6150 9298 6151
f 6149 9300 9299
f 6149 9299 6150
f 6148 9301 9300
f 6148 9300 6149
f 6147 9302 9301
f 6147 9301 6148
f 6146 9303 9302
f 6146 9302 6147
f 6145 9304 9303
f 6145 9303 6146
f 6144 9304 6145
f 6352 9513 9512
f 6352 6365 9513
f 6456 9617 9616
f 6456 6469 9617
f 6599 9696 9695
f 6611 9696 6599
f 6610 9697 9696
f 6610 9696 6611
f 6609 9698 9697
f 6609 9697 6610
f 6608 9699 9698
f 6608 9698 6609
f 6607 9700 9699
f 6607 9699 6608
f 6606 9701 9700
f 6606 9700 6607
f 6605 9702 9701
f 6605 9701 6606
f 6604 9703 9702
f 6604 9702 6605
f 6603 9704 9703
f 6603 9703 6604
f 6602 9705 9704
f 6602 9704 6603
f 6601 9706 9705
f 6601 9707 9706
f 6601 9705 6602
f 6600 9707 6601
f 6703 9800 9799
f 6715 9800 6703
f 6714 9801 9800
f 6714 9800 6715
f 6713 9802 9801
f 6713 9801 6714
f 6712 9803 9802
f 6712 9802 6713
f 6711 9804 9803
f 6711 9803 6712
f 6710 9805 9804
f 6710 9804 6711
f 6709 9806 9805
f 6709 9805 6710
f 6708 9807 9806
f 6708 9806 6709
f 6707 9808 9807
f 6707 9807 6708
f 6706 9809 9808
f 6706 9808 6707
f 6705 9810 9809
f 6705 9811 9810
f 6705 9809 6706
f 6704 9811 6705
f 9903 6795 6807
f 9903 9902 6795
f 10007 6899 6911
f 10007 10006 6899
f 10046 6950 10045
f 6938 6950 10046
f 10136 6989 10137
f 6976 6989 10136
f 6989 10138 10137
f 7001 10139 10138
f 7001 10138 6989
f 7000 10140 10139
f 7000 10139 7001
f 6999 10141 10140
f 6999 10140 7000
f 6998 10142 10141
f 6998 10141 6999
f 6997 10143 10142
f 6997 10142 6998
f 6996 10144 10143
f 6996 10143 6997
f 6995 10145 10144
f 6995 10144 6996
f 6994 10146 10145
f 6994 10145 6995
f 6993 10147 10146
f 6993 10146 6994
f 6992 10148 10147
f 6992 10147 6993
f 6991 10148 6992
f 6990 10098 10148
f 6990 10148 6991
f 7197 10346 10345
f 7209 10347 10346
f 7209 10346 7197
f 7208 10348 10347
f 7208 10347 7209
f 7207 10349 10348
f 7207 10348 7208
f 7206 10350 10349
f 7206 10349 7207
f 7205 10351 10350
f 7205 10350 7206
f 7204 10352 10351
f 7204 10351 7205
f 7203 10353 10352
f 7203 10352 7204
f 7202 10354 10353
f 7202 10353 7203
f 7201 10355 10354
f 7201 10354 7202
f 7200 10356 10355
f 7200 10355 7201
f 7199 10356 7200
f 7198 10306 10356
f 7198 10356 7199
f 7404 10539 7432
f 10540 10539 7404
f 7508 10643 7536
f 10644 10643 7508
f 4466 4467 7590
f 7589 10669 4466
f 7589 4466 7590
f 2245 2244 10680
f 2245 10680 10679
f 10827 10670 10669
f 10827 10669 7589
f 10837 10679 10678
f 10837 2245 10679
f 10828 10671 10670
f 10828 10670 10827
f 10836 10678 10677
f 10836 10837 10678
f 10829 10672 10671
f 10829 10671 10828
f 10835 10677 10676
f 10835 10836 10677
f 10834 10676 10675
f 10834 10835 10676
f 10830 10673 10672
f 10830 10672 10829
f 10831 10674 10673
f 10831 10673 10830
f 10833 10675 10674
f 10833 10834 10675
f 10832 10833 10674
f 10832 10674 10831
f 4558 7655 7653
f 4570 7655 4558
f 4569 7656 7655
f 4569 7655 4570
f 4568 7657 7656
f 4568 7656 4569
f 4567 7658 7657
f 4567 7657 4568
f 4566 7659 7658
f 4566 7658 4567
f 4565 7660 7659
f 4565 7659 4566
f 4564 7661 7660
f 4564 7660 4565
f 4563 7662 7661
f 4563 7661 4564
f 4562 7663 7662
f 4562 7662 4563
f 4561 7664 7663
f 4561 7663 4562
f 4560 7665 7664
f 4560 7664 4561
f 4559 7666 7665
f 4559 7665 4560
f 7667 4559 4571
f 7667 7666 4559
f 4766 7863 7861
f 4778 7863 4766
f 4777 7864 7863
f 4777 7863 4778
f 4776 7865 7864
f 4776 7864 4777
f 4775 7866 7865
f 4775 7865 4776
f 4774 7867 7866
f 4774 7866 4775
f 4773 7868 7867
f 4773 7867 4774
f 4772 7869 7868
f 4772 7868 4773
f 4771 7870 7869
f 4771 7869 4772
f 4770 7871 7870
f 4770 7870 4771
f 4769 7872 7871
f 4769 7871 4770
f 4768 7873 7872
f 4768 7872 4769
f 4767 7874 7873
f 4767 7873 4768
f 5195 8292 8291
f 5207 8292 5195
f 5206 8293 8292
f 5206 8292 5207
f 5205 8294 8293
f 5205 8293 5206
f 5204 8295 8294
f 5204 8294 5205
f 5203 8296 8295
f 5203 8295 5204
f 5202 8297 8296
f 5202 8296 5203
f 5201 8298 8297
f 5201 8297 5202
f 5200 8299 8298
f 5200 8298 5201
f 5199 8300 8299
f 5199 8299 5200
f 5198 8301 8300
f 5198 8300 5199
f 5197 8302 8301
f 5197 8301 5198
f 5196 8303 8302
f 5196 8302 5197
f 5377 8526 8525
f 5389 8527 8526
f 5389 8526 5377
f 5388 8528 8527
f 5388 8527 5389
f 5387 8529 8528
f 5387 8528 5388
f 5386 8530 8529
f 5386 8529 5387
f 5385 8531 8530
f 5385 8530 5386
f 5384 8532 8531
f 5384 8531 5385
f 5383 8533 8532
f 5383 8532 5384
f 5382 8534 8533
f 5382 8533 5383
f 5381 8535 8534
f 5381 8534 5382
f 5380 8536 8535
f 5380 8535 5381
f 5379 8486 8536
f 5379 8536 5380
f 5378 8486 5379
f 5390 8487 8485
f 5402 8487 5390
f 5401 8488 8487
f 5401 8487 5402
f 5400 8489 8488
f 5400 8488 5401
f 5399 8490 8489
f 5399 8489 5400
f 5398 8491 8490
f 5398 8490 5399
f 5397 8492 8491
f 5397 8491 5398
f 5396 8493 8492
f 5396 8492 5397
f 5395 8494 8493
f 5395 8493 5396
f 5394 8495 8494
f 5394 8494 5395
f 5393 8496 8495
f 5393 8495 5394
f 5392 8497 8496
f 5392 8496 5393
f 5391 8498 8497
f 5391 8497 5392
f 5559 8654 5547
f 5559 8655 8654
f 5780 8941 8940
f 5780 5793 8941
f 5884 9045 9044
f 5884 5897 9045
f 6079 9174 6067
f 6079 9175 9174
f 6144 9305 9304
f 6144 6157 9305
f 6196 9357 9356
f 6196 6209 9357
f 6209 9358 9357
f 6221 9359 9358
f 6221 9358 6209
f 6220 9360 9359
f 6220 9359 6221
f 6219 9361 9360
f 6219 9360 6220
f 6218 9362 9361
f 6218 9361 6219
f 6217 9363 9362
f 6217 9362 6218
f 6216 9364 9363
f 6216 9363 6217
f 6215 9365 9364
f 6215 9364 6216
f 6214 9366 9365
f 6214 9365 6215
f 6213 9367 9366
f 6213 9366 6214
f 6212 9368 9367
f 6212 9367 6213
f 6211 9318 9368
f 6211 9368 6212
f 6210 9318 6211
f 6391 9486 6379
f 6391 9487 9486
f 6391 9488 9487
f 6403 9488 6391
f 6402 9489 9488
f 6402 9488 6403
f 6401 9490 9489
f 6401 9489 6402
f 6400 9491 9490
f 6400 9490 6401
f 6399 9492 9491
f 6399 9491 6400
f 6398 9493 9492
f 6398 9492 6399
f 6397 9494 9493
f 6397 9493 6398
f 6396 9495 9494
f 6396 9494 6397
f 6395 9496 9495
f 6395 9495 6396
f 6394 9497 9496
f 6394 9496 6395
f 6393 9498 9497
f 6393 9499 9498
f 6393 9497 6394
f 6392 9499 6393
f 6430 9527 9525
f 6442 9527 6430
f 6441 9528 9527
f 6441 9527 6442
f 6440 9529 9528
f 6440 9528 6441
f 6439 9530 9529
f 6439 9529 6440
f 6438 9531 9530
f 6438 9530 6439
f 6437 9532 9531
f 6437 9531 6438
f 6436 9533 9532
f 6436 9532 6437
f 6435 9534 9533
f 6435 9533 6436
f 6434 9535 9534
f 6434 9534 6435
f 6433 9536 9535
f 6433 9535 6434
f 6432 9537 9536
f 6432 9536 6433
f 6431 9538 9537
f 6431 9537 6432
f 9772 6625 9773
f 6612 6625 9772
f 9876 6729 9877
f 6716 6729 9876
f 6807 9904 9903
f 6819 9904 6807
f 6818 9905 9904
f 6818 9904 6819
f 6817 9906 9905
f 6817 9905 6818
f 6816 9907 9906
f 6816 9906 6817
f 6815 9908 9907
f 6815 9907 6816
f 6814 9909 9908
f 6814 9908 6815
f 6813 9910 9909
f 6813 9909 6814
f 6812 9911 9910
f 6812 9910 6813
f 6811 9912 9911
f 6811 9911 6812
f 6810 9913 9912
f 6810 9912 6811
f 6809 9914 9913
f 6809 9915 9914
f 6809 9913 6810
f 6808 9915 6809
f 6885 10034 10033
f 6897 10035 10034
f 6897 10034 6885
f 6896 10036 10035
f 6896 10035 6897
f 6895 10037 10036
f 6895 10036 6896
f 6894 10038 10037
f 6894 10037 6895
f 6893 10039 10038
f 6893 10038 6894
f 6892 10040 10039
f 6892 10039 6893
f 6891 10041 10040
f 6891 10040 6892
f 6890 10042 10041
f 6890 10041 6891
f 6889 10043 10042
f 6889 10042 6890
f 6888 10044 10043
f 6888 10043 6889
f 6887 10044 6888
f 6886 9994 10044
f 6886 10044 6887
f 7093 10242 10241
f 7105 10243 10242
f 7105 10242 7093
f 7104 10244 10243
f 7104 10243 7105
f 7103 10245 10244
f 7103 10244 7104
f 7102 10246 10245
f 7102 10245 7103
f 7101 10247 10246
f 7101 10246 7102
f 7100 10248 10247
f 7100 10247 7101
f 7099 10249 10248
f 7099 10248 7100
f 7098 10250 10249
f 7098 10249 7099
f 7097 10251 10250
f 7097 10250 7098
f 7096 10252 10251
f 7096 10251 7097
f 7095 10252 7096
f 7094 10202 10252
f 7094 10252 7095
f 7196 10333 10332
f 7195 10334 10333
f 7195 10333 7196
f 7194 10335 10334
f 7194 10334 7195
f 7193 10336 10335
f 7193 10335 7194
f 7192 10337 10336
f 7192 10336 7193
f 7191 10338 10337
f 7191 10337 7192
f 7190 10339 10338
f 7190 10338 7191
f 7189 10340 10339
f 7189 10339 7190
f 7188 10341 10340
f 7188 10340 7189
f 7187 10342 10341
f 7187 10341 7188
f 7186 10343 10342
f 7186 10342 7187
f 7185 10344 10343
f 7185 10343 7186
f 7184 10344 7185
f 10306 7210 10305
f 7198 7210 10306
f 10462 7366 10461
f 7354 7366 10462
f 7483 10580 10579
f 7495 10580 7483
f 7494 10581 10580
f 7494 10580 7495
f 7493 10582 10581
f 7493 10581 7494
f 7492 10583 10582
f 7492 10582 7493
f 7491 10584 10583
f 7491 10583 7492
f 7490 10585 10584
f 7490 10584 7491
f 7489 10586 10585
f 7489 10585 7490
f 7488 10587 10586
f 7488 10586 7489
f 7487 10588 10587
f 7487 10587 7488
f 7486 10589 10588
f 7486 10588 7487
f 7485 10590 10589
f 7485 10591 10590
f 7485 10589 7486
f 7484 10591 7485
f 7534 10619 10617
f 7534 10617 7522
f 7533 10620 10619
f 7533 10619 7534
f 7532 10621 10620
f 7532 10620 7533
f 7531 10622 10621
f 7531 10621 7532
f 7530 10623 10622
f 7530 10622 7531
f 7529 10624 10623
f 7529 10623 7530
f 7528 10625 10624
f 7528 10624 7529
f 7527 10626 10625
f 7527 10625 7528
f 7526 10627 10626
f 7526 10626 7527
f 7525 10628 10627
f 7525 10627 7526
f 7524 10629 10628
f 7524 10628 7525
f 7523 10630 10629
f 7523 10629 7524
f 4475 4476 7599
f 7598 4475 7599
f 7594 4471 4472
f 7594 4472 7595
f 4662 7759 7757
f 4674 7759 4662
f 4673 7760 7759
f 4673 7759 4674
f 4672 7761 7760
f 4672 7760 4673
f 4671 7762 7761
f 4671 7761 4672
f 4670 7763 7762
f 4670 7762 4671
f 4669 7764 7763
f 4669 7763 4670
f 4668 7765 7764
f 4668 7764 4669
f 4667 7766 7765
f 4667 7765 4668
f 4666 7767 7766
f 4666 7766 4667
f 4665 7768 7767
f 4665 7767 4666
f 4664 7769 7768
f 4664 7768 4665
f 4663 7770 7769
f 4663 7769 4664
f 4740 7901 7900
f 4740 4753 7901
f 4753 7902 7901
f 4765 7903 7902
f 4765 7902 4753
f 4764 7904 7903
f 4764 7903 4765
f 4763 7905 7904
f 4763 7904 4764
f 4762 7906 7905
f 4762 7905 4763
f 4761 7907 7906
f 4761 7906 4762
f 4760 7908 7907
f 4760 7907 4761
f 4759 7909 7908
f 4759 7908 4760
f 4758 7910 7909
f 4758 7909 4759
f 4757 7911 7910
f 4757 7910 4758
f 4756 7912 7911
f 4756 7911 4757
f 4755 7862 7912
f 4755 7912 4756
f 4754 7862 4755
f 4844 8005 8004
f 4844 4857 8005
f 4870 7967 7965
f 4882 7967 4870
f 4881 7968 7967
f 4881 7967 4882
f 4880 7969 7968
f 4880 7968 4881
f 4879 7970 7969
f 4879 7969 4880
f 4878 7971 7970
f 4878 7970 4879
f 4877 7972 7971
f 4877 7971 4878
f 4876 7973 7972
f 4876 7972 4877
f 4875 7974 7973
f 4875 7973 4876
f 4874 7975 7974
f 4874 7974 4875
f 4873 7976 7975
f 4873 7975 4874
f 4872 7977 7976
f 4872 7976 4873
f 4871 7978 7977
f 4871 7977 4872
f 8187 5079 5091
f 8187 8186 5079
f 5091 8188 8187
f 5103 8188 5091
f 5102 8189 8188
f 5102 8188 5103
f 5101 8190 8189
f 5101 8189 5102
f 5100 8191 8190
f 5100 8190 5101
f 5099 8192 8191
f 5099 8191 5100
f 5098 8193 8192
f 5098 8192 5099
f 5097 8194 8193
f 5097 8193 5098
f 5096 8195 8194
f 5096 8194 5097
f 5095 8196 8195
f 5095 8195 5096
f 5094 8197 8196
f 5094 8196 5095
f 5093 8198 8197
f 5093 8197 5094
f 5092 8199 8198
f 5092 8198 5093
f 5156 8317 8316
f 5156 5169 8317
f 8291 5183 5195
f 8291 8290 5183
f 5286 8383 8381
f 5298 8383 5286
f 5297 8384 8383
f 5297 8383 5298
f 5296 8385 8384
f 5296 8384 5297
f 5295 8386 8385
f 5295 8385 5296
f 5294 8387 8386
f 5294 8386 5295
f 5293 8388 8387
f 5293 8387 5294
f 5292 8389 8388
f 5292 8388 5293
f 5291 8390 8389
f 5291 8389 5292
f 5290 8391 8390
f 5290 8390 5291
f 5289 8392 8391
f 5289 8391 5290
f 5288 8393 8392
f 5288 8392 5289
f 5287 8394 8393
f 5287 8393 5288
f 5326 8433 8434
f 5326 5338 8433
f 5364 8525 8524
f 5364 5377 8525
f 5481 8630 8629
f 5493 8631 8630
f 5493 8630 5481
f 5492 8632 8631
f 5492 8631 5493
f 5491 8633 8632
f 5491 8632 5492
f 5490 8634 8633
f 5490 8633 5491
f 5489 8635 8634
f 5489 8634 5490
f 5488 8636 8635
f 5488 8635 5489
f 5487 8637 8636
f 5487 8636 5488
f 5486 8638 8637
f 5486 8637 5487
f 5485 8639 8638
f 5485 8638 5486
f 5484 8640 8639
f 5484 8639 5485
f 5483 8590 8640
f 5483 8640 5484
f 5482 8590 5483
f 5586 8693 8694
f 5586 5598 8693
f 5611 8708 8707
f 5623 8708 5611
f 5622 8709 8708
f 5622 8708 5623
f 5621 8710 8709
f 5621 8709 5622
f 5620 8711 8710
f 5620 8710 5621
f 5619 8712 8711
f 5619 8711 5620
f 5618 8713 8712
f 5618 8712 5619
f 5617 8714 8713
f 5617 8713 5618
f 5616 8715 8714
f 5616 8714 5617
f 5615 8716 8715
f 5615 8715 5616
f 5614 8717 8716
f 5614 8716 5615
f 5613 8718 8717
f 5613 8717 5614
f 5612 8719 8718
f 5612 8718 5613
f 8784 5637 8785
f 5624 5637 8784
f 5702 8799 8797
f 5714 8799 5702
f 5713 8800 8799
f 5713 8799 5714
f 5712 8801 8800
f 5712 8800 5713
f 5711 8802 8801
f 5711 8801 5712
f 5710 8803 8802
f 5710 8802 5711
f 5709 8804 8803
f 5709 8803 5710
f 5708 8805 8804
f 5708 8804 5709
f 5707 8806 8805
f 5707 8805 5708
f 5706 8807 8806
f 5706 8806 5707
f 5705 8808 8807
f 5705 8807 5706
f 5704 8809 8808
f 5704 8808 5705
f 5703 8810 8809
f 5703 8809 5704
f 8915 5807 5819
f 8915 8914 5807
f 5870 8955 8953
f 5870 8953 5858
f 5869 8956 8955
f 5869 8955 5870
f 5868 8957 8956
f 5868 8956 5869
f 5867 8958 8957
f 5867 8957 5868
f 5866 8959 8958
f 5866 8958 5867
f 5865 8960 8959
f 5865 8959 5866
f 5864 8961 8960
f 5864 8960 5865
f 5863 8962 8961
f 5863 8961 5864
f 5862 8963 8962
f 5862 8962 5863
f 5861 8964 8963
f 5861 8963 5862
f 5860 8965 8964
f 5860 8964 5861
f 5859 8966 8965
f 5859 8965 5860
f 9084 5976 5948
f 9084 9083 5976
f 6208 9343 6236
f 9344 9343 6208
f 6260 9397 9396
f 6259 9398 9397
f 6259 9397 6260
f 6258 9399 9398
f 6258 9398 6259
f 6257 9400 9399
f 6257 9399 6258
f 6256 9401 9400
f 6256 9400 6257
f 6255 9402 9401
f 6255 9401 6256
f 6254 9403 9402
f 6254 9402 6255
f 6253 9404 9403
f 6253 9403 6254
f 6252 9405 9404
f 6252 9404 6253
f 6251 9406 9405
f 6251 9405 6252
f 6250 9407 9406
f 6250 9406 6251
f 6249 9408 9407
f 6249 9407 6250
f 6248 9408 6249
f 6286 9371 9369
f 6286 9369 6274
f 6285 9372 9371
f 6285 9371 6286
f 6284 9373 9372
f 6284 9372 6285
f 6283 9374 9373
f 6283 9373 6284
f 6282 9375 9374
f 6282 9374 6283
f 6281 9376 9375
f 6281 9375 6282
f 6280 9377 9376
f 6280 9376 6281
f 6279 9378 9377
f 6279 9377 6280
f 6278 9379 9378
f 6278 9378 6279
f 6277 9380 9379
f 6277 9379 6278
f 6276 9381 9380
f 6276 9380 6277
f 6275 9382 9381
f 6275 9381 6276
f 6300 9461 9460
f 6300 6313 9461
f 6495 9590 6483
f 6495 9591 9590
f 6521 9670 9669
f 6533 9671 9670
f 6533 9670 6521
f 6532 9672 9671
f 6532 9671 6533
f 6531 9673 9672
f 6531 9672 6532
f 6530 9674 9673
f 6530 9673 6531
f 6529 9675 9674
f 6529 9674 6530
f 6528 9676 9675
f 6528 9675 6529
f 6527 9677 9676
f 6527 9676 6528
f 6526 9678 9677
f 6526 9677 6527
f 6525 9679 9678
f 6525 9678 6526
f 6524 9680 9679
f 6524 9679 6525
f 6523 9630 9680
f 6523 9680 6524
f 6522 9630 6523
f 6573 9722 9721
f 6585 9723 9722
f 6585 9722 6573
f 6584 9724 9723
f 6584 9723 6585
f 6583 9725 9724
f 6583 9724 6584
f 6582 9726 9725
f 6582 9725 6583
f 6581 9727 9726
f 6581 9726 6582
f 6580 9728 9727
f 6580 9727 6581
f 6579 9729 9728
f 6579 9728 6580
f 6578 9730 9729
f 6578 9729 6579
f 6577 9731 9730
f 6577 9730 6578
f 6576 9732 9731
f 6576 9731 6577
f 6575 9732 6576
f 6574 9682 9732
f 6574 9732 6575
f 6702 9787 9785
f 6702 9785 6690
f 6701 9788 9787
f 6701 9787 6702
f 6700 9789 9788
f 6700 9788 6701
f 6699 9790 9789
f 6699 9789 6700
f 6698 9791 9790
f 6698 9790 6699
f 6697 9792 9791
f 6697 9791 6698
f 6696 9793 9792
f 6696 9792 6697
f 6695 9794 9793
f 6695 9793 6696
f 6694 9795 9794
f 6694 9794 6695
f 6693 9796 9795
f 6693 9795 6694
f 6692 9797 9796
f 6692 9796 6693
f 6691 9798 9797
f 6691 9797 6692
f 6858 9943 9941
f 6858 9941 6846
f 6857 9944 9943
f 6857 9943 6858
f 6856 9945 9944
f 6856 9944 6857
f 6855 9946 9945
f 6855 9945 6856
f 6854 9947 9946
f 6854 9946 6855
f 6853 9948 9947
f 6853 9947 6854
f 6852 9949 9948
f 6852 9948 6853
f 6851 9950 9949
f 6851 9949 6852
f 6850 9951 9950
f 6850 9950 6851
f 6849 9952 9951
f 6849 9951 6850
f 6848 9953 9952
f 6848 9952 6849
f 6847 9954 9953
f 6847 9953 6848
f 6936 10073 10072
f 6935 10074 10073
f 6935 10073 6936
f 6934 10075 10074
f 6934 10074 6935
f 6933 10076 10075
f 6933 10075 6934
f 6932 10077 10076
f 6932 10076 6933
f 6931 10078 10077
f 6931 10077 6932
f 6930 10079 10078
f 6930 10078 6931
f 6929 10080 10079
f 6929 10079 6930
f 6928 10081 10080
f 6928 10080 6929
f 6927 10082 10081
f 6927 10081 6928
f 6926 10083 10082
f 6926 10082 6927
f 6925 10084 10083
f 6925 10083 6926
f 6924 10084 6925
f 7092 10229 10228
f 7091 10230 10229
f 7091 10229 7092
f 7090 10231 10230
f 7090 10230 7091
f 7089 10232 10231
f 7089 10231 7090
f 7088 10233 10232
f 7088 10232 7089
f 7087 10234 10233
f 7087 10233 7088
f 7086 10235 10234
f 7086 10234 7087
f 7085 10236 10235
f 7085 10235 7086
f 7084 10237 10236
f 7084 10236 7085
f 7083 10238 10237
f 7083 10237 7084
f 7082 10239 10238
f 7082 10238 7083
f 7081 10240 10239
f 7081 10239 7082
f 7080 10240 7081
f 7144 10279 7172
f 10280 10279 7144
f 10396 7249 10397
f 7236 7249 10396
f 7300 10437 10436
f 7299 10438 10437
f 7299 10437 7300
f 7298 10439 10438
f 7298 10438 7299
f 7297 10440 10439
f 7297 10439 7298
f 7296 10441 10440
f 7296 10440 7297
f 7295 10442 10441
f 7295 10441 7296
f 7294 10443 10442
f 7294 10442 7295
f 7293 10444 10443
f 7293 10443 7294
f 7292 10445 10444
f 7292 10444 7293
f 7291 10446 10445
f 7291 10445 7292
f 7290 10447 10446
f 7290 10446 7291
f 7289 10448 10447
f 7289 10447 7290
f 7288 10448 7289
f 7404 10541 10540
f 7403 10542 10541
f 7403 10541 7404
f 7402 10543 10542
f 7402 10542 7403
f 7401 10544 10543
f 7401 10543 7402
f 7400 10545 10544
f 7400 10544 7401
f 7399 10546 10545
f 7399 10545 7400
f 7398 10547 10546
f 7398 10546 7399
f 7397 10548 10547
f 7397 10547 7398
f 7396 10549 10548
f 7396 10548 7397
f 7395 10550 10549
f 7395 10549 7396
f 7394 10551 10550
f 7394 10550 7395
f 7393 10552 10551
f 7393 10551 7394
f 7392 10552 7393
f 10514 7418 10513
f 7406 7418 10514
f 7482 10567 10565
f 7482 10565 7470
f 7481 10568 10567
f 7481 10567 7482
f 7480 10569 10568
f 7480 10568 7481
f 7479 10570 10569
f 7479 10569 7480
f 7478 10571 10570
f 7478 10570 7479
f 7477 10572 10571
f 7477 10571 7478
f 7476 10573 10572
f 7476 10572 7477
f 7475 10574 10573
f 7475 10573 7476
f 7474 10575 10574
f 7474 10574 7475
f 7473 10576 10575
f 7473 10575 7474
f 7472 10577 10576
f 7472 10576 7473
f 7471 10578 10577
f 7471 10577 7472
f 10764 10713 10714
f 10764 10714 10715
f 10764 10715 10716
f 4459 10713 10764
f 10840 10764 10841
f 10839 10764 10840
f 10838 10764 10839
f 7582 4459 10764
f 7582 10764 10838
f 7581 4458 4459
f 7581 4459 7582
f 7591 7590 4467
f 4468 7591 4467
f 7596 4473 4474
f 7596 4474 7597
f 7640 4493 7641
f 4480 4493 7640
f 7744 4597 7745
f 4584 4597 7744
f 7771 4663 4675
f 7771 7770 4663
f 4857 8006 8005
f 4869 8007 8006
f 4869 8006 4857
f 4868 8008 8007
f 4868 8007 4869
f 4867 8009 8008
f 4867 8008 4868
f 4866 8010 8009
f 4866 8009 4867
f 4865 8011 8010
f 4865 8010 4866
f 4864 8012 8011
f 4864 8011 4865
f 4863 8013 8012
f 4863 8012 4864
f 4862 8014 8013
f 4862 8013 4863
f 4861 8015 8014
f 4861 8014 4862
f 4860 8016 8015
f 4860 8015 4861
f 4859 7966 8016
f 4859 8016 4860
f 4858 7966 4859
f 8044 4936 4908
f 8044 8043 4936
f 8160 5013 8161
f 5000 5013 8160
f 5430 8537 8538
f 5430 5442 8537
f 5637 8786 8785
f 5649 8787 8786
f 5649 8786 5637
f 5648 8788 8787
f 5648 8787 5649
f 5647 8789 8788
f 5647 8788 5648
f 5646 8790 8789
f 5646 8789 5647
f 5645 8791 8790
f 5645 8790 5646
f 5644 8792 8791
f 5644 8791 5645
f 5643 8793 8792
f 5643 8792 5644
f 5642 8794 8793
f 5642 8793 5643
f 5641 8795 8794
f 5641 8794 5642
f 5640 8796 8795
f 5640 8795 5641
f 5639 8746 8796
f 5639 8796 5640
f 5638 8746 5639
f 5792 8927 5820
f 8928 8927 5792
f 5846 8953 8954
f 5846 5858 8953
f 6208 9345 9344
f 6207 9346 9345
f 6207 9345 6208
f 6206 9347 9346
f 6206 9346 6207
f 6205 9348 9347
f 6205 9347 6206
f 6204 9349 9348
f 6204 9348 6205
f 6203 9350 9349
f 6203 9349 6204
f 6202 9351 9350
f 6202 9350 6203
f 6201 9352 9351
f 6201 9351 6202
f 6200 9353 9352
f 6200 9352 6201
f 6199 9354 9353
f 6199 9353 6200
f 6198 9355 9354
f 6198 9354 6199
f 6197 9356 9355
f 6197 9355 6198
f 6196 9356 6197
f 6210 9317 9318
f 6210 6222 9317
f 6417 9566 9565
f 6429 9567 9566
f 6429 9566 6417
f 6428 9568 9567
f 6428 9567 6429
f 6427 9569 9568
f 6427 9568 6428
f 6426 9570 9569
f 6426 9569 6427
f 6425 9571 9570
f 6425 9570 6426
f 6424 9572 9571
f 6424 9571 6425
f 6423 9573 9572
f 6423 9572 6424
f 6422 9574 9573
f 6422 9573 6423
f 6421 9575 9574
f 6421 9574 6422
f 6420 9576 9575
f 6420 9575 6421
f 6419 9526 9576
f 6419 9576 6420
f 6418 9526 6419
f 6547 9644 9643
f 6559 9644 6547
f 6558 9645 9644
f 6558 9644 6559
f 6557 9646 9645
f 6557 9645 6558
f 6556 9647 9646
f 6556 9646 6557
f 6555 9648 9647
f 6555 9647 6556
f 6554 9649 9648
f 6554 9648 6555
f 6553 9650 9649
f 6553 9649 6554
f 6552 9651 9650
f 6552 9650 6553
f 6551 9652 9651
f 6551 9651 6552
f 6550 9653 9652
f 6550 9652 6551
f 6549 9654 9653
f 6549 9653 6550
f 6548 9655 9654
f 6548 9654 6549
f 9747 6639 6651
f 9747 9746 6639
f 6806 9891 9889
f 6806 9889 6794
f 6805 9892 9891
f 6805 9891 6806
f 6804 9893 9892
f 6804 9892 6805
f 6803 9894 9893
f 6803 9893 6804
f 6802 9895 9894
f 6802 9894 6803
f 6801 9896 9895
f 6801 9895 6802
f 6800 9897 9896
f 6800 9896 6801
f 6799 9898 9897
f 6799 9897 6800
f 6798 9899 9898
f 6798 9898 6799
f 6797 9900 9899
f 6797 9899 6798
f 6796 9901 9900
f 6796 9900 6797
f 6795 9902 9901
f 6795 9901 6796
f 6884 10019 6912
f 10020 10019 6884
f 7014 10099 10097
f 7014 10097 7002
f 7013 10100 10099
f 7013 10099 7014
f 7012 10101 10100
f 7012 10100 7013
f 7011 10102 10101
f 7011 10101 7012
f 7010 10103 10102
f 7010 10102 7011
f 7009 10104 10103
f 7009 10103 7010
f 7008 10105 10104
f 7008 10104 7009
f 7007 10106 10105
f 7007 10105 7008
f 7006 10107 10106
f 7006 10106 7007
f 7005 10108 10107
f 7005 10107 7006
f 7004 10109 10108
f 7004 10108 7005
f 7003 10110 10109
f 7003 10109 7004
f 7041 10190 10189
f 7053 10191 10190
f 7053 10190 7041
f 7052 10192 10191
f 7052 10191 7053
f 7051 10193 10192
f 7051 10192 7052
f 7050 10194 10193
f 7050 10193 7051
f 7049 10195 10194
f 7049 10194 7050
f 7048 10196 10195
f 7048 10195 7049
f 7047 10197 10196
f 7047 10196 7048
f 7046 10198 10197
f 7046 10197 7047
f 7045 10199 10198
f 7045 10198 7046
f 7044 10200 10199
f 7044 10199 7045
f 7043 10200 7044
f 7042 10150 10200
f 7042 10200 7043
f 10150 7054 10149
f 7042 7054 10150
f 10267 7159 7171
f 10267 10266 7159
f 7249 10398 10397
f 7261 10399 10398
f 7261 10398 7249
f 7260 10400 10399
f 7260 10399 7261
f 7259 10401 10400
f 7259 10400 7260
f 7258 10402 10401
f 7258 10401 7259
f 7257 10403 10402
f 7257 10402 7258
f 7256 10404 10403
f 7256 10403 7257
f 7255 10405 10404
f 7255 10404 7256
f 7254 10406 10405
f 7254 10405 7255
f 7253 10407 10406
f 7253 10406 7254
f 7252 10408 10407
f 7252 10407 7253
f 7251 10408 7252
f 7250 10358 10408
f 7250 10408 7251
f 7300 10435 7328
f 10436 10435 7300
f 10618 7522 10617
f 7510 7522 10618
f 4571 7668 7667
f 4583 7668 4571
f 4582 7669 7668
f 4582 7668 4583
f 4581 7670 7669
f 4581 7669 4582
f 4580 7671 7670
f 4580 7670 4581
f 4579 7672 7671
f 4579 7671 4580
f 4578 7673 7672
f 4578 7672 4579
f 4577 7674 7673
f 4577 7673 4578
f 4576 7675 7674
f 4576 7674 4577
f 4575 7676 7675
f 4575 7675 4576
f 4574 7677 7676
f 4574 7676 4575
f 4573 7678 7677
f 4573 7677 4574
f 4572 7679 7678
f 4572 7678 4573
f 4779 7876 7875
f 4791 7876 4779
f 4790 7877 7876
f 4790 7876 4791
f 4789 7878 7877
f 4789 7877 4790
f 4788 7879 7878
f 4788 7878 4789
f 4787 7880 7879
f 4787 7879 4788
f 4786 7881 7880
f 4786 7880 4787
f 4785 7882 7881
f 4785 7881 4786
f 4784 7883 7882
f 4784 7882 4785
f 4783 7884 7883
f 4783 7883 4784
f 4782 7885 7884
f 4782 7884 4783
f 4781 7886 7885
f 4781 7885 4782
f 4780 7887 7886
f 4780 7886 4781
f 4806 7913 7914
f 4806 4818 7913
f 4935 8032 8031
f 4947 8032 4935
f 4946 8033 8032
f 4946 8032 4947
f 4945 8034 8033
f 4945 8033 4946
f 4944 8035 8034
f 4944 8034 4945
f 4943 8036 8035
f 4943 8035 4944
f 4942 8037 8036
f 4942 8036 4943
f 4941 8038 8037
f 4941 8037 4942
f 4940 8039 8038
f 4940 8038 4941
f 4939 8040 8039
f 4939 8039 4940
f 4938 8041 8040
f 4938 8040 4939
f 4937 8042 8041
f 4937 8041 4938
f 4936 8043 8042
f 4936 8042 4937
f 5012 8149 8148
f 5011 8150 8149
f 5011 8149 5012
f 5010 8151 8150
f 5010 8150 5011
f 5009 8152 8151
f 5009 8151 5010
f 5008 8153 8152
f 5008 8152 5009
f 5007 8154 8153
f 5007 8153 5008
f 5006 8155 8154
f 5006 8154 5007
f 5005 8156 8155
f 5005 8155 5006
f 5004 8157 8156
f 5004 8156 5005
f 5003 8158 8157
f 5003 8157 5004
f 5002 8159 8158
f 5002 8158 5003
f 5001 8160 8159
f 5001 8159 5002
f 5000 8160 5001
f 8264 5117 8265
f 5104 5117 8264
f 5273 8422 8421
f 5285 8423 8422
f 5285 8422 5273
f 5284 8424 8423
f 5284 8423 5285
f 5283 8425 8424
f 5283 8424 5284
f 5282 8426 8425
f 5282 8425 5283
f 5281 8427 8426
f 5281 8426 5282
f 5280 8428 8427
f 5280 8427 5281
f 5279 8429 8428
f 5279 8428 5280
f 5278 8430 8429
f 5278 8429 5279
f 5277 8431 8430
f 5277 8430 5278
f 5276 8432 8431
f 5276 8431 5277
f 5275 8382 8432
f 5275 8432 5276
f 5274 8382 5275
f 8668 5560 5532
f 8668 8667 5560
f 5806 8903 8901
f 5818 8903 5806
f 5817 8904 8903
f 5817 8903 5818
f 5816 8905 8904
f 5816 8904 5817
f 5815 8906 8905
f 5815 8905 5816
f 5814 8907 8906
f 5814 8906 5815
f 5813 8908 8907
f 5813 8907 5814
f 5812 8909 8908
f 5812 8908 5813
f 5811 8910 8909
f 5811 8909 5812
f 5810 8911 8910
f 5810 8910 5811
f 5809 8912 8911
f 5809 8911 5810
f 5808 8913 8912
f 5808 8912 5809
f 5807 8914 8913
f 5807 8913 5808
f 5896 9033 9032
f 5895 9034 9033
f 5895 9033 5896
f 5894 9035 9034
f 5894 9034 5895
f 5893 9036 9035
f 5893 9035 5894
f 5892 9037 9036
f 5892 9036 5893
f 5891 9038 9037
f 5891 9037 5892
f 5890 9039 9038
f 5890 9038 5891
f 5889 9040 9039
f 5889 9039 5890
f 5888 9041 9040
f 5888 9040 5889
f 5887 9042 9041
f 5887 9041 5888
f 5886 9043 9042
f 5886 9042 5887
f 5885 9044 9043
f 5885 9043 5886
f 5884 9044 5885
f 5950 9057 9058
f 5950 5962 9057
f 9188 6080 6052
f 9188 9187 6080
f 6104 9241 9240
f 6103 9242 9241
f 6103 9241 6104
f 6102 9243 9242
f 6102 9242 6103
f 6101 9244 9243
f 6101 9243 6102
f 6100 9245 9244
f 6100 9244 6101
f 6099 9246 9245
f 6099 9245 6100
f 6098 9247 9246
f 6098 9246 6099
f 6097 9248 9247
f 6097 9247 6098
f 6096 9249 9248
f 6096 9248 6097
f 6095 9250 9249
f 6095 9249 6096
f 6094 9251 9250
f 6094 9250 6095
f 6093 9252 9251
f 6093 9251 6094
f 6092 9252 6093
f 6105 9254 9253
f 6117 9255 9254
f 6117 9254 6105
f 6116 9256 9255
f 6116 9255 6117
f 6115 9257 9256
f 6115 9256 6116
f 6114 9258 9257
f 6114 9257 6115
f 6113 9259 9258
f 6113 9258 6114
f 6112 9260 9259
f 6112 9259 6113
f 6111 9261 9260
f 6111 9260 6112
f 6110 9262 9261
f 6110 9261 6111
f 6109 9263 9262
f 6109 9262 6110
f 6108 9264 9263
f 6108 9263 6109
f 6107 9214 9264
f 6107 9264 6108
f 6106 9214 6107
f 6312 9449 9448
f 6311 9450 9449
f 6311 9449 6312
f 6310 9451 9450
f 6310 9450 6311
f 6309 9452 9451
f 6309 9451 6310
f 6308 9453 9452
f 6308 9452 6309
f 6307 9454 9453
f 6307 9453 6308
f 6306 9455 9454
f 6306 9454 6307
f 6305 9456 9455
f 6305 9455 6306
f 6304 9457 9456
f 6304 9456 6305
f 6303 9458 9457
f 6303 9457 6304
f 6302 9459 9458
f 6302 9458 6303
f 6301 9460 9459
f 6301 9459 6302
f 6300 9460 6301
f 9435 6327 6339
f 9435 9434 6327
f 6404 9565 9564
f 6404 6417 9565
f 6624 9761 9760
f 6623 9762 9761
f 6623 9761 6624
f 6622 9763 9762
f 6622 9762 6623
f 6621 9764 9763
f 6621 9763 6622
f 6620 9765 9764
f 6620 9764 6621
f 6619 9766 9765
f 6619 9765 6620
f 6618 9767 9766
f 6618 9766 6619
f 6617 9768 9767
f 6617 9767 6618
f 6616 9769 9768
f 6616 9768 6617
f 6615 9770 9769
f 6615 9769 6616
f 6614 9771 9770
f 6614 9770 6615
f 6613 9772 9771
f 6613 9771 6614
f 6612 9772 6613
f 9786 6690 9785
f 6678 6690 9786
f 6780 9915 6808
f 9916 9915 6780
f 7118 10203 10201
f 7118 10201 7106
f 7117 10204 10203
f 7117 10203 7118
f 7116 10205 10204
f 7116 10204 7117
f 7115 10206 10205
f 7115 10205 7116
f 7114 10207 10206
f 7114 10206 7115
f 7113 10208 10207
f 7113 10207 7114
f 7112 10209 10208
f 7112 10208 7113
f 7111 10210 10209
f 7111 10209 7112
f 7110 10211 10210
f 7110 10210 7111
f 7109 10212 10211
f 7109 10211 7110
f 7108 10213 10212
f 7108 10212 7109
f 7107 10214 10213
f 7107 10213 7108
f 7145 10294 10293
f 7157 10295 10294
f 7157 10294 7145
f 7156 10296 10295
f 7156 10295 7157
f 7155 10297 10296
f 7155 10296 7156
f 7154 10298 10297
f 7154 10297 7155
f 7153 10299 10298
f 7153 10298 7154
f 7152 10300 10299
f 7152 10299 7153
f 7151 10301 10300
f 7151 10300 7152
f 7150 10302 10301
f 7150 10301 7151
f 7149 10303 10302
f 7149 10302 7150
f 7148 10304 10303
f 7148 10303 7149
f 7147 10304 7148
f 7146 10254 10304
f 7146 10304 7147
f 7353 10502 10501
f 7365 10503 10502
f 7365 10502 7353
f 7364 10504 10503
f 7364 10503 7365
f 7363 10505 10504
f 7363 10504 7364
f 7362 10506 10505
f 7362 10505 7363
f 7361 10507 10506
f 7361 10506 7362
f 7360 10508 10507
f 7360 10507 7361
f 7359 10509 10508
f 7359 10508 7360
f 7358 10510 10509
f 7358 10509 7359
f 7357 10511 10510
f 7357 10510 7358
f 7356 10512 10511
f 7356 10511 7357
f 7355 10512 7356
f 7354 10462 10512
f 7354 10512 7355
f 7352 10487 7380
f 10488 10487 7352
f 7431 10528 10527
f 7443 10528 7431
f 7442 10529 10528
f 7442 10528 7443
f 7441 10530 10529
f 7441 10529 7442
f 7440 10531 10530
f 7440 10530 7441
f 7439 10532 10531
f 7439 10531 7440
f 7438 10533 10532
f 7438 10532 7439
f 7437 10534 10533
f 7437 10533 7438
f 7436 10535 10534
f 7436 10534 7437
f 7435 10536 10535
f 7435 10535 7436
f 7434 10537 10536
f 7434 10536 7435
f 7433 10538 10537
f 7433 10539 10538
f 7433 10537 7434
f 7432 10539 7433
f 4472 4473 7596
f 7595 4472 7596
f 7615 7614 4507
f 4519 7615 4507
f 4675 7772 7771
f 4687 7772 4675
f 4686 7773 7772
f 4686 7772 4687
f 4685 7774 7773
f 4685 7773 4686
f 4684 7775 7774
f 4684 7774 4685
f 4683 7776 7775
f 4683 7775 4684
f 4682 7777 7776
f 4682 7776 4683
f 4681 7778 7777
f 4681 7777 4682
f 4680 7779 7778
f 4680 7778 4681
f 4679 7780 7779
f 4679 7779 4680
f 4678 7781 7780
f 4678 7780 4679
f 4677 7782 7781
f 4677 7781 4678
f 4676 7783 7782
f 4676 7782 4677
f 4648 7783 4676
f 7784 7783 4648
f 4961 8110 8109
f 4973 8111 8110
f 4973 8110 4961
f 4972 8112 8111
f 4972 8111 4973
f 4971 8113 8112
f 4971 8112 4972
f 4970 8114 8113
f 4970 8113 4971
f 4969 8115 8114
f 4969 8114 4970
f 4968 8116 8115
f 4968 8115 4969
f 4967 8117 8116
f 4967 8116 4968
f 4966 8118 8117
f 4966 8117 4967
f 4965 8119 8118
f 4965 8118 4966
f 4964 8120 8119
f 4964 8119 4965
f 4963 8070 8120
f 4963 8120 4964
f 4962 8070 4963
f 8135 8134 5027
f 5039 8135 5027
f 5039 8136 8135
f 5051 8136 5039
f 5050 8137 8136
f 5050 8136 5051
f 5049 8138 8137
f 5049 8137 5050
f 5048 8139 8138
f 5048 8138 5049
f 5047 8140 8139
f 5047 8139 5048
f 5046 8141 8140
f 5046 8140 5047
f 5045 8142 8141
f 5045 8141 5046
f 5044 8143 8142
f 5044 8142 5045
f 5043 8144 8143
f 5043 8143 5044
f 5042 8145 8144
f 5042 8144 5043
f 5041 8146 8145
f 5041 8147 8146
f 5041 8145 5042
f 5040 8147 5041
f 5142 8227 8225
f 5142 8225 5130
f 5141 8228 8227
f 5141 8227 5142
f 5140 8229 8228
f 5140 8228 5141
f 5139 8230 8229
f 5139 8229 5140
f 5138 8231 8230
f 5138 8230 5139
f 5137 8232 8231
f 5137 8231 5138
f 5136 8233 8232
f 5136 8232 5137
f 5135 8234 8233
f 5135 8233 5136
f 5134 8235 8234
f 5134 8234 5135
f 5133 8236 8235
f 5133 8235 5134
f 5132 8237 8236
f 5132 8236 5133
f 5131 8238 8237
f 5131 8237 5132
f 5272 8407 5300
f 8408 8407 5272
f 5455 8552 8551
f 5467 8552 5455
f 5466 8553 8552
f 5466 8552 5467
f 5465 8554 8553
f 5465 8553 5466
f 5464 8555 8554
f 5464 8554 5465
f 5463 8556 8555
f 5463 8555 5464
f 5462 8557 8556
f 5462 8556 5463
f 5461 8558 8557
f 5461 8557 5462
f 5460 8559 8558
f 5460 8558 5461
f 5459 8560 8559
f 5459 8559 5460
f 5458 8561 8560
f 5458 8560 5459
f 5457 8562 8561
f 5457 8561 5458
f 5456 8563 8562
f 5456 8562 5457
f 5690 8797 8798
f 5690 5702 8797
f 5741 8890 8889
f 5753 8891 8890
f 5753 8890 5741
f 5752 8892 8891
f 5752 8891 5753
f 5751 8893 8892
f 5751 8892 5752
f 5750 8894 8893
f 5750 8893 5751
f 5749 8895 8894
f 5749 8894 5750
f 5748 8896 8895
f 5748 8895 5749
f 5747 8897 8896
f 5747 8896 5748
f 5746 8898 8897
f 5746 8897 5747
f 5745 8899 8898
f 5745 8898 5746
f 5744 8900 8899
f 5744 8899 5745
f 5743 8850 8900
f 5743 8900 5744
f 5742 8850 5743
f 5923 9020 9019
f 5935 9020 5923
f 5934 9021 9020
f 5934 9020 5935
f 5933 9022 9021
f 5933 9021 5934
f 5932 9023 9022
f 5932 9022 5933
f 5931 9024 9023
f 5931 9023 5932
f 5930 9025 9024
f 5930 9024 5931
f 5929 9026 9025
f 5929 9025 5930
f 5928 9027 9026
f 5928 9026 5929
f 5927 9028 9027
f 5927 9027 5928
f 5926 9029 9028
f 5926 9028 5927
f 5925 9030 9029
f 5925 9029 5926
f 5924 9031 9030
f 5924 9030 5925
f 6078 9163 9161
f 6078 9161 6066
f 6077 9164 9163
f 6077 9163 6078
f 6076 9165 9164
f 6076 9164 6077
f 6075 9166 9165
f 6075 9165 6076
f 6074 9167 9166
f 6074 9166 6075
f 6073 9168 9167
f 6073 9167 6074
f 6072 9169 9168
f 6072 9168 6073
f 6071 9170 9169
f 6071 9169 6072
f 6070 9171 9170
f 6070 9170 6071
f 6069 9172 9171
f 6069 9171 6070
f 6068 9173 9172
f 6068 9172 6069
f 6067 9174 9173
f 6067 9173 6068
f 9292 6184 6156
f 9292 9291 6184
f 6366 9473 9474
f 6366 6378 9473
f 9604 6496 6468
f 9604 9603 6496
f 4441 7563 4429
f 7564 7563 4441
f 6651 9748 9747
f 6663 9748 6651
f 6662 9749 9748
f 6662 9748 6663
f 6661 9750 9749
f 6661 9749 6662
f 6660 9751 9750
f 6660 9750 6661
f 6659 9752 9751
f 6659 9751 6660
f 6658 9753 9752
f 6658 9752 6659
f 6657 9754 9753
f 6657 9753 6658
f 6656 9755 9754
f 6656 9754 6657
f 6655 9756 9755
f 6655 9755 6656
f 6654 9757 9756
f 6654 9756 6655
f 6653 9758 9757
f 6653 9759 9758
f 6653 9757 6654
f 6652 9759 6653
f 6728 9865 9864
f 6727 9866 9865
f 6727 9865 6728
f 6726 9867 9866
f 6726 9866 6727
f 6725 9868 9867
f 6725 9867 6726
f 6724 9869 9868
f 6724 9868 6725
f 6723 9870 9869
f 6723 9869 6724
f 6722 9871 9870
f 6722 9870 6723
f 6721 9872 9871
f 6721 9871 6722
f 6720 9873 9872
f 6720 9872 6721
f 6719 9874 9873
f 6719 9873 6720
f 6718 9875 9874
f 6718 9874 6719
f 6717 9876 9875
f 6717 9875 6718
f 6716 9876 6717
f 6728 9863 6756
f 9864 9863 6728
f 9994 6898 9993
f 6886 6898 9994
f 10098 7002 10097
f 6990 7002 10098
f 6988 10123 7016
f 10124 10123 6988
f 10410 7314 10409
f 7302 7314 10410
f 7352 10489 10488
f 7351 10490 10489
f 7351 10489 7352
f 7350 10491 10490
f 7350 10490 7351
f 7349 10492 10491
f 7349 10491 7350
f 7348 10493 10492
f 7348 10492 7349
f 7347 10494 10493
f 7347 10493 7348
f 7346 10495 10494
f 7346 10494 7347
f 7345 10496 10495
f 7345 10495 7346
f 7344 10497 10496
f 7344 10496 7345
f 7343 10498 10497
f 7343 10497 7344
f 7342 10499 10498
f 7342 10498 7343
f 7341 10500 10499
f 7341 10499 7342
f 7340 10500 7341
f 10631 7523 7535
f 10631 10630 7523
f 10860 2252 2251
f 10860 2251 10861
f 10859 10861 10862
f 10859 10860 10861
f 10858 10862 10863
f 10858 10859 10862
f 10857 10863 10846
f 10857 10858 10863
f 10856 10846 10845
f 10856 10857 10846
f 10855 10845 10844
f 10855 10856 10845
f 10854 10844 10843
f 10854 10855 10844
f 10850 10843 10842
f 10850 10854 10843
f 10851 10842 10847
f 10851 10850 10842
f 10852 10847 10848
f 10852 10851 10847
f 10853 10848 10849
f 10853 10852 10848
f 10841 10849 10811
f 10841 10811 10812
f 10841 10853 10849
f 10840 10812 10813
f 10840 10841 10812
f 10839 10813 10814
f 10839 10840 10813
f 10838 10814 7583
f 10838 10839 10814
f 7582 10838 7583
f 2249 2248 10883
f 10882 10883 10884
f 10882 2249 10883
f 10881 10884 10885
f 10881 10882 10884
f 10880 10885 10868
f 10880 10881 10885
f 10879 10880 10868
f 10878 10868 10867
f 10878 10879 10868
f 10877 10867 10866
f 10877 10878 10867
f 10876 10866 10865
f 10876 10877 10866
f 10872 10865 10864
f 10872 10876 10865
f 10873 10864 10869
f 10873 10872 10864
f 10874 10869 10870
f 10874 10873 10869
f 10875 10870 10871
f 10875 10874 10870
f 10818 10871 10803
f 10818 10803 10804
f 10818 10875 10871
f 10817 10804 10805
f 10817 10818 10804
f 10816 10805 10806
f 10816 10817 10805
f 10815 10816 10806
f 7585 10806 7586
f 7585 10815 10806
f 2255 2254 10905
f 10904 10905 10906
f 10904 2255 10905
f 10903 10906 10907
f 10903 10904 10906
f 10902 10907 10890
f 10902 10903 10907
f 10901 10902 10890
f 10900 10890 10889
f 10900 10901 10890
f 10899 10889 10888
f 10899 10900 10889
f 10898 10888 10887
f 10898 10899 10888
f 10894 10887 10886
f 10894 10898 10887
f 10895 10886 10891
f 10895 10894 10886
f 10896 10891 10892
f 10896 10895 10891
f 10897 10892 10893
f 10897 10896 10892
f 10826 10893 10807
f 10826 10807 10808
f 10826 10897 10893
f 10825 10808 10809
f 10825 10826 10808
f 10824 10809 10810
f 10824 10825 10809
f 10823 10824 10810
f 7579 10810 7580
f 7579 10823 10810
f 10918 2246 2245
f 10918 2245 10837
f 10917 10918 10837
f 10916 10917 10837
f 10915 10837 10836
f 10915 10916 10837
f 10914 10836 10835
f 10914 10915 10836
f 10913 10835 10834
f 10913 10914 10835
f 10912 10834 10833
f 10912 10913 10834
f 10908 10832 10831
f 10908 10833 10832
f 10908 10912 10833
f 10909 10831 10830
f 10909 10908 10831
f 10910 10830 10829
f 10910 10909 10830
f 10911 10829 10828
f 10911 10910 10829
f 10822 10828 10827
f 10822 10911 10828
f 10821 10822 10827
f 10820 10821 10827
f 10819 10827 7589
f 10819 10820 10827
f 7588 10819 7589
f 2292 77 2293
f 2292 76 77
f 2121 4351 4350
f 2120 4352 4351
f 2120 4351 2121
f 2119 4353 4352
f 2119 4352 2120
f 2118 4354 4353
f 2118 4353 2119
f 2117 4355 4354
f 2117 4354 2118
f 2116 4356 4355
f 2116 4355 2117
f 2115 4357 4356
f 2115 4356 2116
f 2114 4358 4357
f 2114 4357 2115
f 2113 4359 4358
f 2113 4358 2114
f 2112 4360 4359
f 2112 4359 2113
f 2111 4361 4360
f 2111 4360 2112
f 2110 4362 4361
f 2110 4361 2111
f 2109 4362 2110
f 4336 2148 4337
f 4336 2136 2148
f 4037 1809 4038
f 4037 1837 1809
f 1784 3974 3973
f 1796 3975 3974
f 1796 3974 1784
f 1795 3976 3975
f 1795 3975 1796
f 1794 3977 3976
f 1794 3976 1795
f 1793 3978 3977
f 1793 3977 1794
f 1792 3979 3978
f 1792 3978 1793
f 1791 3980 3979
f 1791 3979 1792
f 1790 3981 3980
f 1790 3980 1791
f 1789 3982 3981
f 1789 3981 1790
f 1788 3983 3982
f 1788 3982 1789
f 1787 3984 3983
f 1787 3983 1788
f 1786 3985 3984
f 1786 3984 1787
f 1785 3985 1786
f 1601 3831 3830
f 1600 3832 3831
f 1600 3831 1601
f 1599 3833 3832
f 1599 3832 1600
f 1598 3834 3833
f 1598 3833 1599
f 1597 3835 3834
f 1597 3834 1598
f 1596 3836 3835
f 1596 3835 1597
f 1595 3837 3836
f 1595 3836 1596
f 1594 3838 3837
f 1594 3837 1595
f 1593 3839 3838
f 1593 3838 1594
f 1592 3840 3839
f 1592 3839 1593
f 1591 3841 3840
f 1591 3840 1592
f 1590 3842 3841
f 1590 3841 1591
f 1589 3842 1590
f 1627 3805 3803
f 1627 3803 1615
f 1626 3806 3805
f 1626 3805 1627
f 1625 3807 3806
f 1625 3806 1626
f 1624 3808 3807
f 1624 3807 1625
f 1623 3809 3808
f 1623 3810 3809
f 1623 3808 1624
f 1622 3810 1623
f 1621 3811 3810
f 1621 3810 1622
f 1620 3812 3811
f 1620 3813 3812
f 1620 3811 1621
f 1619 3814 3813
f 1619 3813 1620
f 1618 3815 3814
f 1618 3814 1619
f 1617 3815 1618
f 1616 3816 3815
f 1616 3815 1617
f 3764 1576 3765
f 3764 1564 1576
f 3556 1368 3557
f 3556 1356 1368
f 3309 1081 3310
f 3309 1109 1081
f 925 3155 3154
f 924 3156 3155
f 924 3155 925
f 923 3157 3156
f 923 3156 924
f 922 3158 3157
f 922 3157 923
f 921 3159 3158
f 921 3158 922
f 920 3160 3159
f 920 3159 921
f 919 3161 3160
f 919 3160 920
f 918 3162 3161
f 918 3161 919
f 917 3163 3162
f 917 3162 918
f 916 3164 3163
f 916 3163 917
f 915 3165 3164
f 915 3164 916
f 914 3166 3165
f 914 3165 915
f 913 3166 914
f 822 3064 3063
f 834 3065 3064
f 834 3064 822
f 833 3066 3065
f 833 3065 834
f 832 3067 3066
f 832 3066 833
f 831 3068 3067
f 831 3067 832
f 830 3069 3068
f 830 3068 831
f 829 3069 830
f 828 3070 3069
f 828 3069 829
f 827 3071 3070
f 827 3072 3071
f 827 3070 828
f 826 3072 827
f 825 3073 3072
f 825 3074 3073
f 825 3072 826
f 824 3074 825
f 823 3024 3074
f 823 3074 824
f 769 2999 2998
f 768 3000 2999
f 768 2999 769
f 767 3001 3000
f 767 3000 768
f 766 3002 3001
f 766 3001 767
f 765 3003 3002
f 765 3002 766
f 764 3004 3003
f 764 3003 765
f 763 3005 3004
f 763 3004 764
f 762 3006 3005
f 762 3005 763
f 761 3007 3006
f 761 3006 762
f 760 3008 3007
f 760 3007 761
f 759 3009 3008
f 759 3008 760
f 758 3010 3009
f 758 3009 759
f 757 3010 758
f 44 56 2272
f 2271 44 2272
f 2880 692 2881
f 2880 680 692
f 2764 575 2763
f 2764 563 575
f 589 561 2790
f 2789 589 2790
f 2660 471 2659
f 2660 459 471
f 471 2661 2659
f 483 2661 471
f 482 2662 2661
f 482 2661 483
f 481 2663 2662
f 481 2662 482
f 480 2664 2663
f 480 2663 481
f 479 2665 2664
f 479 2664 480
f 478 2666 2665
f 478 2667 2666
f 478 2665 479
f 477 2668 2667
f 477 2667 478
f 476 2669 2668
f 476 2668 477
f 475 2669 476
f 474 2670 2669
f 474 2669 475
f 473 2671 2670
f 473 2670 474
f 472 2672 2671
f 472 2671 473
f 2542 302 2543
f 2542 289 302
f 120 2310 2309
f 132 2311 2310
f 132 2310 120
f 131 2312 2311
f 131 2311 132
f 130 2313 2312
f 130 2312 131
f 129 2314 2313
f 129 2313 130
f 128 2315 2314
f 128 2314 129
f 127 2316 2315
f 127 2315 128
f 126 2317 2316
f 126 2316 127
f 125 2318 2317
f 125 2317 126
f 124 2319 2318
f 124 2318 125
f 123 2320 2319
f 123 2319 124
f 122 2321 2320
f 122 2320 123
f 121 2321 122
f 2291 75 76
f 2291 76 2292
f 2200 4390 4389
f 2212 4391 4390
f 2212 4390 2200
f 2211 4392 4391
f 2211 4391 2212
f 2210 4393 4392
f 2210 4392 2211
f 2209 4394 4393
f 2209 4393 2210
f 2208 4395 4394
f 2208 4394 2209
f 2207 4396 4395
f 2207 4395 2208
f 2206 4397 4396
f 2206 4396 2207
f 2205 4398 4397
f 2205 4397 2206
f 2204 4399 4398
f 2204 4398 2205
f 2203 4400 4399
f 2203 4399 2204
f 2202 4401 4400
f 2202 4400 2203
f 2201 4401 2202
f 4284 2096 4285
f 4284 2084 2096
f 2018 4260 4259
f 2030 4261 4260
f 2030 4260 2018
f 2029 4262 4261
f 2029 4261 2030
f 2028 4263 4262
f 2028 4262 2029
f 2027 4264 4263
f 2027 4263 2028
f 2026 4265 4264
f 2026 4264 2027
f 2025 4265 2026
f 2024 4266 4265
f 2024 4265 2025
f 2023 4267 4266
f 2023 4268 4267
f 2023 4266 2024
f 2022 4268 2023
f 2021 4269 4268
f 2021 4270 4269
f 2021 4268 2022
f 2020 4270 2021
f 2019 4220 4270
f 2019 4270 2020
f 1810 4052 4051
f 1822 4053 4052
f 1822 4052 1810
f 1821 4054 4053
f 1821 4053 1822
f 1820 4055 4054
f 1820 4054 1821
f 1819 4056 4055
f 1819 4055 1820
f 1818 4057 4056
f 1818 4056 1819
f 1817 4057 1818
f 1816 4058 4057
f 1816 4057 1817
f 1815 4059 4058
f 1815 4060 4059
f 1815 4058 1816
f 1814 4060 1815
f 1813 4061 4060
f 1813 4062 4061
f 1813 4060 1814
f 1812 4062 1813
f 1811 4012 4062
f 1811 4062 1812
f 3712 1524 3713
f 3712 1512 1524
f 3478 1238 3479
f 3478 1225 1238
f 1134 3376 3375
f 1146 3377 3376
f 1146 3376 1134
f 1145 3378 3377
f 1145 3377 1146
f 1144 3379 3378
f 1144 3378 1145
f 1143 3380 3379
f 1143 3379 1144
f 1142 3381 3380
f 1142 3380 1143
f 1141 3381 1142
f 1140 3382 3381
f 1140 3381 1141
f 1139 3383 3382
f 1139 3384 3383
f 1139 3382 1140
f 1138 3384 1139
f 1137 3385 3384
f 1137 3386 3385
f 1137 3384 1138
f 1136 3386 1137
f 1135 3336 3386
f 1135 3386 1136
f 3336 1147 3335
f 3336 1135 1147
f 1057 1029 3258
f 3257 1057 3258
f 2984 796 2985
f 2984 784 796
f 56 2273 2272
f 68 2274 2273
f 68 2273 56
f 67 2275 2274
f 67 2274 68
f 66 2276 2275
f 66 2275 67
f 65 2277 2276
f 65 2276 66
f 64 2278 2277
f 64 2277 65
f 63 2279 2278
f 63 2278 64
f 62 2280 2279
f 62 2279 63
f 61 2281 2280
f 61 2280 62
f 60 2282 2281
f 60 2281 61
f 59 2283 2282
f 59 2282 60
f 58 2284 2283
f 58 2283 59
f 57 2284 58
f 743 2921 2919
f 743 2919 731
f 742 2922 2921
f 742 2921 743
f 741 2923 2922
f 741 2922 742
f 740 2924 2923
f 740 2923 741
f 739 2925 2924
f 739 2926 2925
f 739 2924 740
f 738 2926 739
f 737 2927 2926
f 737 2926 738
f 736 2928 2927
f 736 2929 2928
f 736 2927 737
f 735 2930 2929
f 735 2929 736
f 734 2931 2930
f 734 2930 735
f 733 2931 734
f 732 2932 2931
f 732 2931 733
f 691 2869 2867
f 691 2867 679
f 690 2870 2869
f 690 2869 691
f 689 2871 2870
f 689 2870 690
f 688 2872 2871
f 688 2871 689
f 687 2873 2872
f 687 2872 688
f 686 2874 2873
f 686 2873 687
f 685 2875 2874
f 685 2874 686
f 684 2876 2875
f 684 2877 2876
f 684 2875 685
f 683 2878 2877
f 683 2877 684
f 682 2878 683
f 681 2879 2878
f 681 2878 682
f 680 2880 2879
f 680 2879 681
f 639 2817 2815
f 639 2815 627
f 638 2818 2817
f 638 2817 639
f 637 2819 2818
f 637 2818 638
f 636 2820 2819
f 636 2819 637
f 635 2821 2820
f 635 2822 2821
f 635 2820 636
f 634 2822 635
f 633 2823 2822
f 633 2822 634
f 632 2824 2823
f 632 2825 2824
f 632 2823 633
f 631 2826 2825
f 631 2825 632
f 630 2827 2826
f 630 2826 631
f 629 2827 630
f 628 2828 2827
f 628 2827 629
f 197 2427 2426
f 196 2428 2427
f 196 2427 197
f 195 2429 2428
f 195 2428 196
f 194 2430 2429
f 194 2429 195
f 193 2431 2430
f 193 2430 194
f 192 2432 2431
f 192 2431 193
f 191 2433 2432
f 191 2432 192
f 190 2434 2433
f 190 2433 191
f 189 2435 2434
f 189 2434 190
f 188 2436 2435
f 188 2435 189
f 187 2437 2436
f 187 2436 188
f 186 2437 187
f 185 2438 2437
f 185 2437 186
f 145 2375 2374
f 144 2376 2375
f 144 2375 145
f 143 2377 2376
f 143 2376 144
f 142 2378 2377
f 142 2377 143
f 141 2379 2378
f 141 2378 142
f 140 2380 2379
f 140 2379 141
f 139 2381 2380
f 139 2380 140
f 138 2382 2381
f 138 2381 139
f 137 2383 2382
f 137 2382 138
f 136 2384 2383
f 136 2383 137
f 135 2385 2384
f 135 2384 136
f 134 2385 135
f 133 2386 2385
f 133 2385 134
f 2348 159 2347
f 2348 147 159
f 2 1 2216
f 2215 2 2216
f 4388 2200 4389
f 4388 2188 2200
f 4245 2017 4246
f 4245 2045 2017
f 4180 1992 4181
f 4180 1980 1992
f 1913 4143 4142
f 1912 4144 4143
f 1912 4143 1913
f 1911 4145 4144
f 1911 4144 1912
f 1910 4146 4145
f 1910 4145 1911
f 1909 4147 4146
f 1909 4146 1910
f 1908 4148 4147
f 1908 4147 1909
f 1907 4149 4148
f 1907 4148 1908
f 1906 4150 4149
f 1906 4149 1907
f 1905 4151 4150
f 1905 4150 1906
f 1904 4152 4151
f 1904 4151 1905
f 1903 4153 4152
f 1903 4152 1904
f 1902 4154 4153
f 1902 4153 1903
f 1901 4154 1902
f 1914 4156 4155
f 1926 4157 4156
f 1926 4156 1914
f 1925 4158 4157
f 1925 4157 1926
f 1924 4159 4158
f 1924 4158 1925
f 1923 4160 4159
f 1923 4159 1924
f 1922 4161 4160
f 1922 4160 1923
f 1921 4161 1922
f 1920 4162 4161
f 1920 4161 1921
f 1919 4163 4162
f 1919 4164 4163
f 1919 4162 1920
f 1918 4164 1919
f 1917 4165 4164
f 1917 4166 4165
f 1917 4164 1918
f 1916 4166 1917
f 1915 4116 4166
f 1915 4166 1916
f 1888 4078 4077
f 1900 4079 4078
f 1900 4078 1888
f 1899 4080 4079
f 1899 4079 1900
f 1898 4081 4080
f 1898 4080 1899
f 1897 4082 4081
f 1897 4081 1898
f 1896 4083 4082
f 1896 4082 1897
f 1895 4084 4083
f 1895 4083 1896
f 1894 4085 4084
f 1894 4084 1895
f 1893 4086 4085
f 1893 4085 1894
f 1892 4087 4086
f 1892 4086 1893
f 1891 4088 4087
f 1891 4087 1892
f 1890 4089 4088
f 1890 4088 1891
f 1889 4089 1890
f 3960 1771 3959
f 3960 1759 1771
f 3908 1719 3907
f 3908 1707 1719
f 1680 3870 3869
f 1692 3871 3870
f 1692 3870 1680
f 1691 3872 3871
f 1691 3871 1692
f 1690 3873 3872
f 1690 3872 1691
f 1689 3874 3873
f 1689 3873 1690
f 1688 3875 3874
f 1688 3874 1689
f 1687 3876 3875
f 1687 3875 1688
f 1686 3877 3876
f 1686 3876 1687
f 1685 3878 3877
f 1685 3877 1686
f 1684 3879 3878
f 1684 3878 1685
f 1683 3880 3879
f 1683 3879 1684
f 1682 3881 3880
f 1682 3880 1683
f 1681 3881 1682
f 3842 1602 3843
f 3842 1589 1602
f 1445 3675 3674
f 1444 3676 3675
f 1444 3675 1445
f 1443 3677 3676
f 1443 3676 1444
f 1442 3678 3677
f 1442 3677 1443
f 1441 3679 3678
f 1441 3678 1442
f 1440 3680 3679
f 1440 3679 1441
f 1439 3681 3680
f 1439 3680 1440
f 1438 3682 3681
f 1438 3681 1439
f 1437 3683 3682
f 1437 3682 1438
f 1436 3684 3683
f 1436 3683 1437
f 1435 3685 3684
f 1435 3684 1436
f 1434 3686 3685
f 1434 3685 1435
f 1433 3686 1434
f 1473 1445 3674
f 3673 1473 3674
f 1238 3480 3479
f 1250 3481 3480
f 1250 3480 1238
f 1249 3482 3481
f 1249 3481 1250
f 1248 3483 3482
f 1248 3482 1249
f 1247 3484 3483
f 1247 3483 1248
f 1246 3485 3484
f 1246 3484 1247
f 1245 3485 1246
f 1244 3486 3485
f 1244 3485 1245
f 1243 3487 3486
f 1243 3488 3487
f 1243 3486 1244
f 1242 3488 1243
f 1241 3489 3488
f 1241 3490 3489
f 1241 3488 1242
f 1240 3490 1241
f 1239 3440 3490
f 1239 3490 1240
f 1265 1237 3466
f 3465 1265 3466
f 1030 3272 3271
f 1042 3273 3272
f 1042 3272 1030
f 1041 3274 3273
f 1041 3273 1042
f 1040 3275 3274
f 1040 3274 1041
f 1039 3276 3275
f 1039 3275 1040
f 1038 3277 3276
f 1038 3276 1039
f 1037 3277 1038
f 1036 3278 3277
f 1036 3277 1037
f 1035 3279 3278
f 1035 3280 3279
f 1035 3278 1036
f 1034 3280 1035
f 1033 3281 3280
f 1033 3282 3281
f 1033 3280 1034
f 1032 3282 1033
f 1031 3232 3282
f 1031 3282 1032
f 1056 3246 3245
f 1068 3247 3246
f 1068 3246 1056
f 1067 3248 3247
f 1067 3247 1068
f 1066 3249 3248
f 1066 3248 1067
f 1065 3250 3249
f 1065 3249 1066
f 1064 3251 3250
f 1064 3250 1065
f 1063 3252 3251
f 1063 3251 1064
f 1062 3253 3252
f 1062 3252 1063
f 1061 3254 3253
f 1061 3253 1062
f 1060 3255 3254
f 1060 3254 1061
f 1059 3256 3255
f 1059 3255 1060
f 1058 3257 3256
f 1058 3256 1059
f 1057 3257 1058
f 953 925 3154
f 3153 953 3154
f 3036 848 3037
f 3036 836 848
f 848 3038 3037
f 860 3039 3038
f 860 3038 848
f 859 3040 3039
f 859 3039 860
f 858 3041 3040
f 858 3040 859
f 857 3042 3041
f 857 3041 858
f 856 3043 3042
f 856 3042 857
f 855 3044 3043
f 855 3043 856
f 854 3045 3044
f 854 3044 855
f 853 3046 3045
f 853 3045 854
f 852 3047 3046
f 852 3046 853
f 851 3048 3047
f 851 3047 852
f 850 3049 3048
f 850 3048 851
f 849 3049 850
f 510 2752 2751
f 522 2753 2752
f 522 2752 510
f 521 2754 2753
f 521 2753 522
f 520 2755 2754
f 520 2754 521
f 519 2755 520
f 518 2756 2755
f 518 2755 519
f 517 2757 2756
f 517 2758 2757
f 517 2756 518
f 516 2759 2758
f 516 2758 517
f 515 2760 2759
f 515 2759 516
f 514 2760 515
f 513 2761 2760
f 513 2760 514
f 512 2762 2761
f 512 2761 513
f 511 2712 2762
f 511 2762 512
f 2712 523 2711
f 2712 511 523
f 354 2596 2595
f 366 2597 2596
f 366 2596 354
f 365 2598 2597
f 365 2597 366
f 364 2599 2598
f 364 2598 365
f 363 2599 364
f 362 2600 2599
f 362 2599 363
f 361 2601 2600
f 361 2600 362
f 360 2602 2601
f 360 2601 361
f 359 2603 2602
f 359 2602 360
f 358 2604 2603
f 358 2603 359
f 357 2605 2604
f 357 2604 358
f 356 2606 2605
f 356 2605 357
f 355 2556 2606
f 355 2606 356
f 380 2570 2569
f 392 2571 2570
f 392 2570 380
f 391 2572 2571
f 391 2571 392
f 390 2573 2572
f 390 2572 391
f 389 2574 2573
f 389 2573 390
f 388 2575 2574
f 388 2574 389
f 387 2576 2575
f 387 2575 388
f 386 2577 2576
f 386 2576 387
f 385 2578 2577
f 385 2577 386
f 384 2579 2578
f 384 2578 385
f 383 2580 2579
f 383 2579 384
f 382 2581 2580
f 382 2580 383
f 381 2581 382
f 2360 172 2361
f 2360 160 172
f 2250 33 34
f 10782 10700 10701
f 10782 10701 10702
f 10782 10702 10703
f 10782 10703 33
f 2249 33 2250
f 2249 10782 33
f 10882 10782 2249
f 10881 10782 10882
f 10880 10782 10881
f 10879 10782 10880
f 2173 4403 4402
f 2172 4404 4403
f 2172 4403 2173
f 2171 4405 4404
f 2171 4404 2172
f 2170 4406 4405
f 2170 4405 2171
f 2169 4407 4406
f 2169 4406 2170
f 2168 4408 4407
f 2168 4407 2169
f 2167 4409 4408
f 2167 4408 2168
f 2166 4410 4409
f 2166 4409 2167
f 2165 4411 4410
f 2165 4410 2166
f 2164 4412 4411
f 2164 4411 2165
f 2163 4413 4412
f 2163 4412 2164
f 2162 4414 4413
f 2162 4413 2163
f 2161 4414 2162
f 2174 4416 4415
f 2186 4417 4416
f 2186 4416 2174
f 2185 4418 4417
f 2185 4417 2186
f 2184 4419 4418
f 2184 4418 2185
f 2183 4420 4419
f 2183 4419 2184
f 2182 4421 4420
f 2182 4420 2183
f 2181 4421 2182
f 2180 4422 4421
f 2180 4421 2181
f 2179 4423 4422
f 2179 4424 4423
f 2179 4422 2180
f 2178 4424 2179
f 2177 4425 4424
f 2177 4426 4425
f 2177 4424 2178
f 2176 4426 2177
f 2175 4376 4426
f 2175 4426 2176
f 2044 4234 4233
f 2056 4235 4234
f 2056 4234 2044
f 2055 4236 4235
f 2055 4235 2056
f 2054 4237 4236
f 2054 4236 2055
f 2053 4238 4237
f 2053 4237 2054
f 2052 4239 4238
f 2052 4238 2053
f 2051 4240 4239
f 2051 4239 2052
f 2050 4241 4240
f 2050 4240 2051
f 2049 4242 4241
f 2049 4241 2050
f 2048 4243 4242
f 2048 4242 2049
f 2047 4244 4243
f 2047 4243 2048
f 2046 4245 4244
f 2046 4244 2047
f 2045 4245 2046
f 4154 1914 4155
f 4154 1901 1914
f 4116 1927 4115
f 4116 1915 1927
f 4141 1913 4142
f 4141 1941 1913
f 4076 1888 4077
f 4076 1876 1888
f 1758 4000 3999
f 1770 4001 4000
f 1770 4000 1758
f 1769 4002 4001
f 1769 4001 1770
f 1768 4003 4002
f 1768 4002 1769
f 1767 4004 4003
f 1767 4003 1768
f 1766 4005 4004
f 1766 4004 1767
f 1765 4005 1766
f 1764 4006 4005
f 1764 4005 1765
f 1763 4007 4006
f 1763 4008 4007
f 1763 4006 1764
f 1762 4008 1763
f 1761 4009 4008
f 1761 4010 4009
f 1761 4008 1762
f 1760 4010 1761
f 1759 3960 4010
f 1759 4010 1760
f 1523 3701 3699
f 1523 3699 1511
f 1522 3702 3701
f 1522 3701 1523
f 1521 3703 3702
f 1521 3702 1522
f 1520 3704 3703
f 1520 3703 1521
f 1519 3705 3704
f 1519 3706 3705
f 1519 3704 1520
f 1518 3706 1519
f 1517 3707 3706
f 1517 3706 1518
f 1516 3708 3707
f 1516 3709 3708
f 1516 3707 1517
f 1515 3710 3709
f 1515 3709 1516
f 1514 3711 3710
f 1514 3710 1515
f 1513 3711 1514
f 1512 3712 3711
f 1512 3711 1513
f 1472 3662 3661
f 1484 3663 3662
f 1484 3662 1472
f 1483 3664 3663
f 1483 3663 1484
f 1482 3665 3664
f 1482 3664 1483
f 1481 3666 3665
f 1481 3665 1482
f 1480 3667 3666
f 1480 3666 1481
f 1479 3668 3667
f 1479 3667 1480
f 1478 3669 3668
f 1478 3668 1479
f 1477 3670 3669
f 1477 3669 1478
f 1476 3671 3670
f 1476 3670 1477
f 1475 3672 3671
f 1475 3671 1476
f 1474 3673 3672
f 1474 3672 1475
f 1473 3673 1474
f 3596 1407 3595
f 3596 1395 1407
f 1420 3610 3609
f 1432 3611 3610
f 1432 3610 1420
f 1431 3612 3611
f 1431 3611 1432
f 1430 3613 3612
f 1430 3612 1431
f 1429 3614 3613
f 1429 3613 1430
f 1428 3615 3614
f 1428 3614 1429
f 1427 3616 3615
f 1427 3615 1428
f 1426 3617 3616
f 1426 3616 1427
f 1425 3618 3617
f 1425 3617 1426
f 1424 3619 3618
f 1424 3618 1425
f 1423 3620 3619
f 1423 3619 1424
f 1422 3621 3620
f 1422 3620 1423
f 1421 3621 1422
f 1264 3454 3453
f 1276 3455 3454
f 1276 3454 1264
f 1275 3456 3455
f 1275 3455 1276
f 1274 3457 3456
f 1274 3456 1275
f 1273 3458 3457
f 1273 3457 1274
f 1272 3459 3458
f 1272 3458 1273
f 1271 3460 3459
f 1271 3459 1272
f 1270 3461 3460
f 1270 3460 1271
f 1269 3462 3461
f 1269 3461 1270
f 1268 3463 3462
f 1268 3462 1269
f 1267 3464 3463
f 1267 3463 1268
f 1266 3465 3464
f 1266 3464 1267
f 1265 3465 1266
f 3426 1186 3427
f 3426 1173 1186
f 1186 3428 3427
f 1198 3429 3428
f 1198 3428 1186
f 1197 3430 3429
f 1197 3429 1198
f 1196 3431 3430
f 1196 3430 1197
f 1195 3432 3431
f 1195 3431 1196
f 1194 3433 3432
f 1194 3432 1195
f 1193 3433 1194
f 1192 3434 3433
f 1192 3433 1193
f 1191 3435 3434
f 1191 3436 3435
f 1191 3434 1192
f 1190 3436 1191
f 1189 3437 3436
f 1189 3438 3437
f 1189 3436 1190
f 1188 3438 1189
f 1187 3388 3438
f 1187 3438 1188
f 1161 1133 3362
f 3361 1161 3362
f 1082 3324 3323
f 1094 3325 3324
f 1094 3324 1082
f 1093 3326 3325
f 1093 3325 1094
f 1092 3327 3326
f 1092 3326 1093
f 1091 3328 3327
f 1091 3327 1092
f 1090 3329 3328
f 1090 3328 1091
f 1089 3329 1090
f 1088 3330 3329
f 1088 3329 1089
f 1087 3331 3330
f 1087 3332 3331
f 1087 3330 1088
f 1086 3332 1087
f 1085 3333 3332
f 1085 3334 3333
f 1085 3332 1086
f 1084 3334 1085
f 1083 3284 3334
f 1083 3334 1084
f 3192 1004 3193
f 3192 992 1004
f 861 874 3115
f 3114 861 3115
f 899 3077 3075
f 899 3075 887
f 898 3078 3077
f 898 3077 899
f 897 3079 3078
f 897 3078 898
f 896 3080 3079
f 896 3079 897
f 895 3081 3080
f 895 3082 3081
f 895 3080 896
f 894 3082 895
f 893 3083 3082
f 893 3082 894
f 892 3084 3083
f 892 3085 3084
f 892 3083 893
f 891 3086 3085
f 891 3085 892
f 890 3087 3086
f 890 3086 891
f 889 3087 890
f 888 3088 3087
f 888 3087 889
f 537 509 2738
f 2737 537 2738
f 2504 315 2503
f 2504 303 315
f 328 2518 2517
f 340 2519 2518
f 340 2518 328
f 339 2520 2519
f 339 2519 340
f 338 2521 2520
f 338 2520 339
f 337 2522 2521
f 337 2521 338
f 336 2523 2522
f 336 2522 337
f 335 2524 2523
f 335 2523 336
f 334 2525 2524
f 334 2524 335
f 333 2526 2525
f 333 2525 334
f 332 2527 2526
f 332 2526 333
f 331 2528 2527
f 331 2527 332
f 330 2529 2528
f 330 2528 331
f 329 2529 330
f 2288 72 73
f 2288 73 2289
f 4376 2187 4375
f 4376 2175 2187
f 2148 4338 4337
f 2160 4339 4338
f 2160 4338 2148
f 2159 4340 4339
f 2159 4339 2160
f 2158 4341 4340
f 2158 4340 2159
f 2157 4342 4341
f 2157 4341 2158
f 2156 4343 4342
f 2156 4342 2157
f 2155 4344 4343
f 2155 4343 2156
f 2154 4345 4344
f 2154 4344 2155
f 2153 4346 4345
f 2153 4345 2154
f 2152 4347 4346
f 2152 4346 2153
f 2151 4348 4347
f 2151 4347 2152
f 2150 4349 4348
f 2150 4348 2151
f 2149 4349 2150
f 4220 2031 4219
f 4220 2019 2031
f 1991 4169 4167
f 1991 4167 1979
f 1990 4170 4169
f 1990 4169 1991
f 1989 4171 4170
f 1989 4170 1990
f 1988 4172 4171
f 1988 4171 1989
f 1987 4173 4172
f 1987 4174 4173
f 1987 4172 1988
f 1986 4174 1987
f 1985 4175 4174
f 1985 4174 1986
f 1984 4176 4175
f 1984 4177 4176
f 1984 4175 1985
f 1983 4178 4177
f 1983 4177 1984
f 1982 4179 4178
f 1982 4178 1983
f 1981 4179 1982
f 1980 4180 4179
f 1980 4179 1981
f 1836 4026 4025
f 1848 4027 4026
f 1848 4026 1836
f 1847 4028 4027
f 1847 4027 1848
f 1846 4029 4028
f 1846 4028 1847
f 1845 4030 4029
f 1845 4029 1846
f 1844 4031 4030
f 1844 4030 1845
f 1843 4032 4031
f 1843 4031 1844
f 1842 4033 4032
f 1842 4032 1843
f 1841 4034 4033
f 1841 4033 1842
f 1840 4035 4034
f 1840 4034 1841
f 1839 4036 4035
f 1839 4035 1840
f 1838 4037 4036
f 1838 4036 1839
f 1837 4037 1838
f 3738 1498 3739
f 3738 1485 1498
f 1498 3740 3739
f 1510 3741 3740
f 1510 3740 1498
f 1509 3742 3741
f 1509 3741 1510
f 1508 3743 3742
f 1508 3742 1509
f 1507 3744 3743
f 1507 3743 1508
f 1506 3745 3744
f 1506 3744 1507
f 1505 3745 1506
f 1504 3746 3745
f 1504 3745 1505
f 1503 3747 3746
f 1503 3748 3747
f 1503 3746 1504
f 1502 3748 1503
f 1501 3749 3748
f 1501 3750 3749
f 1501 3748 1502
f 1500 3750 1501
f 1499 3700 3750
f 1499 3750 1500
f 3517 1289 3518
f 3517 1317 1289
f 1200 1212 3401
f 3400 1200 3401
f 978 3220 3219
f 990 3221 3220
f 990 3220 978
f 989 3222 3221
f 989 3221 990
f 988 3223 3222
f 988 3222 989
f 987 3224 3223
f 987 3223 988
f 986 3225 3224
f 986 3224 987
f 985 3225 986
f 984 3226 3225
f 984 3225 985
f 983 3227 3226
f 983 3228 3227
f 983 3226 984
f 982 3228 983
f 981 3229 3228
f 981 3230 3229
f 981 3228 982
f 980 3230 981
f 979 3180 3230
f 979 3230 980
f 1003 3181 3179
f 1003 3179 991
f 1002 3182 3181
f 1002 3181 1003
f 1001 3183 3182
f 1001 3182 1002
f 1000 3184 3183
f 1000 3183 1001
f 999 3185 3184
f 999 3186 3185
f 999 3184 1000
f 998 3186 999
f 997 3187 3186
f 997 3186 998
f 996 3188 3187
f 996 3189 3188
f 996 3187 997
f 995 3190 3189
f 995 3189 996
f 994 3191 3190
f 994 3190 995
f 993 3191 994
f 992 3192 3191
f 992 3191 993
f 717 2947 2946
f 716 2948 2947
f 716 2947 717
f 715 2949 2948
f 715 2948 716
f 714 2950 2949
f 714 2949 715
f 713 2951 2950
f 713 2950 714
f 712 2952 2951
f 712 2951 713
f 711 2953 2952
f 711 2952 712
f 710 2954 2953
f 710 2953 711
f 709 2955 2954
f 709 2954 710
f 708 2956 2955
f 708 2955 709
f 707 2957 2956
f 707 2956 708
f 706 2958 2957
f 706 2957 707
f 705 2958 706
f 2958 718 2959
f 2958 705 718
f 2854 614 2855
f 2854 601 614
f 445 458 2699
f 2698 445 2699
f 432 2622 2621
f 444 2623 2622
f 444 2622 432
f 443 2624 2623
f 443 2623 444
f 442 2625 2624
f 442 2624 443
f 441 2626 2625
f 441 2625 442
f 440 2627 2626
f 440 2626 441
f 439 2628 2627
f 439 2627 440
f 438 2629 2628
f 438 2628 439
f 437 2630 2629
f 437 2629 438
f 436 2631 2630
f 436 2630 437
f 435 2632 2631
f 435 2631 436
f 434 2632 435
f 433 2633 2632
f 433 2632 434
f 433 405 2634
f 2633 433 2634
f 316 328 2517
f 2516 316 2517
f 198 2440 2439
f 210 2441 2440
f 210 2440 198
f 209 2442 2441
f 209 2441 210
f 208 2443 2442
f 208 2442 209
f 207 2444 2443
f 207 2443 208
f 206 2444 207
f 205 2445 2444
f 205 2444 206
f 204 2446 2445
f 204 2447 2446
f 204 2445 205
f 203 2448 2447
f 203 2447 204
f 202 2448 203
f 201 2449 2448
f 201 2448 202
f 200 2450 2449
f 200 2449 201
f 199 2400 2450
f 199 2450 200
f 1862 4104 4103
f 1874 4105 4104
f 1874 4104 1862
f 1873 4106 4105
f 1873 4105 1874
f 1872 4107 4106
f 1872 4106 1873
f 1871 4108 4107
f 1871 4107 1872
f 1870 4109 4108
f 1870 4108 1871
f 1869 4109 1870
f 1868 4110 4109
f 1868 4109 1869
f 1867 4111 4110
f 1867 4112 4111
f 1867 4110 1868
f 1866 4112 1867
f 1865 4113 4112
f 1865 4114 4113
f 1865 4112 1866
f 1864 4114 1865
f 1863 4064 4114
f 1863 4114 1864
f 3933 1705 3934
f 3933 1733 1705
f 3868 1680 3869
f 3868 1668 1680
f 1628 3818 3817
f 1640 3819 3818
f 1640 3818 1628
f 1639 3820 3819
f 1639 3819 1640
f 1638 3821 3820
f 1638 3820 1639
f 1637 3822 3821
f 1637 3821 1638
f 1636 3823 3822
f 1636 3822 1637
f 1635 3824 3823
f 1635 3823 1636
f 1634 3825 3824
f 1634 3824 1635
f 1633 3826 3825
f 1633 3825 1634
f 1632 3827 3826
f 1632 3826 1633
f 1631 3828 3827
f 1631 3827 1632
f 1630 3829 3828
f 1630 3828 1631
f 1629 3829 1630
f 3648 1459 3647
f 3648 1447 1459
f 3608 1420 3609
f 3608 1408 1420
f 1316 3506 3505
f 1328 3507 3506
f 1328 3506 1316
f 1327 3508 3507
f 1327 3507 1328
f 1326 3509 3508
f 1326 3508 1327
f 1325 3510 3509
f 1325 3509 1326
f 1324 3511 3510
f 1324 3510 1325
f 1323 3512 3511
f 1323 3511 1324
f 1322 3513 3512
f 1322 3512 1323
f 1321 3514 3513
f 1321 3513 1322
f 1320 3515 3514
f 1320 3514 1321
f 1319 3516 3515
f 1319 3515 1320
f 1318 3517 3516
f 1318 3516 1319
f 1317 3517 1318
f 1211 3389 3387
f 1211 3387 1199
f 1210 3390 3389
f 1210 3389 1211
f 1209 3391 3390
f 1209 3390 1210
f 1208 3392 3391
f 1208 3391 1209
f 1207 3393 3392
f 1207 3394 3393
f 1207 3392 1208
f 1206 3394 1207
f 1205 3395 3394
f 1205 3394 1206
f 1204 3396 3395
f 1204 3397 3396
f 1204 3395 1205
f 1203 3398 3397
f 1203 3397 1204
f 1202 3399 3398
f 1202 3398 1203
f 1201 3399 1202
f 1200 3400 3399
f 1200 3399 1201
f 3205 977 3206
f 3205 1005 977
f 2906 666 2907
f 2906 653 666
f 614 2856 2855
f 626 2857 2856
f 626 2856 614
f 625 2858 2857
f 625 2857 626
f 624 2859 2858
f 624 2858 625
f 623 2860 2859
f 623 2859 624
f 622 2861 2860
f 622 2860 623
f 621 2861 622
f 620 2862 2861
f 620 2861 621
f 619 2863 2862
f 619 2864 2863
f 619 2862 620
f 618 2864 619
f 617 2865 2864
f 617 2866 2865
f 617 2864 618
f 616 2866 617
f 615 2816 2866
f 615 2866 616
f 457 2687 2686
f 456 2688 2687
f 456 2687 457
f 455 2689 2688
f 455 2688 456
f 454 2690 2689
f 454 2689 455
f 453 2691 2690
f 453 2690 454
f 452 2692 2691
f 452 2691 453
f 451 2693 2692
f 451 2692 452
f 450 2694 2693
f 450 2693 451
f 449 2695 2694
f 449 2694 450
f 448 2696 2695
f 448 2695 449
f 447 2697 2696
f 447 2696 448
f 446 2697 447
f 445 2698 2697
f 445 2697 446
f 2556 367 2555
f 2556 355 367
f 250 2492 2491
f 262 2493 2492
f 262 2492 250
f 261 2494 2493
f 261 2493 262
f 260 2495 2494
f 260 2494 261
f 259 2495 260
f 258 2496 2495
f 258 2495 259
f 257 2497 2496
f 257 2496 258
f 256 2498 2497
f 256 2497 257
f 255 2499 2498
f 255 2498 256
f 254 2500 2499
f 254 2499 255
f 253 2501 2500
f 253 2500 254
f 252 2502 2501
f 252 2501 253
f 251 2452 2502
f 251 2502 252
f 277 249 2478
f 2477 277 2478
f 2412 224 2413
f 2412 212 224
f 2228 15 2229
f 2228 3 15
f 2247 30 31
f 10799 10686 10687
f 10799 10687 10688
f 10799 10688 10689
f 10799 10689 30
f 2246 30 2247
f 2246 10799 30
f 10918 10799 2246
f 10917 10799 10918
f 10916 10799 10917
f 10915 10799 10916
f 2070 4312 4311
f 2082 4313 4312
f 2082 4312 2070
f 2081 4314 4313
f 2081 4313 2082
f 2080 4315 4314
f 2080 4314 2081
f 2079 4316 4315
f 2079 4315 2080
f 2078 4317 4316
f 2078 4316 2079
f 2077 4317 2078
f 2076 4318 4317
f 2076 4317 2077
f 2075 4319 4318
f 2075 4320 4319
f 2075 4318 2076
f 2074 4320 2075
f 2073 4321 4320
f 2073 4322 4321
f 2073 4320 2074
f 2072 4322 2073
f 2071 4272 4322
f 2071 4322 2072
f 4272 2083 4271
f 4272 2071 2083
f 1887 4065 4063
f 1887 4063 1875
f 1886 4066 4065
f 1886 4065 1887
f 1885 4067 4066
f 1885 4066 1886
f 1884 4068 4067
f 1884 4067 1885
f 1883 4069 4068
f 1883 4070 4069
f 1883 4068 1884
f 1882 4070 1883
f 1881 4071 4070
f 1881 4070 1882
f 1880 4072 4071
f 1880 4073 4072
f 1880 4071 1881
f 1879 4074 4073
f 1879 4073 1880
f 1878 4075 4074
f 1878 4074 1879
f 1877 4075 1878
f 1876 4076 4075
f 1876 4075 1877
f 1835 4013 4011
f 1835 4011 1823
f 1834 4014 4013
f 1834 4013 1835
f 1833 4015 4014
f 1833 4014 1834
f 1832 4016 4015
f 1832 4015 1833
f 1831 4017 4016
f 1831 4018 4017
f 1831 4016 1832
f 1830 4018 1831
f 1829 4019 4018
f 1829 4018 1830
f 1828 4020 4019
f 1828 4021 4020
f 1828 4019 1829
f 1827 4022 4021
f 1827 4021 1828
f 1826 4023 4022
f 1826 4022 1827
f 1825 4023 1826
f 1824 4024 4023
f 1824 4023 1825
f 1654 3896 3895
f 1666 3897 3896
f 1666 3896 1654
f 1665 3898 3897
f 1665 3897 1666
f 1664 3899 3898
f 1664 3898 1665
f 1663 3900 3899
f 1663 3899 1664
f 1662 3901 3900
f 1662 3900 1663
f 1661 3901 1662
f 1660 3902 3901
f 1660 3901 1661
f 1659 3903 3902
f 1659 3904 3903
f 1659 3902 1660
f 1658 3904 1659
f 1657 3905 3904
f 1657 3906 3905
f 1657 3904 1658
f 1656 3906 1657
f 1655 3856 3906
f 1655 3906 1656
f 3816 1628 3817
f 3816 1616 1628
f 1550 3792 3791
f 1562 3793 3792
f 1562 3792 1550
f 1561 3794 3793
f 1561 3793 1562
f 1560 3795 3794
f 1560 3794 1561
f 1559 3796 3795
f 1559 3795 1560
f 1558 3797 3796
f 1558 3796 1559
f 1557 3797 1558
f 1556 3798 3797
f 1556 3797 1557
f 1555 3799 3798
f 1555 3800 3799
f 1555 3798 1556
f 1554 3800 1555
f 1553 3801 3800
f 1553 3802 3801
f 1553 3800 1554
f 1552 3802 1553
f 1551 3752 3802
f 1551 3802 1552
f 1342 3584 3583
f 1354 3585 3584
f 1354 3584 1342
f 1353 3586 3585
f 1353 3585 1354
f 1352 3587 3586
f 1352 3586 1353
f 1351 3588 3587
f 1351 3587 1352
f 1350 3589 3588
f 1350 3588 1351
f 1349 3589 1350
f 1348 3590 3589
f 1348 3589 1349
f 1347 3591 3590
f 1347 3592 3591
f 1347 3590 1348
f 1346 3592 1347
f 1345 3593 3592
f 1345 3594 3593
f 1345 3592 1346
f 1344 3594 1345
f 1343 3544 3594
f 1343 3594 1344
f 1107 3285 3283
f 1107 3283 1095
f 1106 3286 3285
f 1106 3285 1107
f 1105 3287 3286
f 1105 3286 1106
f 1104 3288 3287
f 1104 3287 1105
f 1103 3289 3288
f 1103 3290 3289
f 1103 3288 1104
f 1102 3290 1103
f 1101 3291 3290
f 1101 3290 1102
f 1100 3292 3291
f 1100 3293 3292
f 1100 3291 1101
f 1099 3294 3293
f 1099 3293 1100
f 1098 3295 3294
f 1098 3294 1099
f 1097 3295 1098
f 1096 3296 3295
f 1096 3295 1097
f 1055 3233 3231
f 1055 3231 1043
f 1054 3234 3233
f 1054 3233 1055
f 1053 3235 3234
f 1053 3234 1054
f 1052 3236 3235
f 1052 3235 1053
f 1051 3237 3236
f 1051 3238 3237
f 1051 3236 1052
f 1050 3238 1051
f 1049 3239 3238
f 1049 3238 1050
f 1048 3240 3239
f 1048 3241 3240
f 1048 3239 1049
f 1047 3242 3241
f 1047 3241 1048
f 1046 3243 3242
f 1046 3242 1047
f 1045 3243 1046
f 1044 3244 3243
f 1044 3243 1045
f 3140 952 3141
f 3140 940 952
f 640 2830 2829
f 652 2831 2830
f 652 2830 640
f 651 2832 2831
f 651 2831 652
f 650 2833 2832
f 650 2832 651
f 649 2834 2833
f 649 2833 650
f 648 2835 2834
f 648 2834 649
f 647 2836 2835
f 647 2835 648
f 646 2837 2836
f 646 2836 647
f 645 2838 2837
f 645 2837 646
f 644 2839 2838
f 644 2838 645
f 643 2840 2839
f 643 2839 644
f 642 2841 2840
f 642 2840 643
f 641 2841 642
f 2802 562 2803
f 2802 549 562
f 587 2765 2763
f 587 2763 575
f 586 2766 2765
f 586 2765 587
f 585 2767 2766
f 585 2766 586
f 584 2768 2767
f 584 2767 585
f 583 2769 2768
f 583 2770 2769
f 583 2768 584
f 582 2770 583
f 581 2771 2770
f 581 2770 582
f 580 2772 2771
f 580 2773 2772
f 580 2771 581
f 579 2774 2773
f 579 2773 580
f 578 2775 2774
f 578 2774 579
f 577 2775 578
f 576 2776 2775
f 576 2775 577
f 301 2531 2530
f 300 2532 2531
f 300 2531 301
f 299 2533 2532
f 299 2532 300
f 298 2534 2533
f 298 2533 299
f 297 2535 2534
f 297 2534 298
f 296 2536 2535
f 296 2535 297
f 295 2537 2536
f 295 2536 296
f 294 2538 2537
f 294 2537 295
f 293 2539 2538
f 293 2538 294
f 292 2540 2539
f 292 2539 293
f 291 2541 2540
f 291 2540 292
f 290 2541 291
f 289 2542 2541
f 289 2541 290
f 146 2388 2387
f 158 2389 2388
f 158 2388 146
f 157 2390 2389
f 157 2389 158
f 156 2391 2390
f 156 2390 157
f 155 2392 2391
f 155 2391 156
f 154 2392 155
f 153 2393 2392
f 153 2392 154
f 152 2394 2393
f 152 2395 2394
f 152 2393 153
f 151 2396 2395
f 151 2395 152
f 150 2396 151
f 149 2397 2396
f 149 2396 150
f 148 2398 2397
f 148 2397 149
f 147 2348 2398
f 147 2398 148
f 2122 4364 4363
f 2134 4365 4364
f 2134 4364 2122
f 2133 4366 4365
f 2133 4365 2134
f 2132 4367 4366
f 2132 4366 2133
f 2131 4368 4367
f 2131 4367 2132
f 2130 4369 4368
f 2130 4368 2131
f 2129 4369 2130
f 2128 4370 4369
f 2128 4369 2129
f 2127 4371 4370
f 2127 4372 4371
f 2127 4370 2128
f 2126 4372 2127
f 2125 4373 4372
f 2125 4374 4373
f 2125 4372 2126
f 2124 4374 2125
f 2123 4324 4374
f 2123 4374 2124
f 2097 2069 4298
f 4297 2097 4298
f 4064 1875 4063
f 4064 1863 1875
f 1757 3987 3986
f 1756 3988 3987
f 1756 3987 1757
f 1755 3989 3988
f 1755 3988 1756
f 1754 3990 3989
f 1754 3989 1755
f 1753 3991 3990
f 1753 3990 1754
f 1752 3992 3991
f 1752 3991 1753
f 1751 3993 3992
f 1751 3992 1752
f 1750 3994 3993
f 1750 3993 1751
f 1749 3995 3994
f 1749 3994 1750
f 1748 3996 3995
f 1748 3995 1749
f 1747 3997 3996
f 1747 3996 1748
f 1746 3998 3997
f 1746 3997 1747
f 1745 3998 1746
f 1705 3935 3934
f 1704 3936 3935
f 1704 3935 1705
f 1703 3937 3936
f 1703 3936 1704
f 1702 3938 3937
f 1702 3937 1703
f 1701 3939 3938
f 1701 3938 1702
f 1700 3940 3939
f 1700 3939 1701
f 1699 3941 3940
f 1699 3940 1700
f 1698 3942 3941
f 1698 3941 1699
f 1697 3943 3942
f 1697 3942 1698
f 1696 3944 3943
f 1696 3943 1697
f 1695 3945 3944
f 1695 3944 1696
f 1694 3946 3945
f 1694 3945 1695
f 1693 3946 1694
f 1577 1549 3778
f 3777 1577 3778
f 3725 1497 3726
f 3725 1525 1497
f 1446 3688 3687
f 1458 3689 3688
f 1458 3688 1446
f 1457 3690 3689
f 1457 3689 1458
f 1456 3691 3690
f 1456 3690 1457
f 1455 3692 3691
f 1455 3691 1456
f 1454 3693 3692
f 1454 3692 1455
f 1453 3693 1454
f 1452 3694 3693
f 1452 3693 1453
f 1451 3695 3694
f 1451 3696 3695
f 1451 3694 1452
f 1450 3696 1451
f 1449 3697 3696
f 1449 3698 3697
f 1449 3696 1450
f 1448 3698 1449
f 1447 3648 3698
f 1447 3698 1448
f 1369 1341 3570
f 3569 1369 3570
f 1290 3532 3531
f 1302 3533 3532
f 1302 3532 1290
f 1301 3534 3533
f 1301 3533 1302
f 1300 3535 3534
f 1300 3534 1301
f 1299 3536 3535
f 1299 3535 1300
f 1298 3537 3536
f 1298 3536 1299
f 1297 3537 1298
f 1296 3538 3537
f 1296 3537 1297
f 1295 3539 3538
f 1295 3540 3539
f 1295 3538 1296
f 1294 3540 1295
f 1293 3541 3540
f 1293 3542 3541
f 1293 3540 1294
f 1292 3542 1293
f 1291 3492 3542
f 1291 3542 1292
f 3492 1303 3491
f 3492 1291 1303
f 1315 3493 3491
f 1315 3491 1303
f 1314 3494 3493
f 1314 3493 1315
f 1313 3495 3494
f 1313 3494 1314
f 1312 3496 3495
f 1312 3495 1313
f 1311 3497 3496
f 1311 3498 3497
f 1311 3496 1312
f 1310 3498 1311
f 1309 3499 3498
f 1309 3498 1310
f 1308 3500 3499
f 1308 3501 3500
f 1308 3499 1309
f 1307 3502 3501
f 1307 3501 1308
f 1306 3503 3502
f 1306 3502 1307
f 1305 3503 1306
f 1304 3504 3503
f 1304 3503 1305
f 3440 1251 3439
f 3440 1239 1251
f 1212 3402 3401
f 1224 3403 3402
f 1224 3402 1212
f 1223 3404 3403
f 1223 3403 1224
f 1222 3405 3404
f 1222 3404 1223
f 1221 3406 3405
f 1221 3405 1222
f 1220 3407 3406
f 1220 3406 1221
f 1219 3408 3407
f 1219 3407 1220
f 1218 3409 3408
f 1218 3408 1219
f 1217 3410 3409
f 1217 3409 1218
f 1216 3411 3410
f 1216 3410 1217
f 1215 3412 3411
f 1215 3411 1216
f 1214 3413 3412
f 1214 3412 1215
f 1213 3413 1214
f 3284 1095 3283
f 3284 1083 1095
f 3166 926 3167
f 3166 913 926
f 770 3012 3011
f 782 3013 3012
f 782 3012 770
f 781 3014 3013
f 781 3013 782
f 780 3015 3014
f 780 3014 781
f 779 3016 3015
f 779 3015 780
f 778 3017 3016
f 778 3016 779
f 777 3017 778
f 776 3018 3017
f 776 3017 777
f 775 3019 3018
f 775 3020 3019
f 775 3018 776
f 774 3020 775
f 773 3021 3020
f 773 3022 3021
f 773 3020 774
f 772 3022 773
f 771 2972 3022
f 771 3022 772
f 2997 769 2998
f 2997 797 769
f 693 665 2894
f 2893 693 2894
f 2608 419 2607
f 2608 407 419
f 93 2323 2322
f 92 2324 2323
f 92 2323 93
f 91 2325 2324
f 91 2324 92
f 90 2326 2325
f 90 2325 91
f 89 2327 2326
f 89 2326 90
f 88 2328 2327
f 88 2327 89
f 87 2329 2328
f 87 2328 88
f 86 2330 2329
f 86 2329 87
f 85 2331 2330
f 85 2330 86
f 84 2332 2331
f 84 2331 85
f 83 2333 2332
f 83 2332 84
f 82 2334 2333
f 82 2333 83
f 81 2334 82
f 121 93 2322
f 2321 121 2322
f 2293 78 2294
f 2293 77 78
f 2096 4286 4285
f 2108 4287 4286
f 2108 4286 2096
f 2107 4288 4287
f 2107 4287 2108
f 2106 4289 4288
f 2106 4288 2107
f 2105 4290 4289
f 2105 4289 2106
f 2104 4291 4290
f 2104 4290 2105
f 2103 4292 4291
f 2103 4291 2104
f 2102 4293 4292
f 2102 4292 2103
f 2101 4294 4293
f 2101 4293 2102
f 2100 4295 4294
f 2100 4294 2101
f 2099 4296 4295
f 2099 4295 2100
f 2098 4297 4296
f 2098 4296 2099
f 2097 4297 2098
f 4012 1823 4011
f 4012 1811 1823
f 1720 1732 3921
f 3920 1720 3921
f 1653 3883 3882
f 1652 3884 3883
f 1652 3883 1653
f 1651 3885 3884
f 1651 3884 1652
f 1650 3886 3885
f 1650 3885 1651
f 1649 3887 3886
f 1649 3886 1650
f 1648 3888 3887
f 1648 3887 1649
f 1647 3889 3888
f 1647 3888 1648
f 1646 3890 3889
f 1646 3889 1647
f 1645 3891 3890
f 1645 3890 1646
f 1644 3892 3891
f 1644 3891 1645
f 1643 3893 3892
f 1643 3892 1644
f 1642 3894 3893
f 1642 3893 1643
f 1641 3894 1642
f 1576 3766 3765
f 1588 3767 3766
f 1588 3766 1576
f 1587 3768 3767
f 1587 3767 1588
f 1586 3769 3768
f 1586 3768 1587
f 1585 3770 3769
f 1585 3769 1586
f 1584 3771 3770
f 1584 3770 1585
f 1583 3772 3771
f 1583 3771 1584
f 1582 3773 3772
f 1582 3772 1583
f 1581 3774 3773
f 1581 3773 1582
f 1580 3775 3774
f 1580 3774 1581
f 1579 3776 3775
f 1579 3775 1580
f 1578 3777 3776
f 1578 3776 1579
f 1577 3777 1578
f 1524 3714 3713
f 1536 3715 3714
f 1536 3714 1524
f 1535 3716 3715
f 1535 3715 1536
f 1534 3717 3716
f 1534 3716 1535
f 1533 3718 3717
f 1533 3717 1534
f 1532 3719 3718
f 1532 3718 1533
f 1531 3720 3719
f 1531 3719 1532
f 1530 3721 3720
f 1530 3720 1531
f 1529 3722 3721
f 1529 3721 1530
f 1528 3723 3722
f 1528 3722 1529
f 1527 3724 3723
f 1527 3723 1528
f 1526 3725 3724
f 1526 3724 1527
f 1525 3725 1526
f 1159 3337 3335
f 1159 3335 1147
f 1158 3338 3337
f 1158 3337 1159
f 1157 3339 3338
f 1157 3338 1158
f 1156 3340 3339
f 1156 3339 1157
f 1155 3341 3340
f 1155 3342 3341
f 1155 3340 1156
f 1154 3342 1155
f 1153 3343 3342
f 1153 3342 1154
f 1152 3344 3343
f 1152 3345 3344
f 1152 3343 1153
f 1151 3346 3345
f 1151 3345 1152
f 1150 3347 3346
f 1150 3346 1151
f 1149 3347 1150
f 1148 3348 3347
f 1148 3347 1149
f 1029 3259 3258
f 1028 3260 3259
f 1028 3259 1029
f 1027 3261 3260
f 1027 3260 1028
f 1026 3262 3261
f 1026 3261 1027
f 1025 3263 3262
f 1025 3262 1026
f 1024 3264 3263
f 1024 3263 1025
f 1023 3265 3264
f 1023 3264 1024
f 1022 3266 3265
f 1022 3265 1023
f 1021 3267 3266
f 1021 3266 1022
f 1020 3268 3267
f 1020 3267 1021
f 1019 3269 3268
f 1019 3268 1020
f 1018 3270 3269
f 1018 3269 1019
f 1017 3270 1018
f 3232 1043 3231
f 3232 1031 1043
f 796 2986 2985
f 808 2987 2986
f 808 2986 796
f 807 2988 2987
f 807 2987 808
f 806 2989 2988
f 806 2988 807
f 805 2990 2989
f 805 2989 806
f 804 2991 2990
f 804 2990 805
f 803 2992 2991
f 803 2991 804
f 802 2993 2992
f 802 2992 803
f 801 2994 2993
f 801 2993 802
f 800 2995 2994
f 800 2994 801
f 799 2996 2995
f 799 2995 800
f 798 2997 2996
f 798 2996 799
f 797 2997 798
f 2932 744 2933
f 2932 732 744
f 745 717 2946
f 2945 745 2946
f 692 2882 2881
f 704 2883 2882
f 704 2882 692
f 703 2884 2883
f 703 2883 704
f 702 2885 2884
f 702 2884 703
f 701 2886 2885
f 701 2885 702
f 700 2887 2886
f 700 2886 701
f 699 2888 2887
f 699 2887 700
f 698 2889 2888
f 698 2888 699
f 697 2890 2889
f 697 2889 698
f 696 2891 2890
f 696 2890 697
f 695 2892 2891
f 695 2891 696
f 694 2893 2892
f 694 2892 695
f 693 2893 694
f 523 2713 2711
f 535 2713 523
f 534 2714 2713
f 534 2713 535
f 533 2715 2714
f 533 2714 534
f 532 2716 2715
f 532 2715 533
f 531 2717 2716
f 531 2716 532
f 530 2718 2717
f 530 2719 2718
f 530 2717 531
f 529 2720 2719
f 529 2719 530
f 528 2721 2720
f 528 2720 529
f 527 2721 528
f 526 2722 2721
f 526 2721 527
f 525 2723 2722
f 525 2722 526
f 524 2724 2723
f 524 2723 525
f 2672 484 2673
f 2672 472 484
f 263 2453 2451
f 275 2453 263
f 274 2454 2453
f 274 2453 275
f 273 2455 2454
f 273 2454 274
f 272 2456 2455
f 272 2455 273
f 271 2457 2456
f 271 2456 272
f 270 2458 2457
f 270 2457 271
f 269 2459 2458
f 269 2458 270
f 268 2460 2459
f 268 2459 269
f 267 2461 2460
f 267 2462 2461
f 267 2460 268
f 266 2462 267
f 265 2463 2462
f 265 2462 266
f 264 2464 2463
f 264 2463 265
f 2386 146 2387
f 2386 133 146
f 2296 107 2295
f 2296 95 107
f 2253 36 37
f 10766 10718 10719
f 10766 10719 10720
f 10766 10720 10721
f 10766 10721 36
f 2252 36 2253
f 2252 10766 36
f 10860 10766 2252
f 10859 10766 10860
f 10858 10766 10859
f 10857 10766 10858
f 2201 2173 4402
f 4401 2201 4402
f 2017 4247 4246
f 2016 4248 4247
f 2016 4247 2017
f 2015 4249 4248
f 2015 4248 2016
f 2014 4250 4249
f 2014 4249 2015
f 2013 4251 4250
f 2013 4250 2014
f 2012 4252 4251
f 2012 4251 2013
f 2011 4253 4252
f 2011 4252 2012
f 2010 4254 4253
f 2010 4253 2011
f 2009 4255 4254
f 2009 4254 2010
f 2008 4256 4255
f 2008 4255 2009
f 2007 4257 4256
f 2007 4256 2008
f 2006 4258 4257
f 2006 4257 2007
f 2005 4258 2006
f 1992 4182 4181
f 2004 4183 4182
f 2004 4182 1992
f 2003 4184 4183
f 2003 4183 2004
f 2002 4185 4184
f 2002 4184 2003
f 2001 4186 4185
f 2001 4185 2002
f 2000 4187 4186
f 2000 4186 2001
f 1999 4188 4187
f 1999 4187 2000
f 1998 4189 4188
f 1998 4188 1999
f 1997 4190 4189
f 1997 4189 1998
f 1996 4191 4190
f 1996 4190 1997
f 1995 4192 4191
f 1995 4191 1996
f 1994 4193 4192
f 1994 4192 1995
f 1993 4193 1994
f 1939 4117 4115
f 1939 4115 1927
f 1938 4118 4117
f 1938 4117 1939
f 1937 4119 4118
f 1937 4118 1938
f 1936 4120 4119
f 1936 4119 1937
f 1935 4121 4120
f 1935 4122 4121
f 1935 4120 1936
f 1934 4122 1935
f 1933 4123 4122
f 1933 4122 1934
f 1932 4124 4123
f 1932 4125 4124
f 1932 4123 1933
f 1931 4126 4125
f 1931 4125 1932
f 1930 4127 4126
f 1930 4126 1931
f 1929 4127 1930
f 1928 4128 4127
f 1928 4127 1929
f 1889 1861 4090
f 4089 1889 4090
f 1772 1784 3973
f 3972 1772 3973
f 3856 1667 3855
f 3856 1655 1667
f 1681 1653 3882
f 3881 1681 3882
f 3752 1563 3751
f 3752 1551 1563
f 1575 3753 3751
f 1575 3751 1563
f 1574 3754 3753
f 1574 3753 1575
f 1573 3755 3754
f 1573 3754 1574
f 1572 3756 3755
f 1572 3755 1573
f 1571 3757 3756
f 1571 3758 3757
f 1571 3756 1572
f 1570 3758 1571
f 1569 3759 3758
f 1569 3758 1570
f 1568 3760 3759
f 1568 3761 3760
f 1568 3759 1569
f 1567 3762 3761
f 1567 3761 1568
f 1566 3763 3762
f 1566 3762 1567
f 1565 3763 1566
f 1564 3764 3763
f 1564 3763 1565
f 3686 1446 3687
f 3686 1433 1446
f 3660 1472 3661
f 3660 1460 1472
f 1393 3623 3622
f 1392 3624 3623
f 1392 3623 1393
f 1391 3625 3624
f 1391 3624 1392
f 1390 3626 3625
f 1390 3625 1391
f 1389 3627 3626
f 1389 3626 1390
f 1388 3628 3627
f 1388 3627 1389
f 1387 3629 3628
f 1387 3628 1388
f 1386 3630 3629
f 1386 3629 1387
f 1385 3631 3630
f 1385 3630 1386
f 1384 3632 3631
f 1384 3631 1385
f 1383 3633 3632
f 1383 3632 1384
f 1382 3634 3633
f 1382 3633 1383
f 1381 3634 1382
f 1394 3636 3635
f 1406 3637 3636
f 1406 3636 1394
f 1405 3638 3637
f 1405 3637 1406
f 1404 3639 3638
f 1404 3638 1405
f 1403 3640 3639
f 1403 3639 1404
f 1402 3641 3640
f 1402 3640 1403
f 1401 3641 1402
f 1400 3642 3641
f 1400 3641 1401
f 1399 3643 3642
f 1399 3644 3643
f 1399 3642 1400
f 1398 3644 1399
f 1397 3645 3644
f 1397 3646 3645
f 1397 3644 1398
f 1396 3646 1397
f 1395 3596 3646
f 1395 3646 1396
f 3374 1134 3375
f 3374 1121 1134
f 1004 3194 3193
f 1016 3195 3194
f 1016 3194 1004
f 1015 3196 3195
f 1015 3195 1016
f 1014 3197 3196
f 1014 3196 1015
f 1013 3198 3197
f 1013 3197 1014
f 1012 3199 3198
f 1012 3198 1013
f 1011 3200 3199
f 1011 3199 1012
f 1010 3201 3200
f 1010 3200 1011
f 1009 3202 3201
f 1009 3201 1010
f 1008 3203 3202
f 1008 3202 1009
f 1007 3204 3203
f 1007 3203 1008
f 1006 3205 3204
f 1006 3204 1007
f 1005 3205 1006
f 926 3168 3167
f 938 3169 3168
f 938 3168 926
f 937 3170 3169
f 937 3169 938
f 936 3171 3170
f 936 3170 937
f 935 3172 3171
f 935 3171 936
f 934 3173 3172
f 934 3172 935
f 933 3173 934
f 932 3174 3173
f 932 3173 933
f 931 3175 3174
f 931 3176 3175
f 931 3174 932
f 930 3176 931
f 929 3177 3176
f 929 3178 3177
f 929 3176 930
f 928 3178 929
f 927 3128 3178
f 927 3178 928
f 3128 939 3127
f 3128 927 939
f 900 3090 3089
f 912 3091 3090
f 912 3090 900
f 911 3092 3091
f 911 3091 912
f 910 3093 3092
f 910 3092 911
f 909 3094 3093
f 909 3093 910
f 908 3095 3094
f 908 3094 909
f 907 3096 3095
f 907 3095 908
f 906 3097 3096
f 906 3096 907
f 905 3098 3097
f 905 3097 906
f 904 3099 3098
f 904 3098 905
f 903 3100 3099
f 903 3099 904
f 902 3101 3100
f 902 3100 903
f 901 3101 902
f 849 821 3050
f 3049 849 3050
f 302 2544 2543
f 314 2545 2544
f 314 2544 302
f 313 2546 2545
f 313 2545 314
f 312 2547 2546
f 312 2546 313
f 311 2547 312
f 310 2548 2547
f 310 2547 311
f 309 2549 2548
f 309 2548 310
f 308 2550 2549
f 308 2549 309
f 307 2551 2550
f 307 2550 308
f 306 2552 2551
f 306 2551 307
f 305 2553 2552
f 305 2552 306
f 304 2554 2553
f 304 2553 305
f 303 2504 2554
f 303 2554 304
f 2452 263 2451
f 2452 251 263
f 159 2349 2347
f 171 2349 159
f 170 2350 2349
f 170 2349 171
f 169 2351 2350
f 169 2350 170
f 168 2352 2351
f 168 2351 169
f 167 2353 2352
f 167 2352 168
f 166 2354 2353
f 166 2353 167
f 165 2355 2354
f 165 2356 2355
f 165 2354 166
f 164 2357 2356
f 164 2356 165
f 163 2358 2357
f 163 2357 164
f 162 2358 163
f 161 2359 2358
f 161 2358 162
f 160 2360 2359
f 160 2359 161
f 2290 75 2291
f 2290 74 75
f 2256 39 40
f 10748 10736 10737
f 10748 10737 10738
f 10748 10738 10739
f 10748 10739 39
f 2255 39 2256
f 2255 10748 39
f 10904 10748 2255
f 10903 10748 10904
f 10902 10748 10903
f 10901 10748 10902
f 2147 4325 4323
f 2147 4323 2135
f 2146 4326 4325
f 2146 4325 2147
f 2145 4327 4326
f 2145 4326 2146
f 2144 4328 4327
f 2144 4327 2145
f 2143 4329 4328
f 2143 4330 4329
f 2143 4328 2144
f 2142 4330 2143
f 2141 4331 4330
f 2141 4330 2142
f 2140 4332 4331
f 2140 4333 4332
f 2140 4331 2141
f 2139 4334 4333
f 2139 4333 2140
f 2138 4335 4334
f 2138 4334 2139
f 2137 4335 2138
f 2136 4336 4335
f 2136 4335 2137
f 4349 2121 4350
f 4349 2149 2121
f 2095 4273 4271
f 2095 4271 2083
f 2094 4274 4273
f 2094 4273 2095
f 2093 4275 4274
f 2093 4274 2094
f 2092 4276 4275
f 2092 4275 2093
f 2091 4277 4276
f 2091 4278 4277
f 2091 4276 2092
f 2090 4278 2091
f 2089 4279 4278
f 2089 4278 2090
f 2088 4280 4279
f 2088 4281 4280
f 2088 4279 2089
f 2087 4282 4281
f 2087 4281 2088
f 2086 4283 4282
f 2086 4282 2087
f 2085 4283 2086
f 2084 4284 4283
f 2084 4283 2085
f 1861 4091 4090
f 1860 4092 4091
f 1860 4091 1861
f 1859 4093 4092
f 1859 4092 1860
f 1858 4094 4093
f 1858 4093 1859
f 1857 4095 4094
f 1857 4094 1858
f 1856 4096 4095
f 1856 4095 1857
f 1855 4097 4096
f 1855 4096 1856
f 1854 4098 4097
f 1854 4097 1855
f 1853 4099 4098
f 1853 4098 1854
f 1852 4100 4099
f 1852 4099 1853
f 1851 4101 4100
f 1851 4100 1852
f 1850 4102 4101
f 1850 4101 1851
f 1849 4102 1850
f 1797 1810 4051
f 4050 1797 4051
f 1783 3961 3959
f 1783 3959 1771
f 1782 3962 3961
f 1782 3961 1783
f 1781 3963 3962
f 1781 3962 1782
f 1780 3964 3963
f 1780 3963 1781
f 1779 3965 3964
f 1779 3966 3965
f 1779 3964 1780
f 1778 3966 1779
f 1777 3967 3966
f 1777 3966 1778
f 1776 3968 3967
f 1776 3969 3968
f 1776 3967 1777
f 1775 3970 3969
f 1775 3969 1776
f 1774 3971 3970
f 1774 3970 1775
f 1773 3971 1774
f 1772 3972 3971
f 1772 3971 1773
f 1731 3909 3907
f 1731 3907 1719
f 1730 3910 3909
f 1730 3909 1731
f 1729 3911 3910
f 1729 3910 1730
f 1728 3912 3911
f 1728 3911 1729
f 1727 3913 3912
f 1727 3914 3913
f 1727 3912 1728
f 1726 3914 1727
f 1725 3915 3914
f 1725 3914 1726
f 1724 3916 3915
f 1724 3917 3916
f 1724 3915 1725
f 1723 3918 3917
f 1723 3917 1724
f 1722 3919 3918
f 1722 3918 1723
f 1721 3919 1722
f 1720 3920 3919
f 1720 3919 1721
f 1419 3597 3595
f 1419 3595 1407
f 1418 3598 3597
f 1418 3597 1419
f 1417 3599 3598
f 1417 3598 1418
f 1416 3600 3599
f 1416 3599 1417
f 1415 3601 3600
f 1415 3602 3601
f 1415 3600 1416
f 1414 3602 1415
f 1413 3603 3602
f 1413 3602 1414
f 1412 3604 3603
f 1412 3605 3604
f 1412 3603 1413
f 1411 3606 3605
f 1411 3605 1412
f 1410 3607 3606
f 1410 3606 1411
f 1409 3607 1410
f 1408 3608 3607
f 1408 3607 1409
f 3322 1082 3323
f 3322 1069 1082
f 3088 900 3089
f 3088 888 900
f 3101 873 3102
f 3101 901 873
f 43 2260 2259
f 55 2261 2260
f 55 2260 43
f 54 2262 2261
f 54 2261 55
f 53 2263 2262
f 53 2262 54
f 52 2264 2263
f 52 2263 53
f 51 2265 2264
f 51 2264 52
f 50 2266 2265
f 50 2265 51
f 49 2267 2266
f 49 2266 50
f 48 2268 2267
f 48 2267 49
f 47 2269 2268
f 47 2268 48
f 46 2270 2269
f 46 2269 47
f 45 2271 2270
f 45 2270 46
f 44 2271 45
f 2868 679 2867
f 2868 667 679
f 2816 627 2815
f 2816 615 627
f 588 2778 2777
f 600 2779 2778
f 600 2778 588
f 599 2780 2779
f 599 2779 600
f 598 2781 2780
f 598 2780 599
f 597 2782 2781
f 597 2781 598
f 596 2783 2782
f 596 2782 597
f 595 2784 2783
f 595 2783 596
f 594 2785 2784
f 594 2784 595
f 593 2786 2785
f 593 2785 594
f 592 2787 2786
f 592 2786 593
f 591 2788 2787
f 591 2787 592
f 590 2789 2788
f 590 2788 591
f 589 2789 590
f 509 2739 2738
f 508 2740 2739
f 508 2739 509
f 507 2741 2740
f 507 2740 508
f 506 2742 2741
f 506 2741 507
f 505 2743 2742
f 505 2742 506
f 504 2744 2743
f 504 2743 505
f 503 2745 2744
f 503 2744 504
f 502 2746 2745
f 502 2745 503
f 501 2747 2746
f 501 2746 502
f 500 2748 2747
f 500 2747 501
f 499 2749 2748
f 499 2748 500
f 498 2749 499
f 497 2750 2749
f 497 2749 498
f 2750 510 2751
f 2750 497 510
f 315 2505 2503
f 327 2505 315
f 326 2506 2505
f 326 2505 327
f 325 2507 2506
f 325 2506 326
f 324 2508 2507
f 324 2507 325
f 323 2509 2508
f 323 2508 324
f 322 2510 2509
f 322 2509 323
f 321 2511 2510
f 321 2510 322
f 320 2512 2511
f 320 2511 321
f 319 2513 2512
f 319 2514 2513
f 319 2512 320
f 318 2514 319
f 317 2515 2514
f 317 2514 318
f 316 2516 2515
f 316 2515 317
f 329 301 2530
f 2529 329 2530
f 1 2217 2216
f 14 2218 2217
f 14 2217 1
f 13 2219 2218
f 13 2218 14
f 12 2220 2219
f 12 2219 13
f 11 2221 2220
f 11 2220 12
f 10 2221 11
f 9 2222 2221
f 9 2221 10
f 8 2223 2222
f 8 2224 2223
f 8 2222 9
f 7 2225 2224
f 7 2224 8
f 6 2225 7
f 5 2226 2225
f 5 2225 6
f 4 2227 2226
f 4 2226 5
f 3 2228 2227
f 3 2227 4
f 73 74 2290
f 2289 73 2290
f 10773 10722 10723
f 10773 10723 10724
f 10773 10724 10725
f 35 10722 10773
f 10863 10773 10846
f 10862 10773 10863
f 10861 10773 10862
f 2251 35 10773
f 2251 10773 10861
f 2250 34 35
f 2250 35 2251
f 4414 2174 4415
f 4414 2161 2174
f 2199 4377 4375
f 2199 4375 2187
f 2198 4378 4377
f 2198 4377 2199
f 2197 4379 4378
f 2197 4378 2198
f 2196 4380 4379
f 2196 4379 2197
f 2195 4381 4380
f 2195 4382 4381
f 2195 4380 2196
f 2194 4382 2195
f 2193 4383 4382
f 2193 4382 2194
f 2192 4384 4383
f 2192 4385 4384
f 2192 4383 2193
f 2191 4386 4385
f 2191 4385 2192
f 2190 4387 4386
f 2190 4386 2191
f 2189 4387 2190
f 2188 4388 4387
f 2188 4387 2189
f 1809 4039 4038
f 1808 4040 4039
f 1808 4039 1809
f 1807 4041 4040
f 1807 4040 1808
f 1806 4042 4041
f 1806 4041 1807
f 1805 4043 4042
f 1805 4042 1806
f 1804 4044 4043
f 1804 4043 1805
f 1803 4045 4044
f 1803 4044 1804
f 1802 4046 4045
f 1802 4045 1803
f 1801 4047 4046
f 1801 4046 1802
f 1800 4048 4047
f 1800 4047 1801
f 1799 4049 4048
f 1799 4048 1800
f 1798 4050 4049
f 1798 4049 1799
f 1797 4050 1798
f 1602 3844 3843
f 1614 3845 3844
f 1614 3844 1602
f 1613 3846 3845
f 1613 3845 1614
f 1612 3847 3846
f 1612 3846 1613
f 1611 3848 3847
f 1611 3847 1612
f 1610 3849 3848
f 1610 3848 1611
f 1609 3849 1610
f 1608 3850 3849
f 1608 3849 1609
f 1607 3851 3850
f 1607 3852 3851
f 1607 3850 1608
f 1606 3852 1607
f 1605 3853 3852
f 1605 3854 3853
f 1605 3852 1606
f 1604 3854 1605
f 1603 3804 3854
f 1603 3854 1604
f 3804 1615 3803
f 3804 1603 1615
f 3621 1393 3622
f 3621 1421 1393
f 1367 3545 3543
f 1367 3543 1355
f 1366 3546 3545
f 1366 3545 1367
f 1365 3547 3546
f 1365 3546 1366
f 1364 3548 3547
f 1364 3547 1365
f 1363 3549 3548
f 1363 3550 3549
f 1363 3548 1364
f 1362 3550 1363
f 1361 3551 3550
f 1361 3550 1362
f 1360 3552 3551
f 1360 3553 3552
f 1360 3551 1361
f 1359 3554 3553
f 1359 3553 1360
f 1358 3555 3554
f 1358 3554 1359
f 1357 3555 1358
f 1356 3556 3555
f 1356 3555 1357
f 1277 1290 3531
f 3530 1277 3531
f 1081 3311 3310
f 1080 3312 3311
f 1080 3311 1081
f 1079 3313 3312
f 1079 3312 1080
f 1078 3314 3313
f 1078 3313 1079
f 1077 3315 3314
f 1077 3314 1078
f 1076 3316 3315
f 1076 3315 1077
f 1075 3317 3316
f 1075 3316 1076
f 1074 3318 3317
f 1074 3317 1075
f 1073 3319 3318
f 1073 3318 1074
f 1072 3320 3319
f 1072 3319 1073
f 1071 3321 3320
f 1071 3320 1072
f 1070 3322 3321
f 1070 3321 1071
f 1069 3322 1070
f 3270 1030 3271
f 3270 1017 1030
f 3076 887 3075
f 3076 875 887
f 42 43 2259
f 2258 42 2259
f 405 2635 2634
f 404 2636 2635
f 404 2635 405
f 403 2637 2636
f 403 2636 404
f 402 2638 2637
f 402 2637 403
f 401 2639 2638
f 401 2638 402
f 400 2640 2639
f 400 2639 401
f 399 2641 2640
f 399 2640 400
f 398 2642 2641
f 398 2641 399
f 397 2643 2642
f 397 2642 398
f 396 2644 2643
f 396 2643 397
f 395 2645 2644
f 395 2644 396
f 394 2645 395
f 393 2646 2645
f 393 2645 394
f 225 197 2426
f 2425 225 2426
f 4324 2135 4323
f 4324 2123 2135
f 2043 4221 4219
f 2043 4219 2031
f 2042 4222 4221
f 2042 4221 2043
f 2041 4223 4222
f 2041 4222 2042
f 2040 4224 4223
f 2040 4223 2041
f 2039 4225 4224
f 2039 4226 4225
f 2039 4224 2040
f 2038 4226 2039
f 2037 4227 4226
f 2037 4226 2038
f 2036 4228 4227
f 2036 4229 4228
f 2036 4227 2037
f 2035 4230 4229
f 2035 4229 2036
f 2034 4231 4230
f 2034 4230 2035
f 2033 4231 2034
f 2032 4232 4231
f 2032 4231 2033
f 4232 2044 4233
f 4232 2032 2044
f 3544 1355 3543
f 3544 1343 1355
f 1289 3519 3518
f 1288 3520 3519
f 1288 3519 1289
f 1287 3521 3520
f 1287 3520 1288
f 1286 3522 3521
f 1286 3521 1287
f 1285 3523 3522
f 1285 3522 1286
f 1284 3524 3523
f 1284 3523 1285
f 1283 3525 3524
f 1283 3524 1284
f 1282 3526 3525
f 1282 3525 1283
f 1281 3527 3526
f 1281 3526 1282
f 1280 3528 3527
f 1280 3527 1281
f 1279 3529 3528
f 1279 3528 1280
f 1278 3530 3529
f 1278 3529 1279
f 1277 3530 1278
f 1237 3467 3466
f 1236 3468 3467
f 1236 3467 1237
f 1235 3469 3468
f 1235 3468 1236
f 1234 3470 3469
f 1234 3469 1235
f 1233 3471 3470
f 1233 3470 1234
f 1232 3472 3471
f 1232 3471 1233
f 1231 3473 3472
f 1231 3472 1232
f 1230 3474 3473
f 1230 3473 1231
f 1229 3475 3474
f 1229 3474 1230
f 1228 3476 3475
f 1228 3475 1229
f 1227 3477 3476
f 1227 3476 1228
f 1226 3478 3477
f 1226 3477 1227
f 1225 3478 1226
f 3244 1056 3245
f 3244 1044 1056
f 977 3207 3206
f 976 3208 3207
f 976 3207 977
f 975 3209 3208
f 975 3208 976
f 974 3210 3209
f 974 3209 975
f 973 3211 3210
f 973 3210 974
f 972 3212 3211
f 972 3211 973
f 971 3213 3212
f 971 3212 972
f 970 3214 3213
f 970 3213 971
f 969 3215 3214
f 969 3214 970
f 968 3216 3215
f 968 3215 969
f 967 3217 3216
f 967 3216 968
f 966 3218 3217
f 966 3217 967
f 965 3218 966
f 952 3142 3141
f 964 3143 3142
f 964 3142 952
f 963 3144 3143
f 963 3143 964
f 962 3145 3144
f 962 3144 963
f 961 3146 3145
f 961 3145 962
f 960 3147 3146
f 960 3146 961
f 959 3148 3147
f 959 3147 960
f 958 3149 3148
f 958 3148 959
f 957 3150 3149
f 957 3149 958
f 956 3151 3150
f 956 3150 957
f 955 3152 3151
f 955 3151 956
f 954 3153 3152
f 954 3152 955
f 953 3153 954
f 3024 835 3023
f 3024 823 835
f 847 3025 3023
f 847 3023 835
f 846 3026 3025
f 846 3025 847
f 845 3027 3026
f 845 3026 846
f 844 3028 3027
f 844 3027 845
f 843 3029 3028
f 843 3030 3029
f 843 3028 844
f 842 3030 843
f 841 3031 3030
f 841 3030 842
f 840 3032 3031
f 840 3033 3032
f 840 3031 841
f 839 3034 3033
f 839 3033 840
f 838 3035 3034
f 838 3034 839
f 837 3035 838
f 836 3036 3035
f 836 3035 837
f 2972 783 2971
f 2972 771 783
f 795 2973 2971
f 795 2971 783
f 794 2974 2973
f 794 2973 795
f 793 2975 2974
f 793 2974 794
f 792 2976 2975
f 792 2975 793
f 791 2977 2976
f 791 2978 2977
f 791 2976 792
f 790 2978 791
f 789 2979 2978
f 789 2978 790
f 788 2980 2979
f 788 2981 2980
f 788 2979 789
f 787 2982 2981
f 787 2981 788
f 786 2983 2982
f 786 2982 787
f 785 2983 786
f 784 2984 2983
f 784 2983 785
f 718 2960 2959
f 730 2961 2960
f 730 2960 718
f 729 2962 2961
f 729 2961 730
f 728 2963 2962
f 728 2962 729
f 727 2964 2963
f 727 2963 728
f 726 2965 2964
f 726 2964 727
f 725 2965 726
f 724 2966 2965
f 724 2965 725
f 723 2967 2966
f 723 2968 2967
f 723 2966 724
f 722 2968 723
f 721 2969 2968
f 721 2970 2969
f 721 2968 722
f 720 2970 721
f 719 2920 2970
f 719 2970 720
f 2646 406 2647
f 2646 393 406
f 406 2648 2647
f 418 2649 2648
f 418 2648 406
f 417 2650 2649
f 417 2649 418
f 416 2651 2650
f 416 2650 417
f 415 2651 416
f 414 2652 2651
f 414 2651 415
f 413 2653 2652
f 413 2654 2653
f 413 2652 414
f 412 2655 2654
f 412 2654 413
f 411 2656 2655
f 411 2655 412
f 410 2656 411
f 409 2657 2656
f 409 2656 410
f 408 2658 2657
f 408 2657 409
f 407 2608 2658
f 407 2658 408
f 353 2583 2582
f 352 2584 2583
f 352 2583 353
f 351 2585 2584
f 351 2584 352
f 350 2586 2585
f 350 2585 351
f 349 2587 2586
f 349 2586 350
f 348 2588 2587
f 348 2587 349
f 347 2589 2588
f 347 2588 348
f 346 2590 2589
f 346 2589 347
f 345 2591 2590
f 345 2590 346
f 344 2592 2591
f 344 2591 345
f 343 2593 2592
f 343 2592 344
f 342 2594 2593
f 342 2593 343
f 341 2594 342
f 368 380 2569
f 2568 368 2569
f 381 353 2582
f 2581 381 2582
f 2490 250 2491
f 2490 237 250
f 224 2414 2413
f 236 2415 2414
f 236 2414 224
f 235 2416 2415
f 235 2415 236
f 234 2417 2416
f 234 2416 235
f 233 2418 2417
f 233 2417 234
f 232 2419 2418
f 232 2418 233
f 231 2420 2419
f 231 2419 232
f 230 2421 2420
f 230 2420 231
f 229 2422 2421
f 229 2421 230
f 228 2423 2422
f 228 2422 229
f 227 2424 2423
f 227 2423 228
f 226 2425 2424
f 226 2424 227
f 225 2425 226
f 10755 10740 10741
f 10755 10741 10742
f 10755 10742 10743
f 38 10740 10755
f 10907 10755 10890
f 10906 10755 10907
f 10905 10755 10906
f 2254 38 10755
f 2254 10755 10905
f 2253 37 38
f 2253 38 2254
f 3946 1706 3947
f 3946 1693 1706
f 3829 1601 3830
f 3829 1629 1601
f 3790 1550 3791
f 3790 1537 1550
f 1497 3727 3726
f 1496 3728 3727
f 1496 3727 1497
f 1495 3729 3728
f 1495 3728 1496
f 1494 3730 3729
f 1494 3729 1495
f 1493 3731 3730
f 1493 3730 1494
f 1492 3732 3731
f 1492 3731 1493
f 1491 3733 3732
f 1491 3732 1492
f 1490 3734 3733
f 1490 3733 1491
f 1489 3735 3734
f 1489 3734 1490
f 1488 3736 3735
f 1488 3735 1489
f 1487 3737 3736
f 1487 3736 1488
f 1486 3738 3737
f 1486 3737 1487
f 1485 3738 1486
f 1471 3649 3647
f 1471 3647 1459
f 1470 3650 3649
f 1470 3649 1471
f 1469 3651 3650
f 1469 3650 1470
f 1468 3652 3651
f 1468 3651 1469
f 1467 3653 3652
f 1467 3654 3653
f 1467 3652 1468
f 1466 3654 1467
f 1465 3655 3654
f 1465 3654 1466
f 1464 3656 3655
f 1464 3657 3656
f 1464 3655 1465
f 1463 3658 3657
f 1463 3657 1464
f 1462 3659 3658
f 1462 3658 1463
f 1461 3659 1462
f 1460 3660 3659
f 1460 3659 1461
f 1329 1342 3583
f 3582 1329 3583
f 3452 1264 3453
f 3452 1252 1264
f 1185 3415 3414
f 1184 3416 3415
f 1184 3415 1185
f 1183 3417 3416
f 1183 3416 1184
f 1182 3418 3417
f 1182 3417 1183
f 1181 3419 3418
f 1181 3418 1182
f 1180 3420 3419
f 1180 3419 1181
f 1179 3421 3420
f 1179 3420 1180
f 1178 3422 3421
f 1178 3421 1179
f 1177 3423 3422
f 1177 3422 1178
f 1176 3424 3423
f 1176 3423 1177
f 1175 3425 3424
f 1175 3424 1176
f 1174 3426 3425
f 1174 3425 1175
f 1173 3426 1174
f 1160 3350 3349
f 1172 3351 3350
f 1172 3350 1160
f 1171 3352 3351
f 1171 3351 1172
f 1170 3353 3352
f 1170 3352 1171
f 1169 3354 3353
f 1169 3353 1170
f 1168 3355 3354
f 1168 3354 1169
f 1167 3356 3355
f 1167 3355 1168
f 1166 3357 3356
f 1166 3356 1167
f 1165 3358 3357
f 1165 3357 1166
f 1164 3359 3358
f 1164 3358 1165
f 1163 3360 3359
f 1163 3359 1164
f 1162 3361 3360
f 1162 3360 1163
f 1161 3361 1162
f 3296 1108 3297
f 3296 1096 1108
f 1108 3298 3297
f 1120 3299 3298
f 1120 3298 1108
f 1119 3300 3299
f 1119 3299 1120
f 1118 3301 3300
f 1118 3300 1119
f 1117 3302 3301
f 1117 3301 1118
f 1116 3303 3302
f 1116 3302 1117
f 1115 3304 3303
f 1115 3303 1116
f 1114 3305 3304
f 1114 3304 1115
f 1113 3306 3305
f 1113 3305 1114
f 1112 3307 3306
f 1112 3306 1113
f 1111 3308 3307
f 1111 3307 1112
f 1110 3309 3308
f 1110 3308 1111
f 1109 3309 1110
f 3218 978 3219
f 3218 965 978
f 874 3116 3115
f 886 3117 3116
f 886 3116 874
f 885 3118 3117
f 885 3117 886
f 884 3119 3118
f 884 3118 885
f 883 3120 3119
f 883 3119 884
f 882 3121 3120
f 882 3120 883
f 881 3121 882
f 880 3122 3121
f 880 3121 881
f 879 3123 3122
f 879 3124 3123
f 879 3122 880
f 878 3124 879
f 877 3125 3124
f 877 3126 3125
f 877 3124 878
f 876 3126 877
f 875 3076 3126
f 875 3126 876
f 641 613 2842
f 2841 641 2842
f 2776 588 2777
f 2776 576 588
f 536 2726 2725
f 548 2727 2726
f 548 2726 536
f 547 2728 2727
f 547 2727 548
f 546 2729 2728
f 546 2728 547
f 545 2730 2729
f 545 2729 546
f 544 2731 2730
f 544 2730 545
f 543 2732 2731
f 543 2731 544
f 542 2733 2732
f 542 2732 543
f 541 2734 2733
f 541 2733 542
f 540 2735 2734
f 540 2734 541
f 539 2736 2735
f 539 2735 540
f 538 2736 539
f 537 2737 2736
f 537 2736 538
f 367 2557 2555
f 379 2557 367
f 378 2558 2557
f 378 2557 379
f 377 2559 2558
f 377 2558 378
f 376 2560 2559
f 376 2559 377
f 375 2561 2560
f 375 2560 376
f 374 2562 2561
f 374 2561 375
f 373 2563 2562
f 373 2562 374
f 372 2564 2563
f 372 2563 373
f 371 2565 2564
f 371 2566 2565
f 371 2564 372
f 370 2566 371
f 369 2567 2566
f 369 2566 370
f 368 2568 2567
f 368 2567 369
f 249 2479 2478
f 248 2480 2479
f 248 2479 249
f 247 2481 2480
f 247 2480 248
f 246 2482 2481
f 246 2481 247
f 245 2483 2482
f 245 2482 246
f 244 2484 2483
f 244 2483 245
f 243 2485 2484
f 243 2484 244
f 242 2486 2485
f 242 2485 243
f 241 2487 2486
f 241 2486 242
f 240 2488 2487
f 240 2487 241
f 239 2489 2488
f 239 2488 240
f 238 2489 239
f 237 2490 2489
f 237 2489 238
f 173 145 2374
f 2373 173 2374
f 2069 4299 4298
f 2068 4300 4299
f 2068 4299 2069
f 2067 4301 4300
f 2067 4300 2068
f 2066 4302 4301
f 2066 4301 2067
f 2065 4303 4302
f 2065 4302 2066
f 2064 4304 4303
f 2064 4303 2065
f 2063 4305 4304
f 2063 4304 2064
f 2062 4306 4305
f 2062 4305 2063
f 2061 4307 4306
f 2061 4306 2062
f 2060 4308 4307
f 2060 4307 2061
f 2059 4309 4308
f 2059 4308 2060
f 2058 4310 4309
f 2058 4309 2059
f 2057 4310 2058
f 4310 2070 4311
f 4310 2057 2070
f 1849 1862 4103
f 4102 1849 4103
f 4024 1836 4025
f 4024 1824 1836
f 3998 1758 3999
f 3998 1745 1758
f 1706 3948 3947
f 1718 3949 3948
f 1718 3948 1706
f 1717 3950 3949
f 1717 3949 1718
f 1716 3951 3950
f 1716 3950 1717
f 1715 3952 3951
f 1715 3951 1716
f 1714 3953 3952
f 1714 3952 1715
f 1713 3953 1714
f 1712 3954 3953
f 1712 3953 1713
f 1711 3955 3954
f 1711 3956 3955
f 1711 3954 1712
f 1710 3956 1711
f 1709 3957 3956
f 1709 3958 3957
f 1709 3956 1710
f 1708 3958 1709
f 1707 3908 3958
f 1707 3958 1708
f 1549 3779 3778
f 1548 3780 3779
f 1548 3779 1549
f 1547 3781 3780
f 1547 3780 1548
f 1546 3782 3781
f 1546 3781 1547
f 1545 3783 3782
f 1545 3782 1546
f 1544 3784 3783
f 1544 3783 1545
f 1543 3785 3784
f 1543 3784 1544
f 1542 3786 3785
f 1542 3785 1543
f 1541 3787 3786
f 1541 3786 1542
f 1540 3788 3787
f 1540 3787 1541
f 1539 3789 3788
f 1539 3788 1540
f 1538 3790 3789
f 1538 3789 1539
f 1537 3790 1538
f 3700 1511 3699
f 3700 1499 1511
f 1341 3571 3570
f 1340 3572 3571
f 1340 3571 1341
f 1339 3573 3572
f 1339 3572 1340
f 1338 3574 3573
f 1338 3573 1339
f 1337 3575 3574
f 1337 3574 1338
f 1336 3576 3575
f 1336 3575 1337
f 1335 3577 3576
f 1335 3576 1336
f 1334 3578 3577
f 1334 3577 1335
f 1333 3579 3578
f 1333 3578 1334
f 1332 3580 3579
f 1332 3579 1333
f 1331 3581 3580
f 1331 3580 1332
f 1330 3582 3581
f 1330 3581 1331
f 1329 3582 1330
f 3504 1316 3505
f 3504 1304 1316
f 3388 1199 3387
f 3388 1187 1199
f 3413 1185 3414
f 3413 1213 1185
f 3180 991 3179
f 3180 979 991
f 873 3103 3102
f 872 3104 3103
f 872 3103 873
f 871 3105 3104
f 871 3104 872
f 870 3106 3105
f 870 3105 871
f 869 3107 3106
f 869 3106 870
f 868 3108 3107
f 868 3107 869
f 867 3109 3108
f 867 3108 868
f 866 3110 3109
f 866 3109 867
f 865 3111 3110
f 865 3110 866
f 864 3112 3111
f 864 3111 865
f 863 3113 3112
f 863 3112 864
f 862 3114 3113
f 862 3113 863
f 861 3114 862
f 666 2908 2907
f 678 2909 2908
f 678 2908 666
f 677 2910 2909
f 677 2909 678
f 676 2911 2910
f 676 2910 677
f 675 2912 2911
f 675 2911 676
f 674 2913 2912
f 674 2912 675
f 673 2913 674
f 672 2914 2913
f 672 2913 673
f 671 2915 2914
f 671 2916 2915
f 671 2914 672
f 670 2916 671
f 669 2917 2916
f 669 2918 2917
f 669 2916 670
f 668 2918 669
f 667 2868 2918
f 667 2918 668
f 562 2804 2803
f 574 2805 2804
f 574 2804 562
f 573 2806 2805
f 573 2805 574
f 572 2807 2806
f 572 2806 573
f 571 2808 2807
f 571 2807 572
f 570 2809 2808
f 570 2808 571
f 569 2809 570
f 568 2810 2809
f 568 2809 569
f 567 2811 2810
f 567 2812 2811
f 567 2810 568
f 566 2812 567
f 565 2813 2812
f 565 2814 2813
f 565 2812 566
f 564 2814 565
f 563 2764 2814
f 563 2814 564
f 2724 536 2725
f 2724 524 536
f 458 2700 2699
f 470 2701 2700
f 470 2700 458
f 469 2702 2701
f 469 2701 470
f 468 2703 2702
f 468 2702 469
f 467 2703 468
f 466 2704 2703
f 466 2703 467
f 465 2705 2704
f 465 2706 2705
f 465 2704 466
f 464 2707 2706
f 464 2706 465
f 463 2708 2707
f 463 2707 464
f 462 2708 463
f 461 2709 2708
f 461 2708 462
f 460 2710 2709
f 460 2709 461
f 459 2660 2710
f 459 2710 460
f 419 2609 2607
f 431 2609 419
f 430 2610 2609
f 430 2609 431
f 429 2611 2610
f 429 2610 430
f 428 2612 2611
f 428 2611 429
f 427 2613 2612
f 427 2612 428
f 426 2614 2613
f 426 2615 2614
f 426 2613 427
f 425 2616 2615
f 425 2615 426
f 424 2617 2616
f 424 2616 425
f 423 2617 424
f 422 2618 2617
f 422 2617 423
f 421 2619 2618
f 421 2618 422
f 420 2620 2619
f 420 2619 421
f 420 432 2621
f 2620 420 2621
f 211 2401 2399
f 223 2401 211
f 222 2402 2401
f 222 2401 223
f 221 2403 2402
f 221 2402 222
f 220 2404 2403
f 220 2403 221
f 219 2405 2404
f 219 2404 220
f 218 2406 2405
f 218 2405 219
f 217 2407 2406
f 217 2408 2407
f 217 2406 218
f 216 2409 2408
f 216 2408 217
f 215 2410 2409
f 215 2409 216
f 214 2410 215
f 213 2411 2410
f 213 2410 214
f 212 2412 2411
f 212 2411 213
f 172 2362 2361
f 184 2363 2362
f 184 2362 172
f 183 2364 2363
f 183 2363 184
f 182 2365 2364
f 182 2364 183
f 181 2366 2365
f 181 2365 182
f 180 2367 2366
f 180 2366 181
f 179 2368 2367
f 179 2367 180
f 178 2369 2368
f 178 2368 179
f 177 2370 2369
f 177 2369 178
f 176 2371 2370
f 176 2370 177
f 175 2372 2371
f 175 2371 176
f 174 2373 2372
f 174 2372 175
f 173 2373 174
f 2334 94 2335
f 2334 81 94
f 94 2336 2335
f 106 2337 2336
f 106 2336 94
f 105 2338 2337
f 105 2337 106
f 104 2339 2338
f 104 2338 105
f 103 2340 2339
f 103 2339 104
f 102 2340 103
f 101 2341 2340
f 101 2340 102
f 100 2342 2341
f 100 2343 2342
f 100 2341 101
f 99 2344 2343
f 99 2343 100
f 98 2344 99
f 97 2345 2344
f 97 2344 98
f 96 2346 2345
f 96 2345 97
f 95 2296 2346
f 95 2346 96
f 108 120 2309
f 2308 108 2309
f 15 2230 2229
f 27 2230 15
f 26 2231 2230
f 26 2230 27
f 25 2232 2231
f 25 2231 26
f 24 2233 2232
f 24 2232 25
f 23 2234 2233
f 23 2233 24
f 22 2235 2234
f 22 2234 23
f 21 2236 2235
f 21 2237 2236
f 21 2235 22
f 20 2238 2237
f 20 2237 21
f 19 2239 2238
f 19 2238 20
f 18 2239 19
f 17 2240 2239
f 17 2239 18
f 16 2241 2240
f 16 2240 17
f 2287 72 2288
f 2287 71 72
f 2294 78 79
f 2294 79 2213
f 10789 10704 10705
f 10789 10705 10706
f 10789 10706 10707
f 32 10704 10789
f 10885 10789 10868
f 10884 10789 10885
f 10883 10789 10884
f 2248 32 10789
f 2248 10789 10883
f 2247 31 32
f 2247 32 2248
f 1965 4195 4194
f 1964 4196 4195
f 1964 4195 1965
f 1963 4197 4196
f 1963 4196 1964
f 1962 4198 4197
f 1962 4197 1963
f 1961 4199 4198
f 1961 4198 1962
f 1960 4200 4199
f 1960 4199 1961
f 1959 4201 4200
f 1959 4200 1960
f 1958 4202 4201
f 1958 4201 1959
f 1957 4203 4202
f 1957 4202 1958
f 1956 4204 4203
f 1956 4203 1957
f 1955 4205 4204
f 1955 4204 1956
f 1954 4206 4205
f 1954 4205 1955
f 1953 4206 1954
f 4168 1979 4167
f 4168 1967 1979
f 1732 3922 3921
f 1744 3923 3922
f 1744 3922 1732
f 1743 3924 3923
f 1743 3923 1744
f 1742 3925 3924
f 1742 3924 1743
f 1741 3926 3925
f 1741 3925 1742
f 1740 3927 3926
f 1740 3926 1741
f 1739 3928 3927
f 1739 3927 1740
f 1738 3929 3928
f 1738 3928 1739
f 1737 3930 3929
f 1737 3929 1738
f 1736 3931 3930
f 1736 3930 1737
f 1735 3932 3931
f 1735 3931 1736
f 1734 3933 3932
f 1734 3932 1735
f 1733 3933 1734
f 3894 1654 3895
f 3894 1641 1654
f 1679 3857 3855
f 1679 3855 1667
f 1678 3858 3857
f 1678 3857 1679
f 1677 3859 3858
f 1677 3858 1678
f 1676 3860 3859
f 1676 3859 1677
f 1675 3861 3860
f 1675 3862 3861
f 1675 3860 1676
f 1674 3862 1675
f 1673 3863 3862
f 1673 3862 1674
f 1672 3864 3863
f 1672 3865 3864
f 1672 3863 1673
f 1671 3866 3865
f 1671 3865 1672
f 1670 3867 3866
f 1670 3866 1671
f 1669 3867 1670
f 1668 3868 3867
f 1668 3867 1669
f 1263 3441 3439
f 1263 3439 1251
f 1262 3442 3441
f 1262 3441 1263
f 1261 3443 3442
f 1261 3442 1262
f 1260 3444 3443
f 1260 3443 1261
f 1259 3445 3444
f 1259 3446 3445
f 1259 3444 1260
f 1258 3446 1259
f 1257 3447 3446
f 1257 3446 1258
f 1256 3448 3447
f 1256 3449 3448
f 1256 3447 1257
f 1255 3450 3449
f 1255 3449 1256
f 1254 3451 3450
f 1254 3450 1255
f 1253 3451 1254
f 1252 3452 3451
f 1252 3451 1253
f 3348 1160 3349
f 3348 1148 1160
f 3010 770 3011
f 3010 757 770
f 744 2934 2933
f 756 2935 2934
f 756 2934 744
f 755 2936 2935
f 755 2935 756
f 754 2937 2936
f 754 2936 755
f 753 2938 2937
f 753 2937 754
f 752 2939 2938
f 752 2938 753
f 751 2940 2939
f 751 2939 752
f 750 2941 2940
f 750 2940 751
f 749 2942 2941
f 749 2941 750
f 748 2943 2942
f 748 2942 749
f 747 2944 2943
f 747 2943 748
f 746 2945 2944
f 746 2944 747
f 745 2945 746
f 665 2895 2894
f 664 2896 2895
f 664 2895 665
f 663 2897 2896
f 663 2896 664
f 662 2898 2897
f 662 2897 663
f 661 2899 2898
f 661 2898 662
f 660 2900 2899
f 660 2899 661
f 659 2901 2900
f 659 2900 660
f 658 2902 2901
f 658 2901 659
f 657 2903 2902
f 657 2902 658
f 656 2904 2903
f 656 2903 657
f 655 2905 2904
f 655 2904 656
f 654 2906 2905
f 654 2905 655
f 653 2906 654
f 613 2843 2842
f 612 2844 2843
f 612 2843 613
f 611 2845 2844
f 611 2844 612
f 610 2846 2845
f 610 2845 611
f 609 2847 2846
f 609 2846 610
f 608 2848 2847
f 608 2847 609
f 607 2849 2848
f 607 2848 608
f 606 2850 2849
f 606 2849 607
f 605 2851 2850
f 605 2850 606
f 604 2852 2851
f 604 2851 605
f 603 2853 2852
f 603 2852 604
f 602 2854 2853
f 602 2853 603
f 601 2854 602
f 485 457 2686
f 2685 485 2686
f 276 2466 2465
f 288 2467 2466
f 288 2466 276
f 287 2468 2467
f 287 2467 288
f 286 2469 2468
f 286 2468 287
f 285 2470 2469
f 285 2469 286
f 284 2471 2470
f 284 2470 285
f 283 2472 2471
f 283 2471 284
f 282 2473 2472
f 282 2472 283
f 281 2474 2473
f 281 2473 282
f 280 2475 2474
f 280 2474 281
f 279 2476 2475
f 279 2475 280
f 278 2477 2476
f 278 2476 279
f 277 2477 278
f 2400 211 2399
f 2400 199 211
f 107 2297 2295
f 119 2297 107
f 118 2298 2297
f 118 2297 119
f 117 2299 2298
f 117 2298 118
f 116 2300 2299
f 116 2299 117
f 115 2301 2300
f 115 2300 116
f 114 2302 2301
f 114 2301 115
f 113 2303 2302
f 113 2304 2303
f 113 2302 114
f 112 2305 2304
f 112 2304 113
f 111 2306 2305
f 111 2305 112
f 110 2306 111
f 109 2307 2306
f 109 2306 110
f 108 2308 2307
f 108 2307 109
f 70 71 2287
f 2286 70 2287
f 4362 2122 4363
f 4362 2109 2122
f 4258 2018 4259
f 4258 2005 2018
f 4206 1966 4207
f 4206 1953 1966
f 1966 4208 4207
f 1978 4209 4208
f 1978 4208 1966
f 1977 4210 4209
f 1977 4209 1978
f 1976 4211 4210
f 1976 4210 1977
f 1975 4212 4211
f 1975 4211 1976
f 1974 4213 4212
f 1974 4212 1975
f 1973 4213 1974
f 1972 4214 4213
f 1972 4213 1973
f 1971 4215 4214
f 1971 4216 4215
f 1971 4214 1972
f 1970 4216 1971
f 1969 4217 4216
f 1969 4218 4217
f 1969 4216 1970
f 1968 4218 1969
f 1967 4168 4218
f 1967 4218 1968
f 1993 1965 4194
f 4193 1993 4194
f 4128 1940 4129
f 4128 1928 1940
f 1940 4130 4129
f 1952 4131 4130
f 1952 4130 1940
f 1951 4132 4131
f 1951 4131 1952
f 1950 4133 4132
f 1950 4132 1951
f 1949 4134 4133
f 1949 4133 1950
f 1948 4135 4134
f 1948 4134 1949
f 1947 4136 4135
f 1947 4135 1948
f 1946 4137 4136
f 1946 4136 1947
f 1945 4138 4137
f 1945 4137 1946
f 1944 4139 4138
f 1944 4138 1945
f 1943 4140 4139
f 1943 4139 1944
f 1942 4141 4140
f 1942 4140 1943
f 1941 4141 1942
f 1785 1757 3986
f 3985 1785 3986
f 3634 1394 3635
f 3634 1381 1394
f 1368 3558 3557
f 1380 3559 3558
f 1380 3558 1368
f 1379 3560 3559
f 1379 3559 1380
f 1378 3561 3560
f 1378 3560 1379
f 1377 3562 3561
f 1377 3561 1378
f 1376 3563 3562
f 1376 3562 1377
f 1375 3564 3563
f 1375 3563 1376
f 1374 3565 3564
f 1374 3564 1375
f 1373 3566 3565
f 1373 3565 1374
f 1372 3567 3566
f 1372 3566 1373
f 1371 3568 3567
f 1371 3567 1372
f 1370 3569 3568
f 1370 3568 1371
f 1369 3569 1370
f 1133 3363 3362
f 1132 3364 3363
f 1132 3363 1133
f 1131 3365 3364
f 1131 3364 1132
f 1130 3366 3365
f 1130 3365 1131
f 1129 3367 3366
f 1129 3366 1130
f 1128 3368 3367
f 1128 3367 1129
f 1127 3369 3368
f 1127 3368 1128
f 1126 3370 3369
f 1126 3369 1127
f 1125 3371 3370
f 1125 3370 1126
f 1124 3372 3371
f 1124 3371 1125
f 1123 3373 3372
f 1123 3372 1124
f 1122 3374 3373
f 1122 3373 1123
f 1121 3374 1122
f 951 3129 3127
f 951 3127 939
f 950 3130 3129
f 950 3129 951
f 949 3131 3130
f 949 3130 950
f 948 3132 3131
f 948 3131 949
f 947 3133 3132
f 947 3134 3133
f 947 3132 948
f 946 3134 947
f 945 3135 3134
f 945 3134 946
f 944 3136 3135
f 944 3137 3136
f 944 3135 945
f 943 3138 3137
f 943 3137 944
f 942 3139 3138
f 942 3138 943
f 941 3139 942
f 940 3140 3139
f 940 3139 941
f 821 3051 3050
f 820 3052 3051
f 820 3051 821
f 819 3053 3052
f 819 3052 820
f 818 3054 3053
f 818 3053 819
f 817 3055 3054
f 817 3054 818
f 816 3056 3055
f 816 3055 817
f 815 3057 3056
f 815 3056 816
f 814 3058 3057
f 814 3057 815
f 813 3059 3058
f 813 3058 814
f 812 3060 3059
f 812 3059 813
f 811 3061 3060
f 811 3060 812
f 810 3062 3061
f 810 3061 811
f 809 3062 810
f 3062 822 3063
f 3062 809 822
f 2920 731 2919
f 2920 719 731
f 2828 640 2829
f 2828 628 640
f 561 2791 2790
f 560 2792 2791
f 560 2791 561
f 559 2793 2792
f 559 2792 560
f 558 2794 2793
f 558 2793 559
f 557 2795 2794
f 557 2794 558
f 556 2796 2795
f 556 2795 557
f 555 2797 2796
f 555 2796 556
f 554 2798 2797
f 554 2797 555
f 553 2799 2798
f 553 2798 554
f 552 2800 2799
f 552 2799 553
f 551 2801 2800
f 551 2800 552
f 550 2802 2801
f 550 2801 551
f 549 2802 550
f 484 2674 2673
f 496 2675 2674
f 496 2674 484
f 495 2676 2675
f 495 2675 496
f 494 2677 2676
f 494 2676 495
f 493 2678 2677
f 493 2677 494
f 492 2679 2678
f 492 2678 493
f 491 2680 2679
f 491 2679 492
f 490 2681 2680
f 490 2680 491
f 489 2682 2681
f 489 2681 490
f 488 2683 2682
f 488 2682 489
f 487 2684 2683
f 487 2683 488
f 486 2684 487
f 485 2685 2684
f 485 2684 486
f 2594 354 2595
f 2594 341 354
f 2464 276 2465
f 2464 264 276
f 185 198 2439
f 2438 185 2439
f 10786 10869 10864
f 10791 10803 10871
f 10919 10870 10869
f 10919 10871 10870
f 10920 10792 10791
f 10920 10793 10792
f 10920 10786 10793
f 10920 10869 10786
f 10920 10919 10869
f 10920 10871 10919
f 10920 10791 10871
f 10747 10897 10826
f 10744 10894 10895
f 10921 10895 10896
f 10921 10896 10897
f 10922 10745 10744
f 10922 10746 10745
f 10922 10747 10746
f 10922 10897 10747
f 10922 10921 10897
f 10922 10895 10921
f 10922 10744 10895
f 10744 10898 10894
f 10748 10901 10900
f 10923 10899 10898
f 10923 10900 10899
f 10924 10749 10748
f 10924 10750 10749
f 10924 10744 10750
f 10924 10923 10898
f 10924 10898 10744
f 10924 10900 10923
f 10924 10748 10900
f 10752 10891 10886
f 10757 10807 10893
f 10925 10892 10891
f 10925 10893 10892
f 10926 10758 10757
f 10926 10759 10758
f 10926 10752 10759
f 10926 10891 10752
f 10926 10925 10891
f 10926 10893 10925
f 10926 10757 10893
f 10755 10889 10890
f 10752 10886 10887
f 10927 10887 10888
f 10927 10888 10889
f 10928 10753 10752
f 10928 10754 10753
f 10928 10755 10754
f 10928 10889 10755
f 10928 10927 10889
f 10928 10887 10927
f 10928 10752 10887
f 10770 10847 10842
f 10774 10811 10849
f 10929 10848 10847
f 10929 10849 10848
f 10930 10775 10774
f 10930 10776 10775
f 10930 10770 10776
f 10930 10847 10770
f 10930 10929 10847
f 10930 10849 10929
f 10930 10774 10849
f 10764 10853 10841
f 10761 10850 10851
f 10931 10851 10852
f 10931 10852 10853
f 10932 10762 10761
f 10932 10763 10762
f 10932 10764 10763
f 10932 10931 10853
f 10932 10853 10764
f 10932 10851 10931
f 10932 10761 10851
f 10773 10845 10846
f 10770 10842 10843
f 10933 10843 10844
f 10933 10844 10845
f 10934 10771 10770
f 10934 10772 10771
f 10934 10773 10772
f 10934 10933 10845
f 10934 10845 10773
f 10934 10843 10933
f 10934 10770 10843
f 10761 10854 10850
f 10766 10857 10856
f 10935 10855 10854
f 10935 10856 10855
f 10936 10767 10766
f 10936 10768 10767
f 10936 10761 10768
f 10936 10935 10854
f 10936 10854 10761
f 10936 10856 10935
f 10936 10766 10856
f 10781 10875 10818
f 10778 10872 10873
f 10937 10873 10874
f 10937 10874 10875
f 10938 10779 10778
f 10938 10780 10779
f 10938 10781 10780
f 10938 10875 10781
f 10938 10937 10875
f 10938 10873 10937
f 10938 10778 10873
f 10798 10911 10822
f 10795 10908 10909
f 10939 10909 10910
f 10939 10910 10911
f 10940 10796 10795
f 10940 10797 10796
f 10940 10798 10797
f 10940 10939 10911
f 10940 10911 10798
f 10940 10909 10939
f 10940 10795 10909
f 10778 10876 10872
f 10782 10879 10878
f 10941 10877 10876
f 10941 10878 10877
f 10942 10783 10782
f 10942 10784 10783
f 10942 10778 10784
f 10942 10941 10876
f 10942 10876 10778
f 10942 10878 10941
f 10942 10782 10878
f 10789 10867 10868
f 10786 10864 10865
f 10943 10865 10866
f 10943 10866 10867
f 10944 10787 10786
f 10944 10788 10787
f 10944 10789 10788
f 10944 10943 10867
f 10944 10867 10789
f 10944 10865 10943
f 10944 10786 10865
f 10795 10912 10908
f 10799 10915 10914
f 10945 10913 10912
f 10945 10914 10913
f 10946 10800 10799
f 10946 10801 10800
f 10946 10795 10801
f 10946 10945 10912
f 10946 10912 10795
f 10946 10914 10945
f 10946 10799 10914
f 4479 4427 7550
f 4479 7550 7548
f 7577 4455 7578
f 4454 4455 7577
f 2243 29 10680
f 2243 10680 2244
f 2242 28 29
f 2242 29 2243
f 2258 41 42
f 2258 2257 41
f 2256 41 2257
f 40 41 2256
f 70 2285 69
f 2286 2285 70
f 2214 80 2
f 2214 2 2215

