# https://github.com/mikedh/trimesh
v 1.78034451 37.91039989 3.17487530
v 1.77868114 37.91039989 3.17494457
v 1.77701684 37.91039989 3.17498614
v 1.77535208 37.91039989 3.17500000
v 1.78646332 37.95089361 3.16575681
v 1.79062618 37.98425911 3.14066214
v 1.79210030 38.00462296 3.10400878
v 1.78851143 37.98443247 3.14092427
v 1.78257586 37.95103982 3.16608355
v 3.63730670 -37.91039989 -0.05000000
v 3.64467342 -37.91039989 -0.03420201
v 3.64918493 -37.91039989 -0.01736482
v 3.65070416 -37.91039989 0.00000000
v 3.64242648 -37.95023724 0.00000000
v 3.61896386 -37.98347939 0.00000000
v 3.58420061 -38.00462296 0.00000000
v 3.61437592 -37.98443247 -0.02156580
v 3.63319671 -37.95103982 -0.03928580
v 3.64527671 -37.93005081 -0.02588190
v -1.86195462 37.91039989 3.12500000
v -1.84089721 37.91039989 3.15052374
v -1.81266343 37.91039989 3.16777857
v -1.78034451 37.91039989 3.17487530
v -1.78646332 37.95089361 3.16575681
v -1.79062618 37.98425911 3.14066214
v -1.79210030 38.00462296 3.10400878
v -1.82586449 37.98443247 3.11935846
v -1.85062086 37.95103982 3.12679775
v -1.82198873 37.98140175 3.12776134
v -1.84449904 37.93661983 3.14231428
v -1.81969543 37.96067598 3.14920230
v -1.84107704 37.91307870 3.15031967
v -1.81612810 37.93442863 3.16309050
v 1.77535208 -37.91039989 -3.17500000
v 1.77701684 -37.91039989 -3.17498614
v 1.77868114 -37.91039989 -3.17494457
v 1.78034451 -37.91039989 -3.17487530
v 1.78646332 -37.95089361 -3.16575681
v 1.79062618 -37.98425911 -3.14066214
v 1.79210030 -38.00462296 -3.10400878
v 1.78851143 -37.98443247 -3.14092427
v 1.78257586 -37.95103982 -3.16608355
v -3.63730670 37.91039989 -0.05000000
v -3.64467342 37.91039989 -0.03420201
v -3.64918493 37.91039989 -0.01736482
v -3.65070416 37.91039989 -0.00000000
v -3.64242648 37.95023724 -0.00000000
v -3.61896386 37.98347939 -0.00000000
v -3.58420061 38.00462296 -0.00000000
v -3.61437592 37.98443247 -0.02156580
v -3.63319671 37.95103982 -0.03928580
v -3.64527671 37.93005081 -0.02588190
v -1.86195462 -37.91039989 -3.12500000
v -1.84089721 -37.91039989 -3.15052374
v -1.81266343 -37.91039989 -3.16777857
v -1.78034451 -37.91039989 -3.17487530
v -1.78646332 -37.95089361 -3.16575681
v -1.79062618 -37.98425911 -3.14066214
v -1.79210030 -38.00462296 -3.10400878
v -1.85062086 -37.95103982 -3.12679775
v -1.82586449 -37.98443247 -3.11935846
v -1.82198873 -37.98140175 -3.12776134
v -1.84449904 -37.93661983 -3.14231428
v -1.81969543 -37.96067598 -3.14920230
v -1.84107704 -37.91307870 -3.15031967
v -1.81612810 -37.93442863 -3.16309050
v 0.00000000 38.10000000 -1.89562136
v 0.25812041 38.10000000 -1.87796544
v 0.51143252 38.10000000 -1.82532657
v 0.75521761 38.10000000 -1.73868533
v 0.98493443 38.10000000 -1.61965567
v 1.19630378 38.10000000 -1.47045489
v 1.38538826 38.10000000 -1.29386232
v 1.54866558 38.10000000 -1.09316753
v 1.68309418 38.10000000 -0.87210911
v 1.78616993 38.10000000 -0.63480494
v 1.85597271 38.10000000 -0.38567556
v 1.89120223 38.10000000 -0.12936178
v 1.89120223 38.10000000 0.12936178
v 1.85597271 38.10000000 0.38567556
v 1.78616993 38.10000000 0.63480494
v 1.68309418 38.10000000 0.87210911
v 1.54866558 38.10000000 1.09316753
v 1.38538826 38.10000000 1.29386232
v 1.19630378 38.10000000 1.47045489
v 0.98493443 38.10000000 1.61965567
v 0.75521761 38.10000000 1.73868533
v 0.51143252 38.10000000 1.82532657
v 0.25812041 38.10000000 1.87796544
v 0.00000000 38.10000000 1.89562136
v 0.00000000 38.09659258 -1.86973945
v 0.00000000 38.08660254 -1.84562136
v 0.00000000 38.07071068 -1.82491068
v 0.00000000 38.07071068 1.82491068
v 0.24849197 38.07071068 1.80791336
v 0.49235501 38.07071068 1.75723804
v 0.72704640 38.07071068 1.67382870
v 0.94819430 38.07071068 1.55923909
v 1.15167913 38.07071068 1.41560382
v 1.33371036 38.07071068 1.24559852
v 1.49089708 38.07071068 1.05239008
v 1.62031122 38.07071068 0.83957760
v 1.71954202 38.07071068 0.61112538
v 1.78674101 38.07071068 0.37128905
v 1.82065639 38.07071068 0.12453631
v 1.82065639 38.07071068 -0.12453631
v 1.78674101 38.07071068 -0.37128905
v 1.71954202 38.07071068 -0.61112538
v 1.62031122 38.07071068 -0.83957760
v 1.49089708 38.07071068 -1.05239008
v 1.33371036 38.07071068 -1.24559852
v 1.15167913 38.07071068 -1.41560382
v 0.94819430 38.07071068 -1.55923909
v 0.72704640 38.07071068 -1.67382870
v 0.49235501 38.07071068 -1.75723804
v 0.24849197 38.07071068 -1.80791336
v 0.00000000 38.09659258 1.86973945
v 0.00000000 38.08660254 1.84562136
v 0.25459616 38.09659258 1.85232460
v 0.25131208 38.08660254 1.82843114
v 0.50444967 38.09659258 1.80040444
v 0.49794268 38.08660254 1.77718071
v 0.74490624 38.09659258 1.71494616
v 0.73529756 38.08660254 1.69282477
v 0.97148661 38.09659258 1.59754167
v 0.95895523 38.08660254 1.57693470
v 1.17997003 38.09659258 1.45037800
v 1.16474939 38.08660254 1.43166932
v 1.36647284 38.09659258 1.27619654
v 1.34884646 38.08660254 1.25973466
v 1.52752084 38.09659258 1.07824195
v 1.50781708 38.08660254 1.06433352
v 1.66011402 38.09659258 0.86020175
v 1.63869992 38.08660254 0.84910586
v 1.76178242 38.09659258 0.62613762
v 1.73905688 38.08660254 0.61806096
v 1.83063215 38.09659258 0.38040973
v 1.80701850 38.08660254 0.37550276
v 1.86538066 38.09659258 0.12759553
v 1.84131879 38.08660254 0.12594966
v 1.86538066 38.09659258 -0.12759553
v 1.84131879 38.08660254 -0.12594966
v 1.83063215 38.09659258 -0.38040973
v 1.80701850 38.08660254 -0.37550276
v 1.76178242 38.09659258 -0.62613762
v 1.73905688 38.08660254 -0.61806096
v 1.66011402 38.09659258 -0.86020175
v 1.63869992 38.08660254 -0.84910586
v 1.52752084 38.09659258 -1.07824195
v 1.50781708 38.08660254 -1.06433352
v 1.36647284 38.09659258 -1.27619654
v 1.34884646 38.08660254 -1.25973466
v 1.17997003 38.09659258 -1.45037800
v 1.16474939 38.08660254 -1.43166932
v 0.97148661 38.09659258 -1.59754167
v 0.95895523 38.08660254 -1.57693470
v 0.74490624 38.09659258 -1.71494616
v 0.73529756 38.08660254 -1.69282477
v 0.50444967 38.09659258 -1.80040444
v 0.49794268 38.08660254 -1.77718071
v 0.25459616 38.09659258 -1.85232460
v 0.25131208 38.08660254 -1.82843114
v 0.00000000 -37.93157864 -1.72720000
v 0.23518704 -37.93157864 -1.71111277
v 0.46599298 -37.93157864 -1.66315074
v 0.68811836 -37.93157864 -1.58420736
v 0.89742540 -37.93157864 -1.47575320
v 1.09001510 -37.93157864 -1.33980854
v 1.26229988 -37.93157864 -1.17890579
v 1.41107040 -37.93157864 -0.99604225
v 1.53355535 -37.93157864 -0.79462433
v 1.62747306 -37.93157864 -0.57840407
v 1.69107404 -37.93157864 -0.35140923
v 1.72317350 -37.93157864 -0.11786830
v 1.72317350 -37.93157864 0.11786830
v 1.69107404 -37.93157864 0.35140923
v 1.62747306 -37.93157864 0.57840407
v 1.53355535 -37.93157864 0.79462433
v 1.41107040 -37.93157864 0.99604225
v 1.26229988 -37.93157864 1.17890579
v 1.09001510 -37.93157864 1.33980854
v 0.89742540 -37.93157864 1.47575320
v 0.68811836 -37.93157864 1.58420736
v 0.46599298 -37.93157864 1.66315074
v 0.23518704 -37.93157864 1.71111277
v 0.00000000 -37.93157864 1.72720000
v 0.00000000 -37.95746055 -1.73060742
v 0.00000000 -37.98157864 -1.74059746
v 0.00000000 -38.00228932 -1.75648932
v 0.00000000 -38.00228932 1.75648932
v 0.23917527 -38.00228932 1.74012929
v 0.47389515 -38.00228932 1.69135393
v 0.69978726 -38.00228932 1.61107186
v 0.91264366 -38.00228932 1.50077856
v 1.10849924 -38.00228932 1.36252860
v 1.28370557 -38.00228932 1.19889731
v 1.43499889 -38.00228932 1.01293283
v 1.55956091 -38.00228932 0.80809933
v 1.65507125 -38.00228932 0.58821246
v 1.71975075 -38.00228932 0.35736831
v 1.75239454 -38.00228932 0.11986707
v 1.75239454 -38.00228932 -0.11986707
v 1.71975075 -38.00228932 -0.35736831
v 1.65507125 -38.00228932 -0.58821246
v 1.55956091 -38.00228932 -0.80809933
v 1.43499889 -38.00228932 -1.01293283
v 1.28370557 -38.00228932 -1.19889731
v 1.10849924 -38.00228932 -1.36252860
v 0.91264366 -38.00228932 -1.50077856
v 0.69978726 -38.00228932 -1.61107186
v 0.47389515 -38.00228932 -1.69135393
v 0.23917527 -38.00228932 -1.74012929
v 0.00000000 -37.95746055 1.73060742
v 0.00000000 -37.98157864 1.74059746
v 0.23565101 -37.95746055 1.71448845
v 0.23701132 -37.98157864 1.72438544
v 0.46691229 -37.95746055 1.66643180
v 0.46960757 -37.98157864 1.67605138
v 0.68947588 -37.95746055 1.58733268
v 0.69345592 -37.98157864 1.59649566
v 0.89919584 -37.95746055 1.47866456
v 0.90438650 -37.98157864 1.48720025
v 1.09216548 -37.95746055 1.34245171
v 1.09847007 -37.98157864 1.35020110
v 1.26479014 -37.95746055 1.18123153
v 1.27209122 -37.98157864 1.18805027
v 1.41385416 -37.95746055 0.99800724
v 1.42201572 -37.98157864 1.00376830
v 1.53658074 -37.95746055 0.79619197
v 1.54545076 -37.98157864 0.80078804
v 1.63068374 -37.95746055 0.57954514
v 1.64009697 -37.98157864 0.58289060
v 1.69441018 -37.95746055 0.35210249
v 1.70419128 -37.98157864 0.35413502
v 1.72657297 -37.95746055 0.11810083
v 1.73653973 -37.98157864 0.11878257
v 1.72657297 -37.95746055 -0.11810083
v 1.73653973 -37.98157864 -0.11878257
v 1.69441018 -37.95746055 -0.35210249
v 1.70419128 -37.98157864 -0.35413502
v 1.63068374 -37.95746055 -0.57954514
v 1.64009697 -37.98157864 -0.58289060
v 1.53658074 -37.95746055 -0.79619197
v 1.54545076 -37.98157864 -0.80078804
v 1.41385416 -37.95746055 -0.99800724
v 1.42201572 -37.98157864 -1.00376830
v 1.26479014 -37.95746055 -1.18123153
v 1.27209122 -37.98157864 -1.18805027
v 1.09216548 -37.95746055 -1.34245171
v 1.09847007 -37.98157864 -1.35020110
v 0.89919584 -37.95746055 -1.47866456
v 0.90438650 -37.98157864 -1.48720025
v 0.68947588 -37.95746055 -1.58733268
v 0.69345592 -37.98157864 -1.59649566
v 0.46691229 -37.95746055 -1.66643180
v 0.46960757 -37.98157864 -1.67605138
v 0.23565101 -37.95746055 -1.71448845
v 0.23701132 -37.98157864 -1.72438544
v 0.00000000 -38.07071068 -1.82491068
v 0.24849197 -38.07071068 -1.80791336
v 0.49235501 -38.07071068 -1.75723804
v 0.72704640 -38.07071068 -1.67382870
v 0.94819430 -38.07071068 -1.55923909
v 1.15167913 -38.07071068 -1.41560382
v 1.33371036 -38.07071068 -1.24559852
v 1.49089708 -38.07071068 -1.05239008
v 1.62031122 -38.07071068 -0.83957760
v 1.71954202 -38.07071068 -0.61112538
v 1.78674101 -38.07071068 -0.37128905
v 1.82065639 -38.07071068 -0.12453631
v 1.82065639 -38.07071068 0.12453631
v 1.78674101 -38.07071068 0.37128905
v 1.71954202 -38.07071068 0.61112538
v 1.62031122 -38.07071068 0.83957760
v 1.49089708 -38.07071068 1.05239008
v 1.33371036 -38.07071068 1.24559852
v 1.15167913 -38.07071068 1.41560382
v 0.94819430 -38.07071068 1.55923909
v 0.72704640 -38.07071068 1.67382870
v 0.49235501 -38.07071068 1.75723804
v 0.24849197 -38.07071068 1.80791336
v 0.00000000 -38.07071068 1.82491068
v 0.00000000 -38.08660254 -1.84562136
v 0.00000000 -38.09659258 -1.86973945
v 0.00000000 -38.10000000 -1.89562136
v 0.00000000 -38.10000000 1.89562136
v 0.25812041 -38.10000000 1.87796544
v 0.51143252 -38.10000000 1.82532657
v 0.75521761 -38.10000000 1.73868533
v 0.98493443 -38.10000000 1.61965567
v 1.19630378 -38.10000000 1.47045489
v 1.38538826 -38.10000000 1.29386232
v 1.54866558 -38.10000000 1.09316753
v 1.68309418 -38.10000000 0.87210911
v 1.78616993 -38.10000000 0.63480494
v 1.85597271 -38.10000000 0.38567556
v 1.89120223 -38.10000000 0.12936178
v 1.89120223 -38.10000000 -0.12936178
v 1.85597271 -38.10000000 -0.38567556
v 1.78616993 -38.10000000 -0.63480494
v 1.68309418 -38.10000000 -0.87210911
v 1.54866558 -38.10000000 -1.09316753
v 1.38538826 -38.10000000 -1.29386232
v 1.19630378 -38.10000000 -1.47045489
v 0.98493443 -38.10000000 -1.61965567
v 0.75521761 -38.10000000 -1.73868533
v 0.51143252 -38.10000000 -1.82532657
v 0.25812041 -38.10000000 -1.87796544
v 0.00000000 -38.08660254 1.84562136
v 0.00000000 -38.09659258 1.86973945
v 0.25131208 -38.08660254 1.82843114
v 0.25459616 -38.09659258 1.85232460
v 0.49794268 -38.08660254 1.77718071
v 0.50444967 -38.09659258 1.80040444
v 0.73529756 -38.08660254 1.69282477
v 0.74490624 -38.09659258 1.71494616
v 0.95895523 -38.08660254 1.57693470
v 0.97148661 -38.09659258 1.59754167
v 1.16474939 -38.08660254 1.43166932
v 1.17997003 -38.09659258 1.45037800
v 1.34884646 -38.08660254 1.25973466
v 1.36647284 -38.09659258 1.27619654
v 1.50781708 -38.08660254 1.06433352
v 1.52752084 -38.09659258 1.07824195
v 1.63869992 -38.08660254 0.84910586
v 1.66011402 -38.09659258 0.86020175
v 1.73905688 -38.08660254 0.61806096
v 1.76178242 -38.09659258 0.62613762
v 1.80701850 -38.08660254 0.37550276
v 1.83063215 -38.09659258 0.38040973
v 1.84131879 -38.08660254 0.12594966
v 1.86538066 -38.09659258 0.12759553
v 1.84131879 -38.08660254 -0.12594966
v 1.86538066 -38.09659258 -0.12759553
v 1.80701850 -38.08660254 -0.37550276
v 1.83063215 -38.09659258 -0.38040973
v 1.73905688 -38.08660254 -0.61806096
v 1.76178242 -38.09659258 -0.62613762
v 1.63869992 -38.08660254 -0.84910586
v 1.66011402 -38.09659258 -0.86020175
v 1.50781708 -38.08660254 -1.06433352
v 1.52752084 -38.09659258 -1.07824195
v 1.34884646 -38.08660254 -1.25973466
v 1.36647284 -38.09659258 -1.27619654
v 1.16474939 -38.08660254 -1.43166932
v 1.17997003 -38.09659258 -1.45037800
v 0.95895523 -38.08660254 -1.57693470
v 0.97148661 -38.09659258 -1.59754167
v 0.73529756 -38.08660254 -1.69282477
v 0.74490624 -38.09659258 -1.71494616
v 0.49794268 -38.08660254 -1.77718071
v 0.50444967 -38.09659258 -1.80040444
v 0.25131208 -38.08660254 -1.82843114
v 0.25459616 -38.09659258 -1.85232460
v 0.00000000 -23.10000000 1.72720000
v -0.23518704 -23.10000000 1.71111277
v -0.46599298 -23.10000000 1.66315074
v -0.68811836 -23.10000000 1.58420736
v -0.89742540 -23.10000000 1.47575320
v -1.09001510 -23.10000000 1.33980854
v -1.26229988 -23.10000000 1.17890579
v -1.41107040 -23.10000000 0.99604225
v -1.53355535 -23.10000000 0.79462433
v -1.62747306 -23.10000000 0.57840407
v -1.69107404 -23.10000000 0.35140923
v -1.72317350 -23.10000000 0.11786830
v -1.72317350 -23.10000000 -0.11786830
v -1.69107404 -23.10000000 -0.35140923
v -1.62747306 -23.10000000 -0.57840407
v -1.53355535 -23.10000000 -0.79462433
v -1.41107040 -23.10000000 -0.99604225
v -1.26229988 -23.10000000 -1.17890579
v -1.09001510 -23.10000000 -1.33980854
v -0.89742540 -23.10000000 -1.47575320
v -0.68811836 -23.10000000 -1.58420736
v -0.46599298 -23.10000000 -1.66315074
v -0.23518704 -23.10000000 -1.71111277
v 0.00000000 -23.10000000 -1.72720000
v 0.00000000 -22.18163147 0.00000000
v -0.28786667 -22.48775431 0.49859969
v -0.14901075 -22.48775431 0.55611570
v -0.40710494 -22.48775431 0.40710494
v -0.29802150 -22.79387716 1.11223139
v -0.49859969 -22.48775431 0.28786667
v -0.57573333 -22.79387716 0.99719938
v -0.55611570 -22.48775431 0.14901075
v -0.81420989 -22.79387716 0.81420989
v -0.57573333 -22.48775431 0.00000000
v -0.99719938 -22.79387716 0.57573333
v -0.55611570 -22.48775431 -0.14901075
v -1.11223139 -22.79387716 0.29802150
v -0.49859969 -22.48775431 -0.28786667
v -1.15146667 -22.79387716 0.00000000
v -0.40710494 -22.48775431 -0.40710494
v -1.11223139 -22.79387716 -0.29802150
v -0.28786667 -22.48775431 -0.49859969
v -0.99719938 -22.79387716 -0.57573333
v -0.14901075 -22.48775431 -0.55611570
v -0.81420989 -22.79387716 -0.81420989
v -0.57573333 -22.79387716 -0.99719938
v -0.29802150 -22.79387716 -1.11223139
v -0.23518704 -37.93157864 1.71111277
v -0.46599298 -37.93157864 1.66315074
v -0.68811836 -37.93157864 1.58420736
v -0.89742540 -37.93157864 1.47575320
v -1.09001510 -37.93157864 1.33980854
v -1.26229988 -37.93157864 1.17890579
v -1.41107040 -37.93157864 0.99604225
v -1.53355535 -37.93157864 0.79462433
v -1.62747306 -37.93157864 0.57840407
v -1.69107404 -37.93157864 0.35140923
v -1.72317350 -37.93157864 0.11786830
v -1.72317350 -37.93157864 -0.11786830
v -1.69107404 -37.93157864 -0.35140923
v -1.62747306 -37.93157864 -0.57840407
v -1.53355535 -37.93157864 -0.79462433
v -1.41107040 -37.93157864 -0.99604225
v -1.26229988 -37.93157864 -1.17890579
v -1.09001510 -37.93157864 -1.33980854
v -0.89742540 -37.93157864 -1.47575320
v -0.68811836 -37.93157864 -1.58420736
v -0.46599298 -37.93157864 -1.66315074
v -0.23518704 -37.93157864 -1.71111277
v 0.00000000 23.10000000 1.72720000
v -0.23518704 23.10000000 1.71111277
v -0.46599298 23.10000000 1.66315074
v -0.68811836 23.10000000 1.58420736
v -0.89742540 23.10000000 1.47575320
v -1.09001510 23.10000000 1.33980854
v -1.26229988 23.10000000 1.17890579
v -1.41107040 23.10000000 0.99604225
v -1.53355535 23.10000000 0.79462433
v -1.62747306 23.10000000 0.57840407
v -1.69107404 23.10000000 0.35140923
v -1.72317350 23.10000000 0.11786830
v -1.72317350 23.10000000 -0.11786830
v -1.69107404 23.10000000 -0.35140923
v -1.62747306 23.10000000 -0.57840407
v -1.53355535 23.10000000 -0.79462433
v -1.41107040 23.10000000 -0.99604225
v -1.26229988 23.10000000 -1.17890579
v -1.09001510 23.10000000 -1.33980854
v -0.89742540 23.10000000 -1.47575320
v -0.68811836 23.10000000 -1.58420736
v -0.46599298 23.10000000 -1.66315074
v -0.23518704 23.10000000 -1.71111277
v 0.00000000 23.10000000 -1.72720000
v 0.00000000 22.18163147 0.00000000
v -0.14901075 22.48775431 -0.55611570
v -0.28786667 22.48775431 -0.49859969
v -0.40710494 22.48775431 -0.40710494
v -0.29802150 22.79387716 -1.11223139
v -0.49859969 22.48775431 -0.28786667
v -0.57573333 22.79387716 -0.99719938
v -0.55611570 22.48775431 -0.14901075
v -0.81420989 22.79387716 -0.81420989
v -0.57573333 22.48775431 -0.00000000
v -0.99719938 22.79387716 -0.57573333
v -0.55611570 22.48775431 0.14901075
v -1.11223139 22.79387716 -0.29802150
v -0.49859969 22.48775431 0.28786667
v -1.15146667 22.79387716 -0.00000000
v -0.40710494 22.48775431 0.40710494
v -1.11223139 22.79387716 0.29802150
v -0.28786667 22.48775431 0.49859969
v -0.99719938 22.79387716 0.57573333
v -0.14901075 22.48775431 0.55611570
v -0.81420989 22.79387716 0.81420989
v -0.57573333 22.79387716 0.99719938
v -0.29802150 22.79387716 1.11223139
v 0.00000000 37.97300000 -1.72720000
v 0.00000000 37.97300000 1.72720000
v -0.23518704 37.97300000 -1.71111277
v -0.46599298 37.97300000 -1.66315074
v -0.68811836 37.97300000 -1.58420736
v -0.89742540 37.97300000 -1.47575320
v -1.09001510 37.97300000 -1.33980854
v -1.26229988 37.97300000 -1.17890579
v -1.41107040 37.97300000 -0.99604225
v -1.53355535 37.97300000 -0.79462433
v -1.62747306 37.97300000 -0.57840407
v -1.69107404 37.97300000 -0.35140923
v -1.72317350 37.97300000 -0.11786830
v -1.72317350 37.97300000 0.11786830
v -1.69107404 37.97300000 0.35140923
v -1.62747306 37.97300000 0.57840407
v -1.53355535 37.97300000 0.79462433
v -1.41107040 37.97300000 0.99604225
v -1.26229988 37.97300000 1.17890579
v -1.09001510 37.97300000 1.33980854
v -0.89742540 37.97300000 1.47575320
v -0.68811836 37.97300000 1.58420736
v -0.46599298 37.97300000 1.66315074
v -0.23518704 37.97300000 1.71111277
v -0.24849197 38.07071068 -1.80791336
v -0.49235501 38.07071068 -1.75723804
v -0.72704640 38.07071068 -1.67382870
v -0.94819430 38.07071068 -1.55923909
v -1.15167913 38.07071068 -1.41560382
v -1.33371036 38.07071068 -1.24559852
v -1.49089708 38.07071068 -1.05239008
v -1.62031122 38.07071068 -0.83957760
v -1.71954202 38.07071068 -0.61112538
v -1.78674101 38.07071068 -0.37128905
v -1.82065639 38.07071068 -0.12453631
v -1.82065639 38.07071068 0.12453631
v -1.78674101 38.07071068 0.37128905
v -1.71954202 38.07071068 0.61112538
v -1.62031122 38.07071068 0.83957760
v -1.49089708 38.07071068 1.05239008
v -1.33371036 38.07071068 1.24559852
v -1.15167913 38.07071068 1.41560382
v -0.94819430 38.07071068 1.55923909
v -0.72704640 38.07071068 1.67382870
v -0.49235501 38.07071068 1.75723804
v -0.24849197 38.07071068 1.80791336
v 1.79210030 38.00462296 -3.10400878
v 1.38404862 38.06058590 -3.09484605
v 0.89812687 38.08988340 -3.08561288
v 0.00000000 38.09934077 -3.07782565
v 0.00000000 38.09970700 -3.06227747
v 0.00000000 38.09992675 -3.04672653
v 0.00000000 38.10000000 -3.03117421
v 0.00000000 38.10000000 3.03117421
v 0.41274483 38.10000000 3.00294169
v 0.81780101 38.10000000 2.91877005
v 1.20762311 38.10000000 2.78022724
v 1.57494947 38.10000000 2.58989406
v 1.91293750 38.10000000 2.35131606
v 2.21529113 38.10000000 2.06893748
v 2.47637807 38.10000000 1.74801852
v 2.69133477 38.10000000 1.39453728
v 2.85615701 38.10000000 1.01507844
v 2.96777444 38.10000000 0.61671062
v 3.02410784 38.10000000 0.20685464
v 3.02410784 38.10000000 -0.20685464
v 2.96777444 38.10000000 -0.61671062
v 2.85615701 38.10000000 -1.01507844
v 2.69133477 38.10000000 -1.39453728
v 2.47637807 38.10000000 -1.74801852
v 2.21529113 38.10000000 -2.06893748
v 1.91293750 38.10000000 -2.35131606
v 1.57494947 38.10000000 -2.58989406
v 1.20762311 38.10000000 -2.78022724
v 0.81780101 38.10000000 -2.91877005
v 0.41274483 38.10000000 -3.00294169
v -0.00000000 38.09934077 3.07782565
v 0.00000000 38.09970700 3.06227747
v 0.00000000 38.09992675 3.04672653
v 0.89813085 38.08988327 3.08561295
v 1.38351884 38.06068992 3.09483379
v 1.96620031 38.05604383 2.78609202
v 2.16854264 38.08562474 2.41901845
v 2.86330781 38.09866599 1.19945031
v 3.27995510 38.07497161 0.50131658
v 3.58420061 38.00462296 -0.00000000
v 3.39589017 38.05604976 -0.30979374
v 3.17911089 38.08563232 -0.66865667
v 2.47033528 38.09866525 -1.88010100
v 2.07409342 38.07496741 -2.58993305
v 0.83755527 38.09837563 2.98927389
v 1.29429526 38.08560411 2.97976655
v 1.23679364 38.09837563 2.84738454
v 1.70500030 38.05595102 2.95314715
v 1.62436210 38.08560411 2.81347768
v 1.55219661 38.09837563 2.68848339
v 1.87319662 38.08560411 2.65430656
v 2.05023067 38.08560411 2.52007204
v 1.95914513 38.09837563 2.40811287
v 2.26880221 38.09837563 2.11891335
v 2.53619579 38.09837563 1.79024248
v 2.75634485 38.09837563 1.42822278
v 3.18077417 38.08560411 0.66097247
v 3.03946200 38.09837563 0.63160747
v 3.21142990 38.08560411 0.49084303
v 3.24115067 38.08560411 0.22170078
v 3.41000060 38.05595102 0.00000000
v 3.09715616 38.09837563 0.21185128
v 3.24872420 38.08560411 0.00000000
v 3.40205110 38.05595102 -0.23270667
v 3.24115067 38.08560411 -0.22170078
v 3.09715616 38.09837563 -0.21185128
v 3.18077417 38.08560411 -0.66097247
v 3.03946200 38.09837563 -0.63160747
v 2.92514841 38.09837563 -1.03959800
v 2.75634485 38.09837563 -1.42822278
v 2.53619579 38.09837563 -1.79024248
v 2.26880221 38.09837563 -2.11891335
v 2.05023067 38.08560411 -2.52007204
v 1.95914513 38.09837563 -2.40811287
v 1.77178158 38.05595102 -2.91357068
v 1.68798495 38.08560411 -2.77577299
v 1.61299289 38.09837563 -2.65245380
v 1.32627922 38.08560411 -2.96566895
v 1.26735665 38.09837563 -2.83391326
v 0.86758872 38.09837563 -2.98069573
v -0.24849197 -38.07071068 1.80791336
v -0.49235501 -38.07071068 1.75723804
v -0.72704640 -38.07071068 1.67382870
v -0.94819430 -38.07071068 1.55923909
v -1.15167913 -38.07071068 1.41560382
v -1.33371036 -38.07071068 1.24559852
v -1.49089708 -38.07071068 1.05239008
v -1.62031122 -38.07071068 0.83957760
v -1.71954202 -38.07071068 0.61112538
v -1.78674101 -38.07071068 0.37128905
v -1.82065639 -38.07071068 0.12453631
v -1.82065639 -38.07071068 -0.12453631
v -1.78674101 -38.07071068 -0.37128905
v -1.71954202 -38.07071068 -0.61112538
v -1.62031122 -38.07071068 -0.83957760
v -1.49089708 -38.07071068 -1.05239008
v -1.33371036 -38.07071068 -1.24559852
v -1.15167913 -38.07071068 -1.41560382
v -0.94819430 -38.07071068 -1.55923909
v -0.72704640 -38.07071068 -1.67382870
v -0.49235501 -38.07071068 -1.75723804
v -0.24849197 -38.07071068 -1.80791336
v -0.23917527 -38.00228932 -1.74012929
v -0.47389515 -38.00228932 -1.69135393
v -0.69978726 -38.00228932 -1.61107186
v -0.91264366 -38.00228932 -1.50077856
v -1.10849924 -38.00228932 -1.36252860
v -1.28370557 -38.00228932 -1.19889731
v -1.43499889 -38.00228932 -1.01293283
v -1.55956091 -38.00228932 -0.80809933
v -1.65507125 -38.00228932 -0.58821246
v -1.71975075 -38.00228932 -0.35736831
v -1.75239454 -38.00228932 -0.11986707
v -1.75239454 -38.00228932 0.11986707
v -1.71975075 -38.00228932 0.35736831
v -1.65507125 -38.00228932 0.58821246
v -1.55956091 -38.00228932 0.80809933
v -1.43499889 -38.00228932 1.01293283
v -1.28370557 -38.00228932 1.19889731
v -1.10849924 -38.00228932 1.36252860
v -0.91264366 -38.00228932 1.50077856
v -0.69978726 -38.00228932 1.61107186
v -0.47389515 -38.00228932 1.69135393
v -0.23917527 -38.00228932 1.74012929
v 0.00000000 -38.10000000 3.03117421
v 0.41274483 -38.10000000 3.00294169
v 0.81780101 -38.10000000 2.91877005
v 1.20762311 -38.10000000 2.78022724
v 1.57494947 -38.10000000 2.58989406
v 1.91293750 -38.10000000 2.35131606
v 2.21529113 -38.10000000 2.06893748
v 2.47637807 -38.10000000 1.74801852
v 2.69133477 -38.10000000 1.39453728
v 2.85615701 -38.10000000 1.01507844
v 2.96777444 -38.10000000 0.61671062
v 3.02410784 -38.10000000 0.20685464
v 3.02410784 -38.10000000 -0.20685464
v 2.96777444 -38.10000000 -0.61671062
v 2.85615701 -38.10000000 -1.01507844
v 2.69133477 -38.10000000 -1.39453728
v 2.47637807 -38.10000000 -1.74801852
v 2.21529113 -38.10000000 -2.06893748
v 1.91293750 -38.10000000 -2.35131606
v 1.57494947 -38.10000000 -2.58989406
v 1.20762311 -38.10000000 -2.78022724
v 0.81780101 -38.10000000 -2.91877005
v 0.41274483 -38.10000000 -3.00294169
v 0.00000000 -38.10000000 -3.03117421
v 0.00000000 -38.09992675 -3.04672653
v 0.00000000 -38.09970700 -3.06227747
v 0.00000000 -38.09934077 -3.07782565
v 0.89813085 -38.08988327 -3.08561295
v 1.38351884 -38.06068992 -3.09483379
v 1.96620031 -38.05604383 -2.78609202
v 2.16854264 -38.08562474 -2.41901845
v 2.86330781 -38.09866599 -1.19945031
v 3.27995510 -38.07497161 -0.50131658
v 3.39589017 -38.05604976 0.30979374
v 3.17911089 -38.08563232 0.66865667
v 2.47033528 -38.09866525 1.88010100
v 2.07409342 -38.07496741 2.58993305
v 1.79210030 -38.00462296 3.10400878
v 1.38404862 -38.06058590 3.09484605
v 0.89812687 -38.08988340 3.08561288
v -0.00000000 -38.09934077 3.07782565
v 0.00000000 -38.09992675 3.04672653
v 0.00000000 -38.09970700 3.06227747
v 1.28032739 -38.08988340 2.94760929
v 1.32190696 -38.07488883 3.04333505
v 1.60683219 -38.08988340 2.78311499
v 1.65901524 -38.07488883 2.87349868
v 2.00882796 -38.08988340 2.50843556
v 2.07406611 -38.07488883 2.58989884
v 3.14485585 -38.08988340 0.66145326
v 3.20037490 -38.08988340 0.29195759
v 3.30430941 -38.07488883 0.30143913
v 3.21366438 -38.08988340 0.00000000
v 3.31803047 -38.07488883 0.00000000
v 3.20617258 -38.08988340 -0.21930821
v 3.31029538 -38.07488883 -0.22643041
v 3.17677256 -38.08988340 -0.48554592
v 3.14644765 -38.08988340 -0.65383934
v 2.14513901 -38.08988340 -2.39290980
v 1.85298132 -38.08988340 -2.62566162
v 1.91315824 -38.07488883 -2.71093190
v 1.66976843 -38.08988340 -2.74581720
v 1.72399538 -38.07488883 -2.83498962
v 1.31155198 -38.08988340 -2.93384903
v 1.35414559 -38.07488883 -3.02912791
v 0.89813052 -38.08988340 -3.08561182
v 1.86195462 -37.91039989 3.12500000
v 2.24915635 -37.98673330 2.45434693
v 2.94417472 -37.99876845 1.25053980
v 3.34955666 -37.97649948 0.54839768
v 3.63730670 -37.91039989 0.05000000
v 1.86195462 37.91039989 3.12500000
v 3.63730670 37.91039989 0.05000000
v 3.25002145 37.98673995 0.72079772
v 2.55501476 37.99876777 1.92458462
v 2.14966911 37.97649575 2.62666388
v 3.25002145 -37.98673995 -0.72079772
v 2.55501476 -37.99876777 -1.92458462
v 2.14966911 -37.97649575 -2.62666388
v 1.86195462 -37.91039989 -3.12500000
v 3.63730670 37.91039989 -0.05000000
v 1.86195462 37.91039989 -3.12500000
v 2.24915635 37.98673330 -2.45434693
v 2.94417472 37.99876845 -1.25053980
v 3.34955666 37.97649948 -0.54839768
v 1.00077452 -37.98674804 -3.17500000
v -0.38899082 -37.99876908 -3.17500000
v -1.19982287 -37.97650139 -3.17500000
v -1.77535208 -37.91039989 -3.17500000
v 1.77535208 37.91039989 -3.17500000
v -1.77535208 37.91039989 -3.17500000
v -1.00077452 37.98674804 -3.17500000
v 0.38899082 37.99876908 -3.17500000
v 1.19982287 37.97650139 -3.17500000
v -2.24915635 -37.98673330 -2.45434693
v -2.94417472 -37.99876845 -1.25053980
v -3.34955666 -37.97649948 -0.54839768
v -3.63730670 -37.91039989 -0.05000000
v -1.86195462 37.91039989 -3.12500000
v -3.25002145 37.98673995 -0.72079772
v -2.55501476 37.99876777 -1.92458462
v -2.14966911 37.97649575 -2.62666388
v -3.63730670 -37.91039989 0.05000000
v -3.25002145 -37.98673995 0.72079772
v -2.55501476 -37.99876777 1.92458462
v -2.14966911 -37.97649575 2.62666388
v -1.86195462 -37.91039989 3.12500000
v -3.63730670 37.91039989 0.05000000
v -2.24915635 37.98673330 2.45434693
v -2.94417472 37.99876845 1.25053980
v -3.34955666 37.97649948 0.54839768
v -1.77535208 -37.91039989 3.17500000
v -1.00077452 -37.98674804 3.17500000
v 0.38899082 -37.99876908 3.17500000
v 1.19982287 -37.97650139 3.17500000
v 1.77535208 -37.91039989 3.17500000
v -1.77535208 37.91039989 3.17500000
v 1.00077452 37.98674804 3.17500000
v -0.38899082 37.99876908 3.17500000
v -1.19982287 37.97650139 3.17500000
v -0.41274483 -38.10000000 -3.00294169
v -0.81780101 -38.10000000 -2.91877005
v -1.20762311 -38.10000000 -2.78022724
v -1.57494947 -38.10000000 -2.58989406
v -1.91293750 -38.10000000 -2.35131606
v -2.21529113 -38.10000000 -2.06893748
v -2.47637807 -38.10000000 -1.74801852
v -2.69133477 -38.10000000 -1.39453728
v -2.85615701 -38.10000000 -1.01507844
v -2.96777444 -38.10000000 -0.61671062
v -3.02410784 -38.10000000 -0.20685464
v -3.02410784 -38.10000000 0.20685464
v -2.96777444 -38.10000000 0.61671062
v -2.85615701 -38.10000000 1.01507844
v -2.69133477 -38.10000000 1.39453728
v -2.47637807 -38.10000000 1.74801852
v -2.21529113 -38.10000000 2.06893748
v -1.91293750 -38.10000000 2.35131606
v -1.57494947 -38.10000000 2.58989406
v -1.20762311 -38.10000000 2.78022724
v -0.81780101 -38.10000000 2.91877005
v -0.41274483 -38.10000000 3.00294169
v -0.89813085 -38.08988327 3.08561295
v -1.38351884 -38.06068992 3.09483379
v -1.79210030 -38.00462296 3.10400878
v -1.96620031 -38.05604383 2.78609202
v -2.16854264 -38.08562474 2.41901845
v -2.86330781 -38.09866599 1.19945031
v -3.27995510 -38.07497161 0.50131658
v -3.58420061 -38.00462296 -0.00000000
v -3.39589017 -38.05604976 -0.30979374
v -3.17911089 -38.08563232 -0.66865667
v -2.47033528 -38.09866525 -1.88010100
v -2.07409342 -38.07496741 -2.58993305
v -1.38404862 -38.06058590 -3.09484605
v -0.89812687 -38.08988340 -3.08561288
v -1.28032739 -38.08988340 -2.94760928
v -1.32190696 -38.07488883 -3.04333505
v -1.60683219 -38.08988340 -2.78311499
v -1.65901524 -38.07488883 -2.87349868
v -2.00882796 -38.08988340 -2.50843556
v -2.07406611 -38.07488883 -2.58989884
v -3.14485585 -38.08988340 -0.66145326
v -3.20037490 -38.08988340 -0.29195759
v -3.30430941 -38.07488883 -0.30143913
v -3.21366438 -38.08988340 0.00000000
v -3.31803047 -38.07488883 0.00000000
v -3.20617258 -38.08988340 0.21930821
v -3.31029538 -38.07488883 0.22643041
v -3.17677256 -38.08988340 0.48554592
v -3.14644765 -38.08988340 0.65383934
v -2.14513901 -38.08988340 2.39290980
v -1.85298132 -38.08988340 2.62566162
v -1.91315824 -38.07488883 2.71093190
v -1.66976843 -38.08988340 2.74581720
v -1.72399538 -38.07488883 2.83498962
v -1.31155198 -38.08988340 2.93384903
v -1.35414559 -38.07488883 3.02912791
v -0.89813052 -38.08988340 3.08561182
v -0.25812041 -38.10000000 -1.87796544
v -0.51143252 -38.10000000 -1.82532657
v -0.75521761 -38.10000000 -1.73868533
v -0.98493443 -38.10000000 -1.61965567
v -1.19630378 -38.10000000 -1.47045489
v -1.38538826 -38.10000000 -1.29386232
v -1.54866558 -38.10000000 -1.09316753
v -1.68309418 -38.10000000 -0.87210911
v -1.78616993 -38.10000000 -0.63480494
v -1.85597271 -38.10000000 -0.38567556
v -1.89120223 -38.10000000 -0.12936178
v -1.89120223 -38.10000000 0.12936178
v -1.85597271 -38.10000000 0.38567556
v -1.78616993 -38.10000000 0.63480494
v -1.68309418 -38.10000000 0.87210911
v -1.54866558 -38.10000000 1.09316753
v -1.38538826 -38.10000000 1.29386232
v -1.19630378 -38.10000000 1.47045489
v -0.98493443 -38.10000000 1.61965567
v -0.75521761 -38.10000000 1.73868533
v -0.51143252 -38.10000000 1.82532657
v -0.25812041 -38.10000000 1.87796544
v -0.89813085 38.08988327 -3.08561295
v -1.38351884 38.06068992 -3.09483379
v -1.79210030 38.00462296 -3.10400878
v -1.96620031 38.05604383 -2.78609202
v -2.16854264 38.08562474 -2.41901845
v -2.86330781 38.09866599 -1.19945031
v -3.27995510 38.07497161 -0.50131658
v -3.39589017 38.05604976 0.30979374
v -3.17911089 38.08563232 0.66865667
v -2.47033528 38.09866525 1.88010100
v -2.07409342 38.07496741 2.58993305
v -1.38404862 38.06058590 3.09484605
v -0.89812687 38.08988340 3.08561288
v -0.41274483 38.10000000 -3.00294169
v -0.81780101 38.10000000 -2.91877005
v -1.20762311 38.10000000 -2.78022724
v -1.57494947 38.10000000 -2.58989406
v -1.91293750 38.10000000 -2.35131606
v -2.21529113 38.10000000 -2.06893748
v -2.47637807 38.10000000 -1.74801852
v -2.69133477 38.10000000 -1.39453728
v -2.85615701 38.10000000 -1.01507844
v -2.96777444 38.10000000 -0.61671062
v -3.02410784 38.10000000 -0.20685464
v -3.02410784 38.10000000 0.20685464
v -2.96777444 38.10000000 0.61671062
v -2.85615701 38.10000000 1.01507844
v -2.69133477 38.10000000 1.39453728
v -2.47637807 38.10000000 1.74801852
v -2.21529113 38.10000000 2.06893748
v -1.91293750 38.10000000 2.35131606
v -1.57494947 38.10000000 2.58989406
v -1.20762311 38.10000000 2.78022724
v -0.81780101 38.10000000 2.91877005
v -0.41274483 38.10000000 3.00294169
v -0.83755527 38.09837563 -2.98927389
v -1.29429526 38.08560411 -2.97976655
v -1.23679364 38.09837563 -2.84738454
v -1.70500030 38.05595102 -2.95314715
v -1.62436210 38.08560411 -2.81347768
v -1.55219661 38.09837563 -2.68848339
v -1.87319662 38.08560411 -2.65430656
v -2.05023067 38.08560411 -2.52007204
v -1.95914513 38.09837563 -2.40811287
v -2.26880221 38.09837563 -2.11891335
v -2.53619579 38.09837563 -1.79024248
v -2.75634485 38.09837563 -1.42822278
v -3.18077417 38.08560411 -0.66097247
v -3.03946200 38.09837563 -0.63160747
v -3.21142990 38.08560411 -0.49084303
v -3.24115067 38.08560411 -0.22170078
v -3.41000060 38.05595102 0.00000000
v -3.09715616 38.09837563 -0.21185128
v -3.24872420 38.08560411 0.00000000
v -3.40205110 38.05595102 0.23270667
v -3.24115067 38.08560411 0.22170078
v -3.09715616 38.09837563 0.21185128
v -3.18077417 38.08560411 0.66097247
v -3.03946200 38.09837563 0.63160747
v -2.92514841 38.09837563 1.03959800
v -2.75634485 38.09837563 1.42822278
v -2.53619579 38.09837563 1.79024248
v -2.26880221 38.09837563 2.11891335
v -2.05023067 38.08560411 2.52007204
v -1.95914513 38.09837563 2.40811287
v -1.77178158 38.05595102 2.91357068
v -1.68798495 38.08560411 2.77577299
v -1.61299289 38.09837563 2.65245380
v -1.32627922 38.08560411 2.96566895
v -1.26735665 38.09837563 2.83391326
v -0.86758872 38.09837563 2.98069573
v 0.23518704 37.97300000 1.71111277
v 0.46599298 37.97300000 1.66315074
v 0.68811836 37.97300000 1.58420736
v 0.89742540 37.97300000 1.47575320
v 1.09001510 37.97300000 1.33980854
v 1.26229988 37.97300000 1.17890579
v 1.41107040 37.97300000 0.99604225
v 1.53355535 37.97300000 0.79462433
v 1.62747306 37.97300000 0.57840407
v 1.69107404 37.97300000 0.35140923
v 1.72317350 37.97300000 0.11786830
v 1.72317350 37.97300000 -0.11786830
v 1.69107404 37.97300000 -0.35140923
v 1.62747306 37.97300000 -0.57840407
v 1.53355535 37.97300000 -0.79462433
v 1.41107040 37.97300000 -0.99604225
v 1.26229988 37.97300000 -1.17890579
v 1.09001510 37.97300000 -1.33980854
v 0.89742540 37.97300000 -1.47575320
v 0.68811836 37.97300000 -1.58420736
v 0.46599298 37.97300000 -1.66315074
v 0.23518704 37.97300000 -1.71111277
v -0.25812041 38.10000000 1.87796544
v -0.51143252 38.10000000 1.82532657
v -0.75521761 38.10000000 1.73868533
v -0.98493443 38.10000000 1.61965567
v -1.19630378 38.10000000 1.47045489
v -1.38538826 38.10000000 1.29386232
v -1.54866558 38.10000000 1.09316753
v -1.68309418 38.10000000 0.87210911
v -1.78616993 38.10000000 0.63480494
v -1.85597271 38.10000000 0.38567556
v -1.89120223 38.10000000 0.12936178
v -1.89120223 38.10000000 -0.12936178
v -1.85597271 38.10000000 -0.38567556
v -1.78616993 38.10000000 -0.63480494
v -1.68309418 38.10000000 -0.87210911
v -1.54866558 38.10000000 -1.09316753
v -1.38538826 38.10000000 -1.29386232
v -1.19630378 38.10000000 -1.47045489
v -0.98493443 38.10000000 -1.61965567
v -0.75521761 38.10000000 -1.73868533
v -0.51143252 38.10000000 -1.82532657
v -0.25812041 38.10000000 -1.87796544
v 0.23518704 23.10000000 -1.71111277
v 0.46599298 23.10000000 -1.66315074
v 0.68811836 23.10000000 -1.58420736
v 0.89742540 23.10000000 -1.47575320
v 1.09001510 23.10000000 -1.33980854
v 1.26229988 23.10000000 -1.17890579
v 1.41107040 23.10000000 -0.99604225
v 1.53355535 23.10000000 -0.79462433
v 1.62747306 23.10000000 -0.57840407
v 1.69107404 23.10000000 -0.35140923
v 1.72317350 23.10000000 -0.11786830
v 1.72317350 23.10000000 0.11786830
v 1.69107404 23.10000000 0.35140923
v 1.62747306 23.10000000 0.57840407
v 1.53355535 23.10000000 0.79462433
v 1.41107040 23.10000000 0.99604225
v 1.26229988 23.10000000 1.17890579
v 1.09001510 23.10000000 1.33980854
v 0.89742540 23.10000000 1.47575320
v 0.68811836 23.10000000 1.58420736
v 0.46599298 23.10000000 1.66315074
v 0.23518704 23.10000000 1.71111277
v 0.14901075 22.48775431 0.55611570
v 0.28786667 22.48775431 0.49859969
v 0.40710494 22.48775431 0.40710494
v 0.29802150 22.79387716 1.11223139
v 0.49859969 22.48775431 0.28786667
v 0.57573333 22.79387716 0.99719938
v 0.55611570 22.48775431 0.14901075
v 0.81420989 22.79387716 0.81420989
v 0.57573333 22.48775431 0.00000000
v 0.99719938 22.79387716 0.57573333
v 0.55611570 22.48775431 -0.14901075
v 1.11223139 22.79387716 0.29802150
v 0.49859969 22.48775431 -0.28786667
v 1.15146667 22.79387716 0.00000000
v 0.40710494 22.48775431 -0.40710494
v 1.11223139 22.79387716 -0.29802150
v 0.28786667 22.48775431 -0.49859969
v 0.99719938 22.79387716 -0.57573333
v 0.14901075 22.48775431 -0.55611570
v 0.81420989 22.79387716 -0.81420989
v 0.57573333 22.79387716 -0.99719938
v 0.29802150 22.79387716 -1.11223139
v 0.23518704 -23.10000000 -1.71111277
v 0.46599298 -23.10000000 -1.66315074
v 0.68811836 -23.10000000 -1.58420736
v 0.89742540 -23.10000000 -1.47575320
v 1.09001510 -23.10000000 -1.33980854
v 1.26229988 -23.10000000 -1.17890579
v 1.41107040 -23.10000000 -0.99604225
v 1.53355535 -23.10000000 -0.79462433
v 1.62747306 -23.10000000 -0.57840407
v 1.69107404 -23.10000000 -0.35140923
v 1.72317350 -23.10000000 -0.11786830
v 1.72317350 -23.10000000 0.11786830
v 1.69107404 -23.10000000 0.35140923
v 1.62747306 -23.10000000 0.57840407
v 1.53355535 -23.10000000 0.79462433
v 1.41107040 -23.10000000 0.99604225
v 1.26229988 -23.10000000 1.17890579
v 1.09001510 -23.10000000 1.33980854
v 0.89742540 -23.10000000 1.47575320
v 0.68811836 -23.10000000 1.58420736
v 0.46599298 -23.10000000 1.66315074
v 0.23518704 -23.10000000 1.71111277
v 0.28786667 -22.48775431 -0.49859969
v 0.14901075 -22.48775431 -0.55611570
v 0.40710494 -22.48775431 -0.40710494
v 0.29802150 -22.79387716 -1.11223139
v 0.49859969 -22.48775431 -0.28786667
v 0.57573333 -22.79387716 -0.99719938
v 0.55611570 -22.48775431 -0.14901075
v 0.81420989 -22.79387716 -0.81420989
v 0.57573333 -22.48775431 -0.00000000
v 0.99719938 -22.79387716 -0.57573333
v 0.55611570 -22.48775431 0.14901075
v 1.11223139 -22.79387716 -0.29802150
v 0.49859969 -22.48775431 0.28786667
v 1.15146667 -22.79387716 -0.00000000
v 0.40710494 -22.48775431 0.40710494
v 1.11223139 -22.79387716 0.29802150
v 0.28786667 -22.48775431 0.49859969
v 0.99719938 -22.79387716 0.57573333
v 0.14901075 -22.48775431 0.55611570
v 0.81420989 -22.79387716 0.81420989
v 0.57573333 -22.79387716 0.99719938
v 0.29802150 -22.79387716 1.11223139
v -0.25131208 -38.08660254 -1.82843114
v -0.25459616 -38.09659258 -1.85232460
v -0.49794268 -38.08660254 -1.77718071
v -0.50444967 -38.09659258 -1.80040444
v -0.73529756 -38.08660254 -1.69282477
v -0.74490624 -38.09659258 -1.71494616
v -0.95895523 -38.08660254 -1.57693470
v -0.97148661 -38.09659258 -1.59754167
v -1.16474939 -38.08660254 -1.43166932
v -1.17997003 -38.09659258 -1.45037800
v -1.34884646 -38.08660254 -1.25973466
v -1.36647284 -38.09659258 -1.27619654
v -1.50781708 -38.08660254 -1.06433352
v -1.52752084 -38.09659258 -1.07824195
v -1.63869992 -38.08660254 -0.84910586
v -1.66011402 -38.09659258 -0.86020175
v -1.73905688 -38.08660254 -0.61806096
v -1.76178242 -38.09659258 -0.62613762
v -1.80701850 -38.08660254 -0.37550276
v -1.83063215 -38.09659258 -0.38040973
v -1.84131879 -38.08660254 -0.12594966
v -1.86538066 -38.09659258 -0.12759553
v -1.84131879 -38.08660254 0.12594966
v -1.86538066 -38.09659258 0.12759553
v -1.80701850 -38.08660254 0.37550276
v -1.83063215 -38.09659258 0.38040973
v -1.73905688 -38.08660254 0.61806096
v -1.76178242 -38.09659258 0.62613762
v -1.63869992 -38.08660254 0.84910586
v -1.66011402 -38.09659258 0.86020175
v -1.50781708 -38.08660254 1.06433352
v -1.52752084 -38.09659258 1.07824195
v -1.34884646 -38.08660254 1.25973466
v -1.36647284 -38.09659258 1.27619654
v -1.16474939 -38.08660254 1.43166932
v -1.17997003 -38.09659258 1.45037800
v -0.95895523 -38.08660254 1.57693470
v -0.97148661 -38.09659258 1.59754167
v -0.73529756 -38.08660254 1.69282477
v -0.74490624 -38.09659258 1.71494616
v -0.49794268 -38.08660254 1.77718071
v -0.50444967 -38.09659258 1.80040444
v -0.25131208 -38.08660254 1.82843114
v -0.25459616 -38.09659258 1.85232460
v -0.23565101 -37.95746055 -1.71448845
v -0.23701132 -37.98157864 -1.72438544
v -0.46691229 -37.95746055 -1.66643180
v -0.46960757 -37.98157864 -1.67605138
v -0.68947588 -37.95746055 -1.58733268
v -0.69345592 -37.98157864 -1.59649566
v -0.89919584 -37.95746055 -1.47866456
v -0.90438650 -37.98157864 -1.48720025
v -1.09216548 -37.95746055 -1.34245171
v -1.09847007 -37.98157864 -1.35020110
v -1.26479014 -37.95746055 -1.18123153
v -1.27209122 -37.98157864 -1.18805027
v -1.41385416 -37.95746055 -0.99800724
v -1.42201572 -37.98157864 -1.00376830
v -1.53658074 -37.95746055 -0.79619197
v -1.54545076 -37.98157864 -0.80078804
v -1.63068374 -37.95746055 -0.57954514
v -1.64009697 -37.98157864 -0.58289060
v -1.69441018 -37.95746055 -0.35210249
v -1.70419128 -37.98157864 -0.35413502
v -1.72657297 -37.95746055 -0.11810083
v -1.73653973 -37.98157864 -0.11878257
v -1.72657297 -37.95746055 0.11810083
v -1.73653973 -37.98157864 0.11878257
v -1.69441018 -37.95746055 0.35210249
v -1.70419128 -37.98157864 0.35413502
v -1.63068374 -37.95746055 0.57954514
v -1.64009697 -37.98157864 0.58289060
v -1.53658074 -37.95746055 0.79619197
v -1.54545076 -37.98157864 0.80078804
v -1.41385416 -37.95746055 0.99800724
v -1.42201572 -37.98157864 1.00376830
v -1.26479014 -37.95746055 1.18123153
v -1.27209122 -37.98157864 1.18805027
v -1.09216548 -37.95746055 1.34245171
v -1.09847007 -37.98157864 1.35020110
v -0.89919584 -37.95746055 1.47866456
v -0.90438650 -37.98157864 1.48720025
v -0.68947588 -37.95746055 1.58733268
v -0.69345592 -37.98157864 1.59649566
v -0.46691229 -37.95746055 1.66643180
v -0.46960757 -37.98157864 1.67605138
v -0.23565101 -37.95746055 1.71448845
v -0.23701132 -37.98157864 1.72438544
v -0.25459616 38.09659258 -1.85232460
v -0.25131208 38.08660254 -1.82843114
v -0.50444967 38.09659258 -1.80040444
v -0.49794268 38.08660254 -1.77718071
v -0.74490624 38.09659258 -1.71494616
v -0.73529756 38.08660254 -1.69282477
v -0.97148661 38.09659258 -1.59754167
v -0.95895523 38.08660254 -1.57693470
v -1.17997003 38.09659258 -1.45037800
v -1.16474939 38.08660254 -1.43166932
v -1.36647284 38.09659258 -1.27619654
v -1.34884646 38.08660254 -1.25973466
v -1.52752084 38.09659258 -1.07824195
v -1.50781708 38.08660254 -1.06433352
v -1.66011402 38.09659258 -0.86020175
v -1.63869992 38.08660254 -0.84910586
v -1.76178242 38.09659258 -0.62613762
v -1.73905688 38.08660254 -0.61806096
v -1.83063215 38.09659258 -0.38040973
v -1.80701850 38.08660254 -0.37550276
v -1.86538066 38.09659258 -0.12759553
v -1.84131879 38.08660254 -0.12594966
v -1.86538066 38.09659258 0.12759553
v -1.84131879 38.08660254 0.12594966
v -1.83063215 38.09659258 0.38040973
v -1.80701850 38.08660254 0.37550276
v -1.76178242 38.09659258 0.62613762
v -1.73905688 38.08660254 0.61806096
v -1.66011402 38.09659258 0.86020175
v -1.63869992 38.08660254 0.84910586
v -1.52752084 38.09659258 1.07824195
v -1.50781708 38.08660254 1.06433352
v -1.36647284 38.09659258 1.27619654
v -1.34884646 38.08660254 1.25973466
v -1.17997003 38.09659258 1.45037800
v -1.16474939 38.08660254 1.43166932
v -0.97148661 38.09659258 1.59754167
v -0.95895523 38.08660254 1.57693470
v -0.74490624 38.09659258 1.71494616
v -0.73529756 38.08660254 1.69282477
v -0.50444967 38.09659258 1.80040444
v -0.49794268 38.08660254 1.77718071
v -0.25459616 38.09659258 1.85232460
v -0.25131208 38.08660254 1.82843114
v -1.80955409 37.91039989 -3.16896926
v -1.83963084 37.91039989 -3.15160444
v -1.77868114 -37.91039989 -3.17494457
v -1.77701684 -37.91039989 -3.17498614
v -1.78257586 37.95103982 -3.16608355
v -1.78851143 37.98443247 -3.14092427
v -1.82586449 37.98443247 -3.11935846
v -1.85062086 37.95103982 -3.12679775
v -1.83976978 37.91289321 -3.15144700
v -1.84327076 37.93692217 -3.14343699
v -1.81306071 37.93469832 -3.16437363
v -1.81670611 37.96145729 -3.15038558
v -1.81905171 37.98259709 -3.12864613
v -1.78851143 -37.98443247 -3.14092427
v -1.78257586 -37.95103982 -3.16608355
v -1.91307153 38.01501536 -2.96225735
v -3.47869337 38.01342763 -0.28115715
v -3.46513738 38.02985489 -0.27123516
v -3.44963495 38.04125667 -0.26087767
v -1.89510925 37.96606076 -3.04958031
v -2.03903089 38.00392929 -2.79847134
v -2.02033994 38.04982824 -2.75184077
v -2.07192705 38.03224633 -2.71521114
v -2.11591818 38.00587726 -2.67377023
v -2.12243409 38.06677962 -2.56917276
v -2.17358238 38.07294323 -2.47785523
v -2.17509177 38.04744435 -2.53379987
v -2.26924435 38.02312413 -2.40731681
v -2.47192675 38.03317810 -2.05538621
v -2.37698135 38.06326166 -2.17970163
v -2.44651786 38.08932977 -1.99390463
v -2.27367575 38.08157882 -2.29966079
v -2.79552261 38.09135971 -1.38630900
v -2.72589824 38.06908422 -1.57201315
v -2.99476118 38.03369489 -1.14973895
v -2.64678936 38.03548730 -1.75210193
v -2.97129692 38.08876980 -1.08557437
v -3.07548874 38.06329467 -0.96983519
v -3.16904555 38.02661873 -0.84857125
v -3.17761015 38.07798729 -0.73620089
v -3.28172653 38.06734884 -0.56100215
v -3.36857317 38.00660310 -0.50409630
v -3.27050657 38.01861775 -0.67337004
v -3.28030949 38.04761783 -0.61949208
v -3.38254302 38.05185640 -0.39184660
v -1.84726046 37.99312402 -3.08003774
v -2.12347460 38.04062047 -2.62453770
v -2.22561598 38.05281998 -2.44505737
v -2.27610807 38.05711747 -2.35644746
v -2.51311290 38.05170522 -1.96643341
v -2.55116426 38.06823438 -1.87553928
v -2.90028807 38.06822980 -1.27084137
v -2.93642995 38.08038019 -1.17860631
v -3.17767242 38.05719540 -0.79487851
v -3.22893969 38.05293786 -0.70723594
v -3.32995604 38.04128185 -0.53475415
v -3.37959533 38.03358816 -0.45007956
v -2.22364163 38.07775639 -2.38864761
v -3.21974120 38.02308424 -0.76102121
v 1.78257586 37.95103982 -3.16608355
v 1.78851143 37.98443247 -3.14092427
v -1.58535968 38.01841953 -3.13760531
v -1.58325734 38.00209258 -3.15384275
v -1.48437279 38.03786752 -3.12723333
v -1.29108232 38.00329908 -3.16938736
v -1.28800637 38.05762027 -3.12438593
v -1.19205397 38.04203426 -3.15114302
v -1.04554929 38.07366705 -3.12114480
v -0.95030052 38.05522640 -3.14966467
v -1.09613515 38.01636715 -3.16909173
v -0.47504374 38.08966063 -3.11550209
v 0.32152863 38.09090002 -3.11462412
v 0.09735372 38.09149867 -3.11392375
v 0.19471140 38.06890291 -3.14684294
v 0.29195536 38.03521303 -3.16827698
v 0.51596012 38.03352723 -3.16842135
v 0.64314354 38.06447885 -3.14813239
v 0.77054619 38.08413839 -3.11800391
v 1.05053461 38.05055290 -3.15024178
v 0.97463259 38.07699655 -3.12026399
v 1.12558951 38.01469862 -3.16912568
v 1.21737329 38.06307288 -3.12339531
v 1.29268511 38.03422614 -3.15179555
v 1.39155503 37.99423322 -3.16954298
v 1.48514113 38.03770449 -3.12724120
v 1.58404541 38.00193852 -3.15384655
v 1.58614793 38.01826397 -3.13761285
v 1.68063481 37.95757764 -3.17003585
v -1.38774702 38.02549075 -3.15245814
v -1.33809129 38.04306030 -3.13951986
v -0.04266193 38.05325425 -3.15924886
v -0.09134210 38.06905732 -3.14673398
v 0.35540309 38.05243589 -3.15949632
v 0.41887863 38.06768321 -3.14733062
v 1.73749056 37.99043610 -3.14388345
v -0.52232002 38.02445012 -3.17137972
v -0.73869204 38.04678245 -3.16026775
v -0.60701573 38.07202787 -3.14088958
v -0.25877354 38.07559550 -3.13958673
v 0.02732906 38.07598364 -3.13928186
v 0.17326395 38.02639370 -3.17127511
v -0.91010252 38.03737426 -3.16309035
v -0.81849017 38.07825727 -3.12676378
v -0.75245527 38.08652534 -3.11355506
v -0.39066308 38.05218736 -3.15954672
v -0.12937227 38.09324924 -3.10947507
v 0.10031907 38.05322885 -3.15926587
v 1.83963084 37.91039989 -3.15160444
v 1.80955409 37.91039989 -3.16896926
v 1.81266343 -37.91039989 -3.16777857
v 1.84089721 -37.91039989 -3.15052374
v 1.68009094 -37.95767790 -3.17003536
v 1.58535968 -38.01841953 -3.13760531
v 1.58325734 -38.00209258 -3.15384275
v 1.48437279 -38.03786752 -3.12723333
v 1.29108232 -38.00329908 -3.16938736
v 0.75159424 -38.02933442 -3.16864687
v 0.69956392 -38.08592339 -3.11731237
v 0.50142927 -38.06678203 -3.14759068
v 0.25071076 -38.09120843 -3.11432522
v 0.05590547 -38.03560801 -3.16820825
v -0.32152863 -38.09090002 -3.11462412
v -0.19471140 -38.06890291 -3.14684294
v -0.09735372 -38.09149867 -3.11392375
v -0.29195536 -38.03521303 -3.16827698
v -0.77054618 -38.08413839 -3.11800391
v -0.64314354 -38.06447885 -3.14813239
v -0.92208533 -38.02418436 -3.16884632
v -0.97463258 -38.07699655 -3.12026399
v -0.51596012 -38.03352723 -3.16842135
v -1.05053460 -38.05055290 -3.15024178
v -1.12558950 -38.01469862 -3.16912568
v -1.21737329 -38.06307288 -3.12339531
v -1.29268511 -38.03422614 -3.15179555
v -1.39155503 -37.99423322 -3.16954298
v -1.48514113 -38.03770449 -3.12724120
v -1.58404541 -38.00193852 -3.15384655
v -1.58614793 -38.01826397 -3.13761285
v -1.68063481 -37.95757764 -3.17003585
v 1.73717462 -37.99049573 -3.14388045
v 1.38774702 -38.02549075 -3.15245814
v 1.33809129 -38.04306030 -3.13951986
v 0.82500554 -38.07273216 -3.13472529
v 0.15328553 -38.06898598 -3.14678985
v -0.02069986 -38.06908422 -3.14670433
v 0.02796382 -38.08206789 -3.13124074
v -0.35540309 -38.05243589 -3.15949632
v -0.41887863 -38.06768321 -3.14733062
v -0.84657291 -38.05910419 -3.14909103
v -1.73749056 -37.99043610 -3.14388345
v 0.99721177 -38.07975039 -3.11230918
v 1.09591385 -38.06096650 -3.13709263
v 1.04831162 -38.02728327 -3.16551887
v 0.91328430 -38.03306172 -3.16522484
v 0.07664373 -38.09151056 -3.11389588
v 1.28902206 -38.05527257 -3.12818158
v 1.19393943 -38.03462162 -3.15678385
v 1.09707933 -38.01205205 -3.17051760
v -3.63319671 -37.95103982 -0.03928580
v -3.61437592 -37.98443247 -0.02156580
v -1.95067074 -38.04123107 -2.85716505
v -2.03055411 -38.05183428 -2.73356394
v -1.98276109 -38.01340188 -2.87218999
v -1.96739099 -38.02982899 -2.86541168
v -2.12074235 -38.00658015 -2.66540274
v -1.92673148 -37.96424569 -3.00272482
v -2.12665421 -38.06733619 -2.56164809
v -2.17658679 -38.04760632 -2.53119627
v -2.21833431 -38.01860856 -2.49578537
v -2.49301102 -38.03369442 -2.01879528
v -2.84068783 -38.03548803 -1.41625982
v -2.72428033 -38.06908422 -1.57481542
v -2.94995512 -38.08933130 -1.12192375
v -3.01590571 -38.03317965 -1.11318678
v -3.07608900 -38.06326469 -0.96881032
v -3.12831740 -38.08158416 -0.81937455
v -3.21935732 -38.02312566 -0.76167551
v -3.28181747 -38.04745347 -0.61689891
v -3.28611280 -38.06679456 -0.55362204
v -3.23259903 -38.07295368 -0.64358462
v -3.39329422 -38.04984433 -0.37381545
v -3.38736515 -38.03225969 -0.43680981
v -3.44634260 -37.99311361 -0.36988248
v -3.37347347 -38.00588586 -0.49562444
v -3.46830972 -38.03354246 -0.24821108
v -3.52188191 -38.01503196 -0.17571392
v -3.53474625 -37.99873550 -0.18565844
v -3.59125067 -37.95579495 -0.11988167
v -1.86468423 -37.99423126 -3.05754758
v -1.94350913 -38.00830288 -2.93410529
v -1.95000517 -37.99960226 -2.93658634
v -2.07949091 -38.03356433 -2.70192825
v -2.48884498 -38.08037908 -1.95384679
v -2.89977367 -38.06823548 -1.27172942
v -2.95946420 -38.05170651 -1.19332981
v -3.17872434 -38.05712134 -0.79307168
v -3.23021990 -38.05282598 -0.70503515
v -3.33459767 -38.04063318 -0.52681511
v -3.46116964 -38.01751157 -0.31100848
v -3.59429577 -37.98944253 -0.06239026
v -2.30982965 -38.03482874 -2.32949624
v -2.28869449 -38.05023331 -2.34662557
v -2.35251369 -38.07563295 -2.19324895
v -2.42557147 -38.05754577 -2.10754818
v -2.41194525 -38.09205446 -2.03702622
v -3.18036776 -38.07776343 -0.73154758
v -2.18305010 -38.07137871 -2.46915316
v -2.27331962 -38.01899372 -2.40320909
v -2.23269168 -38.04960629 -2.43881181
v -3.64918493 -37.91039989 0.01736482
v -3.64918493 -37.91039989 -0.01736482
v -3.64918493 37.91039989 0.01736482
v -3.64467342 37.91039989 0.03420201
v -3.61437592 37.98443247 0.02156580
v -3.63319671 37.95103982 0.03928580
v -3.64527671 37.93005081 0.02588190
v 1.85062086 37.95103982 -3.12679775
v 1.82586449 37.98443247 -3.11935846
v 1.81086136 37.92004057 -3.16798467
v 1.81502559 37.94862174 -3.15845719
v 1.84161883 37.92521638 -3.14841110
v 1.81805960 37.97287907 -3.14036374
v 1.84468362 37.94771337 -3.13665097
v 1.82586449 -37.98443247 -3.11935846
v 1.85062086 -37.95103982 -3.12679775
v 1.82101893 -37.97187380 -3.13930783
v 1.81805141 -37.94808906 -3.15719668
v 1.84587870 -37.94718278 -3.13560540
v 1.81397372 -37.92003722 -3.16673598
v 1.84288500 -37.92515598 -3.14726038
v -3.63319671 -37.95103982 0.03928580
v -3.61437592 -37.98443247 0.02156580
v -3.64712542 -37.93043495 -0.01736482
v -3.63116254 -37.96718819 -0.01736482
v -3.64103301 -37.94963202 0.01736482
v -3.61792684 -37.98236914 0.01736482
v -1.95067074 38.04123107 2.85716505
v -2.03055411 38.05183428 2.73356394
v -1.96739099 38.02982899 2.86541168
v -1.98276109 38.01340188 2.87218999
v -2.12074235 38.00658015 2.66540274
v -1.92673148 37.96424569 3.00272482
v -2.12665421 38.06733619 2.56164809
v -2.17658679 38.04760632 2.53119627
v -2.21833431 38.01860856 2.49578537
v -2.22631059 38.07798155 2.38390233
v -2.37756961 38.06329236 2.17866669
v -2.42570930 38.08876823 2.03056127
v -2.49301102 38.03369442 2.01879528
v -2.84068783 38.03548803 1.41625982
v -2.72428033 38.06908422 1.57481542
v -2.94995512 38.08933130 1.12192375
v -2.59826780 38.09135893 1.72796512
v -3.01590571 38.03317965 1.11318678
v -3.07608900 38.06326469 0.96881032
v -3.12831740 38.08158416 0.81937455
v -3.21935732 38.02312566 0.76167551
v -3.28181747 38.04745347 0.61689891
v -3.28611280 38.06679456 0.55362204
v -3.39329422 38.04984433 0.37381545
v -3.38736515 38.03225969 0.43680981
v -3.44634260 37.99311361 0.36988248
v -3.37347347 38.00588586 0.49562444
v -3.46830972 38.03354246 0.24821108
v -3.52188191 38.01503196 0.17571392
v -3.53474625 37.99873550 0.18565844
v -3.59125067 37.95579495 0.11988167
v -1.86468423 37.99423126 3.05754758
v -1.94350913 38.00830288 2.93410529
v -1.95000517 37.99960226 2.93658634
v -2.22688460 38.05293024 2.44284671
v -2.48884498 38.08037908 1.95384679
v -2.55065277 38.06822904 1.87642747
v -2.89977367 38.06823548 1.27172942
v -2.95946420 38.05170651 1.19332981
v -3.17872434 38.05712134 0.79307168
v -3.33459767 38.04063318 0.52681511
v -3.46116964 38.01751157 0.31100848
v -3.18036776 38.07776343 0.73154758
v 3.63319671 37.95103982 -0.03928580
v 3.61437592 37.98443247 -0.02156580
v 1.95067074 38.04123107 -2.85716505
v 2.03055411 38.05183428 -2.73356394
v 1.98276109 38.01340188 -2.87218999
v 1.96739099 38.02982899 -2.86541168
v 2.12074235 38.00658015 -2.66540274
v 1.92673148 37.96424569 -3.00272482
v 2.21833431 38.01860856 -2.49578537
v 2.17658679 38.04760632 -2.53119627
v 2.22631059 38.07798155 -2.38390233
v 2.12665421 38.06733619 -2.56164809
v 2.42570930 38.08876823 -2.03056127
v 2.37756961 38.06329236 -2.17866669
v 2.49301102 38.03369442 -2.01879528
v 2.31932665 38.02661523 -2.32032701
v 2.84068783 38.03548803 -1.41625982
v 2.72428033 38.06908422 -1.57481542
v 2.94995512 38.08933130 -1.12192375
v 2.59826780 38.09135893 -1.72796512
v 3.01590571 38.03317965 -1.11318678
v 3.07608900 38.06326469 -0.96881032
v 3.12831740 38.08158416 -0.81937455
v 3.21935732 38.02312566 -0.76167551
v 3.28181747 38.04745347 -0.61689891
v 3.28611280 38.06679456 -0.55362204
v 3.39329422 38.04984433 -0.37381545
v 3.38736515 38.03225969 -0.43680981
v 3.44634260 37.99311361 -0.36988248
v 3.37347347 38.00588586 -0.49562444
v 3.46830972 38.03354246 -0.24821108
v 3.52188191 38.01503196 -0.17571392
v 3.53474625 37.99873550 -0.18565844
v 3.59125067 37.95579495 -0.11988167
v 1.86468423 37.99423126 -3.05754758
v 1.94350913 38.00830288 -2.93410529
v 1.95000517 37.99960226 -2.93658634
v 2.07949091 38.03356433 -2.70192825
v 2.12800975 38.04126360 -2.61658738
v 2.22688460 38.05293024 -2.44284671
v 2.27714906 38.05719064 -2.35463107
v 2.55065277 38.06822904 -1.87642747
v 2.89977367 38.06823548 -1.27172942
v 2.95946420 38.05170651 -1.19332981
v 3.17872434 38.05712134 -0.79307168
v 3.33459767 38.04063318 -0.52681511
v 3.46116964 38.01751157 -0.31100848
v 2.26885579 38.02307873 -2.40800254
v 3.18036776 38.07776343 -0.73154758
v 3.64918493 37.91039989 0.01736482
v 3.64918493 37.91039989 -0.01736482
v 3.64918493 -37.91039989 0.01736482
v 3.64467342 -37.91039989 0.03420201
v 1.92811555 -37.99871900 -2.96842564
v 1.91307153 -38.01501536 -2.96225735
v 3.47869337 -38.01342763 -0.28115715
v 3.46513738 -38.02985489 -0.27123516
v 3.44963495 -38.04125667 -0.26087767
v 1.94906823 -38.03352433 -2.87961712
v 2.04343533 -37.99309614 -2.79978692
v 2.02033994 -38.04982824 -2.75184077
v 2.07192705 -38.03224633 -2.71521114
v 2.11591818 -38.00587726 -2.67377023
v 2.12243409 -38.06677962 -2.56917276
v 2.17358238 -38.07294323 -2.47785523
v 2.17509177 -38.04744435 -2.53379987
v 2.26924435 -38.02312413 -2.40731681
v 2.47192675 -38.03317810 -2.05538621
v 2.37698135 -38.06326166 -2.17970163
v 2.44651786 -38.08932977 -1.99390463
v 2.27367575 -38.08157882 -2.29966079
v 2.64678936 -38.03548730 -1.75210193
v 2.79552261 -38.09135971 -1.38630900
v 2.72589824 -38.06908422 -1.57201315
v 3.07548874 -38.06329467 -0.96983519
v 2.97129692 -38.08876980 -1.08557437
v 3.16904555 -38.02661873 -0.84857125
v 3.17761015 -38.07798729 -0.73620089
v 3.28172653 -38.06734884 -0.56100215
v 3.36857317 -38.00660310 -0.50409630
v 3.27050657 -38.01861775 -0.67337004
v 3.28030949 -38.04761783 -0.61949208
v 3.38254302 -38.05185640 -0.39184660
v 1.99986962 -38.01749222 -2.84205331
v 2.12347460 -38.04062047 -2.62453770
v 2.27610807 -38.05711747 -2.35644746
v 2.51311290 -38.05170522 -1.96643341
v 2.55116426 -38.06823438 -1.87553928
v 3.17767242 -38.05719540 -0.79487851
v 3.22893969 -38.05293786 -0.70723594
v 3.37959533 -38.03358816 -0.45007956
v 2.22364163 -38.07775639 -2.38864761
v 3.21974120 -38.02308424 -0.76102121
v -1.85062086 -37.95103982 3.12679775
v -1.82586449 -37.98443247 3.11935846
v -3.44963495 -38.04125667 0.26087767
v -1.89941769 -37.95578455 3.05022255
v -1.92811555 -37.99871900 2.96842564
v -1.91307153 -38.01501536 2.96225735
v -1.94906823 -38.03352433 2.87961713
v -2.04343533 -37.99309614 2.79978692
v -2.26924435 -38.02312413 2.40731681
v -2.47192675 -38.03317810 2.05538621
v -2.37698135 -38.06326166 2.17970163
v -2.44651786 -38.08932977 1.99390463
v -2.27367575 -38.08157882 2.29966079
v -2.79552261 -38.09135971 1.38630900
v -2.72589824 -38.06908422 1.57201315
v -2.99476118 -38.03369489 1.14973895
v -2.64678936 -38.03548730 1.75210193
v -2.97129692 -38.08876980 1.08557437
v -3.07548874 -38.06329467 0.96983519
v -3.16904555 -38.02661873 0.84857125
v -3.17761015 -38.07798729 0.73620089
v -3.28172653 -38.06734884 0.56100215
v -3.36857317 -38.00660310 0.50409630
v -3.27050657 -38.01861775 0.67337004
v -3.28030949 -38.04761783 0.61949208
v -3.38254302 -38.05185640 0.39184660
v -3.47869337 -38.01342763 0.28115715
v -3.46513738 -38.02985489 0.27123516
v -3.56374701 -37.96426471 0.16733039
v -1.85116366 -37.98943645 3.08158437
v -1.99986962 -38.01749222 2.84205331
v -2.27610807 -38.05711747 2.35644746
v -2.51311290 -38.05170522 1.96643341
v -2.55116426 -38.06823438 1.87553928
v -2.90028807 -38.06822980 1.27084137
v -2.93642995 -38.08038019 1.17860631
v -3.17767242 -38.05719540 0.79487851
v -3.22893969 -38.05293786 0.70723594
v -3.32995604 -38.04128185 0.53475415
v -3.37959533 -38.03358816 0.45007956
v -3.51809105 -37.99962634 0.22058027
v -3.51269401 -38.00832713 0.21619507
v -2.22364163 -38.07775639 2.38864761
v -3.21974120 -38.02308424 0.76102121
v -1.80955409 -37.91039989 3.16896926
v -1.83963084 -37.91039989 3.15160444
v -1.77868114 37.91039989 3.17494457
v -1.77701684 37.91039989 3.17498614
v -1.78851143 37.98443247 3.14092427
v -1.78257586 37.95103982 3.16608355
v 3.63319671 37.95103982 0.03928580
v 3.61437592 37.98443247 0.02156580
v 3.64712542 37.93043495 -0.01736482
v 3.63116254 37.96718819 -0.01736482
v 3.64103301 37.94963202 0.01736482
v 3.61792684 37.98236914 0.01736482
v 3.61437592 -37.98443247 0.02156580
v 3.63319671 -37.95103982 0.03928580
v 3.64527671 -37.93005081 0.02588190
v -1.78257586 -37.95103982 3.16608355
v -1.78851143 -37.98443247 3.14092427
v -1.83976978 -37.91289321 3.15144700
v -1.84327076 -37.93692217 3.14343699
v -1.81306071 -37.93469832 3.16437363
v -1.81670611 -37.96145729 3.15038558
v -1.81905171 -37.98259709 3.12864613
v 1.68009094 37.95767790 3.17003536
v 1.58535968 38.01841953 3.13760531
v 1.58325734 38.00209258 3.15384275
v 1.48437279 38.03786752 3.12723333
v 1.29108232 38.00329908 3.16938736
v 1.28800637 38.05762027 3.12438593
v 1.19205397 38.04203426 3.15114302
v 1.04554929 38.07366705 3.12114480
v 1.09613515 38.01636715 3.16909173
v 0.75159424 38.02933442 3.16864687
v 0.69956392 38.08592339 3.11731237
v 0.50142926 38.06678203 3.14759068
v 0.25071076 38.09120843 3.11432522
v 0.05590547 38.03560801 3.16820825
v -0.32152863 38.09090002 3.11462412
v -0.19471140 38.06890291 3.14684294
v -0.09735372 38.09149867 3.11392375
v -0.29195536 38.03521303 3.16827698
v -0.77054619 38.08413839 3.11800391
v -0.64314354 38.06447885 3.14813239
v -0.92208533 38.02418436 3.16884632
v -0.97463259 38.07699655 3.12026399
v -1.05053461 38.05055290 3.15024178
v -0.51596012 38.03352723 3.16842135
v -1.12558951 38.01469862 3.16912568
v -1.21737329 38.06307288 3.12339531
v -1.29268511 38.03422614 3.15179555
v -1.39155503 37.99423322 3.16954298
v -1.48514113 38.03770449 3.12724120
v -1.58404541 38.00193852 3.15384655
v -1.58614793 38.01826397 3.13761285
v -1.68063481 37.95757764 3.17003585
v 1.73717462 37.99049573 3.14388045
v 1.38774702 38.02549075 3.15245814
v 1.33809129 38.04306030 3.13951986
v 0.82500554 38.07273216 3.13472529
v 0.15328553 38.06898598 3.14678985
v 0.02796382 38.08206789 3.13124074
v -0.02069986 38.06908422 3.14670433
v -0.35540309 38.05243589 3.15949632
v -0.41887863 38.06768321 3.14733062
v -0.84657291 38.05910419 3.14909103
v -1.73749056 37.99043610 3.14388345
v 0.91328430 38.03306172 3.16522484
v 0.97941281 38.05745085 3.14660323
v 1.85062086 37.95103982 3.12679775
v 1.82586449 37.98443247 3.11935846
v 3.44963495 38.04125667 0.26087767
v 1.89941769 37.95578455 3.05022255
v 1.92811555 37.99871900 2.96842564
v 1.91307153 38.01501536 2.96225735
v 1.94906823 38.03352433 2.87961712
v 2.04343533 37.99309614 2.79978692
v 2.02033994 38.04982824 2.75184077
v 2.07192705 38.03224633 2.71521114
v 2.11591818 38.00587726 2.67377023
v 2.12243409 38.06677962 2.56917276
v 2.17358238 38.07294323 2.47785523
v 2.17509177 38.04744435 2.53379987
v 2.26924435 38.02312413 2.40731681
v 2.27367575 38.08157882 2.29966079
v 2.37698135 38.06326166 2.17970163
v 2.72589824 38.06908422 1.57201315
v 2.47192675 38.03317810 2.05538621
v 2.64678936 38.03548730 1.75210193
v 2.79552261 38.09135971 1.38630900
v 2.99476118 38.03369489 1.14973895
v 3.07548874 38.06329467 0.96983519
v 2.97129692 38.08876980 1.08557437
v 3.17761015 38.07798729 0.73620089
v 3.28172653 38.06734884 0.56100215
v 3.36857317 38.00660310 0.50409630
v 3.27050657 38.01861775 0.67337004
v 3.28030949 38.04761783 0.61949208
v 3.38254302 38.05185640 0.39184660
v 3.47869337 38.01342763 0.28115715
v 3.46513738 38.02985489 0.27123516
v 3.56374701 37.96426471 0.16733039
v 1.85116366 37.98943645 3.08158437
v 1.99986962 38.01749222 2.84205331
v 2.12347460 38.04062047 2.62453770
v 2.22561598 38.05281998 2.44505737
v 2.27610807 38.05711747 2.35644746
v 2.90028807 38.06822980 1.27084137
v 2.93642995 38.08038019 1.17860631
v 3.22893969 38.05293786 0.70723594
v 3.32995604 38.04128185 0.53475415
v 3.37959533 38.03358816 0.45007956
v 3.51809105 37.99962634 0.22058027
v 3.51269401 38.00832713 0.21619507
v 3.58022325 37.99424312 0.08614541
v 2.22364163 38.07775639 2.38864761
v 1.82586449 -37.98443247 3.11935846
v 1.85062086 -37.95103982 3.12679775
v 1.95067074 -38.04123107 2.85716505
v 2.03055411 -38.05183428 2.73356394
v 1.96739099 -38.02982899 2.86541168
v 1.98276109 -38.01340188 2.87218999
v 2.12074235 -38.00658015 2.66540274
v 1.92673148 -37.96424569 3.00272482
v 2.21833431 -38.01860856 2.49578537
v 2.17658679 -38.04760632 2.53119627
v 2.22631059 -38.07798155 2.38390233
v 2.12665421 -38.06733619 2.56164809
v 2.42570930 -38.08876823 2.03056127
v 2.37756961 -38.06329236 2.17866669
v 2.66678568 -38.03554892 1.71744206
v 2.31932665 -38.02661523 2.32032701
v 2.77326734 -38.09144083 1.42462125
v 3.12831740 -38.08158416 0.81937455
v 3.21935732 -38.02312566 0.76167551
v 3.28181747 -38.04745347 0.61689891
v 3.01590571 -38.03317965 1.11318678
v 3.07608900 -38.06326469 0.96881032
v 3.28611280 -38.06679456 0.55362204
v 3.23259903 -38.07295368 0.64358462
v 3.39329422 -38.04984433 0.37381545
v 3.38736515 -38.03225969 0.43680981
v 3.44634260 -37.99311361 0.36988248
v 3.37347347 -38.00588586 0.49562444
v 3.46830972 -38.03354246 0.24821108
v 3.52188191 -38.01503196 0.17571392
v 3.53474625 -37.99873550 0.18565844
v 3.59125067 -37.95579495 0.11988167
v 1.86468423 -37.99423126 3.05754758
v 1.94350913 -38.00830288 2.93410529
v 1.95000517 -37.99960226 2.93658634
v 2.12800975 -38.04126360 2.61658738
v 2.22688460 -38.05293024 2.44284671
v 2.27714906 -38.05719064 2.35463107
v 2.55065277 -38.06822904 1.87642747
v 2.57532520 -38.08162386 1.80271431
v 2.89977367 -38.06823548 1.27172942
v 3.17872434 -38.05712134 0.79307168
v 3.23021990 -38.05282598 0.70503515
v 3.33459767 -38.04063318 0.52681511
v 3.46116964 -38.01751157 0.31100848
v 3.59429577 -37.98944253 0.06239026
v 2.26885579 -38.02307873 2.40800254
v 2.59854246 -38.09136047 1.72748470
v 2.72483223 -38.06908539 1.57385724
v 2.62415883 -38.06124790 1.76186009
v 2.82489999 -38.07575412 1.38610485
v 2.87169608 -38.05286700 1.34486335
v 2.84096423 -38.03548775 1.41578089
v 2.91152445 -38.02595649 1.29971205
v 3.18036776 -38.07776343 0.73154758
v 1.78257586 -37.95103982 3.16608355
v 1.78851143 -37.98443247 3.14092427
v -1.68009094 -37.95767790 3.17003536
v -1.58535968 -38.01841953 3.13760531
v -1.58325734 -38.00209258 3.15384275
v -1.48437279 -38.03786752 3.12723333
v -1.29108232 -38.00329908 3.16938736
v -1.28800637 -38.05762027 3.12438593
v -1.19205397 -38.04203426 3.15114302
v -1.04554929 -38.07366705 3.12114480
v -1.09613515 -38.01636715 3.16909173
v -0.75159424 -38.02933442 3.16864687
v -0.69956392 -38.08592339 3.11731237
v -0.50142926 -38.06678203 3.14759068
v -0.25071076 -38.09120843 3.11432522
v -0.05590547 -38.03560801 3.16820825
v 0.32152863 -38.09090002 3.11462412
v 0.09735372 -38.09149867 3.11392375
v 0.19471140 -38.06890291 3.14684294
v 0.29195536 -38.03521303 3.16827698
v 0.77054619 -38.08413839 3.11800391
v 0.64314354 -38.06447885 3.14813239
v 0.92208533 -38.02418436 3.16884632
v 0.97463259 -38.07699655 3.12026399
v 1.05053461 -38.05055290 3.15024178
v 0.51596012 -38.03352723 3.16842135
v 1.12558951 -38.01469862 3.16912568
v 1.21737329 -38.06307288 3.12339531
v 1.39155503 -37.99423322 3.16954298
v 1.48514113 -38.03770449 3.12724120
v 1.58404541 -38.00193852 3.15384655
v 1.58614793 -38.01826397 3.13761285
v 1.68063481 -37.95757764 3.17003585
v -1.73717462 -37.99049573 3.14388045
v -1.38774702 -38.02549075 3.15245814
v -1.33809129 -38.04306030 3.13951986
v -0.82500554 -38.07273216 3.13472529
v -0.15328553 -38.06898598 3.14678985
v 0.02069986 -38.06908422 3.14670433
v -0.02796382 -38.08206789 3.13124074
v 0.35540309 -38.05243589 3.15949632
v 0.41887863 -38.06768321 3.14733062
v 0.84657291 -38.05910419 3.14909103
v 1.30524511 -38.03314533 3.15188320
v 1.73749056 -37.99043610 3.14388345
v -0.91328430 -38.03306172 3.16522484
v -0.07664373 -38.09151056 3.11389588
v 1.25244256 -38.00626810 3.16931871
v -0.97941281 -38.05745085 3.14660323
v 1.84089721 37.91039989 3.15052374
v 1.81266343 37.91039989 3.16777857
v 1.82101893 37.97187380 3.13930783
v 1.81805141 37.94808906 3.15719668
v 1.84587870 37.94718278 3.13560540
v 1.81397372 37.92003722 3.16673598
v 1.84288500 37.92515598 3.14726038
v 1.80955409 -37.91039989 3.16896926
v 1.83963084 -37.91039989 3.15160444
v 1.81086136 -37.92004057 3.16798467
v 1.81502559 -37.94862174 3.15845719
v 1.84161883 -37.92521638 3.14841110
v 1.81805960 -37.97287907 3.14036374
v 1.84468362 -37.94771337 3.13665097
f 6 7 8
f 5 8 9
f 5 6 8
f 3 9 4
f 2 9 3
f 1 5 9
f 1 9 2
f 15 16 17
f 14 17 18
f 14 15 17
f 19 10 11
f 19 11 12
f 19 12 13
f 19 13 14
f 19 18 10
f 19 14 18
f 29 25 26
f 29 26 27
f 29 27 28
f 30 28 20
f 31 24 25
f 31 25 29
f 31 28 30
f 31 29 28
f 32 20 21
f 32 21 22
f 32 30 20
f 33 22 23
f 33 23 24
f 33 32 22
f 33 30 32
f 33 24 31
f 33 31 30
f 39 40 41
f 38 41 42
f 38 39 41
f 35 42 34
f 36 42 35
f 37 38 42
f 37 42 36
f 48 49 50
f 47 50 51
f 47 48 50
f 52 43 44
f 52 44 45
f 52 45 46
f 52 46 47
f 52 51 43
f 52 47 51
f 62 58 59
f 62 61 60
f 62 59 61
f 63 60 53
f 64 57 58
f 64 62 60
f 64 60 63
f 64 58 62
f 65 53 54
f 65 54 55
f 65 63 53
f 66 55 56
f 66 56 57
f 66 65 55
f 66 63 65
f 66 57 64
f 66 64 63
f 93 116 92
f 119 90 89
f 119 117 90
f 120 95 94
f 120 117 119
f 120 118 117
f 120 94 118
f 121 89 88
f 121 119 89
f 122 120 119
f 122 95 120
f 122 96 95
f 122 119 121
f 123 88 87
f 123 121 88
f 124 121 123
f 124 97 96
f 124 96 122
f 124 122 121
f 125 87 86
f 125 123 87
f 126 124 123
f 126 97 124
f 126 98 97
f 126 123 125
f 127 86 85
f 127 125 86
f 128 99 98
f 128 98 126
f 128 126 125
f 128 125 127
f 129 85 84
f 129 127 85
f 130 99 128
f 130 100 99
f 130 128 127
f 130 127 129
f 131 84 83
f 131 129 84
f 132 129 131
f 132 101 100
f 132 130 129
f 132 100 130
f 133 83 82
f 133 131 83
f 134 102 101
f 134 132 131
f 134 101 132
f 134 131 133
f 135 81 80
f 135 82 81
f 135 133 82
f 136 103 102
f 136 102 134
f 136 133 135
f 136 134 133
f 137 80 79
f 137 135 80
f 138 104 103
f 138 103 136
f 138 136 135
f 138 135 137
f 139 137 79
f 140 104 138
f 140 105 104
f 140 138 137
f 140 137 139
f 141 139 79
f 141 79 78
f 142 106 105
f 142 105 140
f 142 139 141
f 142 140 139
f 143 141 78
f 143 78 77
f 143 142 141
f 144 107 106
f 144 106 142
f 144 142 143
f 145 77 76
f 145 143 77
f 145 144 143
f 146 108 107
f 146 107 144
f 146 144 145
f 147 76 75
f 147 145 76
f 148 109 108
f 148 146 145
f 148 108 146
f 148 145 147
f 149 75 74
f 149 147 75
f 150 147 149
f 150 110 109
f 150 109 148
f 150 148 147
f 151 74 73
f 151 149 74
f 151 150 149
f 152 111 110
f 152 110 150
f 152 150 151
f 153 73 72
f 153 151 73
f 154 151 153
f 154 152 151
f 154 112 111
f 154 111 152
f 155 154 153
f 155 72 71
f 155 153 72
f 156 112 154
f 156 154 155
f 156 113 112
f 157 155 71
f 157 71 70
f 158 156 155
f 158 155 157
f 158 113 156
f 158 114 113
f 159 70 69
f 159 157 70
f 160 158 157
f 160 114 158
f 160 157 159
f 160 115 114
f 161 68 67
f 161 69 68
f 161 159 69
f 161 67 91
f 161 91 92
f 162 160 159
f 162 115 160
f 162 161 92
f 162 116 115
f 162 159 161
f 162 92 116
f 187 164 163
f 215 186 185
f 215 213 186
f 216 191 190
f 216 213 215
f 216 214 213
f 216 190 214
f 217 185 184
f 217 215 185
f 218 216 215
f 218 191 216
f 218 192 191
f 218 215 217
f 219 184 183
f 219 217 184
f 220 217 219
f 220 193 192
f 220 192 218
f 220 218 217
f 221 183 182
f 221 219 183
f 222 220 219
f 222 193 220
f 222 194 193
f 222 219 221
f 223 182 181
f 223 221 182
f 224 195 194
f 224 194 222
f 224 222 221
f 224 221 223
f 225 181 180
f 225 223 181
f 226 195 224
f 226 196 195
f 226 224 223
f 226 223 225
f 227 180 179
f 227 225 180
f 228 225 227
f 228 197 196
f 228 226 225
f 228 196 226
f 229 179 178
f 229 227 179
f 229 228 227
f 230 198 197
f 230 228 229
f 230 197 228
f 231 178 177
f 231 229 178
f 231 230 229
f 232 199 198
f 232 198 230
f 232 230 231
f 233 177 176
f 233 231 177
f 234 231 233
f 234 200 199
f 234 199 232
f 234 232 231
f 235 233 176
f 235 175 174
f 235 176 175
f 236 234 233
f 236 201 200
f 236 233 235
f 236 200 234
f 237 235 174
f 238 202 201
f 238 201 236
f 238 236 235
f 238 235 237
f 239 174 173
f 239 237 174
f 240 203 202
f 240 202 238
f 240 238 237
f 240 237 239
f 241 172 171
f 241 173 172
f 241 239 173
f 242 203 240
f 242 204 203
f 242 240 239
f 242 239 241
f 243 241 171
f 244 241 243
f 244 205 204
f 244 242 241
f 244 204 242
f 245 170 169
f 245 171 170
f 245 243 171
f 246 206 205
f 246 244 243
f 246 205 244
f 246 243 245
f 247 245 169
f 248 245 247
f 248 207 206
f 248 206 246
f 248 246 245
f 249 169 168
f 249 247 169
f 250 247 249
f 250 208 207
f 250 248 247
f 250 207 248
f 251 168 167
f 251 249 168
f 252 208 250
f 252 249 251
f 252 250 249
f 252 209 208
f 253 251 167
f 253 167 166
f 254 209 252
f 254 252 251
f 254 251 253
f 254 210 209
f 255 165 164
f 255 166 165
f 255 253 166
f 256 254 253
f 256 210 254
f 256 211 210
f 256 253 255
f 257 255 164
f 257 164 187
f 258 256 255
f 258 211 256
f 258 187 188
f 258 188 189
f 258 212 211
f 258 189 212
f 258 255 257
f 258 257 187
f 283 260 259
f 285 308 284
f 311 282 281
f 311 309 282
f 312 287 286
f 312 309 311
f 312 310 309
f 312 286 310
f 313 281 280
f 313 311 281
f 314 287 312
f 314 288 287
f 314 311 313
f 314 312 311
f 315 280 279
f 315 313 280
f 316 313 315
f 316 289 288
f 316 288 314
f 316 314 313
f 317 279 278
f 317 315 279
f 318 316 315
f 318 289 316
f 318 290 289
f 318 315 317
f 319 278 277
f 319 317 278
f 320 291 290
f 320 290 318
f 320 318 317
f 320 317 319
f 321 277 276
f 321 319 277
f 322 291 320
f 322 292 291
f 322 320 319
f 322 319 321
f 323 276 275
f 323 321 276
f 324 293 292
f 324 321 323
f 324 292 322
f 324 322 321
f 325 275 274
f 325 323 275
f 326 293 324
f 326 294 293
f 326 323 325
f 326 324 323
f 327 274 273
f 327 325 274
f 328 295 294
f 328 296 295
f 328 294 326
f 328 326 325
f 328 325 327
f 329 273 272
f 329 327 273
f 330 327 329
f 330 297 296
f 330 328 327
f 330 296 328
f 331 329 272
f 331 272 271
f 331 330 329
f 332 298 297
f 332 330 331
f 332 297 330
f 333 271 270
f 333 331 271
f 334 332 331
f 334 298 332
f 334 331 333
f 335 333 270
f 335 270 269
f 336 299 298
f 336 333 335
f 336 334 333
f 336 298 334
f 337 269 268
f 337 335 269
f 338 300 299
f 338 299 336
f 338 336 335
f 338 335 337
f 339 268 267
f 339 337 268
f 340 300 338
f 340 301 300
f 340 338 337
f 340 337 339
f 341 267 266
f 341 339 267
f 342 302 301
f 342 340 339
f 342 301 340
f 342 339 341
f 343 266 265
f 343 341 266
f 344 341 343
f 344 303 302
f 344 304 303
f 344 302 342
f 344 342 341
f 345 265 264
f 345 343 265
f 346 304 344
f 346 343 345
f 346 344 343
f 347 264 263
f 347 345 264
f 348 304 346
f 348 346 345
f 348 345 347
f 348 305 304
f 348 306 305
f 349 263 262
f 349 347 263
f 349 348 347
f 350 306 348
f 350 348 349
f 351 262 261
f 351 349 262
f 352 306 350
f 352 350 349
f 352 307 306
f 352 349 351
f 353 261 260
f 353 351 261
f 353 352 351
f 353 283 284
f 353 260 283
f 354 307 352
f 354 353 284
f 354 308 307
f 354 352 353
f 354 284 308
f 380 379 381
f 382 379 380
f 383 355 356
f 383 356 357
f 383 357 358
f 383 379 355
f 383 381 379
f 384 379 382
f 385 358 359
f 385 359 360
f 385 380 381
f 385 383 358
f 385 381 383
f 386 379 384
f 387 360 361
f 387 361 362
f 387 385 360
f 387 380 385
f 387 382 380
f 388 379 379
f 388 379 386
f 389 362 363
f 389 363 364
f 389 382 387
f 389 387 362
f 389 384 382
f 390 379 388
f 391 364 365
f 391 365 366
f 391 389 364
f 391 386 384
f 391 384 389
f 392 379 390
f 393 366 367
f 393 388 386
f 393 386 391
f 393 391 366
f 394 379 392
f 395 367 368
f 395 368 369
f 395 388 393
f 395 390 388
f 395 393 367
f 395 392 390
f 396 379 394
f 397 369 370
f 397 370 371
f 397 395 369
f 397 392 395
f 398 379 396
f 399 392 397
f 399 371 372
f 399 372 373
f 399 397 371
f 399 394 392
f 399 396 394
f 400 373 374
f 400 374 375
f 400 396 399
f 400 399 373
f 401 379 398
f 401 398 396
f 401 396 400
f 401 375 376
f 401 376 377
f 401 377 378
f 401 378 379
f 401 400 375
f 402 355 186
f 402 356 355
f 403 357 356
f 403 356 402
f 404 358 357
f 404 357 403
f 405 359 358
f 405 358 404
f 406 360 359
f 406 361 360
f 406 359 405
f 407 361 406
f 408 362 361
f 408 361 407
f 409 363 362
f 409 362 408
f 410 364 363
f 410 363 409
f 411 365 364
f 411 364 410
f 412 366 365
f 412 365 411
f 413 366 412
f 413 367 366
f 414 367 413
f 414 368 367
f 415 368 414
f 415 369 368
f 416 369 415
f 416 370 369
f 417 370 416
f 417 371 370
f 418 371 417
f 418 372 371
f 419 372 418
f 419 373 372
f 420 373 419
f 420 374 373
f 421 374 420
f 421 375 374
f 422 375 421
f 422 376 375
f 423 376 422
f 423 377 376
f 163 377 423
f 163 378 377
f 449 448 447
f 450 448 449
f 451 448 450
f 452 445 444
f 452 446 445
f 452 447 446
f 452 449 447
f 453 448 451
f 454 443 442
f 454 444 443
f 454 450 449
f 454 449 452
f 454 452 444
f 455 448 453
f 456 441 440
f 456 442 441
f 456 454 442
f 456 451 450
f 456 450 454
f 457 448 448
f 457 448 455
f 458 439 438
f 458 440 439
f 458 451 456
f 458 453 451
f 458 456 440
f 459 448 457
f 460 437 436
f 460 438 437
f 460 453 458
f 460 455 453
f 460 458 438
f 461 448 459
f 462 436 435
f 462 460 436
f 462 457 455
f 462 455 460
f 463 448 461
f 464 434 433
f 464 435 434
f 464 462 435
f 464 459 457
f 464 457 462
f 465 448 463
f 466 432 431
f 466 433 432
f 466 464 433
f 466 461 459
f 466 459 464
f 467 424 448
f 467 448 465
f 468 461 466
f 468 430 429
f 468 431 430
f 468 466 431
f 468 463 461
f 469 428 427
f 469 429 428
f 469 467 465
f 469 463 468
f 469 468 429
f 469 465 463
f 470 425 424
f 470 426 425
f 470 427 426
f 470 467 469
f 470 469 427
f 470 424 467
f 424 494 472
f 425 493 494
f 425 494 424
f 426 492 493
f 426 493 425
f 427 491 492
f 427 492 426
f 428 490 491
f 428 491 427
f 429 489 490
f 429 490 428
f 430 488 489
f 430 489 429
f 431 487 488
f 431 488 430
f 432 486 487
f 432 487 431
f 433 485 486
f 433 486 432
f 434 484 485
f 434 485 433
f 435 483 484
f 435 484 434
f 436 483 435
f 436 482 483
f 437 482 436
f 437 481 482
f 438 481 437
f 438 480 481
f 439 480 438
f 439 479 480
f 440 479 439
f 440 478 479
f 441 478 440
f 442 478 441
f 442 476 477
f 442 477 478
f 443 476 442
f 443 475 476
f 444 475 443
f 444 474 475
f 445 473 474
f 445 474 444
f 446 471 473
f 446 473 445
f 447 471 446
f 495 471 93
f 495 473 471
f 496 474 473
f 496 473 495
f 497 475 474
f 497 474 496
f 498 476 475
f 498 475 497
f 499 477 476
f 499 476 498
f 500 478 477
f 500 477 499
f 501 479 478
f 501 478 500
f 502 480 479
f 502 479 501
f 503 481 480
f 503 480 502
f 504 482 481
f 504 481 503
f 505 483 482
f 505 482 504
f 506 484 483
f 506 483 505
f 507 484 506
f 507 485 484
f 508 485 507
f 508 486 485
f 509 486 508
f 509 487 486
f 510 487 509
f 510 488 487
f 511 488 510
f 511 489 488
f 512 489 511
f 512 490 489
f 513 490 512
f 513 491 490
f 514 491 513
f 514 492 491
f 515 492 514
f 515 493 492
f 516 493 515
f 516 494 493
f 94 494 516
f 94 472 494
f 525 548 547
f 525 549 548
f 525 524 549
f 550 525 547
f 530 529 553
f 533 532 554
f 541 540 559
f 546 545 519
f 520 546 519
f 521 546 520
f 522 546 521
f 523 546 522
f 561 526 525
f 561 525 550
f 562 550 551
f 563 527 526
f 563 526 561
f 563 561 550
f 563 550 562
f 564 551 7
f 564 7 552
f 565 562 551
f 565 551 564
f 566 528 527
f 566 565 528
f 566 562 565
f 566 527 563
f 566 563 562
f 567 564 552
f 567 565 564
f 567 529 528
f 567 528 565
f 568 567 552
f 568 552 553
f 569 529 567
f 569 567 568
f 569 568 553
f 569 553 529
f 570 530 553
f 571 531 530
f 571 530 570
f 571 570 553
f 572 532 531
f 572 553 554
f 572 571 553
f 572 531 571
f 572 554 532
f 573 554 555
f 573 533 554
f 574 533 573
f 574 534 533
f 575 534 574
f 575 535 534
f 575 573 555
f 575 574 573
f 576 555 556
f 576 575 555
f 577 576 556
f 578 575 576
f 578 535 575
f 579 536 535
f 579 576 577
f 579 578 576
f 579 535 578
f 580 579 577
f 580 556 557
f 580 577 556
f 581 579 580
f 581 580 557
f 582 579 581
f 582 536 579
f 583 557 558
f 583 581 557
f 584 537 536
f 584 536 582
f 584 583 558
f 584 581 583
f 584 582 581
f 585 538 537
f 585 537 584
f 585 584 558
f 586 539 538
f 586 540 539
f 586 585 558
f 586 538 585
f 587 559 540
f 587 558 559
f 587 540 586
f 587 586 558
f 588 541 559
f 588 542 541
f 588 559 560
f 589 588 560
f 590 588 589
f 590 542 588
f 591 517 518
f 591 560 517
f 592 589 560
f 592 591 518
f 592 560 591
f 593 589 592
f 593 543 542
f 593 590 589
f 593 542 590
f 594 518 519
f 594 592 518
f 595 594 519
f 595 544 543
f 595 519 544
f 595 593 592
f 595 543 593
f 595 592 594
f 596 544 519
f 596 519 545
f 596 545 544
f 597 190 282
f 597 640 190
f 598 639 640
f 598 640 597
f 599 638 639
f 599 639 598
f 600 637 638
f 600 638 599
f 601 636 637
f 601 637 600
f 602 635 636
f 602 636 601
f 603 634 635
f 603 635 602
f 604 633 634
f 604 634 603
f 632 633 604
f 605 632 604
f 631 632 605
f 606 631 605
f 630 631 606
f 607 630 606
f 629 630 607
f 608 629 607
f 628 629 608
f 609 628 608
f 610 628 609
f 610 627 628
f 611 627 610
f 611 626 627
f 625 626 611
f 612 625 611
f 624 625 612
f 613 624 612
f 623 624 613
f 614 623 613
f 622 623 614
f 615 622 614
f 621 622 615
f 616 621 615
f 620 621 616
f 617 620 616
f 618 619 620
f 618 620 617
f 189 619 618
f 259 189 618
f 642 682 641
f 642 683 682
f 642 681 683
f 680 642 643
f 680 681 642
f 644 680 643
f 676 677 647
f 648 676 647
f 649 676 648
f 675 649 650
f 675 676 649
f 656 672 655
f 657 672 656
f 671 672 657
f 671 657 658
f 665 663 664
f 666 663 665
f 667 668 663
f 667 663 666
f 684 680 644
f 685 679 680
f 685 680 684
f 686 644 645
f 686 684 644
f 687 684 686
f 687 677 678
f 687 678 679
f 687 679 685
f 687 685 684
f 688 645 646
f 688 646 647
f 688 686 645
f 689 687 686
f 689 677 687
f 689 686 688
f 689 688 647
f 689 647 677
f 690 650 651
f 690 675 650
f 691 651 652
f 691 675 690
f 691 690 651
f 692 674 675
f 692 675 691
f 693 652 653
f 693 691 652
f 694 16 674
f 694 691 693
f 694 674 692
f 694 692 691
f 695 693 653
f 696 695 673
f 696 673 16
f 696 694 693
f 696 16 694
f 696 693 695
f 697 653 654
f 697 695 653
f 697 673 695
f 698 654 655
f 698 672 673
f 698 697 654
f 698 673 697
f 698 655 672
f 699 671 658
f 699 658 659
f 700 659 660
f 700 671 699
f 700 699 659
f 701 671 700
f 701 670 671
f 702 700 660
f 703 669 40
f 703 40 670
f 703 670 701
f 703 700 702
f 703 701 700
f 704 702 660
f 704 660 661
f 705 668 669
f 705 702 704
f 705 669 703
f 705 703 702
f 705 704 668
f 706 704 661
f 706 661 662
f 706 662 663
f 706 663 668
f 706 668 704
f 709 710 711
f 707 708 709
f 707 709 711
f 713 707 711
f 715 713 714
f 712 715 716
f 712 713 715
f 712 707 713
f 718 719 720
f 10 717 718
f 10 718 720
f 722 10 720
f 724 722 723
f 721 724 725
f 721 722 724
f 721 10 722
f 727 728 729
f 34 726 727
f 34 727 729
f 731 34 729
f 733 731 732
f 730 733 734
f 730 731 733
f 730 34 731
f 736 737 738
f 53 735 736
f 53 736 738
f 741 43 740
f 739 741 742
f 739 738 43
f 739 53 738
f 739 43 741
f 745 746 747
f 743 744 745
f 743 745 747
f 20 743 747
f 750 20 749
f 748 750 751
f 748 20 750
f 748 743 20
f 754 755 756
f 752 753 754
f 752 754 756
f 4 752 756
f 759 4 758
f 757 759 760
f 757 4 759
f 757 752 4
f 761 665 664
f 761 666 665
f 761 667 666
f 796 761 762
f 796 667 761
f 763 796 762
f 793 794 766
f 767 793 766
f 768 793 767
f 792 768 769
f 792 793 768
f 775 788 774
f 776 788 775
f 787 788 776
f 787 776 777
f 682 782 641
f 683 782 682
f 681 783 782
f 681 782 683
f 797 796 763
f 798 795 796
f 798 796 797
f 799 763 764
f 799 797 763
f 800 794 59
f 800 59 795
f 800 795 798
f 800 798 797
f 800 797 799
f 801 764 765
f 801 765 766
f 801 799 764
f 802 800 799
f 802 801 766
f 802 799 801
f 802 766 794
f 802 794 800
f 803 769 770
f 803 792 769
f 804 770 771
f 804 792 803
f 804 803 770
f 805 791 792
f 805 792 804
f 806 771 772
f 806 804 771
f 807 790 791
f 807 804 806
f 807 791 805
f 807 805 804
f 808 806 772
f 809 789 790
f 809 807 806
f 809 790 807
f 809 806 808
f 810 809 808
f 810 772 773
f 810 808 772
f 810 789 809
f 811 773 774
f 811 788 789
f 811 789 810
f 811 810 773
f 811 774 788
f 812 787 777
f 812 777 778
f 813 778 779
f 813 812 778
f 813 787 812
f 814 787 813
f 814 786 787
f 815 813 779
f 816 784 785
f 816 785 786
f 816 786 814
f 816 813 815
f 816 814 813
f 817 815 779
f 817 779 780
f 818 783 784
f 818 815 817
f 818 784 816
f 818 816 815
f 818 817 783
f 819 817 780
f 819 780 781
f 819 781 782
f 819 782 783
f 819 783 817
f 212 189 259
f 260 212 259
f 211 212 260
f 261 211 260
f 210 211 261
f 262 210 261
f 209 210 262
f 263 209 262
f 208 209 263
f 264 208 263
f 207 208 264
f 265 207 264
f 206 207 265
f 266 206 265
f 205 206 266
f 267 205 266
f 204 205 267
f 268 204 267
f 203 204 268
f 269 203 268
f 202 203 269
f 270 202 269
f 201 202 270
f 271 201 270
f 200 201 271
f 272 200 271
f 273 200 272
f 273 199 200
f 274 199 273
f 274 198 199
f 197 198 274
f 275 197 274
f 276 197 275
f 276 196 197
f 195 196 276
f 277 195 276
f 278 195 277
f 278 194 195
f 279 193 194
f 279 194 278
f 280 192 193
f 280 193 279
f 281 191 192
f 281 192 280
f 282 190 191
f 282 191 281
f 824 766 765
f 824 825 766
f 826 767 766
f 826 766 825
f 823 824 765
f 823 764 763
f 823 765 764
f 827 768 767
f 827 767 826
f 822 823 763
f 828 769 768
f 828 768 827
f 821 763 762
f 821 822 763
f 829 770 769
f 829 769 828
f 820 762 761
f 820 821 762
f 830 771 770
f 830 770 829
f 285 761 664
f 285 820 761
f 831 771 830
f 831 772 771
f 308 285 664
f 308 664 663
f 832 773 772
f 832 772 831
f 307 662 661
f 307 663 662
f 307 308 663
f 833 774 773
f 833 773 832
f 306 307 661
f 834 775 774
f 834 774 833
f 305 661 660
f 305 306 661
f 835 776 775
f 835 775 834
f 304 660 659
f 304 305 660
f 836 777 776
f 836 776 835
f 658 304 659
f 658 303 304
f 837 777 836
f 778 777 837
f 657 302 303
f 657 303 658
f 779 837 838
f 779 778 837
f 656 302 657
f 656 301 302
f 780 838 839
f 780 839 840
f 780 779 838
f 655 301 656
f 655 300 301
f 781 780 840
f 654 300 655
f 654 299 300
f 782 781 840
f 782 840 841
f 782 841 286
f 653 299 654
f 653 298 299
f 641 782 286
f 652 298 653
f 652 296 297
f 652 297 298
f 642 641 286
f 642 286 287
f 651 296 652
f 643 642 287
f 643 287 288
f 643 288 289
f 650 296 651
f 650 294 295
f 650 295 296
f 644 643 289
f 649 294 650
f 645 644 289
f 645 289 290
f 648 294 649
f 648 293 294
f 646 645 290
f 646 290 291
f 646 291 292
f 647 293 648
f 647 646 292
f 647 292 293
f 855 521 520
f 855 522 521
f 855 523 522
f 842 855 520
f 860 859 846
f 863 862 847
f 871 870 851
f 876 875 854
f 547 876 854
f 548 876 547
f 549 876 548
f 524 876 549
f 877 856 855
f 877 855 842
f 878 842 843
f 879 857 856
f 879 856 877
f 879 877 842
f 879 842 878
f 880 843 844
f 880 844 845
f 881 878 843
f 881 843 880
f 882 881 858
f 882 858 857
f 882 857 879
f 882 879 878
f 882 878 881
f 883 881 880
f 883 858 881
f 883 859 858
f 883 880 845
f 884 845 846
f 884 883 845
f 885 859 883
f 885 884 846
f 885 883 884
f 885 846 859
f 886 861 860
f 886 860 846
f 887 886 846
f 887 861 886
f 888 846 847
f 888 862 861
f 888 861 887
f 888 887 846
f 888 847 862
f 889 847 848
f 889 863 847
f 890 863 889
f 890 864 863
f 891 865 864
f 891 890 889
f 891 864 890
f 891 889 848
f 892 848 49
f 892 891 848
f 893 892 49
f 894 865 891
f 894 891 892
f 895 865 894
f 895 866 865
f 895 894 892
f 895 892 893
f 896 49 849
f 896 893 49
f 897 895 893
f 897 896 849
f 897 893 896
f 898 895 897
f 898 866 895
f 899 849 850
f 899 897 849
f 900 867 866
f 900 898 897
f 900 899 850
f 900 897 899
f 900 866 898
f 901 867 900
f 901 868 867
f 901 869 868
f 901 900 850
f 902 869 901
f 902 901 850
f 903 851 870
f 903 850 851
f 903 870 869
f 903 902 850
f 903 869 902
f 904 871 851
f 904 851 852
f 905 904 852
f 906 904 905
f 906 872 871
f 906 871 904
f 907 852 26
f 907 26 853
f 908 852 907
f 908 906 905
f 908 905 852
f 908 907 853
f 909 873 872
f 909 872 906
f 909 906 908
f 910 853 854
f 910 908 853
f 911 910 854
f 911 854 874
f 911 874 873
f 911 909 908
f 911 873 909
f 911 908 910
f 912 874 854
f 912 854 875
f 912 875 874
f 95 472 94
f 95 913 472
f 96 914 913
f 96 913 95
f 97 915 914
f 97 914 96
f 98 916 915
f 98 915 97
f 99 917 916
f 99 916 98
f 100 918 917
f 100 917 99
f 101 919 918
f 101 918 100
f 920 919 101
f 102 920 101
f 921 920 102
f 103 921 102
f 922 921 103
f 104 922 103
f 923 922 104
f 105 923 104
f 924 923 105
f 106 924 105
f 925 924 106
f 107 925 106
f 926 925 107
f 108 926 107
f 927 926 108
f 109 927 108
f 928 927 109
f 110 928 109
f 929 928 110
f 111 929 110
f 930 929 111
f 112 930 111
f 113 930 112
f 113 931 930
f 932 931 113
f 114 932 113
f 933 932 114
f 115 933 114
f 934 933 115
f 116 934 115
f 471 934 116
f 93 471 116
f 952 860 951
f 952 859 860
f 950 951 860
f 950 860 861
f 953 859 952
f 953 858 859
f 949 950 861
f 949 861 862
f 949 862 863
f 954 857 858
f 954 858 953
f 948 949 863
f 955 856 857
f 955 857 954
f 947 863 864
f 947 948 863
f 956 856 955
f 956 855 856
f 946 864 865
f 946 947 864
f 67 523 855
f 67 855 956
f 945 865 866
f 945 946 865
f 68 546 523
f 68 523 67
f 944 945 866
f 944 866 867
f 69 545 546
f 69 546 68
f 943 867 868
f 943 944 867
f 70 544 545
f 70 545 69
f 942 868 869
f 942 943 868
f 71 543 544
f 71 544 70
f 941 869 870
f 941 942 869
f 72 542 543
f 72 543 71
f 940 870 871
f 940 941 870
f 73 542 72
f 541 542 73
f 872 939 940
f 872 940 871
f 938 939 872
f 540 73 74
f 540 541 73
f 873 937 938
f 873 938 872
f 539 540 74
f 539 74 75
f 874 937 873
f 874 936 937
f 538 539 75
f 538 75 76
f 875 936 874
f 875 935 936
f 537 538 76
f 537 76 77
f 876 935 875
f 536 537 77
f 536 77 78
f 524 90 935
f 524 935 876
f 535 536 78
f 535 78 79
f 525 90 524
f 525 88 89
f 525 89 90
f 534 535 79
f 534 79 80
f 534 80 81
f 526 88 525
f 526 87 88
f 533 534 81
f 527 87 526
f 527 86 87
f 532 533 81
f 532 81 82
f 528 86 527
f 528 85 86
f 531 532 82
f 531 82 83
f 529 85 528
f 529 84 85
f 530 531 83
f 530 84 529
f 530 83 84
f 957 471 447
f 957 934 471
f 958 933 934
f 958 934 957
f 959 932 933
f 959 933 958
f 960 931 932
f 960 932 959
f 961 930 931
f 961 931 960
f 962 929 930
f 962 930 961
f 963 928 929
f 963 929 962
f 964 927 928
f 964 928 963
f 965 926 927
f 965 927 964
f 966 925 926
f 966 926 965
f 967 924 925
f 967 925 966
f 968 924 967
f 968 923 924
f 969 923 968
f 969 922 923
f 970 922 969
f 970 921 922
f 971 921 970
f 971 920 921
f 972 920 971
f 972 919 920
f 973 919 972
f 973 918 919
f 974 918 973
f 974 917 918
f 975 916 917
f 975 917 974
f 976 916 975
f 976 915 916
f 977 914 915
f 977 915 976
f 978 913 914
f 978 914 977
f 424 472 913
f 424 913 978
f 979 448 424
f 980 448 979
f 981 448 980
f 982 977 976
f 982 978 977
f 982 424 978
f 982 979 424
f 983 448 981
f 984 975 974
f 984 976 975
f 984 980 979
f 984 979 982
f 984 982 976
f 985 448 983
f 986 973 972
f 986 974 973
f 986 984 974
f 986 981 980
f 986 980 984
f 987 448 448
f 987 448 985
f 988 971 970
f 988 972 971
f 988 981 986
f 988 983 981
f 988 986 972
f 988 985 983
f 989 448 987
f 990 969 968
f 990 970 969
f 990 985 988
f 990 988 970
f 991 448 989
f 992 968 967
f 992 987 985
f 992 990 968
f 992 985 990
f 993 448 991
f 994 966 965
f 994 967 966
f 994 992 967
f 994 989 987
f 994 987 992
f 995 448 993
f 996 964 963
f 996 965 964
f 996 994 965
f 996 991 989
f 996 993 991
f 996 989 994
f 997 447 448
f 997 448 995
f 998 993 996
f 998 962 961
f 998 963 962
f 998 996 963
f 998 995 993
f 999 960 959
f 999 961 960
f 999 998 961
f 999 995 998
f 1000 957 447
f 1000 958 957
f 1000 959 958
f 1000 997 995
f 1000 995 999
f 1000 447 997
f 1000 999 959
f 164 378 163
f 164 1001 378
f 165 1002 1001
f 165 1001 164
f 166 1003 1002
f 166 1002 165
f 167 1004 1003
f 167 1003 166
f 168 1005 1004
f 168 1004 167
f 169 1006 1005
f 169 1005 168
f 170 1007 1006
f 170 1008 1007
f 170 1006 169
f 171 1009 1008
f 171 1008 170
f 172 1010 1009
f 172 1009 171
f 173 1011 1010
f 173 1010 172
f 174 1012 1011
f 174 1011 173
f 175 1012 174
f 175 1013 1012
f 176 1013 175
f 177 1013 176
f 177 1014 1013
f 177 1015 1014
f 178 1015 177
f 178 1016 1015
f 179 1016 178
f 179 1017 1016
f 180 1017 179
f 180 1018 1017
f 181 1018 180
f 181 1019 1018
f 182 1019 181
f 182 1020 1019
f 183 1020 182
f 183 1021 1020
f 184 1021 183
f 184 1022 1021
f 185 1022 184
f 185 355 1022
f 186 355 185
f 1023 379 1024
f 1025 379 1023
f 1026 378 1001
f 1026 1001 1002
f 1026 1002 1003
f 1026 379 378
f 1026 1024 379
f 1027 379 1025
f 1028 1003 1004
f 1028 1004 1005
f 1028 1023 1024
f 1028 1026 1003
f 1028 1024 1026
f 1029 379 1027
f 1030 1005 1006
f 1030 1006 1007
f 1030 1028 1005
f 1030 1023 1028
f 1030 1025 1023
f 1031 379 379
f 1031 379 1029
f 1032 1007 1008
f 1032 1008 1009
f 1032 1025 1030
f 1032 1030 1007
f 1032 1027 1025
f 1033 379 1031
f 1034 1009 1010
f 1034 1010 1011
f 1034 1032 1009
f 1034 1029 1027
f 1034 1027 1032
f 1035 379 1033
f 1036 1011 1012
f 1036 1031 1029
f 1036 1029 1034
f 1036 1034 1011
f 1037 379 1035
f 1038 1012 1013
f 1038 1013 1014
f 1038 1031 1036
f 1038 1033 1031
f 1038 1036 1012
f 1038 1035 1033
f 1039 379 1037
f 1040 1014 1015
f 1040 1015 1016
f 1040 1038 1014
f 1040 1035 1038
f 1041 379 1039
f 1042 1035 1040
f 1042 1016 1017
f 1042 1017 1018
f 1042 1040 1016
f 1042 1037 1035
f 1043 1037 1042
f 1043 1018 1019
f 1043 1019 1020
f 1043 1042 1018
f 1043 1039 1037
f 1044 379 1041
f 1044 1041 1039
f 1044 1039 1043
f 1044 1020 1021
f 1044 1021 1022
f 1044 1022 355
f 1044 355 379
f 1044 1043 1020
f 1045 283 259
f 1045 259 618
f 1046 284 283
f 1046 285 284
f 1046 820 285
f 1046 283 1045
f 1047 618 617
f 1047 1045 618
f 1048 1046 1045
f 1048 820 1046
f 1048 821 820
f 1048 1045 1047
f 1049 617 616
f 1049 1047 617
f 1050 822 821
f 1050 821 1048
f 1050 1048 1047
f 1050 1047 1049
f 1051 616 615
f 1051 1049 616
f 1052 1050 1049
f 1052 1049 1051
f 1052 823 822
f 1052 822 1050
f 1053 615 614
f 1053 1051 615
f 1054 824 823
f 1054 823 1052
f 1054 1052 1051
f 1054 1051 1053
f 1055 613 612
f 1055 614 613
f 1055 1053 614
f 1056 825 824
f 1056 824 1054
f 1056 1054 1053
f 1056 1053 1055
f 1057 1055 612
f 1058 1055 1057
f 1058 826 825
f 1058 1056 1055
f 1058 825 1056
f 1059 611 610
f 1059 612 611
f 1059 1057 612
f 1060 827 826
f 1060 1058 1057
f 1060 1057 1059
f 1060 826 1058
f 1061 1059 610
f 1062 827 1060
f 1062 1060 1059
f 1062 828 827
f 1062 1059 1061
f 1063 610 609
f 1063 1061 610
f 1064 1061 1063
f 1064 828 1062
f 1064 829 828
f 1064 1062 1061
f 1065 608 607
f 1065 609 608
f 1065 1063 609
f 1066 1064 1063
f 1066 830 829
f 1066 1063 1065
f 1066 829 1064
f 1067 1065 607
f 1068 831 830
f 1068 830 1066
f 1068 1066 1065
f 1068 1065 1067
f 1069 1067 607
f 1069 606 605
f 1069 607 606
f 1070 831 1068
f 1070 832 831
f 1070 1067 1069
f 1070 1068 1067
f 1071 1069 605
f 1072 1069 1071
f 1072 833 832
f 1072 1070 1069
f 1072 832 1070
f 1073 604 603
f 1073 605 604
f 1073 1071 605
f 1074 834 833
f 1074 1072 1071
f 1074 833 1072
f 1074 1071 1073
f 1075 603 602
f 1075 1073 603
f 1076 1073 1075
f 1076 835 834
f 1076 834 1074
f 1076 1074 1073
f 1077 1075 602
f 1078 836 835
f 1078 1076 1075
f 1078 835 1076
f 1078 1075 1077
f 1079 602 601
f 1079 1077 602
f 1080 1077 1079
f 1080 836 1078
f 1080 837 836
f 1080 1078 1077
f 1081 601 600
f 1081 1079 601
f 1082 1080 1079
f 1082 837 1080
f 1082 1079 1081
f 1082 838 837
f 1083 599 598
f 1083 600 599
f 1083 1081 600
f 1084 1082 1081
f 1084 838 1082
f 1084 1081 1083
f 1084 839 838
f 1085 1083 598
f 1086 839 1084
f 1086 1084 1083
f 1086 1083 1085
f 1086 840 839
f 1087 597 282
f 1087 598 597
f 1087 1085 598
f 1087 1086 1085
f 1087 282 309
f 1087 309 310
f 1088 840 1086
f 1088 1087 310
f 1088 310 286
f 1088 841 840
f 1088 286 841
f 1088 1086 1087
f 1089 187 163
f 1089 163 423
f 1090 188 187
f 1090 189 188
f 1090 619 189
f 1090 187 1089
f 1091 423 422
f 1091 1089 423
f 1092 1090 1089
f 1092 619 1090
f 1092 620 619
f 1092 1089 1091
f 1093 422 421
f 1093 1091 422
f 1094 621 620
f 1094 620 1092
f 1094 1092 1091
f 1094 1091 1093
f 1095 421 420
f 1095 1093 421
f 1096 1094 1093
f 1096 1093 1095
f 1096 622 621
f 1096 621 1094
f 1097 420 419
f 1097 1095 420
f 1098 1096 1095
f 1098 623 622
f 1098 622 1096
f 1098 1095 1097
f 1099 419 418
f 1099 1097 419
f 1100 624 623
f 1100 1098 1097
f 1100 623 1098
f 1100 1097 1099
f 1101 418 417
f 1101 1099 418
f 1102 1099 1101
f 1102 625 624
f 1102 624 1100
f 1102 1100 1099
f 1103 417 416
f 1103 1101 417
f 1103 1102 1101
f 1104 1102 1103
f 1104 626 625
f 1104 625 1102
f 1105 416 415
f 1105 1103 416
f 1106 627 626
f 1106 628 627
f 1106 626 1104
f 1106 1103 1105
f 1106 1104 1103
f 1107 415 414
f 1107 1105 415
f 1108 1105 1107
f 1108 629 628
f 1108 1106 1105
f 1108 628 1106
f 1109 414 413
f 1109 1107 414
f 1109 1108 1107
f 1110 1108 1109
f 1110 629 1108
f 1111 1109 413
f 1111 413 412
f 1112 630 629
f 1112 1109 1111
f 1112 629 1110
f 1112 1110 1109
f 1113 412 411
f 1113 1111 412
f 1114 631 630
f 1114 1112 1111
f 1114 1111 1113
f 1114 630 1112
f 1115 411 410
f 1115 1113 411
f 1116 631 1114
f 1116 632 631
f 1116 1114 1113
f 1116 1113 1115
f 1117 410 409
f 1117 1115 410
f 1118 632 1116
f 1118 1115 1117
f 1118 633 632
f 1118 1116 1115
f 1119 409 408
f 1119 1117 409
f 1120 634 633
f 1120 635 634
f 1120 1118 1117
f 1120 633 1118
f 1120 1117 1119
f 1121 408 407
f 1121 1119 408
f 1121 1120 1119
f 1122 635 1120
f 1122 1120 1121
f 1123 407 406
f 1123 1121 407
f 1124 635 1122
f 1124 1121 1123
f 1124 636 635
f 1124 1122 1121
f 1125 406 405
f 1125 1123 406
f 1126 1124 1123
f 1126 636 1124
f 1126 1123 1125
f 1126 637 636
f 1127 405 404
f 1127 1125 405
f 1128 1126 1125
f 1128 1125 1127
f 1128 637 1126
f 1128 638 637
f 1129 403 402
f 1129 404 403
f 1129 1127 404
f 1130 1128 1127
f 1130 638 1128
f 1130 1127 1129
f 1130 639 638
f 1130 640 639
f 1131 402 186
f 1131 186 213
f 1131 1129 402
f 1132 1130 1129
f 1132 640 1130
f 1132 1131 213
f 1132 213 214
f 1132 214 190
f 1132 190 640
f 1132 1129 1131
f 94 516 118
f 1133 91 67
f 1133 67 956
f 1134 92 91
f 1134 93 92
f 1134 495 93
f 1134 91 1133
f 1135 956 955
f 1135 1133 956
f 1136 1134 1133
f 1136 495 1134
f 1136 496 495
f 1136 1133 1135
f 1137 955 954
f 1137 1135 955
f 1138 497 496
f 1138 1136 1135
f 1138 496 1136
f 1138 1135 1137
f 1139 954 953
f 1139 1137 954
f 1140 1138 1137
f 1140 1137 1139
f 1140 498 497
f 1140 499 498
f 1140 497 1138
f 1141 953 952
f 1141 1139 953
f 1142 1140 1139
f 1142 499 1140
f 1142 1139 1141
f 1143 952 951
f 1143 1141 952
f 1144 500 499
f 1144 1142 1141
f 1144 1141 1143
f 1144 499 1142
f 1145 951 950
f 1145 1144 1143
f 1145 1143 951
f 1146 1144 1145
f 1146 501 500
f 1146 500 1144
f 1147 950 949
f 1147 1145 950
f 1148 1146 1145
f 1148 502 501
f 1148 501 1146
f 1148 1145 1147
f 1149 949 948
f 1149 1147 949
f 1150 503 502
f 1150 504 503
f 1150 502 1148
f 1150 1148 1147
f 1150 1147 1149
f 1151 948 947
f 1151 1149 948
f 1152 1149 1151
f 1152 504 1150
f 1152 1150 1149
f 1153 947 946
f 1153 1151 947
f 1154 1152 1151
f 1154 1151 1153
f 1154 505 504
f 1154 506 505
f 1154 504 1152
f 1155 945 944
f 1155 946 945
f 1155 1153 946
f 1155 1154 1153
f 1156 506 1154
f 1156 1154 1155
f 1157 1155 944
f 1158 1155 1157
f 1158 507 506
f 1158 508 507
f 1158 1156 1155
f 1158 506 1156
f 1159 944 943
f 1159 1157 944
f 1159 1158 1157
f 1160 508 1158
f 1160 1158 1159
f 1161 943 942
f 1161 1159 943
f 1162 509 508
f 1162 508 1160
f 1162 1160 1159
f 1162 1159 1161
f 1163 941 940
f 1163 942 941
f 1163 1161 942
f 1163 1162 1161
f 1164 510 509
f 1164 509 1162
f 1164 1162 1163
f 1165 1163 940
f 1166 1163 1165
f 1166 511 510
f 1166 512 511
f 1166 1164 1163
f 1166 510 1164
f 1167 940 939
f 1167 1165 940
f 1168 1165 1167
f 1168 512 1166
f 1168 1166 1165
f 1169 939 938
f 1169 1167 939
f 1170 1168 1167
f 1170 512 1168
f 1170 1167 1169
f 1170 513 512
f 1170 514 513
f 1171 1170 1169
f 1171 938 937
f 1171 1169 938
f 1172 1170 1171
f 1172 514 1170
f 1173 937 936
f 1173 1172 1171
f 1173 1171 937
f 1174 514 1172
f 1174 1172 1173
f 1174 515 514
f 1175 935 90
f 1175 936 935
f 1175 1173 936
f 1175 1174 1173
f 1175 90 117
f 1175 117 118
f 1176 515 1174
f 1176 1175 118
f 1176 516 515
f 1176 1174 1175
f 1176 118 516
f 54 739 1178
f 54 53 739
f 55 1178 1177
f 55 54 1178
f 56 1177 731
f 56 55 1177
f 1179 56 731
f 1180 1179 731
f 729 1180 731
f 1185 1177 1178
f 1185 1178 739
f 1186 739 1184
f 1186 1185 739
f 1187 1181 731
f 1187 731 1177
f 1187 1185 1186
f 1187 1177 1185
f 1188 1182 1181
f 1188 1181 1187
f 1188 1187 1186
f 1188 1186 1184
f 1189 844 1182
f 1189 1183 844
f 1189 1184 1183
f 1189 1188 1184
f 1189 1182 1188
f 1190 59 58
f 57 1190 58
f 1191 1190 57
f 56 1191 57
f 1179 1191 56
f 1180 1191 1179
f 729 1191 1180
f 1192 845 844
f 1193 51 50
f 1193 43 51
f 1194 1193 50
f 1195 50 49
f 1195 49 848
f 1195 1194 50
f 1196 1184 739
f 1197 739 742
f 1197 1196 739
f 1197 845 1192
f 1197 1192 1196
f 1198 1197 1199
f 1198 845 1197
f 1200 1197 742
f 1200 1199 1197
f 1201 846 845
f 1201 845 1198
f 1201 1198 1199
f 1202 1201 1203
f 1202 846 1201
f 1204 742 741
f 1204 1203 742
f 1205 1206 1204
f 1205 1204 741
f 1207 847 846
f 1207 1206 1205
f 1207 1208 1206
f 1207 846 1208
f 1209 847 1207
f 1209 1207 1210
f 1211 741 740
f 1211 1212 741
f 1211 1210 1212
f 1213 1211 1214
f 1215 1214 1211
f 1215 1211 740
f 1216 848 847
f 1216 847 1213
f 1216 1213 1214
f 1217 848 1216
f 1218 740 43
f 1218 1219 740
f 1218 1220 1219
f 1218 43 1193
f 1221 1193 1194
f 1221 1195 848
f 1221 1194 1195
f 1222 844 1183
f 1222 1183 1184
f 1222 1192 844
f 1222 1184 1196
f 1222 1196 1192
f 1223 1203 1201
f 1223 742 1203
f 1223 1199 1200
f 1223 1200 742
f 1223 1201 1199
f 1224 846 1202
f 1224 1202 1203
f 1224 1203 1204
f 1225 1204 1206
f 1225 1206 1208
f 1226 1207 1205
f 1226 1205 741
f 1227 1226 741
f 1227 741 1212
f 1227 1210 1207
f 1227 1207 1226
f 1227 1212 1210
f 1228 847 1209
f 1228 1209 1210
f 1228 1210 1211
f 1229 847 1228
f 1229 1228 1211
f 1229 1213 847
f 1229 1211 1213
f 1230 1216 1214
f 1230 1214 1215
f 1231 740 1219
f 1231 1217 1216
f 1231 1220 1217
f 1231 1219 1220
f 1232 1217 1220
f 1232 848 1217
f 1232 1220 1218
f 1233 1218 1193
f 1233 1193 1221
f 1233 1221 848
f 1233 1232 1218
f 1233 848 1232
f 1234 1224 1204
f 1234 1225 1208
f 1234 1204 1225
f 1234 846 1224
f 1234 1208 846
f 1235 1215 740
f 1235 740 1231
f 1235 1230 1215
f 1235 1216 1230
f 1235 1231 1216
f 1238 1182 844
f 1239 731 1181
f 1239 1181 1182
f 1239 1182 1238
f 1240 844 843
f 1240 1238 844
f 1240 1239 1238
f 1241 732 731
f 1241 731 1239
f 1241 1242 1243
f 1244 843 842
f 1244 842 1245
f 1244 1245 732
f 1244 1242 843
f 1244 1243 1242
f 1246 732 1241
f 1246 1244 732
f 1246 1241 1243
f 1246 1243 1244
f 1247 842 520
f 1248 520 519
f 1248 1249 520
f 1248 1250 1249
f 1251 1250 1248
f 1252 734 733
f 1252 1253 734
f 1254 1253 1248
f 1254 1255 1253
f 1254 1248 519
f 1256 1254 519
f 1256 1255 1254
f 1257 734 1253
f 1257 1253 1255
f 1258 519 518
f 1258 1256 519
f 1258 1259 734
f 1258 734 1257
f 1258 518 1259
f 1258 1255 1256
f 1258 1257 1255
f 1260 730 734
f 1260 734 1259
f 1260 1259 518
f 1261 1260 518
f 1261 1262 1260
f 1261 518 517
f 1261 517 1263
f 1261 1263 1262
f 1264 1260 1262
f 1264 1236 730
f 1264 730 1260
f 1264 1262 1263
f 1265 1240 843
f 1265 1239 1240
f 1265 1241 1239
f 1266 1241 1265
f 1266 843 1242
f 1266 1265 843
f 1266 1242 1241
f 1267 1268 520
f 1269 733 1251
f 1269 1251 1248
f 1270 1269 1248
f 1270 1248 1253
f 1270 733 1269
f 1270 1252 733
f 1270 1253 1252
f 1271 1264 1263
f 1271 1237 1236
f 1271 517 1237
f 1271 1263 517
f 1271 1236 1264
f 1272 733 732
f 1272 1273 1274
f 1272 1274 1247
f 1272 732 1273
f 1275 1268 1267
f 1276 1267 520
f 1276 520 1249
f 1277 1251 733
f 1277 1272 1267
f 1277 733 1272
f 1277 1250 1251
f 1278 1279 1273
f 1278 1245 842
f 1278 732 1245
f 1278 842 1279
f 1278 1273 732
f 1280 1273 1279
f 1280 1274 1273
f 1280 1279 842
f 1280 842 1247
f 1280 1247 1274
f 1281 1267 1272
f 1281 1272 1247
f 1281 1275 1267
f 1281 1247 1275
f 1282 520 1268
f 1282 1247 520
f 1282 1275 1247
f 1282 1268 1275
f 1283 1277 1267
f 1283 1267 1276
f 1283 1276 1249
f 1283 1250 1277
f 1283 1249 1250
f 35 34 730
f 36 35 730
f 37 730 1285
f 37 36 730
f 1286 1285 1284
f 1286 37 1285
f 1287 1284 722
f 1287 1286 1284
f 720 1287 722
f 1288 34 42
f 1288 1289 1290
f 1291 40 669
f 1291 1289 40
f 1291 1290 1289
f 1292 726 34
f 1292 34 1288
f 1292 1288 1290
f 1293 1294 1295
f 1296 668 667
f 1296 1294 668
f 1296 1295 1294
f 1297 727 726
f 1297 726 1293
f 1297 1293 1295
f 1298 667 796
f 1298 1299 1300
f 1298 1300 667
f 1301 727 1297
f 1301 1297 1299
f 1301 1299 1298
f 1302 1298 796
f 1302 1303 1298
f 1304 728 727
f 1304 796 1305
f 1304 727 1306
f 1304 1306 1303
f 1304 1305 1307
f 1308 728 1304
f 1308 1304 1307
f 1309 796 795
f 1309 1310 728
f 1309 795 1310
f 1309 1305 796
f 1309 1307 1305
f 1309 728 1308
f 1309 1308 1307
f 1311 729 728
f 1311 728 1310
f 1311 1310 795
f 1312 1313 1311
f 1312 1311 795
f 1312 795 59
f 1312 59 1314
f 1312 1314 1313
f 1315 1191 729
f 1315 1311 1313
f 1315 729 1311
f 1315 1313 1314
f 1316 41 40
f 1316 42 41
f 1316 40 1289
f 1316 1288 42
f 1316 1289 1288
f 1317 1291 669
f 1317 1290 1291
f 1317 1292 1290
f 1318 1317 669
f 1318 1292 1317
f 1319 668 1294
f 1319 1294 1293
f 1320 1295 1296
f 1320 1297 1295
f 1321 1322 667
f 1321 1297 1322
f 1321 1299 1297
f 1321 1300 1299
f 1321 667 1300
f 1323 727 1301
f 1323 1301 1298
f 1324 1298 1303
f 1324 1323 1298
f 1324 727 1323
f 1324 1306 727
f 1324 1303 1306
f 1325 796 1304
f 1325 1302 796
f 1325 1303 1302
f 1325 1304 1303
f 1326 59 1190
f 1326 1190 1191
f 1326 1315 1314
f 1326 1314 59
f 1326 1191 1315
f 1327 669 668
f 1327 1328 669
f 1329 1328 1327
f 1329 1327 726
f 1330 1293 726
f 1330 668 1319
f 1330 1327 668
f 1330 726 1327
f 1330 1319 1293
f 1331 1296 667
f 1331 1297 1320
f 1331 667 1322
f 1331 1322 1297
f 1331 1320 1296
f 1332 669 1328
f 1332 1292 1318
f 1332 1328 1333
f 1332 1318 669
f 1332 1333 1292
f 1334 1333 1328
f 1334 1292 1333
f 1334 1328 1329
f 1334 1329 726
f 1334 726 1292
f 1337 59 794
f 1338 1337 794
f 1338 1339 1340
f 1338 1340 1337
f 1341 735 53
f 1341 53 1342
f 1341 1342 1339
f 1343 1341 794
f 1343 1344 1341
f 1345 735 1341
f 1345 1341 1344
f 1346 736 735
f 1347 736 1346
f 1347 1346 1348
f 1349 793 792
f 1349 1348 793
f 1350 1349 1351
f 1352 1349 792
f 1352 1351 1349
f 1353 737 736
f 1353 1354 737
f 1353 736 1350
f 1353 1350 1351
f 1355 792 791
f 1355 1356 792
f 1355 1354 1356
f 1357 1355 791
f 1357 1358 1355
f 1359 1358 1357
f 1359 738 737
f 1359 737 1360
f 1359 1360 1358
f 1361 791 790
f 1361 790 1362
f 1361 1362 1363
f 1364 738 1359
f 1364 1359 1363
f 1364 1335 738
f 1364 1363 1362
f 1365 53 60
f 1365 60 61
f 1365 61 59
f 1365 1342 53
f 1365 59 1337
f 1366 1342 1365
f 1366 1365 1337
f 1366 1340 1339
f 1366 1337 1340
f 1367 1366 1339
f 1367 1339 1342
f 1367 1342 1366
f 1368 1338 794
f 1368 1339 1338
f 1368 794 1341
f 1368 1341 1339
f 1369 793 1348
f 1369 1348 1346
f 1370 736 1347
f 1370 1347 1348
f 1370 1348 1349
f 1371 1370 1349
f 1371 736 1370
f 1371 1350 736
f 1371 1349 1350
f 1372 1351 1352
f 1372 1353 1351
f 1373 1354 1353
f 1373 792 1356
f 1373 1356 1354
f 1374 737 1354
f 1374 1354 1355
f 1374 1355 1358
f 1374 1360 737
f 1374 1358 1360
f 1375 1363 1359
f 1375 791 1361
f 1375 1359 1357
f 1375 1361 1363
f 1375 1357 791
f 1376 1336 1335
f 1376 1364 1362
f 1376 790 1336
f 1376 1362 790
f 1376 1335 1364
f 1377 1378 1379
f 1377 1346 735
f 1380 1377 1379
f 1380 1346 1377
f 1381 794 793
f 1381 1369 1346
f 1381 1346 1380
f 1381 1380 1379
f 1381 793 1369
f 1381 1379 794
f 1382 1372 1352
f 1382 1353 1372
f 1382 792 1373
f 1382 1352 792
f 1382 1373 1353
f 1383 1379 1378
f 1383 1343 794
f 1383 1344 1343
f 1383 1345 1344
f 1383 794 1379
f 1384 1378 1377
f 1384 1377 735
f 1385 1378 1384
f 1385 1383 1378
f 1385 735 1345
f 1385 1345 1383
f 1385 1384 735
f 743 748 1389
f 1386 1388 46
f 1386 1389 1388
f 1386 743 1389
f 1387 45 44
f 1387 46 45
f 1387 1386 46
f 738 44 43
f 738 1387 44
f 1390 49 48
f 47 1390 48
f 1391 1390 47
f 1392 47 46
f 1392 46 1388
f 1392 1388 1389
f 1392 1389 748
f 1392 748 1391
f 1392 1391 47
f 1394 1237 517
f 1395 1284 1285
f 1395 1285 730
f 1395 730 1236
f 1396 1236 1237
f 1396 1395 1236
f 1397 722 1284
f 1397 1395 1396
f 1397 1284 1395
f 1398 1396 1237
f 1398 1237 1394
f 1399 1393 722
f 1399 1394 1393
f 1399 1398 1394
f 1399 1396 1398
f 1399 1397 1396
f 1399 722 1397
f 1400 40 39
f 1402 1401 1400
f 1402 1400 39
f 1403 39 38
f 1403 1402 39
f 1404 720 1401
f 1404 1401 1402
f 1404 1402 1403
f 1405 38 37
f 1405 37 1286
f 1405 1286 1287
f 1405 1403 38
f 1406 1287 720
f 1406 1403 1405
f 1406 1405 1287
f 1406 1404 1403
f 1406 720 1404
f 1407 743 1386
f 1409 1386 1387
f 1409 1387 738
f 1409 738 1335
f 1410 1335 1336
f 1410 1409 1335
f 1411 1409 1410
f 1411 1407 1386
f 1411 1386 1409
f 1412 1336 790
f 1412 1408 1407
f 1412 790 1408
f 1412 1410 1336
f 1412 1407 1411
f 1412 1411 1410
f 1413 26 852
f 1414 1415 1413
f 1414 1413 852
f 1414 1416 1415
f 1417 749 20
f 1417 20 1418
f 1417 1416 1414
f 1417 1418 1416
f 1417 1414 852
f 1419 1417 852
f 1419 1420 1417
f 1421 749 1417
f 1421 1417 1420
f 1422 852 851
f 1422 1423 749
f 1422 1419 852
f 1424 1422 851
f 1424 1423 1422
f 1425 750 749
f 1425 749 1423
f 1425 1423 1424
f 1426 750 1425
f 1426 1425 1427
f 1428 851 850
f 1428 1429 851
f 1428 1427 1429
f 1430 1428 1431
f 1432 1428 850
f 1432 1431 1428
f 1433 751 750
f 1433 850 1434
f 1433 1434 751
f 1433 750 1430
f 1433 1430 1431
f 1435 850 849
f 1435 1434 850
f 1436 1437 1435
f 1436 1435 849
f 1438 1439 1437
f 1438 751 1439
f 1438 748 751
f 1438 1437 1436
f 1440 849 49
f 1440 49 1441
f 1440 1441 1442
f 1443 49 1390
f 1443 1390 1391
f 1443 1391 748
f 1443 1438 1442
f 1443 1441 49
f 1443 748 1438
f 1443 1442 1441
f 1444 27 26
f 1444 28 27
f 1444 20 28
f 1444 1418 20
f 1444 26 1413
f 1445 1413 1415
f 1445 1418 1444
f 1445 1444 1413
f 1445 1415 1416
f 1446 1418 1445
f 1446 1445 1416
f 1446 1416 1418
f 1447 1422 749
f 1447 1420 1419
f 1447 749 1421
f 1447 1421 1420
f 1447 1419 1422
f 1448 1424 851
f 1448 1425 1424
f 1449 1425 1448
f 1449 851 1429
f 1449 1427 1425
f 1449 1448 851
f 1449 1429 1427
f 1450 750 1426
f 1450 1426 1427
f 1450 1427 1428
f 1451 750 1450
f 1451 1450 1428
f 1451 1430 750
f 1451 1428 1430
f 1452 1433 1431
f 1452 1431 1432
f 1453 1434 1435
f 1453 1435 1437
f 1453 1437 1439
f 1453 1439 751
f 1453 751 1434
f 1454 1436 849
f 1454 1438 1436
f 1454 1442 1438
f 1454 1440 1442
f 1454 849 1440
f 1455 1452 1432
f 1455 1432 850
f 1455 850 1433
f 1455 1433 1452
f 1458 517 560
f 1459 1458 560
f 1459 1460 1461
f 1459 1461 1458
f 1462 723 722
f 1462 722 1463
f 1462 1463 1460
f 1464 723 1462
f 1464 1462 1465
f 1466 560 559
f 1466 1467 560
f 1468 1469 1466
f 1468 1466 559
f 1470 724 723
f 1470 1469 1468
f 1470 1471 1469
f 1470 723 1471
f 1470 1468 559
f 1472 724 1470
f 1472 1470 1473
f 1474 559 558
f 1474 1475 559
f 1474 1473 1475
f 1476 1474 1477
f 1478 1477 1474
f 1478 1474 558
f 1479 725 724
f 1479 558 1480
f 1479 1480 725
f 1479 724 1476
f 1479 1476 1477
f 1481 558 557
f 1481 1480 558
f 1482 1483 1481
f 1482 1481 557
f 1484 1485 1483
f 1484 725 1485
f 1484 721 725
f 1484 1483 1482
f 1486 557 556
f 1486 556 1487
f 1486 1487 1488
f 1489 1456 721
f 1489 1457 1456
f 1489 556 1457
f 1489 721 1484
f 1489 1484 1488
f 1489 1487 556
f 1489 1488 1487
f 1490 722 1393
f 1490 1393 1394
f 1490 1394 517
f 1490 1463 722
f 1490 517 1458
f 1491 1463 1490
f 1491 1490 1458
f 1491 1461 1460
f 1491 1458 1461
f 1492 1491 1460
f 1492 1460 1463
f 1492 1463 1491
f 1493 1460 1459
f 1493 1462 1460
f 1493 1459 560
f 1494 1462 1493
f 1494 1493 560
f 1494 1465 1462
f 1494 1467 1465
f 1494 560 1467
f 1495 723 1464
f 1495 1465 1467
f 1495 1464 1465
f 1495 1467 1466
f 1496 1466 1469
f 1496 1469 1471
f 1497 559 1475
f 1497 1470 559
f 1497 1473 1470
f 1497 1475 1473
f 1498 724 1472
f 1498 1472 1473
f 1498 1473 1474
f 1499 1498 1474
f 1499 724 1498
f 1499 1476 724
f 1499 1474 1476
f 1500 1479 1477
f 1500 1477 1478
f 1501 1480 1481
f 1501 1481 1483
f 1501 1483 1485
f 1501 1485 725
f 1501 725 1480
f 1502 1482 557
f 1502 1488 1484
f 1502 1486 1488
f 1502 1484 1482
f 1502 557 1486
f 1503 1466 1496
f 1503 1495 1466
f 1503 1496 1471
f 1503 723 1495
f 1503 1471 723
f 1504 1479 1500
f 1504 558 1479
f 1504 1500 1478
f 1504 1478 558
f 11 10 721
f 11 721 1506
f 12 11 1506
f 13 1506 1505
f 13 12 1506
f 1507 13 1505
f 1508 1505 713
f 1508 1507 1505
f 711 1508 713
f 1509 1400 1401
f 1509 1401 720
f 1510 40 1400
f 1510 1400 1509
f 1511 18 17
f 1511 10 18
f 1512 1511 17
f 1513 17 16
f 1513 16 673
f 1513 1512 17
f 1514 670 40
f 1514 1510 1509
f 1514 40 1510
f 1515 720 719
f 1515 1509 720
f 1516 1515 1517
f 1518 1517 1515
f 1518 1515 719
f 1519 671 670
f 1519 670 1516
f 1519 1516 1517
f 1520 671 1519
f 1520 1519 1521
f 1522 719 718
f 1522 1521 719
f 1522 1520 1521
f 1523 1522 718
f 1523 1524 1522
f 1525 672 671
f 1525 1526 1524
f 1525 671 1526
f 1525 1524 1523
f 1527 718 717
f 1528 672 1525
f 1528 1529 1530
f 1528 1525 1529
f 1531 672 1528
f 1531 1528 1530
f 1532 1530 1529
f 1532 1527 717
f 1532 1529 1527
f 1533 673 672
f 1533 672 1531
f 1533 1531 1530
f 1534 673 1533
f 1535 717 10
f 1535 1536 717
f 1535 1537 1536
f 1535 1534 1537
f 1535 673 1534
f 1535 10 1511
f 1538 1511 1512
f 1538 1513 673
f 1538 1512 1513
f 1539 1516 670
f 1539 670 1514
f 1539 1514 1509
f 1539 1509 1515
f 1539 1515 1516
f 1540 1518 719
f 1540 719 1521
f 1540 1517 1518
f 1540 1521 1519
f 1540 1519 1517
f 1541 1524 1526
f 1541 1522 1524
f 1542 1523 718
f 1542 1525 1523
f 1543 718 1527
f 1543 1525 1542
f 1543 1542 718
f 1543 1529 1525
f 1543 1527 1529
f 1544 1533 1530
f 1544 1530 1532
f 1545 717 1536
f 1545 1536 1537
f 1545 1537 1534
f 1545 1534 1533
f 1546 1535 1511
f 1546 1511 1538
f 1546 1538 673
f 1546 673 1535
f 1547 1541 1526
f 1547 1522 1541
f 1547 671 1520
f 1547 1520 1522
f 1547 1526 671
f 1548 717 1545
f 1548 1544 1532
f 1548 1545 1533
f 1548 1533 1544
f 1548 1532 717
f 787 786 746
f 1551 790 789
f 1552 1549 747
f 1552 1553 1554
f 1555 786 785
f 1555 785 1554
f 1555 1554 1553
f 1556 747 746
f 1556 1552 747
f 1556 746 786
f 1556 1553 1552
f 1557 746 745
f 1557 787 746
f 1558 1557 745
f 1558 1559 1557
f 1560 788 787
f 1560 787 1561
f 1560 1561 1559
f 1560 1559 1558
f 1562 788 1560
f 1562 1560 1563
f 1564 745 744
f 1564 1565 745
f 1564 1563 1565
f 1566 1564 1567
f 1568 1564 744
f 1568 1567 1564
f 1569 789 788
f 1569 788 1566
f 1569 1566 1567
f 1570 789 1569
f 1571 744 743
f 1571 1572 744
f 1571 1573 1572
f 1574 1575 1576
f 1574 1551 789
f 1574 1576 1551
f 1577 743 1407
f 1577 1407 1408
f 1577 1408 790
f 1577 1575 1571
f 1577 1571 743
f 1578 1550 1549
f 1578 785 1550
f 1578 1554 785
f 1578 1549 1552
f 1578 1552 1554
f 1579 786 1555
f 1579 1555 1553
f 1579 1556 786
f 1579 1553 1556
f 1580 1557 1559
f 1580 1559 1561
f 1581 1558 745
f 1581 1560 1558
f 1582 1581 745
f 1582 1560 1581
f 1582 745 1565
f 1582 1563 1560
f 1582 1565 1563
f 1583 1562 1563
f 1583 1563 1564
f 1583 788 1562
f 1584 1583 1564
f 1584 788 1583
f 1584 1566 788
f 1584 1564 1566
f 1585 1567 1568
f 1585 1569 1567
f 1586 744 1572
f 1586 1572 1573
f 1586 1570 1569
f 1586 1573 1570
f 1587 1573 1571
f 1587 789 1570
f 1587 1570 1573
f 1588 1574 789
f 1588 1587 1571
f 1588 789 1587
f 1588 1571 1575
f 1588 1575 1574
f 1589 1575 1577
f 1590 1589 1577
f 1590 1575 1589
f 1590 1577 790
f 1590 1576 1575
f 1590 790 1551
f 1590 1551 1576
f 1591 1580 1561
f 1591 787 1557
f 1591 1561 787
f 1591 1557 1580
f 1592 744 1586
f 1592 1568 744
f 1592 1569 1585
f 1592 1586 1569
f 1592 1585 1568
f 752 1595 23
f 752 1596 1595
f 752 757 1596
f 1593 23 22
f 1593 752 23
f 1594 22 21
f 1594 1593 22
f 747 21 20
f 747 1594 21
f 1597 26 25
f 24 1597 25
f 1598 1597 24
f 23 1598 24
f 1595 1598 23
f 1596 1598 1595
f 757 1598 1596
f 1599 713 1505
f 1601 1505 1506
f 1601 1506 721
f 1601 721 1456
f 1602 1456 1457
f 1602 1601 1456
f 1603 1601 1602
f 1603 1599 1505
f 1603 1505 1601
f 1604 1457 556
f 1604 1600 1599
f 1604 556 1600
f 1604 1602 1457
f 1604 1599 1603
f 1604 1603 1602
f 1605 16 15
f 14 1605 15
f 1606 1605 14
f 1607 14 13
f 1607 13 1507
f 1607 1507 1508
f 1607 1508 711
f 1607 711 1606
f 1607 1606 14
f 1610 1593 1594
f 1610 1594 747
f 1611 747 1549
f 1611 1610 747
f 1612 752 1593
f 1612 1608 752
f 1612 1610 1611
f 1612 1593 1610
f 1613 1609 1608
f 1613 1608 1612
f 1613 1611 1549
f 1613 1612 1611
f 1614 1549 1550
f 1614 1550 785
f 1614 785 1609
f 1614 1609 1613
f 1614 1613 1549
f 1615 4 9
f 1615 1616 1617
f 1618 7 551
f 1618 1616 7
f 1618 1617 1616
f 1619 758 4
f 1619 4 1615
f 1619 1615 1617
f 1619 1620 1621
f 1622 551 550
f 1622 1620 551
f 1622 1621 1620
f 1623 758 1619
f 1623 1619 1621
f 1623 1622 758
f 1623 1621 1622
f 1624 1625 1626
f 1627 550 547
f 1627 1625 550
f 1627 1626 1625
f 1628 759 758
f 1628 758 1624
f 1628 1624 1626
f 1629 547 854
f 1629 1630 1631
f 1629 1631 547
f 1632 1628 1630
f 1632 759 1628
f 1632 1630 1629
f 1633 1629 854
f 1633 1634 1629
f 1635 854 1636
f 1635 1636 1637
f 1635 760 759
f 1635 759 1638
f 1635 1638 1634
f 1639 760 1635
f 1639 1635 1637
f 1640 1636 854
f 1640 1637 1636
f 1640 1639 1637
f 1640 854 853
f 1640 1641 760
f 1640 760 1639
f 1640 853 1641
f 1642 757 760
f 1642 760 1641
f 1642 1641 853
f 1643 853 26
f 1643 1644 1642
f 1643 1642 853
f 1643 26 1645
f 1643 1645 1644
f 1646 1598 757
f 1646 1642 1644
f 1646 757 1642
f 1646 1644 1645
f 1647 8 7
f 1647 9 8
f 1647 1615 9
f 1647 7 1616
f 1647 1616 1615
f 1648 1618 551
f 1648 1617 1618
f 1648 1619 1617
f 1649 1619 1648
f 1649 551 1620
f 1649 1648 551
f 1649 1620 1619
f 1650 550 1625
f 1650 1625 1624
f 1651 1627 547
f 1651 1626 1627
f 1651 1628 1626
f 1652 1651 547
f 1652 1628 1651
f 1653 1630 1628
f 1653 1652 547
f 1653 1628 1652
f 1653 1631 1630
f 1653 547 1631
f 1654 759 1632
f 1654 1632 1629
f 1655 759 1654
f 1655 1654 1629
f 1655 1629 1634
f 1655 1638 759
f 1655 1634 1638
f 1656 1633 854
f 1656 1634 1633
f 1656 854 1635
f 1656 1635 1634
f 1657 26 1597
f 1657 1597 1598
f 1657 1646 1645
f 1657 1645 26
f 1657 1598 1646
f 1658 1624 758
f 1658 550 1650
f 1658 1650 1624
f 1659 1658 758
f 1659 550 1658
f 1659 1622 550
f 1659 758 1622
f 1662 556 555
f 1663 1660 712
f 1663 1664 1665
f 1666 552 7
f 1666 7 1665
f 1666 1665 1664
f 1667 712 716
f 1667 1663 712
f 1667 1664 1663
f 1668 1667 1669
f 1670 1669 1667
f 1670 1667 716
f 1671 553 552
f 1671 552 1668
f 1671 1668 1669
f 1672 553 1671
f 1672 1671 1673
f 1674 716 715
f 1674 1673 716
f 1675 1676 1677
f 1678 1674 715
f 1678 1676 1674
f 1679 1677 1676
f 1679 1676 1678
f 1679 1678 715
f 1680 554 553
f 1680 1675 1677
f 1680 553 1675
f 1681 715 714
f 1681 1679 715
f 1681 714 1682
f 1681 1677 1679
f 1683 1681 1682
f 1684 1683 1682
f 1684 555 554
f 1684 1682 714
f 1684 554 1683
f 1685 555 1684
f 1686 1687 714
f 1686 1688 1687
f 1686 714 713
f 1689 1690 1691
f 1689 1662 555
f 1689 1691 1662
f 1692 1690 1686
f 1692 1686 713
f 1693 1661 1660
f 1693 7 1661
f 1693 1665 7
f 1693 1660 1663
f 1693 1663 1665
f 1694 1668 552
f 1694 552 1666
f 1694 1666 1664
f 1694 1664 1667
f 1694 1667 1668
f 1695 1669 1670
f 1695 716 1673
f 1695 1670 716
f 1695 1671 1669
f 1695 1673 1671
f 1696 1672 1673
f 1696 1673 1674
f 1696 553 1672
f 1697 1676 1675
f 1697 1674 1676
f 1698 554 1680
f 1698 1680 1677
f 1698 1677 1681
f 1699 1681 1683
f 1699 554 1698
f 1699 1698 1681
f 1699 1683 554
f 1700 1684 714
f 1700 714 1687
f 1700 1687 1688
f 1700 1688 1685
f 1700 1685 1684
f 1701 1685 1688
f 1701 555 1685
f 1701 1688 1686
f 1702 1686 1690
f 1702 1690 1689
f 1702 1689 555
f 1702 555 1701
f 1702 1701 1686
f 1703 1690 1692
f 1704 1703 1692
f 1704 1690 1703
f 1704 1691 1690
f 1704 1662 1691
f 1705 713 1599
f 1705 1599 1600
f 1705 1600 556
f 1705 1692 713
f 1705 1704 1692
f 1705 1662 1704
f 1705 556 1662
f 1706 1696 1674
f 1706 553 1696
f 1706 1697 1675
f 1706 1675 553
f 1706 1674 1697
f 1709 678 677
f 1710 1711 1709
f 1710 1709 677
f 1710 1712 1711
f 1713 708 707
f 1713 707 1714
f 1713 1712 1710
f 1713 1714 1712
f 1713 1710 677
f 1715 708 1713
f 1715 1713 1716
f 1717 677 676
f 1717 1718 677
f 1719 1717 676
f 1719 1720 1717
f 1721 709 708
f 1721 708 1722
f 1723 676 675
f 1724 1723 675
f 1725 710 709
f 1725 1726 710
f 1725 709 1727
f 1725 1727 1728
f 1729 675 674
f 1729 1730 675
f 1729 1726 1730
f 1731 1732 1729
f 1731 1729 674
f 1733 1734 1732
f 1733 710 1734
f 1733 711 710
f 1733 1732 1731
f 1735 674 16
f 1735 16 1736
f 1735 1736 1737
f 1738 1606 711
f 1738 711 1733
f 1738 1733 1737
f 1738 1737 1736
f 1739 1707 678
f 1739 1708 1707
f 1739 707 1708
f 1739 1714 707
f 1739 678 1709
f 1740 1714 1739
f 1740 1739 1709
f 1740 1709 1711
f 1740 1711 1712
f 1741 1740 1712
f 1741 1712 1714
f 1741 1714 1740
f 1742 1713 677
f 1742 1716 1713
f 1742 1718 1716
f 1742 677 1718
f 1743 708 1715
f 1743 1716 1718
f 1743 1715 1716
f 1743 1718 1717
f 1744 1717 1720
f 1744 1720 1722
f 1745 1722 1720
f 1745 1720 1719
f 1745 1719 676
f 1745 1721 1722
f 1746 1745 676
f 1747 1724 1728
f 1747 1727 709
f 1747 1728 1727
f 1747 1723 1724
f 1748 1728 1724
f 1748 1725 1728
f 1749 1726 1725
f 1749 675 1730
f 1749 1730 1726
f 1750 1729 1732
f 1750 1732 1734
f 1750 1734 710
f 1750 710 1726
f 1750 1726 1729
f 1751 1731 674
f 1751 1737 1733
f 1751 1735 1737
f 1751 1733 1731
f 1751 674 1735
f 1752 16 1605
f 1752 1605 1606
f 1752 1738 1736
f 1752 1736 16
f 1752 1606 1738
f 1753 1743 1717
f 1753 1744 1722
f 1753 1717 1744
f 1753 708 1743
f 1753 1722 708
f 1754 1746 676
f 1754 676 1723
f 1754 1723 1755
f 1754 1755 1721
f 1756 1746 1754
f 1756 1745 1746
f 1756 1754 1721
f 1756 1721 1745
f 1757 1723 1747
f 1757 1747 1758
f 1759 1755 1723
f 1759 1721 1755
f 1759 709 1721
f 1759 1723 1757
f 1759 1757 1758
f 1760 1747 709
f 1760 709 1759
f 1760 1759 1758
f 1760 1758 1747
f 1761 1748 1724
f 1761 1725 1748
f 1761 675 1749
f 1761 1724 675
f 1761 1749 1725
f 1764 752 1608
f 1764 1765 1766
f 1767 785 784
f 1767 1765 785
f 1767 1766 1765
f 1768 753 752
f 1768 752 1764
f 1768 1764 1766
f 1768 1769 1770
f 1771 784 783
f 1771 1769 784
f 1771 1770 1769
f 1772 753 1768
f 1772 1768 1770
f 1772 1771 753
f 1772 1770 1771
f 1773 1774 1775
f 1776 783 681
f 1776 1774 783
f 1776 1775 1774
f 1777 754 753
f 1777 753 1773
f 1777 1773 1775
f 1778 681 680
f 1778 1779 681
f 1778 1780 1779
f 1781 754 1777
f 1781 1777 1780
f 1781 1780 1778
f 1782 1783 1778
f 1782 1778 680
f 1784 680 1785
f 1784 755 754
f 1784 1785 1786
f 1784 754 1787
f 1784 1787 1783
f 1788 1784 1786
f 1788 755 1784
f 1789 1785 680
f 1789 1788 1786
f 1789 680 679
f 1789 755 1788
f 1789 1786 1785
f 1790 756 755
f 1791 679 678
f 1791 1792 1790
f 1791 678 1793
f 1791 1790 679
f 1791 1793 1792
f 1794 1762 756
f 1794 756 1790
f 1794 1790 1792
f 1794 1792 1793
f 1795 1608 1609
f 1795 1609 785
f 1795 785 1765
f 1795 1764 1608
f 1795 1765 1764
f 1796 1767 784
f 1796 1766 1767
f 1796 1768 1766
f 1797 1768 1796
f 1797 1796 784
f 1797 784 1769
f 1797 1769 1768
f 1798 783 1774
f 1798 1774 1773
f 1799 1775 1776
f 1799 1777 1775
f 1800 1777 1801
f 1800 1801 681
f 1800 681 1779
f 1800 1780 1777
f 1800 1779 1780
f 1802 754 1781
f 1802 1781 1778
f 1803 1778 1783
f 1803 1802 1778
f 1803 754 1802
f 1803 1787 754
f 1803 1783 1787
f 1804 1784 1783
f 1804 680 1784
f 1804 1783 1782
f 1804 1782 680
f 1805 1789 679
f 1805 679 1790
f 1806 1763 1762
f 1806 678 1763
f 1806 1794 1793
f 1806 1762 1794
f 1806 1793 678
f 1807 1798 1773
f 1807 1773 753
f 1807 783 1798
f 1808 1801 1777
f 1808 1777 1799
f 1808 1799 1776
f 1808 681 1801
f 1808 1776 681
f 1809 755 1789
f 1809 1789 1805
f 1809 1790 755
f 1809 1805 1790
f 1810 1771 783
f 1810 783 1807
f 1810 1807 753
f 1810 753 1771
f 1661 7 6
f 1813 1660 1661
f 1813 1661 6
f 1814 6 5
f 1814 1813 6
f 1815 712 1660
f 1815 1813 1814
f 1815 1660 1813
f 1816 5 1
f 1816 1812 1811
f 1816 1 1812
f 1816 1814 5
f 1817 1811 712
f 1817 1814 1816
f 1817 1815 1814
f 1817 1816 1811
f 1817 712 1815
f 1707 1763 678
f 1820 756 1762
f 1820 1818 756
f 1820 1819 1818
f 1821 1762 1763
f 1821 1820 1762
f 1822 707 1819
f 1822 1819 1820
f 1822 1820 1821
f 1823 1821 1763
f 1823 1763 1707
f 1824 1707 1708
f 1824 1708 707
f 1824 1823 1707
f 1824 1821 1823
f 1824 1822 1821
f 1824 707 1822
f 707 712 1811
f 1819 1811 1812
f 1819 707 1811
f 1818 1812 1
f 1818 1819 1812
f 756 1 2
f 756 2 3
f 756 3 4
f 756 1818 1

