# https://github.com/mikedh/trimesh
v 0.00000000 64.00000000 53.69762979
v -0.06526310 64.00000000 53.70190736
v -0.12940952 64.00000000 53.71466688
v -0.19134172 64.00000000 53.73569003
v -0.25000000 64.00000000 53.76461709
v 0.00000000 0.00000000 53.69762979
v -0.25000000 0.00000000 53.76461709
v -0.19134172 0.00000000 53.73569003
v -0.12940952 0.00000000 53.71466688
v -0.06526310 0.00000000 53.70190736
v -39.78495765 16.06048603 -71.26266087
v -40.12973094 15.48307956 -71.23251921
v -40.46327211 14.90511860 -71.14355050
v -40.77725422 14.32771172 -70.99797603
v -39.78495765 15.89017572 -71.26266087
v -39.78495765 15.54955509 -71.26266087
v -40.77725422 13.81718873 -70.99797603
v -40.46327167 14.39445930 -71.14355063
v -40.12973041 14.97228431 -71.23251928
v 39.78495765 15.03094308 -71.26266087
v 39.78502820 0.00000000 -71.26266087
v 39.78500468 0.00000000 -71.26266087
v 39.78498117 0.00000000 -71.26266087
v 39.78495765 0.00000000 -71.26266087
v 39.78495765 64.00000000 -71.26266087
v 39.78495765 59.54399267 -71.26266087
v 39.78502820 64.00000000 -71.26266087
v 39.78500468 64.00000000 -71.26266087
v 39.78498117 64.00000000 -71.26266087
v -39.78495765 59.36463075 -71.26266087
v -40.06446204 59.43731119 -71.24273957
v -40.33838761 59.51026981 -71.18389233
v -40.56338308 59.57239611 -71.10411363
v -40.77725422 59.63428869 -70.99797603
v -39.78495765 57.81903388 -71.26266087
v -39.78495765 54.72784016 -71.26266087
v -40.77725422 52.99702757 -70.99797603
v -40.46327133 53.57377984 -71.14355065
v -40.12972977 54.15108708 -71.23251929
v -39.78495765 59.62781952 -71.26266087
v -40.06446351 59.70205044 -71.24273994
v -40.33838765 59.77656479 -71.18389327
v -40.56338201 59.84001599 -71.10411458
v -40.77725422 59.90322918 -70.99797603
v -40.77725422 64.00000000 -70.99797603
v -39.78502820 64.00000000 -71.26266087
v -40.04395533 64.00000000 -71.24576212
v -40.29848962 64.00000000 -71.19535258
v -40.54431276 64.00000000 -71.11228747
v -39.78495765 30.88136641 -71.26266087
v -39.96912849 30.56626948 -71.25413590
v -39.78495765 30.35296731 -71.26266087
v -39.78495765 29.29616909 -71.26266087
v -40.77725422 28.61007311 -70.99797603
v -40.49584499 28.81568284 -71.13132460
v -40.19745438 29.02185432 -71.21924361
v -39.99245689 29.15919853 -71.25172053
v -40.77725422 29.83119347 -70.99797603
v -40.40254775 30.09631076 -71.16453471
v -40.57396315 29.97962688 -71.09977503
v -40.67725948 29.90575097 -71.05167781
v -40.31242153 30.16529400 -71.19158201
v -39.78495765 59.54008993 -71.26266087
v -39.78495765 54.55619537 -71.26266087
v -39.78495765 54.21290581 -71.26266087
v -40.77725422 52.48214092 -70.99797603
v -40.46327108 53.05887712 -71.14355073
v -40.12972951 53.63616848 -71.23251933
v -39.78495765 46.43572601 -71.26266087
v -39.78495765 23.35228453 -71.26266087
v -40.09536164 23.17775323 -71.23812889
v -40.39794344 23.00270115 -71.16574184
v -40.59190077 22.88609581 -71.09180950
v -40.77725422 22.76983707 -70.99797603
v -39.78495765 23.25290948 -71.26266087
v -39.78495765 23.05415938 -71.26266087
v -40.77725422 22.47168094 -70.99797603
v -40.49586947 22.64622291 -71.13129749
v -40.19743329 22.82128450 -71.21922590
v -39.99242102 22.93789551 -71.25171462
v -39.78495765 27.31487424 -71.26266087
v -39.78495765 20.72293493 -71.26266087
v -39.78502820 0.00000000 -71.26266087
v -40.04395533 0.00000000 -71.24576212
v -40.29848962 0.00000000 -71.19535258
v -40.54431276 0.00000000 -71.11228747
v -40.77725422 0.00000000 -70.99797603
v -1.76343953 19.45387061 -71.26266087
v -0.06069933 19.52153654 -71.26266087
v -3.36956412 19.21854927 -71.26266087
v -4.93499886 18.83888853 -71.26266087
v -6.46697890 18.29457144 -71.26266087
v -7.87827401 17.63730215 -71.26266087
v -16.59124349 2.95700635 -71.26266087
v -16.46844790 1.47766455 -71.26266087
v -16.23479634 0.25044461 -71.26266087
v -17.31083270 0.25043501 -71.26266087
v -17.51492850 1.31568953 -71.26266087
v -17.65808196 3.00634206 -71.26266087
v -17.63050502 3.22201689 -71.26266087
v -17.56189262 3.37609472 -71.26266087
v -8.77453166 18.18860767 -71.26266087
v -8.37723317 18.54815558 -71.26266087
v -8.53279449 18.45386311 -71.26266087
v -8.60303327 18.39838315 -71.26266087
v -8.66522735 18.33401384 -71.26266087
v -6.90111309 19.23546653 -71.26266087
v -5.27189369 19.81703913 -71.26266087
v -3.60129211 20.22506522 -71.26266087
v -1.89379345 20.47767465 -71.26266087
v -0.06071494 20.55380301 -71.26266087
v -0.00010000 20.55376119 -71.26266087
v -0.00010000 22.48803857 -71.26266087
v -0.06074419 22.48808023 -71.26266087
v -1.10179372 22.48836778 -71.26266087
v -2.86791175 22.33797052 -71.26266087
v -4.59816493 22.01654923 -71.26266087
v -6.30669316 21.56337607 -71.26266087
v -7.95729414 20.95915093 -71.26266087
v -9.55410132 20.20084890 -71.26266087
v -9.87063404 20.02058831 -71.26266087
v -10.34750203 19.64383749 -71.26266087
v -19.73521224 3.68188013 -71.26266087
v -19.78968622 3.53216623 -71.26266087
v -19.84828465 3.00615469 -71.26266087
v -19.69305585 1.11140865 -71.26266087
v -19.54259207 0.25041511 -71.26266087
v -19.81078769 0.25041272 -71.26266087
v -19.95579632 1.07985236 -71.26266087
v -20.11171588 3.00749506 -71.26266087
v -20.04691279 3.58587278 -71.26266087
v -20.02904197 3.64461699 -71.26266087
v -26.28122876 5.32091664 -71.26266087
v -30.72359746 5.66241219 -71.26266087
v -31.50286308 5.60683669 -71.26266087
v -32.18487856 5.31981374 -71.26266087
v -32.71757984 4.83692660 -71.26266087
v -33.03028523 4.22799819 -71.26266087
v -33.12266130 3.68251881 -71.26266087
v -33.04528828 1.42609267 -71.26266087
v -32.92336888 0.25024286 -71.26266087
v -33.18930215 0.25023649 -71.26266087
v -33.30940902 1.40879843 -71.26266087
v -33.38575175 3.69862435 -71.26266087
v -33.28820622 4.28874905 -71.26266087
v -32.94343811 4.97303805 -71.26266087
v -32.34867523 5.52356598 -71.26266087
v -31.58735610 5.85204729 -71.26266087
v -30.72292331 5.91954163 -71.26266087
v -26.25593868 5.57722952 -71.26266087
v -26.03250286 5.57672846 -71.26266087
v -25.82182557 5.59183637 -71.26266087
v -25.62666605 5.64185483 -71.26266087
v -25.43254229 5.72527343 -71.26266087
v -25.08429572 5.97183416 -71.26266087
v -24.93741375 6.13161942 -71.26266087
v -24.80673860 6.31238449 -71.26266087
v -15.05697824 22.74590806 -71.26266087
v -14.89113051 23.13260822 -71.26266087
v -14.85389453 23.33988864 -71.26266087
v -14.85355367 23.55774268 -71.26266087
v -14.86838400 23.76284091 -71.26266087
v -14.92010702 23.95266548 -71.26266087
v -15.12354844 24.35144761 -71.26266087
v -17.67586715 27.94820487 -71.26266087
v -17.98861701 28.59538966 -71.26266087
v -18.12068655 29.39430047 -71.26266087
v -17.98000924 30.13899960 -71.26266087
v -17.61313441 30.78803094 -71.26266087
v -16.99385593 31.29490328 -71.26266087
v -14.93188539 32.38400532 -71.26266087
v -12.79336289 33.31986643 -71.26266087
v -10.59346341 34.12246507 -71.26266087
v -8.33666989 34.75269493 -71.26266087
v -6.05919520 35.23002510 -71.26266087
v -3.72413405 35.55461488 -71.26266087
v -1.38734940 35.72613777 -71.26266087
v -0.06079558 35.72594390 -71.26266087
v -0.00010000 35.72590324 -71.26266087
v -0.00010000 40.65876326 -71.26266087
v -0.06076575 40.65880355 -71.26266087
v -1.31145998 40.65919088 -71.26266087
v -3.54410558 40.54490725 -71.26266087
v -5.74813341 40.28745812 -71.26266087
v -7.93320009 39.91503912 -71.26266087
v -10.10000125 39.41287757 -71.26266087
v -12.22266715 38.77913072 -71.26266087
v -14.32498298 38.03292669 -71.26266087
v -16.36144331 37.17259754 -71.26266087
v -18.34687461 36.19930899 -71.26266087
v -20.26541704 35.11221861 -71.26266087
v -22.12741114 33.90378108 -71.26266087
v -22.21844203 33.83479945 -71.26266087
v -22.55911927 33.43383330 -71.26266087
v -37.82782428 7.67864122 -71.26266087
v -37.89643419 7.55997718 -71.26266087
v -38.03467275 7.06199503 -71.26266087
v -38.16553595 4.95125142 -71.26266087
v -38.18224327 2.77774109 -71.26266087
v -38.05034272 0.61581518 -71.26266087
v -38.00777651 0.25012095 -71.26266087
v -39.07285376 0.25009541 -71.26266087
v -39.10507873 0.52683543 -71.26266087
v -39.24146706 2.75102935 -71.26266087
v -39.22373065 4.98596864 -71.26266087
v -39.08875836 7.17660134 -71.26266087
v -38.88537061 7.95034449 -71.26266087
v -23.45355810 33.98820389 -71.26266087
v -22.99771246 34.53569229 -71.26266087
v -20.82573053 35.98665648 -71.26266087
v -18.85201793 37.10513267 -71.26266087
v -16.81107159 38.10594693 -71.26266087
v -14.71771717 38.99027651 -71.26266087
v -12.55988362 39.75644987 -71.26266087
v -10.37825403 40.40731532 -71.26266087
v -8.14766257 40.92441416 -71.26266087
v -5.90294270 41.30723921 -71.26266087
v -3.65271027 41.57073020 -71.26266087
v -1.33937530 41.68970992 -71.26266087
v -0.06075122 41.68932320 -71.26266087
v -0.00010000 41.68928298 -71.26266087
v -0.00010000 46.62179005 -71.26266087
v -0.06068169 46.62182991 -71.26266087
v -1.50757339 46.62193470 -71.26266087
v -4.09882445 46.48953607 -71.26266087
v -6.69214481 46.18611466 -71.26266087
v -9.24547479 45.74992435 -71.26266087
v -11.77880710 45.16200407 -71.26266087
v -14.25524666 44.42202169 -71.26266087
v -16.71170209 43.54927379 -71.26266087
v -19.08989039 42.54359642 -71.26266087
v -21.40980313 41.40532811 -71.26266087
v -23.65109433 40.13429712 -71.26266087
v -25.81859524 38.72765117 -71.26266087
v -25.96893451 38.61754928 -71.26266087
v -26.44029791 38.05797566 -71.26266087
v -39.78495765 0.00000000 -71.26266087
v -0.00010000 0.00000000 -71.26266087
v -0.00010000 19.52149464 -71.26266087
v 0.00010000 19.52149450 -71.26266087
v 0.00010000 0.00000000 -71.26266087
v 26.11707402 38.08526147 -71.26266087
v 26.02845591 38.24084786 -71.26266087
v 25.53399050 38.72573267 -71.26266087
v 23.37097217 40.12985951 -71.26266087
v 21.10968253 41.40156090 -71.26266087
v 18.78976817 42.54050040 -71.26266087
v 16.41157971 43.54634486 -71.26266087
v 13.97478040 44.41959473 -71.26266087
v 11.48006562 45.15974404 -71.26266087
v 8.94638786 45.74833478 -71.26266087
v 6.39202424 46.18502641 -71.26266087
v 3.82042679 46.48878294 -71.26266087
v 1.20745194 46.62168510 -71.26266087
v 0.06067773 46.62175006 -71.26266087
v 0.00010000 46.62178992 -71.26266087
v 0.00010000 41.68928285 -71.26266087
v 0.06074892 41.68924264 -71.26266087
v 1.05994417 41.68895621 -71.26266087
v 3.32707515 41.57366988 -71.26266087
v 5.62454673 41.30313087 -71.26266087
v 7.87167911 40.91795761 -71.26266087
v 10.10296029 40.39901339 -71.26266087
v 12.29665842 39.74730959 -71.26266087
v 14.44001034 38.97878700 -71.26266087
v 16.53164124 38.09328330 -71.26266087
v 18.57120797 37.09112876 -71.26266087
v 20.56250633 35.97013589 -71.26266087
v 22.44070704 34.75129324 -71.26266087
v 23.03102958 34.19104858 -71.26266087
v 38.45770123 8.16110808 -71.26266087
v 38.75626757 7.44845418 -71.26266087
v 38.91777990 4.95889968 -71.26266087
v 38.93379677 2.73738807 -71.26266087
v 38.81223689 0.49909573 -71.26266087
v 38.78304526 0.25004903 -71.26266087
v 37.71798123 0.25007324 -71.26266087
v 37.75715521 0.58421387 -71.26266087
v 37.87526182 2.76057386 -71.26266087
v 37.85958482 4.92401332 -71.26266087
v 37.72526718 7.09903972 -71.26266087
v 37.71561878 7.20511424 -71.26266087
v 37.52151906 7.67758615 -71.26266087
v 22.22520903 33.47941373 -71.26266087
v 22.17658989 33.56433997 -71.26266087
v 21.80936230 33.92166797 -71.26266087
v 20.00391729 35.09469074 -71.26266087
v 18.06778910 36.18429781 -71.26266087
v 16.08201331 37.15993378 -71.26266087
v 14.04624255 38.02194134 -71.26266087
v 11.95944293 38.77015856 -71.26266087
v 9.82574234 39.40423977 -71.26266087
v 7.65721702 39.90858240 -71.26266087
v 5.46904820 40.28334963 -71.26266087
v 3.25364150 40.54482595 -71.26266087
v 1.03237418 40.65843716 -71.26266087
v 0.06076379 40.65872284 -71.26266087
v 0.00010000 40.65876313 -71.26266087
v 0.00010000 35.72590311 -71.26266087
v 0.06079567 35.72586246 -71.26266087
v 1.07068084 35.72572030 -71.26266087
v 3.42574049 35.55352707 -71.26266087
v 5.74149248 35.22843485 -71.26266087
v 8.03827579 34.75043509 -71.26266087
v 10.27644970 34.11919919 -71.26266087
v 12.49427970 33.31643365 -71.26266087
v 14.61383831 32.37990185 -71.26266087
v 16.70580734 31.28257692 -71.26266087
v 17.17474908 30.92088511 -71.26266087
v 17.61403487 30.28142073 -71.26266087
v 17.79367604 29.49476207 -71.26266087
v 17.71332877 28.69467634 -71.26266087
v 17.33851246 27.92966934 -71.26266087
v 14.80412652 24.36295507 -71.26266087
v 14.60034053 23.97206123 -71.26266087
v 14.54620395 23.78609693 -71.26266087
v 14.52689080 23.57881674 -71.26266087
v 14.54481714 23.36113041 -71.26266087
v 14.58101858 23.14529022 -71.26266087
v 14.62825462 22.96368899 -71.26266087
v 24.47388527 6.32155100 -71.26266087
v 24.60111259 6.14313582 -71.26266087
v 24.74006429 5.98788243 -71.26266087
v 25.08486285 5.73695815 -71.26266087
v 25.27726250 5.64951156 -71.26266087
v 25.49069677 5.59580058 -71.26266087
v 25.71447667 5.57716805 -71.26266087
v 25.91894801 5.57683027 -71.26266087
v 30.41351667 5.91965436 -71.26266087
v 31.15657843 5.88153584 -71.26266087
v 31.90445233 5.58628777 -71.26266087
v 32.50680479 5.08913306 -71.26266087
v 32.90571128 4.44814550 -71.26266087
v 33.06082973 3.67373214 -71.26266087
v 32.98207902 1.40119341 -71.26266087
v 32.87246892 0.25018340 -71.26266087
v 32.60697248 0.25018943 -71.26266087
v 32.71795607 1.41748057 -71.26266087
v 32.79842871 3.65426954 -71.26266087
v 32.66606221 4.33603515 -71.26266087
v 32.31749377 4.90753606 -71.26266087
v 31.78306587 5.35618355 -71.26266087
v 31.11966870 5.62524656 -71.26266087
v 30.41694957 5.66235700 -71.26266087
v 25.95658680 5.32144040 -71.26266087
v 19.75001225 3.64985564 -71.26266087
v 19.76578426 3.56717326 -71.26266087
v 19.78577578 3.35720507 -71.26266087
v 19.62777665 1.06803464 -71.26266087
v 19.48411117 0.25034371 -71.26266087
v 19.21586260 0.25034591 -71.26266087
v 19.36503614 1.09975859 -71.26266087
v 19.50232732 2.81525157 -71.26266087
v 19.52095289 2.99299413 -71.26266087
v 19.52165454 3.34495491 -71.26266087
v 19.50407581 3.53008273 -71.26266087
v 19.45650210 3.80517312 -71.26266087
v 9.96049960 19.65143345 -71.26266087
v 9.55362955 20.01396679 -71.26266087
v 9.25330287 20.19775171 -71.26266087
v 7.66201054 20.95403758 -71.26266087
v 5.99141197 21.55977345 -71.26266087
v 4.30115840 22.01412048 -71.26266087
v 2.55435348 22.33604499 -71.26266087
v 0.78685616 22.48778397 -71.26266087
v 0.06075097 22.48799677 -71.26266087
v 0.00010000 22.48803843 -71.26266087
v 0.00010000 20.55376106 -71.26266087
v 0.06072294 20.55371924 -71.26266087
v 1.66471504 20.48011134 -71.26266087
v 3.37531717 20.22968470 -71.26266087
v 5.04350535 19.82484842 -71.26266087
v 6.67479498 19.24512440 -71.26266087
v 8.19012155 18.53978446 -71.26266087
v 8.58226896 18.18486786 -71.26266087
v 8.47439716 18.32841372 -71.26266087
v 8.41301211 18.39195609 -71.26266087
v 8.34368133 18.44671922 -71.26266087
v 17.33213979 3.42838934 -71.26266087
v 17.42730109 3.22194523 -71.26266087
v 17.45556923 3.00694180 -71.26266087
v 17.31586682 1.34146521 -71.26266087
v 17.12115027 0.25036310 -71.26266087
v 16.04645333 0.25037191 -71.26266087
v 16.26214126 1.44905930 -71.26266087
v 16.38872939 2.95710183 -71.26266087
v 7.68781600 17.63067839 -71.26266087
v 6.28617590 18.28559832 -71.26266087
v 4.75833252 18.83125605 -71.26266087
v 3.19117355 19.21393703 -71.26266087
v 1.58746255 19.45127152 -71.26266087
v 0.06070798 19.52145260 -71.26266087
v -1.37735112 35.46867688 -71.26266087
v -0.06079682 35.46848284 -71.26266087
v -3.69551597 35.29849664 -71.26266087
v -6.01264573 34.97642310 -71.26266087
v -8.27218994 34.50278536 -71.26266087
v -10.51036362 33.87792630 -71.26266087
v -12.69267770 33.08170547 -71.26266087
v -14.81464962 32.15322895 -71.26266087
v -16.84627461 31.08225207 -71.26266087
v -17.39417750 30.64066892 -71.26266087
v -17.72346847 30.07119300 -71.26266087
v -17.85242268 29.39060815 -71.26266087
v -17.74104265 28.68820443 -71.26266087
v -17.44725775 28.07643354 -71.26266087
v -14.91668436 24.51234247 -71.26266087
v -10.28630307 20.03371852 -71.26266087
v -10.02097500 20.23256681 -71.26266087
v -9.85857106 20.33125688 -71.26266087
v -8.06177469 21.19563335 -71.26266087
v -6.38807105 21.80841812 -71.26266087
v -4.65781986 22.26746574 -71.26266087
v -2.90446491 22.59291494 -71.26266087
v -1.11352117 22.74566167 -71.26266087
v -0.06074808 22.74537480 -71.26266087
v -0.00010000 22.74533316 -71.26266087
v -0.00010000 35.46844217 -71.26266087
v 0.00010000 35.46844203 -71.26266087
v 0.00010000 22.74533303 -71.26266087
v 0.06075470 22.74529138 -71.26266087
v 0.79858345 22.74507790 -71.26266087
v 2.59056229 22.59115684 -71.26266087
v 4.36081319 22.26503705 -71.26266087
v 6.07278972 21.80481556 -71.26266087
v 7.76614616 21.19068793 -71.26266087
v 9.38123126 20.42282185 -71.26266087
v 9.71121131 20.22023885 -71.26266087
v 9.96544064 20.00559300 -71.26266087
v 14.58696101 24.50931089 -71.26266087
v 17.11059304 28.05940924 -71.26266087
v 17.45230636 28.74284598 -71.26266087
v 17.52610173 29.48032798 -71.26266087
v 17.37887210 30.16040924 -71.26266087
v 16.99372129 30.73189906 -71.26266087
v 16.56098463 31.06807943 -71.26266087
v 14.49625745 32.14912567 -71.26266087
v 12.39324981 33.07827263 -71.26266087
v 10.19335003 33.87449252 -71.26266087
v 7.97379596 34.50052546 -71.26266087
v 5.69494384 34.97483355 -71.26266087
v 3.39677771 35.29740878 -71.26266087
v 1.06068267 35.46825937 -71.26266087
v 0.06079701 35.46840136 -71.26266087
v -0.00010000 46.87941979 -71.26266087
v -0.00010000 54.94698519 -71.26266087
v -0.06052049 54.94702456 -71.26266087
v -9.04942913 54.94713736 -71.26266087
v -10.31657592 56.16851559 -71.26266087
v -10.19278002 55.73864701 -71.26266087
v -10.10939619 55.54528831 -71.26266087
v -10.04216695 55.43332161 -71.26266087
v -9.96720324 55.34026575 -71.26266087
v -9.88142127 55.26206406 -71.26266087
v -9.78063603 55.19344626 -71.26266087
v -9.63767206 55.12130851 -71.26266087
v -9.35397054 55.02375948 -71.26266087
v -10.45505104 63.74965353 -71.26266087
v -10.19014693 63.74965107 -71.26266087
v -10.05176209 56.17321167 -71.26266087
v -9.04032881 55.20493743 -71.26266087
v -9.38229971 55.28015972 -71.26266087
v -9.45560164 55.30483137 -71.26266087
v -9.52104111 55.33209392 -71.26266087
v -9.59123911 55.36916184 -71.26266087
v -9.65132874 55.41024037 -71.26266087
v -9.73844027 55.49239171 -71.26266087
v -9.80756075 55.58289560 -71.26266087
v -9.88211021 55.71435626 -71.26266087
v -9.97344465 55.93601262 -71.26266087
v -5.09824481 55.20488680 -71.26266087
v -5.59751258 56.17030119 -71.26266087
v -5.58539674 56.00597193 -71.26266087
v -5.55929739 55.89154433 -71.26266087
v -5.51270967 55.76988764 -71.26266087
v -5.43545619 55.62849484 -71.26266087
v -5.27801341 55.41322017 -71.26266087
v -5.62697163 63.74959702 -71.26266087
v -5.36215505 63.74959321 -71.26266087
v -5.33272026 56.17646586 -71.26266087
v -4.64304735 55.20488095 -71.26266087
v -4.83152586 55.29778132 -71.26266087
v -4.93348836 55.36396497 -71.26266087
v -5.00733777 55.42955649 -71.26266087
v -5.08077241 55.51847360 -71.26266087
v -5.14406045 55.62208578 -71.26266087
v -5.19976517 55.74252145 -71.26266087
v -5.25153910 55.88693221 -71.26266087
v -0.06051523 55.20482407 -71.26266087
v -0.00010000 55.20478471 -71.26266087
v -0.00010000 64.00000000 -71.26266087
v -39.78495765 64.00000000 -71.26266087
v -36.24832516 58.67943991 -71.26266087
v -31.80595154 58.33775248 -71.26266087
v -31.02667921 58.39328721 -71.26266087
v -30.34462938 58.68027448 -71.26266087
v -29.81187039 59.16313376 -71.26266087
v -29.49909669 59.77204875 -71.26266087
v -29.40666281 60.31752818 -71.26266087
v -29.48378752 62.57397242 -71.26266087
v -29.60555351 63.74983709 -71.26266087
v -29.33961854 63.74983384 -71.26266087
v -29.21966806 62.59125672 -71.26266087
v -29.14357940 60.30141231 -71.26266087
v -29.24118751 59.71128745 -71.26266087
v -29.58602835 59.02701049 -71.26266087
v -30.18085703 58.47651367 -71.26266087
v -30.94221545 58.14807219 -71.26266087
v -31.80665639 58.08062307 -71.26266087
v -36.27364073 58.42312935 -71.26266087
v -36.49707713 58.42363861 -71.26266087
v -36.70775651 58.40853850 -71.26266087
v -36.90292155 58.35852747 -71.26266087
v -37.09705413 58.27511644 -71.26266087
v -37.44532615 58.02856981 -71.26266087
v -37.59222438 57.86879081 -71.26266087
v -37.72291782 57.68803151 -71.26266087
v -24.70196541 56.32120546 -71.26266087
v -24.63334452 56.43986715 -71.26266087
v -24.49505798 56.93784612 -71.26266087
v -24.36394854 59.04860009 -71.26266087
v -24.34696822 61.22212735 -71.26266087
v -24.47859653 63.38407568 -71.26266087
v -24.52111340 63.74977486 -71.26266087
v -23.45602216 63.74976365 -71.26266087
v -23.42383008 63.47302007 -71.26266087
v -23.28771597 61.24880326 -71.26266087
v -23.30573311 59.01384658 -71.26266087
v -23.44098335 56.82320084 -71.26266087
v -23.64444754 56.04946295 -71.26266087
v -39.07731673 30.01189424 -71.26266087
v -39.53315347 29.46439064 -71.26266087
v -38.87968980 23.86569499 -71.26266087
v -36.71221707 25.27239012 -71.26266087
v -36.56188030 25.38249512 -71.26266087
v -36.09052947 25.94208001 -71.26266087
v -18.43543123 55.71944291 -71.26266087
v -18.32646682 55.90154750 -71.26266087
v -18.13507995 56.57978383 -71.26266087
v -17.97915440 59.10460152 -71.26266087
v -17.95907547 61.62740644 -71.26266087
v -18.08932873 63.74972104 -71.26266087
v -17.82422858 63.74971894 -71.26266087
v -17.69460966 61.63411795 -71.26266087
v -17.71468631 59.09587180 -71.26266087
v -17.87509521 56.53849344 -71.26266087
v -18.08268955 55.80537385 -71.26266087
v -35.86053735 25.81385298 -71.26266087
v -36.37843708 25.19854459 -71.26266087
v -38.73969249 23.64700101 -71.26266087
v -26.67028731 38.18620536 -71.26266087
v -26.15237375 38.80150138 -71.26266087
v -23.79108671 40.35299199 -71.26266087
v -21.53599932 41.63191130 -71.26266087
v -19.20229516 42.77689206 -71.26266087
v -16.80996944 43.78844372 -71.26266087
v -14.33972119 44.66622681 -71.26266087
v -11.84845471 45.41057290 -71.26266087
v -9.29891574 46.00218539 -71.26266087
v -6.73075871 46.44106124 -71.26266087
v -4.12157706 46.74632868 -71.26266087
v -1.51446597 46.87956442 -71.26266087
v -0.06067806 46.87945963 -71.26266087
v 1.21434444 46.87931487 -71.26266087
v 0.06067401 46.87937982 -71.26266087
v 3.84317933 46.74540775 -71.26266087
v 6.43063807 46.43980518 -71.26266087
v 8.99982874 46.00059586 -71.26266087
v 11.54936833 45.40848073 -71.26266087
v 14.05925484 44.66396773 -71.26266087
v 16.51019178 43.78551483 -71.26266087
v 18.90217284 42.77379610 -71.26266087
v 21.23553383 41.62831199 -71.26266087
v 23.51061964 40.34872223 -71.26266087
v 25.70122323 38.92411905 -71.26266087
v 26.24223882 38.39744236 -71.26266087
v 39.78495765 15.54689975 -71.26266087
v 39.78495765 23.22095300 -71.26266087
v 39.78495765 20.66293525 -71.26266087
v 39.02016362 23.65113327 -71.26266087
v 36.82958771 25.07578575 -71.26266087
v 36.28858384 25.60247434 -71.26266087
v 18.48038431 55.64870906 -71.26266087
v 18.20658831 56.31486029 -71.26266087
v 18.02134670 59.10251380 -71.26266087
v 18.00195622 61.64176710 -71.26266087
v 18.11495142 63.74964733 -71.26266087
v 18.37984589 63.74964949 -71.26266087
v 18.26642204 61.63606268 -71.26266087
v 18.28581479 59.11124359 -71.26266087
v 18.44208553 56.58374037 -71.26266087
v 18.45967588 56.39290746 -71.26266087
v 18.71829938 55.76099529 -71.26266087
v 36.41375467 25.91465655 -71.26266087
v 36.50237010 25.75906664 -71.26266087
v 36.99682483 25.27417079 -71.26266087
v 39.15981600 23.86999513 -71.26266087
v 39.78495765 23.51840462 -71.26266087
v 39.78495765 29.53830924 -71.26266087
v 39.78495765 27.53167437 -71.26266087
v 39.49984340 29.80890795 -71.26266087
v 24.07214322 55.83858820 -71.26266087
v 23.77351476 56.55123075 -71.26266087
v 23.61170308 59.04079892 -71.26266087
v 23.59541060 61.26232847 -71.26266087
v 23.71669599 63.50064342 -71.26266087
v 23.74585744 63.74969315 -71.26266087
v 24.81093279 63.74970564 -71.26266087
v 24.77180334 63.41556046 -71.26266087
v 24.65397311 61.23917734 -71.26266087
v 24.66991853 59.07572041 -71.26266087
v 24.80447846 56.90068374 -71.26266087
v 24.81413723 56.79460898 -71.26266087
v 25.00828121 56.32214278 -71.26266087
v 39.78495765 31.39888238 -71.26266087
v 39.78495765 54.75632849 -71.26266087
v 39.78495765 46.97051312 -71.26266087
v 38.05578463 57.67873534 -71.26266087
v 37.92853950 57.85714501 -71.26266087
v 37.78957206 58.01239256 -71.26266087
v 37.44474817 58.26330316 -71.26266087
v 37.25233945 58.35074240 -71.26266087
v 37.03889934 58.40444544 -71.26266087
v 36.81511703 58.42306986 -71.26266087
v 36.61064511 58.42340032 -71.26266087
v 32.11607647 58.08039036 -71.26266087
v 31.37301025 58.11847085 -71.26266087
v 30.62510155 58.41368064 -71.26266087
v 30.02269048 58.91080454 -71.26266087
v 29.62370840 59.55177170 -71.26266087
v 29.46850902 60.32618411 -71.26266087
v 29.54701255 62.59874092 -71.26266087
v 29.65647533 63.74976505 -71.26266087
v 29.92197344 63.74976831 -71.26266087
v 29.81113202 62.58246366 -71.26266087
v 29.73090273 60.34565679 -71.26266087
v 29.86334423 59.66389430 -71.26266087
v 30.21198007 59.09241123 -71.26266087
v 30.74646086 58.64379108 -71.26266087
v 31.40988975 58.37476202 -71.26266087
v 32.11261322 58.33768754 -71.26266087
v 36.57298121 58.67878746 -71.26266087
v 0.00010000 64.00000000 -71.26266087
v 0.00010000 55.20478458 -71.26266087
v 0.06050903 55.20474523 -71.26266087
v 4.33154185 55.20479929 -71.26266087
v 5.02570123 56.17659429 -71.26266087
v 4.99966036 55.96743353 -71.26266087
v 4.97055435 55.84903402 -71.26266087
v 4.93278426 55.75748240 -71.26266087
v 4.87272899 55.65871827 -71.26266087
v 4.79535024 55.56480371 -71.26266087
v 4.69947787 55.47260927 -71.26266087
v 4.57953333 55.37633281 -71.26266087
v 5.06500987 63.74951174 -71.26266087
v 5.32982743 63.74951562 -71.26266087
v 5.29049356 56.17005206 -71.26266087
v 4.76710530 55.20480500 -71.26266087
v 4.91346169 55.31895639 -71.26266087
v 4.98762836 55.39823179 -71.26266087
v 5.05547904 55.49388285 -71.26266087
v 5.12738761 55.63098236 -71.26266087
v 5.17500817 55.75107962 -71.26266087
v 5.21967305 55.89203595 -71.26266087
v 8.74380517 55.20485715 -71.26266087
v 9.75454844 56.18179636 -71.26266087
v 9.66836801 55.83770652 -71.26266087
v 9.61203419 55.69896854 -71.26266087
v 9.57276351 55.62920717 -71.26266087
v 9.52981631 55.56987107 -71.26266087
v 9.48459371 55.52085030 -71.26266087
v 9.39863896 55.45036679 -71.26266087
v 9.29704429 55.38934027 -71.26266087
v 9.17780404 55.33532064 -71.26266087
v 9.03385978 55.28477365 -71.26266087
v 9.89312355 63.74957240 -71.26266087
v 10.15802188 63.74957492 -71.26266087
v 10.01921162 56.16843567 -71.26266087
v 8.75240987 54.94705706 -71.26266087
v 9.18649425 55.05497851 -71.26266087
v 9.38276194 55.13120103 -71.26266087
v 9.49711060 55.19427228 -71.26266087
v 9.59283944 55.26576396 -71.26266087
v 9.67411946 55.34861100 -71.26266087
v 9.74637020 55.44680273 -71.26266087
v 9.82367883 55.58701367 -71.26266087
v 9.93152085 55.86692770 -71.26266087
v 0.06051435 54.94694569 -71.26266087
v 0.00010000 54.94698506 -71.26266087
v 0.00010000 46.87941965 -71.26266087
v -36.93227976 58.61563666 -71.26266087
v -36.99255765 58.60021800 -71.26266087
v -37.22772365 58.49801005 -71.26266087
v -37.62564913 58.21588270 -71.26266087
v -37.79978927 58.02841099 -71.26266087
v -37.94634605 57.82650445 -71.26266087
v -24.72983276 5.97200590 -71.26266087
v -24.90395348 5.78452675 -71.26266087
v -24.58329728 6.17391899 -71.26266087
v -14.82146926 22.62825464 -71.26266087
v -14.71802956 22.84896246 -71.26266087
v -14.63596818 23.06732043 -71.26266087
v -14.59080232 23.31874235 -71.26266087
v -14.58908279 23.56831783 -71.26266087
v -14.60874143 23.80731939 -71.26266087
v -14.63505553 23.90435062 -71.26266087
v -10.51428395 19.83891961 -71.26266087
v -19.95061461 3.90242016 -71.26266087
v -25.59728243 5.38474531 -71.26266087
v -25.53700624 5.40016627 -71.26266087
v -25.30185104 5.50238340 -71.26266087
v -39.78498117 0.00000000 -71.26266087
v -39.78500468 0.00000000 -71.26266087
v -39.78498117 64.00000000 -71.26266087
v -39.78500468 64.00000000 -71.26266087
v 39.78495765 15.37491419 -71.26266087
v 39.78495765 55.27400704 -71.26266087
v 39.78495765 55.10144752 -71.26266087
v 38.27920505 57.81703954 -71.26266087
v 38.13609600 58.01676420 -71.26266087
v 37.96988673 58.19987231 -71.26266087
v 37.57541091 58.48619599 -71.26266087
v 37.33921364 58.59310382 -71.26266087
v 37.25973547 58.61311677 -71.26266087
v 39.78495765 59.28277267 -71.26266087
v 39.78495765 59.45691934 -71.26266087
v 39.78495765 30.77869134 -71.26266087
v 14.26276456 23.57881791 -71.26266087
v 14.28656111 23.83057523 -71.26266087
v 14.28206958 23.32924230 -71.26266087
v 14.32275316 23.09007257 -71.26266087
v 14.38447059 22.86819009 -71.26266087
v 14.51308135 22.63103402 -71.26266087
v 24.25044406 6.18325317 -71.26266087
v 24.39353173 5.98352215 -71.26266087
v 24.55972221 5.80040705 -71.26266087
v 24.95417178 5.51406803 -71.26266087
v 25.19036133 5.40715155 -71.26266087
v 25.26983888 5.38713582 -71.26266087
v 19.70028301 3.91040689 -71.26266087
v 10.16350908 19.79552113 -71.26266087
v 14.30720739 23.90268258 -71.26266087
v 39.78495765 23.41925408 -71.26266087
v 39.78495765 57.94651746 -71.26266087
v 40.09535954 23.04785600 -71.23812844
v 40.39794335 22.87424130 -71.16574081
v 40.59190173 22.75859427 -71.09180859
v 40.77725422 22.64329272 -70.99797603
v 40.77725422 13.81392368 -70.99797603
v 40.46327163 14.39139751 -71.14355069
v 40.12973047 14.96942570 -71.23251931
v 40.77725422 13.29852591 -70.99797603
v 40.12973022 14.45365523 -71.23251932
v 40.46327148 13.87581329 -71.14355070
v 40.08838647 29.24864984 -71.23942788
v 40.32832250 29.09417080 -71.18708877
v 40.55898697 28.93789557 -71.10610837
v 40.77725422 28.78022917 -70.99797603
v 40.77725422 22.94080438 -70.99797603
v 40.49587008 23.11388279 -71.13129642
v 40.19743164 23.28747937 -71.21922520
v 39.99241888 23.40311461 -71.25171439
v 40.12973034 54.17795585 -71.23251951
v 40.46327104 53.59902974 -71.14355109
v 40.77725422 53.02065784 -70.99797603
v 40.77725422 30.01953018 -70.99797603
v 40.69968682 30.07829060 -71.04027076
v 40.35405445 30.43562819 -71.17966424
v 40.30567182 30.52055622 -71.19342230
v 40.77725422 59.82064409 -70.99797603
v 40.52495985 59.74607247 -71.11990728
v 40.25811854 59.67122070 -71.20530448
v 40.02328067 59.60748563 -71.24818138
v 40.77725422 59.55512983 -70.99797603
v 40.52496056 59.48171613 -71.11990653
v 40.25811808 59.40802595 -71.20530388
v 40.02327953 59.34527993 -71.24818116
v 40.12973046 54.69603437 -71.23251941
v 40.46327136 54.11750788 -71.14355089
v 40.77725422 53.53953565 -70.99797603
v 40.77725422 64.00000000 -70.99797603
v 40.54431276 64.00000000 -71.11228747
v 40.29848962 64.00000000 -71.19535258
v 40.04395533 64.00000000 -71.24576212
v 40.77725422 0.00000000 -70.99797603
v 40.54431276 0.00000000 -71.11228747
v 40.29848962 0.00000000 -71.19535258
v 40.04395533 0.00000000 -71.24576212
v -70.99797603 28.72123985 -40.77725422
v -70.99797603 22.88969810 -40.77725422
v -71.13129627 23.06277656 -40.49587047
v -71.21922510 23.23637252 -40.19743210
v -71.25171436 23.35200697 -39.99241920
v -71.26266087 23.46729591 -39.78495765
v -71.26266087 29.45201728 -39.78495765
v -71.25138874 29.24869090 -39.99665030
v -71.20298192 29.07438255 -40.26862390
v -71.11788902 28.89837244 -40.53034182
v -70.99797603 22.59218186 -40.77725422
v -71.26266087 23.16983974 -39.78495765
v -71.23812835 22.99674452 -40.09536011
v -71.16574061 22.82313069 -40.39794397
v -71.09180841 22.70748374 -40.59190213
v -70.99797603 52.86700745 -40.77725422
v -70.99797603 29.96046860 -40.77725422
v -71.08004256 30.07833266 -40.61824337
v -71.20440970 30.43566865 -40.26324784
v -71.21585983 30.52059661 -40.21430282
v -71.26266087 31.24548144 -39.78495765
v -71.26266087 54.60268918 -39.78495765
v -71.23251913 54.02431421 -40.12973250
v -71.14355034 53.44538440 -40.46327310
v -70.99797603 59.84515835 -40.77725422
v -70.99797603 59.57926422 -40.77725422
v -71.11990700 59.50585555 -40.52495939
v -71.20530425 59.43216673 -40.25811655
v -71.24818130 59.36941897 -40.02327840
v -71.26266087 59.30690730 -39.78495765
v -71.26266087 59.56850695 -39.78495765
v -71.11990779 59.77059202 -40.52495858
v -71.20530488 59.69574163 -40.25811688
v -71.24818152 59.63200465 -40.02327945
v -71.26266087 55.12047662 -39.78495765
v -71.23251912 54.54250133 -40.12973211
v -71.14355032 53.96397120 -40.46327293
v -70.99797603 53.38599426 -40.77725422
v -70.99797603 64.00000000 -40.77725422
v -71.26266087 64.00000000 -39.78495765
v -71.11229419 64.00000000 -40.54429646
v -71.19536167 64.00000000 -40.29845554
v -71.24576900 64.00000000 -40.04390287
v -70.99797603 13.66055351 -40.77725422
v -71.14355030 14.23802406 -40.46327269
v -71.23251911 14.81604827 -40.12973159
v -71.26266087 15.39351763 -39.78495765
v -71.26266087 14.87761411 -39.78495765
v -71.26266087 0.00000000 -39.78495765
v -71.23251905 14.30033118 -40.12973174
v -71.14355018 13.72249318 -40.46327293
v -70.99797603 13.14520880 -40.77725422
v -70.99797603 0.00000000 -40.77725422
v -71.11229419 0.00000000 -40.54429646
v -71.19536167 0.00000000 -40.29845554
v -71.24576900 0.00000000 -40.04390287
v -43.88928240 8.19411632 -69.11749382
v -44.06443110 7.46096437 -69.00596332
v -44.19930513 4.90354932 -68.91965240
v -44.21591847 2.36548001 -68.90899517
v -44.10635402 0.25019328 -68.97917509
v -43.88251048 0.25018166 -69.12179349
v -43.99296078 2.37218101 -69.05154932
v -43.97635298 4.89484088 -69.06212739
v -43.84493635 7.41968840 -69.14563340
v -43.68312738 8.09795462 -69.24797068
v -43.59087027 8.28007068 -69.30608264
v -49.76891552 0.00000000 -65.01193821
v -57.89428755 0.00000000 -57.89428755
v -65.01193821 0.00000000 -49.76891552
v -69.50450854 8.23846641 -43.27378369
v -69.36738317 7.60652317 -43.49325480
v -69.35803719 7.41568436 -43.50815715
v -69.27494245 4.88816281 -43.64034155
v -69.26481186 2.36344491 -43.65641876
v -69.32566037 0.25017160 -43.55972768
v -69.18420976 0.25018388 -43.78404026
v -69.12335494 2.35775147 -43.88005085
v -69.13353749 4.89687208 -43.86400638
v -69.23250570 7.68455776 -43.70763338
v -69.37836511 8.35074180 -43.47573480
v -70.80193796 22.37151757 -41.11669542
v -69.60124576 21.22594968 -43.11802002
v -68.31079364 20.21415057 -45.13460462
v -66.92941561 19.33560657 -47.15877849
v -65.45230794 18.59102302 -49.18833649
v -63.88756963 17.99884346 -51.20425283
v -62.24977011 17.55957406 -53.18329797
v -60.53776511 17.25394304 -55.12418759
v -58.73560066 17.12005305 -57.04056694
v -56.89002556 17.11988845 -58.88142366
v -54.98531118 17.25310698 -60.66393176
v -53.02395907 17.55840287 -62.38554982
v -51.04146464 17.99733790 -64.01770028
v -49.02165991 18.58901475 -65.57723630
v -47.00386344 19.33343072 -67.03830162
v -44.96008091 20.21130817 -68.42578597
v -42.93990538 21.22294240 -69.71127303
v -40.93550809 22.36800982 -70.90684903
v -60.86595547 8.79449990 -54.76159719
v -54.59717870 8.79448345 -61.01348326
v -54.45693382 8.70238073 -61.13868724
v -54.38613375 8.64140912 -61.20167905
v -54.34177563 8.59142201 -61.24106929
v -54.28396372 8.50586477 -61.29231973
v -54.23824014 8.41528198 -61.33278380
v -54.18931730 8.28489713 -61.37601432
v -54.14502187 8.12621059 -61.41509316
v -54.08060929 7.82290206 -61.47182087
v -54.05987639 0.25051519 -61.49005469
v -53.86077099 0.25051169 -61.66453121
v -53.88130743 7.82906755 -61.64658767
v -53.89079502 7.99592486 -61.63829392
v -53.90902928 8.10302315 -61.62234679
v -53.94160687 8.21889785 -61.59383146
v -53.99723171 8.35769868 -61.54507315
v -54.11973595 8.58333293 -61.43736683
v -54.25673146 8.79447903 -61.31642645
v -51.24241461 8.79444307 -63.85696521
v -50.98376975 8.72241250 -64.06365777
v -50.88973223 8.68050462 -64.13838272
v -50.80978943 8.62897655 -64.20173175
v -50.75929999 8.58369673 -64.24165710
v -50.71706615 8.53559773 -64.27500492
v -50.65683905 8.44490970 -64.32248459
v -50.60399080 8.33723256 -64.36407170
v -50.56024682 8.22253348 -64.39843613
v -50.50082767 8.02623128 -64.44504361
v -50.44947165 7.82616555 -64.48525313
v -50.33883645 0.25045138 -64.57165482
v -50.12946170 0.25044787 -64.73433502
v -50.24055954 7.83086000 -64.64814954
v -50.33280859 8.24138025 -64.57635403
v -50.37961530 8.39036615 -64.53984781
v -50.43927230 8.53170729 -64.49324021
v -50.49466410 8.62837647 -64.44987549
v -50.55991013 8.71262076 -64.39869953
v -50.63311434 8.78259710 -64.34115255
v -50.73175451 8.85296074 -64.26340262
v -50.84815046 8.91496125 -64.17135312
v -51.04049739 8.99090605 -64.01846972
v -51.23536456 9.05224297 -63.86262193
v -57.12119307 9.05228267 -58.65655693
v -60.53621450 9.05228558 -55.12544350
v -63.73340788 9.05226971 -51.39600939
v -63.99278840 8.95051394 -51.07269369
v -64.08691771 8.89670431 -50.95452197
v -64.17648792 8.82615800 -50.84165653
v -64.23805170 8.75946051 -50.76385751
v -64.29208113 8.67998494 -50.69541806
v -64.33748074 8.58970475 -50.63779637
v -64.38382861 8.46682031 -50.57885591
v -64.42539974 8.32090680 -50.52588445
v -64.47768559 8.07825452 -50.45914629
v -64.52118501 7.83089086 -50.40350926
v -64.60777130 0.25047358 -50.29247408
v -64.44455273 0.25047731 -50.50145230
v -64.35787333 7.81753248 -50.61186819
v -64.30706722 8.14944272 -50.67640685
v -64.27878546 8.26928725 -50.71227519
v -64.24502285 8.37091560 -50.75504015
v -64.21576555 8.43478866 -50.79205169
v -64.18465854 8.48757322 -50.83135518
v -64.12600012 8.56132443 -50.90533178
v -64.05656557 8.62417996 -50.99267334
v -63.98277260 8.67447633 -51.08524019
v -63.85666849 8.73997085 -51.24278262
v -63.72804939 8.79447093 -51.40265345
v -61.15676119 8.79449717 -54.43663860
v -61.25509162 8.67783973 -54.32596569
v -61.30629774 8.59566120 -54.26817602
v -61.35315792 8.49351436 -54.21519365
v -61.39989631 8.35498039 -54.16225445
v -61.45949394 8.09600599 -54.09462582
v -61.50398191 7.82925838 -54.04403085
v -61.52865912 0.25054150 -54.01593439
v -61.35371735 0.25054523 -54.21455920
v -61.32867409 7.82271475 -54.24288706
v -61.31169708 8.03106660 -54.26207726
v -61.29403217 8.14087697 -54.28202909
v -61.27554701 8.21349885 -54.30289503
v -61.23856797 8.31476389 -54.34459349
v -61.19482207 8.40227202 -54.39384904
v -61.12685964 8.50661436 -54.47021091
v -61.03938512 8.61441216 -54.56821901
v -41.04467570 22.59459393 -70.84371290
v -43.03565829 21.45624048 -69.65220152
v -45.04224749 20.45048101 -68.37172663
v -47.07295596 19.57764382 -66.98980429
v -49.07748186 18.83759260 -65.53547006
v -51.08327236 18.24960849 -63.98434454
v -53.05335575 17.81335979 -62.36055248
v -55.00218500 17.50991011 -60.64863318
v -56.89498216 17.37752370 -58.87663430
v -58.73079121 17.37768807 -57.04551889
v -60.52242711 17.51057839 -55.14102717
v -62.22469613 17.81436321 -53.21263246
v -63.85410692 18.25111418 -51.24597634
v -65.41060581 18.83976885 -49.24377839
v -66.88075163 19.57998779 -47.22776856
v -68.25633922 20.45332322 -45.21691297
v -69.54192620 21.45924759 -43.21362704
v -70.73868347 22.59826938 -41.22542568
v -70.46161793 28.02981081 -41.69721166
v -69.42615531 26.90878152 -43.39937811
v -68.32254709 25.90657368 -45.11681084
v -67.14769535 25.02100115 -46.84745532
v -65.89874032 24.25242815 -48.58861065
v -64.57219479 23.60067600 -50.33814380
v -63.17566616 23.08168674 -52.08005632
v -61.72328790 22.69647921 -53.79342704
v -60.18870413 22.42592263 -55.50510749
v -58.62775723 22.31062002 -57.15140544
v -57.01584988 22.30994998 -58.75959432
v -55.33217489 22.42894521 -60.34772145
v -53.65181915 22.69245333 -61.84641755
v -51.93690899 23.07531084 -63.29340050
v -50.19246212 23.59245613 -64.68549921
v -48.44982326 24.24337194 -66.00084611
v -46.69427273 25.00959940 -67.25430808
v -44.95928831 25.89399968 -68.42630675
v -43.23812135 26.89486660 -69.52669936
v -41.54887995 28.01338127 -70.54918594
v -42.03074912 28.88783594 -70.26317093
v -43.66668088 27.80070816 -69.25834276
v -45.33466733 26.82737627 -68.17818566
v -47.01609816 25.96697852 -67.02972158
v -48.72141179 25.22072746 -65.80061622
v -50.41222772 24.58693219 -64.51437326
v -52.10251251 24.08472661 -63.15714727
v -53.76870333 23.71227809 -61.74482653
v -55.41224872 23.45481087 -60.27420471
v -57.03586677 23.34051506 -58.74016482
v -58.60847527 23.34118496 -57.17117882
v -60.13884526 23.45480926 -55.55912484
v -61.62100499 23.71630453 -53.91056303
v -63.03903476 24.09110243 -52.24535538
v -64.40120446 24.59548718 -50.55671989
v -65.69792258 25.22961532 -48.85979974
v -66.92181053 25.97787727 -47.16957003
v -68.07358445 26.83994984 -45.49158341
v -69.15772178 27.81562967 -43.82586656
v -70.17544263 28.90527216 -42.17705908
v -67.25518520 41.03668355 -46.69300939
v -67.22824894 40.85507673 -46.73178368
v -67.20758959 40.63922954 -46.76149018
v -67.19735298 40.42153582 -46.77619923
v -67.20837399 40.21424793 -46.76036278
v -67.23925602 40.02827579 -46.71594494
v -67.35525942 39.63736382 -46.54853478
v -68.76421701 36.07049191 -44.44074168
v -68.96713894 35.30546487 -44.12517205
v -69.01044600 34.50536083 -44.05741033
v -68.91351036 33.71868072 -44.20888091
v -68.67508667 33.07919486 -44.57835274
v -68.41840907 32.71749103 -44.97130598
v -67.24689566 31.62012725 -46.70494713
v -66.01583765 30.68355820 -48.42939438
v -64.67877094 29.88075947 -50.20113198
v -63.28146667 29.24948728 -51.95144885
v -61.80005626 28.77146105 -53.70521491
v -60.25558358 28.44634598 -55.43249686
v -58.63512970 28.27413788 -57.14384154
v -56.98133588 28.27380326 -58.79306441
v -55.27950369 28.44534171 -60.39597282
v -53.53374483 28.76995506 -61.94864991
v -51.79070018 29.24731202 -63.41309357
v -50.02217472 29.87758000 -64.81727469
v -48.26141859 30.68021374 -66.13873704
v -46.51834304 31.61611461 -67.37611463
v -44.80634155 32.70525721 -68.52655557
v -44.28625371 33.21214726 -68.86381338
v -43.97691831 33.86120126 -69.06176741
v -43.85806148 34.60591863 -69.13730906
v -43.96963222 35.40484883 -69.06640648
v -44.23339540 36.05205062 -68.89777785
v -46.36046256 39.64896576 -67.48484699
v -46.52794703 40.04776656 -67.36948276
v -46.57047628 40.23759921 -67.34009059
v -46.58266267 40.44270525 -67.33166120
v -46.58237703 40.66056727 -67.33185881
v -46.55175872 40.86785463 -67.35303127
v -46.41526976 41.25456607 -67.44716298
v -42.23250901 60.35603221 -70.14208611
v -42.21718493 60.41477417 -70.15131045
v -42.16156089 60.99313865 -70.18475508
v -42.29476432 62.92071031 -70.10456457
v -42.41835701 63.75001983 -70.02985114
v -42.64762989 63.75000790 -69.89046234
v -42.51956442 62.88914943 -69.96844791
v -42.38726434 60.99450023 -70.04867510
v -42.43747049 60.46850070 -70.01827018
v -42.48408714 60.31879327 -69.98999501
v -50.21669733 44.35682661 -64.66668671
v -50.59284822 43.98006779 -64.37282634
v -50.84155393 43.79980473 -64.17658027
v -52.08395151 43.04149354 -63.17245489
v -53.34619876 42.43725353 -62.11022572
v -54.63104395 41.98406040 -60.98316241
v -55.90853879 41.66263102 -59.81414842
v -57.18608826 41.51223549 -58.59392777
v -58.43677924 41.51273838 -57.34666418
v -59.66170673 41.66447295 -56.07118522
v -60.84536111 41.98640280 -54.78447857
v -61.96369738 42.44076753 -53.51632712
v -63.04209903 43.04651500 -52.24165781
v -64.04589459 43.80280947 -51.00608245
v -64.23272656 43.98659692 -50.77060074
v -64.48448316 44.34913835 -50.45045583
v -69.89228585 60.19539786 -42.64464139
v -69.91708409 60.47048071 -42.60397181
v -69.92624634 60.65560459 -42.58893207
v -69.92590313 61.00756053 -42.58949557
v -69.91621839 61.18530207 -42.60539247
v -69.84495947 62.90067005 -42.72211017
v -69.76723189 63.74994943 -42.84892549
v -69.90732977 63.74996177 -42.61997544
v -69.98174848 62.93239917 -42.49766984
v -70.06334169 60.64333401 -42.36301704
v -70.05297758 60.43337030 -42.38015329
v -70.04480314 60.35069030 -42.39366244
v -49.76891552 64.00000000 -65.01193821
v -57.89428755 64.00000000 -57.89428755
v -65.01193821 64.00000000 -49.76891552
v -57.92608749 43.44689412 -57.86247013
v -56.61660741 43.52301524 -59.14437274
v -55.37006379 43.77563245 -60.31295962
v -54.12706164 44.18367499 -61.43092267
v -52.89410124 44.76526910 -62.49568878
v -51.75924718 45.45258410 -63.43876885
v -51.63887518 45.54660730 -63.53678710
v -51.58404119 45.60235680 -63.58131609
v -51.53547286 45.66707366 -63.62069118
v -51.45068650 45.81214061 -63.68927633
v -44.32773777 60.62472870 -68.83711736
v -44.26999551 60.77878580 -68.87426631
v -44.24675769 60.99442912 -68.88919723
v -44.36704055 62.68482184 -68.81179240
v -44.53854798 63.74990861 -68.70090833
v -45.43862057 63.74986074 -68.10894818
v -45.24368429 62.52283394 -68.23859680
v -45.14103399 61.04371923 -68.30654516
v -52.14492055 46.36348305 -63.12213813
v -53.22457059 45.70620589 -62.21448502
v -54.37950621 45.16187404 -61.20756788
v -55.54066569 44.78219802 -60.15589344
v -56.71070470 44.54686851 -59.05415340
v -57.92611631 44.47920687 -57.86244127
v -58.99498407 44.54938525 -56.77225481
v -60.09645863 44.78672582 -55.60497029
v -61.15054731 45.16942010 -54.44361877
v -62.15589453 45.71509182 -53.29298112
v -63.05856375 46.37001541 -52.22178280
v -68.24490614 61.04349314 -45.23416681
v -68.17468587 62.55130436 -45.33993017
v -68.05474347 63.74980352 -45.51976442
v -68.64703299 63.74985299 -44.62154103
v -68.75304438 62.65892223 -44.45802459
v -68.82877213 60.99370123 -44.34069450
v -68.81343971 60.77872901 -44.36448554
v -68.76179850 60.57231228 -44.44448366
v -63.62543436 45.81578771 -51.52961444
v -63.55763976 45.67257531 -51.61321274
v -63.51871563 45.60868914 -51.66110555
v -63.47469430 45.55366019 -51.71518090
v -63.37779162 45.46086303 -51.83389422
v -62.40798094 44.75552301 -52.99755632
v -61.33989183 44.17577824 -54.23020128
v -60.22146360 43.77092792 -55.46956267
v -59.04852455 43.52049515 -56.71656557
v -67.18948393 41.36935238 -46.78750165
v -67.11595916 41.13219022 -46.89291084
v -67.08061924 40.91030098 -46.94345092
v -67.05730238 40.67112350 -46.97675233
v -67.04623043 40.42153939 -46.99255310
v -67.05986846 40.16977272 -46.97308914
v -67.07169959 40.09766236 -46.95619422
v -64.60950352 44.20504136 -50.29024873
v -70.01901178 60.09014655 -42.43624690
v -42.29973705 60.09823894 -70.10156423
v -50.08473871 44.16173395 -64.76894325
v -46.76208933 40.09608830 -67.20717271
v -46.78367055 40.19312366 -67.19215156
v -46.79978498 40.43213432 -67.18092875
v -46.79836882 40.68171892 -67.18191526
v -46.76132072 40.93314926 -67.20770749
v -46.69397370 41.15151380 -67.25451570
v -46.60900857 41.37222790 -67.31342646
v -64.33041375 43.78031376 -50.64676622
v -64.48752526 43.99496418 -50.44656726
v -67.23162031 39.49100658 -46.72693326
v -68.64011874 35.94075148 -44.63217630
v -68.82597154 35.25729595 -44.34504146
v -68.86594708 34.51979708 -44.28293570
v -68.78612181 33.83969644 -44.40682951
v -68.57626456 33.26818742 -44.73022469
v -68.33869436 32.93199588 -45.09234873
v -67.17979777 31.85091296 -46.80140845
v -65.95600035 30.92172905 -48.51085527
v -64.62773337 30.12547750 -50.26681949
v -63.24052870 29.49940856 -52.00127490
v -61.76951184 29.02507513 -53.74034302
v -60.23595054 28.70247773 -55.45383057
v -58.62814754 28.53161239 -57.15100505
v -56.98851635 28.53127791 -58.78610436
v -55.30062953 28.70147362 -60.37662988
v -53.56896037 29.02356928 -61.91820044
v -51.84062844 29.49723340 -63.37228341
v -50.08799865 30.12213024 -64.76642226
v -48.34274362 30.91838471 -66.07931749
v -46.61472804 31.84690042 -67.30946583
v -44.92989249 32.91791583 -68.44561215
v -44.47043697 33.35951441 -68.74501653
v -44.19331498 33.92901021 -68.92349362
v -44.08458684 34.60961269 -68.99308853
v -44.17848937 35.31203345 -68.93299746
v -44.42579078 35.92382039 -68.77387713
v -46.53077102 39.48806849 -67.36753231
v -50.26507540 43.96693062 -64.62908987
v -50.47445473 43.76807832 -64.46570003
v -50.60234535 43.66938673 -64.36536108
v -52.00329747 42.80499906 -63.23886553
v -53.28444787 42.19220022 -62.16320999
v -54.58656546 41.73313267 -61.02297872
v -55.88180966 41.40767542 -59.83912107
v -57.17769333 41.25492998 -58.60211982
v -58.44498508 41.25543287 -57.33830116
v -59.68651597 41.40934947 -56.04477561
v -60.88528982 41.73547460 -54.74009997
v -62.01684646 42.19571402 -53.45472679
v -63.10848831 42.80985240 -52.16143944
v -64.12557810 43.57772795 -50.90586700
v 39.78495765 29.25559191 71.26266087
v 39.78495765 23.31784144 71.26266087
v 40.09536166 23.14331102 71.23812888
v 40.39794347 22.96825976 71.16574183
v 40.59190078 22.85165494 71.09180950
v 40.77725422 22.73539671 70.99797603
v 40.77725422 28.56949877 70.99797603
v 40.49584497 28.77510763 71.13132460
v 40.19745436 28.98127826 71.21924361
v 39.99245688 29.11862190 71.25172053
v 39.78495765 23.01971534 71.26266087
v 40.77725422 22.43723960 70.99797603
v 40.49586950 22.61178082 71.13129748
v 40.19743332 22.78684161 71.21922589
v 39.99242105 22.90345206 71.25171462
v 39.78495765 54.11066068 71.26266087
v 39.78495765 30.77900019 71.26266087
v 39.90863194 30.56620875 71.25882260
v 40.25164786 30.16523319 71.20724134
v 40.34266775 30.09625008 71.18302120
v 40.54200003 29.96229614 71.11322607
v 40.66175596 29.87743499 71.05935608
v 40.77725422 29.79177100 70.99797603
v 40.77725422 52.37988776 70.99797603
v 40.46327108 52.95662663 71.14355074
v 40.12972950 53.53392066 71.23251933
v 40.77725422 52.89477361 70.99797603
v 40.46327131 53.47152857 71.14355066
v 40.12972976 54.04883852 71.23251929
v 39.78495765 54.62559431 71.26266087
v 39.78495765 59.64398345 71.26266087
v 39.78495765 59.38045568 71.26266087
v 40.06446204 59.45313585 71.24273957
v 40.33838761 59.52609419 71.18389233
v 40.56338308 59.58822025 71.10411363
v 40.77725422 59.65011258 70.99797603
v 40.77725422 59.91939207 70.99797603
v 40.06446350 59.71821411 71.24273994
v 40.33838765 59.79272818 71.18389327
v 40.56338201 59.85617913 71.10411458
v 39.78495765 64.00000000 71.26266087
v 40.77725422 64.00000000 70.99797603
v 40.04390287 64.00000000 71.24576900
v 40.29845554 64.00000000 71.19536167
v 40.54429646 64.00000000 71.11229419
v 39.78495765 15.95816839 71.26266087
v 40.12973061 15.38076466 71.23251927
v 40.46327179 14.80280666 71.14355061
v 40.77725422 14.22540295 70.99797603
v 40.77725422 13.71490741 70.99797603
v 40.77725422 0.00000000 70.99797603
v 40.46327165 14.29217428 71.14355064
v 40.12973038 14.86999561 71.23251928
v 39.78495765 15.44726273 71.26266087
v 39.78495765 0.00000000 71.26266087
v 40.04390287 0.00000000 71.24576900
v 40.29845554 0.00000000 71.19536167
v 40.54429646 0.00000000 71.11229419
v 43.35098100 8.23841251 -69.45638565
v 43.57029276 7.60646893 -69.31902084
v 43.58518241 7.41563006 -69.30965976
v 43.71725247 4.88810608 -69.22643207
v 43.73330314 2.36339836 -69.21629330
v 43.63671100 0.25012522 -69.27722941
v 43.86087218 0.25013735 -69.13552599
v 43.95678327 2.35770477 -69.07458481
v 43.94075604 4.89681515 -69.08478139
v 43.78452159 7.68450336 -69.18390514
v 43.55279397 8.35068777 -69.33001658
v 41.19527466 22.37147005 -70.75624642
v 43.19537506 21.22590088 -69.55326473
v 45.21050683 20.21410055 -68.26058258
v 47.23302736 19.33555654 -66.87703782
v 49.26106748 18.59097264 -65.39758629
v 51.27522904 17.99879262 -63.83061921
v 53.25235999 17.55952414 -62.19070040
v 55.19144383 17.25389296 -60.47645483
v 57.10577968 17.12000455 -58.67219945
v 58.94458269 17.11983631 -56.82458300
v 60.72500833 17.25305642 -54.91785160
v 62.44436311 17.55835210 -52.95468419
v 64.07439295 17.99728790 -50.97027790
v 65.63168550 18.58896415 -48.94873768
v 67.09041725 19.33338152 -46.92944677
v 68.47572447 20.21125679 -44.88398624
v 69.75896547 21.22288955 -42.86238209
v 70.95223848 22.36795544 -40.85678544
v 70.99797603 22.42004158 -40.77725422
v 70.99797603 14.17425588 -40.77725422
v 69.16621335 8.19406997 -43.81246390
v 69.05487044 7.46091829 -43.98774750
v 68.96869057 4.90350526 -44.12274677
v 68.95805473 2.36542479 -44.13936734
v 69.02813363 0.25013750 -44.02969258
v 69.17050065 0.25012563 -43.80569484
v 69.10035903 2.37212555 -43.91625489
v 69.11092166 4.89479659 -43.89963062
v 69.19429799 7.41964216 -43.76809554
v 69.29646124 8.09790814 -43.60616379
v 69.35447216 8.28002410 -43.51383978
v 70.99797603 13.66377291 -40.77725422
v 70.99797603 0.00000000 -40.77725422
v 65.01193821 0.00000000 -49.76891552
v 57.89428755 0.00000000 -57.89428755
v 49.76891552 0.00000000 -65.01193821
v 54.82922183 8.79444924 -60.80504498
v 61.07413317 8.79443341 -54.52932531
v 61.19918008 8.70232991 -54.38894258
v 61.26209251 8.64135791 -54.31807328
v 61.30143294 8.59137059 -54.27367194
v 61.35261835 8.50581320 -54.21580394
v 61.39303090 8.41523043 -54.17003617
v 61.43620617 8.28484583 -54.12106628
v 61.47523484 8.12615976 -54.07672848
v 61.53188932 7.82285233 -54.01225470
v 61.54999077 0.25046564 -53.99162619
v 61.72426130 0.25046217 -53.79231012
v 61.70642814 7.82901788 -53.81276603
v 61.69814472 7.99587411 -53.82226308
v 61.68221812 8.10297178 -53.84051476
v 61.65373966 8.21884604 -53.87312328
v 61.60504441 8.35764672 -53.92880088
v 61.49747689 8.58328168 -54.05142180
v 61.37669165 8.79442909 -54.18854846
v 63.91382272 8.79439398 -51.17147963
v 64.12023147 8.72236800 -50.91260100
v 64.19485344 8.68046184 -50.81847869
v 64.25811515 8.62893514 -50.73846369
v 64.29798550 8.58365596 -50.68792858
v 64.33128731 8.53555720 -50.64565657
v 64.37870120 8.44486870 -50.58537534
v 64.42023028 8.33719028 -50.53248006
v 64.45454641 8.22248949 -50.48869757
v 64.50108784 8.02618425 -50.42922674
v 64.54123998 7.82611539 -50.37782651
v 64.62753318 0.25040245 -50.26707686
v 64.78997345 0.25039898 -50.05753092
v 64.70391228 7.83080980 -50.16872330
v 64.63221911 8.24133643 -50.26105226
v 64.59576436 8.39032451 -50.30790018
v 64.54922195 8.53166736 -50.36761032
v 64.50591756 8.62833720 -50.42305180
v 64.45481256 8.71258139 -50.48835659
v 64.39734532 8.78255709 -50.56162671
v 64.31970305 8.85291947 -50.66035561
v 64.22778084 8.91491823 -50.77685629
v 64.07510810 8.99086001 -50.96937669
v 63.91947392 9.05219381 -51.16442040
v 58.71994361 9.05223312 -57.05603027
v 55.19262142 9.05223549 -60.47497274
v 51.46673652 9.05221833 -63.67630716
v 51.14371574 8.95045598 -63.93604108
v 51.02565141 8.89664397 -64.03029930
v 50.91288861 8.82609552 -64.11999231
v 50.83516036 8.75939694 -64.18164058
v 50.76678315 8.67992101 -64.23574423
v 50.70921360 8.58964137 -64.28120647
v 50.65032597 8.46675857 -64.32761873
v 50.59740134 8.32084757 -64.36924816
v 50.53072111 8.07819971 -64.42160823
v 50.47513162 7.83084061 -64.46517005
v 50.36421372 0.25042187 -64.55186317
v 50.57301813 0.25042565 -64.38840656
v 50.68329719 7.81748220 -64.30163643
v 50.74778509 8.14938464 -64.25075419
v 50.78362310 8.26922630 -64.22243175
v 50.82635040 8.37085254 -64.18862179
v 50.86332849 8.43472481 -64.15932414
v 50.90259613 8.48750920 -64.12817452
v 50.97650511 8.56126111 -64.06943594
v 51.06376684 8.62411829 -63.99990659
v 51.15624909 8.67441683 -63.92601297
v 51.31364743 8.73991530 -63.79973721
v 51.47337159 8.79441950 -63.67094375
v 54.50458275 8.79444640 -61.09621527
v 54.39401816 8.67778965 -61.19466959
v 54.33628480 8.59561138 -61.24594048
v 54.28335388 8.49346461 -61.29286010
v 54.23046592 8.35493052 -61.33965797
v 54.16290243 8.09595563 -61.39933175
v 54.11235590 7.82920734 -61.44387684
v 54.08415927 0.25049077 -61.46869754
v 54.28257116 0.25049455 -61.29355210
v 54.31102565 7.82266516 -61.26834056
v 54.33019513 8.03101780 -61.25134387
v 54.35012667 8.14082862 -61.23365735
v 54.37097187 8.21345076 -61.21514917
v 54.41262928 8.31471603 -61.17812374
v 54.46183651 8.40222415 -61.13432281
v 54.53812333 8.50656602 -61.06627506
v 54.63603504 8.61436319 -60.97869084
v 70.99797603 28.54924500 -40.77725422
v 70.99797603 22.71819966 -40.77725422
v 70.88922993 22.59453945 -40.96601202
v 69.70000275 21.45618753 -42.95819688
v 68.42175516 20.45042953 -44.96621490
v 67.04199562 19.57759346 -46.99859450
v 65.58998285 18.83754195 -49.00460398
v 64.04108266 18.24955844 -51.01212398
v 62.41940118 17.81330896 -52.98410534
v 60.70972942 17.50985949 -54.93474142
v 58.93979899 17.37747155 -56.82954475
v 57.11072679 17.37763956 -58.66738401
v 55.20826727 17.51052837 -60.46109730
v 53.28166979 17.81431334 -62.16559117
v 51.31691392 18.25106339 -63.79711128
v 49.31646483 18.83971852 -65.35582115
v 47.30197041 19.57993783 -66.82829234
v 45.29275186 20.45327330 -68.20603852
v 43.29091898 21.45919889 -69.49383711
v 41.30394468 22.59822194 -70.69286538
v 41.77546815 28.02976759 -70.41524922
v 43.47655454 26.90873678 -69.37785141
v 45.19273727 25.90652700 -68.27234843
v 46.92195652 25.02095337 -67.09565603
v 48.66182496 24.25238008 -65.84469495
v 50.40991232 23.60062708 -64.51618248
v 52.15019822 23.08163685 -63.11777790
v 53.86196303 22.69643038 -61.66349001
v 55.57199107 22.42587318 -60.12695627
v 57.21650451 22.31057011 -58.56422691
v 58.82288784 22.30989908 -56.95054809
v 60.40919773 22.42889382 -55.26505126
v 61.90598145 22.69240131 -53.58308056
v 63.35105495 23.07525979 -51.86656822
v 64.74126674 23.59240404 -50.12050921
v 66.05464818 24.24331889 -48.37644587
v 67.30610936 25.00954587 -46.61957426
v 68.47625156 25.89394482 -44.88318208
v 69.57473535 26.89480964 -43.16078384
v 70.59529323 28.01332270 -41.47049114
v 70.99797603 52.32882014 -40.77725422
v 70.99797603 29.77209506 -40.77725422
v 70.30983431 28.88777714 -41.95264308
v 69.30686070 27.80065092 -43.58963318
v 68.22853957 26.82732117 -45.25884941
v 67.08186028 25.96692470 -46.94167747
v 65.85473083 25.22067405 -48.64824241
v 64.57038453 24.58687972 -50.34046586
v 63.21497601 24.08467502 -52.03233485
v 61.80452953 23.71222623 -53.70006695
v 60.33577032 23.45475948 -55.34520649
v 58.80347991 23.34046414 -56.97058725
v 57.23625761 23.34113502 -58.54492187
v 55.62595538 23.45475977 -60.07703513
v 53.97899403 23.71625548 -61.56106940
v 52.31533357 24.09105310 -62.98097280
v 50.62829633 24.59543863 -64.34495064
v 48.93280395 25.22956761 -65.64356601
v 47.24382336 25.97783042 -66.86941166
v 45.56721736 26.83990343 -68.02297967
v 43.90274936 27.81558527 -69.10894053
v 42.25502847 28.90522924 -70.12852223
v 46.76764834 41.03664590 -67.20330446
v 46.80638931 40.85503897 -67.17632754
v 46.83607028 40.63919166 -67.15563701
v 46.85076678 40.42149782 -67.14538490
v 46.83494424 40.21420985 -67.15642232
v 46.79056500 40.02823765 -67.18735066
v 46.62329902 39.63732562 -67.30352926
v 44.51718544 36.07045280 -68.71475287
v 44.20184593 35.30542551 -68.91802288
v 44.13413322 34.50532104 -68.96140476
v 44.28549447 33.71863983 -68.86430165
v 44.65469457 33.07915345 -68.62547132
v 45.04735069 32.71744921 -68.36836445
v 46.77957857 31.62008388 -67.19500049
v 48.50273805 30.68351333 -65.96196982
v 50.27302775 29.88071287 -64.62290416
v 52.02172302 29.24943970 -63.22370913
v 53.77383660 28.77141283 -61.74035600
v 55.49946484 28.44629686 -60.19390720
v 57.20896220 28.27408789 -58.57159470
v 58.85632411 28.27375226 -56.91599225
v 60.45739476 28.44528980 -55.21232182
v 62.00808523 28.76990220 -53.46488968
v 63.47059701 29.24725849 -51.72021246
v 64.87285892 29.87752537 -49.95006743
v 66.19232753 30.68015729 -48.18789098
v 67.42773565 31.61605656 -46.44348746
v 68.57633718 32.70519753 -44.73011335
v 68.91302292 33.21208699 -44.20964073
v 69.11063406 33.86114048 -43.90008339
v 69.18604337 34.60585678 -43.78114279
v 69.11526486 35.40478660 -43.89279241
v 68.94692884 36.05198820 -44.15674428
v 67.53630026 39.64890251 -46.28547514
v 67.42111258 40.04770326 -46.45310151
v 67.39176507 40.23753585 -46.49566713
v 67.38334838 40.44264180 -46.50786410
v 67.38354556 40.66050372 -46.50757841
v 67.40468566 40.86779097 -46.47693420
v 67.49867320 41.25450212 -46.34032993
v 70.99797603 64.00000000 -40.77725422
v 70.99797603 59.92753179 -40.77725422
v 70.18894929 60.35595596 -42.15457814
v 70.19815615 60.41469791 -42.13924459
v 70.23153629 60.99306229 -42.08358792
v 70.15147022 62.92064431 -42.21691945
v 70.07690790 63.74995392 -42.34057204
v 69.93778284 63.74994210 -42.56998465
v 70.01561225 62.88908352 -42.44185555
v 70.09571130 60.99442392 -42.30943534
v 70.06536440 60.46842449 -42.35967154
v 70.03714214 60.31871709 -42.40631771
v 64.72248515 44.35676562 -50.14476022
v 64.42903912 43.98000731 -50.52124285
v 64.23306485 43.79974458 -50.77017275
v 63.23026988 43.04143496 -52.01374850
v 62.16943615 42.43719793 -53.27718339
v 61.04385824 41.98400660 -54.56321502
v 59.87626502 41.66257844 -55.84200881
v 58.65740575 41.51218437 -57.12097524
v 57.41154584 41.51268819 -58.37303714
v 56.13748433 41.66442419 -59.59932813
v 54.85208935 41.98635524 -60.78441705
v 53.58511614 42.44072174 -61.90421949
v 52.31164493 43.04647221 -62.98403660
v 51.07725449 43.80276823 -63.98914857
v 50.84198768 43.98655598 -64.17623665
v 50.52212933 44.34909785 -64.42834399
v 42.72225493 60.19537189 -69.84487093
v 42.68161099 60.47045468 -69.86971550
v 42.66658035 60.65557851 -69.87889512
v 42.66714194 61.00753435 -69.87855222
v 42.68302759 61.18527584 -69.86885012
v 42.79964661 62.90063285 -69.79747354
v 42.92639696 63.74991202 -69.71959198
v 42.69758981 63.74992441 -69.85995195
v 42.57534536 62.93236200 -69.93451958
v 42.44081275 60.64330799 -70.01624436
v 42.45793884 60.43334433 -70.00586041
v 42.47143960 60.35066435 -69.99767053
v 65.01193821 64.00000000 -49.76891552
v 57.89428755 64.00000000 -57.89428755
v 49.76891552 64.00000000 -65.01193821
v 57.92674148 43.44684330 -57.86181541
v 59.20725177 43.52296343 -56.55084791
v 60.37448260 43.77557919 -55.30297381
v 61.49103760 44.18361999 -54.05875836
v 62.55436101 44.76521232 -52.82470048
v 63.49624046 45.45252457 -51.68872709
v 63.59412956 45.54654613 -51.56824051
v 63.63859995 45.60229527 -51.51335418
v 63.67792337 45.66701231 -51.46473923
v 63.74641880 45.81208064 -51.37987108
v 68.88630750 60.62466352 -44.25125648
v 68.92339365 60.77872060 -44.19347089
v 68.93830094 60.99436392 -44.17021309
v 68.86104874 62.68475677 -44.29055235
v 68.75036731 63.74984368 -44.46216432
v 68.15939963 63.74979622 -45.36290669
v 68.28882123 62.52276928 -45.16784206
v 68.35664056 61.04365444 -45.06513899
v 63.18001685 46.36342374 -52.07477827
v 62.27354607 45.70614933 -53.15545618
v 61.26797057 45.16181912 -54.31144303
v 60.21760357 44.78214473 -55.47375309
v 59.11713374 44.54681687 -56.64504885
v 57.92671110 44.47915603 -57.86184583
v 56.83778502 44.54933560 -58.93185264
v 55.67175327 44.78667780 -60.03459794
v 54.51155147 45.16937372 -61.08999769
v 53.36196017 45.71504708 -62.09668484
v 52.29178794 46.36997340 -63.00052361
v 45.30993379 61.04345587 -68.19462561
v 45.41564153 62.55126674 -68.12427296
v 45.59535690 63.74976561 -68.00412113
v 44.69780934 63.74981525 -68.59739719
v 44.53439272 62.65888476 -68.70360199
v 44.41711844 60.99366413 -68.77947841
v 44.44088892 60.77869196 -68.76412185
v 44.52082637 60.57227525 -68.71239394
v 51.60029491 45.81574635 -63.56812587
v 51.68381210 45.67253538 -63.50024306
v 51.73165869 45.60864939 -63.46126812
v 51.78568214 45.55362008 -63.41718913
v 51.90428189 45.46082126 -63.32015938
v 53.06679154 44.75547843 -62.34911946
v 54.29833699 44.17573191 -61.27958601
v 55.53648655 43.77087986 -60.15975169
v 56.78215933 43.52044563 -58.98545112
v 46.86205854 41.36931481 -67.13750465
v 46.96737615 41.13215246 -67.06386985
v 47.01787219 40.91026308 -67.02847721
v 47.05114483 40.67108537 -67.00512542
v 47.06693285 40.42150100 -66.99403625
v 47.04748519 40.16973439 -67.00769507
v 47.03060504 40.09762408 -67.01954380
v 50.36206341 44.20500100 -64.55354080
v 42.51399757 60.09012066 -69.97183056
v 70.99797603 59.65808256 -40.77725422
v 70.14850407 60.09816275 -42.22184788
v 64.82459546 44.16167287 -50.01268725
v 67.25904845 40.09602515 -46.68744439
v 67.24404984 40.19306049 -46.70904433
v 67.23284375 40.43207106 -46.72517291
v 67.23382861 40.68165554 -46.72375575
v 67.25958191 40.93308573 -46.68667586
v 67.30631938 41.15145012 -46.61927104
v 67.36514077 41.37216405 -46.53423332
v 70.99797603 52.84370537 -40.77725422
v 50.71826495 43.78027292 -64.27405901
v 50.51824440 43.99492360 -64.43139021
v 46.80154430 39.49096819 -67.17970313
v 44.70847808 35.94071217 -68.59044430
v 44.42155587 35.25725642 -68.77661256
v 44.35949578 34.51975715 -68.81665638
v 44.48329862 33.83965550 -68.73669475
v 44.80645283 33.26814602 -68.52648281
v 45.16830033 32.93195409 -68.28851812
v 46.87595642 31.85086964 -67.12780177
v 48.58413667 30.92168424 -65.90203886
v 50.33865812 30.12543093 -64.57179384
v 52.07150034 29.49936102 -63.18271847
v 53.80893339 29.02502696 -61.70977029
v 55.52077705 28.70242867 -60.17425012
v 57.21611775 28.53156246 -58.56460476
v 58.84937156 28.53122687 -56.92318094
v 60.43807551 28.70142165 -55.23346894
v 61.97767697 29.02351637 -53.50013662
v 63.42983987 29.49717982 -51.77018907
v 64.82207978 30.12207526 -50.01594780
v 66.13300178 30.91832819 -48.26927736
v 67.36118835 31.84684232 -46.53995451
v 68.49552888 32.91785612 -44.85375775
v 68.79442942 33.35945419 -44.39395840
v 68.97260049 33.92894954 -44.11663454
v 69.04207489 34.60955100 -44.00782835
v 68.98208781 35.31197142 -44.10179841
v 68.82324079 35.92375818 -44.34927946
v 67.41916545 39.48800544 -46.45592740
v 64.68494185 43.96686978 -50.19318041
v 64.52178285 43.76801776 -50.40274396
v 64.42158430 43.66932634 -50.53074844
v 63.29659562 42.80494044 -51.93301498
v 62.22234837 42.19214460 -53.21537771
v 61.08362502 41.73307862 -54.51869235
v 59.90120851 41.40762282 -55.81525132
v 58.66558903 41.25487885 -57.11257064
v 57.40319290 41.25538270 -58.38125133
v 56.11110323 41.40930074 -59.62416587
v 54.80775412 41.73542713 -60.82439601
v 53.52357073 42.19566825 -61.95744054
v 52.23150658 42.80980965 -63.05050976
v 50.97713109 43.57768678 -64.06894074
v 71.26266087 29.23533885 -39.78495765
v 71.26266087 23.30064533 -39.78495765
v 71.23812897 23.12611360 -40.09536111
v 71.16574202 22.95106191 -40.39794287
v 71.09180967 22.83445730 -40.59190040
v 71.13132410 28.75485627 -40.49584628
v 71.21924328 28.96102742 -40.19745592
v 71.25172042 29.09837036 -39.99245795
v 71.26266087 23.00251823 -39.78495765
v 71.13129773 22.59458175 -40.49586883
v 71.21922606 22.76964261 -40.19743252
v 71.25171468 22.88625375 -39.99242050
v 71.26266087 54.05959470 -39.78495765
v 71.26266087 30.72786542 -39.78495765
v 71.26046133 30.56621041 -39.87861606
v 71.21434284 30.16523601 -40.22112045
v 71.19156433 30.09625297 -40.31248591
v 71.11975074 29.95365522 -40.52590876
v 71.06315063 29.86330276 -40.65396562
v 71.14354973 52.90556139 -40.46327383
v 71.23251883 53.48285596 -40.12973239
v 71.14354983 53.42046230 -40.46327357
v 71.23251888 53.99777272 -40.12973212
v 71.26266087 54.57452749 -39.78495765
v 71.26266087 59.65212306 -39.78495765
v 71.26266087 59.38842556 -39.78495765
v 71.24273957 59.46110580 -40.06446203
v 71.18389234 59.53406417 -40.33838759
v 71.10411363 59.59619024 -40.56338307
v 71.24273994 59.72635379 -40.06446349
v 71.18389328 59.80086791 -40.33838763
v 71.10411459 59.86431886 -40.56338200
v 71.26266087 64.00000000 -39.78495765
v 71.24576900 64.00000000 -40.04390287
v 71.19536167 64.00000000 -40.29845554
v 71.11229419 64.00000000 -40.54429646
v 71.26266087 15.90701929 -39.78495765
v 71.23251927 15.32961623 -40.12973059
v 71.14355062 14.75165890 -40.46327178
v 71.14355064 14.24103907 -40.46327165
v 71.23251928 14.81885970 -40.12973038
v 71.26266087 15.39612610 -39.78495765
v 71.26266087 0.00000000 -39.78495765
v 71.24576900 0.00000000 -40.04390287
v 71.19536167 0.00000000 -40.29845554
v 71.11229419 0.00000000 -40.54429646
v 70.99797603 28.76054266 40.77725422
v 70.99797603 22.92375504 40.77725422
v 71.13129642 23.09683284 40.49587007
v 71.21922520 23.27042882 40.19743163
v 71.25171439 23.38606367 39.99241887
v 71.26266087 23.50135330 39.78495765
v 71.26266087 29.50951434 39.78495765
v 71.24390779 29.24865220 40.05772818
v 71.19261482 29.08758216 40.30839940
v 71.11009858 28.92472600 40.54942879
v 70.99797603 22.62624233 40.77725422
v 71.26266087 23.20390066 39.78495765
v 71.23812844 23.03080422 40.09535953
v 71.16574081 22.85719011 40.39794334
v 71.09180860 22.74154348 40.59190172
v 70.99797603 52.96942405 40.77725422
v 70.99797603 29.99981795 40.77725422
v 71.05386704 30.07829236 40.67288626
v 71.18839266 30.43562909 40.32390419
v 71.20139007 30.52055702 40.27529759
v 71.26266087 31.34769941 39.78495765
v 71.26266087 54.70510592 39.78495765
v 71.23251915 54.12673085 40.12973242
v 71.14355037 53.54780100 40.46327302
v 70.99797603 59.82877510 40.77725422
v 70.99797603 59.56313457 40.77725422
v 71.11990700 59.48972615 40.52495940
v 71.20530425 59.41603759 40.25811655
v 71.24818130 59.35329005 40.02327840
v 71.26266087 59.29077860 39.78495765
v 71.26266087 59.55212466 39.78495765
v 71.11990779 59.75420902 40.52495858
v 71.20530488 59.67935889 40.25811688
v 71.24818152 59.61562214 40.02327946
v 71.26266087 55.22282252 39.78495765
v 71.23251913 54.64484713 40.12973204
v 71.14355034 54.06631694 40.46327286
v 70.99797603 53.48833999 40.77725422
v 70.99797603 64.00000000 40.77725422
v 71.26266087 64.00000000 39.78495765
v 71.11229419 64.00000000 40.54429646
v 71.19536167 64.00000000 40.29845554
v 71.24576900 64.00000000 40.04390287
v 70.99797603 13.76279757 40.77725422
v 71.14355069 14.34026804 40.46327164
v 71.23251931 14.91829286 40.12973048
v 71.26266087 15.49576353 39.78495765
v 71.26266087 14.97982616 39.78495765
v 71.26266087 0.00000000 39.78495765
v 71.23251931 14.40254179 40.12973026
v 71.14355069 13.82470328 40.46327152
v 70.99797603 13.24741932 40.77725422
v 70.99797603 0.00000000 40.77725422
v 71.11229419 0.00000000 40.54429646
v 71.19536167 0.00000000 40.29845554
v 71.24576900 0.00000000 40.04390287
v 70.77149464 22.37148144 41.16907345
v 69.56927488 21.22591369 43.16958482
v 68.27733473 20.21411463 45.18520359
v 66.89451204 19.33557131 47.20827597
v 65.41584076 18.59098794 49.23682401
v 63.84961525 17.99880823 51.25157260
v 62.21040277 17.55953944 53.22934200
v 60.49690300 17.25390817 55.16902926
v 58.69334361 17.12001864 57.08404749
v 56.84640807 17.11985093 58.92353479
v 54.94034816 17.25306975 60.70465555
v 52.97778449 17.55836439 62.42476602
v 50.99401563 17.99729882 64.05550274
v 48.97305250 18.58897402 65.61354426
v 46.95426012 19.33338941 67.07305359
v 44.90935729 20.21126388 68.45908770
v 42.88822753 21.22289548 69.74307851
v 40.88302875 22.36796016 70.93712019
v 43.83808143 8.19408114 69.14997959
v 44.01332049 7.46092986 69.03857386
v 44.14828004 4.90351749 68.95234899
v 44.16490048 2.36544172 68.94170456
v 44.05526415 0.25015500 69.01181611
v 43.83131799 0.25014308 69.15426686
v 43.94183980 2.37214242 69.08409207
v 43.92521864 4.89480871 69.09466137
v 43.79372091 7.41965362 69.17808230
v 43.63182969 8.09791922 69.28030383
v 43.53952787 8.28003505 69.33834851
v 49.76891552 0.00000000 65.01193821
v 57.89428755 0.00000000 57.89428755
v 65.01193821 0.00000000 49.76891552
v 69.47243244 8.23843531 43.32526044
v 69.33514678 7.60649215 43.54462633
v 69.32579054 7.41565338 43.55952051
v 69.24260380 4.88813059 43.69163399
v 69.23246395 2.36341905 43.70769951
v 69.29336820 0.25014559 43.61107869
v 69.15174916 0.25015794 43.83529000
v 69.09083943 2.35772567 43.93122998
v 69.10103508 4.89683987 43.91519113
v 69.20011052 7.68452665 43.75890499
v 69.34613864 8.35071061 43.52711932
v 60.82535622 8.79447084 54.80668849
v 54.55195211 8.79445229 61.05392357
v 54.41161535 8.70234907 61.17902281
v 54.34076914 8.64137722 61.24196170
v 54.29638221 8.59138999 61.28131872
v 54.23853291 8.50583268 61.33252581
v 54.19277987 8.41524994 61.37295554
v 54.14382565 8.28486531 61.41614924
v 54.09950196 8.12617914 61.45519465
v 54.03504854 7.82287144 61.51187357
v 54.01438528 0.25048647 61.53001905
v 53.81513956 0.25048289 61.70435816
v 53.83562213 7.82903687 61.68648841
v 53.84511602 7.99589340 61.67820154
v 53.86336191 8.10299124 61.66226809
v 53.89596012 8.21886560 61.63377734
v 53.95162013 8.35766628 61.58506107
v 54.07420216 8.58330089 61.47744727
v 54.21128510 8.79444777 61.35661031
v 51.19513464 8.79441088 63.89487656
v 50.93633396 8.72238339 64.10137992
v 50.84223992 8.68047668 64.17603622
v 50.76224899 8.62894954 64.23932704
v 50.71172910 8.58367016 64.27921572
v 50.66946982 8.53557133 64.31253287
v 50.60920665 8.44488299 64.35996868
v 50.55632708 8.33720500 64.40151709
v 50.51255747 8.22250477 64.43584928
v 50.45310395 8.02620055 64.48241267
v 50.40171854 7.82613273 64.52258388
v 50.29100800 0.25042115 64.60891251
v 50.08151925 0.25041757 64.77143268
v 50.19267904 7.83082702 64.68533089
v 50.28498115 8.24135155 64.61360377
v 50.33181527 8.39033892 64.57713191
v 50.39150766 8.53168121 64.53056779
v 50.44693255 8.62835083 64.48724331
v 50.51221775 8.71259505 64.43611465
v 50.58546590 8.78257095 64.37862082
v 50.68416524 8.85293372 64.30094265
v 50.80063101 8.91493303 64.20897799
v 50.99309359 8.99087577 64.05623502
v 51.18807846 9.05221057 63.90052962
v 57.07775966 9.05225260 58.69882214
v 60.49539430 9.05225644 55.17023704
v 63.69534770 9.05224073 51.44317003
v 63.95496374 8.95048088 51.12005108
v 64.04917896 8.89666979 51.00195099
v 64.13883102 8.82612216 50.88915401
v 64.20045111 8.75942401 50.81140220
v 64.25452999 8.67994824 50.74300429
v 64.29997130 8.58966844 50.68541743
v 64.34636201 8.46678511 50.62651230
v 64.38797189 8.32087328 50.57357222
v 64.44030699 8.07822399 50.50687297
v 64.48384778 7.83086343 50.45126794
v 64.57049918 0.25044701 50.34031880
v 64.40712202 0.25045075 50.54918095
v 64.32038815 7.81750506 50.65949793
v 64.26953165 8.14941005 50.72400227
v 64.24122289 8.26925265 50.75985024
v 64.20742880 8.37087960 50.80258998
v 64.17814463 8.43475212 50.83957918
v 64.14700923 8.48753655 50.87885874
v 64.08829739 8.56128817 50.95279023
v 64.01879965 8.62414472 51.04007854
v 63.94493959 8.67444243 51.13258898
v 63.81872108 8.73993943 51.29003530
v 63.68998577 8.79444209 51.44980830
v 61.11640499 8.79446811 54.48194290
v 61.21481794 8.67781124 54.37134229
v 61.26606719 8.59563294 54.31359021
v 61.31296694 8.49348622 54.26064221
v 61.35974490 8.35495226 54.20773726
v 61.41939315 8.09597771 54.14015224
v 61.46391904 7.82922985 54.08958974
v 61.48868667 0.25051507 54.06143240
v 61.31360923 0.25051880 54.25991508
v 61.28845884 7.82268714 54.28832171
v 61.27146888 8.03103936 54.30749791
v 61.25378965 8.14084997 54.32743612
v 61.23528919 8.21347198 54.34828817
v 61.19827928 8.31473711 54.38995920
v 61.15449675 8.40224518 54.43918248
v 61.08647749 8.50658711 54.51549425
v 60.99892990 8.61438440 54.61343802
v 40.99223565 22.59454408 70.87406915
v 42.98402165 21.45619335 69.68407956
v 44.99156520 20.45043650 68.40508842
v 47.02338787 19.57760122 67.02460783
v 49.02890405 18.83755163 65.57182039
v 51.03584894 18.24956916 64.02217728
v 53.00719749 17.81332105 62.39979227
v 54.95723265 17.50987261 60.68937008
v 56.85136817 17.37748598 58.91874913
v 58.68853023 17.37765346 57.08899615
v 60.48155206 17.51054330 55.18585798
v 62.18530536 17.81432836 53.25865994
v 63.81612246 18.25107872 51.29327028
v 65.37409668 18.83973354 49.29223615
v 66.84579388 19.57995238 47.27723450
v 68.22282070 20.45328714 45.26746953
v 69.50988341 21.45921145 43.26514959
v 70.70815590 22.59823309 41.27776339
v 70.43072477 28.02977174 41.74937208
v 69.39397113 26.90874238 43.45082085
v 68.28909862 25.90653407 45.16742268
v 67.11301843 25.02096154 46.89711952
v 65.86272616 24.25238889 48.63741732
v 64.53486822 23.60063660 50.38598858
v 63.13708775 23.08164694 52.12681855
v 61.68343665 22.69644011 53.83911871
v 60.14755174 22.42588293 55.54969920
v 58.58541517 22.31057963 57.19480913
v 56.97232685 22.30990843 58.80179449
v 55.28743603 22.42890272 60.38871152
v 53.60600235 22.69240961 61.88613394
v 51.89002437 23.07526675 63.33184375
v 50.14450129 23.59241022 64.72268576
v 48.40091120 24.24332417 66.03672354
v 46.64447996 25.00954998 67.28885161
v 44.90855544 25.89394798 68.45961371
v 43.18656582 26.89481211 69.55873485
v 41.49662162 28.01332427 70.57993664
v 41.97867945 28.88777817 70.29429232
v 43.61531864 27.80065282 69.29069953
v 45.28412676 26.82732367 68.21176530
v 46.96649062 25.96692812 67.06449001
v 48.67263842 25.22067864 65.83670200
v 50.36439423 24.58688519 64.55172233
v 52.05573660 24.08468129 63.19570672
v 53.72295484 23.71223348 61.78463550
v 55.36756428 23.45476731 60.31525419
v 56.99235869 23.34047241 58.78237927
v 58.56611789 23.34114344 57.21456892
v 60.09765140 23.45476842 55.60368115
v 61.58106206 23.71626420 53.95618460
v 63.00034079 24.09106193 52.29200820
v 64.36371710 24.59544694 50.60443639
v 65.66170115 25.22957522 48.90846617
v 66.88689523 25.97783721 47.21906721
v 68.03986531 26.83990937 45.54200029
v 69.12521937 27.81558975 43.87711372
v 70.14418170 28.90523231 42.22902836
v 67.22061190 41.03663295 46.74276840
v 67.19364859 40.85502624 46.78152039
v 67.17296854 40.63917919 46.81120976
v 67.16272170 40.42148561 46.82591031
v 67.17375376 40.21419790 46.81008296
v 67.20466678 40.02822594 46.76569068
v 67.32078728 39.63731440 46.59837616
v 68.73125841 36.07044631 44.49169787
v 68.93441284 35.30541999 44.17628083
v 68.97777012 34.50531651 44.10855122
v 68.88072292 33.71863650 44.25994884
v 68.64202795 33.07915095 44.62923998
v 68.38506393 32.71744719 45.02199566
v 67.21231561 31.62008327 46.75469700
v 65.97994280 30.68351393 48.47828596
v 64.64154244 29.88071459 50.24906022
v 63.24297627 29.24944208 51.99829819
v 61.76027067 28.77141558 53.75096304
v 60.21447934 28.44629988 55.47714430
v 58.59278500 28.27409099 57.18725914
v 56.93778528 28.27375528 58.83524172
v 55.23472606 28.44529243 60.43692662
v 53.48785001 28.76990430 61.98828085
v 51.74371680 29.24725982 63.45143681
v 49.97410998 29.87752593 64.85433982
v 48.21240519 30.68015728 66.17447429
v 46.46844414 31.61605579 67.41053894
v 44.75552568 32.70519588 68.55975483
v 44.23518072 33.21208493 68.89663162
v 43.92569695 33.86113788 69.09435729
v 43.80678417 34.60585387 69.16981077
v 43.91840763 35.40478314 69.09899083
v 44.18229687 36.05198426 68.93055712
v 46.31047505 39.64889574 67.51915996
v 46.47805425 40.04769615 67.40391335
v 46.52060778 40.23752859 67.37455093
v 46.53280123 40.44263438 67.36613000
v 46.53251555 40.66049613 67.36632733
v 46.50187994 40.86778322 67.38747824
v 46.36531398 41.25449409 67.48151392
v 42.18056337 60.35594276 70.17333636
v 42.16523304 60.41468470 70.18254900
v 42.10958784 60.99304903 70.21595028
v 42.24287802 62.92062719 70.13584189
v 42.36651094 63.74993664 70.06122902
v 42.59587679 63.74992468 69.92201615
v 42.46776859 62.88906628 69.99989780
v 42.33538722 60.99441054 70.08004032
v 42.38561286 60.46841115 70.04967440
v 42.43224903 60.31870375 70.02143460
v 50.16874442 44.35675397 64.70389590
v 50.54511682 43.97999586 64.41031150
v 50.79397220 43.79973320 64.21424647
v 52.03715624 43.04142383 63.21100720
v 53.30019480 42.43718643 62.14970874
v 54.58583197 41.98399494 61.02363484
v 55.86419394 41.66256691 59.85556697
v 57.14268910 41.51217274 58.63625282
v 58.39429377 41.51267646 57.38992522
v 59.62013135 41.66441203 56.11539004
v 60.80474299 41.98634256 54.82955673
v 61.92405708 42.44070831 53.56219017
v 63.00340151 43.04645746 52.28832049
v 64.00807510 43.80275250 51.05353449
v 64.19507786 43.98654002 50.81819596
v 64.44706830 44.34908145 50.49824204
v 69.86067090 60.19534601 42.69641347
v 69.88549952 60.47042888 42.65576184
v 69.89467301 60.65555275 42.64072873
v 69.89432936 61.00750864 42.64129202
v 69.88463272 61.18525014 42.65718194
v 69.81329279 62.90061076 42.77383793
v 69.73546140 63.74988988 42.90061170
v 69.87573394 63.74990250 42.67175727
v 69.95025303 62.93234013 42.54949074
v 70.03193765 60.64328244 42.41491213
v 70.02156069 60.43331874 42.43204096
v 70.01337611 60.35063873 42.44554425
v 49.76891552 64.00000000 65.01193821
v 57.89428755 64.00000000 57.89428755
v 65.01193821 64.00000000 49.76891552
v 57.88324762 43.44682962 57.90532537
v 56.57277620 43.52294978 59.18629955
v 55.32534462 43.77556573 60.35398334
v 54.08153262 44.18360671 61.47100854
v 52.84783936 44.76519910 62.53481380
v 51.71223981 45.45251154 63.47709284
v 51.59179135 45.54653351 63.57502505
v 51.53692241 45.60228271 63.61951501
v 51.48832296 45.66699963 63.65885569
v 51.40348195 45.81206740 63.72738112
v 44.27675787 60.62464556 68.86991923
v 44.21898683 60.77870265 68.90702624
v 44.19573581 60.99434595 68.92194134
v 44.31605697 62.68473854 68.84463782
v 44.48763445 63.74982522 68.73388860
v 45.38815286 63.74977726 68.14259051
v 45.19313059 62.52275057 68.27208806
v 45.09044451 61.04363597 68.33995080
v 52.09816513 46.36340982 63.16073346
v 53.17849985 45.70613516 62.25386908
v 54.33413725 45.16180492 61.24784561
v 55.49606469 44.78213036 60.19704200
v 56.66694240 44.54680220 59.09614793
v 57.88327720 44.47914126 57.90529580
v 58.95290506 44.54932061 56.81594887
v 60.05522735 44.78666230 55.64949892
v 61.11019051 45.16935756 54.48891335
v 62.11643131 45.71503009 53.33897283
v 63.01987929 46.36995509 52.26845966
v 68.21138017 61.04343106 45.28470688
v 68.14106946 62.55124198 45.39043638
v 68.02098574 63.74974078 45.57019378
v 68.61393256 63.74979133 44.67242236
v 68.72007442 62.65886090 44.50897026
v 68.79590366 60.99364023 44.39167378
v 68.78055547 60.77866801 44.41545059
v 68.72885680 60.57225121 44.49540768
v 63.58723846 45.81572853 51.57674056
v 63.51938505 45.67251717 51.66028480
v 63.48042703 45.60863116 51.70814680
v 63.43636726 45.55360202 51.76218756
v 63.33937986 45.46080386 51.88082517
v 62.36875054 44.75546240 53.04371799
v 61.29969824 44.17571677 54.27563041
v 60.18033217 43.77086541 55.51418450
v 59.00648482 43.52043163 56.76030136
v 67.15484470 41.36930144 46.83720630
v 67.08124663 41.13213938 46.94255439
v 67.04587163 40.91025027 46.99306501
v 67.02253169 40.67107294 47.02634695
v 67.01144879 40.42148899 47.04213848
v 67.02510035 40.16972255 47.02268584
v 67.03694320 40.09761226 47.00580079
v 64.57220647 44.20498474 50.33812882
v 69.98755282 60.09009496 42.48811023
v 42.24781894 60.09814955 70.13286574
v 50.03670951 44.16166142 64.80605499
v 46.71233047 40.09601796 67.24176711
v 46.73392419 40.19305322 67.22676098
v 46.75004806 40.43206359 67.21554930
v 46.74863122 40.68164788 67.21653472
v 46.71156189 40.93307789 67.24230103
v 46.64417628 41.15144212 67.28906212
v 46.55916267 41.37215590 67.34791335
v 64.29285535 43.78025716 50.69443571
v 64.45011334 43.99490758 50.49435565
v 67.19702345 39.49095714 46.77667262
v 68.60701989 35.94070583 44.68303798
v 68.79308341 35.25725095 44.39604415
v 68.83310479 34.51975259 44.33396831
v 68.75318867 33.83965200 44.45780145
v 68.54309478 33.26814327 44.78103638
v 68.30526137 32.93195178 45.14297655
v 67.14515042 31.85086873 46.85110284
v 65.92004299 30.92168453 48.55970545
v 64.59045633 30.12543234 50.31470970
v 63.20200315 29.49936309 52.04809180
v 61.72969872 29.02502940 53.78607029
v 60.19483027 28.70243137 55.49846368
v 58.58579766 28.53156524 57.19441733
v 56.94497123 28.53122962 58.82828667
v 55.25586608 28.70142403 60.41759947
v 53.52308650 29.02351822 61.95785885
v 51.79367731 29.49718092 63.41066198
v 50.03997157 30.12207570 64.80353622
v 48.29377117 30.91832798 66.11511724
v 46.56488391 31.84684136 67.34395777
v 44.87913903 32.91785429 68.47890143
v 44.41945376 33.35945200 68.77797023
v 44.14219683 33.92894687 68.95624352
v 44.03341654 34.60954805 69.02575816
v 44.12736420 35.31196799 68.96573635
v 44.37478563 35.92375431 68.80679808
v 46.48087953 39.48799877 67.40196510
v 50.21715069 43.96685844 64.66633466
v 50.42665302 43.76800653 64.50309858
v 50.55461966 43.66931514 64.40285314
v 51.95644921 42.80492954 63.27736125
v 53.23840739 42.19213333 62.20264496
v 54.54132409 41.73306728 61.06341809
v 55.83744596 41.40761157 59.88052012
v 57.13428780 41.25486750 58.64443895
v 58.40250525 41.25537124 57.38156883
v 59.64495968 41.40928885 56.08899934
v 60.84470523 41.73541462 54.78520701
v 61.97725431 42.19565507 53.50062626
v 63.06984689 42.80979514 52.20815525
v 64.08783123 43.57767127 50.95338016
v 71.26266087 23.86563776 -38.78873370
v 71.26266087 25.27233059 -36.62125485
v 71.26266087 25.38243542 -36.47091761
v 71.26266087 25.94201962 -35.99956466
v 71.26266087 55.71938780 -18.34455235
v 71.26266087 55.90149273 -18.23558868
v 71.26266087 56.57973038 -18.04420348
v 71.26266087 59.10454915 -17.88829179
v 71.26266087 61.62735655 -17.86823733
v 71.26266087 63.74967253 -17.99851541
v 71.26266087 63.74967149 -17.73341641
v 71.26266087 61.63406913 -17.60377274
v 71.26266087 59.09582042 -17.62382753
v 71.26266087 56.53844008 -17.78421928
v 71.26266087 55.80531979 -17.99180940
v 71.26266087 25.81379257 -35.76957276
v 71.26266087 25.19848493 -36.28747483
v 71.26266087 23.64694387 -38.64873696
v 71.26266087 38.18613375 -26.57930448
v 71.26266087 38.80142945 -26.06139145
v 71.26266087 40.35292334 -23.70010144
v 71.26266087 41.63184382 -21.44501291
v 71.26266087 42.77682915 -19.11130700
v 71.26266087 43.78838244 -16.71898925
v 71.26266087 44.66617281 -14.24874561
v 71.26266087 45.41053163 -11.75746947
v 71.26266087 46.00215850 -9.20793427
v 71.26266087 46.44105258 -6.63978381
v 71.26266087 46.74634865 -4.03059181
v 71.26266087 46.87961132 -1.42347442
v 71.26266087 46.87944307 1.18398051
v 71.26266087 46.74550818 3.81282020
v 71.26266087 46.43987543 6.40029011
v 71.26266087 46.00064481 8.96947475
v 71.26266087 45.40851361 11.51900930
v 71.26266087 44.66398649 14.02890495
v 71.26266087 43.78552414 16.47983897
v 71.26266087 42.77380208 18.87181184
v 71.26266087 41.62831296 21.20517286
v 71.26266087 40.34872115 23.48025955
v 71.26266087 38.92411300 25.67086591
v 71.26266087 38.39743651 26.21188106
v 71.26266087 23.65114264 38.98982717
v 71.26266087 25.07579279 36.79924574
v 71.26266087 25.60248060 36.25824006
v 71.26266087 55.64872073 18.45013617
v 71.26266087 56.31487344 18.17634211
v 71.26266087 59.10252807 17.99111472
v 71.26266087 61.64178367 17.97175028
v 71.26266087 63.74966512 18.08477089
v 71.26266087 63.74966603 18.34966418
v 71.26266087 61.63607800 18.23621485
v 71.26266087 59.11125667 18.25557898
v 71.26266087 56.58375379 18.41183868
v 71.26266087 56.39292051 18.42942874
v 71.26266087 55.76100692 18.68805047
v 71.26266087 25.91466230 36.38341047
v 71.26266087 25.75907279 36.47202612
v 71.26266087 25.27417765 36.96648251
v 71.26266087 23.87000428 39.12947913
v 71.26266087 29.80890971 39.46950071
v 71.26266087 55.83858561 24.04187286
v 71.26266087 56.55122968 23.74325141
v 71.26266087 59.04079718 23.58146712
v 71.26266087 61.26232649 23.56519811
v 71.26266087 63.50064246 23.68648580
v 71.26266087 63.74969228 23.71564704
v 71.26266087 63.74970094 24.78071585
v 71.26266087 63.41555612 24.74158266
v 71.26266087 61.23917303 24.62374229
v 71.26266087 59.07571508 24.63968010
v 71.26266087 56.90067843 24.77421656
v 71.26266087 56.79460399 24.78387388
v 71.26266087 56.32213739 24.97801254
v 71.26266087 57.67871523 38.02550782
v 71.26266087 57.85712469 37.89826263
v 71.26266087 58.01237218 37.75929607
v 71.26266087 58.26328301 37.41447651
v 71.26266087 58.35072257 37.22207135
v 71.26266087 58.40442544 37.00863261
v 71.26266087 58.42304934 36.78485022
v 71.26266087 58.42337928 36.58037802
v 71.26266087 58.08035682 32.08579909
v 71.26266087 58.11843803 31.34273383
v 71.26266087 58.41365654 30.59483359
v 71.26266087 58.91078787 29.99243222
v 71.26266087 59.55176045 29.59346005
v 71.26266087 60.32616884 29.43825997
v 71.26266087 62.59871735 29.51677416
v 71.26266087 63.74974034 29.62624989
v 71.26266087 63.74974250 29.89174753
v 71.26266087 62.58243901 29.78089298
v 71.26266087 60.34564201 29.70065709
v 71.26266087 59.66388060 29.83309548
v 71.26266087 59.09239277 30.18172253
v 71.26266087 58.64376602 30.71619463
v 71.26266087 58.37472921 31.37961594
v 71.26266087 58.33765475 32.08233892
v 71.26266087 58.67876707 36.54271712
v 71.26266087 58.67936465 -36.15743079
v 71.26266087 58.33766075 -31.71504595
v 71.26266087 58.39320079 -30.93577787
v 71.26266087 58.68019569 -30.25373597
v 71.26266087 59.16306139 -29.72098602
v 71.26266087 59.77197780 -29.40821681
v 71.26266087 60.31745430 -29.31578226
v 71.26266087 62.57389134 -29.39291856
v 71.26266087 63.74975503 -29.51469752
v 71.26266087 63.74975265 -29.24876296
v 71.26266087 62.59117651 -29.12879970
v 71.26266087 60.30133771 -29.05269537
v 71.26266087 59.71121602 -29.15030417
v 71.26266087 59.02694023 -29.49514406
v 71.26266087 58.47643622 -30.08996251
v 71.26266087 58.14798621 -30.85131199
v 71.26266087 58.08053053 -31.71574775
v 71.26266087 58.42305336 -36.18274335
v 71.26266087 58.42356338 -36.40618012
v 71.26266087 58.40846395 -36.61685966
v 71.26266087 58.35845344 -36.81202442
v 71.26266087 58.27504282 -37.00615632
v 71.26266087 58.02849661 -37.35442596
v 71.26266087 57.86871760 -37.50132253
v 71.26266087 57.68795817 -37.63201403
v 71.26266087 56.32113876 -24.61106727
v 71.26266087 56.43980074 -24.54244753
v 71.26266087 56.93777935 -24.40416690
v 71.26266087 59.04853346 -24.27307948
v 71.26266087 61.22206146 -24.25611228
v 71.26266087 63.38401084 -24.38774439
v 71.26266087 63.74970971 -24.43026529
v 71.26266087 63.74970021 -23.36518289
v 71.26266087 63.47295669 -23.33299221
v 71.26266087 61.24873933 -23.19687227
v 71.26266087 59.01378279 -23.21486645
v 71.26266087 56.82313714 -23.35009361
v 71.26266087 56.04939881 -23.55354996
v 71.26266087 30.01183300 -38.98634999
v 71.26266087 29.46433000 -39.44218837
v 71.26266087 56.17017488 5.26029331
v 71.26266087 63.74964149 5.29975959
v 71.26266087 55.20493100 4.73688930
v 71.26266087 55.31908127 4.88324750
v 71.26266087 55.39835615 4.95741543
v 71.26266087 55.49400677 5.02526765
v 71.26266087 55.63110585 5.09717845
v 71.26266087 55.75120286 5.14480099
v 71.26266087 55.89215901 5.18946820
v 71.26266087 55.20493290 8.71357495
v 71.26266087 56.18186364 9.72433056
v 71.26266087 55.83777322 9.63814734
v 71.26266087 55.69903530 9.58181226
v 71.26266087 55.62927410 9.54254088
v 71.26266087 55.56993829 9.49959303
v 71.26266087 55.52091788 9.45436983
v 71.26266087 55.45043516 9.36841411
v 71.26266087 55.38940968 9.26681844
v 71.26266087 55.33539135 9.14757715
v 71.26266087 55.28484600 9.00363174
v 71.26266087 63.74964559 9.86300550
v 71.26266087 63.74964583 10.12790182
v 71.26266087 56.16850001 9.98899212
v 71.26266087 54.94713190 8.72217592
v 71.26266087 55.05504822 9.15626310
v 71.26266087 55.13126854 9.35253227
v 71.26266087 55.19433864 9.46688199
v 71.26266087 55.26582942 9.56261178
v 71.26266087 55.34867579 9.64389276
v 71.26266087 55.44686706 9.71614452
v 71.26266087 55.58707767 9.79345447
v 71.26266087 55.86699168 9.90129890
v 71.26266087 54.94713537 -8.95856477
v 71.26266087 56.16850433 -10.22572370
v 71.26266087 55.73863516 -10.10192509
v 71.26266087 55.54527653 -10.01853991
v 71.26266087 55.43331012 -9.95130980
v 71.26266087 55.34025471 -9.87634527
v 71.26266087 55.26205367 -9.79056249
v 71.26266087 55.19343674 -9.68977642
v 71.26266087 55.12130035 -9.54681141
v 71.26266087 55.02375423 -9.26310803
v 71.26266087 63.74965013 -10.36429488
v 71.26266087 63.74964979 -10.09939276
v 71.26266087 56.17320314 -9.96091139
v 71.26266087 55.20493639 -8.94946808
v 71.26266087 55.28015480 -9.29144091
v 71.26266087 55.30482566 -9.36474331
v 71.26266087 55.33208754 -9.43018323
v 71.26266087 55.36915476 -9.50038177
v 71.26266087 55.41023274 -9.56047192
v 71.26266087 55.49238341 -9.64758432
v 71.26266087 55.58288691 -9.71670563
v 71.26266087 55.71434735 -9.79125617
v 71.26266087 55.93600376 -9.88259227
v 71.26266087 55.20493287 -5.00739620
v 71.26266087 56.17034481 -5.50667949
v 71.26266087 56.00601505 -5.49456064
v 71.26266087 55.89158733 -5.46845928
v 71.26266087 55.76993075 -5.42186952
v 71.26266087 55.62853837 -5.34461378
v 71.26266087 55.41326482 -5.18716778
v 71.26266087 63.74964382 -5.53626575
v 71.26266087 63.74964347 -5.27145264
v 71.26266087 56.17651272 -5.24188864
v 71.26266087 55.20493257 -4.55220106
v 71.26266087 55.29783145 -4.74068098
v 71.26266087 55.36401435 -4.84264445
v 71.26266087 55.42960536 -4.91649480
v 71.26266087 55.51852198 -4.98993076
v 71.26266087 55.62213375 -5.05322035
v 71.26266087 55.74256907 -5.10892690
v 71.26266087 55.88697952 -5.16070303
v 71.26266087 55.20493086 4.30132808
v 71.26266087 56.17672053 4.99550246
v 71.26266087 55.96755967 4.96945783
v 71.26266087 55.84916024 4.94034977
v 71.26266087 55.75760882 4.90257817
v 71.26266087 55.65884512 4.84252135
v 71.26266087 55.56493118 4.76514120
v 71.26266087 55.47273755 4.66926753
v 71.26266087 55.37646215 4.54932171
v 71.26266087 63.74964125 5.03494550
v 71.26266087 38.61747723 -25.87795151
v 71.26266087 38.72757902 -25.72761225
v 71.26266087 38.05790389 -26.34931443
v 71.26266087 38.08525570 26.08671523
v 71.26266087 38.24084204 25.99809737
v 71.26266087 38.72572681 25.50363226
v 71.26266087 40.12985939 23.34061170
v 71.26266087 41.40156269 21.07931832
v 71.26266087 42.54050578 18.75940680
v 71.26266087 43.54635410 16.38122491
v 71.26266087 44.41961348 13.94442825
v 71.26266087 45.15977683 11.44970438
v 71.26266087 45.74838339 8.91603073
v 71.26266087 46.18509647 6.36167277
v 71.26266087 46.48888312 3.79006346
v 71.26266087 46.62181090 1.17708426
v 71.26266087 46.62197914 -1.41657826
v 71.26266087 46.48955573 -4.00783512
v 71.26266087 46.18610573 -6.60116670
v 71.26266087 45.74989705 -9.15449029
v 71.26266087 45.16196264 -11.68781972
v 71.26266087 44.42196759 -14.16426889
v 71.26266087 43.54921223 -16.62072020
v 71.26266087 42.54353274 -18.99890197
v 71.26266087 41.40526109 -21.31881445
v 71.26266087 40.13422935 -23.56010878
v 71.26266087 5.60679435 -31.41198646
v 71.26266087 5.66236100 -30.63272553
v 71.26266087 5.31977005 -32.09400598
v 71.26266087 4.83688006 -32.62671436
v 71.26266087 4.22794896 -32.93942812
v 71.26266087 3.68246763 -33.03181139
v 71.26266087 1.42603701 -32.95445464
v 71.26266087 0.25018819 -32.83253802
v 71.26266087 0.25018196 -33.09847092
v 71.26266087 1.40874345 -33.21856983
v 71.26266087 3.69857257 -33.29490205
v 71.26266087 4.28869938 -33.19734874
v 71.26266087 4.97299139 -32.85257123
v 71.26266087 5.52352253 -32.25780028
v 71.26266087 5.85200636 -31.49647594
v 71.26266087 5.91949089 -30.63204827
v 71.26266087 5.57716052 -26.16507192
v 71.26266087 5.57665897 -25.94164031
v 71.26266087 5.59176643 -25.73096697
v 71.26266087 5.64178449 -25.53581103
v 71.26266087 5.72520268 -25.34169025
v 71.26266087 5.97176210 -24.99344180
v 71.26266087 6.13154680 -24.84655841
v 71.26266087 6.31231137 -24.71588156
v 71.26266087 22.74581770 -14.96598471
v 71.26266087 23.13251776 -14.80013276
v 71.26266087 23.33979828 -14.76289450
v 71.26266087 23.55765255 -14.76255120
v 71.26266087 23.76275107 -14.77737956
v 71.26266087 23.95257622 -14.82910271
v 71.26266087 24.35135988 -15.03254467
v 71.26266087 27.94813180 -17.58486961
v 71.26266087 28.59531680 -17.89761613
v 71.26266087 29.39422731 -18.02967983
v 71.26266087 30.13892601 -17.88899592
v 71.26266087 30.78795683 -17.52211423
v 71.26266087 31.29482869 -16.90282997
v 71.26266087 32.38393207 -14.84084930
v 71.26266087 33.31979844 -12.70231931
v 71.26266087 34.12239846 -10.50240882
v 71.26266087 34.75262911 -8.24560707
v 71.26266087 35.22995948 -5.96811837
v 71.26266087 35.55455748 -3.63304633
v 71.26266087 35.72608767 -1.29624944
v 71.26266087 35.72575181 1.04020262
v 71.26266087 35.55355009 3.39527530
v 71.26266087 35.22844853 5.71103882
v 71.26266087 34.75044654 8.00783777
v 71.26266087 34.11920851 10.24601951
v 71.26266087 33.31643965 12.46385817
v 71.26266087 32.37990241 14.58342251
v 71.26266087 31.28257608 16.67540181
v 71.26266087 30.92088466 17.14434723
v 71.26266087 30.28142077 17.58363971
v 71.26266087 29.49476270 17.76328772
v 71.26266087 28.69467758 17.68294620
v 71.26266087 27.92966981 17.30813216
v 71.26266087 24.36294169 14.77373814
v 71.26266087 23.97204650 14.56995153
v 71.26266087 23.78608167 14.51581477
v 71.26266087 23.57880129 14.49650389
v 71.26266087 23.36111486 14.51443266
v 71.26266087 23.14527461 14.55063648
v 71.26266087 22.96367336 14.59787453
v 71.26266087 6.32155272 24.44363378
v 71.26266087 6.14313801 24.57086275
v 71.26266087 5.98788513 24.70981584
v 71.26266087 5.73696209 25.05461636
v 71.26266087 5.64951617 25.24701653
v 71.26266087 5.59580579 25.46044896
v 71.26266087 5.57717372 25.68422463
v 71.26266087 5.57683639 25.88869209
v 71.26266087 5.91967420 30.38324813
v 71.26266087 5.88156359 31.12630557
v 71.26266087 5.58632003 31.87417972
v 71.26266087 5.08916207 32.47653897
v 71.26266087 4.44817137 32.87545371
v 71.26266087 3.67375514 33.03058167
v 71.26266087 1.40121223 32.95184476
v 71.26266087 0.25020353 32.84223520
v 71.26266087 0.25020949 32.57673921
v 71.26266087 1.41749849 32.68772948
v 71.26266087 3.65429321 32.76818053
v 71.26266087 4.33606135 32.63580566
v 71.26266087 4.90756503 32.28722988
v 71.26266087 5.35621543 31.75279586
v 71.26266087 5.62527354 31.08939890
v 71.26266087 5.66237652 30.38668385
v 71.26266087 5.32144646 25.92633047
v 71.26266087 3.64984482 19.71978474
v 71.26266087 3.56716246 19.73555769
v 71.26266087 3.35719424 19.75555167
v 71.26266087 1.06802162 19.59758100
v 71.26266087 0.25032948 19.45392606
v 71.26266087 0.25033038 19.18567862
v 71.26266087 1.09974431 19.33484121
v 71.26266087 2.81523903 19.47211099
v 71.26266087 2.99298179 19.49073432
v 71.26266087 3.34494279 19.49143170
v 71.26266087 3.53007065 19.47385079
v 71.26266087 3.80516098 19.42627394
v 71.26266087 19.65139027 9.93012738
v 71.26266087 20.01392204 9.52325351
v 71.26266087 20.19770563 9.22292489
v 71.26266087 20.95398760 7.63162638
v 71.26266087 21.55971761 5.96101394
v 71.26266087 22.01405687 4.27074626
v 71.26266087 22.33597075 2.52392809
v 71.26266087 22.48769677 0.75642065
v 71.26266087 22.48820013 -1.01074373
v 71.26266087 22.33781659 -2.77687135
v 71.26266087 22.01640603 -4.50713837
v 71.26266087 21.56324182 -6.21568126
v 71.26266087 20.95902232 -7.86629444
v 71.26266087 20.20072573 -9.46310827
v 71.26266087 20.02046666 -9.77964303
v 71.26266087 19.64371789 -10.25651522
v 71.26266087 3.68179225 -19.64438085
v 71.26266087 3.53207849 -19.69885654
v 71.26266087 3.00606678 -19.75746158
v 71.26266087 1.11131828 -19.60225817
v 71.26266087 0.25032322 -19.45180627
v 71.26266087 0.25032218 -19.72000073
v 71.26266087 1.07976330 -19.86499791
v 71.26266087 3.00740849 -20.02089165
v 71.26266087 3.58578625 -19.95608175
v 71.26266087 3.64453036 -19.93821043
v 71.26266087 5.32084750 -26.19036204
v 71.26266087 19.24505665 6.64442342
v 71.26266087 19.82477167 5.01311947
v 71.26266087 18.53972827 8.15976264
v 71.26266087 18.18481312 8.55191406
v 71.26266087 18.32835860 8.44404069
v 71.26266087 18.39190075 8.38265493
v 71.26266087 18.44666362 8.31332353
v 71.26266087 3.42836676 17.30192945
v 71.26266087 3.22192293 17.39709074
v 71.26266087 3.00691948 17.42535991
v 71.26266087 1.34144116 17.28567761
v 71.26266087 0.25033743 17.09097513
v 71.26266087 0.25034104 16.01628274
v 71.26266087 1.44903030 16.23195959
v 71.26266087 2.95707451 16.35853587
v 71.26266087 17.63061680 7.65746909
v 71.26266087 18.28552422 6.25581686
v 71.26266087 18.83116798 4.72795641
v 71.26266087 19.21384058 3.16078682
v 71.26266087 19.45116507 1.55706665
v 71.26266087 19.52133442 0.03031189
v 71.26266087 19.45368224 -1.67243046
v 71.26266087 19.21837178 -3.27856416
v 71.26266087 18.83872024 -4.84400954
v 71.26266087 18.29441914 -6.37600759
v 71.26266087 17.63716156 -7.78731366
v 71.26266087 2.95690212 -16.50044464
v 71.26266087 1.47755823 -16.37766193
v 71.26266087 0.25033596 -16.14402493
v 71.26266087 0.25033182 -17.22005661
v 71.26266087 1.31558832 -17.42413763
v 71.26266087 3.00624306 -17.56726841
v 71.26266087 3.22191795 -17.53968887
v 71.26266087 3.37599560 -17.47107632
v 71.26266087 18.18847447 -8.68356280
v 71.26266087 18.54802085 -8.28626003
v 71.26266087 18.45372901 -8.44182253
v 71.26266087 18.39824932 -8.51206198
v 71.26266087 18.33388025 -8.57425681
v 71.26266087 19.23532152 -6.81012920
v 71.26266087 19.81688282 -5.18089428
v 71.26266087 20.22489913 -3.51028133
v 71.26266087 20.47749701 -1.80277294
v 71.26266087 20.55361097 0.03031204
v 71.26266087 20.48001496 1.63430814
v 71.26266087 20.22959901 3.34492002
v 71.26266087 7.09906042 37.69498435
v 71.26266087 4.92403213 37.82931577
v 71.26266087 7.20513531 37.68533466
v 71.26266087 7.67760925 37.49122899
v 71.26266087 33.47941123 22.19483282
v 71.26266087 33.56433762 22.14621380
v 71.26266087 33.92166594 21.77898643
v 71.26266087 35.09468858 19.97354089
v 71.26266087 36.18429505 18.03741171
v 71.26266087 37.15993516 16.05163035
v 71.26266087 38.02194983 14.01585176
v 71.26266087 38.77017054 11.92904043
v 71.26266087 39.40426133 9.79533480
v 71.26266087 39.90861376 7.62680540
v 71.26266087 40.28339567 5.43862578
v 71.26266087 40.54488701 3.22320762
v 71.26266087 40.65851299 1.00192777
v 71.26266087 40.65918453 -1.22039043
v 71.26266087 40.54488762 -3.45304975
v 71.26266087 40.28742483 -5.65708960
v 71.26266087 39.91499293 -7.84216492
v 71.26266087 39.41282266 -10.00896999
v 71.26266087 38.77906771 -12.13164195
v 71.26266087 38.03286149 -14.23396947
v 71.26266087 37.17252613 -16.27043591
v 71.26266087 36.19923621 -18.25587377
v 71.26266087 35.11214699 -20.17441762
v 71.26266087 33.90371008 -22.03641277
v 71.26266087 33.83472844 -22.12744369
v 71.26266087 33.43376180 -22.46812073
v 71.26266087 7.67859105 -37.73693024
v 71.26266087 7.55992647 -37.80554180
v 71.26266087 7.06194240 -37.94378702
v 71.26266087 4.95119741 -38.07466630
v 71.26266087 2.77768805 -38.09138824
v 71.26266087 0.61576303 -37.95950244
v 71.26266087 0.25006894 -37.91693875
v 71.26266087 0.25004396 -38.98201456
v 71.26266087 0.52678387 -39.01423762
v 71.26266087 2.75097688 -39.15061078
v 71.26266087 4.98591517 -39.13285934
v 71.26266087 7.17654684 -38.99787246
v 71.26266087 7.95029254 -38.79447482
v 71.26266087 33.98813573 -23.36256246
v 71.26266087 34.53562556 -22.90671723
v 71.26266087 35.98658917 -20.73473416
v 71.26266087 37.10506326 -18.76101958
v 71.26266087 38.10587653 -16.72006463
v 71.26266087 38.99021267 -14.62670401
v 71.26266087 39.75639042 -12.46886433
v 71.26266087 40.40726360 -10.28723225
v 71.26266087 40.92437138 -8.05663686
v 71.26266087 41.30720922 -5.81190902
v 71.26266087 41.57071417 -3.56166433
v 71.26266087 41.68971048 -1.24831918
v 71.26266087 41.68903894 1.02951193
v 71.26266087 41.57373459 3.29665180
v 71.26266087 41.30318001 5.59413526
v 71.26266087 40.91799199 7.84127623
v 71.26266087 40.39903778 10.07256198
v 71.26266087 39.74732431 12.26626449
v 71.26266087 38.97879647 14.40962221
v 71.26266087 38.09328519 16.50125892
v 71.26266087 37.09112803 18.54083301
v 71.26266087 35.97013733 20.53213334
v 71.26266087 34.75129480 22.41033460
v 71.26266087 34.19104968 23.00065685
v 71.26266087 8.16112844 38.42741022
v 71.26266087 7.44847310 38.72598195
v 71.26266087 4.95891875 38.88750883
v 71.26266087 2.73740840 38.90353837
v 71.26266087 0.49911729 38.78199151
v 71.26266087 0.25007072 38.75280135
v 71.26266087 0.25009465 37.68773915
v 71.26266087 0.58423510 37.72691115
v 71.26266087 2.76059389 37.84500511
v 71.26266087 58.61556356 -36.84138573
v 71.26266087 58.60014505 -36.90166354
v 71.26266087 58.49793699 -37.13682538
v 71.26266087 58.21580977 -37.53474678
v 71.26266087 58.02833820 -37.70888562
v 71.26266087 57.82643186 -37.85544164
v 71.26266087 57.81701910 38.24892714
v 71.26266087 58.01674370 38.10581947
v 71.26266087 58.19985176 37.93961154
v 71.26266087 58.48617541 37.54513802
v 71.26266087 58.59308326 37.30894175
v 71.26266087 58.61309622 37.22946383
v 71.26266087 5.38467472 -25.50642848
v 71.26266087 3.90233309 -19.85978090
v 71.26266087 5.40009556 -25.44615339
v 71.26266087 5.50231219 -25.21100186
v 71.26266087 5.78445404 -24.81310215
v 71.26266087 5.97193253 -24.63897976
v 71.26266087 6.17384505 -24.49244238
v 71.26266087 22.62816346 -14.73047718
v 71.26266087 22.84887119 -14.62703508
v 71.26266087 23.06722914 -14.54497131
v 71.26266087 23.31865119 -14.49980267
v 71.26266087 23.56822692 -14.49808035
v 71.26266087 23.80722879 -14.51773632
v 71.26266087 23.90426032 -14.54405047
v 71.26266087 19.83880139 -10.42329599
v 71.26266087 22.86817383 14.35409169
v 71.26266087 23.09005632 14.29237181
v 71.26266087 22.63101791 14.48270503
v 71.26266087 6.18325415 24.22019457
v 71.26266087 5.98352366 24.36328409
v 71.26266087 5.80040916 24.52947619
v 71.26266087 5.51407155 24.92392800
v 71.26266087 5.40715591 25.16011819
v 71.26266087 5.38714043 25.23959550
v 71.26266087 3.91039599 19.67005254
v 71.26266087 19.79547943 10.13313542
v 71.26266087 23.90266691 14.27681763
v 71.26266087 23.83055939 14.25617151
v 71.26266087 23.57880185 14.23237778
v 71.26266087 23.32922611 14.25168558
v 71.26266087 22.26497482 4.33039907
v 71.26266087 21.80476176 6.04239045
v 71.26266087 22.59108465 2.56013368
v 71.26266087 22.74499256 0.76814429
v 71.26266087 22.74549595 -1.02246755
v 71.26266087 22.59276267 -2.81342164
v 71.26266087 22.26732399 -4.56679107
v 71.26266087 21.80828598 -6.29705775
v 71.26266087 21.19550670 -7.97077331
v 71.26266087 20.33113589 -9.76757664
v 71.26266087 20.23244658 -9.92998169
v 71.26266087 20.03359943 -10.19531227
v 71.26266087 24.51225441 -14.82568005
v 71.26266087 28.07636063 -17.35625899
v 71.26266087 28.68813137 -17.65003992
v 71.26266087 29.39053484 -17.76141479
v 71.26266087 30.07111929 -17.63245454
v 71.26266087 30.64059476 -17.30315768
v 71.26266087 31.08217754 -16.75525010
v 71.26266087 32.15315438 -14.72361296
v 71.26266087 33.08163610 -12.60163432
v 71.26266087 33.87785829 -10.41930932
v 71.26266087 34.50271816 -8.18112766
v 71.26266087 34.97635610 -5.92156923
v 71.26266087 35.29843663 -3.60442688
v 71.26266087 35.46862419 -1.28624989
v 71.26266087 35.46828839 1.03020302
v 71.26266087 35.29742937 3.36631089
v 71.26266087 34.97484519 5.66448980
v 71.26266087 34.50053563 7.94335848
v 71.26266087 33.87450054 10.16292018
v 71.26266087 33.07827711 12.36282801
v 71.26266087 32.14912474 14.46584133
v 71.26266087 31.06807872 16.53058042
v 71.26266087 30.73189871 16.96332049
v 71.26266087 30.16040938 17.34847679
v 71.26266087 29.48032862 17.49571230
v 71.26266087 28.74284719 17.42192224
v 71.26266087 28.05940965 17.08021151
v 71.26266087 24.50929722 14.55657212
v 71.26266087 20.00555060 9.93506479
v 71.26266087 20.22019544 9.68083320
v 71.26266087 20.42277698 9.35085100
v 71.26266087 21.19063981 7.73576046
v -39.78495765 14.92870484 71.26266087
v -39.78495765 0.00000000 71.26266087
v -40.12973020 14.35142038 71.23251932
v -40.46327146 13.77358183 71.14355071
v -40.77725422 13.19629787 70.99797603
v -40.77725422 0.00000000 70.99797603
v -40.54429646 0.00000000 71.11229419
v -40.29845554 0.00000000 71.19536167
v -40.04390287 0.00000000 71.24576900
v -39.78495765 23.18685583 71.26266087
v -39.78495765 15.44462545 71.26266087
v -40.09535953 23.01375942 71.23812844
v -40.39794333 22.84014535 71.16574082
v -40.59190172 22.72449875 71.09180860
v -40.77725422 22.60919764 70.99797603
v -40.77725422 13.71165952 70.99797603
v -40.46327160 14.28912995 71.14355070
v -40.12973044 14.86715476 71.23251931
v -40.77725422 28.74087534 70.99797603
v -40.77725422 22.90671206 70.99797603
v -40.49587007 23.07978981 71.13129642
v -40.19743162 23.25338575 71.21922520
v -39.99241887 23.36902058 71.25171439
v -39.78495765 23.48431018 71.26266087
v -39.78495765 29.48075022 71.26266087
v -40.02715358 29.24865474 71.24789201
v -40.28850368 29.08097775 71.19791071
v -40.53988268 28.91154563 71.11402438
v -40.77725422 52.91819447 70.99797603
v -40.77725422 29.98012704 70.99797603
v -40.64574393 30.07829529 71.06712442
v -40.29363942 30.43563157 71.19663987
v -40.24484536 30.52055949 71.20886767
v -39.78495765 31.29657559 71.26266087
v -39.78495765 54.65387544 71.26266087
v -40.12973033 54.07549935 71.23251951
v -40.46327103 53.49656979 71.14355109
v -40.77725422 59.83693998 70.99797603
v -40.77725422 59.57117281 70.99797603
v -40.52496056 59.49775951 71.11990653
v -40.25811808 59.42406973 71.20530388
v -40.02327953 59.36132405 71.24818116
v -39.78495765 59.29881712 71.26266087
v -39.78495765 59.56029004 71.26266087
v -40.52495985 59.76236877 71.11990728
v -40.25811853 59.68751740 71.20530448
v -40.02328067 59.62378267 71.24818138
v -39.78495765 55.17162738 71.26266087
v -40.12973043 54.59365122 71.23251941
v -40.46327133 54.01512128 71.14355090
v -40.77725422 53.43714559 70.99797603
v -40.77725422 64.00000000 70.99797603
v -39.78495765 64.00000000 71.26266087
v -40.54429646 64.00000000 71.11229419
v -40.29845554 64.00000000 71.19536167
v -40.04390287 64.00000000 71.24576900
v -71.26266087 54.16176181 39.78495765
v -71.26266087 57.68795704 37.69263690
v -71.26266087 57.86871653 37.56194541
v -71.26266087 58.02849562 37.41504886
v -71.26266087 58.27504204 37.06677926
v -71.26266087 58.35845279 36.87264739
v -71.26266087 58.40846343 36.67748267
v -71.26266087 58.42356301 36.46680316
v -71.26266087 58.42305315 36.24336644
v -71.26266087 58.08053356 31.77637173
v -71.26266087 58.14798894 30.91193562
v -71.26266087 58.47643936 30.15058624
v -71.26266087 59.02694366 29.55576785
v -71.26266087 59.71121956 29.21092796
v -71.26266087 60.30134122 29.11331913
v -71.26266087 62.59117932 29.18942246
v -71.26266087 63.74975527 29.30938569
v -71.26266087 63.74975746 29.57532015
v -71.26266087 62.57389397 29.45354123
v -71.26266087 60.31745765 29.37640597
v -71.26266087 59.77198117 29.46884055
v -71.26266087 59.16306466 29.78160976
v -71.26266087 58.68019871 30.31435965
v -71.26266087 58.39320344 30.99640145
v -71.26266087 58.33766375 31.77566992
v -71.26266087 58.67936441 36.21805386
v -71.26266087 59.63586412 39.78495765
v -71.26266087 59.37250618 39.78495765
v -71.26266087 58.61556281 36.90200845
v -71.26266087 58.60014403 36.96228496
v -71.26266087 58.49793577 37.19744645
v -71.26266087 58.21580831 37.59536778
v -71.26266087 58.02833664 37.76950661
v -71.26266087 57.82643022 37.91606263
v -71.26266087 54.67669715 39.78495765
v -71.26266087 58.67881492 -36.48208813
v -71.26266087 58.33769839 -32.02170949
v -71.26266087 58.37477304 -31.31898693
v -71.26266087 58.64380934 -30.65556554
v -71.26266087 59.09243571 -30.12109332
v -71.26266087 59.66392333 -29.77246612
v -71.26266087 60.34568471 -29.64002755
v -71.26266087 62.58248242 -29.72026376
v -71.26266087 63.74978610 -29.83111795
v -71.26266087 63.74978372 -29.56562028
v -71.26266087 62.59876053 -29.45614490
v -71.26266087 60.32621133 -29.37763043
v -71.26266087 59.55180297 -29.53283070
v -71.26266087 58.91083064 -29.93180304
v -71.26266087 58.41369974 -30.53420456
v -71.26266087 58.11848180 -31.28210489
v -71.26266087 58.08040042 -32.02516972
v -71.26266087 58.42342712 -36.51974909
v -71.26266087 58.42309738 -36.72422131
v -71.26266087 58.40447368 -36.94800374
v -71.26266087 58.35077121 -37.16144353
v -71.26266087 58.26333197 -37.35384948
v -71.26266087 58.01242143 -37.69866915
v -71.26266087 57.85717405 -37.83763576
v -71.26266087 57.67876468 -37.96488100
v -71.26266087 57.81706878 -38.18830035
v -71.26266087 58.01679326 -38.04519263
v -71.26266087 58.19990120 -37.87898463
v -71.26266087 58.48622452 -37.48451099
v -71.26266087 58.59313216 -37.24831466
v -71.26266087 58.61314505 -37.16883671
v -71.26266087 23.65117827 -38.92920761
v -71.26266087 25.07582837 -36.73862571
v -71.26266087 25.60251624 -36.19761981
v -71.26266087 55.64875456 -18.38950704
v -71.26266087 56.31490699 -18.11571336
v -71.26266087 59.10256185 -17.93048562
v -71.26266087 61.64181755 -17.91112025
v -71.26266087 63.74969918 -18.02414010
v -71.26266087 63.74970029 -18.28903339
v -71.26266087 61.63611209 -18.17558483
v -71.26266087 59.11129065 -18.19494988
v -71.26266087 56.58378757 -18.35120984
v -71.26266087 56.39295427 -18.36879996
v -71.26266087 55.76104078 -18.62742187
v -71.26266087 25.91469776 -36.32279020
v -71.26266087 25.75910856 -36.41140573
v -71.26266087 25.27421337 -36.90586232
v -71.26266087 23.87004005 -39.06885940
v -71.26266087 29.80894883 -39.40887783
v -71.26266087 55.83862368 -23.98124428
v -71.26266087 56.55126762 -23.68262262
v -71.26266087 59.04083513 -23.52083744
v -71.26266087 61.26236451 -23.50456762
v -71.26266087 63.50068068 -23.62585560
v -71.26266087 63.74973055 -23.65501676
v -71.26266087 63.74974013 -24.72008570
v -71.26266087 63.41559525 -24.68095260
v -71.26266087 61.23921187 -24.56311289
v -71.26266087 59.07575387 -24.57905042
v -71.26266087 56.90071723 -24.71358768
v -71.26266087 56.79464278 -24.72324504
v -71.26266087 56.32217627 -24.91738383
v -71.26266087 64.00000000 39.78495765
v -71.26266087 30.83013451 39.78495765
v -71.26266087 56.32114512 24.67169216
v -71.26266087 56.43980712 24.60307244
v -71.26266087 56.93778572 24.46479187
v -71.26266087 59.04853977 24.33370469
v -71.26266087 61.22206771 24.31673662
v -71.26266087 63.38401679 24.44836871
v -71.26266087 63.74971560 24.49088960
v -71.26266087 63.74970682 23.42580755
v -71.26266087 63.47296335 23.39361688
v -71.26266087 61.24874618 23.25749788
v -71.26266087 59.01378977 23.27549183
v -71.26266087 56.82314420 23.41071874
v -71.26266087 56.04940589 23.61417500
v -71.26266087 30.01184315 39.04697432
v -71.26266087 29.46434044 39.50281250
v -71.26266087 29.27585000 39.78495765
v -71.26266087 23.33503967 39.78495765
v -71.26266087 23.86565159 38.84935518
v -71.26266087 25.27234396 36.68187666
v -71.26266087 25.38244876 36.53153945
v -71.26266087 25.94203273 36.06018670
v -71.26266087 55.71939802 18.40517877
v -71.26266087 55.90150303 18.29621499
v -71.26266087 56.57974080 18.10482944
v -71.26266087 59.10455929 17.94891747
v -71.26266087 61.62736657 17.92886341
v -71.26266087 63.74968234 18.05914178
v -71.26266087 63.74968147 17.79404285
v -71.26266087 61.63407931 17.66439888
v -71.26266087 59.09583073 17.68445328
v -71.26266087 56.53845053 17.84484576
v -71.26266087 55.80533020 18.05243585
v -71.26266087 25.81380576 35.83019469
v -71.26266087 25.19849838 36.34809655
v -71.26266087 23.64695782 38.70935831
v -71.26266087 23.03691444 39.78495765
v -71.26266087 16.00931033 39.78495765
v -71.26266087 38.18614426 26.63992898
v -71.26266087 38.80143992 26.12201601
v -71.26266087 40.35293421 23.76072603
v -71.26266087 41.63185544 21.50563745
v -71.26266087 42.77684154 19.17193163
v -71.26266087 43.78839575 16.77961380
v -71.26266087 44.66618705 14.30937061
v -71.26266087 45.41054698 11.81809460
v -71.26266087 46.00217516 9.26855928
v -71.26266087 46.44107067 6.70040906
v -71.26266087 46.74636804 4.09121748
v -71.26266087 46.87963212 1.48409987
v -71.26266087 46.87946545 -1.12335494
v -71.26266087 46.74553206 -3.75219424
v -71.26266087 46.43990068 -6.33966449
v -71.26266087 46.00067169 -8.90884916
v -71.26266087 45.40854201 -11.45838345
v -71.26266087 44.66401629 -13.96827923
v -71.26266087 43.78555530 -16.41921342
v -71.26266087 42.77383440 -18.81118652
v -71.26266087 41.62834646 -21.14454773
v -71.26266087 40.34875582 -23.41963449
v -71.26266087 38.92414851 -25.61024108
v -71.26266087 38.39747215 -26.15125636
v -71.26266087 56.17674520 -4.93487423
v -71.26266087 55.96758431 -4.90882966
v -71.26266087 55.84918485 -4.87972164
v -71.26266087 55.75763340 -4.84195007
v -71.26266087 55.65886966 -4.78189329
v -71.26266087 55.56495567 -4.70451316
v -71.26266087 55.47276198 -4.60863953
v -71.26266087 55.37648650 -4.48869375
v -71.26266087 55.20495506 -4.24070020
v -71.26266087 63.74966589 -4.97431505
v -71.26266087 63.74966631 -5.23912911
v -71.26266087 56.17019973 -5.19966506
v -71.26266087 55.20495548 -4.67626139
v -71.26266087 55.31910585 -4.82261955
v -71.26266087 55.39838079 -4.89678745
v -71.26266087 55.49403145 -4.96463963
v -71.26266087 55.63113058 -5.03655039
v -71.26266087 55.75122763 -5.08417288
v -71.26266087 55.89218380 -5.12884004
v -71.26266087 55.20495998 -8.65294634
v -71.26266087 56.18189137 -9.66370207
v -71.26266087 55.83780095 -9.57751871
v -71.26266087 55.69906300 -9.52118358
v -71.26266087 55.62930179 -9.48191219
v -71.26266087 55.56996595 -9.43896432
v -71.26266087 55.52094551 -9.39374112
v -71.26266087 55.45046273 -9.30778539
v -71.26266087 55.38943717 -9.20618973
v -71.26266087 55.33541875 -9.08694846
v -71.26266087 55.28487330 -8.94300307
v -71.26266087 63.74967366 -9.80237472
v -71.26266087 63.74967409 -10.06727103
v -71.26266087 56.16852793 -9.92836363
v -71.26266087 54.94715898 -8.66154740
v -71.26266087 55.05507562 -9.09563455
v -71.26266087 55.13129609 -9.29190370
v -71.26266087 55.19436627 -9.40625340
v -71.26266087 55.26585711 -9.50198319
v -71.26266087 55.34870354 -9.58326417
v -71.26266087 55.44689485 -9.65551594
v -71.26266087 55.58710551 -9.73282590
v -71.26266087 55.86701957 -9.84067037
v -71.26266087 54.94715126 9.01919201
v -71.26266087 56.16851939 10.28635060
v -71.26266087 55.73865043 10.16255195
v -71.26266087 55.54529191 10.07916677
v -71.26266087 55.43332553 10.01193666
v -71.26266087 55.34027018 9.93697214
v -71.26266087 55.26206919 9.85118940
v -71.26266087 55.19345231 9.75040336
v -71.26266087 55.12131599 9.60743841
v -71.26266087 55.02377000 9.32373514
v -71.26266087 63.74966472 10.42492311
v -71.26266087 63.74966455 10.16002104
v -71.26266087 56.17321836 10.02153832
v -71.26266087 55.20495225 9.01009538
v -71.26266087 55.28017042 9.35206818
v -71.26266087 55.30484123 9.42537057
v -71.26266087 55.33210306 9.49081048
v -71.26266087 55.36917024 9.56100901
v -71.26266087 55.41024817 9.62109914
v -71.26266087 55.49239878 9.70821152
v -71.26266087 55.58290224 9.77733279
v -71.26266087 55.71436263 9.85188328
v -71.26266087 55.93601901 9.94321930
v -71.26266087 55.20495114 5.06802337
v -71.26266087 56.17036271 5.56730688
v -71.26266087 56.00603299 5.55518799
v -71.26266087 55.89160530 5.52908660
v -71.26266087 55.76994876 5.48249681
v -71.26266087 55.62855643 5.40524105
v -71.26266087 55.41328298 5.24779500
v -71.26266087 63.74966153 5.59689486
v -71.26266087 63.74966136 5.33208180
v -71.26266087 56.17653079 5.30251606
v -71.26266087 55.20495113 4.61282827
v -71.26266087 55.29784989 4.80130821
v -71.26266087 55.36403272 4.90327169
v -71.26266087 55.42962369 4.97712205
v -71.26266087 55.51854025 5.05055803
v -71.26266087 55.62215198 5.11384765
v -71.26266087 55.74258725 5.16955422
v -71.26266087 55.88699766 5.22133038
v -71.26266087 15.49839262 39.78495765
v -71.26266087 38.05791453 26.40993887
v -71.26266087 38.61748783 25.93857601
v -71.26266087 38.72758964 25.78823674
v -71.26266087 40.13424034 23.62073331
v -71.26266087 41.40527279 21.37943915
v -71.26266087 42.54354525 19.05952657
v -71.26266087 43.54922549 16.68134498
v -71.26266087 44.42198192 14.22489383
v -71.26266087 45.16197806 11.74844480
v -71.26266087 45.74991377 9.21511524
v -71.26266087 46.18612388 6.66179188
v -71.26266087 46.48957516 4.06846072
v -71.26266087 46.62199996 1.47720363
v -71.26266087 46.62183328 -1.11645877
v -71.26266087 46.48890698 -3.72943759
v -71.26266087 46.18512174 -6.30104693
v -71.26266087 45.74841022 -8.85540523
v -71.26266087 45.15980517 -11.38907861
v -71.26266087 44.41964321 -13.88380261
v -71.26266087 43.54638518 -16.32059945
v -71.26266087 42.54053799 -18.69878155
v -71.26266087 41.40159611 -21.01869309
v -71.26266087 40.12989393 -23.27998673
v -71.26266087 38.72576217 -25.44300754
v -71.26266087 38.24087751 -25.93747276
v -71.26266087 38.08529117 -26.02609067
v -71.26266087 0.00000000 39.78495765
v -71.26266087 0.58426256 -37.66631341
v -71.26266087 0.25012197 -37.62714166
v -71.26266087 2.76062235 -37.78440572
v -71.26266087 4.92406158 -37.76871469
v -71.26266087 7.09909095 -37.63437983
v -71.26266087 7.20516585 -37.62473006
v -71.26266087 7.67763984 -37.43062400
v -71.26266087 33.47944339 -22.13421038
v -71.26266087 33.56436966 -22.08559147
v -71.26266087 33.92169791 -21.71836399
v -71.26266087 35.09471998 -19.91291812
v -71.26266087 36.18432579 -17.97678866
v -71.26266087 37.15996494 -15.99100717
v -71.26266087 38.02197872 -13.95522818
v -71.26266087 38.77019844 -11.86841668
v -71.26266087 39.40428820 -9.73471093
v -71.26266087 39.90863965 -7.56618146
v -71.26266087 40.28342044 -5.37800187
v -71.26266087 40.54491057 -3.16258369
v -71.26266087 40.65853533 -0.94130386
v -71.26266087 40.65920588 1.28101448
v -71.26266087 40.54490785 3.51367364
v -71.26266087 40.28744395 5.71771340
v -71.26266087 39.91501095 7.90278860
v -71.26266087 39.41283988 10.06959377
v -71.26266087 38.77908415 12.19226566
v -71.26266087 38.03287725 14.29459286
v -71.26266087 37.17254113 16.33105912
v -71.26266087 36.19925058 18.31649694
v -71.26266087 35.11216104 20.23504067
v -71.26266087 33.90372388 22.09703566
v -71.26266087 33.83474224 22.18806658
v -71.26266087 33.43377563 22.52874354
v -71.26266087 7.67861110 37.79753987
v -71.26266087 7.55994655 37.86615134
v -71.26266087 7.06196258 38.00439620
v -71.26266087 4.95121825 38.13527203
v -71.26266087 2.77770917 38.15199218
v -71.26266087 0.61578442 38.02010462
v -71.26266087 0.25009038 37.97754064
v -71.26266087 0.25006553 39.04261623
v -71.26266087 0.52680541 39.07483951
v -71.26266087 2.75099814 39.21121448
v -71.26266087 4.98593613 39.19346488
v -71.26266087 7.17656749 39.05847985
v -71.26266087 7.95031270 38.85508456
v -71.26266087 33.98814899 23.42318546
v -71.26266087 34.53563878 22.96734033
v -71.26266087 35.98660267 20.79535746
v -71.26266087 37.10507722 18.82164306
v -71.26266087 38.10589108 16.78068806
v -71.26266087 38.99022800 14.68732764
v -71.26266087 39.75640659 12.52948812
v -71.26266087 40.40728054 10.34785637
v -71.26266087 40.92438920 8.11726087
v -71.26266087 41.30722816 5.87253315
v -71.26266087 41.57073424 3.62228855
v -71.26266087 41.68973174 1.30894344
v -71.26266087 41.68906128 -0.96888766
v -71.26266087 41.57375818 -3.23602751
v -71.26266087 41.30320485 -5.53351099
v -71.26266087 40.91801806 -7.78065203
v -71.26266087 40.39906488 -10.01193773
v -71.26266087 39.74735240 -12.20564054
v -71.26266087 38.97882564 -14.34899844
v -71.26266087 38.09331540 -16.44063538
v -71.26266087 37.09115914 -18.48020952
v -71.26266087 35.97016930 -20.47151020
v -71.26266087 34.75132736 -22.34971180
v -71.26266087 34.19108237 -22.94003422
v -71.26266087 8.16115927 -38.36680511
v -71.26266087 7.44850385 -38.66537743
v -71.26266087 4.95894811 -38.82690803
v -71.26266087 2.73743673 -38.84293930
v -71.26266087 0.49914461 -38.72139413
v -71.26266087 0.25009793 -38.69220416
v -71.26266087 20.48003811 -1.57369222
v -71.26266087 20.55363369 0.03030366
v -71.26266087 20.22962264 -3.28430427
v -71.26266087 19.82479576 -4.95250396
v -71.26266087 19.24508118 -6.58380824
v -71.26266087 18.53975317 -8.09914816
v -71.26266087 18.18483808 -8.49129978
v -71.26266087 18.32838354 -8.38342633
v -71.26266087 18.39192569 -8.32204054
v -71.26266087 18.44668855 -8.25270910
v -71.26266087 3.42839257 -17.24132469
v -71.26266087 3.22194874 -17.33648611
v -71.26266087 3.00694528 -17.36475540
v -71.26266087 1.34146687 -17.22507398
v -71.26266087 0.25036306 -17.03037207
v -71.26266087 0.25036654 -15.95567951
v -71.26266087 1.44905589 -16.17135574
v -71.26266087 2.95710018 -16.29793121
v -71.26266087 17.63064154 -7.59685504
v -71.26266087 18.28554863 -6.19520213
v -71.26266087 18.83119196 -4.66734138
v -71.26266087 19.21386413 -3.10017156
v -71.26266087 19.45118818 -1.49645122
v -71.26266087 19.52135718 0.03030332
v -71.26266087 19.45370460 1.73304604
v -71.26266087 19.21839376 3.33917971
v -71.26266087 18.83874184 4.90462500
v -71.26266087 18.29444040 6.43662287
v -71.26266087 17.63718261 7.84792840
v -71.26266087 2.95692339 16.56105126
v -71.26266087 1.47757960 16.43826777
v -71.26266087 0.25035741 16.20463013
v -71.26266087 0.25035323 17.28066176
v -71.26266087 1.31560966 17.48474334
v -71.26266087 3.00626429 17.62787501
v -71.26266087 3.22193916 17.60029558
v -71.26266087 3.37601681 17.53168312
v -71.26266087 18.18849530 8.74417785
v -71.26266087 18.54804170 8.34687523
v -71.26266087 18.45374985 8.50243769
v -71.26266087 18.39827015 8.57267712
v -71.26266087 18.33390108 8.63487193
v -71.26266087 19.23534260 6.87074494
v -71.26266087 19.81690426 5.24151022
v -71.26266087 20.22492097 3.57089736
v -71.26266087 20.47751926 1.86338901
v -71.26266087 5.60681465 31.47259463
v -71.26266087 5.66238128 30.69333375
v -71.26266087 5.31978964 32.15461442
v -71.26266087 4.83689981 32.68732243
v -71.26266087 4.22796884 33.00003574
v -71.26266087 3.68248761 33.09241862
v -71.26266087 1.42605767 33.01505849
v -71.26266087 0.25020899 32.89314092
v -71.26266087 0.25020278 33.15907377
v -71.26266087 1.40876414 33.27917361
v -71.26266087 3.69859258 33.35550927
v -71.26266087 4.28871929 33.25795638
v -71.26266087 4.97301114 32.91317937
v -71.26266087 5.52354212 32.31840884
v -71.26266087 5.85202618 31.55708454
v -71.26266087 5.91951114 30.69265668
v -71.26266087 5.57718116 26.22567939
v -71.26266087 5.57667960 26.00224781
v -71.26266087 5.59178705 25.79157450
v -71.26266087 5.64180510 25.59641861
v -71.26266087 5.72522331 25.40229841
v -71.26266087 5.97178276 25.05405058
v -71.26266087 6.13156746 24.90716728
v -71.26266087 6.31233202 24.77649054
v -71.26266087 22.74583640 15.02660261
v -71.26266087 23.13253640 14.86075082
v -71.26266087 23.33981688 14.82351264
v -71.26266087 23.55767109 14.82316944
v -71.26266087 23.76276955 14.83799789
v -71.26266087 23.95259463 14.88972112
v -71.26266087 24.35137815 15.09316326
v -71.26266087 27.94814854 17.64549005
v -71.26266087 28.59533340 17.95823696
v -71.26266087 29.39424365 18.09030095
v -71.26266087 30.13894219 17.94961726
v -71.26266087 30.78797295 17.58273575
v -71.26266087 31.29484485 16.96345146
v -71.26266087 32.38394863 14.90147104
v -71.26266087 33.31981556 12.76294131
v -71.26266087 34.12241636 10.56303094
v -71.26266087 34.75264783 8.30622921
v -71.26266087 35.22997907 6.02874062
v -71.26266087 35.55457802 3.69366870
v -71.26266087 35.72610923 1.35687185
v -71.26266087 35.72577438 -0.97958023
v -71.26266087 35.55357367 -3.33465292
v -71.26266087 35.22847315 -5.65041661
v -71.26266087 34.75047221 -7.94721571
v -71.26266087 34.11923518 -10.18539756
v -71.26266087 33.31646733 -12.40323651
v -71.26266087 32.37993086 -14.52280118
v -71.26266087 31.28260526 -16.61478090
v -71.26266087 30.92091398 -17.08372645
v -71.26266087 30.28145018 -17.52301902
v -71.26266087 29.49479203 -17.70266735
v -71.26266087 28.69470672 -17.62232618
v -71.26266087 27.92969880 -17.24751259
v -71.26266087 24.36296916 -14.71312053
v -71.26266087 23.97207383 -14.50933411
v -71.26266087 23.78610895 -14.45519744
v -71.26266087 23.57882853 -14.43588667
v -71.26266087 23.36114206 -14.45381554
v -71.26266087 23.14530178 -14.49001948
v -71.26266087 22.96370052 -14.53725761
v -71.26266087 6.32157985 -24.38302766
v -71.26266087 6.14316515 -24.51025675
v -71.26266087 5.98791228 -24.64920994
v -71.26266087 5.73698927 -24.99401065
v -71.26266087 5.64954338 -25.18641089
v -71.26266087 5.59583309 -25.39984440
v -71.26266087 5.57720104 -25.62362013
v -71.26266087 5.57686371 -25.82808765
v -71.26266087 5.91970255 -30.32264327
v -71.26266087 5.88159204 -31.06570084
v -71.26266087 5.58634937 -31.81357485
v -71.26266087 5.08919142 -32.41593462
v -71.26266087 4.44820067 -32.81484993
v -71.26266087 3.67378433 -32.96997850
v -71.26266087 1.40124056 -32.89124502
v -71.26266087 0.25023134 -32.78163632
v -71.26266087 0.25023733 -32.51614025
v -71.26266087 1.41752686 -32.62712965
v -71.26266087 3.65432236 -32.70757731
v -71.26266087 4.33609059 -32.57520190
v -71.26266087 4.90759431 -32.22662561
v -71.26266087 5.35624470 -31.69219113
v -71.26266087 5.62530194 -31.02879435
v -71.26266087 5.66240482 -30.32607918
v -71.26266087 5.32147376 -25.86572620
v -71.26266087 3.64987093 -19.65918025
v -71.26266087 3.56718858 -19.67495325
v -71.26266087 3.35722035 -19.69494735
v -71.26266087 1.06804761 -19.53697791
v -71.26266087 0.25035541 -19.39332339
v -71.26266087 0.25035628 -19.12507591
v -71.26266087 1.09977027 -19.27423806
v -71.26266087 2.81526508 -19.41150692
v -71.26266087 2.99300785 -19.43013015
v -71.26266087 3.34496887 -19.43082734
v -71.26266087 3.53009673 -19.41324633
v -71.26266087 3.80518706 -19.36566932
v -71.26266087 19.65141562 -9.86951243
v -71.26266087 20.01394733 -9.46263837
v -71.26266087 20.19773086 -9.16230963
v -71.26266087 20.95401244 -7.57101039
v -71.26266087 21.55974200 -5.90039762
v -71.26266087 22.01408077 -4.21012965
v -71.26266087 22.33599416 -2.46331131
v -71.26266087 22.48771966 -0.69580364
v -71.26266087 22.48822244 1.07136067
v -71.26266087 22.33783847 2.83748832
v -71.26266087 22.01642750 4.56775530
v -71.26266087 21.56326287 6.27629806
v -71.26266087 20.95904300 7.92691105
v -71.26266087 20.20074617 9.52372431
v -71.26266087 20.02048707 9.84025900
v -71.26266087 19.64373827 10.31713105
v -71.26266087 3.68181336 19.70498773
v -71.26266087 3.53209962 19.75946334
v -71.26266087 3.00608794 19.81806810
v -71.26266087 1.11133956 19.66286369
v -71.26266087 0.25034455 19.51241133
v -71.26266087 0.25034351 19.78060578
v -71.26266087 1.07978457 19.92560340
v -71.26266087 3.00742964 20.08149815
v -71.26266087 3.58580716 20.01668922
v -71.26266087 3.64455127 19.99881794
v -71.26266087 5.32086817 26.25096935
v -71.26266087 5.38469535 25.56703591
v -71.26266087 3.90235398 19.92038855
v -71.26266087 5.40011618 25.50676084
v -71.26266087 5.50233284 25.27160995
v -71.26266087 5.78447472 24.87371083
v -71.26266087 5.97195320 24.69958855
v -71.26266087 6.17386571 24.55305128
v -71.26266087 22.62818224 14.79109502
v -71.26266087 22.84888994 14.68765300
v -71.26266087 23.06724785 14.60558932
v -71.26266087 23.31866984 14.56042079
v -71.26266087 23.56824551 14.55869858
v -71.26266087 23.80724731 14.57835464
v -71.26266087 23.90427881 14.60466884
v -71.26266087 19.83882167 10.48391226
v -71.26266087 23.57882901 -14.17176056
v -71.26266087 23.83058660 -14.19555417
v -71.26266087 23.32925323 -14.19106848
v -71.26266087 23.09008340 -14.23175483
v -71.26266087 22.86820090 -14.29347482
v -71.26266087 22.63104497 -14.42208828
v -71.26266087 6.18328124 -24.15958850
v -71.26266087 5.98355076 -24.30267815
v -71.26266087 5.80043628 -24.46887038
v -71.26266087 5.51409871 -24.86332240
v -71.26266087 5.40718309 -25.09951268
v -71.26266087 5.38716765 -25.17899029
v -71.26266087 3.91042211 -19.60944790
v -71.26266087 19.79550483 -10.07252041
v -71.26266087 23.90269415 -14.21620024
v -71.26266087 20.42280225 -9.29023564
v -71.26266087 20.22022077 -9.62021795
v -71.26266087 21.19066469 -7.67514435
v -71.26266087 21.80478617 -5.98177401
v -71.26266087 22.26499874 -4.26978235
v -71.26266087 22.59110808 -2.49951679
v -71.26266087 22.74501544 -0.70752717
v -71.26266087 22.74551824 1.08308460
v -71.26266087 22.59278452 2.87403873
v -71.26266087 22.26734542 4.62740811
v -71.26266087 21.80830700 6.35767467
v -71.26266087 21.19552734 8.03139003
v -71.26266087 20.33115626 9.82819276
v -71.26266087 20.23246694 9.99059777
v -71.26266087 20.03361973 10.25592861
v -71.26266087 24.51227269 14.88629870
v -71.26266087 28.07637754 17.41687944
v -71.26266087 28.68814803 17.71066075
v -71.26266087 29.39055126 17.82203588
v -71.26266087 30.07113557 17.69307583
v -71.26266087 30.64061097 17.36377898
v -71.26266087 31.08219381 16.81587151
v -71.26266087 32.15317104 14.78423461
v -71.26266087 33.08165331 12.66225624
v -71.26266087 33.87787627 10.47993136
v -71.26266087 34.50273695 8.24174972
v -71.26266087 34.97637575 5.98219140
v -71.26266087 35.29845719 3.66504916
v -71.26266087 35.46864576 1.34687221
v -71.26266087 35.46831098 -0.96958073
v -71.26266087 35.29745294 -3.30568862
v -71.26266087 34.97486977 -5.60386769
v -71.26266087 34.50056125 -7.88273652
v -71.26266087 33.87452715 -10.10229832
v -71.26266087 33.07830468 -12.30220645
v -71.26266087 32.14915309 -14.40522011
v -71.26266087 31.06810779 -16.46995960
v -71.26266087 30.73192791 -16.90269980
v -71.26266087 30.16043866 -17.28785617
v -71.26266087 29.48035783 -17.43509196
v -71.26266087 28.74287621 -17.36130222
v -71.26266087 28.05943851 -17.01959208
v -71.26266087 24.50932466 -14.49595444
v -71.26266087 20.00557597 -9.87444966
v -70.99797603 13.76603727 40.77725422
v -70.99797603 0.00000000 40.77725422
v -71.14355063 14.34330418 40.46327168
v -71.23251928 14.92112552 40.12973042
v -71.24576900 0.00000000 40.04390287
v -71.19536167 0.00000000 40.29845554
v -71.11229419 0.00000000 40.54429646
v -70.99797603 22.45443847 40.77725422
v -70.99797603 14.27654503 40.77725422
v -71.13129748 22.62897975 40.49586950
v -71.21922589 22.80404060 40.19743332
v -71.25171462 22.92065110 39.99242104
v -71.23251926 15.43190668 40.12973067
v -71.14355059 14.85394873 40.46327185
v -71.23812888 23.16050917 40.09536165
v -71.16574183 22.98545784 40.39794347
v -71.09180950 22.86885298 40.59190078
v -70.99797603 22.75259472 40.77725422
v -70.99797603 28.58975657 40.77725422
v -71.13132460 28.79536553 40.49584498
v -71.21924361 29.00153624 40.19745437
v -71.25172053 29.13887994 39.99245689
v -71.25671747 30.56621833 39.93879644
v -71.19965614 30.16524309 40.28207646
v -71.17401258 30.09625996 40.37268320
v -71.10656894 29.97093962 40.55801430
v -71.05553277 29.89156817 40.66951850
v -70.99797603 29.81145200 40.77725422
v -70.99797603 52.43098787 40.77725422
v -71.14355073 53.00772710 40.46327110
v -71.23251933 53.58502147 40.12972953
v -70.99797603 52.94587542 40.77725422
v -71.14355065 53.52263074 40.46327134
v -71.23251929 54.09994103 40.12972978
v -71.24273957 59.44518629 40.06446204
v -71.18389233 59.51814456 40.33838760
v -71.10411363 59.58027055 40.56338307
v -70.99797603 59.64216282 40.77725422
v -70.99797603 59.91127248 40.77725422
v -71.24273994 59.71009471 40.06446350
v -71.18389327 59.78460871 40.33838764
v -71.10411458 59.84805960 40.56338201
v -70.99797603 64.00000000 40.77725422
v -71.24576900 64.00000000 40.04390287
v -71.19536167 64.00000000 40.29845554
v -71.11229419 64.00000000 40.54429646
v -69.13373646 8.19408950 43.86369278
v -69.02226765 7.46093809 44.03888770
v -68.93599701 4.90352459 44.17380874
v -68.92534303 2.36545151 44.19043053
v -68.99548641 0.25016445 44.08083389
v -69.13802093 0.25015252 43.85693929
v -69.06781379 2.37215220 43.96742157
v -69.07839066 4.89481585 43.95080210
v -69.16185693 7.41966195 43.81934057
v -69.26413697 8.09792767 43.65748951
v -69.32221547 8.28004355 43.56520978
v -65.01193821 0.00000000 49.76891552
v -57.89428755 0.00000000 57.89428755
v -49.76891552 0.00000000 65.01193821
v -43.29952147 8.23844018 69.48847748
v -43.51893978 7.60649716 69.35127210
v -43.53383797 7.41565841 69.34192104
v -43.66598619 4.88813690 69.25878076
v -43.68205669 2.36342283 69.24864609
v -43.58539999 0.25014977 69.30952294
v -43.80966193 0.25016208 69.16798814
v -43.90563797 2.35772942 69.10710540
v -43.88959720 4.89684619 69.11729392
v -43.73326846 7.68453171 69.21631521
v -43.50142654 8.35071553 69.36225883
v -41.14288685 22.37148513 70.78672138
v -43.14380527 21.22591768 69.58526517
v -45.15990741 20.21411892 68.29406873
v -47.18353010 19.33557555 66.91196865
v -49.21258351 18.59099251 65.43407894
v -51.22791642 17.99881315 63.86859667
v -53.20632344 17.55954427 62.23009086
v -55.14661257 17.25391341 60.51733788
v -57.06231188 17.12002380 58.71447543
v -58.90248377 17.11985780 56.86822018
v -60.68429881 17.25307658 54.96283235
v -62.40516397 17.55837165 53.00087331
v -64.03660779 17.99730611 51.01774127
v -65.59539752 18.58898178 48.99735590
v -67.05568506 19.33339697 46.97906089
v -68.44244534 20.21127223 44.93471639
v -69.72718528 21.22290431 42.91406174
v -70.92199505 22.36796945 40.90926153
v -54.78414280 8.79447628 60.84566343
v -61.03370349 8.79445955 54.57457375
v -61.15885503 8.70235664 54.43428303
v -61.22182034 8.64138495 54.36345994
v -61.26119395 8.59139779 54.31908745
v -61.31242266 8.50584055 54.26125692
v -61.35286951 8.41525781 54.21551867
v -61.39608153 8.28487311 54.16658025
v -61.43514355 8.12618681 54.12227082
v -61.49184666 7.82287883 54.05783806
v -61.51003051 0.25049400 54.03714655
v -61.68443828 0.25049046 53.83797113
v -61.66653751 7.82904430 53.85847392
v -61.65824732 7.99590111 53.86796453
v -61.64230710 8.10299912 53.88620451
v -61.61380414 8.21887360 53.91879232
v -61.56506694 8.35767431 53.97443464
v -61.45740702 8.58330867 54.09697759
v -61.33651849 8.79445510 54.23401664
v -63.87592086 8.79441880 51.21878362
v -64.08251876 8.72238990 50.96006098
v -64.15720936 8.68048265 50.86599524
v -64.22052926 8.62895508 50.78602841
v -64.26043626 8.58367550 50.73552378
v -64.29376872 8.53557659 50.69327727
v -64.34122641 8.44488840 50.63303221
v -64.38279409 8.33721083 50.58016841
v -64.41714231 8.22251118 50.53641174
v -64.46372757 8.02620798 50.47697564
v -64.50391776 7.82614122 50.42560515
v -64.59027659 0.25042943 50.31494045
v -64.75287674 0.25042588 50.10550883
v -64.66673948 7.83083556 50.21662938
v -64.59497857 8.24135792 50.30890443
v -64.55848966 8.39034457 50.35572467
v -64.51190391 8.53168630 50.41539920
v -64.46855938 8.62835571 50.47080746
v -64.41740710 8.71259995 50.53607301
v -64.35988673 8.78257605 50.60929914
v -64.28217270 8.85293922 50.70796885
v -64.19016564 8.91493907 50.82439966
v -64.03735249 8.99088274 51.01680434
v -63.88157593 9.05221850 51.21173028
v -58.67768961 9.05225890 57.09948432
v -55.14784038 9.05226183 60.51581189
v -51.41958991 9.05224550 63.71438484
v -51.09637249 8.95048775 63.97388316
v -50.97823655 8.89667742 64.06805544
v -50.86540530 8.82613048 64.15766661
v -50.78762984 8.75943269 64.21925856
v -50.71921113 8.67995704 64.27331275
v -50.66160681 8.58967707 64.31873324
v -50.60268396 8.46679320 64.36510256
v -50.54972812 8.32088055 64.40669311
v -50.48300932 8.07822977 64.45900366
v -50.42738820 7.83086765 64.50252383
v -50.31639238 0.25045170 64.58914552
v -50.52531256 0.25045547 64.42584770
v -50.63568268 7.81750931 64.33913817
v -50.70020428 8.14941695 64.28830680
v -50.73606248 8.26926052 64.26001151
v -50.77881487 8.37088815 64.22623313
v -50.81581527 8.43476094 64.19696237
v -50.85510682 8.48754541 64.16584115
v -50.92906091 8.56129680 64.10715599
v -51.01637589 8.62415281 64.03768983
v -51.10891456 8.67444983 63.96386329
v -51.26640899 8.73994554 63.83770195
v -51.42623096 8.79444687 63.70902472
v -54.45929066 8.79447349 61.13659070
v -54.34865385 8.67781638 61.23496241
v -54.29088294 8.59563800 61.28619013
v -54.23791771 8.49349125 61.33307013
v -54.18499556 8.35495732 61.37982837
v -54.11738859 8.09598290 61.43945142
v -54.06680970 7.82923520 61.48395848
v -54.03867928 0.25052027 61.50868397
v -54.23723302 0.25052403 61.33367441
v -54.26560386 7.82269207 61.30857444
v -54.28478715 8.03104411 61.29159088
v -54.30473222 8.14085460 61.27391876
v -54.32559126 8.21347653 61.25542592
v -54.36727605 8.31474159 61.21843140
v -54.41651551 8.40224968 61.17466715
v -54.49285239 8.50659178 61.10667627
v -54.59082838 8.61438927 61.01916517
v -70.85890159 22.59455334 41.01844861
v -69.66815018 21.45620216 43.00983507
v -68.38841617 20.45044483 45.01690344
v -67.00721438 19.57760921 47.04816982
v -65.55365254 18.83755937 49.05319255
v -64.00326731 18.24957643 51.05956165
v -62.38017856 17.81332829 53.03027800
v -60.66900691 17.50987942 54.97971137
v -58.89769640 17.37749284 56.87317839
v -57.06726233 17.37765861 58.70966387
v -55.16344681 17.51054853 60.50199333
v -53.23564975 17.81433319 62.20500508
v -51.26962712 18.25108363 63.83511883
v -49.26801063 18.83973811 65.39235575
v -47.25250450 19.57995662 66.86327751
v -45.24219464 20.45329142 68.23958445
v -43.23939125 21.45921544 69.52590960
v -41.25159704 22.59823679 70.72342471
v -41.72329554 28.02977474 70.44617570
v -43.42510363 26.90874566 69.41006726
v -45.14212133 25.90653783 68.30582657
v -46.87229235 25.02096555 67.13036028
v -48.61301863 24.25239302 65.88073680
v -50.36207140 23.60064105 64.55353457
v -52.10344317 23.08165178 63.15637950
v -53.81627830 22.69644484 61.70336500
v -55.52740934 22.42588811 60.16813005
v -57.17311387 22.31058515 58.60658762
v -58.78070090 22.30991450 56.99408972
v -60.36822390 22.42890919 55.30980568
v -61.86628438 22.69241654 53.62890936
v -63.31263089 23.07527363 51.91346483
v -64.70410150 23.59241759 50.16847925
v -66.01879442 24.24333194 48.42536365
v -67.27158973 25.00955796 46.66937194
v -68.44297109 25.89395638 44.93391559
v -69.54272871 26.89482113 43.21233557
v -70.56457348 28.01333371 41.52274113
v -70.27874394 28.88778746 42.00470464
v -69.27453287 27.80066171 43.64099170
v -68.19498653 26.82733194 45.30939056
v -67.04711590 25.96693599 46.99128973
v -65.81866901 25.22068631 48.69702118
v -64.53305719 24.58689246 50.38830808
v -63.17643624 24.08468815 52.07912217
v -61.76473992 23.71224027 53.74582741
v -60.29473711 23.45477372 55.38990646
v -58.76127883 23.34047842 57.01411380
v -57.19288076 23.34114893 58.58729770
v -55.58140934 23.45477356 60.11825012
v -53.93337963 23.71626900 61.60103590
v -52.26868784 24.09106667 63.01969004
v -50.58058365 24.59545136 64.38246360
v -48.88413792 25.22957934 65.67981518
v -47.19432305 25.97784102 66.90435661
v -45.51679675 26.83991313 68.05672836
v -43.85149459 27.81559303 69.14147441
v -42.20304771 28.90523531 70.15981631
v -46.71789488 41.03663524 67.23790121
v -46.75665805 40.85502854 67.21095141
v -46.78635599 40.63918151 67.19028170
v -46.80106081 40.42148795 67.18003996
v -46.78522892 40.21420025 67.19106650
v -46.74082385 40.02822829 67.22196403
v -46.57346147 39.63731675 67.33802602
v -44.46622517 36.07044878 68.74774091
v -44.15073170 35.30542246 68.95077920
v -44.08298600 34.50531903 68.99411139
v -44.23442011 33.71863927 68.89711996
v -44.60380166 33.07915381 68.65856057
v -44.99665621 32.71745012 68.40173968
v -46.72982790 31.62008650 67.22960840
v -48.45384582 30.68351749 65.99789305
v -50.22510241 29.88071859 64.66015890
v -51.97488034 29.24944642 63.26222313
v -53.72809568 28.77142016 61.78016507
v -55.45482805 28.44630484 60.23503223
v -57.16555849 28.27409632 58.61395725
v -58.81416129 28.27376100 56.95956016
v -60.41645866 28.44529857 55.25711343
v -61.96847489 28.76991084 53.51079499
v -63.43227480 29.24726666 51.76720560
v -64.83581790 29.87753320 49.99813775
v -66.15661695 30.68016506 48.23690594
v -67.39333795 31.61606400 46.49338728
v -68.54316712 32.70520452 44.78092566
v -68.88023463 33.21209370 44.26070875
v -69.07807461 33.86114671 43.95129885
v -69.15357207 34.60586290 43.83241417
v -69.08271059 35.40479212 43.94401163
v -68.91417922 36.05199316 44.20783826
v -67.50201353 39.64890413 46.33546407
v -67.38670792 40.04770448 46.50299622
v -67.35733055 40.23753690 46.54553774
v -67.34890532 40.44264268 46.55772776
v -67.34910272 40.66050442 46.55744221
v -67.37026434 40.86779151 46.52681532
v -67.46434796 41.25450241 46.39028794
v -70.15770627 60.35595373 42.20655532
v -70.16692468 60.41469567 42.19122826
v -70.20034684 60.99306001 42.13559499
v -70.12019500 62.92063460 42.26884567
v -70.04553104 63.74994401 42.39245973
v -69.90623029 63.74993199 42.62177880
v -69.98416474 62.88907363 42.49369067
v -70.06435188 60.99442145 42.36134626
v -70.03396720 60.46842205 42.41156092
v -70.00570992 60.31871464 42.45818696
v -64.68529929 44.35676102 50.19271977
v -64.39157693 43.98000282 50.56898143
v -64.19542137 43.79974010 50.81776202
v -63.19173894 43.04143041 52.06055312
v -62.12997566 42.43719226 53.32319557
v -61.00340704 41.98400045 54.60843700
v -59.83486568 41.66257219 55.88636606
v -58.61509777 41.51217770 57.16438905
v -57.36830239 41.51268129 58.41553682
v -56.09329488 41.66441656 59.64091994
v -54.80702441 41.98634687 60.82505353
v -53.53926492 42.44071232 61.94387922
v -52.26499573 43.04646075 63.02275211
v -51.02981461 43.80275552 64.02698714
v -50.79440440 43.98654298 64.21390459
v -50.47435484 44.34908434 64.46577825
v -42.67053117 60.19534460 69.87648268
v -42.62987059 60.47042733 69.90129609
v -42.61483420 60.65555112 69.91046394
v -42.61539763 61.00750685 69.91012049
v -42.63129106 61.18524827 69.90042978
v -42.74797777 62.90061187 69.82913044
v -42.87477222 63.74989090 69.75135102
v -42.64587003 63.74990342 69.89153619
v -42.52358406 62.93234114 69.96600503
v -42.38896838 60.64328077 70.04764394
v -42.40610090 60.43331717 70.03727342
v -42.41960711 60.35063721 70.02909391
v -65.01193821 64.00000000 49.76891552
v -57.89428755 64.00000000 57.89428755
v -49.76891552 64.00000000 65.01193821
v -57.88390520 43.44683448 57.90466803
v -59.16534346 43.52295479 56.59469228
v -60.33347900 43.77557098 55.34770432
v -61.45097318 44.18361227 54.10429702
v -62.51525885 44.76520494 52.87097004
v -63.45793790 45.45251812 51.73574373
v -63.55591312 45.54654061 51.61533350
v -63.60042259 45.60228992 51.56048204
v -63.63978047 45.66700677 51.51189815
v -63.70833575 45.81207406 51.42708447
v -68.85351335 60.62465235 44.30226586
v -68.89064114 60.77870946 44.24450954
v -68.90556391 60.99435277 44.22126552
v -68.82820798 62.68474532 44.34157021
v -68.71739026 63.74983195 44.51311422
v -68.12576155 63.74978371 45.41340854
v -68.25533589 62.52275708 45.21842748
v -68.32324300 61.04364252 45.11575697
v -63.14144236 46.36341626 52.12154371
v -62.23418417 45.70614089 53.20153553
v -61.22771387 45.16181038 54.35682216
v -60.17647478 44.78213553 55.51836583
v -59.07515760 44.54680706 56.68882444
v -57.88387578 44.47914607 57.90469744
v -56.79410872 44.54932525 58.97394574
v -55.62724107 44.78666667 60.07584466
v -54.46627208 45.16936165 61.13037107
v -53.31598252 45.71503390 62.13616555
v -52.24512712 46.36995821 63.03922393
v -45.25944015 61.04343362 68.22814770
v -45.36518644 62.55124432 68.15788231
v -45.54498212 63.74974300 68.03786934
v -44.64698492 63.74979315 68.63048739
v -44.48350078 62.65886283 68.73656392
v -44.36618765 60.99364239 68.81234231
v -44.38997159 60.77867022 68.79700200
v -44.46994919 60.57225349 68.74533206
v -51.55318335 45.81573155 63.60633890
v -51.63675468 45.67251970 63.53851484
v -51.68463211 45.60863362 63.49957374
v -51.73869018 45.55360460 63.45553317
v -51.85736569 45.46080696 63.35858810
v -53.02064279 44.75546619 62.38836830
v -54.25292200 44.17572086 61.31979710
v -55.49188021 43.77086980 60.20089943
v -56.73844053 43.52043622 59.02750568
v -46.81235998 41.36930373 67.17216696
v -46.91773866 41.13214169 67.09860550
v -46.96826403 40.91025260 67.06324802
v -47.00155573 40.67107530 67.03991961
v -47.01735188 40.42149138 67.02884218
v -46.99789360 40.16972493 67.04248697
v -46.98100361 40.09761465 67.05432396
v -50.31419467 44.20498760 64.59085753
v -42.46218230 60.09009356 70.00328661
v -70.11721038 60.09816049 42.27379649
v -64.78750721 44.16166851 50.06072283
v -67.22447967 40.09602622 46.73720568
v -67.20946599 40.19306147 46.75879321
v -67.19824866 40.43207183 46.77491249
v -67.19923454 40.68165611 46.77349611
v -67.22501374 40.93308612 46.73643748
v -67.27179835 41.15145036 46.66907122
v -67.33067930 41.37216416 46.58408190
v -50.67060703 43.78026011 64.31163693
v -50.47046743 43.99491049 64.46882176
v -46.75180900 39.49095952 67.21432449
v -44.65761260 35.94070834 68.62357247
v -44.37054815 35.25725345 68.80953072
v -44.30845731 34.51975513 68.84952921
v -44.43232079 33.83965479 68.76965851
v -44.75563590 33.26814614 68.55968288
v -45.11766809 32.93195472 68.32198100
v -46.82626153 31.85087196 67.16247682
v -48.53528606 30.92168809 65.93802445
v -50.29077097 30.12543634 64.60909701
v -52.02469022 29.49936742 63.22126753
v -53.76321342 29.02503397 61.74960684
v -55.47615464 28.70243632 60.21539112
v -57.17271938 28.53157056 58.60697246
v -58.80720381 28.53123533 56.96674329
v -60.39712365 28.70143015 55.27824632
v -61.93803916 29.02352475 53.54602101
v -63.39148228 29.49718774 51.81715002
v -64.78498990 30.12208303 50.06398051
v -66.09722865 30.91833573 48.31825149
v -67.32672293 31.84684953 46.58979975
v -68.46226866 32.91786289 44.90450791
v -68.76150544 33.35946071 44.44493706
v -68.93988075 33.92895564 44.16774732
v -69.00943545 34.60955702 44.05899319
v -68.94937882 35.31197691 44.15291861
v -68.79034933 35.92376315 44.40028042
v -67.38475875 39.48800712 46.50582059
v -64.64772038 43.96686549 50.24111177
v -64.48440743 43.76801353 50.45055262
v -64.38411523 43.66932211 50.57848127
v -63.25812141 42.80493615 51.97987243
v -62.18293601 42.19213918 53.26142629
v -61.04320690 41.73307289 54.56394371
v -59.85982864 41.40761687 55.85962743
v -58.62328691 41.25487247 57.15599088
v -57.35994274 41.25537608 58.42374544
v -56.06689476 41.40929338 59.66573869
v -54.76266029 41.73541894 60.86499897
v -53.47768283 42.19565908 61.99705236
v -52.18480395 42.80979843 63.08916942
v -50.92962974 43.57767428 64.10670695
v 26.60961765 38.18613059 71.26266087
v 26.09170450 38.80142609 71.26266087
v 23.73041408 40.35291963 71.26266087
v 21.47532514 41.63184004 71.26266087
v 19.14161890 42.77682534 71.26266087
v 16.74930079 43.78837870 71.26266087
v 14.27905708 44.66616914 71.26266087
v 11.78778074 45.41052811 71.26266087
v 9.23824530 46.00215523 71.26266087
v 6.67009483 46.44104963 71.26266087
v 4.06090291 46.74634590 71.26266087
v 1.45378535 46.87960883 71.26266087
v -1.15366953 46.87944091 71.26266087
v -3.78250903 46.74550630 71.26266087
v -6.36997909 46.43987378 71.26266087
v -8.93916366 46.00064347 71.26266087
v -11.48869798 45.40851255 71.26266087
v -13.99859362 44.66398568 71.26266087
v -16.44952762 43.78552359 71.26266087
v -18.84150051 42.77380172 71.26266087
v -21.17486155 41.62831287 71.26266087
v -23.44994818 40.34872136 71.26266087
v -25.64055460 38.92411350 71.26266087
v -26.18156980 38.39743709 71.26266087
v -38.95951776 23.65114581 71.26266087
v -36.76893608 25.07579569 71.26266087
v -36.22793032 25.60248342 71.26266087
v -18.41982517 55.64871952 71.26266087
v -18.14603143 56.31487209 71.26266087
v -17.96080458 59.10252675 71.26266087
v -17.94144036 61.64178231 71.26266087
v -18.05446115 63.74966374 71.26266087
v -18.31935442 63.74966467 71.26266087
v -18.20590491 61.63607667 71.26266087
v -18.22526882 59.11125537 71.26266087
v -18.38152798 56.58375245 71.26266087
v -18.39911804 56.39291918 71.26266087
v -18.65773974 55.76100564 71.26266087
v -36.35310079 25.91466492 71.26266087
v -36.44171637 25.75907561 71.26266087
v -36.93617283 25.27418055 71.26266087
v -39.09916970 23.87000744 71.26266087
v -39.43919063 29.80891232 71.26266087
v -24.01156183 55.83858482 71.26266087
v -23.71294041 56.55122883 71.26266087
v -23.55115629 59.04079628 71.26266087
v -23.53488745 61.26232556 71.26266087
v -23.65617573 63.50064152 71.26266087
v -23.68533697 63.74969135 71.26266087
v -24.75040567 63.74970014 71.26266087
v -24.71127246 63.41555531 71.26266087
v -24.59343201 61.23917219 71.26266087
v -24.60936921 59.07571427 71.26266087
v -24.74390551 56.90067766 71.26266087
v -24.75356283 56.79460322 71.26266087
v -24.94770147 56.32213667 71.26266087
v -37.99519701 57.67871461 71.26266087
v -37.86795181 57.85712410 71.26266087
v -37.72898526 58.01237160 71.26266087
v -37.38416571 58.26328242 71.26266087
v -37.19176056 58.35072196 71.26266087
v -36.97832095 58.40442465 71.26266087
v -36.75453855 58.42304855 71.26266087
v -36.55006636 58.42337849 71.26266087
v -32.05548748 58.08035609 71.26266087
v -31.31242250 58.11843770 71.26266087
v -30.56452229 58.41365614 71.26266087
v -29.96212096 58.91078742 71.26266087
v -29.56314881 59.55175997 71.26266087
v -29.40794875 60.32616836 71.26266087
v -29.48646341 62.59871712 71.26266087
v -29.59593919 63.74974013 71.26266087
v -29.86143680 63.74974232 71.26266087
v -29.75058221 62.58243881 71.26266087
v -29.67034585 60.34564156 71.26266087
v -29.80278423 59.66388015 71.26266087
v -30.15141126 59.09239234 71.26266087
v -30.68588333 58.64376563 71.26266087
v -31.34930460 58.37472889 71.26266087
v -32.05202732 58.33765402 71.26266087
v -36.51240547 58.67876629 71.26266087
v 36.18773681 58.67935295 71.26266087
v 31.74535261 58.33765096 71.26266087
v 30.96608433 58.39319083 71.26266087
v 30.28404238 58.68018587 71.26266087
v 29.75129228 59.16305165 71.26266087
v 29.43852283 59.77196807 71.26266087
v 29.34608805 60.31744451 71.26266087
v 29.42322294 62.57388106 71.26266087
v 29.54500143 63.74974459 71.26266087
v 29.27906693 63.74974231 71.26266087
v 29.15910413 62.59116632 71.26266087
v 29.08300120 60.30132800 71.26266087
v 29.18061025 59.71120637 71.26266087
v 29.52545040 59.02693058 71.26266087
v 30.12026903 58.47642647 71.26266087
v 30.88161857 58.14797630 71.26266087
v 31.74605452 58.08052078 71.26266087
v 36.21304948 58.42304168 71.26266087
v 36.43648623 58.42355162 71.26266087
v 36.64716575 58.40845210 71.26266087
v 36.84233051 58.35844151 71.26266087
v 37.03646243 58.27503082 71.26266087
v 37.38473214 58.02848451 71.26266087
v 37.53162876 57.86870546 71.26266087
v 37.66232033 57.68794600 71.26266087
v 24.64137531 56.32113063 71.26266087
v 24.57275554 56.43979260 71.26266087
v 24.43447478 56.93777114 71.26266087
v 24.30338672 59.04852516 71.26266087
v 24.28641827 61.22205305 71.26266087
v 24.41804954 63.38400217 71.26266087
v 24.46057029 63.74970099 71.26266087
v 23.39548812 63.74969185 71.26266087
v 23.36329755 63.47294836 71.26266087
v 23.22717892 61.24873119 71.26266087
v 23.24517380 59.01377478 71.26266087
v 23.38040162 56.82312924 71.26266087
v 23.58385818 56.04939101 71.26266087
v 39.01666525 30.01183312 71.26266087
v 39.47250354 29.46433051 71.26266087
v 38.81904743 23.86564159 71.26266087
v 36.65156863 25.27233345 71.26266087
v 36.50123141 25.38243821 71.26266087
v 36.02987853 25.94202207 71.26266087
v 18.37486144 55.71938134 71.26266087
v 18.26589773 55.90148627 71.26266087
v 18.07451206 56.57972392 71.26266087
v 17.91859934 59.10454244 71.26266087
v 17.89854419 61.62734968 71.26266087
v 18.02882166 63.74966549 71.26266087
v 17.76372269 63.74966451 71.26266087
v 17.63407963 61.63406232 71.26266087
v 17.65413512 59.09581377 71.26266087
v 17.81452818 56.53843361 71.26266087
v 18.02211847 55.80531339 71.26266087
v 35.79988657 25.81379505 71.26266087
v 36.31778855 25.19848778 71.26266087
v 38.67905061 23.64694779 71.26266087
v -4.96519242 56.17671795 71.26266087
v -4.93914776 55.96755709 71.26266087
v -4.91003969 55.84915765 71.26266087
v -4.87226808 55.75760623 71.26266087
v -4.81221126 55.65884254 71.26266087
v -4.73483110 55.56492859 71.26266087
v -4.63895742 55.47273496 71.26266087
v -4.51901161 55.37645955 71.26266087
v -4.27101798 55.20492826 71.26266087
v -5.00463671 63.74963846 71.26266087
v -5.26945077 63.74963873 71.26266087
v -5.22998325 56.17017233 71.26266087
v -4.70657918 55.20492845 71.26266087
v -4.85293738 55.31907873 71.26266087
v -4.92710531 55.39835362 71.26266087
v -4.99495753 55.49400423 71.26266087
v -5.06686835 55.63110331 71.26266087
v -5.11449089 55.75120032 71.26266087
v -5.15915811 55.89215646 71.26266087
v -8.68326441 55.20493083 71.26266087
v -9.69402029 56.18186158 71.26266087
v -9.60783692 55.83777119 71.26266087
v -9.55150178 55.69903328 71.26266087
v -9.51223038 55.62927209 71.26266087
v -9.46928250 55.56993628 71.26266087
v -9.42405929 55.52091587 71.26266087
v -9.33810356 55.45043315 71.26266087
v -9.23650788 55.38940766 71.26266087
v -9.11726658 55.33538932 71.26266087
v -8.97332118 55.28484396 71.26266087
v -9.83269633 63.74964339 71.26266087
v -10.09759263 63.74964366 71.26266087
v -9.95868185 56.16849798 71.26266087
v -8.69186536 54.94712984 71.26266087
v -9.12595254 55.05504620 71.26266087
v -9.32222171 55.13126655 71.26266087
v -9.43657143 55.19433666 71.26266087
v -9.53230124 55.26582744 71.26266087
v -9.61358224 55.34867381 71.26266087
v -9.68583403 55.44686508 71.26266087
v -9.76314402 55.58707568 71.26266087
v -9.87098853 55.86698967 71.26266087
v 8.98887452 54.94713087 71.26266087
v 10.25603292 56.16849946 71.26266087
v 10.13223440 55.73863041 71.26266087
v 10.04884928 55.54527184 71.26266087
v 9.98161920 55.43330545 71.26266087
v 9.90665470 55.34025006 71.26266087
v 9.82087196 55.26204904 71.26266087
v 9.72008593 55.19343214 71.26266087
v 9.57712097 55.12129577 71.26266087
v 9.29341768 55.02374969 71.26266087
v 10.39460223 63.74964479 71.26266087
v 10.12970014 63.74964450 71.26266087
v 9.99122062 56.17319833 71.26266087
v 8.97977778 55.20493185 71.26266087
v 9.32175056 55.28015017 71.26266087
v 9.39505294 55.30482102 71.26266087
v 9.46049285 55.33208287 71.26266087
v 9.53069137 55.36915008 71.26266087
v 9.59078150 55.41022804 71.26266087
v 9.67789386 55.49237868 71.26266087
v 9.74701513 55.58288216 71.26266087
v 9.82156561 55.71434258 71.26266087
v 9.91290162 55.93599897 71.26266087
v 5.03770585 55.20492896 71.26266087
v 5.53698898 56.17034071 71.26266087
v 5.52487015 56.00601098 71.26266087
v 5.49876881 55.89158329 71.26266087
v 5.45217907 55.76992673 71.26266087
v 5.37492336 55.62853437 71.26266087
v 5.21747740 55.41326086 71.26266087
v 5.56657363 63.74963944 71.26266087
v 5.30176055 63.74963914 71.26266087
v 5.27219814 56.17650867 71.26266087
v 4.58251074 55.20492873 71.26266087
v 4.77099063 55.29782757 71.26266087
v 4.87295409 55.36401044 71.26266087
v 4.94680442 55.42960144 71.26266087
v 5.02024037 55.51851803 71.26266087
v 5.08352994 55.62212978 71.26266087
v 5.13923647 55.74256508 71.26266087
v 5.19101258 55.88697551 71.26266087
v 36.87169171 58.61555158 71.26266087
v 36.93196890 58.60013294 71.26266087
v 37.16713046 58.49792475 71.26266087
v 37.56505192 58.21579741 71.26266087
v 37.73919083 58.02832579 71.26266087
v 37.88574693 57.82641942 71.26266087
v -26.05640399 38.08525630 71.26266087
v -25.96778612 38.24084262 71.26266087
v -25.47332097 38.72572731 71.26266087
v -23.31030034 40.12985961 71.26266087
v -21.04900693 41.40156263 71.26266087
v -18.72909547 42.54050543 71.26266087
v -16.35091356 43.54635356 71.26266087
v -13.91411691 44.41961269 71.26266087
v -11.41939305 45.15977578 71.26266087
v -8.88571964 45.74838207 71.26266087
v -6.33136160 46.18509487 71.26266087
v -3.75975227 46.48888127 71.26266087
v -1.14677326 46.62180877 71.26266087
v 1.44688921 46.62197669 71.26266087
v 4.03814625 46.48955303 71.26266087
v 6.63147775 46.18610284 71.26266087
v 9.18480135 45.74989384 71.26266087
v 11.71813102 45.16195918 71.26266087
v 14.19458038 44.42196398 71.26266087
v 16.65103190 43.54920849 71.26266087
v 19.02921391 42.54352902 71.26266087
v 21.34912681 41.40525738 71.26266087
v 23.59042142 40.13422572 71.26266087
v 25.75792525 38.72757572 71.26266087
v 25.90826455 38.61747395 71.26266087
v 26.37962757 38.05790080 71.26266087
v -37.69660611 0.58423810 71.26266087
v -37.65743414 0.25009755 71.26266087
v -37.81469983 2.76059758 71.26266087
v -37.79901024 4.92403651 71.26266087
v -37.66467766 7.09906539 71.26266087
v -37.65502796 7.20514028 71.26266087
v -37.46092221 7.67761419 71.26266087
v -22.16452188 33.47941208 71.26266087
v -22.11590292 33.56433841 71.26266087
v -21.74867551 33.92166667 71.26266087
v -19.94322985 35.09468910 71.26266087
v -18.00710055 36.18429534 71.26266087
v -16.02131920 37.15993521 71.26266087
v -13.98554047 38.02194970 71.26266087
v -11.89872909 38.77017019 71.26266087
v -9.76502342 39.40426078 71.26266087
v -7.59649399 39.90861303 71.26266087
v -5.40831440 40.28339474 71.26266087
v -3.19289623 40.54488586 71.26266087
v -0.97161636 40.65851163 71.26266087
v 1.25070196 40.65918306 71.26266087
v 3.48336128 40.54488596 71.26266087
v 5.68740120 40.28742299 71.26266087
v 7.87247659 39.91499093 71.26266087
v 10.03928186 39.41282067 71.26266087
v 12.16195399 38.77906572 71.26266087
v 14.26428156 38.03285957 71.26266087
v 16.30074813 37.17252423 71.26266087
v 18.28618623 36.19923440 71.26266087
v 20.20473029 35.11214548 71.26266087
v 22.06672564 33.90370893 71.26266087
v 22.15775657 33.83472731 71.26266087
v 22.49843365 33.43376082 71.26266087
v 37.76723585 7.67860182 71.26266087
v 37.83584734 7.55993728 71.26266087
v 37.97409229 7.06195334 71.26266087
v 38.10496931 4.95120833 71.26266087
v 38.12168974 2.77769851 71.26266087
v 37.98980247 0.61577301 71.26266087
v 37.94723854 0.25007883 71.26266087
v 39.01231404 0.25005404 71.26266087
v 39.04453728 0.52679402 71.26266087
v 39.18091195 2.75098753 71.26266087
v 39.16316206 4.98592628 71.26266087
v 39.02817675 7.17655839 71.26266087
v 38.82478044 7.95030378 71.26266087
v 23.39287541 33.98813446 71.26266087
v 22.93703012 34.53562410 71.26266087
v 20.76504682 35.98658728 71.26266087
v 18.79133206 37.10506113 71.26266087
v 16.75037678 38.10587431 71.26266087
v 14.65701604 38.99021042 71.26266087
v 12.49917624 39.75638818 71.26266087
v 10.31754413 40.40726135 71.26266087
v 8.08694852 40.92436916 71.26266087
v 5.84222061 41.30720716 71.26266087
v 3.59197585 41.57071229 71.26266087
v 1.27863064 41.68970882 71.26266087
v -0.99920053 41.68903743 71.26266087
v -3.26634041 41.57373328 71.26266087
v -5.56382387 41.30317893 71.26266087
v -7.81096486 40.91799115 71.26266087
v -10.04225058 40.39903713 71.26266087
v -12.23595321 39.74732383 71.26266087
v -14.37931098 38.97879623 71.26266087
v -16.47094774 38.09328519 71.26266087
v -18.51052177 37.09112821 71.26266087
v -20.50182224 35.97013780 71.26266087
v -22.38002363 34.75129550 71.26266087
v -22.97034593 34.19105047 71.26266087
v -38.39710342 8.16113356 71.26266087
v -38.69567526 7.44847825 71.26266087
v -38.85720332 4.95892304 71.26266087
v -38.87323312 2.73741197 71.26266087
v -38.75168649 0.49912016 71.26266087
v -38.72249636 0.25007351 71.26266087
v -1.60399801 20.48001690 71.26266087
v -0.00000201 20.55361293 71.26266087
v -3.31460999 20.22960096 71.26266087
v -4.98280956 19.82477364 71.26266087
v -6.61411366 19.24505867 71.26266087
v -8.12945317 18.53973036 71.26266087
v -8.52160465 18.18481524 71.26266087
v -8.41373125 18.32836070 71.26266087
v -8.35234549 18.39190285 71.26266087
v -8.28301407 18.44666572 71.26266087
v -17.27162317 3.42836970 71.26266087
v -17.36678449 3.22192588 71.26266087
v -17.39505369 3.00692243 71.26266087
v -17.25537167 1.34144415 71.26266087
v -17.06066937 0.25034044 71.26266087
v -15.98597697 0.25034406 71.26266087
v -16.20165363 1.44903330 71.26266087
v -16.32822966 2.95707748 71.26266087
v -7.62715974 17.63061900 71.26266087
v -6.22550722 18.28552635 71.26266087
v -4.69764664 18.83117007 71.26266087
v -3.13047694 19.21384265 71.26266087
v -1.52675667 19.45116713 71.26266087
v -0.00000203 19.52133653 71.26266087
v 1.70274051 19.45368443 71.26266087
v 3.30887424 19.21837407 71.26266087
v 4.87431962 18.83872264 71.26266087
v 6.40631764 18.29442169 71.26266087
v 7.81762346 17.63716433 71.26266087
v 16.53074999 2.95690778 71.26266087
v 16.40796680 1.47756396 71.26266087
v 16.17432943 0.25034172 71.26266087
v 17.25036097 0.25033778 71.26266087
v 17.45444232 1.31559425 71.26266087
v 17.59757365 3.00624892 71.26266087
v 17.56999418 3.22192379 71.26266087
v 17.50138169 3.37600142 71.26266087
v 8.71387272 18.18847722 71.26266087
v 8.31657001 18.54802349 71.26266087
v 8.47213249 18.45373169 71.26266087
v 8.54237193 18.39825202 71.26266087
v 8.60456676 18.33388296 71.26266087
v 6.84043943 19.23532394 71.26266087
v 5.21120455 19.81688508 71.26266087
v 3.54059159 20.22490127 71.26266087
v 1.83308318 20.47749904 71.26266087
v 31.44229153 5.60680280 71.26266087
v 30.66303070 5.66236925 71.26266087
v 32.12431109 5.31977841 71.26266087
v 32.65701916 4.83688873 71.26266087
v 32.96973256 4.22795784 71.26266087
v 33.06211555 3.68247662 71.26266087
v 32.98475669 1.42604625 71.26266087
v 32.86283929 0.25019716 71.26266087
v 33.12877212 0.25019097 71.26266087
v 33.24887179 1.40875273 71.26266087
v 33.32520618 3.69858168 71.26266087
v 33.22765318 4.28870837 71.26266087
v 32.88287606 4.97300015 71.26266087
v 32.28810546 5.52353095 71.26266087
v 31.52678114 5.85201478 71.26266087
v 30.66235358 5.91949912 71.26266087
v 26.19537711 5.57716792 71.26266087
v 25.97194555 5.57666631 71.26266087
v 25.76127225 5.59177372 71.26266087
v 25.56611637 5.64179173 71.26266087
v 25.37199616 5.72520991 71.26266087
v 25.02374782 5.97176924 71.26266087
v 24.87686450 6.13155390 71.26266087
v 24.74618773 6.31231843 71.26266087
v 14.99629590 22.74581987 71.26266087
v 14.83044400 23.13251981 71.26266087
v 14.79320577 23.33980027 71.26266087
v 14.79286251 23.55765447 71.26266087
v 14.80769090 23.76275293 71.26266087
v 14.85941408 23.95257802 71.26266087
v 15.06285611 24.35136158 71.26266087
v 17.61518179 27.94813256 71.26266087
v 17.92792843 28.59531743 71.26266087
v 18.05999218 29.39422769 71.26266087
v 17.91930828 30.13892616 71.26266087
v 17.55242657 30.78795678 71.26266087
v 16.93314221 31.29482847 71.26266087
v 14.87116147 32.38393155 71.26266087
v 12.73263142 33.31979771 71.26266087
v 10.53272075 34.12239769 71.26266087
v 8.27591885 34.75262831 71.26266087
v 5.99843008 35.22995868 71.26266087
v 3.66335799 35.55455673 71.26266087
v 1.32656102 35.72608701 71.26266087
v -1.00989112 35.72575127 71.26266087
v -3.36496384 35.55354968 71.26266087
v -5.68072748 35.22844828 71.26266087
v -7.97752652 34.75044649 71.26266087
v -10.21570830 34.11920865 71.26266087
v -12.43354707 33.31644002 71.26266087
v -14.55311154 32.37990298 71.26266087
v -16.64509100 31.28257686 71.26266087
v -17.11403645 30.92088550 71.26266087
v -17.55332892 30.28142171 71.26266087
v -17.73297699 29.49476373 71.26266087
v -17.65263554 28.69467870 71.26266087
v -17.27782159 27.92967108 71.26266087
v -14.74342797 24.36294324 71.26266087
v -14.53964140 23.97204808 71.26266087
v -14.48550466 23.78608327 71.26266087
v -14.46619380 23.57880292 71.26266087
v -14.48412260 23.36111650 71.26266087
v -14.52032645 23.14527628 71.26266087
v -14.56756451 22.96367505 71.26266087
v -24.41332684 6.32155578 71.26266087
v -24.54055585 6.14314107 71.26266087
v -24.67950896 5.98788820 71.26266087
v -25.02430953 5.73696516 71.26266087
v -25.21670972 5.64951925 71.26266087
v -25.43014267 5.59580890 71.26266087
v -25.65391835 5.57717684 71.26266087
v -25.85838582 5.57683950 71.26266087
v -30.35294148 5.91967764 71.26266087
v -31.09599895 5.88156705 71.26266087
v -31.84387294 5.58632396 71.26266087
v -32.44623230 5.08916609 71.26266087
v -32.84514715 4.44817545 71.26266087
v -33.00027524 3.67375924 71.26266087
v -32.92153953 1.40121598 71.26266087
v -32.81193010 0.25020692 71.26266087
v -32.54643410 0.25021291 71.26266087
v -32.65742424 1.41750227 71.26266087
v -32.73787409 3.65429726 71.26266087
v -32.60549910 4.33606538 71.26266087
v -32.25692322 4.90756901 71.26266087
v -31.72248911 5.35621932 71.26266087
v -31.05909233 5.62527699 71.26266087
v -30.35637724 5.66237995 71.26266087
v -25.89602423 5.32144957 71.26266087
v -19.68947844 3.64984773 71.26266087
v -19.70525140 3.56716538 71.26266087
v -19.72524542 3.35719716 71.26266087
v -19.56727514 1.06802459 71.26266087
v -19.42362033 0.25033247 71.26266087
v -19.15537289 0.25033337 71.26266087
v -19.30453534 1.09974728 71.26266087
v -19.44180483 2.81524197 71.26266087
v -19.46042813 2.99298472 71.26266087
v -19.46112545 3.34494572 71.26266087
v -19.44354451 3.53007357 71.26266087
v -19.39596761 3.80516389 71.26266087
v -9.89981780 19.65139220 71.26266087
v -9.49294387 20.01392394 71.26266087
v -9.19261521 20.19770751 71.26266087
v -7.60131640 20.95398941 71.26266087
v -5.93070381 21.55971937 71.26266087
v -4.24043599 22.01405859 71.26266087
v -2.49361774 22.33597243 71.26266087
v -0.72611017 22.48769844 71.26266087
v 1.04105423 22.48820179 71.26266087
v 2.80718191 22.33781836 71.26266087
v 4.53744897 22.01640793 71.26266087
v 6.24599187 21.56324385 71.26266087
v 7.89660501 20.95902451 71.26266087
v 9.49341858 20.20072817 71.26266087
v 9.80995331 20.02046916 71.26266087
v 10.28682545 19.64372051 71.26266087
v 19.67468607 3.68179847 71.26266087
v 19.72916170 3.53208473 71.26266087
v 19.78776657 3.00607307 71.26266087
v 19.63256255 1.11132466 71.26266087
v 19.48211038 0.25032962 71.26266087
v 19.75030480 0.25032864 71.26266087
v 19.89530224 1.07976973 71.26266087
v 20.05119660 3.00741483 71.26266087
v 19.98638723 3.58579244 71.26266087
v 19.96851594 3.64453654 71.26266087
v 26.22066712 5.32085493 71.26266087
v -38.21861629 57.81701859 71.26266087
v -38.07550862 58.01674321 71.26266087
v -37.90930068 58.19985129 71.26266087
v -37.51482718 58.48617493 71.26266087
v -37.27863093 58.59308274 71.26266087
v -37.19915301 58.61309570 71.26266087
v 25.53673371 5.38468197 71.26266087
v 19.89008650 3.90233923 71.26266087
v 25.47645865 5.40010279 71.26266087
v 25.24130769 5.50231941 71.26266087
v 24.84340812 5.78446115 71.26266087
v 24.66928581 5.97193959 71.26266087
v 24.52274851 6.17385207 71.26266087
v 14.76078835 22.62816565 71.26266087
v 14.65734627 22.84887331 71.26266087
v 14.57528253 23.06723119 71.26266087
v 14.53011393 23.31865316 71.26266087
v 14.52839165 23.56822882 71.26266087
v 14.54804765 23.80723062 71.26266087
v 14.57436182 23.90426212 71.26266087
v 10.45360643 19.83880397 71.26266087
v -14.20206768 23.57880347 71.26266087
v -14.22586139 23.83056098 71.26266087
v -14.22137551 23.32922776 71.26266087
v -14.26206177 23.09005799 71.26266087
v -14.32378168 22.86817552 71.26266087
v -14.45239505 22.63101963 71.26266087
v -24.18988765 6.18325721 71.26266087
v -24.33297720 5.98352672 71.26266087
v -24.49916934 5.80041223 71.26266087
v -24.89362121 5.51407463 71.26266087
v -25.12981142 5.40715899 71.26266087
v -25.20928901 5.38714353 71.26266087
v -19.63974620 3.91039890 71.26266087
v -10.10282582 19.79548133 71.26266087
v -14.24650749 23.90266850 71.26266087
v -9.32054129 20.42277883 71.26266087
v -9.65052353 20.22019731 71.26266087
v -7.70545044 21.19064159 71.26266087
v -6.01208028 21.80476349 71.26266087
v -4.30008878 22.26497649 71.26266087
v -2.52982330 22.59108629 71.26266087
v -0.73783378 22.74499418 71.26266087
v 1.05277808 22.74549757 71.26266087
v 2.84373224 22.59276439 71.26266087
v 4.59710171 22.26732584 71.26266087
v 6.32736840 21.80828798 71.26266087
v 8.00108392 21.19550886 71.26266087
v 9.79788698 20.33113833 71.26266087
v 9.96029202 20.23244906 71.26266087
v 10.22562273 20.03360195 71.26266087
v 14.85599150 24.51225605 71.26266087
v 17.38657115 28.07636144 71.26266087
v 17.68035220 28.68813198 71.26266087
v 17.79172711 29.39053523 71.26266087
v 17.66276687 30.07111947 71.26266087
v 17.33346992 30.64059476 71.26266087
v 16.78556233 31.08217740 71.26266087
v 14.75392511 32.15315393 71.26266087
v 12.63194643 33.08163544 71.26266087
v 10.44962125 33.87785758 71.26266087
v 8.21143944 34.50271742 71.26266087
v 5.95188093 34.97635536 71.26266087
v 3.63473853 35.29843592 71.26266087
v 1.31656147 35.46862357 71.26266087
v -0.99989153 35.46828789 71.26266087
v -3.33599946 35.29742899 71.26266087
v -5.63417847 34.97484497 71.26266087
v -7.91304724 34.50053561 71.26266087
v -10.13260897 33.87450071 71.26266087
v -12.33251692 33.07827750 71.26266087
v -14.43553038 32.14912533 71.26266087
v -16.50026962 31.06807952 71.26266087
v -16.93300973 30.73189957 71.26266087
v -17.31816600 30.16041032 71.26266087
v -17.46540157 29.48032964 71.26266087
v -17.39161156 28.74284828 71.26266087
v -17.04990101 28.05941086 71.26266087
v -14.52626193 24.50929876 71.26266087
v -9.90475516 20.00555249 71.26266087
v 68.26266087 0.00000000 -1.00000000
v 68.26266087 0.00000000 -3.32500000
v 68.26266087 64.00000000 -1.00000000
v 68.26266087 64.00000000 -3.32500000
v 1.00000000 0.00000000 68.26266087
v 3.32500000 0.00000000 68.26266087
v 1.00000000 64.00000000 68.26266087
v 3.32500000 64.00000000 68.26266087
v -68.26266087 0.00000000 1.00000000
v -68.26266087 0.00000000 3.32500000
v -68.26266087 64.00000000 1.00000000
v -68.26266087 64.00000000 3.32500000
v 68.26266087 64.00000000 39.51527392
v 68.26266087 64.00000000 5.32500000
v 68.26266087 0.00000000 5.32500000
v 68.26266087 0.00000000 39.51527392
v 68.26266087 0.00000000 -5.32500000
v 68.26266087 0.00000000 -39.51527392
v 68.26266087 64.00000000 -5.32500000
v 68.26266087 64.00000000 -39.51527392
v -39.51527392 64.00000000 68.26266087
v -5.32500000 64.00000000 68.26266087
v -5.32500000 0.00000000 68.26266087
v -39.51527392 0.00000000 68.26266087
v 5.32500000 0.00000000 68.26266087
v 39.51527392 0.00000000 68.26266087
v 5.32500000 64.00000000 68.26266087
v 39.51527392 64.00000000 68.26266087
v -68.26266087 64.00000000 -39.51527392
v -68.26266087 64.00000000 -5.32500000
v -68.26266087 0.00000000 -5.32500000
v -68.26266087 0.00000000 -39.51527392
v -68.26266087 0.00000000 5.32500000
v -68.26266087 0.00000000 39.51527392
v -68.26266087 64.00000000 5.32500000
v -68.26266087 64.00000000 39.51527392
v -1.00000000 0.00000000 -68.26266087
v -3.32500000 0.00000000 -68.26266087
v -1.00000000 64.00000000 -68.26266087
v -3.32500000 64.00000000 -68.26266087
v 39.51527392 64.00000000 -68.26266087
v 5.82500000 64.00000000 -68.26266087
v 5.82500000 0.00000000 -68.26266087
v 39.51527392 0.00000000 -68.26266087
v -5.82500000 0.00000000 -68.26266087
v -39.51527392 0.00000000 -68.26266087
v -5.82500000 64.00000000 -68.26266087
v -39.51527392 64.00000000 -68.26266087
v 56.55033214 64.00000000 -5.07500000
v 53.76461709 64.00000000 -0.25000000
v 53.73569003 64.00000000 -0.19134172
v 53.71466688 64.00000000 -0.12940952
v 53.70190736 64.00000000 -0.06526310
v 53.69762979 64.00000000 -0.00000000
v 53.70190736 64.00000000 0.06526310
v 53.71466688 64.00000000 0.12940952
v 53.73569003 64.00000000 0.19134172
v 53.76461709 64.00000000 0.25000000
v 56.55033214 64.00000000 5.07500000
v 56.58666817 64.00000000 5.12938071
v 56.62979145 64.00000000 5.17855339
v 56.67896413 64.00000000 5.22167667
v 56.73334484 64.00000000 5.25801270
v 56.79200313 64.00000000 5.28693977
v 56.85393532 64.00000000 5.30796291
v 56.91808175 64.00000000 5.32072243
v 56.98334484 64.00000000 5.32500000
v 48.05164239 64.00000000 62.54828060
v 55.77296721 64.00000000 55.77296721
v 62.54828060 64.00000000 48.05164239
v 5.32500000 64.00000000 56.98334484
v 5.32072243 64.00000000 56.91808175
v 5.30796291 64.00000000 56.85393532
v 5.28693977 64.00000000 56.79200313
v 5.25801270 64.00000000 56.73334484
v 5.22167667 64.00000000 56.67896413
v 5.17855339 64.00000000 56.62979145
v 5.12938071 64.00000000 56.58666817
v 5.07500000 64.00000000 56.55033214
v 0.25000000 64.00000000 53.76461709
v 0.19134172 64.00000000 53.73569003
v 0.12940952 64.00000000 53.71466688
v 0.06526310 64.00000000 53.70190736
v -5.07500000 64.00000000 56.55033214
v -5.12938071 64.00000000 56.58666817
v -5.17855339 64.00000000 56.62979145
v -5.22167667 64.00000000 56.67896413
v -5.25801270 64.00000000 56.73334484
v -5.28693977 64.00000000 56.79200313
v -5.30796291 64.00000000 56.85393532
v -5.32072243 64.00000000 56.91808175
v -5.32500000 64.00000000 56.98334484
v -62.54828060 64.00000000 48.05164239
v -55.77296721 64.00000000 55.77296721
v -48.05164239 64.00000000 62.54828060
v -56.98334484 64.00000000 5.32500000
v -56.91808175 64.00000000 5.32072243
v -56.85393532 64.00000000 5.30796291
v -56.79200313 64.00000000 5.28693977
v -56.73334484 64.00000000 5.25801270
v -56.67896413 64.00000000 5.22167667
v -56.62979145 64.00000000 5.17855339
v -56.58666817 64.00000000 5.12938071
v -56.55033214 64.00000000 5.07500000
v -53.76461709 64.00000000 0.25000000
v -53.73569003 64.00000000 0.19134172
v -53.71466688 64.00000000 0.12940952
v -53.70190736 64.00000000 0.06526310
v -53.69762979 64.00000000 0.00000000
v -53.70190736 64.00000000 -0.06526310
v -53.71466688 64.00000000 -0.12940952
v -53.73569003 64.00000000 -0.19134172
v -53.76461709 64.00000000 -0.25000000
v -56.55033214 64.00000000 -5.07500000
v -56.58666817 64.00000000 -5.12938071
v -56.62979145 64.00000000 -5.17855339
v -56.67896413 64.00000000 -5.22167667
v -56.73334484 64.00000000 -5.25801270
v -56.79200313 64.00000000 -5.28693977
v -56.85393532 64.00000000 -5.30796291
v -56.91808175 64.00000000 -5.32072243
v -56.98334484 64.00000000 -5.32500000
v -48.05164239 64.00000000 -62.54828060
v -55.77296721 64.00000000 -55.77296721
v -62.54828060 64.00000000 -48.05164239
v -5.75973690 64.00000000 -68.25838330
v -5.69559048 64.00000000 -68.24562378
v -5.63365828 64.00000000 -68.22460063
v -5.57500000 64.00000000 -68.19567357
v -5.52061929 64.00000000 -68.15933754
v -5.47144661 64.00000000 -68.11621426
v -5.42832333 64.00000000 -68.06704158
v -5.39198730 64.00000000 -68.01266087
v -5.36306023 64.00000000 -67.95400258
v -5.34203709 64.00000000 -67.89207039
v -5.32927757 64.00000000 -67.82792396
v -5.32500000 64.00000000 -67.76266087
v -5.32500000 64.00000000 -56.98334484
v -5.32072243 64.00000000 -56.91808175
v -5.30796291 64.00000000 -56.85393532
v -5.28693977 64.00000000 -56.79200313
v -5.25801270 64.00000000 -56.73334484
v -5.22167667 64.00000000 -56.67896413
v -5.17855339 64.00000000 -56.62979145
v -5.12938071 64.00000000 -56.58666817
v -5.07500000 64.00000000 -56.55033214
v -0.25000000 64.00000000 -53.76461709
v -0.19134172 64.00000000 -53.73569003
v -0.12940952 64.00000000 -53.71466688
v -0.06526310 64.00000000 -53.70190736
v -0.00000000 64.00000000 -53.69762979
v 0.06526310 64.00000000 -53.70190736
v 0.12940952 64.00000000 -53.71466688
v 0.19134172 64.00000000 -53.73569003
v 0.25000000 64.00000000 -53.76461709
v 5.07500000 64.00000000 -56.55033214
v 5.12938071 64.00000000 -56.58666817
v 5.17855339 64.00000000 -56.62979145
v 5.22167667 64.00000000 -56.67896413
v 5.25801270 64.00000000 -56.73334484
v 5.28693977 64.00000000 -56.79200313
v 5.30796291 64.00000000 -56.85393532
v 5.32072243 64.00000000 -56.91808175
v 5.32500000 64.00000000 -56.98334484
v 5.32500000 64.00000000 -67.76266087
v 5.32927757 64.00000000 -67.82792396
v 5.34203709 64.00000000 -67.89207039
v 5.36306023 64.00000000 -67.95400258
v 5.39198730 64.00000000 -68.01266087
v 5.42832333 64.00000000 -68.06704158
v 5.47144661 64.00000000 -68.11621426
v 5.52061929 64.00000000 -68.15933754
v 5.57500000 64.00000000 -68.19567357
v 5.63365828 64.00000000 -68.22460063
v 5.69559048 64.00000000 -68.24562378
v 5.75973690 64.00000000 -68.25838330
v 62.54828060 64.00000000 -48.05164239
v 55.77296721 64.00000000 -55.77296721
v 48.05164239 64.00000000 -62.54828060
v 56.98334484 64.00000000 -5.32500000
v 56.91808175 64.00000000 -5.32072243
v 56.85393532 64.00000000 -5.30796291
v 56.79200313 64.00000000 -5.28693977
v 56.73334484 64.00000000 -5.25801270
v 56.67896413 64.00000000 -5.22167667
v 56.62979145 64.00000000 -5.17855339
v 56.58666817 64.00000000 -5.12938071
v 68.26266087 64.00000000 3.32500000
v 68.26266087 64.00000000 1.00000000
v 57.84937025 64.00000000 3.32500000
v 55.92968060 64.00000000 -0.00000000
v 57.84937025 64.00000000 -3.32500000
v 63.96617421 64.00000000 -1.00000000
v 63.96617421 64.00000000 1.00000000
v -3.32500000 64.00000000 68.26266087
v -1.00000000 64.00000000 68.26266087
v -3.32500000 64.00000000 57.84937025
v 0.00000000 64.00000000 55.92968060
v 3.32500000 64.00000000 57.84937025
v 1.00000000 64.00000000 63.96617421
v -1.00000000 64.00000000 63.96617421
v -68.26266087 64.00000000 -3.32500000
v -68.26266087 64.00000000 -1.00000000
v -57.84937025 64.00000000 -3.32500000
v -55.92968060 64.00000000 0.00000000
v -57.84937025 64.00000000 3.32500000
v -63.96617421 64.00000000 1.00000000
v -63.96617421 64.00000000 -1.00000000
v 3.32500000 64.00000000 -68.26266087
v 1.00000000 64.00000000 -68.26266087
v 3.32500000 64.00000000 -57.84937025
v 0.00000000 64.00000000 -55.92968060
v -3.32500000 64.00000000 -57.84937025
v -1.00000000 64.00000000 -63.96617421
v 1.00000000 64.00000000 -63.96617421
v 57.84937025 0.00000000 3.32500000
v 68.26266087 0.00000000 3.32500000
v 55.92968060 0.00000000 -0.00000000
v 57.84937025 0.00000000 -3.32500000
v 63.96617421 0.00000000 -1.00000000
v 63.96617421 0.00000000 1.00000000
v 68.26266087 0.00000000 1.00000000
v -3.32500000 0.00000000 57.84937025
v -3.32500000 0.00000000 68.26266087
v 0.00000000 0.00000000 55.92968060
v 3.32500000 0.00000000 57.84937025
v 1.00000000 0.00000000 63.96617421
v -1.00000000 0.00000000 63.96617421
v -1.00000000 0.00000000 68.26266087
v -57.84937025 0.00000000 -3.32500000
v -68.26266087 0.00000000 -3.32500000
v -55.92968060 0.00000000 0.00000000
v -57.84937025 0.00000000 3.32500000
v -63.96617421 0.00000000 1.00000000
v -63.96617421 0.00000000 -1.00000000
v -68.26266087 0.00000000 -1.00000000
v 3.32500000 0.00000000 -57.84937025
v 3.32500000 0.00000000 -68.26266087
v 0.00000000 0.00000000 -55.92968060
v -3.32500000 0.00000000 -57.84937025
v -1.00000000 0.00000000 -63.96617421
v 1.00000000 0.00000000 -63.96617421
v 1.00000000 0.00000000 -68.26266087
v 56.98334484 0.00000000 5.32500000
v 56.91808175 0.00000000 5.32072243
v 56.85393532 0.00000000 5.30796291
v 56.79200313 0.00000000 5.28693977
v 56.73334484 0.00000000 5.25801270
v 56.67896413 0.00000000 5.22167667
v 56.62979145 0.00000000 5.17855339
v 56.58666817 0.00000000 5.12938071
v 56.55033214 0.00000000 5.07500000
v 48.05164239 0.00000000 62.54828060
v 55.77296721 0.00000000 55.77296721
v 62.54828060 0.00000000 48.05164239
v 5.32500000 0.00000000 56.98334484
v 5.07500000 0.00000000 56.55033214
v 5.12938071 0.00000000 56.58666817
v 5.17855339 0.00000000 56.62979145
v 5.22167667 0.00000000 56.67896413
v 5.25801270 0.00000000 56.73334484
v 5.28693977 0.00000000 56.79200313
v 5.30796291 0.00000000 56.85393532
v 5.32072243 0.00000000 56.91808175
v 0.25000000 0.00000000 53.76461709
v 0.06526310 0.00000000 53.70190736
v 0.12940952 0.00000000 53.71466688
v 0.19134172 0.00000000 53.73569003
v -5.07500000 0.00000000 56.55033214
v -5.32500000 0.00000000 56.98334484
v -5.32072243 0.00000000 56.91808175
v -5.30796291 0.00000000 56.85393532
v -5.28693977 0.00000000 56.79200313
v -5.25801270 0.00000000 56.73334484
v -5.22167667 0.00000000 56.67896413
v -5.17855339 0.00000000 56.62979145
v -5.12938071 0.00000000 56.58666817
v -62.54828060 0.00000000 48.05164239
v -55.77296721 0.00000000 55.77296721
v -48.05164239 0.00000000 62.54828060
v -56.98334484 0.00000000 5.32500000
v -56.55033214 0.00000000 5.07500000
v -56.58666817 0.00000000 5.12938071
v -56.62979145 0.00000000 5.17855339
v -56.67896413 0.00000000 5.22167667
v -56.73334484 0.00000000 5.25801270
v -56.79200313 0.00000000 5.28693977
v -56.85393532 0.00000000 5.30796291
v -56.91808175 0.00000000 5.32072243
v -53.76461709 0.00000000 0.25000000
v -53.76461709 0.00000000 -0.25000000
v -53.73569003 0.00000000 -0.19134172
v -53.71466688 0.00000000 -0.12940952
v -53.70190736 0.00000000 -0.06526310
v -53.69762979 0.00000000 0.00000000
v -53.70190736 0.00000000 0.06526310
v -53.71466688 0.00000000 0.12940952
v -53.73569003 0.00000000 0.19134172
v -56.55033214 0.00000000 -5.07500000
v -56.98334484 0.00000000 -5.32500000
v -56.91808175 0.00000000 -5.32072243
v -56.85393532 0.00000000 -5.30796291
v -56.79200313 0.00000000 -5.28693977
v -56.73334484 0.00000000 -5.25801270
v -56.67896413 0.00000000 -5.22167667
v -56.62979145 0.00000000 -5.17855339
v -56.58666817 0.00000000 -5.12938071
v -48.05164239 0.00000000 -62.54828060
v -55.77296721 0.00000000 -55.77296721
v -62.54828060 0.00000000 -48.05164239
v -5.32500000 0.00000000 -67.76266087
v -5.32927757 0.00000000 -67.82792396
v -5.34203709 0.00000000 -67.89207039
v -5.36306023 0.00000000 -67.95400258
v -5.39198730 0.00000000 -68.01266087
v -5.42832333 0.00000000 -68.06704158
v -5.47144661 0.00000000 -68.11621426
v -5.52061929 0.00000000 -68.15933754
v -5.57500000 0.00000000 -68.19567357
v -5.63365828 0.00000000 -68.22460063
v -5.69559048 0.00000000 -68.24562378
v -5.75973690 0.00000000 -68.25838330
v -5.32500000 0.00000000 -56.98334484
v -5.07500000 0.00000000 -56.55033214
v -5.12938071 0.00000000 -56.58666817
v -5.17855339 0.00000000 -56.62979145
v -5.22167667 0.00000000 -56.67896413
v -5.25801270 0.00000000 -56.73334484
v -5.28693977 0.00000000 -56.79200313
v -5.30796291 0.00000000 -56.85393532
v -5.32072243 0.00000000 -56.91808175
v -0.25000000 0.00000000 -53.76461709
v 0.25000000 0.00000000 -53.76461709
v 0.19134172 0.00000000 -53.73569003
v 0.12940952 0.00000000 -53.71466688
v 0.06526310 0.00000000 -53.70190736
v -0.00000000 0.00000000 -53.69762979
v -0.06526310 0.00000000 -53.70190736
v -0.12940952 0.00000000 -53.71466688
v -0.19134172 0.00000000 -53.73569003
v 5.07500000 0.00000000 -56.55033214
v 5.32500000 0.00000000 -56.98334484
v 5.32072243 0.00000000 -56.91808175
v 5.30796291 0.00000000 -56.85393532
v 5.28693977 0.00000000 -56.79200313
v 5.25801270 0.00000000 -56.73334484
v 5.22167667 0.00000000 -56.67896413
v 5.17855339 0.00000000 -56.62979145
v 5.12938071 0.00000000 -56.58666817
v 5.32500000 0.00000000 -67.76266087
v 5.75973690 0.00000000 -68.25838330
v 5.69559048 0.00000000 -68.24562378
v 5.63365828 0.00000000 -68.22460063
v 5.57500000 0.00000000 -68.19567357
v 5.52061929 0.00000000 -68.15933754
v 5.47144661 0.00000000 -68.11621426
v 5.42832333 0.00000000 -68.06704158
v 5.39198730 0.00000000 -68.01266087
v 5.36306023 0.00000000 -67.95400258
v 5.34203709 0.00000000 -67.89207039
v 5.32927757 0.00000000 -67.82792396
v 62.54828060 0.00000000 -48.05164239
v 55.77296721 0.00000000 -55.77296721
v 48.05164239 0.00000000 -62.54828060
v 56.98334484 0.00000000 -5.32500000
v 56.55033214 0.00000000 -5.07500000
v 56.58666817 0.00000000 -5.12938071
v 56.62979145 0.00000000 -5.17855339
v 56.67896413 0.00000000 -5.22167667
v 56.73334484 0.00000000 -5.25801270
v 56.79200313 0.00000000 -5.28693977
v 56.85393532 0.00000000 -5.30796291
v 56.91808175 0.00000000 -5.32072243
v 53.76461709 0.00000000 -0.25000000
v 53.76461709 0.00000000 0.25000000
v 53.73569003 0.00000000 0.19134172
v 53.71466688 0.00000000 0.12940952
v 53.70190736 0.00000000 0.06526310
v 53.69762979 0.00000000 -0.00000000
v 53.70190736 0.00000000 -0.06526310
v 53.71466688 0.00000000 -0.12940952
v 53.73569003 0.00000000 -0.19134172
v -38.75168649 0.49912016 71.31266087
v -38.87323312 2.73741197 71.31266087
v -38.85720332 4.95892304 71.31266087
v -38.69567526 7.44847825 71.31266087
v -38.39710342 8.16113356 71.31266087
v -22.97034593 34.19105047 71.31266087
v -22.38002363 34.75129550 71.31266087
v -20.50182224 35.97013780 71.31266087
v -18.51052177 37.09112821 71.31266087
v -16.47094774 38.09328519 71.31266087
v -14.37931098 38.97879623 71.31266087
v -12.23595321 39.74732383 71.31266087
v -10.04225058 40.39903713 71.31266087
v -7.81096486 40.91799115 71.31266087
v -5.56382387 41.30317893 71.31266087
v -3.26634041 41.57373328 71.31266087
v -0.99920053 41.68903743 71.31266087
v 1.27863064 41.68970882 71.31266087
v 3.59197585 41.57071229 71.31266087
v 5.84222061 41.30720716 71.31266087
v 8.08694852 40.92436916 71.31266087
v 10.31754413 40.40726135 71.31266087
v 12.49917624 39.75638818 71.31266087
v 14.65701604 38.99021042 71.31266087
v 16.75037678 38.10587431 71.31266087
v 18.79133206 37.10506113 71.31266087
v 20.76504682 35.98658728 71.31266087
v 22.93703012 34.53562410 71.31266087
v 23.39287541 33.98813446 71.31266087
v 38.82478044 7.95030378 71.31266087
v 39.02817675 7.17655839 71.31266087
v 39.16316206 4.98592628 71.31266087
v 39.18091195 2.75098753 71.31266087
v 39.04453728 0.52679402 71.31266087
v 39.01231404 0.25005404 71.31266087
v 37.94723854 0.25007883 71.31266087
v 37.98980247 0.61577301 71.31266087
v 38.12168974 2.77769851 71.31266087
v 38.10496931 4.95120833 71.31266087
v 37.97409229 7.06195334 71.31266087
v 37.83584734 7.55993728 71.31266087
v 37.76723585 7.67860182 71.31266087
v 22.49843365 33.43376082 71.31266087
v 22.15775657 33.83472731 71.31266087
v 22.06672564 33.90370893 71.31266087
v 20.20473029 35.11214548 71.31266087
v 18.28618623 36.19923440 71.31266087
v 16.30074813 37.17252423 71.31266087
v 14.26428156 38.03285957 71.31266087
v 12.16195399 38.77906572 71.31266087
v 10.03928186 39.41282067 71.31266087
v 7.87247659 39.91499093 71.31266087
v 5.68740120 40.28742299 71.31266087
v 3.48336128 40.54488596 71.31266087
v 1.25070196 40.65918306 71.31266087
v -0.97161636 40.65851163 71.31266087
v -3.19289623 40.54488586 71.31266087
v -5.40831440 40.28339474 71.31266087
v -7.59649399 39.90861303 71.31266087
v -9.76502342 39.40426078 71.31266087
v -11.89872909 38.77017019 71.31266087
v -13.98554047 38.02194970 71.31266087
v -16.02131920 37.15993521 71.31266087
v -18.00710055 36.18429534 71.31266087
v -19.94322985 35.09468910 71.31266087
v -21.74867551 33.92166667 71.31266087
v -22.11590292 33.56433841 71.31266087
v -22.16452188 33.47941208 71.31266087
v -37.46092221 7.67761419 71.31266087
v -37.65502796 7.20514028 71.31266087
v -37.66467766 7.09906539 71.31266087
v -37.79901024 4.92403651 71.31266087
v -37.81469983 2.76059758 71.31266087
v -37.69660611 0.58423810 71.31266087
v -37.65743414 0.25009755 71.31266087
v -38.72249636 0.25007351 71.31266087
v 32.86283929 0.25019716 71.31266087
v 32.98475669 1.42604625 71.31266087
v 33.06211555 3.68247662 71.31266087
v 32.96973256 4.22795784 71.31266087
v 32.65701916 4.83688873 71.31266087
v 32.12431109 5.31977841 71.31266087
v 31.44229153 5.60680280 71.31266087
v 30.66303070 5.66236925 71.31266087
v 26.22066712 5.32085493 71.31266087
v 19.96851594 3.64453654 71.31266087
v 19.98638723 3.58579244 71.31266087
v 20.05119660 3.00741483 71.31266087
v 19.89530224 1.07976973 71.31266087
v 19.75030480 0.25032864 71.31266087
v 19.48211038 0.25032962 71.31266087
v 19.63256255 1.11132466 71.31266087
v 19.78776657 3.00607307 71.31266087
v 19.72916170 3.53208473 71.31266087
v 19.67468607 3.68179847 71.31266087
v 10.28682545 19.64372051 71.31266087
v 9.80995331 20.02046916 71.31266087
v 9.49341858 20.20072817 71.31266087
v 7.89660501 20.95902451 71.31266087
v 6.24599187 21.56324385 71.31266087
v 4.53744897 22.01640793 71.31266087
v 2.80718191 22.33781836 71.31266087
v 1.04105423 22.48820179 71.31266087
v -0.72611017 22.48769844 71.31266087
v -2.49361774 22.33597243 71.31266087
v -4.24043599 22.01405859 71.31266087
v -5.93070381 21.55971937 71.31266087
v -7.60131640 20.95398941 71.31266087
v -9.19261521 20.19770751 71.31266087
v -9.49294387 20.01392394 71.31266087
v -9.89981780 19.65139220 71.31266087
v -19.39596761 3.80516389 71.31266087
v -19.44354451 3.53007357 71.31266087
v -19.46112545 3.34494572 71.31266087
v -19.46042813 2.99298472 71.31266087
v -19.44180483 2.81524197 71.31266087
v -19.30453534 1.09974728 71.31266087
v -19.15537289 0.25033337 71.31266087
v -19.42362033 0.25033247 71.31266087
v -19.56727514 1.06802459 71.31266087
v -19.72524542 3.35719716 71.31266087
v -19.70525140 3.56716538 71.31266087
v -19.68947844 3.64984773 71.31266087
v -25.89602423 5.32144957 71.31266087
v -30.35637724 5.66237995 71.31266087
v -31.05909233 5.62527699 71.31266087
v -31.72248911 5.35621932 71.31266087
v -32.25692322 4.90756901 71.31266087
v -32.60549910 4.33606538 71.31266087
v -32.73787409 3.65429726 71.31266087
v -32.65742424 1.41750227 71.31266087
v -32.54643410 0.25021291 71.31266087
v -32.81193010 0.25020692 71.31266087
v -32.92153953 1.40121598 71.31266087
v -33.00027524 3.67375924 71.31266087
v -32.84514715 4.44817545 71.31266087
v -32.44623230 5.08916609 71.31266087
v -31.84387294 5.58632396 71.31266087
v -31.09599895 5.88156705 71.31266087
v -30.35294148 5.91967764 71.31266087
v -25.85838582 5.57683950 71.31266087
v -25.65391835 5.57717684 71.31266087
v -25.43014267 5.59580890 71.31266087
v -25.21670972 5.64951925 71.31266087
v -25.02430953 5.73696516 71.31266087
v -24.67950896 5.98788820 71.31266087
v -24.54055585 6.14314107 71.31266087
v -24.41332684 6.32155578 71.31266087
v -14.56756451 22.96367505 71.31266087
v -14.52032645 23.14527628 71.31266087
v -14.48412260 23.36111650 71.31266087
v -14.46619380 23.57880292 71.31266087
v -14.48550466 23.78608327 71.31266087
v -14.53964140 23.97204808 71.31266087
v -14.74342797 24.36294324 71.31266087
v -17.27782159 27.92967108 71.31266087
v -17.65263554 28.69467870 71.31266087
v -17.73297699 29.49476373 71.31266087
v -17.55332892 30.28142171 71.31266087
v -17.11403645 30.92088550 71.31266087
v -16.64509100 31.28257686 71.31266087
v -14.55311154 32.37990298 71.31266087
v -12.43354707 33.31644002 71.31266087
v -10.21570830 34.11920865 71.31266087
v -7.97752652 34.75044649 71.31266087
v -5.68072748 35.22844828 71.31266087
v -3.36496384 35.55354968 71.31266087
v -1.00989112 35.72575127 71.31266087
v 1.32656102 35.72608701 71.31266087
v 3.66335799 35.55455673 71.31266087
v 5.99843008 35.22995868 71.31266087
v 8.27591885 34.75262831 71.31266087
v 10.53272075 34.12239769 71.31266087
v 12.73263142 33.31979771 71.31266087
v 14.87116147 32.38393155 71.31266087
v 16.93314221 31.29482847 71.31266087
v 17.55242657 30.78795678 71.31266087
v 17.91930828 30.13892616 71.31266087
v 18.05999218 29.39422769 71.31266087
v 17.92792843 28.59531743 71.31266087
v 17.61518179 27.94813256 71.31266087
v 15.06285611 24.35136158 71.31266087
v 14.85941408 23.95257802 71.31266087
v 14.80769090 23.76275293 71.31266087
v 14.79286251 23.55765447 71.31266087
v 14.79320577 23.33980027 71.31266087
v 14.83044400 23.13251981 71.31266087
v 14.99629590 22.74581987 71.31266087
v 24.74618773 6.31231843 71.31266087
v 24.87686450 6.13155390 71.31266087
v 25.02374782 5.97176924 71.31266087
v 25.37199616 5.72520991 71.31266087
v 25.56611637 5.64179173 71.31266087
v 25.76127225 5.59177372 71.31266087
v 25.97194555 5.57666631 71.31266087
v 26.19537711 5.57716792 71.31266087
v 30.66235358 5.91949912 71.31266087
v 31.52678114 5.85201478 71.31266087
v 32.28810546 5.52353095 71.31266087
v 32.88287606 4.97300015 71.31266087
v 33.22765318 4.28870837 71.31266087
v 33.32520618 3.69858168 71.31266087
v 33.24887179 1.40875273 71.31266087
v 33.12877212 0.25019097 71.31266087
v 25.53673371 5.38468197 71.31266087
v 19.89008650 3.90233923 71.31266087
v 25.47645865 5.40010279 71.31266087
v 25.24130769 5.50231941 71.31266087
v 24.84340812 5.78446115 71.31266087
v 24.66928581 5.97193959 71.31266087
v 24.52274851 6.17385207 71.31266087
v 14.76078835 22.62816565 71.31266087
v 14.65734627 22.84887331 71.31266087
v 14.57528253 23.06723119 71.31266087
v 14.53011393 23.31865316 71.31266087
v 14.52839165 23.56822882 71.31266087
v 14.54804765 23.80723062 71.31266087
v 14.57436182 23.90426212 71.31266087
v 10.45360643 19.83880397 71.31266087
v -14.20206768 23.57880347 71.31266087
v -14.22586139 23.83056098 71.31266087
v -14.22137551 23.32922776 71.31266087
v -14.26206177 23.09005799 71.31266087
v -14.32378168 22.86817552 71.31266087
v -14.45239505 22.63101963 71.31266087
v -24.18988765 6.18325721 71.31266087
v -24.33297720 5.98352672 71.31266087
v -24.49916934 5.80041223 71.31266087
v -24.89362121 5.51407463 71.31266087
v -25.12981142 5.40715899 71.31266087
v -25.20928901 5.38714353 71.31266087
v -19.63974620 3.91039890 71.31266087
v -10.10282582 19.79548133 71.31266087
v -14.24650749 23.90266850 71.31266087
v -9.32054129 20.42277883 71.31266087
v -9.65052353 20.22019731 71.31266087
v -7.70545044 21.19064159 71.31266087
v -6.01208028 21.80476349 71.31266087
v -4.30008878 22.26497649 71.31266087
v -2.52982330 22.59108629 71.31266087
v -0.73783378 22.74499418 71.31266087
v 1.05277808 22.74549757 71.31266087
v 2.84373224 22.59276439 71.31266087
v 4.59710171 22.26732584 71.31266087
v 6.32736840 21.80828798 71.31266087
v 8.00108392 21.19550886 71.31266087
v 9.79788698 20.33113833 71.31266087
v 9.96029202 20.23244906 71.31266087
v 10.22562273 20.03360195 71.31266087
v 14.85599150 24.51225605 71.31266087
v 17.38657115 28.07636144 71.31266087
v 17.68035220 28.68813198 71.31266087
v 17.79172711 29.39053523 71.31266087
v 17.66276687 30.07111947 71.31266087
v 17.33346992 30.64059476 71.31266087
v 16.78556233 31.08217740 71.31266087
v 14.75392511 32.15315393 71.31266087
v 12.63194643 33.08163544 71.31266087
v 10.44962125 33.87785758 71.31266087
v 8.21143944 34.50271742 71.31266087
v 5.95188093 34.97635536 71.31266087
v 3.63473853 35.29843592 71.31266087
v 1.31656147 35.46862357 71.31266087
v -0.99989153 35.46828789 71.31266087
v -3.33599946 35.29742899 71.31266087
v -5.63417847 34.97484497 71.31266087
v -7.91304724 34.50053561 71.31266087
v -10.13260897 33.87450071 71.31266087
v -12.33251692 33.07827750 71.31266087
v -14.43553038 32.14912533 71.31266087
v -16.50026962 31.06807952 71.31266087
v -16.93300973 30.73189957 71.31266087
v -17.31816600 30.16041032 71.31266087
v -17.46540157 29.48032964 71.31266087
v -17.39161156 28.74284828 71.31266087
v -17.04990101 28.05941086 71.31266087
v -14.52626193 24.50929876 71.31266087
v -9.90475516 20.00555249 71.31266087
v 8.98887452 54.94713087 71.31266087
v -8.69186536 54.94712984 71.31266087
v -9.12595254 55.05504620 71.31266087
v -9.32222171 55.13126655 71.31266087
v -9.43657143 55.19433666 71.31266087
v -9.53230124 55.26582744 71.31266087
v -9.61358224 55.34867381 71.31266087
v -9.68583403 55.44686508 71.31266087
v -9.76314402 55.58707568 71.31266087
v -9.87098853 55.86698967 71.31266087
v -9.95868185 56.16849798 71.31266087
v -10.09759263 63.74964366 71.31266087
v -9.83269633 63.74964339 71.31266087
v -9.69402029 56.18186158 71.31266087
v -9.60783692 55.83777119 71.31266087
v -9.55150178 55.69903328 71.31266087
v -9.51223038 55.62927209 71.31266087
v -9.46928250 55.56993628 71.31266087
v -9.42405929 55.52091587 71.31266087
v -9.33810356 55.45043315 71.31266087
v -9.23650788 55.38940766 71.31266087
v -9.11726658 55.33538932 71.31266087
v -8.97332118 55.28484396 71.31266087
v -8.68326441 55.20493083 71.31266087
v -4.70657918 55.20492845 71.31266087
v -4.85293738 55.31907873 71.31266087
v -4.92710531 55.39835362 71.31266087
v -4.99495753 55.49400423 71.31266087
v -5.06686835 55.63110331 71.31266087
v -5.11449089 55.75120032 71.31266087
v -5.15915811 55.89215646 71.31266087
v -5.22998325 56.17017233 71.31266087
v -5.26945077 63.74963873 71.31266087
v -5.00463671 63.74963846 71.31266087
v -4.96519242 56.17671795 71.31266087
v -4.93914776 55.96755709 71.31266087
v -4.91003969 55.84915765 71.31266087
v -4.87226808 55.75760623 71.31266087
v -4.81221126 55.65884254 71.31266087
v -4.73483110 55.56492859 71.31266087
v -4.63895742 55.47273496 71.31266087
v -4.51901161 55.37645955 71.31266087
v -4.27101798 55.20492826 71.31266087
v 4.58251074 55.20492873 71.31266087
v 4.77099063 55.29782757 71.31266087
v 4.87295409 55.36401044 71.31266087
v 4.94680442 55.42960144 71.31266087
v 5.02024037 55.51851803 71.31266087
v 5.08352994 55.62212978 71.31266087
v 5.13923647 55.74256508 71.31266087
v 5.19101258 55.88697551 71.31266087
v 5.27219814 56.17650867 71.31266087
v 5.30176055 63.74963914 71.31266087
v 5.56657363 63.74963944 71.31266087
v 5.53698898 56.17034071 71.31266087
v 5.52487015 56.00601098 71.31266087
v 5.49876881 55.89158329 71.31266087
v 5.45217907 55.76992673 71.31266087
v 5.37492336 55.62853437 71.31266087
v 5.21747740 55.41326086 71.31266087
v 5.03770585 55.20492896 71.31266087
v 8.97977778 55.20493185 71.31266087
v 9.32175056 55.28015017 71.31266087
v 9.39505294 55.30482102 71.31266087
v 9.46049285 55.33208287 71.31266087
v 9.53069137 55.36915008 71.31266087
v 9.59078150 55.41022804 71.31266087
v 9.67789386 55.49237868 71.31266087
v 9.74701513 55.58288216 71.31266087
v 9.82156561 55.71434258 71.31266087
v 9.91290162 55.93599897 71.31266087
v 9.99122062 56.17319833 71.31266087
v 10.12970014 63.74964450 71.31266087
v 10.39460223 63.74964479 71.31266087
v 10.25603292 56.16849946 71.31266087
v 10.13223440 55.73863041 71.31266087
v 10.04884928 55.54527184 71.31266087
v 9.98161920 55.43330545 71.31266087
v 9.90665470 55.34025006 71.31266087
v 9.82087196 55.26204904 71.31266087
v 9.72008593 55.19343214 71.31266087
v 9.57712097 55.12129577 71.31266087
v 9.29341768 55.02374969 71.31266087
v 56.60732451 43.52294978 59.22244391
v 55.35913113 43.77556573 60.39084078
v 57.91859622 43.44682962 57.94068745
v 59.04251937 43.52043163 56.79496419
v 60.21708357 43.77086541 55.54808634
v 61.33713323 44.17571677 54.30877588
v 62.40683838 44.75546240 53.07611114
v 63.37806045 45.46080386 51.91250816
v 63.62607041 45.81572853 51.60823785
v 63.55817556 45.67251717 51.69183311
v 63.51919376 45.60863116 51.73972434
v 63.47510708 45.55360202 51.79379810
v 68.77082868 60.57225121 44.52258048
v 68.82255892 60.77866801 44.44257457
v 68.83791648 60.99364023 44.41878324
v 68.76204093 62.65886090 44.53615135
v 68.65583426 63.74979133 44.69970327
v 68.06252533 63.74974078 45.59802294
v 68.18268238 62.55124198 45.41815577
v 68.25303603 61.04343106 45.31236170
v 63.05836477 46.36995509 52.30037938
v 62.15436506 45.71503009 53.37154630
v 61.14750976 45.16935756 54.52218907
v 60.09190235 44.78666230 55.68348339
v 58.98890689 44.54932061 56.85064568
v 57.91862581 44.47914126 57.94065787
v 56.70154821 44.54680220 59.13223724
v 55.52995547 44.78213036 60.23380360
v 54.36731844 45.16180492 61.28524892
v 53.21097531 45.70613516 62.29188676
v 52.12998085 46.36340982 63.19930496
v 45.11798070 61.04363597 68.38168518
v 45.22072949 62.52275057 68.31378100
v 45.41587085 63.74977726 68.18420437
v 44.51480251 63.74982522 68.77586356
v 44.34312025 62.68473854 68.88668040
v 44.22272561 60.99434595 68.96403113
v 44.24599083 60.77870265 68.94910692
v 44.30379715 60.62464556 68.91197725
v 51.43487343 45.81206740 63.76629866
v 51.74381985 45.45251154 63.51585753
v 51.62329783 45.54653351 63.61384955
v 51.56839539 45.60228271 63.65836667
v 51.51976625 45.66699963 63.69773138
v 52.88011289 44.76519910 62.57300305
v 54.11455956 44.18360671 61.50854814
v 54.58526632 8.79445229 61.09120846
v 54.44484387 8.70234907 61.21638410
v 54.37395439 8.64137722 61.27936142
v 54.32954035 8.59138999 61.31874248
v 54.27165572 8.50583268 61.36998084
v 54.22587474 8.41524994 61.41043526
v 54.17689063 8.28486531 61.45365534
v 54.13253987 8.12617914 61.49272459
v 54.06804709 7.82287144 61.54943813
v 60.86250152 8.79447084 54.84015826
v 61.32588696 7.82268714 54.32147493
v 61.30888662 8.03103936 54.34066284
v 61.29119660 8.14084997 54.36061323
v 61.27268484 8.21347198 54.38147802
v 61.23565233 8.31473711 54.42317449
v 61.19184306 8.40224518 54.47242783
v 61.12378226 8.50658711 54.54878621
v 61.03618120 8.61438440 54.64678979
v 61.35105271 0.25051880 54.29305095
v 61.52623706 0.25051507 54.09444707
v 61.50145431 7.82922985 54.12262159
v 61.15372804 8.79446811 54.51521436
v 61.25220109 8.67781124 54.40454621
v 61.30348164 8.59563294 54.34675886
v 61.35041003 8.49348622 54.29377853
v 61.39721656 8.35495226 54.24084127
v 61.45690122 8.09597771 54.17321497
v 63.72888047 8.79444209 51.48122808
v 64.35966783 7.81750506 50.69043507
v 64.30878028 8.14941005 50.75497881
v 64.28045422 8.26925265 50.79084866
v 64.24663949 8.37087960 50.83361451
v 64.21733745 8.43475212 50.87062629
v 64.18618303 8.48753655 50.90992984
v 64.12743534 8.56128817 50.98390648
v 64.05789516 8.62414472 51.07124810
v 63.98398999 8.67444243 51.16381503
v 63.85769440 8.73993943 51.32135750
v 64.44645467 0.25045075 50.58005072
v 64.60993160 0.25044701 50.37106102
v 64.52322728 7.83086343 50.48207792
v 63.73424567 9.05224073 51.47458575
v 63.99402026 8.95048088 51.15126947
v 64.08829302 8.89666979 51.03309726
v 64.17799983 8.82612216 50.92023140
v 64.23965754 8.75942401 50.84243210
v 64.29376945 8.67994824 50.77399242
v 64.33923852 8.58966844 50.71637040
v 64.38565755 8.46678511 50.65742930
v 64.42729284 8.32087328 50.60445689
v 64.47965991 8.07822399 50.53771690
v 51.21933840 9.05221057 63.93955290
v 57.11261636 9.05225260 58.73466880
v 60.53233811 9.05225644 55.20392884
v 50.22333110 7.83082702 64.72483344
v 50.31568958 8.24135155 64.65306251
v 50.36255230 8.39033892 64.61656838
v 50.42228114 8.53168121 64.56997583
v 50.47773988 8.62835083 64.52662488
v 50.54306495 8.71259505 64.47546500
v 50.61635783 8.78257095 64.41793606
v 50.71511744 8.85293372 64.34021046
v 50.83165434 8.91493303 64.24818964
v 51.02423446 8.99087577 64.09535338
v 50.11210342 0.25041757 64.81098781
v 50.32172010 0.25042115 64.64836839
v 50.43249826 7.82613273 64.56198703
v 51.22639889 8.79441088 63.93389639
v 50.96744016 8.72238339 64.14052586
v 50.87328866 8.68047668 64.21522775
v 50.79324888 8.62894954 64.27855722
v 50.74269814 8.58367016 64.31847026
v 50.70041306 8.53557133 64.35180775
v 50.64011308 8.44488299 64.39927253
v 50.58720122 8.33720500 64.44084631
v 50.54340487 8.22250477 64.47519947
v 50.48391505 8.02620055 64.52179130
v 54.24439128 8.79444777 61.39408005
v 53.86849889 7.82903687 61.72415960
v 53.87799858 7.99589340 61.71586767
v 53.89625561 8.10299124 61.69992449
v 53.92887373 8.21886560 61.67141634
v 53.98456773 8.35766628 61.62267032
v 54.10722462 8.58330089 61.51499080
v 53.84800381 0.25048289 61.74204026
v 54.04737121 0.25048647 61.56759469
v 39.78495765 54.62559431 71.31266087
v 39.78495588 54.11066068 71.31266087
v 37.66232033 57.68794600 71.31266087
v 37.53162876 57.86870546 71.31266087
v 37.38473214 58.02848451 71.31266087
v 37.03646243 58.27503082 71.31266087
v 36.84233051 58.35844151 71.31266087
v 36.64716575 58.40845210 71.31266087
v 36.43648623 58.42355162 71.31266087
v 36.21304948 58.42304168 71.31266087
v 31.74605452 58.08052078 71.31266087
v 30.88161857 58.14797630 71.31266087
v 30.12026903 58.47642647 71.31266087
v 29.52545040 59.02693058 71.31266087
v 29.18061025 59.71120637 71.31266087
v 29.08300120 60.30132800 71.31266087
v 29.15910413 62.59116632 71.31266087
v 29.27906693 63.74974231 71.31266087
v 29.54500143 63.74974459 71.31266087
v 29.42322294 62.57388106 71.31266087
v 29.34608805 60.31744451 71.31266087
v 29.43852283 59.77196807 71.31266087
v 29.75129228 59.16305165 71.31266087
v 30.28404238 58.68018587 71.31266087
v 30.96608433 58.39319083 71.31266087
v 31.74535261 58.33765096 71.31266087
v 36.18773681 58.67935295 71.31266087
v 39.78495765 59.64398345 71.31266087
v 39.78495765 59.38045568 71.31266087
v 36.87169171 58.61555158 71.31266087
v 36.93196890 58.60013294 71.31266087
v 37.16713046 58.49792475 71.31266087
v 37.56505192 58.21579741 71.31266087
v 37.73919083 58.02832579 71.31266087
v 37.88574693 57.82641942 71.31266087
v 40.80215639 52.37988776 71.04133363
v 40.48029354 52.95662692 71.19056151
v 40.13838090 53.53392089 71.28176287
v 40.80215793 52.89477361 71.04133275
v 40.48029462 53.47152833 71.19056107
v 40.13838206 54.04883823 71.28176272
v 40.07147824 59.71821425 71.29223978
v 40.35227706 59.79272834 71.23191609
v 40.58291813 59.85617922 71.15013511
v 40.80215793 59.91939207 71.04133275
v 40.07147674 59.45313599 71.29223940
v 40.35227702 59.52609434 71.23191512
v 40.58291922 59.58822034 71.15013413
v 40.80215793 59.65011258 71.04133275
v 71.04133363 53.48833999 40.80215639
v 71.04133275 52.96942405 40.80215793
v 67.19585535 41.36930144 46.86580922
v 67.12221233 41.13213938 46.97122164
v 67.08681573 40.91025027 47.02176310
v 67.06346154 40.67107294 47.05506537
v 67.05237187 40.42148899 47.07086654
v 67.06603177 40.16972255 47.05140203
v 67.07788185 40.09761226 47.03450666
v 64.61163993 44.20498474 50.36886970
v 70.03029337 60.09009496 42.51405721
v 71.04133363 59.56313457 40.80215639
v 71.04133363 59.82877510 40.80215639
v 70.05613243 60.35063873 42.47146523
v 70.06432201 60.43331874 42.45795369
v 70.07470530 60.64328244 42.44081440
v 69.99297080 62.93234013 42.57547520
v 69.91840620 63.74990250 42.69781639
v 69.77804800 63.74988988 42.92681058
v 69.85592692 62.90061076 42.79995940
v 69.92731042 61.18525014 42.68323216
v 69.93701298 61.00750864 42.66733254
v 69.93735683 60.65555275 42.66676891
v 69.92817775 60.47042888 42.68181119
v 69.90333397 60.19534601 42.72248765
v 64.48642534 44.34908145 50.52908070
v 64.23428101 43.98654002 50.84923001
v 64.04716405 43.80275250 51.08471226
v 63.04187692 43.04645746 52.32025234
v 61.96187335 42.44070831 53.59489995
v 60.84187571 41.98634256 54.86304048
v 59.65654064 41.66441203 56.14965903
v 58.42995445 41.51267646 57.42497255
v 57.17758544 41.51217274 58.67206126
v 55.89830952 41.66256691 59.89212004
v 54.61916688 41.98399494 61.06090124
v 53.33274458 42.43718643 62.18766281
v 52.06893470 43.04142383 63.24960940
v 50.82499146 43.79973320 64.25346133
v 50.57598411 43.97999586 64.44964610
v 50.19938186 44.35675397 64.74340979
v 42.45816189 60.31870375 70.06419584
v 42.41149724 60.46841115 70.09245289
v 42.36124093 60.99441054 70.12283735
v 42.49370314 62.88906628 70.04264589
v 42.62188958 63.74992468 69.96471667
v 42.39238365 63.74993664 70.10401457
v 42.26867523 62.92062719 70.17867300
v 42.13530365 60.99304903 70.25883031
v 42.19098283 60.41468470 70.22540863
v 42.20632253 60.35594276 70.21619036
v 42.27361917 60.09814955 70.17569503
v 50.06726632 44.16166142 64.84563126
v 46.74085712 40.09601796 67.28283084
v 46.76246403 40.19305322 67.26781555
v 46.77859774 40.43206359 67.25659703
v 46.77718005 40.68164788 67.25758305
v 46.74008808 40.93307789 67.28336508
v 46.67266131 41.15144212 67.33015474
v 46.58759579 41.37215590 67.38904190
v 46.39362872 41.25449409 67.52272406
v 46.53027807 40.86778322 67.42863096
v 46.56093239 40.66049613 67.40746713
v 46.56121824 40.44263438 67.40726968
v 46.54901735 40.23752859 67.41569575
v 46.50643784 40.04769615 67.44507610
v 46.33875630 39.64889574 67.56039309
v 44.20927846 36.05198426 68.97265218
v 43.94522807 35.40478314 69.14118874
v 43.83353644 34.60585387 69.21205194
v 43.95252184 33.86113788 69.13655237
v 44.26219461 33.21208493 68.93870595
v 44.78285734 32.70519588 68.60162344
v 46.49682186 31.61605579 67.45170574
v 48.24184792 30.68015728 66.21488623
v 50.00462856 29.87752593 64.89394558
v 51.77531606 29.24725982 63.49018583
v 53.52051439 28.76990430 62.02613634
v 55.26845723 28.44529243 60.47383472
v 56.97255650 28.27375528 58.87117169
v 58.62856690 28.27409099 57.22218270
v 60.25125159 28.44629988 55.51102352
v 61.79798692 28.77141558 53.78378810
v 63.28159798 29.24944208 52.03005292
v 64.68101824 29.88071459 50.27974671
v 66.02023595 30.68351393 48.50789106
v 67.25336136 31.62008327 46.78324952
v 68.42682585 32.71744719 45.04949005
v 68.68394680 33.07915095 44.65649451
v 68.92278754 33.71863650 44.28697785
v 69.01989401 34.50531651 44.13548777
v 68.97651025 35.30541999 44.20325875
v 68.77323175 36.07044631 44.51886841
v 67.36189927 39.63731440 46.62683323
v 67.24570785 40.02822594 46.79424992
v 67.21477596 40.21419790 46.83866931
v 67.20373716 40.42148561 46.85450632
v 67.21399026 40.63917919 46.83979680
v 67.23468294 40.85502624 46.81008930
v 67.26166271 41.03663295 46.77131364
v 64.33211822 43.78025716 50.72539419
v 64.48947224 43.99490758 50.52519194
v 67.23805986 39.49095714 46.80523856
v 68.64891737 35.94070583 44.71032537
v 68.83509451 35.25725095 44.42315628
v 68.87514033 34.51975259 44.36104253
v 68.79517541 33.83965200 44.48495129
v 68.58495322 33.26814327 44.80838362
v 68.34697456 32.93195178 45.17054481
v 67.18615514 31.85086873 46.87971424
v 65.96029956 30.92168453 48.58936028
v 64.62990094 30.12543234 50.34543628
v 63.24059984 29.49936309 52.07987694
v 61.76739630 29.02502940 53.81891679
v 60.23159052 28.70243137 55.53235592
v 58.62157530 28.53156524 57.22934527
v 56.97974684 28.53122962 58.86421239
v 55.28961017 28.70142403 60.45449576
v 53.55577240 29.02351822 61.99569576
v 51.82530708 29.49718092 63.44938610
v 50.07053037 30.12207570 64.84311096
v 48.32326359 30.91832798 66.15549294
v 46.59332052 31.84684136 67.38508391
v 44.90654618 32.91785429 68.52072066
v 44.44658018 33.35945200 68.81997211
v 44.16915393 33.92894687 68.99835426
v 44.06030721 34.60954805 69.06791135
v 44.15431225 35.31196799 69.00785289
v 44.40188477 35.92375431 68.84881756
v 46.50926484 39.48799877 67.44312667
v 50.24781769 43.96685844 64.70582561
v 50.45744797 43.76800653 64.54248984
v 50.58549275 43.66931514 64.44218318
v 51.98817839 42.80492954 63.31600397
v 53.27091944 42.19213333 62.24063136
v 54.57463181 41.73306728 61.10070877
v 55.87154521 41.40761157 59.91708843
v 57.16917901 41.25486750 58.68025240
v 58.43817095 41.25537124 57.41661106
v 59.68138413 41.40928885 56.12325221
v 60.88186235 41.73541462 54.81866367
v 62.01510307 42.19565507 53.53329844
v 63.10836288 42.80979514 52.24003814
v 64.12696889 43.57767127 50.98449677
v 71.31266087 54.70510592 39.78495765
v 71.28176257 54.12673056 40.13838480
v 71.19056078 53.54780077 40.48029638
v 71.31266087 55.22282252 39.78495588
v 71.28176267 54.64484737 40.13838350
v 71.19056111 54.06631723 40.48029537
v 71.16632532 59.75420887 40.54352881
v 71.25386550 59.67935873 40.26999010
v 71.29781815 59.61562204 40.02925890
v 71.31266087 59.55212466 39.78495588
v 71.16632452 59.48972601 40.54352964
v 71.25386486 59.41603743 40.26998976
v 71.29781792 59.35328996 40.02925782
v 71.31266087 59.29077860 39.78495588
v 71.31266087 58.67876707 36.54271712
v 71.31266087 58.33765475 32.08233892
v 71.31266087 58.37472921 31.37961594
v 71.31266087 58.64376602 30.71619463
v 71.31266087 59.09239277 30.18172253
v 71.31266087 59.66388060 29.83309548
v 71.31266087 60.34564201 29.70065709
v 71.31266087 62.58243901 29.78089298
v 71.31266087 63.74974250 29.89174753
v 71.31266087 63.74974034 29.62624989
v 71.31266087 62.59871735 29.51677416
v 71.31266087 60.32616884 29.43825997
v 71.31266087 59.55176045 29.59346005
v 71.31266087 58.91078787 29.99243222
v 71.31266087 58.41365654 30.59483359
v 71.31266087 58.11843803 31.34273383
v 71.31266087 58.08035682 32.08579909
v 71.31266087 58.42337928 36.58037802
v 71.31266087 58.42304934 36.78485022
v 71.31266087 58.40442544 37.00863261
v 71.31266087 58.35072257 37.22207135
v 71.31266087 58.26328301 37.41447651
v 71.31266087 58.01237218 37.75929607
v 71.31266087 57.85712469 37.89826263
v 71.31266087 57.67871523 38.02550782
v 71.31266087 57.81701910 38.24892714
v 71.31266087 58.01674370 38.10581947
v 71.31266087 58.19985176 37.93961154
v 71.31266087 58.48617541 37.54513802
v 71.31266087 58.59308326 37.30894175
v 71.31266087 58.61309622 37.22946383
v 24.46057029 63.74970099 71.31266087
v 24.41804954 63.38400217 71.31266087
v 24.28641827 61.22205305 71.31266087
v 24.30338672 59.04852516 71.31266087
v 24.43447478 56.93777114 71.31266087
v 24.57275554 56.43979260 71.31266087
v 24.64137531 56.32113063 71.31266087
v 39.78495765 30.77900019 71.31266087
v 39.78495765 29.25559191 71.31266087
v 39.47250354 29.46433051 71.31266087
v 39.01666525 30.01183312 71.31266087
v 23.58385818 56.04939101 71.31266087
v 23.38040162 56.82312924 71.31266087
v 23.24517380 59.01377478 71.31266087
v 23.22717892 61.24873119 71.31266087
v 23.36329755 63.47294836 71.31266087
v 23.39548812 63.74969185 71.31266087
v 40.35666384 30.09625008 71.23102234
v 40.56099914 29.96229614 71.15947543
v 40.68376080 29.87743499 71.10425337
v 40.80215793 29.79177100 71.04133275
v 40.26335947 30.16523319 71.25585038
v 39.91173425 30.56620875 71.30872626
v 40.80215793 28.56949877 71.04133275
v 40.51368601 28.77510741 71.17802808
v 40.20780663 28.98127795 71.26815373
v 39.99766437 29.11862167 71.30144583
v 71.04133363 28.76054266 40.80215639
v 70.47373596 28.02977174 41.77486792
v 71.04133363 29.99981795 40.80215639
v 70.18701790 28.90523231 42.25481711
v 69.16743330 27.81558975 43.90390895
v 68.08141643 26.83990937 45.56981223
v 66.92774224 25.97783721 47.24790332
v 65.70179996 25.22957522 48.93833398
v 64.40302324 24.59544694 50.63533991
v 63.03881434 24.09106193 52.32394230
v 61.61866887 23.71626420 53.98913499
v 60.13435231 23.45476842 55.63763765
v 58.60188350 23.34114344 57.24950917
v 57.02716323 23.34047241 58.81827696
v 55.40137658 23.45476731 60.35208798
v 53.75576280 23.71223348 61.82236663
v 52.08752641 24.08468129 63.23429958
v 50.39515116 24.58688519 64.59114328
v 48.70236221 25.22067864 65.87690768
v 46.99517249 25.96692812 67.10544548
v 45.31178123 26.82732367 68.25342139
v 43.64195398 27.80065282 69.33301452
v 42.00431533 28.88777817 70.33722019
v 41.52196310 28.01332427 70.62303895
v 43.21293933 26.89481211 69.60121353
v 44.93598055 25.89394798 68.50142117
v 46.67296518 25.00954998 67.32994409
v 48.43046905 24.24332417 66.07705137
v 50.17512393 23.59241022 64.76221112
v 51.92171298 23.07526675 63.37051974
v 53.63873888 22.69240961 61.92392705
v 55.32119940 22.42890272 60.42559017
v 57.00711916 22.30990843 58.83770403
v 58.62119257 22.31057963 57.22973731
v 60.18428312 22.42588293 55.58362273
v 61.72110598 22.69644011 53.87199761
v 63.17564480 23.08164694 52.15865177
v 64.57427888 23.60063660 50.41675870
v 65.90294773 24.25238889 48.66711960
v 67.15400353 25.02096154 46.92575902
v 68.33080194 25.90653407 45.19500587
v 69.43634918 26.90874238 43.47735574
v 71.24985224 30.52055702 40.28760277
v 71.31266087 31.34769941 39.78495588
v 71.23652862 30.43562909 40.33742934
v 71.09862656 30.07829236 40.69517045
v 71.29343711 29.24865220 40.06457263
v 71.24085687 29.08758239 40.32153498
v 71.15626985 28.92472630 40.56861345
v 71.31266087 29.50951434 39.78495588
v 71.31266087 63.74969228 23.71564704
v 71.31266087 63.50064246 23.68648580
v 71.31266087 61.26232649 23.56519811
v 71.31266087 59.04079718 23.58146712
v 71.31266087 56.55122968 23.74325141
v 71.31266087 55.83858561 24.04187286
v 71.31266087 29.80890971 39.46950071
v 71.31266087 56.32213739 24.97801254
v 71.31266087 56.79460399 24.78387388
v 71.31266087 56.90067843 24.77421656
v 71.31266087 59.07571508 24.63968010
v 71.31266087 61.23917303 24.62374229
v 71.31266087 63.41555612 24.74158266
v 71.31266087 63.74970094 24.78071585
v 39.78495765 23.01971534 71.31266087
v 38.67905061 23.64694779 71.31266087
v 36.31778855 25.19848778 71.31266087
v 35.79988657 25.81379505 71.31266087
v 18.02211847 55.80531339 71.31266087
v 17.81452818 56.53843361 71.31266087
v 17.65413512 59.09581377 71.31266087
v 17.63407963 61.63406232 71.31266087
v 17.76372269 63.74966451 71.31266087
v 18.02882166 63.74966549 71.31266087
v 17.89854419 61.62734968 71.31266087
v 17.91859934 59.10454244 71.31266087
v 18.07451206 56.57972392 71.31266087
v 18.26589773 55.90148627 71.31266087
v 18.37486144 55.71938134 71.31266087
v 36.02987853 25.94202207 71.31266087
v 36.50123141 25.38243821 71.31266087
v 36.65156863 25.27233345 71.31266087
v 38.81904743 23.86564159 71.31266087
v 39.78495765 23.31784144 71.31266087
v 40.80215639 22.73539671 71.04133363
v 40.80215793 22.43723960 71.04133275
v 40.10315134 23.14331096 71.28751308
v 40.41332662 22.96825979 71.21330941
v 40.61215141 22.85165501 71.13752176
v 40.51371118 22.61178062 71.17800026
v 40.20778510 22.78684133 71.26813556
v 39.99762766 22.90345185 71.30143977
v 71.04133363 22.62624233 40.80215639
v 70.81471393 22.37148144 41.19421490
v 71.04133363 22.92375504 40.80215639
v 70.75133652 22.59823309 41.30297122
v 69.55233226 21.45921145 43.29157109
v 68.26448354 20.45328714 45.29511383
v 66.88661580 19.57995238 47.30610614
v 65.41401985 18.83973354 49.32233832
v 63.85509419 18.25107872 51.32459446
v 62.22328117 17.81432836 53.29118436
v 60.51848741 17.51054330 55.21955932
v 58.72437060 17.37765346 57.12385970
v 56.88608661 17.37748598 58.95473010
v 54.99079436 17.50987261 60.72643235
v 53.03956834 17.81332105 62.43789907
v 51.06701592 18.24956916 64.06127485
v 49.05884541 18.83755163 65.61186430
v 47.05210448 19.57760122 67.06553895
v 45.01904101 20.45043650 68.44686258
v 43.01027147 21.45619335 69.72663478
v 41.01726911 22.59454408 70.91735109
v 40.90799552 22.36796016 70.98044063
v 42.91441885 21.22289548 69.78566977
v 44.93678289 20.21126388 68.50089484
v 46.98293452 19.33338941 67.11401429
v 49.00295975 18.58897402 65.65361365
v 51.02515706 17.99729882 64.09462066
v 53.01013738 17.55836439 62.46288806
v 54.97389956 17.25306975 60.74172715
v 56.88112348 17.11985093 58.95951867
v 58.72918692 17.12001864 57.11890802
v 60.53384772 17.25390817 55.20272031
v 62.24839390 17.55953944 53.26184851
v 63.88860744 17.99880823 51.28287131
v 65.45578942 18.59098794 49.26689234
v 66.93536371 19.33557131 47.23710549
v 68.31903087 20.21411463 45.21279765
v 69.61176000 21.22591369 43.19594796
v 71.31266087 23.50135330 39.78495765
v 71.31266087 23.20390066 39.78495588
v 71.17799960 23.09683290 40.51371075
v 71.26813498 23.27042879 40.20778281
v 71.30143956 23.38606360 39.99762516
v 71.28751277 23.03080442 40.10314807
v 71.21330853 22.85719039 40.41332593
v 71.13752095 22.74154369 40.61215212
v 71.31266087 23.87000428 39.12947913
v 71.31266087 25.27417765 36.96648251
v 71.31266087 25.75907279 36.47202612
v 71.31266087 25.91466230 36.38341047
v 71.31266087 55.76100692 18.68805047
v 71.31266087 56.39292051 18.42942874
v 71.31266087 56.58375379 18.41183868
v 71.31266087 59.11125667 18.25557898
v 71.31266087 61.63607800 18.23621485
v 71.31266087 63.74966603 18.34966418
v 71.31266087 63.74966512 18.08477089
v 71.31266087 61.64178367 17.97175028
v 71.31266087 59.10252807 17.99111472
v 71.31266087 56.31487344 18.17634211
v 71.31266087 55.64872073 18.45013617
v 71.31266087 25.60248060 36.25824006
v 71.31266087 25.07579279 36.79924574
v 71.31266087 23.65114264 38.98982717
v 71.31266087 0.58423510 37.72691115
v 71.31266087 0.25009465 37.68773915
v 71.31266087 0.25007072 38.75280135
v 71.31266087 0.49911729 38.78199151
v 71.31266087 2.73740840 38.90353837
v 71.31266087 4.95891875 38.88750883
v 71.31266087 7.44847310 38.72598195
v 71.31266087 8.16112844 38.42741022
v 71.31266087 34.19104968 23.00065685
v 71.31266087 34.75129480 22.41033460
v 71.31266087 35.97013733 20.53213334
v 71.31266087 37.09112803 18.54083301
v 71.31266087 38.09328519 16.50125892
v 71.31266087 38.97879647 14.40962221
v 71.31266087 39.74732431 12.26626449
v 71.31266087 40.39903778 10.07256198
v 71.31266087 40.91799199 7.84127623
v 71.31266087 41.30318001 5.59413526
v 71.31266087 41.57373459 3.29665180
v 71.31266087 41.68903894 1.02951193
v 71.31266087 41.68971048 -1.24831918
v 71.31266087 41.57071417 -3.56166433
v 71.31266087 41.30720922 -5.81190902
v 71.31266087 40.92437138 -8.05663686
v 71.31266087 40.40726360 -10.28723225
v 71.31266087 39.75639042 -12.46886433
v 71.31266087 38.99021267 -14.62670401
v 71.31266087 38.10587653 -16.72006463
v 71.31266087 37.10506326 -18.76101958
v 71.31266087 35.98658917 -20.73473416
v 71.31266087 34.53562556 -22.90671723
v 71.31266087 33.98813573 -23.36256246
v 71.31266087 7.95029254 -38.79447482
v 71.31266087 7.17654684 -38.99787246
v 71.31266087 4.98591517 -39.13285934
v 71.31266087 2.75097688 -39.15061078
v 71.31266087 0.52678387 -39.01423762
v 71.31266087 0.25004396 -38.98201456
v 71.31266087 0.25006894 -37.91693875
v 71.31266087 0.61576303 -37.95950244
v 71.31266087 2.77768805 -38.09138824
v 71.31266087 4.95119741 -38.07466630
v 71.31266087 7.06194240 -37.94378702
v 71.31266087 7.55992647 -37.80554180
v 71.31266087 7.67859105 -37.73693024
v 71.31266087 33.43376180 -22.46812073
v 71.31266087 33.83472844 -22.12744369
v 71.31266087 33.90371008 -22.03641277
v 71.31266087 35.11214699 -20.17441762
v 71.31266087 36.19923621 -18.25587377
v 71.31266087 37.17252613 -16.27043591
v 71.31266087 38.03286149 -14.23396947
v 71.31266087 38.77906771 -12.13164195
v 71.31266087 39.41282266 -10.00896999
v 71.31266087 39.91499293 -7.84216492
v 71.31266087 40.28742483 -5.65708960
v 71.31266087 40.54488762 -3.45304975
v 71.31266087 40.65918453 -1.22039043
v 71.31266087 40.65851299 1.00192777
v 71.31266087 40.54488701 3.22320762
v 71.31266087 40.28339567 5.43862578
v 71.31266087 39.90861376 7.62680540
v 71.31266087 39.40426133 9.79533480
v 71.31266087 38.77017054 11.92904043
v 71.31266087 38.02194983 14.01585176
v 71.31266087 37.15993516 16.05163035
v 71.31266087 36.18429505 18.03741171
v 71.31266087 35.09468858 19.97354089
v 71.31266087 33.92166594 21.77898643
v 71.31266087 33.56433762 22.14621380
v 71.31266087 33.47941123 22.19483282
v 71.31266087 7.67760925 37.49122899
v 71.31266087 7.20513531 37.68533466
v 71.31266087 7.09906042 37.69498435
v 71.31266087 4.92403213 37.82931577
v 71.31266087 2.76059389 37.84500511
v 71.31266087 0.25018819 -32.83253802
v 71.31266087 1.42603701 -32.95445464
v 71.31266087 3.68246763 -33.03181139
v 71.31266087 4.22794896 -32.93942812
v 71.31266087 4.83688006 -32.62671436
v 71.31266087 5.31977005 -32.09400598
v 71.31266087 5.60679435 -31.41198646
v 71.31266087 5.66236100 -30.63272553
v 71.31266087 5.32084750 -26.19036204
v 71.31266087 3.64453036 -19.93821043
v 71.31266087 3.58578625 -19.95608175
v 71.31266087 3.00740849 -20.02089165
v 71.31266087 1.07976330 -19.86499791
v 71.31266087 0.25032218 -19.72000073
v 71.31266087 0.25032322 -19.45180627
v 71.31266087 1.11131828 -19.60225817
v 71.31266087 3.00606678 -19.75746158
v 71.31266087 3.53207849 -19.69885654
v 71.31266087 3.68179225 -19.64438085
v 71.31266087 19.64371789 -10.25651522
v 71.31266087 20.02046666 -9.77964303
v 71.31266087 20.20072573 -9.46310827
v 71.31266087 20.95902232 -7.86629444
v 71.31266087 21.56324182 -6.21568126
v 71.31266087 22.01640603 -4.50713837
v 71.31266087 22.33781659 -2.77687135
v 71.31266087 22.48820013 -1.01074373
v 71.31266087 22.48769677 0.75642065
v 71.31266087 22.33597075 2.52392809
v 71.31266087 22.01405687 4.27074626
v 71.31266087 21.55971761 5.96101394
v 71.31266087 20.95398760 7.63162638
v 71.31266087 20.19770563 9.22292489
v 71.31266087 20.01392204 9.52325351
v 71.31266087 19.65139027 9.93012738
v 71.31266087 3.80516098 19.42627394
v 71.31266087 3.53007065 19.47385079
v 71.31266087 3.34494279 19.49143170
v 71.31266087 2.99298179 19.49073432
v 71.31266087 2.81523903 19.47211099
v 71.31266087 1.09974431 19.33484121
v 71.31266087 0.25033038 19.18567862
v 71.31266087 0.25032948 19.45392606
v 71.31266087 1.06802162 19.59758100
v 71.31266087 3.35719424 19.75555167
v 71.31266087 3.56716246 19.73555769
v 71.31266087 3.64984482 19.71978474
v 71.31266087 5.32144646 25.92633047
v 71.31266087 5.66237652 30.38668385
v 71.31266087 5.62527354 31.08939890
v 71.31266087 5.35621543 31.75279586
v 71.31266087 4.90756503 32.28722988
v 71.31266087 4.33606135 32.63580566
v 71.31266087 3.65429321 32.76818053
v 71.31266087 1.41749849 32.68772948
v 71.31266087 0.25020949 32.57673921
v 71.31266087 0.25020353 32.84223520
v 71.31266087 1.40121223 32.95184476
v 71.31266087 3.67375514 33.03058167
v 71.31266087 4.44817137 32.87545371
v 71.31266087 5.08916207 32.47653897
v 71.31266087 5.58632003 31.87417972
v 71.31266087 5.88156359 31.12630557
v 71.31266087 5.91967420 30.38324813
v 71.31266087 5.57683639 25.88869209
v 71.31266087 5.57717372 25.68422463
v 71.31266087 5.59580579 25.46044896
v 71.31266087 5.64951617 25.24701653
v 71.31266087 5.73696209 25.05461636
v 71.31266087 5.98788513 24.70981584
v 71.31266087 6.14313801 24.57086275
v 71.31266087 6.32155272 24.44363378
v 71.31266087 22.96367336 14.59787453
v 71.31266087 23.14527461 14.55063648
v 71.31266087 23.36111486 14.51443266
v 71.31266087 23.57880129 14.49650389
v 71.31266087 23.78608167 14.51581477
v 71.31266087 23.97204650 14.56995153
v 71.31266087 24.36294169 14.77373814
v 71.31266087 27.92966981 17.30813216
v 71.31266087 28.69467758 17.68294620
v 71.31266087 29.49476270 17.76328772
v 71.31266087 30.28142077 17.58363971
v 71.31266087 30.92088466 17.14434723
v 71.31266087 31.28257608 16.67540181
v 71.31266087 32.37990241 14.58342251
v 71.31266087 33.31643965 12.46385817
v 71.31266087 34.11920851 10.24601951
v 71.31266087 34.75044654 8.00783777
v 71.31266087 35.22844853 5.71103882
v 71.31266087 35.55355009 3.39527530
v 71.31266087 35.72575181 1.04020262
v 71.31266087 35.72608767 -1.29624944
v 71.31266087 35.55455748 -3.63304633
v 71.31266087 35.22995948 -5.96811837
v 71.31266087 34.75262911 -8.24560707
v 71.31266087 34.12239846 -10.50240882
v 71.31266087 33.31979844 -12.70231931
v 71.31266087 32.38393207 -14.84084930
v 71.31266087 31.29482869 -16.90282997
v 71.31266087 30.78795683 -17.52211423
v 71.31266087 30.13892601 -17.88899592
v 71.31266087 29.39422731 -18.02967983
v 71.31266087 28.59531680 -17.89761613
v 71.31266087 27.94813180 -17.58486961
v 71.31266087 24.35135988 -15.03254467
v 71.31266087 23.95257622 -14.82910271
v 71.31266087 23.76275107 -14.77737956
v 71.31266087 23.55765255 -14.76255120
v 71.31266087 23.33979828 -14.76289450
v 71.31266087 23.13251776 -14.80013276
v 71.31266087 22.74581770 -14.96598471
v 71.31266087 6.31231137 -24.71588156
v 71.31266087 6.13154680 -24.84655841
v 71.31266087 5.97176210 -24.99344180
v 71.31266087 5.72520268 -25.34169025
v 71.31266087 5.64178449 -25.53581103
v 71.31266087 5.59176643 -25.73096697
v 71.31266087 5.57665897 -25.94164031
v 71.31266087 5.57716052 -26.16507192
v 71.31266087 5.91949089 -30.63204827
v 71.31266087 5.85200636 -31.49647594
v 71.31266087 5.52352253 -32.25780028
v 71.31266087 4.97299139 -32.85257123
v 71.31266087 4.28869938 -33.19734874
v 71.31266087 3.69857257 -33.29490205
v 71.31266087 1.40874345 -33.21856983
v 71.31266087 0.25018196 -33.09847092
v 71.31266087 5.38467472 -25.50642848
v 71.31266087 3.90233309 -19.85978090
v 71.31266087 5.40009556 -25.44615339
v 71.31266087 5.50231219 -25.21100186
v 71.31266087 5.78445404 -24.81310215
v 71.31266087 5.97193253 -24.63897976
v 71.31266087 6.17384505 -24.49244238
v 71.31266087 22.62816346 -14.73047718
v 71.31266087 22.84887119 -14.62703508
v 71.31266087 23.06722914 -14.54497131
v 71.31266087 23.31865119 -14.49980267
v 71.31266087 23.56822692 -14.49808035
v 71.31266087 23.80722879 -14.51773632
v 71.31266087 23.90426032 -14.54405047
v 71.31266087 19.83880139 -10.42329599
v 71.31266087 22.86817383 14.35409169
v 71.31266087 23.09005632 14.29237181
v 71.31266087 22.63101791 14.48270503
v 71.31266087 6.18325415 24.22019457
v 71.31266087 5.98352366 24.36328409
v 71.31266087 5.80040916 24.52947619
v 71.31266087 5.51407155 24.92392800
v 71.31266087 5.40715591 25.16011819
v 71.31266087 5.38714043 25.23959550
v 71.31266087 3.91039599 19.67005254
v 71.31266087 19.79547943 10.13313542
v 71.31266087 23.90266691 14.27681763
v 71.31266087 23.83055939 14.25617151
v 71.31266087 23.57880185 14.23237778
v 71.31266087 23.32922611 14.25168558
v 71.31266087 22.26497482 4.33039907
v 71.31266087 21.80476176 6.04239045
v 71.31266087 22.59108465 2.56013368
v 71.31266087 22.74499256 0.76814429
v 71.31266087 22.74549595 -1.02246755
v 71.31266087 22.59276267 -2.81342164
v 71.31266087 22.26732399 -4.56679107
v 71.31266087 21.80828598 -6.29705775
v 71.31266087 21.19550670 -7.97077331
v 71.31266087 20.33113589 -9.76757664
v 71.31266087 20.23244658 -9.92998169
v 71.31266087 20.03359943 -10.19531227
v 71.31266087 24.51225441 -14.82568005
v 71.31266087 28.07636063 -17.35625899
v 71.31266087 28.68813137 -17.65003992
v 71.31266087 29.39053484 -17.76141479
v 71.31266087 30.07111929 -17.63245454
v 71.31266087 30.64059476 -17.30315768
v 71.31266087 31.08217754 -16.75525010
v 71.31266087 32.15315438 -14.72361296
v 71.31266087 33.08163610 -12.60163432
v 71.31266087 33.87785829 -10.41930932
v 71.31266087 34.50271816 -8.18112766
v 71.31266087 34.97635610 -5.92156923
v 71.31266087 35.29843663 -3.60442688
v 71.31266087 35.46862419 -1.28624989
v 71.31266087 35.46828839 1.03020302
v 71.31266087 35.29742937 3.36631089
v 71.31266087 34.97484519 5.66448980
v 71.31266087 34.50053563 7.94335848
v 71.31266087 33.87450054 10.16292018
v 71.31266087 33.07827711 12.36282801
v 71.31266087 32.14912474 14.46584133
v 71.31266087 31.06807872 16.53058042
v 71.31266087 30.73189871 16.96332049
v 71.31266087 30.16040938 17.34847679
v 71.31266087 29.48032862 17.49571230
v 71.31266087 28.74284719 17.42192224
v 71.31266087 28.05940965 17.08021151
v 71.31266087 24.50929722 14.55657212
v 71.31266087 20.00555060 9.93506479
v 71.31266087 20.22019544 9.68083320
v 71.31266087 20.42277698 9.35085100
v 71.31266087 21.19063981 7.73576046
v 71.31266087 0.25033596 -16.14402493
v 71.31266087 1.47755823 -16.37766193
v 71.31266087 2.95690212 -16.50044464
v 71.31266087 17.63716156 -7.78731366
v 71.31266087 18.29441914 -6.37600759
v 71.31266087 18.83872024 -4.84400954
v 71.31266087 19.21837178 -3.27856416
v 71.31266087 19.45368224 -1.67243046
v 71.31266087 19.52133442 0.03031189
v 71.31266087 19.45116507 1.55706665
v 71.31266087 19.21384058 3.16078682
v 71.31266087 18.83116798 4.72795641
v 71.31266087 18.28552422 6.25581686
v 71.31266087 17.63061680 7.65746909
v 71.31266087 2.95707451 16.35853587
v 71.31266087 1.44903030 16.23195959
v 71.31266087 0.25034104 16.01628274
v 71.31266087 0.25033743 17.09097513
v 71.31266087 1.34144116 17.28567761
v 71.31266087 3.00691948 17.42535991
v 71.31266087 3.22192293 17.39709074
v 71.31266087 3.42836676 17.30192945
v 71.31266087 18.18481312 8.55191406
v 71.31266087 18.32835860 8.44404069
v 71.31266087 18.39190075 8.38265493
v 71.31266087 18.44666362 8.31332353
v 71.31266087 18.53972827 8.15976264
v 71.31266087 19.24505665 6.64442342
v 71.31266087 19.82477167 5.01311947
v 71.31266087 20.22959901 3.34492002
v 71.31266087 20.48001496 1.63430814
v 71.31266087 20.55361097 0.03031204
v 71.31266087 20.47749701 -1.80277294
v 71.31266087 20.22489913 -3.51028133
v 71.31266087 19.81688282 -5.18089428
v 71.31266087 19.23532152 -6.81012920
v 71.31266087 18.54802085 -8.28626003
v 71.31266087 18.45372901 -8.44182253
v 71.31266087 18.39824932 -8.51206198
v 71.31266087 18.33388025 -8.57425681
v 71.31266087 18.18847447 -8.68356280
v 71.31266087 3.37599560 -17.47107632
v 71.31266087 3.22191795 -17.53968887
v 71.31266087 3.00624306 -17.56726841
v 71.31266087 1.31558832 -17.42413763
v 71.31266087 0.25033182 -17.22005661
v 71.31266087 54.94713537 -8.95856477
v 71.31266087 54.94713190 8.72217592
v 71.31266087 55.05504822 9.15626310
v 71.31266087 55.13126854 9.35253227
v 71.31266087 55.19433864 9.46688199
v 71.31266087 55.26582942 9.56261178
v 71.31266087 55.34867579 9.64389276
v 71.31266087 55.44686706 9.71614452
v 71.31266087 55.58707767 9.79345447
v 71.31266087 55.86699168 9.90129890
v 71.31266087 56.16850001 9.98899212
v 71.31266087 63.74964583 10.12790182
v 71.31266087 63.74964559 9.86300550
v 71.31266087 56.18186364 9.72433056
v 71.31266087 55.83777322 9.63814734
v 71.31266087 55.69903530 9.58181226
v 71.31266087 55.62927410 9.54254088
v 71.31266087 55.56993829 9.49959303
v 71.31266087 55.52091788 9.45436983
v 71.31266087 55.45043516 9.36841411
v 71.31266087 55.38940968 9.26681844
v 71.31266087 55.33539135 9.14757715
v 71.31266087 55.28484600 9.00363174
v 71.31266087 55.20493290 8.71357495
v 71.31266087 55.20493100 4.73688930
v 71.31266087 55.31908127 4.88324750
v 71.31266087 55.39835615 4.95741543
v 71.31266087 55.49400677 5.02526765
v 71.31266087 55.63110585 5.09717845
v 71.31266087 55.75120286 5.14480099
v 71.31266087 55.89215901 5.18946820
v 71.31266087 56.17017488 5.26029331
v 71.31266087 63.74964149 5.29975959
v 71.31266087 63.74964125 5.03494550
v 71.31266087 56.17672053 4.99550246
v 71.31266087 55.96755967 4.96945783
v 71.31266087 55.84916024 4.94034977
v 71.31266087 55.75760882 4.90257817
v 71.31266087 55.65884512 4.84252135
v 71.31266087 55.56493118 4.76514120
v 71.31266087 55.47273755 4.66926753
v 71.31266087 55.37646215 4.54932171
v 71.31266087 55.20493086 4.30132808
v 71.31266087 55.20493257 -4.55220106
v 71.31266087 55.29783145 -4.74068098
v 71.31266087 55.36401435 -4.84264445
v 71.31266087 55.42960536 -4.91649480
v 71.31266087 55.51852198 -4.98993076
v 71.31266087 55.62213375 -5.05322035
v 71.31266087 55.74256907 -5.10892690
v 71.31266087 55.88697952 -5.16070303
v 71.31266087 56.17651272 -5.24188864
v 71.31266087 63.74964347 -5.27145264
v 71.31266087 63.74964382 -5.53626575
v 71.31266087 56.17034481 -5.50667949
v 71.31266087 56.00601505 -5.49456064
v 71.31266087 55.89158733 -5.46845928
v 71.31266087 55.76993075 -5.42186952
v 71.31266087 55.62853837 -5.34461378
v 71.31266087 55.41326482 -5.18716778
v 71.31266087 55.20493287 -5.00739620
v 71.31266087 55.20493639 -8.94946808
v 71.31266087 55.28015480 -9.29144091
v 71.31266087 55.30482566 -9.36474331
v 71.31266087 55.33208754 -9.43018323
v 71.31266087 55.36915476 -9.50038177
v 71.31266087 55.41023274 -9.56047192
v 71.31266087 55.49238341 -9.64758432
v 71.31266087 55.58288691 -9.71670563
v 71.31266087 55.71434735 -9.79125617
v 71.31266087 55.93600376 -9.88259227
v 71.31266087 56.17320314 -9.96091139
v 71.31266087 63.74964979 -10.09939276
v 71.31266087 63.74965013 -10.36429488
v 71.31266087 56.16850433 -10.22572370
v 71.31266087 55.73863516 -10.10192509
v 71.31266087 55.54527653 -10.01853991
v 71.31266087 55.43331012 -9.95130980
v 71.31266087 55.34025471 -9.87634527
v 71.31266087 55.26205367 -9.79056249
v 71.31266087 55.19343674 -9.68977642
v 71.31266087 55.12130035 -9.54681141
v 71.31266087 55.02375423 -9.26310803
v 71.04133363 13.24741932 40.80215639
v 69.51485841 8.23843531 43.35171866
v 71.04133363 13.76279757 40.80215639
v 69.38848749 8.35071061 43.55370081
v 69.24237019 7.68452665 43.78562802
v 69.14323425 4.89683987 43.94200960
v 69.13303237 2.35772567 43.95805825
v 69.19397930 0.25015794 43.86205968
v 69.33568482 0.25014559 43.63771145
v 69.27474338 2.36341905 43.73439128
v 69.28488942 4.88813059 43.71831594
v 69.36812696 7.41565338 43.58612178
v 69.37748891 7.60649215 43.57121851
v 71.31266087 15.49576353 39.78495765
v 71.31266087 14.97982616 39.78495588
v 71.19056141 14.34026810 40.48029431
v 71.28176279 14.91829280 40.13838261
v 71.28176284 14.40254202 40.13838167
v 71.19056147 13.82470357 40.48029399
v 71.31266087 38.39743651 26.21188106
v 71.31266087 38.92411300 25.67086591
v 71.31266087 40.34872115 23.48025955
v 71.31266087 41.62831296 21.20517286
v 71.31266087 42.77380208 18.87181184
v 71.31266087 43.78552414 16.47983897
v 71.31266087 44.66398649 14.02890495
v 71.31266087 45.40851361 11.51900930
v 71.31266087 46.00064481 8.96947475
v 71.31266087 46.43987543 6.40029011
v 71.31266087 46.74550818 3.81282020
v 71.31266087 46.87944307 1.18398051
v 71.31266087 46.87961132 -1.42347442
v 71.31266087 46.74634865 -4.03059181
v 71.31266087 46.44105258 -6.63978381
v 71.31266087 46.00215850 -9.20793427
v 71.31266087 45.41053163 -11.75746947
v 71.31266087 44.66617281 -14.24874561
v 71.31266087 43.78838244 -16.71898925
v 71.31266087 42.77682915 -19.11130700
v 71.31266087 41.63184382 -21.44501291
v 71.31266087 40.35292334 -23.70010144
v 71.31266087 38.80142945 -26.06139145
v 71.31266087 38.18613375 -26.57930448
v 71.31266087 15.90701929 -39.78495765
v 71.31266087 15.39612610 -39.78495765
v 71.31266087 38.05790389 -26.34931443
v 71.31266087 38.61747723 -25.87795151
v 71.31266087 38.72757902 -25.72761225
v 71.31266087 40.13422935 -23.56010878
v 71.31266087 41.40526109 -21.31881445
v 71.31266087 42.54353274 -18.99890197
v 71.31266087 43.54921223 -16.62072020
v 71.31266087 44.42196759 -14.16426889
v 71.31266087 45.16196264 -11.68781972
v 71.31266087 45.74989705 -9.15449029
v 71.31266087 46.18610573 -6.60116670
v 71.31266087 46.48955573 -4.00783512
v 71.31266087 46.62197914 -1.41657826
v 71.31266087 46.62181090 1.17708426
v 71.31266087 46.48888312 3.79006346
v 71.31266087 46.18509647 6.36167277
v 71.31266087 45.74838339 8.91603073
v 71.31266087 45.15977683 11.44970438
v 71.31266087 44.41961348 13.94442825
v 71.31266087 43.54635410 16.38122491
v 71.31266087 42.54050578 18.75940680
v 71.31266087 41.40156269 21.07931832
v 71.31266087 40.12985939 23.34061170
v 71.31266087 38.72572681 25.50363226
v 71.31266087 38.24084204 25.99809737
v 71.31266087 38.08525570 26.08671523
v 71.04133363 14.17425588 -40.80215639
v 71.04133275 13.66377291 -40.80215793
v 71.28176275 15.32961617 -40.13838272
v 71.19056134 14.75165896 -40.48029446
v 71.19056106 14.24103884 -40.48029496
v 71.28176271 14.81885941 -40.13838271
v 69.20845231 8.19406997 -43.83921964
v 69.39682610 8.28002410 -43.54041316
v 69.33877975 8.09790814 -43.63279355
v 69.23655411 7.41964216 -43.79482419
v 69.15312686 4.89479659 -43.92643959
v 69.14255778 2.37212555 -43.94307402
v 69.21274224 0.25012563 -43.83244645
v 69.07028827 0.25013750 -44.05658098
v 69.00016658 2.36542479 -44.16632272
v 69.01080891 4.90350526 -44.14969200
v 69.09704141 7.46091829 -44.01461029
v 59.24340892 43.52296343 -56.58538283
v 60.41135256 43.77557919 -55.33674667
v 57.96211664 43.44684330 -57.89715092
v 56.81683551 43.52044563 -59.02147282
v 55.57040201 43.77087986 -60.19649052
v 54.33149632 44.17573191 -61.31700871
v 53.09919879 44.75547843 -62.38719531
v 51.93597920 45.46082126 -63.35882823
v 51.63180658 45.81574635 -63.60694616
v 51.71537478 45.67253538 -63.53902189
v 51.76325059 45.60864939 -63.50002314
v 51.81730703 45.55362008 -63.45591724
v 44.54801469 60.57227525 -68.75435577
v 44.46802843 60.77869196 -68.80611527
v 44.44424344 60.99366413 -68.82148121
v 44.56158934 62.65888476 -68.74555844
v 44.72510575 63.74981525 -68.63928879
v 45.62320143 63.74976561 -68.04565042
v 45.44337631 62.55126674 -68.16587562
v 45.33760402 61.04345587 -68.23627124
v 52.32372190 46.36997340 -63.03899727
v 53.39454767 45.71504708 -62.13460653
v 54.54484102 45.16937372 -61.12730461
v 55.70575133 44.78667780 -60.07126034
v 56.87249517 44.54933560 -58.96784161
v 57.96208623 44.47915603 -57.89718136
v 59.15323586 44.54681687 -56.67964130
v 60.25437773 44.78214473 -55.50763024
v 61.30538618 45.16181912 -54.34461037
v 62.31157577 45.70614933 -53.18791757
v 63.21860012 46.36342374 -52.10657971
v 68.39838513 61.04365444 -45.09265973
v 68.33052439 62.52276928 -45.19542551
v 68.20102375 63.74979622 -45.39060927
v 68.79235233 63.74984368 -44.48931683
v 68.90310135 62.68475677 -44.31760006
v 68.98040073 60.99436392 -44.19718730
v 68.96548433 60.77872060 -44.22045931
v 68.92837553 60.62466352 -44.27828019
v 63.78534796 45.81208064 -51.41124814
v 63.53501685 45.45252457 -51.72029277
v 63.63296572 45.54654613 -51.59973261
v 63.67746327 45.60229527 -51.54481276
v 63.71681070 45.66701231 -51.49616813
v 62.59256219 44.76521232 -52.85695988
v 61.52858944 44.18361999 -54.09177139
v 61.11143041 8.79443341 -54.56262571
v 61.23655368 8.70232991 -54.42215725
v 61.29950453 8.64135791 -54.35124466
v 61.33886898 8.59137059 -54.30681621
v 61.39008565 8.50581320 -54.24891287
v 61.43052288 8.41523043 -54.20311716
v 61.47372451 8.28484583 -54.15411736
v 61.51277702 8.12615976 -54.10975249
v 61.56946610 7.82285233 -54.04523933
v 54.86270537 8.79444924 -60.84217788
v 54.34419273 7.82266516 -61.30575639
v 54.36337392 8.03101780 -61.28874932
v 54.38331763 8.14082862 -61.27105201
v 54.40417556 8.21345076 -61.25253252
v 54.44585841 8.31471603 -61.21548447
v 54.49509569 8.40222415 -61.17165680
v 54.57142910 8.50656602 -61.10356749
v 54.66940060 8.61436319 -61.01592979
v 54.31572087 0.25049455 -61.33098333
v 54.11718781 0.25049077 -61.50623573
v 54.14540166 7.82920734 -61.48139987
v 54.53786804 8.79444640 -61.13352599
v 54.42723593 8.67778965 -61.23204043
v 54.36946731 8.59561138 -61.28334263
v 54.31650407 8.49346461 -61.33029091
v 54.26358380 8.35493052 -61.37711736
v 54.19597906 8.09595563 -61.43682757
v 51.50480576 8.79441950 -63.70982683
v 50.71424886 7.81748220 -64.34090466
v 50.77877615 8.14938464 -64.28999135
v 50.81463604 8.26922630 -64.26165161
v 50.85738943 8.37085254 -64.22782100
v 50.89439011 8.43472481 -64.19850546
v 50.93368173 8.48750920 -64.16733682
v 51.00763585 8.56126111 -64.10856237
v 51.09495086 8.62411829 -64.03899056
v 51.18748959 8.67441683 -63.96505181
v 51.34498405 8.73991530 -63.83869894
v 50.60390245 0.25042565 -64.42772778
v 50.39497053 0.25042187 -64.59128421
v 50.50595617 7.83084061 -64.50453815
v 51.49816663 9.05221833 -63.71519351
v 51.17494859 8.95045598 -63.97508604
v 51.05681216 8.89664397 -64.06940182
v 50.94398049 8.82609552 -64.15914961
v 50.86620477 8.75939694 -64.22083552
v 50.79778581 8.67992101 -64.27497222
v 50.74018110 8.58964137 -64.32046222
v 50.68125751 8.46675857 -64.36690282
v 50.62830055 8.32084757 -64.40855768
v 50.56157960 8.07819971 -64.46094973
v 63.95850877 9.05219381 -51.19566589
v 58.75580316 9.05223312 -57.09087370
v 55.22632688 9.05223549 -60.51190408
v 64.74342617 7.83080980 -50.19936073
v 64.67168922 8.24133643 -50.29174607
v 64.63521221 8.39032451 -50.33862260
v 64.58864137 8.53166736 -50.39836921
v 64.54531054 8.62833720 -50.45384455
v 64.49417433 8.71258139 -50.51918922
v 64.43667200 8.78255709 -50.59250408
v 64.35898232 8.85291947 -50.69129328
v 64.26700396 8.91491823 -50.80786510
v 64.11423799 8.99086001 -51.00050307
v 64.82953990 0.25039898 -50.08810045
v 64.66700043 0.25040245 -50.29777436
v 64.58065453 7.82611539 -50.40859164
v 63.95285411 8.79439398 -51.20272943
v 64.15938892 8.72236800 -50.94369271
v 64.23405646 8.68046184 -50.84951292
v 64.29735680 8.62893514 -50.76944906
v 64.33725150 8.58365596 -50.71888308
v 64.37057364 8.53555720 -50.67658526
v 64.41801649 8.44486870 -50.61626721
v 64.45957094 8.33719028 -50.56333963
v 64.49390802 8.22248949 -50.51953040
v 64.54047787 8.02618425 -50.46002326
v 61.41417365 8.79442909 -54.22164075
v 61.74411151 7.82901788 -53.84562883
v 61.73582303 7.99587411 -53.85513168
v 61.71988670 8.10297178 -53.87339451
v 61.69139085 8.21884604 -53.90602294
v 61.64266587 8.35764672 -53.96173454
v 61.53503266 8.58328168 -54.08443034
v 61.76195556 0.25046217 -53.82516043
v 61.58757860 0.25046564 -54.02459822
v 39.78495588 23.51840462 -71.31266087
v 39.78495588 23.41925408 -71.31266087
v 39.78495588 23.22095300 -71.31266087
v 39.78495765 23.41925408 -71.31266087
v 39.15981600 23.86999513 -71.31266087
v 36.99682483 25.27417079 -71.31266087
v 36.50237010 25.75906664 -71.31266087
v 36.41375467 25.91465655 -71.31266087
v 18.71829938 55.76099529 -71.31266087
v 18.45967588 56.39290746 -71.31266087
v 18.44208553 56.58374037 -71.31266087
v 18.28581479 59.11124359 -71.31266087
v 18.26642204 61.63606268 -71.31266087
v 18.37984589 63.74964949 -71.31266087
v 18.11495142 63.74964733 -71.31266087
v 18.00195622 61.64176710 -71.31266087
v 18.02134670 59.10251380 -71.31266087
v 18.20658831 56.31486029 -71.31266087
v 18.48038431 55.64870906 -71.31266087
v 36.28858384 25.60247434 -71.31266087
v 36.82958771 25.07578575 -71.31266087
v 39.02016362 23.65113327 -71.31266087
v 40.10314808 23.04785619 -71.28751277
v 40.41332595 22.87424158 -71.21330853
v 40.61215213 22.75859448 -71.13752095
v 40.80215639 22.64329272 -71.04133363
v 40.80215639 22.94080438 -71.04133363
v 40.51371036 23.11388305 -71.17799974
v 40.20778192 23.28747962 -71.26813515
v 39.99762387 23.40311475 -71.30143968
v 41.22043211 22.37147005 -70.79945640
v 41.32916850 22.59822194 -70.73603665
v 43.31735621 21.45919889 -69.53627615
v 45.32041159 20.45327330 -68.24769112
v 47.33085715 19.57993783 -66.86910357
v 49.34658179 18.83971852 -65.39573316
v 51.34825253 18.25106339 -63.83607140
v 53.31420826 17.81431334 -62.20355494
v 55.24198229 17.51052837 -60.49802016
v 57.14560362 17.37763956 -58.70321147
v 58.97579281 17.37747155 -56.86424986
v 60.74680412 17.50985949 -54.96828940
v 62.45751995 17.81330896 -53.01646209
v 64.08019178 18.24955844 -51.04327646
v 65.63003786 18.83754195 -49.03453050
v 67.08293735 19.57759346 -47.02729598
v 68.46353950 20.45042953 -44.99367522
v 69.74256769 21.45618753 -42.98443093
v 70.93252113 22.59453945 -40.99102947
v 71.04133363 22.71819966 -40.80215639
v 71.04133275 22.42004158 -40.80215793
v 70.99556815 22.36795544 -40.88173618
v 69.80156642 21.22288955 -42.88855762
v 68.51754176 20.21125679 -44.91139634
v 67.13138856 19.33338152 -46.95810602
v 65.67176597 18.58896415 -48.97863008
v 64.11352241 17.99728790 -51.00140483
v 62.48249712 17.55835210 -52.98702297
v 60.76209236 17.25305642 -54.95138927
v 58.98057943 17.11983631 -56.85928508
v 57.14065349 17.12000455 -58.70802985
v 55.22514858 17.25389296 -60.51338707
v 53.28488056 17.55952414 -62.22867951
v 51.30654220 17.99879262 -63.86959979
v 49.29115062 18.59097264 -65.43752380
v 47.26187200 19.33555654 -66.91787882
v 45.23811634 20.21410055 -68.30226849
v 43.22175395 21.22590088 -69.59574007
v 71.31266087 23.30064533 -39.78495765
v 71.28751317 23.12611354 -40.10315078
v 71.21330961 22.95106195 -40.41332600
v 71.13752194 22.83445737 -40.61215102
v 71.31266087 23.00251823 -39.78495765
v 71.17800053 22.59458155 -40.51371049
v 71.26813573 22.76964233 -40.20778428
v 71.30143983 22.88625354 -39.99762710
v 71.31266087 23.64694387 -38.64873696
v 71.31266087 25.19848493 -36.28747483
v 71.31266087 25.81379257 -35.76957276
v 71.31266087 55.80531979 -17.99180940
v 71.31266087 56.53844008 -17.78421928
v 71.31266087 59.09582042 -17.62382753
v 71.31266087 61.63406913 -17.60377274
v 71.31266087 63.74967149 -17.73341641
v 71.31266087 63.74967253 -17.99851541
v 71.31266087 61.62735655 -17.86823733
v 71.31266087 59.10454915 -17.88829179
v 71.31266087 56.57973038 -18.04420348
v 71.31266087 55.90149273 -18.23558868
v 71.31266087 55.71938780 -18.34455235
v 71.31266087 25.94201962 -35.99956466
v 71.31266087 25.38243542 -36.47091761
v 71.31266087 25.27233059 -36.62125485
v 71.31266087 23.86563776 -38.78873370
v 40.80215639 13.29852591 -71.04133363
v 43.37745492 8.23841251 -69.49880182
v 40.80215639 13.81392368 -71.04133363
v 43.57939114 8.35068777 -69.37235558
v 43.81126026 7.68450336 -69.22615492
v 43.96759013 4.89681515 -69.12697063
v 43.98362714 2.35770477 -69.11676782
v 43.88765748 0.25013735 -69.17774621
v 43.66335941 0.25012522 -69.31953617
v 43.76001054 2.36339836 -69.25856285
v 43.74395007 4.88810608 -69.26870782
v 43.61179935 7.41563006 -69.35198633
v 43.59690061 7.60646893 -69.36135312
v 39.78495765 15.54689975 -71.31266087
v 39.78495765 15.37491419 -71.31266087
v 39.78495588 15.03094308 -71.31266087
v 40.48029430 14.39139757 -71.19056141
v 40.13838260 14.96942564 -71.28176279
v 40.13838163 14.45365547 -71.28176285
v 40.48029395 13.87581358 -71.19056148
v 0.06067773 46.62175006 -71.31266087
v 1.20745194 46.62168510 -71.31266087
v 3.82042679 46.48878294 -71.31266087
v 6.39202424 46.18502641 -71.31266087
v 8.94638786 45.74833478 -71.31266087
v 11.48006562 45.15974404 -71.31266087
v 13.97478040 44.41959473 -71.31266087
v 16.41157971 43.54634486 -71.31266087
v 18.78976817 42.54050040 -71.31266087
v 21.10968253 41.40156090 -71.31266087
v 23.37097217 40.12985951 -71.31266087
v 25.53399050 38.72573267 -71.31266087
v 26.02845591 38.24084786 -71.31266087
v 26.11707402 38.08526147 -71.31266087
v 26.24223882 38.39744236 -71.31266087
v 25.70122323 38.92411905 -71.31266087
v 23.51061964 40.34872223 -71.31266087
v 21.23553383 41.62831199 -71.31266087
v 18.90217284 42.77379610 -71.31266087
v 16.51019178 43.78551483 -71.31266087
v 14.05925484 44.66396773 -71.31266087
v 11.54936833 45.40848073 -71.31266087
v 8.99982874 46.00059586 -71.31266087
v 6.43063807 46.43980518 -71.31266087
v 3.84317933 46.74540775 -71.31266087
v 1.21434444 46.87931487 -71.31266087
v 0.06067401 46.87937982 -71.31266087
v 0.00010000 46.87941965 -71.31266087
v 0.00010000 46.62178992 -71.31266087
v 1.03237418 40.65843716 -71.31266087
v 3.25364150 40.54482595 -71.31266087
v 5.46904820 40.28334963 -71.31266087
v 7.65721702 39.90858240 -71.31266087
v 9.82574234 39.40423977 -71.31266087
v 11.95944293 38.77015856 -71.31266087
v 14.04624255 38.02194134 -71.31266087
v 16.08201331 37.15993378 -71.31266087
v 18.06778910 36.18429781 -71.31266087
v 20.00391729 35.09469074 -71.31266087
v 21.80936230 33.92166797 -71.31266087
v 22.17658989 33.56433997 -71.31266087
v 22.22520903 33.47941373 -71.31266087
v 37.52151906 7.67758615 -71.31266087
v 37.71561878 7.20511424 -71.31266087
v 37.72526718 7.09903972 -71.31266087
v 37.85958482 4.92401332 -71.31266087
v 37.87526182 2.76057386 -71.31266087
v 37.75715521 0.58421387 -71.31266087
v 37.71798123 0.25007324 -71.31266087
v 38.78304526 0.25004903 -71.31266087
v 38.81223689 0.49909573 -71.31266087
v 38.93379677 2.73738807 -71.31266087
v 38.91777990 4.95889968 -71.31266087
v 38.75626757 7.44845418 -71.31266087
v 38.45770123 8.16110808 -71.31266087
v 23.03102958 34.19104858 -71.31266087
v 22.44070704 34.75129324 -71.31266087
v 20.56250633 35.97013589 -71.31266087
v 18.57120797 37.09112876 -71.31266087
v 16.53164124 38.09328330 -71.31266087
v 14.44001034 38.97878700 -71.31266087
v 12.29665842 39.74730959 -71.31266087
v 10.10296029 40.39901339 -71.31266087
v 7.87167911 40.91795761 -71.31266087
v 5.62454673 41.30313087 -71.31266087
v 3.32707515 41.57366988 -71.31266087
v 1.05994417 41.68895621 -71.31266087
v 0.06074892 41.68924264 -71.31266087
v 0.06076379 40.65872284 -71.31266087
v 0.00010000 41.68928285 -71.31266087
v 0.00010000 40.65876313 -71.31266087
v 39.78495588 31.39888238 -71.31266087
v 39.78495588 30.77869134 -71.31266087
v 39.78495588 29.53830924 -71.31266087
v 39.78495765 30.77869134 -71.31266087
v 25.00828121 56.32214278 -71.31266087
v 24.81413723 56.79460898 -71.31266087
v 24.80447846 56.90068374 -71.31266087
v 24.66991853 59.07572041 -71.31266087
v 24.65397311 61.23917734 -71.31266087
v 24.77180334 63.41556046 -71.31266087
v 24.81093279 63.74970564 -71.31266087
v 23.74585744 63.74969315 -71.31266087
v 23.71669599 63.50064342 -71.31266087
v 23.59541060 61.26232847 -71.31266087
v 23.61170308 59.04079892 -71.31266087
v 23.77351476 56.55123075 -71.31266087
v 24.07214322 55.83858820 -71.31266087
v 39.49984340 29.80890795 -71.31266087
v 40.09600041 29.24864984 -71.28884476
v 40.34195813 29.09417104 -71.23519212
v 40.57841152 28.93789586 -71.15217949
v 40.80215639 28.78022917 -71.04133363
v 40.31873936 30.52055622 -71.24168449
v 40.05326894 30.95364435 -71.29496698
v 40.36833634 30.43562819 -71.22758112
v 40.72264368 30.07829060 -71.08468903
v 40.80215639 30.01953018 -71.04133363
v 41.80097992 28.02976759 -70.45825095
v 42.28083311 28.90522924 -70.17134887
v 43.92956023 27.81558527 -69.15114452
v 45.59504471 26.83990343 -68.06452048
v 47.27267459 25.97783042 -66.91024800
v 48.96268662 25.22956761 -65.68365374
v 50.65921441 24.59543863 -64.38424532
v 52.34728191 24.09105310 -63.01943452
v 54.01195834 23.71625548 -61.59866400
v 55.65992548 23.45475977 -60.11372344
v 57.27121110 23.34113502 -58.58067454
v 58.83939048 23.34046414 -57.00537850
v 60.37261664 23.45475948 -55.37900514
v 61.84227281 23.71222623 -53.73286093
v 63.25358063 24.08467502 -52.06411036
v 64.60981688 24.58687972 -50.37120818
v 65.89494751 25.22067405 -48.67795130
v 67.12282635 25.96692470 -46.97034418
v 68.27020591 26.82732117 -45.28648845
v 69.34918556 27.80065092 -43.61625284
v 70.35277167 28.88777714 -41.97826305
v 71.04133275 29.77209506 -40.80215793
v 71.04133275 28.54924500 -40.80215793
v 70.63840492 28.01332270 -41.49581666
v 69.61722380 26.89480964 -43.18714161
v 68.51806918 25.89394482 -44.91059170
v 67.34721239 25.00954587 -46.64804427
v 66.09498696 24.24331889 -48.40598878
v 64.78080344 23.59240404 -50.15111719
v 63.38974267 23.07525979 -51.89824250
v 61.94378669 22.69240131 -53.61580309
v 60.44608890 22.42889382 -55.29880096
v 58.85881026 22.30989908 -56.98532710
v 57.25144593 22.31057011 -58.59999137
v 55.60592821 22.42587318 -60.16367507
v 53.89485588 22.69643038 -61.70114715
v 52.18204572 23.08163685 -63.15632316
v 50.44069704 23.60062708 -64.55558173
v 48.69154214 24.25238008 -65.88490551
v 46.95061119 25.02095337 -67.13663053
v 45.22033592 25.90652700 -68.31404152
v 43.50310514 26.90873678 -69.42021963
v 71.23977989 30.09625297 -40.32572448
v 71.16616387 29.95365522 -40.54450399
v 71.10814316 29.86330276 -40.67577493
v 71.26313012 30.16523601 -40.23206585
v 71.31040612 30.56621041 -39.88096501
v 71.31266087 30.72786542 -39.78495765
v 71.31266087 29.23533885 -39.78495765
v 71.17802757 28.75485605 -40.51368735
v 71.26815340 28.96102711 -40.20780823
v 71.30144572 29.09837014 -39.99766546
v 71.31266087 63.74970971 -24.43026529
v 71.31266087 63.38401084 -24.38774439
v 71.31266087 61.22206146 -24.25611228
v 71.31266087 59.04853346 -24.27307948
v 71.31266087 56.93777935 -24.40416690
v 71.31266087 56.43980074 -24.54244753
v 71.31266087 56.32113876 -24.61106727
v 71.31266087 29.46433000 -39.44218837
v 71.31266087 30.01183300 -38.98634999
v 71.31266087 56.04939881 -23.55354996
v 71.31266087 56.82313714 -23.35009361
v 71.31266087 59.01378279 -23.21486645
v 71.31266087 61.24873933 -23.19687227
v 71.31266087 63.47295669 -23.33299221
v 71.31266087 63.74970021 -23.36518289
v 40.80215639 53.53953565 -71.04133363
v 40.80215793 53.02065784 -71.04133275
v 39.78495765 54.75632849 -71.31266087
v 40.13838267 54.17795556 -71.28176294
v 40.48029434 53.59902950 -71.19056152
v 39.78495765 55.27400704 -71.31266087
v 39.78495765 55.10144752 -71.31266087
v 40.13838259 54.69603431 -71.28176289
v 40.48029403 54.11750794 -71.19056162
v 46.89067664 41.36931481 -67.17850471
v 46.99605856 41.13215246 -67.10482494
v 47.04658543 40.91026308 -67.06941068
v 47.07987839 40.67108537 -67.04604463
v 47.09567606 40.42150100 -67.03494870
v 47.07621652 40.16973439 -67.04861586
v 47.05932606 40.09762408 -67.06047182
v 50.39281891 44.20500100 -64.59296287
v 42.53996035 60.09012066 -70.01456151
v 40.80215639 59.55512983 -71.04133363
v 40.80215639 59.82064409 -71.04133363
v 42.49737639 60.35066435 -70.04041726
v 42.48386739 60.43334433 -70.04861214
v 42.46673084 60.64330799 -70.05900244
v 42.60134561 62.93236200 -69.97722774
v 42.72366471 63.74992441 -69.90261457
v 42.95261159 63.74991202 -69.76216889
v 42.82578383 62.90063285 -69.84009801
v 42.70909359 61.18527584 -69.91151818
v 42.69319825 61.00753435 -69.92122620
v 42.69263632 60.65557851 -69.92156931
v 42.70767613 60.47045468 -69.91238409
v 42.74834489 60.19537189 -69.88752434
v 50.55298258 44.34909785 -64.46768960
v 50.87303627 43.98655598 -64.21542829
v 51.10844675 43.80276823 -64.02822597
v 52.34359101 43.04647221 -63.02250019
v 53.61783992 42.44072174 -61.94202364
v 54.88558685 41.98635524 -60.82153736
v 56.17176682 41.66442419 -59.63572472
v 57.44660638 41.51268819 -58.40868485
v 58.69322711 41.51218437 -57.15585833
v 59.91283073 41.66257844 -55.87611085
v 61.08113698 41.98400660 -54.59653611
v 62.20740227 42.43719793 -53.30971912
v 63.26888383 43.04143496 -52.04551266
v 64.27229120 43.79974458 -50.80117748
v 64.46838515 43.98000731 -50.55209556
v 64.76201039 44.35676562 -50.17538301
v 70.07991298 60.31871709 -42.43221473
v 70.10815247 60.46842449 -42.38554007
v 70.13851790 60.99442392 -42.33527320
v 70.05836994 62.88908352 -42.46777427
v 69.98049300 63.74994210 -42.59598162
v 70.11970302 63.74995392 -42.36642892
v 70.19431087 62.92064431 -42.24270081
v 70.27442583 60.99306229 -42.10928786
v 70.24102531 60.41469791 -42.16497852
v 70.23181283 60.35595596 -42.18032143
v 71.04133363 59.92753179 -40.80215639
v 71.04133363 59.65808256 -40.80215639
v 70.19134291 60.09816275 -42.24763225
v 64.86418305 44.16167287 -50.04322939
v 67.30012273 40.09602515 -46.71595584
v 67.28511497 40.19306049 -46.73756898
v 67.27390203 40.43207106 -46.75370740
v 67.27488750 40.68165554 -46.75228938
v 67.30065652 40.93308573 -46.71518685
v 67.34742254 41.15145012 -46.64774087
v 67.40627984 41.37216405 -46.56265121
v 71.04133275 52.84370537 -40.80215793
v 71.04133363 52.32882014 -40.80215639
v 67.53989382 41.25450212 -46.36862941
v 67.44584889 40.86779097 -46.50531710
v 67.42469587 40.66050372 -46.53598002
v 67.42449857 40.44264180 -46.53626588
v 67.43292041 40.23753585 -46.52406147
v 67.46228583 40.04770326 -46.48146986
v 67.57754385 39.64890251 -46.31374112
v 68.98903389 36.05198820 -44.18371027
v 69.15747271 35.40478660 -43.91959721
v 69.22829445 34.60585678 -43.80787940
v 69.15283909 33.86114048 -43.92689263
v 68.95510727 33.21208699 -44.23663902
v 68.61821592 32.70519753 -44.75742948
v 67.46891295 31.61605656 -46.47184993
v 66.23275038 30.68015729 -48.21731874
v 64.91247599 29.87752537 -49.98057133
v 63.50935773 29.24725849 -51.75179737
v 62.04595281 28.76990220 -53.49754004
v 60.49431536 28.44528980 -55.24603931
v 58.89226695 28.27375226 -56.95075016
v 57.24389902 28.27408789 -58.60736366
v 55.53335769 28.44629686 -60.23066689
v 53.80667563 28.77141283 -61.77806009
v 52.05349205 29.24943970 -63.26231908
v 50.30372888 29.88071287 -64.66236858
v 48.53235809 30.68351333 -66.00225200
v 46.80814629 31.62008388 -67.23603566
v 45.07486056 32.71744921 -68.41011618
v 44.68196465 33.07915345 -68.66738007
v 44.31253908 33.71863983 -68.90635624
v 44.16108540 34.50532104 -69.00351865
v 44.22883946 35.30542551 -68.96011028
v 44.54437155 36.07045280 -68.75671613
v 46.65177130 39.63732562 -67.34463070
v 46.81913943 40.02823765 -67.22838116
v 46.86354577 40.21420985 -67.19743394
v 46.87937798 40.42149782 -67.18638977
v 46.86467250 40.63919166 -67.19664814
v 46.83497340 40.85503897 -67.21735131
v 46.79620877 41.03664590 -67.24434470
v 50.74923798 43.78027292 -64.31331040
v 50.54909527 43.99492360 -64.47073768
v 46.83012544 39.49096819 -67.22072896
v 44.73578101 35.94071217 -68.63233165
v 44.44868358 35.25725642 -68.81861360
v 44.38658559 34.51975715 -68.85868188
v 44.51046403 33.83965550 -68.77867142
v 44.83381559 33.26814602 -68.56833110
v 45.19588407 32.93195409 -68.33022109
v 46.90458300 31.85086964 -67.16879591
v 48.61380641 30.92168424 -65.94228443
v 50.36939933 30.12543093 -64.61122705
v 52.10329977 29.49936102 -63.22130339
v 53.84179385 29.02502696 -61.74745570
v 55.55468292 28.70242867 -60.21099780
v 57.25105894 28.53156246 -58.60036946
v 58.88531015 28.53122687 -56.95794324
v 60.47498430 28.70142165 -55.26719935
v 62.01552599 29.02351637 -53.53280851
v 63.46857570 29.49717982 -51.80180449
v 64.86166584 30.12207526 -50.04649194
v 66.17338841 30.91832819 -48.29875482
v 67.40232501 31.84684232 -46.56837589
v 68.53735827 32.91785612 -44.88114940
v 68.83644134 33.35945419 -44.42106925
v 69.01472122 33.92894954 -44.14357603
v 69.08423805 34.60955100 -44.03470340
v 69.02421433 35.31197142 -44.12873084
v 68.86527031 35.92375818 -44.37636303
v 67.46033752 39.48800544 -46.48429748
v 64.72444415 43.96686978 -50.22383278
v 64.56118552 43.76801776 -50.43352431
v 64.46092578 43.66932634 -50.56160695
v 63.33525008 42.80494044 -51.96472984
v 62.26034680 42.19214460 -53.24787570
v 61.12092805 41.73307862 -54.55198625
v 59.93778945 41.40762282 -55.84933702
v 58.70141539 41.25487885 -57.14744860
v 57.43824833 41.25538270 -58.41690405
v 56.14536960 41.40930074 -59.66057762
v 54.84122455 41.73542713 -60.86154073
v 53.55625693 42.19566825 -61.99527719
v 52.26340373 42.80980965 -63.08901395
v 51.00826220 43.57768678 -64.10806687
v 71.31266087 54.57452749 -39.78495765
v 71.31266087 54.05959470 -39.78495765
v 71.19056043 52.90556144 -40.48029657
v 71.28176230 53.48285590 -40.13838457
v 71.19056023 53.42046206 -40.48029693
v 71.28176230 53.99777243 -40.13838449
v 71.31266087 57.68795817 -37.63201403
v 71.31266087 57.86871760 -37.50132253
v 71.31266087 58.02849661 -37.35442596
v 71.31266087 58.27504282 -37.00615632
v 71.31266087 58.35845344 -36.81202442
v 71.31266087 58.40846395 -36.61685966
v 71.31266087 58.42356338 -36.40618012
v 71.31266087 58.42305336 -36.18274335
v 71.31266087 58.08053053 -31.71574775
v 71.31266087 58.14798621 -30.85131199
v 71.31266087 58.47643622 -30.08996251
v 71.31266087 59.02694023 -29.49514406
v 71.31266087 59.71121602 -29.15030417
v 71.31266087 60.30133771 -29.05269537
v 71.31266087 62.59117651 -29.12879970
v 71.31266087 63.74975265 -29.24876296
v 71.31266087 63.74975503 -29.51469752
v 71.31266087 62.57389134 -29.39291856
v 71.31266087 60.31745430 -29.31578226
v 71.31266087 59.77197780 -29.40821681
v 71.31266087 59.16306139 -29.72098602
v 71.31266087 58.68019569 -30.25373597
v 71.31266087 58.39320079 -30.93577787
v 71.31266087 58.33766075 -31.71504595
v 71.31266087 58.67936465 -36.15743079
v 71.31266087 59.65212306 -39.78495765
v 71.31266087 59.38842556 -39.78495765
v 71.31266087 58.61556356 -36.84138573
v 71.31266087 58.60014505 -36.90166354
v 71.31266087 58.49793699 -37.13682538
v 71.31266087 58.21580977 -37.53474678
v 71.31266087 58.02833820 -37.70888562
v 71.31266087 57.82643186 -37.85544164
v 71.29223946 59.46110584 -40.07147629
v 71.23191539 59.53406417 -40.35227613
v 71.15013466 59.59619020 -40.58291799
v 71.29223985 59.72635383 -40.07147779
v 71.23191635 59.80086790 -40.35227617
v 71.15013564 59.86431882 -40.58291690
v 40.54353084 59.48171598 -71.16632403
v 40.26999133 59.40802579 -71.25386448
v 40.02925898 59.34527983 -71.29781779
v 39.78495588 59.28277267 -71.31266087
v 39.78495588 59.54399267 -71.31266087
v 39.78495588 59.45691934 -71.31266087
v 40.54353010 59.74607232 -71.16632480
v 40.26999180 59.67122054 -71.25386509
v 40.02926015 59.60748553 -71.29781801
v 39.78495765 59.45691934 -71.31266087
v 36.57298121 58.67878746 -71.31266087
v 32.11261322 58.33768754 -71.31266087
v 31.40988975 58.37476202 -71.31266087
v 30.74646086 58.64379108 -71.31266087
v 30.21198007 59.09241123 -71.31266087
v 29.86334423 59.66389430 -71.31266087
v 29.73090273 60.34565679 -71.31266087
v 29.81113202 62.58246366 -71.31266087
v 29.92197344 63.74976831 -71.31266087
v 29.65647533 63.74976505 -71.31266087
v 29.54701255 62.59874092 -71.31266087
v 29.46850902 60.32618411 -71.31266087
v 29.62370840 59.55177170 -71.31266087
v 30.02269048 58.91080454 -71.31266087
v 30.62510155 58.41368064 -71.31266087
v 31.37301025 58.11847085 -71.31266087
v 32.11607647 58.08039036 -71.31266087
v 36.61064511 58.42340032 -71.31266087
v 36.81511703 58.42306986 -71.31266087
v 37.03889934 58.40444544 -71.31266087
v 37.25233945 58.35074240 -71.31266087
v 37.44474817 58.26330316 -71.31266087
v 37.78957206 58.01239256 -71.31266087
v 37.92853950 57.85714501 -71.31266087
v 38.05578463 57.67873534 -71.31266087
v 38.27920505 57.81703954 -71.31266087
v 38.13609600 58.01676420 -71.31266087
v 37.96988673 58.19987231 -71.31266087
v 37.57541091 58.48619599 -71.31266087
v 37.33921364 58.59310382 -71.31266087
v 37.25973547 58.61311677 -71.31266087
v 32.87246892 0.25018340 -71.31266087
v 32.98207902 1.40119341 -71.31266087
v 33.06082973 3.67373214 -71.31266087
v 32.90571128 4.44814550 -71.31266087
v 32.50680479 5.08913306 -71.31266087
v 31.90445233 5.58628777 -71.31266087
v 31.15657843 5.88153584 -71.31266087
v 30.41351667 5.91965436 -71.31266087
v 25.91894801 5.57683027 -71.31266087
v 25.71447667 5.57716805 -71.31266087
v 25.49069677 5.59580058 -71.31266087
v 25.27726250 5.64951156 -71.31266087
v 25.08486285 5.73695815 -71.31266087
v 24.74006429 5.98788243 -71.31266087
v 24.60111259 6.14313582 -71.31266087
v 24.47388527 6.32155100 -71.31266087
v 14.62825462 22.96368899 -71.31266087
v 14.58101858 23.14529022 -71.31266087
v 14.54481714 23.36113041 -71.31266087
v 14.52689080 23.57881674 -71.31266087
v 14.54620395 23.78609693 -71.31266087
v 14.60034053 23.97206123 -71.31266087
v 14.80412652 24.36295507 -71.31266087
v 17.33851246 27.92966934 -71.31266087
v 17.71332877 28.69467634 -71.31266087
v 17.79367604 29.49476207 -71.31266087
v 17.61403487 30.28142073 -71.31266087
v 17.17474908 30.92088511 -71.31266087
v 16.70580734 31.28257692 -71.31266087
v 14.61383831 32.37990185 -71.31266087
v 12.49427970 33.31643365 -71.31266087
v 10.27644970 34.11919919 -71.31266087
v 8.03827579 34.75043509 -71.31266087
v 5.74149248 35.22843485 -71.31266087
v 3.42574049 35.55352707 -71.31266087
v 1.07068084 35.72572030 -71.31266087
v 0.06079567 35.72586246 -71.31266087
v 0.06079701 35.46840136 -71.31266087
v 1.06068267 35.46825937 -71.31266087
v 3.39677771 35.29740878 -71.31266087
v 5.69494384 34.97483355 -71.31266087
v 7.97379596 34.50052546 -71.31266087
v 10.19335003 33.87449252 -71.31266087
v 12.39324981 33.07827263 -71.31266087
v 14.49625745 32.14912567 -71.31266087
v 16.56098463 31.06807943 -71.31266087
v 16.99372129 30.73189906 -71.31266087
v 17.37887210 30.16040924 -71.31266087
v 17.52610173 29.48032798 -71.31266087
v 17.45230636 28.74284598 -71.31266087
v 17.11059304 28.05940924 -71.31266087
v 14.58696101 24.50931089 -71.31266087
v 9.96544064 20.00559300 -71.31266087
v 9.71121131 20.22023885 -71.31266087
v 9.38123126 20.42282185 -71.31266087
v 7.76614616 21.19068793 -71.31266087
v 6.07278972 21.80481556 -71.31266087
v 4.36081319 22.26503705 -71.31266087
v 2.59056229 22.59115684 -71.31266087
v 0.79858345 22.74507790 -71.31266087
v 0.06075470 22.74529138 -71.31266087
v 0.06075097 22.48799677 -71.31266087
v 0.78685616 22.48778397 -71.31266087
v 2.55435348 22.33604499 -71.31266087
v 4.30115840 22.01412048 -71.31266087
v 5.99141197 21.55977345 -71.31266087
v 7.66201054 20.95403758 -71.31266087
v 9.25330287 20.19775171 -71.31266087
v 9.55362955 20.01396679 -71.31266087
v 9.96049960 19.65143345 -71.31266087
v 19.45650210 3.80517312 -71.31266087
v 19.50407581 3.53008273 -71.31266087
v 19.52165454 3.34495491 -71.31266087
v 19.52095289 2.99299413 -71.31266087
v 19.50232732 2.81525157 -71.31266087
v 19.36503614 1.09975859 -71.31266087
v 19.21586260 0.25034591 -71.31266087
v 19.48411117 0.25034371 -71.31266087
v 19.62777665 1.06803464 -71.31266087
v 19.78577578 3.35720507 -71.31266087
v 19.76578426 3.56717326 -71.31266087
v 19.75001225 3.64985564 -71.31266087
v 25.95658680 5.32144040 -71.31266087
v 30.41694957 5.66235700 -71.31266087
v 31.11966870 5.62524656 -71.31266087
v 31.78306587 5.35618355 -71.31266087
v 32.31749377 4.90753606 -71.31266087
v 32.66606221 4.33603515 -71.31266087
v 32.79842871 3.65426954 -71.31266087
v 32.71795607 1.41748057 -71.31266087
v 32.60697248 0.25018943 -71.31266087
v 14.26276456 23.57881791 -71.31266087
v 14.28656111 23.83057523 -71.31266087
v 14.28206958 23.32924230 -71.31266087
v 14.32275316 23.09007257 -71.31266087
v 14.38447059 22.86819009 -71.31266087
v 14.51308135 22.63103402 -71.31266087
v 24.25044406 6.18325317 -71.31266087
v 24.39353173 5.98352215 -71.31266087
v 24.55972221 5.80040705 -71.31266087
v 24.95417178 5.51406803 -71.31266087
v 25.19036133 5.40715155 -71.31266087
v 25.26983888 5.38713582 -71.31266087
v 19.70028301 3.91040689 -71.31266087
v 10.16350908 19.79552113 -71.31266087
v 14.30720739 23.90268258 -71.31266087
v 0.00010000 35.72590311 -71.31266087
v 0.00010000 35.46844203 -71.31266087
v 0.00010000 22.74533303 -71.31266087
v 0.00010000 22.48803843 -71.31266087
v 17.12115027 0.25036310 -71.31266087
v 17.31586682 1.34146521 -71.31266087
v 17.45556923 3.00694180 -71.31266087
v 17.42730109 3.22194523 -71.31266087
v 17.33213979 3.42838934 -71.31266087
v 8.58226896 18.18486786 -71.31266087
v 8.47439716 18.32841372 -71.31266087
v 8.41301211 18.39195609 -71.31266087
v 8.34368133 18.44671922 -71.31266087
v 8.19012155 18.53978446 -71.31266087
v 6.67479498 19.24512440 -71.31266087
v 5.04350535 19.82484842 -71.31266087
v 3.37531717 20.22968470 -71.31266087
v 1.66471504 20.48011134 -71.31266087
v 0.06072294 20.55371924 -71.31266087
v 0.06070798 19.52145260 -71.31266087
v 1.58746255 19.45127152 -71.31266087
v 3.19117355 19.21393703 -71.31266087
v 4.75833252 18.83125605 -71.31266087
v 6.28617590 18.28559832 -71.31266087
v 7.68781600 17.63067839 -71.31266087
v 16.38872939 2.95710183 -71.31266087
v 16.26214126 1.44905930 -71.31266087
v 16.04645333 0.25037191 -71.31266087
v 0.00010000 20.55376106 -71.31266087
v 0.00010000 19.52149450 -71.31266087
v 0.06051435 54.94694569 -71.31266087
v 8.75240987 54.94705706 -71.31266087
v 9.18649425 55.05497851 -71.31266087
v 9.38276194 55.13120103 -71.31266087
v 9.49711060 55.19427228 -71.31266087
v 9.59283944 55.26576396 -71.31266087
v 9.67411946 55.34861100 -71.31266087
v 9.74637020 55.44680273 -71.31266087
v 9.82367883 55.58701367 -71.31266087
v 9.93152085 55.86692770 -71.31266087
v 10.01921162 56.16843567 -71.31266087
v 10.15802188 63.74957492 -71.31266087
v 9.89312355 63.74957240 -71.31266087
v 9.75454844 56.18179636 -71.31266087
v 9.66836801 55.83770652 -71.31266087
v 9.61203419 55.69896854 -71.31266087
v 9.57276351 55.62920717 -71.31266087
v 9.52981631 55.56987107 -71.31266087
v 9.48459371 55.52085030 -71.31266087
v 9.39863896 55.45036679 -71.31266087
v 9.29704429 55.38934027 -71.31266087
v 9.17780404 55.33532064 -71.31266087
v 9.03385978 55.28477365 -71.31266087
v 8.74380517 55.20485715 -71.31266087
v 4.76710530 55.20480500 -71.31266087
v 4.91346169 55.31895639 -71.31266087
v 4.98762836 55.39823179 -71.31266087
v 5.05547904 55.49388285 -71.31266087
v 5.12738761 55.63098236 -71.31266087
v 5.17500817 55.75107962 -71.31266087
v 5.21967305 55.89203595 -71.31266087
v 5.29049356 56.17005206 -71.31266087
v 5.32982743 63.74951562 -71.31266087
v 5.06500987 63.74951174 -71.31266087
v 5.02570123 56.17659429 -71.31266087
v 4.99966036 55.96743353 -71.31266087
v 4.97055435 55.84903402 -71.31266087
v 4.93278426 55.75748240 -71.31266087
v 4.87272899 55.65871827 -71.31266087
v 4.79535024 55.56480371 -71.31266087
v 4.69947787 55.47260927 -71.31266087
v 4.57953333 55.37633281 -71.31266087
v 4.33154185 55.20479929 -71.31266087
v 0.06050903 55.20474523 -71.31266087
v 0.00010000 55.20478458 -71.31266087
v 0.00010000 54.94698506 -71.31266087
v -0.06051523 55.20482407 -71.31266087
v -4.64304735 55.20488095 -71.31266087
v -4.83152586 55.29778132 -71.31266087
v -4.93348836 55.36396497 -71.31266087
v -5.00733777 55.42955649 -71.31266087
v -5.08077241 55.51847360 -71.31266087
v -5.14406045 55.62208578 -71.31266087
v -5.19976517 55.74252145 -71.31266087
v -5.25153910 55.88693221 -71.31266087
v -5.33272026 56.17646586 -71.31266087
v -5.36215505 63.74959321 -71.31266087
v -5.62697163 63.74959702 -71.31266087
v -5.59751258 56.17030119 -71.31266087
v -5.58539674 56.00597193 -71.31266087
v -5.55929739 55.89154433 -71.31266087
v -5.51270967 55.76988764 -71.31266087
v -5.43545619 55.62849484 -71.31266087
v -5.27801341 55.41322017 -71.31266087
v -5.09824481 55.20488680 -71.31266087
v -9.04032881 55.20493743 -71.31266087
v -9.38229971 55.28015972 -71.31266087
v -9.45560164 55.30483137 -71.31266087
v -9.52104111 55.33209392 -71.31266087
v -9.59123911 55.36916184 -71.31266087
v -9.65132874 55.41024037 -71.31266087
v -9.73844027 55.49239171 -71.31266087
v -9.80756075 55.58289560 -71.31266087
v -9.88211021 55.71435626 -71.31266087
v -9.97344465 55.93601262 -71.31266087
v -10.05176209 56.17321167 -71.31266087
v -10.19014693 63.74965107 -71.31266087
v -10.45505104 63.74965353 -71.31266087
v -10.31657592 56.16851559 -71.31266087
v -10.19278002 55.73864701 -71.31266087
v -10.10939619 55.54528831 -71.31266087
v -10.04216695 55.43332161 -71.31266087
v -9.96720324 55.34026575 -71.31266087
v -9.88142127 55.26206406 -71.31266087
v -9.78063603 55.19344626 -71.31266087
v -9.63767206 55.12130851 -71.31266087
v -9.35397054 55.02375948 -71.31266087
v -9.04942913 54.94713736 -71.31266087
v -0.06052049 54.94702456 -71.31266087
v -0.00010000 54.94698519 -71.31266087
v -0.00010000 55.20478471 -71.31266087
v -7.93320009 39.91503912 -71.31266087
v -5.74813341 40.28745812 -71.31266087
v -3.54410558 40.54490725 -71.31266087
v -1.31145998 40.65919088 -71.31266087
v -0.06076575 40.65880355 -71.31266087
v -0.06075122 41.68932320 -71.31266087
v -1.33937530 41.68970992 -71.31266087
v -3.65271027 41.57073020 -71.31266087
v -5.90294270 41.30723921 -71.31266087
v -8.14766257 40.92441416 -71.31266087
v -10.37825403 40.40731532 -71.31266087
v -12.55988362 39.75644987 -71.31266087
v -14.71771717 38.99027651 -71.31266087
v -16.81107159 38.10594693 -71.31266087
v -18.85201793 37.10513267 -71.31266087
v -20.82573053 35.98665648 -71.31266087
v -22.99771246 34.53569229 -71.31266087
v -23.45355810 33.98820389 -71.31266087
v -38.88537061 7.95034449 -71.31266087
v -39.08875836 7.17660134 -71.31266087
v -39.22373065 4.98596864 -71.31266087
v -39.24146706 2.75102935 -71.31266087
v -39.10507873 0.52683543 -71.31266087
v -39.07285376 0.25009541 -71.31266087
v -38.00777651 0.25012095 -71.31266087
v -38.05034272 0.61581518 -71.31266087
v -38.18224327 2.77774109 -71.31266087
v -38.16553595 4.95125142 -71.31266087
v -38.03467275 7.06199503 -71.31266087
v -37.89643419 7.55997718 -71.31266087
v -37.82782428 7.67864122 -71.31266087
v -22.55911927 33.43383330 -71.31266087
v -22.21844203 33.83479945 -71.31266087
v -22.12741114 33.90378108 -71.31266087
v -20.26541704 35.11221861 -71.31266087
v -18.34687461 36.19930899 -71.31266087
v -16.36144331 37.17259754 -71.31266087
v -14.32498298 38.03292669 -71.31266087
v -12.22266715 38.77913072 -71.31266087
v -10.10000125 39.41287757 -71.31266087
v -0.00010000 41.68928298 -71.31266087
v -0.00010000 40.65876326 -71.31266087
v -32.92336888 0.25024286 -71.31266087
v -33.04528828 1.42609267 -71.31266087
v -33.12266130 3.68251881 -71.31266087
v -33.03028523 4.22799819 -71.31266087
v -32.71757984 4.83692660 -71.31266087
v -32.18487856 5.31981374 -71.31266087
v -31.50286308 5.60683669 -71.31266087
v -30.72359746 5.66241219 -71.31266087
v -26.28122876 5.32091664 -71.31266087
v -20.02904197 3.64461699 -71.31266087
v -20.04691279 3.58587278 -71.31266087
v -20.11171588 3.00749506 -71.31266087
v -19.95579632 1.07985236 -71.31266087
v -19.81078769 0.25041272 -71.31266087
v -19.54259207 0.25041511 -71.31266087
v -19.69305585 1.11140865 -71.31266087
v -19.84828465 3.00615469 -71.31266087
v -19.78968622 3.53216623 -71.31266087
v -19.73521224 3.68188013 -71.31266087
v -10.34750203 19.64383749 -71.31266087
v -9.87063404 20.02058831 -71.31266087
v -9.55410132 20.20084890 -71.31266087
v -7.95729414 20.95915093 -71.31266087
v -6.30669316 21.56337607 -71.31266087
v -4.59816493 22.01654923 -71.31266087
v -2.86791175 22.33797052 -71.31266087
v -1.10179372 22.48836778 -71.31266087
v -0.06074419 22.48808023 -71.31266087
v -0.06074808 22.74537480 -71.31266087
v -1.11352117 22.74566167 -71.31266087
v -2.90446491 22.59291494 -71.31266087
v -4.65781986 22.26746574 -71.31266087
v -6.38807105 21.80841812 -71.31266087
v -8.06177469 21.19563335 -71.31266087
v -9.85857106 20.33125688 -71.31266087
v -10.02097500 20.23256681 -71.31266087
v -10.28630307 20.03371852 -71.31266087
v -14.91668436 24.51234247 -71.31266087
v -17.44725775 28.07643354 -71.31266087
v -17.74104265 28.68820443 -71.31266087
v -17.85242268 29.39060815 -71.31266087
v -17.72346847 30.07119300 -71.31266087
v -17.39417750 30.64066892 -71.31266087
v -16.84627461 31.08225207 -71.31266087
v -14.81464962 32.15322895 -71.31266087
v -12.69267770 33.08170547 -71.31266087
v -10.51036362 33.87792630 -71.31266087
v -8.27218994 34.50278536 -71.31266087
v -6.01264573 34.97642310 -71.31266087
v -3.69551597 35.29849664 -71.31266087
v -1.37735112 35.46867688 -71.31266087
v -0.06079682 35.46848284 -71.31266087
v -0.06079558 35.72594390 -71.31266087
v -1.38734940 35.72613777 -71.31266087
v -3.72413405 35.55461488 -71.31266087
v -6.05919520 35.23002510 -71.31266087
v -8.33666989 34.75269493 -71.31266087
v -10.59346341 34.12246507 -71.31266087
v -12.79336289 33.31986643 -71.31266087
v -14.93188539 32.38400532 -71.31266087
v -16.99385593 31.29490328 -71.31266087
v -17.61313441 30.78803094 -71.31266087
v -17.98000924 30.13899960 -71.31266087
v -18.12068655 29.39430047 -71.31266087
v -17.98861701 28.59538966 -71.31266087
v -17.67586715 27.94820487 -71.31266087
v -15.12354844 24.35144761 -71.31266087
v -14.92010702 23.95266548 -71.31266087
v -14.86838400 23.76284091 -71.31266087
v -14.85355367 23.55774268 -71.31266087
v -14.85389453 23.33988864 -71.31266087
v -14.89113051 23.13260822 -71.31266087
v -15.05697824 22.74590806 -71.31266087
v -24.80673860 6.31238449 -71.31266087
v -24.93741375 6.13161942 -71.31266087
v -25.08429572 5.97183416 -71.31266087
v -25.43254229 5.72527343 -71.31266087
v -25.62666605 5.64185483 -71.31266087
v -25.82182557 5.59183637 -71.31266087
v -26.03250286 5.57672846 -71.31266087
v -26.25593868 5.57722952 -71.31266087
v -30.72292331 5.91954163 -71.31266087
v -31.58735610 5.85204729 -71.31266087
v -32.34867523 5.52356598 -71.31266087
v -32.94343811 4.97303805 -71.31266087
v -33.28820622 4.28874905 -71.31266087
v -33.38575175 3.69862435 -71.31266087
v -33.30940902 1.40879843 -71.31266087
v -33.18930215 0.25023649 -71.31266087
v -24.72983276 5.97200590 -71.31266087
v -24.90395348 5.78452675 -71.31266087
v -24.58329728 6.17391899 -71.31266087
v -14.82146926 22.62825464 -71.31266087
v -14.71802956 22.84896246 -71.31266087
v -14.63596818 23.06732043 -71.31266087
v -14.59080232 23.31874235 -71.31266087
v -14.58908279 23.56831783 -71.31266087
v -14.60874143 23.80731939 -71.31266087
v -14.63505553 23.90435062 -71.31266087
v -10.51428395 19.83891961 -71.31266087
v -19.95061461 3.90242016 -71.31266087
v -25.59728243 5.38474531 -71.31266087
v -25.53700624 5.40016627 -71.31266087
v -25.30185104 5.50238340 -71.31266087
v -0.00010000 35.46844217 -71.31266087
v -0.00010000 35.72590324 -71.31266087
v -0.00010000 22.48803857 -71.31266087
v -0.00010000 22.74533316 -71.31266087
v -16.23479634 0.25044461 -71.31266087
v -16.46844790 1.47766455 -71.31266087
v -16.59124349 2.95700635 -71.31266087
v -7.87827401 17.63730215 -71.31266087
v -6.46697890 18.29457144 -71.31266087
v -4.93499886 18.83888853 -71.31266087
v -3.36956412 19.21854927 -71.31266087
v -1.76343953 19.45387061 -71.31266087
v -0.06069933 19.52153654 -71.31266087
v -0.06071494 20.55380301 -71.31266087
v -1.89379345 20.47767465 -71.31266087
v -3.60129211 20.22506522 -71.31266087
v -5.27189369 19.81703913 -71.31266087
v -6.90111309 19.23546653 -71.31266087
v -8.37723317 18.54815558 -71.31266087
v -8.53279449 18.45386311 -71.31266087
v -8.60303327 18.39838315 -71.31266087
v -8.66522735 18.33401384 -71.31266087
v -8.77453166 18.18860767 -71.31266087
v -17.56189262 3.37609472 -71.31266087
v -17.63050502 3.22201689 -71.31266087
v -17.65808196 3.00634206 -71.31266087
v -17.51492850 1.31568953 -71.31266087
v -17.31083270 0.25043501 -71.31266087
v -0.00010000 20.55376119 -71.31266087
v -0.00010000 19.52149464 -71.31266087
v -39.78495765 16.06048603 -71.31266087
v -40.13838328 15.48307926 -71.28176264
v -40.48029544 14.90511836 -71.19056091
v -40.80215793 14.32771172 -71.04133275
v -39.78495765 15.89017572 -71.31266087
v -39.78495765 15.54955509 -71.31266087
v -40.80215793 13.81718873 -71.04133275
v -40.48029499 14.39445907 -71.19056105
v -40.13838274 14.97228402 -71.28176270
v -0.06067806 46.87945963 -71.31266087
v -1.51446597 46.87956442 -71.31266087
v -4.12157706 46.74632868 -71.31266087
v -6.73075871 46.44106124 -71.31266087
v -9.29891574 46.00218539 -71.31266087
v -11.84845471 45.41057290 -71.31266087
v -14.33972119 44.66622681 -71.31266087
v -16.80996944 43.78844372 -71.31266087
v -19.20229516 42.77689206 -71.31266087
v -21.53599932 41.63191130 -71.31266087
v -23.79108671 40.35299199 -71.31266087
v -26.15237375 38.80150138 -71.31266087
v -26.67028731 38.18620536 -71.31266087
v -39.78495588 15.89017572 -71.31266087
v -26.44029791 38.05797566 -71.31266087
v -25.96893451 38.61754928 -71.31266087
v -25.81859524 38.72765117 -71.31266087
v -23.65109433 40.13429712 -71.31266087
v -21.40980313 41.40532811 -71.31266087
v -19.08989039 42.54359642 -71.31266087
v -16.71170209 43.54927379 -71.31266087
v -14.25524666 44.42202169 -71.31266087
v -11.77880710 45.16200407 -71.31266087
v -9.24547479 45.74992435 -71.31266087
v -6.69214481 46.18611466 -71.31266087
v -4.09882445 46.48953607 -71.31266087
v -1.50757339 46.62193470 -71.31266087
v -0.06068169 46.62182991 -71.31266087
v -43.91608505 8.19411632 -69.15970303
v -43.61749069 8.28007068 -69.34840702
v -43.70980414 8.09795462 -69.29025958
v -43.87171192 7.41968840 -69.18785980
v -44.00320881 4.89484088 -69.10430279
v -44.01982675 2.37218101 -69.09371826
v -43.90930899 0.25018166 -69.16400533
v -44.13328923 0.25019328 -69.02129984
v -44.24292059 2.36548001 -68.95107706
v -44.22629711 4.90354932 -68.96174080
v -44.09134071 7.46096437 -69.04810442
v -0.00010000 46.62179005 -71.31266087
v -0.00010000 46.87941979 -71.31266087
v -56.65118249 43.52301524 -59.18049149
v -55.40387761 43.77563245 -60.34979201
v -57.96146225 43.44689412 -57.89780604
v -59.08458476 43.52049515 -56.75120169
v -60.25824012 43.77092792 -55.50343726
v -61.37735136 44.17577824 -54.26331901
v -62.44609274 44.75552301 -53.02992129
v -63.41649567 45.46086303 -51.86554855
v -63.66428964 45.81578771 -51.56108295
v -63.59645364 45.67257531 -51.64473231
v -63.55750574 45.60868914 -51.69265436
v -63.51345753 45.55366019 -51.74676273
v -68.80379050 60.57231228 -44.47162537
v -68.85546324 60.77872901 -44.39157839
v -68.87080503 60.99370123 -44.36777282
v -68.79503103 62.65892223 -44.48517457
v -68.68895490 63.74985299 -44.64879086
v -68.09630368 63.74980352 -45.54756278
v -68.21631932 62.55130436 -45.36761872
v -68.28658248 61.04349314 -45.26179077
v -63.09707285 46.37001541 -52.25367401
v -62.19385238 45.71509182 -53.32552650
v -61.18789121 45.16942010 -54.47686683
v -60.13315881 44.78672582 -55.63892757
v -59.03101159 44.54938525 -56.80692493
v -57.96149109 44.47920687 -57.89777717
v -56.74533724 44.54686851 -59.09021706
v -55.57458370 44.78219802 -60.19262992
v -54.41271511 45.16187404 -61.24494660
v -53.25707419 45.70620589 -62.25247865
v -52.17676482 46.36348305 -63.16068605
v -45.16860107 61.04371923 -68.34825914
v -45.27131406 62.52283394 -68.28026929
v -45.46636938 63.74986074 -68.15054149
v -44.56574713 63.74990861 -68.74286314
v -44.39413497 62.68482184 -68.85381493
v -44.27377865 60.99442912 -68.93126703
v -44.29703066 60.77878580 -68.91632699
v -44.35480818 60.62472870 -68.87915535
v -51.48210682 45.81214061 -63.72817060
v -51.79085592 45.45258410 -63.47751013
v -51.67041041 45.54660730 -63.57558824
v -51.61554294 45.60235680 -63.62014443
v -51.56694495 45.66707366 -63.65954356
v -52.92640302 44.76526910 -62.53385414
v -54.16011638 44.18367499 -61.46843779
v -54.63052053 8.79448345 -61.05074346
v -54.49019001 8.70238073 -61.17602389
v -54.41934670 8.64140912 -61.23905417
v -54.37496149 8.59142201 -61.27846847
v -54.31711428 8.50586477 -61.32975020
v -54.27136277 8.41528198 -61.37023899
v -54.22241006 8.28489713 -61.41349591
v -54.17808758 8.12621059 -61.45259861
v -54.11363566 7.82290206 -61.50936096
v -60.90312557 8.79449990 -54.79503943
v -61.36612676 7.82271475 -54.27601253
v -61.34913939 8.03106660 -54.29521446
v -61.33146369 8.14087697 -54.31517847
v -61.31296725 8.21349885 -54.33605715
v -61.27596562 8.31476389 -54.37778107
v -61.23219301 8.40227202 -54.42706670
v -61.16418907 8.50661436 -54.50347521
v -61.07666113 8.61441216 -54.60154316
v -61.39118532 0.25054523 -54.24766737
v -61.56623393 0.25054150 -54.04892127
v -61.54154165 7.82925838 -54.07703488
v -61.19410889 8.79449717 -54.46988239
v -61.29249936 8.67783973 -54.35914190
v -61.34373676 8.59566120 -54.30131693
v -61.39062555 8.49351436 -54.24830221
v -61.43739248 8.35498039 -54.19533068
v -61.49702651 8.09600599 -54.12766076
v -63.76696734 8.79447093 -51.43404443
v -64.39717591 7.81753248 -50.64277624
v -64.34633877 8.14944272 -50.70735431
v -64.31803973 8.26928725 -50.74324456
v -64.28425651 8.37091560 -50.78603564
v -64.25498134 8.43478866 -50.82306978
v -64.22385533 8.48757322 -50.86239727
v -64.16516109 8.56132443 -50.93641905
v -64.09568414 8.62417996 -51.02381394
v -64.02184610 8.67447633 -51.11643733
v -63.89566498 8.73997085 -51.27407597
v -64.48390824 0.25047731 -50.53229293
v -64.64722648 0.25047358 -50.32318709
v -64.56058732 7.83089086 -50.43429007
v -63.77232910 9.05226971 -51.42739631
v -64.03186802 8.95051394 -51.10388317
v -64.12605481 8.89670431 -50.98563928
v -64.21567972 8.82615800 -50.87270491
v -64.27728110 8.75946051 -50.79485838
v -64.33134353 8.67998494 -50.72637714
v -64.37677086 8.58970475 -50.66872026
v -64.42314703 8.46682031 -50.60974381
v -64.46474355 8.32090680 -50.55673999
v -64.51706133 8.07825452 -50.48996108
v -51.26665337 9.05224297 -63.90162206
v -57.15607629 9.05228267 -58.69237777
v -60.57318323 9.05228558 -55.15910794
v -50.27124084 7.83086000 -64.68762938
v -50.36354623 8.24138025 -64.61579003
v -50.41038152 8.39036615 -64.57926152
v -50.47007496 8.53170729 -64.53262545
v -50.52550058 8.62837647 -64.48923425
v -50.59078646 8.71262076 -64.43802703
v -50.66403537 8.78259710 -64.38044491
v -50.76273578 8.85296074 -64.30264750
v -50.87920280 8.91496125 -64.21054179
v -51.07166720 8.99090605 -64.05756502
v -50.16007516 0.25044787 -64.77386750
v -50.36957777 0.25045138 -64.61108795
v -50.48028053 7.82616555 -64.52463350
v -51.27370773 8.79444307 -63.89596189
v -51.01490492 8.72241250 -64.10278067
v -50.92080998 8.68050462 -64.17755126
v -50.84081835 8.62897655 -64.24093897
v -50.79029808 8.58369673 -64.28088870
v -50.74803845 8.53559773 -64.31425688
v -50.68777456 8.44490970 -64.36176555
v -50.63489405 8.33723256 -64.40337806
v -50.59112334 8.22253348 -64.43776348
v -50.53166792 8.02623128 -64.48439942
v -54.28986538 8.79447903 -61.35387165
v -53.91421209 7.82906755 -61.68423449
v -53.92370547 7.99592486 -61.67593568
v -53.94195087 8.10302315 -61.65997881
v -53.97454836 8.21889785 -61.63144607
v -54.03020716 8.35769868 -61.58265798
v -54.15278622 8.58333293 -61.47488588
v -53.89366311 0.25051169 -61.70218899
v -54.09289010 0.25051519 -61.52760592
v -40.41804676 30.09631076 -71.21207186
v -40.59376450 29.97962688 -71.14568678
v -40.69965344 29.90575097 -71.09638239
v -40.80215793 29.83119347 -71.04133275
v -40.32565849 30.16529400 -71.23979801
v -39.97374919 30.56626948 -71.30392194
v -39.78495765 30.88136641 -71.31266087
v -39.78495765 30.35296731 -71.31266087
v -39.78495765 29.29616909 -71.31266087
v -40.80215793 28.61007311 -71.04133275
v -40.51368602 28.81568263 -71.17802808
v -40.20780664 29.02185402 -71.26815373
v -39.99766438 29.15919830 -71.30144583
v -39.53315347 29.46439064 -71.31266087
v -39.07731673 30.01189424 -71.31266087
v -23.64444754 56.04946295 -71.31266087
v -23.44098335 56.82320084 -71.31266087
v -23.30573311 59.01384658 -71.31266087
v -23.28771597 61.24880326 -71.31266087
v -23.42383008 63.47302007 -71.31266087
v -23.45602216 63.74976365 -71.31266087
v -24.52111340 63.74977486 -71.31266087
v -24.47859653 63.38407568 -71.31266087
v -24.34696822 61.22212735 -71.31266087
v -24.36394854 59.04860009 -71.31266087
v -24.49505798 56.93784612 -71.31266087
v -24.63334452 56.43986715 -71.31266087
v -24.70196541 56.32120546 -71.31266087
v -39.78495588 30.35296731 -71.31266087
v -71.04133363 28.72123985 -40.80215639
v -70.50464799 28.02981081 -41.72267564
v -71.04133363 29.96046860 -40.80215639
v -70.21829793 28.90527216 -42.20281610
v -69.19995556 27.81562967 -43.85263049
v -68.11515617 26.83994984 -45.51936457
v -66.96267887 25.97787727 -47.19837591
v -65.73804350 25.22961532 -48.88963783
v -64.44053349 24.59548718 -50.58759426
v -63.07753193 24.09110243 -52.27726098
v -61.65863619 23.71630453 -53.94348556
v -60.17557132 23.45480926 -55.59305412
v -58.64426676 23.34118496 -57.20609257
v -57.07069788 23.34051506 -58.77603673
v -55.44608830 23.45481087 -60.31101344
v -53.80153923 23.71227809 -61.78253335
v -52.13433089 24.08472661 -63.19571657
v -50.44301386 24.58693219 -64.55377141
v -48.75116537 25.22072746 -65.84079985
v -47.04481032 25.96697852 -67.07065582
v -45.36235266 26.82737627 -68.21982125
v -43.69334759 27.80070816 -69.30063799
v -42.05641679 28.88783594 -70.30607980
v -41.57425335 28.01338127 -70.59226947
v -43.26452635 26.89486660 -69.56915847
v -44.98674441 25.89399968 -68.46809387
v -46.72278836 25.00959940 -67.29537947
v -48.47941098 24.24337194 -66.04115203
v -50.22311405 23.59245613 -64.72500186
v -51.96862623 23.07531084 -63.33205301
v -53.68458366 22.69245333 -61.88418641
v -55.36596557 22.42894521 -60.38457507
v -57.05066876 22.30994998 -58.79547809
v -58.66356049 22.31062002 -57.18630711
v -60.22546064 22.42592263 -55.53900378
v -61.76098156 22.69647921 -53.82627803
v -63.21424678 23.08168674 -52.11186098
v -64.61162825 23.60067600 -50.36888470
v -65.93898388 24.25242815 -48.61828313
v -67.18870164 25.02100115 -46.87606450
v -68.36427084 25.90657368 -45.14436313
v -69.46855302 26.90878152 -43.42588158
v -71.30110582 29.24869090 -40.00196176
v -71.25148416 29.07438278 -40.28076116
v -71.16425581 28.89837274 -40.54904741
v -71.31266087 29.45201728 -39.78495588
v -71.31266087 31.24548144 -39.78495588
v -71.26468518 30.52059661 -40.22507711
v -71.25294766 30.43566865 -40.27525059
v -71.12545906 30.07833266 -40.63915609
v -71.31266087 63.74973055 -23.65501676
v -71.31266087 63.50068068 -23.62585560
v -71.31266087 61.26236451 -23.50456762
v -71.31266087 59.04083513 -23.52083744
v -71.31266087 56.55126762 -23.68262262
v -71.31266087 55.83862368 -23.98124428
v -71.31266087 29.80894883 -39.40887783
v -71.31266087 56.32217627 -24.91738383
v -71.31266087 56.79464278 -24.72324504
v -71.31266087 56.90071723 -24.71358768
v -71.31266087 59.07575387 -24.57905042
v -71.31266087 61.23921187 -24.56311289
v -71.31266087 63.41559525 -24.68095260
v -71.31266087 63.74974013 -24.72008570
v -39.78495765 23.35228453 -71.31266087
v -40.10315173 23.17775297 -71.28751301
v -40.41332745 23.00270090 -71.21330912
v -40.61215257 22.88609566 -71.13752123
v -40.80215793 22.76983707 -71.04133275
v -39.78495765 23.25290948 -71.31266087
v -39.78495765 23.05415938 -71.31266087
v -40.80215793 22.47168094 -71.04133275
v -40.51371115 22.64622271 -71.17800028
v -40.20778507 22.82128422 -71.26813557
v -39.99762764 22.93789530 -71.30143977
v -38.73969249 23.64700101 -71.31266087
v -36.37843708 25.19854459 -71.31266087
v -35.86053735 25.81385298 -71.31266087
v -18.08268955 55.80537385 -71.31266087
v -17.87509521 56.53849344 -71.31266087
v -17.71468631 59.09587180 -71.31266087
v -17.69460966 61.63411795 -71.31266087
v -17.82422858 63.74971894 -71.31266087
v -18.08932873 63.74972104 -71.31266087
v -17.95907547 61.62740644 -71.31266087
v -17.97915440 59.10460152 -71.31266087
v -18.13507995 56.57978383 -71.31266087
v -18.32646682 55.90154750 -71.31266087
v -18.43543123 55.71944291 -71.31266087
v -36.09052947 25.94208001 -71.31266087
v -36.56188030 25.38249512 -71.31266087
v -36.71221707 25.27239012 -71.31266087
v -38.87968980 23.86569499 -71.31266087
v -39.78495588 23.25290948 -71.31266087
v -71.04133363 22.59218186 -40.80215639
v -70.84517585 22.37151757 -41.14180489
v -71.04133363 22.88969810 -40.80215639
v -70.78188273 22.59826938 -41.25060155
v -69.58439461 21.45924759 -43.24001708
v -68.29802253 20.45332322 -45.24452639
v -66.92159489 19.57998779 -47.25660998
v -65.45055127 18.83976885 -49.27385096
v -63.89310185 18.25111418 -51.27727163
v -62.26269600 17.81436321 -53.24512877
v -60.55938743 17.51057839 -55.17470113
v -58.76665739 17.37768807 -57.08035590
v -56.92972724 17.37752370 -58.91258955
v -55.03577417 17.50991011 -60.68567056
v -53.08575479 17.81335979 -62.39863531
v -51.11446829 18.24960849 -64.02341901
v -49.10745288 18.83759260 -65.57549177
v -47.10170284 19.57764382 -67.03071415
v -45.06975425 20.45048101 -68.41348041
v -43.06193964 21.45624048 -69.69473728
v -41.06974119 22.59459393 -70.88697630
v -40.96050691 22.36800982 -70.95015098
v -42.96612826 21.22294240 -69.75384486
v -44.98753749 20.21130817 -68.46757277
v -47.03256813 19.33343072 -67.07924109
v -49.05159684 18.58901475 -65.61728353
v -51.07263504 17.99733790 -64.05679511
v -53.05634016 17.55840287 -62.42364792
v -55.01889004 17.25310698 -60.70097848
v -56.92476761 17.11988845 -58.91738184
v -58.77146978 17.12005305 -57.07540092
v -60.57473479 17.25394304 -55.15785126
v -62.28778529 17.55957406 -53.21577637
v -63.92658500 17.99884346 -51.23552265
v -65.49227887 18.59102302 -49.21837521
v -66.97028859 19.33560657 -47.18757778
v -68.35251021 20.21415057 -45.16216778
v -69.64375040 21.22594968 -43.14435167
v -71.31266087 23.16983974 -39.78495588
v -71.28751268 22.99674472 -40.10314866
v -71.21330832 22.82313097 -40.41332658
v -71.13752077 22.70748395 -40.61215254
v -71.31266087 23.46729591 -39.78495765
v -71.17799944 23.06277661 -40.51371116
v -71.26813488 23.23637248 -40.20778329
v -71.30143953 23.35200691 -39.99762549
v -71.31266087 23.87004005 -39.06885940
v -71.31266087 25.27421337 -36.90586232
v -71.31266087 25.75910856 -36.41140573
v -71.31266087 25.91469776 -36.32279020
v -71.31266087 55.76104078 -18.62742187
v -71.31266087 56.39295427 -18.36879996
v -71.31266087 56.58378757 -18.35120984
v -71.31266087 59.11129065 -18.19494988
v -71.31266087 61.63611209 -18.17558483
v -71.31266087 63.74970029 -18.28903339
v -71.31266087 63.74969918 -18.02414010
v -71.31266087 61.64181755 -17.91112025
v -71.31266087 59.10256185 -17.93048562
v -71.31266087 56.31490699 -18.11571336
v -71.31266087 55.64875456 -18.38950704
v -71.31266087 25.60251624 -36.19761981
v -71.31266087 25.07582837 -36.73862571
v -71.31266087 23.65117827 -38.92920761
v -39.78495765 59.62781952 -71.31266087
v -40.07147780 59.70205048 -71.29223984
v -40.35227619 59.77656479 -71.23191635
v -40.58291691 59.84001594 -71.15013563
v -40.80215639 59.90322918 -71.04133363
v -39.78495765 59.54008993 -71.31266087
v -39.78495765 59.36463075 -71.31266087
v -40.07147630 59.43731123 -71.29223946
v -40.35227615 59.51026980 -71.23191538
v -40.58291800 59.57239607 -71.15013465
v -40.80215639 59.63428869 -71.04133363
v -40.80215639 52.48214092 -71.04133363
v -40.48029355 53.05887741 -71.19056151
v -40.13838090 53.63616871 -71.28176287
v -39.78495588 54.21290581 -71.31266087
v -40.80215793 52.99702757 -71.04133275
v -40.48029464 53.57377960 -71.19056107
v -40.13838208 54.15108679 -71.28176271
v -39.78495765 54.72784016 -71.31266087
v -39.78495765 54.55619537 -71.31266087
v -39.78495588 54.55619537 -71.31266087
v -37.72291782 57.68803151 -71.31266087
v -37.59222438 57.86879081 -71.31266087
v -37.44532615 58.02856981 -71.31266087
v -37.09705413 58.27511644 -71.31266087
v -36.90292155 58.35852747 -71.31266087
v -36.70775651 58.40853850 -71.31266087
v -36.49707713 58.42363861 -71.31266087
v -36.27364073 58.42312935 -71.31266087
v -31.80665639 58.08062307 -71.31266087
v -30.94221545 58.14807219 -71.31266087
v -30.18085703 58.47651367 -71.31266087
v -29.58602835 59.02701049 -71.31266087
v -29.24118751 59.71128745 -71.31266087
v -29.14357940 60.30141231 -71.31266087
v -29.21966806 62.59125672 -71.31266087
v -29.33961854 63.74983384 -71.31266087
v -29.60555351 63.74983709 -71.31266087
v -29.48378752 62.57397242 -71.31266087
v -29.40666281 60.31752818 -71.31266087
v -29.49909669 59.77204875 -71.31266087
v -29.81187039 59.16313376 -71.31266087
v -30.34462938 58.68027448 -71.31266087
v -31.02667921 58.39328721 -71.31266087
v -31.80595154 58.33775248 -71.31266087
v -36.24832516 58.67943991 -71.31266087
v -39.78495588 59.54008993 -71.31266087
v -36.93227976 58.61563666 -71.31266087
v -36.99255765 58.60021800 -71.31266087
v -37.22772365 58.49801005 -71.31266087
v -37.62564913 58.21588270 -71.31266087
v -37.79978927 58.02841099 -71.31266087
v -37.94634605 57.82650445 -71.31266087
v -71.04133363 53.38599426 -40.80215639
v -71.04133275 52.86700745 -40.80215793
v -67.23051573 41.36935238 -46.81607421
v -67.15694606 41.13219022 -46.92154777
v -67.12158456 40.91030098 -46.97211871
v -67.09825346 40.67112350 -47.00544046
v -67.08717475 40.42153939 -47.02125088
v -67.10082111 40.16977272 -47.00177503
v -67.11265946 40.09766236 -46.98486980
v -64.64895976 44.20504136 -50.32096037
v -70.06177154 60.09014655 -42.46216220
v -71.04133363 59.57926422 -40.80215639
v -71.04133363 59.84515835 -40.80215639
v -70.08757865 60.35069030 -42.41955174
v -70.09575809 60.43337030 -42.40603434
v -70.10612852 60.64333401 -42.38888762
v -70.02448548 62.93239917 -42.52362265
v -69.95002133 63.74996177 -42.64600294
v -69.80983789 63.74994943 -42.87509281
v -69.88761294 62.90067005 -42.74820005
v -69.95891538 61.18530207 -42.63141107
v -69.96860603 61.00756053 -42.61550446
v -69.96894945 60.65560459 -42.61494062
v -69.95978161 60.47048071 -42.62998953
v -69.93496823 60.19539786 -42.67068396
v -64.52386305 44.34913835 -50.48126531
v -64.27195271 43.98659692 -50.80160573
v -64.08500664 43.80280947 -51.03723125
v -63.08059808 43.04651500 -52.27356116
v -62.00153786 42.44076753 -53.54900889
v -60.88251864 41.98640280 -54.81793479
v -59.69814141 41.66447295 -56.10542721
v -58.47246588 41.51273838 -57.38168510
v -57.22101111 41.51223549 -58.62971037
v -55.94268146 41.66263102 -59.85067620
v -54.66440647 41.98406040 -61.02040409
v -53.37877664 42.43725353 -62.14815568
v -52.11575854 43.04149354 -63.21103354
v -50.87260225 43.79980473 -64.21577213
v -50.62374466 43.98006779 -64.41213804
v -50.24736406 44.35682661 -64.70617787
v -42.51003166 60.31879327 -70.03273705
v -42.46338654 60.46850070 -70.06102949
v -42.41314973 60.99450023 -70.09145298
v -42.54553060 62.88914943 -70.01117679
v -42.67367428 63.75000790 -69.93314360
v -42.44426139 63.75001983 -70.07261752
v -42.32059321 62.92071031 -70.14737657
v -42.18730844 60.99313865 -70.22761605
v -42.24296645 60.41477417 -70.19415101
v -42.25829989 60.35603221 -70.18492103
v -42.32556899 60.09823894 -70.14437440
v -50.11532485 44.16173395 -64.80849686
v -46.79064637 40.09608830 -67.24821531
v -46.81224077 40.19312366 -67.23318500
v -46.82836504 40.43213432 -67.22195533
v -46.82694802 40.68171892 -67.22294244
v -46.78987729 40.93314926 -67.24875042
v -46.72248914 41.15151380 -67.29558722
v -46.63747213 41.37222790 -67.35453395
v -46.44361500 41.25456607 -67.48835215
v -46.58018732 40.86785463 -67.39416295
v -46.61082433 40.66056727 -67.37297756
v -46.61111014 40.44270525 -67.37277983
v -46.59891630 40.23759921 -67.38121437
v -46.55636108 40.04776656 -67.41062448
v -46.38877433 39.64896576 -67.52605917
v -44.26040820 36.05205062 -68.93985289
v -43.99648394 35.40484883 -69.10858449
v -43.88484507 34.60591863 -69.17953038
v -44.00377448 33.86120126 -69.10394259
v -44.31329879 33.21214726 -68.90586768
v -44.83370424 32.70525721 -68.56840391
v -46.54675123 31.61611461 -67.41726040
v -48.29089125 30.68021374 -66.17912716
v -50.05272265 29.87758000 -64.85685781
v -51.82232814 29.24731202 -63.45181918
v -53.56643724 28.76995506 -61.98648120
v -55.31326221 28.44534171 -60.43285591
v -57.01613369 28.27380326 -58.82896863
v -58.67093747 28.27413788 -57.17873859
v -60.29238094 28.44634598 -55.46634882
v -61.83779680 28.77146105 -53.73801203
v -63.32011189 29.24948728 -51.98317497
v -64.71826948 29.88075947 -50.23178920
v -66.05615272 30.68355820 -48.45896963
v -67.28796252 31.62012725 -46.73346927
v -68.46019137 32.71749103 -44.99876941
v -68.71702571 33.07919486 -44.60557620
v -68.95559501 33.71868072 -44.23587873
v -69.05258984 34.50536083 -44.08431566
v -69.00925633 35.30546487 -44.15211875
v -68.80621048 36.07049191 -44.46788110
v -67.39639246 39.63736382 -46.57696140
v -67.28031821 40.02827579 -46.74447380
v -67.24941733 40.21424793 -46.78891876
v -67.23838959 40.42153582 -46.80476489
v -67.24863245 40.63922954 -46.79004685
v -67.26930442 40.85507673 -46.76032221
v -67.29625712 41.03668355 -46.72152424
v -64.36969955 43.78031376 -50.67769559
v -64.52690700 43.99496418 -50.47737436
v -67.27267785 39.49100658 -46.75546883
v -68.68203642 35.94075148 -44.65943263
v -68.86800273 35.25729595 -44.37212244
v -68.90800268 34.51979708 -44.30997875
v -68.82812867 33.83969644 -44.43394822
v -68.61814325 33.26818742 -44.75754089
v -68.38042797 32.93199588 -45.11988608
v -67.22082366 31.85091296 -46.82998950
v -65.99627888 30.92172905 -48.54048026
v -64.66720074 30.12547750 -50.29751683
v -63.27914892 29.49940856 -52.03303145
v -61.80723373 29.02507513 -53.77316160
v -60.27273590 28.70247773 -55.48769555
v -58.66395104 28.53161239 -57.18590647
v -57.02331855 28.53127791 -58.82200432
v -55.33440095 28.70147362 -60.41350115
v -53.60167429 29.02356928 -61.95601314
v -51.87228689 29.49723340 -63.41098409
v -50.11858679 30.12213024 -64.80597433
v -48.37226595 30.91838471 -66.11967133
v -46.64319509 31.84690042 -67.35057091
v -44.95733063 32.91791583 -68.48741105
v -44.49759452 33.35951441 -68.78699828
v -44.22030330 33.92901021 -68.96558436
v -44.11150876 34.60961269 -69.03522177
v -44.20546864 35.31203345 -68.97509400
v -44.45292107 35.92382039 -68.81587650
v -46.55918680 39.48806849 -67.40867285
v -50.29577167 43.96693062 -64.66855807
v -50.50527887 43.76807832 -64.50506845
v -50.63324759 43.66938673 -64.40466822
v -52.03505525 42.80499906 -63.27748474
v -53.31698804 42.19220022 -62.20117231
v -54.61990082 41.73313267 -61.06024472
v -55.91593600 41.40767542 -59.87566410
v -57.21261105 41.25492998 -58.63790742
v -58.48067673 41.25543287 -57.37331697
v -59.72296580 41.40934947 -56.07900148
v -60.92247173 41.73547460 -54.77352908
v -62.05471940 42.19571402 -53.48737094
v -63.14702790 42.80985240 -52.19329380
v -64.16473881 43.57772795 -50.93695459
v -71.16632452 59.50585541 -40.54352964
v -71.25386486 59.43216658 -40.26998976
v -71.29781792 59.36941888 -40.02925782
v -71.31266087 59.30690730 -39.78495588
v -71.31266087 59.56850695 -39.78495588
v -71.16632533 59.77059187 -40.54352881
v -71.25386550 59.69574147 -40.26999010
v -71.29781815 59.63200456 -40.02925890
v -71.31266087 54.60268918 -39.78495765
v -71.28176256 54.02431391 -40.13838488
v -71.19056075 53.44538417 -40.48029645
v -71.31266087 55.12047662 -39.78495588
v -71.28176265 54.54250157 -40.13838357
v -71.19056108 53.96397149 -40.48029544
v -71.31266087 58.67881492 -36.48208813
v -71.31266087 58.33769839 -32.02170949
v -71.31266087 58.37477304 -31.31898693
v -71.31266087 58.64380934 -30.65556554
v -71.31266087 59.09243571 -30.12109332
v -71.31266087 59.66392333 -29.77246612
v -71.31266087 60.34568471 -29.64002755
v -71.31266087 62.58248242 -29.72026376
v -71.31266087 63.74978610 -29.83111795
v -71.31266087 63.74978372 -29.56562028
v -71.31266087 62.59876053 -29.45614490
v -71.31266087 60.32621133 -29.37763043
v -71.31266087 59.55180297 -29.53283070
v -71.31266087 58.91083064 -29.93180304
v -71.31266087 58.41369974 -30.53420456
v -71.31266087 58.11848180 -31.28210489
v -71.31266087 58.08040042 -32.02516972
v -71.31266087 58.42342712 -36.51974909
v -71.31266087 58.42309738 -36.72422131
v -71.31266087 58.40447368 -36.94800374
v -71.31266087 58.35077121 -37.16144353
v -71.31266087 58.26333197 -37.35384948
v -71.31266087 58.01242143 -37.69866915
v -71.31266087 57.85717405 -37.83763576
v -71.31266087 57.67876468 -37.96488100
v -71.31266087 57.81706878 -38.18830035
v -71.31266087 58.01679326 -38.04519263
v -71.31266087 58.19990120 -37.87898463
v -71.31266087 58.48622452 -37.48451099
v -71.31266087 58.59313216 -37.24831466
v -71.31266087 58.61314505 -37.16883671
v -71.31266087 0.49914461 -38.72139413
v -71.31266087 2.73743673 -38.84293930
v -71.31266087 4.95894811 -38.82690803
v -71.31266087 7.44850385 -38.66537743
v -71.31266087 8.16115927 -38.36680511
v -71.31266087 34.19108237 -22.94003422
v -71.31266087 34.75132736 -22.34971180
v -71.31266087 35.97016930 -20.47151020
v -71.31266087 37.09115914 -18.48020952
v -71.31266087 38.09331540 -16.44063538
v -71.31266087 38.97882564 -14.34899844
v -71.31266087 39.74735240 -12.20564054
v -71.31266087 40.39906488 -10.01193773
v -71.31266087 40.91801806 -7.78065203
v -71.31266087 41.30320485 -5.53351099
v -71.31266087 41.57375818 -3.23602751
v -71.31266087 41.68906128 -0.96888766
v -71.31266087 41.68973174 1.30894344
v -71.31266087 41.57073424 3.62228855
v -71.31266087 41.30722816 5.87253315
v -71.31266087 40.92438920 8.11726087
v -71.31266087 40.40728054 10.34785637
v -71.31266087 39.75640659 12.52948812
v -71.31266087 38.99022800 14.68732764
v -71.31266087 38.10589108 16.78068806
v -71.31266087 37.10507722 18.82164306
v -71.31266087 35.98660267 20.79535746
v -71.31266087 34.53563878 22.96734033
v -71.31266087 33.98814899 23.42318546
v -71.31266087 7.95031270 38.85508456
v -71.31266087 7.17656749 39.05847985
v -71.31266087 4.98593613 39.19346488
v -71.31266087 2.75099814 39.21121448
v -71.31266087 0.52680541 39.07483951
v -71.31266087 0.25006553 39.04261623
v -71.31266087 0.25009038 37.97754064
v -71.31266087 0.61578442 38.02010462
v -71.31266087 2.77770917 38.15199218
v -71.31266087 4.95121825 38.13527203
v -71.31266087 7.06196258 38.00439620
v -71.31266087 7.55994655 37.86615134
v -71.31266087 7.67861110 37.79753987
v -71.31266087 33.43377563 22.52874354
v -71.31266087 33.83474224 22.18806658
v -71.31266087 33.90372388 22.09703566
v -71.31266087 35.11216104 20.23504067
v -71.31266087 36.19925058 18.31649694
v -71.31266087 37.17254113 16.33105912
v -71.31266087 38.03287725 14.29459286
v -71.31266087 38.77908415 12.19226566
v -71.31266087 39.41283988 10.06959377
v -71.31266087 39.91501095 7.90278860
v -71.31266087 40.28744395 5.71771340
v -71.31266087 40.54490785 3.51367364
v -71.31266087 40.65920588 1.28101448
v -71.31266087 40.65853533 -0.94130386
v -71.31266087 40.54491057 -3.16258369
v -71.31266087 40.28342044 -5.37800187
v -71.31266087 39.90863965 -7.56618146
v -71.31266087 39.40428820 -9.73471093
v -71.31266087 38.77019844 -11.86841668
v -71.31266087 38.02197872 -13.95522818
v -71.31266087 37.15996494 -15.99100717
v -71.31266087 36.18432579 -17.97678866
v -71.31266087 35.09471998 -19.91291812
v -71.31266087 33.92169791 -21.71836399
v -71.31266087 33.56436966 -22.08559147
v -71.31266087 33.47944339 -22.13421038
v -71.31266087 7.67763984 -37.43062400
v -71.31266087 7.20516585 -37.62473006
v -71.31266087 7.09909095 -37.63437983
v -71.31266087 4.92406158 -37.76871469
v -71.31266087 2.76062235 -37.78440572
v -71.31266087 0.58426256 -37.66631341
v -71.31266087 0.25012197 -37.62714166
v -71.31266087 0.25009793 -38.69220416
v -71.31266087 0.25020899 32.89314092
v -71.31266087 1.42605767 33.01505849
v -71.31266087 3.68248761 33.09241862
v -71.31266087 4.22796884 33.00003574
v -71.31266087 4.83689981 32.68732243
v -71.31266087 5.31978964 32.15461442
v -71.31266087 5.60681465 31.47259463
v -71.31266087 5.66238128 30.69333375
v -71.31266087 5.32086817 26.25096935
v -71.31266087 3.64455127 19.99881794
v -71.31266087 3.58580716 20.01668922
v -71.31266087 3.00742964 20.08149815
v -71.31266087 1.07978457 19.92560340
v -71.31266087 0.25034351 19.78060578
v -71.31266087 0.25034455 19.51241133
v -71.31266087 1.11133956 19.66286369
v -71.31266087 3.00608794 19.81806810
v -71.31266087 3.53209962 19.75946334
v -71.31266087 3.68181336 19.70498773
v -71.31266087 19.64373827 10.31713105
v -71.31266087 20.02048707 9.84025900
v -71.31266087 20.20074617 9.52372431
v -71.31266087 20.95904300 7.92691105
v -71.31266087 21.56326287 6.27629806
v -71.31266087 22.01642750 4.56775530
v -71.31266087 22.33783847 2.83748832
v -71.31266087 22.48822244 1.07136067
v -71.31266087 22.48771966 -0.69580364
v -71.31266087 22.33599416 -2.46331131
v -71.31266087 22.01408077 -4.21012965
v -71.31266087 21.55974200 -5.90039762
v -71.31266087 20.95401244 -7.57101039
v -71.31266087 20.19773086 -9.16230963
v -71.31266087 20.01394733 -9.46263837
v -71.31266087 19.65141562 -9.86951243
v -71.31266087 3.80518706 -19.36566932
v -71.31266087 3.53009673 -19.41324633
v -71.31266087 3.34496887 -19.43082734
v -71.31266087 2.99300785 -19.43013015
v -71.31266087 2.81526508 -19.41150692
v -71.31266087 1.09977027 -19.27423806
v -71.31266087 0.25035628 -19.12507591
v -71.31266087 0.25035541 -19.39332339
v -71.31266087 1.06804761 -19.53697791
v -71.31266087 3.35722035 -19.69494735
v -71.31266087 3.56718858 -19.67495325
v -71.31266087 3.64987093 -19.65918025
v -71.31266087 5.32147376 -25.86572620
v -71.31266087 5.66240482 -30.32607918
v -71.31266087 5.62530194 -31.02879435
v -71.31266087 5.35624470 -31.69219113
v -71.31266087 4.90759431 -32.22662561
v -71.31266087 4.33609059 -32.57520190
v -71.31266087 3.65432236 -32.70757731
v -71.31266087 1.41752686 -32.62712965
v -71.31266087 0.25023733 -32.51614025
v -71.31266087 0.25023134 -32.78163632
v -71.31266087 1.40124056 -32.89124502
v -71.31266087 3.67378433 -32.96997850
v -71.31266087 4.44820067 -32.81484993
v -71.31266087 5.08919142 -32.41593462
v -71.31266087 5.58634937 -31.81357485
v -71.31266087 5.88159204 -31.06570084
v -71.31266087 5.91970255 -30.32264327
v -71.31266087 5.57686371 -25.82808765
v -71.31266087 5.57720104 -25.62362013
v -71.31266087 5.59583309 -25.39984440
v -71.31266087 5.64954338 -25.18641089
v -71.31266087 5.73698927 -24.99401065
v -71.31266087 5.98791228 -24.64920994
v -71.31266087 6.14316515 -24.51025675
v -71.31266087 6.32157985 -24.38302766
v -71.31266087 22.96370052 -14.53725761
v -71.31266087 23.14530178 -14.49001948
v -71.31266087 23.36114206 -14.45381554
v -71.31266087 23.57882853 -14.43588667
v -71.31266087 23.78610895 -14.45519744
v -71.31266087 23.97207383 -14.50933411
v -71.31266087 24.36296916 -14.71312053
v -71.31266087 27.92969880 -17.24751259
v -71.31266087 28.69470672 -17.62232618
v -71.31266087 29.49479203 -17.70266735
v -71.31266087 30.28145018 -17.52301902
v -71.31266087 30.92091398 -17.08372645
v -71.31266087 31.28260526 -16.61478090
v -71.31266087 32.37993086 -14.52280118
v -71.31266087 33.31646733 -12.40323651
v -71.31266087 34.11923518 -10.18539756
v -71.31266087 34.75047221 -7.94721571
v -71.31266087 35.22847315 -5.65041661
v -71.31266087 35.55357367 -3.33465292
v -71.31266087 35.72577438 -0.97958023
v -71.31266087 35.72610923 1.35687185
v -71.31266087 35.55457802 3.69366870
v -71.31266087 35.22997907 6.02874062
v -71.31266087 34.75264783 8.30622921
v -71.31266087 34.12241636 10.56303094
v -71.31266087 33.31981556 12.76294131
v -71.31266087 32.38394863 14.90147104
v -71.31266087 31.29484485 16.96345146
v -71.31266087 30.78797295 17.58273575
v -71.31266087 30.13894219 17.94961726
v -71.31266087 29.39424365 18.09030095
v -71.31266087 28.59533340 17.95823696
v -71.31266087 27.94814854 17.64549005
v -71.31266087 24.35137815 15.09316326
v -71.31266087 23.95259463 14.88972112
v -71.31266087 23.76276955 14.83799789
v -71.31266087 23.55767109 14.82316944
v -71.31266087 23.33981688 14.82351264
v -71.31266087 23.13253640 14.86075082
v -71.31266087 22.74583640 15.02660261
v -71.31266087 6.31233202 24.77649054
v -71.31266087 6.13156746 24.90716728
v -71.31266087 5.97178276 25.05405058
v -71.31266087 5.72522331 25.40229841
v -71.31266087 5.64180510 25.59641861
v -71.31266087 5.59178705 25.79157450
v -71.31266087 5.57667960 26.00224781
v -71.31266087 5.57718116 26.22567939
v -71.31266087 5.91951114 30.69265668
v -71.31266087 5.85202618 31.55708454
v -71.31266087 5.52354212 32.31840884
v -71.31266087 4.97301114 32.91317937
v -71.31266087 4.28871929 33.25795638
v -71.31266087 3.69859258 33.35550927
v -71.31266087 1.40876414 33.27917361
v -71.31266087 0.25020278 33.15907377
v -71.31266087 5.38469535 25.56703591
v -71.31266087 3.90235398 19.92038855
v -71.31266087 5.40011618 25.50676084
v -71.31266087 5.50233284 25.27160995
v -71.31266087 5.78447472 24.87371083
v -71.31266087 5.97195320 24.69958855
v -71.31266087 6.17386571 24.55305128
v -71.31266087 22.62818224 14.79109502
v -71.31266087 22.84888994 14.68765300
v -71.31266087 23.06724785 14.60558932
v -71.31266087 23.31866984 14.56042079
v -71.31266087 23.56824551 14.55869858
v -71.31266087 23.80724731 14.57835464
v -71.31266087 23.90427881 14.60466884
v -71.31266087 19.83882167 10.48391226
v -71.31266087 23.57882901 -14.17176056
v -71.31266087 23.83058660 -14.19555417
v -71.31266087 23.32925323 -14.19106848
v -71.31266087 23.09008340 -14.23175483
v -71.31266087 22.86820090 -14.29347482
v -71.31266087 22.63104497 -14.42208828
v -71.31266087 6.18328124 -24.15958850
v -71.31266087 5.98355076 -24.30267815
v -71.31266087 5.80043628 -24.46887038
v -71.31266087 5.51409871 -24.86332240
v -71.31266087 5.40718309 -25.09951268
v -71.31266087 5.38716765 -25.17899029
v -71.31266087 3.91042211 -19.60944790
v -71.31266087 19.79550483 -10.07252041
v -71.31266087 23.90269415 -14.21620024
v -71.31266087 20.42280225 -9.29023564
v -71.31266087 20.22022077 -9.62021795
v -71.31266087 21.19066469 -7.67514435
v -71.31266087 21.80478617 -5.98177401
v -71.31266087 22.26499874 -4.26978235
v -71.31266087 22.59110808 -2.49951679
v -71.31266087 22.74501544 -0.70752717
v -71.31266087 22.74551824 1.08308460
v -71.31266087 22.59278452 2.87403873
v -71.31266087 22.26734542 4.62740811
v -71.31266087 21.80830700 6.35767467
v -71.31266087 21.19552734 8.03139003
v -71.31266087 20.33115626 9.82819276
v -71.31266087 20.23246694 9.99059777
v -71.31266087 20.03361973 10.25592861
v -71.31266087 24.51227269 14.88629870
v -71.31266087 28.07637754 17.41687944
v -71.31266087 28.68814803 17.71066075
v -71.31266087 29.39055126 17.82203588
v -71.31266087 30.07113557 17.69307583
v -71.31266087 30.64061097 17.36377898
v -71.31266087 31.08219381 16.81587151
v -71.31266087 32.15317104 14.78423461
v -71.31266087 33.08165331 12.66225624
v -71.31266087 33.87787627 10.47993136
v -71.31266087 34.50273695 8.24174972
v -71.31266087 34.97637575 5.98219140
v -71.31266087 35.29845719 3.66504916
v -71.31266087 35.46864576 1.34687221
v -71.31266087 35.46831098 -0.96958073
v -71.31266087 35.29745294 -3.30568862
v -71.31266087 34.97486977 -5.60386769
v -71.31266087 34.50056125 -7.88273652
v -71.31266087 33.87452715 -10.10229832
v -71.31266087 33.07830468 -12.30220645
v -71.31266087 32.14915309 -14.40522011
v -71.31266087 31.06810779 -16.46995960
v -71.31266087 30.73192791 -16.90269980
v -71.31266087 30.16043866 -17.28785617
v -71.31266087 29.48035783 -17.43509196
v -71.31266087 28.74287621 -17.36130222
v -71.31266087 28.05943851 -17.01959208
v -71.31266087 24.50932466 -14.49595444
v -71.31266087 20.00557597 -9.87444966
v -71.31266087 0.25035741 16.20463013
v -71.31266087 1.47757960 16.43826777
v -71.31266087 2.95692339 16.56105126
v -71.31266087 17.63718261 7.84792840
v -71.31266087 18.29444040 6.43662287
v -71.31266087 18.83874184 4.90462500
v -71.31266087 19.21839376 3.33917971
v -71.31266087 19.45370460 1.73304604
v -71.31266087 19.52135718 0.03030332
v -71.31266087 19.45118818 -1.49645122
v -71.31266087 19.21386413 -3.10017156
v -71.31266087 18.83119196 -4.66734138
v -71.31266087 18.28554863 -6.19520213
v -71.31266087 17.63064154 -7.59685504
v -71.31266087 2.95710018 -16.29793121
v -71.31266087 1.44905589 -16.17135574
v -71.31266087 0.25036654 -15.95567951
v -71.31266087 0.25036306 -17.03037207
v -71.31266087 1.34146687 -17.22507398
v -71.31266087 3.00694528 -17.36475540
v -71.31266087 3.22194874 -17.33648611
v -71.31266087 3.42839257 -17.24132469
v -71.31266087 18.18483808 -8.49129978
v -71.31266087 18.32838354 -8.38342633
v -71.31266087 18.39192569 -8.32204054
v -71.31266087 18.44668855 -8.25270910
v -71.31266087 18.53975317 -8.09914816
v -71.31266087 19.24508118 -6.58380824
v -71.31266087 19.82479576 -4.95250396
v -71.31266087 20.22962264 -3.28430427
v -71.31266087 20.48003811 -1.57369222
v -71.31266087 20.55363369 0.03030366
v -71.31266087 20.47751926 1.86338901
v -71.31266087 20.22492097 3.57089736
v -71.31266087 19.81690426 5.24151022
v -71.31266087 19.23534260 6.87074494
v -71.31266087 18.54804170 8.34687523
v -71.31266087 18.45374985 8.50243769
v -71.31266087 18.39827015 8.57267712
v -71.31266087 18.33390108 8.63487193
v -71.31266087 18.18849530 8.74417785
v -71.31266087 3.37601681 17.53168312
v -71.31266087 3.22193916 17.60029558
v -71.31266087 3.00626429 17.62787501
v -71.31266087 1.31560966 17.48474334
v -71.31266087 0.25035323 17.28066176
v -71.31266087 55.20495548 -4.67626139
v -71.31266087 55.31910585 -4.82261955
v -71.31266087 55.39838079 -4.89678745
v -71.31266087 55.49403145 -4.96463963
v -71.31266087 55.63113058 -5.03655039
v -71.31266087 55.75122763 -5.08417288
v -71.31266087 55.89218380 -5.12884004
v -71.31266087 56.17019973 -5.19966506
v -71.31266087 63.74966631 -5.23912911
v -71.31266087 63.74966589 -4.97431505
v -71.31266087 56.17674520 -4.93487423
v -71.31266087 55.96758431 -4.90882966
v -71.31266087 55.84918485 -4.87972164
v -71.31266087 55.75763340 -4.84195007
v -71.31266087 55.65886966 -4.78189329
v -71.31266087 55.56495567 -4.70451316
v -71.31266087 55.47276198 -4.60863953
v -71.31266087 55.37648650 -4.48869375
v -71.31266087 55.20495506 -4.24070020
v -71.31266087 55.20495113 4.61282827
v -71.31266087 55.29784989 4.80130821
v -71.31266087 55.36403272 4.90327169
v -71.31266087 55.42962369 4.97712205
v -71.31266087 55.51854025 5.05055803
v -71.31266087 55.62215198 5.11384765
v -71.31266087 55.74258725 5.16955422
v -71.31266087 55.88699766 5.22133038
v -71.31266087 56.17653079 5.30251606
v -71.31266087 63.74966136 5.33208180
v -71.31266087 63.74966153 5.59689486
v -71.31266087 56.17036271 5.56730688
v -71.31266087 56.00603299 5.55518799
v -71.31266087 55.89160530 5.52908660
v -71.31266087 55.76994876 5.48249681
v -71.31266087 55.62855643 5.40524105
v -71.31266087 55.41328298 5.24779500
v -71.31266087 55.20495114 5.06802337
v -71.31266087 55.20495225 9.01009538
v -71.31266087 55.28017042 9.35206818
v -71.31266087 55.30484123 9.42537057
v -71.31266087 55.33210306 9.49081048
v -71.31266087 55.36917024 9.56100901
v -71.31266087 55.41024817 9.62109914
v -71.31266087 55.49239878 9.70821152
v -71.31266087 55.58290224 9.77733279
v -71.31266087 55.71436263 9.85188328
v -71.31266087 55.93601901 9.94321930
v -71.31266087 56.17321836 10.02153832
v -71.31266087 63.74966455 10.16002104
v -71.31266087 63.74966472 10.42492311
v -71.31266087 56.16851939 10.28635060
v -71.31266087 55.73865043 10.16255195
v -71.31266087 55.54529191 10.07916677
v -71.31266087 55.43332553 10.01193666
v -71.31266087 55.34027018 9.93697214
v -71.31266087 55.26206919 9.85118940
v -71.31266087 55.19345231 9.75040336
v -71.31266087 55.12131599 9.60743841
v -71.31266087 55.02377000 9.32373514
v -71.31266087 54.94715126 9.01919201
v -71.31266087 54.94715898 -8.66154740
v -71.31266087 55.05507562 -9.09563455
v -71.31266087 55.13129609 -9.29190370
v -71.31266087 55.19436627 -9.40625340
v -71.31266087 55.26585711 -9.50198319
v -71.31266087 55.34870354 -9.58326417
v -71.31266087 55.44689485 -9.65551594
v -71.31266087 55.58710551 -9.73282590
v -71.31266087 55.86701957 -9.84067037
v -71.31266087 56.16852793 -9.92836363
v -71.31266087 63.74967409 -10.06727103
v -71.31266087 63.74967366 -9.80237472
v -71.31266087 56.18189137 -9.66370207
v -71.31266087 55.83780095 -9.57751871
v -71.31266087 55.69906300 -9.52118358
v -71.31266087 55.62930179 -9.48191219
v -71.31266087 55.56996595 -9.43896432
v -71.31266087 55.52094551 -9.39374112
v -71.31266087 55.45046273 -9.30778539
v -71.31266087 55.38943717 -9.20618973
v -71.31266087 55.33541875 -9.08694846
v -71.31266087 55.28487330 -8.94300307
v -71.31266087 55.20495998 -8.65294634
v -71.04133363 13.14520880 -40.80215639
v -69.54695410 8.23846641 -43.30021046
v -71.04133363 13.66055351 -40.80215639
v -69.42073363 8.35074180 -43.50228490
v -69.27478515 7.68455776 -43.73432510
v -69.17575651 4.89687208 -43.89079359
v -69.16556774 2.35775147 -43.90684787
v -69.22645972 0.25018388 -43.81077864
v -69.36799671 0.25017160 -43.58632908
v -69.30711104 2.36344491 -43.68307921
v -69.31724781 4.88816281 -43.66699218
v -69.40039330 7.41568436 -43.53472706
v -69.40974499 7.60652317 -43.51981561
v -71.31266087 14.87761411 -39.78495588
v -71.28176258 14.30033141 -40.13838319
v -71.19056094 13.72249348 -40.48029544
v -71.31266087 15.39351763 -39.78495765
v -71.19056101 14.23802412 -40.48029540
v -71.28176259 14.81604822 -40.13838374
v -71.31266087 38.39747215 -26.15125636
v -71.31266087 38.92414851 -25.61024108
v -71.31266087 40.34875582 -23.41963449
v -71.31266087 41.62834646 -21.14454773
v -71.31266087 42.77383440 -18.81118652
v -71.31266087 43.78555530 -16.41921342
v -71.31266087 44.66401629 -13.96827923
v -71.31266087 45.40854201 -11.45838345
v -71.31266087 46.00067169 -8.90884916
v -71.31266087 46.43990068 -6.33966449
v -71.31266087 46.74553206 -3.75219424
v -71.31266087 46.87946545 -1.12335494
v -71.31266087 46.87963212 1.48409987
v -71.31266087 46.74636804 4.09121748
v -71.31266087 46.44107067 6.70040906
v -71.31266087 46.00217516 9.26855928
v -71.31266087 45.41054698 11.81809460
v -71.31266087 44.66618705 14.30937061
v -71.31266087 43.78839575 16.77961380
v -71.31266087 42.77684154 19.17193163
v -71.31266087 41.63185544 21.50563745
v -71.31266087 40.35293421 23.76072603
v -71.31266087 38.80143992 26.12201601
v -71.31266087 38.18614426 26.63992898
v -71.31266087 16.00931033 39.78495765
v -71.31266087 15.49839262 39.78495765
v -71.31266087 38.05791453 26.40993887
v -71.31266087 38.61748783 25.93857601
v -71.31266087 38.72758964 25.78823674
v -71.31266087 40.13424034 23.62073331
v -71.31266087 41.40527279 21.37943915
v -71.31266087 42.54354525 19.05952657
v -71.31266087 43.54922549 16.68134498
v -71.31266087 44.42198192 14.22489383
v -71.31266087 45.16197806 11.74844480
v -71.31266087 45.74991377 9.21511524
v -71.31266087 46.18612388 6.66179188
v -71.31266087 46.48957516 4.06846072
v -71.31266087 46.62199996 1.47720363
v -71.31266087 46.62183328 -1.11645877
v -71.31266087 46.48890698 -3.72943759
v -71.31266087 46.18512174 -6.30104693
v -71.31266087 45.74841022 -8.85540523
v -71.31266087 45.15980517 -11.38907861
v -71.31266087 44.41964321 -13.88380261
v -71.31266087 43.54638518 -16.32059945
v -71.31266087 42.54053799 -18.69878155
v -71.31266087 41.40159611 -21.01869309
v -71.31266087 40.12989393 -23.27998673
v -71.31266087 38.72576217 -25.44300754
v -71.31266087 38.24087751 -25.93747276
v -71.31266087 38.08529117 -26.02609067
v -71.04133275 13.76603727 40.80215793
v -71.19056104 14.34330394 40.48029500
v -71.28176270 14.92112523 40.13838275
v -71.04133275 14.27654503 40.80215793
v -71.28176269 15.43190639 40.13838300
v -71.19056101 14.85394849 40.48029517
v -69.17595559 8.19408950 43.89047981
v -69.36454971 8.28004355 43.59181453
v -69.30643574 8.09792767 43.68415061
v -69.20409323 7.41966195 43.84610051
v -69.12057600 4.89481585 43.97764232
v -69.10999267 2.37215220 43.99427194
v -69.18024268 0.25015252 43.88372219
v -69.03762112 0.25016445 44.10775352
v -68.96743490 2.36545151 44.21741709
v -68.97809538 4.90352459 44.20078515
v -69.06441871 7.46093809 44.06578171
v -59.20147502 43.52295479 56.62925397
v -60.37032392 43.77557098 55.38150449
v -57.91925420 43.44683448 57.94002971
v -56.77309001 43.52043622 59.06355307
v -55.52576843 43.77086980 60.23766339
v -54.28605360 44.17572086 61.35724435
v -53.05302186 44.75546619 62.42646812
v -51.88903435 45.46080696 63.39728042
v -51.58466625 45.81573155 63.64518252
v -51.66828862 45.67251970 63.57731704
v -51.71619529 45.60863362 63.53835216
v -51.77028638 45.55360460 63.49428470
v -44.49710645 60.57225349 68.78731400
v -44.41708000 60.77867022 68.83901549
v -44.39328154 60.99364239 68.85436518
v -44.51066631 62.65886283 68.77854051
v -44.67425030 63.74979315 68.67239919
v -45.57279589 63.74974300 68.07941924
v -45.39289041 62.55124432 68.19950550
v -45.28707954 61.04343362 68.26981380
v -52.27703259 46.36995821 63.07772122
v -53.34854194 45.71503390 62.17411136
v -54.49953397 45.16936165 61.16770265
v -55.66121196 44.78666667 60.11253225
v -56.82879220 44.54932525 59.00996041
v -57.91922476 44.47914607 57.94005914
v -59.11123408 44.54680706 56.72344361
v -60.21322383 44.78213553 55.55227022
v -61.26510489 45.16181038 54.39001722
v -62.27218983 45.70614089 53.23402506
v -63.18000207 46.36341626 52.15337370
v -68.36496718 61.04364252 45.14330861
v -68.29701860 62.52275708 45.24604183
v -68.16736513 63.74978371 45.44114195
v -68.75935514 63.74983195 44.54029784
v -68.87024053 62.68474532 44.36864907
v -68.94764370 60.99435277 44.24827091
v -68.93271182 60.77870946 44.27152913
v -68.89556136 60.62465235 44.32932072
v -63.74724166 45.81207406 51.45849037
v -63.49669089 45.45251812 51.76733812
v -63.59472594 45.54654061 51.64685436
v -63.63926259 45.60228992 51.59196940
v -63.67864451 45.66700677 51.54335584
v -62.55343616 44.76520494 52.90325770
v -61.48850055 44.18361227 54.13733786
v -61.07097603 8.79445955 54.60790178
v -61.19620401 8.70235664 54.46752539
v -61.25920777 8.64138495 54.39665905
v -61.29860542 8.59139779 54.35225946
v -61.34986541 8.50584055 54.29439361
v -61.39033696 8.41525781 54.24862743
v -61.43357537 8.28487311 54.19965913
v -61.47266125 8.12618681 54.15532263
v -61.52939899 7.82287883 54.09085052
v -54.81759881 8.79447628 60.88282114
v -54.29874320 7.82269207 61.34601484
v -54.31793822 8.03104411 61.32902091
v -54.33789546 8.14085460 61.31133800
v -54.35876724 8.21347653 61.29283387
v -54.40047749 8.31474159 61.25581676
v -54.44974702 8.40224968 61.21202578
v -54.52613052 8.50659178 61.14399337
v -54.62416634 8.61438927 61.05642883
v -54.27035504 0.25052403 61.37113014
v -54.07168004 0.25052027 61.54624657
v -54.09982765 7.82923520 61.52150599
v -54.49254829 8.79447349 61.17392607
v -54.38184392 8.67781638 61.27235786
v -54.32403772 8.59563800 61.32361686
v -54.27104015 8.49349125 61.37052549
v -54.21808568 8.35495732 61.41731228
v -54.15043742 8.09598290 61.47697175
v -51.45763633 8.79444687 63.74793105
v -50.66660528 7.81750931 64.37842931
v -50.73116628 8.14941695 64.32756689
v -50.76704638 8.26926052 64.29925431
v -50.80982488 8.37088815 64.26545531
v -50.84684788 8.43476094 64.23616668
v -50.88616342 8.48754541 64.20502645
v -50.96016267 8.56129680 64.14630546
v -51.04753097 8.62415281 64.07679687
v -51.14012616 8.67444983 64.00292524
v -51.29771677 8.73994554 63.87668686
v -50.55616776 0.25045547 64.46519179
v -50.34711999 0.25045170 64.62858933
v -50.45818359 7.83086765 64.54191474
v -51.45099123 9.05224550 63.75329444
v -51.12757643 8.95048775 64.01295124
v -51.00936834 8.89667742 64.10718103
v -50.89646819 8.82613048 64.19684692
v -50.81864523 8.75943269 64.25847648
v -50.75018473 8.67995704 64.31256368
v -50.69254524 8.58967707 64.35801191
v -50.63358641 8.46679320 64.40440955
v -50.58059823 8.32088055 64.44602550
v -50.51383868 8.07822977 64.49836799
v -63.92058764 9.05221850 51.24300466
v -58.71352337 9.05225890 57.13435428
v -55.18151850 9.05226183 60.55276816
v -64.70623067 7.83083556 50.24729607
v -64.63442594 8.24135792 50.33962747
v -64.59791475 8.39034457 50.38647630
v -64.55130055 8.53168630 50.44618728
v -64.50792954 8.62835571 50.50162937
v -64.45674603 8.71259995 50.56693478
v -64.39919053 8.78257605 50.64020563
v -64.32142904 8.85293922 50.73893559
v -64.22936580 8.91493907 50.85543751
v -64.07645932 8.99088274 51.04795969
v -64.79242054 0.25042588 50.13610766
v -64.62972108 0.25042943 50.34566717
v -64.54330952 7.82614122 50.45639946
v -63.91492911 8.79441880 51.25006231
v -64.12165318 8.72238990 50.99118167
v -64.19638939 8.68048265 50.89705849
v -64.25974796 8.62895508 50.81704283
v -64.29967933 8.58367550 50.76650735
v -64.33303215 8.53557659 50.72423504
v -64.38051881 8.44488840 50.66395319
v -64.42211188 8.33721083 50.61105711
v -64.45648107 8.22251118 50.56727371
v -64.50309479 8.02620798 50.50780131
v -61.37397596 8.79445510 54.26713669
v -61.70419651 7.82904430 53.89136464
v -61.69590126 7.99590111 53.90086104
v -61.67995131 8.10299912 53.91911216
v -61.65143094 8.21887360 53.95171987
v -61.60266398 8.35767431 54.00739617
v -61.49493832 8.58330867 54.13001396
v -61.72210822 0.25049046 53.87084933
v -61.54759394 0.25049400 54.07014638
v 39.78495765 15.44726273 71.31266087
v 26.37962757 38.05790080 71.31266087
v 25.90826455 38.61747395 71.31266087
v 25.75792525 38.72757572 71.31266087
v 23.59042142 40.13422572 71.31266087
v 21.34912681 41.40525738 71.31266087
v 19.02921391 42.54352902 71.31266087
v 16.65103190 43.54920849 71.31266087
v 14.19458038 44.42196398 71.31266087
v 11.71813102 45.16195918 71.31266087
v 9.18480135 45.74989384 71.31266087
v 6.63147775 46.18610284 71.31266087
v 4.03814625 46.48955303 71.31266087
v 1.44688921 46.62197669 71.31266087
v -1.14677326 46.62180877 71.31266087
v -3.75975227 46.48888127 71.31266087
v -6.33136160 46.18509487 71.31266087
v -8.88571964 45.74838207 71.31266087
v -11.41939305 45.15977578 71.31266087
v -13.91411691 44.41961269 71.31266087
v -16.35091356 43.54635356 71.31266087
v -18.72909547 42.54050543 71.31266087
v -21.04900693 41.40156263 71.31266087
v -23.31030034 40.12985961 71.31266087
v -25.47332097 38.72572731 71.31266087
v -25.96778612 38.24084262 71.31266087
v -26.05640399 38.08525630 71.31266087
v -39.78495765 14.92870484 71.31266087
v -39.78495765 15.44462545 71.31266087
v -26.18156980 38.39743709 71.31266087
v -25.64055460 38.92411350 71.31266087
v -23.44994818 40.34872136 71.31266087
v -21.17486155 41.62831287 71.31266087
v -18.84150051 42.77380172 71.31266087
v -16.44952762 43.78552359 71.31266087
v -13.99859362 44.66398568 71.31266087
v -11.48869798 45.40851255 71.31266087
v -8.93916366 46.00064347 71.31266087
v -6.36997909 46.43987378 71.31266087
v -3.78250903 46.74550630 71.31266087
v -1.15366953 46.87944091 71.31266087
v 1.45378535 46.87960883 71.31266087
v 4.06090291 46.74634590 71.31266087
v 6.67009483 46.44104963 71.31266087
v 9.23824530 46.00215523 71.31266087
v 11.78778074 45.41052811 71.31266087
v 14.27905708 44.66616914 71.31266087
v 16.74930079 43.78837870 71.31266087
v 19.14161890 42.77682534 71.31266087
v 21.47532514 41.63184004 71.31266087
v 23.73041408 40.35291963 71.31266087
v 26.09170450 38.80142609 71.31266087
v 26.60961765 38.18613059 71.31266087
v 39.78495765 15.95816839 71.31266087
v 40.80215639 14.22540295 71.04133363
v 40.80215793 13.71490741 71.04133275
v 40.13838274 15.38076460 71.28176275
v 40.48029447 14.80280671 71.19056133
v 40.48029496 14.29217404 71.19056106
v 40.13838271 14.86999532 71.28176271
v 43.86485282 8.19408114 69.19220865
v 43.56611693 8.28003505 69.38069260
v 43.65847512 8.09791922 69.32261247
v 43.82046520 7.41965362 69.22032852
v 43.95204324 4.89480871 69.13685664
v 43.96867455 2.37214242 69.12628088
v 43.85808525 0.25014308 69.19649853
v 44.08216816 0.25015500 69.05396079
v 44.19187145 2.36544172 68.98380642
v 44.17524086 4.90351749 68.99445735
v 44.04019889 7.46092986 69.08073488
v -40.80215639 13.19629787 71.04133363
v -43.32596396 8.23844018 69.53091325
v -40.80215639 13.71165952 71.04133363
v -43.52799233 8.35071553 69.40461752
v -43.75997583 7.68453171 69.25858478
v -43.91640004 4.89684619 69.15950302
v -43.93245061 2.35772942 69.14930827
v -43.83641596 0.25016208 69.21022819
v -43.61201706 0.25014977 69.35184942
v -43.70873279 2.36342283 69.29093540
v -43.69265248 4.88813690 69.30107625
v -43.56042356 7.41565841 69.38426731
v -43.54551626 7.60649716 69.39362408
v -40.13838231 14.35142032 71.28176280
v -40.48029413 13.77358189 71.19056143
v -40.48029428 14.28913001 71.19056142
v -40.13838257 14.86715471 71.28176279
v -71.31266087 23.03691444 39.78495765
v -71.31266087 23.64695782 38.70935831
v -71.31266087 25.19849838 36.34809655
v -71.31266087 25.81380576 35.83019469
v -71.31266087 55.80533020 18.05243585
v -71.31266087 56.53845053 17.84484576
v -71.31266087 59.09583073 17.68445328
v -71.31266087 61.63407931 17.66439888
v -71.31266087 63.74968147 17.79404285
v -71.31266087 63.74968234 18.05914178
v -71.31266087 61.62736657 17.92886341
v -71.31266087 59.10455929 17.94891747
v -71.31266087 56.57974080 18.10482944
v -71.31266087 55.90150303 18.29621499
v -71.31266087 55.71939802 18.40517877
v -71.31266087 25.94203273 36.06018670
v -71.31266087 25.38244876 36.53153945
v -71.31266087 25.27234396 36.68187666
v -71.31266087 23.86565159 38.84935518
v -71.31266087 23.33503967 39.78495765
v -71.04133275 22.45443847 40.80215793
v -71.17800027 22.62897955 40.51371117
v -71.26813556 22.80404032 40.20778509
v -71.30143977 22.92065089 39.99762765
v -71.04133275 22.75259472 40.80215793
v -71.28751301 23.16050891 40.10315175
v -71.21330911 22.98545759 40.41332747
v -71.13752122 22.86885284 40.61215259
v -40.80215639 22.60919764 71.04133363
v -41.16801231 22.37148513 70.82994997
v -40.80215639 22.90671206 71.04133363
v -41.27678889 22.59823679 70.76661465
v -43.26579702 21.45921544 69.56836823
v -45.26982350 20.45329142 68.28125754
v -47.28136103 19.57995662 66.90411010
v -49.29809801 18.83973811 65.43229006
v -51.30093686 18.25108363 63.87410217
v -53.26816011 17.81433319 62.24299293
v -55.19713446 17.51054853 60.53894117
v -57.10211261 17.37765861 58.74551715
v -58.93366451 17.37749284 56.90791015
v -60.70605674 17.50987942 55.01328681
v -62.41827337 17.81332829 53.06266295
v -64.04235333 18.24957643 51.09074310
v -65.59368536 18.83755937 49.08314874
v -67.04813487 19.57760921 47.07690156
v -68.43018014 20.45044483 45.04439472
v -69.71069567 21.45620216 43.03610065
v -70.90217426 22.59455334 41.04349808
v -70.96530626 22.36796945 40.93424432
v -69.76976682 21.22290431 42.94026884
v -68.48424231 20.21127223 44.96215748
v -67.09663516 19.33339697 47.00775044
v -65.63545584 18.58898178 49.02727799
v -64.07571417 17.99730611 51.04889718
v -62.44327404 17.55837165 53.03324030
v -60.72135797 17.25307658 54.99639748
v -58.93845481 17.11985780 56.90294892
v -57.09715914 17.12002380 58.75033164
v -55.18028993 17.25391341 60.55429508
v -53.23881589 17.55954427 62.26809402
v -51.25920069 17.99881315 63.90760045
v -49.24263703 18.59099251 65.47403873
v -47.21234451 19.33557555 66.95283098
v -45.18748602 20.21411892 68.33577509
v -43.17015267 21.22591768 69.62776005
v -39.78495588 23.18685583 71.31266087
v -40.10314806 23.01375962 71.28751277
v -40.41332593 22.84014563 71.21330854
v -40.61215211 22.72449896 71.13752095
v -39.78495588 23.48431018 71.31266087
v -40.51371035 23.07979007 71.17799974
v -40.20778191 23.25338599 71.26813515
v -39.99762386 23.36902072 71.30143968
v -39.09916970 23.87000744 71.31266087
v -36.93617283 25.27418055 71.31266087
v -36.44171637 25.75907561 71.31266087
v -36.35310079 25.91466492 71.31266087
v -18.65773974 55.76100564 71.31266087
v -18.39911804 56.39291918 71.31266087
v -18.38152798 56.58375245 71.31266087
v -18.22526882 59.11125537 71.31266087
v -18.20590491 61.63607667 71.31266087
v -18.31935442 63.74966467 71.31266087
v -18.05446115 63.74966374 71.31266087
v -17.94144036 61.64178231 71.31266087
v -17.96080458 59.10252675 71.31266087
v -18.14603143 56.31487209 71.31266087
v -18.41982517 55.64871952 71.31266087
v -36.22793032 25.60248342 71.31266087
v -36.76893608 25.07579569 71.31266087
v -38.95951776 23.65114581 71.31266087
v -71.31266087 63.74971560 24.49088960
v -71.31266087 63.38401679 24.44836871
v -71.31266087 61.22206771 24.31673662
v -71.31266087 59.04853977 24.33370469
v -71.31266087 56.93778572 24.46479187
v -71.31266087 56.43980712 24.60307244
v -71.31266087 56.32114512 24.67169216
v -71.31266087 30.83013451 39.78495765
v -71.31266087 29.27585000 39.78495765
v -71.31266087 29.46434044 39.50281250
v -71.31266087 30.01184315 39.04697432
v -71.31266087 56.04940589 23.61417500
v -71.31266087 56.82314420 23.41071874
v -71.31266087 59.01378977 23.27549183
v -71.31266087 61.24874618 23.25749788
v -71.31266087 63.47296335 23.39361688
v -71.31266087 63.74970682 23.42580755
v -71.04133275 28.58975657 40.80215793
v -71.17802808 28.79536531 40.51368601
v -71.26815373 29.00153594 40.20780664
v -71.30144583 29.13887971 39.99766437
v -71.04133275 29.81145200 40.80215793
v -71.22178761 30.09625996 40.38743265
v -71.15265122 29.97093962 40.57741535
v -71.10033410 29.89156817 40.69171817
v -71.24807480 30.16524309 40.29455179
v -71.30656830 30.56621833 39.94265584
v -40.80215639 28.74087534 71.04133363
v -41.74877545 28.02977474 70.48919633
v -40.80215639 29.98012704 71.04133363
v -42.22882060 28.90523531 70.20266206
v -43.87827417 27.81559303 69.18369827
v -45.54459331 26.83991313 68.09828978
v -47.22314405 25.97784102 66.94521429
v -48.91399087 25.22957934 65.71992504
v -50.61147259 24.59545136 64.42178119
v -52.30060770 24.09106667 63.05817540
v -53.96631609 23.71626900 61.63865490
v -55.61535223 23.45477356 60.15496360
v -57.22780776 23.34114893 58.62307625
v -58.79716363 23.34047842 57.04893163
v -60.33155838 23.45477372 55.42373241
v -61.80245890 23.71224027 53.77864933
v -63.21501732 24.08468815 52.11092626
v -64.57246675 24.58689246 50.41907961
v -65.85886367 25.22068631 48.72675986
v -67.08806076 25.96693599 47.01998674
v -68.23663238 26.82733194 45.33706046
v -69.31683799 27.80066171 43.66764273
v -70.32166232 28.88778746 42.03035640
v -70.60766641 28.01333371 41.54809856
v -69.58519761 26.89482113 43.23872482
v -68.48476838 25.89395638 44.96135619
v -67.31267167 25.00955796 46.69787236
v -66.05911130 24.24333194 48.45493644
v -64.74361551 23.59241759 50.19911653
v -63.35129515 23.07527363 51.94516776
v -61.90406537 22.69241654 53.66165988
v -60.40509004 22.42890919 55.34358271
v -58.81659756 22.30991450 57.02889532
v -57.20802879 22.31058515 58.64237795
v -55.56131926 22.42588811 60.20487399
v -53.84914324 22.69644484 61.74104649
v -52.13526211 23.08165178 63.19494833
v -50.39282691 23.60064105 64.59295663
v -48.64270601 24.25239302 65.92096937
v -46.90091669 25.02096555 67.17135598
v -45.16968908 25.90653783 68.34754011
v -43.45162281 26.90874566 69.45245514
v -40.03323064 29.24865474 71.29752133
v -40.30113990 29.08097798 71.24628567
v -40.55882773 28.91154593 71.16029418
v -39.78495588 29.48075022 71.31266087
v -39.78495588 31.29657559 71.31266087
v -40.25638624 30.52055949 71.25751753
v -40.30640496 30.43563157 71.24498282
v -40.66734688 30.07829529 71.11221668
v -23.68533697 63.74969135 71.31266087
v -23.65617573 63.50064152 71.31266087
v -23.53488745 61.26232556 71.31266087
v -23.55115629 59.04079628 71.31266087
v -23.71294041 56.55122883 71.31266087
v -24.01156183 55.83858482 71.31266087
v -39.43919063 29.80891232 71.31266087
v -24.94770147 56.32213667 71.31266087
v -24.75356283 56.79460322 71.31266087
v -24.74390551 56.90067766 71.31266087
v -24.60936921 59.07571427 71.31266087
v -24.59343201 61.23917219 71.31266087
v -24.71127246 63.41555531 71.31266087
v -24.75040567 63.74970014 71.31266087
v -71.31266087 54.67669715 39.78495765
v -71.31266087 54.16176181 39.78495588
v -71.31266087 57.68795704 37.69263690
v -71.31266087 57.86871653 37.56194541
v -71.31266087 58.02849562 37.41504886
v -71.31266087 58.27504204 37.06677926
v -71.31266087 58.35845279 36.87264739
v -71.31266087 58.40846343 36.67748267
v -71.31266087 58.42356301 36.46680316
v -71.31266087 58.42305315 36.24336644
v -71.31266087 58.08053356 31.77637173
v -71.31266087 58.14798894 30.91193562
v -71.31266087 58.47643936 30.15058624
v -71.31266087 59.02694366 29.55576785
v -71.31266087 59.71121956 29.21092796
v -71.31266087 60.30134122 29.11331913
v -71.31266087 62.59117932 29.18942246
v -71.31266087 63.74975527 29.30938569
v -71.31266087 63.74975746 29.57532015
v -71.31266087 62.57389397 29.45354123
v -71.31266087 60.31745765 29.37640597
v -71.31266087 59.77198117 29.46884055
v -71.31266087 59.16306466 29.78160976
v -71.31266087 58.68019871 30.31435965
v -71.31266087 58.39320344 30.99640145
v -71.31266087 58.33766375 31.77566992
v -71.31266087 58.67936441 36.21805386
v -71.31266087 59.63586412 39.78495765
v -71.31266087 59.37250618 39.78495765
v -71.31266087 58.61556281 36.90200845
v -71.31266087 58.60014403 36.96228496
v -71.31266087 58.49793577 37.19744645
v -71.31266087 58.21580831 37.59536778
v -71.31266087 58.02833664 37.76950661
v -71.31266087 57.82643022 37.91606263
v -71.29223940 59.44518643 40.07147674
v -71.23191512 59.51814471 40.35227702
v -71.15013413 59.58027065 40.58291922
v -71.04133275 59.64216282 40.80215793
v -71.04133275 59.91127248 40.80215793
v -71.29223978 59.71009486 40.07147824
v -71.23191609 59.78460887 40.35227706
v -71.15013511 59.84805969 40.58291813
v -40.80215639 53.43714559 71.04133363
v -40.80215793 52.91819447 71.04133275
v -46.84094772 41.36930373 67.21318819
v -46.94639076 41.13214169 67.13958181
v -46.99694698 40.91025260 67.10420273
v -47.03025901 40.67107530 67.08086007
v -47.04606481 40.42149138 67.06977588
v -47.02659464 40.16972493 67.08342900
v -47.00969434 40.09761465 67.09527322
v -50.34492093 44.20498760 64.63030239
v -42.48811344 60.09009356 70.04603677
v -40.80215639 59.57117281 71.04133363
v -40.80215639 59.83693998 71.04133363
v -42.44551225 60.35063721 70.07185983
v -42.43199779 60.43331717 70.08004433
v -42.41485481 60.64328077 70.09042118
v -42.54955269 62.93234114 70.00873242
v -42.67191334 63.74990342 69.93421810
v -42.90095532 63.74989090 69.79394732
v -42.77408344 62.90061187 69.87177424
v -42.65732547 61.18524827 69.94311713
v -42.64142234 61.00750685 69.95281375
v -42.64085856 60.65555112 69.95315741
v -42.65590414 60.47042733 69.94398396
v -42.69658954 60.19534460 69.91915540
v -50.50517891 44.34908434 64.50514672
v -50.82542393 43.98654298 64.25311925
v -51.06097790 43.80275552 64.06608764
v -52.29691333 43.04646075 63.06123934
v -53.57196070 42.44071232 61.98170760
v -54.84049440 41.98634687 60.86219865
v -56.12755037 41.66441656 59.67734193
v -57.40333652 41.51268129 58.45121048
v -58.65089330 41.51217770 57.19929865
v -59.87140610 41.66257219 55.92049518
v -61.04066108 41.98400045 54.64178571
v -62.16791768 42.43719226 53.35575940
v -63.23032937 43.04143041 52.09234587
v -64.23462474 43.79974010 50.84879581
v -64.43090008 43.98000282 50.59986329
v -64.72480181 44.35676102 50.22337185
v -70.04846156 60.31871464 42.48411566
v -70.07673609 60.46842205 42.43746115
v -70.10713933 60.99442145 42.38721582
v -70.02690322 62.88907363 42.51964105
v -69.94892117 63.74993199 42.64780741
v -70.08830700 63.74994401 42.41834830
v -70.16301655 62.92063460 42.29465874
v -70.24321734 60.99306001 42.16132669
v -70.20977477 60.41469567 42.21699393
v -70.20055073 60.35595373 42.23233035
v -70.16003011 60.09816049 42.29961259
v -64.82707216 44.16166851 50.09129431
v -67.26553284 40.09602622 46.76574752
v -67.25051000 40.19306147 46.78734824
v -67.23928582 40.43207183 46.80347736
v -67.24027230 40.68165611 46.80206012
v -67.26606724 40.93308612 46.76497886
v -67.31288042 41.15145036 46.69757145
v -67.37179733 41.37216416 46.61253023
v -71.04133363 52.94587542 40.80215639
v -71.04133363 52.43098787 40.80215639
v -67.50554762 41.25450241 46.41861793
v -67.41140655 40.86779151 46.55522868
v -67.39023200 40.66050442 46.58587427
v -67.39003447 40.44264268 46.58616000
v -67.39846485 40.23753690 46.57396253
v -67.42786016 40.04770448 46.53139504
v -67.54323619 39.64890413 46.36376058
v -68.95626428 36.05199316 44.23483545
v -69.12489857 35.40479212 43.97084771
v -69.19580331 34.60586290 43.85918209
v -69.12025975 33.86114671 43.97813937
v -68.92229895 33.21209370 44.28773823
v -68.58502560 32.70520452 44.80827283
v -67.43449425 31.61606400 46.52178023
v -66.19701800 30.68016506 48.26636363
v -64.87541235 29.87753320 50.02867100
v -63.47101212 29.24726666 51.79881920
v -62.00631829 28.76991084 53.54347339
v -60.45335426 28.44529857 55.29085828
v -58.85007839 28.27376100 56.99434467
v -57.20046880 28.27409632 58.64975208
v -55.48869364 28.44630484 60.27181703
v -53.76090677 28.77142016 61.81789347
v -52.00662076 29.24944642 63.30085660
v -50.25577427 29.88071859 64.69964608
v -48.48343599 30.68351749 66.03819716
v -46.75836524 31.62008650 67.27066471
v -45.02413513 32.71745012 68.44351179
v -44.63104066 33.07915381 68.70048952
v -44.26143353 33.71863927 68.93919460
v -44.10990694 34.50531903 69.03624526
v -44.17769402 35.30542246 68.99288660
v -44.49338015 36.07044878 68.78972433
v -46.60190332 39.63731675 67.37914853
v -46.76936790 40.02822829 67.26301566
v -46.81380009 40.21420025 67.23209927
v -46.82964165 40.42148795 67.22106599
v -46.81492785 40.63918151 67.23131399
v -46.78521177 40.85502854 67.25199633
v -46.74642494 41.03663524 67.27896258
v -50.70155096 43.78026011 64.35091127
v -50.50128913 43.99491049 64.50819209
v -46.78035976 39.49095952 67.25537146
v -44.68488446 35.94070834 68.66548005
v -44.39764471 35.25725345 68.85155187
v -44.33551595 34.51975513 68.89157478
v -44.45945507 33.83965479 68.81165530
v -44.78296762 33.26814614 68.60155145
v -45.14522090 32.93195472 68.36370440
v -46.85485776 31.85087196 67.20349213
v -48.56492597 30.92168809 65.97829200
v -50.32148293 30.12543634 64.64855300
v -52.05646107 29.49936742 63.25987600
v -53.79604596 29.02503397 61.78731657
v -55.51003326 28.70243632 60.25216393
v -57.20763406 28.53157056 58.64276302
v -58.84311666 28.53123533 57.00153219
v -60.43400744 28.70143015 55.31200407
v -61.97586397 29.02352475 53.57872092
v -63.43019469 29.49718774 51.84879412
v -64.82455331 30.12208303 50.09455398
v -66.13759342 30.91833573 48.34775886
v -67.36783854 31.84684953 46.61825158
v -68.50407774 32.91786289 44.93193055
v -68.80349726 33.35946071 44.47207905
v -68.98198150 33.92895564 44.19472003
v -69.05157867 34.60955702 44.08589948
v -68.99148537 35.31197691 44.17988226
v -68.83235876 35.92376315 44.42739513
v -67.42590981 39.48800712 46.53422113
v -64.68719995 43.96686549 50.27179341
v -64.52378728 43.76801353 50.48136216
v -64.42343383 43.66932211 50.60936893
v -63.29675237 42.80493615 52.01161591
v -62.22091038 42.19213918 53.29395239
v -61.08048525 41.73307289 54.59726525
v -59.89638431 41.40761687 55.89374023
v -58.65908744 41.25487247 57.19089535
v -57.39497176 41.25537608 58.45942411
v -56.10113414 41.40929338 59.70217583
v -54.79610318 41.73541894 60.90216849
v -53.51034100 42.19565908 62.03491321
v -52.21667258 42.80979843 63.12769721
v -50.96073185 43.57767428 64.14585614
v -71.19056151 53.00772739 40.48029357
v -71.28176286 53.58502170 40.13838093
v -71.19056137 53.52263079 40.48029401
v -71.28176277 54.09994097 40.13838189
v -40.54353084 59.49775936 71.16632403
v -40.26999133 59.42406958 71.25386448
v -40.02925898 59.36132396 71.29781779
v -39.78495588 59.29881712 71.31266087
v -39.78495588 59.56029004 71.31266087
v -40.54353010 59.76236862 71.16632480
v -40.26999180 59.68751724 71.25386509
v -40.02926015 59.62378257 71.29781801
v -39.78495765 54.65387544 71.31266087
v -40.13838265 54.07549906 71.28176294
v -40.48029433 53.49656956 71.19056152
v -39.78495588 55.17162738 71.31266087
v -40.13838185 54.59365146 71.28176295
v -40.48029380 54.01512157 71.19056168
v -36.51240547 58.67876629 71.31266087
v -32.05202732 58.33765402 71.31266087
v -31.34930460 58.37472889 71.31266087
v -30.68588333 58.64376563 71.31266087
v -30.15141126 59.09239234 71.31266087
v -29.80278423 59.66388015 71.31266087
v -29.67034585 60.34564156 71.31266087
v -29.75058221 62.58243881 71.31266087
v -29.86143680 63.74974232 71.31266087
v -29.59593919 63.74974013 71.31266087
v -29.48646341 62.59871712 71.31266087
v -29.40794875 60.32616836 71.31266087
v -29.56314881 59.55175997 71.31266087
v -29.96212096 58.91078742 71.31266087
v -30.56452229 58.41365614 71.31266087
v -31.31242250 58.11843770 71.31266087
v -32.05548748 58.08035609 71.31266087
v -36.55006636 58.42337849 71.31266087
v -36.75453855 58.42304855 71.31266087
v -36.97832095 58.40442465 71.31266087
v -37.19176056 58.35072196 71.31266087
v -37.38416571 58.26328242 71.31266087
v -37.72898526 58.01237160 71.31266087
v -37.86795181 57.85712410 71.31266087
v -37.99519701 57.67871461 71.31266087
v -38.21861629 57.81701859 71.31266087
v -38.07550862 58.01674321 71.31266087
v -37.90930068 58.19985129 71.31266087
v -37.51482718 58.48617493 71.31266087
v -37.27863093 58.59308274 71.31266087
v -37.19915301 58.61309570 71.31266087
v 16.17432943 0.25034172 71.31266087
v 16.40796680 1.47756396 71.31266087
v 16.53074999 2.95690778 71.31266087
v 7.81762346 17.63716433 71.31266087
v 6.40631764 18.29442169 71.31266087
v 4.87431962 18.83872264 71.31266087
v 3.30887424 19.21837407 71.31266087
v 1.70274051 19.45368443 71.31266087
v -0.00000203 19.52133653 71.31266087
v -1.52675667 19.45116713 71.31266087
v -3.13047694 19.21384265 71.31266087
v -4.69764664 18.83117007 71.31266087
v -6.22550722 18.28552635 71.31266087
v -7.62715974 17.63061900 71.31266087
v -16.32822966 2.95707748 71.31266087
v -16.20165363 1.44903330 71.31266087
v -15.98597697 0.25034406 71.31266087
v -17.06066937 0.25034044 71.31266087
v -17.25537167 1.34144415 71.31266087
v -17.39505369 3.00692243 71.31266087
v -17.36678449 3.22192588 71.31266087
v -17.27162317 3.42836970 71.31266087
v -8.52160465 18.18481524 71.31266087
v -8.41373125 18.32836070 71.31266087
v -8.35234549 18.39190285 71.31266087
v -8.28301407 18.44666572 71.31266087
v -8.12945317 18.53973036 71.31266087
v -6.61411366 19.24505867 71.31266087
v -4.98280956 19.82477364 71.31266087
v -3.31460999 20.22960096 71.31266087
v -1.60399801 20.48001690 71.31266087
v -0.00000201 20.55361293 71.31266087
v 1.83308318 20.47749904 71.31266087
v 3.54059159 20.22490127 71.31266087
v 5.21120455 19.81688508 71.31266087
v 6.84043943 19.23532394 71.31266087
v 8.31657001 18.54802349 71.31266087
v 8.47213249 18.45373169 71.31266087
v 8.54237193 18.39825202 71.31266087
v 8.60456676 18.33388296 71.31266087
v 8.71387272 18.18847722 71.31266087
v 17.50138169 3.37600142 71.31266087
v 17.56999418 3.22192379 71.31266087
v 17.59757365 3.00624892 71.31266087
v 17.45444232 1.31559425 71.31266087
v 17.25036097 0.25033778 71.31266087
f 7 5 4
f 8 7 4
f 9 4 3
f 9 8 4
f 10 3 2
f 10 9 3
f 6 2 1
f 6 10 2
f 18 14 13
f 18 17 14
f 19 13 12
f 19 18 13
f 15 12 11
f 16 19 12
f 16 12 15
f 23 24 20
f 22 23 20
f 21 22 20
f 26 28 27
f 26 29 28
f 26 25 29
f 37 34 33
f 38 33 32
f 38 37 33
f 39 32 31
f 39 38 32
f 35 31 30
f 35 39 31
f 36 39 35
f 43 44 45
f 43 45 49
f 42 49 48
f 42 43 49
f 41 48 47
f 41 42 48
f 40 47 46
f 40 41 47
f 54 58 61
f 55 60 59
f 55 61 60
f 55 54 61
f 56 59 62
f 56 55 59
f 52 51 50
f 57 62 51
f 57 51 52
f 57 56 62
f 53 57 52
f 43 34 44
f 33 34 43
f 42 33 43
f 32 33 42
f 41 32 42
f 31 32 41
f 63 41 40
f 63 31 41
f 30 31 63
f 67 37 38
f 67 66 37
f 68 38 39
f 68 67 38
f 64 39 36
f 65 68 39
f 65 39 64
f 61 58 66
f 60 66 67
f 60 61 66
f 59 60 67
f 62 67 68
f 62 59 67
f 69 68 65
f 51 62 68
f 51 68 69
f 50 51 69
f 78 73 72
f 78 74 73
f 78 77 74
f 79 72 71
f 79 78 72
f 80 79 71
f 75 71 70
f 75 80 71
f 76 80 75
f 73 54 55
f 73 74 54
f 72 55 56
f 72 73 55
f 81 57 53
f 71 56 57
f 71 72 56
f 71 57 81
f 70 71 81
f 13 77 78
f 13 78 79
f 13 14 77
f 12 79 80
f 12 13 79
f 82 80 76
f 82 12 80
f 11 12 82
f 86 87 17
f 86 17 18
f 85 18 19
f 85 86 18
f 84 19 16
f 84 85 19
f 83 84 16
f 203 202 237
f 201 237 202
f 204 203 237
f 205 204 237
f 142 237 201
f 141 237 142
f 143 200 199
f 143 201 200
f 143 142 201
f 195 197 196
f 144 199 198
f 144 143 199
f 145 198 197
f 145 144 198
f 146 197 195
f 146 145 197
f 136 138 137
f 136 139 138
f 147 146 195
f 135 139 136
f 148 147 195
f 134 139 135
f 134 140 139
f 16 206 205
f 16 207 206
f 16 205 237
f 133 141 140
f 133 140 134
f 153 152 151
f 154 153 151
f 128 141 133
f 155 154 151
f 129 128 133
f 156 155 151
f 157 156 151
f 157 150 149
f 157 151 150
f 130 129 133
f 98 97 127
f 98 127 126
f 99 124 123
f 99 125 124
f 99 126 125
f 99 98 126
f 100 99 123
f 101 100 123
f 238 95 94
f 238 96 95
f 161 159 158
f 161 160 159
f 163 162 161
f 164 163 161
f 164 161 158
f 122 101 123
f 102 101 122
f 106 102 122
f 93 238 94
f 121 105 106
f 121 106 122
f 165 164 158
f 120 105 121
f 120 103 104
f 120 104 105
f 194 166 165
f 167 166 194
f 236 208 16
f 236 209 208
f 192 194 193
f 92 238 93
f 168 167 194
f 168 194 192
f 234 209 236
f 234 236 235
f 119 107 103
f 119 103 120
f 169 168 192
f 91 238 92
f 191 169 192
f 191 170 169
f 118 108 107
f 118 107 119
f 90 238 91
f 233 210 209
f 233 209 234
f 117 109 108
f 117 108 118
f 88 238 90
f 190 170 191
f 190 171 170
f 89 238 88
f 116 110 109
f 116 109 117
f 239 238 89
f 232 211 210
f 232 210 233
f 189 171 190
f 189 172 171
f 115 111 110
f 115 110 116
f 114 111 115
f 113 112 111
f 113 111 114
f 231 211 232
f 231 212 211
f 188 173 172
f 188 172 189
f 187 173 188
f 230 213 212
f 230 212 231
f 186 173 187
f 186 174 173
f 229 214 213
f 229 213 230
f 185 174 186
f 185 175 174
f 228 214 229
f 228 215 214
f 184 175 185
f 184 176 175
f 227 215 228
f 227 216 215
f 183 176 184
f 183 177 176
f 182 177 183
f 182 178 177
f 226 216 227
f 226 217 216
f 181 178 182
f 180 178 181
f 180 179 178
f 225 218 217
f 225 217 226
f 224 219 218
f 224 218 225
f 223 220 219
f 223 219 224
f 222 221 220
f 222 220 223
f 132 131 133
f 131 130 133
f 194 148 195
f 194 149 148
f 194 157 149
f 194 165 157
f 165 158 157
f 207 16 208
f 237 141 238
f 141 128 238
f 128 127 238
f 127 97 238
f 97 96 238
f 385 384 241
f 386 385 241
f 351 383 382
f 392 241 240
f 352 351 382
f 391 241 392
f 353 382 381
f 353 352 382
f 390 241 391
f 354 353 381
f 366 368 367
f 366 369 368
f 355 381 380
f 355 354 381
f 356 355 380
f 357 356 380
f 357 380 379
f 365 369 366
f 365 370 369
f 389 241 390
f 388 241 389
f 364 370 365
f 364 371 370
f 387 241 388
f 387 386 241
f 363 371 364
f 363 372 371
f 362 372 363
f 362 373 372
f 361 374 373
f 361 373 362
f 360 378 374
f 360 374 361
f 359 377 378
f 359 378 360
f 358 375 376
f 358 376 377
f 358 379 375
f 358 377 359
f 358 357 379
f 326 325 324
f 345 350 349
f 327 326 324
f 327 322 321
f 327 323 322
f 327 324 323
f 328 327 321
f 337 350 345
f 338 337 345
f 344 338 345
f 329 328 321
f 339 338 344
f 342 344 343
f 342 339 344
f 341 340 339
f 341 339 342
f 277 336 335
f 278 277 335
f 315 317 316
f 315 318 317
f 314 318 315
f 314 319 318
f 314 320 319
f 24 276 275
f 24 277 276
f 24 336 277
f 24 337 336
f 279 278 335
f 279 335 334
f 297 299 298
f 297 300 299
f 274 24 275
f 296 300 297
f 296 301 300
f 280 279 334
f 280 334 333
f 295 301 296
f 295 302 301
f 273 24 274
f 281 280 333
f 281 333 332
f 283 282 281
f 283 281 332
f 283 331 330
f 283 332 331
f 313 320 314
f 294 302 295
f 294 303 302
f 255 257 256
f 255 258 257
f 255 259 258
f 293 304 303
f 293 303 294
f 254 260 259
f 254 259 255
f 292 305 304
f 292 304 293
f 253 260 254
f 253 261 260
f 291 305 292
f 290 305 291
f 290 306 305
f 252 261 253
f 252 262 261
f 289 306 290
f 289 307 306
f 288 307 289
f 288 308 307
f 251 262 252
f 251 263 262
f 20 272 271
f 20 273 272
f 20 24 273
f 287 308 288
f 287 309 308
f 284 311 310
f 284 312 311
f 284 313 312
f 286 309 287
f 286 284 310
f 286 310 309
f 285 284 286
f 250 264 263
f 250 263 251
f 249 265 264
f 249 264 250
f 248 266 265
f 248 265 249
f 247 267 266
f 247 266 248
f 246 268 267
f 246 267 247
f 245 268 246
f 245 269 268
f 242 270 269
f 242 20 270
f 244 269 245
f 244 242 269
f 243 242 244
f 241 337 24
f 241 350 337
f 241 351 350
f 241 383 351
f 241 384 383
f 270 20 271
f 283 330 284
f 330 329 284
f 329 321 284
f 321 313 284
f 321 320 313
f 345 347 346
f 345 348 347
f 345 349 348
f 409 408 407
f 410 409 407
f 411 410 407
f 401 403 402
f 401 404 403
f 401 405 404
f 401 406 405
f 412 411 407
f 400 407 406
f 400 406 401
f 399 407 400
f 398 412 407
f 398 407 399
f 397 413 412
f 397 412 398
f 396 414 413
f 396 413 397
f 395 415 414
f 395 414 396
f 393 415 395
f 394 416 415
f 394 415 393
f 418 417 416
f 418 416 394
f 112 89 111
f 112 239 89
f 444 420 419
f 444 421 420
f 444 422 421
f 443 422 444
f 442 423 422
f 442 422 443
f 430 426 425
f 430 427 426
f 430 428 427
f 430 429 428
f 441 424 423
f 441 423 442
f 440 425 424
f 440 424 441
f 439 425 440
f 439 430 425
f 438 430 439
f 437 431 430
f 437 430 438
f 436 432 431
f 436 433 432
f 436 431 437
f 435 434 433
f 435 433 436
f 369 240 368
f 369 392 240
f 179 394 178
f 179 418 394
f 300 419 299
f 300 444 419
f 417 114 416
f 417 113 114
f 421 367 420
f 421 366 367
f 221 181 220
f 221 180 181
f 550 82 76
f 81 533 70
f 534 533 81
f 549 11 82
f 549 82 550
f 536 534 81
f 536 535 534
f 532 536 81
f 532 81 53
f 548 11 549
f 531 536 532
f 511 513 512
f 511 514 513
f 511 515 514
f 511 516 515
f 511 517 516
f 510 65 517
f 510 517 511
f 492 493 40
f 509 69 65
f 509 65 510
f 508 69 509
f 498 497 496
f 499 498 496
f 499 495 494
f 499 496 495
f 518 507 506
f 518 508 507
f 518 69 508
f 520 506 505
f 520 519 518
f 520 518 506
f 500 499 494
f 500 494 493
f 501 493 492
f 501 500 493
f 521 520 505
f 521 505 504
f 522 521 504
f 522 504 503
f 537 530 529
f 539 537 529
f 539 529 528
f 539 538 537
f 523 522 503
f 524 503 502
f 524 523 503
f 540 539 528
f 540 528 527
f 541 540 527
f 541 527 526
f 454 558 453
f 452 453 547
f 455 558 454
f 451 452 547
f 456 559 558
f 456 558 455
f 450 451 547
f 542 526 525
f 542 541 526
f 457 559 456
f 465 466 467
f 464 465 467
f 464 467 468
f 463 464 468
f 449 546 545
f 449 450 547
f 449 547 546
f 448 559 457
f 448 560 559
f 462 463 468
f 462 468 469
f 470 462 469
f 461 470 460
f 461 462 470
f 474 475 461
f 473 474 461
f 485 483 484
f 482 483 485
f 486 482 485
f 487 482 486
f 481 482 487
f 472 461 460
f 472 473 461
f 488 481 487
f 480 481 488
f 458 544 543
f 458 545 544
f 458 449 545
f 447 563 562
f 446 445 563
f 446 563 447
f 489 481 480
f 478 460 459
f 478 472 460
f 491 480 479
f 491 490 489
f 491 489 480
f 447 562 448
f 562 561 448
f 561 560 448
f 461 477 471
f 461 476 477
f 461 475 476
f 491 501 492
f 491 502 501
f 491 524 502
f 491 525 524
f 491 542 525
f 491 543 542
f 491 458 543
f 491 459 458
f 491 478 459
f 491 479 478
f 50 69 518
f 536 531 537
f 531 530 537
f 11 547 551
f 547 552 551
f 547 553 552
f 547 554 553
f 547 555 554
f 547 556 555
f 547 557 556
f 11 548 547
f 557 453 558
f 557 547 453
f 258 298 257
f 258 297 298
f 688 564 565
f 688 690 689
f 688 565 690
f 649 650 651
f 648 649 651
f 648 651 652
f 648 652 653
f 647 646 645
f 647 653 654
f 647 648 653
f 647 654 646
f 581 577 582
f 581 579 577
f 594 596 595
f 580 579 581
f 578 579 580
f 679 568 567
f 665 663 664
f 665 664 657
f 643 645 644
f 643 647 645
f 680 568 679
f 681 569 568
f 681 568 680
f 682 569 681
f 683 569 682
f 684 569 683
f 669 670 671
f 669 671 672
f 668 672 673
f 668 669 672
f 667 673 674
f 667 674 675
f 667 668 673
f 666 675 665
f 666 667 675
f 666 665 657
f 600 596 594
f 600 597 596
f 600 598 597
f 655 647 643
f 656 666 657
f 601 600 594
f 599 600 601
f 676 666 656
f 583 570 569
f 583 571 570
f 583 572 571
f 583 684 685
f 583 685 686
f 583 686 687
f 583 569 684
f 584 687 678
f 584 583 687
f 591 593 592
f 585 678 677
f 585 584 678
f 586 585 677
f 587 586 677
f 604 603 591
f 604 591 590
f 605 604 590
f 605 590 589
f 606 589 588
f 606 605 589
f 607 606 588
f 628 614 629
f 630 629 612
f 630 612 611
f 627 617 614
f 627 614 628
f 631 630 611
f 631 611 610
f 636 638 637
f 636 639 638
f 626 617 627
f 641 639 636
f 641 640 639
f 632 609 608
f 632 610 609
f 632 631 610
f 635 641 636
f 633 632 608
f 616 617 626
f 625 616 626
f 642 641 635
f 642 635 634
f 621 623 622
f 621 624 623
f 618 625 624
f 618 616 625
f 619 618 624
f 620 624 621
f 620 619 624
f 25 26 642
f 25 642 634
f 576 582 577
f 582 576 583
f 576 575 583
f 575 574 583
f 574 573 583
f 573 572 583
f 593 602 594
f 601 594 602
f 613 612 614
f 612 629 614
f 614 617 615
f 25 634 643
f 634 633 643
f 633 608 643
f 608 607 643
f 607 588 643
f 588 587 643
f 587 677 643
f 677 676 643
f 676 656 643
f 656 655 643
f 658 659 665
f 659 660 665
f 660 661 665
f 661 662 665
f 662 663 665
f 679 564 688
f 679 566 564
f 679 567 566
f 602 593 603
f 593 591 603
f 445 223 563
f 445 222 223
f 565 256 690
f 565 255 256
f 490 447 489
f 490 446 447
f 517 36 696
f 517 64 36
f 517 65 64
f 695 517 696
f 516 517 695
f 694 515 516
f 694 516 695
f 693 514 515
f 693 515 694
f 692 513 514
f 692 514 693
f 691 513 692
f 512 513 691
f 511 512 691
f 493 510 511
f 493 691 40
f 493 511 691
f 494 509 510
f 494 510 493
f 495 508 509
f 495 509 494
f 496 507 508
f 496 508 495
f 497 507 496
f 506 507 497
f 498 506 497
f 505 506 498
f 499 505 498
f 504 505 499
f 503 504 499
f 503 499 500
f 502 503 500
f 502 500 501
f 30 63 691
f 63 40 691
f 550 75 70
f 550 76 75
f 533 550 70
f 534 550 533
f 549 550 534
f 535 549 534
f 536 549 535
f 548 549 536
f 537 548 536
f 547 537 538
f 547 548 537
f 539 547 538
f 546 547 539
f 545 539 540
f 545 546 539
f 541 545 540
f 544 545 541
f 543 541 542
f 543 544 541
f 236 11 551
f 236 15 11
f 236 16 15
f 552 235 236
f 552 236 551
f 234 235 552
f 553 233 234
f 553 234 552
f 554 232 233
f 554 233 553
f 555 231 232
f 555 232 554
f 556 230 231
f 556 231 555
f 557 229 230
f 557 230 556
f 558 228 229
f 558 229 557
f 559 227 228
f 559 228 558
f 560 226 227
f 560 227 559
f 561 225 226
f 561 226 560
f 562 224 225
f 562 225 561
f 563 223 224
f 563 224 562
f 200 202 203
f 200 201 202
f 199 203 204
f 199 200 203
f 205 199 204
f 198 199 205
f 197 205 206
f 197 198 205
f 207 197 206
f 196 197 207
f 195 196 207
f 208 195 207
f 194 195 208
f 209 194 208
f 193 194 209
f 192 193 209
f 210 191 192
f 210 192 209
f 211 190 191
f 211 191 210
f 212 189 190
f 212 190 211
f 213 188 189
f 213 189 212
f 214 187 188
f 214 188 213
f 215 186 187
f 215 187 214
f 216 185 186
f 216 186 215
f 217 184 185
f 217 185 216
f 218 183 184
f 218 184 217
f 219 182 183
f 219 183 218
f 220 181 182
f 220 182 219
f 467 454 453
f 466 455 454
f 466 454 467
f 468 452 451
f 468 453 452
f 468 467 453
f 465 456 455
f 465 455 466
f 464 456 465
f 469 451 450
f 469 468 451
f 463 457 456
f 463 456 464
f 462 457 463
f 470 450 449
f 470 469 450
f 460 470 449
f 461 448 457
f 461 457 462
f 484 471 477
f 483 471 484
f 485 484 477
f 482 471 483
f 486 477 476
f 486 485 477
f 487 486 476
f 487 476 475
f 481 471 482
f 481 448 471
f 488 487 475
f 488 474 473
f 488 475 474
f 480 473 472
f 480 488 473
f 459 449 458
f 459 460 449
f 489 447 481
f 478 480 472
f 479 480 478
f 448 481 447
f 471 448 461
f 140 142 143
f 140 141 142
f 139 140 143
f 139 143 144
f 145 139 144
f 138 139 145
f 146 138 145
f 137 138 146
f 147 137 146
f 147 136 137
f 148 135 136
f 148 136 147
f 149 134 135
f 149 135 148
f 150 133 134
f 150 134 149
f 151 133 150
f 709 133 151
f 709 151 152
f 153 710 709
f 153 709 152
f 154 711 710
f 154 710 153
f 155 698 711
f 155 711 154
f 156 698 155
f 697 698 156
f 126 128 129
f 126 127 128
f 157 697 156
f 699 697 157
f 125 129 130
f 125 126 129
f 131 125 130
f 124 131 132
f 124 125 131
f 123 124 132
f 708 123 132
f 158 699 157
f 700 699 158
f 701 700 158
f 159 701 158
f 702 701 159
f 160 702 159
f 703 702 160
f 704 703 160
f 704 161 162
f 704 160 161
f 705 704 162
f 706 705 162
f 706 162 163
f 122 123 708
f 407 706 163
f 407 163 164
f 408 122 707
f 121 122 408
f 409 121 408
f 410 121 409
f 406 407 164
f 406 164 165
f 120 121 410
f 405 406 165
f 405 165 166
f 167 405 166
f 404 405 167
f 168 404 167
f 403 404 168
f 411 120 410
f 411 119 120
f 169 403 168
f 402 403 169
f 170 401 402
f 170 402 169
f 412 118 119
f 412 119 411
f 171 400 401
f 171 401 170
f 413 117 118
f 413 118 412
f 414 116 117
f 414 117 413
f 172 399 400
f 172 400 171
f 415 115 116
f 415 116 414
f 416 114 115
f 416 115 415
f 173 398 399
f 173 399 172
f 174 397 398
f 174 398 173
f 175 396 397
f 175 397 174
f 176 396 175
f 176 395 396
f 177 395 176
f 177 393 395
f 178 393 177
f 178 394 393
f 133 709 132
f 408 706 407
f 408 707 706
f 707 122 708
f 708 132 709
f 95 97 98
f 95 96 97
f 94 100 101
f 94 99 100
f 94 98 99
f 94 95 98
f 102 94 101
f 93 102 106
f 93 94 102
f 105 93 106
f 104 93 105
f 103 93 104
f 107 92 93
f 107 93 103
f 108 91 92
f 108 92 107
f 109 90 91
f 109 91 108
f 110 88 90
f 110 90 109
f 111 89 88
f 111 88 110
f 708 709 710
f 708 697 699
f 708 698 697
f 708 711 698
f 708 710 711
f 700 708 699
f 707 705 706
f 707 704 705
f 707 703 704
f 707 702 703
f 707 701 702
f 707 700 701
f 707 708 700
f 52 532 53
f 531 532 52
f 50 531 52
f 530 518 519
f 530 50 518
f 530 531 50
f 520 530 519
f 529 530 520
f 528 520 521
f 528 529 520
f 522 528 521
f 527 528 522
f 526 522 523
f 526 527 522
f 525 523 524
f 525 526 523
f 713 83 16
f 712 713 16
f 237 712 16
f 40 714 492
f 40 715 714
f 40 46 715
f 645 689 644
f 645 688 689
f 254 255 565
f 564 254 565
f 253 254 564
f 566 253 564
f 252 253 566
f 567 252 566
f 251 252 567
f 568 251 567
f 250 251 568
f 569 250 568
f 249 250 569
f 570 249 569
f 248 249 570
f 571 248 570
f 247 248 571
f 572 247 571
f 246 247 572
f 573 246 572
f 245 246 573
f 574 245 573
f 242 577 716
f 242 716 20
f 244 245 574
f 575 243 244
f 575 244 574
f 576 242 243
f 576 577 242
f 576 243 575
f 638 629 630
f 639 628 629
f 639 629 638
f 637 638 630
f 640 627 628
f 640 628 639
f 631 637 630
f 636 637 631
f 626 627 640
f 641 626 640
f 632 636 631
f 635 636 632
f 633 635 632
f 634 635 633
f 642 625 626
f 642 624 625
f 642 626 641
f 618 717 718
f 618 718 616
f 724 623 624
f 724 622 623
f 724 624 642
f 723 621 622
f 723 622 724
f 722 620 621
f 722 621 723
f 719 717 618
f 720 719 618
f 720 618 619
f 721 720 619
f 721 619 620
f 721 620 722
f 26 724 642
f 724 726 725
f 724 26 726
f 727 599 601
f 615 727 601
f 602 615 601
f 614 615 602
f 613 602 603
f 613 614 602
f 612 613 603
f 604 612 603
f 611 612 604
f 610 604 605
f 610 611 604
f 606 610 605
f 609 606 607
f 609 610 606
f 608 609 607
f 646 688 645
f 658 646 654
f 653 658 654
f 659 658 653
f 652 659 653
f 660 659 652
f 661 652 651
f 661 660 652
f 662 651 650
f 662 661 651
f 663 650 649
f 663 662 650
f 664 649 648
f 664 663 649
f 647 664 648
f 657 664 647
f 679 646 658
f 675 680 679
f 675 679 665
f 674 680 675
f 681 680 674
f 673 681 674
f 682 681 673
f 672 682 673
f 683 682 672
f 671 683 672
f 684 683 671
f 670 684 671
f 685 684 670
f 669 685 670
f 686 685 669
f 686 669 668
f 667 686 668
f 687 686 667
f 666 687 667
f 678 687 666
f 656 647 655
f 656 657 647
f 677 666 676
f 677 678 666
f 665 679 658
f 688 646 679
f 352 350 351
f 349 350 352
f 353 349 352
f 348 354 355
f 348 353 354
f 348 349 353
f 365 366 421
f 347 355 356
f 347 348 355
f 346 356 357
f 346 347 356
f 422 365 421
f 740 346 357
f 364 365 422
f 423 364 422
f 363 364 423
f 424 363 423
f 362 363 424
f 425 362 424
f 361 362 425
f 426 361 425
f 360 361 426
f 427 359 360
f 427 360 426
f 428 359 427
f 741 357 358
f 741 740 357
f 429 358 359
f 429 741 358
f 429 359 428
f 323 737 736
f 322 323 736
f 322 736 735
f 321 322 735
f 321 735 734
f 324 738 737
f 324 737 323
f 325 739 738
f 325 738 324
f 326 739 325
f 327 345 739
f 327 739 326
f 328 345 327
f 338 336 337
f 335 336 338
f 329 345 328
f 329 344 345
f 339 335 338
f 443 444 300
f 334 335 339
f 343 344 329
f 301 443 300
f 340 334 339
f 330 343 329
f 733 321 734
f 333 340 341
f 333 334 340
f 331 342 343
f 331 343 330
f 320 321 733
f 320 732 731
f 320 733 732
f 332 341 342
f 332 342 331
f 332 333 341
f 319 320 731
f 318 319 731
f 318 731 730
f 317 318 730
f 317 730 728
f 729 317 728
f 316 729 742
f 316 317 729
f 315 316 742
f 442 443 301
f 302 442 301
f 430 315 742
f 314 315 430
f 441 442 302
f 303 441 302
f 440 441 303
f 304 440 303
f 439 440 304
f 305 439 304
f 431 314 430
f 313 314 431
f 438 439 305
f 306 438 305
f 432 313 431
f 312 313 432
f 437 438 306
f 307 437 306
f 433 312 432
f 311 312 433
f 434 311 433
f 436 437 307
f 310 311 434
f 310 434 435
f 308 436 307
f 308 435 436
f 309 310 435
f 309 435 308
f 346 739 345
f 346 740 739
f 430 742 429
f 741 429 742
f 276 277 278
f 275 276 278
f 279 275 278
f 274 275 279
f 258 296 297
f 259 296 258
f 273 279 280
f 273 274 279
f 281 273 280
f 260 295 296
f 260 296 259
f 272 281 282
f 272 273 281
f 271 282 283
f 271 272 282
f 261 294 295
f 261 295 260
f 293 294 261
f 262 293 261
f 292 293 262
f 263 292 262
f 291 292 263
f 264 291 263
f 290 291 264
f 265 290 264
f 265 289 290
f 266 289 265
f 266 288 289
f 267 288 266
f 267 287 288
f 284 271 283
f 268 286 287
f 268 287 267
f 269 285 286
f 269 286 268
f 270 284 285
f 270 271 284
f 270 285 269
f 735 736 740
f 734 735 740
f 737 740 736
f 738 740 737
f 739 740 738
f 733 740 741
f 733 734 740
f 732 733 741
f 731 732 741
f 730 731 741
f 728 730 741
f 729 728 741
f 742 729 741
f 595 581 582
f 596 581 595
f 594 595 582
f 580 581 596
f 597 580 596
f 743 578 580
f 598 743 580
f 598 580 597
f 583 594 582
f 593 594 583
f 592 583 584
f 592 593 583
f 591 592 584
f 585 591 584
f 590 591 585
f 589 585 586
f 589 590 585
f 587 589 586
f 588 589 587
f 744 719 720
f 744 717 719
f 725 722 723
f 725 721 722
f 725 720 721
f 725 744 720
f 725 723 724
f 745 579 578
f 751 577 579
f 751 745 746
f 751 579 745
f 750 746 747
f 750 751 746
f 749 747 748
f 749 750 747
f 751 716 577
f 751 20 716
f 753 20 751
f 750 753 751
f 754 753 750
f 749 754 750
f 752 754 749
f 755 600 599
f 762 598 600
f 762 600 755
f 761 755 756
f 761 762 755
f 760 756 757
f 760 761 756
f 759 757 758
f 759 760 757
f 762 743 598
f 762 578 743
f 745 762 761
f 745 578 762
f 746 761 760
f 746 745 761
f 747 746 760
f 759 747 760
f 748 747 759
f 763 617 616
f 769 615 617
f 769 763 764
f 769 617 763
f 768 769 764
f 767 764 765
f 767 768 764
f 766 767 765
f 773 726 26
f 777 725 726
f 777 726 773
f 776 773 772
f 776 777 773
f 775 772 771
f 775 776 772
f 774 771 770
f 774 775 771
f 778 718 717
f 778 616 718
f 763 616 778
f 779 763 778
f 764 763 779
f 780 764 779
f 765 764 780
f 773 26 27
f 773 27 784
f 772 784 783
f 772 773 784
f 771 783 782
f 771 772 783
f 770 782 781
f 770 771 782
f 769 727 615
f 755 599 727
f 755 727 769
f 756 769 768
f 756 755 769
f 757 768 767
f 757 756 768
f 758 767 766
f 758 757 767
f 788 20 753
f 788 21 20
f 787 753 754
f 787 788 753
f 786 754 752
f 786 787 754
f 785 786 752
f 794 795 796
f 793 794 796
f 792 796 797
f 792 793 796
f 791 797 798
f 791 798 789
f 791 792 797
f 790 791 789
f 793 800 794
f 801 793 792
f 801 800 793
f 802 792 791
f 802 801 792
f 803 802 791
f 790 803 791
f 799 803 790
f 809 810 811
f 808 809 811
f 807 811 812
f 807 808 811
f 806 812 804
f 806 807 812
f 805 806 804
f 817 818 819
f 817 819 822
f 816 822 821
f 816 817 822
f 815 821 820
f 815 816 821
f 814 820 813
f 814 815 820
f 824 810 823
f 811 810 824
f 825 811 824
f 812 811 825
f 826 812 825
f 804 812 826
f 822 819 828
f 822 828 831
f 821 831 830
f 821 822 831
f 820 830 829
f 820 821 830
f 813 829 827
f 813 820 829
f 796 795 809
f 796 809 808
f 797 808 807
f 797 796 808
f 806 797 807
f 798 797 806
f 789 806 805
f 789 798 806
f 835 800 801
f 834 801 802
f 834 835 801
f 833 802 803
f 833 834 802
f 832 803 799
f 832 833 803
f 844 837 836
f 844 836 838
f 843 838 839
f 843 844 838
f 842 839 840
f 842 843 839
f 841 842 840
f 834 836 835
f 838 836 834
f 833 838 834
f 839 838 833
f 832 839 833
f 840 839 832
f 832 799 870
f 832 870 871
f 832 871 872
f 873 832 872
f 869 873 874
f 869 832 873
f 861 859 860
f 862 859 861
f 841 840 859
f 841 859 862
f 863 841 862
f 864 841 863
f 939 869 874
f 939 874 938
f 937 938 874
f 940 869 939
f 936 937 874
f 941 868 869
f 941 869 940
f 935 874 875
f 935 936 874
f 942 868 941
f 934 935 875
f 949 950 951
f 943 868 942
f 943 867 868
f 948 949 951
f 948 951 952
f 947 952 953
f 947 948 952
f 954 947 953
f 933 875 876
f 933 934 875
f 946 947 954
f 946 954 955
f 956 946 955
f 962 956 961
f 963 946 956
f 963 956 962
f 968 969 970
f 967 968 970
f 967 970 971
f 967 971 972
f 966 972 973
f 966 973 888
f 966 967 972
f 932 877 878
f 858 867 943
f 858 865 866
f 858 866 867
f 944 858 943
f 945 858 944
f 931 878 879
f 931 879 880
f 931 932 878
f 964 945 946
f 964 946 963
f 964 858 945
f 893 891 892
f 894 891 893
f 894 890 891
f 895 890 894
f 896 889 890
f 896 890 895
f 897 889 896
f 857 965 966
f 930 881 882
f 907 900 901
f 907 901 902
f 907 902 903
f 929 930 882
f 928 929 882
f 927 928 882
f 927 882 883
f 926 927 883
f 912 910 911
f 925 926 883
f 913 910 912
f 913 909 910
f 924 925 883
f 914 909 913
f 914 908 909
f 915 908 914
f 916 907 908
f 916 908 915
f 917 900 907
f 917 907 916
f 898 857 897
f 899 900 917
f 14 884 885
f 14 885 886
f 14 886 887
f 14 887 77
f 918 899 917
f 845 924 883
f 845 883 884
f 845 920 921
f 845 921 922
f 845 922 923
f 845 923 924
f 856 918 919
f 856 919 920
f 856 899 918
f 846 920 845
f 853 854 855
f 847 920 846
f 847 856 920
f 852 853 855
f 848 856 847
f 849 856 848
f 87 850 851
f 87 851 852
f 87 855 17
f 87 852 855
f 14 845 884
f 87 856 850
f 850 856 849
f 856 857 899
f 899 857 898
f 857 858 964
f 857 964 965
f 858 841 864
f 858 864 865
f 888 889 897
f 888 897 966
f 966 897 857
f 906 907 905
f 905 907 904
f 904 907 903
f 930 931 880
f 930 880 881
f 932 933 877
f 877 933 876
f 956 957 958
f 956 958 959
f 956 959 960
f 956 960 961
f 845 14 17
f 855 845 17
f 854 845 855
f 846 845 854
f 853 846 854
f 847 846 853
f 852 847 853
f 851 848 847
f 851 847 852
f 849 848 851
f 850 849 851
f 790 789 992
f 790 992 993
f 790 993 994
f 991 790 994
f 995 991 994
f 990 991 995
f 996 990 995
f 989 990 996
f 988 996 997
f 988 989 996
f 987 997 998
f 987 988 997
f 986 998 999
f 986 987 998
f 985 999 1000
f 985 986 999
f 984 1000 1001
f 984 985 1000
f 983 1001 1002
f 983 984 1001
f 982 983 1002
f 981 1002 1003
f 981 982 1002
f 980 981 1003
f 980 1003 1004
f 979 980 1004
f 979 1004 1005
f 978 1005 1006
f 978 979 1005
f 977 978 1006
f 977 1006 1007
f 976 977 1007
f 975 976 1007
f 975 1007 1008
f 974 1008 1009
f 974 975 1008
f 74 974 1009
f 74 1009 1010
f 74 1010 1011
f 74 1011 54
f 991 799 790
f 870 799 991
f 990 870 991
f 871 870 990
f 989 871 990
f 872 871 989
f 988 872 989
f 873 872 988
f 987 873 988
f 874 873 987
f 986 874 987
f 875 874 986
f 985 875 986
f 876 875 985
f 984 876 985
f 877 876 984
f 983 877 984
f 878 877 983
f 982 878 983
f 879 878 982
f 77 974 74
f 887 974 77
f 880 982 981
f 880 879 982
f 975 974 887
f 886 975 887
f 881 981 980
f 881 880 981
f 976 975 886
f 885 976 886
f 885 977 976
f 882 881 980
f 882 980 979
f 884 977 885
f 884 978 977
f 883 979 978
f 883 978 884
f 883 882 979
f 1039 804 1032
f 1037 1034 1035
f 1037 1035 1036
f 1040 805 804
f 1040 804 1039
f 1038 1032 1033
f 1038 1033 1034
f 1038 1034 1037
f 1038 1039 1032
f 1041 805 1040
f 1042 805 1041
f 1031 805 1042
f 1043 1031 1042
f 1030 1043 1044
f 1030 1031 1043
f 1029 1030 1044
f 1029 1044 1045
f 1028 1029 1045
f 1028 1045 1046
f 1027 1028 1046
f 1027 1046 1047
f 1026 1027 1047
f 1026 1047 1048
f 1025 1026 1048
f 1025 1048 1049
f 1024 1025 1049
f 1024 1049 1050
f 1023 1024 1050
f 1023 1050 1051
f 1022 1023 1051
f 1021 1022 1051
f 1021 1051 1052
f 1068 1069 1070
f 1068 1070 1071
f 1020 1021 1052
f 1020 1052 1053
f 1066 1068 1071
f 1066 1067 1068
f 1065 1066 1071
f 1019 1053 1054
f 1019 1020 1053
f 1018 1054 1055
f 1018 1019 1054
f 1064 1065 1071
f 1064 1071 66
f 1017 1055 1056
f 1017 1018 1055
f 1063 1064 66
f 1016 1056 1057
f 1016 1017 1056
f 1015 1057 1058
f 1015 1016 1057
f 1014 1058 1059
f 1014 1015 1058
f 1013 1059 1060
f 1013 1014 1059
f 1012 1060 1061
f 1012 1013 1060
f 58 1063 66
f 58 1061 1062
f 58 1062 1063
f 58 1012 1061
f 1031 789 805
f 992 789 1031
f 1030 992 1031
f 993 992 1030
f 1029 993 1030
f 994 993 1029
f 1028 994 1029
f 995 994 1028
f 1027 995 1028
f 996 995 1027
f 1026 996 1027
f 997 996 1026
f 1025 997 1026
f 998 997 1025
f 1024 998 1025
f 999 998 1024
f 1023 999 1024
f 1000 1023 1022
f 1000 999 1023
f 1001 1022 1021
f 1001 1000 1022
f 1002 1001 1021
f 1003 1021 1020
f 1003 1002 1021
f 1004 1020 1019
f 1004 1003 1020
f 54 1012 58
f 1011 1012 54
f 1011 1013 1012
f 1005 1004 1019
f 1005 1019 1018
f 1010 1014 1013
f 1010 1013 1011
f 1006 1005 1018
f 1006 1018 1017
f 1009 1015 1014
f 1009 1014 1010
f 1007 1017 1016
f 1007 1006 1017
f 1008 1007 1016
f 1008 1016 1015
f 1008 1015 1009
f 1104 1105 827
f 1106 827 1105
f 1145 1104 827
f 1107 827 1106
f 1107 813 827
f 1108 813 1107
f 1109 813 1108
f 1146 1104 1145
f 1146 1102 1103
f 1146 1103 1104
f 1144 1145 827
f 1147 1102 1146
f 1147 1100 1101
f 1147 1101 1102
f 1148 1098 1099
f 1148 1099 1100
f 1148 1100 1147
f 1149 1098 1148
f 1112 1144 827
f 1112 1142 1143
f 1112 1143 1144
f 1097 1098 1149
f 1150 1097 1149
f 1151 1097 1150
f 1141 1112 1111
f 1141 1142 1112
f 1096 1097 1151
f 1096 1151 1152
f 1095 1096 1152
f 1095 1152 1153
f 1095 1153 1154
f 1140 1141 1111
f 1094 1095 1154
f 1094 1154 1155
f 1139 1140 1111
f 1093 1094 1155
f 1093 1155 1156
f 1138 1139 1111
f 1092 1093 1156
f 1092 1156 1157
f 1137 1138 1111
f 1091 1092 1157
f 1091 1157 1158
f 1136 1137 1111
f 1129 1110 1128
f 1135 1136 1111
f 1090 1091 1158
f 1090 1158 1113
f 1130 1110 1129
f 1077 1126 1127
f 1134 1135 1111
f 1078 1126 1077
f 1078 1125 1126
f 1089 1113 1114
f 1089 1090 1113
f 1133 1134 1111
f 45 1075 1076
f 45 1077 1127
f 45 1076 1077
f 45 1128 1110
f 45 1127 1128
f 1079 1125 1078
f 1088 1089 1114
f 1088 1114 1115
f 1132 1133 1111
f 1074 1075 45
f 1080 1125 1079
f 1081 1125 1080
f 1081 1123 1124
f 1081 1124 1125
f 1131 1132 1111
f 1131 1111 1110
f 1131 1110 1130
f 1087 1088 1115
f 1087 1115 1116
f 1086 1116 1117
f 1086 1087 1116
f 44 1072 1073
f 44 1073 1074
f 44 1074 45
f 1085 1117 1118
f 1085 1086 1117
f 1084 1085 1118
f 1084 1118 1119
f 1084 1119 1120
f 1084 1120 1121
f 1083 1121 1122
f 1083 1084 1121
f 1082 1123 1081
f 1082 1122 1123
f 1082 1083 1122
f 1103 1106 1105
f 1103 1105 1104
f 1102 1106 1103
f 1107 1106 1102
f 1101 1107 1102
f 1109 814 813
f 1100 1108 1107
f 1100 1107 1101
f 1099 1109 1108
f 1099 1108 1100
f 1167 814 1109
f 1167 1109 1099
f 1098 1167 1099
f 1032 804 1159
f 1160 1033 1032
f 1160 1032 1159
f 1161 1034 1033
f 1161 1033 1160
f 1181 1039 1180
f 1181 1040 1039
f 1162 1035 1034
f 1162 1034 1161
f 1038 1180 1039
f 1163 1035 1162
f 1182 1040 1181
f 1182 1041 1040
f 1164 1035 1163
f 1164 1036 1035
f 1165 1036 1164
f 1165 1037 1036
f 1179 1037 1165
f 1179 1180 1038
f 1179 1038 1037
f 1042 1041 1182
f 1183 1042 1182
f 1043 1042 1183
f 1184 1043 1183
f 1044 1043 1184
f 1185 1044 1184
f 1097 1166 1098
f 1178 1166 1097
f 1177 1178 1097
f 1096 1177 1097
f 1220 1177 1096
f 1095 1220 1096
f 1045 1185 1186
f 1045 1044 1185
f 1219 1095 1094
f 1219 1220 1095
f 1218 1094 1093
f 1218 1219 1094
f 1046 1186 1187
f 1046 1045 1186
f 1217 1093 1092
f 1217 1218 1093
f 1047 1187 1188
f 1047 1046 1187
f 1216 1092 1091
f 1216 1217 1092
f 1048 1188 1189
f 1048 1047 1188
f 1215 1091 1090
f 1215 1216 1091
f 1089 1215 1090
f 1214 1215 1089
f 1049 1189 1190
f 1049 1048 1189
f 1088 1214 1089
f 1213 1214 1088
f 1050 1190 1191
f 1050 1049 1190
f 1087 1213 1088
f 1212 1213 1087
f 1086 1212 1087
f 1211 1212 1086
f 1051 1050 1191
f 1051 1191 1192
f 1085 1211 1086
f 1210 1211 1085
f 1078 1077 1076
f 1075 1078 1076
f 1084 1210 1085
f 1193 1051 1192
f 1209 1210 1084
f 1209 1084 1083
f 1208 1209 1083
f 1052 1051 1193
f 1207 1083 1082
f 1207 1208 1083
f 1079 1078 1075
f 1169 1207 1082
f 1074 1079 1075
f 1081 1169 1082
f 1073 1079 1074
f 1073 1080 1079
f 1072 1080 1073
f 1168 1081 1080
f 1168 1080 1072
f 1194 1052 1193
f 1053 1052 1194
f 34 1168 1072
f 1195 1053 1194
f 1054 1053 1195
f 1196 1054 1195
f 1055 1054 1196
f 1070 1174 1175
f 1070 1175 1176
f 1070 1176 1071
f 1069 1172 1173
f 1069 1173 1174
f 1069 1174 1070
f 1068 1171 1172
f 1068 1172 1069
f 1067 1171 1068
f 1067 1170 1171
f 66 1071 1176
f 1066 1170 1067
f 1206 1170 1066
f 1065 1206 1066
f 1197 1055 1196
f 1056 1055 1197
f 1198 1056 1197
f 1057 1056 1198
f 1199 1057 1198
f 1058 1057 1199
f 1205 1206 1065
f 1064 1205 1065
f 1204 1205 1064
f 1063 1204 1064
f 1200 1058 1199
f 1203 1204 1063
f 1059 1058 1200
f 1201 1059 1200
f 1062 1203 1063
f 1060 1201 1202
f 1060 1059 1201
f 1061 1202 1203
f 1061 1060 1202
f 1061 1203 1062
f 826 1159 804
f 1165 1166 1179
f 1179 1166 1178
f 1166 1167 1098
f 1072 44 34
f 1168 1169 1081
f 1169 1170 1207
f 1176 37 66
f 1206 1207 1170
f 1179 1178 1177
f 1179 1177 1220
f 1219 1179 1220
f 1218 1179 1219
f 1185 1184 1183
f 1185 1183 1182
f 1185 1182 1181
f 1185 1181 1180
f 1186 1180 1179
f 1186 1185 1180
f 1187 1186 1179
f 1188 1218 1217
f 1188 1179 1218
f 1188 1187 1179
f 1189 1217 1216
f 1189 1188 1217
f 1190 1189 1216
f 1191 1216 1215
f 1191 1190 1216
f 1192 1215 1214
f 1192 1191 1215
f 1206 1211 1210
f 1206 1210 1209
f 1206 1209 1208
f 1206 1208 1207
f 1193 1192 1214
f 1194 1214 1213
f 1194 1193 1214
f 1195 1194 1213
f 1196 1213 1212
f 1196 1195 1213
f 1197 1212 1211
f 1197 1196 1212
f 1197 1211 1206
f 1198 1197 1206
f 1199 1206 1205
f 1199 1198 1206
f 1200 1199 1205
f 1200 1205 1204
f 1200 1204 1203
f 1200 1203 1202
f 1200 1202 1201
f 826 814 1167
f 1166 1159 826
f 1166 1165 1164
f 1166 1164 1163
f 1166 1163 1162
f 1166 1162 1161
f 1166 1161 1160
f 1166 1160 1159
f 1166 826 1167
f 953 938 937
f 954 953 937
f 954 936 935
f 954 937 936
f 952 938 953
f 952 939 938
f 955 954 935
f 955 935 934
f 951 939 952
f 951 940 939
f 956 934 933
f 956 955 934
f 950 940 951
f 949 940 950
f 949 941 940
f 948 941 949
f 947 941 948
f 947 942 941
f 946 942 947
f 946 943 942
f 932 957 933
f 888 957 932
f 973 958 957
f 973 959 958
f 973 957 888
f 972 959 973
f 972 960 959
f 971 961 960
f 971 960 972
f 970 961 971
f 969 962 961
f 969 961 970
f 968 962 969
f 967 962 968
f 963 962 967
f 966 963 967
f 931 888 932
f 906 890 889
f 906 889 931
f 891 890 906
f 905 892 891
f 905 893 892
f 905 891 906
f 894 893 905
f 904 895 894
f 904 894 905
f 903 896 895
f 903 895 904
f 902 896 903
f 901 896 902
f 897 896 901
f 900 897 901
f 930 906 931
f 907 930 929
f 944 943 946
f 928 907 929
f 945 944 946
f 908 907 928
f 927 908 928
f 909 908 927
f 926 909 927
f 910 909 926
f 925 910 926
f 911 910 925
f 924 911 925
f 924 912 911
f 923 912 924
f 923 913 912
f 922 913 923
f 922 914 913
f 921 914 922
f 921 915 914
f 916 915 921
f 920 916 921
f 920 917 916
f 964 963 966
f 965 964 966
f 899 897 900
f 899 898 897
f 919 917 920
f 919 918 917
f 889 888 931
f 957 956 933
f 907 906 930
f 1143 1146 1145
f 1143 1145 1144
f 1142 1149 1148
f 1142 1148 1147
f 1142 1147 1146
f 1142 1146 1143
f 1150 1149 1142
f 1141 1151 1150
f 1141 1150 1142
f 1152 1151 1141
f 1153 1152 1141
f 1154 1153 1141
f 1155 1141 1140
f 1155 1154 1141
f 1156 1140 1139
f 1156 1155 1140
f 1157 1139 1138
f 1157 1156 1139
f 1137 1157 1138
f 1129 1128 1127
f 1158 1157 1137
f 1126 1129 1127
f 1136 1158 1137
f 1130 1129 1126
f 1113 1158 1136
f 1125 1130 1126
f 1135 1113 1136
f 1124 1130 1125
f 1123 1130 1124
f 1114 1113 1135
f 1134 1114 1135
f 1115 1114 1134
f 1115 1134 1133
f 1116 1115 1133
f 1116 1133 1132
f 1117 1116 1132
f 1117 1132 1131
f 1118 1117 1131
f 1122 1130 1123
f 1122 1131 1130
f 1119 1118 1131
f 1121 1131 1122
f 1120 1119 1131
f 1120 1131 1121
f 37 1168 34
f 37 1169 1168
f 1176 1169 37
f 1175 1169 1176
f 1174 1169 1175
f 1173 1169 1174
f 1172 1169 1173
f 1171 1169 1172
f 1170 1169 1171
f 1225 1226 1227
f 1225 1227 1228
f 1224 1228 1229
f 1224 1225 1228
f 1223 1229 1230
f 1223 1224 1229
f 1222 1230 1221
f 1222 1223 1230
f 1233 1225 1224
f 1233 1226 1225
f 1233 1232 1226
f 1234 1224 1223
f 1234 1233 1224
f 1235 1234 1223
f 1231 1223 1222
f 1231 1235 1223
f 1242 1243 1244
f 1242 1244 1245
f 1241 1242 1245
f 1240 1241 1245
f 1239 1245 1246
f 1239 1240 1245
f 1238 1246 1236
f 1238 1239 1246
f 1237 1238 1236
f 1245 1244 1247
f 1245 1247 1248
f 1246 1248 1249
f 1246 1245 1248
f 1236 1249 1250
f 1236 1246 1249
f 1260 1256 1257
f 1255 1256 1260
f 1259 1255 1260
f 1254 1255 1259
f 1258 1254 1259
f 1253 1254 1258
f 1251 1253 1258
f 1252 1253 1251
f 1227 1243 1242
f 1228 1241 1240
f 1228 1242 1241
f 1228 1227 1242
f 1229 1240 1239
f 1229 1228 1240
f 1230 1239 1238
f 1230 1229 1239
f 1221 1238 1237
f 1221 1230 1238
f 1260 1257 1262
f 1260 1262 1265
f 1259 1265 1264
f 1259 1260 1265
f 1258 1264 1263
f 1258 1259 1264
f 1251 1263 1261
f 1251 1258 1263
f 1268 1269 1232
f 1268 1232 1233
f 1268 1233 1234
f 1267 1234 1235
f 1267 1268 1234
f 1266 1235 1231
f 1266 1267 1235
f 1278 1271 1270
f 1278 1270 1272
f 1277 1272 1273
f 1277 1278 1272
f 1276 1273 1274
f 1276 1277 1273
f 1275 1276 1274
f 1272 1269 1268
f 1272 1270 1269
f 1273 1268 1267
f 1273 1272 1268
f 1274 1267 1266
f 1274 1273 1267
f 749 748 1290
f 749 1290 1291
f 749 1291 1292
f 1293 749 1292
f 1289 1293 1294
f 1289 749 1293
f 1281 1279 1280
f 1282 1279 1281
f 785 752 1279
f 785 1279 1282
f 1283 785 1282
f 1284 785 1283
f 1377 1289 1294
f 1377 1294 1376
f 1375 1376 1294
f 1378 1289 1377
f 1374 1375 1294
f 1379 1288 1289
f 1379 1289 1378
f 1373 1294 1295
f 1373 1374 1294
f 1380 1288 1379
f 1372 1373 1295
f 1387 1388 1389
f 1381 1288 1380
f 1381 1287 1288
f 1386 1387 1389
f 1386 1389 1390
f 1385 1390 1391
f 1385 1386 1390
f 1392 1385 1391
f 1371 1295 1296
f 1371 1372 1295
f 1384 1385 1392
f 1384 1392 1393
f 1394 1384 1393
f 1401 1384 1394
f 1401 1394 1400
f 1406 1407 1408
f 1405 1408 1409
f 1405 1409 1410
f 1405 1406 1408
f 1404 1410 1411
f 1404 1411 1326
f 1404 1405 1410
f 1370 1297 1298
f 1325 1285 1286
f 1325 1286 1287
f 1325 1287 1381
f 1382 1325 1381
f 1383 1325 1382
f 1369 1298 1299
f 1369 1299 1300
f 1369 1370 1298
f 1402 1383 1384
f 1402 1384 1401
f 1402 1325 1383
f 1331 1329 1330
f 1332 1328 1329
f 1332 1329 1331
f 1333 1328 1332
f 1334 1328 1333
f 1334 1327 1328
f 1335 1327 1334
f 1324 1403 1404
f 1368 1301 1302
f 1345 1338 1339
f 1345 1339 1340
f 1345 1340 1341
f 1367 1368 1302
f 1366 1367 1302
f 1365 1302 1303
f 1365 1366 1302
f 1364 1365 1303
f 1350 1348 1349
f 1363 1364 1303
f 1351 1348 1350
f 1351 1347 1348
f 1362 1363 1303
f 1352 1347 1351
f 1352 1346 1347
f 1353 1346 1352
f 1354 1345 1346
f 1354 1346 1353
f 1355 1338 1345
f 1355 1345 1354
f 1336 1324 1335
f 1337 1338 1355
f 1309 1304 1305
f 1309 1305 1306
f 1309 1306 1307
f 1309 1307 1308
f 1356 1337 1355
f 1323 1356 1357
f 1323 1357 1358
f 1323 1337 1356
f 1310 1303 1304
f 1310 1362 1303
f 1310 1358 1359
f 1310 1359 1360
f 1310 1360 1361
f 1310 1361 1362
f 1311 1358 1310
f 1318 1319 1320
f 1312 1358 1311
f 1312 1323 1358
f 1317 1318 1320
f 1313 1323 1312
f 1314 1323 1313
f 1322 1317 1320
f 1322 1315 1316
f 1322 1316 1317
f 1322 1320 1321
f 1309 1310 1304
f 1322 1323 1315
f 1315 1323 1314
f 1323 1324 1337
f 1337 1324 1336
f 1324 1325 1402
f 1324 1402 1403
f 1325 785 1284
f 1325 1284 1285
f 1326 1327 1335
f 1326 1335 1404
f 1404 1335 1324
f 1344 1345 1343
f 1343 1345 1342
f 1342 1345 1341
f 1368 1369 1300
f 1368 1300 1301
f 1370 1371 1297
f 1297 1371 1296
f 1394 1395 1396
f 1394 1396 1397
f 1394 1397 1398
f 1394 1398 1399
f 1394 1399 1400
f 1289 1279 752
f 1289 752 749
f 1288 1280 1279
f 1288 1279 1289
f 1281 1280 1288
f 1287 1282 1281
f 1287 1281 1288
f 1286 1283 1282
f 1286 1282 1287
f 1285 1284 1283
f 1285 1283 1286
f 759 758 1432
f 759 1432 1433
f 1434 759 1433
f 1431 759 1434
f 1435 1431 1434
f 1430 1431 1435
f 1436 1430 1435
f 1429 1430 1436
f 1428 1436 1437
f 1428 1429 1436
f 1427 1437 1438
f 1427 1428 1437
f 1426 1438 1439
f 1426 1427 1438
f 1425 1439 1440
f 1425 1426 1439
f 1424 1440 1441
f 1424 1425 1440
f 1423 1441 1442
f 1423 1424 1441
f 1422 1423 1442
f 1421 1442 1443
f 1421 1422 1442
f 1420 1421 1443
f 1420 1443 1444
f 1419 1420 1444
f 1419 1444 1445
f 1418 1445 1446
f 1418 1419 1445
f 1417 1418 1446
f 1417 1446 1447
f 1416 1417 1447
f 1415 1416 1447
f 1415 1447 1448
f 1414 1448 1449
f 1414 1415 1448
f 1413 1414 1449
f 1413 1449 1450
f 1413 1450 1451
f 1413 1451 1412
f 1431 748 759
f 1290 748 1431
f 1430 1290 1431
f 1291 1290 1430
f 1429 1291 1430
f 1292 1291 1429
f 1428 1292 1429
f 1293 1292 1428
f 1427 1293 1428
f 1294 1293 1427
f 1426 1294 1427
f 1295 1294 1426
f 1425 1295 1426
f 1296 1295 1425
f 1424 1296 1425
f 1297 1296 1424
f 1423 1297 1424
f 1298 1297 1423
f 1422 1298 1423
f 1299 1298 1422
f 1308 1414 1413
f 1307 1414 1308
f 1300 1422 1421
f 1300 1299 1422
f 1415 1414 1307
f 1306 1415 1307
f 1301 1421 1420
f 1301 1300 1421
f 1416 1415 1306
f 1305 1416 1306
f 1305 1417 1416
f 1302 1301 1420
f 1302 1420 1419
f 1304 1417 1305
f 1304 1418 1417
f 1303 1419 1418
f 1303 1418 1304
f 1303 1302 1419
f 1481 765 1474
f 1479 1476 1477
f 1479 1477 1478
f 1482 766 765
f 1482 765 1481
f 1480 1474 1475
f 1480 1475 1476
f 1480 1476 1479
f 1480 1481 1474
f 1483 766 1482
f 1484 766 1483
f 1473 766 1484
f 1485 1473 1484
f 1472 1485 1486
f 1472 1473 1485
f 1471 1472 1486
f 1471 1486 1487
f 1470 1471 1487
f 1470 1487 1488
f 1469 1470 1488
f 1469 1488 1489
f 1468 1469 1489
f 1468 1489 1490
f 1467 1468 1490
f 1467 1490 1491
f 1466 1467 1491
f 1466 1491 1492
f 1465 1466 1492
f 1465 1492 1493
f 1464 1465 1493
f 1463 1464 1493
f 1463 1493 1494
f 1510 1511 1512
f 1510 1512 1513
f 1462 1463 1494
f 1462 1494 1495
f 1508 1510 1513
f 1508 1509 1510
f 1507 1508 1513
f 1461 1495 1496
f 1461 1462 1495
f 1460 1496 1497
f 1460 1461 1496
f 1506 1507 1513
f 1506 1513 1452
f 1459 1497 1498
f 1459 1460 1497
f 1505 1506 1452
f 1458 1498 1499
f 1458 1459 1498
f 1457 1499 1500
f 1457 1458 1499
f 1456 1500 1501
f 1456 1457 1500
f 1455 1501 1502
f 1455 1456 1501
f 1454 1502 1503
f 1454 1455 1502
f 1453 1505 1452
f 1453 1503 1504
f 1453 1504 1505
f 1453 1454 1503
f 1473 758 766
f 1432 758 1473
f 1472 1432 1473
f 1433 1432 1472
f 1471 1433 1472
f 1434 1433 1471
f 1470 1434 1471
f 1435 1434 1470
f 1469 1435 1470
f 1436 1435 1469
f 1468 1436 1469
f 1437 1436 1468
f 1467 1437 1468
f 1438 1437 1467
f 1466 1438 1467
f 1439 1438 1466
f 1465 1439 1466
f 1440 1465 1464
f 1440 1439 1465
f 1441 1464 1463
f 1441 1440 1464
f 1442 1441 1463
f 1443 1463 1462
f 1443 1442 1463
f 1444 1462 1461
f 1444 1443 1462
f 1412 1454 1453
f 1451 1454 1412
f 1451 1455 1454
f 1445 1444 1461
f 1445 1461 1460
f 1450 1456 1455
f 1450 1455 1451
f 1446 1445 1460
f 1446 1460 1459
f 1447 1446 1459
f 1447 1459 1458
f 1449 1456 1450
f 1449 1457 1456
f 1448 1457 1449
f 1448 1458 1457
f 1448 1447 1458
f 1548 1549 781
f 1550 781 1549
f 1589 1548 781
f 1551 781 1550
f 1551 770 781
f 1552 770 1551
f 1553 770 1552
f 1590 1548 1589
f 1590 1546 1547
f 1590 1547 1548
f 1588 1589 781
f 1591 1546 1590
f 1591 1544 1545
f 1591 1545 1546
f 1592 1542 1543
f 1592 1543 1544
f 1592 1544 1591
f 1593 1542 1592
f 1556 1588 781
f 1556 1586 1587
f 1556 1587 1588
f 1541 1542 1593
f 1594 1541 1593
f 1595 1541 1594
f 1585 1556 1555
f 1585 1586 1556
f 1540 1541 1595
f 1540 1595 1596
f 1539 1540 1596
f 1539 1596 1597
f 1539 1597 1598
f 1584 1585 1555
f 1538 1539 1598
f 1538 1598 1599
f 1583 1584 1555
f 1537 1538 1599
f 1537 1599 1600
f 1582 1583 1555
f 1536 1537 1600
f 1536 1600 1601
f 1581 1582 1555
f 1535 1536 1601
f 1535 1601 1602
f 1580 1581 1555
f 1573 1554 1572
f 1579 1580 1555
f 1534 1535 1602
f 1534 1602 1557
f 1574 1554 1573
f 1521 1570 1571
f 1578 1579 1555
f 1522 1570 1521
f 1522 1569 1570
f 1533 1557 1558
f 1533 1534 1557
f 1577 1578 1555
f 1514 1519 1520
f 1514 1521 1571
f 1514 1520 1521
f 1514 1572 1554
f 1514 1571 1572
f 1523 1569 1522
f 1532 1533 1558
f 1532 1558 1559
f 1576 1577 1555
f 1518 1519 1514
f 1524 1569 1523
f 1525 1569 1524
f 1525 1567 1568
f 1525 1568 1569
f 1575 1576 1555
f 1575 1555 1554
f 1575 1554 1574
f 1531 1532 1559
f 1531 1559 1560
f 1515 1516 1517
f 1515 1517 1518
f 1515 1518 1514
f 1530 1560 1561
f 1530 1531 1560
f 1529 1561 1562
f 1529 1530 1561
f 1528 1529 1562
f 1528 1562 1563
f 1528 1563 1564
f 1528 1564 1565
f 1527 1565 1566
f 1527 1528 1565
f 1526 1567 1525
f 1526 1566 1567
f 1526 1527 1566
f 1547 1550 1549
f 1547 1549 1548
f 1546 1550 1547
f 1551 1550 1546
f 1545 1551 1546
f 1553 774 770
f 1544 1552 1551
f 1544 1551 1545
f 1543 1553 1552
f 1543 1552 1544
f 1611 774 1553
f 1611 1553 1543
f 1542 1611 1543
f 1474 765 1603
f 1604 1475 1474
f 1604 1474 1603
f 1605 1476 1475
f 1605 1475 1604
f 1627 1481 1626
f 1627 1482 1481
f 1606 1477 1476
f 1606 1476 1605
f 1480 1626 1481
f 1607 1477 1606
f 1628 1482 1627
f 1628 1483 1482
f 1608 1477 1607
f 1608 1478 1477
f 1609 1478 1608
f 1609 1479 1478
f 1625 1479 1609
f 1625 1626 1480
f 1625 1480 1479
f 1484 1483 1628
f 1629 1484 1628
f 1485 1484 1629
f 1630 1485 1629
f 1486 1485 1630
f 1631 1486 1630
f 1541 1610 1542
f 1624 1610 1541
f 1623 1624 1541
f 1540 1623 1541
f 1666 1623 1540
f 1539 1666 1540
f 1487 1631 1632
f 1487 1486 1631
f 1665 1539 1538
f 1665 1666 1539
f 1664 1538 1537
f 1664 1665 1538
f 1488 1632 1633
f 1488 1487 1632
f 1663 1537 1536
f 1663 1664 1537
f 1489 1633 1634
f 1489 1488 1633
f 1662 1536 1535
f 1662 1663 1536
f 1490 1634 1635
f 1490 1489 1634
f 1661 1535 1534
f 1661 1662 1535
f 1533 1661 1534
f 1660 1661 1533
f 1491 1635 1636
f 1491 1490 1635
f 1532 1660 1533
f 1659 1660 1532
f 1492 1636 1637
f 1492 1491 1636
f 1531 1659 1532
f 1658 1659 1531
f 1530 1658 1531
f 1657 1658 1530
f 1493 1492 1637
f 1493 1637 1638
f 1529 1657 1530
f 1656 1657 1529
f 1522 1521 1520
f 1519 1522 1520
f 1528 1656 1529
f 1639 1493 1638
f 1655 1656 1528
f 1655 1528 1527
f 1654 1655 1527
f 1494 1493 1639
f 1653 1527 1526
f 1653 1654 1527
f 1523 1522 1519
f 1614 1653 1526
f 1518 1523 1519
f 1525 1614 1526
f 1517 1523 1518
f 1517 1524 1523
f 1516 1524 1517
f 1613 1525 1524
f 1613 1524 1516
f 1640 1494 1639
f 1495 1494 1640
f 1612 1613 1516
f 1641 1495 1640
f 1496 1495 1641
f 1642 1496 1641
f 1497 1496 1642
f 1512 1619 1620
f 1512 1620 1621
f 1512 1621 1513
f 1511 1617 1618
f 1511 1618 1619
f 1511 1619 1512
f 1510 1616 1617
f 1510 1617 1511
f 1509 1616 1510
f 1509 1615 1616
f 1452 1513 1621
f 1508 1615 1509
f 1652 1615 1508
f 1507 1652 1508
f 1643 1497 1642
f 1498 1497 1643
f 1644 1498 1643
f 1499 1498 1644
f 1645 1499 1644
f 1500 1499 1645
f 1651 1652 1507
f 1506 1651 1507
f 1650 1651 1506
f 1505 1650 1506
f 1646 1500 1645
f 1649 1650 1505
f 1501 1500 1646
f 1647 1501 1646
f 1504 1649 1505
f 1502 1647 1648
f 1502 1501 1647
f 1503 1648 1649
f 1503 1502 1648
f 1503 1649 1504
f 780 1603 765
f 1609 1610 1625
f 1625 1610 1624
f 1610 1611 1542
f 1516 1515 1612
f 1613 1614 1525
f 1614 1615 1653
f 1621 1622 1452
f 1652 1653 1615
f 1625 1624 1623
f 1625 1623 1666
f 1665 1625 1666
f 1664 1625 1665
f 1631 1630 1629
f 1631 1629 1628
f 1631 1628 1627
f 1631 1627 1626
f 1632 1626 1625
f 1632 1631 1626
f 1633 1632 1625
f 1634 1664 1663
f 1634 1625 1664
f 1634 1633 1625
f 1635 1663 1662
f 1635 1634 1663
f 1636 1635 1662
f 1637 1662 1661
f 1637 1636 1662
f 1638 1661 1660
f 1638 1637 1661
f 1652 1657 1656
f 1652 1656 1655
f 1652 1655 1654
f 1652 1654 1653
f 1639 1638 1660
f 1640 1660 1659
f 1640 1639 1660
f 1641 1640 1659
f 1642 1659 1658
f 1642 1641 1659
f 1643 1658 1657
f 1643 1642 1658
f 1643 1657 1652
f 1644 1643 1652
f 1645 1652 1651
f 1645 1644 1652
f 1646 1645 1651
f 1646 1651 1650
f 1646 1650 1649
f 1646 1649 1648
f 1646 1648 1647
f 780 774 1611
f 1610 1603 780
f 1610 1609 1608
f 1610 1608 1607
f 1610 1607 1606
f 1610 1606 1605
f 1610 1605 1604
f 1610 1604 1603
f 1610 780 1611
f 1391 1376 1375
f 1392 1391 1375
f 1392 1374 1373
f 1392 1375 1374
f 1390 1376 1391
f 1390 1377 1376
f 1393 1392 1373
f 1393 1373 1372
f 1389 1377 1390
f 1389 1378 1377
f 1394 1372 1371
f 1394 1393 1372
f 1388 1378 1389
f 1387 1378 1388
f 1387 1379 1378
f 1386 1379 1387
f 1385 1379 1386
f 1385 1380 1379
f 1384 1380 1385
f 1384 1381 1380
f 1370 1395 1371
f 1326 1395 1370
f 1411 1396 1395
f 1411 1397 1396
f 1411 1395 1326
f 1410 1397 1411
f 1410 1398 1397
f 1409 1399 1398
f 1409 1398 1410
f 1408 1399 1409
f 1407 1400 1399
f 1407 1399 1408
f 1406 1400 1407
f 1405 1400 1406
f 1401 1400 1405
f 1404 1401 1405
f 1369 1326 1370
f 1344 1328 1327
f 1344 1327 1369
f 1329 1328 1344
f 1343 1330 1329
f 1343 1331 1330
f 1343 1329 1344
f 1332 1331 1343
f 1342 1333 1332
f 1342 1332 1343
f 1341 1334 1333
f 1341 1333 1342
f 1340 1334 1341
f 1339 1334 1340
f 1335 1334 1339
f 1338 1335 1339
f 1368 1344 1369
f 1345 1368 1367
f 1382 1381 1384
f 1366 1345 1367
f 1383 1382 1384
f 1346 1345 1366
f 1365 1346 1366
f 1347 1346 1365
f 1364 1347 1365
f 1348 1347 1364
f 1363 1348 1364
f 1349 1348 1363
f 1362 1349 1363
f 1362 1350 1349
f 1361 1350 1362
f 1361 1351 1350
f 1360 1351 1361
f 1360 1352 1351
f 1359 1352 1360
f 1359 1353 1352
f 1354 1353 1359
f 1358 1354 1359
f 1358 1355 1354
f 1402 1401 1404
f 1403 1402 1404
f 1337 1335 1338
f 1337 1336 1335
f 1357 1355 1358
f 1357 1356 1355
f 1327 1326 1369
f 1395 1394 1371
f 1345 1344 1368
f 1587 1590 1589
f 1587 1589 1588
f 1586 1593 1592
f 1586 1592 1591
f 1586 1591 1590
f 1586 1590 1587
f 1594 1593 1586
f 1585 1595 1594
f 1585 1594 1586
f 1596 1595 1585
f 1597 1596 1585
f 1598 1597 1585
f 1599 1585 1584
f 1599 1598 1585
f 1600 1584 1583
f 1600 1599 1584
f 1601 1583 1582
f 1601 1600 1583
f 1581 1601 1582
f 1573 1572 1571
f 1602 1601 1581
f 1570 1573 1571
f 1580 1602 1581
f 1574 1573 1570
f 1557 1602 1580
f 1569 1574 1570
f 1579 1557 1580
f 1568 1574 1569
f 1567 1574 1568
f 1558 1557 1579
f 1578 1558 1579
f 1559 1558 1578
f 1559 1578 1577
f 1560 1559 1577
f 1560 1577 1576
f 1561 1560 1576
f 1561 1576 1575
f 1562 1561 1575
f 1566 1574 1567
f 1566 1575 1574
f 1563 1562 1575
f 1565 1575 1566
f 1564 1563 1575
f 1564 1575 1565
f 1622 1613 1612
f 1622 1614 1613
f 1621 1614 1622
f 1620 1614 1621
f 1619 1614 1620
f 1618 1614 1619
f 1617 1614 1618
f 1616 1614 1617
f 1615 1614 1616
f 1671 1413 1412
f 1671 1412 1672
f 1670 1672 1673
f 1670 1671 1672
f 1669 1673 1674
f 1669 1670 1673
f 1668 1674 1667
f 1668 1669 1674
f 1676 1671 1670
f 1676 1413 1671
f 1676 1308 1413
f 1677 1670 1669
f 1677 1676 1670
f 1678 1677 1669
f 1675 1669 1668
f 1675 1678 1669
f 1685 1453 1452
f 1685 1452 1686
f 1684 1685 1686
f 1683 1686 1687
f 1683 1684 1686
f 1682 1683 1687
f 1681 1687 1679
f 1681 1682 1687
f 1680 1681 1679
f 1686 1452 1622
f 1686 1622 1688
f 1687 1688 1689
f 1687 1686 1688
f 1679 1689 1690
f 1679 1687 1689
f 1698 1612 1515
f 1695 1612 1698
f 1697 1695 1698
f 1694 1695 1697
f 1696 1694 1697
f 1693 1694 1696
f 1691 1693 1696
f 1692 1693 1691
f 1412 1453 1685
f 1672 1684 1683
f 1672 1685 1684
f 1672 1412 1685
f 1673 1683 1682
f 1673 1672 1683
f 1674 1682 1681
f 1674 1673 1682
f 1667 1681 1680
f 1667 1674 1681
f 1698 1515 1514
f 1698 1514 1702
f 1697 1702 1701
f 1697 1698 1702
f 1696 1701 1700
f 1696 1697 1701
f 1691 1700 1699
f 1691 1696 1700
f 1705 1309 1308
f 1705 1308 1676
f 1705 1676 1677
f 1704 1677 1678
f 1704 1705 1677
f 1703 1678 1675
f 1703 1704 1678
f 1712 1322 1321
f 1712 1321 1706
f 1711 1706 1707
f 1711 1712 1706
f 1710 1707 1708
f 1710 1711 1707
f 1709 1710 1708
f 1706 1309 1705
f 1706 1321 1309
f 1707 1705 1704
f 1707 1706 1705
f 1708 1704 1703
f 1708 1707 1704
f 1717 1718 1719
f 1717 1719 1720
f 1716 1720 1721
f 1716 1717 1720
f 1715 1721 1722
f 1715 1716 1721
f 1714 1722 1713
f 1714 1715 1722
f 1717 1724 1718
f 1725 1717 1716
f 1725 1724 1717
f 1726 1716 1715
f 1726 1725 1716
f 1727 1726 1715
f 1714 1727 1715
f 1723 1727 1714
f 1733 1734 1735
f 1732 1735 1736
f 1732 1733 1735
f 1731 1732 1736
f 1730 1736 1728
f 1730 1731 1736
f 1729 1730 1728
f 1741 1742 1743
f 1741 1743 1746
f 1740 1746 1745
f 1740 1741 1746
f 1739 1745 1744
f 1739 1740 1745
f 1738 1744 1737
f 1738 1739 1744
f 1748 1734 1747
f 1735 1734 1748
f 1749 1735 1748
f 1736 1735 1749
f 1750 1736 1749
f 1728 1736 1750
f 1746 1743 1752
f 1746 1752 1755
f 1745 1755 1754
f 1745 1746 1755
f 1744 1754 1753
f 1744 1745 1754
f 1737 1753 1751
f 1737 1744 1753
f 1720 1719 1733
f 1720 1733 1732
f 1721 1732 1731
f 1721 1720 1732
f 1722 1731 1730
f 1722 1721 1731
f 1713 1730 1729
f 1713 1722 1730
f 1759 1724 1725
f 1758 1725 1726
f 1758 1759 1725
f 1757 1726 1727
f 1757 1758 1726
f 1756 1727 1723
f 1756 1757 1727
f 1768 1761 1760
f 1768 1760 1762
f 1767 1762 1763
f 1767 1768 1762
f 1766 1763 1764
f 1766 1767 1763
f 1765 1766 1764
f 1758 1760 1759
f 1762 1760 1758
f 1757 1762 1758
f 1763 1762 1757
f 1756 1763 1757
f 1764 1763 1756
f 1756 1723 1769
f 1756 1769 1770
f 1756 1770 1771
f 1772 1756 1771
f 1811 1772 1773
f 1811 1756 1772
f 1803 1801 1802
f 1804 1801 1803
f 1765 1764 1801
f 1765 1801 1804
f 1805 1765 1804
f 1806 1765 1805
f 1863 1811 1773
f 1863 1773 1862
f 1861 1862 1773
f 1864 1811 1863
f 1860 1861 1773
f 1865 1810 1811
f 1865 1811 1864
f 1859 1773 1774
f 1859 1860 1773
f 1866 1810 1865
f 1858 1859 1774
f 1873 1874 1875
f 1867 1810 1866
f 1867 1809 1810
f 1872 1873 1875
f 1872 1875 1876
f 1871 1876 1877
f 1871 1872 1876
f 1878 1871 1877
f 1857 1774 1775
f 1857 1858 1774
f 1870 1871 1878
f 1870 1878 1879
f 1880 1870 1879
f 1887 1870 1880
f 1887 1880 1886
f 1892 1893 1894
f 1891 1894 1895
f 1891 1895 1896
f 1891 1892 1894
f 1890 1896 1897
f 1890 1897 1812
f 1890 1891 1896
f 1856 1776 1777
f 1800 1809 1867
f 1800 1807 1808
f 1800 1808 1809
f 1868 1800 1867
f 1869 1800 1868
f 1855 1777 1778
f 1855 1778 1779
f 1855 1856 1777
f 1888 1869 1870
f 1888 1870 1887
f 1888 1800 1869
f 1817 1815 1816
f 1818 1814 1815
f 1818 1815 1817
f 1819 1814 1818
f 1820 1814 1819
f 1820 1813 1814
f 1821 1813 1820
f 1799 1889 1890
f 1854 1780 1781
f 1831 1824 1825
f 1831 1825 1826
f 1831 1826 1827
f 1853 1854 1781
f 1852 1853 1781
f 1851 1781 1782
f 1851 1852 1781
f 1850 1851 1782
f 1836 1834 1835
f 1849 1850 1782
f 1837 1834 1836
f 1837 1833 1834
f 1848 1849 1782
f 1838 1833 1837
f 1838 1832 1833
f 1839 1832 1838
f 1840 1832 1839
f 1840 1831 1832
f 1841 1831 1840
f 1841 1824 1831
f 1822 1799 1821
f 1823 1824 1841
f 1269 1783 1784
f 1269 1784 1785
f 1269 1785 1786
f 1269 1786 1232
f 1842 1823 1841
f 1798 1842 1843
f 1798 1843 1844
f 1798 1823 1842
f 1787 1782 1783
f 1787 1848 1782
f 1787 1844 1845
f 1787 1845 1846
f 1787 1846 1847
f 1787 1847 1848
f 1788 1844 1787
f 1795 1796 1797
f 1789 1844 1788
f 1789 1798 1844
f 1794 1795 1797
f 1790 1798 1789
f 1791 1798 1790
f 1271 1792 1793
f 1271 1793 1794
f 1271 1797 1270
f 1271 1794 1797
f 1269 1787 1783
f 1271 1798 1792
f 1792 1798 1791
f 1798 1799 1823
f 1823 1799 1822
f 1799 1800 1888
f 1799 1888 1889
f 1800 1765 1806
f 1800 1806 1807
f 1812 1813 1821
f 1812 1821 1890
f 1890 1821 1799
f 1830 1831 1829
f 1829 1831 1828
f 1828 1831 1827
f 1854 1855 1779
f 1854 1779 1780
f 1856 1857 1776
f 1776 1857 1775
f 1880 1881 1882
f 1880 1882 1883
f 1880 1883 1884
f 1880 1884 1885
f 1880 1885 1886
f 1714 1713 1916
f 1714 1916 1917
f 1714 1917 1918
f 1915 1714 1918
f 1919 1915 1918
f 1914 1915 1919
f 1920 1914 1919
f 1913 1914 1920
f 1912 1920 1921
f 1912 1913 1920
f 1911 1921 1922
f 1911 1912 1921
f 1910 1922 1923
f 1910 1911 1922
f 1909 1923 1924
f 1909 1910 1923
f 1908 1924 1925
f 1908 1909 1924
f 1907 1925 1926
f 1907 1908 1925
f 1906 1907 1926
f 1905 1926 1927
f 1905 1906 1926
f 1904 1905 1927
f 1904 1927 1928
f 1903 1904 1928
f 1903 1928 1929
f 1902 1929 1930
f 1902 1903 1929
f 1901 1902 1930
f 1901 1930 1931
f 1900 1901 1931
f 1899 1900 1931
f 1899 1931 1932
f 1898 1932 1933
f 1898 1899 1932
f 1226 1898 1933
f 1226 1933 1934
f 1226 1934 1935
f 1226 1935 1227
f 1915 1723 1714
f 1769 1723 1915
f 1914 1769 1915
f 1770 1769 1914
f 1913 1770 1914
f 1771 1770 1913
f 1912 1771 1913
f 1772 1771 1912
f 1911 1772 1912
f 1773 1772 1911
f 1910 1773 1911
f 1774 1773 1910
f 1909 1774 1910
f 1775 1774 1909
f 1908 1775 1909
f 1776 1775 1908
f 1907 1776 1908
f 1777 1776 1907
f 1906 1777 1907
f 1778 1777 1906
f 1232 1898 1226
f 1786 1898 1232
f 1779 1906 1905
f 1779 1778 1906
f 1899 1898 1786
f 1785 1899 1786
f 1780 1905 1904
f 1780 1779 1905
f 1900 1899 1785
f 1784 1900 1785
f 1784 1901 1900
f 1781 1780 1904
f 1781 1904 1903
f 1783 1901 1784
f 1783 1902 1901
f 1782 1903 1902
f 1782 1902 1783
f 1782 1781 1903
f 1963 1728 1956
f 1961 1958 1959
f 1961 1959 1960
f 1964 1729 1728
f 1964 1728 1963
f 1962 1956 1957
f 1962 1957 1958
f 1962 1958 1961
f 1962 1963 1956
f 1965 1729 1964
f 1966 1729 1965
f 1955 1729 1966
f 1967 1955 1966
f 1954 1967 1968
f 1954 1955 1967
f 1953 1954 1968
f 1953 1968 1969
f 1952 1953 1969
f 1952 1969 1970
f 1951 1952 1970
f 1951 1970 1971
f 1950 1951 1971
f 1950 1971 1972
f 1949 1950 1972
f 1949 1972 1973
f 1948 1949 1973
f 1948 1973 1974
f 1947 1948 1974
f 1947 1974 1975
f 1946 1947 1975
f 1945 1946 1975
f 1945 1975 1976
f 1992 1993 1994
f 1992 1994 1995
f 1944 1945 1976
f 1944 1976 1977
f 1990 1992 1995
f 1990 1991 1992
f 1989 1990 1995
f 1943 1977 1978
f 1943 1944 1977
f 1942 1978 1979
f 1942 1943 1978
f 1988 1989 1995
f 1988 1995 1244
f 1941 1979 1980
f 1941 1942 1979
f 1987 1988 1244
f 1940 1980 1981
f 1940 1941 1980
f 1939 1981 1982
f 1939 1940 1981
f 1938 1982 1983
f 1938 1939 1982
f 1937 1983 1984
f 1937 1938 1983
f 1936 1984 1985
f 1936 1937 1984
f 1243 1987 1244
f 1243 1985 1986
f 1243 1986 1987
f 1243 1936 1985
f 1955 1713 1729
f 1916 1713 1955
f 1954 1916 1955
f 1917 1916 1954
f 1953 1917 1954
f 1918 1917 1953
f 1952 1918 1953
f 1919 1918 1952
f 1951 1919 1952
f 1920 1919 1951
f 1950 1920 1951
f 1921 1920 1950
f 1949 1921 1950
f 1922 1921 1949
f 1948 1922 1949
f 1923 1922 1948
f 1947 1923 1948
f 1924 1947 1946
f 1924 1923 1947
f 1925 1946 1945
f 1925 1924 1946
f 1926 1925 1945
f 1927 1945 1944
f 1927 1926 1945
f 1928 1927 1944
f 1928 1944 1943
f 1227 1936 1243
f 1935 1936 1227
f 1935 1937 1936
f 1929 1928 1943
f 1929 1943 1942
f 1934 1938 1937
f 1934 1937 1935
f 1930 1942 1941
f 1930 1929 1942
f 1933 1938 1934
f 1933 1939 1938
f 1931 1941 1940
f 1931 1930 1941
f 1932 1940 1939
f 1932 1931 1940
f 1932 1939 1933
f 2028 2029 1751
f 2030 1751 2029
f 2069 2028 1751
f 2031 1751 2030
f 2031 1737 1751
f 2032 1737 2031
f 2033 1737 2032
f 2070 2028 2069
f 2070 2026 2027
f 2070 2027 2028
f 2068 2069 1751
f 2071 2026 2070
f 2071 2024 2025
f 2071 2025 2026
f 2072 2022 2023
f 2072 2023 2024
f 2072 2024 2071
f 2073 2022 2072
f 2036 2068 1751
f 2036 2066 2067
f 2036 2067 2068
f 2021 2022 2073
f 2074 2021 2073
f 2075 2021 2074
f 2065 2036 2035
f 2065 2066 2036
f 2020 2021 2075
f 2020 2075 2076
f 2019 2020 2076
f 2019 2076 2077
f 2019 2077 2078
f 2064 2065 2035
f 2018 2019 2078
f 2018 2078 2079
f 2063 2064 2035
f 2017 2018 2079
f 2017 2079 2080
f 2062 2063 2035
f 2016 2017 2080
f 2016 2080 2081
f 2061 2062 2035
f 2015 2016 2081
f 2015 2081 2082
f 2060 2061 2035
f 2053 2034 2052
f 2059 2060 2035
f 2014 2015 2082
f 2014 2082 2037
f 2054 2034 2053
f 2001 2050 2051
f 2058 2059 2035
f 2002 2050 2001
f 2002 2049 2050
f 2013 2037 2038
f 2013 2014 2037
f 2057 2058 2035
f 1262 1999 2000
f 1262 2001 2051
f 1262 2000 2001
f 1262 2052 2034
f 1262 2051 2052
f 2003 2049 2002
f 2012 2013 2038
f 2012 2038 2039
f 2056 2057 2035
f 1998 1999 1262
f 2004 2049 2003
f 2005 2049 2004
f 2005 2047 2048
f 2005 2048 2049
f 2055 2056 2035
f 2055 2035 2034
f 2055 2034 2054
f 2011 2012 2039
f 2011 2039 2040
f 1257 1996 1997
f 1257 1997 1998
f 1257 1998 1262
f 2010 2040 2041
f 2010 2011 2040
f 2009 2041 2042
f 2009 2010 2041
f 2008 2009 2042
f 2008 2042 2043
f 2008 2043 2044
f 2008 2044 2045
f 2007 2045 2046
f 2007 2008 2045
f 2006 2047 2005
f 2006 2046 2047
f 2006 2007 2046
f 2027 2030 2029
f 2027 2029 2028
f 2026 2030 2027
f 2031 2030 2026
f 2025 2031 2026
f 2033 1738 1737
f 2024 2032 2031
f 2024 2031 2025
f 2023 2033 2032
f 2023 2032 2024
f 2091 1738 2033
f 2091 2033 2023
f 2022 2091 2023
f 1956 1728 2083
f 2084 1957 1956
f 2084 1956 2083
f 2085 1958 1957
f 2085 1957 2084
f 2105 1963 2104
f 2105 1964 1963
f 2086 1959 1958
f 2086 1958 2085
f 1962 2104 1963
f 2087 1959 2086
f 2106 1964 2105
f 2106 1965 1964
f 2088 1959 2087
f 2088 1960 1959
f 2089 1960 2088
f 2089 1961 1960
f 2103 1961 2089
f 2103 2104 1962
f 2103 1962 1961
f 1966 1965 2106
f 2107 1966 2106
f 1967 1966 2107
f 2108 1967 2107
f 1968 1967 2108
f 2109 1968 2108
f 2021 2090 2022
f 2102 2090 2021
f 2101 2102 2021
f 2020 2101 2021
f 2144 2101 2020
f 2019 2144 2020
f 1969 2109 2110
f 1969 1968 2109
f 2143 2019 2018
f 2143 2144 2019
f 2142 2018 2017
f 2142 2143 2018
f 1970 2110 2111
f 1970 1969 2110
f 2141 2017 2016
f 2141 2142 2017
f 1971 2111 2112
f 1971 1970 2111
f 2140 2016 2015
f 2140 2141 2016
f 1972 2112 2113
f 1972 1971 2112
f 2139 2015 2014
f 2139 2140 2015
f 2013 2139 2014
f 2138 2139 2013
f 1973 2113 2114
f 1973 1972 2113
f 2012 2138 2013
f 2137 2138 2012
f 1974 2114 2115
f 1974 1973 2114
f 2011 2137 2012
f 2136 2137 2011
f 2010 2136 2011
f 2135 2136 2010
f 1975 1974 2115
f 1975 2115 2116
f 2009 2135 2010
f 2134 2135 2009
f 2002 2001 2000
f 1999 2002 2000
f 2008 2134 2009
f 2117 1975 2116
f 2133 2134 2008
f 2133 2008 2007
f 2132 2133 2007
f 1976 1975 2117
f 2131 2007 2006
f 2131 2132 2007
f 2003 2002 1999
f 2093 2131 2006
f 1998 2003 1999
f 2005 2093 2006
f 1997 2003 1998
f 1997 2004 2003
f 1996 2004 1997
f 2092 2005 2004
f 2092 2004 1996
f 2118 1976 2117
f 1977 1976 2118
f 1256 2092 1996
f 2119 1977 2118
f 1978 1977 2119
f 2120 1978 2119
f 1979 1978 2120
f 1994 2098 2099
f 1994 2099 2100
f 1994 2100 1995
f 1993 2096 2097
f 1993 2097 2098
f 1993 2098 1994
f 1992 2095 2096
f 1992 2096 1993
f 1991 2095 1992
f 1991 2094 2095
f 1244 1995 2100
f 1990 2094 1991
f 2130 2094 1990
f 1989 2130 1990
f 2121 1979 2120
f 1980 1979 2121
f 2122 1980 2121
f 1981 1980 2122
f 2123 1981 2122
f 1982 1981 2123
f 2129 2130 1989
f 1988 2129 1989
f 2128 2129 1988
f 1987 2128 1988
f 2124 1982 2123
f 2127 2128 1987
f 1983 1982 2124
f 2125 1983 2124
f 1986 2127 1987
f 1984 2125 2126
f 1984 1983 2125
f 1985 2126 2127
f 1985 1984 2126
f 1985 2127 1986
f 1750 2083 1728
f 2089 2090 2103
f 2103 2090 2102
f 2090 2091 2022
f 1996 1257 1256
f 2092 2093 2005
f 2093 2094 2131
f 2100 1247 1244
f 2130 2131 2094
f 2103 2102 2101
f 2103 2101 2144
f 2143 2103 2144
f 2142 2103 2143
f 2109 2108 2107
f 2109 2107 2106
f 2109 2106 2105
f 2109 2105 2104
f 2110 2104 2103
f 2110 2109 2104
f 2111 2110 2103
f 2112 2142 2141
f 2112 2103 2142
f 2112 2111 2103
f 2113 2141 2140
f 2113 2112 2141
f 2114 2113 2140
f 2115 2140 2139
f 2115 2114 2140
f 2116 2139 2138
f 2116 2115 2139
f 2130 2135 2134
f 2130 2134 2133
f 2130 2133 2132
f 2130 2132 2131
f 2117 2116 2138
f 2118 2138 2137
f 2118 2117 2138
f 2119 2118 2137
f 2120 2137 2136
f 2120 2119 2137
f 2121 2136 2135
f 2121 2120 2136
f 2121 2135 2130
f 2122 2121 2130
f 2123 2130 2129
f 2123 2122 2130
f 2124 2123 2129
f 2124 2129 2128
f 2124 2128 2127
f 2124 2127 2126
f 2124 2126 2125
f 1750 1738 2091
f 2090 2083 1750
f 2090 2089 2088
f 2090 2088 2087
f 2090 2087 2086
f 2090 2086 2085
f 2090 2085 2084
f 2090 2084 2083
f 2090 1750 2091
f 1877 1862 1861
f 1878 1877 1861
f 1878 1860 1859
f 1878 1861 1860
f 1876 1862 1877
f 1876 1863 1862
f 1879 1878 1859
f 1879 1859 1858
f 1875 1863 1876
f 1875 1864 1863
f 1880 1858 1857
f 1880 1879 1858
f 1874 1864 1875
f 1873 1864 1874
f 1873 1865 1864
f 1872 1865 1873
f 1871 1865 1872
f 1871 1866 1865
f 1870 1866 1871
f 1870 1867 1866
f 1856 1881 1857
f 1812 1881 1856
f 1897 1882 1881
f 1897 1883 1882
f 1897 1881 1812
f 1896 1883 1897
f 1896 1884 1883
f 1895 1885 1884
f 1895 1884 1896
f 1894 1885 1895
f 1893 1886 1885
f 1893 1885 1894
f 1892 1886 1893
f 1891 1886 1892
f 1887 1886 1891
f 1890 1887 1891
f 1855 1812 1856
f 1830 1814 1813
f 1830 1813 1855
f 1815 1814 1830
f 1829 1816 1815
f 1829 1817 1816
f 1829 1815 1830
f 1818 1817 1829
f 1828 1819 1818
f 1828 1818 1829
f 1827 1820 1819
f 1827 1819 1828
f 1826 1820 1827
f 1825 1820 1826
f 1821 1820 1825
f 1824 1821 1825
f 1854 1830 1855
f 1831 1854 1853
f 1868 1867 1870
f 1852 1831 1853
f 1869 1868 1870
f 1832 1831 1852
f 1851 1832 1852
f 1833 1832 1851
f 1850 1833 1851
f 1834 1833 1850
f 1849 1834 1850
f 1835 1834 1849
f 1848 1835 1849
f 1848 1836 1835
f 1847 1836 1848
f 1847 1837 1836
f 1846 1837 1847
f 1846 1838 1837
f 1845 1838 1846
f 1845 1839 1838
f 1840 1839 1845
f 1844 1840 1845
f 1844 1841 1840
f 1888 1887 1890
f 1889 1888 1890
f 1823 1821 1824
f 1823 1822 1821
f 1843 1841 1844
f 1843 1842 1841
f 1813 1812 1855
f 1881 1880 1857
f 1831 1830 1854
f 2067 2070 2069
f 2067 2069 2068
f 2066 2073 2072
f 2066 2072 2071
f 2066 2071 2070
f 2066 2070 2067
f 2074 2073 2066
f 2065 2075 2074
f 2065 2074 2066
f 2076 2075 2065
f 2077 2076 2065
f 2078 2077 2065
f 2079 2065 2064
f 2079 2078 2065
f 2080 2064 2063
f 2080 2079 2064
f 2081 2063 2062
f 2081 2080 2063
f 2061 2081 2062
f 2053 2052 2051
f 2082 2081 2061
f 2050 2053 2051
f 2060 2082 2061
f 2054 2053 2050
f 2037 2082 2060
f 2049 2054 2050
f 2059 2037 2060
f 2048 2054 2049
f 2047 2054 2048
f 2038 2037 2059
f 2058 2038 2059
f 2039 2038 2058
f 2039 2058 2057
f 2040 2039 2057
f 2040 2057 2056
f 2041 2040 2056
f 2041 2056 2055
f 2042 2041 2055
f 2046 2054 2047
f 2046 2055 2054
f 2043 2042 2055
f 2045 2055 2046
f 2044 2043 2055
f 2044 2055 2045
f 1247 2092 1256
f 1247 2093 2092
f 2100 2093 1247
f 2099 2093 2100
f 2098 2093 2099
f 2097 2093 2098
f 2096 2093 2097
f 2095 2093 2096
f 2094 2093 2095
f 1787 1269 1270
f 1797 1787 1270
f 1796 1787 1797
f 1788 1787 1796
f 1795 1788 1796
f 1789 1788 1795
f 1794 1789 1795
f 1793 1790 1789
f 1793 1789 1794
f 1791 1790 1793
f 1792 1791 1793
f 2162 1703 1675
f 2161 1703 2162
f 1667 2145 1668
f 1667 2146 2145
f 2148 2147 2146
f 2283 2148 2146
f 2283 2146 1667
f 2160 1703 2161
f 2282 2148 2283
f 2262 2264 2263
f 2262 2265 2264
f 2262 2266 2265
f 2262 2267 2266
f 2262 2268 2267
f 2261 1679 2268
f 2261 2268 2262
f 1699 2244 1691
f 2260 1679 2261
f 2249 2248 2247
f 2250 2249 2247
f 2250 2246 2245
f 2250 2247 2246
f 2269 2258 2257
f 2269 2259 2258
f 2271 2269 2257
f 2271 2257 2256
f 2271 2270 2269
f 2251 2245 2244
f 2251 2250 2245
f 2252 2251 2244
f 2252 2244 1699
f 2272 2256 2255
f 2272 2271 2256
f 2273 2272 2255
f 2273 2255 2254
f 2149 2281 2280
f 2159 2170 2169
f 2151 2150 2149
f 2151 2280 2279
f 2151 2149 2280
f 2274 2273 2254
f 2275 2254 2253
f 2275 2274 2254
f 2152 2279 2278
f 2152 2151 2279
f 2153 2278 2277
f 2153 2152 2278
f 2321 2170 2159
f 2322 2170 2321
f 2320 2321 2159
f 2323 2170 2322
f 2319 2320 2159
f 2324 2170 2323
f 2324 2171 2170
f 2318 2319 2159
f 2154 2153 2277
f 2154 2277 2276
f 2325 2171 2324
f 2333 2334 2335
f 2332 2333 2335
f 2332 2335 2336
f 2331 2332 2336
f 2317 2318 2159
f 2317 2158 2157
f 2317 2159 2158
f 2316 2172 2171
f 2316 2171 2325
f 2330 2336 2337
f 2330 2331 2336
f 2338 2330 2337
f 2329 2338 2328
f 2329 2330 2338
f 2342 2343 2329
f 2341 2342 2329
f 2353 2351 2352
f 2350 2351 2353
f 2354 2350 2353
f 2355 2350 2354
f 2349 2350 2355
f 2340 2329 2328
f 2340 2341 2329
f 2356 2349 2355
f 2348 2349 2356
f 2326 2156 2155
f 2326 2157 2156
f 2326 2317 2157
f 2346 2340 2328
f 2346 2328 2327
f 2357 2349 2348
f 2360 2361 2362
f 2359 2360 2362
f 2359 2362 2363
f 2359 2363 2364
f 2358 2348 2347
f 2358 2364 2365
f 2358 2365 2357
f 2358 2357 2348
f 2358 2359 2364
f 2188 1759 2189
f 2201 2203 2202
f 2187 1759 2188
f 1724 1759 2187
f 2307 2178 2177
f 2293 2291 2292
f 2293 2292 2284
f 2308 2178 2307
f 2309 2178 2308
f 2309 2179 2178
f 2310 2179 2309
f 2311 2179 2310
f 2312 2179 2311
f 2297 2298 2299
f 2297 2299 2300
f 2296 2300 2301
f 2296 2297 2300
f 2295 2296 2301
f 2295 2301 2302
f 2295 2302 2303
f 2294 2293 2284
f 2294 2303 2293
f 2294 2295 2303
f 2366 2358 2347
f 2285 2294 2284
f 1719 2203 2201
f 1719 2201 2205
f 1719 2204 2203
f 1719 1718 2204
f 2304 2294 2285
f 2190 2179 2312
f 2190 2180 2179
f 2190 2181 2180
f 2190 2182 2181
f 2190 2312 2313
f 2190 2313 2314
f 2190 2314 2315
f 2191 2190 2315
f 2191 2315 2306
f 2198 2200 2199
f 2192 2191 2306
f 2192 2306 2305
f 2193 2192 2305
f 2194 2193 2305
f 2208 2207 2198
f 2208 2198 2197
f 2209 2208 2197
f 2209 2197 2196
f 2210 2196 2195
f 2210 2209 2196
f 2211 2210 2195
f 2229 2218 2230
f 2231 2230 2216
f 2231 2216 2215
f 2228 2218 2229
f 2232 2231 2215
f 2232 2215 2214
f 2237 2239 2238
f 2237 2240 2239
f 2242 2241 2240
f 2242 2240 2237
f 2233 2213 2212
f 2233 2214 2213
f 2233 2232 2214
f 2236 2242 2237
f 2234 2233 2212
f 2226 1734 2227
f 2243 2236 2235
f 2243 2242 2236
f 2222 2224 2223
f 2222 2225 2224
f 2219 1734 2226
f 2219 2226 2225
f 2220 2219 2225
f 2221 2225 2222
f 2221 2220 2225
f 1752 2243 2235
f 1752 1743 2243
f 2148 2282 2149
f 2282 2281 2149
f 2159 2163 2160
f 2159 2164 2163
f 2159 2165 2164
f 2159 2166 2165
f 2159 2167 2166
f 2159 2168 2167
f 2159 2169 2168
f 1703 2160 2163
f 2186 2189 1759
f 2189 2186 2190
f 2186 2185 2190
f 2185 2184 2190
f 2184 2183 2190
f 2183 2182 2190
f 2200 2206 2201
f 2205 2201 2206
f 2217 2216 2218
f 2216 2230 2218
f 2218 2228 1733
f 2228 2227 1733
f 2227 1734 1733
f 1752 2252 1699
f 1752 2253 2252
f 1752 2275 2253
f 1752 2276 2275
f 1752 2154 2276
f 1752 2155 2154
f 1752 2326 2155
f 1752 2327 2326
f 1752 2346 2327
f 1752 2347 2346
f 1752 2366 2347
f 1752 2285 2366
f 1752 2304 2285
f 1752 2305 2304
f 1752 2194 2305
f 1752 2195 2194
f 1752 2211 2195
f 1752 2212 2211
f 1752 2234 2212
f 1752 2235 2234
f 2259 2269 2260
f 2269 1680 2260
f 1680 1679 2260
f 2286 2287 2293
f 2287 2288 2293
f 2288 2289 2293
f 2289 2290 2293
f 2290 2291 2293
f 2307 2174 2316
f 2174 2173 2316
f 2173 2172 2316
f 2307 2175 2174
f 2307 2176 2175
f 2307 2177 2176
f 2329 2345 2339
f 2329 2344 2345
f 2329 2343 2344
f 2206 2200 2207
f 2200 2198 2207
f 2605 2604 1709
f 2603 1709 2604
f 2606 2605 1709
f 2607 2606 1709
f 2401 1709 2603
f 2400 1709 2401
f 2402 2602 2601
f 2402 2603 2602
f 2402 2401 2603
f 2597 2599 2598
f 2403 2601 2600
f 2403 2402 2601
f 2404 2403 2600
f 2404 2600 2599
f 2405 2404 2599
f 2405 2599 2597
f 2395 2397 2396
f 2395 2398 2397
f 2406 2405 2597
f 2393 2398 2395
f 2407 2406 2597
f 2394 2399 2398
f 2394 2398 2393
f 1708 2608 2607
f 1708 2609 2608
f 1708 2607 1709
f 2520 2400 2399
f 2520 2399 2394
f 2412 2411 2410
f 2413 2412 2410
f 2515 2400 2520
f 2414 2413 2410
f 2516 2515 2520
f 2415 2414 2410
f 2416 2409 2408
f 2416 2410 2409
f 2416 2415 2410
f 2517 2516 2520
f 2551 2514 2513
f 2551 2550 2514
f 2552 2511 2510
f 2552 2512 2511
f 2552 2513 2512
f 2552 2551 2513
f 2553 2552 2510
f 2554 2553 2510
f 2547 2549 2548
f 2420 2418 2417
f 2420 2419 2418
f 2422 2421 2420
f 2423 2420 2417
f 2423 2422 2420
f 2509 2554 2510
f 2555 2554 2509
f 2559 2555 2509
f 2546 2549 2547
f 2508 2559 2509
f 2508 2558 2559
f 2424 2423 2417
f 2507 2558 2508
f 2507 2556 2557
f 2507 2557 2558
f 2596 2425 2424
f 2426 2425 2596
f 2369 2610 1708
f 2369 2611 2610
f 2594 2596 2595
f 2545 2549 2546
f 2427 2426 2596
f 2427 2596 2594
f 2368 2369 2367
f 2368 2611 2369
f 2506 2556 2507
f 2506 2560 2556
f 2428 2427 2594
f 2593 2428 2594
f 2593 2429 2428
f 2505 2560 2506
f 2505 2561 2560
f 2543 2549 2545
f 2543 2545 2544
f 2392 2612 2611
f 2392 2611 2368
f 2504 2561 2505
f 2504 2562 2561
f 2592 2429 2593
f 2592 2430 2429
f 2535 2534 2533
f 2487 2532 2531
f 2541 2549 2543
f 2541 2543 2542
f 2541 2533 2549
f 2503 2562 2504
f 2503 2563 2562
f 2391 2613 2612
f 2391 2612 2392
f 2488 2487 2531
f 2591 2430 2592
f 2591 2431 2430
f 2502 2563 2503
f 2502 2564 2563
f 2489 2488 2531
f 2489 2531 2530
f 2539 2541 2540
f 2539 2533 2541
f 2490 2489 2530
f 2491 2490 2530
f 2491 2530 2529
f 2492 2491 2529
f 2493 2492 2529
f 2493 2529 2528
f 2501 2565 2564
f 2501 2564 2502
f 2390 2614 2613
f 2390 2613 2391
f 2590 2431 2591
f 2590 2432 2431
f 2537 2533 2539
f 2537 2539 2538
f 2500 2566 2565
f 2500 2565 2501
f 2536 2533 2537
f 2536 2535 2533
f 2499 2522 2566
f 2499 2566 2500
f 2589 2432 2590
f 2389 2614 2390
f 2389 2615 2614
f 2498 2521 2522
f 2498 2522 2499
f 2497 2523 2521
f 2497 2521 2498
f 2588 2433 2432
f 2588 2432 2589
f 2496 2527 2523
f 2496 2523 2497
f 2495 2527 2496
f 2495 2526 2527
f 2494 2526 2495
f 2494 2493 2528
f 2494 2524 2525
f 2494 2525 2526
f 2494 2528 2524
f 2388 2615 2389
f 2388 2616 2615
f 2462 2461 2460
f 2481 2486 2485
f 2463 2462 2460
f 2463 2458 2457
f 2463 2459 2458
f 2463 2460 2459
f 2464 2463 2457
f 2587 2434 2433
f 2587 2433 2588
f 2473 2486 2481
f 2387 2616 2388
f 2387 2617 2616
f 2474 2473 2481
f 2586 2434 2587
f 2586 2435 2434
f 2480 2474 2481
f 2465 2464 2457
f 2475 2474 2480
f 2386 2617 2387
f 2386 2618 2617
f 2585 2435 2586
f 2585 2436 2435
f 2478 2480 2479
f 2478 2475 2480
f 2477 2476 2475
f 2477 2475 2478
f 2640 2472 2471
f 2641 2640 2471
f 2451 2453 2452
f 2451 2454 2453
f 2450 2454 2451
f 2450 2455 2454
f 2450 2456 2455
f 2584 2437 2436
f 2584 2436 2585
f 2385 2619 2618
f 2385 2618 2386
f 1761 2473 2472
f 1761 2639 2638
f 1761 2640 2639
f 1761 2472 2640
f 2642 2471 2470
f 2642 2641 2471
f 2637 1761 2638
f 2583 2437 2584
f 2384 2619 2385
f 2384 2620 2619
f 2568 2470 2469
f 2568 2642 2470
f 2582 2437 2583
f 2582 2438 2437
f 2636 1761 2637
f 2567 2469 2468
f 2567 2568 2469
f 2570 2467 2466
f 2570 2569 2567
f 2570 2468 2467
f 2570 2567 2468
f 2383 2621 2620
f 2383 2620 2384
f 2449 2456 2450
f 2581 2438 2582
f 2581 2439 2438
f 2580 2439 2581
f 2580 2440 2439
f 2382 2621 2383
f 2382 2622 2621
f 2382 2623 2622
f 2579 2440 2580
f 2579 2441 2440
f 2381 2623 2382
f 2381 2624 2623
f 2578 2441 2579
f 2577 2442 2441
f 2577 2441 2578
f 2380 2625 2624
f 2380 2624 2381
f 2576 2442 2577
f 2576 2443 2442
f 2575 2444 2443
f 2575 2443 2576
f 2379 2626 2625
f 2379 2625 2380
f 1760 2635 2634
f 1760 2636 2635
f 1760 1761 2636
f 2574 2444 2575
f 2574 2445 2444
f 2571 2447 2446
f 2571 2448 2447
f 2571 2449 2448
f 2573 2445 2574
f 2573 2571 2446
f 2573 2446 2445
f 2572 2571 2573
f 2378 2627 2626
f 2378 2626 2379
f 2377 2628 2627
f 2377 2627 2378
f 2376 2628 2377
f 2376 2629 2628
f 2375 2629 2376
f 2375 2630 2629
f 2374 2630 2375
f 2374 2631 2630
f 2373 2631 2374
f 2373 2632 2631
f 2370 1760 2633
f 2370 2633 2632
f 2372 2632 2373
f 2372 2370 2632
f 2371 2370 2372
f 1709 2400 1761
f 2400 2515 1761
f 2515 2514 1761
f 2514 2550 1761
f 2550 2549 1761
f 2549 2533 1761
f 2533 2532 1761
f 2532 2487 1761
f 2487 2486 1761
f 2486 2473 1761
f 2481 2483 2482
f 2481 2484 2483
f 2481 2485 2484
f 2519 2518 2520
f 2518 2517 2520
f 2570 2466 2571
f 2466 2465 2571
f 2465 2457 2571
f 2457 2449 2571
f 2457 2456 2449
f 2596 2407 2597
f 2596 2408 2407
f 2596 2416 2408
f 2596 2424 2416
f 2424 2417 2416
f 2609 1708 2610
f 2633 1760 2634
f 1680 2283 1667
f 2282 2283 1680
f 2269 2282 1680
f 2281 2269 2270
f 2281 2282 2269
f 2271 2281 2270
f 2280 2281 2271
f 2279 2271 2272
f 2279 2280 2271
f 2273 2279 2272
f 2278 2279 2273
f 2277 2273 2274
f 2277 2278 2273
f 2276 2274 2275
f 2276 2277 2274
f 2268 1690 2648
f 2268 1679 1690
f 2647 2268 2648
f 2267 2268 2647
f 2646 2266 2267
f 2646 2267 2647
f 2645 2265 2266
f 2645 2266 2646
f 2644 2264 2265
f 2644 2265 2645
f 2643 2264 2644
f 2263 2264 2643
f 2262 2263 2643
f 2244 2261 2262
f 2244 2643 1691
f 2244 2262 2643
f 2245 2260 2261
f 2245 2261 2244
f 2246 2259 2260
f 2246 2260 2245
f 2247 2258 2259
f 2247 2259 2246
f 2248 2258 2247
f 2257 2258 2248
f 2249 2257 2248
f 2256 2257 2249
f 2250 2256 2249
f 2255 2256 2250
f 2254 2255 2250
f 2254 2250 2251
f 2253 2254 2251
f 2253 2251 2252
f 1692 1691 2643
f 1733 1719 2205
f 2206 1733 2205
f 2218 1733 2206
f 2217 2206 2207
f 2217 2218 2206
f 2216 2217 2207
f 2208 2216 2207
f 2215 2216 2208
f 2214 2208 2209
f 2214 2215 2208
f 2210 2214 2209
f 2213 2210 2211
f 2213 2214 2210
f 2212 2213 2211
f 2239 2230 2231
f 2240 2229 2230
f 2240 2230 2239
f 2238 2239 2231
f 2241 2228 2229
f 2241 2229 2240
f 2232 2238 2231
f 2237 2238 2232
f 2227 2228 2241
f 2242 2227 2241
f 2233 2237 2232
f 2236 2237 2233
f 2234 2236 2233
f 2235 2236 2234
f 2243 2226 2227
f 2243 2225 2226
f 2243 2227 2242
f 2219 1747 1734
f 2654 2224 2225
f 2654 2223 2224
f 2654 2225 2243
f 2653 2222 2223
f 2653 2223 2654
f 2652 2221 2222
f 2652 2222 2653
f 2649 1747 2219
f 2650 2219 2220
f 2650 2649 2219
f 2651 2220 2221
f 2651 2650 2220
f 2651 2221 2652
f 1743 2654 2243
f 2654 1743 1742
f 2202 2188 2189
f 2203 2188 2202
f 2201 2202 2189
f 2187 2188 2203
f 2204 2187 2203
f 1718 1724 2187
f 1718 2187 2204
f 2190 2201 2189
f 2200 2201 2190
f 2199 2190 2191
f 2199 2200 2190
f 2198 2199 2191
f 2192 2198 2191
f 2197 2198 2192
f 2196 2192 2193
f 2196 2197 2192
f 2194 2196 2193
f 2195 2196 2194
f 1742 2652 2653
f 1742 2651 2652
f 1742 2650 2651
f 1742 2649 2650
f 1742 1747 2649
f 1742 2653 2654
f 2162 1675 1668
f 2145 2162 1668
f 2146 2162 2145
f 2161 2162 2146
f 2147 2161 2146
f 2148 2161 2147
f 2160 2161 2148
f 2149 2160 2148
f 2159 2149 2150
f 2159 2160 2149
f 2151 2159 2150
f 2158 2159 2151
f 2157 2151 2152
f 2157 2158 2151
f 2153 2157 2152
f 2156 2157 2153
f 2155 2153 2154
f 2155 2156 2153
f 2648 1690 1692
f 2647 2648 1692
f 2646 2647 1692
f 2645 2646 1692
f 2644 2645 1692
f 2643 2644 1692
f 2369 1703 2163
f 2369 1708 1703
f 2164 2367 2369
f 2164 2369 2163
f 2368 2367 2164
f 2165 2392 2368
f 2165 2368 2164
f 2166 2391 2392
f 2166 2392 2165
f 2167 2390 2391
f 2167 2391 2166
f 2168 2389 2390
f 2168 2390 2167
f 2169 2388 2389
f 2169 2389 2168
f 2170 2387 2388
f 2170 2388 2169
f 2171 2386 2387
f 2171 2387 2170
f 2172 2385 2386
f 2172 2386 2171
f 2173 2384 2385
f 2173 2385 2172
f 2174 2383 2384
f 2174 2384 2173
f 2175 2382 2383
f 2175 2383 2174
f 2381 2382 2175
f 2176 2381 2175
f 2380 2381 2176
f 2177 2380 2176
f 2379 2380 2177
f 2178 2379 2177
f 2378 2379 2178
f 2179 2378 2178
f 2377 2378 2179
f 2180 2377 2179
f 2376 2377 2180
f 2181 2376 2180
f 2375 2376 2181
f 2182 2375 2181
f 2374 2375 2182
f 2183 2374 2182
f 2373 2374 2183
f 2184 2373 2183
f 2370 1759 1760
f 2372 2373 2184
f 2185 2371 2372
f 2185 2372 2184
f 2186 2370 2371
f 2186 1759 2370
f 2186 2371 2185
f 2602 2604 2605
f 2602 2603 2604
f 2601 2605 2606
f 2601 2602 2605
f 2607 2601 2606
f 2600 2601 2607
f 2599 2607 2608
f 2599 2600 2607
f 2609 2599 2608
f 2598 2599 2609
f 2597 2598 2609
f 2610 2597 2609
f 2596 2597 2610
f 2611 2596 2610
f 2595 2596 2611
f 2594 2595 2611
f 2612 2594 2611
f 2612 2593 2594
f 2613 2593 2612
f 2613 2592 2593
f 2614 2592 2613
f 2614 2591 2592
f 2615 2591 2614
f 2615 2590 2591
f 2616 2590 2615
f 2616 2589 2590
f 2617 2589 2616
f 2617 2588 2589
f 2618 2588 2617
f 2618 2587 2588
f 2619 2587 2618
f 2619 2586 2587
f 2620 2586 2619
f 2620 2585 2586
f 2639 2640 2641
f 2638 2639 2641
f 2621 2585 2620
f 2621 2584 2585
f 2642 2638 2641
f 2637 2638 2642
f 2622 2583 2584
f 2622 2584 2621
f 2636 2637 2642
f 2636 2642 2568
f 2567 2636 2568
f 2623 2583 2622
f 2623 2582 2583
f 2635 2567 2569
f 2635 2636 2567
f 2634 2569 2570
f 2634 2635 2569
f 2624 2581 2582
f 2624 2582 2623
f 2580 2581 2624
f 2625 2580 2624
f 2579 2580 2625
f 2626 2579 2625
f 2578 2579 2626
f 2627 2578 2626
f 2577 2578 2627
f 2628 2577 2627
f 2628 2576 2577
f 2629 2576 2628
f 2629 2575 2576
f 2630 2575 2629
f 2630 2574 2575
f 2571 2634 2570
f 2631 2573 2574
f 2631 2574 2630
f 2632 2573 2631
f 2632 2572 2573
f 2633 2634 2571
f 2633 2572 2632
f 2633 2571 2572
f 2335 2322 2321
f 2334 2322 2335
f 2334 2323 2322
f 2336 2320 2319
f 2336 2321 2320
f 2336 2335 2321
f 2333 2323 2334
f 2333 2324 2323
f 2332 2324 2333
f 2337 2319 2318
f 2337 2336 2319
f 2331 2324 2332
f 2331 2325 2324
f 2330 2325 2331
f 2338 2337 2318
f 2338 2318 2317
f 2328 2338 2317
f 2329 2325 2330
f 2329 2316 2325
f 2352 2339 2345
f 2351 2339 2352
f 2353 2352 2345
f 2350 2339 2351
f 2354 2345 2344
f 2354 2353 2345
f 2355 2344 2343
f 2355 2354 2344
f 2349 2316 2339
f 2349 2339 2350
f 2356 2342 2341
f 2356 2343 2342
f 2356 2355 2343
f 2348 2341 2340
f 2348 2356 2341
f 2327 2328 2317
f 2327 2317 2326
f 2346 2348 2340
f 2347 2348 2346
f 2286 2357 2365
f 2364 2286 2365
f 2287 2286 2364
f 2363 2287 2364
f 2288 2287 2363
f 2289 2363 2362
f 2289 2288 2363
f 2290 2362 2361
f 2290 2289 2362
f 2291 2361 2360
f 2291 2290 2361
f 2292 2360 2359
f 2292 2291 2360
f 2358 2292 2359
f 2284 2292 2358
f 2307 2357 2286
f 2303 2307 2293
f 2303 2308 2307
f 2302 2308 2303
f 2309 2308 2302
f 2301 2309 2302
f 2310 2309 2301
f 2300 2310 2301
f 2311 2310 2300
f 2299 2311 2300
f 2312 2311 2299
f 2298 2312 2299
f 2313 2312 2298
f 2297 2313 2298
f 2314 2313 2297
f 2314 2297 2296
f 2295 2314 2296
f 2315 2314 2295
f 2294 2315 2295
f 2306 2315 2294
f 2285 2284 2358
f 2285 2358 2366
f 2305 2306 2294
f 2305 2294 2304
f 2339 2316 2329
f 2316 2349 2307
f 2349 2357 2307
f 2293 2307 2286
f 2399 2401 2402
f 2399 2400 2401
f 2398 2399 2402
f 2398 2402 2403
f 2404 2398 2403
f 2397 2398 2404
f 2405 2397 2404
f 2396 2397 2405
f 2406 2396 2405
f 2406 2395 2396
f 2407 2395 2406
f 2407 2393 2395
f 2408 2394 2393
f 2408 2393 2407
f 2409 2520 2394
f 2409 2394 2408
f 2410 2520 2409
f 2655 2410 2411
f 2655 2520 2410
f 2412 2657 2655
f 2412 2655 2411
f 2413 2658 2657
f 2413 2657 2412
f 2414 2659 2658
f 2414 2658 2413
f 2415 2659 2414
f 2660 2659 2415
f 2513 2515 2516
f 2513 2514 2515
f 2416 2660 2415
f 2661 2660 2416
f 2512 2516 2517
f 2512 2513 2516
f 2518 2512 2517
f 2511 2518 2519
f 2511 2512 2518
f 2510 2511 2519
f 2656 2510 2519
f 2417 2661 2416
f 2662 2661 2417
f 2663 2662 2417
f 2418 2663 2417
f 2664 2663 2418
f 2419 2664 2418
f 2665 2664 2419
f 2666 2665 2419
f 2666 2420 2421
f 2666 2419 2420
f 2667 2666 2421
f 2668 2667 2421
f 2668 2421 2422
f 2509 2510 2656
f 2697 2668 2422
f 2697 2422 2423
f 2696 2509 2669
f 2508 2509 2696
f 2695 2508 2696
f 2694 2508 2695
f 2698 2697 2423
f 2698 2423 2424
f 2507 2508 2694
f 2699 2698 2424
f 2699 2424 2425
f 2426 2699 2425
f 2700 2699 2426
f 2427 2700 2426
f 2701 2700 2427
f 2693 2506 2507
f 2693 2507 2694
f 2428 2701 2427
f 2702 2701 2428
f 2429 2702 2428
f 2429 2703 2702
f 2692 2505 2506
f 2692 2506 2693
f 2430 2703 2429
f 2430 2704 2703
f 2691 2504 2505
f 2691 2505 2692
f 2690 2503 2504
f 2690 2504 2691
f 2488 2486 2487
f 2431 2704 2430
f 2431 2705 2704
f 2485 2486 2488
f 2689 2502 2503
f 2689 2503 2690
f 2489 2485 2488
f 2484 2490 2491
f 2484 2489 2490
f 2484 2485 2489
f 2483 2484 2491
f 2483 2491 2492
f 2482 2483 2492
f 2482 2492 2493
f 2688 2501 2502
f 2688 2502 2689
f 2679 2482 2493
f 2432 2706 2705
f 2432 2705 2431
f 2500 2501 2688
f 2687 2500 2688
f 2499 2500 2687
f 2433 2707 2706
f 2433 2706 2432
f 2685 2499 2687
f 2498 2499 2685
f 2686 2498 2685
f 2497 2498 2686
f 2728 2497 2686
f 2434 2707 2433
f 2434 2708 2707
f 2496 2497 2728
f 2727 2495 2496
f 2727 2496 2728
f 2726 2495 2727
f 2680 2679 2493
f 2680 2493 2494
f 2725 2494 2495
f 2725 2495 2726
f 2725 2680 2494
f 2459 2676 2675
f 2458 2675 2674
f 2458 2459 2675
f 2457 2674 2673
f 2457 2458 2674
f 2460 2677 2676
f 2460 2676 2459
f 2461 2678 2677
f 2461 2677 2460
f 2462 2678 2461
f 2463 2481 2678
f 2463 2678 2462
f 2464 2481 2463
f 2435 2708 2434
f 2435 2709 2708
f 2474 2472 2473
f 2471 2472 2474
f 2436 2710 2709
f 2436 2709 2435
f 2465 2480 2481
f 2465 2481 2464
f 2475 2471 2474
f 2470 2471 2475
f 2479 2480 2465
f 2437 2710 2436
f 2437 2711 2710
f 2476 2470 2475
f 2466 2479 2465
f 2672 2457 2673
f 2469 2470 2476
f 2469 2476 2477
f 2467 2479 2466
f 2467 2478 2479
f 2456 2457 2672
f 2456 2670 2671
f 2456 2672 2670
f 2468 2469 2477
f 2468 2478 2467
f 2468 2477 2478
f 2455 2456 2671
f 2454 2455 2671
f 2454 2671 2684
f 2453 2454 2684
f 2453 2684 2683
f 2682 2453 2683
f 2452 2682 2681
f 2452 2453 2682
f 2451 2452 2681
f 2712 2711 2437
f 2438 2712 2437
f 2724 2451 2681
f 2450 2451 2724
f 2713 2712 2438
f 2439 2713 2438
f 2714 2713 2439
f 2440 2714 2439
f 2715 2714 2440
f 2441 2715 2440
f 2723 2450 2724
f 2449 2450 2723
f 2716 2715 2441
f 2442 2716 2441
f 2722 2449 2723
f 2448 2449 2722
f 2717 2716 2442
f 2443 2717 2442
f 2721 2448 2722
f 2447 2448 2721
f 2720 2447 2721
f 2718 2717 2443
f 2446 2447 2720
f 2446 2720 2719
f 2444 2718 2443
f 2444 2719 2718
f 2445 2719 2444
f 2445 2446 2719
f 2482 2678 2481
f 2482 2679 2678
f 2520 2655 2519
f 2656 2519 2655
f 2668 2697 2669
f 2697 2696 2669
f 2669 2509 2656
f 2680 2725 2681
f 2724 2681 2725
f 2695 2696 2697
f 2694 2695 2697
f 2693 2694 2697
f 2703 2701 2702
f 2703 2700 2701
f 2703 2699 2700
f 2703 2698 2699
f 2692 2693 2697
f 2704 2697 2698
f 2704 2698 2703
f 2705 2697 2704
f 2706 2692 2697
f 2706 2697 2705
f 2707 2691 2692
f 2707 2692 2706
f 2708 2690 2691
f 2708 2691 2707
f 2709 2689 2690
f 2709 2690 2708
f 2710 2689 2709
f 2711 2688 2689
f 2711 2689 2710
f 2712 2688 2711
f 2712 2687 2688
f 2724 2726 2727
f 2724 2725 2726
f 2724 2728 2686
f 2724 2727 2728
f 2713 2685 2687
f 2713 2687 2712
f 2714 2685 2713
f 2714 2686 2685
f 2715 2724 2686
f 2715 2686 2714
f 2716 2724 2715
f 2717 2723 2724
f 2717 2724 2716
f 2718 2722 2723
f 2718 2721 2722
f 2718 2723 2717
f 2719 2720 2721
f 2719 2721 2718
f 2674 2675 2679
f 2673 2674 2679
f 2676 2679 2675
f 2677 2679 2676
f 2678 2679 2677
f 2672 2679 2680
f 2672 2673 2679
f 2670 2672 2680
f 2671 2670 2680
f 2684 2671 2680
f 2683 2684 2680
f 2682 2683 2680
f 2681 2682 2680
f 2548 2550 2551
f 2548 2549 2550
f 2547 2553 2554
f 2547 2552 2553
f 2547 2551 2552
f 2547 2548 2551
f 2555 2547 2554
f 2546 2555 2559
f 2546 2547 2555
f 2558 2546 2559
f 2557 2546 2558
f 2556 2546 2557
f 2560 2545 2546
f 2560 2546 2556
f 2561 2544 2545
f 2561 2545 2560
f 2562 2543 2544
f 2562 2544 2561
f 2534 2532 2533
f 2531 2532 2534
f 2563 2542 2543
f 2563 2543 2562
f 2535 2531 2534
f 2530 2531 2535
f 2564 2541 2542
f 2564 2542 2563
f 2529 2530 2535
f 2528 2529 2535
f 2565 2541 2564
f 2565 2540 2541
f 2566 2540 2565
f 2566 2539 2540
f 2522 2539 2566
f 2522 2538 2539
f 2521 2537 2538
f 2521 2538 2522
f 2521 2536 2537
f 2523 2536 2521
f 2524 2528 2535
f 2524 2535 2536
f 2527 2536 2523
f 2525 2524 2536
f 2526 2536 2527
f 2526 2525 2536
f 2737 2730 2729
f 2737 2729 2731
f 2736 2731 2732
f 2736 2737 2731
f 2735 2732 2733
f 2735 2736 2732
f 2734 2735 2733
f 2739 2738 2740
f 2746 2740 2741
f 2746 2739 2740
f 2745 2741 2742
f 2745 2746 2741
f 2744 2742 2743
f 2744 2745 2742
f 2752 2753 2754
f 2751 2752 2754
f 2750 2754 2755
f 2750 2751 2754
f 2749 2755 2756
f 2749 2756 2747
f 2749 2750 2755
f 2748 2749 2747
f 2751 2738 2752
f 2740 2751 2750
f 2740 2738 2751
f 2741 2750 2749
f 2741 2740 2750
f 2742 2741 2749
f 2748 2742 2749
f 2743 2742 2748
f 2762 2763 2764
f 2761 2762 2764
f 2760 2764 2765
f 2760 2761 2764
f 2759 2765 2757
f 2759 2760 2765
f 2758 2759 2757
f 2770 2771 2772
f 2770 2772 2775
f 2769 2775 2774
f 2769 2770 2775
f 2768 2774 2773
f 2768 2769 2774
f 2767 2773 2766
f 2767 2768 2773
f 2777 2763 2776
f 2764 2763 2777
f 2778 2764 2777
f 2765 2764 2778
f 2779 2765 2778
f 2757 2765 2779
f 2775 2772 2781
f 2775 2781 2784
f 2774 2784 2783
f 2774 2775 2784
f 2773 2783 2782
f 2773 2774 2783
f 2766 2782 2780
f 2766 2773 2782
f 2754 2753 2762
f 2754 2762 2761
f 2755 2761 2760
f 2755 2754 2761
f 2756 2760 2759
f 2756 2755 2760
f 2747 2759 2758
f 2747 2756 2759
f 2776 2771 2770
f 2777 2770 2769
f 2777 2776 2770
f 2778 2769 2768
f 2778 2777 2769
f 2779 2768 2767
f 2779 2778 2768
f 2786 2819 2818
f 2786 2785 2819
f 2817 2786 2818
f 2787 2786 2817
f 2816 2788 2787
f 2816 2787 2817
f 2815 2789 2788
f 2815 2788 2816
f 2814 2790 2789
f 2814 2789 2815
f 2813 2790 2814
f 2791 2790 2813
f 2792 2791 2813
f 2810 2793 2792
f 2810 2813 2811
f 2810 2792 2813
f 2809 2794 2793
f 2809 2793 2810
f 2808 2795 2794
f 2808 2794 2809
f 2807 2796 2795
f 2807 2795 2808
f 2806 2796 2807
f 2797 2796 2806
f 2805 2797 2806
f 2798 2797 2805
f 2804 2798 2805
f 2799 2798 2804
f 2800 2799 2804
f 2800 2804 2803
f 2801 2800 2803
f 2801 2803 2802
f 2812 2811 2813
f 2824 2833 2832
f 2823 2834 2833
f 2823 2833 2824
f 2825 2824 2832
f 2822 2835 2834
f 2822 2834 2823
f 2831 2825 2832
f 2826 2825 2831
f 2836 2835 2822
f 2821 2836 2822
f 2830 2826 2831
f 2827 2826 2830
f 2829 2827 2830
f 2828 2827 2829
f 2820 2837 2836
f 2820 2838 2837
f 2820 2836 2821
f 2844 823 810
f 2850 2839 2838
f 2850 2840 2839
f 2850 2838 2820
f 2849 2841 2840
f 2849 2840 2850
f 2848 2842 2841
f 2848 2841 2849
f 2845 823 2844
f 2846 2844 2843
f 2846 2845 2844
f 2847 2843 2842
f 2847 2842 2848
f 2847 2846 2843
f 819 2850 2820
f 2850 819 818
f 2919 2921 2920
f 2918 2921 2919
f 2900 2902 2901
f 2900 2903 2902
f 2905 2904 2903
f 2899 2905 2903
f 2899 2903 2900
f 2917 2921 2918
f 2898 2905 2899
f 2792 2790 2791
f 2792 2789 2790
f 2792 2788 2789
f 2792 2787 2788
f 2792 2786 2787
f 2793 2785 2786
f 2793 2786 2792
f 2883 2810 2811
f 2794 2785 2793
f 2805 2806 2807
f 2804 2805 2807
f 2804 2808 2809
f 2804 2807 2808
f 2885 2796 2797
f 2885 2795 2796
f 2887 2885 2797
f 2887 2797 2798
f 2887 2886 2885
f 2803 2804 2809
f 2803 2809 2810
f 2802 2810 2883
f 2802 2803 2810
f 2888 2887 2798
f 2888 2798 2799
f 2889 2888 2799
f 2889 2799 2800
f 2906 2897 2896
f 2908 2896 2895
f 2908 2907 2906
f 2908 2906 2896
f 2890 2889 2800
f 2891 2800 2801
f 2891 2890 2800
f 2909 2895 2894
f 2909 2908 2895
f 2910 2894 2893
f 2910 2909 2894
f 2994 2929 2993
f 2992 2993 2916
f 2995 2929 2994
f 2991 2992 2916
f 2996 2929 2995
f 2996 2930 2929
f 2990 2991 2916
f 2911 2893 2892
f 2911 2910 2893
f 2997 2930 2996
f 3005 3006 3007
f 3004 3005 3007
f 3004 3007 3008
f 3003 3004 3008
f 2989 2990 2916
f 2989 2915 2914
f 2989 2916 2915
f 2988 2931 2930
f 2988 2930 2997
f 3002 3008 3009
f 3002 3003 3008
f 3010 3002 3009
f 3001 3010 3000
f 3001 3002 3010
f 3014 3015 3001
f 3013 3014 3001
f 3025 3023 3024
f 3022 3023 3025
f 3026 3022 3025
f 3027 3022 3026
f 3021 3022 3027
f 3012 3001 3000
f 3012 3013 3001
f 3028 3021 3027
f 3020 3021 3028
f 2998 2989 2914
f 2998 2913 2912
f 2998 2914 2913
f 3018 3000 2999
f 3018 3012 3000
f 2954 3021 3020
f 2948 2949 2950
f 2947 2948 2950
f 2947 2950 2951
f 2947 2951 2952
f 2946 3020 3019
f 2946 2952 2953
f 2946 2953 2954
f 2946 2954 3020
f 2946 2947 2952
f 2852 835 2853
f 2865 2867 2866
f 2851 835 2852
f 800 835 2851
f 2979 2937 2936
f 2965 2963 2964
f 2965 2964 2957
f 2980 2937 2979
f 2981 2937 2980
f 2981 2938 2937
f 2982 2938 2981
f 2983 2938 2982
f 2984 2938 2983
f 2969 2970 2971
f 2969 2971 2972
f 2968 2972 2973
f 2968 2969 2972
f 2967 2973 2974
f 2967 2974 2975
f 2967 2968 2973
f 2966 2967 2975
f 2966 2965 2957
f 2966 2975 2965
f 2955 2946 3019
f 2956 2966 2957
f 795 2865 2869
f 795 2868 2867
f 795 794 2868
f 795 2867 2865
f 2976 2966 2956
f 2854 2939 2938
f 2854 2940 2939
f 2854 2941 2940
f 2854 2938 2984
f 2854 2984 2985
f 2854 2985 2986
f 2854 2986 2987
f 2855 2854 2987
f 2855 2987 2978
f 2862 2864 2863
f 2856 2855 2978
f 2856 2978 2977
f 2857 2856 2977
f 2858 2857 2977
f 2872 2862 2861
f 2872 2871 2862
f 2873 2861 2860
f 2873 2872 2861
f 2874 2860 2859
f 2874 2873 2860
f 2875 2874 2859
f 2834 2882 2833
f 2832 2880 2879
f 2832 2833 2880
f 2835 2882 2834
f 2831 2879 2878
f 2831 2832 2879
f 2826 2824 2825
f 2826 2823 2824
f 2821 2823 2826
f 2821 2822 2823
f 2830 2877 2876
f 2830 2878 2877
f 2830 2831 2878
f 2827 2821 2826
f 2829 2830 2876
f 2837 810 2836
f 2820 2827 2828
f 2820 2821 2827
f 2841 2839 2840
f 2841 2838 2839
f 2844 2837 2838
f 2844 810 2837
f 2843 2844 2838
f 2842 2838 2841
f 2842 2843 2838
f 828 2820 2828
f 828 819 2820
f 2853 2945 2854
f 2945 2944 2854
f 2944 2943 2854
f 2943 2942 2854
f 2942 2941 2854
f 2864 2870 2865
f 2869 2865 2870
f 2881 2880 2882
f 2880 2833 2882
f 2882 2835 809
f 2835 2836 809
f 2836 810 809
f 828 2828 2883
f 2828 2829 2883
f 2829 2876 2883
f 2876 2875 2883
f 2875 2859 2883
f 2859 2858 2883
f 2858 2977 2883
f 2977 2976 2883
f 2976 2956 2883
f 2956 2955 2883
f 2955 3019 2883
f 3019 3018 2883
f 3018 2999 2883
f 2999 2998 2883
f 2998 2912 2883
f 2912 2911 2883
f 2911 2892 2883
f 2892 2891 2883
f 2891 2801 2883
f 2801 2802 2883
f 2884 2795 2885
f 2884 2794 2795
f 2884 2785 2794
f 2905 2898 2906
f 2898 2897 2906
f 2921 2916 2922
f 2916 2923 2922
f 2916 2924 2923
f 2916 2925 2924
f 2916 2926 2925
f 2916 2927 2926
f 2916 2928 2927
f 2921 2917 2916
f 2928 2993 2929
f 2928 2916 2993
f 2945 2853 835
f 2958 2959 2965
f 2959 2960 2965
f 2960 2961 2965
f 2961 2962 2965
f 2962 2963 2965
f 2979 2933 2988
f 2933 2932 2988
f 2932 2931 2988
f 2979 2934 2933
f 2979 2935 2934
f 2979 2936 2935
f 3001 3017 3011
f 3001 3016 3017
f 3001 3015 3016
f 2870 2864 2871
f 2864 2862 2871
f 3030 2921 2922
f 3030 3029 2921
f 2923 3031 3030
f 2923 3030 2922
f 3032 3031 2923
f 2924 3033 3032
f 2924 3032 2923
f 2925 3034 3033
f 2925 3033 2924
f 2926 3035 3034
f 2926 3034 2925
f 2927 3036 3035
f 2927 3035 2926
f 2928 3037 3036
f 2928 3036 2927
f 2929 3038 3037
f 2929 3037 2928
f 2930 3039 3038
f 2930 3038 2929
f 2931 3040 3039
f 2931 3039 2930
f 2932 3041 3040
f 2932 3040 2931
f 2933 3042 3041
f 2933 3041 2932
f 2934 3042 2933
f 2934 3043 3042
f 3044 3043 2934
f 2935 3044 2934
f 3045 3044 2935
f 2936 3045 2935
f 3046 3045 2936
f 2937 3046 2936
f 3047 3046 2937
f 2938 3047 2937
f 3048 3047 2938
f 2939 3048 2938
f 3049 3048 2939
f 2940 3049 2939
f 3050 3049 2940
f 2941 3050 2940
f 3051 3050 2941
f 2942 3051 2941
f 3052 3051 2942
f 2943 3052 2942
f 3055 835 836
f 3053 3052 2943
f 2944 3054 3053
f 2944 3053 2943
f 2945 3055 3054
f 2945 835 3055
f 2945 3054 2944
f 2866 2852 2853
f 2867 2852 2866
f 2865 2866 2853
f 2851 2852 2867
f 2868 2851 2867
f 794 800 2851
f 794 2851 2868
f 2854 2865 2853
f 2864 2865 2854
f 2863 2854 2855
f 2863 2864 2854
f 2862 2863 2855
f 2856 2862 2855
f 2861 2862 2856
f 2860 2856 2857
f 2860 2861 2856
f 2858 2860 2857
f 2859 2860 2858
f 809 795 2869
f 2870 809 2869
f 2882 809 2870
f 2881 2870 2871
f 2881 2882 2870
f 2880 2881 2871
f 2872 2880 2871
f 2879 2880 2872
f 2878 2872 2873
f 2878 2879 2872
f 2874 2878 2873
f 2877 2874 2875
f 2877 2878 2874
f 2876 2877 2875
f 3098 3097 3056
f 3096 3056 3097
f 3099 3098 3056
f 3100 3099 3056
f 3187 3056 3096
f 3186 3056 3187
f 3188 3095 3094
f 3188 3096 3095
f 3188 3187 3096
f 3090 3092 3091
f 3189 3094 3093
f 3189 3188 3094
f 3190 3189 3093
f 3190 3093 3092
f 3191 3190 3092
f 3191 3092 3090
f 3181 3183 3182
f 3181 3184 3183
f 3192 3191 3090
f 3179 3184 3181
f 3193 3192 3090
f 3180 3184 3179
f 3180 3185 3184
f 3029 3101 3100
f 3029 3102 3101
f 3029 3100 3056
f 3306 3185 3180
f 3306 3186 3185
f 3198 3197 3196
f 3199 3198 3196
f 3301 3186 3306
f 3200 3199 3196
f 3302 3301 3306
f 3201 3200 3196
f 3202 3201 3196
f 3202 3195 3194
f 3202 3196 3195
f 3303 3302 3306
f 3166 3300 3299
f 3166 3165 3300
f 3167 3166 3299
f 3167 3297 3296
f 3167 3298 3297
f 3167 3299 3298
f 3168 3167 3296
f 3169 3168 3296
f 3162 3164 3163
f 3206 3204 3203
f 3206 3205 3204
f 3208 3207 3206
f 3209 3208 3206
f 3209 3206 3203
f 3295 3169 3296
f 3170 3169 3295
f 3174 3170 3295
f 3161 3164 3162
f 3294 3174 3295
f 3294 3173 3174
f 3210 3209 3203
f 3293 3173 3294
f 3293 3171 3172
f 3293 3172 3173
f 3089 3211 3210
f 3212 3211 3089
f 3030 3103 3029
f 3030 3104 3103
f 3087 3089 3088
f 3160 3164 3161
f 3213 3089 3087
f 3213 3212 3089
f 3032 3030 3031
f 3032 3104 3030
f 3292 3171 3293
f 3292 3175 3171
f 3214 3213 3087
f 3086 3214 3087
f 3086 3215 3214
f 3291 3176 3175
f 3291 3175 3292
f 3158 3164 3160
f 3158 3160 3159
f 3033 3104 3032
f 3033 3105 3104
f 3290 3177 3176
f 3290 3176 3291
f 3085 3215 3086
f 3085 3216 3215
f 3150 3149 3148
f 3273 3147 3146
f 3156 3158 3157
f 3156 3164 3158
f 3156 3148 3164
f 3289 3178 3177
f 3289 3177 3290
f 3034 3106 3105
f 3034 3105 3033
f 3274 3273 3146
f 3084 3217 3216
f 3084 3216 3085
f 3288 3134 3178
f 3288 3178 3289
f 3275 3274 3146
f 3275 3146 3145
f 3154 3148 3156
f 3154 3156 3155
f 3276 3275 3145
f 3277 3145 3144
f 3277 3276 3145
f 3278 3277 3144
f 3279 3144 3143
f 3279 3278 3144
f 3287 3133 3134
f 3287 3134 3288
f 3035 3106 3034
f 3035 3107 3106
f 3083 3217 3084
f 3083 3218 3217
f 3152 3154 3153
f 3152 3148 3154
f 3286 3135 3133
f 3286 3133 3287
f 3151 3148 3152
f 3151 3150 3148
f 3285 3136 3135
f 3285 3135 3286
f 3082 3218 3083
f 3036 3107 3035
f 3036 3108 3107
f 3284 3137 3136
f 3284 3136 3285
f 3283 3138 3137
f 3283 3137 3284
f 3081 3218 3082
f 3081 3219 3218
f 3282 3142 3138
f 3282 3138 3283
f 3281 3141 3142
f 3281 3142 3282
f 3280 3139 3140
f 3280 3140 3141
f 3280 3143 3139
f 3280 3279 3143
f 3280 3141 3281
f 3037 3109 3108
f 3037 3108 3036
f 3248 3247 3246
f 3267 3272 3271
f 3249 3244 3243
f 3249 3245 3244
f 3249 3246 3245
f 3249 3248 3246
f 3250 3249 3243
f 3080 3219 3081
f 3080 3220 3219
f 3259 3272 3267
f 3038 3109 3037
f 3038 3110 3109
f 3260 3259 3267
f 3079 3220 3080
f 3079 3221 3220
f 3266 3260 3267
f 3251 3250 3243
f 3261 3260 3266
f 3039 3110 3038
f 3039 3111 3110
f 3078 3221 3079
f 3078 3222 3221
f 3264 3266 3265
f 3264 3261 3266
f 3263 3262 3261
f 3263 3261 3264
f 3058 3258 3257
f 3057 3058 3257
f 3237 3239 3238
f 3237 3240 3239
f 3236 3240 3237
f 3236 3241 3240
f 3236 3242 3241
f 3077 3222 3078
f 3077 3223 3222
f 3040 3111 3039
f 3040 3112 3111
f 837 3132 3131
f 837 3058 3132
f 837 3259 3258
f 837 3258 3058
f 3059 3257 3256
f 3059 3057 3257
f 3130 837 3131
f 3076 3223 3077
f 3041 3112 3040
f 3041 3113 3112
f 3060 3256 3255
f 3060 3059 3256
f 3075 3223 3076
f 3075 3224 3223
f 3129 837 3130
f 3061 3060 3255
f 3061 3255 3254
f 3063 3061 3254
f 3063 3253 3252
f 3063 3254 3253
f 3063 3062 3061
f 3042 3113 3041
f 3042 3114 3113
f 3235 3242 3236
f 3235 3243 3242
f 3074 3224 3075
f 3074 3225 3224
f 3073 3225 3074
f 3073 3226 3225
f 3043 3114 3042
f 3043 3115 3114
f 3043 3116 3115
f 3072 3226 3073
f 3072 3227 3226
f 3044 3116 3043
f 3044 3117 3116
f 3071 3227 3072
f 3070 3227 3071
f 3070 3228 3227
f 3045 3117 3044
f 3045 3118 3117
f 3069 3229 3228
f 3069 3228 3070
f 3068 3230 3229
f 3068 3229 3069
f 3046 3118 3045
f 3046 3119 3118
f 836 3128 3127
f 836 3129 3128
f 836 837 3129
f 3067 3231 3230
f 3067 3230 3068
f 3064 3233 3232
f 3064 3234 3233
f 3064 3235 3234
f 3066 3232 3231
f 3066 3064 3232
f 3066 3231 3067
f 3065 3064 3066
f 3047 3120 3119
f 3047 3119 3046
f 3048 3120 3047
f 3048 3121 3120
f 3049 3121 3048
f 3049 3122 3121
f 3050 3122 3049
f 3050 3123 3122
f 3051 3123 3050
f 3051 3124 3123
f 3052 3124 3051
f 3052 3125 3124
f 3055 836 3126
f 3055 3126 3125
f 3053 3125 3052
f 3053 3055 3125
f 3054 3055 3053
f 3056 3186 837
f 3186 3301 837
f 3301 3300 837
f 3300 3165 837
f 3165 3164 837
f 3164 3148 837
f 3148 3147 837
f 3147 3273 837
f 3273 3272 837
f 3272 3259 837
f 3063 3252 3064
f 3252 3251 3064
f 3251 3243 3064
f 3243 3235 3064
f 3089 3193 3090
f 3089 3194 3193
f 3089 3202 3194
f 3089 3210 3202
f 3210 3203 3202
f 3102 3029 3103
f 3126 836 3127
f 3267 3269 3268
f 3267 3270 3269
f 3267 3271 3270
f 3305 3304 3306
f 3304 3303 3306
f 818 2848 2849
f 818 2847 2848
f 818 2846 2847
f 818 2845 2846
f 818 823 2845
f 818 2849 2850
f 3095 3097 3098
f 3095 3096 3097
f 3094 3098 3099
f 3094 3095 3098
f 3100 3094 3099
f 3093 3094 3100
f 3092 3100 3101
f 3092 3093 3100
f 3102 3092 3101
f 3091 3092 3102
f 3090 3091 3102
f 3103 3090 3102
f 3089 3090 3103
f 3104 3089 3103
f 3088 3089 3104
f 3087 3088 3104
f 3105 3087 3104
f 3105 3086 3087
f 3106 3086 3105
f 3106 3085 3086
f 3107 3085 3106
f 3107 3084 3085
f 3108 3084 3107
f 3108 3083 3084
f 3109 3083 3108
f 3109 3082 3083
f 3110 3082 3109
f 3110 3081 3082
f 3111 3081 3110
f 3111 3080 3081
f 3112 3080 3111
f 3112 3079 3080
f 3113 3079 3112
f 3113 3078 3079
f 3132 3058 3057
f 3131 3132 3057
f 3114 3077 3078
f 3114 3078 3113
f 3059 3131 3057
f 3130 3131 3059
f 3115 3077 3114
f 3115 3076 3077
f 3129 3130 3059
f 3129 3059 3060
f 3061 3129 3060
f 3116 3075 3076
f 3116 3076 3115
f 3128 3061 3062
f 3128 3129 3061
f 3127 3062 3063
f 3127 3128 3062
f 3117 3074 3075
f 3117 3075 3116
f 3073 3074 3117
f 3118 3073 3117
f 3072 3073 3118
f 3119 3072 3118
f 3071 3072 3119
f 3120 3071 3119
f 3070 3071 3120
f 3121 3070 3120
f 3121 3069 3070
f 3122 3069 3121
f 3122 3068 3069
f 3123 3068 3122
f 3123 3067 3068
f 3064 3127 3063
f 3124 3066 3067
f 3124 3067 3123
f 3125 3066 3124
f 3125 3065 3066
f 3126 3127 3064
f 3126 3065 3125
f 3126 3064 3065
f 3007 2994 2993
f 3006 2994 3007
f 3006 2995 2994
f 3008 2992 2991
f 3008 2993 2992
f 3008 3007 2993
f 3005 2995 3006
f 3005 2996 2995
f 3004 2996 3005
f 3009 2991 2990
f 3009 3008 2991
f 3003 2996 3004
f 3003 2997 2996
f 3002 2997 3003
f 3010 3009 2990
f 3010 2990 2989
f 3000 3010 2989
f 3001 2997 3002
f 3001 2988 2997
f 3024 3011 3017
f 3023 3011 3024
f 3025 3024 3017
f 3022 3011 3023
f 3026 3017 3016
f 3026 3025 3017
f 3027 3016 3015
f 3027 3026 3016
f 3021 2988 3011
f 3021 3011 3022
f 3028 3014 3013
f 3028 3015 3014
f 3028 3027 3015
f 3020 3013 3012
f 3020 3028 3013
f 2999 2989 2998
f 2999 3000 2989
f 3018 3020 3012
f 3019 3020 3018
f 2958 2954 2953
f 2952 2958 2953
f 2959 2958 2952
f 2951 2959 2952
f 2960 2959 2951
f 2961 2951 2950
f 2961 2960 2951
f 2962 2950 2949
f 2962 2961 2950
f 2963 2949 2948
f 2963 2962 2949
f 2964 2948 2947
f 2964 2963 2948
f 2946 2964 2947
f 2957 2964 2946
f 2979 2954 2958
f 2975 2979 2965
f 2975 2980 2979
f 2974 2980 2975
f 2981 2980 2974
f 2973 2981 2974
f 2982 2981 2973
f 2972 2982 2973
f 2983 2982 2972
f 2971 2983 2972
f 2984 2983 2971
f 2970 2984 2971
f 2985 2984 2970
f 2969 2985 2970
f 2986 2985 2969
f 2986 2969 2968
f 2967 2986 2968
f 2987 2986 2967
f 2966 2987 2967
f 2978 2987 2966
f 2956 2957 2946
f 2956 2946 2955
f 2977 2966 2976
f 2977 2978 2966
f 3011 2988 3001
f 2988 3021 2979
f 3021 2954 2979
f 2965 2979 2958
f 3185 3187 3188
f 3185 3186 3187
f 3184 3185 3188
f 3184 3188 3189
f 3190 3184 3189
f 3183 3184 3190
f 3191 3183 3190
f 3182 3183 3191
f 3192 3182 3191
f 3192 3181 3182
f 3193 3181 3192
f 3193 3179 3181
f 3194 3180 3179
f 3194 3179 3193
f 3195 3306 3180
f 3195 3180 3194
f 3196 3306 3195
f 3307 3196 3197
f 3307 3306 3196
f 3198 3309 3307
f 3198 3307 3197
f 3199 3310 3309
f 3199 3309 3198
f 3200 3311 3310
f 3200 3310 3199
f 3201 3311 3200
f 3312 3311 3201
f 3299 3301 3302
f 3299 3300 3301
f 3202 3312 3201
f 3313 3312 3202
f 3298 3302 3303
f 3298 3299 3302
f 3304 3298 3303
f 3297 3304 3305
f 3297 3298 3304
f 3296 3297 3305
f 3308 3296 3305
f 3203 3313 3202
f 3314 3313 3203
f 3315 3314 3203
f 3204 3315 3203
f 3316 3315 3204
f 3205 3316 3204
f 3317 3316 3205
f 3318 3317 3205
f 3318 3206 3207
f 3318 3205 3206
f 3319 3318 3207
f 3320 3319 3207
f 3320 3207 3208
f 3295 3296 3308
f 3352 3320 3208
f 3352 3208 3209
f 3351 3295 3321
f 3294 3295 3351
f 3350 3294 3351
f 3349 3294 3350
f 3353 3352 3209
f 3353 3209 3210
f 3293 3294 3349
f 3354 3353 3210
f 3354 3210 3211
f 3212 3354 3211
f 3355 3354 3212
f 3213 3355 3212
f 3356 3355 3213
f 3348 3292 3293
f 3348 3293 3349
f 3214 3356 3213
f 3357 3356 3214
f 3215 3357 3214
f 3215 3358 3357
f 3347 3291 3292
f 3347 3292 3348
f 3216 3358 3215
f 3216 3359 3358
f 3346 3290 3291
f 3346 3291 3347
f 3345 3289 3290
f 3345 3290 3346
f 3274 3272 3273
f 3217 3359 3216
f 3217 3360 3359
f 3271 3272 3274
f 3344 3288 3289
f 3344 3289 3345
f 3275 3271 3274
f 3270 3276 3277
f 3270 3275 3276
f 3270 3271 3275
f 3269 3270 3277
f 3269 3277 3278
f 3268 3269 3278
f 3268 3278 3279
f 3343 3287 3288
f 3343 3288 3344
f 3334 3268 3279
f 3218 3361 3360
f 3218 3360 3217
f 3286 3287 3343
f 3342 3286 3343
f 3285 3286 3342
f 3219 3362 3361
f 3219 3361 3218
f 3341 3285 3342
f 3284 3285 3341
f 3340 3284 3341
f 3283 3284 3340
f 3339 3283 3340
f 3220 3362 3219
f 3220 3363 3362
f 3282 3283 3339
f 3337 3281 3282
f 3337 3282 3339
f 3338 3281 3337
f 3335 3334 3279
f 3335 3279 3280
f 3380 3280 3281
f 3380 3281 3338
f 3380 3335 3280
f 3245 3331 3330
f 3244 3330 3329
f 3244 3245 3330
f 3243 3329 3328
f 3243 3244 3329
f 3246 3332 3331
f 3246 3331 3245
f 3247 3333 3332
f 3247 3332 3246
f 3248 3333 3247
f 3249 3267 3333
f 3249 3333 3248
f 3250 3267 3249
f 3221 3363 3220
f 3221 3364 3363
f 3260 3258 3259
f 3257 3258 3260
f 3222 3365 3364
f 3222 3364 3221
f 3251 3266 3267
f 3251 3267 3250
f 3261 3257 3260
f 3256 3257 3261
f 3265 3266 3251
f 3223 3365 3222
f 3223 3366 3365
f 3262 3256 3261
f 3252 3265 3251
f 3327 3243 3328
f 3255 3256 3262
f 3255 3262 3263
f 3253 3265 3252
f 3253 3264 3265
f 3242 3326 3325
f 3242 3327 3326
f 3242 3243 3327
f 3254 3255 3263
f 3254 3264 3253
f 3254 3263 3264
f 3241 3242 3325
f 3240 3241 3325
f 3240 3325 3324
f 3239 3324 3322
f 3239 3240 3324
f 3323 3239 3322
f 3238 3239 3323
f 3238 3323 3336
f 3237 3238 3336
f 3367 3366 3223
f 3224 3367 3223
f 3379 3237 3336
f 3236 3237 3379
f 3368 3367 3224
f 3225 3368 3224
f 3369 3368 3225
f 3226 3369 3225
f 3370 3369 3226
f 3227 3370 3226
f 3378 3236 3379
f 3235 3236 3378
f 3371 3370 3227
f 3228 3371 3227
f 3377 3235 3378
f 3234 3235 3377
f 3372 3371 3228
f 3229 3372 3228
f 3376 3234 3377
f 3233 3234 3376
f 3375 3233 3376
f 3373 3372 3229
f 3232 3375 3374
f 3232 3233 3375
f 3230 3373 3229
f 3230 3374 3373
f 3231 3374 3230
f 3231 3232 3374
f 3268 3333 3267
f 3268 3334 3333
f 3306 3307 3305
f 3308 3305 3307
f 3320 3352 3321
f 3352 3351 3321
f 3321 3295 3308
f 3335 3380 3336
f 3379 3336 3380
f 3350 3351 3352
f 3349 3350 3352
f 3348 3349 3352
f 3358 3356 3357
f 3358 3355 3356
f 3358 3354 3355
f 3358 3353 3354
f 3347 3348 3352
f 3359 3352 3353
f 3359 3353 3358
f 3360 3352 3359
f 3361 3347 3352
f 3361 3352 3360
f 3362 3346 3347
f 3362 3347 3361
f 3363 3345 3346
f 3363 3346 3362
f 3364 3344 3345
f 3364 3345 3363
f 3365 3344 3364
f 3366 3344 3365
f 3366 3343 3344
f 3367 3342 3343
f 3367 3343 3366
f 3379 3339 3340
f 3379 3337 3339
f 3379 3338 3337
f 3379 3380 3338
f 3368 3342 3367
f 3368 3341 3342
f 3369 3341 3368
f 3369 3340 3341
f 3370 3379 3340
f 3370 3340 3369
f 3371 3379 3370
f 3372 3378 3379
f 3372 3379 3371
f 3373 3377 3378
f 3373 3376 3377
f 3373 3378 3372
f 3374 3375 3376
f 3374 3376 3373
f 3329 3330 3334
f 3328 3329 3334
f 3331 3334 3330
f 3332 3334 3331
f 3333 3334 3332
f 3327 3334 3335
f 3327 3328 3334
f 3326 3327 3335
f 3325 3326 3335
f 3324 3325 3335
f 3322 3324 3335
f 3323 3322 3335
f 3336 3323 3335
f 3163 3165 3166
f 3163 3164 3165
f 3162 3168 3169
f 3162 3167 3168
f 3162 3166 3167
f 3162 3163 3166
f 3170 3162 3169
f 3161 3170 3174
f 3161 3162 3170
f 3173 3161 3174
f 3172 3161 3173
f 3171 3161 3172
f 3175 3160 3161
f 3175 3161 3171
f 3176 3159 3160
f 3176 3160 3175
f 3177 3158 3159
f 3177 3159 3176
f 3149 3147 3148
f 3146 3147 3149
f 3178 3157 3158
f 3178 3158 3177
f 3150 3146 3149
f 3145 3146 3150
f 3134 3156 3157
f 3134 3157 3178
f 3144 3145 3150
f 3143 3144 3150
f 3133 3156 3134
f 3133 3155 3156
f 3135 3155 3133
f 3135 3154 3155
f 3136 3153 3154
f 3136 3154 3135
f 3137 3152 3153
f 3137 3151 3152
f 3137 3153 3136
f 3138 3151 3137
f 3139 3143 3150
f 3139 3150 3151
f 3142 3151 3138
f 3140 3139 3151
f 3141 3151 3142
f 3141 3140 3151
f 3308 3312 3313
f 3308 3311 3312
f 3308 3310 3311
f 3308 3309 3310
f 3308 3307 3309
f 3314 3308 3313
f 3321 3319 3320
f 3321 3318 3319
f 3321 3317 3318
f 3321 3316 3317
f 3321 3315 3316
f 3321 3314 3315
f 3321 3308 3314
f 2919 2920 2901
f 2902 2919 2901
f 2903 2919 2902
f 2918 2919 2903
f 2904 2918 2903
f 2905 2918 2904
f 2917 2918 2905
f 2906 2917 2905
f 2916 2906 2907
f 2916 2917 2906
f 2908 2916 2907
f 2915 2916 2908
f 2914 2908 2909
f 2914 2915 2908
f 2910 2914 2909
f 2913 2914 2910
f 2912 2910 2911
f 2912 2913 2910
f 2884 2898 2899
f 2884 2899 2900
f 2897 2885 2886
f 2897 2884 2885
f 2897 2898 2884
f 2887 2897 2886
f 2896 2897 2887
f 2895 2887 2888
f 2895 2896 2887
f 2889 2895 2888
f 2894 2895 2889
f 2893 2889 2890
f 2893 2894 2889
f 2892 2890 2891
f 2892 2893 2890
f 3387 3382 3381
f 3387 3381 3383
f 3386 3383 3384
f 3386 3387 3383
f 3385 3384 3029
f 3385 3386 3384
f 3056 3385 3029
f 3394 3389 3388
f 3394 3388 3390
f 3394 3390 3391
f 3393 3391 3392
f 3393 3394 3391
f 2921 3392 2920
f 2921 3393 3392
f 3397 3398 3399
f 3397 3399 3400
f 3396 3400 3401
f 3396 3397 3400
f 3395 3401 3402
f 3395 3396 3401
f 2901 3402 2900
f 2901 3395 3402
f 3390 3388 3398
f 3390 3397 3396
f 3390 3398 3397
f 3391 3396 3395
f 3391 3390 3396
f 3392 3391 3395
f 2920 3395 2901
f 2920 3392 3395
f 3407 3408 3409
f 3406 3409 3410
f 3406 3407 3409
f 3405 3406 3410
f 3404 3410 3411
f 3404 3405 3410
f 3403 3411 2785
f 3403 3404 3411
f 2884 3403 2785
f 3410 3409 3412
f 3410 3412 3413
f 3411 3413 3414
f 3411 3410 3413
f 2785 3414 2819
f 2785 3411 3414
f 3422 3418 3419
f 3417 3418 3422
f 3421 3417 3422
f 3416 3417 3421
f 3420 3416 3421
f 3415 3416 3420
f 2811 3415 3420
f 2812 3415 2811
f 3399 3408 3407
f 3400 3406 3405
f 3400 3407 3406
f 3400 3399 3407
f 3401 3405 3404
f 3401 3400 3405
f 3402 3404 3403
f 3402 3401 3404
f 2900 3403 2884
f 2900 3402 3403
f 3422 3419 3423
f 3422 3423 3426
f 3421 3426 3425
f 3421 3422 3426
f 3420 3425 3424
f 3420 3421 3425
f 2811 3424 2883
f 2811 3420 3424
f 3412 3418 3417
f 3413 3417 3416
f 3413 3412 3417
f 3414 3416 3415
f 3414 3413 3416
f 2819 3415 2812
f 2819 3414 3415
f 2744 2743 3452
f 2744 3452 3453
f 2744 3453 3454
f 3455 2744 3454
f 3451 3455 3456
f 3451 2744 3455
f 3443 3441 3442
f 3444 3441 3443
f 2734 2733 3441
f 2734 3441 3444
f 3445 2734 3444
f 3446 2734 3445
f 3521 3451 3456
f 3521 3456 3520
f 3519 3520 3456
f 3522 3451 3521
f 3518 3519 3456
f 3523 3450 3451
f 3523 3451 3522
f 3517 3456 3457
f 3517 3518 3456
f 3524 3450 3523
f 3516 3517 3457
f 3531 3532 3533
f 3525 3450 3524
f 3525 3449 3450
f 3530 3531 3533
f 3530 3533 3534
f 3529 3534 3535
f 3529 3530 3534
f 3536 3529 3535
f 3515 3457 3458
f 3515 3516 3457
f 3528 3529 3536
f 3528 3536 3537
f 3538 3528 3537
f 3545 3528 3538
f 3545 3538 3544
f 3550 3551 3552
f 3549 3550 3552
f 3549 3552 3553
f 3549 3553 3554
f 3548 3554 3555
f 3548 3555 3470
f 3548 3549 3554
f 3514 3459 3460
f 3440 3449 3525
f 3440 3447 3448
f 3440 3448 3449
f 3526 3440 3525
f 3527 3440 3526
f 3513 3460 3461
f 3513 3461 3462
f 3513 3514 3460
f 3546 3527 3528
f 3546 3528 3545
f 3546 3440 3527
f 3475 3473 3474
f 3476 3473 3475
f 3476 3472 3473
f 3477 3472 3476
f 3478 3471 3472
f 3478 3472 3477
f 3479 3471 3478
f 3439 3547 3548
f 3512 3463 3464
f 3489 3482 3483
f 3489 3483 3484
f 3489 3484 3485
f 3511 3512 3464
f 3510 3511 3464
f 3509 3510 3464
f 3509 3464 3465
f 3508 3509 3465
f 3494 3492 3493
f 3507 3508 3465
f 3495 3492 3494
f 3495 3491 3492
f 3506 3507 3465
f 3496 3491 3495
f 3496 3490 3491
f 3497 3490 3496
f 3498 3489 3490
f 3498 3490 3497
f 3499 3482 3489
f 3499 3489 3498
f 3480 3439 3479
f 3481 3482 3499
f 3389 3466 3467
f 3389 3467 3468
f 3389 3468 3469
f 3389 3469 3388
f 3500 3481 3499
f 3438 3481 3500
f 3438 3500 3501
f 3438 3501 3502
f 3427 3506 3465
f 3427 3465 3466
f 3427 3502 3503
f 3427 3503 3504
f 3427 3504 3505
f 3427 3505 3506
f 3428 3502 3427
f 3435 3436 3437
f 3429 3502 3428
f 3429 3438 3502
f 3434 3435 3437
f 3430 3438 3429
f 3431 3438 3430
f 3382 3432 3433
f 3382 3433 3434
f 3382 3437 3381
f 3382 3434 3437
f 3389 3427 3466
f 3382 3438 3432
f 3432 3438 3431
f 3438 3439 3481
f 3481 3439 3480
f 3439 3440 3546
f 3439 3546 3547
f 3440 2734 3446
f 3440 3446 3447
f 3470 3471 3479
f 3470 3479 3548
f 3548 3479 3439
f 3488 3489 3487
f 3487 3489 3486
f 3486 3489 3485
f 3512 3513 3462
f 3512 3462 3463
f 3514 3515 3459
f 3459 3515 3458
f 3538 3539 3540
f 3538 3540 3541
f 3538 3541 3542
f 3538 3542 3543
f 3538 3543 3544
f 3427 3389 3381
f 3437 3427 3381
f 3436 3427 3437
f 3428 3427 3436
f 3435 3428 3436
f 3429 3428 3435
f 3434 3429 3435
f 3433 3430 3429
f 3433 3429 3434
f 3431 3430 3433
f 3432 3431 3433
f 3451 3441 2733
f 3451 2733 2744
f 3450 3442 3441
f 3450 3441 3451
f 3443 3442 3450
f 3449 3444 3443
f 3449 3443 3450
f 3448 3445 3444
f 3448 3444 3449
f 3447 3446 3445
f 3447 3445 3448
f 2748 2747 3574
f 2748 3574 3575
f 2748 3575 3576
f 3573 2748 3576
f 3577 3573 3576
f 3572 3573 3577
f 3578 3572 3577
f 3571 3572 3578
f 3570 3578 3579
f 3570 3571 3578
f 3569 3579 3580
f 3569 3570 3579
f 3568 3580 3581
f 3568 3569 3580
f 3567 3581 3582
f 3567 3568 3581
f 3566 3582 3583
f 3566 3567 3582
f 3565 3583 3584
f 3565 3566 3583
f 3564 3565 3584
f 3563 3584 3585
f 3563 3564 3584
f 3562 3563 3585
f 3562 3585 3586
f 3561 3562 3586
f 3561 3586 3587
f 3560 3587 3588
f 3560 3561 3587
f 3559 3560 3588
f 3559 3588 3589
f 3558 3559 3589
f 3557 3558 3589
f 3557 3589 3590
f 3556 3590 3591
f 3556 3557 3590
f 3398 3556 3591
f 3398 3591 3592
f 3398 3592 3593
f 3398 3593 3399
f 3573 2743 2748
f 3452 2743 3573
f 3572 3452 3573
f 3453 3452 3572
f 3571 3453 3572
f 3454 3453 3571
f 3570 3454 3571
f 3455 3454 3570
f 3569 3455 3570
f 3456 3455 3569
f 3568 3456 3569
f 3457 3456 3568
f 3567 3457 3568
f 3458 3457 3567
f 3566 3458 3567
f 3459 3458 3566
f 3565 3459 3566
f 3460 3459 3565
f 3564 3460 3565
f 3461 3460 3564
f 3388 3556 3398
f 3469 3556 3388
f 3462 3564 3563
f 3462 3461 3564
f 3557 3556 3469
f 3468 3557 3469
f 3463 3563 3562
f 3463 3462 3563
f 3558 3557 3468
f 3467 3558 3468
f 3467 3559 3558
f 3464 3463 3562
f 3464 3562 3561
f 3466 3559 3467
f 3466 3560 3559
f 3465 3561 3560
f 3465 3560 3466
f 3465 3464 3561
f 3621 2757 3614
f 3619 3616 3617
f 3619 3617 3618
f 3622 2758 2757
f 3622 2757 3621
f 3620 3614 3615
f 3620 3615 3616
f 3620 3616 3619
f 3620 3621 3614
f 3623 2758 3622
f 3624 2758 3623
f 3613 2758 3624
f 3625 3613 3624
f 3612 3625 3626
f 3612 3613 3625
f 3611 3612 3626
f 3611 3626 3627
f 3610 3611 3627
f 3610 3627 3628
f 3609 3610 3628
f 3609 3628 3629
f 3608 3609 3629
f 3608 3629 3630
f 3607 3608 3630
f 3607 3630 3631
f 3606 3607 3631
f 3606 3631 3632
f 3605 3606 3632
f 3605 3632 3633
f 3604 3605 3633
f 3603 3604 3633
f 3603 3633 3634
f 3650 3651 3652
f 3650 3652 3653
f 3602 3603 3634
f 3602 3634 3635
f 3648 3650 3653
f 3648 3649 3650
f 3647 3648 3653
f 3601 3635 3636
f 3601 3602 3635
f 3600 3636 3637
f 3600 3601 3636
f 3646 3647 3653
f 3646 3653 3409
f 3599 3637 3638
f 3599 3600 3637
f 3645 3646 3409
f 3598 3638 3639
f 3598 3599 3638
f 3597 3639 3640
f 3597 3598 3639
f 3596 3640 3641
f 3596 3597 3640
f 3595 3641 3642
f 3595 3596 3641
f 3594 3642 3643
f 3594 3595 3642
f 3408 3645 3409
f 3408 3643 3644
f 3408 3644 3645
f 3408 3594 3643
f 3613 2747 2758
f 3574 2747 3613
f 3612 3574 3613
f 3575 3574 3612
f 3611 3575 3612
f 3576 3575 3611
f 3610 3576 3611
f 3577 3576 3610
f 3609 3577 3610
f 3578 3577 3609
f 3608 3578 3609
f 3579 3578 3608
f 3607 3579 3608
f 3580 3579 3607
f 3606 3580 3607
f 3581 3580 3606
f 3605 3581 3606
f 3582 3605 3604
f 3582 3581 3605
f 3583 3604 3603
f 3583 3582 3604
f 3584 3583 3603
f 3585 3603 3602
f 3585 3584 3603
f 3586 3602 3601
f 3586 3585 3602
f 3399 3594 3408
f 3593 3594 3399
f 3593 3595 3594
f 3587 3586 3601
f 3587 3601 3600
f 3592 3596 3595
f 3592 3595 3593
f 3588 3587 3600
f 3588 3600 3599
f 3591 3597 3596
f 3591 3596 3592
f 3589 3599 3598
f 3589 3588 3599
f 3590 3589 3598
f 3590 3598 3597
f 3590 3597 3591
f 3686 3687 2780
f 3688 2780 3687
f 3727 3686 2780
f 3689 2780 3688
f 3689 2766 2780
f 3690 2766 3689
f 3691 2766 3690
f 3728 3686 3727
f 3728 3684 3685
f 3728 3685 3686
f 3726 3727 2780
f 3729 3684 3728
f 3729 3682 3683
f 3729 3683 3684
f 3730 3680 3681
f 3730 3681 3682
f 3730 3682 3729
f 3731 3680 3730
f 3694 3726 2780
f 3694 3724 3725
f 3694 3725 3726
f 3679 3680 3731
f 3732 3679 3731
f 3733 3679 3732
f 3723 3694 3693
f 3723 3724 3694
f 3678 3679 3733
f 3678 3733 3734
f 3677 3678 3734
f 3677 3734 3735
f 3677 3735 3736
f 3722 3723 3693
f 3676 3677 3736
f 3676 3736 3737
f 3721 3722 3693
f 3675 3676 3737
f 3675 3737 3738
f 3720 3721 3693
f 3674 3675 3738
f 3674 3738 3739
f 3719 3720 3693
f 3673 3674 3739
f 3673 3739 3740
f 3718 3719 3693
f 3711 3692 3710
f 3717 3718 3693
f 3672 3673 3740
f 3672 3740 3695
f 3712 3692 3711
f 3659 3708 3709
f 3716 3717 3693
f 3660 3708 3659
f 3660 3707 3708
f 3671 3695 3696
f 3671 3672 3695
f 3715 3716 3693
f 3423 3657 3658
f 3423 3659 3709
f 3423 3658 3659
f 3423 3710 3692
f 3423 3709 3710
f 3661 3707 3660
f 3670 3671 3696
f 3670 3696 3697
f 3714 3715 3693
f 3656 3657 3423
f 3662 3707 3661
f 3663 3707 3662
f 3663 3705 3706
f 3663 3706 3707
f 3713 3714 3693
f 3713 3693 3692
f 3713 3692 3712
f 3669 3670 3697
f 3669 3697 3698
f 3419 3654 3655
f 3419 3655 3656
f 3419 3656 3423
f 3668 3698 3699
f 3668 3669 3698
f 3667 3699 3700
f 3667 3668 3699
f 3666 3667 3700
f 3666 3700 3701
f 3666 3701 3702
f 3666 3702 3703
f 3665 3703 3704
f 3665 3666 3703
f 3664 3705 3663
f 3664 3704 3705
f 3664 3665 3704
f 3685 3688 3687
f 3685 3687 3686
f 3684 3688 3685
f 3689 3688 3684
f 3683 3689 3684
f 3691 2767 2766
f 3682 3690 3689
f 3682 3689 3683
f 3681 3691 3690
f 3681 3690 3682
f 3749 2767 3691
f 3749 3691 3681
f 3680 3749 3681
f 3614 2757 3741
f 3742 3615 3614
f 3742 3614 3741
f 3743 3616 3615
f 3743 3615 3742
f 3763 3621 3762
f 3763 3622 3621
f 3744 3617 3616
f 3744 3616 3743
f 3620 3762 3621
f 3745 3617 3744
f 3764 3622 3763
f 3764 3623 3622
f 3746 3617 3745
f 3746 3618 3617
f 3747 3618 3746
f 3747 3619 3618
f 3761 3619 3747
f 3761 3762 3620
f 3761 3620 3619
f 3624 3623 3764
f 3765 3624 3764
f 3625 3624 3765
f 3766 3625 3765
f 3626 3625 3766
f 3767 3626 3766
f 3679 3748 3680
f 3760 3748 3679
f 3759 3760 3679
f 3678 3759 3679
f 3802 3759 3678
f 3677 3802 3678
f 3627 3767 3768
f 3627 3626 3767
f 3801 3677 3676
f 3801 3802 3677
f 3800 3676 3675
f 3800 3801 3676
f 3628 3768 3769
f 3628 3627 3768
f 3799 3675 3674
f 3799 3800 3675
f 3629 3769 3770
f 3629 3628 3769
f 3798 3674 3673
f 3798 3799 3674
f 3630 3770 3771
f 3630 3629 3770
f 3797 3673 3672
f 3797 3798 3673
f 3671 3797 3672
f 3796 3797 3671
f 3631 3771 3772
f 3631 3630 3771
f 3670 3796 3671
f 3795 3796 3670
f 3632 3772 3773
f 3632 3631 3772
f 3669 3795 3670
f 3794 3795 3669
f 3668 3794 3669
f 3793 3794 3668
f 3633 3632 3773
f 3633 3773 3774
f 3667 3793 3668
f 3792 3793 3667
f 3660 3659 3658
f 3657 3660 3658
f 3666 3792 3667
f 3775 3633 3774
f 3791 3792 3666
f 3791 3666 3665
f 3790 3791 3665
f 3634 3633 3775
f 3789 3665 3664
f 3789 3790 3665
f 3661 3660 3657
f 3751 3789 3664
f 3656 3661 3657
f 3663 3751 3664
f 3655 3661 3656
f 3655 3662 3661
f 3654 3662 3655
f 3750 3663 3662
f 3750 3662 3654
f 3776 3634 3775
f 3635 3634 3776
f 3418 3750 3654
f 3777 3635 3776
f 3636 3635 3777
f 3778 3636 3777
f 3637 3636 3778
f 3652 3756 3757
f 3652 3757 3758
f 3652 3758 3653
f 3651 3754 3755
f 3651 3755 3756
f 3651 3756 3652
f 3650 3753 3754
f 3650 3754 3651
f 3649 3753 3650
f 3649 3752 3753
f 3409 3653 3758
f 3648 3752 3649
f 3788 3752 3648
f 3647 3788 3648
f 3779 3637 3778
f 3638 3637 3779
f 3780 3638 3779
f 3639 3638 3780
f 3781 3639 3780
f 3640 3639 3781
f 3787 3788 3647
f 3646 3787 3647
f 3786 3787 3646
f 3645 3786 3646
f 3782 3640 3781
f 3785 3786 3645
f 3641 3640 3782
f 3783 3641 3782
f 3644 3785 3645
f 3642 3783 3784
f 3642 3641 3783
f 3643 3784 3785
f 3643 3642 3784
f 3643 3785 3644
f 2779 3741 2757
f 3747 3748 3761
f 3761 3748 3760
f 3748 3749 3680
f 3654 3419 3418
f 3750 3751 3663
f 3751 3752 3789
f 3758 3412 3409
f 3788 3789 3752
f 3761 3760 3759
f 3761 3759 3802
f 3801 3761 3802
f 3800 3761 3801
f 3767 3766 3765
f 3767 3765 3764
f 3767 3764 3763
f 3767 3763 3762
f 3768 3762 3761
f 3768 3767 3762
f 3769 3768 3761
f 3770 3800 3799
f 3770 3761 3800
f 3770 3769 3761
f 3771 3799 3798
f 3771 3770 3799
f 3772 3771 3798
f 3773 3798 3797
f 3773 3772 3798
f 3774 3797 3796
f 3774 3773 3797
f 3788 3793 3792
f 3788 3792 3791
f 3788 3791 3790
f 3788 3790 3789
f 3775 3774 3796
f 3776 3796 3795
f 3776 3775 3796
f 3777 3776 3795
f 3778 3795 3794
f 3778 3777 3795
f 3779 3794 3793
f 3779 3778 3794
f 3779 3793 3788
f 3780 3779 3788
f 3781 3788 3787
f 3781 3780 3788
f 3782 3781 3787
f 3782 3787 3786
f 3782 3786 3785
f 3782 3785 3784
f 3782 3784 3783
f 2779 2767 3749
f 3748 3741 2779
f 3748 3747 3746
f 3748 3746 3745
f 3748 3745 3744
f 3748 3744 3743
f 3748 3743 3742
f 3748 3742 3741
f 3748 2779 3749
f 3535 3520 3519
f 3536 3535 3519
f 3536 3518 3517
f 3536 3519 3518
f 3534 3520 3535
f 3534 3521 3520
f 3537 3536 3517
f 3537 3517 3516
f 3533 3521 3534
f 3533 3522 3521
f 3538 3516 3515
f 3538 3537 3516
f 3532 3522 3533
f 3531 3522 3532
f 3531 3523 3522
f 3530 3523 3531
f 3529 3523 3530
f 3529 3524 3523
f 3528 3524 3529
f 3528 3525 3524
f 3514 3539 3515
f 3470 3539 3514
f 3555 3540 3539
f 3555 3541 3540
f 3555 3539 3470
f 3554 3541 3555
f 3554 3542 3541
f 3553 3543 3542
f 3553 3542 3554
f 3552 3543 3553
f 3551 3544 3543
f 3551 3543 3552
f 3550 3544 3551
f 3549 3544 3550
f 3545 3544 3549
f 3548 3545 3549
f 3513 3470 3514
f 3488 3472 3471
f 3488 3471 3513
f 3473 3472 3488
f 3487 3474 3473
f 3487 3475 3474
f 3487 3473 3488
f 3476 3475 3487
f 3486 3477 3476
f 3486 3476 3487
f 3485 3478 3477
f 3485 3477 3486
f 3484 3478 3485
f 3483 3478 3484
f 3479 3478 3483
f 3482 3479 3483
f 3512 3488 3513
f 3489 3512 3511
f 3526 3525 3528
f 3510 3489 3511
f 3527 3526 3528
f 3490 3489 3510
f 3509 3490 3510
f 3491 3490 3509
f 3508 3491 3509
f 3492 3491 3508
f 3507 3492 3508
f 3493 3492 3507
f 3506 3493 3507
f 3506 3494 3493
f 3505 3494 3506
f 3505 3495 3494
f 3504 3495 3505
f 3504 3496 3495
f 3503 3496 3504
f 3503 3497 3496
f 3498 3497 3503
f 3502 3498 3503
f 3502 3499 3498
f 3546 3545 3548
f 3547 3546 3548
f 3481 3479 3482
f 3481 3480 3479
f 3501 3499 3502
f 3501 3500 3499
f 3471 3470 3513
f 3539 3538 3515
f 3489 3488 3512
f 3725 3728 3727
f 3725 3727 3726
f 3724 3731 3730
f 3724 3730 3729
f 3724 3729 3728
f 3724 3728 3725
f 3732 3731 3724
f 3723 3733 3732
f 3723 3732 3724
f 3734 3733 3723
f 3735 3734 3723
f 3736 3735 3723
f 3737 3723 3722
f 3737 3736 3723
f 3738 3722 3721
f 3738 3737 3722
f 3739 3721 3720
f 3739 3738 3721
f 3719 3739 3720
f 3711 3710 3709
f 3740 3739 3719
f 3708 3711 3709
f 3718 3740 3719
f 3712 3711 3708
f 3695 3740 3718
f 3707 3712 3708
f 3717 3695 3718
f 3706 3712 3707
f 3705 3712 3706
f 3696 3695 3717
f 3716 3696 3717
f 3697 3696 3716
f 3697 3716 3715
f 3698 3697 3715
f 3698 3715 3714
f 3699 3698 3714
f 3699 3714 3713
f 3700 3699 3713
f 3704 3712 3705
f 3704 3713 3712
f 3701 3700 3713
f 3703 3713 3704
f 3702 3701 3713
f 3702 3713 3703
f 3941 1266 1231
f 3940 1266 3941
f 1221 3924 1222
f 1221 3925 3924
f 3927 3926 3925
f 3923 3927 3925
f 3923 3925 1221
f 3939 1266 3940
f 3922 3927 3923
f 3902 3904 3903
f 3902 3905 3904
f 3902 3906 3905
f 3902 3907 3906
f 3902 3908 3907
f 3901 1236 3908
f 3901 3908 3902
f 1261 3884 1251
f 3900 1236 3901
f 3889 3888 3887
f 3890 3889 3887
f 3890 3886 3885
f 3890 3887 3886
f 3909 3898 3897
f 3909 3899 3898
f 3911 3897 3896
f 3911 3909 3897
f 3911 3910 3909
f 3891 3890 3885
f 3891 3885 3884
f 3892 3891 3884
f 3892 3884 1261
f 3912 3896 3895
f 3912 3911 3896
f 3913 3895 3894
f 3913 3912 3895
f 3928 3921 3920
f 3938 3810 3809
f 3930 3920 3919
f 3930 3928 3920
f 3930 3929 3928
f 3914 3913 3894
f 3915 3894 3893
f 3915 3914 3894
f 3931 3919 3918
f 3931 3930 3919
f 3932 3918 3917
f 3932 3931 3918
f 3989 3810 3938
f 3990 3810 3989
f 3988 3989 3938
f 3991 3810 3990
f 3987 3988 3938
f 3992 3810 3991
f 3992 3811 3810
f 3986 3987 3938
f 3933 3917 3916
f 3933 3932 3917
f 3993 3811 3992
f 4001 4002 4003
f 4000 4001 4003
f 4000 4003 4004
f 3999 4000 4004
f 3985 3986 3938
f 3985 3937 3936
f 3985 3938 3937
f 3984 3812 3811
f 3984 3811 3993
f 3998 4004 4005
f 3998 3999 4004
f 4006 3998 4005
f 3997 4006 3996
f 3997 3998 4006
f 4010 4011 3997
f 4009 4010 3997
f 4021 4019 4020
f 4018 4019 4021
f 4022 4018 4021
f 4023 4018 4022
f 4017 4018 4023
f 4008 3997 3996
f 4008 4009 3997
f 4024 4017 4023
f 4016 4017 4024
f 3994 3985 3936
f 3994 3935 3934
f 3994 3936 3935
f 4014 3996 3995
f 4014 4008 3996
f 3950 4017 4016
f 3944 3945 3946
f 3943 3944 3946
f 3943 3946 3947
f 3943 3947 3948
f 3942 4016 4015
f 3942 3943 3948
f 3942 3948 3949
f 3942 3949 3950
f 3942 3950 4016
f 3828 2739 3829
f 3841 3843 3842
f 3827 2739 3828
f 2738 2739 3827
f 3975 3818 3817
f 3961 3959 3960
f 3961 3960 3953
f 3976 3818 3975
f 3977 3819 3818
f 3977 3818 3976
f 3978 3819 3977
f 3979 3819 3978
f 3980 3819 3979
f 3965 3966 3967
f 3965 3967 3968
f 3964 3968 3969
f 3964 3965 3968
f 3963 3969 3970
f 3963 3970 3971
f 3963 3964 3969
f 3962 3963 3971
f 3962 3961 3953
f 3962 3971 3961
f 3951 3942 4015
f 3952 3962 3953
f 2753 3841 3845
f 2753 3844 3843
f 2753 2752 3844
f 2753 3843 3841
f 3972 3962 3952
f 3830 3820 3819
f 3830 3821 3820
f 3830 3822 3821
f 3830 3819 3980
f 3830 3980 3981
f 3830 3981 3982
f 3830 3982 3983
f 3831 3830 3983
f 3831 3983 3974
f 3838 3840 3839
f 3832 3831 3974
f 3832 3974 3973
f 3833 3832 3973
f 3834 3833 3973
f 3848 3838 3837
f 3848 3847 3838
f 3849 3837 3836
f 3849 3848 3837
f 3850 3836 3835
f 3850 3849 3836
f 3851 3850 3835
f 3869 3858 3870
f 3871 3870 3856
f 3871 3856 3855
f 3868 3858 3869
f 3872 3855 3854
f 3872 3871 3855
f 3877 3879 3878
f 3877 3880 3879
f 3882 3881 3880
f 3882 3880 3877
f 3873 3853 3852
f 3873 3854 3853
f 3873 3872 3854
f 3876 3882 3877
f 3874 3873 3852
f 3866 2763 3867
f 3883 3876 3875
f 3883 3882 3876
f 3862 3864 3863
f 3862 3865 3864
f 3859 3866 3865
f 3859 2763 3866
f 3860 3859 3865
f 3861 3865 3862
f 3861 3860 3865
f 2781 3883 3875
f 2781 2772 3883
f 1266 3939 3803
f 3826 3829 2739
f 3829 3826 3830
f 3826 3825 3830
f 3825 3824 3830
f 3824 3823 3830
f 3823 3822 3830
f 3840 3846 3841
f 3845 3841 3846
f 3857 3856 3858
f 3856 3870 3858
f 3858 3868 2762
f 3868 3867 2762
f 3867 2763 2762
f 2781 3892 1261
f 2781 3893 3892
f 2781 3915 3893
f 2781 3916 3915
f 2781 3933 3916
f 2781 3934 3933
f 2781 3994 3934
f 2781 3995 3994
f 2781 4014 3995
f 2781 4015 4014
f 2781 3951 4015
f 2781 3952 3951
f 2781 3972 3952
f 2781 3973 3972
f 2781 3834 3973
f 2781 3835 3834
f 2781 3851 3835
f 2781 3852 3851
f 2781 3874 3852
f 2781 3875 3874
f 1237 3899 3909
f 1237 3900 3899
f 1237 1236 3900
f 3927 3922 3928
f 3922 3921 3928
f 3938 3803 3939
f 3938 3804 3803
f 3938 3805 3804
f 3938 3806 3805
f 3938 3807 3806
f 3938 3808 3807
f 3938 3809 3808
f 3954 3955 3961
f 3955 3956 3961
f 3956 3957 3961
f 3957 3958 3961
f 3958 3959 3961
f 3975 3814 3984
f 3814 3813 3984
f 3813 3812 3984
f 3975 3815 3814
f 3975 3816 3815
f 3975 3817 3816
f 3997 4013 4007
f 3997 4012 4013
f 3997 4011 4012
f 3846 3840 3847
f 3840 3838 3847
f 3941 1231 1222
f 3924 3941 1222
f 3925 3941 3924
f 3940 3941 3925
f 3926 3940 3925
f 3927 3940 3926
f 3939 3940 3927
f 3928 3939 3927
f 3938 3928 3929
f 3938 3939 3928
f 3930 3938 3929
f 3937 3938 3930
f 3936 3930 3931
f 3936 3937 3930
f 3932 3936 3931
f 3935 3936 3932
f 3934 3932 3933
f 3934 3935 3932
f 3908 1250 4030
f 3908 1236 1250
f 4029 3908 4030
f 3907 3908 4029
f 4028 3906 3907
f 4028 3907 4029
f 4027 3905 3906
f 4027 3906 4028
f 4026 3904 3905
f 4026 3905 4027
f 4025 3904 4026
f 3903 3904 4025
f 3902 3903 4025
f 3884 3901 3902
f 3884 4025 1251
f 3884 3902 4025
f 3885 3900 3901
f 3885 3901 3884
f 3886 3899 3900
f 3886 3900 3885
f 3887 3898 3899
f 3887 3899 3886
f 3888 3898 3887
f 3897 3898 3888
f 3889 3897 3888
f 3896 3897 3889
f 3890 3896 3889
f 3895 3896 3890
f 3894 3895 3890
f 3894 3890 3891
f 3893 3894 3891
f 3893 3891 3892
f 1252 1251 4025
f 1237 3923 1221
f 3922 3923 1237
f 3909 3922 1237
f 3921 3909 3910
f 3921 3922 3909
f 3911 3921 3910
f 3920 3921 3911
f 3919 3911 3912
f 3919 3920 3911
f 3913 3919 3912
f 3918 3919 3913
f 3917 3913 3914
f 3917 3918 3913
f 3916 3914 3915
f 3916 3917 3914
f 4030 1250 1252
f 4029 4030 1252
f 4028 4029 1252
f 4027 4028 1252
f 4026 4027 1252
f 4025 4026 1252
f 4098 4097 1275
f 4096 1275 4097
f 4099 4098 1275
f 4100 4099 1275
f 4187 1275 4096
f 4186 1275 4187
f 4188 4095 4094
f 4188 4096 4095
f 4188 4187 4096
f 4090 4092 4091
f 4189 4094 4093
f 4189 4188 4094
f 4190 4189 4093
f 4190 4093 4092
f 4191 4190 4092
f 4191 4092 4090
f 4181 4183 4182
f 4181 4184 4183
f 4192 4191 4090
f 4179 4184 4181
f 4193 4192 4090
f 4180 4184 4179
f 4180 4185 4184
f 1274 4101 4100
f 1274 4102 4101
f 1274 4100 1275
f 4306 4185 4180
f 4306 4186 4185
f 4198 4197 4196
f 4199 4198 4196
f 4301 4186 4306
f 4200 4199 4196
f 4302 4301 4306
f 4201 4200 4196
f 4202 4201 4196
f 4202 4195 4194
f 4202 4196 4195
f 4303 4302 4306
f 4166 4300 4299
f 4166 4165 4300
f 4167 4166 4299
f 4167 4297 4296
f 4167 4298 4297
f 4167 4299 4298
f 4168 4167 4296
f 4169 4168 4296
f 4162 4164 4163
f 4206 4204 4203
f 4206 4205 4204
f 4208 4207 4206
f 4209 4208 4206
f 4209 4206 4203
f 4295 4169 4296
f 4170 4169 4295
f 4174 4170 4295
f 4161 4164 4162
f 4294 4174 4295
f 4294 4173 4174
f 4210 4209 4203
f 4293 4173 4294
f 4293 4171 4172
f 4293 4172 4173
f 4089 4211 4210
f 4212 4211 4089
f 4056 4103 1274
f 4056 4104 4103
f 4087 4089 4088
f 4160 4164 4161
f 4213 4089 4087
f 4213 4212 4089
f 4054 4056 4055
f 4054 4104 4056
f 4292 4171 4293
f 4292 4175 4171
f 4214 4213 4087
f 4086 4214 4087
f 4086 4215 4214
f 4291 4176 4175
f 4291 4175 4292
f 4158 4164 4160
f 4158 4160 4159
f 4053 4104 4054
f 4053 4105 4104
f 4290 4177 4176
f 4290 4176 4291
f 4085 4215 4086
f 4085 4216 4215
f 4150 4149 4148
f 4273 4147 4146
f 4156 4158 4157
f 4156 4164 4158
f 4156 4148 4164
f 4289 4178 4177
f 4289 4177 4290
f 4052 4106 4105
f 4052 4105 4053
f 4274 4273 4146
f 4084 4217 4216
f 4084 4216 4085
f 4288 4134 4178
f 4288 4178 4289
f 4275 4274 4146
f 4275 4146 4145
f 4154 4148 4156
f 4154 4156 4155
f 4276 4275 4145
f 4277 4145 4144
f 4277 4276 4145
f 4278 4277 4144
f 4279 4144 4143
f 4279 4278 4144
f 4287 4133 4134
f 4287 4134 4288
f 4051 4106 4052
f 4051 4107 4106
f 4083 4217 4084
f 4083 4218 4217
f 4152 4154 4153
f 4152 4148 4154
f 4286 4135 4133
f 4286 4133 4287
f 4151 4148 4152
f 4151 4150 4148
f 4285 4136 4135
f 4285 4135 4286
f 4082 4218 4083
f 4050 4107 4051
f 4050 4108 4107
f 4284 4137 4136
f 4284 4136 4285
f 4283 4138 4137
f 4283 4137 4284
f 4081 4218 4082
f 4081 4219 4218
f 4282 4142 4138
f 4282 4138 4283
f 4281 4141 4142
f 4281 4142 4282
f 4280 4139 4140
f 4280 4140 4141
f 4280 4143 4139
f 4280 4279 4143
f 4280 4141 4281
f 4049 4109 4108
f 4049 4108 4050
f 4248 4247 4246
f 4267 4272 4271
f 4249 4244 4243
f 4249 4245 4244
f 4249 4246 4245
f 4249 4248 4246
f 4250 4249 4243
f 4080 4219 4081
f 4080 4220 4219
f 4259 4272 4267
f 4048 4109 4049
f 4048 4110 4109
f 4260 4259 4267
f 4079 4220 4080
f 4079 4221 4220
f 4266 4260 4267
f 4251 4250 4243
f 4261 4260 4266
f 4047 4110 4048
f 4047 4111 4110
f 4078 4221 4079
f 4078 4222 4221
f 4264 4266 4265
f 4264 4261 4266
f 4263 4262 4261
f 4263 4261 4264
f 4058 4258 4257
f 4057 4058 4257
f 4237 4239 4238
f 4237 4240 4239
f 4236 4240 4237
f 4236 4241 4240
f 4236 4242 4241
f 4077 4222 4078
f 4077 4223 4222
f 4046 4111 4047
f 4046 4112 4111
f 2730 4132 4131
f 2730 4058 4132
f 2730 4259 4258
f 2730 4258 4058
f 4059 4257 4256
f 4059 4057 4257
f 4130 2730 4131
f 4076 4223 4077
f 4045 4112 4046
f 4045 4113 4112
f 4060 4256 4255
f 4060 4059 4256
f 4075 4223 4076
f 4075 4224 4223
f 4129 2730 4130
f 4061 4060 4255
f 4061 4255 4254
f 4063 4061 4254
f 4063 4253 4252
f 4063 4254 4253
f 4063 4062 4061
f 4044 4113 4045
f 4044 4114 4113
f 4235 4242 4236
f 4074 4224 4075
f 4074 4225 4224
f 4073 4225 4074
f 4073 4226 4225
f 4043 4114 4044
f 4043 4115 4114
f 4043 4116 4115
f 4072 4226 4073
f 4072 4227 4226
f 4042 4116 4043
f 4042 4117 4116
f 4071 4227 4072
f 4070 4227 4071
f 4070 4228 4227
f 4041 4117 4042
f 4041 4118 4117
f 4069 4229 4228
f 4069 4228 4070
f 4068 4230 4229
f 4068 4229 4069
f 4040 4118 4041
f 4040 4119 4118
f 2729 4128 4127
f 2729 4129 4128
f 2729 2730 4129
f 4067 4231 4230
f 4067 4230 4068
f 4064 4233 4232
f 4064 4234 4233
f 4064 4235 4234
f 4066 4232 4231
f 4066 4064 4232
f 4066 4231 4067
f 4065 4064 4066
f 4039 4120 4119
f 4039 4119 4040
f 4038 4120 4039
f 4038 4121 4120
f 4037 4121 4038
f 4037 4122 4121
f 4036 4122 4037
f 4036 4123 4122
f 4035 4123 4036
f 4035 4124 4123
f 4034 4124 4035
f 4034 4125 4124
f 4031 2729 4126
f 4031 4126 4125
f 4033 4125 4034
f 4033 4031 4125
f 4032 4031 4033
f 1275 4186 2730
f 4186 4301 2730
f 4301 4300 2730
f 4300 4165 2730
f 4165 4164 2730
f 4164 4148 2730
f 4148 4147 2730
f 4147 4273 2730
f 4273 4272 2730
f 4272 4259 2730
f 4063 4252 4064
f 4252 4251 4064
f 4251 4243 4064
f 4243 4235 4064
f 4243 4242 4235
f 4089 4193 4090
f 4089 4194 4193
f 4089 4202 4194
f 4089 4210 4202
f 4210 4203 4202
f 4102 1274 4103
f 4126 2729 4127
f 4267 4269 4268
f 4267 4270 4269
f 4267 4271 4270
f 4305 4304 4306
f 4304 4303 4306
f 4056 1266 3803
f 4056 1274 1266
f 3804 4055 4056
f 3804 4056 3803
f 4054 4055 3804
f 3805 4053 4054
f 3805 4054 3804
f 3806 4052 4053
f 3806 4053 3805
f 3807 4051 4052
f 3807 4052 3806
f 3808 4050 4051
f 3808 4051 3807
f 3809 4049 4050
f 3809 4050 3808
f 3810 4048 4049
f 3810 4049 3809
f 3811 4047 4048
f 3811 4048 3810
f 3812 4046 4047
f 3812 4047 3811
f 3813 4045 4046
f 3813 4046 3812
f 3814 4044 4045
f 3814 4045 3813
f 3815 4044 3814
f 3815 4043 4044
f 4042 4043 3815
f 3816 4042 3815
f 4041 4042 3816
f 3817 4041 3816
f 4040 4041 3817
f 3818 4040 3817
f 4039 4040 3818
f 3819 4039 3818
f 4038 4039 3819
f 3820 4038 3819
f 4037 4038 3820
f 3821 4037 3820
f 4036 4037 3821
f 3822 4036 3821
f 4035 4036 3822
f 3823 4035 3822
f 4034 4035 3823
f 3824 4034 3823
f 4031 2739 2729
f 4033 4034 3824
f 3825 4032 4033
f 3825 4033 3824
f 3826 4031 4032
f 3826 2739 4031
f 3826 4032 3825
f 4095 4097 4098
f 4095 4096 4097
f 4094 4098 4099
f 4094 4095 4098
f 4100 4094 4099
f 4093 4094 4100
f 4092 4100 4101
f 4092 4093 4100
f 4102 4092 4101
f 4091 4092 4102
f 4090 4091 4102
f 4103 4090 4102
f 4089 4090 4103
f 4104 4089 4103
f 4088 4089 4104
f 4087 4088 4104
f 4105 4087 4104
f 4105 4086 4087
f 4106 4086 4105
f 4106 4085 4086
f 4107 4085 4106
f 4107 4084 4085
f 4108 4084 4107
f 4108 4083 4084
f 4109 4083 4108
f 4109 4082 4083
f 4110 4082 4109
f 4110 4081 4082
f 4111 4081 4110
f 4111 4080 4081
f 4112 4080 4111
f 4112 4079 4080
f 4113 4079 4112
f 4113 4078 4079
f 4132 4058 4057
f 4131 4132 4057
f 4114 4077 4078
f 4114 4078 4113
f 4059 4131 4057
f 4130 4131 4059
f 4115 4077 4114
f 4115 4076 4077
f 4129 4130 4059
f 4129 4059 4060
f 4061 4129 4060
f 4116 4075 4076
f 4116 4076 4115
f 4128 4061 4062
f 4128 4129 4061
f 4127 4062 4063
f 4127 4128 4062
f 4117 4074 4075
f 4117 4075 4116
f 4073 4074 4117
f 4118 4073 4117
f 4072 4073 4118
f 4119 4072 4118
f 4071 4072 4119
f 4120 4071 4119
f 4070 4071 4120
f 4121 4070 4120
f 4121 4069 4070
f 4122 4069 4121
f 4122 4068 4069
f 4123 4068 4122
f 4123 4067 4068
f 4064 4127 4063
f 4124 4066 4067
f 4124 4067 4123
f 4125 4066 4124
f 4125 4065 4066
f 4126 4127 4064
f 4126 4065 4125
f 4126 4064 4065
f 3842 3828 3829
f 3843 3828 3842
f 3841 3842 3829
f 3827 3828 3843
f 3844 3827 3843
f 2752 2738 3827
f 2752 3827 3844
f 3830 3841 3829
f 3840 3841 3830
f 3839 3830 3831
f 3839 3840 3830
f 3838 3839 3831
f 3832 3838 3831
f 3837 3838 3832
f 3836 3832 3833
f 3836 3837 3832
f 3834 3836 3833
f 3835 3836 3834
f 2762 2753 3845
f 3846 2762 3845
f 3858 2762 3846
f 3857 3846 3847
f 3857 3858 3846
f 3856 3857 3847
f 3848 3856 3847
f 3855 3856 3848
f 3854 3848 3849
f 3854 3855 3848
f 3850 3854 3849
f 3853 3850 3851
f 3853 3854 3850
f 3852 3853 3851
f 3879 3870 3871
f 3880 3869 3870
f 3880 3870 3879
f 3878 3879 3871
f 3881 3868 3869
f 3881 3869 3880
f 3872 3878 3871
f 3877 3878 3872
f 3867 3868 3881
f 3882 3867 3881
f 3873 3877 3872
f 3876 3877 3873
f 3874 3876 3873
f 3875 3876 3874
f 3883 3866 3867
f 3883 3865 3866
f 3883 3867 3882
f 3859 2776 2763
f 4312 3864 3865
f 4312 3863 3864
f 4312 3865 3883
f 4311 3862 3863
f 4311 3863 4312
f 4310 3861 3862
f 4310 3862 4311
f 4307 2776 3859
f 4308 3859 3860
f 4308 4307 3859
f 4309 3860 3861
f 4309 4308 3860
f 4309 3861 4310
f 2772 4312 3883
f 4312 2772 2771
f 4003 3990 3989
f 4002 3990 4003
f 4002 3991 3990
f 4004 3988 3987
f 4004 3989 3988
f 4004 4003 3989
f 4001 3991 4002
f 4001 3992 3991
f 4000 3992 4001
f 4005 3987 3986
f 4005 4004 3987
f 3999 3992 4000
f 3999 3993 3992
f 3998 3993 3999
f 4006 4005 3986
f 4006 3986 3985
f 3996 4006 3985
f 3997 3993 3998
f 3997 3984 3993
f 4020 4007 4013
f 4019 4007 4020
f 4021 4020 4013
f 4018 4007 4019
f 4022 4013 4012
f 4022 4021 4013
f 4023 4012 4011
f 4023 4022 4012
f 4017 3984 4007
f 4017 4007 4018
f 4024 4010 4009
f 4024 4011 4010
f 4024 4023 4011
f 4016 4009 4008
f 4016 4024 4009
f 3995 3985 3994
f 3995 3996 3985
f 4014 4016 4008
f 4015 4016 4014
f 3954 3950 3949
f 3948 3954 3949
f 3955 3954 3948
f 3947 3955 3948
f 3956 3955 3947
f 3957 3947 3946
f 3957 3956 3947
f 3958 3946 3945
f 3958 3957 3946
f 3959 3945 3944
f 3959 3958 3945
f 3960 3944 3943
f 3960 3959 3944
f 3942 3960 3943
f 3953 3960 3942
f 3975 3950 3954
f 3971 3975 3961
f 3971 3976 3975
f 3970 3976 3971
f 3977 3976 3970
f 3969 3977 3970
f 3978 3977 3969
f 3968 3978 3969
f 3979 3978 3968
f 3967 3979 3968
f 3980 3979 3967
f 3966 3980 3967
f 3981 3980 3966
f 3965 3981 3966
f 3982 3981 3965
f 3982 3965 3964
f 3963 3982 3964
f 3983 3982 3963
f 3962 3983 3963
f 3974 3983 3962
f 3952 3953 3942
f 3952 3942 3951
f 3973 3962 3972
f 3973 3974 3962
f 4007 3984 3997
f 3984 4017 3975
f 4017 3950 3975
f 3961 3975 3954
f 2771 4310 4311
f 2771 4309 4310
f 2771 4308 4309
f 2771 4307 4308
f 2771 2776 4307
f 2771 4311 4312
f 4185 4187 4188
f 4185 4186 4187
f 4184 4185 4188
f 4184 4188 4189
f 4190 4184 4189
f 4183 4184 4190
f 4191 4183 4190
f 4182 4183 4191
f 4192 4182 4191
f 4192 4181 4182
f 4193 4181 4192
f 4193 4179 4181
f 4194 4180 4179
f 4194 4179 4193
f 4195 4306 4180
f 4195 4180 4194
f 4196 4306 4195
f 4313 4196 4197
f 4313 4306 4196
f 4198 4315 4313
f 4198 4313 4197
f 4199 4316 4315
f 4199 4315 4198
f 4200 4317 4316
f 4200 4316 4199
f 4201 4317 4200
f 4318 4317 4201
f 4299 4301 4302
f 4299 4300 4301
f 4202 4318 4201
f 4319 4318 4202
f 4298 4302 4303
f 4298 4299 4302
f 4304 4298 4303
f 4297 4304 4305
f 4297 4298 4304
f 4296 4297 4305
f 4314 4296 4305
f 4203 4319 4202
f 4320 4319 4203
f 4321 4320 4203
f 4204 4321 4203
f 4322 4321 4204
f 4205 4322 4204
f 4323 4322 4205
f 4324 4323 4205
f 4324 4206 4207
f 4324 4205 4206
f 4325 4324 4207
f 4326 4325 4207
f 4326 4207 4208
f 4295 4296 4314
f 4358 4326 4208
f 4358 4208 4209
f 4357 4295 4327
f 4294 4295 4357
f 4356 4294 4357
f 4355 4294 4356
f 4359 4358 4209
f 4359 4209 4210
f 4293 4294 4355
f 4360 4359 4210
f 4360 4210 4211
f 4212 4360 4211
f 4361 4360 4212
f 4213 4361 4212
f 4362 4361 4213
f 4354 4292 4293
f 4354 4293 4355
f 4214 4362 4213
f 4363 4362 4214
f 4215 4363 4214
f 4215 4364 4363
f 4353 4291 4292
f 4353 4292 4354
f 4216 4364 4215
f 4216 4365 4364
f 4352 4290 4291
f 4352 4291 4353
f 4351 4289 4290
f 4351 4290 4352
f 4274 4272 4273
f 4217 4365 4216
f 4217 4366 4365
f 4271 4272 4274
f 4350 4288 4289
f 4350 4289 4351
f 4275 4271 4274
f 4270 4276 4277
f 4270 4275 4276
f 4270 4271 4275
f 4269 4270 4277
f 4269 4277 4278
f 4268 4269 4278
f 4268 4278 4279
f 4349 4287 4288
f 4349 4288 4350
f 4340 4268 4279
f 4218 4367 4366
f 4218 4366 4217
f 4286 4287 4349
f 4348 4286 4349
f 4285 4286 4348
f 4219 4368 4367
f 4219 4367 4218
f 4347 4285 4348
f 4284 4285 4347
f 4346 4284 4347
f 4283 4284 4346
f 4345 4283 4346
f 4220 4368 4219
f 4220 4369 4368
f 4282 4283 4345
f 4343 4281 4282
f 4343 4282 4345
f 4344 4281 4343
f 4341 4340 4279
f 4341 4279 4280
f 4386 4280 4281
f 4386 4281 4344
f 4386 4341 4280
f 4245 4337 4336
f 4244 4336 4335
f 4244 4245 4336
f 4243 4335 4334
f 4243 4244 4335
f 4246 4338 4337
f 4246 4337 4245
f 4247 4339 4338
f 4247 4338 4246
f 4248 4339 4247
f 4249 4267 4339
f 4249 4339 4248
f 4250 4267 4249
f 4221 4369 4220
f 4221 4370 4369
f 4260 4258 4259
f 4257 4258 4260
f 4222 4371 4370
f 4222 4370 4221
f 4251 4266 4267
f 4251 4267 4250
f 4261 4257 4260
f 4256 4257 4261
f 4265 4266 4251
f 4223 4371 4222
f 4223 4372 4371
f 4262 4256 4261
f 4252 4265 4251
f 4333 4243 4334
f 4255 4256 4262
f 4255 4262 4263
f 4253 4265 4252
f 4253 4264 4265
f 4242 4332 4331
f 4242 4333 4332
f 4242 4243 4333
f 4254 4255 4263
f 4254 4264 4253
f 4254 4263 4264
f 4241 4242 4331
f 4240 4241 4331
f 4240 4331 4330
f 4239 4330 4328
f 4239 4240 4330
f 4329 4239 4328
f 4238 4239 4329
f 4238 4329 4342
f 4237 4238 4342
f 4373 4372 4223
f 4224 4373 4223
f 4385 4237 4342
f 4236 4237 4385
f 4374 4373 4224
f 4225 4374 4224
f 4375 4374 4225
f 4226 4375 4225
f 4376 4375 4226
f 4227 4376 4226
f 4384 4236 4385
f 4235 4236 4384
f 4377 4376 4227
f 4228 4377 4227
f 4383 4235 4384
f 4234 4235 4383
f 4378 4377 4228
f 4229 4378 4228
f 4382 4234 4383
f 4233 4234 4382
f 4381 4233 4382
f 4379 4378 4229
f 4232 4381 4380
f 4232 4233 4381
f 4230 4379 4229
f 4230 4380 4379
f 4231 4380 4230
f 4231 4232 4380
f 4268 4339 4267
f 4268 4340 4339
f 4306 4313 4305
f 4314 4305 4313
f 4326 4358 4327
f 4358 4357 4327
f 4327 4295 4314
f 4341 4386 4342
f 4385 4342 4386
f 4356 4357 4358
f 4355 4356 4358
f 4354 4355 4358
f 4364 4362 4363
f 4364 4361 4362
f 4364 4360 4361
f 4364 4359 4360
f 4353 4354 4358
f 4365 4358 4359
f 4365 4359 4364
f 4366 4358 4365
f 4367 4353 4358
f 4367 4358 4366
f 4368 4352 4353
f 4368 4353 4367
f 4369 4351 4352
f 4369 4352 4368
f 4370 4350 4351
f 4370 4351 4369
f 4371 4350 4370
f 4372 4350 4371
f 4372 4349 4350
f 4373 4348 4349
f 4373 4349 4372
f 4385 4345 4346
f 4385 4343 4345
f 4385 4344 4343
f 4385 4386 4344
f 4374 4348 4373
f 4374 4347 4348
f 4375 4347 4374
f 4375 4346 4347
f 4376 4385 4346
f 4376 4346 4375
f 4377 4385 4376
f 4378 4384 4385
f 4378 4385 4377
f 4379 4383 4384
f 4379 4382 4383
f 4379 4384 4378
f 4380 4381 4382
f 4380 4382 4379
f 4335 4336 4340
f 4334 4335 4340
f 4337 4340 4336
f 4338 4340 4337
f 4339 4340 4338
f 4333 4340 4341
f 4333 4334 4340
f 4332 4333 4341
f 4331 4332 4341
f 4330 4331 4341
f 4328 4330 4341
f 4329 4328 4341
f 4342 4329 4341
f 4163 4165 4166
f 4163 4164 4165
f 4162 4168 4169
f 4162 4167 4168
f 4162 4166 4167
f 4162 4163 4166
f 4170 4162 4169
f 4161 4170 4174
f 4161 4162 4170
f 4173 4161 4174
f 4172 4161 4173
f 4171 4161 4172
f 4175 4160 4161
f 4175 4161 4171
f 4176 4159 4160
f 4176 4160 4175
f 4177 4158 4159
f 4177 4159 4176
f 4149 4147 4148
f 4146 4147 4149
f 4178 4157 4158
f 4178 4158 4177
f 4150 4146 4149
f 4145 4146 4150
f 4134 4156 4157
f 4134 4157 4178
f 4144 4145 4150
f 4143 4144 4150
f 4133 4156 4134
f 4133 4155 4156
f 4135 4155 4133
f 4135 4154 4155
f 4136 4153 4154
f 4136 4154 4135
f 4137 4152 4153
f 4137 4151 4152
f 4137 4153 4136
f 4138 4151 4137
f 4139 4143 4150
f 4139 4150 4151
f 4142 4151 4138
f 4140 4139 4151
f 4141 4151 4142
f 4141 4140 4151
f 696 35 30
f 696 36 35
f 695 696 30
f 694 695 30
f 693 694 30
f 692 693 30
f 691 692 30
f 385 383 384
f 382 383 385
f 386 382 385
f 381 382 386
f 380 381 386
f 379 380 386
f 370 392 369
f 370 391 392
f 371 390 391
f 371 391 370
f 372 389 390
f 372 390 371
f 373 388 389
f 373 387 388
f 373 389 372
f 374 387 373
f 375 386 387
f 375 379 386
f 378 387 374
f 376 375 387
f 377 387 378
f 377 376 387
f 4389 4388 4387
f 4389 4390 4388
f 4393 4392 4391
f 4393 4394 4392
f 4397 4396 4395
f 4397 4398 4396
f 4399 4400 4401
f 4399 4401 4402
f 4405 4404 4403
f 4405 4406 4404
f 4408 4409 4410
f 4407 4408 4410
f 4413 4412 4411
f 4413 4414 4412
f 4415 4416 4417
f 4415 4417 4418
f 4421 4420 4419
f 4421 4422 4420
f 4425 4424 4423
f 4425 4426 4424
f 4428 4429 4430
f 4427 4428 4430
f 4434 4432 4431
f 4433 4434 4431
f 4511 1111 1112
f 4511 4510 1111
f 4509 1110 1111
f 4509 1111 4510
f 4415 1112 827
f 4415 827 829
f 4415 829 830
f 4415 830 831
f 4415 831 828
f 4415 4511 1112
f 4434 46 47
f 4434 47 48
f 4434 48 49
f 4434 49 45
f 4434 45 1110
f 4434 1110 4509
f 4433 492 4434
f 4416 4415 828
f 4426 4513 4514
f 4426 4514 4515
f 4426 4515 4516
f 4426 4516 4517
f 4426 4517 4518
f 4426 4518 4519
f 4426 4519 4520
f 4426 4520 4521
f 4426 4521 4522
f 4426 4522 4523
f 4588 4416 828
f 491 492 4433
f 491 4433 4512
f 491 4512 4513
f 491 4513 4426
f 4425 643 491
f 4425 491 4426
f 4589 4588 828
f 4596 643 4425
f 4397 4589 828
f 4594 4589 4397
f 4595 643 4596
f 4601 4596 4425
f 4601 4425 4600
f 4593 4594 4397
f 4556 4557 4595
f 4558 4595 4557
f 4555 4556 4595
f 4559 4595 4558
f 4560 4595 4559
f 4554 4555 4595
f 4561 643 4595
f 4561 4595 4560
f 4553 4554 4595
f 4552 4553 4595
f 4562 643 4561
f 4551 4552 4595
f 4428 643 4562
f 4528 4525 4526
f 4528 4526 4527
f 4503 4504 4505
f 4503 4505 4506
f 4530 4528 4529
f 4530 4525 4528
f 4501 4502 4503
f 4532 4525 4530
f 4532 4524 4525
f 4532 4530 4531
f 4500 4503 4506
f 4500 4506 4507
f 4500 4507 4508
f 4500 4501 4503
f 4599 4524 4532
f 4599 4523 4524
f 4590 4500 4508
f 4533 4599 4532
f 4533 4598 4599
f 4499 4500 4590
f 4499 4590 4591
f 4536 4534 4535
f 4537 4534 4536
f 4495 4496 4497
f 4495 4497 4498
f 4538 4534 4537
f 4539 4534 4538
f 4493 4494 4495
f 4493 4498 4499
f 4493 4495 4498
f 4541 4598 4533
f 4541 4597 4598
f 4541 4534 4539
f 4541 4533 4534
f 4541 4539 4540
f 4491 4492 4493
f 4491 4499 4591
f 4491 4493 4499
f 4550 4551 4597
f 4547 4548 4549
f 4542 4550 4597
f 4542 4597 4541
f 4542 4549 4550
f 4486 4484 4485
f 4490 4592 4482
f 4490 4591 4592
f 4490 4491 4591
f 4545 4547 4549
f 4545 4546 4547
f 4489 4482 4483
f 4489 4483 4484
f 4489 4486 4487
f 4489 4484 4486
f 4489 4490 4482
f 4544 4542 4543
f 4544 4549 4542
f 4544 4545 4549
f 4488 4489 4487
f 2883 4397 828
f 2883 4398 4397
f 2883 4421 4398
f 25 643 4428
f 4422 4421 2883
f 4422 2883 3424
f 4422 3424 3425
f 4422 3425 3426
f 4422 3426 3423
f 4427 781 782
f 4427 782 783
f 4427 783 784
f 4427 784 27
f 4427 25 4428
f 3692 4422 3423
f 1556 781 4427
f 4479 4422 3692
f 4565 1556 4427
f 3693 4480 4479
f 3693 4479 3692
f 1555 1556 4565
f 4564 1555 4565
f 4481 4480 3693
f 4563 1555 4564
f 3694 4481 3693
f 1554 1555 4563
f 4407 4481 3694
f 4406 1554 4563
f 2780 4407 3694
f 1514 1554 4406
f 1702 1514 4406
f 2782 4407 2780
f 1701 1702 4406
f 2783 4407 2782
f 1700 1701 4406
f 2784 4407 2783
f 2781 4407 2784
f 1699 1700 4406
f 4435 4571 4572
f 4435 4572 4573
f 4470 4471 4472
f 4470 4472 4473
f 4470 4473 4474
f 4569 4570 4571
f 4569 4571 4435
f 4567 4569 4435
f 4567 4568 4569
f 4477 4474 4475
f 4477 4475 4476
f 4477 4470 4474
f 4566 4567 4435
f 4478 4470 4477
f 4438 4436 4437
f 1 2 3
f 1 3 4
f 4441 4439 4440
f 4469 4 5
f 4469 1 4
f 4442 4436 4438
f 4442 4439 4441
f 4442 4438 4439
f 4468 4469 5
f 4444 4436 4442
f 4444 4442 4443
f 4466 4468 5
f 4466 4467 4468
f 4578 4566 4435
f 4583 4470 4478
f 4577 4578 4435
f 4577 4436 4444
f 4577 4435 4436
f 4584 5 4470
f 4584 4470 4583
f 4584 4466 5
f 4445 4576 4577
f 4445 4577 4444
f 4465 4584 4585
f 4465 4466 4584
f 4447 4445 4446
f 4463 4464 4465
f 4462 4463 4465
f 4460 4462 4465
f 4460 4461 4462
f 4452 4447 4448
f 4452 4448 4449
f 4452 4449 4450
f 4452 4450 4451
f 4458 4459 4460
f 4458 4460 4465
f 4453 4576 4445
f 4453 4445 4447
f 4453 4447 4452
f 4457 4465 4585
f 4457 4458 4465
f 4405 1699 4406
f 4408 4407 2781
f 4581 4408 2781
f 4389 4579 4580
f 4575 4389 4580
f 4393 4586 4587
f 4393 4587 4582
f 1261 4413 4394
f 1261 4414 4413
f 1752 4400 4399
f 1263 4414 1261
f 1755 1752 4399
f 1264 4414 1263
f 1754 1755 4399
f 1265 4414 1264
f 1753 1754 4399
f 1262 4414 1265
f 1751 1753 4399
f 2034 4414 1262
f 2034 4454 4414
f 2036 1751 4399
f 2036 4399 4456
f 2035 4454 2034
f 2035 2036 4456
f 2035 4455 4454
f 2035 4456 4455
f 27 28 4427
f 4427 28 29
f 4427 29 25
f 715 46 4434
f 2781 1261 4394
f 2781 4394 4393
f 2781 4393 4582
f 2781 4582 4581
f 1752 1699 4574
f 4574 1699 4575
f 4575 1699 4389
f 4389 1699 4390
f 4390 1699 4405
f 1752 4574 4400
f 4574 4576 4453
f 4574 4453 4400
f 4578 4390 4566
f 4566 4390 4405
f 4581 4583 4478
f 4581 4478 4408
f 4585 4394 4413
f 4585 4413 4457
f 4588 4590 4508
f 4588 4508 4416
f 4592 4398 4482
f 4482 4398 4421
f 4595 4597 4551
f 4599 4426 4523
f 492 714 4434
f 4434 714 715
f 4696 858 857
f 4696 857 4695
f 4694 857 856
f 4694 4695 857
f 4418 841 858
f 4418 842 841
f 4418 843 842
f 4418 844 843
f 4418 837 844
f 4418 858 4696
f 4432 84 83
f 4432 85 84
f 4432 86 85
f 4432 87 86
f 4432 856 87
f 4432 4694 856
f 4431 4432 237
f 4417 837 4418
f 4424 4697 4698
f 4424 4698 4699
f 4424 4699 4700
f 4424 4700 4701
f 4424 4701 4702
f 4424 4702 4703
f 4424 4703 4704
f 4424 4704 4705
f 4424 4705 4706
f 4424 4706 4707
f 4617 837 4417
f 238 4431 237
f 238 4424 4707
f 238 4707 4708
f 238 4708 4431
f 4423 4424 238
f 4423 238 241
f 4622 837 4617
f 4629 4423 241
f 4395 837 4622
f 4621 4395 4622
f 4624 4629 241
f 4628 4423 4629
f 4628 4627 4423
f 4620 4395 4621
f 4741 4742 4624
f 4743 4624 4742
f 4744 4624 4743
f 4740 4741 4624
f 4739 4740 4624
f 4745 4624 4744
f 4738 4739 4624
f 4738 4624 241
f 4746 4624 4745
f 4737 4738 241
f 4747 4624 4746
f 4736 4624 4747
f 4429 4737 241
f 4689 4687 4688
f 4714 4715 4716
f 4714 4716 4717
f 4712 4714 4717
f 4712 4713 4714
f 4692 4686 4687
f 4692 4689 4690
f 4692 4690 4691
f 4692 4687 4689
f 4693 4686 4692
f 4710 4712 4717
f 4710 4711 4712
f 4710 4717 4709
f 4685 4686 4693
f 4626 4710 4709
f 4626 4709 4697
f 4616 4686 4685
f 4718 4710 4626
f 4718 4626 4625
f 4677 4616 4685
f 4677 4618 4616
f 4724 4725 4726
f 4723 4724 4726
f 4681 4678 4679
f 4681 4679 4680
f 4722 4723 4726
f 4721 4722 4726
f 4683 4677 4678
f 4683 4678 4681
f 4683 4681 4682
f 4719 4720 4721
f 4719 4726 4718
f 4719 4718 4625
f 4719 4721 4726
f 4719 4625 4623
f 4676 4618 4677
f 4676 4677 4683
f 4676 4683 4684
f 4728 4623 4736
f 4731 4729 4730
f 4727 4728 4729
f 4727 4623 4728
f 4727 4719 4623
f 4672 4673 4674
f 4668 4667 4619
f 4668 4618 4676
f 4668 4619 4618
f 4733 4731 4732
f 4733 4729 4731
f 4669 4674 4675
f 4669 4675 4667
f 4669 4667 4668
f 4734 4735 4727
f 4734 4729 4733
f 4734 4727 4729
f 4670 4671 4672
f 4670 4674 4669
f 4670 4672 4674
f 3056 837 4395
f 3056 4396 4419
f 3056 4395 4396
f 24 4429 241
f 4420 3056 4419
f 4420 3385 3056
f 4420 3386 3385
f 4420 3387 3386
f 4420 3382 3387
f 4430 786 785
f 4430 787 786
f 4430 788 787
f 4430 21 788
f 4430 4429 24
f 3438 3382 4420
f 1325 4430 785
f 4664 3438 4420
f 4750 4430 1325
f 3439 3438 4664
f 3439 4664 4665
f 1324 4749 4750
f 1324 4750 1325
f 4666 3439 4665
f 4748 4749 1324
f 3440 3439 4666
f 1323 4748 1324
f 4410 3440 4666
f 4404 4748 1323
f 2734 3440 4410
f 1322 4404 1323
f 1712 4404 1322
f 2735 2734 4410
f 1711 4404 1712
f 2736 2735 4410
f 1710 4404 1711
f 2737 2736 4410
f 2730 2737 4410
f 1709 4404 1710
f 4753 4754 4755
f 4752 4753 4755
f 4655 4660 4661
f 4655 4661 4662
f 4655 4662 4663
f 4757 4755 4756
f 4757 4752 4755
f 4758 4752 4757
f 4657 4658 4659
f 4657 4659 4660
f 4657 4660 4655
f 4751 4752 4758
f 4751 4758 4759
f 4656 4657 4655
f 4767 4768 4760
f 10 8 9
f 4764 4765 4766
f 4652 10 6
f 4652 8 10
f 4763 4767 4760
f 4763 4764 4766
f 4763 4766 4767
f 4653 8 4652
f 4761 4763 4760
f 4761 4762 4763
f 4651 4653 4654
f 4651 7 8
f 4651 8 4653
f 4605 4752 4751
f 4609 4656 4655
f 4604 4760 4752
f 4604 4761 4760
f 4604 4752 4605
f 4611 4609 4655
f 4611 4655 7
f 4611 7 4651
f 4638 4604 4602
f 4638 4761 4604
f 4643 4611 4651
f 4643 4612 4611
f 4645 4643 4644
f 4646 4643 4645
f 4634 4635 4636
f 4634 4636 4637
f 4634 4637 4638
f 4648 4646 4647
f 4648 4643 4646
f 4631 4632 4633
f 4650 4648 4649
f 4650 4643 4648
f 4630 4631 4633
f 4630 4638 4602
f 4630 4634 4638
f 4630 4633 4634
f 4642 4612 4643
f 4642 4643 4650
f 4403 4404 1709
f 4409 2730 4410
f 4610 2730 4409
f 4387 4607 4606
f 4608 4607 4387
f 4391 4614 4613
f 4391 4615 4614
f 1275 4411 4412
f 1275 4392 4411
f 1761 4402 4401
f 1276 1275 4412
f 1768 4402 1761
f 1277 1276 4412
f 1767 4402 1768
f 1278 1277 4412
f 1766 4402 1767
f 1271 1278 4412
f 1765 4402 1766
f 1798 4412 4639
f 1798 1271 4412
f 1800 4641 4402
f 1800 4402 1765
f 1799 4639 4640
f 1799 4640 4641
f 1799 1798 4639
f 1799 4641 1800
f 21 4430 22
f 4430 23 22
f 4430 24 23
f 713 4432 83
f 2730 4392 1275
f 2730 4391 4392
f 2730 4615 4391
f 2730 4610 4615
f 1761 4403 1709
f 1761 4388 4403
f 1761 4387 4388
f 1761 4608 4387
f 1761 4603 4608
f 1761 4401 4603
f 4603 4630 4602
f 4603 4401 4630
f 4605 4751 4388
f 4751 4403 4388
f 4610 4656 4609
f 4610 4409 4656
f 4612 4411 4392
f 4612 4642 4411
f 4617 4686 4616
f 4617 4417 4686
f 4619 4419 4396
f 4619 4667 4419
f 4624 4736 4623
f 4626 4697 4424
f 237 4432 712
f 4432 713 712
f 1622 1612 1695
f 1688 1695 1694
f 1688 1622 1695
f 1689 1694 1693
f 1689 1688 1694
f 1690 1693 1692
f 1690 1689 1693
f 1310 1309 1321
f 1320 1310 1321
f 1319 1310 1320
f 1311 1310 1319
f 1318 1311 1319
f 1312 1311 1318
f 1317 1312 1318
f 1316 1313 1312
f 1316 1312 1317
f 1314 1313 1316
f 1315 1314 1316
f 777 744 725
f 778 717 744
f 778 777 776
f 778 744 777
f 779 776 775
f 779 778 776
f 780 775 774
f 780 779 775
f 240 238 239
f 240 241 238
f 368 239 112
f 368 240 239
f 367 112 113
f 367 368 112
f 420 113 417
f 420 367 113
f 419 417 418
f 419 420 417
f 299 418 179
f 299 419 418
f 298 179 180
f 298 299 179
f 257 180 221
f 257 298 180
f 256 221 222
f 256 257 221
f 690 222 445
f 690 256 222
f 689 445 446
f 689 690 445
f 644 446 490
f 644 689 446
f 643 490 491
f 643 644 490
f 869 859 840
f 869 840 832
f 868 860 859
f 868 859 869
f 861 860 868
f 867 862 861
f 867 861 868
f 866 863 862
f 866 862 867
f 865 864 863
f 865 863 866
f 823 818 817
f 824 817 816
f 824 823 817
f 825 816 815
f 825 824 816
f 826 815 814
f 826 825 815
f 2818 2819 2812
f 2817 2818 2812
f 2816 2817 2812
f 2815 2816 2812
f 2814 2815 2812
f 2813 2814 2812
f 3383 3381 3389
f 3383 3389 3394
f 3384 3394 3393
f 3384 3383 3394
f 3029 3393 2921
f 3029 3384 3393
f 3412 3750 3418
f 3412 3751 3750
f 3758 3751 3412
f 3757 3751 3758
f 3756 3751 3757
f 3755 3751 3756
f 3754 3751 3755
f 3753 3751 3754
f 3752 3751 3753
f 2746 2729 2739
f 2731 2729 2746
f 2745 2731 2746
f 2732 2731 2745
f 2744 2732 2745
f 2733 2732 2744
f 4314 4318 4319
f 4314 4317 4318
f 4314 4316 4317
f 4314 4315 4316
f 4314 4313 4315
f 4320 4314 4319
f 4327 4325 4326
f 4327 4324 4325
f 4327 4323 4324
f 4327 4322 4323
f 4327 4321 4322
f 4327 4320 4321
f 4327 4314 4320
f 1247 1256 1255
f 1248 1255 1254
f 1248 1247 1255
f 1249 1254 1253
f 1249 1248 1254
f 1250 1253 1252
f 1250 1249 1253
f 1811 1801 1764
f 1811 1764 1756
f 1810 1802 1801
f 1810 1801 1811
f 1803 1802 1810
f 1809 1804 1803
f 1809 1803 1810
f 1808 1805 1804
f 1808 1804 1809
f 1807 1806 1805
f 1807 1805 1808
f 1747 1742 1741
f 1748 1741 1740
f 1748 1747 1741
f 1749 1740 1739
f 1749 1748 1740
f 1750 1739 1738
f 1750 1749 1739
f 2656 2660 2661
f 2656 2659 2660
f 2656 2658 2659
f 2656 2657 2658
f 2656 2655 2657
f 2662 2656 2661
f 2669 2667 2668
f 2669 2666 2667
f 2669 2665 2666
f 2669 2664 2665
f 2669 2663 2664
f 2669 2662 2663
f 2669 2656 2662
f 4430 4565 4427
f 4750 4565 4430
f 4749 4564 4565
f 4749 4565 4750
f 4748 4406 4563
f 4748 4563 4564
f 4748 4564 4749
f 4404 4406 4748
f 4595 4596 4629
f 4595 4629 4624
f 4696 4415 4418
f 4696 4511 4415
f 4695 4510 4511
f 4695 4511 4696
f 4694 4434 4509
f 4694 4509 4510
f 4694 4510 4695
f 4432 4434 4694
f 4588 4589 4622
f 4588 4622 4617
f 4410 4481 4407
f 4666 4480 4481
f 4666 4481 4410
f 4665 4480 4666
f 4664 4422 4479
f 4664 4479 4480
f 4664 4480 4665
f 4420 4422 4664
f 4581 4582 4615
f 4581 4615 4610
f 4402 4456 4399
f 4641 4456 4402
f 4640 4455 4456
f 4640 4456 4641
f 4639 4414 4454
f 4639 4454 4455
f 4639 4455 4640
f 4412 4414 4639
f 4574 4575 4608
f 4574 4608 4603
f 4550 4736 4551
f 4550 4728 4736
f 4595 4624 4623
f 4597 4595 4623
f 4597 4623 4625
f 4598 4597 4625
f 4598 4625 4626
f 4599 4598 4626
f 4599 4626 4424
f 4426 4599 4424
f 4523 4709 4524
f 4523 4697 4709
f 4532 4718 4533
f 4532 4710 4718
f 4541 4727 4542
f 4541 4719 4727
f 4601 4628 4629
f 4596 4601 4629
f 4600 4627 4628
f 4601 4600 4628
f 4600 4423 4627
f 4425 4423 4600
f 4719 4541 4540
f 4720 4540 4539
f 4720 4719 4540
f 4721 4539 4538
f 4721 4720 4539
f 4722 4538 4537
f 4722 4721 4538
f 4723 4537 4536
f 4723 4722 4537
f 4724 4536 4535
f 4724 4723 4536
f 4725 4535 4534
f 4725 4724 4535
f 4726 4534 4533
f 4726 4725 4534
f 4718 4726 4533
f 4728 4550 4549
f 4729 4549 4548
f 4729 4728 4549
f 4730 4548 4547
f 4730 4729 4548
f 4731 4547 4546
f 4731 4730 4547
f 4732 4546 4545
f 4732 4731 4546
f 4733 4545 4544
f 4733 4732 4545
f 4734 4544 4543
f 4734 4733 4544
f 4735 4543 4542
f 4735 4734 4543
f 4727 4735 4542
f 4710 4532 4531
f 4711 4531 4530
f 4711 4710 4531
f 4712 4530 4529
f 4712 4711 4530
f 4713 4529 4528
f 4713 4712 4529
f 4714 4528 4527
f 4714 4713 4528
f 4715 4527 4526
f 4715 4714 4527
f 4716 4526 4525
f 4716 4715 4526
f 4717 4525 4524
f 4717 4716 4525
f 4709 4717 4524
f 4431 4512 4433
f 4708 4513 4512
f 4708 4512 4431
f 4707 4514 4513
f 4707 4513 4708
f 4706 4515 4514
f 4706 4514 4707
f 4705 4516 4515
f 4705 4515 4706
f 4704 4517 4516
f 4704 4516 4705
f 4703 4518 4517
f 4703 4517 4704
f 4702 4519 4518
f 4702 4518 4703
f 4701 4520 4519
f 4701 4519 4702
f 4700 4521 4520
f 4700 4520 4701
f 4699 4522 4521
f 4699 4521 4700
f 4698 4523 4522
f 4698 4522 4699
f 4697 4523 4698
f 4736 4552 4551
f 4747 4553 4552
f 4747 4552 4736
f 4746 4554 4553
f 4746 4553 4747
f 4745 4555 4554
f 4745 4554 4746
f 4744 4556 4555
f 4744 4555 4745
f 4743 4557 4556
f 4743 4556 4744
f 4742 4558 4557
f 4742 4557 4743
f 4741 4559 4558
f 4741 4558 4742
f 4740 4560 4559
f 4740 4559 4741
f 4739 4560 4740
f 4738 4561 4560
f 4738 4562 4561
f 4738 4560 4739
f 4737 4428 4562
f 4737 4562 4738
f 4429 4428 4737
f 4416 4686 4417
f 4508 4686 4416
f 4590 4588 4617
f 4590 4617 4616
f 4590 4616 4618
f 4591 4590 4618
f 4591 4618 4619
f 4592 4591 4619
f 4398 4592 4619
f 4398 4619 4396
f 4421 4667 4482
f 4421 4419 4667
f 4490 4676 4491
f 4490 4668 4676
f 4499 4685 4500
f 4499 4677 4685
f 4408 4656 4409
f 4478 4656 4408
f 4581 4610 4609
f 4583 4581 4609
f 4583 4609 4611
f 4584 4583 4611
f 4584 4611 4612
f 4585 4584 4612
f 4585 4612 4392
f 4394 4585 4392
f 4457 4411 4642
f 4413 4411 4457
f 4465 4651 4466
f 4465 4643 4651
f 5 4655 4470
f 5 7 4655
f 4453 4401 4400
f 4453 4630 4401
f 4576 4574 4603
f 4576 4603 4602
f 4576 4602 4604
f 4577 4576 4604
f 4577 4604 4605
f 4578 4577 4605
f 4390 4578 4605
f 4390 4605 4388
f 4405 4751 4566
f 4405 4403 4751
f 4435 4760 4436
f 4435 4752 4760
f 4444 4638 4445
f 4444 4761 4638
f 4594 4621 4622
f 4589 4594 4622
f 4593 4620 4621
f 4594 4593 4621
f 4593 4395 4620
f 4397 4395 4593
f 4587 4614 4615
f 4582 4587 4615
f 4586 4613 4614
f 4587 4586 4614
f 4586 4391 4613
f 4393 4391 4586
f 4580 4607 4608
f 4575 4580 4608
f 4579 4606 4607
f 4580 4579 4607
f 4579 4387 4606
f 4389 4387 4579
f 4678 4499 4498
f 4678 4677 4499
f 4679 4498 4497
f 4679 4678 4498
f 4680 4497 4496
f 4680 4679 4497
f 4681 4496 4495
f 4681 4680 4496
f 4682 4495 4494
f 4682 4681 4495
f 4683 4494 4493
f 4683 4682 4494
f 4684 4493 4492
f 4684 4683 4493
f 4676 4492 4491
f 4676 4684 4492
f 4686 4508 4507
f 4687 4686 4507
f 4688 4507 4506
f 4688 4687 4507
f 4689 4506 4505
f 4689 4688 4506
f 4690 4505 4504
f 4690 4689 4505
f 4691 4504 4503
f 4691 4690 4504
f 4692 4503 4502
f 4692 4691 4503
f 4693 4502 4501
f 4693 4692 4502
f 4685 4501 4500
f 4685 4693 4501
f 4669 4490 4489
f 4669 4668 4490
f 4670 4489 4488
f 4670 4669 4489
f 4671 4488 4487
f 4671 4670 4488
f 4672 4487 4486
f 4672 4671 4487
f 4673 4486 4485
f 4673 4672 4486
f 4674 4485 4484
f 4674 4673 4485
f 4675 4484 4483
f 4675 4674 4484
f 4667 4483 4482
f 4667 4675 4483
f 6 1 4469
f 4652 4469 4468
f 4652 6 4469
f 4653 4468 4467
f 4653 4652 4468
f 4654 4467 4466
f 4654 4653 4467
f 4651 4654 4466
f 4656 4478 4477
f 4657 4477 4476
f 4657 4656 4477
f 4658 4476 4475
f 4658 4657 4476
f 4659 4475 4474
f 4659 4658 4475
f 4660 4474 4473
f 4660 4659 4474
f 4661 4473 4472
f 4661 4660 4473
f 4662 4472 4471
f 4662 4661 4472
f 4663 4471 4470
f 4663 4662 4471
f 4655 4663 4470
f 4643 4465 4464
f 4644 4464 4463
f 4644 4643 4464
f 4645 4463 4462
f 4645 4644 4463
f 4646 4462 4461
f 4646 4645 4462
f 4647 4461 4460
f 4647 4646 4461
f 4648 4460 4459
f 4648 4647 4460
f 4649 4459 4458
f 4649 4648 4459
f 4650 4458 4457
f 4650 4649 4458
f 4642 4650 4457
f 4761 4444 4443
f 4762 4443 4442
f 4762 4761 4443
f 4763 4442 4441
f 4763 4762 4442
f 4764 4441 4440
f 4764 4763 4441
f 4765 4440 4439
f 4765 4764 4440
f 4766 4439 4438
f 4766 4765 4439
f 4767 4438 4437
f 4767 4766 4438
f 4768 4437 4436
f 4768 4767 4437
f 4760 4768 4436
f 4630 4453 4452
f 4631 4452 4451
f 4631 4630 4452
f 4632 4451 4450
f 4632 4631 4451
f 4633 4450 4449
f 4633 4632 4450
f 4634 4449 4448
f 4634 4633 4449
f 4635 4448 4447
f 4635 4634 4448
f 4636 4447 4446
f 4636 4635 4447
f 4637 4636 4446
f 4638 4446 4445
f 4638 4637 4446
f 4753 4435 4573
f 4753 4752 4435
f 4754 4573 4572
f 4754 4753 4573
f 4755 4572 4571
f 4755 4754 4572
f 4756 4571 4570
f 4756 4755 4571
f 4757 4570 4569
f 4757 4756 4570
f 4758 4569 4568
f 4758 4757 4569
f 4759 4568 4567
f 4759 4758 4568
f 4751 4567 4566
f 4751 4759 4567
f 4805 4803 4802
f 4805 4804 4803
f 4806 4802 4801
f 4806 4805 4802
f 4800 4806 4801
f 4807 4806 4800
f 4808 4800 4799
f 4808 4807 4800
f 4798 4808 4799
f 4809 4808 4798
f 4810 4809 4798
f 4797 4810 4798
f 4811 4810 4797
f 4796 4811 4797
f 4812 4811 4796
f 4813 4812 4796
f 4795 4813 4796
f 4795 4814 4813
f 4794 4814 4795
f 4794 4815 4814
f 4793 4815 4794
f 4793 4816 4815
f 4792 4816 4793
f 4792 4817 4816
f 4791 4817 4792
f 4791 4818 4817
f 4790 4818 4791
f 4790 4819 4818
f 4789 4819 4790
f 4789 4820 4819
f 4788 4820 4789
f 4788 4821 4820
f 4787 4821 4788
f 4787 4822 4821
f 4844 4843 4842
f 4769 4844 4842
f 4786 4823 4822
f 4786 4822 4787
f 4841 4769 4842
f 4770 4769 4841
f 4785 4823 4786
f 4785 4824 4823
f 4771 4770 4841
f 4771 4841 4840
f 4839 4771 4840
f 4784 4825 4824
f 4784 4824 4785
f 4772 4839 4838
f 4772 4771 4839
f 4773 4838 4837
f 4773 4772 4838
f 4783 4826 4825
f 4783 4825 4784
f 4827 4826 4783
f 4782 4827 4783
f 4828 4827 4782
f 4781 4828 4782
f 4829 4828 4781
f 4780 4829 4781
f 4830 4829 4780
f 4779 4830 4780
f 4779 4831 4830
f 4778 4831 4779
f 4778 4832 4831
f 4777 4832 4778
f 4777 4833 4832
f 4836 4773 4837
f 4776 4834 4833
f 4776 4833 4777
f 4775 4834 4776
f 4775 4835 4834
f 4774 4773 4836
f 4774 4835 4775
f 4774 4836 4835
f 4846 4972 4971
f 4846 4845 4972
f 4847 4846 4971
f 4847 4971 4970
f 4969 4847 4970
f 4848 4847 4969
f 4968 4848 4969
f 4849 4848 4968
f 4967 4850 4849
f 4967 4849 4968
f 4966 4851 4850
f 4966 4850 4967
f 4965 4852 4851
f 4965 4851 4966
f 4964 4853 4852
f 4964 4852 4965
f 4963 4853 4964
f 4973 4963 4962
f 4973 4853 4963
f 4961 4975 4973
f 4961 4973 4962
f 4960 4976 4975
f 4960 4975 4961
f 4959 4977 4976
f 4959 4976 4960
f 4958 4977 4959
f 4978 4977 4958
f 4860 4858 4857
f 4860 4859 4858
f 4957 4978 4958
f 4979 4978 4957
f 4861 4857 4856
f 4861 4860 4857
f 4855 4861 4856
f 4862 4855 4854
f 4862 4861 4855
f 4863 4862 4854
f 4974 4863 4854
f 4956 4979 4957
f 4980 4979 4956
f 4981 4980 4956
f 4955 4981 4956
f 4982 4981 4955
f 4954 4982 4955
f 4983 4982 4954
f 4984 4983 4954
f 4984 4953 4952
f 4984 4954 4953
f 4985 4984 4952
f 4986 4952 4951
f 4986 4985 4952
f 4864 4863 4974
f 5018 4986 4951
f 5018 4951 4950
f 5017 4864 4987
f 4865 4864 5017
f 5016 4865 5017
f 5015 4865 5016
f 5019 4950 4949
f 5019 5018 4950
f 4866 4865 5015
f 5020 4949 4948
f 5020 5019 4949
f 4947 5020 4948
f 5021 5020 4947
f 4946 5021 4947
f 5022 5021 4946
f 5014 4867 4866
f 5014 4866 5015
f 4945 5022 4946
f 5023 5022 4945
f 4944 5023 4945
f 4944 5024 5023
f 5013 4868 4867
f 5013 4867 5014
f 4943 5024 4944
f 4943 5025 5024
f 5012 4868 5013
f 5012 4869 4868
f 5011 4870 4869
f 5011 4869 5012
f 4885 4887 4886
f 4942 5025 4943
f 4942 5026 5025
f 4888 4887 4885
f 5010 4871 4870
f 5010 4870 5011
f 4884 4888 4885
f 4889 4883 4882
f 4889 4884 4883
f 4889 4888 4884
f 4890 4889 4882
f 4890 4882 4881
f 4891 4890 4881
f 4891 4881 4880
f 5009 4872 4871
f 5009 4871 5010
f 5000 4891 4880
f 4941 5027 5026
f 4941 5026 4942
f 4873 4872 5009
f 5008 4873 5009
f 4874 4873 5008
f 4940 5027 4941
f 4940 5028 5027
f 5007 4874 5008
f 4875 4874 5007
f 5006 4875 5007
f 4876 4875 5006
f 5005 4876 5006
f 4939 5028 4940
f 4939 5029 5028
f 4877 4876 5005
f 5003 4878 4877
f 5003 4877 5005
f 5004 4878 5003
f 5001 5000 4880
f 5001 4880 4879
f 5046 4878 5004
f 5046 4879 4878
f 5046 5001 4879
f 4914 4997 4996
f 4915 4996 4995
f 4915 4914 4996
f 4916 4995 4994
f 4916 4915 4995
f 4913 4998 4997
f 4913 4997 4914
f 4912 4998 4913
f 4912 4999 4998
f 4911 4999 4912
f 4910 4999 4911
f 4910 4892 4999
f 4909 4892 4910
f 4938 5029 4939
f 4938 5030 5029
f 4899 4901 4900
f 4902 4901 4899
f 4937 5031 5030
f 4937 5030 4938
f 4908 4893 4892
f 4908 4892 4909
f 4898 4902 4899
f 4903 4902 4898
f 4894 4893 4908
f 4936 5031 4937
f 4936 5032 5031
f 4897 4903 4898
f 4907 4894 4908
f 4993 4916 4994
f 4904 4903 4897
f 4904 4897 4896
f 4906 4894 4907
f 4906 4895 4894
f 4917 4992 4991
f 4917 4993 4992
f 4917 4916 4993
f 4905 4904 4896
f 4905 4895 4906
f 4905 4896 4895
f 4918 4917 4991
f 4919 4991 4990
f 4919 4918 4991
f 4920 4990 4988
f 4920 4919 4990
f 4989 4920 4988
f 4921 4920 4989
f 4921 4989 5002
f 4922 4921 5002
f 5033 5032 4936
f 4935 5033 4936
f 5045 4922 5002
f 4923 4922 5045
f 5034 5033 4935
f 4934 5034 4935
f 5035 5034 4934
f 4933 5035 4934
f 5036 5035 4933
f 4932 5036 4933
f 5044 4923 5045
f 4924 4923 5044
f 5037 5036 4932
f 4931 5037 4932
f 5043 4924 5044
f 4925 4924 5043
f 5038 5037 4931
f 4930 5038 4931
f 5042 4925 5043
f 4926 4925 5042
f 5041 4926 5042
f 5039 5038 4930
f 4927 4926 5041
f 4927 5041 5040
f 4929 5039 4930
f 4929 5040 5039
f 4928 5040 4929
f 4928 4927 5040
f 4853 4973 4854
f 4891 4999 4892
f 4891 5000 4999
f 4974 4854 4973
f 4986 5018 4987
f 5018 5017 4987
f 4987 4864 4974
f 5001 5046 5002
f 5045 5002 5046
f 5114 5126 5125
f 5113 5126 5114
f 5113 5127 5126
f 5115 5124 5123
f 5115 5125 5124
f 5115 5114 5125
f 5112 5127 5113
f 5112 5128 5127
f 5111 5128 5112
f 5116 5123 5122
f 5116 5115 5123
f 5110 5128 5111
f 5110 5129 5128
f 5109 5129 5110
f 5117 5116 5122
f 5117 5122 5121
f 5118 5117 5121
f 5108 5129 5109
f 5108 5047 5129
f 5093 5107 5106
f 5092 5107 5093
f 5094 5093 5106
f 5091 5107 5092
f 5095 5094 5106
f 5095 5106 5105
f 5096 5095 5105
f 5096 5105 5104
f 5090 5107 5091
f 5090 5047 5107
f 5097 5096 5104
f 5097 5103 5102
f 5097 5104 5103
f 5098 5102 5101
f 5098 5097 5102
f 5119 5118 5121
f 5119 5121 5120
f 5100 5098 5101
f 5099 5098 5100
f 5071 5089 5088
f 5087 5071 5088
f 5072 5071 5087
f 5086 5072 5087
f 5073 5072 5086
f 5074 5086 5085
f 5074 5073 5086
f 5075 5085 5084
f 5075 5074 5085
f 5076 5084 5083
f 5076 5075 5084
f 5077 5083 5082
f 5077 5076 5083
f 5081 5077 5082
f 5078 5077 5081
f 5048 5089 5071
f 5069 5049 5048
f 5069 5048 5070
f 5068 5049 5069
f 5050 5049 5068
f 5067 5050 5068
f 5051 5050 5067
f 5066 5051 5067
f 5052 5051 5066
f 5065 5052 5066
f 5053 5052 5065
f 5064 5053 5065
f 5054 5053 5064
f 5063 5054 5064
f 5055 5063 5062
f 5055 5054 5063
f 5061 5055 5062
f 5056 5055 5061
f 5060 5056 5061
f 5057 5056 5060
f 5079 5078 5081
f 5079 5081 5080
f 5058 5060 5059
f 5058 5057 5060
f 5047 5089 5048
f 5047 5090 5089
f 5070 5048 5071
f 5107 5047 5108
f 5148 5145 5146
f 5148 5146 5147
f 5149 5142 5143
f 5149 5143 5144
f 5149 5144 5145
f 5149 5145 5148
f 5138 5142 5149
f 5150 5139 5138
f 5150 5138 5149
f 5140 5139 5150
f 5141 5140 5150
f 5137 5141 5150
f 5136 5150 5151
f 5136 5137 5150
f 5135 5151 5152
f 5135 5136 5151
f 5134 5152 5153
f 5134 5135 5152
f 5154 5134 5153
f 5162 5163 5164
f 5133 5134 5154
f 5165 5162 5164
f 5155 5133 5154
f 5161 5162 5165
f 5132 5133 5155
f 5166 5161 5165
f 5156 5132 5155
f 5167 5161 5166
f 5168 5161 5167
f 5130 5132 5156
f 5157 5130 5156
f 5131 5130 5157
f 5131 5157 5158
f 5175 5131 5158
f 5175 5158 5159
f 5174 5175 5159
f 5174 5159 5160
f 5170 5174 5160
f 5169 5161 5168
f 5169 5160 5161
f 5171 5170 5160
f 5173 5160 5169
f 5172 5171 5160
f 5172 5160 5173
f 5211 5222 5221
f 5212 5211 5221
f 5212 5220 5219
f 5212 5221 5220
f 5210 5222 5211
f 5210 5223 5222
f 5213 5212 5219
f 5213 5219 5218
f 5209 5223 5210
f 5209 5224 5223
f 5203 5218 5217
f 5203 5213 5218
f 5208 5224 5209
f 5207 5224 5208
f 5207 5225 5224
f 5206 5225 5207
f 5205 5225 5206
f 5205 5226 5225
f 5204 5226 5205
f 5204 5216 5226
f 5229 5197 5217
f 5185 5197 5229
f 5193 5198 5197
f 5193 5199 5198
f 5193 5197 5185
f 5192 5199 5193
f 5192 5200 5199
f 5191 5201 5200
f 5191 5200 5192
f 5190 5201 5191
f 5189 5202 5201
f 5189 5201 5190
f 5188 5202 5189
f 5187 5202 5188
f 5196 5202 5187
f 5186 5196 5187
f 5228 5185 5229
f 5253 5177 5176
f 5253 5176 5228
f 5178 5177 5253
f 5259 5179 5178
f 5259 5180 5179
f 5259 5178 5253
f 5181 5180 5259
f 5258 5182 5181
f 5258 5181 5259
f 5257 5183 5182
f 5257 5182 5258
f 5256 5183 5257
f 5255 5183 5256
f 5184 5183 5255
f 5254 5184 5255
f 5227 5253 5228
f 5243 5227 5239
f 5215 5216 5204
f 5238 5243 5239
f 5214 5215 5204
f 5244 5243 5238
f 5237 5244 5238
f 5245 5244 5237
f 5236 5245 5237
f 5246 5245 5236
f 5235 5246 5236
f 5247 5246 5235
f 5234 5247 5235
f 5234 5248 5247
f 5233 5248 5234
f 5233 5249 5248
f 5232 5249 5233
f 5232 5250 5249
f 5231 5250 5232
f 5231 5251 5250
f 5252 5251 5231
f 5230 5252 5231
f 5230 5242 5252
f 5195 5196 5186
f 5194 5195 5186
f 5260 5184 5254
f 5260 5261 5184
f 5240 5242 5230
f 5240 5241 5242
f 5176 5185 5228
f 5197 5203 5217
f 5243 5253 5227
f 5264 5263 5262
f 5264 5262 5296
f 5295 5264 5296
f 5265 5264 5295
f 5294 5266 5265
f 5294 5265 5295
f 5293 5267 5266
f 5293 5266 5294
f 5292 5268 5267
f 5292 5267 5293
f 5291 5268 5292
f 5269 5268 5291
f 5270 5269 5291
f 5288 5271 5270
f 5288 5291 5289
f 5288 5270 5291
f 5287 5272 5271
f 5287 5271 5288
f 5286 5273 5272
f 5286 5272 5287
f 5285 5274 5273
f 5285 5273 5286
f 5284 5274 5285
f 5275 5274 5284
f 5283 5275 5284
f 5276 5275 5283
f 5282 5276 5283
f 5277 5276 5282
f 5278 5277 5282
f 5278 5282 5281
f 5279 5278 5281
f 5279 5281 5280
f 5290 5289 5291
f 5298 5297 5300
f 5298 5300 5301
f 5299 5301 5302
f 5299 5298 5301
f 5263 5302 5262
f 5263 5299 5302
f 5305 5310 5306
f 5309 5310 5305
f 5304 5309 5305
f 5308 5309 5304
f 5303 5308 5304
f 5307 5308 5303
f 5289 5307 5303
f 5290 5307 5289
f 5330 5327 5328
f 5330 5328 5329
f 5331 5327 5330
f 5326 5327 5331
f 5332 5326 5331
f 5324 5322 5323
f 5333 5325 5326
f 5333 5326 5332
f 5334 5324 5325
f 5334 5325 5333
f 5321 5322 5324
f 5321 5324 5334
f 5335 5321 5334
f 5410 5312 5313
f 5314 5409 5410
f 5314 5410 5313
f 5315 5408 5409
f 5315 5409 5314
f 5415 5403 5414
f 5415 5402 5403
f 5316 5407 5408
f 5316 5408 5315
f 5404 5414 5403
f 5317 5407 5316
f 5416 5402 5415
f 5416 5401 5402
f 5318 5407 5317
f 5318 5406 5407
f 5319 5406 5318
f 5319 5405 5406
f 5413 5405 5319
f 5413 5414 5404
f 5413 5404 5405
f 5400 5401 5416
f 5417 5400 5416
f 5399 5400 5417
f 5418 5399 5417
f 5398 5399 5418
f 5419 5398 5418
f 5336 5320 5335
f 5412 5320 5336
f 5411 5412 5336
f 5337 5411 5336
f 5454 5411 5337
f 5338 5454 5337
f 5397 5419 5420
f 5397 5398 5419
f 5453 5338 5339
f 5453 5454 5338
f 5452 5339 5340
f 5452 5453 5339
f 5396 5420 5421
f 5396 5397 5420
f 5451 5340 5341
f 5451 5452 5340
f 5395 5421 5422
f 5395 5396 5421
f 5450 5341 5342
f 5450 5451 5341
f 5394 5422 5423
f 5394 5395 5422
f 5449 5342 5343
f 5449 5450 5342
f 5344 5449 5343
f 5448 5449 5344
f 5393 5423 5424
f 5393 5394 5423
f 5345 5448 5344
f 5447 5448 5345
f 5392 5424 5425
f 5392 5393 5424
f 5346 5447 5345
f 5446 5447 5346
f 5347 5446 5346
f 5445 5446 5347
f 5391 5392 5425
f 5391 5425 5426
f 5348 5445 5347
f 5444 5445 5348
f 5355 5356 5357
f 5358 5355 5357
f 5349 5444 5348
f 5427 5391 5426
f 5443 5444 5349
f 5443 5349 5350
f 5442 5443 5350
f 5390 5391 5427
f 5441 5350 5351
f 5441 5442 5350
f 5354 5355 5358
f 5363 5441 5351
f 5359 5354 5358
f 5352 5363 5351
f 5360 5354 5359
f 5360 5353 5354
f 5361 5353 5360
f 5362 5352 5353
f 5362 5353 5361
f 5428 5390 5427
f 5389 5390 5428
f 5310 5362 5361
f 5429 5389 5428
f 5388 5389 5429
f 5430 5388 5429
f 5387 5388 5430
f 5372 5368 5369
f 5372 5369 5370
f 5372 5370 5371
f 5373 5366 5367
f 5373 5367 5368
f 5373 5368 5372
f 5374 5365 5366
f 5374 5366 5373
f 5375 5365 5374
f 5375 5364 5365
f 5297 5371 5370
f 5376 5364 5375
f 5440 5364 5376
f 5377 5440 5376
f 5431 5387 5430
f 5386 5387 5431
f 5432 5386 5431
f 5385 5386 5432
f 5433 5385 5432
f 5384 5385 5433
f 5439 5440 5377
f 5378 5439 5377
f 5438 5439 5378
f 5379 5438 5378
f 5434 5384 5433
f 5437 5438 5379
f 5383 5384 5434
f 5435 5383 5434
f 5380 5437 5379
f 5382 5435 5436
f 5382 5383 5435
f 5381 5436 5437
f 5381 5382 5436
f 5381 5437 5380
f 5311 5313 5312
f 5319 5320 5413
f 5413 5320 5412
f 5320 5321 5335
f 5361 5306 5310
f 5362 5363 5352
f 5363 5364 5441
f 5370 5300 5297
f 5440 5441 5364
f 5459 5455 5458
f 5456 5455 5459
f 5460 5456 5459
f 5457 5456 5460
f 5311 5457 5460
f 5312 5457 5311
f 5467 5464 5463
f 5467 5468 5464
f 5466 5463 5462
f 5466 5467 5463
f 5465 5462 5461
f 5465 5466 5462
f 5322 5461 5323
f 5322 5465 5461
f 5473 5482 5481
f 5472 5483 5482
f 5472 5482 5473
f 5474 5473 5481
f 5471 5484 5483
f 5471 5483 5472
f 5480 5474 5481
f 5475 5474 5480
f 5485 5484 5471
f 5470 5485 5471
f 5479 5475 5480
f 5476 5475 5479
f 5478 5476 5479
f 5477 5476 5478
f 5469 5486 5485
f 5469 5487 5486
f 5469 5485 5470
f 5493 5458 5455
f 5499 5488 5487
f 5499 5489 5488
f 5499 5487 5469
f 5498 5490 5489
f 5498 5489 5499
f 5497 5491 5490
f 5497 5490 5498
f 5494 5458 5493
f 5495 5493 5492
f 5495 5494 5493
f 5496 5492 5491
f 5496 5495 5492
f 5496 5491 5497
f 5464 5499 5469
f 5499 5464 5468
f 5507 5509 5508
f 5510 5509 5507
f 5506 5510 5507
f 5511 5506 5505
f 5511 5510 5506
f 5504 5511 5505
f 5512 5511 5504
f 5513 5504 5503
f 5513 5512 5504
f 5502 5513 5503
f 5514 5513 5502
f 5515 5502 5501
f 5515 5514 5502
f 5516 5501 5500
f 5516 5515 5501
f 5523 5520 5519
f 5524 5518 5517
f 5524 5519 5518
f 5524 5523 5519
f 5525 5517 5521
f 5525 5524 5517
f 5526 5521 5522
f 5526 5525 5521
f 5508 5522 5507
f 5508 5526 5522
f 5530 5527 5529
f 5528 5527 5530
f 5531 5528 5530
f 5568 5528 5531
f 5532 5568 5531
f 5567 5568 5532
f 5533 5567 5532
f 5566 5567 5533
f 5534 5566 5533
f 5565 5566 5534
f 5535 5565 5534
f 5564 5565 5535
f 5536 5564 5535
f 5563 5564 5536
f 5537 5563 5536
f 5562 5563 5537
f 5538 5562 5537
f 5561 5538 5539
f 5561 5562 5538
f 5560 5539 5540
f 5560 5561 5539
f 5559 5560 5540
f 5558 5540 5541
f 5558 5559 5540
f 5557 5558 5541
f 5557 5541 5542
f 5523 5549 5520
f 5550 5549 5523
f 5550 5548 5549
f 5556 5557 5542
f 5556 5542 5543
f 5551 5547 5548
f 5551 5548 5550
f 5555 5543 5544
f 5555 5556 5543
f 5552 5547 5551
f 5552 5546 5547
f 5554 5544 5545
f 5554 5555 5544
f 5553 5545 5546
f 5553 5554 5545
f 5553 5546 5552
f 5573 5570 5569
f 5573 5576 5570
f 5574 5569 5571
f 5574 5573 5569
f 5575 5571 5572
f 5575 5574 5571
f 5527 5572 5529
f 5527 5575 5572
f 5570 5576 5583
f 5582 5570 5583
f 5584 5570 5582
f 5585 5582 5581
f 5585 5584 5582
f 5586 5585 5581
f 5580 5586 5581
f 5587 5586 5580
f 5588 5580 5579
f 5588 5587 5580
f 5578 5588 5579
f 5589 5578 5577
f 5589 5588 5578
f 5590 5589 5577
f 5592 5591 5610
f 5609 5592 5610
f 5608 5592 5609
f 5593 5592 5608
f 5607 5593 5608
f 5606 5593 5607
f 5594 5593 5606
f 5605 5594 5606
f 5595 5605 5604
f 5595 5594 5605
f 5603 5595 5604
f 5596 5595 5603
f 5597 5603 5602
f 5597 5596 5603
f 5601 5597 5602
f 5598 5597 5601
f 5599 5601 5600
f 5599 5598 5601
f 5616 5612 5611
f 5616 5615 5614
f 5616 5611 5615
f 5617 5614 5613
f 5617 5616 5614
f 5618 5617 5613
f 5591 5613 5610
f 5591 5618 5613
f 5622 5619 5621
f 5620 5619 5622
f 5623 5620 5622
f 5656 5620 5623
f 5624 5656 5623
f 5655 5656 5624
f 5625 5655 5624
f 5654 5655 5625
f 5626 5654 5625
f 5653 5654 5626
f 5627 5653 5626
f 5652 5653 5627
f 5628 5652 5627
f 5651 5652 5628
f 5629 5651 5628
f 5650 5651 5629
f 5630 5650 5629
f 5649 5650 5630
f 5631 5649 5630
f 5648 5649 5631
f 5612 5639 5611
f 5640 5639 5612
f 5647 5631 5632
f 5647 5648 5631
f 5638 5639 5640
f 5641 5638 5640
f 5646 5632 5633
f 5646 5647 5632
f 5637 5638 5641
f 5642 5637 5641
f 5642 5636 5637
f 5645 5646 5633
f 5645 5633 5634
f 5643 5636 5642
f 5643 5635 5636
f 5644 5634 5635
f 5644 5635 5643
f 5644 5645 5634
f 5661 5658 5657
f 5662 5661 5660
f 5662 5658 5661
f 5663 5660 5659
f 5663 5662 5660
f 5664 5663 5659
f 5621 5664 5659
f 5619 5664 5621
f 5667 5681 5680
f 5666 5681 5667
f 5668 5667 5680
f 5682 5681 5666
f 5665 5682 5666
f 5657 5658 5682
f 5657 5682 5665
f 5679 5668 5680
f 5669 5668 5679
f 5670 5679 5678
f 5670 5669 5679
f 5671 5670 5678
f 5677 5671 5678
f 5672 5671 5677
f 5673 5677 5676
f 5673 5672 5677
f 5675 5673 5676
f 5674 5673 5675
f 5722 5720 5719
f 5722 5721 5720
f 5723 5719 5718
f 5723 5722 5719
f 5717 5723 5718
f 5724 5723 5717
f 5725 5717 5716
f 5725 5724 5717
f 5715 5725 5716
f 5726 5725 5715
f 5727 5726 5715
f 5714 5727 5715
f 5728 5727 5714
f 5713 5728 5714
f 5729 5728 5713
f 5730 5729 5713
f 5712 5730 5713
f 5712 5731 5730
f 5711 5731 5712
f 5711 5732 5731
f 5710 5732 5711
f 5710 5733 5732
f 5709 5733 5710
f 5709 5734 5733
f 5708 5734 5709
f 5708 5735 5734
f 5707 5735 5708
f 5707 5736 5735
f 5706 5736 5707
f 5706 5737 5736
f 5705 5737 5706
f 5705 5738 5737
f 5704 5738 5705
f 5704 5739 5738
f 5685 5684 5683
f 5686 5685 5683
f 5703 5739 5704
f 5703 5740 5739
f 5758 5686 5683
f 5687 5686 5758
f 5702 5741 5740
f 5702 5740 5703
f 5688 5687 5758
f 5688 5758 5757
f 5756 5688 5757
f 5701 5741 5702
f 5701 5742 5741
f 5689 5756 5755
f 5689 5688 5756
f 5690 5755 5754
f 5690 5689 5755
f 5700 5743 5742
f 5700 5742 5701
f 5744 5743 5700
f 5699 5744 5700
f 5745 5744 5699
f 5698 5745 5699
f 5746 5745 5698
f 5697 5746 5698
f 5747 5746 5697
f 5696 5747 5697
f 5696 5748 5747
f 5695 5748 5696
f 5695 5749 5748
f 5694 5749 5695
f 5694 5750 5749
f 5753 5690 5754
f 5693 5751 5750
f 5693 5750 5694
f 5692 5751 5693
f 5692 5752 5751
f 5691 5690 5753
f 5691 5752 5692
f 5691 5753 5752
f 5760 5886 5885
f 5760 5759 5886
f 5761 5760 5885
f 5761 5885 5884
f 5883 5761 5884
f 5762 5761 5883
f 5882 5762 5883
f 5763 5762 5882
f 5881 5764 5763
f 5881 5763 5882
f 5880 5765 5764
f 5880 5764 5881
f 5879 5766 5765
f 5879 5765 5880
f 5878 5767 5766
f 5878 5766 5879
f 5877 5767 5878
f 5887 5877 5876
f 5887 5767 5877
f 5875 5889 5887
f 5875 5887 5876
f 5874 5890 5889
f 5874 5889 5875
f 5873 5891 5890
f 5873 5890 5874
f 5872 5891 5873
f 5892 5891 5872
f 5774 5772 5771
f 5774 5773 5772
f 5871 5892 5872
f 5893 5892 5871
f 5775 5771 5770
f 5775 5774 5771
f 5769 5775 5770
f 5776 5769 5768
f 5776 5775 5769
f 5777 5776 5768
f 5888 5777 5768
f 5870 5893 5871
f 5894 5893 5870
f 5895 5894 5870
f 5869 5895 5870
f 5896 5895 5869
f 5868 5896 5869
f 5897 5896 5868
f 5898 5897 5868
f 5898 5867 5866
f 5898 5868 5867
f 5899 5898 5866
f 5900 5866 5865
f 5900 5899 5866
f 5778 5777 5888
f 5929 5900 5865
f 5929 5865 5864
f 5928 5778 5901
f 5779 5778 5928
f 5927 5779 5928
f 5926 5779 5927
f 5930 5864 5863
f 5930 5929 5864
f 5780 5779 5926
f 5931 5863 5862
f 5931 5930 5863
f 5861 5931 5862
f 5932 5931 5861
f 5860 5932 5861
f 5933 5932 5860
f 5925 5781 5780
f 5925 5780 5926
f 5859 5933 5860
f 5934 5933 5859
f 5858 5934 5859
f 5858 5935 5934
f 5924 5782 5781
f 5924 5781 5925
f 5857 5935 5858
f 5857 5936 5935
f 5923 5782 5924
f 5923 5783 5782
f 5922 5784 5783
f 5922 5783 5923
f 5799 5801 5800
f 5856 5936 5857
f 5856 5937 5936
f 5802 5801 5799
f 5921 5785 5784
f 5921 5784 5922
f 5798 5802 5799
f 5803 5797 5796
f 5803 5798 5797
f 5803 5802 5798
f 5804 5803 5796
f 5804 5796 5795
f 5805 5804 5795
f 5805 5795 5794
f 5920 5786 5785
f 5920 5785 5921
f 5911 5805 5794
f 5855 5938 5937
f 5855 5937 5856
f 5787 5786 5920
f 5919 5787 5920
f 5788 5787 5919
f 5854 5938 5855
f 5854 5939 5938
f 5917 5788 5919
f 5789 5788 5917
f 5918 5789 5917
f 5790 5789 5918
f 5960 5790 5918
f 5853 5939 5854
f 5853 5940 5939
f 5791 5790 5960
f 5959 5792 5791
f 5959 5791 5960
f 5958 5792 5959
f 5912 5911 5794
f 5912 5794 5793
f 5957 5792 5958
f 5957 5793 5792
f 5957 5912 5793
f 5828 5908 5907
f 5829 5907 5906
f 5829 5828 5907
f 5830 5906 5905
f 5830 5829 5906
f 5827 5909 5908
f 5827 5908 5828
f 5826 5909 5827
f 5826 5910 5909
f 5825 5910 5826
f 5824 5910 5825
f 5824 5806 5910
f 5823 5806 5824
f 5852 5940 5853
f 5852 5941 5940
f 5813 5815 5814
f 5816 5815 5813
f 5851 5942 5941
f 5851 5941 5852
f 5822 5807 5806
f 5822 5806 5823
f 5812 5816 5813
f 5817 5816 5812
f 5808 5807 5822
f 5850 5942 5851
f 5850 5943 5942
f 5811 5817 5812
f 5821 5808 5822
f 5904 5830 5905
f 5818 5817 5811
f 5818 5811 5810
f 5820 5808 5821
f 5820 5809 5808
f 5831 5830 5904
f 5831 5902 5903
f 5831 5904 5902
f 5819 5818 5810
f 5819 5809 5820
f 5819 5810 5809
f 5832 5831 5903
f 5833 5832 5903
f 5833 5903 5916
f 5834 5833 5916
f 5834 5916 5915
f 5914 5834 5915
f 5835 5914 5913
f 5835 5834 5914
f 5836 5835 5913
f 5944 5943 5850
f 5849 5944 5850
f 5956 5836 5913
f 5837 5836 5956
f 5945 5944 5849
f 5848 5945 5849
f 5946 5945 5848
f 5847 5946 5848
f 5947 5946 5847
f 5846 5947 5847
f 5955 5837 5956
f 5838 5837 5955
f 5948 5947 5846
f 5845 5948 5846
f 5954 5838 5955
f 5839 5838 5954
f 5949 5948 5845
f 5844 5949 5845
f 5953 5839 5954
f 5840 5839 5953
f 5952 5840 5953
f 5950 5949 5844
f 5841 5840 5952
f 5841 5952 5951
f 5843 5950 5844
f 5843 5951 5950
f 5842 5951 5843
f 5842 5841 5951
f 5767 5887 5768
f 5805 5910 5806
f 5805 5911 5910
f 5888 5768 5887
f 5900 5929 5901
f 5929 5928 5901
f 5901 5778 5888
f 5912 5957 5913
f 5956 5913 5957
f 5962 6006 6005
f 5962 5961 6006
f 5963 6003 6002
f 5963 6004 6003
f 5963 6005 6004
f 5963 5962 6005
f 6001 5963 6002
f 5964 6001 6000
f 5964 5963 6001
f 5999 5964 6000
f 5998 5964 5999
f 5997 5964 5998
f 5996 5965 5964
f 5996 5964 5997
f 5995 5966 5965
f 5995 5965 5996
f 5994 5967 5966
f 5994 5966 5995
f 5976 5978 5977
f 5979 5978 5976
f 5993 5968 5967
f 5993 5967 5994
f 5975 5979 5976
f 5980 5979 5975
f 5992 5969 5968
f 5992 5968 5993
f 5981 5980 5975
f 5982 5981 5975
f 5991 5970 5969
f 5991 5969 5992
f 5990 5971 5970
f 5990 5970 5991
f 5989 5971 5990
f 5989 5972 5971
f 5988 5973 5972
f 5988 5974 5973
f 5988 5972 5989
f 5987 5974 5988
f 5983 5982 5975
f 5983 5975 5974
f 5986 5974 5987
f 5984 5983 5974
f 5985 5974 5986
f 5985 5984 5974
f 6074 6086 6085
f 6073 6086 6074
f 6073 6087 6086
f 6075 6084 6083
f 6075 6085 6084
f 6075 6074 6085
f 6072 6087 6073
f 6072 6088 6087
f 6071 6088 6072
f 6076 6083 6082
f 6076 6075 6083
f 6070 6088 6071
f 6070 6089 6088
f 6069 6089 6070
f 6077 6076 6082
f 6077 6082 6081
f 6078 6077 6081
f 6068 6089 6069
f 6068 6007 6089
f 6053 6067 6066
f 6052 6067 6053
f 6054 6053 6066
f 6051 6067 6052
f 6055 6054 6066
f 6055 6066 6065
f 6056 6055 6065
f 6056 6065 6064
f 6050 6067 6051
f 6050 6007 6067
f 6057 6056 6064
f 6057 6063 6062
f 6057 6064 6063
f 6058 6062 6061
f 6058 6057 6062
f 6079 6078 6081
f 6079 6081 6080
f 6060 6058 6061
f 6059 6058 6060
f 6031 6049 6048
f 6047 6031 6048
f 6032 6031 6047
f 6046 6032 6047
f 6033 6032 6046
f 6034 6046 6045
f 6034 6033 6046
f 6035 6045 6044
f 6035 6034 6045
f 6036 6044 6043
f 6036 6035 6044
f 6037 6043 6042
f 6037 6036 6043
f 6041 6037 6042
f 6038 6037 6041
f 6008 6049 6031
f 6029 6009 6008
f 6029 6008 6030
f 6028 6009 6029
f 6010 6009 6028
f 6027 6010 6028
f 6011 6010 6027
f 6026 6011 6027
f 6012 6011 6026
f 6025 6012 6026
f 6013 6012 6025
f 6024 6013 6025
f 6014 6013 6024
f 6023 6014 6024
f 6015 6023 6022
f 6015 6014 6023
f 6021 6015 6022
f 6016 6015 6021
f 6020 6016 6021
f 6017 6016 6020
f 6039 6038 6041
f 6039 6041 6040
f 6018 6020 6019
f 6018 6017 6020
f 6007 6050 6008
f 6050 6049 6008
f 6030 6008 6031
f 6067 6007 6068
f 6093 6091 6090
f 6093 6090 6092
f 6094 6102 6091
f 6094 6091 6093
f 6101 6102 6094
f 6095 6100 6101
f 6095 6101 6094
f 6096 6099 6100
f 6096 6100 6095
f 6097 6098 6099
f 6097 6099 6096
f 6106 6104 6103
f 6107 6104 6106
f 6105 6107 6106
f 6108 6107 6105
f 6092 6108 6105
f 6090 6108 6092
f 6135 6133 6132
f 6135 6134 6133
f 6131 6136 6135
f 6131 6135 6132
f 6137 6136 6131
f 6130 6138 6137
f 6130 6137 6131
f 6129 6139 6138
f 6129 6138 6130
f 6128 6140 6139
f 6128 6139 6129
f 6127 6141 6140
f 6127 6140 6128
f 6126 6142 6141
f 6126 6141 6127
f 6125 6143 6142
f 6125 6142 6126
f 6124 6144 6143
f 6124 6143 6125
f 6123 6145 6144
f 6123 6144 6124
f 6122 6146 6145
f 6122 6145 6123
f 6121 6147 6146
f 6121 6146 6122
f 6120 6147 6121
f 6120 6148 6147
f 6149 6148 6120
f 6119 6149 6120
f 6150 6149 6119
f 6118 6150 6119
f 6151 6150 6118
f 6117 6151 6118
f 6152 6151 6117
f 6116 6152 6117
f 6153 6152 6116
f 6115 6153 6116
f 6154 6153 6115
f 6114 6154 6115
f 6155 6154 6114
f 6113 6155 6114
f 6156 6155 6113
f 6112 6156 6113
f 6157 6156 6112
f 6111 6157 6112
f 6160 6103 6104
f 6158 6157 6111
f 6110 6159 6158
f 6110 6158 6111
f 6109 6160 6159
f 6109 6103 6160
f 6109 6159 6110
f 6165 6162 6161
f 6165 6161 6164
f 6166 6164 6163
f 6166 6165 6164
f 6134 6163 6133
f 6134 6166 6163
f 6167 6161 6162
f 6168 6167 6162
f 6169 6167 6168
f 6177 6167 6169
f 6170 6177 6169
f 6176 6177 6170
f 6171 6176 6170
f 6172 6175 6176
f 6172 6176 6171
f 6174 6175 6172
f 6173 6174 6172
f 6196 6193 6194
f 6196 6194 6195
f 6197 6190 6191
f 6197 6191 6192
f 6197 6192 6193
f 6197 6193 6196
f 6186 6190 6197
f 6198 6187 6186
f 6198 6186 6197
f 6188 6187 6198
f 6189 6188 6198
f 6185 6189 6198
f 6184 6198 6199
f 6184 6185 6198
f 6183 6199 6200
f 6183 6184 6199
f 6182 6200 6201
f 6182 6183 6200
f 6202 6182 6201
f 6210 6211 6212
f 6181 6182 6202
f 6213 6210 6212
f 6203 6181 6202
f 6209 6210 6213
f 6180 6181 6203
f 6214 6209 6213
f 6204 6180 6203
f 6215 6209 6214
f 6216 6209 6215
f 6178 6180 6204
f 6205 6178 6204
f 6179 6178 6205
f 6179 6205 6206
f 6223 6179 6206
f 6223 6206 6207
f 6222 6223 6207
f 6222 6207 6208
f 6218 6222 6208
f 6217 6209 6216
f 6217 6208 6209
f 6219 6218 6208
f 6221 6208 6217
f 6220 6219 6208
f 6220 6208 6221
f 6259 6270 6269
f 6260 6259 6269
f 6260 6268 6267
f 6260 6269 6268
f 6258 6270 6259
f 6258 6271 6270
f 6261 6260 6267
f 6261 6267 6266
f 6257 6271 6258
f 6257 6272 6271
f 6251 6266 6265
f 6251 6261 6266
f 6256 6272 6257
f 6255 6272 6256
f 6255 6273 6272
f 6254 6273 6255
f 6253 6273 6254
f 6253 6274 6273
f 6252 6274 6253
f 6252 6264 6274
f 6277 6245 6265
f 6233 6245 6277
f 6241 6246 6245
f 6241 6247 6246
f 6241 6245 6233
f 6240 6247 6241
f 6240 6248 6247
f 6239 6249 6248
f 6239 6248 6240
f 6238 6249 6239
f 6237 6250 6249
f 6237 6249 6238
f 6236 6250 6237
f 6235 6250 6236
f 6244 6250 6235
f 6234 6244 6235
f 6276 6233 6277
f 6301 6225 6224
f 6301 6224 6276
f 6226 6225 6301
f 6307 6227 6226
f 6307 6228 6227
f 6307 6226 6301
f 6229 6228 6307
f 6306 6230 6229
f 6306 6229 6307
f 6305 6231 6230
f 6305 6230 6306
f 6304 6231 6305
f 6303 6231 6304
f 6232 6231 6303
f 6302 6232 6303
f 6275 6301 6276
f 6291 6275 6287
f 6263 6264 6252
f 6286 6291 6287
f 6262 6263 6252
f 6292 6291 6286
f 6285 6292 6286
f 6293 6292 6285
f 6284 6293 6285
f 6294 6293 6284
f 6283 6294 6284
f 6295 6294 6283
f 6282 6295 6283
f 6282 6296 6295
f 6281 6296 6282
f 6281 6297 6296
f 6280 6297 6281
f 6280 6298 6297
f 6279 6298 6280
f 6279 6299 6298
f 6300 6299 6279
f 6278 6300 6279
f 6278 6290 6300
f 6243 6244 6234
f 6242 6243 6234
f 6308 6232 6302
f 6308 6309 6232
f 6288 6290 6278
f 6288 6289 6290
f 6224 6233 6276
f 6245 6251 6265
f 6291 6301 6275
f 6313 6311 6310
f 6312 6311 6313
f 6316 6329 6330
f 6315 6316 6330
f 6317 6329 6316
f 6331 6315 6330
f 6314 6315 6331
f 6313 6331 6312
f 6310 6331 6313
f 6310 6314 6331
f 6328 6329 6317
f 6318 6328 6317
f 6319 6327 6328
f 6319 6328 6318
f 6320 6327 6319
f 6326 6327 6320
f 6321 6326 6320
f 6322 6325 6326
f 6322 6326 6321
f 6324 6325 6322
f 6323 6324 6322
f 6339 6310 6311
f 6339 6311 6312
f 6332 6338 6339
f 6332 6339 6312
f 6333 6337 6338
f 6333 6338 6332
f 6334 6337 6333
f 6336 6337 6334
f 6335 6336 6334
f 6341 6336 6335
f 6340 6341 6335
f 6342 6341 6340
f 6377 6342 6340
f 6343 6342 6377
f 6376 6343 6377
f 6344 6343 6376
f 6375 6344 6376
f 6345 6344 6375
f 6374 6345 6375
f 6346 6345 6374
f 6373 6346 6374
f 6347 6346 6373
f 6372 6347 6373
f 6348 6347 6372
f 6371 6348 6372
f 6349 6348 6371
f 6370 6349 6371
f 6350 6349 6370
f 6369 6350 6370
f 6360 6359 6358
f 6361 6360 6358
f 6368 6351 6350
f 6368 6350 6369
f 6357 6361 6358
f 6362 6361 6357
f 6367 6352 6351
f 6367 6351 6368
f 6356 6362 6357
f 6363 6362 6356
f 6363 6356 6355
f 6366 6352 6367
f 6366 6353 6352
f 6364 6363 6355
f 6364 6355 6354
f 6365 6354 6353
f 6365 6364 6354
f 6365 6353 6366
f 6383 6359 6360
f 6383 6380 6381
f 6383 6381 6359
f 6384 6379 6380
f 6384 6380 6383
f 6385 6379 6384
f 6382 6378 6379
f 6382 6379 6385
f 6386 6378 6382
f 6403 6378 6386
f 6402 6403 6386
f 6387 6402 6386
f 6401 6402 6387
f 6400 6401 6387
f 6388 6400 6387
f 6399 6400 6388
f 6389 6398 6399
f 6389 6399 6388
f 6397 6398 6389
f 6390 6397 6389
f 6391 6396 6397
f 6391 6397 6390
f 6395 6396 6391
f 6392 6395 6391
f 6393 6394 6395
f 6393 6395 6392
f 6407 6405 6404
f 6407 6404 6406
f 6408 6416 6405
f 6408 6405 6407
f 6415 6416 6408
f 6409 6414 6415
f 6409 6415 6408
f 6410 6413 6414
f 6410 6414 6409
f 6411 6412 6413
f 6411 6413 6410
f 6421 6418 6417
f 6421 6419 6418
f 6422 6419 6421
f 6420 6422 6421
f 6423 6422 6420
f 6406 6423 6420
f 6404 6423 6406
f 6425 6424 6450
f 6449 6425 6450
f 6426 6425 6449
f 6448 6426 6449
f 6427 6426 6448
f 6447 6427 6448
f 6428 6427 6447
f 6446 6428 6447
f 6429 6428 6446
f 6445 6429 6446
f 6430 6429 6445
f 6444 6430 6445
f 6431 6430 6444
f 6443 6431 6444
f 6432 6431 6443
f 6442 6432 6443
f 6433 6432 6442
f 6441 6433 6442
f 6434 6433 6441
f 6440 6434 6441
f 6437 6417 6418
f 6437 6418 6419
f 6435 6434 6440
f 6439 6436 6435
f 6439 6435 6440
f 6438 6437 6436
f 6438 6417 6437
f 6438 6436 6439
f 6450 6452 6451
f 6450 6424 6452
f 6473 6472 6471
f 6474 6473 6471
f 6470 6474 6471
f 6475 6474 6470
f 6491 6453 6492
f 6490 6453 6491
f 6476 6470 6469
f 6476 6475 6470
f 6468 6476 6469
f 6489 6454 6453
f 6489 6453 6490
f 6477 6468 6467
f 6477 6476 6468
f 6478 6467 6466
f 6478 6477 6467
f 6488 6455 6454
f 6488 6454 6489
f 6456 6455 6488
f 6487 6456 6488
f 6457 6456 6487
f 6486 6457 6487
f 6458 6457 6486
f 6485 6458 6486
f 6459 6458 6485
f 6484 6459 6485
f 6484 6460 6459
f 6483 6460 6484
f 6483 6461 6460
f 6482 6461 6483
f 6482 6462 6461
f 6465 6478 6466
f 6481 6463 6462
f 6481 6462 6482
f 6480 6464 6463
f 6480 6463 6481
f 6479 6465 6464
f 6479 6478 6465
f 6479 6464 6480
f 6491 6494 6493
f 6491 6492 6494
f 6498 6496 6495
f 6497 6496 6498
f 6498 6512 6497
f 6495 6512 6498
f 6511 6512 6495
f 6499 6511 6495
f 6500 6510 6511
f 6500 6511 6499
f 6501 6510 6500
f 6509 6510 6501
f 6502 6509 6501
f 6503 6508 6509
f 6503 6509 6502
f 6507 6508 6503
f 6504 6506 6507
f 6504 6507 6503
f 6505 6506 6504
f 6518 6495 6496
f 6497 6518 6496
f 6513 6517 6518
f 6513 6518 6497
f 6514 6519 6517
f 6514 6517 6513
f 6515 6520 6519
f 6515 6519 6514
f 6516 6521 6520
f 6516 6520 6515
f 6523 6521 6516
f 6522 6523 6516
f 6524 6523 6522
f 6563 6524 6522
f 6525 6524 6563
f 6562 6525 6563
f 6526 6525 6562
f 6561 6526 6562
f 6527 6526 6561
f 6560 6527 6561
f 6528 6527 6560
f 6559 6528 6560
f 6529 6528 6559
f 6558 6529 6559
f 6530 6529 6558
f 6557 6530 6558
f 6531 6530 6557
f 6556 6532 6531
f 6556 6531 6557
f 6555 6533 6532
f 6555 6532 6556
f 6554 6533 6555
f 6553 6534 6533
f 6553 6533 6554
f 6552 6535 6534
f 6552 6534 6553
f 6544 6543 6542
f 6545 6544 6542
f 6545 6542 6541
f 6551 6535 6552
f 6551 6536 6535
f 6546 6541 6540
f 6546 6545 6541
f 6550 6537 6536
f 6550 6536 6551
f 6549 6538 6537
f 6549 6537 6550
f 6547 6546 6540
f 6547 6540 6539
f 6548 6539 6538
f 6548 6538 6549
f 6548 6547 6539
f 6544 6566 6543
f 6571 6564 6565
f 6571 6565 6566
f 6571 6566 6544
f 6572 6567 6564
f 6572 6564 6571
f 6573 6568 6567
f 6573 6567 6572
f 6570 6569 6568
f 6570 6568 6573
f 6569 6570 6581
f 6582 6569 6581
f 6580 6569 6582
f 6583 6579 6580
f 6583 6580 6582
f 6578 6579 6583
f 6584 6578 6583
f 6585 6577 6578
f 6585 6578 6584
f 6576 6577 6585
f 6586 6576 6585
f 6587 6575 6576
f 6587 6576 6586
f 6588 6574 6575
f 6588 6575 6587
f 6596 6595 6594
f 6596 6591 6595
f 6592 6591 6596
f 6597 6592 6596
f 6593 6592 6597
f 6589 6593 6597
f 6590 6593 6589
f 6615 6612 6613
f 6615 6613 6614
f 6616 6612 6615
f 6611 6612 6616
f 6617 6611 6616
f 6609 6607 6608
f 6618 6610 6611
f 6618 6611 6617
f 6619 6609 6610
f 6619 6610 6618
f 6606 6607 6609
f 6606 6609 6619
f 6620 6606 6619
f 6699 6590 6598
f 6599 6698 6699
f 6599 6699 6598
f 6600 6697 6698
f 6600 6698 6599
f 6704 6692 6703
f 6704 6691 6692
f 6601 6696 6697
f 6601 6697 6600
f 6693 6703 6692
f 6602 6696 6601
f 6705 6691 6704
f 6705 6690 6691
f 6603 6696 6602
f 6603 6695 6696
f 6604 6695 6603
f 6604 6694 6695
f 6702 6694 6604
f 6702 6703 6693
f 6702 6693 6694
f 6689 6690 6705
f 6706 6689 6705
f 6688 6689 6706
f 6707 6688 6706
f 6687 6688 6707
f 6708 6687 6707
f 6621 6605 6620
f 6701 6605 6621
f 6700 6701 6621
f 6622 6700 6621
f 6743 6700 6622
f 6623 6743 6622
f 6686 6708 6709
f 6686 6687 6708
f 6742 6623 6624
f 6742 6743 6623
f 6741 6624 6625
f 6741 6742 6624
f 6685 6709 6710
f 6685 6686 6709
f 6740 6625 6626
f 6740 6741 6625
f 6684 6710 6711
f 6684 6685 6710
f 6739 6626 6627
f 6739 6740 6626
f 6683 6711 6712
f 6683 6684 6711
f 6738 6627 6628
f 6738 6739 6627
f 6629 6738 6628
f 6737 6738 6629
f 6682 6712 6713
f 6682 6683 6712
f 6630 6737 6629
f 6736 6737 6630
f 6681 6713 6714
f 6681 6682 6713
f 6631 6736 6630
f 6735 6736 6631
f 6632 6735 6631
f 6734 6735 6632
f 6680 6681 6714
f 6680 6714 6715
f 6633 6734 6632
f 6733 6734 6633
f 6640 6641 6642
f 6643 6640 6642
f 6634 6733 6633
f 6716 6680 6715
f 6732 6733 6634
f 6732 6634 6635
f 6731 6732 6635
f 6679 6680 6716
f 6730 6635 6636
f 6730 6731 6635
f 6639 6640 6643
f 6650 6730 6636
f 6644 6639 6643
f 6637 6650 6636
f 6645 6639 6644
f 6645 6638 6639
f 6646 6638 6645
f 6649 6637 6638
f 6649 6638 6646
f 6717 6679 6716
f 6678 6679 6717
f 6648 6649 6646
f 6718 6678 6717
f 6677 6678 6718
f 6719 6677 6718
f 6676 6677 6719
f 6661 6655 6656
f 6661 6656 6657
f 6661 6657 6660
f 6662 6653 6654
f 6662 6654 6655
f 6662 6655 6661
f 6663 6652 6653
f 6663 6653 6662
f 6664 6652 6663
f 6664 6651 6652
f 6659 6660 6657
f 6665 6651 6664
f 6729 6651 6665
f 6666 6729 6665
f 6720 6676 6719
f 6675 6676 6720
f 6721 6675 6720
f 6674 6675 6721
f 6722 6674 6721
f 6673 6674 6722
f 6728 6729 6666
f 6667 6728 6666
f 6727 6728 6667
f 6668 6727 6667
f 6723 6673 6722
f 6726 6727 6668
f 6672 6673 6723
f 6724 6672 6723
f 6669 6726 6668
f 6671 6724 6725
f 6671 6672 6724
f 6670 6725 6726
f 6670 6671 6725
f 6670 6726 6669
f 6589 6598 6590
f 6604 6605 6702
f 6702 6605 6701
f 6605 6606 6620
f 6646 6647 6648
f 6649 6650 6637
f 6650 6651 6730
f 6657 6658 6659
f 6729 6730 6651
f 6746 6659 6658
f 6746 6658 6748
f 6747 6748 6749
f 6747 6746 6748
f 6745 6749 6744
f 6745 6747 6749
f 6750 6744 6782
f 6750 6745 6744
f 6781 6750 6782
f 6751 6750 6781
f 6780 6752 6751
f 6780 6751 6781
f 6779 6753 6752
f 6779 6752 6780
f 6778 6754 6753
f 6778 6753 6779
f 6777 6754 6778
f 6755 6754 6777
f 6756 6755 6777
f 6774 6757 6756
f 6774 6777 6775
f 6774 6756 6777
f 6773 6758 6757
f 6773 6757 6774
f 6772 6759 6758
f 6772 6758 6773
f 6771 6760 6759
f 6771 6759 6772
f 6770 6760 6771
f 6761 6760 6770
f 6769 6761 6770
f 6762 6761 6769
f 6768 6762 6769
f 6763 6762 6768
f 6764 6763 6768
f 6764 6768 6767
f 6765 6764 6767
f 6765 6767 6766
f 6776 6775 6777
f 6788 6648 6647
f 6785 6648 6788
f 6787 6785 6788
f 6784 6785 6787
f 6786 6784 6787
f 6783 6784 6786
f 6775 6783 6786
f 6776 6783 6775
f 6797 6794 6793
f 6791 6792 6794
f 6791 6794 6797
f 6790 6797 6796
f 6790 6791 6797
f 6789 6796 6795
f 6789 6790 6796
f 6607 6795 6608
f 6607 6789 6795
f 6798 6793 6794
f 6792 6798 6794
f 6803 6812 6811
f 6802 6813 6812
f 6802 6812 6803
f 6804 6803 6811
f 6801 6814 6813
f 6801 6813 6802
f 6810 6804 6811
f 6805 6804 6810
f 6815 6814 6801
f 6800 6815 6801
f 6809 6805 6810
f 6806 6805 6809
f 6808 6806 6809
f 6807 6806 6808
f 6799 6816 6815
f 6799 6817 6816
f 6799 6815 6800
f 6823 6594 6595
f 6823 6595 6591
f 6829 6818 6817
f 6829 6819 6818
f 6829 6817 6799
f 6828 6820 6819
f 6828 6819 6829
f 6827 6821 6820
f 6827 6820 6828
f 6824 6594 6823
f 6825 6824 6823
f 6825 6823 6822
f 6826 6825 6822
f 6826 6822 6821
f 6826 6821 6827
f 6793 6829 6799
f 6829 6798 6792
f 6829 6793 6798
f 6905 6907 6906
f 6908 6907 6905
f 6904 6908 6905
f 6909 6908 6904
f 6909 6903 6902
f 6909 6904 6903
f 6892 6891 6890
f 6910 6909 6902
f 6910 6902 6901
f 6911 6910 6901
f 6911 6901 6900
f 6889 6892 6890
f 6933 6911 6900
f 6893 6892 6889
f 6888 6893 6889
f 6894 6893 6888
f 6887 6894 6888
f 6895 6894 6887
f 6886 6895 6887
f 6896 6895 6886
f 6885 6896 6886
f 6897 6896 6885
f 6884 6897 6885
f 6884 6898 6897
f 6883 6898 6884
f 6934 6933 6900
f 6934 6900 6899
f 6882 6899 6898
f 6882 6898 6883
f 6882 6934 6899
f 6843 6930 6929
f 6844 6843 6929
f 6844 6929 6928
f 6845 6844 6928
f 6845 6928 6927
f 6842 6931 6930
f 6842 6930 6843
f 6841 6932 6931
f 6841 6931 6842
f 6840 6932 6841
f 6839 6912 6932
f 6839 6932 6840
f 6838 6912 6839
f 6919 6830 6920
f 6831 6830 6919
f 6837 6912 6838
f 6837 6913 6912
f 6918 6831 6919
f 6868 6867 6866
f 6832 6831 6918
f 6914 6913 6837
f 6865 6868 6866
f 6917 6832 6918
f 6836 6914 6837
f 6926 6845 6927
f 6833 6832 6917
f 6833 6917 6916
f 6835 6914 6836
f 6835 6915 6914
f 6846 6845 6926
f 6846 6925 6924
f 6846 6926 6925
f 6834 6833 6916
f 6834 6915 6835
f 6834 6916 6915
f 6847 6846 6924
f 6848 6847 6924
f 6848 6924 6923
f 6849 6848 6923
f 6849 6923 6921
f 6922 6849 6921
f 6850 6922 6935
f 6850 6849 6922
f 6851 6850 6935
f 6869 6868 6865
f 6864 6869 6865
f 6881 6851 6935
f 6852 6851 6881
f 6870 6869 6864
f 6863 6870 6864
f 6871 6870 6863
f 6862 6871 6863
f 6872 6871 6862
f 6861 6872 6862
f 6880 6852 6881
f 6853 6852 6880
f 6873 6872 6861
f 6860 6873 6861
f 6879 6853 6880
f 6854 6853 6879
f 6874 6873 6860
f 6859 6874 6860
f 6878 6854 6879
f 6855 6854 6878
f 6877 6855 6878
f 6875 6874 6859
f 6856 6855 6877
f 6856 6877 6876
f 6858 6875 6859
f 6858 6876 6875
f 6857 6856 6876
f 6857 6876 6858
f 6881 6935 6882
f 6911 6932 6912
f 6911 6933 6932
f 6934 6882 6935
f 6866 6937 6936
f 6866 6867 6937
f 6890 6939 6938
f 6890 6891 6939
f 6962 6940 6963
f 6941 6940 6962
f 6961 6941 6962
f 6942 6941 6961
f 6943 6942 6961
f 6944 6943 6961
f 6953 6955 6954
f 6953 6956 6955
f 6952 6957 6956
f 6952 6956 6953
f 6951 6958 6957
f 6951 6957 6952
f 6950 6959 6958
f 6950 6960 6959
f 6950 6958 6951
f 6949 6960 6950
f 6945 6961 6960
f 6945 6944 6961
f 6948 6960 6949
f 6946 6945 6960
f 6947 6960 6948
f 6947 6946 6960
f 6954 6965 6964
f 6954 6955 6965
f 7008 6966 7009
f 6990 7008 7007
f 7006 6990 7007
f 6991 6990 7006
f 7005 6991 7006
f 6992 6991 7005
f 6993 7005 7004
f 6993 6992 7005
f 6994 7004 7003
f 6994 6993 7004
f 6995 7003 7002
f 6995 6994 7003
f 6996 7002 7001
f 6996 6995 7002
f 7000 6996 7001
f 6997 6996 7000
f 6967 7008 6990
f 6988 6968 6967
f 6988 6967 6989
f 6987 6968 6988
f 6969 6968 6987
f 6986 6969 6987
f 6970 6969 6986
f 6985 6970 6986
f 6971 6970 6985
f 6984 6971 6985
f 6972 6971 6984
f 6983 6972 6984
f 6973 6972 6983
f 6982 6973 6983
f 6974 6973 6982
f 6974 6982 6981
f 6980 6974 6981
f 6975 6974 6980
f 6979 6975 6980
f 6976 6975 6979
f 6998 7000 6999
f 6998 6997 7000
f 6977 6979 6978
f 6977 6976 6979
f 6966 7008 6967
f 6989 6967 6990
f 7009 7011 7010
f 7009 6966 7011
f 7037 7049 7048
f 7036 7050 7049
f 7036 7049 7037
f 7038 7047 7046
f 7038 7048 7047
f 7038 7037 7048
f 7035 7051 7050
f 7035 7050 7036
f 7034 7051 7035
f 7039 7046 7045
f 7039 7038 7046
f 7033 7052 7051
f 7033 7051 7034
f 7032 7052 7033
f 7040 7045 7044
f 7040 7039 7045
f 7041 7040 7044
f 7031 7053 7052
f 7031 7052 7032
f 7016 7030 7029
f 7015 7030 7016
f 7017 7016 7029
f 7014 7030 7015
f 7018 7029 7028
f 7018 7017 7029
f 7019 7018 7028
f 7019 7028 7027
f 7013 7030 7014
f 7013 7053 7030
f 7020 7026 7025
f 7020 7019 7027
f 7020 7027 7026
f 7021 7025 7024
f 7021 7020 7025
f 7042 7044 7043
f 7042 7041 7044
f 7012 7054 7013
f 7023 7021 7024
f 7022 7021 7023
f 7030 7053 7031
f 7053 7013 7054
f 7056 7055 7054
f 7056 7054 7012
f 7082 7080 7079
f 7082 7081 7080
f 7083 7079 7078
f 7083 7082 7079
f 7077 7083 7078
f 7084 7083 7077
f 7085 7077 7076
f 7085 7084 7077
f 7075 7085 7076
f 7086 7085 7075
f 7087 7086 7075
f 7074 7087 7075
f 7088 7087 7074
f 7073 7088 7074
f 7089 7088 7073
f 7090 7089 7073
f 7072 7091 7090
f 7072 7090 7073
f 7071 7092 7091
f 7071 7091 7072
f 7070 7093 7092
f 7070 7092 7071
f 7069 7094 7093
f 7069 7093 7070
f 7068 7095 7094
f 7068 7094 7069
f 7067 7096 7095
f 7067 7095 7068
f 7066 7057 7096
f 7066 7096 7067
f 7065 7058 7057
f 7065 7057 7066
f 7064 7059 7058
f 7064 7058 7065
f 7063 7060 7059
f 7063 7059 7064
f 7062 7061 7060
f 7062 7060 7063
f 7097 7061 7062
f 7097 7098 7061
f 7100 7187 7186
f 7100 7099 7187
f 7101 7100 7186
f 7101 7186 7185
f 7184 7101 7185
f 7102 7101 7184
f 7183 7102 7184
f 7103 7102 7183
f 7182 7104 7103
f 7182 7103 7183
f 7181 7105 7104
f 7181 7104 7182
f 7180 7106 7105
f 7180 7105 7181
f 7179 7107 7106
f 7179 7106 7180
f 7178 7107 7179
f 7200 7107 7178
f 7200 7178 7177
f 7176 7201 7200
f 7176 7200 7177
f 7175 7202 7201
f 7175 7201 7176
f 7174 7189 7202
f 7174 7202 7175
f 7173 7189 7174
f 7188 7189 7173
f 7114 7112 7111
f 7114 7113 7112
f 7172 7188 7173
f 7190 7188 7172
f 7115 7111 7110
f 7115 7114 7111
f 7109 7115 7110
f 7116 7109 7108
f 7116 7115 7109
f 7117 7116 7108
f 7199 7117 7108
f 7171 7190 7172
f 7191 7190 7171
f 7192 7191 7171
f 7170 7192 7171
f 7193 7192 7170
f 7169 7193 7170
f 7194 7193 7169
f 7195 7194 7169
f 7195 7168 7167
f 7195 7169 7168
f 7196 7195 7167
f 7197 7196 7167
f 7197 7167 7166
f 7118 7117 7199
f 7136 7197 7166
f 7136 7166 7165
f 7135 7118 7198
f 7119 7118 7135
f 7134 7119 7135
f 7133 7119 7134
f 7137 7136 7165
f 7137 7165 7164
f 7120 7119 7133
f 7138 7137 7164
f 7138 7164 7163
f 7162 7138 7163
f 7139 7138 7162
f 7161 7139 7162
f 7140 7139 7161
f 7132 7121 7120
f 7132 7120 7133
f 7160 7140 7161
f 7141 7140 7160
f 7159 7142 7141
f 7159 7141 7160
f 7131 7122 7121
f 7131 7121 7132
f 7158 7143 7142
f 7158 7142 7159
f 7130 7123 7122
f 7130 7122 7131
f 7129 7124 7123
f 7129 7123 7130
f 7157 7144 7143
f 7157 7143 7158
f 7128 7125 7124
f 7128 7124 7129
f 7127 7126 7125
f 7127 7125 7128
f 7156 7145 7144
f 7156 7144 7157
f 7155 7146 7145
f 7155 7145 7156
f 7154 7147 7146
f 7154 7146 7155
f 7153 7147 7154
f 7153 7148 7147
f 7152 7148 7153
f 7152 7149 7148
f 7151 7149 7152
f 7151 7150 7149
f 7107 7200 7108
f 7135 7197 7136
f 7135 7198 7197
f 7198 7118 7199
f 7199 7108 7200
f 7204 7203 7150
f 7204 7150 7151
f 7206 7205 7126
f 7206 7126 7127
f 7208 7230 7229
f 7208 7207 7230
f 7209 7227 7226
f 7209 7228 7227
f 7209 7229 7228
f 7209 7208 7229
f 7225 7209 7226
f 7210 7225 7224
f 7210 7209 7225
f 7223 7210 7224
f 7222 7210 7223
f 7221 7210 7222
f 7220 7211 7210
f 7220 7210 7221
f 7219 7212 7211
f 7219 7211 7220
f 7218 7213 7212
f 7218 7212 7219
f 7217 7214 7213
f 7217 7213 7218
f 7216 7215 7214
f 7216 7214 7217
f 7231 7215 7216
f 7231 7232 7215
f 7240 7236 7235
f 7240 7239 7236
f 7241 7235 7234
f 7241 7240 7235
f 7237 7234 7233
f 7238 7241 7234
f 7238 7234 7237
f 7256 7233 7254
f 7256 7255 7233
f 7256 7238 7255
f 7253 7257 7256
f 7253 7256 7254
f 7258 7257 7253
f 7252 7259 7258
f 7252 7258 7253
f 7251 7260 7259
f 7251 7259 7252
f 7250 7261 7260
f 7250 7260 7251
f 7249 7262 7261
f 7249 7261 7250
f 7248 7263 7262
f 7248 7262 7249
f 7247 7264 7263
f 7247 7263 7248
f 7246 7265 7264
f 7246 7264 7247
f 7245 7266 7265
f 7245 7265 7246
f 7244 7267 7266
f 7244 7266 7245
f 7243 7268 7267
f 7243 7267 7244
f 7242 7269 7268
f 7242 7268 7243
f 7255 7237 7233
f 7238 7237 7255
f 7270 7236 7239
f 7271 7270 7239
f 7272 7270 7271
f 7280 7270 7272
f 7273 7280 7272
f 7279 7280 7273
f 7274 7279 7273
f 7275 7278 7279
f 7275 7279 7274
f 7277 7278 7275
f 7276 7277 7275
f 7282 7281 7269
f 7282 7269 7242
f 7301 7298 7299
f 7301 7299 7300
f 7302 7295 7296
f 7302 7296 7297
f 7302 7297 7298
f 7302 7298 7301
f 7291 7295 7302
f 7303 7292 7291
f 7303 7291 7302
f 7293 7292 7303
f 7294 7293 7303
f 7290 7294 7303
f 7289 7303 7304
f 7289 7290 7303
f 7288 7304 7305
f 7288 7289 7304
f 7287 7305 7306
f 7287 7288 7305
f 7307 7287 7306
f 7315 7316 7317
f 7286 7287 7307
f 7318 7315 7317
f 7308 7286 7307
f 7314 7315 7318
f 7285 7286 7308
f 7319 7314 7318
f 7309 7285 7308
f 7320 7314 7319
f 7321 7314 7320
f 7283 7285 7309
f 7310 7283 7309
f 7284 7283 7310
f 7284 7310 7311
f 7328 7284 7311
f 7328 7311 7312
f 7327 7328 7312
f 7327 7312 7313
f 7323 7327 7313
f 7322 7314 7321
f 7322 7313 7314
f 7324 7323 7313
f 7326 7313 7322
f 7325 7324 7313
f 7325 7313 7326
f 7364 7375 7374
f 7365 7364 7374
f 7365 7373 7372
f 7365 7374 7373
f 7363 7375 7364
f 7363 7376 7375
f 7366 7365 7372
f 7366 7372 7371
f 7362 7376 7363
f 7362 7377 7376
f 7356 7371 7370
f 7356 7366 7371
f 7361 7377 7362
f 7360 7377 7361
f 7360 7378 7377
f 7359 7378 7360
f 7358 7378 7359
f 7358 7379 7378
f 7357 7379 7358
f 7357 7369 7379
f 7382 7350 7370
f 7338 7350 7382
f 7346 7351 7350
f 7346 7352 7351
f 7346 7350 7338
f 7345 7352 7346
f 7345 7353 7352
f 7344 7354 7353
f 7344 7353 7345
f 7343 7354 7344
f 7342 7355 7354
f 7342 7354 7343
f 7341 7355 7342
f 7340 7355 7341
f 7349 7355 7340
f 7339 7349 7340
f 7381 7338 7382
f 7406 7330 7329
f 7406 7329 7381
f 7331 7330 7406
f 7412 7332 7331
f 7412 7333 7332
f 7412 7331 7406
f 7334 7333 7412
f 7411 7335 7334
f 7411 7334 7412
f 7410 7336 7335
f 7410 7335 7411
f 7409 7336 7410
f 7408 7336 7409
f 7337 7336 7408
f 7407 7337 7408
f 7380 7406 7381
f 7396 7380 7392
f 7368 7369 7357
f 7391 7396 7392
f 7367 7368 7357
f 7397 7396 7391
f 7390 7397 7391
f 7398 7397 7390
f 7389 7398 7390
f 7399 7398 7389
f 7388 7399 7389
f 7400 7399 7388
f 7387 7400 7388
f 7387 7401 7400
f 7386 7401 7387
f 7386 7402 7401
f 7385 7402 7386
f 7385 7403 7402
f 7384 7403 7385
f 7384 7404 7403
f 7405 7404 7384
f 7383 7405 7384
f 7383 7395 7405
f 7348 7349 7339
f 7347 7348 7339
f 7413 7337 7407
f 7413 7414 7337
f 7393 7395 7383
f 7393 7394 7395
f 7329 7338 7381
f 7350 7356 7370
f 7396 7406 7380
f 7424 7418 7417
f 7425 7416 7415
f 7425 7417 7416
f 7425 7424 7417
f 7426 7415 7419
f 7426 7425 7415
f 7422 7420 7421
f 7427 7419 7420
f 7427 7426 7419
f 7427 7420 7422
f 7423 7427 7422
f 7443 7428 7423
f 7429 7428 7443
f 7421 7429 7443
f 7430 7442 7441
f 7430 7421 7442
f 7430 7429 7421
f 7440 7430 7441
f 7431 7430 7440
f 7432 7440 7439
f 7432 7431 7440
f 7438 7432 7439
f 7433 7432 7438
f 7434 7438 7437
f 7434 7433 7438
f 7435 7437 7436
f 7435 7434 7437
f 7443 7422 7421
f 7423 7422 7443
f 7447 7444 7446
f 7445 7444 7447
f 7448 7445 7447
f 7485 7445 7448
f 7449 7485 7448
f 7484 7485 7449
f 7450 7484 7449
f 7483 7484 7450
f 7451 7483 7450
f 7482 7483 7451
f 7452 7482 7451
f 7481 7482 7452
f 7453 7481 7452
f 7480 7481 7453
f 7454 7480 7453
f 7479 7480 7454
f 7455 7479 7454
f 7478 7455 7456
f 7478 7479 7455
f 7477 7456 7457
f 7477 7478 7456
f 7476 7477 7457
f 7475 7457 7458
f 7475 7476 7457
f 7474 7458 7459
f 7474 7475 7458
f 7424 7466 7418
f 7467 7466 7424
f 7467 7465 7466
f 7473 7474 7459
f 7473 7459 7460
f 7468 7464 7465
f 7468 7465 7467
f 7472 7473 7460
f 7472 7460 7461
f 7469 7463 7464
f 7469 7464 7468
f 7471 7461 7462
f 7471 7472 7461
f 7470 7471 7462
f 7470 7462 7463
f 7470 7463 7469
f 7486 7489 7490
f 7486 7490 7491
f 7487 7491 7492
f 7487 7486 7491
f 7493 7487 7492
f 7488 7487 7493
f 7444 7493 7446
f 7444 7488 7493
f 7490 7489 7500
f 7499 7490 7500
f 7501 7490 7499
f 7502 7499 7498
f 7502 7501 7499
f 7503 7502 7498
f 7497 7503 7498
f 7504 7503 7497
f 7505 7497 7496
f 7505 7504 7497
f 7495 7505 7496
f 7506 7495 7494
f 7506 7505 7495
f 7507 7506 7494
f 7516 7511 7510
f 7516 7512 7511
f 7516 7515 7512
f 7517 7510 7509
f 7517 7516 7510
f 7518 7517 7509
f 7513 7509 7508
f 7513 7518 7509
f 7514 7518 7513
f 7519 7537 7508
f 7519 7514 7537
f 7536 7519 7508
f 7535 7519 7536
f 7520 7519 7535
f 7534 7520 7535
f 7533 7520 7534
f 7521 7520 7533
f 7532 7521 7533
f 7522 7532 7531
f 7522 7521 7532
f 7530 7522 7531
f 7523 7522 7530
f 7524 7530 7529
f 7524 7523 7530
f 7528 7524 7529
f 7525 7524 7528
f 7526 7528 7527
f 7526 7525 7528
f 7537 7513 7508
f 7514 7513 7537
f 7541 7538 7540
f 7539 7538 7541
f 7542 7539 7541
f 7575 7539 7542
f 7543 7575 7542
f 7574 7575 7543
f 7544 7574 7543
f 7573 7574 7544
f 7545 7573 7544
f 7572 7573 7545
f 7546 7572 7545
f 7571 7572 7546
f 7547 7571 7546
f 7570 7571 7547
f 7548 7570 7547
f 7569 7570 7548
f 7549 7569 7548
f 7568 7569 7549
f 7550 7568 7549
f 7567 7568 7550
f 7515 7558 7512
f 7559 7558 7515
f 7566 7550 7551
f 7566 7567 7550
f 7557 7558 7559
f 7560 7557 7559
f 7565 7551 7552
f 7565 7566 7551
f 7556 7557 7560
f 7561 7556 7560
f 7561 7555 7556
f 7564 7565 7552
f 7564 7552 7553
f 7562 7555 7561
f 7562 7554 7555
f 7563 7553 7554
f 7563 7554 7562
f 7563 7564 7553
f 7583 7576 7580
f 7577 7583 7582
f 7577 7576 7583
f 7578 7582 7581
f 7578 7577 7582
f 7579 7578 7581
f 7540 7579 7581
f 7538 7579 7540
f 7586 7600 7599
f 7585 7600 7586
f 7587 7586 7599
f 7601 7600 7585
f 7584 7601 7585
f 7580 7576 7601
f 7580 7601 7584
f 7598 7587 7599
f 7588 7587 7598
f 7589 7598 7597
f 7589 7588 7598
f 7590 7589 7597
f 7596 7590 7597
f 7591 7590 7596
f 7592 7596 7595
f 7592 7591 7596
f 7594 7592 7595
f 7593 7592 7594
f 7605 7612 7606
f 7611 7612 7605
f 7604 7611 7605
f 7610 7611 7604
f 7603 7610 7604
f 7609 7610 7603
f 7607 7603 7602
f 7607 7609 7603
f 7608 7609 7607
f 7614 7613 7617
f 7614 7617 7618
f 7615 7618 7619
f 7615 7614 7618
f 7621 7619 7620
f 7616 7615 7619
f 7616 7619 7621
f 7623 7622 7620
f 7623 7616 7622
f 7623 7620 7654
f 7653 7623 7654
f 7624 7623 7653
f 7652 7625 7624
f 7652 7624 7653
f 7651 7626 7625
f 7651 7625 7652
f 7650 7627 7626
f 7650 7626 7651
f 7649 7627 7650
f 7628 7627 7649
f 7629 7628 7649
f 7647 7630 7629
f 7647 7649 7602
f 7647 7629 7649
f 7646 7631 7630
f 7646 7630 7647
f 7645 7632 7631
f 7645 7631 7646
f 7644 7633 7632
f 7644 7632 7645
f 7643 7633 7644
f 7634 7633 7643
f 7642 7634 7643
f 7635 7634 7642
f 7641 7635 7642
f 7636 7635 7641
f 7637 7636 7641
f 7637 7641 7640
f 7638 7637 7640
f 7638 7640 7639
f 7608 7648 7649
f 7648 7602 7649
f 7622 7621 7620
f 7616 7621 7622
f 7674 7671 7672
f 7674 7672 7673
f 7675 7671 7674
f 7670 7671 7675
f 7676 7670 7675
f 7668 7666 7667
f 7677 7669 7670
f 7677 7670 7676
f 7678 7668 7669
f 7678 7669 7677
f 7665 7666 7668
f 7665 7668 7678
f 7679 7665 7678
f 7754 7656 7657
f 7658 7753 7754
f 7658 7754 7657
f 7659 7752 7753
f 7659 7753 7658
f 7759 7747 7758
f 7759 7746 7747
f 7660 7751 7752
f 7660 7752 7659
f 7748 7758 7747
f 7661 7751 7660
f 7760 7746 7759
f 7760 7745 7746
f 7662 7751 7661
f 7662 7750 7751
f 7663 7750 7662
f 7663 7749 7750
f 7757 7749 7663
f 7757 7758 7748
f 7757 7748 7749
f 7744 7745 7760
f 7761 7744 7760
f 7743 7744 7761
f 7762 7743 7761
f 7742 7743 7762
f 7763 7742 7762
f 7680 7664 7679
f 7756 7664 7680
f 7755 7756 7680
f 7681 7755 7680
f 7798 7755 7681
f 7682 7798 7681
f 7741 7763 7764
f 7741 7742 7763
f 7797 7682 7683
f 7797 7798 7682
f 7796 7683 7684
f 7796 7797 7683
f 7740 7764 7765
f 7740 7741 7764
f 7795 7684 7685
f 7795 7796 7684
f 7739 7765 7766
f 7739 7740 7765
f 7794 7685 7686
f 7794 7795 7685
f 7738 7766 7767
f 7738 7739 7766
f 7793 7686 7687
f 7793 7794 7686
f 7688 7793 7687
f 7792 7793 7688
f 7737 7767 7768
f 7737 7738 7767
f 7689 7792 7688
f 7791 7792 7689
f 7736 7768 7769
f 7736 7737 7768
f 7690 7791 7689
f 7790 7791 7690
f 7691 7790 7690
f 7789 7790 7691
f 7735 7736 7769
f 7735 7769 7770
f 7692 7789 7691
f 7788 7789 7692
f 7699 7700 7701
f 7702 7699 7701
f 7693 7788 7692
f 7771 7735 7770
f 7787 7788 7693
f 7787 7693 7694
f 7786 7787 7694
f 7734 7735 7771
f 7785 7694 7695
f 7785 7786 7694
f 7698 7699 7702
f 7707 7785 7695
f 7703 7698 7702
f 7696 7707 7695
f 7704 7698 7703
f 7704 7697 7698
f 7705 7697 7704
f 7706 7696 7697
f 7706 7697 7705
f 7772 7734 7771
f 7733 7734 7772
f 7612 7706 7705
f 7773 7733 7772
f 7732 7733 7773
f 7774 7732 7773
f 7731 7732 7774
f 7716 7712 7713
f 7716 7713 7714
f 7716 7714 7715
f 7717 7710 7711
f 7717 7711 7712
f 7717 7712 7716
f 7718 7709 7710
f 7718 7710 7717
f 7719 7709 7718
f 7719 7708 7709
f 7613 7715 7714
f 7720 7708 7719
f 7784 7708 7720
f 7721 7784 7720
f 7775 7731 7774
f 7730 7731 7775
f 7776 7730 7775
f 7729 7730 7776
f 7777 7729 7776
f 7728 7729 7777
f 7783 7784 7721
f 7722 7783 7721
f 7782 7783 7722
f 7723 7782 7722
f 7778 7728 7777
f 7781 7782 7723
f 7727 7728 7778
f 7779 7727 7778
f 7724 7781 7723
f 7726 7779 7780
f 7726 7727 7779
f 7725 7780 7781
f 7725 7726 7780
f 7725 7781 7724
f 7655 7657 7656
f 7663 7664 7757
f 7757 7664 7756
f 7664 7665 7679
f 7705 7606 7612
f 7706 7707 7696
f 7707 7708 7785
f 7714 7617 7613
f 7784 7785 7708
f 7648 7607 7602
f 7608 7607 7648
f 7801 7802 7803
f 7801 7803 7806
f 7800 7806 7805
f 7800 7801 7806
f 7799 7805 7804
f 7799 7800 7805
f 7666 7804 7667
f 7666 7799 7804
f 7811 7807 7810
f 7808 7807 7811
f 7812 7808 7811
f 7809 7808 7812
f 7655 7809 7812
f 7656 7809 7655
f 7817 7826 7825
f 7816 7827 7826
f 7816 7826 7817
f 7818 7817 7825
f 7815 7828 7827
f 7815 7827 7816
f 7824 7818 7825
f 7819 7818 7824
f 7829 7828 7815
f 7814 7829 7815
f 7823 7819 7824
f 7820 7819 7823
f 7822 7820 7823
f 7821 7820 7822
f 7813 7830 7829
f 7813 7831 7830
f 7813 7829 7814
f 7837 7810 7807
f 7843 7832 7831
f 7843 7833 7832
f 7843 7831 7813
f 7842 7834 7833
f 7842 7833 7843
f 7841 7835 7834
f 7841 7834 7842
f 7838 7810 7837
f 7839 7837 7836
f 7839 7838 7837
f 7840 7836 7835
f 7840 7835 7841
f 7840 7839 7836
f 7803 7843 7813
f 7843 7803 7802
f 7880 7878 7877
f 7880 7879 7878
f 7881 7877 7876
f 7881 7880 7877
f 7875 7881 7876
f 7882 7881 7875
f 7883 7875 7874
f 7883 7882 7875
f 7873 7883 7874
f 7884 7883 7873
f 7885 7884 7873
f 7872 7885 7873
f 7886 7885 7872
f 7871 7886 7872
f 7887 7886 7871
f 7888 7887 7871
f 7870 7888 7871
f 7870 7889 7888
f 7869 7889 7870
f 7869 7890 7889
f 7868 7890 7869
f 7868 7891 7890
f 7867 7891 7868
f 7867 7892 7891
f 7866 7892 7867
f 7866 7893 7892
f 7865 7893 7866
f 7865 7894 7893
f 7864 7894 7865
f 7864 7895 7894
f 7863 7895 7864
f 7863 7896 7895
f 7862 7896 7863
f 7862 7897 7896
f 7919 7918 7917
f 7844 7919 7917
f 7861 7898 7897
f 7861 7897 7862
f 7916 7844 7917
f 7845 7844 7916
f 7860 7898 7861
f 7860 7899 7898
f 7846 7845 7916
f 7846 7916 7915
f 7914 7846 7915
f 7859 7900 7899
f 7859 7899 7860
f 7847 7914 7913
f 7847 7846 7914
f 7848 7913 7912
f 7848 7847 7913
f 7858 7901 7900
f 7858 7900 7859
f 7902 7901 7858
f 7857 7902 7858
f 7903 7902 7857
f 7856 7903 7857
f 7904 7903 7856
f 7855 7904 7856
f 7905 7904 7855
f 7854 7905 7855
f 7854 7906 7905
f 7853 7906 7854
f 7853 7907 7906
f 7852 7907 7853
f 7852 7908 7907
f 7911 7848 7912
f 7851 7909 7908
f 7851 7908 7852
f 7850 7909 7851
f 7850 7910 7909
f 7849 7848 7911
f 7849 7910 7850
f 7849 7911 7910
f 7921 8047 8046
f 7921 7920 8047
f 7922 7921 8046
f 7922 8046 8045
f 8044 7922 8045
f 7923 7922 8044
f 8043 7923 8044
f 7924 7923 8043
f 8042 7925 7924
f 8042 7924 8043
f 8041 7926 7925
f 8041 7925 8042
f 8040 7927 7926
f 8040 7926 8041
f 8039 7928 7927
f 8039 7927 8040
f 8038 7928 8039
f 8048 8038 8037
f 8048 7928 8038
f 8036 8050 8048
f 8036 8048 8037
f 8035 8051 8050
f 8035 8050 8036
f 8034 8052 8051
f 8034 8051 8035
f 8033 8052 8034
f 8053 8052 8033
f 7935 7933 7932
f 7935 7934 7933
f 8032 8053 8033
f 8054 8053 8032
f 7936 7932 7931
f 7936 7935 7932
f 7930 7936 7931
f 7937 7930 7929
f 7937 7936 7930
f 7938 7937 7929
f 8049 7938 7929
f 8031 8054 8032
f 8055 8054 8031
f 8056 8055 8031
f 8030 8056 8031
f 8057 8056 8030
f 8029 8057 8030
f 8058 8057 8029
f 8059 8058 8029
f 8059 8028 8027
f 8059 8029 8028
f 8060 8059 8027
f 8061 8027 8026
f 8061 8060 8027
f 7939 7938 8049
f 8093 8061 8026
f 8093 8026 8025
f 8092 7939 8062
f 7940 7939 8092
f 8091 7940 8092
f 8090 7940 8091
f 8094 8025 8024
f 8094 8093 8025
f 7941 7940 8090
f 8095 8024 8023
f 8095 8094 8024
f 8022 8095 8023
f 8096 8095 8022
f 8021 8096 8022
f 8097 8096 8021
f 8089 7942 7941
f 8089 7941 8090
f 8020 8097 8021
f 8098 8097 8020
f 8019 8098 8020
f 8019 8099 8098
f 8088 7943 7942
f 8088 7942 8089
f 8018 8099 8019
f 8018 8100 8099
f 8087 7943 8088
f 8087 7944 7943
f 8086 7945 7944
f 8086 7944 8087
f 7960 7962 7961
f 8017 8100 8018
f 8017 8101 8100
f 7963 7962 7960
f 8085 7946 7945
f 8085 7945 8086
f 7959 7963 7960
f 7964 7958 7957
f 7964 7959 7958
f 7964 7963 7959
f 7965 7964 7957
f 7965 7957 7956
f 7966 7965 7956
f 7966 7956 7955
f 8084 7947 7946
f 8084 7946 8085
f 8075 7966 7955
f 8016 8102 8101
f 8016 8101 8017
f 7948 7947 8084
f 8083 7948 8084
f 7949 7948 8083
f 8015 8102 8016
f 8015 8103 8102
f 8082 7949 8083
f 7950 7949 8082
f 8081 7950 8082
f 7951 7950 8081
f 8080 7951 8081
f 8014 8103 8015
f 8014 8104 8103
f 7952 7951 8080
f 8078 7953 7952
f 8078 7952 8080
f 8079 7953 8078
f 8076 8075 7955
f 8076 7955 7954
f 8121 7953 8079
f 8121 7954 7953
f 8121 8076 7954
f 7989 8072 8071
f 7990 8071 8070
f 7990 7989 8071
f 7991 8070 8069
f 7991 7990 8070
f 7988 8073 8072
f 7988 8072 7989
f 7987 8073 7988
f 7987 8074 8073
f 7986 8074 7987
f 7985 8074 7986
f 7985 7967 8074
f 7984 7967 7985
f 8013 8104 8014
f 8013 8105 8104
f 7974 7976 7975
f 7977 7976 7974
f 8012 8106 8105
f 8012 8105 8013
f 7983 7968 7967
f 7983 7967 7984
f 7973 7977 7974
f 7978 7977 7973
f 7969 7968 7983
f 8011 8106 8012
f 8011 8107 8106
f 7972 7978 7973
f 7982 7969 7983
f 8068 7991 8069
f 7979 7978 7972
f 7979 7972 7971
f 7981 7969 7982
f 7981 7970 7969
f 7992 8067 8066
f 7992 8068 8067
f 7992 7991 8068
f 7980 7979 7971
f 7980 7970 7981
f 7980 7971 7970
f 7993 7992 8066
f 7994 8066 8065
f 7994 7993 8066
f 7995 8065 8063
f 7995 7994 8065
f 8064 7995 8063
f 7996 7995 8064
f 7996 8064 8077
f 7997 7996 8077
f 8108 8107 8011
f 8010 8108 8011
f 8120 7997 8077
f 7998 7997 8120
f 8109 8108 8010
f 8009 8109 8010
f 8110 8109 8009
f 8008 8110 8009
f 8111 8110 8008
f 8007 8111 8008
f 8119 7998 8120
f 7999 7998 8119
f 8112 8111 8007
f 8006 8112 8007
f 8118 7999 8119
f 8000 7999 8118
f 8113 8112 8006
f 8005 8113 8006
f 8117 8000 8118
f 8001 8000 8117
f 8116 8001 8117
f 8114 8113 8005
f 8002 8001 8116
f 8002 8116 8115
f 8004 8114 8005
f 8004 8115 8114
f 8003 8115 8004
f 8003 8002 8115
f 7928 8048 7929
f 7966 8074 7967
f 7966 8075 8074
f 8049 7929 8048
f 8061 8093 8062
f 8093 8092 8062
f 8062 7939 8049
f 8076 8121 8077
f 8120 8077 8121
f 8123 8167 8166
f 8123 8122 8167
f 8124 8164 8163
f 8124 8165 8164
f 8124 8166 8165
f 8124 8123 8166
f 8162 8124 8163
f 8125 8162 8161
f 8125 8124 8162
f 8160 8125 8161
f 8159 8125 8160
f 8158 8125 8159
f 8157 8126 8125
f 8157 8125 8158
f 8156 8127 8126
f 8156 8126 8157
f 8155 8128 8127
f 8155 8127 8156
f 8137 8139 8138
f 8140 8139 8137
f 8154 8129 8128
f 8154 8128 8155
f 8136 8140 8137
f 8141 8140 8136
f 8153 8130 8129
f 8153 8129 8154
f 8142 8141 8136
f 8143 8142 8136
f 8152 8131 8130
f 8152 8130 8153
f 8151 8132 8131
f 8151 8131 8152
f 8150 8132 8151
f 8150 8133 8132
f 8149 8134 8133
f 8149 8135 8134
f 8149 8133 8150
f 8148 8135 8149
f 8144 8143 8136
f 8144 8136 8135
f 8147 8135 8148
f 8145 8144 8135
f 8146 8135 8147
f 8146 8145 8135
f 8211 8223 8222
f 8210 8223 8211
f 8210 8224 8223
f 8212 8221 8220
f 8212 8222 8221
f 8212 8211 8222
f 8209 8224 8210
f 8209 8225 8224
f 8208 8225 8209
f 8213 8220 8219
f 8213 8212 8220
f 8207 8225 8208
f 8207 8226 8225
f 8206 8226 8207
f 8214 8213 8219
f 8214 8219 8218
f 8215 8214 8218
f 8205 8226 8206
f 8205 8227 8226
f 8190 8204 8203
f 8189 8204 8190
f 8191 8190 8203
f 8188 8204 8189
f 8192 8203 8202
f 8192 8191 8203
f 8193 8202 8201
f 8193 8192 8202
f 8187 8204 8188
f 8187 8227 8204
f 8194 8200 8199
f 8194 8201 8200
f 8194 8193 8201
f 8195 8199 8198
f 8195 8194 8199
f 8216 8215 8218
f 8216 8218 8217
f 8197 8195 8198
f 8196 8195 8197
f 8168 8186 8185
f 8184 8168 8185
f 8169 8168 8184
f 8183 8169 8184
f 8170 8169 8183
f 8171 8183 8182
f 8171 8170 8183
f 8172 8182 8181
f 8172 8171 8182
f 8173 8181 8180
f 8173 8172 8181
f 8174 8180 8179
f 8174 8173 8180
f 8178 8174 8179
f 8175 8174 8178
f 8228 8186 8168
f 8249 8228 8250
f 8249 8229 8228
f 8248 8229 8249
f 8230 8229 8248
f 8247 8230 8248
f 8231 8230 8247
f 8246 8231 8247
f 8232 8231 8246
f 8245 8232 8246
f 8233 8232 8245
f 8244 8233 8245
f 8234 8233 8244
f 8243 8234 8244
f 8235 8234 8243
f 8235 8243 8242
f 8241 8235 8242
f 8236 8235 8241
f 8240 8236 8241
f 8237 8236 8240
f 8176 8175 8178
f 8176 8178 8177
f 8238 8237 8240
f 8238 8240 8239
f 8204 8227 8205
f 8227 8186 8228
f 8227 8187 8186
f 8250 8228 8168
f 8254 8252 8251
f 8254 8251 8253
f 8255 8263 8252
f 8255 8252 8254
f 8262 8263 8255
f 8256 8261 8262
f 8256 8262 8255
f 8257 8260 8261
f 8257 8261 8256
f 8258 8259 8260
f 8258 8260 8257
f 8269 8264 8267
f 8265 8264 8269
f 8268 8265 8269
f 8266 8265 8268
f 8253 8266 8268
f 8251 8266 8253
f 8296 8294 8293
f 8296 8295 8294
f 8292 8297 8296
f 8292 8296 8293
f 8298 8297 8292
f 8291 8299 8298
f 8291 8298 8292
f 8290 8300 8299
f 8290 8299 8291
f 8289 8301 8300
f 8289 8300 8290
f 8288 8302 8301
f 8288 8301 8289
f 8287 8303 8302
f 8287 8302 8288
f 8286 8304 8303
f 8286 8303 8287
f 8285 8305 8304
f 8285 8304 8286
f 8284 8306 8305
f 8284 8305 8285
f 8283 8307 8306
f 8283 8306 8284
f 8282 8308 8307
f 8282 8307 8283
f 8281 8308 8282
f 8281 8309 8308
f 8310 8309 8281
f 8280 8310 8281
f 8311 8310 8280
f 8279 8311 8280
f 8312 8311 8279
f 8278 8312 8279
f 8313 8312 8278
f 8277 8313 8278
f 8314 8313 8277
f 8276 8314 8277
f 8315 8314 8276
f 8275 8315 8276
f 8316 8315 8275
f 8274 8316 8275
f 8317 8316 8274
f 8273 8317 8274
f 8318 8317 8273
f 8272 8318 8273
f 8321 8267 8264
f 8319 8318 8272
f 8271 8320 8319
f 8271 8319 8272
f 8270 8321 8320
f 8270 8267 8321
f 8270 8320 8271
f 8323 8322 8325
f 8323 8325 8327
f 8324 8327 8326
f 8324 8323 8327
f 8295 8326 8294
f 8295 8324 8326
f 8328 8325 8322
f 8329 8328 8322
f 8330 8328 8329
f 8338 8328 8330
f 8331 8338 8330
f 8337 8338 8331
f 8332 8337 8331
f 8333 8336 8337
f 8333 8337 8332
f 8335 8336 8333
f 8334 8335 8333
f 8357 8354 8355
f 8357 8355 8356
f 8358 8351 8352
f 8358 8352 8353
f 8358 8353 8354
f 8358 8354 8357
f 8347 8351 8358
f 8359 8348 8347
f 8359 8347 8358
f 8349 8348 8359
f 8350 8349 8359
f 8346 8350 8359
f 8345 8359 8360
f 8345 8346 8359
f 8344 8360 8361
f 8344 8345 8360
f 8343 8361 8362
f 8343 8344 8361
f 8363 8343 8362
f 8371 8372 8373
f 8342 8343 8363
f 8374 8371 8373
f 8364 8342 8363
f 8370 8371 8374
f 8341 8342 8364
f 8375 8370 8374
f 8365 8341 8364
f 8376 8370 8375
f 8377 8370 8376
f 8339 8341 8365
f 8366 8339 8365
f 8340 8339 8366
f 8340 8366 8367
f 8384 8340 8367
f 8384 8367 8368
f 8383 8384 8368
f 8383 8368 8369
f 8379 8383 8369
f 8378 8370 8377
f 8378 8369 8370
f 8380 8379 8369
f 8382 8369 8378
f 8381 8380 8369
f 8381 8369 8382
f 8420 8431 8430
f 8421 8420 8430
f 8421 8429 8428
f 8421 8430 8429
f 8419 8431 8420
f 8419 8432 8431
f 8422 8421 8428
f 8422 8428 8427
f 8418 8432 8419
f 8418 8433 8432
f 8412 8427 8426
f 8412 8422 8427
f 8417 8433 8418
f 8416 8433 8417
f 8416 8434 8433
f 8415 8434 8416
f 8414 8434 8415
f 8414 8435 8434
f 8413 8435 8414
f 8413 8425 8435
f 8438 8406 8426
f 8394 8406 8438
f 8402 8407 8406
f 8402 8408 8407
f 8402 8406 8394
f 8401 8408 8402
f 8401 8409 8408
f 8400 8410 8409
f 8400 8409 8401
f 8399 8410 8400
f 8398 8411 8410
f 8398 8410 8399
f 8397 8411 8398
f 8396 8411 8397
f 8405 8411 8396
f 8395 8405 8396
f 8437 8394 8438
f 8462 8386 8385
f 8462 8385 8437
f 8387 8386 8462
f 8468 8388 8387
f 8468 8389 8388
f 8468 8387 8462
f 8390 8389 8468
f 8467 8391 8390
f 8467 8390 8468
f 8466 8392 8391
f 8466 8391 8467
f 8465 8392 8466
f 8464 8392 8465
f 8393 8392 8464
f 8463 8393 8464
f 8436 8462 8437
f 8452 8436 8448
f 8424 8425 8413
f 8447 8452 8448
f 8423 8424 8413
f 8453 8452 8447
f 8446 8453 8447
f 8454 8453 8446
f 8445 8454 8446
f 8455 8454 8445
f 8444 8455 8445
f 8456 8455 8444
f 8443 8456 8444
f 8443 8457 8456
f 8442 8457 8443
f 8442 8458 8457
f 8441 8458 8442
f 8441 8459 8458
f 8440 8459 8441
f 8440 8460 8459
f 8461 8460 8440
f 8439 8461 8440
f 8439 8451 8461
f 8404 8405 8395
f 8403 8404 8395
f 8469 8393 8463
f 8469 8470 8393
f 8449 8451 8439
f 8449 8450 8451
f 8385 8394 8437
f 8406 8412 8426
f 8452 8462 8436
f 8472 8524 8523
f 8472 8471 8524
f 8522 8473 8472
f 8522 8472 8523
f 8474 8473 8522
f 8521 8475 8474
f 8521 8474 8522
f 8520 8476 8475
f 8520 8475 8521
f 8519 8477 8476
f 8519 8476 8520
f 8518 8478 8477
f 8518 8477 8519
f 8517 8479 8478
f 8517 8478 8518
f 8516 8480 8479
f 8516 8479 8517
f 8515 8481 8480
f 8515 8480 8516
f 8514 8482 8481
f 8514 8481 8515
f 8513 8483 8482
f 8513 8482 8514
f 8512 8484 8483
f 8512 8483 8513
f 8511 8484 8512
f 8511 8485 8484
f 8486 8485 8511
f 8510 8486 8511
f 8487 8486 8510
f 8509 8487 8510
f 8488 8487 8509
f 8508 8488 8509
f 8489 8488 8508
f 8507 8489 8508
f 8490 8489 8507
f 8506 8490 8507
f 8491 8490 8506
f 8505 8491 8506
f 8492 8491 8505
f 8504 8492 8505
f 8493 8492 8504
f 8503 8493 8504
f 8494 8493 8503
f 8502 8494 8503
f 8497 8499 8498
f 8495 8494 8502
f 8501 8496 8495
f 8501 8495 8502
f 8500 8497 8496
f 8500 8499 8497
f 8500 8496 8501
f 8529 8526 8525
f 8529 8525 8528
f 8530 8528 8527
f 8530 8529 8528
f 8471 8527 8524
f 8471 8530 8527
f 8531 8525 8526
f 8532 8531 8526
f 8533 8531 8532
f 8541 8531 8533
f 8534 8541 8533
f 8540 8541 8534
f 8535 8540 8534
f 8536 8539 8540
f 8536 8540 8535
f 8538 8539 8536
f 8537 8538 8536
f 8545 8543 8542
f 8545 8542 8544
f 8546 8554 8543
f 8546 8543 8545
f 8553 8554 8546
f 8547 8552 8553
f 8547 8553 8546
f 8548 8551 8552
f 8548 8552 8547
f 8549 8550 8551
f 8549 8551 8548
f 8558 8498 8499
f 8555 8498 8558
f 8557 8555 8558
f 8556 8555 8557
f 8544 8556 8557
f 8542 8556 8544
f 8560 8559 8578
f 8577 8560 8578
f 8576 8560 8577
f 8561 8560 8576
f 8575 8561 8576
f 8574 8561 8575
f 8562 8561 8574
f 8573 8562 8574
f 8563 8573 8572
f 8563 8562 8573
f 8571 8563 8572
f 8564 8563 8571
f 8565 8571 8570
f 8565 8564 8571
f 8569 8565 8570
f 8566 8565 8569
f 8567 8569 8568
f 8567 8566 8569
f 8580 8579 8583
f 8580 8586 8585
f 8580 8583 8586
f 8581 8585 8584
f 8581 8580 8585
f 8582 8581 8584
f 8559 8584 8578
f 8559 8582 8584
f 8590 8587 8589
f 8588 8587 8590
f 8591 8588 8590
f 8624 8588 8591
f 8592 8624 8591
f 8623 8624 8592
f 8593 8623 8592
f 8622 8623 8593
f 8594 8622 8593
f 8621 8622 8594
f 8595 8621 8594
f 8620 8621 8595
f 8596 8620 8595
f 8619 8620 8596
f 8597 8619 8596
f 8618 8619 8597
f 8598 8618 8597
f 8617 8618 8598
f 8599 8617 8598
f 8616 8617 8599
f 8579 8607 8583
f 8608 8607 8579
f 8615 8599 8600
f 8615 8616 8599
f 8606 8607 8608
f 8609 8606 8608
f 8614 8600 8601
f 8614 8615 8600
f 8605 8606 8609
f 8610 8605 8609
f 8610 8604 8605
f 8613 8614 8601
f 8613 8601 8602
f 8611 8604 8610
f 8611 8603 8604
f 8612 8602 8603
f 8612 8603 8611
f 8612 8613 8602
f 8632 8625 8629
f 8626 8632 8631
f 8626 8625 8632
f 8627 8631 8630
f 8627 8626 8631
f 8628 8627 8630
f 8589 8628 8630
f 8587 8628 8589
f 8635 8649 8648
f 8634 8649 8635
f 8636 8635 8648
f 8650 8649 8634
f 8633 8650 8634
f 8629 8625 8650
f 8629 8650 8633
f 8647 8636 8648
f 8637 8636 8647
f 8638 8647 8646
f 8638 8637 8647
f 8639 8638 8646
f 8645 8639 8646
f 8640 8639 8645
f 8641 8645 8644
f 8641 8640 8645
f 8643 8641 8644
f 8642 8641 8643
f 8658 8660 8659
f 8658 8661 8660
f 8662 8657 8656
f 8662 8658 8657
f 8662 8661 8658
f 8655 8662 8656
f 8663 8662 8655
f 8664 8655 8654
f 8664 8663 8655
f 8653 8664 8654
f 8665 8664 8653
f 8666 8653 8652
f 8666 8665 8653
f 8667 8652 8651
f 8667 8666 8652
f 8668 8672 8675
f 8669 8674 8673
f 8669 8675 8674
f 8669 8668 8675
f 8670 8673 8676
f 8670 8669 8673
f 8671 8676 8677
f 8671 8670 8676
f 8659 8677 8658
f 8659 8671 8677
f 8681 8678 8680
f 8679 8678 8681
f 8682 8679 8681
f 8719 8679 8682
f 8683 8719 8682
f 8718 8719 8683
f 8684 8718 8683
f 8717 8718 8684
f 8685 8717 8684
f 8716 8717 8685
f 8686 8716 8685
f 8715 8716 8686
f 8687 8715 8686
f 8714 8715 8687
f 8688 8714 8687
f 8713 8714 8688
f 8689 8713 8688
f 8712 8689 8690
f 8712 8713 8689
f 8711 8690 8691
f 8711 8712 8690
f 8710 8711 8691
f 8709 8691 8692
f 8709 8710 8691
f 8708 8709 8692
f 8708 8692 8693
f 8668 8700 8672
f 8701 8700 8668
f 8701 8699 8700
f 8707 8708 8693
f 8707 8693 8694
f 8702 8698 8699
f 8702 8699 8701
f 8706 8694 8695
f 8706 8707 8694
f 8703 8698 8702
f 8703 8697 8698
f 8705 8695 8696
f 8705 8706 8695
f 8704 8696 8697
f 8704 8705 8696
f 8704 8697 8703
f 8720 8723 8724
f 8720 8724 8725
f 8721 8725 8726
f 8721 8720 8725
f 8722 8726 8727
f 8722 8721 8726
f 8678 8727 8680
f 8678 8722 8727
f 8724 8723 8734
f 8733 8724 8734
f 8735 8724 8733
f 8736 8733 8732
f 8736 8735 8733
f 8737 8736 8732
f 8731 8737 8732
f 8738 8737 8731
f 8739 8731 8730
f 8739 8738 8731
f 8729 8739 8730
f 8740 8729 8728
f 8740 8739 8729
f 8741 8740 8728
f 8744 8743 8742
f 8744 8742 8776
f 8775 8744 8776
f 8745 8744 8775
f 8774 8746 8745
f 8774 8745 8775
f 8773 8747 8746
f 8773 8746 8774
f 8772 8748 8747
f 8772 8747 8773
f 8771 8748 8772
f 8749 8748 8771
f 8750 8749 8771
f 8768 8751 8750
f 8768 8771 8769
f 8768 8750 8771
f 8767 8752 8751
f 8767 8751 8768
f 8766 8753 8752
f 8766 8752 8767
f 8765 8754 8753
f 8765 8753 8766
f 8764 8754 8765
f 8755 8754 8764
f 8763 8755 8764
f 8756 8755 8763
f 8762 8756 8763
f 8757 8756 8762
f 8758 8757 8762
f 8758 8762 8761
f 8759 8758 8761
f 8759 8761 8760
f 8770 8769 8771
f 8784 8780 8781
f 8779 8780 8784
f 8783 8779 8784
f 8778 8779 8783
f 8782 8778 8783
f 8777 8778 8782
f 8769 8777 8782
f 8770 8777 8769
f 8804 8801 8802
f 8804 8802 8803
f 8805 8801 8804
f 8800 8801 8805
f 8806 8800 8805
f 8798 8796 8797
f 8807 8799 8800
f 8807 8800 8806
f 8808 8798 8799
f 8808 8799 8807
f 8795 8796 8798
f 8795 8798 8808
f 8809 8795 8808
f 8886 8786 8787
f 8788 8885 8886
f 8788 8886 8787
f 8789 8884 8885
f 8789 8885 8788
f 8891 8879 8890
f 8891 8878 8879
f 8790 8883 8884
f 8790 8884 8789
f 8880 8890 8879
f 8791 8883 8790
f 8892 8878 8891
f 8892 8877 8878
f 8792 8883 8791
f 8792 8882 8883
f 8793 8882 8792
f 8793 8881 8882
f 8889 8881 8793
f 8889 8890 8880
f 8889 8880 8881
f 8876 8877 8892
f 8893 8876 8892
f 8875 8876 8893
f 8894 8875 8893
f 8874 8875 8894
f 8895 8874 8894
f 8810 8794 8809
f 8888 8794 8810
f 8887 8888 8810
f 8811 8887 8810
f 8930 8887 8811
f 8812 8930 8811
f 8873 8895 8896
f 8873 8874 8895
f 8929 8812 8813
f 8929 8930 8812
f 8928 8813 8814
f 8928 8929 8813
f 8872 8896 8897
f 8872 8873 8896
f 8927 8814 8815
f 8927 8928 8814
f 8871 8897 8898
f 8871 8872 8897
f 8926 8815 8816
f 8926 8927 8815
f 8870 8898 8899
f 8870 8871 8898
f 8925 8816 8817
f 8925 8926 8816
f 8818 8925 8817
f 8924 8925 8818
f 8869 8899 8900
f 8869 8870 8899
f 8819 8924 8818
f 8923 8924 8819
f 8868 8900 8901
f 8868 8869 8900
f 8820 8923 8819
f 8922 8923 8820
f 8821 8922 8820
f 8921 8922 8821
f 8867 8868 8901
f 8867 8901 8902
f 8822 8921 8821
f 8920 8921 8822
f 8829 8830 8831
f 8832 8829 8831
f 8823 8920 8822
f 8903 8867 8902
f 8919 8920 8823
f 8919 8823 8824
f 8918 8919 8824
f 8866 8867 8903
f 8917 8824 8825
f 8917 8918 8824
f 8828 8829 8832
f 8837 8917 8825
f 8833 8828 8832
f 8826 8837 8825
f 8834 8828 8833
f 8834 8827 8828
f 8835 8827 8834
f 8836 8826 8827
f 8836 8827 8835
f 8904 8866 8903
f 8865 8866 8904
f 8780 8836 8835
f 8905 8865 8904
f 8864 8865 8905
f 8906 8864 8905
f 8863 8864 8906
f 8848 8842 8843
f 8848 8843 8844
f 8848 8844 8847
f 8849 8840 8841
f 8849 8841 8842
f 8849 8842 8848
f 8850 8839 8840
f 8850 8840 8849
f 8851 8839 8850
f 8851 8838 8839
f 8846 8847 8844
f 8852 8838 8851
f 8916 8838 8852
f 8853 8916 8852
f 8907 8863 8906
f 8862 8863 8907
f 8908 8862 8907
f 8861 8862 8908
f 8909 8861 8908
f 8860 8861 8909
f 8915 8916 8853
f 8854 8915 8853
f 8914 8915 8854
f 8855 8914 8854
f 8910 8860 8909
f 8913 8914 8855
f 8859 8860 8910
f 8911 8859 8910
f 8856 8913 8855
f 8858 8911 8912
f 8858 8859 8911
f 8857 8912 8913
f 8857 8858 8912
f 8857 8913 8856
f 8785 8787 8786
f 8793 8794 8889
f 8889 8794 8888
f 8794 8795 8809
f 8835 8781 8780
f 8836 8837 8826
f 8837 8838 8917
f 8844 8845 8846
f 8916 8917 8838
f 8931 8846 8845
f 8931 8845 8933
f 8932 8933 8934
f 8932 8931 8933
f 8743 8934 8742
f 8743 8932 8934
f 8937 8938 8939
f 8937 8939 8942
f 8936 8942 8941
f 8936 8937 8942
f 8935 8941 8940
f 8935 8936 8941
f 8796 8940 8797
f 8796 8935 8940
f 8947 8943 8946
f 8944 8943 8947
f 8948 8944 8947
f 8945 8944 8948
f 8785 8945 8948
f 8786 8945 8785
f 8953 8962 8961
f 8952 8963 8962
f 8952 8962 8953
f 8954 8953 8961
f 8951 8964 8963
f 8951 8963 8952
f 8960 8954 8961
f 8955 8954 8960
f 8965 8964 8951
f 8950 8965 8951
f 8959 8955 8960
f 8956 8955 8959
f 8958 8956 8959
f 8957 8956 8958
f 8949 8966 8965
f 8949 8967 8966
f 8949 8965 8950
f 8973 8946 8943
f 8979 8968 8967
f 8979 8969 8968
f 8979 8967 8949
f 8978 8970 8969
f 8978 8969 8979
f 8977 8971 8970
f 8977 8970 8978
f 8974 8946 8973
f 8975 8973 8972
f 8975 8974 8973
f 8976 8972 8971
f 8976 8975 8972
f 8976 8971 8977
f 8939 8979 8949
f 8979 8939 8938
f 8981 9025 9024
f 8981 8980 9025
f 8982 9022 9021
f 8982 9023 9022
f 8982 9024 9023
f 8982 8981 9024
f 9020 8982 9021
f 8983 9020 9019
f 8983 8982 9020
f 9018 8983 9019
f 9017 8983 9018
f 9016 8983 9017
f 9015 8984 8983
f 9015 8983 9016
f 9014 8985 8984
f 9014 8984 9015
f 9013 8986 8985
f 9013 8985 9014
f 8995 8997 8996
f 8998 8997 8995
f 9012 8987 8986
f 9012 8986 9013
f 8994 8998 8995
f 8999 8998 8994
f 9011 8988 8987
f 9011 8987 9012
f 9000 8999 8994
f 9001 9000 8994
f 9010 8989 8988
f 9010 8988 9011
f 9009 8990 8989
f 9009 8989 9010
f 9008 8990 9009
f 9008 8991 8990
f 9007 8992 8991
f 9007 8993 8992
f 9007 8991 9008
f 9006 8993 9007
f 9002 9001 8994
f 9002 8994 8993
f 9005 8993 9006
f 9003 9002 8993
f 9004 8993 9005
f 9004 9003 8993

