# https://github.com/mikedh/trimesh
v 1.78034451 76.01039989 3.17487530
v 1.77868114 76.01039989 3.17494457
v 1.77701684 76.01039989 3.17498614
v 1.77535208 76.01039989 3.17500000
v 1.78646332 76.05089361 3.16575681
v 1.79062618 76.08425911 3.14066214
v 1.79210030 76.10462296 3.10400878
v 1.78851143 76.08443247 3.14092427
v 1.78257586 76.05103982 3.16608355
v 3.63730670 -76.01039989 -0.05000000
v 3.64467342 -76.01039989 -0.03420201
v 3.64918493 -76.01039989 -0.01736482
v 3.65070416 -76.01039989 0.00000000
v 3.64242648 -76.05023724 -0.00000000
v 3.61896386 -76.08347939 -0.00000000
v 3.58420061 -76.10462296 -0.00000000
v 3.61437592 -76.08443247 -0.02156580
v 3.63319671 -76.05103982 -0.03928580
v 3.64527671 -76.03005081 -0.02588190
v -1.86195462 76.01039989 3.12500000
v -1.84089721 76.01039989 3.15052374
v -1.81266343 76.01039989 3.16777857
v -1.78034451 76.01039989 3.17487530
v -1.78646332 76.05089361 3.16575681
v -1.79062618 76.08425911 3.14066214
v -1.79210030 76.10462296 3.10400878
v -1.82586449 76.08443247 3.11935846
v -1.85062086 76.05103982 3.12679775
v -1.82198873 76.08140175 3.12776134
v -1.84449904 76.03661983 3.14231428
v -1.81969543 76.06067598 3.14920230
v -1.84107704 76.01307870 3.15031967
v -1.81612810 76.03442863 3.16309050
v 1.77535208 -76.01039989 -3.17500000
v 1.77701684 -76.01039989 -3.17498614
v 1.77868114 -76.01039989 -3.17494457
v 1.78034451 -76.01039989 -3.17487530
v 1.78646332 -76.05089361 -3.16575681
v 1.79062618 -76.08425911 -3.14066214
v 1.79210030 -76.10462296 -3.10400878
v 1.78851143 -76.08443247 -3.14092427
v 1.78257586 -76.05103982 -3.16608355
v -3.63730670 76.01039989 -0.05000000
v -3.64467342 76.01039989 -0.03420201
v -3.64918493 76.01039989 -0.01736482
v -3.65070416 76.01039989 -0.00000000
v -3.64242648 76.05023724 -0.00000000
v -3.61896386 76.08347939 -0.00000000
v -3.58420061 76.10462296 -0.00000000
v -3.61437592 76.08443247 -0.02156580
v -3.63319671 76.05103982 -0.03928580
v -3.64527671 76.03005081 -0.02588190
v -1.86195462 -76.01039989 -3.12500000
v -1.84089721 -76.01039989 -3.15052374
v -1.81266343 -76.01039989 -3.16777857
v -1.78034451 -76.01039989 -3.17487530
v -1.78646332 -76.05089361 -3.16575681
v -1.79062618 -76.08425911 -3.14066214
v -1.79210030 -76.10462296 -3.10400878
v -1.85062086 -76.05103982 -3.12679775
v -1.82586449 -76.08443247 -3.11935846
v -1.82198873 -76.08140175 -3.12776134
v -1.84449904 -76.03661983 -3.14231428
v -1.81969543 -76.06067598 -3.14920230
v -1.84107704 -76.01307870 -3.15031967
v -1.81612810 -76.03442863 -3.16309050
v 0.00000000 76.20000000 -1.89562136
v 0.25812041 76.20000000 -1.87796544
v 0.51143252 76.20000000 -1.82532657
v 0.75521761 76.20000000 -1.73868533
v 0.98493443 76.20000000 -1.61965567
v 1.19630378 76.20000000 -1.47045489
v 1.38538826 76.20000000 -1.29386232
v 1.54866558 76.20000000 -1.09316753
v 1.68309418 76.20000000 -0.87210911
v 1.78616993 76.20000000 -0.63480494
v 1.85597271 76.20000000 -0.38567556
v 1.89120223 76.20000000 -0.12936178
v 1.89120223 76.20000000 0.12936178
v 1.85597271 76.20000000 0.38567556
v 1.78616993 76.20000000 0.63480494
v 1.68309418 76.20000000 0.87210911
v 1.54866558 76.20000000 1.09316753
v 1.38538826 76.20000000 1.29386232
v 1.19630378 76.20000000 1.47045489
v 0.98493443 76.20000000 1.61965567
v 0.75521761 76.20000000 1.73868533
v 0.51143252 76.20000000 1.82532657
v 0.25812041 76.20000000 1.87796544
v 0.00000000 76.20000000 1.89562136
v 0.00000000 76.19659258 -1.86973945
v 0.00000000 76.18660254 -1.84562136
v 0.00000000 76.17071068 -1.82491068
v 0.00000000 76.17071068 1.82491068
v 0.24849197 76.17071068 1.80791336
v 0.49235501 76.17071068 1.75723804
v 0.72704640 76.17071068 1.67382870
v 0.94819430 76.17071068 1.55923909
v 1.15167913 76.17071068 1.41560382
v 1.33371036 76.17071068 1.24559852
v 1.49089708 76.17071068 1.05239008
v 1.62031122 76.17071068 0.83957760
v 1.71954202 76.17071068 0.61112538
v 1.78674101 76.17071068 0.37128905
v 1.82065639 76.17071068 0.12453631
v 1.82065639 76.17071068 -0.12453631
v 1.78674101 76.17071068 -0.37128905
v 1.71954202 76.17071068 -0.61112538
v 1.62031122 76.17071068 -0.83957760
v 1.49089708 76.17071068 -1.05239008
v 1.33371036 76.17071068 -1.24559852
v 1.15167913 76.17071068 -1.41560382
v 0.94819430 76.17071068 -1.55923909
v 0.72704640 76.17071068 -1.67382870
v 0.49235501 76.17071068 -1.75723804
v 0.24849197 76.17071068 -1.80791336
v 0.00000000 76.19659258 1.86973945
v 0.00000000 76.18660254 1.84562136
v 0.25459616 76.19659258 1.85232460
v 0.25131208 76.18660254 1.82843114
v 0.50444967 76.19659258 1.80040444
v 0.49794268 76.18660254 1.77718071
v 0.74490624 76.19659258 1.71494616
v 0.73529756 76.18660254 1.69282477
v 0.97148661 76.19659258 1.59754167
v 0.95895523 76.18660254 1.57693470
v 1.17997003 76.19659258 1.45037800
v 1.16474939 76.18660254 1.43166932
v 1.36647284 76.19659258 1.27619654
v 1.34884646 76.18660254 1.25973466
v 1.52752084 76.19659258 1.07824195
v 1.50781708 76.18660254 1.06433352
v 1.66011402 76.19659258 0.86020175
v 1.63869992 76.18660254 0.84910586
v 1.76178242 76.19659258 0.62613762
v 1.73905688 76.18660254 0.61806096
v 1.83063215 76.19659258 0.38040973
v 1.80701850 76.18660254 0.37550276
v 1.86538066 76.19659258 0.12759553
v 1.84131879 76.18660254 0.12594966
v 1.86538066 76.19659258 -0.12759553
v 1.84131879 76.18660254 -0.12594966
v 1.83063215 76.19659258 -0.38040973
v 1.80701850 76.18660254 -0.37550276
v 1.76178242 76.19659258 -0.62613762
v 1.73905688 76.18660254 -0.61806096
v 1.66011402 76.19659258 -0.86020175
v 1.63869992 76.18660254 -0.84910586
v 1.52752084 76.19659258 -1.07824195
v 1.50781708 76.18660254 -1.06433352
v 1.36647284 76.19659258 -1.27619654
v 1.34884646 76.18660254 -1.25973466
v 1.17997003 76.19659258 -1.45037800
v 1.16474939 76.18660254 -1.43166932
v 0.97148661 76.19659258 -1.59754167
v 0.95895523 76.18660254 -1.57693470
v 0.74490624 76.19659258 -1.71494616
v 0.73529756 76.18660254 -1.69282477
v 0.50444967 76.19659258 -1.80040444
v 0.49794268 76.18660254 -1.77718071
v 0.25459616 76.19659258 -1.85232460
v 0.25131208 76.18660254 -1.82843114
v 0.00000000 -76.03157864 -1.72720000
v 0.23518704 -76.03157864 -1.71111277
v 0.46599298 -76.03157864 -1.66315074
v 0.68811836 -76.03157864 -1.58420736
v 0.89742540 -76.03157864 -1.47575320
v 1.09001510 -76.03157864 -1.33980854
v 1.26229988 -76.03157864 -1.17890579
v 1.41107040 -76.03157864 -0.99604225
v 1.53355535 -76.03157864 -0.79462433
v 1.62747306 -76.03157864 -0.57840407
v 1.69107404 -76.03157864 -0.35140923
v 1.72317350 -76.03157864 -0.11786830
v 1.72317350 -76.03157864 0.11786830
v 1.69107404 -76.03157864 0.35140923
v 1.62747306 -76.03157864 0.57840407
v 1.53355535 -76.03157864 0.79462433
v 1.41107040 -76.03157864 0.99604225
v 1.26229988 -76.03157864 1.17890579
v 1.09001510 -76.03157864 1.33980854
v 0.89742540 -76.03157864 1.47575320
v 0.68811836 -76.03157864 1.58420736
v 0.46599298 -76.03157864 1.66315074
v 0.23518704 -76.03157864 1.71111277
v 0.00000000 -76.03157864 1.72720000
v 0.00000000 -76.05746055 -1.73060742
v 0.00000000 -76.08157864 -1.74059746
v 0.00000000 -76.10228932 -1.75648932
v 0.00000000 -76.10228932 1.75648932
v 0.23917527 -76.10228932 1.74012929
v 0.47389515 -76.10228932 1.69135393
v 0.69978726 -76.10228932 1.61107186
v 0.91264366 -76.10228932 1.50077856
v 1.10849924 -76.10228932 1.36252860
v 1.28370557 -76.10228932 1.19889731
v 1.43499889 -76.10228932 1.01293283
v 1.55956091 -76.10228932 0.80809933
v 1.65507125 -76.10228932 0.58821246
v 1.71975075 -76.10228932 0.35736831
v 1.75239454 -76.10228932 0.11986707
v 1.75239454 -76.10228932 -0.11986707
v 1.71975075 -76.10228932 -0.35736831
v 1.65507125 -76.10228932 -0.58821246
v 1.55956091 -76.10228932 -0.80809933
v 1.43499889 -76.10228932 -1.01293283
v 1.28370557 -76.10228932 -1.19889731
v 1.10849924 -76.10228932 -1.36252860
v 0.91264366 -76.10228932 -1.50077856
v 0.69978726 -76.10228932 -1.61107186
v 0.47389515 -76.10228932 -1.69135393
v 0.23917527 -76.10228932 -1.74012929
v 0.00000000 -76.05746055 1.73060742
v 0.00000000 -76.08157864 1.74059746
v 0.23565101 -76.05746055 1.71448845
v 0.23701132 -76.08157864 1.72438544
v 0.46691229 -76.05746055 1.66643180
v 0.46960757 -76.08157864 1.67605138
v 0.68947588 -76.05746055 1.58733268
v 0.69345592 -76.08157864 1.59649566
v 0.89919584 -76.05746055 1.47866456
v 0.90438650 -76.08157864 1.48720025
v 1.09216548 -76.05746055 1.34245171
v 1.09847007 -76.08157864 1.35020110
v 1.26479014 -76.05746055 1.18123153
v 1.27209122 -76.08157864 1.18805027
v 1.41385416 -76.05746055 0.99800724
v 1.42201572 -76.08157864 1.00376830
v 1.53658074 -76.05746055 0.79619197
v 1.54545076 -76.08157864 0.80078804
v 1.63068374 -76.05746055 0.57954514
v 1.64009697 -76.08157864 0.58289060
v 1.69441018 -76.05746055 0.35210249
v 1.70419128 -76.08157864 0.35413502
v 1.72657297 -76.05746055 0.11810083
v 1.73653973 -76.08157864 0.11878257
v 1.72657297 -76.05746055 -0.11810083
v 1.73653973 -76.08157864 -0.11878257
v 1.69441018 -76.05746055 -0.35210249
v 1.70419128 -76.08157864 -0.35413502
v 1.63068374 -76.05746055 -0.57954514
v 1.64009697 -76.08157864 -0.58289060
v 1.53658074 -76.05746055 -0.79619197
v 1.54545076 -76.08157864 -0.80078804
v 1.41385416 -76.05746055 -0.99800724
v 1.42201572 -76.08157864 -1.00376830
v 1.26479014 -76.05746055 -1.18123153
v 1.27209122 -76.08157864 -1.18805027
v 1.09216548 -76.05746055 -1.34245171
v 1.09847007 -76.08157864 -1.35020110
v 0.89919584 -76.05746055 -1.47866456
v 0.90438650 -76.08157864 -1.48720025
v 0.68947588 -76.05746055 -1.58733268
v 0.69345592 -76.08157864 -1.59649566
v 0.46691229 -76.05746055 -1.66643180
v 0.46960757 -76.08157864 -1.67605138
v 0.23565101 -76.05746055 -1.71448845
v 0.23701132 -76.08157864 -1.72438544
v 0.00000000 -76.17071068 -1.82491068
v 0.24849197 -76.17071068 -1.80791336
v 0.49235501 -76.17071068 -1.75723804
v 0.72704640 -76.17071068 -1.67382870
v 0.94819430 -76.17071068 -1.55923909
v 1.15167913 -76.17071068 -1.41560382
v 1.33371036 -76.17071068 -1.24559852
v 1.49089708 -76.17071068 -1.05239008
v 1.62031122 -76.17071068 -0.83957760
v 1.71954202 -76.17071068 -0.61112538
v 1.78674101 -76.17071068 -0.37128905
v 1.82065639 -76.17071068 -0.12453631
v 1.82065639 -76.17071068 0.12453631
v 1.78674101 -76.17071068 0.37128905
v 1.71954202 -76.17071068 0.61112538
v 1.62031122 -76.17071068 0.83957760
v 1.49089708 -76.17071068 1.05239008
v 1.33371036 -76.17071068 1.24559852
v 1.15167913 -76.17071068 1.41560382
v 0.94819430 -76.17071068 1.55923909
v 0.72704640 -76.17071068 1.67382870
v 0.49235501 -76.17071068 1.75723804
v 0.24849197 -76.17071068 1.80791336
v 0.00000000 -76.17071068 1.82491068
v 0.00000000 -76.18660254 -1.84562136
v 0.00000000 -76.19659258 -1.86973945
v 0.00000000 -76.20000000 -1.89562136
v 0.00000000 -76.20000000 1.89562136
v 0.25812041 -76.20000000 1.87796544
v 0.51143252 -76.20000000 1.82532657
v 0.75521761 -76.20000000 1.73868533
v 0.98493443 -76.20000000 1.61965567
v 1.19630378 -76.20000000 1.47045489
v 1.38538826 -76.20000000 1.29386232
v 1.54866558 -76.20000000 1.09316753
v 1.68309418 -76.20000000 0.87210911
v 1.78616993 -76.20000000 0.63480494
v 1.85597271 -76.20000000 0.38567556
v 1.89120223 -76.20000000 0.12936178
v 1.89120223 -76.20000000 -0.12936178
v 1.85597271 -76.20000000 -0.38567556
v 1.78616993 -76.20000000 -0.63480494
v 1.68309418 -76.20000000 -0.87210911
v 1.54866558 -76.20000000 -1.09316753
v 1.38538826 -76.20000000 -1.29386232
v 1.19630378 -76.20000000 -1.47045489
v 0.98493443 -76.20000000 -1.61965567
v 0.75521761 -76.20000000 -1.73868533
v 0.51143252 -76.20000000 -1.82532657
v 0.25812041 -76.20000000 -1.87796544
v 0.00000000 -76.18660254 1.84562136
v 0.00000000 -76.19659258 1.86973945
v 0.25131208 -76.18660254 1.82843114
v 0.25459616 -76.19659258 1.85232460
v 0.49794268 -76.18660254 1.77718071
v 0.50444967 -76.19659258 1.80040444
v 0.73529756 -76.18660254 1.69282477
v 0.74490624 -76.19659258 1.71494616
v 0.95895523 -76.18660254 1.57693470
v 0.97148661 -76.19659258 1.59754167
v 1.16474939 -76.18660254 1.43166932
v 1.17997003 -76.19659258 1.45037800
v 1.34884646 -76.18660254 1.25973466
v 1.36647284 -76.19659258 1.27619654
v 1.50781708 -76.18660254 1.06433352
v 1.52752084 -76.19659258 1.07824195
v 1.63869992 -76.18660254 0.84910586
v 1.66011402 -76.19659258 0.86020175
v 1.73905688 -76.18660254 0.61806096
v 1.76178242 -76.19659258 0.62613762
v 1.80701850 -76.18660254 0.37550276
v 1.83063215 -76.19659258 0.38040973
v 1.84131879 -76.18660254 0.12594966
v 1.86538066 -76.19659258 0.12759553
v 1.84131879 -76.18660254 -0.12594966
v 1.86538066 -76.19659258 -0.12759553
v 1.80701850 -76.18660254 -0.37550276
v 1.83063215 -76.19659258 -0.38040973
v 1.73905688 -76.18660254 -0.61806096
v 1.76178242 -76.19659258 -0.62613762
v 1.63869992 -76.18660254 -0.84910586
v 1.66011402 -76.19659258 -0.86020175
v 1.50781708 -76.18660254 -1.06433352
v 1.52752084 -76.19659258 -1.07824195
v 1.34884646 -76.18660254 -1.25973466
v 1.36647284 -76.19659258 -1.27619654
v 1.16474939 -76.18660254 -1.43166932
v 1.17997003 -76.19659258 -1.45037800
v 0.95895523 -76.18660254 -1.57693470
v 0.97148661 -76.19659258 -1.59754167
v 0.73529756 -76.18660254 -1.69282477
v 0.74490624 -76.19659258 -1.71494616
v 0.49794268 -76.18660254 -1.77718071
v 0.50444967 -76.19659258 -1.80040444
v 0.25131208 -76.18660254 -1.82843114
v 0.25459616 -76.19659258 -1.85232460
v 0.00000000 -61.20000000 1.72720000
v -0.23518704 -61.20000000 1.71111277
v -0.46599298 -61.20000000 1.66315074
v -0.68811836 -61.20000000 1.58420736
v -0.89742540 -61.20000000 1.47575320
v -1.09001510 -61.20000000 1.33980854
v -1.26229988 -61.20000000 1.17890579
v -1.41107040 -61.20000000 0.99604225
v -1.53355535 -61.20000000 0.79462433
v -1.62747306 -61.20000000 0.57840407
v -1.69107404 -61.20000000 0.35140923
v -1.72317350 -61.20000000 0.11786830
v -1.72317350 -61.20000000 -0.11786830
v -1.69107404 -61.20000000 -0.35140923
v -1.62747306 -61.20000000 -0.57840407
v -1.53355535 -61.20000000 -0.79462433
v -1.41107040 -61.20000000 -0.99604225
v -1.26229988 -61.20000000 -1.17890579
v -1.09001510 -61.20000000 -1.33980854
v -0.89742540 -61.20000000 -1.47575320
v -0.68811836 -61.20000000 -1.58420736
v -0.46599298 -61.20000000 -1.66315074
v -0.23518704 -61.20000000 -1.71111277
v 0.00000000 -61.20000000 -1.72720000
v 0.00000000 -60.28163147 0.00000000
v -0.28786667 -60.58775431 0.49859969
v -0.14901075 -60.58775431 0.55611570
v -0.40710494 -60.58775431 0.40710494
v -0.29802150 -60.89387716 1.11223139
v -0.49859969 -60.58775431 0.28786667
v -0.57573333 -60.89387716 0.99719938
v -0.55611570 -60.58775431 0.14901075
v -0.81420989 -60.89387716 0.81420989
v -0.57573333 -60.58775431 0.00000000
v -0.99719938 -60.89387716 0.57573333
v -0.55611570 -60.58775431 -0.14901075
v -1.11223139 -60.89387716 0.29802150
v -0.49859969 -60.58775431 -0.28786667
v -1.15146667 -60.89387716 0.00000000
v -0.40710494 -60.58775431 -0.40710494
v -1.11223139 -60.89387716 -0.29802150
v -0.28786667 -60.58775431 -0.49859969
v -0.99719938 -60.89387716 -0.57573333
v -0.14901075 -60.58775431 -0.55611570
v -0.81420989 -60.89387716 -0.81420989
v -0.57573333 -60.89387716 -0.99719938
v -0.29802150 -60.89387716 -1.11223139
v -0.23518704 -76.03157864 1.71111277
v -0.46599298 -76.03157864 1.66315074
v -0.68811836 -76.03157864 1.58420736
v -0.89742540 -76.03157864 1.47575320
v -1.09001510 -76.03157864 1.33980854
v -1.26229988 -76.03157864 1.17890579
v -1.41107040 -76.03157864 0.99604225
v -1.53355535 -76.03157864 0.79462433
v -1.62747306 -76.03157864 0.57840407
v -1.69107404 -76.03157864 0.35140923
v -1.72317350 -76.03157864 0.11786830
v -1.72317350 -76.03157864 -0.11786830
v -1.69107404 -76.03157864 -0.35140923
v -1.62747306 -76.03157864 -0.57840407
v -1.53355535 -76.03157864 -0.79462433
v -1.41107040 -76.03157864 -0.99604225
v -1.26229988 -76.03157864 -1.17890579
v -1.09001510 -76.03157864 -1.33980854
v -0.89742540 -76.03157864 -1.47575320
v -0.68811836 -76.03157864 -1.58420736
v -0.46599298 -76.03157864 -1.66315074
v -0.23518704 -76.03157864 -1.71111277
v 0.00000000 61.20000000 1.72720000
v -0.23518704 61.20000000 1.71111277
v -0.46599298 61.20000000 1.66315074
v -0.68811836 61.20000000 1.58420736
v -0.89742540 61.20000000 1.47575320
v -1.09001510 61.20000000 1.33980854
v -1.26229988 61.20000000 1.17890579
v -1.41107040 61.20000000 0.99604225
v -1.53355535 61.20000000 0.79462433
v -1.62747306 61.20000000 0.57840407
v -1.69107404 61.20000000 0.35140923
v -1.72317350 61.20000000 0.11786830
v -1.72317350 61.20000000 -0.11786830
v -1.69107404 61.20000000 -0.35140923
v -1.62747306 61.20000000 -0.57840407
v -1.53355535 61.20000000 -0.79462433
v -1.41107040 61.20000000 -0.99604225
v -1.26229988 61.20000000 -1.17890579
v -1.09001510 61.20000000 -1.33980854
v -0.89742540 61.20000000 -1.47575320
v -0.68811836 61.20000000 -1.58420736
v -0.46599298 61.20000000 -1.66315074
v -0.23518704 61.20000000 -1.71111277
v 0.00000000 61.20000000 -1.72720000
v 0.00000000 60.28163147 0.00000000
v -0.14901075 60.58775431 -0.55611570
v -0.28786667 60.58775431 -0.49859969
v -0.40710494 60.58775431 -0.40710494
v -0.29802150 60.89387716 -1.11223139
v -0.49859969 60.58775431 -0.28786667
v -0.57573333 60.89387716 -0.99719938
v -0.55611570 60.58775431 -0.14901075
v -0.81420989 60.89387716 -0.81420989
v -0.57573333 60.58775431 -0.00000000
v -0.99719938 60.89387716 -0.57573333
v -0.55611570 60.58775431 0.14901075
v -1.11223139 60.89387716 -0.29802150
v -0.49859969 60.58775431 0.28786667
v -1.15146667 60.89387716 -0.00000000
v -0.40710494 60.58775431 0.40710494
v -1.11223139 60.89387716 0.29802150
v -0.28786667 60.58775431 0.49859969
v -0.99719938 60.89387716 0.57573333
v -0.14901075 60.58775431 0.55611570
v -0.81420989 60.89387716 0.81420989
v -0.57573333 60.89387716 0.99719938
v -0.29802150 60.89387716 1.11223139
v 0.00000000 76.07300000 -1.72720000
v 0.00000000 76.07300000 1.72720000
v -0.23518704 76.07300000 -1.71111277
v -0.46599298 76.07300000 -1.66315074
v -0.68811836 76.07300000 -1.58420736
v -0.89742540 76.07300000 -1.47575320
v -1.09001510 76.07300000 -1.33980854
v -1.26229988 76.07300000 -1.17890579
v -1.41107040 76.07300000 -0.99604225
v -1.53355535 76.07300000 -0.79462433
v -1.62747306 76.07300000 -0.57840407
v -1.69107404 76.07300000 -0.35140923
v -1.72317350 76.07300000 -0.11786830
v -1.72317350 76.07300000 0.11786830
v -1.69107404 76.07300000 0.35140923
v -1.62747306 76.07300000 0.57840407
v -1.53355535 76.07300000 0.79462433
v -1.41107040 76.07300000 0.99604225
v -1.26229988 76.07300000 1.17890579
v -1.09001510 76.07300000 1.33980854
v -0.89742540 76.07300000 1.47575320
v -0.68811836 76.07300000 1.58420736
v -0.46599298 76.07300000 1.66315074
v -0.23518704 76.07300000 1.71111277
v -0.24849197 76.17071068 -1.80791336
v -0.49235501 76.17071068 -1.75723804
v -0.72704640 76.17071068 -1.67382870
v -0.94819430 76.17071068 -1.55923909
v -1.15167913 76.17071068 -1.41560382
v -1.33371036 76.17071068 -1.24559852
v -1.49089708 76.17071068 -1.05239008
v -1.62031122 76.17071068 -0.83957760
v -1.71954202 76.17071068 -0.61112538
v -1.78674101 76.17071068 -0.37128905
v -1.82065639 76.17071068 -0.12453631
v -1.82065639 76.17071068 0.12453631
v -1.78674101 76.17071068 0.37128905
v -1.71954202 76.17071068 0.61112538
v -1.62031122 76.17071068 0.83957760
v -1.49089708 76.17071068 1.05239008
v -1.33371036 76.17071068 1.24559852
v -1.15167913 76.17071068 1.41560382
v -0.94819430 76.17071068 1.55923909
v -0.72704640 76.17071068 1.67382870
v -0.49235501 76.17071068 1.75723804
v -0.24849197 76.17071068 1.80791336
v 1.79210030 76.10462296 -3.10400878
v 1.38404862 76.16058590 -3.09484605
v 0.89812687 76.18988340 -3.08561288
v 0.00000000 76.19934077 -3.07782565
v 0.00000000 76.19970700 -3.06227747
v 0.00000000 76.19992675 -3.04672653
v 0.00000000 76.20000000 -3.03117421
v 0.00000000 76.20000000 3.03117421
v 0.41274483 76.20000000 3.00294169
v 0.81780101 76.20000000 2.91877005
v 1.20762311 76.20000000 2.78022724
v 1.57494947 76.20000000 2.58989406
v 1.91293750 76.20000000 2.35131606
v 2.21529113 76.20000000 2.06893748
v 2.47637807 76.20000000 1.74801852
v 2.69133477 76.20000000 1.39453728
v 2.85615701 76.20000000 1.01507844
v 2.96777444 76.20000000 0.61671062
v 3.02410784 76.20000000 0.20685464
v 3.02410784 76.20000000 -0.20685464
v 2.96777444 76.20000000 -0.61671062
v 2.85615701 76.20000000 -1.01507844
v 2.69133477 76.20000000 -1.39453728
v 2.47637807 76.20000000 -1.74801852
v 2.21529113 76.20000000 -2.06893748
v 1.91293750 76.20000000 -2.35131606
v 1.57494947 76.20000000 -2.58989406
v 1.20762311 76.20000000 -2.78022724
v 0.81780101 76.20000000 -2.91877005
v 0.41274483 76.20000000 -3.00294169
v -0.00000000 76.19934077 3.07782565
v 0.00000000 76.19970700 3.06227747
v 0.00000000 76.19992675 3.04672653
v 0.89813085 76.18988327 3.08561295
v 1.38351884 76.16068992 3.09483379
v 1.96620031 76.15604383 2.78609202
v 2.16854264 76.18562474 2.41901845
v 2.86330781 76.19866599 1.19945031
v 3.27995510 76.17497161 0.50131658
v 3.58420061 76.10462296 0.00000000
v 3.39589017 76.15604976 -0.30979374
v 3.17911089 76.18563232 -0.66865667
v 2.47033528 76.19866525 -1.88010100
v 2.07409342 76.17496741 -2.58993305
v 0.83755527 76.19837563 2.98927389
v 1.29429526 76.18560411 2.97976655
v 1.23679364 76.19837563 2.84738454
v 1.70500030 76.15595102 2.95314715
v 1.62436210 76.18560411 2.81347768
v 1.55219661 76.19837563 2.68848339
v 1.87319662 76.18560411 2.65430656
v 2.05023067 76.18560411 2.52007204
v 1.95914513 76.19837563 2.40811287
v 2.26880221 76.19837563 2.11891335
v 2.53619579 76.19837563 1.79024248
v 2.75634485 76.19837563 1.42822278
v 3.18077417 76.18560411 0.66097247
v 3.03946200 76.19837563 0.63160747
v 3.21142990 76.18560411 0.49084303
v 3.24115067 76.18560411 0.22170078
v 3.41000060 76.15595102 0.00000000
v 3.09715616 76.19837563 0.21185128
v 3.24872420 76.18560411 0.00000000
v 3.40205110 76.15595102 -0.23270667
v 3.24115067 76.18560411 -0.22170078
v 3.09715616 76.19837563 -0.21185128
v 3.18077417 76.18560411 -0.66097247
v 3.03946200 76.19837563 -0.63160747
v 2.92514841 76.19837563 -1.03959800
v 2.75634485 76.19837563 -1.42822278
v 2.53619579 76.19837563 -1.79024248
v 2.26880221 76.19837563 -2.11891335
v 2.05023067 76.18560411 -2.52007204
v 1.95914513 76.19837563 -2.40811287
v 1.77178158 76.15595102 -2.91357068
v 1.68798495 76.18560411 -2.77577299
v 1.61299289 76.19837563 -2.65245380
v 1.32627922 76.18560411 -2.96566895
v 1.26735665 76.19837563 -2.83391326
v 0.86758872 76.19837563 -2.98069573
v -0.24849197 -76.17071068 1.80791336
v -0.49235501 -76.17071068 1.75723804
v -0.72704640 -76.17071068 1.67382870
v -0.94819430 -76.17071068 1.55923909
v -1.15167913 -76.17071068 1.41560382
v -1.33371036 -76.17071068 1.24559852
v -1.49089708 -76.17071068 1.05239008
v -1.62031122 -76.17071068 0.83957760
v -1.71954202 -76.17071068 0.61112538
v -1.78674101 -76.17071068 0.37128905
v -1.82065639 -76.17071068 0.12453631
v -1.82065639 -76.17071068 -0.12453631
v -1.78674101 -76.17071068 -0.37128905
v -1.71954202 -76.17071068 -0.61112538
v -1.62031122 -76.17071068 -0.83957760
v -1.49089708 -76.17071068 -1.05239008
v -1.33371036 -76.17071068 -1.24559852
v -1.15167913 -76.17071068 -1.41560382
v -0.94819430 -76.17071068 -1.55923909
v -0.72704640 -76.17071068 -1.67382870
v -0.49235501 -76.17071068 -1.75723804
v -0.24849197 -76.17071068 -1.80791336
v -0.23917527 -76.10228932 -1.74012929
v -0.47389515 -76.10228932 -1.69135393
v -0.69978726 -76.10228932 -1.61107186
v -0.91264366 -76.10228932 -1.50077856
v -1.10849924 -76.10228932 -1.36252860
v -1.28370557 -76.10228932 -1.19889731
v -1.43499889 -76.10228932 -1.01293283
v -1.55956091 -76.10228932 -0.80809933
v -1.65507125 -76.10228932 -0.58821246
v -1.71975075 -76.10228932 -0.35736831
v -1.75239454 -76.10228932 -0.11986707
v -1.75239454 -76.10228932 0.11986707
v -1.71975075 -76.10228932 0.35736831
v -1.65507125 -76.10228932 0.58821246
v -1.55956091 -76.10228932 0.80809933
v -1.43499889 -76.10228932 1.01293283
v -1.28370557 -76.10228932 1.19889731
v -1.10849924 -76.10228932 1.36252860
v -0.91264366 -76.10228932 1.50077856
v -0.69978726 -76.10228932 1.61107186
v -0.47389515 -76.10228932 1.69135393
v -0.23917527 -76.10228932 1.74012929
v 0.00000000 -76.20000000 3.03117421
v 0.41274483 -76.20000000 3.00294169
v 0.81780101 -76.20000000 2.91877005
v 1.20762311 -76.20000000 2.78022724
v 1.57494947 -76.20000000 2.58989406
v 1.91293750 -76.20000000 2.35131606
v 2.21529113 -76.20000000 2.06893748
v 2.47637807 -76.20000000 1.74801852
v 2.69133477 -76.20000000 1.39453728
v 2.85615701 -76.20000000 1.01507844
v 2.96777444 -76.20000000 0.61671062
v 3.02410784 -76.20000000 0.20685464
v 3.02410784 -76.20000000 -0.20685464
v 2.96777444 -76.20000000 -0.61671062
v 2.85615701 -76.20000000 -1.01507844
v 2.69133477 -76.20000000 -1.39453728
v 2.47637807 -76.20000000 -1.74801852
v 2.21529113 -76.20000000 -2.06893748
v 1.91293750 -76.20000000 -2.35131606
v 1.57494947 -76.20000000 -2.58989406
v 1.20762311 -76.20000000 -2.78022724
v 0.81780101 -76.20000000 -2.91877005
v 0.41274483 -76.20000000 -3.00294169
v 0.00000000 -76.20000000 -3.03117421
v 0.00000000 -76.19992675 -3.04672653
v 0.00000000 -76.19970700 -3.06227747
v 0.00000000 -76.19934077 -3.07782565
v 0.89813085 -76.18988327 -3.08561295
v 1.38351884 -76.16068992 -3.09483379
v 1.96620031 -76.15604383 -2.78609202
v 2.16854264 -76.18562474 -2.41901845
v 2.86330781 -76.19866599 -1.19945031
v 3.27995510 -76.17497161 -0.50131658
v 3.39589017 -76.15604976 0.30979374
v 3.17911089 -76.18563232 0.66865667
v 2.47033528 -76.19866525 1.88010100
v 2.07409342 -76.17496741 2.58993305
v 1.79210030 -76.10462296 3.10400878
v 1.38404862 -76.16058590 3.09484605
v 0.89812687 -76.18988340 3.08561288
v -0.00000000 -76.19934077 3.07782565
v 0.00000000 -76.19992675 3.04672653
v 0.00000000 -76.19970700 3.06227747
v 1.28032739 -76.18988340 2.94760929
v 1.32190696 -76.17488883 3.04333505
v 1.60683219 -76.18988340 2.78311499
v 1.65901524 -76.17488883 2.87349868
v 2.00882796 -76.18988340 2.50843556
v 2.07406611 -76.17488883 2.58989884
v 3.14485585 -76.18988340 0.66145326
v 3.20037490 -76.18988340 0.29195759
v 3.30430941 -76.17488883 0.30143913
v 3.21366438 -76.18988340 0.00000000
v 3.31803047 -76.17488883 0.00000000
v 3.20617258 -76.18988340 -0.21930821
v 3.31029538 -76.17488883 -0.22643041
v 3.17677256 -76.18988340 -0.48554592
v 3.14644765 -76.18988340 -0.65383934
v 2.14513901 -76.18988340 -2.39290980
v 1.85298132 -76.18988340 -2.62566162
v 1.91315824 -76.17488883 -2.71093190
v 1.66976843 -76.18988340 -2.74581720
v 1.72399538 -76.17488883 -2.83498962
v 1.31155198 -76.18988340 -2.93384903
v 1.35414559 -76.17488883 -3.02912791
v 0.89813052 -76.18988340 -3.08561182
v 1.86195462 -76.01039989 3.12500000
v 2.24915635 -76.08673330 2.45434693
v 2.94417472 -76.09876845 1.25053980
v 3.34955666 -76.07649948 0.54839768
v 3.63730670 -76.01039989 0.05000000
v 1.86195462 76.01039989 3.12500000
v 3.63730670 76.01039989 0.05000000
v 3.25002145 76.08673995 0.72079772
v 2.55501476 76.09876777 1.92458462
v 2.14966911 76.07649575 2.62666388
v 3.25002145 -76.08673995 -0.72079772
v 2.55501476 -76.09876777 -1.92458462
v 2.14966911 -76.07649575 -2.62666388
v 1.86195462 -76.01039989 -3.12500000
v 3.63730670 76.01039989 -0.05000000
v 1.86195462 76.01039989 -3.12500000
v 2.24915635 76.08673330 -2.45434693
v 2.94417472 76.09876845 -1.25053980
v 3.34955666 76.07649948 -0.54839768
v 1.00077452 -76.08674804 -3.17500000
v -0.38899082 -76.09876908 -3.17500000
v -1.19982287 -76.07650139 -3.17500000
v -1.77535208 -76.01039989 -3.17500000
v 1.77535208 76.01039989 -3.17500000
v -1.77535208 76.01039989 -3.17500000
v -1.00077452 76.08674804 -3.17500000
v 0.38899082 76.09876908 -3.17500000
v 1.19982287 76.07650139 -3.17500000
v -2.24915635 -76.08673330 -2.45434693
v -2.94417472 -76.09876845 -1.25053980
v -3.34955666 -76.07649948 -0.54839768
v -3.63730670 -76.01039989 -0.05000000
v -1.86195462 76.01039989 -3.12500000
v -3.25002145 76.08673995 -0.72079772
v -2.55501476 76.09876777 -1.92458462
v -2.14966911 76.07649575 -2.62666388
v -3.63730670 -76.01039989 0.05000000
v -3.25002145 -76.08673995 0.72079772
v -2.55501476 -76.09876777 1.92458462
v -2.14966911 -76.07649575 2.62666388
v -1.86195462 -76.01039989 3.12500000
v -3.63730670 76.01039989 0.05000000
v -2.24915635 76.08673330 2.45434693
v -2.94417472 76.09876845 1.25053980
v -3.34955666 76.07649948 0.54839768
v -1.77535208 -76.01039989 3.17500000
v -1.00077452 -76.08674804 3.17500000
v 0.38899082 -76.09876908 3.17500000
v 1.19982287 -76.07650139 3.17500000
v 1.77535208 -76.01039989 3.17500000
v -1.77535208 76.01039989 3.17500000
v 1.00077452 76.08674804 3.17500000
v -0.38899082 76.09876908 3.17500000
v -1.19982287 76.07650139 3.17500000
v -0.41274483 -76.20000000 -3.00294169
v -0.81780101 -76.20000000 -2.91877005
v -1.20762311 -76.20000000 -2.78022724
v -1.57494947 -76.20000000 -2.58989406
v -1.91293750 -76.20000000 -2.35131606
v -2.21529113 -76.20000000 -2.06893748
v -2.47637807 -76.20000000 -1.74801852
v -2.69133477 -76.20000000 -1.39453728
v -2.85615701 -76.20000000 -1.01507844
v -2.96777444 -76.20000000 -0.61671062
v -3.02410784 -76.20000000 -0.20685464
v -3.02410784 -76.20000000 0.20685464
v -2.96777444 -76.20000000 0.61671062
v -2.85615701 -76.20000000 1.01507844
v -2.69133477 -76.20000000 1.39453728
v -2.47637807 -76.20000000 1.74801852
v -2.21529113 -76.20000000 2.06893748
v -1.91293750 -76.20000000 2.35131606
v -1.57494947 -76.20000000 2.58989406
v -1.20762311 -76.20000000 2.78022724
v -0.81780101 -76.20000000 2.91877005
v -0.41274483 -76.20000000 3.00294169
v -0.89813085 -76.18988327 3.08561295
v -1.38351884 -76.16068992 3.09483379
v -1.79210030 -76.10462296 3.10400878
v -1.96620031 -76.15604383 2.78609202
v -2.16854264 -76.18562474 2.41901845
v -2.86330781 -76.19866599 1.19945031
v -3.27995510 -76.17497161 0.50131658
v -3.58420061 -76.10462296 -0.00000000
v -3.39589017 -76.15604976 -0.30979374
v -3.17911089 -76.18563232 -0.66865667
v -2.47033528 -76.19866525 -1.88010100
v -2.07409342 -76.17496741 -2.58993305
v -1.38404862 -76.16058590 -3.09484605
v -0.89812687 -76.18988340 -3.08561288
v -1.28032739 -76.18988340 -2.94760928
v -1.32190696 -76.17488883 -3.04333505
v -1.60683219 -76.18988340 -2.78311499
v -1.65901524 -76.17488883 -2.87349868
v -2.00882796 -76.18988340 -2.50843556
v -2.07406611 -76.17488883 -2.58989884
v -3.14485585 -76.18988340 -0.66145326
v -3.20037490 -76.18988340 -0.29195759
v -3.30430941 -76.17488883 -0.30143913
v -3.21366438 -76.18988340 0.00000000
v -3.31803047 -76.17488883 0.00000000
v -3.20617258 -76.18988340 0.21930821
v -3.31029538 -76.17488883 0.22643041
v -3.17677256 -76.18988340 0.48554592
v -3.14644765 -76.18988340 0.65383934
v -2.14513901 -76.18988340 2.39290980
v -1.85298132 -76.18988340 2.62566162
v -1.91315824 -76.17488883 2.71093190
v -1.66976843 -76.18988340 2.74581720
v -1.72399538 -76.17488883 2.83498962
v -1.31155198 -76.18988340 2.93384903
v -1.35414559 -76.17488883 3.02912791
v -0.89813052 -76.18988340 3.08561182
v -0.25812041 -76.20000000 -1.87796544
v -0.51143252 -76.20000000 -1.82532657
v -0.75521761 -76.20000000 -1.73868533
v -0.98493443 -76.20000000 -1.61965567
v -1.19630378 -76.20000000 -1.47045489
v -1.38538826 -76.20000000 -1.29386232
v -1.54866558 -76.20000000 -1.09316753
v -1.68309418 -76.20000000 -0.87210911
v -1.78616993 -76.20000000 -0.63480494
v -1.85597271 -76.20000000 -0.38567556
v -1.89120223 -76.20000000 -0.12936178
v -1.89120223 -76.20000000 0.12936178
v -1.85597271 -76.20000000 0.38567556
v -1.78616993 -76.20000000 0.63480494
v -1.68309418 -76.20000000 0.87210911
v -1.54866558 -76.20000000 1.09316753
v -1.38538826 -76.20000000 1.29386232
v -1.19630378 -76.20000000 1.47045489
v -0.98493443 -76.20000000 1.61965567
v -0.75521761 -76.20000000 1.73868533
v -0.51143252 -76.20000000 1.82532657
v -0.25812041 -76.20000000 1.87796544
v -0.89813085 76.18988327 -3.08561295
v -1.38351884 76.16068992 -3.09483379
v -1.79210030 76.10462296 -3.10400878
v -1.96620031 76.15604383 -2.78609202
v -2.16854264 76.18562474 -2.41901845
v -2.86330781 76.19866599 -1.19945031
v -3.27995510 76.17497161 -0.50131658
v -3.39589017 76.15604976 0.30979374
v -3.17911089 76.18563232 0.66865667
v -2.47033528 76.19866525 1.88010100
v -2.07409342 76.17496741 2.58993305
v -1.38404862 76.16058590 3.09484605
v -0.89812687 76.18988340 3.08561288
v -0.41274483 76.20000000 -3.00294169
v -0.81780101 76.20000000 -2.91877005
v -1.20762311 76.20000000 -2.78022724
v -1.57494947 76.20000000 -2.58989406
v -1.91293750 76.20000000 -2.35131606
v -2.21529113 76.20000000 -2.06893748
v -2.47637807 76.20000000 -1.74801852
v -2.69133477 76.20000000 -1.39453728
v -2.85615701 76.20000000 -1.01507844
v -2.96777444 76.20000000 -0.61671062
v -3.02410784 76.20000000 -0.20685464
v -3.02410784 76.20000000 0.20685464
v -2.96777444 76.20000000 0.61671062
v -2.85615701 76.20000000 1.01507844
v -2.69133477 76.20000000 1.39453728
v -2.47637807 76.20000000 1.74801852
v -2.21529113 76.20000000 2.06893748
v -1.91293750 76.20000000 2.35131606
v -1.57494947 76.20000000 2.58989406
v -1.20762311 76.20000000 2.78022724
v -0.81780101 76.20000000 2.91877005
v -0.41274483 76.20000000 3.00294169
v -0.83755527 76.19837563 -2.98927389
v -1.29429526 76.18560411 -2.97976655
v -1.23679364 76.19837563 -2.84738454
v -1.70500030 76.15595102 -2.95314715
v -1.62436210 76.18560411 -2.81347768
v -1.55219661 76.19837563 -2.68848339
v -1.87319662 76.18560411 -2.65430656
v -2.05023067 76.18560411 -2.52007204
v -1.95914513 76.19837563 -2.40811287
v -2.26880221 76.19837563 -2.11891335
v -2.53619579 76.19837563 -1.79024248
v -2.75634485 76.19837563 -1.42822278
v -3.18077417 76.18560411 -0.66097247
v -3.03946200 76.19837563 -0.63160747
v -3.21142990 76.18560411 -0.49084303
v -3.24115067 76.18560411 -0.22170078
v -3.41000060 76.15595102 0.00000000
v -3.09715616 76.19837563 -0.21185128
v -3.24872420 76.18560411 0.00000000
v -3.40205110 76.15595102 0.23270667
v -3.24115067 76.18560411 0.22170078
v -3.09715616 76.19837563 0.21185128
v -3.18077417 76.18560411 0.66097247
v -3.03946200 76.19837563 0.63160747
v -2.92514841 76.19837563 1.03959800
v -2.75634485 76.19837563 1.42822278
v -2.53619579 76.19837563 1.79024248
v -2.26880221 76.19837563 2.11891335
v -2.05023067 76.18560411 2.52007204
v -1.95914513 76.19837563 2.40811287
v -1.77178158 76.15595102 2.91357068
v -1.68798495 76.18560411 2.77577299
v -1.61299289 76.19837563 2.65245380
v -1.32627922 76.18560411 2.96566895
v -1.26735665 76.19837563 2.83391326
v -0.86758872 76.19837563 2.98069573
v 0.23518704 76.07300000 1.71111277
v 0.46599298 76.07300000 1.66315074
v 0.68811836 76.07300000 1.58420736
v 0.89742540 76.07300000 1.47575320
v 1.09001510 76.07300000 1.33980854
v 1.26229988 76.07300000 1.17890579
v 1.41107040 76.07300000 0.99604225
v 1.53355535 76.07300000 0.79462433
v 1.62747306 76.07300000 0.57840407
v 1.69107404 76.07300000 0.35140923
v 1.72317350 76.07300000 0.11786830
v 1.72317350 76.07300000 -0.11786830
v 1.69107404 76.07300000 -0.35140923
v 1.62747306 76.07300000 -0.57840407
v 1.53355535 76.07300000 -0.79462433
v 1.41107040 76.07300000 -0.99604225
v 1.26229988 76.07300000 -1.17890579
v 1.09001510 76.07300000 -1.33980854
v 0.89742540 76.07300000 -1.47575320
v 0.68811836 76.07300000 -1.58420736
v 0.46599298 76.07300000 -1.66315074
v 0.23518704 76.07300000 -1.71111277
v -0.25812041 76.20000000 1.87796544
v -0.51143252 76.20000000 1.82532657
v -0.75521761 76.20000000 1.73868533
v -0.98493443 76.20000000 1.61965567
v -1.19630378 76.20000000 1.47045489
v -1.38538826 76.20000000 1.29386232
v -1.54866558 76.20000000 1.09316753
v -1.68309418 76.20000000 0.87210911
v -1.78616993 76.20000000 0.63480494
v -1.85597271 76.20000000 0.38567556
v -1.89120223 76.20000000 0.12936178
v -1.89120223 76.20000000 -0.12936178
v -1.85597271 76.20000000 -0.38567556
v -1.78616993 76.20000000 -0.63480494
v -1.68309418 76.20000000 -0.87210911
v -1.54866558 76.20000000 -1.09316753
v -1.38538826 76.20000000 -1.29386232
v -1.19630378 76.20000000 -1.47045489
v -0.98493443 76.20000000 -1.61965567
v -0.75521761 76.20000000 -1.73868533
v -0.51143252 76.20000000 -1.82532657
v -0.25812041 76.20000000 -1.87796544
v 0.23518704 61.20000000 -1.71111277
v 0.46599298 61.20000000 -1.66315074
v 0.68811836 61.20000000 -1.58420736
v 0.89742540 61.20000000 -1.47575320
v 1.09001510 61.20000000 -1.33980854
v 1.26229988 61.20000000 -1.17890579
v 1.41107040 61.20000000 -0.99604225
v 1.53355535 61.20000000 -0.79462433
v 1.62747306 61.20000000 -0.57840407
v 1.69107404 61.20000000 -0.35140923
v 1.72317350 61.20000000 -0.11786830
v 1.72317350 61.20000000 0.11786830
v 1.69107404 61.20000000 0.35140923
v 1.62747306 61.20000000 0.57840407
v 1.53355535 61.20000000 0.79462433
v 1.41107040 61.20000000 0.99604225
v 1.26229988 61.20000000 1.17890579
v 1.09001510 61.20000000 1.33980854
v 0.89742540 61.20000000 1.47575320
v 0.68811836 61.20000000 1.58420736
v 0.46599298 61.20000000 1.66315074
v 0.23518704 61.20000000 1.71111277
v 0.14901075 60.58775431 0.55611570
v 0.28786667 60.58775431 0.49859969
v 0.40710494 60.58775431 0.40710494
v 0.29802150 60.89387716 1.11223139
v 0.49859969 60.58775431 0.28786667
v 0.57573333 60.89387716 0.99719938
v 0.55611570 60.58775431 0.14901075
v 0.81420989 60.89387716 0.81420989
v 0.57573333 60.58775431 0.00000000
v 0.99719938 60.89387716 0.57573333
v 0.55611570 60.58775431 -0.14901075
v 1.11223139 60.89387716 0.29802150
v 0.49859969 60.58775431 -0.28786667
v 1.15146667 60.89387716 0.00000000
v 0.40710494 60.58775431 -0.40710494
v 1.11223139 60.89387716 -0.29802150
v 0.28786667 60.58775431 -0.49859969
v 0.99719938 60.89387716 -0.57573333
v 0.14901075 60.58775431 -0.55611570
v 0.81420989 60.89387716 -0.81420989
v 0.57573333 60.89387716 -0.99719938
v 0.29802150 60.89387716 -1.11223139
v 0.23518704 -61.20000000 -1.71111277
v 0.46599298 -61.20000000 -1.66315074
v 0.68811836 -61.20000000 -1.58420736
v 0.89742540 -61.20000000 -1.47575320
v 1.09001510 -61.20000000 -1.33980854
v 1.26229988 -61.20000000 -1.17890579
v 1.41107040 -61.20000000 -0.99604225
v 1.53355535 -61.20000000 -0.79462433
v 1.62747306 -61.20000000 -0.57840407
v 1.69107404 -61.20000000 -0.35140923
v 1.72317350 -61.20000000 -0.11786830
v 1.72317350 -61.20000000 0.11786830
v 1.69107404 -61.20000000 0.35140923
v 1.62747306 -61.20000000 0.57840407
v 1.53355535 -61.20000000 0.79462433
v 1.41107040 -61.20000000 0.99604225
v 1.26229988 -61.20000000 1.17890579
v 1.09001510 -61.20000000 1.33980854
v 0.89742540 -61.20000000 1.47575320
v 0.68811836 -61.20000000 1.58420736
v 0.46599298 -61.20000000 1.66315074
v 0.23518704 -61.20000000 1.71111277
v 0.28786667 -60.58775431 -0.49859969
v 0.14901075 -60.58775431 -0.55611570
v 0.40710494 -60.58775431 -0.40710494
v 0.29802150 -60.89387716 -1.11223139
v 0.49859969 -60.58775431 -0.28786667
v 0.57573333 -60.89387716 -0.99719938
v 0.55611570 -60.58775431 -0.14901075
v 0.81420989 -60.89387716 -0.81420989
v 0.57573333 -60.58775431 -0.00000000
v 0.99719938 -60.89387716 -0.57573333
v 0.55611570 -60.58775431 0.14901075
v 1.11223139 -60.89387716 -0.29802150
v 0.49859969 -60.58775431 0.28786667
v 1.15146667 -60.89387716 -0.00000000
v 0.40710494 -60.58775431 0.40710494
v 1.11223139 -60.89387716 0.29802150
v 0.28786667 -60.58775431 0.49859969
v 0.99719938 -60.89387716 0.57573333
v 0.14901075 -60.58775431 0.55611570
v 0.81420989 -60.89387716 0.81420989
v 0.57573333 -60.89387716 0.99719938
v 0.29802150 -60.89387716 1.11223139
v -0.25131208 -76.18660254 -1.82843114
v -0.25459616 -76.19659258 -1.85232460
v -0.49794268 -76.18660254 -1.77718071
v -0.50444967 -76.19659258 -1.80040444
v -0.73529756 -76.18660254 -1.69282477
v -0.74490624 -76.19659258 -1.71494616
v -0.95895523 -76.18660254 -1.57693470
v -0.97148661 -76.19659258 -1.59754167
v -1.16474939 -76.18660254 -1.43166932
v -1.17997003 -76.19659258 -1.45037800
v -1.34884646 -76.18660254 -1.25973466
v -1.36647284 -76.19659258 -1.27619654
v -1.50781708 -76.18660254 -1.06433352
v -1.52752084 -76.19659258 -1.07824195
v -1.63869992 -76.18660254 -0.84910586
v -1.66011402 -76.19659258 -0.86020175
v -1.73905688 -76.18660254 -0.61806096
v -1.76178242 -76.19659258 -0.62613762
v -1.80701850 -76.18660254 -0.37550276
v -1.83063215 -76.19659258 -0.38040973
v -1.84131879 -76.18660254 -0.12594966
v -1.86538066 -76.19659258 -0.12759553
v -1.84131879 -76.18660254 0.12594966
v -1.86538066 -76.19659258 0.12759553
v -1.80701850 -76.18660254 0.37550276
v -1.83063215 -76.19659258 0.38040973
v -1.73905688 -76.18660254 0.61806096
v -1.76178242 -76.19659258 0.62613762
v -1.63869992 -76.18660254 0.84910586
v -1.66011402 -76.19659258 0.86020175
v -1.50781708 -76.18660254 1.06433352
v -1.52752084 -76.19659258 1.07824195
v -1.34884646 -76.18660254 1.25973466
v -1.36647284 -76.19659258 1.27619654
v -1.16474939 -76.18660254 1.43166932
v -1.17997003 -76.19659258 1.45037800
v -0.95895523 -76.18660254 1.57693470
v -0.97148661 -76.19659258 1.59754167
v -0.73529756 -76.18660254 1.69282477
v -0.74490624 -76.19659258 1.71494616
v -0.49794268 -76.18660254 1.77718071
v -0.50444967 -76.19659258 1.80040444
v -0.25131208 -76.18660254 1.82843114
v -0.25459616 -76.19659258 1.85232460
v -0.23565101 -76.05746055 -1.71448845
v -0.23701132 -76.08157864 -1.72438544
v -0.46691229 -76.05746055 -1.66643180
v -0.46960757 -76.08157864 -1.67605138
v -0.68947588 -76.05746055 -1.58733268
v -0.69345592 -76.08157864 -1.59649566
v -0.89919584 -76.05746055 -1.47866456
v -0.90438650 -76.08157864 -1.48720025
v -1.09216548 -76.05746055 -1.34245171
v -1.09847007 -76.08157864 -1.35020110
v -1.26479014 -76.05746055 -1.18123153
v -1.27209122 -76.08157864 -1.18805027
v -1.41385416 -76.05746055 -0.99800724
v -1.42201572 -76.08157864 -1.00376830
v -1.53658074 -76.05746055 -0.79619197
v -1.54545076 -76.08157864 -0.80078804
v -1.63068374 -76.05746055 -0.57954514
v -1.64009697 -76.08157864 -0.58289060
v -1.69441018 -76.05746055 -0.35210249
v -1.70419128 -76.08157864 -0.35413502
v -1.72657297 -76.05746055 -0.11810083
v -1.73653973 -76.08157864 -0.11878257
v -1.72657297 -76.05746055 0.11810083
v -1.73653973 -76.08157864 0.11878257
v -1.69441018 -76.05746055 0.35210249
v -1.70419128 -76.08157864 0.35413502
v -1.63068374 -76.05746055 0.57954514
v -1.64009697 -76.08157864 0.58289060
v -1.53658074 -76.05746055 0.79619197
v -1.54545076 -76.08157864 0.80078804
v -1.41385416 -76.05746055 0.99800724
v -1.42201572 -76.08157864 1.00376830
v -1.26479014 -76.05746055 1.18123153
v -1.27209122 -76.08157864 1.18805027
v -1.09216548 -76.05746055 1.34245171
v -1.09847007 -76.08157864 1.35020110
v -0.89919584 -76.05746055 1.47866456
v -0.90438650 -76.08157864 1.48720025
v -0.68947588 -76.05746055 1.58733268
v -0.69345592 -76.08157864 1.59649566
v -0.46691229 -76.05746055 1.66643180
v -0.46960757 -76.08157864 1.67605138
v -0.23565101 -76.05746055 1.71448845
v -0.23701132 -76.08157864 1.72438544
v -0.25459616 76.19659258 -1.85232460
v -0.25131208 76.18660254 -1.82843114
v -0.50444967 76.19659258 -1.80040444
v -0.49794268 76.18660254 -1.77718071
v -0.74490624 76.19659258 -1.71494616
v -0.73529756 76.18660254 -1.69282477
v -0.97148661 76.19659258 -1.59754167
v -0.95895523 76.18660254 -1.57693470
v -1.17997003 76.19659258 -1.45037800
v -1.16474939 76.18660254 -1.43166932
v -1.36647284 76.19659258 -1.27619654
v -1.34884646 76.18660254 -1.25973466
v -1.52752084 76.19659258 -1.07824195
v -1.50781708 76.18660254 -1.06433352
v -1.66011402 76.19659258 -0.86020175
v -1.63869992 76.18660254 -0.84910586
v -1.76178242 76.19659258 -0.62613762
v -1.73905688 76.18660254 -0.61806096
v -1.83063215 76.19659258 -0.38040973
v -1.80701850 76.18660254 -0.37550276
v -1.86538066 76.19659258 -0.12759553
v -1.84131879 76.18660254 -0.12594966
v -1.86538066 76.19659258 0.12759553
v -1.84131879 76.18660254 0.12594966
v -1.83063215 76.19659258 0.38040973
v -1.80701850 76.18660254 0.37550276
v -1.76178242 76.19659258 0.62613762
v -1.73905688 76.18660254 0.61806096
v -1.66011402 76.19659258 0.86020175
v -1.63869992 76.18660254 0.84910586
v -1.52752084 76.19659258 1.07824195
v -1.50781708 76.18660254 1.06433352
v -1.36647284 76.19659258 1.27619654
v -1.34884646 76.18660254 1.25973466
v -1.17997003 76.19659258 1.45037800
v -1.16474939 76.18660254 1.43166932
v -0.97148661 76.19659258 1.59754167
v -0.95895523 76.18660254 1.57693470
v -0.74490624 76.19659258 1.71494616
v -0.73529756 76.18660254 1.69282477
v -0.50444967 76.19659258 1.80040444
v -0.49794268 76.18660254 1.77718071
v -0.25459616 76.19659258 1.85232460
v -0.25131208 76.18660254 1.82843114
v -1.80955409 76.01039989 -3.16896926
v -1.83963084 76.01039989 -3.15160444
v -1.77868114 -76.01039989 -3.17494457
v -1.77701684 -76.01039989 -3.17498614
v -1.78257586 76.05103982 -3.16608355
v -1.78851143 76.08443247 -3.14092427
v -1.82586449 76.08443247 -3.11935846
v -1.85062086 76.05103982 -3.12679775
v -1.83976978 76.01289321 -3.15144700
v -1.84327076 76.03692217 -3.14343699
v -1.81306071 76.03469832 -3.16437363
v -1.81670611 76.06145729 -3.15038558
v -1.81905171 76.08259709 -3.12864613
v -1.78851143 -76.08443247 -3.14092427
v -1.78257586 -76.05103982 -3.16608355
v -1.91307153 76.11501536 -2.96225735
v -3.44963495 76.14125667 -0.26087767
v -1.89510925 76.06606076 -3.04958031
v -2.03903089 76.10392929 -2.79847134
v -2.02033994 76.14982824 -2.75184077
v -2.07192705 76.13224633 -2.71521114
v -2.11591818 76.10587726 -2.67377023
v -2.12243409 76.16677962 -2.56917276
v -2.17358238 76.17294323 -2.47785523
v -2.17509177 76.14744435 -2.53379987
v -2.26924435 76.12312413 -2.40731681
v -2.27367575 76.18157882 -2.29966079
v -2.37698135 76.16326166 -2.17970163
v -2.72589824 76.16908422 -1.57201315
v -2.47192675 76.13317810 -2.05538621
v -2.64678936 76.13548730 -1.75210193
v -2.79552261 76.19135971 -1.38630900
v -2.99476118 76.13369489 -1.14973895
v -2.97129692 76.18876980 -1.08557437
v -3.07548874 76.16329467 -0.96983519
v -3.16904555 76.12661873 -0.84857125
v -3.17761015 76.17798729 -0.73620089
v -3.28172653 76.16734884 -0.56100215
v -3.36857317 76.10660310 -0.50409630
v -3.27050657 76.11861775 -0.67337004
v -3.28030949 76.14761783 -0.61949208
v -3.38254302 76.15185640 -0.39184660
v -3.47869337 76.11342763 -0.28115715
v -3.46513738 76.12985489 -0.27123516
v -3.56374701 76.06426471 -0.16733039
v -1.84726046 76.09312402 -3.08003774
v -2.12347460 76.14062047 -2.62453770
v -2.22561598 76.15281998 -2.44505737
v -2.27610807 76.15711747 -2.35644746
v -2.90028807 76.16822980 -1.27084137
v -2.93642995 76.18038019 -1.17860631
v -3.17767242 76.15719540 -0.79487851
v -3.22893969 76.15293786 -0.70723594
v -3.32995604 76.14128185 -0.53475415
v -3.37959533 76.13358816 -0.45007956
v -3.51809105 76.09962634 -0.22058027
v -3.51269401 76.10832713 -0.21619507
v -3.58022325 76.09424312 -0.08614541
v -2.22364163 76.17775639 -2.38864761
v -3.21974120 76.12308424 -0.76102121
v 1.78257586 76.05103982 -3.16608355
v 1.78851143 76.08443247 -3.14092427
v -1.58535968 76.11841953 -3.13760531
v -1.58325734 76.10209258 -3.15384275
v -1.48437279 76.13786752 -3.12723333
v -1.29108232 76.10329908 -3.16938736
v -1.28800637 76.15762027 -3.12438593
v -1.19205397 76.14203426 -3.15114302
v -1.04554929 76.17366705 -3.12114480
v -0.95030052 76.15522640 -3.14966467
v -1.09613515 76.11636715 -3.16909173
v -0.75159424 76.12933442 -3.16864687
v -0.69956392 76.18592339 -3.11731237
v -0.50142926 76.16678203 -3.14759068
v -0.25071076 76.19120843 -3.11432522
v -0.05590547 76.13560801 -3.16820825
v 0.32152863 76.19090002 -3.11462412
v 0.09735372 76.19149867 -3.11392375
v 0.19471140 76.16890291 -3.14684294
v 0.29195536 76.13521303 -3.16827698
v 0.77054619 76.18413839 -3.11800391
v 0.64314354 76.16447885 -3.14813239
v 0.92208533 76.12418436 -3.16884632
v 0.51596012 76.13352723 -3.16842135
v 0.97463259 76.17699655 -3.12026399
v 1.05053461 76.15055290 -3.15024178
v 1.12558951 76.11469862 -3.16912568
v 1.21737329 76.16307288 -3.12339531
v 1.29268511 76.13422614 -3.15179555
v 1.39155503 76.09423322 -3.16954298
v 1.48514113 76.13770449 -3.12724120
v 1.58404541 76.10193852 -3.15384655
v 1.58614793 76.11826397 -3.13761285
v 1.68063481 76.05757764 -3.17003585
v -1.38774702 76.12549075 -3.15245814
v -1.33809129 76.14306030 -3.13951986
v -0.82500554 76.17273216 -3.13472529
v -0.15328553 76.16898598 -3.14678985
v 0.02069986 76.16908422 -3.14670433
v -0.02796382 76.18206789 -3.13124074
v 0.35540309 76.15243589 -3.15949632
v 0.41887863 76.16768321 -3.14733062
v 0.84657291 76.15910419 -3.14909103
v -0.91328430 76.13306172 -3.16522484
v -0.07664373 76.19151056 -3.11389588
v 1.83963084 76.01039989 -3.15160444
v 1.80955409 76.01039989 -3.16896926
v 1.81266343 -76.01039989 -3.16777857
v 1.84089721 -76.01039989 -3.15052374
v 1.68009094 -76.05767790 -3.17003536
v 1.58535968 -76.11841953 -3.13760531
v 1.58325734 -76.10209258 -3.15384275
v 1.48437279 -76.13786752 -3.12723333
v 1.29108232 -76.10329908 -3.16938736
v 1.28800637 -76.15762027 -3.12438593
v 1.19205397 -76.14203426 -3.15114302
v 1.04554929 -76.17366705 -3.12114480
v 0.95030052 -76.15522640 -3.14966467
v 1.09613515 -76.11636715 -3.16909173
v 0.25071076 -76.19120843 -3.11432522
v 0.69956392 -76.18592339 -3.11731237
v 0.50142927 -76.16678203 -3.14759068
v 0.05590547 -76.13560801 -3.16820825
v -0.32152863 -76.19090002 -3.11462412
v -0.64314354 -76.16447885 -3.14813239
v -0.09735372 -76.19149867 -3.11392375
v -0.19471140 -76.16890291 -3.14684294
v -0.29195536 -76.13521303 -3.16827698
v -0.51596012 -76.13352723 -3.16842135
v -0.92208533 -76.12418436 -3.16884632
v -0.97463258 -76.17699655 -3.12026399
v -1.05053460 -76.15055290 -3.15024178
v -1.12558950 -76.11469862 -3.16912568
v -1.21737329 -76.16307288 -3.12339531
v -1.29268511 -76.13422614 -3.15179555
v -1.39155503 -76.09423322 -3.16954298
v -1.48514113 -76.13770449 -3.12724120
v -1.58404541 -76.10193852 -3.15384655
v -1.58614793 -76.11826397 -3.13761285
v -1.68063481 -76.05757764 -3.17003585
v 1.38774702 -76.12549075 -3.15245814
v 1.33809129 -76.14306030 -3.13951986
v 0.85082206 -76.14355531 -3.16057703
v 0.02796382 -76.18206789 -3.13124074
v -0.02069986 -76.16908422 -3.14670433
v -0.35540309 -76.15243589 -3.15949632
v -1.73749056 -76.09043610 -3.14388345
v 0.77534527 -76.16812696 -3.14183624
v 0.83678716 -76.18409391 -3.11448347
v -3.63319671 -76.05103982 -0.03928580
v -3.61437592 -76.08443247 -0.02156580
v -1.95067074 -76.14123107 -2.85716505
v -2.03055411 -76.15183428 -2.73356394
v -1.98276109 -76.11340188 -2.87218999
v -1.96739099 -76.12982899 -2.86541168
v -2.12074235 -76.10658015 -2.66540274
v -1.92673148 -76.06424569 -3.00272482
v -2.21833431 -76.11860856 -2.49578537
v -2.17658679 -76.14760632 -2.53119627
v -2.22631059 -76.17798155 -2.38390233
v -2.12665421 -76.16733619 -2.56164809
v -2.42570930 -76.18876823 -2.03056127
v -2.37756961 -76.16329236 -2.17866669
v -2.49301102 -76.13369442 -2.01879528
v -2.31932665 -76.12661523 -2.32032701
v -2.84068783 -76.13548803 -1.41625982
v -2.72428033 -76.16908422 -1.57481542
v -2.94995512 -76.18933130 -1.12192375
v -2.59826780 -76.19135893 -1.72796512
v -3.01590571 -76.13317965 -1.11318678
v -3.07608900 -76.16326469 -0.96881032
v -3.12831740 -76.18158416 -0.81937455
v -3.21935732 -76.12312566 -0.76167551
v -3.28181747 -76.14745347 -0.61689891
v -3.28611280 -76.16679456 -0.55362204
v -3.23259903 -76.17295368 -0.64358462
v -3.39329422 -76.14984433 -0.37381545
v -3.38736515 -76.13225969 -0.43680981
v -3.44634260 -76.09311361 -0.36988248
v -3.37347347 -76.10588586 -0.49562444
v -3.46830972 -76.13354246 -0.24821108
v -3.52188191 -76.11503196 -0.17571392
v -3.53474625 -76.09873550 -0.18565844
v -3.59125067 -76.05579495 -0.11988167
v -1.86468423 -76.09423126 -3.05754758
v -1.94350913 -76.10830288 -2.93410529
v -1.95000517 -76.09960226 -2.93658634
v -2.07949091 -76.13356433 -2.70192825
v -2.12800975 -76.14126360 -2.61658738
v -2.22688460 -76.15293024 -2.44284671
v -2.27714906 -76.15719064 -2.35463107
v -2.48884498 -76.18037908 -1.95384679
v -2.55065277 -76.16822904 -1.87642747
v -2.89977367 -76.16823548 -1.27172942
v -2.95946420 -76.15170651 -1.19332981
v -3.17872434 -76.15712134 -0.79307168
v -3.23021990 -76.15282598 -0.70503515
v -3.33459767 -76.14063318 -0.52681511
v -3.46116964 -76.11751157 -0.31100848
v -3.59429577 -76.08944253 -0.06239026
v -2.26885579 -76.12307873 -2.40800254
v -3.18036776 -76.17776343 -0.73154758
v -3.64918493 -76.01039989 0.01736482
v -3.64918493 -76.01039989 -0.01736482
v -3.64918493 76.01039989 0.01736482
v -3.64467342 76.01039989 0.03420201
v -3.61437592 76.08443247 0.02156580
v -3.63319671 76.05103982 0.03928580
v -3.64527671 76.03005081 0.02588190
v 1.85062086 76.05103982 -3.12679775
v 1.82586449 76.08443247 -3.11935846
v 1.81086136 76.02004057 -3.16798467
v 1.81502559 76.04862174 -3.15845719
v 1.84161883 76.02521638 -3.14841110
v 1.81805960 76.07287907 -3.14036374
v 1.84468362 76.04771337 -3.13665097
v 1.82586449 -76.08443247 -3.11935846
v 1.85062086 -76.05103982 -3.12679775
v 1.82101893 -76.07187380 -3.13930783
v 1.81805141 -76.04808906 -3.15719668
v 1.84587870 -76.04718278 -3.13560540
v 1.81397372 -76.02003722 -3.16673598
v 1.84288500 -76.02515598 -3.14726038
v -3.63319671 -76.05103982 0.03928580
v -3.61437592 -76.08443247 0.02156580
v -3.64712542 -76.03043495 -0.01736482
v -3.63116254 -76.06718819 -0.01736482
v -3.64103301 -76.04963202 0.01736482
v -3.61792684 -76.08236914 0.01736482
v -1.95067074 76.14123107 2.85716505
v -1.92673148 76.06424569 3.00272482
v -2.03055411 76.15183428 2.73356394
v -1.96739099 76.12982899 2.86541168
v -1.98276109 76.11340188 2.87218999
v -2.22631059 76.17798155 2.38390233
v -2.12665421 76.16733619 2.56164809
v -2.42570930 76.18876823 2.03056127
v -2.37756961 76.16329236 2.17866669
v -2.49301102 76.13369442 2.01879528
v -2.31932665 76.12661523 2.32032701
v -2.84068783 76.13548803 1.41625982
v -2.72428033 76.16908422 1.57481542
v -2.94995512 76.18933130 1.12192375
v -2.59826780 76.19135893 1.72796512
v -3.11756807 76.12945730 0.93749154
v -3.28611280 76.16679456 0.55362204
v -3.23259903 76.17295368 0.64358462
v -3.28181747 76.14745347 0.61689891
v -3.39329422 76.14984433 0.37381545
v -3.38736515 76.13225969 0.43680981
v -3.44634260 76.09311361 0.36988248
v -3.37347347 76.10588586 0.49562444
v -3.46830972 76.13354246 0.24821108
v -3.52188191 76.11503196 0.17571392
v -3.53474625 76.09873550 0.18565844
v -3.59125067 76.05579495 0.11988167
v -1.86468423 76.09423126 3.05754758
v -1.94350913 76.10830288 2.93410529
v -1.95000517 76.09960226 2.93658634
v -2.12800975 76.14126360 2.61658738
v -2.15001721 76.12802346 2.59933359
v -2.17658679 76.14760632 2.53119627
v -2.21833431 76.11860856 2.49578537
v -2.22688460 76.15293024 2.44284671
v -2.27714906 76.15719064 2.35463107
v -2.48884498 76.18037908 1.95384679
v -2.55065277 76.16822904 1.87642747
v -2.89977367 76.16823548 1.27172942
v -3.15443033 76.17091582 0.80667485
v -3.03896915 76.16483046 1.03246117
v -3.33459767 76.14063318 0.52681511
v -3.46116964 76.11751157 0.31100848
v -3.59429577 76.08944253 0.06239026
v -2.26885579 76.12307873 2.40800254
v -2.99748856 76.13363213 1.14502449
v -3.13872478 76.15273360 0.87372417
v -3.17872434 76.15712134 0.79307168
v -3.18036776 76.17776343 0.73154758
v -3.27034676 76.11864853 0.67363474
v -3.23021990 76.15282598 0.70503515
v 3.63319671 76.05103982 -0.03928580
v 3.61437592 76.08443247 -0.02156580
v 1.95067074 76.14123107 -2.85716505
v 2.03055411 76.15183428 -2.73356394
v 1.98276109 76.11340188 -2.87218999
v 1.96739099 76.12982899 -2.86541168
v 2.12074235 76.10658015 -2.66540274
v 1.92673148 76.06424569 -3.00272482
v 2.21833431 76.11860856 -2.49578537
v 2.17658679 76.14760632 -2.53119627
v 2.22631059 76.17798155 -2.38390233
v 2.12665421 76.16733619 -2.56164809
v 2.31932665 76.12661523 -2.32032701
v 2.37756961 76.16329236 -2.17866669
v 2.72428033 76.16908422 -1.57481542
v 2.42570930 76.18876823 -2.03056127
v 2.59826780 76.19135893 -1.72796512
v 2.84068783 76.13548803 -1.41625982
v 2.94995512 76.18933130 -1.12192375
v 3.01590571 76.13317965 -1.11318678
v 3.07608900 76.16326469 -0.96881032
v 3.12831740 76.18158416 -0.81937455
v 3.21935732 76.12312566 -0.76167551
v 3.28181747 76.14745347 -0.61689891
v 3.28611280 76.16679456 -0.55362204
v 3.23259903 76.17295368 -0.64358462
v 3.39329422 76.14984433 -0.37381545
v 3.38736515 76.13225969 -0.43680981
v 3.44634260 76.09311361 -0.36988248
v 3.37347347 76.10588586 -0.49562444
v 3.46830972 76.13354246 -0.24821108
v 3.52188191 76.11503196 -0.17571392
v 3.53474625 76.09873550 -0.18565844
v 3.59125067 76.05579495 -0.11988167
v 1.86468423 76.09423126 -3.05754758
v 1.94350913 76.10830288 -2.93410529
v 1.95000517 76.09960226 -2.93658634
v 2.12800975 76.14126360 -2.61658738
v 2.22688460 76.15293024 -2.44284671
v 2.27714906 76.15719064 -2.35463107
v 2.89977367 76.16823548 -1.27172942
v 3.23021990 76.15282598 -0.70503515
v 3.33459767 76.14063318 -0.52681511
v 3.46116964 76.11751157 -0.31100848
v 3.59429577 76.08944253 -0.06239026
v 2.26885579 76.12307873 -2.40800254
v 3.64918493 76.01039989 0.01736482
v 3.64918493 76.01039989 -0.01736482
v 3.64918493 -76.01039989 0.01736482
v 3.64467342 -76.01039989 0.03420201
v 3.44963495 -76.14125667 -0.26087767
v 1.89941769 -76.05578455 -3.05022255
v 1.92811555 -76.09871900 -2.96842564
v 1.91307153 -76.11501536 -2.96225735
v 1.94906823 -76.13352433 -2.87961713
v 2.07192705 -76.13224633 -2.71521114
v 2.02033994 -76.14982824 -2.75184077
v 2.11591818 -76.10587726 -2.67377023
v 2.12243409 -76.16677962 -2.56917276
v 2.17358238 -76.17294323 -2.47785523
v 2.17509177 -76.14744435 -2.53379987
v 2.26924435 -76.12312413 -2.40731681
v 2.47192675 -76.13317810 -2.05538621
v 2.37698135 -76.16326166 -2.17970163
v 2.44651786 -76.18932977 -1.99390463
v 2.27367575 -76.18157882 -2.29966079
v 2.79552261 -76.19135971 -1.38630900
v 2.72589824 -76.16908422 -1.57201315
v 2.99476118 -76.13369489 -1.14973895
v 2.64678936 -76.13548730 -1.75210193
v 2.97129692 -76.18876980 -1.08557437
v 3.07548874 -76.16329467 -0.96983519
v 3.16904555 -76.12661873 -0.84857125
v 3.17761015 -76.17798729 -0.73620089
v 3.28172653 -76.16734884 -0.56100215
v 3.36857317 -76.10660310 -0.50409630
v 3.27050657 -76.11861775 -0.67337004
v 3.28030949 -76.14761783 -0.61949208
v 3.38254302 -76.15185640 -0.39184660
v 3.47869337 -76.11342763 -0.28115715
v 3.46513738 -76.12985489 -0.27123516
v 3.56374701 -76.06426471 -0.16733039
v 1.85116366 -76.08943645 -3.08158437
v 2.12347460 -76.14062047 -2.62453770
v 2.22561598 -76.15281998 -2.44505737
v 2.27610807 -76.15711747 -2.35644746
v 2.51311290 -76.15170522 -1.96643341
v 2.55116426 -76.16823438 -1.87553928
v 2.90028807 -76.16822980 -1.27084137
v 2.93642995 -76.18038019 -1.17860631
v 3.17767242 -76.15719540 -0.79487851
v 3.22893969 -76.15293786 -0.70723594
v 3.32995604 -76.14128185 -0.53475415
v 3.37959533 -76.13358816 -0.45007956
v 3.51809105 -76.09962634 -0.22058027
v 3.51269401 -76.10832713 -0.21619507
v 3.58022325 -76.09424312 -0.08614541
v 2.22364163 -76.17775639 -2.38864761
v -1.85062086 -76.05103982 3.12679775
v -1.82586449 -76.08443247 3.11935846
v -3.44963495 -76.14125667 0.26087767
v -1.89941769 -76.05578455 3.05022255
v -1.92811555 -76.09871900 2.96842564
v -1.91307153 -76.11501536 2.96225735
v -1.94906823 -76.13352433 2.87961713
v -2.04343533 -76.09309614 2.79978692
v -2.02033994 -76.14982824 2.75184077
v -2.07192705 -76.13224633 2.71521114
v -2.11591818 -76.10587726 2.67377023
v -2.12243409 -76.16677962 2.56917276
v -2.17358238 -76.17294323 2.47785523
v -2.17509177 -76.14744435 2.53379987
v -2.26924435 -76.12312413 2.40731681
v -2.47192675 -76.13317810 2.05538621
v -2.37698135 -76.16326166 2.17970163
v -2.62031931 -76.19144017 1.68953554
v -2.27367575 -76.18157882 2.29966079
v -2.82067037 -76.13554907 1.45090627
v -3.16904555 -76.12661873 0.84857125
v -3.17761015 -76.17798729 0.73620089
v -3.28030949 -76.14761783 0.61949208
v -2.97129692 -76.18876980 1.08557437
v -3.07548874 -76.16329467 0.96983519
v -3.28172653 -76.16734884 0.56100215
v -3.36857317 -76.10660310 0.50409630
v -3.38254302 -76.15185640 0.39184660
v -3.47869337 -76.11342763 0.28115715
v -3.46513738 -76.12985489 0.27123516
v -3.56374701 -76.06426471 0.16733039
v -1.85116366 -76.08943645 3.08158437
v -1.99986962 -76.11749222 2.84205331
v -2.12347460 -76.14062047 2.62453770
v -2.22561598 -76.15281998 2.44505737
v -2.27610807 -76.15711747 2.35644746
v -2.55116426 -76.16823438 1.87553928
v -2.90028807 -76.16822980 1.27084137
v -2.84878649 -76.18162469 1.32906506
v -3.17767242 -76.15719540 0.79487851
v -3.32995604 -76.14128185 0.53475415
v -3.37959533 -76.13358816 0.45007956
v -3.51809105 -76.09962634 0.22058027
v -3.51269401 -76.10832713 0.21619507
v -3.58022325 -76.09424312 0.08614541
v -2.22364163 -76.17775639 2.38864761
v -2.58127399 -76.12595558 1.87172272
v -2.60046187 -76.15286609 1.81465505
v -2.64651290 -76.13548692 1.75258065
v -2.72534466 -76.16908522 1.57297001
v -2.61277982 -76.17575329 1.75350825
v -2.83782345 -76.16124842 1.39178228
v -2.79524404 -76.19136120 1.38678699
v -3.21974120 -76.12308424 0.76102121
v -1.80955409 -76.01039989 3.16896926
v -1.83963084 -76.01039989 3.15160444
v -1.77868114 76.01039989 3.17494457
v -1.77701684 76.01039989 3.17498614
v -1.78851143 76.08443247 3.14092427
v -1.78257586 76.05103982 3.16608355
v 3.63319671 76.05103982 0.03928580
v 3.61437592 76.08443247 0.02156580
v 3.64712542 76.03043495 -0.01736482
v 3.63116254 76.06718819 -0.01736482
v 3.64103301 76.04963202 0.01736482
v 3.61792684 76.08236914 0.01736482
v 3.61437592 -76.08443247 0.02156580
v 3.63319671 -76.05103982 0.03928580
v 3.64527671 -76.03005081 0.02588190
v -1.78257586 -76.05103982 3.16608355
v -1.78851143 -76.08443247 3.14092427
v -1.83976978 -76.01289321 3.15144700
v -1.84327076 -76.03692217 3.14343699
v -1.81306071 -76.03469832 3.16437363
v -1.81670611 -76.06145729 3.15038558
v -1.81905171 -76.08259709 3.12864613
v 1.68009094 76.05767790 3.17003536
v 1.58535968 76.11841953 3.13760531
v 1.58325734 76.10209258 3.15384275
v 1.48437279 76.13786752 3.12723333
v 1.29108232 76.10329908 3.16938736
v 1.28800637 76.15762027 3.12438593
v 1.19205397 76.14203426 3.15114302
v 1.04554929 76.17366705 3.12114480
v 1.09613515 76.11636715 3.16909173
v 0.75159424 76.12933442 3.16864687
v 0.69956392 76.18592339 3.11731237
v 0.50142926 76.16678203 3.14759068
v 0.25071076 76.19120843 3.11432522
v 0.05590547 76.13560801 3.16820825
v -0.09735372 76.19149867 3.11392375
v -0.64314354 76.16447885 3.14813239
v -0.19471140 76.16890291 3.14684294
v -0.29195536 76.13521303 3.16827698
v -0.51596012 76.13352723 3.16842135
v -0.77054619 76.18413839 3.11800391
v -1.09594618 76.17092998 3.12177860
v -1.29268511 76.13422614 3.15179555
v -1.39155503 76.09423322 3.16954298
v -1.48514113 76.13770449 3.12724120
v -1.58404541 76.10193852 3.15384655
v -1.58614793 76.11826397 3.13761285
v -1.68063481 76.05757764 3.17003585
v 1.73717462 76.09049573 3.14388045
v 1.38774702 76.12549075 3.15245814
v 1.33809129 76.14306030 3.13951986
v 0.82500554 76.17273216 3.13472529
v 0.15328553 76.16898598 3.14678985
v -0.02069986 76.16908422 3.14670433
v -1.14861969 76.12981665 3.16153010
v -1.73749056 76.09043610 3.14388345
v -0.95976335 76.16162557 3.14306588
v -1.02398378 76.17014110 3.12881847
v -1.08042675 76.12142968 3.16742431
v 1.85062086 76.05103982 3.12679775
v 1.82586449 76.08443247 3.11935846
v 1.91307153 76.11501536 2.96225735
v 3.44963495 76.14125667 0.26087767
v 1.89510925 76.06606076 3.04958031
v 2.03903089 76.10392929 2.79847134
v 2.02033994 76.14982824 2.75184077
v 2.07192705 76.13224633 2.71521114
v 2.11591818 76.10587726 2.67377023
v 2.12243409 76.16677962 2.56917276
v 2.17358238 76.17294323 2.47785523
v 2.17509177 76.14744435 2.53379987
v 2.26924435 76.12312413 2.40731681
v 2.47192675 76.13317810 2.05538621
v 2.37698135 76.16326166 2.17970163
v 2.44651786 76.18932977 1.99390463
v 2.27367575 76.18157882 2.29966079
v 2.79552261 76.19135971 1.38630900
v 2.72589824 76.16908422 1.57201315
v 2.99476118 76.13369489 1.14973895
v 2.64678936 76.13548730 1.75210193
v 2.97129692 76.18876980 1.08557437
v 3.07548874 76.16329467 0.96983519
v 3.16904555 76.12661873 0.84857125
v 3.17761015 76.17798729 0.73620089
v 3.28030949 76.14761783 0.61949208
v 3.36857317 76.10660310 0.50409630
v 3.27050657 76.11861775 0.67337004
v 3.38254302 76.15185640 0.39184660
v 3.47869337 76.11342763 0.28115715
v 3.46513738 76.12985489 0.27123516
v 3.56374701 76.06426471 0.16733039
v 1.84726046 76.09312402 3.08003774
v 2.12347460 76.14062047 2.62453770
v 2.22561598 76.15281998 2.44505737
v 2.27610807 76.15711747 2.35644746
v 2.51311290 76.15170522 1.96643341
v 2.55116426 76.16823438 1.87553928
v 2.90028807 76.16822980 1.27084137
v 2.93642995 76.18038019 1.17860631
v 3.17767242 76.15719540 0.79487851
v 3.22893969 76.15293786 0.70723594
v 3.37959533 76.13358816 0.45007956
v 3.51809105 76.09962634 0.22058027
v 3.51269401 76.10832713 0.21619507
v 3.58022325 76.09424312 0.08614541
v 2.22364163 76.17775639 2.38864761
v 3.21974120 76.12308424 0.76102121
v 1.82586449 -76.08443247 3.11935846
v 1.85062086 -76.05103982 3.12679775
v 1.95067074 -76.14123107 2.85716505
v 2.03055411 -76.15183428 2.73356394
v 1.96739099 -76.12982899 2.86541168
v 1.98276109 -76.11340188 2.87218999
v 2.12074235 -76.10658015 2.66540274
v 1.92673148 -76.06424569 3.00272482
v 2.21833431 -76.11860856 2.49578537
v 2.17658679 -76.14760632 2.53119627
v 2.42570930 -76.18876823 2.03056127
v 2.49301102 -76.13369442 2.01879528
v 2.31932665 -76.12661523 2.32032701
v 2.37756961 -76.16329236 2.17866669
v 2.84068783 -76.13548803 1.41625982
v 2.72428033 -76.16908422 1.57481542
v 2.94995512 -76.18933130 1.12192375
v 2.59826780 -76.19135893 1.72796512
v 3.01590571 -76.13317965 1.11318678
v 3.07608900 -76.16326469 0.96881032
v 3.12831740 -76.18158416 0.81937455
v 3.21935732 -76.12312566 0.76167551
v 3.28181747 -76.14745347 0.61689891
v 3.28611280 -76.16679456 0.55362204
v 3.23259903 -76.17295368 0.64358462
v 3.37347347 -76.10588586 0.49562444
v 3.38736515 -76.13225969 0.43680981
v 3.53474625 -76.09873550 0.18565844
v 3.39329422 -76.14984433 0.37381545
v 3.46830972 -76.13354246 0.24821108
v 3.52188191 -76.11503196 0.17571392
v 3.59125067 -76.05579495 0.11988167
v 1.86468423 -76.09423126 3.05754758
v 1.94350913 -76.10830288 2.93410529
v 1.95000517 -76.09960226 2.93658634
v 2.07949091 -76.13356433 2.70192825
v 2.12800975 -76.14126360 2.61658738
v 2.12665421 -76.16733619 2.56164809
v 2.20240240 -76.16458340 2.45823547
v 2.22688460 -76.15293024 2.44284671
v 2.48884498 -76.18037908 1.95384679
v 2.55065277 -76.16822904 1.87642747
v 2.89977367 -76.16823548 1.27172942
v 2.95946420 -76.15170651 1.19332981
v 3.17872434 -76.15712134 0.79307168
v 3.23021990 -76.15282598 0.70503515
v 3.18036776 -76.17776343 0.73154758
v 1.78257586 -76.05103982 3.16608355
v 1.78851143 -76.08443247 3.14092427
v -1.48575723 -76.08422176 3.16970447
v -1.04554929 -76.17366705 3.12114480
v -0.95030052 -76.15522640 3.14966467
v -1.28800637 -76.15762027 3.12438593
v -1.19205397 -76.14203426 3.15114302
v -1.09613515 -76.11636715 3.16909173
v -0.75159424 -76.12933442 3.16864687
v -0.69956392 -76.18592339 3.11731237
v -0.50142926 -76.16678203 3.14759068
v -0.25071076 -76.19120843 3.11432522
v -0.05590547 -76.13560801 3.16820825
v 0.32152863 -76.19090002 3.11462412
v 0.09735372 -76.19149867 3.11392375
v 0.19471140 -76.16890291 3.14684294
v 0.29195536 -76.13521303 3.16827698
v 0.77054619 -76.18413839 3.11800391
v 0.64314354 -76.16447885 3.14813239
v 0.92208533 -76.12418436 3.16884632
v 0.97463259 -76.17699655 3.12026399
v 0.51596012 -76.13352723 3.16842135
v 1.05053461 -76.15055290 3.15024178
v 1.12558951 -76.11469862 3.16912568
v 1.21737329 -76.16307288 3.12339531
v 1.29268511 -76.13422614 3.15179555
v 1.39155503 -76.09423322 3.16954298
v 1.48514113 -76.13770449 3.12724120
v 1.58404541 -76.10193852 3.15384655
v 1.58614793 -76.11826397 3.13761285
v 1.68063481 -76.05757764 3.17003585
v -1.43610116 -76.13314021 3.14056037
v -1.38774702 -76.12549075 3.15245814
v -0.82500554 -76.17273216 3.13472529
v -0.15328553 -76.16898598 3.14678985
v 0.02069986 -76.16908422 3.14670433
v 0.35540309 -76.15243589 3.15949632
v 0.41887863 -76.16768321 3.14733062
v 0.84657291 -76.15910419 3.14909103
v 1.73749056 -76.09043610 3.14388345
v -0.91328430 -76.13306172 3.16522484
v -0.07664373 -76.19151056 3.11389588
v 1.84089721 76.01039989 3.15052374
v 1.81266343 76.01039989 3.16777857
v 1.82101893 76.07187380 3.13930783
v 1.81805141 76.04808906 3.15719668
v 1.84587870 76.04718278 3.13560540
v 1.81397372 76.02003722 3.16673598
v 1.84288500 76.02515598 3.14726038
v 1.80955409 -76.01039989 3.16896926
v 1.83963084 -76.01039989 3.15160444
v 1.81086136 -76.02004057 3.16798467
v 1.81502559 -76.04862174 3.15845719
v 1.84161883 -76.02521638 3.14841110
v 1.81805960 -76.07287907 3.14036374
v 1.84468362 -76.04771337 3.13665097
f 6 7 8
f 5 8 9
f 5 6 8
f 3 9 4
f 2 9 3
f 1 5 9
f 1 9 2
f 15 16 17
f 14 17 18
f 14 15 17
f 19 10 11
f 19 11 12
f 19 12 13
f 19 13 14
f 19 18 10
f 19 14 18
f 29 25 26
f 29 26 27
f 29 27 28
f 30 28 20
f 31 24 25
f 31 28 30
f 31 25 29
f 31 29 28
f 32 20 21
f 32 21 22
f 32 30 20
f 33 22 23
f 33 23 24
f 33 32 22
f 33 30 32
f 33 24 31
f 33 31 30
f 39 40 41
f 38 41 42
f 38 39 41
f 35 42 34
f 36 42 35
f 37 38 42
f 37 42 36
f 48 49 50
f 47 50 51
f 47 48 50
f 52 43 44
f 52 44 45
f 52 45 46
f 52 46 47
f 52 51 43
f 52 47 51
f 62 58 59
f 62 61 60
f 62 59 61
f 63 60 53
f 64 57 58
f 64 62 60
f 64 60 63
f 64 58 62
f 65 53 54
f 65 54 55
f 65 63 53
f 66 55 56
f 66 56 57
f 66 65 55
f 66 63 65
f 66 57 64
f 66 64 63
f 91 68 67
f 93 116 92
f 119 90 89
f 119 117 90
f 120 95 94
f 120 117 119
f 120 118 117
f 120 94 118
f 121 89 88
f 121 119 89
f 122 95 120
f 122 96 95
f 122 119 121
f 122 120 119
f 123 88 87
f 123 121 88
f 124 121 123
f 124 97 96
f 124 96 122
f 124 122 121
f 125 87 86
f 125 123 87
f 126 124 123
f 126 97 124
f 126 98 97
f 126 123 125
f 127 86 85
f 127 125 86
f 127 126 125
f 128 126 127
f 128 99 98
f 128 98 126
f 129 85 84
f 129 127 85
f 130 100 99
f 130 128 127
f 130 99 128
f 130 127 129
f 131 84 83
f 131 130 129
f 131 129 84
f 132 101 100
f 132 100 130
f 132 130 131
f 133 83 82
f 133 131 83
f 134 102 101
f 134 101 132
f 134 131 133
f 134 132 131
f 135 82 81
f 135 133 82
f 136 133 135
f 136 103 102
f 136 102 134
f 136 134 133
f 137 81 80
f 137 135 81
f 137 136 135
f 138 136 137
f 138 104 103
f 138 103 136
f 139 79 78
f 139 80 79
f 139 137 80
f 140 104 138
f 140 105 104
f 140 137 139
f 140 138 137
f 141 139 78
f 142 106 105
f 142 105 140
f 142 140 139
f 142 139 141
f 143 78 77
f 143 141 78
f 144 107 106
f 144 106 142
f 144 142 141
f 144 141 143
f 145 76 75
f 145 77 76
f 145 143 77
f 146 107 144
f 146 108 107
f 146 144 143
f 146 143 145
f 147 145 75
f 148 145 147
f 148 109 108
f 148 146 145
f 148 108 146
f 149 75 74
f 149 147 75
f 150 110 109
f 150 148 147
f 150 109 148
f 150 147 149
f 151 73 72
f 151 74 73
f 151 149 74
f 152 111 110
f 152 110 150
f 152 150 149
f 152 149 151
f 153 151 72
f 154 111 152
f 154 151 153
f 154 112 111
f 154 152 151
f 155 154 153
f 155 71 70
f 155 72 71
f 155 153 72
f 156 112 154
f 156 113 112
f 156 154 155
f 157 155 70
f 158 156 155
f 158 113 156
f 158 155 157
f 158 114 113
f 159 70 69
f 159 157 70
f 160 158 157
f 160 114 158
f 160 115 114
f 160 157 159
f 161 69 68
f 161 159 69
f 161 68 91
f 162 160 159
f 162 115 160
f 162 91 92
f 162 161 91
f 162 116 115
f 162 159 161
f 162 92 116
f 215 186 185
f 215 213 186
f 216 191 190
f 216 213 215
f 216 214 213
f 216 190 214
f 217 185 184
f 217 215 185
f 218 191 216
f 218 192 191
f 218 215 217
f 218 216 215
f 219 184 183
f 219 217 184
f 220 217 219
f 220 193 192
f 220 192 218
f 220 218 217
f 221 183 182
f 221 219 183
f 222 220 219
f 222 193 220
f 222 194 193
f 222 219 221
f 223 182 181
f 223 221 182
f 224 195 194
f 224 194 222
f 224 222 221
f 224 221 223
f 225 181 180
f 225 223 181
f 226 195 224
f 226 196 195
f 226 224 223
f 226 223 225
f 227 179 178
f 227 180 179
f 227 225 180
f 228 197 196
f 228 226 225
f 228 225 227
f 228 196 226
f 229 227 178
f 230 198 197
f 230 197 228
f 230 228 227
f 230 227 229
f 231 178 177
f 231 229 178
f 232 198 230
f 232 199 198
f 232 230 229
f 232 229 231
f 233 177 176
f 233 231 177
f 233 232 231
f 234 200 199
f 234 232 233
f 234 199 232
f 235 176 175
f 235 234 233
f 235 233 176
f 236 200 234
f 236 201 200
f 236 234 235
f 237 175 174
f 237 235 175
f 238 202 201
f 238 201 236
f 238 236 235
f 238 235 237
f 239 173 172
f 239 174 173
f 239 237 174
f 240 202 238
f 240 203 202
f 240 238 237
f 240 237 239
f 241 239 172
f 242 204 203
f 242 203 240
f 242 240 239
f 242 239 241
f 243 172 171
f 243 241 172
f 244 241 243
f 244 205 204
f 244 204 242
f 244 242 241
f 245 171 170
f 245 243 171
f 246 206 205
f 246 244 243
f 246 205 244
f 246 243 245
f 247 169 168
f 247 170 169
f 247 245 170
f 247 246 245
f 248 206 246
f 248 207 206
f 248 246 247
f 249 247 168
f 250 207 248
f 250 247 249
f 250 208 207
f 250 248 247
f 251 168 167
f 251 249 168
f 252 250 249
f 252 208 250
f 252 249 251
f 252 209 208
f 253 251 167
f 253 167 166
f 254 252 251
f 254 251 253
f 254 209 252
f 254 210 209
f 255 165 164
f 255 166 165
f 255 253 166
f 256 254 253
f 256 210 254
f 256 253 255
f 256 211 210
f 257 164 163
f 257 163 187
f 257 255 164
f 258 256 255
f 258 211 256
f 258 187 188
f 258 188 189
f 258 257 187
f 258 212 211
f 258 189 212
f 258 255 257
f 283 260 259
f 311 282 281
f 311 309 282
f 312 287 286
f 312 309 311
f 312 310 309
f 312 286 310
f 313 281 280
f 313 311 281
f 314 287 312
f 314 288 287
f 314 311 313
f 314 312 311
f 315 280 279
f 315 313 280
f 316 289 288
f 316 288 314
f 316 314 313
f 316 313 315
f 317 279 278
f 317 315 279
f 318 289 316
f 318 316 315
f 318 290 289
f 318 315 317
f 319 278 277
f 319 317 278
f 320 290 318
f 320 291 290
f 320 318 317
f 320 317 319
f 321 277 276
f 321 319 277
f 322 319 321
f 322 292 291
f 322 291 320
f 322 320 319
f 323 276 275
f 323 321 276
f 324 321 323
f 324 293 292
f 324 294 293
f 324 292 322
f 324 322 321
f 325 275 274
f 325 323 275
f 326 324 323
f 326 323 325
f 326 294 324
f 327 274 273
f 327 325 274
f 327 326 325
f 328 294 326
f 328 295 294
f 328 296 295
f 328 326 327
f 329 273 272
f 329 327 273
f 330 327 329
f 330 296 328
f 330 328 327
f 331 272 271
f 331 329 272
f 332 297 296
f 332 298 297
f 332 296 330
f 332 329 331
f 332 330 329
f 333 331 271
f 333 271 270
f 334 298 332
f 334 332 331
f 334 331 333
f 335 333 270
f 335 270 269
f 336 333 335
f 336 299 298
f 336 298 334
f 336 334 333
f 337 269 268
f 337 335 269
f 338 300 299
f 338 336 335
f 338 299 336
f 338 335 337
f 339 267 266
f 339 268 267
f 339 337 268
f 340 301 300
f 340 300 338
f 340 338 337
f 340 337 339
f 341 339 266
f 342 339 341
f 342 302 301
f 342 301 340
f 342 340 339
f 343 265 264
f 343 266 265
f 343 341 266
f 343 342 341
f 344 303 302
f 344 302 342
f 344 342 343
f 345 343 264
f 346 343 345
f 346 304 303
f 346 344 343
f 346 303 344
f 347 346 345
f 347 264 263
f 347 345 264
f 348 304 346
f 348 346 347
f 348 305 304
f 348 306 305
f 349 347 263
f 349 263 262
f 350 306 348
f 350 347 349
f 350 307 306
f 350 348 347
f 351 262 261
f 351 349 262
f 352 350 349
f 352 307 350
f 352 349 351
f 353 261 260
f 353 351 261
f 353 352 351
f 353 260 283
f 354 307 352
f 354 283 284
f 354 284 285
f 354 353 283
f 354 308 307
f 354 285 308
f 354 352 353
f 380 379 381
f 382 379 380
f 383 355 356
f 383 356 357
f 383 357 358
f 383 379 355
f 383 381 379
f 384 379 382
f 385 358 359
f 385 359 360
f 385 380 381
f 385 383 358
f 385 381 383
f 386 379 384
f 387 360 361
f 387 361 362
f 387 385 360
f 387 380 385
f 387 382 380
f 388 379 379
f 388 379 386
f 389 362 363
f 389 363 364
f 389 382 387
f 389 387 362
f 389 384 382
f 390 379 388
f 391 364 365
f 391 365 366
f 391 389 364
f 391 386 384
f 391 384 389
f 392 379 390
f 393 366 367
f 393 388 386
f 393 386 391
f 393 391 366
f 394 379 392
f 395 367 368
f 395 368 369
f 395 388 393
f 395 390 388
f 395 393 367
f 395 392 390
f 396 379 394
f 397 369 370
f 397 370 371
f 397 395 369
f 397 392 395
f 398 379 396
f 399 392 397
f 399 371 372
f 399 372 373
f 399 397 371
f 399 394 392
f 399 396 394
f 400 373 374
f 400 374 375
f 400 396 399
f 400 399 373
f 401 379 398
f 401 398 396
f 401 396 400
f 401 375 376
f 401 376 377
f 401 377 378
f 401 378 379
f 401 400 375
f 402 355 186
f 402 356 355
f 402 357 356
f 403 358 357
f 403 357 402
f 404 359 358
f 404 358 403
f 405 360 359
f 405 359 404
f 406 361 360
f 406 360 405
f 407 362 361
f 407 361 406
f 408 362 407
f 409 363 362
f 409 362 408
f 410 364 363
f 410 363 409
f 411 365 364
f 411 364 410
f 412 366 365
f 412 365 411
f 413 366 412
f 413 367 366
f 414 367 413
f 414 368 367
f 415 368 414
f 415 369 368
f 416 369 415
f 416 370 369
f 417 370 416
f 417 371 370
f 418 371 417
f 418 372 371
f 419 372 418
f 419 373 372
f 420 373 419
f 420 374 373
f 421 374 420
f 421 375 374
f 422 375 421
f 422 376 375
f 423 376 422
f 423 377 376
f 163 377 423
f 163 378 377
f 449 448 447
f 450 448 449
f 451 448 450
f 452 445 444
f 452 446 445
f 452 447 446
f 452 449 447
f 453 448 451
f 454 443 442
f 454 444 443
f 454 450 449
f 454 449 452
f 454 452 444
f 455 448 453
f 456 441 440
f 456 442 441
f 456 454 442
f 456 451 450
f 456 450 454
f 457 448 448
f 457 448 455
f 458 439 438
f 458 440 439
f 458 451 456
f 458 453 451
f 458 456 440
f 459 448 457
f 460 437 436
f 460 438 437
f 460 453 458
f 460 455 453
f 460 458 438
f 461 448 459
f 462 436 435
f 462 460 436
f 462 457 455
f 462 455 460
f 463 448 461
f 464 434 433
f 464 435 434
f 464 462 435
f 464 459 457
f 464 457 462
f 465 448 463
f 466 432 431
f 466 433 432
f 466 464 433
f 466 461 459
f 466 459 464
f 467 424 448
f 467 448 465
f 468 461 466
f 468 430 429
f 468 431 430
f 468 466 431
f 468 463 461
f 469 428 427
f 469 429 428
f 469 467 465
f 469 463 468
f 469 468 429
f 469 465 463
f 470 425 424
f 470 426 425
f 470 427 426
f 470 467 469
f 470 469 427
f 470 424 467
f 424 494 472
f 425 493 494
f 425 494 424
f 426 492 493
f 426 493 425
f 427 491 492
f 427 492 426
f 428 490 491
f 428 491 427
f 429 489 490
f 429 490 428
f 430 488 489
f 430 489 429
f 431 487 488
f 431 488 430
f 432 486 487
f 432 487 431
f 433 485 486
f 433 486 432
f 434 484 485
f 434 485 433
f 435 483 484
f 435 484 434
f 436 483 435
f 436 482 483
f 437 482 436
f 437 481 482
f 438 481 437
f 438 480 481
f 439 480 438
f 439 479 480
f 440 479 439
f 441 479 440
f 441 477 478
f 441 478 479
f 442 477 441
f 442 476 477
f 443 476 442
f 444 474 475
f 444 475 476
f 444 476 443
f 445 473 474
f 445 474 444
f 446 473 445
f 447 471 473
f 447 473 446
f 495 471 93
f 495 473 471
f 496 474 473
f 496 473 495
f 497 475 474
f 497 474 496
f 498 476 475
f 498 475 497
f 477 476 498
f 499 477 498
f 500 478 477
f 500 477 499
f 501 479 478
f 501 478 500
f 502 480 479
f 502 479 501
f 503 481 480
f 503 480 502
f 504 482 481
f 504 481 503
f 505 483 482
f 505 482 504
f 506 484 483
f 506 483 505
f 507 484 506
f 507 485 484
f 508 485 507
f 508 486 485
f 509 486 508
f 509 487 486
f 510 487 509
f 510 488 487
f 511 488 510
f 511 489 488
f 512 489 511
f 512 490 489
f 513 490 512
f 513 491 490
f 514 491 513
f 514 492 491
f 515 492 514
f 515 493 492
f 516 493 515
f 516 494 493
f 94 494 516
f 94 472 494
f 525 548 547
f 525 549 548
f 525 524 549
f 550 525 547
f 530 529 553
f 533 532 554
f 541 540 559
f 546 545 519
f 520 546 519
f 521 546 520
f 522 546 521
f 523 546 522
f 561 526 525
f 561 525 550
f 562 550 551
f 563 527 526
f 563 526 561
f 563 561 550
f 563 550 562
f 564 551 7
f 564 7 552
f 565 562 551
f 565 551 564
f 566 528 527
f 566 565 528
f 566 562 565
f 566 527 563
f 566 563 562
f 567 564 552
f 567 565 564
f 567 529 528
f 567 528 565
f 568 567 552
f 568 552 553
f 569 529 567
f 569 567 568
f 569 568 553
f 569 553 529
f 570 530 553
f 571 531 530
f 571 532 531
f 571 530 570
f 571 570 553
f 572 553 554
f 572 571 553
f 572 554 532
f 572 532 571
f 573 554 555
f 573 533 554
f 574 533 573
f 574 534 533
f 575 535 534
f 575 573 555
f 575 534 574
f 575 574 573
f 576 555 556
f 576 575 555
f 577 576 556
f 578 535 575
f 578 575 576
f 579 576 577
f 579 536 535
f 579 535 578
f 579 578 576
f 580 556 557
f 580 577 556
f 581 580 557
f 581 577 580
f 581 579 577
f 582 579 581
f 582 536 579
f 583 557 558
f 583 581 557
f 584 537 536
f 584 538 537
f 584 582 581
f 584 583 558
f 584 536 582
f 584 581 583
f 585 538 584
f 585 584 558
f 586 539 538
f 586 540 539
f 586 538 585
f 586 585 558
f 587 559 540
f 587 558 559
f 587 586 558
f 587 540 586
f 588 541 559
f 588 559 560
f 589 588 560
f 590 588 589
f 590 542 541
f 590 541 588
f 591 517 518
f 591 560 517
f 592 589 560
f 592 591 518
f 592 560 591
f 593 543 542
f 593 590 589
f 593 542 590
f 593 589 592
f 594 518 519
f 594 592 518
f 595 593 592
f 595 594 519
f 595 544 543
f 595 519 544
f 595 543 593
f 595 592 594
f 596 544 519
f 596 519 545
f 596 545 544
f 597 190 282
f 597 640 190
f 598 639 640
f 598 640 597
f 599 638 639
f 599 639 598
f 600 637 638
f 600 638 599
f 601 636 637
f 601 637 600
f 602 635 636
f 602 636 601
f 603 634 635
f 603 635 602
f 604 633 634
f 604 634 603
f 605 632 633
f 605 633 604
f 631 632 605
f 606 631 605
f 607 630 631
f 607 631 606
f 629 630 607
f 608 629 607
f 628 629 608
f 609 628 608
f 627 628 609
f 610 627 609
f 626 627 610
f 611 626 610
f 625 626 611
f 612 625 611
f 624 625 612
f 613 624 612
f 623 624 613
f 614 623 613
f 622 623 614
f 615 622 614
f 621 622 615
f 616 621 615
f 620 621 616
f 617 620 616
f 619 620 617
f 618 619 617
f 189 619 618
f 259 189 618
f 642 682 641
f 642 683 682
f 642 681 683
f 680 642 643
f 680 681 642
f 644 680 643
f 676 677 647
f 648 676 647
f 649 676 648
f 675 649 650
f 675 676 649
f 656 672 655
f 657 672 656
f 671 672 657
f 671 657 658
f 665 663 664
f 666 663 665
f 667 668 663
f 667 663 666
f 684 680 644
f 685 679 680
f 685 680 684
f 686 644 645
f 686 684 644
f 687 684 686
f 687 677 678
f 687 678 679
f 687 679 685
f 687 685 684
f 688 645 646
f 688 646 647
f 688 686 645
f 689 687 686
f 689 677 687
f 689 686 688
f 689 688 647
f 689 647 677
f 690 650 651
f 690 675 650
f 691 651 652
f 691 675 690
f 691 690 651
f 692 674 675
f 692 675 691
f 693 652 653
f 693 691 652
f 694 16 674
f 694 691 693
f 694 674 692
f 694 692 691
f 695 694 693
f 695 693 653
f 696 673 16
f 696 694 695
f 696 16 694
f 697 696 695
f 697 653 654
f 697 695 653
f 697 673 696
f 698 654 655
f 698 672 673
f 698 697 654
f 698 673 697
f 698 655 672
f 699 671 658
f 699 658 659
f 700 659 660
f 700 671 699
f 700 699 659
f 701 671 700
f 701 670 671
f 702 700 660
f 703 700 702
f 703 669 40
f 703 40 670
f 703 670 701
f 703 701 700
f 704 702 660
f 704 660 661
f 705 668 669
f 705 702 704
f 705 669 703
f 705 703 702
f 705 704 668
f 706 704 661
f 706 661 662
f 706 662 663
f 706 663 668
f 706 668 704
f 709 710 711
f 707 708 709
f 707 709 711
f 715 713 714
f 712 715 716
f 712 711 713
f 712 707 711
f 712 713 715
f 718 719 720
f 10 717 718
f 10 718 720
f 724 722 723
f 721 724 725
f 721 720 722
f 721 10 720
f 721 722 724
f 727 728 729
f 34 726 727
f 34 727 729
f 731 34 729
f 733 731 732
f 730 733 734
f 730 731 733
f 730 34 731
f 736 737 738
f 53 735 736
f 53 736 738
f 741 43 740
f 739 741 742
f 739 738 43
f 739 53 738
f 739 43 741
f 745 746 747
f 743 744 745
f 743 745 747
f 750 20 749
f 748 750 751
f 748 747 20
f 748 743 747
f 748 20 750
f 754 755 756
f 752 753 754
f 752 754 756
f 4 752 756
f 759 4 758
f 757 759 760
f 757 4 759
f 757 752 4
f 761 665 664
f 761 666 665
f 761 667 666
f 796 761 762
f 796 667 761
f 763 796 762
f 793 794 766
f 767 793 766
f 768 793 767
f 792 768 769
f 792 793 768
f 775 788 774
f 776 788 775
f 787 788 776
f 787 776 777
f 682 782 641
f 683 782 682
f 681 783 782
f 681 782 683
f 797 796 763
f 798 795 796
f 798 796 797
f 799 763 764
f 799 797 763
f 800 794 59
f 800 59 795
f 800 795 798
f 800 798 797
f 800 797 799
f 801 764 765
f 801 765 766
f 801 800 799
f 801 799 764
f 802 801 766
f 802 800 801
f 802 766 794
f 802 794 800
f 803 769 770
f 803 792 769
f 804 770 771
f 804 792 803
f 804 803 770
f 805 791 792
f 805 792 804
f 806 771 772
f 806 804 771
f 807 790 791
f 807 804 806
f 807 791 805
f 807 805 804
f 808 806 772
f 809 789 790
f 809 807 806
f 809 806 808
f 809 790 807
f 810 772 773
f 810 789 809
f 810 808 772
f 810 809 808
f 811 773 774
f 811 788 789
f 811 789 810
f 811 810 773
f 811 774 788
f 812 787 777
f 812 777 778
f 813 787 812
f 813 778 779
f 813 812 778
f 814 786 787
f 814 787 813
f 815 813 779
f 816 814 813
f 816 784 785
f 816 785 786
f 816 813 815
f 816 786 814
f 817 815 779
f 817 779 780
f 818 784 816
f 818 783 784
f 818 815 817
f 818 816 815
f 818 817 783
f 819 780 781
f 819 781 782
f 819 782 783
f 819 817 780
f 819 783 817
f 212 189 259
f 260 212 259
f 211 212 260
f 261 211 260
f 210 211 261
f 262 210 261
f 209 210 262
f 263 209 262
f 208 209 263
f 264 208 263
f 207 208 264
f 265 207 264
f 206 207 265
f 266 206 265
f 205 206 266
f 267 205 266
f 204 205 267
f 268 204 267
f 203 204 268
f 269 203 268
f 202 203 269
f 270 202 269
f 201 202 270
f 271 201 270
f 200 201 271
f 272 200 271
f 199 200 272
f 273 199 272
f 274 199 273
f 274 198 199
f 197 198 274
f 275 197 274
f 196 197 275
f 276 196 275
f 277 196 276
f 277 195 196
f 194 195 277
f 278 194 277
f 279 193 194
f 279 194 278
f 280 192 193
f 280 193 279
f 281 191 192
f 281 192 280
f 282 190 191
f 282 191 281
f 824 825 766
f 824 766 765
f 826 766 825
f 826 767 766
f 823 765 764
f 823 824 765
f 827 768 767
f 827 767 826
f 822 823 764
f 822 764 763
f 828 769 768
f 828 768 827
f 821 763 762
f 821 822 763
f 829 770 769
f 829 769 828
f 820 762 761
f 820 821 762
f 830 771 770
f 830 770 829
f 285 761 664
f 285 820 761
f 831 772 771
f 831 771 830
f 308 285 664
f 308 663 662
f 308 664 663
f 832 773 772
f 832 772 831
f 307 308 662
f 833 774 773
f 833 773 832
f 306 662 661
f 306 307 662
f 834 775 774
f 834 774 833
f 305 661 660
f 305 306 661
f 835 776 775
f 835 775 834
f 304 660 659
f 304 305 660
f 836 777 776
f 836 776 835
f 303 304 659
f 658 303 659
f 778 836 837
f 778 777 836
f 657 302 303
f 657 303 658
f 779 837 838
f 779 778 837
f 656 302 657
f 656 301 302
f 780 779 838
f 780 838 839
f 655 301 656
f 655 300 301
f 781 839 840
f 781 840 841
f 781 780 839
f 654 300 655
f 654 299 300
f 782 781 841
f 653 299 654
f 653 297 298
f 653 298 299
f 641 782 841
f 641 841 286
f 641 286 287
f 652 297 653
f 642 641 287
f 642 287 288
f 651 297 652
f 651 295 296
f 651 296 297
f 643 642 288
f 650 295 651
f 644 643 288
f 644 288 289
f 649 295 650
f 649 293 294
f 649 294 295
f 645 644 289
f 645 289 290
f 648 293 649
f 646 645 290
f 646 290 291
f 647 293 648
f 647 646 291
f 647 291 292
f 647 292 293
f 855 521 520
f 855 522 521
f 855 523 522
f 842 855 520
f 860 859 846
f 863 862 847
f 871 870 851
f 876 875 854
f 547 876 854
f 548 876 547
f 549 876 548
f 524 876 549
f 877 856 855
f 877 855 842
f 878 842 843
f 879 857 856
f 879 856 877
f 879 877 842
f 879 842 878
f 880 843 844
f 880 844 845
f 881 878 843
f 881 843 880
f 882 881 858
f 882 858 857
f 882 857 879
f 882 879 878
f 882 878 881
f 883 881 880
f 883 858 881
f 883 859 858
f 883 880 845
f 884 845 846
f 884 883 845
f 885 859 883
f 885 884 846
f 885 883 884
f 885 846 859
f 886 860 846
f 887 860 886
f 887 886 846
f 887 861 860
f 888 846 847
f 888 862 861
f 888 861 887
f 888 887 846
f 888 847 862
f 889 847 848
f 889 863 847
f 890 863 889
f 890 864 863
f 891 864 890
f 891 865 864
f 891 890 889
f 891 889 848
f 892 848 49
f 892 891 848
f 893 892 49
f 894 891 892
f 894 865 891
f 895 866 865
f 895 865 894
f 895 894 892
f 895 892 893
f 896 49 849
f 896 895 893
f 896 893 49
f 897 896 849
f 897 895 896
f 898 866 895
f 898 867 866
f 898 895 897
f 899 849 850
f 899 897 849
f 899 898 897
f 900 867 898
f 900 899 850
f 900 898 899
f 901 868 867
f 901 900 850
f 901 867 900
f 902 869 868
f 902 868 901
f 902 901 850
f 903 902 850
f 903 851 870
f 903 850 851
f 903 870 869
f 903 869 902
f 904 871 851
f 904 851 852
f 904 872 871
f 905 904 852
f 906 904 905
f 906 872 904
f 907 852 26
f 907 26 853
f 908 852 907
f 908 905 852
f 908 907 853
f 909 873 872
f 909 906 905
f 909 872 906
f 909 905 908
f 910 853 854
f 910 908 853
f 911 910 854
f 911 854 874
f 911 874 873
f 911 873 909
f 911 909 908
f 911 908 910
f 912 874 854
f 912 854 875
f 912 875 874
f 95 472 94
f 95 913 472
f 96 914 913
f 96 913 95
f 97 915 914
f 97 914 96
f 98 916 915
f 98 915 97
f 99 917 916
f 99 916 98
f 100 918 917
f 100 917 99
f 919 918 100
f 101 919 100
f 920 919 101
f 102 920 101
f 921 920 102
f 103 921 102
f 922 921 103
f 104 922 103
f 923 922 104
f 105 923 104
f 924 923 105
f 106 924 105
f 925 924 106
f 107 925 106
f 926 925 107
f 108 926 107
f 927 926 108
f 109 927 108
f 928 927 109
f 110 928 109
f 929 928 110
f 111 929 110
f 930 929 111
f 112 930 111
f 931 930 112
f 113 931 112
f 932 931 113
f 114 932 113
f 933 932 114
f 115 933 114
f 934 933 115
f 116 934 115
f 93 934 116
f 93 471 934
f 951 860 861
f 952 859 860
f 952 860 951
f 950 951 861
f 950 861 862
f 953 859 952
f 953 858 859
f 949 950 862
f 954 857 858
f 954 858 953
f 948 949 862
f 948 862 863
f 955 856 857
f 955 857 954
f 947 948 863
f 947 863 864
f 956 855 856
f 956 856 955
f 946 864 865
f 946 947 864
f 67 855 956
f 67 523 855
f 945 865 866
f 945 946 865
f 68 523 67
f 68 546 523
f 944 945 866
f 944 866 867
f 69 545 546
f 69 546 68
f 943 867 868
f 943 944 867
f 70 544 545
f 70 545 69
f 942 868 869
f 942 943 868
f 71 543 544
f 71 544 70
f 941 869 870
f 941 942 869
f 72 542 543
f 72 543 71
f 940 870 871
f 940 941 870
f 73 542 72
f 541 542 73
f 939 940 871
f 872 939 871
f 938 939 872
f 540 73 74
f 540 541 73
f 75 540 74
f 873 937 938
f 873 938 872
f 539 540 75
f 874 936 937
f 874 937 873
f 538 539 75
f 538 75 76
f 538 76 77
f 875 936 874
f 875 935 936
f 537 538 77
f 876 935 875
f 536 537 77
f 536 77 78
f 536 78 79
f 524 935 876
f 524 90 935
f 535 536 79
f 525 90 524
f 525 88 89
f 525 89 90
f 534 535 79
f 534 79 80
f 526 88 525
f 526 87 88
f 533 534 80
f 533 80 81
f 533 81 82
f 527 87 526
f 527 86 87
f 532 533 82
f 528 86 527
f 528 85 86
f 531 532 82
f 531 82 83
f 529 85 528
f 529 84 85
f 530 531 83
f 530 84 529
f 530 83 84
f 957 471 447
f 957 934 471
f 958 933 934
f 958 934 957
f 959 932 933
f 959 933 958
f 960 931 932
f 960 932 959
f 961 930 931
f 961 931 960
f 962 929 930
f 962 930 961
f 963 928 929
f 963 929 962
f 964 927 928
f 964 928 963
f 965 926 927
f 965 927 964
f 966 925 926
f 966 926 965
f 967 924 925
f 967 925 966
f 968 924 967
f 968 923 924
f 969 923 968
f 969 922 923
f 970 922 969
f 970 921 922
f 971 921 970
f 971 920 921
f 972 920 971
f 972 919 920
f 973 919 972
f 973 918 919
f 974 918 973
f 974 917 918
f 975 916 917
f 975 917 974
f 976 916 975
f 976 915 916
f 977 914 915
f 977 915 976
f 978 913 914
f 978 914 977
f 424 472 913
f 424 913 978
f 979 448 424
f 980 448 979
f 981 448 980
f 982 977 976
f 982 978 977
f 982 424 978
f 982 979 424
f 983 448 981
f 984 975 974
f 984 976 975
f 984 980 979
f 984 979 982
f 984 982 976
f 985 448 983
f 986 973 972
f 986 974 973
f 986 984 974
f 986 981 980
f 986 980 984
f 987 448 448
f 987 448 985
f 988 971 970
f 988 972 971
f 988 981 986
f 988 983 981
f 988 986 972
f 989 448 987
f 990 969 968
f 990 970 969
f 990 983 988
f 990 985 983
f 990 988 970
f 991 448 989
f 992 968 967
f 992 990 968
f 992 987 985
f 992 985 990
f 993 448 991
f 994 966 965
f 994 967 966
f 994 992 967
f 994 989 987
f 994 987 992
f 995 448 993
f 996 964 963
f 996 965 964
f 996 994 965
f 996 991 989
f 996 989 994
f 997 447 448
f 997 448 995
f 998 991 996
f 998 962 961
f 998 963 962
f 998 996 963
f 998 993 991
f 998 995 993
f 999 960 959
f 999 961 960
f 999 998 961
f 999 995 998
f 1000 957 447
f 1000 999 959
f 1000 958 957
f 1000 959 958
f 1000 997 995
f 1000 995 999
f 1000 447 997
f 164 378 163
f 164 1001 378
f 165 1002 1001
f 165 1001 164
f 166 1003 1002
f 166 1002 165
f 167 1004 1003
f 167 1003 166
f 168 1005 1004
f 168 1006 1005
f 168 1004 167
f 169 1006 168
f 170 1007 1006
f 170 1008 1007
f 170 1006 169
f 171 1009 1008
f 171 1008 170
f 172 1010 1009
f 172 1009 171
f 173 1011 1010
f 173 1010 172
f 174 1012 1011
f 174 1011 173
f 175 1012 174
f 175 1013 1012
f 176 1013 175
f 176 1014 1013
f 177 1014 176
f 177 1015 1014
f 178 1015 177
f 178 1016 1015
f 179 1016 178
f 179 1017 1016
f 180 1017 179
f 180 1018 1017
f 181 1018 180
f 181 1019 1018
f 182 1019 181
f 182 1020 1019
f 183 1020 182
f 183 1021 1020
f 184 1021 183
f 184 1022 1021
f 185 1022 184
f 185 355 1022
f 186 355 185
f 1023 379 1024
f 1025 379 1023
f 1026 378 1001
f 1026 1001 1002
f 1026 1002 1003
f 1026 379 378
f 1026 1024 379
f 1027 379 1025
f 1028 1003 1004
f 1028 1004 1005
f 1028 1023 1024
f 1028 1026 1003
f 1028 1024 1026
f 1029 379 1027
f 1030 1005 1006
f 1030 1006 1007
f 1030 1028 1005
f 1030 1023 1028
f 1030 1025 1023
f 1031 379 379
f 1031 379 1029
f 1032 1007 1008
f 1032 1008 1009
f 1032 1025 1030
f 1032 1030 1007
f 1032 1027 1025
f 1033 379 1031
f 1034 1009 1010
f 1034 1010 1011
f 1034 1032 1009
f 1034 1029 1027
f 1034 1027 1032
f 1035 379 1033
f 1036 1011 1012
f 1036 1031 1029
f 1036 1029 1034
f 1036 1034 1011
f 1037 379 1035
f 1038 1012 1013
f 1038 1013 1014
f 1038 1031 1036
f 1038 1033 1031
f 1038 1036 1012
f 1039 379 1037
f 1040 1014 1015
f 1040 1015 1016
f 1040 1038 1014
f 1040 1035 1033
f 1040 1037 1035
f 1040 1033 1038
f 1041 379 1039
f 1042 1037 1040
f 1042 1016 1017
f 1042 1017 1018
f 1042 1040 1016
f 1042 1039 1037
f 1043 1018 1019
f 1043 1019 1020
f 1043 1039 1042
f 1043 1042 1018
f 1044 379 1041
f 1044 1041 1039
f 1044 1039 1043
f 1044 1020 1021
f 1044 1021 1022
f 1044 1022 355
f 1044 355 379
f 1044 1043 1020
f 286 841 310
f 1045 283 259
f 1045 259 618
f 1046 284 283
f 1046 285 284
f 1046 820 285
f 1046 283 1045
f 1047 618 617
f 1047 1045 618
f 1048 1046 1045
f 1048 820 1046
f 1048 821 820
f 1048 1045 1047
f 1049 617 616
f 1049 1047 617
f 1050 822 821
f 1050 821 1048
f 1050 1048 1047
f 1050 1047 1049
f 1051 616 615
f 1051 1049 616
f 1052 1050 1049
f 1052 823 822
f 1052 1049 1051
f 1052 822 1050
f 1053 615 614
f 1053 1051 615
f 1053 1052 1051
f 1054 1052 1053
f 1054 824 823
f 1054 823 1052
f 1055 614 613
f 1055 1053 614
f 1056 825 824
f 1056 1054 1053
f 1056 824 1054
f 1056 1053 1055
f 1057 613 612
f 1057 1055 613
f 1058 1055 1057
f 1058 826 825
f 1058 1056 1055
f 1058 825 1056
f 1059 612 611
f 1059 1057 612
f 1060 827 826
f 1060 1058 1057
f 1060 826 1058
f 1060 1057 1059
f 1061 610 609
f 1061 611 610
f 1061 1060 1059
f 1061 1059 611
f 1062 828 827
f 1062 827 1060
f 1062 1060 1061
f 1063 1061 609
f 1064 829 828
f 1064 828 1062
f 1064 1062 1061
f 1064 1061 1063
f 1065 1063 609
f 1065 609 608
f 1066 1063 1065
f 1066 1064 1063
f 1066 830 829
f 1066 829 1064
f 1067 608 607
f 1067 1065 608
f 1068 831 830
f 1068 1066 1065
f 1068 830 1066
f 1068 1065 1067
f 1069 1067 607
f 1069 607 606
f 1070 831 1068
f 1070 832 831
f 1070 1067 1069
f 1070 1068 1067
f 1071 605 604
f 1071 606 605
f 1071 1069 606
f 1071 1070 1069
f 1072 833 832
f 1072 832 1070
f 1072 1070 1071
f 1073 1071 604
f 1074 1071 1073
f 1074 834 833
f 1074 1072 1071
f 1074 833 1072
f 1075 604 603
f 1075 1073 604
f 1076 835 834
f 1076 1074 1073
f 1076 834 1074
f 1076 1073 1075
f 1077 603 602
f 1077 1075 603
f 1077 1076 1075
f 1078 836 835
f 1078 835 1076
f 1078 1076 1077
f 1079 602 601
f 1079 1077 602
f 1080 1077 1079
f 1080 1078 1077
f 1080 837 836
f 1080 836 1078
f 1081 601 600
f 1081 1079 601
f 1082 1080 1079
f 1082 837 1080
f 1082 1079 1081
f 1082 838 837
f 1083 599 598
f 1083 600 599
f 1083 1081 600
f 1084 1082 1081
f 1084 1081 1083
f 1084 838 1082
f 1084 839 838
f 1085 1083 598
f 1086 1084 1083
f 1086 839 1084
f 1086 1083 1085
f 1086 840 839
f 1087 597 282
f 1087 598 597
f 1087 1085 598
f 1087 282 309
f 1088 1086 1085
f 1088 840 1086
f 1088 1087 309
f 1088 309 310
f 1088 841 840
f 1088 310 841
f 1088 1085 1087
f 1089 187 163
f 1089 163 423
f 1090 188 187
f 1090 189 188
f 1090 619 189
f 1090 187 1089
f 1091 423 422
f 1091 1089 423
f 1092 1090 1089
f 1092 619 1090
f 1092 620 619
f 1092 1089 1091
f 1093 422 421
f 1093 1091 422
f 1094 621 620
f 1094 620 1092
f 1094 1092 1091
f 1094 1091 1093
f 1095 421 420
f 1095 1093 421
f 1096 1094 1093
f 1096 1093 1095
f 1096 622 621
f 1096 621 1094
f 1097 420 419
f 1097 1095 420
f 1098 1096 1095
f 1098 623 622
f 1098 624 623
f 1098 622 1096
f 1098 1095 1097
f 1099 419 418
f 1099 1097 419
f 1100 1098 1097
f 1100 1097 1099
f 1100 624 1098
f 1101 418 417
f 1101 1099 418
f 1102 1099 1101
f 1102 625 624
f 1102 1100 1099
f 1102 624 1100
f 1103 1101 417
f 1103 417 416
f 1104 626 625
f 1104 625 1102
f 1104 1102 1101
f 1104 1101 1103
f 1105 416 415
f 1105 1103 416
f 1106 1104 1103
f 1106 627 626
f 1106 626 1104
f 1106 1103 1105
f 1107 415 414
f 1107 1105 415
f 1108 1106 1105
f 1108 628 627
f 1108 629 628
f 1108 627 1106
f 1108 1105 1107
f 1109 414 413
f 1109 1107 414
f 1110 1108 1107
f 1110 1107 1109
f 1110 629 1108
f 1111 1109 413
f 1111 412 411
f 1111 413 412
f 1112 630 629
f 1112 1109 1111
f 1112 1110 1109
f 1112 629 1110
f 1113 1111 411
f 1114 1111 1113
f 1114 631 630
f 1114 630 1112
f 1114 1112 1111
f 1115 411 410
f 1115 1113 411
f 1116 1113 1115
f 1116 632 631
f 1116 631 1114
f 1116 1114 1113
f 1117 410 409
f 1117 1115 410
f 1118 633 632
f 1118 1116 1115
f 1118 632 1116
f 1118 1115 1117
f 1119 409 408
f 1119 1117 409
f 1120 634 633
f 1120 633 1118
f 1120 1118 1117
f 1120 1117 1119
f 1121 408 407
f 1121 1119 408
f 1121 1120 1119
f 1122 634 1120
f 1122 635 634
f 1122 636 635
f 1122 1120 1121
f 1123 407 406
f 1123 1121 407
f 1124 636 1122
f 1124 1121 1123
f 1124 1122 1121
f 1125 405 404
f 1125 406 405
f 1125 1123 406
f 1126 636 1124
f 1126 1124 1123
f 1126 1123 1125
f 1126 637 636
f 1127 1125 404
f 1128 1126 1125
f 1128 637 1126
f 1128 1125 1127
f 1128 638 637
f 1128 639 638
f 1129 404 403
f 1129 1127 404
f 1130 1128 1127
f 1130 639 1128
f 1130 1127 1129
f 1131 402 186
f 1131 403 402
f 1131 1129 403
f 1131 186 213
f 1132 639 1130
f 1132 1130 1129
f 1132 1131 213
f 1132 213 214
f 1132 214 190
f 1132 640 639
f 1132 1129 1131
f 1132 190 640
f 1133 91 67
f 1133 67 956
f 1134 92 91
f 1134 93 92
f 1134 495 93
f 1134 91 1133
f 1135 956 955
f 1135 1133 956
f 1136 1134 1133
f 1136 495 1134
f 1136 496 495
f 1136 1133 1135
f 1137 955 954
f 1137 1135 955
f 1138 497 496
f 1138 1136 1135
f 1138 496 1136
f 1138 1135 1137
f 1139 954 953
f 1139 1137 954
f 1140 1138 1137
f 1140 1137 1139
f 1140 498 497
f 1140 499 498
f 1140 497 1138
f 1141 953 952
f 1141 1139 953
f 1142 1140 1139
f 1142 499 1140
f 1142 1139 1141
f 1143 952 951
f 1143 1141 952
f 1144 500 499
f 1144 499 1142
f 1144 1142 1141
f 1144 1141 1143
f 1145 951 950
f 1145 1143 951
f 1146 501 500
f 1146 1143 1145
f 1146 500 1144
f 1146 1144 1143
f 1147 950 949
f 1147 1145 950
f 1148 501 1146
f 1148 502 501
f 1148 1145 1147
f 1148 1146 1145
f 1149 949 948
f 1149 1147 949
f 1150 503 502
f 1150 502 1148
f 1150 1147 1149
f 1150 1148 1147
f 1151 948 947
f 1151 1149 948
f 1152 1150 1149
f 1152 504 503
f 1152 1149 1151
f 1152 503 1150
f 1153 1151 947
f 1153 947 946
f 1154 1151 1153
f 1154 505 504
f 1154 504 1152
f 1154 1152 1151
f 1155 946 945
f 1155 1153 946
f 1156 506 505
f 1156 1154 1153
f 1156 505 1154
f 1156 1153 1155
f 1157 1155 945
f 1157 945 944
f 1157 1156 1155
f 1158 506 1156
f 1158 507 506
f 1158 1156 1157
f 1159 944 943
f 1159 1157 944
f 1160 1157 1159
f 1160 508 507
f 1160 507 1158
f 1160 1158 1157
f 1161 943 942
f 1161 1159 943
f 1162 509 508
f 1162 1160 1159
f 1162 508 1160
f 1162 1159 1161
f 1163 942 941
f 1163 1161 942
f 1164 510 509
f 1164 509 1162
f 1164 1162 1161
f 1164 1161 1163
f 1165 941 940
f 1165 1163 941
f 1166 1163 1165
f 1166 511 510
f 1166 510 1164
f 1166 1164 1163
f 1167 940 939
f 1167 1165 940
f 1168 1165 1167
f 1168 512 511
f 1168 1166 1165
f 1168 511 1166
f 1169 1168 1167
f 1169 938 937
f 1169 939 938
f 1169 1167 939
f 1170 512 1168
f 1170 1168 1169
f 1170 513 512
f 1170 514 513
f 1171 1169 937
f 1172 514 1170
f 1172 1169 1171
f 1172 1170 1169
f 1173 936 935
f 1173 937 936
f 1173 1171 937
f 1174 1172 1171
f 1174 514 1172
f 1174 1171 1173
f 1174 515 514
f 1175 935 90
f 1175 90 117
f 1175 117 118
f 1175 1173 935
f 1176 1174 1173
f 1176 515 1174
f 1176 1175 118
f 1176 118 94
f 1176 516 515
f 1176 94 516
f 1176 1173 1175
f 54 739 1178
f 54 53 739
f 55 1178 1177
f 55 54 1178
f 56 1177 731
f 56 55 1177
f 1179 56 731
f 1180 1179 731
f 729 1180 731
f 1185 1177 1178
f 1185 1178 739
f 1186 739 1184
f 1186 1185 739
f 1187 1181 731
f 1187 731 1177
f 1187 1185 1186
f 1187 1177 1185
f 1188 1182 1181
f 1188 1181 1187
f 1188 1187 1186
f 1188 1186 1184
f 1189 844 1182
f 1189 1183 844
f 1189 1184 1183
f 1189 1188 1184
f 1189 1182 1188
f 1190 59 58
f 57 1190 58
f 1191 1190 57
f 56 1191 57
f 1179 1191 56
f 1180 1191 1179
f 729 1191 1180
f 1192 845 844
f 1193 49 848
f 1194 1184 739
f 1195 739 742
f 1195 1194 739
f 1195 845 1192
f 1195 1192 1194
f 1196 1195 1197
f 1196 845 1195
f 1198 1195 742
f 1198 1197 1195
f 1199 846 845
f 1199 845 1196
f 1199 1196 1197
f 1200 1199 1201
f 1200 846 1199
f 1202 742 741
f 1202 1201 742
f 1203 1204 1205
f 1206 1202 741
f 1206 1204 1202
f 1207 1205 1204
f 1207 1206 741
f 1207 1204 1206
f 1208 847 846
f 1208 1203 1205
f 1208 846 1203
f 1209 741 740
f 1209 1207 741
f 1209 1205 1207
f 1210 1209 1211
f 1212 1209 740
f 1212 1211 1209
f 1213 848 847
f 1213 847 1210
f 1213 1210 1211
f 1214 848 1213
f 1215 1216 740
f 1215 1217 1216
f 1215 740 43
f 1218 1219 1220
f 1218 1193 848
f 1218 1220 1193
f 1221 1219 1215
f 1221 1215 43
f 1222 844 1183
f 1222 1183 1184
f 1222 1192 844
f 1222 1184 1194
f 1222 1194 1192
f 1223 1201 1199
f 1223 742 1201
f 1223 1197 1198
f 1223 1198 742
f 1223 1199 1197
f 1224 846 1200
f 1224 1200 1201
f 1224 1201 1202
f 1225 1202 1204
f 1225 1204 1203
f 1226 847 1208
f 1226 1208 1205
f 1226 1205 1209
f 1227 1226 1209
f 1227 847 1226
f 1227 1210 847
f 1227 1209 1210
f 1228 1213 1211
f 1228 1211 1212
f 1229 740 1216
f 1229 1216 1217
f 1229 1217 1214
f 1229 1214 1213
f 1230 1214 1217
f 1230 1217 1215
f 1230 848 1214
f 1231 1215 1219
f 1231 1219 1218
f 1231 1218 848
f 1231 1230 1215
f 1231 848 1230
f 1232 1219 1221
f 1233 1219 1232
f 1233 1232 1221
f 1233 1220 1219
f 1233 1193 1220
f 1234 50 49
f 1234 51 50
f 1234 43 51
f 1234 1221 43
f 1234 1233 1221
f 1234 1193 1233
f 1234 49 1193
f 1235 1224 1202
f 1235 1225 1203
f 1235 1202 1225
f 1235 846 1224
f 1235 1203 846
f 1236 740 1229
f 1236 1212 740
f 1236 1228 1212
f 1236 1229 1213
f 1236 1213 1228
f 1239 1182 844
f 1240 731 1181
f 1240 1181 1182
f 1240 1182 1239
f 1241 844 843
f 1241 1239 844
f 1241 1240 1239
f 1242 732 731
f 1242 731 1240
f 1242 1243 1244
f 1245 843 842
f 1245 842 1246
f 1245 1246 732
f 1245 1243 843
f 1245 1244 1243
f 1247 732 1242
f 1247 1245 732
f 1247 1242 1244
f 1247 1244 1245
f 1248 1249 1250
f 1251 842 520
f 1251 1249 842
f 1251 1250 1249
f 1252 733 732
f 1252 732 1248
f 1252 1248 1250
f 1253 520 519
f 1253 1254 520
f 1253 1255 1254
f 1256 1252 1255
f 1256 733 1252
f 1256 1255 1253
f 1257 1253 519
f 1257 1258 1253
f 1259 1260 1258
f 1259 519 1261
f 1259 734 733
f 1259 1261 1262
f 1259 733 1260
f 1263 734 1259
f 1263 1259 1262
f 1264 1261 519
f 1264 519 518
f 1264 1263 1262
f 1264 1262 1261
f 1264 734 1263
f 1264 1265 734
f 1264 518 1265
f 1266 730 734
f 1266 734 1265
f 1266 1265 518
f 1267 518 517
f 1267 1268 1266
f 1267 517 1269
f 1267 1266 518
f 1267 1269 1268
f 1270 1237 730
f 1270 1238 1237
f 1270 517 1238
f 1270 1266 1268
f 1270 1269 517
f 1270 1268 1269
f 1270 730 1266
f 1271 1241 843
f 1271 1240 1241
f 1271 1242 1240
f 1272 1242 1271
f 1272 843 1243
f 1272 1271 843
f 1272 1243 1242
f 1273 842 1249
f 1273 1249 1248
f 1274 1250 1251
f 1274 1252 1250
f 1275 1252 1276
f 1275 1255 1252
f 1275 1276 520
f 1275 520 1254
f 1275 1254 1255
f 1277 1256 1253
f 1277 733 1256
f 1278 1258 1260
f 1278 1277 1253
f 1278 733 1277
f 1278 1253 1258
f 1278 1260 733
f 1279 519 1259
f 1279 1258 1257
f 1279 1257 519
f 1279 1259 1258
f 1280 1246 842
f 1280 732 1246
f 1280 1273 1248
f 1280 842 1273
f 1280 1248 732
f 1281 1276 1252
f 1281 1252 1274
f 1281 1274 1251
f 1281 520 1276
f 1281 1251 520
f 35 34 730
f 36 35 730
f 37 730 1283
f 37 36 730
f 1284 1283 1282
f 1284 37 1283
f 1285 1282 722
f 1285 1284 1282
f 720 1285 722
f 1286 41 40
f 1286 42 41
f 1286 34 42
f 1286 40 1287
f 1286 1287 1288
f 1289 40 669
f 1289 1287 40
f 1289 1288 1287
f 1290 726 34
f 1290 34 1286
f 1290 1286 1288
f 1290 1291 1292
f 1293 669 668
f 1293 668 1294
f 1293 1294 726
f 1293 1291 669
f 1293 1292 1291
f 1295 1293 726
f 1295 726 1290
f 1295 1290 1292
f 1295 1292 1293
f 1296 668 667
f 1296 1297 668
f 1296 1298 1297
f 1299 727 726
f 1299 726 1298
f 1299 1298 1296
f 1300 667 796
f 1300 796 1301
f 1300 1302 667
f 1300 1303 1302
f 1304 727 1299
f 1304 1299 1303
f 1304 1303 1300
f 1305 1300 1301
f 1306 1307 1308
f 1306 728 727
f 1306 1301 796
f 1306 796 1307
f 1306 727 1305
f 1306 1305 1301
f 1309 1306 1308
f 1309 728 1306
f 1310 1308 1307
f 1310 1309 1308
f 1310 728 1309
f 1310 796 795
f 1310 1307 796
f 1310 1311 728
f 1310 795 1311
f 1312 729 728
f 1312 728 1311
f 1312 1311 795
f 1313 795 59
f 1313 1312 795
f 1313 1314 1312
f 1313 59 1315
f 1313 1315 1314
f 1316 1191 729
f 1316 1312 1314
f 1316 1314 1315
f 1316 729 1312
f 1317 1289 669
f 1317 1288 1289
f 1317 1290 1288
f 1318 1290 1317
f 1318 1317 669
f 1318 669 1291
f 1318 1291 1290
f 1319 1294 668
f 1319 726 1294
f 1319 1298 726
f 1320 1296 667
f 1320 1299 1296
f 1321 1320 667
f 1321 1299 1320
f 1321 667 1302
f 1321 1303 1299
f 1321 1302 1303
f 1322 1300 1305
f 1322 727 1304
f 1322 1304 1300
f 1322 1305 727
f 1323 59 1190
f 1323 1190 1191
f 1323 1316 1315
f 1323 1315 59
f 1323 1191 1316
f 1324 1298 1319
f 1324 1297 1298
f 1325 668 1297
f 1325 1297 1324
f 1325 1324 1319
f 1325 1319 668
f 1328 59 794
f 1329 1328 794
f 1329 1330 1331
f 1329 1331 1328
f 1332 735 53
f 1332 53 1333
f 1332 1333 1330
f 1334 735 1332
f 1334 1332 1335
f 1336 794 793
f 1336 1337 794
f 1338 1339 1336
f 1338 1336 793
f 1340 736 735
f 1340 1339 1338
f 1340 1341 1339
f 1340 735 1341
f 1342 736 1340
f 1342 1340 1343
f 1344 793 792
f 1344 1345 793
f 1344 1343 1345
f 1346 1344 1347
f 1348 1347 1344
f 1348 1344 792
f 1349 737 736
f 1349 1350 737
f 1349 736 1346
f 1349 1346 1347
f 1351 792 791
f 1351 1350 1352
f 1351 1352 792
f 1353 1351 791
f 1353 1354 1351
f 1355 1356 1354
f 1355 737 1356
f 1355 1354 1353
f 1355 738 737
f 1357 791 790
f 1357 790 1358
f 1357 1358 1359
f 1360 1326 738
f 1360 738 1355
f 1360 1355 1359
f 1360 1359 1358
f 1361 53 60
f 1361 60 61
f 1361 61 59
f 1361 1333 53
f 1361 59 1328
f 1362 1333 1361
f 1362 1331 1330
f 1362 1361 1328
f 1362 1328 1331
f 1363 1362 1330
f 1363 1330 1333
f 1363 1333 1362
f 1364 1329 794
f 1364 1330 1329
f 1364 1332 1330
f 1365 1364 794
f 1365 1332 1364
f 1365 1335 1332
f 1365 1337 1335
f 1365 794 1337
f 1366 1334 1335
f 1366 1335 1337
f 1366 735 1334
f 1366 1337 1336
f 1367 1336 1339
f 1367 1339 1341
f 1368 1340 1338
f 1368 1338 793
f 1369 793 1345
f 1369 1340 1368
f 1369 1368 793
f 1369 1343 1340
f 1369 1345 1343
f 1370 736 1342
f 1370 1342 1343
f 1370 1343 1344
f 1371 1370 1344
f 1371 736 1370
f 1371 1346 736
f 1371 1344 1346
f 1372 1349 1347
f 1372 1347 1348
f 1373 1350 1349
f 1373 1352 1350
f 1373 792 1352
f 1374 1351 1354
f 1374 1354 1356
f 1374 1356 737
f 1374 737 1350
f 1374 1350 1351
f 1375 1353 791
f 1375 1355 1353
f 1375 1359 1355
f 1375 1357 1359
f 1375 791 1357
f 1376 1327 1326
f 1376 790 1327
f 1376 1360 1358
f 1376 1358 790
f 1376 1326 1360
f 1377 1336 1367
f 1377 1366 1336
f 1377 735 1366
f 1377 1367 1341
f 1377 1341 735
f 1378 1349 1372
f 1378 1373 1349
f 1378 1372 1348
f 1378 792 1373
f 1378 1348 792
f 743 748 1382
f 1379 1381 46
f 1379 1382 1381
f 1379 743 1382
f 1380 45 44
f 1380 46 45
f 1380 1379 46
f 738 44 43
f 738 1380 44
f 1383 49 48
f 47 1383 48
f 1384 1383 47
f 1385 47 46
f 1385 46 1381
f 1385 1381 1382
f 1385 1382 748
f 1385 748 1384
f 1385 1384 47
f 1387 1238 517
f 1388 1282 1283
f 1388 1283 730
f 1388 730 1237
f 1389 1237 1238
f 1389 1388 1237
f 1390 722 1282
f 1390 1388 1389
f 1390 1282 1388
f 1391 1389 1238
f 1391 1238 1387
f 1392 1386 722
f 1392 1387 1386
f 1392 1391 1387
f 1392 1389 1391
f 1392 1390 1389
f 1392 722 1390
f 1393 40 39
f 1395 1394 1393
f 1395 1393 39
f 1396 39 38
f 1396 1395 39
f 1397 720 1394
f 1397 1394 1395
f 1397 1395 1396
f 1398 38 37
f 1398 37 1284
f 1398 1284 1285
f 1398 1396 38
f 1399 1285 720
f 1399 1396 1398
f 1399 1398 1285
f 1399 1397 1396
f 1399 720 1397
f 1400 743 1379
f 1402 1379 1380
f 1402 1380 738
f 1402 738 1326
f 1403 1326 1327
f 1403 1402 1326
f 1404 1402 1403
f 1404 1400 1379
f 1404 1379 1402
f 1405 1327 790
f 1405 1401 1400
f 1405 790 1401
f 1405 1403 1327
f 1405 1400 1404
f 1405 1404 1403
f 1406 26 852
f 1407 749 20
f 1408 1409 1406
f 1408 1406 852
f 1408 1410 1409
f 1411 852 851
f 1411 1412 852
f 1413 1411 851
f 1413 1414 1411
f 1415 750 749
f 1415 1416 1414
f 1415 749 1416
f 1415 1414 1413
f 1417 750 1415
f 1417 1415 1418
f 1419 851 850
f 1419 1420 851
f 1419 1418 1420
f 1421 751 750
f 1422 850 849
f 1422 1423 850
f 1422 1424 1423
f 1425 1422 849
f 1425 1426 1422
f 1427 1428 1426
f 1427 1426 1425
f 1427 748 751
f 1427 751 1428
f 1429 849 49
f 1429 49 1430
f 1429 1430 1431
f 1432 1384 748
f 1432 748 1427
f 1432 1427 1431
f 1432 1431 1430
f 1433 27 26
f 1433 28 27
f 1433 20 28
f 1433 1407 20
f 1433 26 1406
f 1434 1407 1433
f 1434 1433 1406
f 1434 1406 1409
f 1434 1409 1410
f 1435 1434 1410
f 1435 1410 1407
f 1435 1407 1434
f 1436 1408 852
f 1436 852 1412
f 1437 749 1407
f 1437 1436 1412
f 1437 1410 1408
f 1437 1407 1410
f 1437 1412 1438
f 1437 1408 1436
f 1437 1439 749
f 1437 1438 1439
f 1440 1438 1412
f 1440 749 1439
f 1440 1439 1438
f 1440 1412 1411
f 1441 1411 1414
f 1441 1414 1416
f 1442 1413 851
f 1442 1415 1413
f 1443 851 1420
f 1443 1415 1442
f 1443 1418 1415
f 1443 1442 851
f 1443 1420 1418
f 1444 1417 1418
f 1444 1418 1419
f 1444 750 1417
f 1444 1419 750
f 1445 1419 850
f 1445 1446 1419
f 1447 1426 1428
f 1447 751 1424
f 1447 1424 1422
f 1447 1422 1426
f 1447 1428 751
f 1448 1425 849
f 1448 1431 1427
f 1448 1429 1431
f 1448 849 1429
f 1448 1427 1425
f 1449 49 1383
f 1449 1383 1384
f 1449 1432 1430
f 1449 1430 49
f 1449 1384 1432
f 1450 1411 1441
f 1450 1441 1416
f 1450 749 1440
f 1450 1440 1411
f 1450 1416 749
f 1451 1446 1421
f 1451 1421 750
f 1451 750 1419
f 1451 1419 1446
f 1452 1421 1446
f 1452 1446 1445
f 1452 1453 1421
f 1452 1445 1453
f 1454 1445 850
f 1454 1453 1445
f 1455 1424 751
f 1455 751 1421
f 1455 1421 1453
f 1455 1423 1424
f 1456 850 1423
f 1456 1453 1454
f 1456 1455 1453
f 1456 1423 1455
f 1456 1454 850
f 1459 517 560
f 1460 1459 560
f 1460 1461 1462
f 1460 1462 1459
f 1463 723 722
f 1463 722 1464
f 1463 1460 560
f 1463 1464 1461
f 1463 1461 1460
f 1465 723 1463
f 1465 1463 1466
f 1467 560 559
f 1467 1468 560
f 1469 1470 1471
f 1472 1467 559
f 1472 1470 1467
f 1473 1471 1470
f 1473 1472 559
f 1473 1470 1472
f 1474 724 723
f 1474 723 1469
f 1474 1469 1471
f 1475 559 558
f 1475 1473 559
f 1475 1471 1473
f 1476 1475 1477
f 1476 724 1475
f 1478 1477 1475
f 1478 1475 558
f 1479 725 724
f 1479 1477 1478
f 1479 1480 725
f 1479 724 1476
f 1479 1476 1477
f 1479 1478 558
f 1481 1480 1482
f 1481 558 557
f 1481 1482 558
f 1483 1481 557
f 1483 1484 1481
f 1485 1486 1484
f 1485 725 1486
f 1485 1484 1483
f 1485 721 725
f 1487 557 556
f 1487 556 1488
f 1487 1488 1489
f 1490 1457 721
f 1490 721 1485
f 1490 1485 1489
f 1490 1489 1488
f 1491 722 1386
f 1491 1386 1387
f 1491 1387 517
f 1491 1464 722
f 1491 517 1459
f 1492 1464 1491
f 1492 1491 1459
f 1492 1462 1461
f 1492 1459 1462
f 1493 1492 1461
f 1493 1461 1464
f 1493 1464 1492
f 1494 1463 560
f 1494 1466 1463
f 1494 1468 1466
f 1494 560 1468
f 1495 1465 1466
f 1495 1466 1468
f 1495 723 1465
f 1495 1468 1467
f 1496 1467 1470
f 1496 1470 1469
f 1497 724 1474
f 1497 1474 1471
f 1497 1475 724
f 1497 1471 1475
f 1498 1482 1480
f 1498 1480 1479
f 1498 558 1482
f 1498 1479 558
f 1499 1480 1481
f 1499 1481 1484
f 1499 1484 1486
f 1499 1486 725
f 1499 725 1480
f 1500 1483 557
f 1500 1485 1483
f 1500 1489 1485
f 1500 1487 1489
f 1500 557 1487
f 1501 1458 1457
f 1501 556 1458
f 1501 1490 1488
f 1501 1488 556
f 1501 1457 1490
f 1502 1469 723
f 1502 1467 1496
f 1502 1495 1467
f 1502 723 1495
f 1502 1496 1469
f 11 10 721
f 11 721 1504
f 12 11 1504
f 13 1504 1503
f 13 12 1504
f 1505 13 1503
f 1506 1503 713
f 1506 1505 1503
f 711 1506 713
f 1507 16 673
f 1508 1394 720
f 1508 720 719
f 1508 719 1509
f 1508 1509 1510
f 1511 670 40
f 1511 1509 1512
f 1511 1510 1509
f 1511 40 1510
f 1513 670 1511
f 1513 1511 1512
f 1514 1512 1509
f 1514 1509 719
f 1515 671 670
f 1515 670 1513
f 1515 1513 1512
f 1516 671 1515
f 1516 1515 1517
f 1518 719 718
f 1518 1517 719
f 1519 1518 718
f 1519 1520 1518
f 1521 672 671
f 1521 1522 1520
f 1521 671 1522
f 1521 1520 1519
f 1523 672 1521
f 1523 1521 1524
f 1525 718 717
f 1525 1526 718
f 1525 1524 1526
f 1527 1525 1528
f 1529 1525 717
f 1529 1528 1525
f 1530 1527 1528
f 1530 673 672
f 1530 672 1527
f 1531 673 1530
f 1532 717 10
f 1532 1533 717
f 1532 1534 1533
f 1535 1536 1537
f 1535 1507 673
f 1535 1537 1507
f 1538 1532 10
f 1538 1536 1532
f 1539 40 1393
f 1539 1393 1394
f 1539 1394 1508
f 1539 1510 40
f 1539 1508 1510
f 1540 1512 1514
f 1540 719 1517
f 1540 1514 719
f 1540 1515 1512
f 1540 1517 1515
f 1541 1517 1518
f 1541 671 1516
f 1541 1516 1517
f 1542 1520 1522
f 1542 1518 1520
f 1543 1519 718
f 1543 1521 1519
f 1544 718 1526
f 1544 1521 1543
f 1544 1543 718
f 1544 1524 1521
f 1544 1526 1524
f 1545 1523 1524
f 1545 672 1523
f 1545 1524 1525
f 1546 1525 1527
f 1546 672 1545
f 1546 1545 1525
f 1546 1527 672
f 1547 1528 1529
f 1547 1530 1528
f 1547 1529 717
f 1548 717 1533
f 1548 1533 1534
f 1548 1534 1531
f 1548 1530 1547
f 1548 1547 717
f 1548 1531 1530
f 1549 1531 1534
f 1549 673 1531
f 1549 1534 1532
f 1550 1532 1536
f 1550 1536 1535
f 1550 1535 673
f 1550 673 1549
f 1550 1549 1532
f 1551 1536 1538
f 1552 1536 1551
f 1552 1551 1538
f 1552 1537 1536
f 1552 1507 1537
f 1553 17 16
f 1553 18 17
f 1553 10 18
f 1553 1538 10
f 1553 16 1507
f 1553 1552 1538
f 1553 1507 1552
f 1554 1541 1518
f 1554 671 1541
f 1554 1518 1542
f 1554 1522 671
f 1554 1542 1522
f 1557 790 789
f 1558 1555 747
f 1558 1559 1560
f 1561 786 785
f 1561 785 1560
f 1561 1560 1559
f 1562 747 746
f 1562 1558 747
f 1562 1559 1558
f 1563 1562 1564
f 1565 1564 1562
f 1565 1562 746
f 1566 787 786
f 1566 786 1563
f 1566 1563 1564
f 1567 787 1566
f 1567 1566 1568
f 1569 746 745
f 1569 1568 746
f 1570 1569 745
f 1570 1571 1569
f 1572 788 787
f 1572 787 1573
f 1574 745 744
f 1575 1574 744
f 1576 789 788
f 1576 744 1577
f 1576 788 1578
f 1576 1578 1579
f 1580 789 1576
f 1580 1576 1577
f 1581 744 743
f 1581 1577 744
f 1582 1583 1584
f 1582 1557 789
f 1582 1584 1557
f 1585 1581 743
f 1585 1583 1581
f 1586 1556 1555
f 1586 785 1556
f 1586 1560 785
f 1586 1555 1558
f 1586 1558 1560
f 1587 1563 786
f 1587 786 1561
f 1587 1561 1559
f 1587 1559 1562
f 1587 1562 1563
f 1588 1565 746
f 1588 746 1568
f 1588 1564 1565
f 1588 1568 1566
f 1588 1566 1564
f 1589 1567 1568
f 1589 1568 1569
f 1589 787 1567
f 1590 1569 1571
f 1590 1571 1573
f 1591 1573 1571
f 1591 1570 745
f 1591 1571 1570
f 1591 1572 1573
f 1592 788 1593
f 1592 1575 1579
f 1592 1578 788
f 1592 1579 1578
f 1592 1574 1575
f 1594 1579 1575
f 1594 1576 1579
f 1595 1580 1577
f 1595 789 1580
f 1595 1577 1581
f 1596 1582 789
f 1596 1583 1582
f 1596 1595 1581
f 1596 789 1595
f 1596 1581 1583
f 1597 1583 1585
f 1598 1583 1597
f 1598 1597 1585
f 1598 1584 1583
f 1598 1557 1584
f 1599 743 1400
f 1599 1400 1401
f 1599 1401 790
f 1599 1585 743
f 1599 1598 1585
f 1599 790 1557
f 1599 1557 1598
f 1600 1589 1569
f 1600 787 1589
f 1600 1590 1573
f 1600 1573 787
f 1600 1569 1590
f 1601 1602 1591
f 1601 1591 745
f 1603 1574 1604
f 1603 745 1574
f 1603 1602 1601
f 1603 1601 745
f 1603 1604 1572
f 1605 1591 1602
f 1605 1602 1603
f 1605 1603 1572
f 1605 1572 1591
f 1606 1574 1592
f 1606 1592 1593
f 1607 1604 1574
f 1607 1593 788
f 1607 1574 1606
f 1607 1606 1593
f 1607 788 1572
f 1607 1572 1604
f 1608 1594 1575
f 1608 1576 1594
f 1608 1575 744
f 1608 744 1576
f 752 1611 23
f 752 1612 1611
f 752 757 1612
f 1609 23 22
f 1609 752 23
f 1610 22 21
f 1610 1609 22
f 747 21 20
f 747 1610 21
f 1613 26 25
f 24 1613 25
f 1614 1613 24
f 23 1614 24
f 1611 1614 23
f 1612 1614 1611
f 757 1614 1612
f 1615 713 1503
f 1617 1503 1504
f 1617 1504 721
f 1617 721 1457
f 1618 1457 1458
f 1618 1617 1457
f 1619 1617 1618
f 1619 1615 1503
f 1619 1503 1617
f 1620 1458 556
f 1620 1616 1615
f 1620 556 1616
f 1620 1618 1458
f 1620 1615 1619
f 1620 1619 1618
f 1621 16 15
f 14 1621 15
f 1622 1621 14
f 1623 14 13
f 1623 13 1505
f 1623 1505 1506
f 1623 1506 711
f 1623 711 1622
f 1623 1622 14
f 1626 1609 1610
f 1626 1610 747
f 1627 747 1555
f 1627 1626 747
f 1628 752 1609
f 1628 1624 752
f 1628 1626 1627
f 1628 1609 1626
f 1629 1625 1624
f 1629 1624 1628
f 1629 1627 1555
f 1629 1628 1627
f 1630 1555 1556
f 1630 1556 785
f 1630 785 1625
f 1630 1625 1629
f 1630 1629 1555
f 1631 4 9
f 1631 1632 1633
f 1634 7 551
f 1634 1632 7
f 1634 1633 1632
f 1635 758 4
f 1635 4 1631
f 1635 1631 1633
f 1635 1636 1637
f 1638 551 550
f 1638 550 758
f 1638 1636 551
f 1638 1637 1636
f 1639 758 1635
f 1639 1635 1637
f 1639 1638 758
f 1639 1637 1638
f 1640 1641 1642
f 1643 550 547
f 1643 1641 550
f 1643 1642 1641
f 1644 759 758
f 1644 758 1640
f 1644 1640 1642
f 1645 1646 1647
f 1648 759 1644
f 1648 1644 1647
f 1649 760 759
f 1649 759 1648
f 1649 1647 1646
f 1649 1648 1647
f 1650 547 854
f 1650 1646 1645
f 1650 1645 547
f 1651 854 853
f 1651 853 1652
f 1653 757 760
f 1653 760 1652
f 1653 1652 853
f 1654 1653 853
f 1654 1655 1653
f 1654 853 26
f 1654 26 1656
f 1654 1656 1655
f 1657 1653 1655
f 1657 1614 757
f 1657 757 1653
f 1657 1655 1656
f 1658 8 7
f 1658 9 8
f 1658 1631 9
f 1658 7 1632
f 1658 1632 1631
f 1659 1634 551
f 1659 1633 1634
f 1659 1635 1633
f 1660 1635 1659
f 1660 551 1636
f 1660 1659 551
f 1660 1636 1635
f 1661 1640 758
f 1661 550 1641
f 1661 758 550
f 1661 1641 1640
f 1662 1643 547
f 1662 1642 1643
f 1662 547 1644
f 1662 1644 1642
f 1663 1647 1644
f 1663 1644 547
f 1663 1645 1647
f 1663 547 1645
f 1664 1652 760
f 1664 1651 1652
f 1665 26 1613
f 1665 1613 1614
f 1665 1657 1656
f 1665 1656 26
f 1665 1614 1657
f 1666 1650 854
f 1666 1646 1650
f 1667 1666 854
f 1667 854 1651
f 1668 1646 1666
f 1668 1651 1664
f 1668 1666 1667
f 1668 1664 760
f 1668 760 1649
f 1668 1649 1646
f 1668 1667 1651
f 1671 552 7
f 1672 556 555
f 1673 1669 712
f 1674 712 716
f 1674 1673 712
f 1674 552 1671
f 1674 1671 1673
f 1675 1674 1676
f 1675 552 1674
f 1677 1676 1674
f 1677 1674 716
f 1678 553 552
f 1678 552 1675
f 1678 1675 1676
f 1679 1678 1680
f 1679 553 1678
f 1681 716 715
f 1681 1680 716
f 1682 1681 715
f 1682 1683 1681
f 1684 554 553
f 1684 1685 1683
f 1684 553 1685
f 1684 1683 1682
f 1686 1684 1687
f 1686 554 1684
f 1688 715 714
f 1688 1689 715
f 1688 1687 1689
f 1690 1688 1691
f 1692 1688 714
f 1692 1691 1688
f 1693 555 554
f 1693 1694 555
f 1693 554 1690
f 1693 1690 1691
f 1695 1696 714
f 1695 1694 1696
f 1695 714 713
f 1695 555 1694
f 1697 1698 1699
f 1697 1672 555
f 1697 1699 1672
f 1700 1698 1695
f 1700 1695 713
f 1701 1670 1669
f 1701 7 1670
f 1701 1669 1673
f 1701 1671 7
f 1701 1673 1671
f 1702 716 1680
f 1702 1680 1678
f 1702 1676 1677
f 1702 1677 716
f 1702 1678 1676
f 1703 553 1679
f 1703 1679 1680
f 1703 1680 1681
f 1704 1681 1683
f 1704 1683 1685
f 1705 1682 715
f 1705 1684 1682
f 1706 715 1689
f 1706 1684 1705
f 1706 1687 1684
f 1706 1705 715
f 1706 1689 1687
f 1707 1686 1687
f 1707 554 1686
f 1707 1687 1688
f 1708 554 1707
f 1708 1707 1688
f 1708 1690 554
f 1708 1688 1690
f 1709 1693 1691
f 1709 1691 1692
f 1710 1694 1693
f 1710 714 1696
f 1710 1696 1694
f 1711 1695 1698
f 1711 1698 1697
f 1711 1697 555
f 1711 555 1695
f 1712 1698 1700
f 1713 1712 1700
f 1713 1698 1712
f 1713 1699 1698
f 1713 1672 1699
f 1714 713 1615
f 1714 1615 1616
f 1714 1616 556
f 1714 1700 713
f 1714 1713 1700
f 1714 1672 1713
f 1714 556 1672
f 1715 1703 1681
f 1715 1704 1685
f 1715 1681 1704
f 1715 553 1703
f 1715 1685 553
f 1716 1710 1693
f 1716 1692 714
f 1716 1693 1709
f 1716 1709 1692
f 1716 714 1710
f 1719 678 677
f 1720 1721 1719
f 1720 1719 677
f 1720 1722 1721
f 1723 708 707
f 1723 707 1724
f 1723 1724 1722
f 1725 708 1723
f 1725 1723 1726
f 1727 677 676
f 1728 709 708
f 1728 1729 1730
f 1728 708 1729
f 1728 1730 1727
f 1731 709 1728
f 1731 1728 1732
f 1733 676 675
f 1733 1734 676
f 1733 1732 1734
f 1735 1733 1736
f 1737 1733 675
f 1737 1736 1733
f 1738 710 709
f 1738 1739 710
f 1738 709 1735
f 1738 1735 1736
f 1740 1739 1741
f 1740 675 674
f 1740 1741 675
f 1740 710 1739
f 1742 1740 1743
f 1742 710 1740
f 1742 1744 710
f 1742 1743 1744
f 1745 1740 674
f 1745 1743 1740
f 1746 674 16
f 1746 1745 674
f 1746 1743 1745
f 1746 16 1747
f 1746 1747 1744
f 1746 1744 1743
f 1748 16 1621
f 1748 1621 1622
f 1748 1622 711
f 1748 711 710
f 1748 710 1744
f 1748 1747 16
f 1748 1744 1747
f 1749 1717 678
f 1749 1718 1717
f 1749 707 1718
f 1749 1724 707
f 1749 678 1719
f 1750 1719 1721
f 1750 1724 1749
f 1750 1749 1719
f 1750 1721 1722
f 1751 1724 1750
f 1751 1750 1722
f 1751 1722 1724
f 1752 1723 1722
f 1752 1722 1720
f 1752 1720 677
f 1753 1752 677
f 1753 1723 1752
f 1753 1726 1723
f 1753 1754 1726
f 1753 677 1754
f 1755 1730 1729
f 1755 677 1727
f 1755 1726 1754
f 1755 1754 677
f 1755 1725 1726
f 1755 1727 1730
f 1756 1755 1729
f 1756 1725 1755
f 1756 1729 708
f 1756 708 1725
f 1757 1727 676
f 1757 1728 1727
f 1758 676 1734
f 1758 1728 1757
f 1758 1732 1728
f 1758 1757 676
f 1758 1734 1732
f 1759 709 1731
f 1759 1731 1732
f 1759 1732 1733
f 1760 709 1759
f 1760 1759 1733
f 1760 1735 709
f 1760 1733 1735
f 1761 1738 1736
f 1761 1736 1737
f 1762 1741 1739
f 1762 1739 1738
f 1762 675 1741
f 1763 1737 675
f 1763 1761 1737
f 1763 1762 1738
f 1763 675 1762
f 1763 1738 1761
f 1766 752 1624
f 1766 1624 1625
f 1766 1625 785
f 1766 753 752
f 1767 784 783
f 1767 783 1768
f 1767 1769 784
f 1767 1768 753
f 1767 1770 1769
f 1771 753 1766
f 1771 1767 753
f 1771 1770 1767
f 1772 1773 1774
f 1775 783 681
f 1775 1773 783
f 1775 1774 1773
f 1776 754 753
f 1776 753 1772
f 1776 1772 1774
f 1777 681 680
f 1777 1778 681
f 1777 1779 1778
f 1780 754 1776
f 1780 1776 1779
f 1780 1779 1777
f 1781 1777 680
f 1781 1782 1777
f 1783 755 754
f 1783 680 1784
f 1783 754 1785
f 1783 1785 1782
f 1783 1784 1786
f 1787 755 1783
f 1787 1783 1786
f 1788 755 1787
f 1788 680 679
f 1788 1784 680
f 1788 1787 1786
f 1788 1789 755
f 1788 679 1789
f 1788 1786 1784
f 1790 756 755
f 1790 755 1789
f 1790 1789 679
f 1791 679 678
f 1791 1790 679
f 1791 1792 1790
f 1791 678 1793
f 1791 1793 1792
f 1794 1790 1792
f 1794 1764 756
f 1794 756 1790
f 1794 1792 1793
f 1795 785 784
f 1795 1766 785
f 1796 1795 784
f 1796 1766 1795
f 1796 784 1769
f 1796 1769 1770
f 1796 1771 1766
f 1796 1770 1771
f 1797 783 1773
f 1797 1773 1772
f 1798 1774 1775
f 1798 1776 1774
f 1799 1779 1776
f 1799 681 1778
f 1799 1778 1779
f 1800 1780 1777
f 1800 754 1780
f 1801 1800 1777
f 1801 754 1800
f 1801 1777 1782
f 1801 1785 754
f 1801 1782 1785
f 1802 1783 1782
f 1802 1781 680
f 1802 680 1783
f 1802 1782 1781
f 1803 1765 1764
f 1803 678 1765
f 1803 1794 1793
f 1803 1764 1794
f 1803 1793 678
f 1804 1768 783
f 1804 1797 1772
f 1804 753 1768
f 1804 1772 753
f 1804 783 1797
f 1805 1799 1776
f 1805 1776 1798
f 1805 1798 1775
f 1805 681 1799
f 1805 1775 681
f 1670 7 6
f 1808 6 5
f 1808 1669 1670
f 1808 1670 6
f 1809 1808 5
f 1810 712 1669
f 1810 1808 1809
f 1810 1669 1808
f 1811 5 1
f 1811 1807 1806
f 1811 1 1807
f 1811 1809 5
f 1812 1806 712
f 1812 1809 1811
f 1812 712 1810
f 1812 1811 1806
f 1812 1810 1809
f 1717 1765 678
f 1815 756 1764
f 1815 1813 756
f 1815 1814 1813
f 1816 1764 1765
f 1816 1815 1764
f 1817 707 1814
f 1817 1814 1815
f 1817 1815 1816
f 1818 1816 1765
f 1818 1765 1717
f 1819 1717 1718
f 1819 1718 707
f 1819 1816 1818
f 1819 1818 1717
f 1819 1817 1816
f 1819 707 1817
f 707 712 1806
f 1814 1806 1807
f 1814 707 1806
f 1813 1807 1
f 1813 1814 1807
f 756 1 2
f 756 2 3
f 756 3 4
f 756 1813 1

