# https://github.com/mikedh/trimesh
v -0.00000000 25.40000000 -545.84259779
v -0.00000000 23.41880000 -545.84259779
v -0.00000000 23.41880000 -540.34259779
v -0.37445829 23.41880000 -540.36821144
v -0.74194112 23.41880000 -540.44457525
v -1.09560300 23.41880000 -540.57026671
v -1.42885586 23.41880000 -540.74294443
v -1.73549185 23.41880000 -540.95939174
v -2.00979890 23.41880000 -541.21557665
v -2.24666721 23.41880000 -541.50672690
v -2.44168435 23.41880000 -541.82741894
v -2.59121754 23.41880000 -542.17167886
v -2.69248124 23.41880000 -542.53309375
v -2.74358912 23.41880000 -542.90493115
v -2.74358912 23.41880000 -543.28026443
v -2.69248124 23.41880000 -543.65210183
v -2.59121754 23.41880000 -544.01351672
v -2.44168435 23.41880000 -544.35777664
v -2.24666721 23.41880000 -544.67846868
v -2.00979890 23.41880000 -544.96961893
v -1.73549185 23.41880000 -545.22580384
v -1.42885586 23.41880000 -545.44225115
v -1.09560300 23.41880000 -545.61492887
v -0.74194112 23.41880000 -545.74062033
v -0.37445829 23.41880000 -545.81698414
v -0.00000000 25.40000000 -540.34259779
v -0.37445829 25.40000000 -540.36821144
v -0.74194112 25.40000000 -540.44457525
v -1.09560300 25.40000000 -540.57026671
v -1.42885586 25.40000000 -540.74294443
v -1.73549185 25.40000000 -540.95939174
v -2.00979890 25.40000000 -541.21557665
v -2.24666721 25.40000000 -541.50672690
v -2.44168435 25.40000000 -541.82741894
v -2.59121754 25.40000000 -542.17167886
v -2.69248124 25.40000000 -542.53309375
v -2.74358912 25.40000000 -542.90493115
v -2.74358912 25.40000000 -543.28026443
v -2.69248124 25.40000000 -543.65210183
v -2.59121754 25.40000000 -544.01351672
v -2.44168435 25.40000000 -544.35777664
v -2.24666721 25.40000000 -544.67846868
v -2.00979890 25.40000000 -544.96961893
v -1.73549185 25.40000000 -545.22580384
v -1.42885586 25.40000000 -545.44225115
v -1.09560300 25.40000000 -545.61492887
v -0.74194112 25.40000000 -545.74062033
v -0.37445829 25.40000000 -545.81698414
v -0.00000000 25.40000000 540.34259779
v -0.00000000 23.41880000 540.34259779
v -0.00000000 23.41880000 545.84259779
v -0.37445829 23.41880000 545.81698414
v -0.74194112 23.41880000 545.74062033
v -1.09560300 23.41880000 545.61492887
v -1.42885586 23.41880000 545.44225115
v -1.73549185 23.41880000 545.22580384
v -2.00979890 23.41880000 544.96961893
v -2.24666721 23.41880000 544.67846868
v -2.44168435 23.41880000 544.35777664
v -2.59121754 23.41880000 544.01351672
v -2.69248124 23.41880000 543.65210183
v -2.74358912 23.41880000 543.28026443
v -2.74358912 23.41880000 542.90493115
v -2.69248124 23.41880000 542.53309375
v -2.59121754 23.41880000 542.17167886
v -2.44168435 23.41880000 541.82741894
v -2.24666721 23.41880000 541.50672690
v -2.00979890 23.41880000 541.21557665
v -1.73549185 23.41880000 540.95939174
v -1.42885586 23.41880000 540.74294443
v -1.09560300 23.41880000 540.57026671
v -0.74194112 23.41880000 540.44457525
v -0.37445829 23.41880000 540.36821144
v -0.00000000 25.40000000 545.84259779
v -0.37445829 25.40000000 545.81698414
v -0.74194112 25.40000000 545.74062033
v -1.09560300 25.40000000 545.61492887
v -1.42885586 25.40000000 545.44225115
v -1.73549185 25.40000000 545.22580384
v -2.00979890 25.40000000 544.96961893
v -2.24666721 25.40000000 544.67846868
v -2.44168435 25.40000000 544.35777664
v -2.59121754 25.40000000 544.01351672
v -2.69248124 25.40000000 543.65210183
v -2.74358912 25.40000000 543.28026443
v -2.74358912 25.40000000 542.90493115
v -2.69248124 25.40000000 542.53309375
v -2.59121754 25.40000000 542.17167886
v -2.44168435 25.40000000 541.82741894
v -2.24666721 25.40000000 541.50672690
v -2.00979890 25.40000000 541.21557665
v -1.73549185 25.40000000 540.95939174
v -1.42885586 25.40000000 540.74294443
v -1.09560300 25.40000000 540.57026671
v -0.74194112 25.40000000 540.44457525
v -0.37445829 25.40000000 540.36821144
v 13.25880000 25.40000000 301.62500000
v 13.25880000 23.41880000 301.62500000
v 13.25880000 23.41880000 307.97500000
v 12.82647089 23.41880000 307.94542788
v 12.40219525 23.41880000 307.85726239
v 11.99387654 23.41880000 307.71214588
v 11.60912096 23.41880000 307.51278161
v 11.25509578 23.41880000 307.26288335
v 10.93839581 23.41880000 306.96710623
v 10.66492059 23.41880000 306.63096002
v 10.43976443 23.41880000 306.26070649
v 10.26712157 23.41880000 305.86324277
v 10.15020802 23.41880000 305.44597284
v 10.09120166 23.41880000 305.01666966
v 10.09120166 23.41880000 304.58333034
v 10.15020802 23.41880000 304.15402716
v 10.26712157 23.41880000 303.73675723
v 10.43976443 23.41880000 303.33929351
v 10.66492059 23.41880000 302.96903998
v 10.93839581 23.41880000 302.63289377
v 11.25509578 23.41880000 302.33711665
v 11.60912096 23.41880000 302.08721839
v 11.99387654 23.41880000 301.88785412
v 12.40219525 23.41880000 301.74273761
v 12.82647089 23.41880000 301.65457212
v 13.25880000 25.40000000 307.97500000
v 12.82647089 25.40000000 307.94542788
v 12.40219525 25.40000000 307.85726239
v 11.99387654 25.40000000 307.71214588
v 11.60912096 25.40000000 307.51278161
v 11.25509578 25.40000000 307.26288335
v 10.93839581 25.40000000 306.96710623
v 10.66492059 25.40000000 306.63096002
v 10.43976443 25.40000000 306.26070649
v 10.26712157 25.40000000 305.86324277
v 10.15020802 25.40000000 305.44597284
v 10.09120166 25.40000000 305.01666966
v 10.09120166 25.40000000 304.58333034
v 10.15020802 25.40000000 304.15402716
v 10.26712157 25.40000000 303.73675723
v 10.43976443 25.40000000 303.33929351
v 10.66492059 25.40000000 302.96903998
v 10.93839581 25.40000000 302.63289377
v 11.25509578 25.40000000 302.33711665
v 11.60912096 25.40000000 302.08721839
v 11.99387654 25.40000000 301.88785412
v 12.40219525 25.40000000 301.74273761
v 12.82647089 25.40000000 301.65457212
v 13.25880000 25.40000000 -307.97500000
v 13.25880000 23.41880000 -307.97500000
v 13.25880000 23.41880000 -301.62500000
v 12.82647089 23.41880000 -301.65457212
v 12.40219525 23.41880000 -301.74273761
v 11.99387654 23.41880000 -301.88785412
v 11.60912096 23.41880000 -302.08721839
v 11.25509578 23.41880000 -302.33711665
v 10.93839581 23.41880000 -302.63289377
v 10.66492059 23.41880000 -302.96903998
v 10.43976443 23.41880000 -303.33929351
v 10.26712157 23.41880000 -303.73675723
v 10.15020802 23.41880000 -304.15402716
v 10.09120166 23.41880000 -304.58333034
v 10.09120166 23.41880000 -305.01666966
v 10.15020802 23.41880000 -305.44597284
v 10.26712157 23.41880000 -305.86324277
v 10.43976443 23.41880000 -306.26070649
v 10.66492059 23.41880000 -306.63096002
v 10.93839581 23.41880000 -306.96710623
v 11.25509578 23.41880000 -307.26288335
v 11.60912096 23.41880000 -307.51278161
v 11.99387654 23.41880000 -307.71214588
v 12.40219525 23.41880000 -307.85726239
v 12.82647089 23.41880000 -307.94542788
v 13.25880000 25.40000000 -301.62500000
v 12.82647089 25.40000000 -301.65457212
v 12.40219525 25.40000000 -301.74273761
v 11.99387654 25.40000000 -301.88785412
v 11.60912096 25.40000000 -302.08721839
v 11.25509578 25.40000000 -302.33711665
v 10.93839581 25.40000000 -302.63289377
v 10.66492059 25.40000000 -302.96903998
v 10.43976443 25.40000000 -303.33929351
v 10.26712157 25.40000000 -303.73675723
v 10.15020802 25.40000000 -304.15402716
v 10.09120166 25.40000000 -304.58333034
v 10.09120166 25.40000000 -305.01666966
v 10.15020802 25.40000000 -305.44597284
v 10.26712157 25.40000000 -305.86324277
v 10.43976443 25.40000000 -306.26070649
v 10.66492059 25.40000000 -306.63096002
v 10.93839581 25.40000000 -306.96710623
v 11.25509578 25.40000000 -307.26288335
v 11.60912096 25.40000000 -307.51278161
v 11.99387654 25.40000000 -307.71214588
v 12.40219525 25.40000000 -307.85726239
v 12.82647089 25.40000000 -307.94542788
v 13.25880000 25.40000000 -3.17500000
v 13.25880000 23.41880000 -3.17500000
v 13.25880000 23.41880000 3.17500000
v 12.82647089 23.41880000 3.14542788
v 12.40219525 23.41880000 3.05726239
v 11.99387654 23.41880000 2.91214588
v 11.60912096 23.41880000 2.71278161
v 11.25509578 23.41880000 2.46288335
v 10.93839581 23.41880000 2.16710623
v 10.66492059 23.41880000 1.83096002
v 10.43976443 23.41880000 1.46070649
v 10.26712157 23.41880000 1.06324277
v 10.15020802 23.41880000 0.64597284
v 10.09120166 23.41880000 0.21666966
v 10.09120166 23.41880000 -0.21666966
v 10.15020802 23.41880000 -0.64597284
v 10.26712157 23.41880000 -1.06324277
v 10.43976443 23.41880000 -1.46070649
v 10.66492059 23.41880000 -1.83096002
v 10.93839581 23.41880000 -2.16710623
v 11.25509578 23.41880000 -2.46288335
v 11.60912096 23.41880000 -2.71278161
v 11.99387654 23.41880000 -2.91214588
v 12.40219525 23.41880000 -3.05726239
v 12.82647089 23.41880000 -3.14542788
v 13.25880000 25.40000000 3.17500000
v 12.82647089 25.40000000 3.14542788
v 12.40219525 25.40000000 3.05726239
v 11.99387654 25.40000000 2.91214588
v 11.60912096 25.40000000 2.71278161
v 11.25509578 25.40000000 2.46288335
v 10.93839581 25.40000000 2.16710623
v 10.66492059 25.40000000 1.83096002
v 10.43976443 25.40000000 1.46070649
v 10.26712157 25.40000000 1.06324277
v 10.15020802 25.40000000 0.64597284
v 10.09120166 25.40000000 0.21666966
v 10.09120166 25.40000000 -0.21666966
v 10.15020802 25.40000000 -0.64597284
v 10.26712157 25.40000000 -1.06324277
v 10.43976443 25.40000000 -1.46070649
v 10.66492059 25.40000000 -1.83096002
v 10.93839581 25.40000000 -2.16710623
v 11.25509578 25.40000000 -2.46288335
v 11.60912096 25.40000000 -2.71278161
v 11.99387654 25.40000000 -2.91214588
v 12.40219525 25.40000000 -3.05726239
v 12.82647089 25.40000000 -3.14542788
v -0.00000000 -23.41880000 -545.84259779
v -0.00000000 -25.40000000 -545.84259779
v -0.37445829 -25.40000000 -545.81698414
v -0.74194112 -25.40000000 -545.74062033
v -1.09560300 -25.40000000 -545.61492887
v -1.42885586 -25.40000000 -545.44225115
v -1.73549185 -25.40000000 -545.22580384
v -2.00979890 -25.40000000 -544.96961893
v -2.24666721 -25.40000000 -544.67846868
v -2.44168435 -25.40000000 -544.35777664
v -2.59121754 -25.40000000 -544.01351672
v -2.69248124 -25.40000000 -543.65210183
v -2.74358912 -25.40000000 -543.28026443
v -2.74358912 -25.40000000 -542.90493115
v -2.69248124 -25.40000000 -542.53309375
v -2.59121754 -25.40000000 -542.17167886
v -2.44168435 -25.40000000 -541.82741894
v -2.24666721 -25.40000000 -541.50672690
v -2.00979890 -25.40000000 -541.21557665
v -1.73549185 -25.40000000 -540.95939174
v -1.42885586 -25.40000000 -540.74294443
v -1.09560300 -25.40000000 -540.57026671
v -0.74194112 -25.40000000 -540.44457525
v -0.37445829 -25.40000000 -540.36821144
v -0.00000000 -25.40000000 -540.34259779
v -0.00000000 -23.41880000 -540.34259779
v -0.37445829 -23.41880000 -545.81698414
v -0.74194112 -23.41880000 -545.74062033
v -1.09560300 -23.41880000 -545.61492887
v -1.42885586 -23.41880000 -545.44225115
v -1.73549185 -23.41880000 -545.22580384
v -2.00979890 -23.41880000 -544.96961893
v -2.24666721 -23.41880000 -544.67846868
v -2.44168435 -23.41880000 -544.35777664
v -2.59121754 -23.41880000 -544.01351672
v -2.69248124 -23.41880000 -543.65210183
v -2.74358912 -23.41880000 -543.28026443
v -2.74358912 -23.41880000 -542.90493115
v -2.69248124 -23.41880000 -542.53309375
v -2.59121754 -23.41880000 -542.17167886
v -2.44168435 -23.41880000 -541.82741894
v -2.24666721 -23.41880000 -541.50672690
v -2.00979890 -23.41880000 -541.21557665
v -1.73549185 -23.41880000 -540.95939174
v -1.42885586 -23.41880000 -540.74294443
v -1.09560300 -23.41880000 -540.57026671
v -0.74194112 -23.41880000 -540.44457525
v -0.37445829 -23.41880000 -540.36821144
v -0.00000000 -23.41880000 540.34259779
v -0.00000000 -25.40000000 540.34259779
v -0.37445829 -25.40000000 540.36821144
v -0.74194112 -25.40000000 540.44457525
v -1.09560300 -25.40000000 540.57026671
v -1.42885586 -25.40000000 540.74294443
v -1.73549185 -25.40000000 540.95939174
v -2.00979890 -25.40000000 541.21557665
v -2.24666721 -25.40000000 541.50672690
v -2.44168435 -25.40000000 541.82741894
v -2.59121754 -25.40000000 542.17167886
v -2.69248124 -25.40000000 542.53309375
v -2.74358912 -25.40000000 542.90493115
v -2.74358912 -25.40000000 543.28026443
v -2.69248124 -25.40000000 543.65210183
v -2.59121754 -25.40000000 544.01351672
v -2.44168435 -25.40000000 544.35777664
v -2.24666721 -25.40000000 544.67846868
v -2.00979890 -25.40000000 544.96961893
v -1.73549185 -25.40000000 545.22580384
v -1.42885586 -25.40000000 545.44225115
v -1.09560300 -25.40000000 545.61492887
v -0.74194112 -25.40000000 545.74062033
v -0.37445829 -25.40000000 545.81698414
v -0.00000000 -25.40000000 545.84259779
v -0.00000000 -23.41880000 545.84259779
v -0.37445829 -23.41880000 540.36821144
v -0.74194112 -23.41880000 540.44457525
v -1.09560300 -23.41880000 540.57026671
v -1.42885586 -23.41880000 540.74294443
v -1.73549185 -23.41880000 540.95939174
v -2.00979890 -23.41880000 541.21557665
v -2.24666721 -23.41880000 541.50672690
v -2.44168435 -23.41880000 541.82741894
v -2.59121754 -23.41880000 542.17167886
v -2.69248124 -23.41880000 542.53309375
v -2.74358912 -23.41880000 542.90493115
v -2.74358912 -23.41880000 543.28026443
v -2.69248124 -23.41880000 543.65210183
v -2.59121754 -23.41880000 544.01351672
v -2.44168435 -23.41880000 544.35777664
v -2.24666721 -23.41880000 544.67846868
v -2.00979890 -23.41880000 544.96961893
v -1.73549185 -23.41880000 545.22580384
v -1.42885586 -23.41880000 545.44225115
v -1.09560300 -23.41880000 545.61492887
v -0.74194112 -23.41880000 545.74062033
v -0.37445829 -23.41880000 545.81698414
v 13.25880000 -23.41880000 301.62500000
v 13.25880000 -25.40000000 301.62500000
v 12.82647089 -25.40000000 301.65457212
v 12.40219525 -25.40000000 301.74273761
v 11.99387654 -25.40000000 301.88785412
v 11.60912096 -25.40000000 302.08721839
v 11.25509578 -25.40000000 302.33711665
v 10.93839581 -25.40000000 302.63289377
v 10.66492059 -25.40000000 302.96903998
v 10.43976443 -25.40000000 303.33929351
v 10.26712157 -25.40000000 303.73675723
v 10.15020802 -25.40000000 304.15402716
v 10.09120166 -25.40000000 304.58333034
v 10.09120166 -25.40000000 305.01666966
v 10.15020802 -25.40000000 305.44597284
v 10.26712157 -25.40000000 305.86324277
v 10.43976443 -25.40000000 306.26070649
v 10.66492059 -25.40000000 306.63096002
v 10.93839581 -25.40000000 306.96710623
v 11.25509578 -25.40000000 307.26288335
v 11.60912096 -25.40000000 307.51278161
v 11.99387654 -25.40000000 307.71214588
v 12.40219525 -25.40000000 307.85726239
v 12.82647089 -25.40000000 307.94542788
v 13.25880000 -25.40000000 307.97500000
v 13.25880000 -23.41880000 307.97500000
v 12.82647089 -23.41880000 301.65457212
v 12.40219525 -23.41880000 301.74273761
v 11.99387654 -23.41880000 301.88785412
v 11.60912096 -23.41880000 302.08721839
v 11.25509578 -23.41880000 302.33711665
v 10.93839581 -23.41880000 302.63289377
v 10.66492059 -23.41880000 302.96903998
v 10.43976443 -23.41880000 303.33929351
v 10.26712157 -23.41880000 303.73675723
v 10.15020802 -23.41880000 304.15402716
v 10.09120166 -23.41880000 304.58333034
v 10.09120166 -23.41880000 305.01666966
v 10.15020802 -23.41880000 305.44597284
v 10.26712157 -23.41880000 305.86324277
v 10.43976443 -23.41880000 306.26070649
v 10.66492059 -23.41880000 306.63096002
v 10.93839581 -23.41880000 306.96710623
v 11.25509578 -23.41880000 307.26288335
v 11.60912096 -23.41880000 307.51278161
v 11.99387654 -23.41880000 307.71214588
v 12.40219525 -23.41880000 307.85726239
v 12.82647089 -23.41880000 307.94542788
v 13.25880000 -23.41880000 -307.97500000
v 13.25880000 -25.40000000 -307.97500000
v 12.82647089 -25.40000000 -307.94542788
v 12.40219525 -25.40000000 -307.85726239
v 11.99387654 -25.40000000 -307.71214588
v 11.60912096 -25.40000000 -307.51278161
v 11.25509578 -25.40000000 -307.26288335
v 10.93839581 -25.40000000 -306.96710623
v 10.66492059 -25.40000000 -306.63096002
v 10.43976443 -25.40000000 -306.26070649
v 10.26712157 -25.40000000 -305.86324277
v 10.15020802 -25.40000000 -305.44597284
v 10.09120166 -25.40000000 -305.01666966
v 10.09120166 -25.40000000 -304.58333034
v 10.15020802 -25.40000000 -304.15402716
v 10.26712157 -25.40000000 -303.73675723
v 10.43976443 -25.40000000 -303.33929351
v 10.66492059 -25.40000000 -302.96903998
v 10.93839581 -25.40000000 -302.63289377
v 11.25509578 -25.40000000 -302.33711665
v 11.60912096 -25.40000000 -302.08721839
v 11.99387654 -25.40000000 -301.88785412
v 12.40219525 -25.40000000 -301.74273761
v 12.82647089 -25.40000000 -301.65457212
v 13.25880000 -25.40000000 -301.62500000
v 13.25880000 -23.41880000 -301.62500000
v 12.82647089 -23.41880000 -307.94542788
v 12.40219525 -23.41880000 -307.85726239
v 11.99387654 -23.41880000 -307.71214588
v 11.60912096 -23.41880000 -307.51278161
v 11.25509578 -23.41880000 -307.26288335
v 10.93839581 -23.41880000 -306.96710623
v 10.66492059 -23.41880000 -306.63096002
v 10.43976443 -23.41880000 -306.26070649
v 10.26712157 -23.41880000 -305.86324277
v 10.15020802 -23.41880000 -305.44597284
v 10.09120166 -23.41880000 -305.01666966
v 10.09120166 -23.41880000 -304.58333034
v 10.15020802 -23.41880000 -304.15402716
v 10.26712157 -23.41880000 -303.73675723
v 10.43976443 -23.41880000 -303.33929351
v 10.66492059 -23.41880000 -302.96903998
v 10.93839581 -23.41880000 -302.63289377
v 11.25509578 -23.41880000 -302.33711665
v 11.60912096 -23.41880000 -302.08721839
v 11.99387654 -23.41880000 -301.88785412
v 12.40219525 -23.41880000 -301.74273761
v 12.82647089 -23.41880000 -301.65457212
v 13.25880000 -23.41880000 -3.17500000
v 13.25880000 -25.40000000 -3.17500000
v 12.82647089 -25.40000000 -3.14542788
v 12.40219525 -25.40000000 -3.05726239
v 11.99387654 -25.40000000 -2.91214588
v 11.60912096 -25.40000000 -2.71278161
v 11.25509578 -25.40000000 -2.46288335
v 10.93839581 -25.40000000 -2.16710623
v 10.66492059 -25.40000000 -1.83096002
v 10.43976443 -25.40000000 -1.46070649
v 10.26712157 -25.40000000 -1.06324277
v 10.15020802 -25.40000000 -0.64597284
v 10.09120166 -25.40000000 -0.21666966
v 10.09120166 -25.40000000 0.21666966
v 10.15020802 -25.40000000 0.64597284
v 10.26712157 -25.40000000 1.06324277
v 10.43976443 -25.40000000 1.46070649
v 10.66492059 -25.40000000 1.83096002
v 10.93839581 -25.40000000 2.16710623
v 11.25509578 -25.40000000 2.46288335
v 11.60912096 -25.40000000 2.71278161
v 11.99387654 -25.40000000 2.91214588
v 12.40219525 -25.40000000 3.05726239
v 12.82647089 -25.40000000 3.14542788
v 13.25880000 -25.40000000 3.17500000
v 13.25880000 -23.41880000 3.17500000
v 12.82647089 -23.41880000 -3.14542788
v 12.40219525 -23.41880000 -3.05726239
v 11.99387654 -23.41880000 -2.91214588
v 11.60912096 -23.41880000 -2.71278161
v 11.25509578 -23.41880000 -2.46288335
v 10.93839581 -23.41880000 -2.16710623
v 10.66492059 -23.41880000 -1.83096002
v 10.43976443 -23.41880000 -1.46070649
v 10.26712157 -23.41880000 -1.06324277
v 10.15020802 -23.41880000 -0.64597284
v 10.09120166 -23.41880000 -0.21666966
v 10.09120166 -23.41880000 0.21666966
v 10.15020802 -23.41880000 0.64597284
v 10.26712157 -23.41880000 1.06324277
v 10.43976443 -23.41880000 1.46070649
v 10.66492059 -23.41880000 1.83096002
v 10.93839581 -23.41880000 2.16710623
v 11.25509578 -23.41880000 2.46288335
v 11.60912096 -23.41880000 2.71278161
v 11.99387654 -23.41880000 2.91214588
v 12.40219525 -23.41880000 3.05726239
v 12.82647089 -23.41880000 3.14542788
v -25.40000000 -9.70280000 -320.25000000
v -23.41880000 -9.70280000 -320.25000000
v -23.41880000 -9.70280000 -314.75000000
v -23.41880000 -10.07725828 -314.77561365
v -23.41880000 -10.44474112 -314.85197746
v -23.41880000 -10.79840300 -314.97766892
v -23.41880000 -11.13165586 -315.15034664
v -23.41880000 -11.43829185 -315.36679395
v -23.41880000 -11.71259890 -315.62297886
v -23.41880000 -11.94946721 -315.91412911
v -23.41880000 -12.14448435 -316.23482115
v -23.41880000 -12.29401754 -316.57908107
v -23.41880000 -12.39528124 -316.94049596
v -23.41880000 -12.44638912 -317.31233336
v -23.41880000 -12.44638912 -317.68766664
v -23.41880000 -12.39528124 -318.05950404
v -23.41880000 -12.29401754 -318.42091893
v -23.41880000 -12.14448435 -318.76517885
v -23.41880000 -11.94946721 -319.08587089
v -23.41880000 -11.71259890 -319.37702114
v -23.41880000 -11.43829185 -319.63320605
v -23.41880000 -11.13165586 -319.84965336
v -23.41880000 -10.79840300 -320.02233108
v -23.41880000 -10.44474112 -320.14802254
v -23.41880000 -10.07725828 -320.22438635
v -25.40000000 -9.70280000 -314.75000000
v -25.40000000 -10.07725828 -314.77561365
v -25.40000000 -10.44474112 -314.85197746
v -25.40000000 -10.79840300 -314.97766892
v -25.40000000 -11.13165586 -315.15034664
v -25.40000000 -11.43829185 -315.36679395
v -25.40000000 -11.71259890 -315.62297886
v -25.40000000 -11.94946721 -315.91412911
v -25.40000000 -12.14448435 -316.23482115
v -25.40000000 -12.29401754 -316.57908107
v -25.40000000 -12.39528124 -316.94049596
v -25.40000000 -12.44638912 -317.31233336
v -25.40000000 -12.44638912 -317.68766664
v -25.40000000 -12.39528124 -318.05950404
v -25.40000000 -12.29401754 -318.42091893
v -25.40000000 -12.14448435 -318.76517885
v -25.40000000 -11.94946721 -319.08587089
v -25.40000000 -11.71259890 -319.37702114
v -25.40000000 -11.43829185 -319.63320605
v -25.40000000 -11.13165586 -319.84965336
v -25.40000000 -10.79840300 -320.02233108
v -25.40000000 -10.44474112 -320.14802254
v -25.40000000 -10.07725828 -320.22438635
v -25.40000000 -9.70280000 -15.45000000
v -23.41880000 -9.70280000 -15.45000000
v -23.41880000 -9.70280000 -9.95000000
v -23.41880000 -10.07725829 -9.97561365
v -23.41880000 -10.44474112 -10.05197746
v -23.41880000 -10.79840300 -10.17766892
v -23.41880000 -11.13165586 -10.35034664
v -23.41880000 -11.43829185 -10.56679395
v -23.41880000 -11.71259890 -10.82297886
v -23.41880000 -11.94946721 -11.11412911
v -23.41880000 -12.14448435 -11.43482115
v -23.41880000 -12.29401754 -11.77908107
v -23.41880000 -12.39528124 -12.14049596
v -23.41880000 -12.44638912 -12.51233336
v -23.41880000 -12.44638912 -12.88766664
v -23.41880000 -12.39528124 -13.25950404
v -23.41880000 -12.29401754 -13.62091893
v -23.41880000 -12.14448435 -13.96517885
v -23.41880000 -11.94946721 -14.28587089
v -23.41880000 -11.71259890 -14.57702114
v -23.41880000 -11.43829185 -14.83320605
v -23.41880000 -11.13165586 -15.04965336
v -23.41880000 -10.79840300 -15.22233108
v -23.41880000 -10.44474112 -15.34802254
v -23.41880000 -10.07725829 -15.42438635
v -25.40000000 -9.70280000 -9.95000000
v -25.40000000 -10.07725829 -9.97561365
v -25.40000000 -10.44474112 -10.05197746
v -25.40000000 -10.79840300 -10.17766892
v -25.40000000 -11.13165586 -10.35034664
v -25.40000000 -11.43829185 -10.56679395
v -25.40000000 -11.71259890 -10.82297886
v -25.40000000 -11.94946721 -11.11412911
v -25.40000000 -12.14448435 -11.43482115
v -25.40000000 -12.29401754 -11.77908107
v -25.40000000 -12.39528124 -12.14049596
v -25.40000000 -12.44638912 -12.51233336
v -25.40000000 -12.44638912 -12.88766664
v -25.40000000 -12.39528124 -13.25950404
v -25.40000000 -12.29401754 -13.62091893
v -25.40000000 -12.14448435 -13.96517885
v -25.40000000 -11.94946721 -14.28587089
v -25.40000000 -11.71259890 -14.57702114
v -25.40000000 -11.43829185 -14.83320605
v -25.40000000 -11.13165586 -15.04965336
v -25.40000000 -10.79840300 -15.22233108
v -25.40000000 -10.44474112 -15.34802254
v -25.40000000 -10.07725829 -15.42438635
v -25.40000000 -9.70280000 314.75000000
v -23.41880000 -9.70280000 314.75000000
v -23.41880000 -9.70280000 320.25000000
v -23.41880000 -10.07725829 320.22438635
v -23.41880000 -10.44474112 320.14802254
v -23.41880000 -10.79840300 320.02233108
v -23.41880000 -11.13165586 319.84965336
v -23.41880000 -11.43829185 319.63320605
v -23.41880000 -11.71259890 319.37702114
v -23.41880000 -11.94946721 319.08587089
v -23.41880000 -12.14448435 318.76517885
v -23.41880000 -12.29401754 318.42091893
v -23.41880000 -12.39528124 318.05950404
v -23.41880000 -12.44638912 317.68766664
v -23.41880000 -12.44638912 317.31233336
v -23.41880000 -12.39528124 316.94049596
v -23.41880000 -12.29401754 316.57908107
v -23.41880000 -12.14448435 316.23482115
v -23.41880000 -11.94946721 315.91412911
v -23.41880000 -11.71259890 315.62297886
v -23.41880000 -11.43829185 315.36679395
v -23.41880000 -11.13165586 315.15034664
v -23.41880000 -10.79840300 314.97766892
v -23.41880000 -10.44474112 314.85197746
v -23.41880000 -10.07725829 314.77561365
v -25.40000000 -9.70280000 320.25000000
v -25.40000000 -10.07725829 320.22438635
v -25.40000000 -10.44474112 320.14802254
v -25.40000000 -10.79840300 320.02233108
v -25.40000000 -11.13165586 319.84965336
v -25.40000000 -11.43829185 319.63320605
v -25.40000000 -11.71259890 319.37702114
v -25.40000000 -11.94946721 319.08587089
v -25.40000000 -12.14448435 318.76517885
v -25.40000000 -12.29401754 318.42091893
v -25.40000000 -12.39528124 318.05950404
v -25.40000000 -12.44638912 317.68766664
v -25.40000000 -12.44638912 317.31233336
v -25.40000000 -12.39528124 316.94049596
v -25.40000000 -12.29401754 316.57908107
v -25.40000000 -12.14448435 316.23482115
v -25.40000000 -11.94946721 315.91412911
v -25.40000000 -11.71259890 315.62297886
v -25.40000000 -11.43829185 315.36679395
v -25.40000000 -11.13165586 315.15034664
v -25.40000000 -10.79840300 314.97766892
v -25.40000000 -10.44474112 314.85197746
v -25.40000000 -10.07725829 314.77561365
v -25.40000000 -9.70280000 289.35000000
v -23.41880000 -9.70280000 289.35000000
v -23.41880000 -9.70280000 294.85000000
v -23.41880000 -10.07725829 294.82438635
v -23.41880000 -10.44474112 294.74802254
v -23.41880000 -10.79840300 294.62233108
v -23.41880000 -11.13165586 294.44965336
v -23.41880000 -11.43829185 294.23320605
v -23.41880000 -11.71259890 293.97702114
v -23.41880000 -11.94946721 293.68587089
v -23.41880000 -12.14448435 293.36517885
v -23.41880000 -12.29401754 293.02091893
v -23.41880000 -12.39528124 292.65950404
v -23.41880000 -12.44638912 292.28766664
v -23.41880000 -12.44638912 291.91233336
v -23.41880000 -12.39528124 291.54049596
v -23.41880000 -12.29401754 291.17908107
v -23.41880000 -12.14448435 290.83482115
v -23.41880000 -11.94946721 290.51412911
v -23.41880000 -11.71259890 290.22297886
v -23.41880000 -11.43829185 289.96679395
v -23.41880000 -11.13165586 289.75034664
v -23.41880000 -10.79840300 289.57766892
v -23.41880000 -10.44474112 289.45197746
v -23.41880000 -10.07725829 289.37561365
v -25.40000000 -9.70280000 294.85000000
v -25.40000000 -10.07725829 294.82438635
v -25.40000000 -10.44474112 294.74802254
v -25.40000000 -10.79840300 294.62233108
v -25.40000000 -11.13165586 294.44965336
v -25.40000000 -11.43829185 294.23320605
v -25.40000000 -11.71259890 293.97702114
v -25.40000000 -11.94946721 293.68587089
v -25.40000000 -12.14448435 293.36517885
v -25.40000000 -12.29401754 293.02091893
v -25.40000000 -12.39528124 292.65950404
v -25.40000000 -12.44638912 292.28766664
v -25.40000000 -12.44638912 291.91233336
v -25.40000000 -12.39528124 291.54049596
v -25.40000000 -12.29401754 291.17908107
v -25.40000000 -12.14448435 290.83482115
v -25.40000000 -11.94946721 290.51412911
v -25.40000000 -11.71259890 290.22297886
v -25.40000000 -11.43829185 289.96679395
v -25.40000000 -11.13165586 289.75034664
v -25.40000000 -10.79840300 289.57766892
v -25.40000000 -10.44474112 289.45197746
v -25.40000000 -10.07725829 289.37561365
v -25.40000000 -9.70280000 -294.85000000
v -23.41880000 -9.70280000 -294.85000000
v -23.41880000 -9.70280000 -289.35000000
v -23.41880000 -10.07725828 -289.37561365
v -23.41880000 -10.44474112 -289.45197746
v -23.41880000 -10.79840300 -289.57766892
v -23.41880000 -11.13165586 -289.75034664
v -23.41880000 -11.43829185 -289.96679395
v -23.41880000 -11.71259890 -290.22297886
v -23.41880000 -11.94946721 -290.51412911
v -23.41880000 -12.14448435 -290.83482115
v -23.41880000 -12.29401754 -291.17908107
v -23.41880000 -12.39528124 -291.54049596
v -23.41880000 -12.44638912 -291.91233336
v -23.41880000 -12.44638912 -292.28766664
v -23.41880000 -12.39528124 -292.65950404
v -23.41880000 -12.29401754 -293.02091893
v -23.41880000 -12.14448435 -293.36517885
v -23.41880000 -11.94946721 -293.68587089
v -23.41880000 -11.71259890 -293.97702114
v -23.41880000 -11.43829185 -294.23320605
v -23.41880000 -11.13165586 -294.44965336
v -23.41880000 -10.79840300 -294.62233108
v -23.41880000 -10.44474112 -294.74802254
v -23.41880000 -10.07725828 -294.82438635
v -25.40000000 -9.70280000 -289.35000000
v -25.40000000 -10.07725828 -289.37561365
v -25.40000000 -10.44474112 -289.45197746
v -25.40000000 -10.79840300 -289.57766892
v -25.40000000 -11.13165586 -289.75034664
v -25.40000000 -11.43829185 -289.96679395
v -25.40000000 -11.71259890 -290.22297886
v -25.40000000 -11.94946721 -290.51412911
v -25.40000000 -12.14448435 -290.83482115
v -25.40000000 -12.29401754 -291.17908107
v -25.40000000 -12.39528124 -291.54049596
v -25.40000000 -12.44638912 -291.91233336
v -25.40000000 -12.44638912 -292.28766664
v -25.40000000 -12.39528124 -292.65950404
v -25.40000000 -12.29401754 -293.02091893
v -25.40000000 -12.14448435 -293.36517885
v -25.40000000 -11.94946721 -293.68587089
v -25.40000000 -11.71259890 -293.97702114
v -25.40000000 -11.43829185 -294.23320605
v -25.40000000 -11.13165586 -294.44965336
v -25.40000000 -10.79840300 -294.62233108
v -25.40000000 -10.44474112 -294.74802254
v -25.40000000 -10.07725828 -294.82438635
v -25.40000000 -9.70280000 9.95000000
v -23.41880000 -9.70280000 9.95000000
v -23.41880000 -9.70280000 15.45000000
v -23.41880000 -10.07725829 15.42438635
v -23.41880000 -10.44474112 15.34802254
v -23.41880000 -10.79840300 15.22233108
v -23.41880000 -11.13165586 15.04965336
v -23.41880000 -11.43829185 14.83320605
v -23.41880000 -11.71259890 14.57702114
v -23.41880000 -11.94946721 14.28587089
v -23.41880000 -12.14448435 13.96517885
v -23.41880000 -12.29401754 13.62091893
v -23.41880000 -12.39528124 13.25950404
v -23.41880000 -12.44638912 12.88766664
v -23.41880000 -12.44638912 12.51233336
v -23.41880000 -12.39528124 12.14049596
v -23.41880000 -12.29401754 11.77908107
v -23.41880000 -12.14448435 11.43482115
v -23.41880000 -11.94946721 11.11412911
v -23.41880000 -11.71259890 10.82297886
v -23.41880000 -11.43829185 10.56679395
v -23.41880000 -11.13165586 10.35034664
v -23.41880000 -10.79840300 10.17766892
v -23.41880000 -10.44474112 10.05197746
v -23.41880000 -10.07725829 9.97561365
v -25.40000000 -9.70280000 15.45000000
v -25.40000000 -10.07725829 15.42438635
v -25.40000000 -10.44474112 15.34802254
v -25.40000000 -10.79840300 15.22233108
v -25.40000000 -11.13165586 15.04965336
v -25.40000000 -11.43829185 14.83320605
v -25.40000000 -11.71259890 14.57702114
v -25.40000000 -11.94946721 14.28587089
v -25.40000000 -12.14448435 13.96517885
v -25.40000000 -12.29401754 13.62091893
v -25.40000000 -12.39528124 13.25950404
v -25.40000000 -12.44638912 12.88766664
v -25.40000000 -12.44638912 12.51233336
v -25.40000000 -12.39528124 12.14049596
v -25.40000000 -12.29401754 11.77908107
v -25.40000000 -12.14448435 11.43482115
v -25.40000000 -11.94946721 11.11412911
v -25.40000000 -11.71259890 10.82297886
v -25.40000000 -11.43829185 10.56679395
v -25.40000000 -11.13165586 10.35034664
v -25.40000000 -10.79840300 10.17766892
v -25.40000000 -10.44474112 10.05197746
v -25.40000000 -10.07725829 9.97561365
v 23.41880000 -9.70280000 -320.25000000
v 25.40000000 -9.70280000 -320.25000000
v 25.40000000 -9.70280000 -314.75000000
v 25.40000000 -10.07725828 -314.77561365
v 25.40000000 -10.44474112 -314.85197746
v 25.40000000 -10.79840300 -314.97766892
v 25.40000000 -11.13165586 -315.15034664
v 25.40000000 -11.43829185 -315.36679395
v 25.40000000 -11.71259890 -315.62297886
v 25.40000000 -11.94946721 -315.91412911
v 25.40000000 -12.14448435 -316.23482115
v 25.40000000 -12.29401754 -316.57908107
v 25.40000000 -12.39528124 -316.94049596
v 25.40000000 -12.44638912 -317.31233336
v 25.40000000 -12.44638912 -317.68766664
v 25.40000000 -12.39528124 -318.05950404
v 25.40000000 -12.29401754 -318.42091893
v 25.40000000 -12.14448435 -318.76517885
v 25.40000000 -11.94946721 -319.08587089
v 25.40000000 -11.71259890 -319.37702114
v 25.40000000 -11.43829185 -319.63320605
v 25.40000000 -11.13165586 -319.84965336
v 25.40000000 -10.79840300 -320.02233108
v 25.40000000 -10.44474112 -320.14802254
v 25.40000000 -10.07725828 -320.22438635
v 23.41880000 -9.70280000 -314.75000000
v 23.41880000 -10.07725828 -320.22438635
v 23.41880000 -10.44474112 -320.14802254
v 23.41880000 -10.79840300 -320.02233108
v 23.41880000 -11.13165586 -319.84965336
v 23.41880000 -11.43829185 -319.63320605
v 23.41880000 -11.71259890 -319.37702114
v 23.41880000 -11.94946721 -319.08587089
v 23.41880000 -12.14448435 -318.76517885
v 23.41880000 -12.29401754 -318.42091893
v 23.41880000 -12.39528124 -318.05950404
v 23.41880000 -12.44638912 -317.68766664
v 23.41880000 -12.44638912 -317.31233336
v 23.41880000 -12.39528124 -316.94049596
v 23.41880000 -12.29401754 -316.57908107
v 23.41880000 -12.14448435 -316.23482115
v 23.41880000 -11.94946721 -315.91412911
v 23.41880000 -11.71259890 -315.62297886
v 23.41880000 -11.43829185 -315.36679395
v 23.41880000 -11.13165586 -315.15034664
v 23.41880000 -10.79840300 -314.97766892
v 23.41880000 -10.44474112 -314.85197746
v 23.41880000 -10.07725828 -314.77561365
v 23.41880000 -9.70280000 -15.45000000
v 25.40000000 -9.70280000 -15.45000000
v 25.40000000 -12.30064302 -13.60205967
v 25.40000000 -12.15260787 -13.94937640
v 25.40000000 -11.95839702 -14.27314401
v 25.40000000 -11.72167109 -14.56725990
v 25.40000000 -11.44689206 -14.82618035
v 25.40000000 -11.13923915 -15.04502507
v 25.40000000 -10.80451123 -15.21966910
v 25.40000000 -10.44901749 -15.34682063
v 25.40000000 -10.07945850 -15.42408303
v 25.40000000 -9.70280000 -9.95000000
v 25.40000000 -10.07584373 -9.97541960
v 25.40000000 -10.44199101 -10.05120845
v 25.40000000 -10.79447287 -10.17596546
v 25.40000000 -11.12677301 -10.34738425
v 25.40000000 -11.43274819 -10.56229579
v 25.40000000 -11.70674184 -10.81672703
v 25.40000000 -11.94368867 -11.10597429
v 25.40000000 -12.13920824 -11.42469028
v 25.40000000 -12.28968598 -11.76698289
v 25.40000000 -12.39234001 -12.12652416
v 25.40000000 -12.44527257 -12.49666727
v 25.40000000 -12.44750510 -12.87056939
v 25.40000000 -12.39899632 -13.24131820
v 23.41880000 -9.70280000 -9.95000000
v 23.41880000 -10.07725829 -15.42438635
v 23.41880000 -10.44474112 -15.34802254
v 23.41880000 -10.79840300 -15.22233108
v 23.41880000 -11.13165586 -15.04965336
v 23.41880000 -11.43829185 -14.83320605
v 23.41880000 -11.71259890 -14.57702114
v 23.41880000 -11.94946721 -14.28587089
v 23.41880000 -12.14448435 -13.96517885
v 23.41880000 -12.29401754 -13.62091893
v 23.41880000 -12.39528124 -13.25950404
v 23.41880000 -12.44638912 -12.88766664
v 23.41880000 -12.44638912 -12.51233336
v 23.41880000 -12.39528124 -12.14049596
v 23.41880000 -12.29401754 -11.77908107
v 23.41880000 -12.14448435 -11.43482115
v 23.41880000 -11.94946721 -11.11412911
v 23.41880000 -11.71259890 -10.82297886
v 23.41880000 -11.43829185 -10.56679395
v 23.41880000 -11.13165586 -10.35034664
v 23.41880000 -10.79840300 -10.17766892
v 23.41880000 -10.44474112 -10.05197746
v 23.41880000 -10.07725829 -9.97561365
v 23.41880000 -9.70280000 314.75000000
v 25.40000000 -9.70280000 314.75000000
v 25.40000000 -9.70280000 320.25000000
v 25.40000000 -10.07725829 320.22438635
v 25.40000000 -10.44474112 320.14802254
v 25.40000000 -10.79840300 320.02233108
v 25.40000000 -11.13165586 319.84965336
v 25.40000000 -11.43829185 319.63320605
v 25.40000000 -11.71259890 319.37702114
v 25.40000000 -11.94946721 319.08587089
v 25.40000000 -12.14448435 318.76517885
v 25.40000000 -12.29401754 318.42091893
v 25.40000000 -12.39528124 318.05950404
v 25.40000000 -12.44638912 317.68766664
v 25.40000000 -12.44638912 317.31233336
v 25.40000000 -12.39528124 316.94049596
v 25.40000000 -12.29401754 316.57908107
v 25.40000000 -12.14448435 316.23482115
v 25.40000000 -11.94946721 315.91412911
v 25.40000000 -11.71259890 315.62297886
v 25.40000000 -11.43829185 315.36679395
v 25.40000000 -11.13165586 315.15034664
v 25.40000000 -10.79840300 314.97766892
v 25.40000000 -10.44474112 314.85197746
v 25.40000000 -10.07725829 314.77561365
v 23.41880000 -9.70280000 320.25000000
v 23.41880000 -10.07725829 314.77561365
v 23.41880000 -10.44474112 314.85197746
v 23.41880000 -10.79840300 314.97766892
v 23.41880000 -11.13165586 315.15034664
v 23.41880000 -11.43829185 315.36679395
v 23.41880000 -11.71259890 315.62297886
v 23.41880000 -11.94946721 315.91412911
v 23.41880000 -12.14448435 316.23482115
v 23.41880000 -12.29401754 316.57908107
v 23.41880000 -12.39528124 316.94049596
v 23.41880000 -12.44638912 317.31233336
v 23.41880000 -12.44638912 317.68766664
v 23.41880000 -12.39528124 318.05950404
v 23.41880000 -12.29401754 318.42091893
v 23.41880000 -12.14448435 318.76517885
v 23.41880000 -11.94946721 319.08587089
v 23.41880000 -11.71259890 319.37702114
v 23.41880000 -11.43829185 319.63320605
v 23.41880000 -11.13165586 319.84965336
v 23.41880000 -10.79840300 320.02233108
v 23.41880000 -10.44474112 320.14802254
v 23.41880000 -10.07725829 320.22438635
v 23.41880000 -9.70280000 289.35000000
v 25.40000000 -9.70280000 289.35000000
v 25.40000000 -11.47018992 294.20685379
v 25.40000000 -11.73906736 293.94827359
v 25.40000000 -11.97047511 293.65568300
v 25.40000000 -12.16015500 293.33446604
v 25.40000000 -12.30461670 292.99053347
v 25.40000000 -12.40120195 292.63021404
v 25.40000000 -12.44813346 292.26013806
v 25.40000000 -12.44454764 291.88711536
v 25.40000000 -12.39051048 291.51800997
v 25.40000000 -12.28701631 291.15961389
v 25.40000000 -12.13596956 290.81852200
v 25.40000000 -11.94014966 290.50101079
v 25.40000000 -11.70315993 290.21292285
v 25.40000000 -11.42936124 289.95955932
v 25.40000000 -11.12379182 289.74558240
v 25.40000000 -10.79207449 289.57492949
v 25.40000000 -10.44031325 289.45074082
v 25.40000000 -10.07498091 289.37530160
v 25.40000000 -9.70280000 294.85000000
v 25.40000000 -10.08545467 294.82324722
v 25.40000000 -10.46066420 294.74350938
v 25.40000000 -10.82112828 294.61233793
v 25.40000000 -11.15983354 294.43228499
v 23.41880000 -9.70280000 294.85000000
v 23.41880000 -10.07725829 289.37561365
v 23.41880000 -10.44474112 289.45197746
v 23.41880000 -10.79840300 289.57766892
v 23.41880000 -11.13165586 289.75034664
v 23.41880000 -11.43829185 289.96679395
v 23.41880000 -11.71259890 290.22297886
v 23.41880000 -11.94946721 290.51412911
v 23.41880000 -12.14448435 290.83482115
v 23.41880000 -12.29401754 291.17908107
v 23.41880000 -12.39528124 291.54049596
v 23.41880000 -12.44638912 291.91233336
v 23.41880000 -12.44638912 292.28766664
v 23.41880000 -12.39528124 292.65950404
v 23.41880000 -12.29401754 293.02091893
v 23.41880000 -12.14448435 293.36517885
v 23.41880000 -11.94946721 293.68587089
v 23.41880000 -11.71259890 293.97702114
v 23.41880000 -11.43829185 294.23320605
v 23.41880000 -11.13165586 294.44965336
v 23.41880000 -10.79840300 294.62233108
v 23.41880000 -10.44474112 294.74802254
v 23.41880000 -10.07725829 294.82438635
v 23.41880000 -9.70280000 -294.85000000
v 25.40000000 -9.70280000 -294.85000000
v 25.40000000 -9.70280000 -289.35000000
v 25.40000000 -10.07725828 -289.37561365
v 25.40000000 -10.44474112 -289.45197746
v 25.40000000 -10.79840300 -289.57766892
v 25.40000000 -11.13165586 -289.75034664
v 25.40000000 -11.43829185 -289.96679395
v 25.40000000 -11.71259890 -290.22297886
v 25.40000000 -11.94946721 -290.51412911
v 25.40000000 -12.14448435 -290.83482115
v 25.40000000 -12.29401754 -291.17908107
v 25.40000000 -12.39528124 -291.54049596
v 25.40000000 -12.44638912 -291.91233336
v 25.40000000 -12.44638912 -292.28766664
v 25.40000000 -12.39528124 -292.65950404
v 25.40000000 -12.29401754 -293.02091893
v 25.40000000 -12.14448435 -293.36517885
v 25.40000000 -11.94946721 -293.68587089
v 25.40000000 -11.71259890 -293.97702114
v 25.40000000 -11.43829185 -294.23320605
v 25.40000000 -11.13165586 -294.44965336
v 25.40000000 -10.79840300 -294.62233108
v 25.40000000 -10.44474112 -294.74802254
v 25.40000000 -10.07725828 -294.82438635
v 23.41880000 -9.70280000 -289.35000000
v 23.41880000 -10.07725828 -294.82438635
v 23.41880000 -10.44474112 -294.74802254
v 23.41880000 -10.79840300 -294.62233108
v 23.41880000 -11.13165586 -294.44965336
v 23.41880000 -11.43829185 -294.23320605
v 23.41880000 -11.71259890 -293.97702114
v 23.41880000 -11.94946721 -293.68587089
v 23.41880000 -12.14448435 -293.36517885
v 23.41880000 -12.29401754 -293.02091893
v 23.41880000 -12.39528124 -292.65950404
v 23.41880000 -12.44638912 -292.28766664
v 23.41880000 -12.44638912 -291.91233336
v 23.41880000 -12.39528124 -291.54049596
v 23.41880000 -12.29401754 -291.17908107
v 23.41880000 -12.14448435 -290.83482115
v 23.41880000 -11.94946721 -290.51412911
v 23.41880000 -11.71259890 -290.22297886
v 23.41880000 -11.43829185 -289.96679395
v 23.41880000 -11.13165586 -289.75034664
v 23.41880000 -10.79840300 -289.57766892
v 23.41880000 -10.44474112 -289.45197746
v 23.41880000 -10.07725828 -289.37561365
v 23.41880000 -9.70280000 9.95000000
v 25.40000000 -9.70280000 9.95000000
v 25.40000000 -11.87273642 14.38934186
v 25.40000000 -12.08658241 14.07116061
v 25.40000000 -12.25410204 13.72633226
v 25.40000000 -12.37203973 13.36155819
v 25.40000000 -12.43810350 12.98392743
v 25.40000000 -12.45100945 12.60077882
v 25.40000000 -12.41050677 12.21955848
v 25.40000000 -12.31738259 11.84767502
v 25.40000000 -12.17344669 11.49235562
v 25.40000000 -11.98149631 11.16050555
v 25.40000000 -11.74526180 10.85857398
v 25.40000000 -11.46933415 10.59242863
v 25.40000000 -11.15907572 10.36724176
v 25.40000000 -10.82051607 10.18738965
v 25.40000000 -10.46023476 10.05636754
v 25.40000000 -10.08523348 9.97672171
v 25.40000000 -9.70280000 15.45000000
v 25.40000000 -10.05901732 15.42683135
v 25.40000000 -10.40923241 15.35771580
v 25.40000000 -10.74754416 15.24381793
v 25.40000000 -11.06825205 15.08705691
v 25.40000000 -11.36595217 14.89007417
v 25.40000000 -11.63562830 14.65618883
v 23.41880000 -9.70280000 15.45000000
v 23.41880000 -10.07725829 9.97561365
v 23.41880000 -10.44474112 10.05197746
v 23.41880000 -10.79840300 10.17766892
v 23.41880000 -11.13165586 10.35034664
v 23.41880000 -11.43829185 10.56679395
v 23.41880000 -11.71259890 10.82297886
v 23.41880000 -11.94946721 11.11412911
v 23.41880000 -12.14448435 11.43482115
v 23.41880000 -12.29401754 11.77908107
v 23.41880000 -12.39528124 12.14049596
v 23.41880000 -12.44638912 12.51233336
v 23.41880000 -12.44638912 12.88766664
v 23.41880000 -12.39528124 13.25950404
v 23.41880000 -12.29401754 13.62091893
v 23.41880000 -12.14448435 13.96517885
v 23.41880000 -11.94946721 14.28587089
v 23.41880000 -11.71259890 14.57702114
v 23.41880000 -11.43829185 14.83320605
v 23.41880000 -11.13165586 15.04965336
v 23.41880000 -10.79840300 15.22233108
v 23.41880000 -10.44474112 15.34802254
v 23.41880000 -10.07725829 15.42438635
v -23.41880000 0.00000000 539.49259779
v -25.40000000 0.00000000 539.49259779
v -25.40000000 0.00000000 533.99259779
v -25.40000000 -0.37445829 534.01821144
v -25.40000000 -0.74194112 534.09457525
v -25.40000000 -1.09560300 534.22026671
v -25.40000000 -1.42885586 534.39294443
v -25.40000000 -1.73549185 534.60939174
v -25.40000000 -2.00979890 534.86557665
v -25.40000000 -2.24666721 535.15672690
v -25.40000000 -2.44168435 535.47741894
v -25.40000000 -2.59121754 535.82167886
v -25.40000000 -2.69248124 536.18309375
v -25.40000000 -2.74358912 536.55493115
v -25.40000000 -2.74358912 536.93026443
v -25.40000000 -2.69248124 537.30210183
v -25.40000000 -2.59121754 537.66351672
v -25.40000000 -2.44168435 538.00777664
v -25.40000000 -2.24666721 538.32846868
v -25.40000000 -2.00979890 538.61961893
v -25.40000000 -1.73549185 538.87580384
v -25.40000000 -1.42885586 539.09225115
v -25.40000000 -1.09560300 539.26492887
v -25.40000000 -0.74194112 539.39062033
v -25.40000000 -0.37445829 539.46698414
v -23.41880000 0.00000000 533.99259779
v -23.41880000 -0.37445829 539.46698414
v -23.41880000 -0.74194112 539.39062033
v -23.41880000 -1.09560300 539.26492887
v -23.41880000 -1.42885586 539.09225115
v -23.41880000 -1.73549185 538.87580384
v -23.41880000 -2.00979890 538.61961893
v -23.41880000 -2.24666721 538.32846868
v -23.41880000 -2.44168435 538.00777664
v -23.41880000 -2.59121754 537.66351672
v -23.41880000 -2.69248124 537.30210183
v -23.41880000 -2.74358912 536.93026443
v -23.41880000 -2.74358912 536.55493115
v -23.41880000 -2.69248124 536.18309375
v -23.41880000 -2.59121754 535.82167886
v -23.41880000 -2.44168435 535.47741894
v -23.41880000 -2.24666721 535.15672690
v -23.41880000 -2.00979890 534.86557665
v -23.41880000 -1.73549185 534.60939174
v -23.41880000 -1.42885586 534.39294443
v -23.41880000 -1.09560300 534.22026671
v -23.41880000 -0.74194112 534.09457525
v -23.41880000 -0.37445829 534.01821144
v -23.41880000 0.00000000 -533.99259779
v -25.40000000 0.00000000 -533.99259779
v -25.40000000 0.00000000 -539.49259779
v -25.40000000 -0.37445829 -539.46698414
v -25.40000000 -0.74194112 -539.39062033
v -25.40000000 -1.09560300 -539.26492887
v -25.40000000 -1.42885586 -539.09225115
v -25.40000000 -1.73549185 -538.87580384
v -25.40000000 -2.00979890 -538.61961893
v -25.40000000 -2.24666721 -538.32846868
v -25.40000000 -2.44168435 -538.00777664
v -25.40000000 -2.59121754 -537.66351672
v -25.40000000 -2.69248124 -537.30210183
v -25.40000000 -2.74358912 -536.93026443
v -25.40000000 -2.74358912 -536.55493115
v -25.40000000 -2.69248124 -536.18309375
v -25.40000000 -2.59121754 -535.82167886
v -25.40000000 -2.44168435 -535.47741894
v -25.40000000 -2.24666721 -535.15672690
v -25.40000000 -2.00979890 -534.86557665
v -25.40000000 -1.73549185 -534.60939174
v -25.40000000 -1.42885586 -534.39294443
v -25.40000000 -1.09560300 -534.22026671
v -25.40000000 -0.74194112 -534.09457525
v -25.40000000 -0.37445829 -534.01821144
v -23.41880000 0.00000000 -539.49259779
v -23.41880000 -0.37445829 -534.01821144
v -23.41880000 -0.74194112 -534.09457525
v -23.41880000 -1.09560300 -534.22026671
v -23.41880000 -1.42885586 -534.39294443
v -23.41880000 -1.73549185 -534.60939174
v -23.41880000 -2.00979890 -534.86557665
v -23.41880000 -2.24666721 -535.15672690
v -23.41880000 -2.44168435 -535.47741894
v -23.41880000 -2.59121754 -535.82167886
v -23.41880000 -2.69248124 -536.18309375
v -23.41880000 -2.74358912 -536.55493115
v -23.41880000 -2.74358912 -536.93026443
v -23.41880000 -2.69248124 -537.30210183
v -23.41880000 -2.59121754 -537.66351672
v -23.41880000 -2.44168435 -538.00777664
v -23.41880000 -2.24666721 -538.32846868
v -23.41880000 -2.00979890 -538.61961893
v -23.41880000 -1.73549185 -538.87580384
v -23.41880000 -1.42885586 -539.09225115
v -23.41880000 -1.09560300 -539.26492887
v -23.41880000 -0.74194112 -539.39062033
v -23.41880000 -0.37445829 -539.46698414
v 25.40000000 0.00000000 539.49259779
v 23.41880000 0.00000000 539.49259779
v 23.41880000 0.00000000 533.99259779
v 23.41880000 -0.37445829 534.01821144
v 23.41880000 -0.74194112 534.09457525
v 23.41880000 -1.09560300 534.22026671
v 23.41880000 -1.42885586 534.39294443
v 23.41880000 -1.73549185 534.60939174
v 23.41880000 -2.00979890 534.86557665
v 23.41880000 -2.24666721 535.15672690
v 23.41880000 -2.44168435 535.47741894
v 23.41880000 -2.59121754 535.82167886
v 23.41880000 -2.69248124 536.18309375
v 23.41880000 -2.74358912 536.55493115
v 23.41880000 -2.74358912 536.93026443
v 23.41880000 -2.69248124 537.30210183
v 23.41880000 -2.59121754 537.66351672
v 23.41880000 -2.44168435 538.00777664
v 23.41880000 -2.24666721 538.32846868
v 23.41880000 -2.00979890 538.61961893
v 23.41880000 -1.73549185 538.87580384
v 23.41880000 -1.42885586 539.09225115
v 23.41880000 -1.09560300 539.26492887
v 23.41880000 -0.74194112 539.39062033
v 23.41880000 -0.37445829 539.46698414
v 25.40000000 0.00000000 533.99259779
v 25.40000000 -0.37445829 534.01821144
v 25.40000000 -0.74194112 534.09457525
v 25.40000000 -1.09560300 534.22026671
v 25.40000000 -1.42885586 534.39294443
v 25.40000000 -1.73549185 534.60939174
v 25.40000000 -2.00979890 534.86557665
v 25.40000000 -2.24666721 535.15672690
v 25.40000000 -2.44168435 535.47741894
v 25.40000000 -2.59121754 535.82167886
v 25.40000000 -2.69248124 536.18309375
v 25.40000000 -2.74358912 536.55493115
v 25.40000000 -2.74358912 536.93026443
v 25.40000000 -2.69248124 537.30210183
v 25.40000000 -2.59121754 537.66351672
v 25.40000000 -2.44168435 538.00777664
v 25.40000000 -2.24666721 538.32846868
v 25.40000000 -2.00979890 538.61961893
v 25.40000000 -1.73549185 538.87580384
v 25.40000000 -1.42885586 539.09225115
v 25.40000000 -1.09560300 539.26492887
v 25.40000000 -0.74194112 539.39062033
v 25.40000000 -0.37445829 539.46698414
v 25.40000000 0.00000000 -533.99259779
v 23.41880000 0.00000000 -533.99259779
v 23.41880000 0.00000000 -539.49259779
v 23.41880000 -0.37445829 -539.46698414
v 23.41880000 -0.74194112 -539.39062033
v 23.41880000 -1.09560300 -539.26492887
v 23.41880000 -1.42885586 -539.09225115
v 23.41880000 -1.73549185 -538.87580384
v 23.41880000 -2.00979890 -538.61961893
v 23.41880000 -2.24666721 -538.32846868
v 23.41880000 -2.44168435 -538.00777664
v 23.41880000 -2.59121754 -537.66351672
v 23.41880000 -2.69248124 -537.30210183
v 23.41880000 -2.74358912 -536.93026443
v 23.41880000 -2.74358912 -536.55493115
v 23.41880000 -2.69248124 -536.18309375
v 23.41880000 -2.59121754 -535.82167886
v 23.41880000 -2.44168435 -535.47741894
v 23.41880000 -2.24666721 -535.15672690
v 23.41880000 -2.00979890 -534.86557665
v 23.41880000 -1.73549185 -534.60939174
v 23.41880000 -1.42885586 -534.39294443
v 23.41880000 -1.09560300 -534.22026671
v 23.41880000 -0.74194112 -534.09457525
v 23.41880000 -0.37445829 -534.01821144
v 25.40000000 0.00000000 -539.49259779
v 25.40000000 -0.37445829 -539.46698414
v 25.40000000 -0.74194112 -539.39062033
v 25.40000000 -1.09560300 -539.26492887
v 25.40000000 -1.42885586 -539.09225115
v 25.40000000 -1.73549185 -538.87580384
v 25.40000000 -2.00979890 -538.61961893
v 25.40000000 -2.24666721 -538.32846868
v 25.40000000 -2.44168435 -538.00777664
v 25.40000000 -2.59121754 -537.66351672
v 25.40000000 -2.69248124 -537.30210183
v 25.40000000 -2.74358912 -536.93026443
v 25.40000000 -2.74358912 -536.55493115
v 25.40000000 -2.69248124 -536.18309375
v 25.40000000 -2.59121754 -535.82167886
v 25.40000000 -2.44168435 -535.47741894
v 25.40000000 -2.24666721 -535.15672690
v 25.40000000 -2.00979890 -534.86557665
v 25.40000000 -1.73549185 -534.60939174
v 25.40000000 -1.42885586 -534.39294443
v 25.40000000 -1.09560300 -534.22026671
v 25.40000000 -0.74194112 -534.09457525
v 25.40000000 -0.37445829 -534.01821144
v -25.40000000 0.00000000 -567.16759779
v -23.41880000 0.00000000 -567.16759779
v -23.41880000 0.00000000 -548.11759779
v -23.41880000 -1.29698733 -548.20631415
v -23.41880000 -2.56981425 -548.47081063
v -23.41880000 -3.79477038 -548.90616014
v -23.41880000 -4.94903712 -549.50425296
v -23.41880000 -6.01111267 -550.25394775
v -23.41880000 -6.96121256 -551.14127910
v -23.41880000 -7.78163823 -552.14971772
v -23.41880000 -8.45710671 -553.26047831
v -23.41880000 -8.97503528 -554.45286948
v -23.41880000 -9.32577594 -555.70467927
v -23.41880000 -9.50279503 -556.99258880
v -23.41880000 -9.50279503 -558.29260678
v -23.41880000 -9.32577594 -559.58051631
v -23.41880000 -8.97503528 -560.83232610
v -23.41880000 -8.45710671 -562.02471727
v -23.41880000 -7.78163823 -563.13547786
v -23.41880000 -6.96121256 -564.14391648
v -23.41880000 -6.01111267 -565.03124783
v -23.41880000 -4.94903712 -565.78094262
v -23.41880000 -3.79477038 -566.37903544
v -23.41880000 -2.56981425 -566.81438495
v -23.41880000 -1.29698733 -567.07888143
v -25.40000000 0.00000000 -548.11759779
v -25.40000000 -1.29698733 -548.20631415
v -25.40000000 -2.56981425 -548.47081063
v -25.40000000 -3.79477038 -548.90616014
v -25.40000000 -4.94903712 -549.50425296
v -25.40000000 -6.01111267 -550.25394775
v -25.40000000 -6.96121256 -551.14127910
v -25.40000000 -7.78163823 -552.14971772
v -25.40000000 -8.45710671 -553.26047831
v -25.40000000 -8.97503528 -554.45286948
v -25.40000000 -9.32577594 -555.70467927
v -25.40000000 -9.50279503 -556.99258880
v -25.40000000 -9.50279503 -558.29260678
v -25.40000000 -9.32577594 -559.58051631
v -25.40000000 -8.97503528 -560.83232610
v -25.40000000 -8.45710671 -562.02471727
v -25.40000000 -7.78163823 -563.13547786
v -25.40000000 -6.96121256 -564.14391648
v -25.40000000 -6.01111267 -565.03124783
v -25.40000000 -4.94903712 -565.78094262
v -25.40000000 -3.79477038 -566.37903544
v -25.40000000 -2.56981425 -566.81438495
v -25.40000000 -1.29698733 -567.07888143
v -25.40000000 0.00000000 548.11759779
v -23.41880000 0.00000000 548.11759779
v -23.41880000 0.00000000 567.16759779
v -23.41880000 -1.29698733 567.07888143
v -23.41880000 -2.56981425 566.81438495
v -23.41880000 -3.79477038 566.37903544
v -23.41880000 -4.94903712 565.78094262
v -23.41880000 -6.01111267 565.03124783
v -23.41880000 -6.96121256 564.14391648
v -23.41880000 -7.78163823 563.13547786
v -23.41880000 -8.45710671 562.02471727
v -23.41880000 -8.97503528 560.83232610
v -23.41880000 -9.32577594 559.58051631
v -23.41880000 -9.50279503 558.29260678
v -23.41880000 -9.50279503 556.99258880
v -23.41880000 -9.32577594 555.70467927
v -23.41880000 -8.97503528 554.45286948
v -23.41880000 -8.45710671 553.26047831
v -23.41880000 -7.78163823 552.14971772
v -23.41880000 -6.96121256 551.14127910
v -23.41880000 -6.01111267 550.25394775
v -23.41880000 -4.94903712 549.50425296
v -23.41880000 -3.79477038 548.90616014
v -23.41880000 -2.56981425 548.47081063
v -23.41880000 -1.29698733 548.20631415
v -25.40000000 0.00000000 567.16759779
v -25.40000000 -1.29698733 567.07888143
v -25.40000000 -2.56981425 566.81438495
v -25.40000000 -3.79477038 566.37903544
v -25.40000000 -4.94903712 565.78094262
v -25.40000000 -6.01111267 565.03124783
v -25.40000000 -6.96121256 564.14391648
v -25.40000000 -7.78163823 563.13547786
v -25.40000000 -8.45710671 562.02471727
v -25.40000000 -8.97503528 560.83232610
v -25.40000000 -9.32577594 559.58051631
v -25.40000000 -9.50279503 558.29260678
v -25.40000000 -9.50279503 556.99258880
v -25.40000000 -9.32577594 555.70467927
v -25.40000000 -8.97503528 554.45286948
v -25.40000000 -8.45710671 553.26047831
v -25.40000000 -7.78163823 552.14971772
v -25.40000000 -6.96121256 551.14127910
v -25.40000000 -6.01111267 550.25394775
v -25.40000000 -4.94903712 549.50425296
v -25.40000000 -3.79477038 548.90616014
v -25.40000000 -2.56981425 548.47081063
v -25.40000000 -1.29698733 548.20631415
v 25.40000000 5.10757287 -13.60586450
v 25.40000000 -7.10487818 -13.60183270
v 25.40000000 -7.00655977 -13.24109947
v 25.40000000 -6.95808214 -12.87036386
v 25.40000000 -6.96034139 -12.49647902
v 25.40000000 -7.01329578 -12.12635633
v 25.40000000 -7.11596643 -11.76683760
v 25.40000000 -7.26645543 -11.42456865
v 25.40000000 -7.46198096 -11.10587641
v 25.40000000 -7.69892867 -10.81665200
v 25.40000000 -7.97291852 -10.56224182
v 25.40000000 -8.27888572 -10.34734871
v 25.40000000 -8.61117438 -10.17594503
v 25.40000000 -8.96364205 -10.05119923
v 25.40000000 -9.32977327 -9.97541727
v 25.40000000 -17.47341201 -13.60243887
v 25.40000000 -19.83230111 -13.61527467
v 25.40000000 -20.04348667 -13.63554279
v 25.40000000 -20.30356807 -13.68631526
v 25.40000000 -20.79617684 -13.80075406
v 25.40000000 -20.85732255 -27.56547962
v 25.40000000 -20.85186240 -40.42417161
v 25.40000000 -20.82541392 -40.75277710
v 25.40000000 -20.70990918 -41.47659935
v 25.40000000 -18.82151623 -41.52649801
v 25.40000000 5.44462208 -41.52501219
v 25.40000000 7.08068477 -41.44687538
v 25.40000000 7.08067963 -97.53463716
v 25.40000000 5.10757287 -97.45608856
v 25.40000000 -17.47341201 -97.45266293
v 25.40000000 -19.83229854 -97.46541618
v 25.40000000 -20.04347540 -97.48571028
v 25.40000000 -20.30356614 -97.53651352
v 25.40000000 -20.79617942 -97.65097813
v 25.40000000 -20.85732416 -111.41570368
v 25.40000000 -20.85186756 -124.27438039
v 25.40000000 -20.82541867 -124.60299036
v 25.40000000 -20.70990661 -125.32686468
v 25.40000000 -18.82151623 -125.37676335
v 25.40000000 5.44462208 -125.37523626
v 25.40000000 7.08067995 -125.29709967
v 25.40000000 7.07774662 -153.31608498
v 25.40000000 5.27483946 -153.36747786
v 25.40000000 -13.09831705 -153.36999549
v 25.40000000 -19.67212723 -153.37957075
v 25.40000000 -19.92109382 -153.39622839
v 25.40000000 -20.23501258 -153.44702578
v 25.40000000 -20.85937068 -153.56843451
v 25.40000000 -20.85929350 -207.05885132
v 25.40000000 -20.85142520 -208.27100223
v 25.40000000 -20.72936848 -209.29855423
v 25.40000000 -18.81478368 -209.36066960
v 25.40000000 5.12088360 -209.36925432
v 25.40000000 7.07695515 -209.49559495
v 25.40000000 7.07773076 -265.22908630
v 25.40000000 5.27482403 -265.28054044
v 25.40000000 -13.09832734 -265.28301680
v 25.40000000 -19.67214009 -265.29253015
v 25.40000000 -19.92110305 -265.30918408
v 25.40000000 -20.23502769 -265.35999807
v 25.40000000 -20.85937068 -265.48143517
v 25.40000000 -20.85929350 -318.97183135
v 25.40000000 -20.85141846 -320.18400032
v 25.40000000 -20.72936076 -321.21136917
v 25.40000000 -18.81478368 -321.27364963
v 25.40000000 4.82177544 -321.28187738
v 25.40000000 7.07695515 -321.40859553
v 25.40000000 7.07773074 -377.14208855
v 25.40000000 5.27484461 -377.19356174
v 25.40000000 -13.09831191 -377.19605873
v 25.40000000 -19.67212466 -377.20555145
v 25.40000000 -19.92108634 -377.22220229
v 25.40000000 -20.23501515 -377.27300648
v 25.40000000 -20.85937068 -377.39441520
v 25.40000000 -20.85929350 -430.88483202
v 25.40000000 -20.85142244 -432.09700228
v 25.40000000 -20.72935047 -433.12448333
v 25.40000000 -18.81478625 -433.18667093
v 25.40000000 4.82177141 -433.19491013
v 25.40000000 7.07695447 -433.32157707
v 25.40000000 7.07695447 -460.98851817
v 25.40000000 5.82175762 -461.10123154
v 25.40000000 4.85679792 -461.11788321
v 25.40000000 -10.28812250 -461.11921679
v 25.40000000 -19.91470908 -461.09784248
v 25.40000000 -20.13872652 -461.12178766
v 25.40000000 -20.30495750 -461.15971477
v 25.40000000 -20.46642135 -461.21797157
v 25.40000000 -20.61288508 -461.29329053
v 25.40000000 -20.70107813 -461.35081988
v 25.40000000 -20.78815284 -461.41788131
v 25.40000000 -20.85453069 -462.22809171
v 25.40000000 -20.83049012 -475.41916636
v 25.40000000 -20.80217222 -488.59948261
v 25.40000000 -20.78973500 -488.67758829
v 25.40000000 -20.75488887 -488.75706540
v 25.40000000 -20.71249854 -488.80922208
v 25.40000000 -20.52046918 -488.99682868
v 25.40000000 -18.82743582 -489.04810998
v 25.40000000 5.10641519 -489.05303175
v 25.40000000 7.07773635 -489.10467273
v 25.40000000 7.08067483 -517.12389309
v 25.40000000 -6.42204712 -517.04132679
v 25.40000000 -19.83229339 -517.05471447
v 25.40000000 -20.04347923 -517.07498971
v 25.40000000 -20.30356100 -517.12577828
v 25.40000000 -20.79618199 -517.24025578
v 25.40000000 -20.85732255 -531.00493168
v 25.40000000 -20.85186499 -543.86361918
v 25.40000000 -20.82541602 -544.19221383
v 25.40000000 -20.70990147 -544.91610622
v 25.40000000 -18.82151365 -544.96594813
v 25.40000000 5.44461693 -544.96449843
v 25.40000000 7.08067992 -544.88634127
v 25.40000000 7.07773130 -572.90453844
v 25.40000000 -4.28782379 -572.95919210
v 25.40000000 -19.23310634 -572.95820455
v 25.40000000 -19.68958259 -572.94534380
v 25.40000000 -20.00421529 -572.95855782
v 25.40000000 -20.32597205 -573.00858757
v 25.40000000 -20.56602503 -573.07834162
v 25.40000000 -20.80932550 -573.18335281
v 25.40000000 -20.88746883 -593.89259779
v 25.40000000 -23.40000000 -593.89259779
v 25.40000000 -23.40000000 593.89259779
v 25.40000000 7.09397187 593.89259779
v 25.40000000 7.07772710 573.94932668
v 25.40000000 5.27714453 573.89797359
v 25.40000000 -19.13339749 573.88765543
v 25.40000000 -19.87661558 573.91190587
v 25.40000000 -20.06917418 573.89693980
v 25.40000000 -20.28227569 573.85456214
v 25.40000000 -20.46166830 573.79204224
v 25.40000000 -20.62907069 573.70714736
v 25.40000000 -20.74394198 573.63207498
v 25.40000000 -20.85928063 573.54154278
v 25.40000000 -20.87507137 547.00796883
v 25.40000000 -20.85835000 546.70390986
v 25.40000000 -20.81143488 546.42676407
v 25.40000000 -20.73214948 546.17022085
v 25.40000000 -20.62428983 545.93788340
v 25.40000000 -18.79671874 545.89289619
v 25.40000000 5.10880773 545.88860383
v 25.40000000 7.07774666 545.83704318
v 25.40000000 7.08069022 517.81805848
v 25.40000000 5.27696445 517.89623841
v 25.40000000 -14.42971210 517.89987041
v 25.40000000 -19.65106519 517.89054278
v 25.40000000 -19.90121995 517.87398747
v 25.40000000 -20.21582759 517.82525973
v 25.40000000 -20.85936810 517.70654920
v 25.40000000 -20.85225995 463.08670568
v 25.40000000 -20.80004156 462.61228661
v 25.40000000 -20.73433621 462.17903704
v 25.40000000 -20.43694242 462.04793747
v 25.40000000 -20.32810945 462.02401744
v 25.40000000 7.07890452 461.99046817
v 25.40000000 7.07890453 433.97009113
v 25.40000000 -7.51971969 433.97585080
v 25.40000000 -19.30238774 433.96866936
v 25.40000000 -19.96597404 433.98970495
v 25.40000000 -20.13497174 433.97641152
v 25.40000000 -20.30108635 433.94401772
v 25.40000000 -20.43885756 433.89810457
v 25.40000000 -20.56551793 433.83708264
v 25.40000000 -20.68420980 433.76047835
v 25.40000000 -20.80156134 433.66316903
v 25.40000000 -20.86058334 429.51720514
v 25.40000000 -20.85345108 407.91372578
v 25.40000000 -20.87161427 407.10163492
v 25.40000000 -20.83897962 406.68307249
v 25.40000000 -20.77526305 406.39597605
v 25.40000000 -20.71393254 406.21875022
v 25.40000000 -20.63242445 406.04019403
v 25.40000000 -18.77829364 405.99124464
v 25.40000000 5.12373407 405.98315520
v 25.40000000 7.07695516 405.85686085
v 25.40000000 7.07774103 350.12332578
v 25.40000000 5.27714453 350.07197226
v 25.40000000 -19.13339749 350.06165409
v 25.40000000 -19.87661558 350.08590454
v 25.40000000 -20.06917418 350.07093846
v 25.40000000 -20.28227569 350.02856081
v 25.40000000 -20.46166830 349.96604091
v 25.40000000 -20.62907069 349.88114602
v 25.40000000 -20.74394198 349.80607364
v 25.40000000 -20.85928063 349.71554145
v 25.40000000 -20.87507109 323.18198446
v 25.40000000 -20.85834854 322.87790693
v 25.40000000 -20.81143014 322.60073847
v 25.40000000 -20.73213929 322.34416827
v 25.40000000 -20.62427182 322.11179953
v 25.40000000 -18.79671874 322.06689486
v 25.40000000 5.10880773 322.06260250
v 25.40000000 7.07774036 322.01104189
v 25.40000000 7.07695585 294.34041404
v 25.40000000 5.12374436 294.21419617
v 25.40000000 -7.93676322 294.20798816
v 25.40000000 -8.24696467 294.43303311
v 25.40000000 -8.58543968 294.61276857
v 25.40000000 -8.94561477 294.74370394
v 25.40000000 -9.32049504 294.82329633
v 25.40000000 -18.94660214 294.20032855
v 25.40000000 -19.76139058 294.22984377
v 25.40000000 -20.06207857 294.21044575
v 25.40000000 -20.28695514 294.16622439
v 25.40000000 -20.47326368 294.10333477
v 25.40000000 -20.62926332 294.02814274
v 25.40000000 -20.78390545 293.92966235
v 25.40000000 -20.86074741 291.55220655
v 25.40000000 -20.85569420 267.94793876
v 25.40000000 -20.88445636 267.14207560
v 25.40000000 -20.85473758 266.85637101
v 25.40000000 -20.80643484 266.66035279
v 25.40000000 -20.75275578 266.52020784
v 25.40000000 -20.68114730 266.38386726
v 25.40000000 -20.47292492 266.29796851
v 25.40000000 -20.38212282 266.26600678
v 25.40000000 -20.31061801 266.25608706
v 25.40000000 7.07890452 266.22723648
v 25.40000000 7.07890452 238.20678177
v 25.40000000 -10.05571823 238.21270862
v 25.40000000 -19.48795338 238.20618754
v 25.40000000 -20.08332002 238.21397239
v 25.40000000 -20.23736504 238.19190912
v 25.40000000 -20.37694503 238.15289229
v 25.40000000 -20.50459284 238.09736738
v 25.40000000 -20.62292493 238.02574827
v 25.40000000 -20.74130282 237.93164964
v 25.40000000 -20.85937068 237.81228114
v 25.40000000 -20.85937325 197.59140035
v 25.40000000 -20.87525955 183.34431042
v 25.40000000 -20.85351382 183.05999717
v 25.40000000 -20.82992683 182.93041724
v 25.40000000 -20.79536026 182.79964033
v 25.40000000 -20.75273137 182.67911375
v 25.40000000 -20.69820432 182.55757152
v 25.40000000 -20.63809297 182.44766932
v 25.40000000 -20.56641360 182.33693764
v 25.40000000 -18.97738354 182.29921441
v 25.40000000 5.61385930 182.30111295
v 25.40000000 7.08069018 182.37883581
v 25.40000000 7.07774663 154.36001901
v 25.40000000 5.27714453 154.30874753
v 25.40000000 -19.13339749 154.29842937
v 25.40000000 -19.87661558 154.32267981
v 25.40000000 -20.06917418 154.30771374
v 25.40000000 -20.28227569 154.26533608
v 25.40000000 -20.46166830 154.20281618
v 25.40000000 -20.62907069 154.11792130
v 25.40000000 -20.74394198 154.04284892
v 25.40000000 -20.85928063 153.95231672
v 25.40000000 -20.87508049 127.41863597
v 25.40000000 -20.85836519 127.11463802
v 25.40000000 -20.81146741 126.83755575
v 25.40000000 -20.73221173 126.58108171
v 25.40000000 -20.62439530 126.34882243
v 25.40000000 -18.79671874 126.30375267
v 25.40000000 5.10880773 126.29937777
v 25.40000000 7.07774103 126.24781713
v 25.40000000 7.07695515 70.51370933
v 25.40000000 5.45796368 70.38848374
v 25.40000000 -0.77874583 70.38208648
v 25.40000000 -18.98332115 70.37317158
v 25.40000000 -19.80126640 70.40262589
v 25.40000000 -20.01136007 70.38866016
v 25.40000000 -20.24251837 70.34624996
v 25.40000000 -20.43583300 70.28241495
v 25.40000000 -20.61503477 70.19495941
v 25.40000000 -20.73727430 70.11726346
v 25.40000000 -20.85937068 70.02330313
v 25.40000000 -20.85928063 16.69723410
v 25.40000000 -20.85137525 15.48543660
v 25.40000000 -20.73378310 14.44997830
v 25.40000000 -9.32040166 9.97671678
v 25.40000000 -8.94543346 10.05634799
v 25.40000000 -8.58518119 10.18734639
v 25.40000000 -8.24664468 10.36716660
v 25.40000000 -7.93640182 10.59231466
v 25.40000000 -7.66048076 10.85841586
v 25.40000000 -7.42424275 11.16029975
v 25.40000000 -7.23227798 11.49210060
v 25.40000000 -7.08831640 11.84737141
v 25.40000000 -6.99515524 12.21920911
v 25.40000000 -6.95460466 12.60038877
v 25.40000000 -6.96745257 12.98350390
v 25.40000000 -7.03344934 13.36111045
v 25.40000000 -7.15131261 13.72587137
v 25.40000000 -7.31875226 14.07069922
v 25.40000000 -7.53251487 14.38889385
v 25.40000000 5.10626598 14.38637711
v 25.40000000 7.07774663 14.33473500
v 25.40000000 7.08067485 -13.68445165
v 25.40000000 0.37445829 539.46698414
v 25.40000000 0.74194112 539.39062033
v 25.40000000 1.09560300 539.26492887
v 25.40000000 1.42885586 539.09225115
v 25.40000000 1.73549185 538.87580384
v 25.40000000 2.00979890 538.61961893
v 25.40000000 2.24666721 538.32846868
v 25.40000000 2.44168435 538.00777664
v 25.40000000 2.59121754 537.66351672
v 25.40000000 2.69248124 537.30210183
v 25.40000000 2.74358912 536.93026443
v 25.40000000 2.74358912 536.55493115
v 25.40000000 2.69248124 536.18309375
v 25.40000000 2.59121754 535.82167886
v 25.40000000 2.44168435 535.47741894
v 25.40000000 2.24666721 535.15672690
v 25.40000000 2.00979890 534.86557665
v 25.40000000 1.73549185 534.60939174
v 25.40000000 1.42885586 534.39294443
v 25.40000000 1.09560300 534.22026671
v 25.40000000 0.74194112 534.09457525
v 25.40000000 0.37445829 534.01821144
v 25.40000000 -9.32834172 314.77561365
v 25.40000000 -8.96085888 314.85197746
v 25.40000000 -8.60719700 314.97766892
v 25.40000000 -8.27394414 315.15034664
v 25.40000000 -7.96730815 315.36679395
v 25.40000000 -7.69300110 315.62297886
v 25.40000000 -7.45613279 315.91412911
v 25.40000000 -7.26111565 316.23482115
v 25.40000000 -7.11158246 316.57908107
v 25.40000000 -7.01031876 316.94049596
v 25.40000000 -6.95921088 317.31233336
v 25.40000000 -6.95921088 317.68766664
v 25.40000000 -7.01031876 318.05950404
v 25.40000000 -7.11158246 318.42091893
v 25.40000000 -7.26111565 318.76517885
v 25.40000000 -7.45613279 319.08587089
v 25.40000000 -7.69300110 319.37702114
v 25.40000000 -7.96730815 319.63320605
v 25.40000000 -8.27394414 319.84965336
v 25.40000000 -8.60719700 320.02233108
v 25.40000000 -8.96085888 320.14802254
v 25.40000000 -9.32834172 320.22438635
v 25.40000000 -17.14214077 584.74573254
v 25.40000000 -17.14214077 583.94853745
v 25.40000000 -16.83362647 583.99092831
v 25.40000000 -16.61125526 584.05158614
v 25.40000000 -16.42731141 584.12871291
v 25.40000000 -16.27980409 584.21532929
v 25.40000000 -16.16165594 584.30719506
v 25.40000000 -16.09732546 584.36871719
v 25.40000000 -16.03798767 584.43498493
v 25.40000000 -15.93904022 584.57254126
v 25.40000000 -15.85613830 584.72692680
v 25.40000000 -15.78928192 584.89813457
v 25.40000000 -15.73847107 585.08615759
v 25.40000000 -15.70370575 585.29098888
v 25.40000000 -15.68699165 585.47451625
v 25.40000000 -15.68142029 585.66970715
v 25.40000000 -15.69286566 585.89511847
v 25.40000000 -15.72704866 586.11034762
v 25.40000000 -15.78373962 586.31531805
v 25.40000000 -15.85499109 586.48789666
v 25.40000000 -15.94596228 586.64596453
v 25.40000000 -16.01756514 586.74328159
v 25.40000000 -16.09793233 586.83414943
v 25.40000000 -16.23461546 586.95659466
v 25.40000000 -16.39107413 587.06212931
v 25.40000000 -16.50639388 587.12300828
v 25.40000000 -16.63054409 587.17624741
v 25.40000000 -16.83424329 587.23927302
v 25.40000000 -17.06021089 587.28010463
v 25.40000000 -17.22319974 587.29496815
v 25.40000000 -17.39604431 587.29992634
v 25.40000000 -17.58852307 587.29079045
v 25.40000000 -17.78015970 587.26358696
v 25.40000000 -17.97103075 587.21862208
v 25.40000000 -18.15452674 587.15336942
v 25.40000000 -18.32393612 587.06637438
v 25.40000000 -18.47918233 586.95748384
v 25.40000000 -18.59299678 586.85238700
v 25.40000000 -18.69445477 586.73131718
v 25.40000000 -18.77113578 586.61558492
v 25.40000000 -18.83885030 586.48826184
v 25.40000000 -18.89758983 586.34016386
v 25.40000000 -18.94015843 586.17711552
v 25.40000000 -18.96649678 585.99905751
v 25.40000000 -18.97411307 585.89322976
v 25.40000000 -18.97665412 585.78270628
v 25.40000000 -18.96875592 585.61068118
v 25.40000000 -18.94516339 585.44256052
v 25.40000000 -18.90602966 585.27834430
v 25.40000000 -18.85182683 585.12114587
v 25.40000000 -18.78361394 584.97412961
v 25.40000000 -18.70139099 584.83737208
v 25.40000000 -19.97848789 584.95037121
v 25.40000000 -19.97848789 587.01742851
v 25.40000000 -20.68404344 587.01742851
v 25.40000000 -20.68404344 584.28684582
v 25.40000000 -17.94622606 584.05395737
v 25.40000000 -17.94622606 584.73849784
v 25.40000000 -18.05875309 584.85619251
v 25.40000000 -18.15168135 584.98322722
v 25.40000000 -18.19077202 585.05022316
v 25.40000000 -18.22493428 585.11952540
v 25.40000000 -18.26955881 585.23990476
v 25.40000000 -18.30020999 585.37275058
v 25.40000000 -18.31532926 585.49571797
v 25.40000000 -18.32036343 585.62767699
v 25.40000000 -18.31370291 585.76944267
v 25.40000000 -18.29372136 585.89846149
v 25.40000000 -18.26153251 586.01165131
v 25.40000000 -18.21478746 586.11644286
v 25.40000000 -18.15447155 586.20824852
v 25.40000000 -18.08058478 586.28706826
v 25.40000000 -17.98701282 586.35764829
v 25.40000000 -17.89071585 586.40921260
v 25.40000000 -17.77195069 586.45274836
v 25.40000000 -17.62611282 586.48481898
v 25.40000000 -17.50846936 586.49799580
v 25.40000000 -17.38191942 586.50238673
v 25.40000000 -17.11749862 586.48566709
v 25.40000000 -16.95163483 586.45241913
v 25.40000000 -16.83075508 586.41115981
v 25.40000000 -16.76967723 586.38253344
v 25.40000000 -16.71359422 586.35001158
v 25.40000000 -16.66250767 586.31359585
v 25.40000000 -16.61641920 586.27328788
v 25.40000000 -16.53891294 586.18509404
v 25.40000000 -16.49578781 586.12007863
v 25.40000000 -16.44635575 586.01938603
v 25.40000000 -16.40999253 585.90613488
v 25.40000000 -16.38755848 585.77929372
v 25.40000000 -16.38008565 585.64145737
v 25.40000000 -16.38909866 585.45424833
v 25.40000000 -16.40393555 585.35051267
v 25.40000000 -16.42590542 585.25698471
v 25.40000000 -16.45194819 585.18115493
v 25.40000000 -16.48412754 585.11233377
v 25.40000000 -16.52250805 585.05055351
v 25.40000000 -16.56715434 584.99584647
v 25.40000000 -16.61779724 584.94738905
v 25.40000000 -16.67464132 584.90429306
v 25.40000000 -16.73768656 584.86649390
v 25.40000000 -16.80693298 584.83392699
v 25.40000000 -16.94456289 584.78682795
v 25.40000000 -17.03978534 584.76377263
v 25.40000000 7.12151922 -13.72748011
v 25.40000000 9.08417417 -13.60578195
v 25.40000000 32.98086369 -13.59480342
v 25.40000000 33.79846549 -13.61121511
v 25.40000000 34.22205707 -13.58317981
v 25.40000000 34.54794442 -13.51943111
v 25.40000000 34.71383555 -13.46893103
v 25.40000000 34.88183933 -13.40371094
v 25.40000000 34.79135000 14.18963027
v 25.40000000 34.64782676 14.28028054
v 25.40000000 34.56936997 14.32055453
v 25.40000000 34.50418389 14.33350681
v 25.40000000 7.12452227 14.38192998
v 25.40000000 7.12530220 70.46454892
v 25.40000000 10.10236562 70.38786465
v 25.40000000 33.00829296 70.39137283
v 25.40000000 33.82246895 70.36442840
v 25.40000000 34.19450810 70.38809041
v 25.40000000 34.44612239 70.43957293
v 25.40000000 34.65143907 70.51070890
v 25.40000000 34.85619031 70.61362618
v 25.40000000 34.94073074 70.92936573
v 25.40000000 34.98545162 71.25063132
v 25.40000000 34.98647332 106.79411509
v 25.40000000 34.97498875 125.28093328
v 25.40000000 34.94533552 125.49627449
v 25.40000000 34.88906389 125.75883988
v 25.40000000 34.75939806 126.29500287
v 25.40000000 7.12410789 126.29500287
v 25.40000000 7.07190313 140.30539395
v 25.40000000 7.12411357 154.31311107
v 25.40000000 34.50415817 154.36149401
v 25.40000000 34.60666511 154.39121127
v 25.40000000 34.86789059 154.54523995
v 25.40000000 34.93751807 154.78978473
v 25.40000000 34.97794507 155.04301930
v 25.40000000 34.98662991 171.83264610
v 25.40000000 34.97306443 181.28729100
v 25.40000000 34.93600306 181.50159922
v 25.40000000 34.87006509 181.76281411
v 25.40000000 34.72019134 182.29516969
v 25.40000000 21.19340491 182.29468439
v 25.40000000 7.12207251 182.42252994
v 25.40000000 7.12303341 238.16234337
v 25.40000000 8.92764569 238.21246098
v 25.40000000 32.99861991 238.22013770
v 25.40000000 33.80821975 238.19975659
v 25.40000000 34.21641350 238.21863965
v 25.40000000 34.52214607 238.27009674
v 25.40000000 34.67453406 238.31228907
v 25.40000000 34.82644054 238.36756369
v 25.40000000 34.91530129 238.64814983
v 25.40000000 34.96797264 238.92714860
v 25.40000000 34.98677451 255.42713600
v 25.40000000 34.97302841 265.21254878
v 25.40000000 34.94426399 265.42681508
v 25.40000000 34.88342213 265.68874257
v 25.40000000 34.74166242 266.21935438
v 25.40000000 8.92765083 266.22166565
v 25.40000000 7.12240682 266.27171979
v 25.40000000 7.07434584 267.40313721
v 25.40000000 7.07417656 292.45904277
v 25.40000000 7.12468886 294.28710567
v 25.40000000 7.51860929 294.24121380
v 25.40000000 7.91254138 294.21568198
v 25.40000000 33.67279550 294.21708525
v 25.40000000 34.23792418 294.26396069
v 25.40000000 34.79634603 294.34296691
v 25.40000000 34.93152635 294.72238049
v 25.40000000 34.95239352 294.80779473
v 25.40000000 34.95984046 294.88453150
v 25.40000000 34.96664767 308.14021533
v 25.40000000 34.96324699 321.39479398
v 25.40000000 34.95631253 321.47098504
v 25.40000000 34.93688768 321.55365835
v 25.40000000 34.83408636 321.83593298
v 25.40000000 34.71548897 321.91158120
v 25.40000000 34.61231244 321.97721392
v 25.40000000 34.51676915 322.00531603
v 25.40000000 7.12411072 322.05814934
v 25.40000000 7.07190764 336.06642255
v 25.40000000 7.12410702 350.07625580
v 25.40000000 33.18376621 350.07791553
v 25.40000000 33.91994923 350.04940398
v 25.40000000 34.21958413 350.06496460
v 25.40000000 34.44244749 350.10700197
v 25.40000000 34.61916123 350.16645334
v 25.40000000 34.72601337 350.21628715
v 25.40000000 34.83184304 350.27767527
v 25.40000000 34.93981504 350.59045117
v 25.40000000 34.95862176 350.67415488
v 25.40000000 34.96512313 350.75079763
v 25.40000000 34.96789089 378.02562392
v 25.40000000 34.96140899 405.30013117
v 25.40000000 34.95453792 405.37803735
v 25.40000000 34.93441784 405.46409152
v 25.40000000 34.81258441 405.81352451
v 25.40000000 34.59979269 405.89661873
v 25.40000000 34.38377973 405.95176214
v 25.40000000 34.16524038 405.98408039
v 25.40000000 33.58682082 405.99797457
v 25.40000000 33.00830325 405.98249484
v 25.40000000 8.75496116 405.98332029
v 25.40000000 7.12479316 405.90777526
v 25.40000000 7.07207309 420.02912023
v 25.40000000 7.12240678 433.92554917
v 25.40000000 8.92764569 433.97560317
v 25.40000000 32.99861991 433.98336243
v 25.40000000 33.80821975 433.96298131
v 25.40000000 34.21641350 433.98186438
v 25.40000000 34.52214607 434.03332147
v 25.40000000 34.67453406 434.07551380
v 25.40000000 34.82644054 434.13078842
v 25.40000000 34.91530129 434.41137456
v 25.40000000 34.96797264 434.69037333
v 25.40000000 34.98676871 451.19036072
v 25.40000000 34.97299754 460.97577351
v 25.40000000 34.94422730 461.19004090
v 25.40000000 34.88338805 461.45196730
v 25.40000000 34.74163670 461.98257911
v 25.40000000 8.92765083 461.98480784
v 25.40000000 7.12303131 462.03492538
v 25.40000000 7.07413488 463.67434600
v 25.40000000 7.12207023 517.77474363
v 25.40000000 32.98086883 517.90729949
v 25.40000000 33.79848001 517.89092358
v 25.40000000 34.22208356 517.91900258
v 25.40000000 34.54797195 517.98283994
v 25.40000000 34.71385904 518.03341043
v 25.40000000 34.88185477 518.09872215
v 25.40000000 34.98243905 519.58387803
v 25.40000000 34.79131913 545.69181572
v 25.40000000 34.64779910 545.78249179
v 25.40000000 34.56934292 545.82279605
v 25.40000000 34.50416331 545.83577481
v 25.40000000 7.12411205 545.88423988
v 25.40000000 7.07425322 547.17994324
v 25.40000000 7.07409191 572.14803742
v 25.40000000 7.12411038 573.90232378
v 25.40000000 34.47903911 573.94213535
v 25.40000000 34.58714805 573.97023123
v 25.40000000 34.89360649 574.12753220
v 25.40000000 34.98761662 582.40512162
v 25.40000000 34.97558908 592.60807275
v 25.40000000 34.93463983 593.11066751
v 25.40000000 34.80189930 593.89259779
v 25.40000000 37.60000000 593.89259779
v 25.40000000 37.60000000 -593.89259779
v 25.40000000 7.10000000 -593.89259779
v 25.40000000 7.08161127 -574.39593691
v 25.40000000 7.08153094 -573.36117118
v 25.40000000 7.12120491 -572.95231238
v 25.40000000 34.50440154 -572.90395546
v 25.40000000 34.60595787 -572.87464998
v 25.40000000 34.85627778 -572.72635339
v 25.40000000 34.92822140 -572.51858355
v 25.40000000 34.97353063 -572.30436416
v 25.40000000 34.98682075 -555.97488156
v 25.40000000 34.97309015 -545.97819657
v 25.40000000 34.93602824 -545.76386607
v 25.40000000 34.87008053 -545.50263283
v 25.40000000 34.72019648 -544.97028692
v 25.40000000 21.19018593 -544.97076474
v 25.40000000 7.12151788 -544.84291701
v 25.40000000 7.07214239 -531.00482017
v 25.40000000 7.12151834 -517.16693697
v 25.40000000 9.40892837 -517.04487300
v 25.40000000 33.59919625 -517.04967554
v 25.40000000 34.16257388 -517.02983400
v 25.40000000 34.51747813 -516.96673009
v 25.40000000 34.69840266 -516.91361067
v 25.40000000 34.88183419 -516.84310947
v 25.40000000 34.79134486 -489.24975794
v 25.40000000 34.60219169 -489.13325800
v 25.40000000 34.50441674 -489.10589247
v 25.40000000 7.12411061 -489.05755032
v 25.40000000 7.07194160 -475.08647234
v 25.40000000 7.12486551 -461.03719273
v 25.40000000 11.78878992 -461.11422794
v 25.40000000 34.26505741 -461.10891608
v 25.40000000 34.50931920 -461.05603618
v 25.40000000 34.65531737 -461.00548349
v 25.40000000 34.79836296 -460.93863335
v 25.40000000 34.79836296 -433.37077801
v 25.40000000 34.61147909 -433.28701581
v 25.40000000 34.41978657 -433.22984307
v 25.40000000 34.22414131 -433.19477704
v 25.40000000 17.18310174 -433.19129162
v 25.40000000 7.12543526 -433.27064162
v 25.40000000 7.12467546 -377.18917524
v 25.40000000 34.32670458 -377.18425554
v 25.40000000 34.51291725 -377.13786824
v 25.40000000 34.67344262 -377.07513360
v 25.40000000 34.83183275 -376.98785873
v 25.40000000 34.90661494 -376.77632388
v 25.40000000 34.94777292 -376.64475009
v 25.40000000 34.96087845 -376.57581267
v 25.40000000 34.96513047 -376.51338808
v 25.40000000 34.96367309 -328.02709650
v 25.40000000 34.96141050 -321.96231223
v 25.40000000 34.95093245 -321.86766806
v 25.40000000 34.91910688 -321.75273164
v 25.40000000 34.81258955 -321.45186503
v 25.40000000 34.59979245 -321.36887687
v 25.40000000 34.38377766 -321.31378782
v 25.40000000 34.16523904 -321.28148266
v 25.40000000 33.58682628 -321.26750350
v 25.40000000 33.00830840 -321.28287407
v 25.40000000 9.10532594 -321.28176779
v 25.40000000 7.12543511 -321.35764159
v 25.40000000 7.12467506 -265.27617458
v 25.40000000 34.32669700 -265.27125927
v 25.40000000 34.51290047 -265.22487335
v 25.40000000 34.67341511 -265.16213734
v 25.40000000 34.83179159 -265.07485807
v 25.40000000 34.93980764 -264.76198697
v 25.40000000 34.95861614 -264.67828996
v 25.40000000 34.96511799 -264.60165302
v 25.40000000 34.96789282 -237.32684751
v 25.40000000 34.96142996 -210.05250776
v 25.40000000 34.95469402 -209.97512375
v 25.40000000 34.93505127 -209.89044031
v 25.40000000 34.82361580 -209.57561768
v 25.40000000 34.67644325 -209.49912029
v 25.40000000 34.52765521 -209.44076782
v 25.40000000 34.37751252 -209.39836638
v 25.40000000 34.22627597 -209.36972207
v 25.40000000 34.02337651 -209.34913771
v 25.40000000 27.61867855 -209.36725692
v 25.40000000 8.75496630 -209.36896541
v 25.40000000 7.12543463 -209.44463926
v 25.40000000 7.12467697 -153.36311325
v 25.40000000 34.50418904 -153.31469011
v 25.40000000 34.60615428 -153.28529669
v 25.40000000 34.85631380 -153.13709380
v 25.40000000 34.92823814 -152.92932514
v 25.40000000 34.97353490 -152.71510586
v 25.40000000 34.98681686 -136.38561962
v 25.40000000 34.97307986 -126.38893439
v 25.40000000 34.93602124 -126.17460653
v 25.40000000 34.87007796 -125.91338033
v 25.40000000 34.72020163 -125.38105571
v 25.40000000 21.19018803 -125.38152307
v 25.40000000 7.12151909 -125.25370037
v 25.40000000 7.07428924 -98.71160329
v 25.40000000 7.12155770 -97.57683243
v 25.40000000 8.58045007 -97.45637747
v 25.40000000 32.99907269 -97.44477985
v 25.40000000 33.81161931 -97.46372519
v 25.40000000 34.22360617 -97.43826794
v 25.40000000 34.53346662 -97.37661401
v 25.40000000 34.68837981 -97.32713804
v 25.40000000 34.84314198 -97.26289118
v 25.40000000 34.93365412 -96.90839892
v 25.40000000 34.98099858 -96.55527103
v 25.40000000 34.99811705 -96.08695797
v 25.40000000 34.99054087 -43.39764685
v 25.40000000 34.99211351 -42.86604474
v 25.40000000 34.96428706 -42.48292807
v 25.40000000 34.73309045 -41.53083164
v 25.40000000 21.19994136 -41.53129899
v 25.40000000 7.12151900 -41.40347436
v 25.40000000 7.07214239 -27.56542803
v 25.40000000 33.26994148 -587.25869861
v 25.40000000 33.84148282 -587.25869861
v 25.40000000 33.84148282 -584.99389284
v 25.40000000 34.99145569 -584.99389284
v 25.40000000 34.99145569 -584.22477527
v 25.40000000 33.84148282 -584.22477527
v 25.40000000 33.84148282 -583.68165597
v 25.40000000 33.19242683 -583.58278173
v 25.40000000 33.19242683 -584.22477527
v 25.40000000 30.11595656 -584.22477527
v 25.40000000 30.11595656 -584.97976795
v 25.40000000 7.12336968 -41.44469557
v 25.40000000 7.12336968 -97.53644646
v 25.40000000 7.12612238 14.33338299
v 25.40000000 7.12336968 -13.68626367
v 25.40000000 7.08067963 -13.73017779
v 25.40000000 7.08068477 -41.40078145
v 25.40000000 -9.32611505 -15.42407938
v 25.40000000 -8.95653113 -15.34680615
v 25.40000000 -8.60101539 -15.21963701
v 25.40000000 -8.26626979 -15.04496929
v 25.40000000 -7.95860475 -14.82609570
v 25.40000000 -7.68382016 -14.56714231
v 25.40000000 -7.44709609 -14.27299074
v 25.40000000 -7.25289511 -13.94918615
v 25.40000000 7.07695447 -461.03635672
v 25.40000000 7.07773140 -489.05747888
v 25.40000000 7.07695447 -433.27305464
v 25.40000000 7.07773140 -377.18916620
v 25.40000000 7.12709483 -433.32503757
v 25.40000000 7.12709998 -460.98435315
v 25.40000000 7.07695447 294.29187134
v 25.40000000 7.07890452 266.27300886
v 25.40000000 -9.33052190 289.37531488
v 25.40000000 -8.96509775 289.45079344
v 25.40000000 -8.61325530 289.57504607
v 25.40000000 -8.28147226 289.74578517
v 25.40000000 -7.97585703 289.95986730
v 25.40000000 -7.70203623 290.21335103
v 25.40000000 -7.46505114 290.50156951
v 25.40000000 -7.26926484 290.81921640
v 25.40000000 -7.11828192 291.16044357
v 25.40000000 -7.01488209 291.51896875
v 25.40000000 -6.96096904 291.88819119
v 25.40000000 -6.95753534 292.26131320
v 25.40000000 -7.00464422 292.63146530
v 25.40000000 -7.10142835 292.99183270
v 25.40000000 -7.24610588 293.33578072
v 25.40000000 -7.43601315 293.65697700
v 25.40000000 -7.66765383 293.94950806
v 25.40000000 7.07774169 322.05822760
v 25.40000000 7.07774169 350.07626462
v 25.40000000 7.12612238 322.00969093
v 25.40000000 7.12709483 294.34387491
v 25.40000000 7.12336968 -544.88416117
v 25.40000000 7.12612238 -572.90383750
v 25.40000000 7.12612238 -489.10602586
v 25.40000000 7.12336968 -517.12570347
v 25.40000000 7.08067963 -517.16963307
v 25.40000000 7.08068477 -544.84022125
v 25.40000000 0.37445829 -534.01821144
v 25.40000000 0.74194112 -534.09457525
v 25.40000000 1.09560300 -534.22026671
v 25.40000000 1.42885586 -534.39294443
v 25.40000000 1.73549185 -534.60939174
v 25.40000000 2.00979890 -534.86557665
v 25.40000000 2.24666721 -535.15672690
v 25.40000000 2.44168435 -535.47741894
v 25.40000000 2.59121754 -535.82167886
v 25.40000000 2.69248124 -536.18309375
v 25.40000000 2.74358912 -536.55493115
v 25.40000000 2.74358912 -536.93026443
v 25.40000000 2.69248124 -537.30210183
v 25.40000000 2.59121754 -537.66351672
v 25.40000000 2.44168435 -538.00777664
v 25.40000000 2.24666721 -538.32846868
v 25.40000000 2.00979890 -538.61961893
v 25.40000000 1.73549185 -538.87580384
v 25.40000000 1.42885586 -539.09225115
v 25.40000000 1.09560300 -539.26492887
v 25.40000000 0.74194112 -539.39062033
v 25.40000000 0.37445829 -539.46698414
v 25.40000000 7.12336968 -125.29491964
v 25.40000000 7.12612753 -153.31460757
v 25.40000000 7.08067963 -97.58044313
v 25.40000000 7.08068477 -125.25100551
v 25.40000000 7.07772626 -572.95237932
v 25.40000000 7.08069506 517.77200766
v 25.40000000 7.07890452 462.03623359
v 25.40000000 7.07774169 545.88431147
v 25.40000000 7.07774169 573.90226595
v 25.40000000 7.12612753 545.83569226
v 25.40000000 7.12335939 517.81608688
v 25.40000000 7.08069506 182.42526116
v 25.40000000 7.07890452 238.16103523
v 25.40000000 7.07774169 154.31303989
v 25.40000000 7.07774169 126.29500287
v 25.40000000 7.12335939 182.38126449
v 25.40000000 7.12612238 154.36149401
v 25.40000000 7.07774169 14.38200220
v 25.40000000 -7.76962557 14.65584678
v 25.40000000 -8.03932490 14.88982889
v 25.40000000 -8.33706636 15.08689582
v 25.40000000 -8.65783078 15.24372548
v 25.40000000 -8.99621083 15.35767412
v 25.40000000 -9.34650226 15.42682084
v 25.40000000 7.07695447 70.46587001
v 25.40000000 7.07774169 -153.36318550
v 25.40000000 7.07695447 -209.44705331
v 25.40000000 7.07890452 433.92425996
v 25.40000000 7.07695447 405.90539748
v 25.40000000 7.12445018 461.99042092
v 25.40000000 7.12445018 433.97007263
v 25.40000000 7.12445018 266.22719619
v 25.40000000 7.12445018 238.20676535
v 25.40000000 7.12612238 573.95080262
v 25.40000000 7.12709483 405.85339391
v 25.40000000 7.12612238 350.12480128
v 25.40000000 7.12612238 126.24646620
v 25.40000000 7.12709483 70.51787357
v 25.40000000 7.07695447 -321.36005397
v 25.40000000 7.07773140 -265.27616553
v 25.40000000 -9.32834171 -320.22438635
v 25.40000000 -8.96085888 -320.14802254
v 25.40000000 -8.60719700 -320.02233108
v 25.40000000 -8.27394414 -319.84965336
v 25.40000000 -7.96730815 -319.63320605
v 25.40000000 -7.69300110 -319.37702114
v 25.40000000 -7.45613279 -319.08587089
v 25.40000000 -7.26111565 -318.76517885
v 25.40000000 -7.11158246 -318.42091893
v 25.40000000 -7.01031876 -318.05950404
v 25.40000000 -6.95921088 -317.68766664
v 25.40000000 -6.95921088 -317.31233336
v 25.40000000 -7.01031876 -316.94049596
v 25.40000000 -7.11158246 -316.57908107
v 25.40000000 -7.26111565 -316.23482115
v 25.40000000 -7.45613279 -315.91412911
v 25.40000000 -7.69300110 -315.62297886
v 25.40000000 -7.96730815 -315.36679395
v 25.40000000 -8.27394414 -315.15034664
v 25.40000000 -8.60719700 -314.97766892
v 25.40000000 -8.96085888 -314.85197746
v 25.40000000 -9.32834171 -314.77561365
v 25.40000000 -9.32834171 -294.82438635
v 25.40000000 -8.96085888 -294.74802254
v 25.40000000 -8.60719700 -294.62233108
v 25.40000000 -8.27394414 -294.44965336
v 25.40000000 -7.96730815 -294.23320605
v 25.40000000 -7.69300110 -293.97702114
v 25.40000000 -7.45613279 -293.68587089
v 25.40000000 -7.26111565 -293.36517885
v 25.40000000 -7.11158246 -293.02091893
v 25.40000000 -7.01031876 -292.65950404
v 25.40000000 -6.95921088 -292.28766664
v 25.40000000 -6.95921088 -291.91233336
v 25.40000000 -7.01031876 -291.54049596
v 25.40000000 -7.11158246 -291.17908107
v 25.40000000 -7.26111565 -290.83482115
v 25.40000000 -7.45613279 -290.51412911
v 25.40000000 -7.69300110 -290.22297886
v 25.40000000 -7.96730815 -289.96679395
v 25.40000000 -8.27394414 -289.75034664
v 25.40000000 -8.60719700 -289.57766892
v 25.40000000 -8.96085888 -289.45197746
v 25.40000000 -9.32834171 -289.37561365
v 25.40000000 7.12709483 -321.41205754
v 25.40000000 7.12612753 -377.14060890
v 25.40000000 7.12709483 -209.49905688
v 25.40000000 7.12612753 -265.22760823
v 25.40000000 31.16739970 -584.99389284
v 25.40000000 33.19242683 -586.42619129
v 25.40000000 33.19242683 -584.99389284
v 22.91880000 25.40000000 572.93104498
v 22.91880000 25.40000000 -593.89259779
v 20.92000000 25.40000000 570.96206451
v 21.41368358 25.40000000 571.24752691
v 21.86729967 25.40000000 571.59313464
v 22.27356325 25.40000000 571.99333729
v 22.62594979 25.40000000 572.44170766
v 20.92000000 25.40000000 -593.89259779
v 24.51950750 37.88678822 593.89259779
v 23.50922398 36.44395382 593.89259779
v 23.47732620 36.39190138 593.89259779
v 23.45200979 36.33634957 593.89259779
v 23.43365214 36.27812654 593.89259779
v 23.42252692 36.21810027 593.89259779
v 23.41880000 36.15716560 593.89259779
v 23.41880000 -22.41880000 593.89259779
v 23.41024486 -22.54932619 593.89259779
v 23.38472583 -22.67761905 593.89259779
v 23.34267953 -22.80148343 593.89259779
v 23.28482540 -22.91880000 593.89259779
v 23.21215334 -23.02756143 593.89259779
v 23.12590678 -23.12590678 593.89259779
v 23.02756143 -23.21215334 593.89259779
v 22.91880000 -23.28482540 593.89259779
v 22.80148343 -23.34267953 593.89259779
v 22.67761905 -23.38472583 593.89259779
v 22.54932619 -23.41024486 593.89259779
v 22.41880000 -23.41880000 593.89259779
v -22.41880000 -23.41880000 593.89259779
v -22.54932619 -23.41024486 593.89259779
v -22.67761905 -23.38472583 593.89259779
v -22.80148343 -23.34267953 593.89259779
v -22.91880000 -23.28482540 593.89259779
v -23.02756143 -23.21215334 593.89259779
v -23.12590678 -23.12590678 593.89259779
v -23.21215334 -23.02756143 593.89259779
v -23.28482540 -22.91880000 593.89259779
v -23.34267953 -22.80148343 593.89259779
v -23.38472583 -22.67761905 593.89259779
v -23.41024486 -22.54932619 593.89259779
v -23.41880000 -22.41880000 593.89259779
v -23.41880000 25.39991164 593.89259779
v -23.67812863 25.38056670 593.89259779
v -23.93275511 25.32773753 593.89259779
v -24.17837463 25.24231727 593.89259779
v -24.41083464 25.12575008 593.89259779
v -24.62620508 24.98000668 593.89259779
v -24.82084482 24.80755106 593.89259779
v -24.99146320 24.61129884 593.89259779
v -25.13517568 24.39456793 593.89259779
v -25.24955260 24.16102246 593.89259779
v -25.33266026 23.91461084 593.89259779
v -25.38309361 23.65949902 593.89259779
v -25.40000000 23.40000000 593.89259779
v -25.40000000 -23.40000000 593.89259779
v -25.38288972 -23.66105238 593.89259779
v -25.33185165 -23.91763809 593.89259779
v -25.24775907 -24.16536686 593.89259779
v -25.13205081 -24.40000000 593.89259779
v -24.98670668 -24.61752286 593.89259779
v -24.81421356 -24.81421356 593.89259779
v -24.61752286 -24.98670668 593.89259779
v -24.40000000 -25.13205081 593.89259779
v -24.16536686 -25.24775907 593.89259779
v -23.91763809 -25.33185165 593.89259779
v -23.66105238 -25.38288972 593.89259779
v -23.40000000 -25.40000000 593.89259779
v 23.40000000 -25.40000000 593.89259779
v 23.66105238 -25.38288972 593.89259779
v 23.91763809 -25.33185165 593.89259779
v 24.16536686 -25.24775907 593.89259779
v 24.40000000 -25.13205081 593.89259779
v 24.61752286 -24.98670668 593.89259779
v 24.81421356 -24.81421356 593.89259779
v 24.98670668 -24.61752286 593.89259779
v 25.13205081 -24.40000000 593.89259779
v 25.24775907 -24.16536686 593.89259779
v 25.33185165 -23.91763809 593.89259779
v 25.38288972 -23.66105238 593.89259779
v 25.39587917 37.66406129 593.89259779
v 25.38358460 37.72706664 593.89259779
v 25.36331896 37.78797750 593.89259779
v 25.33541628 37.84578988 593.89259779
v 25.30033649 37.89955082 593.89259779
v 25.25865783 37.94837417 593.89259779
v 25.21106730 37.99145515 593.89259779
v 25.15834934 38.02808366 593.89259779
v 25.10137294 38.05765592 593.89259779
v 25.04107723 38.07968450 593.89259779
v 24.97845611 38.09380628 593.89259779
v 24.91454176 38.09978849 593.89259779
v 24.84840515 38.09344807 593.89259779
v 24.78369308 38.07839483 593.89259779
v 24.72154816 38.05489457 593.89259779
v 24.66306770 38.02336224 593.89259779
v 24.60928429 37.98435459 593.89259779
v 24.56114757 37.93856038 593.89259779
v 17.43880000 25.40000000 570.49259779
v 17.43880000 25.40000000 -593.89259779
v -18.91880000 25.40000000 570.49259779
v -23.40000000 25.40000000 574.58168836
v -23.30444044 25.40000000 573.98455119
v -23.12967850 25.40000000 573.40561881
v -22.87887029 25.40000000 572.85534645
v -22.55654528 25.40000000 572.34367173
v -22.16852449 25.40000000 571.87983523
v -21.72181537 25.40000000 571.47221360
v -21.22448525 25.40000000 571.12816827
v -20.68551566 25.40000000 570.85391252
v -20.11464011 25.40000000 570.65439927
v -19.52216832 25.40000000 570.53323162
v -23.40000000 25.40000000 -593.89259779
v 13.69112911 25.40000000 -3.14542788
v 14.11540475 25.40000000 -3.05726239
v 14.52372346 25.40000000 -2.91214588
v 14.90847904 25.40000000 -2.71278161
v 15.26250422 25.40000000 -2.46288335
v 15.57920419 25.40000000 -2.16710623
v 15.85267941 25.40000000 -1.83096002
v 16.07783557 25.40000000 -1.46070649
v 16.25047843 25.40000000 -1.06324277
v 16.36739198 25.40000000 -0.64597284
v 16.42639834 25.40000000 -0.21666966
v 16.42639834 25.40000000 0.21666966
v 16.36739198 25.40000000 0.64597284
v 16.25047843 25.40000000 1.06324277
v 16.07783557 25.40000000 1.46070649
v 15.85267941 25.40000000 1.83096002
v 15.57920419 25.40000000 2.16710623
v 15.26250422 25.40000000 2.46288335
v 14.90847904 25.40000000 2.71278161
v 14.52372346 25.40000000 2.91214588
v 14.11540475 25.40000000 3.05726239
v 13.69112911 25.40000000 3.14542788
v 13.69112911 25.40000000 -307.94542788
v 14.11540475 25.40000000 -307.85726239
v 14.52372346 25.40000000 -307.71214588
v 14.90847904 25.40000000 -307.51278161
v 15.26250422 25.40000000 -307.26288335
v 15.57920419 25.40000000 -306.96710623
v 15.85267941 25.40000000 -306.63096002
v 16.07783557 25.40000000 -306.26070649
v 16.25047843 25.40000000 -305.86324277
v 16.36739198 25.40000000 -305.44597284
v 16.42639834 25.40000000 -305.01666966
v 16.42639834 25.40000000 -304.58333034
v 16.36739198 25.40000000 -304.15402716
v 16.25047843 25.40000000 -303.73675723
v 16.07783557 25.40000000 -303.33929351
v 15.85267941 25.40000000 -302.96903998
v 15.57920419 25.40000000 -302.63289377
v 15.26250422 25.40000000 -302.33711665
v 14.90847904 25.40000000 -302.08721839
v 14.52372346 25.40000000 -301.88785412
v 14.11540475 25.40000000 -301.74273761
v 13.69112911 25.40000000 -301.65457212
v 13.69112911 25.40000000 301.65457212
v 14.11540475 25.40000000 301.74273761
v 14.52372346 25.40000000 301.88785412
v 14.90847904 25.40000000 302.08721839
v 15.26250422 25.40000000 302.33711665
v 15.57920419 25.40000000 302.63289377
v 15.85267941 25.40000000 302.96903998
v 16.07783557 25.40000000 303.33929351
v 16.25047843 25.40000000 303.73675723
v 16.36739198 25.40000000 304.15402716
v 16.42639834 25.40000000 304.58333034
v 16.42639834 25.40000000 305.01666966
v 16.36739198 25.40000000 305.44597284
v 16.25047843 25.40000000 305.86324277
v 16.07783557 25.40000000 306.26070649
v 15.85267941 25.40000000 306.63096002
v 15.57920419 25.40000000 306.96710623
v 15.26250422 25.40000000 307.26288335
v 14.90847904 25.40000000 307.51278161
v 14.52372346 25.40000000 307.71214588
v 14.11540475 25.40000000 307.85726239
v 13.69112911 25.40000000 307.94542788
v 0.37445829 25.40000000 540.36821144
v 0.74194112 25.40000000 540.44457525
v 1.09560300 25.40000000 540.57026671
v 1.42885586 25.40000000 540.74294443
v 1.73549185 25.40000000 540.95939174
v 2.00979890 25.40000000 541.21557665
v 2.24666721 25.40000000 541.50672690
v 2.44168435 25.40000000 541.82741894
v 2.59121754 25.40000000 542.17167886
v 2.69248124 25.40000000 542.53309375
v 2.74358912 25.40000000 542.90493115
v 2.74358912 25.40000000 543.28026443
v 2.69248124 25.40000000 543.65210183
v 2.59121754 25.40000000 544.01351672
v 2.44168435 25.40000000 544.35777664
v 2.24666721 25.40000000 544.67846868
v 2.00979890 25.40000000 544.96961893
v 1.73549185 25.40000000 545.22580384
v 1.42885586 25.40000000 545.44225115
v 1.09560300 25.40000000 545.61492887
v 0.74194112 25.40000000 545.74062033
v 0.37445829 25.40000000 545.81698414
v 0.37445829 25.40000000 -545.81698414
v 0.74194112 25.40000000 -545.74062033
v 1.09560300 25.40000000 -545.61492887
v 1.42885586 25.40000000 -545.44225115
v 1.73549185 25.40000000 -545.22580384
v 2.00979890 25.40000000 -544.96961893
v 2.24666721 25.40000000 -544.67846868
v 2.44168435 25.40000000 -544.35777664
v 2.59121754 25.40000000 -544.01351672
v 2.69248124 25.40000000 -543.65210183
v 2.74358912 25.40000000 -543.28026443
v 2.74358912 25.40000000 -542.90493115
v 2.69248124 25.40000000 -542.53309375
v 2.59121754 25.40000000 -542.17167886
v 2.44168435 25.40000000 -541.82741894
v 2.24666721 25.40000000 -541.50672690
v 2.00979890 25.40000000 -541.21557665
v 1.73549185 25.40000000 -540.95939174
v 1.42885586 25.40000000 -540.74294443
v 1.09560300 25.40000000 -540.57026671
v 0.74194112 25.40000000 -540.44457525
v 0.37445829 25.40000000 -540.36821144
v 22.41880000 23.41880000 -593.89259779
v -22.41880000 23.41880000 -593.89259779
v 22.41880000 23.41880000 572.16417067
v 22.03138149 23.41880000 571.74269987
v 21.59358822 23.41880000 571.37382618
v 21.11250556 23.41880000 571.06351954
v 20.59591946 23.41880000 570.81680202
v 20.05219046 23.41880000 570.63766655
v 19.49011841 23.41880000 570.52901232
v 18.91880000 23.41880000 570.49259779
v -18.91880000 23.41880000 570.49259779
v -19.49011841 23.41880000 570.52901232
v -20.05219046 23.41880000 570.63766655
v -20.59591946 23.41880000 570.81680202
v -21.11250556 23.41880000 571.06351954
v -21.59358822 23.41880000 571.37382618
v -22.03138149 23.41880000 571.74269987
v -22.41880000 23.41880000 572.16417067
v 0.37445829 23.41880000 -545.81698414
v 0.74194112 23.41880000 -545.74062033
v 1.09560300 23.41880000 -545.61492887
v 1.42885586 23.41880000 -545.44225115
v 1.73549185 23.41880000 -545.22580384
v 2.00979890 23.41880000 -544.96961893
v 2.24666721 23.41880000 -544.67846868
v 2.44168435 23.41880000 -544.35777664
v 2.59121754 23.41880000 -544.01351672
v 2.69248124 23.41880000 -543.65210183
v 2.74358912 23.41880000 -543.28026443
v 2.74358912 23.41880000 -542.90493115
v 2.69248124 23.41880000 -542.53309375
v 2.59121754 23.41880000 -542.17167886
v 2.44168435 23.41880000 -541.82741894
v 2.24666721 23.41880000 -541.50672690
v 2.00979890 23.41880000 -541.21557665
v 1.73549185 23.41880000 -540.95939174
v 1.42885586 23.41880000 -540.74294443
v 1.09560300 23.41880000 -540.57026671
v 0.74194112 23.41880000 -540.44457525
v 0.37445829 23.41880000 -540.36821144
v 0.37445829 23.41880000 540.36821144
v 0.74194112 23.41880000 540.44457525
v 1.09560300 23.41880000 540.57026671
v 1.42885586 23.41880000 540.74294443
v 1.73549185 23.41880000 540.95939174
v 2.00979890 23.41880000 541.21557665
v 2.24666721 23.41880000 541.50672690
v 2.44168435 23.41880000 541.82741894
v 2.59121754 23.41880000 542.17167886
v 2.69248124 23.41880000 542.53309375
v 2.74358912 23.41880000 542.90493115
v 2.74358912 23.41880000 543.28026443
v 2.69248124 23.41880000 543.65210183
v 2.59121754 23.41880000 544.01351672
v 2.44168435 23.41880000 544.35777664
v 2.24666721 23.41880000 544.67846868
v 2.00979890 23.41880000 544.96961893
v 1.73549185 23.41880000 545.22580384
v 1.42885586 23.41880000 545.44225115
v 1.09560300 23.41880000 545.61492887
v 0.74194112 23.41880000 545.74062033
v 0.37445829 23.41880000 545.81698414
v 13.69112911 23.41880000 301.65457212
v 14.11540475 23.41880000 301.74273761
v 14.52372346 23.41880000 301.88785412
v 14.90847904 23.41880000 302.08721839
v 15.26250422 23.41880000 302.33711665
v 15.57920419 23.41880000 302.63289377
v 15.85267941 23.41880000 302.96903998
v 16.07783557 23.41880000 303.33929351
v 16.25047843 23.41880000 303.73675723
v 16.36739198 23.41880000 304.15402716
v 16.42639834 23.41880000 304.58333034
v 16.42639834 23.41880000 305.01666966
v 16.36739198 23.41880000 305.44597284
v 16.25047843 23.41880000 305.86324277
v 16.07783557 23.41880000 306.26070649
v 15.85267941 23.41880000 306.63096002
v 15.57920419 23.41880000 306.96710623
v 15.26250422 23.41880000 307.26288335
v 14.90847904 23.41880000 307.51278161
v 14.52372346 23.41880000 307.71214588
v 14.11540475 23.41880000 307.85726239
v 13.69112911 23.41880000 307.94542788
v 13.69112911 23.41880000 -307.94542788
v 14.11540475 23.41880000 -307.85726239
v 14.52372346 23.41880000 -307.71214588
v 14.90847904 23.41880000 -307.51278161
v 15.26250422 23.41880000 -307.26288335
v 15.57920419 23.41880000 -306.96710623
v 15.85267941 23.41880000 -306.63096002
v 16.07783557 23.41880000 -306.26070649
v 16.25047843 23.41880000 -305.86324277
v 16.36739198 23.41880000 -305.44597284
v 16.42639834 23.41880000 -305.01666966
v 16.42639834 23.41880000 -304.58333034
v 16.36739198 23.41880000 -304.15402716
v 16.25047843 23.41880000 -303.73675723
v 16.07783557 23.41880000 -303.33929351
v 15.85267941 23.41880000 -302.96903998
v 15.57920419 23.41880000 -302.63289377
v 15.26250422 23.41880000 -302.33711665
v 14.90847904 23.41880000 -302.08721839
v 14.52372346 23.41880000 -301.88785412
v 14.11540475 23.41880000 -301.74273761
v 13.69112911 23.41880000 -301.65457212
v 13.69112911 23.41880000 -3.14542788
v 14.11540475 23.41880000 -3.05726239
v 14.52372346 23.41880000 -2.91214588
v 14.90847904 23.41880000 -2.71278161
v 15.26250422 23.41880000 -2.46288335
v 15.57920419 23.41880000 -2.16710623
v 15.85267941 23.41880000 -1.83096002
v 16.07783557 23.41880000 -1.46070649
v 16.25047843 23.41880000 -1.06324277
v 16.36739198 23.41880000 -0.64597284
v 16.42639834 23.41880000 -0.21666966
v 16.42639834 23.41880000 0.21666966
v 16.36739198 23.41880000 0.64597284
v 16.25047843 23.41880000 1.06324277
v 16.07783557 23.41880000 1.46070649
v 15.85267941 23.41880000 1.83096002
v 15.57920419 23.41880000 2.16710623
v 15.26250422 23.41880000 2.46288335
v 14.90847904 23.41880000 2.71278161
v 14.52372346 23.41880000 2.91214588
v 14.11540475 23.41880000 3.05726239
v 13.69112911 23.41880000 3.14542788
v 18.43880000 26.40000000 570.49259779
v 18.43880000 37.60000000 570.49259779
v 18.43880000 37.60000000 -593.89259779
v 18.43880000 26.40000000 -593.89259779
v 20.42000000 36.15716560 -593.89259779
v 20.42000000 36.15716560 570.75038156
v 20.42000000 25.90000000 -593.89259779
v 20.42000000 25.90000000 570.75038156
v 19.31929250 37.88678822 -593.89259779
v 20.32957602 36.44395382 -593.89259779
v 19.31929250 37.88678822 570.51045480
v 20.32957602 36.44395382 570.71945948
v 22.98406310 25.40427757 -593.89259779
v 23.04820952 25.41703709 -593.89259779
v 23.11014172 25.43806023 -593.89259779
v 23.16880000 25.46698730 -593.89259779
v 23.22318071 25.50332333 -593.89259779
v 23.27235339 25.54644661 -593.89259779
v 23.31547667 25.59561929 -593.89259779
v 23.35181270 25.65000000 -593.89259779
v 23.38073977 25.70865828 -593.89259779
v 23.40176291 25.77059048 -593.89259779
v 23.41452243 25.83473690 -593.89259779
v 23.41880000 25.90000000 -593.89259779
v 20.42427757 25.83473690 -593.89259779
v 20.43703709 25.77059048 -593.89259779
v 20.45806023 25.70865828 -593.89259779
v 20.48698730 25.65000000 -593.89259779
v 20.52332333 25.59561929 -593.89259779
v 20.56644661 25.54644661 -593.89259779
v 20.61561929 25.50332333 -593.89259779
v 20.67000000 25.46698730 -593.89259779
v 20.72865828 25.43806023 -593.89259779
v 20.79059048 25.41703709 -593.89259779
v 20.85473690 25.40427757 -593.89259779
v 20.36147380 36.39190138 -593.89259779
v 20.38679021 36.33634957 -593.89259779
v 20.40514786 36.27812654 -593.89259779
v 20.41627308 36.21810027 -593.89259779
v 18.92425824 38.09978849 -593.89259779
v 18.99039485 38.09344807 -593.89259779
v 19.05510692 38.07839483 -593.89259779
v 19.11725184 38.05489457 -593.89259779
v 19.17573230 38.02336224 -593.89259779
v 19.22951571 37.98435459 -593.89259779
v 19.27765243 37.93856038 -593.89259779
v 18.44292083 37.66406129 -593.89259779
v 18.45521540 37.72706664 -593.89259779
v 18.47548104 37.78797750 -593.89259779
v 18.50338372 37.84578988 -593.89259779
v 18.53846351 37.89955082 -593.89259779
v 18.58014217 37.94837417 -593.89259779
v 18.62773270 37.99145515 -593.89259779
v 18.68045066 38.02808366 -593.89259779
v 18.73742706 38.05765592 -593.89259779
v 18.79772277 38.07968450 -593.89259779
v 18.86034389 38.09380628 -593.89259779
v 17.56932619 25.40855514 -593.89259779
v 17.69761905 25.43407417 -593.89259779
v 17.82148343 25.47612047 -593.89259779
v 17.93880000 25.53397460 -593.89259779
v 18.04756143 25.60664666 -593.89259779
v 18.14590678 25.69289322 -593.89259779
v 18.23215334 25.79123857 -593.89259779
v 18.30482540 25.90000000 -593.89259779
v 18.36267953 26.01731657 -593.89259779
v 18.40472583 26.14118095 -593.89259779
v 18.43024486 26.26947381 -593.89259779
v -25.40000000 23.40000000 -593.89259779
v -25.38288972 23.66105238 -593.89259779
v -25.33185165 23.91763809 -593.89259779
v -25.24775907 24.16536686 -593.89259779
v -25.13205081 24.40000000 -593.89259779
v -24.98670668 24.61752286 -593.89259779
v -24.81421356 24.81421356 -593.89259779
v -24.61752286 24.98670668 -593.89259779
v -24.40000000 25.13205081 -593.89259779
v -24.16536686 25.24775907 -593.89259779
v -23.91763809 25.33185165 -593.89259779
v -23.66105238 25.38288972 -593.89259779
v -25.40000000 -23.40000000 -593.89259779
v -23.40000000 -25.40000000 -593.89259779
v -23.66105238 -25.38288972 -593.89259779
v -23.91763809 -25.33185165 -593.89259779
v -24.16536686 -25.24775907 -593.89259779
v -24.40000000 -25.13205081 -593.89259779
v -24.61752286 -24.98670668 -593.89259779
v -24.81421356 -24.81421356 -593.89259779
v -24.98670668 -24.61752286 -593.89259779
v -25.13205081 -24.40000000 -593.89259779
v -25.24775907 -24.16536686 -593.89259779
v -25.33185165 -23.91763809 -593.89259779
v -25.38288972 -23.66105238 -593.89259779
v 23.40000000 -25.40000000 -593.89259779
v 25.38288972 -23.66105238 -593.89259779
v 25.33185165 -23.91763809 -593.89259779
v 25.24775907 -24.16536686 -593.89259779
v 25.13205081 -24.40000000 -593.89259779
v 24.98670668 -24.61752286 -593.89259779
v 24.81421356 -24.81421356 -593.89259779
v 24.61752286 -24.98670668 -593.89259779
v 24.40000000 -25.13205081 -593.89259779
v 24.16536686 -25.24775907 -593.89259779
v 23.91763809 -25.33185165 -593.89259779
v 23.66105238 -25.38288972 -593.89259779
v 24.91454176 38.09978849 -593.89259779
v 24.97845611 38.09380628 -593.89259779
v 25.04107723 38.07968450 -593.89259779
v 25.10137294 38.05765592 -593.89259779
v 25.15834934 38.02808366 -593.89259779
v 25.21106730 37.99145515 -593.89259779
v 25.25865783 37.94837417 -593.89259779
v 25.30033649 37.89955082 -593.89259779
v 25.33541628 37.84578988 -593.89259779
v 25.36331896 37.78797750 -593.89259779
v 25.38358460 37.72706664 -593.89259779
v 25.39587917 37.66406129 -593.89259779
v 24.51950750 37.88678822 -593.89259779
v 24.56114757 37.93856038 -593.89259779
v 24.60928429 37.98435459 -593.89259779
v 24.66306770 38.02336224 -593.89259779
v 24.72154816 38.05489457 -593.89259779
v 24.78369308 38.07839483 -593.89259779
v 24.84840515 38.09344807 -593.89259779
v 23.50922398 36.44395382 -593.89259779
v 23.41880000 36.15716560 -593.89259779
v 23.42252692 36.21810027 -593.89259779
v 23.43365214 36.27812654 -593.89259779
v 23.45200979 36.33634957 -593.89259779
v 23.47732620 36.39190138 -593.89259779
v 22.41880000 -23.41880000 -593.89259779
v 22.54932619 -23.41024486 -593.89259779
v 22.67761905 -23.38472583 -593.89259779
v 22.80148343 -23.34267953 -593.89259779
v 22.91880000 -23.28482540 -593.89259779
v 23.02756143 -23.21215334 -593.89259779
v 23.12590678 -23.12590678 -593.89259779
v 23.21215334 -23.02756143 -593.89259779
v 23.28482540 -22.91880000 -593.89259779
v 23.34267953 -22.80148343 -593.89259779
v 23.38472583 -22.67761905 -593.89259779
v 23.41024486 -22.54932619 -593.89259779
v 23.41880000 -22.41880000 -593.89259779
v -22.41880000 -23.41880000 -593.89259779
v -23.41880000 -22.41880000 -593.89259779
v -23.41024486 -22.54932619 -593.89259779
v -23.38472583 -22.67761905 -593.89259779
v -23.34267953 -22.80148343 -593.89259779
v -23.28482540 -22.91880000 -593.89259779
v -23.21215334 -23.02756143 -593.89259779
v -23.12590678 -23.12590678 -593.89259779
v -23.02756143 -23.21215334 -593.89259779
v -22.91880000 -23.28482540 -593.89259779
v -22.80148343 -23.34267953 -593.89259779
v -22.67761905 -23.38472583 -593.89259779
v -22.54932619 -23.41024486 -593.89259779
v -23.41880000 22.41880000 -593.89259779
v -22.54932619 23.41024486 -593.89259779
v -22.67761905 23.38472583 -593.89259779
v -22.80148343 23.34267953 -593.89259779
v -22.91880000 23.28482540 -593.89259779
v -23.02756143 23.21215334 -593.89259779
v -23.12590678 23.12590678 -593.89259779
v -23.21215334 23.02756143 -593.89259779
v -23.28482540 22.91880000 -593.89259779
v -23.34267953 22.80148343 -593.89259779
v -23.38472583 22.67761905 -593.89259779
v -23.41024486 22.54932619 -593.89259779
v 23.41880000 22.41880000 -593.89259779
v 23.41024486 22.54932619 -593.89259779
v 23.38472583 22.67761905 -593.89259779
v 23.34267953 22.80148343 -593.89259779
v 23.28482540 22.91880000 -593.89259779
v 23.21215334 23.02756143 -593.89259779
v 23.12590678 23.12590678 -593.89259779
v 23.02756143 23.21215334 -593.89259779
v 22.91880000 23.28482540 -593.89259779
v 22.80148343 23.34267953 -593.89259779
v 22.67761905 23.38472583 -593.89259779
v 22.54932619 23.41024486 -593.89259779
v -25.40000000 -9.32834171 -320.22438635
v -25.40000000 -8.96085888 -320.14802254
v -25.40000000 -8.60719700 -320.02233108
v -25.40000000 -8.27394414 -319.84965336
v -25.40000000 -7.96730815 -319.63320605
v -25.40000000 -7.69300110 -319.37702114
v -25.40000000 -7.45613279 -319.08587089
v -25.40000000 -7.26111565 -318.76517885
v -25.40000000 -7.11158246 -318.42091893
v -25.40000000 -7.01031876 -318.05950404
v -25.40000000 -6.95921088 -317.68766664
v -25.40000000 -6.95921088 -317.31233336
v -25.40000000 -7.01031876 -316.94049596
v -25.40000000 -7.11158246 -316.57908107
v -25.40000000 -7.26111565 -316.23482115
v -25.40000000 -7.45613279 -315.91412911
v -25.40000000 -7.69300110 -315.62297886
v -25.40000000 -7.96730815 -315.36679395
v -25.40000000 -8.27394414 -315.15034664
v -25.40000000 -8.60719700 -314.97766892
v -25.40000000 -8.96085888 -314.85197746
v -25.40000000 -9.32834171 -314.77561365
v -25.40000000 -9.32834171 -15.42438635
v -25.40000000 -8.96085888 -15.34802254
v -25.40000000 -8.60719700 -15.22233108
v -25.40000000 -8.27394414 -15.04965336
v -25.40000000 -7.96730815 -14.83320605
v -25.40000000 -7.69300110 -14.57702114
v -25.40000000 -7.45613279 -14.28587089
v -25.40000000 -7.26111565 -13.96517885
v -25.40000000 -7.11158246 -13.62091893
v -25.40000000 -7.01031876 -13.25950404
v -25.40000000 -6.95921088 -12.88766664
v -25.40000000 -6.95921088 -12.51233336
v -25.40000000 -7.01031876 -12.14049596
v -25.40000000 -7.11158246 -11.77908107
v -25.40000000 -7.26111565 -11.43482115
v -25.40000000 -7.45613279 -11.11412911
v -25.40000000 -7.69300110 -10.82297886
v -25.40000000 -7.96730815 -10.56679395
v -25.40000000 -8.27394414 -10.35034664
v -25.40000000 -8.60719700 -10.17766892
v -25.40000000 -8.96085888 -10.05197746
v -25.40000000 -9.32834171 -9.97561365
v -25.40000000 -9.32834172 314.77561365
v -25.40000000 -8.96085888 314.85197746
v -25.40000000 -8.60719700 314.97766892
v -25.40000000 -8.27394414 315.15034664
v -25.40000000 -7.96730815 315.36679395
v -25.40000000 -7.69300110 315.62297886
v -25.40000000 -7.45613279 315.91412911
v -25.40000000 -7.26111565 316.23482115
v -25.40000000 -7.11158246 316.57908107
v -25.40000000 -7.01031876 316.94049596
v -25.40000000 -6.95921088 317.31233336
v -25.40000000 -6.95921088 317.68766664
v -25.40000000 -7.01031876 318.05950404
v -25.40000000 -7.11158246 318.42091893
v -25.40000000 -7.26111565 318.76517885
v -25.40000000 -7.45613279 319.08587089
v -25.40000000 -7.69300110 319.37702114
v -25.40000000 -7.96730815 319.63320605
v -25.40000000 -8.27394414 319.84965336
v -25.40000000 -8.60719700 320.02233108
v -25.40000000 -8.96085888 320.14802254
v -25.40000000 -9.32834172 320.22438635
v -25.40000000 -9.32834171 289.37561365
v -25.40000000 -8.96085888 289.45197746
v -25.40000000 -8.60719700 289.57766892
v -25.40000000 -8.27394414 289.75034664
v -25.40000000 -7.96730815 289.96679395
v -25.40000000 -7.69300110 290.22297886
v -25.40000000 -7.45613279 290.51412911
v -25.40000000 -7.26111565 290.83482115
v -25.40000000 -7.11158246 291.17908107
v -25.40000000 -7.01031876 291.54049596
v -25.40000000 -6.95921088 291.91233336
v -25.40000000 -6.95921088 292.28766664
v -25.40000000 -7.01031876 292.65950404
v -25.40000000 -7.11158246 293.02091893
v -25.40000000 -7.26111565 293.36517885
v -25.40000000 -7.45613279 293.68587089
v -25.40000000 -7.69300110 293.97702114
v -25.40000000 -7.96730815 294.23320605
v -25.40000000 -8.27394414 294.44965336
v -25.40000000 -8.60719700 294.62233108
v -25.40000000 -8.96085888 294.74802254
v -25.40000000 -9.32834171 294.82438635
v -25.40000000 -9.32834171 -294.82438635
v -25.40000000 -8.96085888 -294.74802254
v -25.40000000 -8.60719700 -294.62233108
v -25.40000000 -8.27394414 -294.44965336
v -25.40000000 -7.96730815 -294.23320605
v -25.40000000 -7.69300110 -293.97702114
v -25.40000000 -7.45613279 -293.68587089
v -25.40000000 -7.26111565 -293.36517885
v -25.40000000 -7.11158246 -293.02091893
v -25.40000000 -7.01031876 -292.65950404
v -25.40000000 -6.95921088 -292.28766664
v -25.40000000 -6.95921088 -291.91233336
v -25.40000000 -7.01031876 -291.54049596
v -25.40000000 -7.11158246 -291.17908107
v -25.40000000 -7.26111565 -290.83482115
v -25.40000000 -7.45613279 -290.51412911
v -25.40000000 -7.69300110 -290.22297886
v -25.40000000 -7.96730815 -289.96679395
v -25.40000000 -8.27394414 -289.75034664
v -25.40000000 -8.60719700 -289.57766892
v -25.40000000 -8.96085888 -289.45197746
v -25.40000000 -9.32834171 -289.37561365
v -25.40000000 -9.32834171 9.97561365
v -25.40000000 -8.96085888 10.05197746
v -25.40000000 -8.60719700 10.17766892
v -25.40000000 -8.27394414 10.35034664
v -25.40000000 -7.96730815 10.56679395
v -25.40000000 -7.69300110 10.82297886
v -25.40000000 -7.45613279 11.11412911
v -25.40000000 -7.26111565 11.43482115
v -25.40000000 -7.11158246 11.77908107
v -25.40000000 -7.01031876 12.14049596
v -25.40000000 -6.95921088 12.51233336
v -25.40000000 -6.95921088 12.88766664
v -25.40000000 -7.01031876 13.25950404
v -25.40000000 -7.11158246 13.62091893
v -25.40000000 -7.26111565 13.96517885
v -25.40000000 -7.45613279 14.28587089
v -25.40000000 -7.69300110 14.57702114
v -25.40000000 -7.96730815 14.83320605
v -25.40000000 -8.27394414 15.04965336
v -25.40000000 -8.60719700 15.22233108
v -25.40000000 -8.96085888 15.34802254
v -25.40000000 -9.32834171 15.42438635
v -25.40000000 0.37445829 539.46698414
v -25.40000000 0.74194112 539.39062033
v -25.40000000 1.09560300 539.26492887
v -25.40000000 1.42885586 539.09225115
v -25.40000000 1.73549185 538.87580384
v -25.40000000 2.00979890 538.61961893
v -25.40000000 2.24666721 538.32846868
v -25.40000000 2.44168435 538.00777664
v -25.40000000 2.59121754 537.66351672
v -25.40000000 2.69248124 537.30210183
v -25.40000000 2.74358912 536.93026443
v -25.40000000 2.74358912 536.55493115
v -25.40000000 2.69248124 536.18309375
v -25.40000000 2.59121754 535.82167886
v -25.40000000 2.44168435 535.47741894
v -25.40000000 2.24666721 535.15672690
v -25.40000000 2.00979890 534.86557665
v -25.40000000 1.73549185 534.60939174
v -25.40000000 1.42885586 534.39294443
v -25.40000000 1.09560300 534.22026671
v -25.40000000 0.74194112 534.09457525
v -25.40000000 0.37445829 534.01821144
v -25.40000000 0.37445829 -534.01821144
v -25.40000000 0.74194112 -534.09457525
v -25.40000000 1.09560300 -534.22026671
v -25.40000000 1.42885586 -534.39294443
v -25.40000000 1.73549185 -534.60939174
v -25.40000000 2.00979890 -534.86557665
v -25.40000000 2.24666721 -535.15672690
v -25.40000000 2.44168435 -535.47741894
v -25.40000000 2.59121754 -535.82167886
v -25.40000000 2.69248124 -536.18309375
v -25.40000000 2.74358912 -536.55493115
v -25.40000000 2.74358912 -536.93026443
v -25.40000000 2.69248124 -537.30210183
v -25.40000000 2.59121754 -537.66351672
v -25.40000000 2.44168435 -538.00777664
v -25.40000000 2.24666721 -538.32846868
v -25.40000000 2.00979890 -538.61961893
v -25.40000000 1.73549185 -538.87580384
v -25.40000000 1.42885586 -539.09225115
v -25.40000000 1.09560300 -539.26492887
v -25.40000000 0.74194112 -539.39062033
v -25.40000000 0.37445829 -539.46698414
v -25.40000000 1.29698733 -567.07888143
v -25.40000000 2.56981425 -566.81438495
v -25.40000000 3.79477038 -566.37903544
v -25.40000000 4.94903712 -565.78094262
v -25.40000000 6.01111267 -565.03124783
v -25.40000000 6.96121256 -564.14391648
v -25.40000000 7.78163823 -563.13547786
v -25.40000000 8.45710671 -562.02471727
v -25.40000000 8.97503528 -560.83232610
v -25.40000000 9.32577594 -559.58051631
v -25.40000000 9.50279503 -558.29260678
v -25.40000000 9.50279503 -556.99258880
v -25.40000000 9.32577594 -555.70467927
v -25.40000000 8.97503528 -554.45286948
v -25.40000000 8.45710671 -553.26047831
v -25.40000000 7.78163823 -552.14971772
v -25.40000000 6.96121256 -551.14127910
v -25.40000000 6.01111267 -550.25394775
v -25.40000000 4.94903712 -549.50425296
v -25.40000000 3.79477038 -548.90616014
v -25.40000000 2.56981425 -548.47081063
v -25.40000000 1.29698733 -548.20631415
v -25.40000000 1.29698733 548.20631415
v -25.40000000 2.56981425 548.47081063
v -25.40000000 3.79477038 548.90616014
v -25.40000000 4.94903712 549.50425296
v -25.40000000 6.01111267 550.25394775
v -25.40000000 6.96121256 551.14127910
v -25.40000000 7.78163823 552.14971772
v -25.40000000 8.45710671 553.26047831
v -25.40000000 8.97503528 554.45286948
v -25.40000000 9.32577594 555.70467927
v -25.40000000 9.50279503 556.99258880
v -25.40000000 9.50279503 558.29260678
v -25.40000000 9.32577594 559.58051631
v -25.40000000 8.97503528 560.83232610
v -25.40000000 8.45710671 562.02471727
v -25.40000000 7.78163823 563.13547786
v -25.40000000 6.96121256 564.14391648
v -25.40000000 6.01111267 565.03124783
v -25.40000000 4.94903712 565.78094262
v -25.40000000 3.79477038 566.37903544
v -25.40000000 2.56981425 566.81438495
v -25.40000000 1.29698733 567.07888143
v 0.37445829 -25.40000000 -540.36821144
v 0.74194112 -25.40000000 -540.44457525
v 1.09560300 -25.40000000 -540.57026671
v 1.42885586 -25.40000000 -540.74294443
v 1.73549185 -25.40000000 -540.95939174
v 2.00979890 -25.40000000 -541.21557665
v 2.24666721 -25.40000000 -541.50672690
v 2.44168435 -25.40000000 -541.82741894
v 2.59121754 -25.40000000 -542.17167886
v 2.69248124 -25.40000000 -542.53309375
v 2.74358912 -25.40000000 -542.90493115
v 2.74358912 -25.40000000 -543.28026443
v 2.69248124 -25.40000000 -543.65210183
v 2.59121754 -25.40000000 -544.01351672
v 2.44168435 -25.40000000 -544.35777664
v 2.24666721 -25.40000000 -544.67846868
v 2.00979890 -25.40000000 -544.96961893
v 1.73549185 -25.40000000 -545.22580384
v 1.42885586 -25.40000000 -545.44225115
v 1.09560300 -25.40000000 -545.61492887
v 0.74194112 -25.40000000 -545.74062033
v 0.37445829 -25.40000000 -545.81698414
v 0.37445829 -25.40000000 545.81698414
v 0.74194112 -25.40000000 545.74062033
v 1.09560300 -25.40000000 545.61492887
v 1.42885586 -25.40000000 545.44225115
v 1.73549185 -25.40000000 545.22580384
v 2.00979890 -25.40000000 544.96961893
v 2.24666721 -25.40000000 544.67846868
v 2.44168435 -25.40000000 544.35777664
v 2.59121754 -25.40000000 544.01351672
v 2.69248124 -25.40000000 543.65210183
v 2.74358912 -25.40000000 543.28026443
v 2.74358912 -25.40000000 542.90493115
v 2.69248124 -25.40000000 542.53309375
v 2.59121754 -25.40000000 542.17167886
v 2.44168435 -25.40000000 541.82741894
v 2.24666721 -25.40000000 541.50672690
v 2.00979890 -25.40000000 541.21557665
v 1.73549185 -25.40000000 540.95939174
v 1.42885586 -25.40000000 540.74294443
v 1.09560300 -25.40000000 540.57026671
v 0.74194112 -25.40000000 540.44457525
v 0.37445829 -25.40000000 540.36821144
v 13.69112911 -25.40000000 307.94542788
v 14.11540475 -25.40000000 307.85726239
v 14.52372346 -25.40000000 307.71214588
v 14.90847904 -25.40000000 307.51278161
v 15.26250422 -25.40000000 307.26288335
v 15.57920419 -25.40000000 306.96710623
v 15.85267941 -25.40000000 306.63096002
v 16.07783557 -25.40000000 306.26070649
v 16.25047843 -25.40000000 305.86324277
v 16.36739198 -25.40000000 305.44597284
v 16.42639834 -25.40000000 305.01666966
v 16.42639834 -25.40000000 304.58333034
v 16.36739198 -25.40000000 304.15402716
v 16.25047843 -25.40000000 303.73675723
v 16.07783557 -25.40000000 303.33929351
v 15.85267941 -25.40000000 302.96903998
v 15.57920419 -25.40000000 302.63289377
v 15.26250422 -25.40000000 302.33711665
v 14.90847904 -25.40000000 302.08721839
v 14.52372346 -25.40000000 301.88785412
v 14.11540475 -25.40000000 301.74273761
v 13.69112911 -25.40000000 301.65457212
v 13.69112911 -25.40000000 -301.65457212
v 14.11540475 -25.40000000 -301.74273761
v 14.52372346 -25.40000000 -301.88785412
v 14.90847904 -25.40000000 -302.08721839
v 15.26250422 -25.40000000 -302.33711665
v 15.57920419 -25.40000000 -302.63289377
v 15.85267941 -25.40000000 -302.96903998
v 16.07783557 -25.40000000 -303.33929351
v 16.25047843 -25.40000000 -303.73675723
v 16.36739198 -25.40000000 -304.15402716
v 16.42639834 -25.40000000 -304.58333034
v 16.42639834 -25.40000000 -305.01666966
v 16.36739198 -25.40000000 -305.44597284
v 16.25047843 -25.40000000 -305.86324277
v 16.07783557 -25.40000000 -306.26070649
v 15.85267941 -25.40000000 -306.63096002
v 15.57920419 -25.40000000 -306.96710623
v 15.26250422 -25.40000000 -307.26288335
v 14.90847904 -25.40000000 -307.51278161
v 14.52372346 -25.40000000 -307.71214588
v 14.11540475 -25.40000000 -307.85726239
v 13.69112911 -25.40000000 -307.94542788
v 13.69112911 -25.40000000 3.14542788
v 14.11540475 -25.40000000 3.05726239
v 14.52372346 -25.40000000 2.91214588
v 14.90847904 -25.40000000 2.71278161
v 15.26250422 -25.40000000 2.46288335
v 15.57920419 -25.40000000 2.16710623
v 15.85267941 -25.40000000 1.83096002
v 16.07783557 -25.40000000 1.46070649
v 16.25047843 -25.40000000 1.06324277
v 16.36739198 -25.40000000 0.64597284
v 16.42639834 -25.40000000 0.21666966
v 16.42639834 -25.40000000 -0.21666966
v 16.36739198 -25.40000000 -0.64597284
v 16.25047843 -25.40000000 -1.06324277
v 16.07783557 -25.40000000 -1.46070649
v 15.85267941 -25.40000000 -1.83096002
v 15.57920419 -25.40000000 -2.16710623
v 15.26250422 -25.40000000 -2.46288335
v 14.90847904 -25.40000000 -2.71278161
v 14.52372346 -25.40000000 -2.91214588
v 14.11540475 -25.40000000 -3.05726239
v 13.69112911 -25.40000000 -3.14542788
v -23.41880000 22.41880000 574.99259779
v -23.41880000 25.39991164 574.99259779
v -23.41880000 -9.32834171 -320.22438635
v -23.41880000 -8.96085888 -320.14802254
v -23.41880000 -8.60719700 -320.02233108
v -23.41880000 -8.27394414 -319.84965336
v -23.41880000 -7.96730815 -319.63320605
v -23.41880000 -7.69300110 -319.37702114
v -23.41880000 -7.45613279 -319.08587089
v -23.41880000 -7.26111565 -318.76517885
v -23.41880000 -7.11158246 -318.42091893
v -23.41880000 -7.01031876 -318.05950404
v -23.41880000 -6.95921088 -317.68766664
v -23.41880000 -6.95921088 -317.31233336
v -23.41880000 -7.01031876 -316.94049596
v -23.41880000 -7.11158246 -316.57908107
v -23.41880000 -7.26111565 -316.23482115
v -23.41880000 -7.45613279 -315.91412911
v -23.41880000 -7.69300110 -315.62297886
v -23.41880000 -7.96730815 -315.36679395
v -23.41880000 -8.27394414 -315.15034664
v -23.41880000 -8.60719700 -314.97766892
v -23.41880000 -8.96085888 -314.85197746
v -23.41880000 -9.32834171 -314.77561365
v -23.41880000 -9.32834171 -15.42438635
v -23.41880000 -8.96085888 -15.34802254
v -23.41880000 -8.60719700 -15.22233108
v -23.41880000 -8.27394414 -15.04965336
v -23.41880000 -7.96730815 -14.83320605
v -23.41880000 -7.69300110 -14.57702114
v -23.41880000 -7.45613279 -14.28587089
v -23.41880000 -7.26111565 -13.96517885
v -23.41880000 -7.11158246 -13.62091893
v -23.41880000 -7.01031876 -13.25950404
v -23.41880000 -6.95921088 -12.88766664
v -23.41880000 -6.95921088 -12.51233336
v -23.41880000 -7.01031876 -12.14049596
v -23.41880000 -7.11158246 -11.77908107
v -23.41880000 -7.26111565 -11.43482115
v -23.41880000 -7.45613279 -11.11412911
v -23.41880000 -7.69300110 -10.82297886
v -23.41880000 -7.96730815 -10.56679395
v -23.41880000 -8.27394414 -10.35034664
v -23.41880000 -8.60719700 -10.17766892
v -23.41880000 -8.96085888 -10.05197746
v -23.41880000 -9.32834171 -9.97561365
v -23.41880000 -9.32834172 314.77561365
v -23.41880000 -8.96085888 314.85197746
v -23.41880000 -8.60719700 314.97766892
v -23.41880000 -8.27394414 315.15034664
v -23.41880000 -7.96730815 315.36679395
v -23.41880000 -7.69300110 315.62297886
v -23.41880000 -7.45613279 315.91412911
v -23.41880000 -7.26111565 316.23482115
v -23.41880000 -7.11158246 316.57908107
v -23.41880000 -7.01031876 316.94049596
v -23.41880000 -6.95921088 317.31233336
v -23.41880000 -6.95921088 317.68766664
v -23.41880000 -7.01031876 318.05950404
v -23.41880000 -7.11158246 318.42091893
v -23.41880000 -7.26111565 318.76517885
v -23.41880000 -7.45613279 319.08587089
v -23.41880000 -7.69300110 319.37702114
v -23.41880000 -7.96730815 319.63320605
v -23.41880000 -8.27394414 319.84965336
v -23.41880000 -8.60719700 320.02233108
v -23.41880000 -8.96085888 320.14802254
v -23.41880000 -9.32834172 320.22438635
v -23.41880000 -9.32834171 289.37561365
v -23.41880000 -8.96085888 289.45197746
v -23.41880000 -8.60719700 289.57766892
v -23.41880000 -8.27394414 289.75034664
v -23.41880000 -7.96730815 289.96679395
v -23.41880000 -7.69300110 290.22297886
v -23.41880000 -7.45613279 290.51412911
v -23.41880000 -7.26111565 290.83482115
v -23.41880000 -7.11158246 291.17908107
v -23.41880000 -7.01031876 291.54049596
v -23.41880000 -6.95921088 291.91233336
v -23.41880000 -6.95921088 292.28766664
v -23.41880000 -7.01031876 292.65950404
v -23.41880000 -7.11158246 293.02091893
v -23.41880000 -7.26111565 293.36517885
v -23.41880000 -7.45613279 293.68587089
v -23.41880000 -7.69300110 293.97702114
v -23.41880000 -7.96730815 294.23320605
v -23.41880000 -8.27394414 294.44965336
v -23.41880000 -8.60719700 294.62233108
v -23.41880000 -8.96085888 294.74802254
v -23.41880000 -9.32834171 294.82438635
v -23.41880000 -9.32834171 -294.82438635
v -23.41880000 -8.96085888 -294.74802254
v -23.41880000 -8.60719700 -294.62233108
v -23.41880000 -8.27394414 -294.44965336
v -23.41880000 -7.96730815 -294.23320605
v -23.41880000 -7.69300110 -293.97702114
v -23.41880000 -7.45613279 -293.68587089
v -23.41880000 -7.26111565 -293.36517885
v -23.41880000 -7.11158246 -293.02091893
v -23.41880000 -7.01031876 -292.65950404
v -23.41880000 -6.95921088 -292.28766664
v -23.41880000 -6.95921088 -291.91233336
v -23.41880000 -7.01031876 -291.54049596
v -23.41880000 -7.11158246 -291.17908107
v -23.41880000 -7.26111565 -290.83482115
v -23.41880000 -7.45613279 -290.51412911
v -23.41880000 -7.69300110 -290.22297886
v -23.41880000 -7.96730815 -289.96679395
v -23.41880000 -8.27394414 -289.75034664
v -23.41880000 -8.60719700 -289.57766892
v -23.41880000 -8.96085888 -289.45197746
v -23.41880000 -9.32834171 -289.37561365
v -23.41880000 -9.32834171 9.97561365
v -23.41880000 -8.96085888 10.05197746
v -23.41880000 -8.60719700 10.17766892
v -23.41880000 -8.27394414 10.35034664
v -23.41880000 -7.96730815 10.56679395
v -23.41880000 -7.69300110 10.82297886
v -23.41880000 -7.45613279 11.11412911
v -23.41880000 -7.26111565 11.43482115
v -23.41880000 -7.11158246 11.77908107
v -23.41880000 -7.01031876 12.14049596
v -23.41880000 -6.95921088 12.51233336
v -23.41880000 -6.95921088 12.88766664
v -23.41880000 -7.01031876 13.25950404
v -23.41880000 -7.11158246 13.62091893
v -23.41880000 -7.26111565 13.96517885
v -23.41880000 -7.45613279 14.28587089
v -23.41880000 -7.69300110 14.57702114
v -23.41880000 -7.96730815 14.83320605
v -23.41880000 -8.27394414 15.04965336
v -23.41880000 -8.60719700 15.22233108
v -23.41880000 -8.96085888 15.34802254
v -23.41880000 -9.32834171 15.42438635
v -23.41880000 0.37445829 534.01821144
v -23.41880000 0.74194112 534.09457525
v -23.41880000 1.09560300 534.22026671
v -23.41880000 1.42885586 534.39294443
v -23.41880000 1.73549185 534.60939174
v -23.41880000 2.00979890 534.86557665
v -23.41880000 2.24666721 535.15672690
v -23.41880000 2.44168435 535.47741894
v -23.41880000 2.59121754 535.82167886
v -23.41880000 2.69248124 536.18309375
v -23.41880000 2.74358912 536.55493115
v -23.41880000 2.74358912 536.93026443
v -23.41880000 2.69248124 537.30210183
v -23.41880000 2.59121754 537.66351672
v -23.41880000 2.44168435 538.00777664
v -23.41880000 2.24666721 538.32846868
v -23.41880000 2.00979890 538.61961893
v -23.41880000 1.73549185 538.87580384
v -23.41880000 1.42885586 539.09225115
v -23.41880000 1.09560300 539.26492887
v -23.41880000 0.74194112 539.39062033
v -23.41880000 0.37445829 539.46698414
v -23.41880000 0.37445829 -539.46698414
v -23.41880000 0.74194112 -539.39062033
v -23.41880000 1.09560300 -539.26492887
v -23.41880000 1.42885586 -539.09225115
v -23.41880000 1.73549185 -538.87580384
v -23.41880000 2.00979890 -538.61961893
v -23.41880000 2.24666721 -538.32846868
v -23.41880000 2.44168435 -538.00777664
v -23.41880000 2.59121754 -537.66351672
v -23.41880000 2.69248124 -537.30210183
v -23.41880000 2.74358912 -536.93026443
v -23.41880000 2.74358912 -536.55493115
v -23.41880000 2.69248124 -536.18309375
v -23.41880000 2.59121754 -535.82167886
v -23.41880000 2.44168435 -535.47741894
v -23.41880000 2.24666721 -535.15672690
v -23.41880000 2.00979890 -534.86557665
v -23.41880000 1.73549185 -534.60939174
v -23.41880000 1.42885586 -534.39294443
v -23.41880000 1.09560300 -534.22026671
v -23.41880000 0.74194112 -534.09457525
v -23.41880000 0.37445829 -534.01821144
v -23.41880000 1.29698733 -567.07888143
v -23.41880000 2.56981425 -566.81438495
v -23.41880000 3.79477038 -566.37903544
v -23.41880000 4.94903712 -565.78094262
v -23.41880000 6.01111267 -565.03124783
v -23.41880000 6.96121256 -564.14391648
v -23.41880000 7.78163823 -563.13547786
v -23.41880000 8.45710671 -562.02471727
v -23.41880000 8.97503528 -560.83232610
v -23.41880000 9.32577594 -559.58051631
v -23.41880000 9.50279503 -558.29260678
v -23.41880000 9.50279503 -556.99258880
v -23.41880000 9.32577594 -555.70467927
v -23.41880000 8.97503528 -554.45286948
v -23.41880000 8.45710671 -553.26047831
v -23.41880000 7.78163823 -552.14971772
v -23.41880000 6.96121256 -551.14127910
v -23.41880000 6.01111267 -550.25394775
v -23.41880000 4.94903712 -549.50425296
v -23.41880000 3.79477038 -548.90616014
v -23.41880000 2.56981425 -548.47081063
v -23.41880000 1.29698733 -548.20631415
v -23.41880000 1.29698733 548.20631415
v -23.41880000 2.56981425 548.47081063
v -23.41880000 3.79477038 548.90616014
v -23.41880000 4.94903712 549.50425296
v -23.41880000 6.01111267 550.25394775
v -23.41880000 6.96121256 551.14127910
v -23.41880000 7.78163823 552.14971772
v -23.41880000 8.45710671 553.26047831
v -23.41880000 8.97503528 554.45286948
v -23.41880000 9.32577594 555.70467927
v -23.41880000 9.50279503 556.99258880
v -23.41880000 9.50279503 558.29260678
v -23.41880000 9.32577594 559.58051631
v -23.41880000 8.97503528 560.83232610
v -23.41880000 8.45710671 562.02471727
v -23.41880000 7.78163823 563.13547786
v -23.41880000 6.96121256 564.14391648
v -23.41880000 6.01111267 565.03124783
v -23.41880000 4.94903712 565.78094262
v -23.41880000 3.79477038 566.37903544
v -23.41880000 2.56981425 566.81438495
v -23.41880000 1.29698733 567.07888143
v 0.37445829 -23.41880000 -540.36821144
v 0.74194112 -23.41880000 -540.44457525
v 1.09560300 -23.41880000 -540.57026671
v 1.42885586 -23.41880000 -540.74294443
v 1.73549185 -23.41880000 -540.95939174
v 2.00979890 -23.41880000 -541.21557665
v 2.24666721 -23.41880000 -541.50672690
v 2.44168435 -23.41880000 -541.82741894
v 2.59121754 -23.41880000 -542.17167886
v 2.69248124 -23.41880000 -542.53309375
v 2.74358912 -23.41880000 -542.90493115
v 2.74358912 -23.41880000 -543.28026443
v 2.69248124 -23.41880000 -543.65210183
v 2.59121754 -23.41880000 -544.01351672
v 2.44168435 -23.41880000 -544.35777664
v 2.24666721 -23.41880000 -544.67846868
v 2.00979890 -23.41880000 -544.96961893
v 1.73549185 -23.41880000 -545.22580384
v 1.42885586 -23.41880000 -545.44225115
v 1.09560300 -23.41880000 -545.61492887
v 0.74194112 -23.41880000 -545.74062033
v 0.37445829 -23.41880000 -545.81698414
v 0.37445829 -23.41880000 545.81698414
v 0.74194112 -23.41880000 545.74062033
v 1.09560300 -23.41880000 545.61492887
v 1.42885586 -23.41880000 545.44225115
v 1.73549185 -23.41880000 545.22580384
v 2.00979890 -23.41880000 544.96961893
v 2.24666721 -23.41880000 544.67846868
v 2.44168435 -23.41880000 544.35777664
v 2.59121754 -23.41880000 544.01351672
v 2.69248124 -23.41880000 543.65210183
v 2.74358912 -23.41880000 543.28026443
v 2.74358912 -23.41880000 542.90493115
v 2.69248124 -23.41880000 542.53309375
v 2.59121754 -23.41880000 542.17167886
v 2.44168435 -23.41880000 541.82741894
v 2.24666721 -23.41880000 541.50672690
v 2.00979890 -23.41880000 541.21557665
v 1.73549185 -23.41880000 540.95939174
v 1.42885586 -23.41880000 540.74294443
v 1.09560300 -23.41880000 540.57026671
v 0.74194112 -23.41880000 540.44457525
v 0.37445829 -23.41880000 540.36821144
v 13.69112911 -23.41880000 307.94542788
v 14.11540475 -23.41880000 307.85726239
v 14.52372346 -23.41880000 307.71214588
v 14.90847904 -23.41880000 307.51278161
v 15.26250422 -23.41880000 307.26288335
v 15.57920419 -23.41880000 306.96710623
v 15.85267941 -23.41880000 306.63096002
v 16.07783557 -23.41880000 306.26070649
v 16.25047843 -23.41880000 305.86324277
v 16.36739198 -23.41880000 305.44597284
v 16.42639834 -23.41880000 305.01666966
v 16.42639834 -23.41880000 304.58333034
v 16.36739198 -23.41880000 304.15402716
v 16.25047843 -23.41880000 303.73675723
v 16.07783557 -23.41880000 303.33929351
v 15.85267941 -23.41880000 302.96903998
v 15.57920419 -23.41880000 302.63289377
v 15.26250422 -23.41880000 302.33711665
v 14.90847904 -23.41880000 302.08721839
v 14.52372346 -23.41880000 301.88785412
v 14.11540475 -23.41880000 301.74273761
v 13.69112911 -23.41880000 301.65457212
v 13.69112911 -23.41880000 -301.65457212
v 14.11540475 -23.41880000 -301.74273761
v 14.52372346 -23.41880000 -301.88785412
v 14.90847904 -23.41880000 -302.08721839
v 15.26250422 -23.41880000 -302.33711665
v 15.57920419 -23.41880000 -302.63289377
v 15.85267941 -23.41880000 -302.96903998
v 16.07783557 -23.41880000 -303.33929351
v 16.25047843 -23.41880000 -303.73675723
v 16.36739198 -23.41880000 -304.15402716
v 16.42639834 -23.41880000 -304.58333034
v 16.42639834 -23.41880000 -305.01666966
v 16.36739198 -23.41880000 -305.44597284
v 16.25047843 -23.41880000 -305.86324277
v 16.07783557 -23.41880000 -306.26070649
v 15.85267941 -23.41880000 -306.63096002
v 15.57920419 -23.41880000 -306.96710623
v 15.26250422 -23.41880000 -307.26288335
v 14.90847904 -23.41880000 -307.51278161
v 14.52372346 -23.41880000 -307.71214588
v 14.11540475 -23.41880000 -307.85726239
v 13.69112911 -23.41880000 -307.94542788
v 13.69112911 -23.41880000 3.14542788
v 14.11540475 -23.41880000 3.05726239
v 14.52372346 -23.41880000 2.91214588
v 14.90847904 -23.41880000 2.71278161
v 15.26250422 -23.41880000 2.46288335
v 15.57920419 -23.41880000 2.16710623
v 15.85267941 -23.41880000 1.83096002
v 16.07783557 -23.41880000 1.46070649
v 16.25047843 -23.41880000 1.06324277
v 16.36739198 -23.41880000 0.64597284
v 16.42639834 -23.41880000 0.21666966
v 16.42639834 -23.41880000 -0.21666966
v 16.36739198 -23.41880000 -0.64597284
v 16.25047843 -23.41880000 -1.06324277
v 16.07783557 -23.41880000 -1.46070649
v 15.85267941 -23.41880000 -1.83096002
v 15.57920419 -23.41880000 -2.16710623
v 15.26250422 -23.41880000 -2.46288335
v 14.90847904 -23.41880000 -2.71278161
v 14.52372346 -23.41880000 -2.91214588
v 14.11540475 -23.41880000 -3.05726239
v 13.69112911 -23.41880000 -3.14542788
v 23.41880000 25.90000000 574.99259779
v 23.41880000 22.41880000 574.99259779
v 23.41880000 -9.32834171 -314.77561365
v 23.41880000 -8.96085888 -314.85197746
v 23.41880000 -8.60719700 -314.97766892
v 23.41880000 -8.27394414 -315.15034664
v 23.41880000 -7.96730815 -315.36679395
v 23.41880000 -7.69300110 -315.62297886
v 23.41880000 -7.45613279 -315.91412911
v 23.41880000 -7.26111565 -316.23482115
v 23.41880000 -7.11158246 -316.57908107
v 23.41880000 -7.01031876 -316.94049596
v 23.41880000 -6.95921088 -317.31233336
v 23.41880000 -6.95921088 -317.68766664
v 23.41880000 -7.01031876 -318.05950404
v 23.41880000 -7.11158246 -318.42091893
v 23.41880000 -7.26111565 -318.76517885
v 23.41880000 -7.45613279 -319.08587089
v 23.41880000 -7.69300110 -319.37702114
v 23.41880000 -7.96730815 -319.63320605
v 23.41880000 -8.27394414 -319.84965336
v 23.41880000 -8.60719700 -320.02233108
v 23.41880000 -8.96085888 -320.14802254
v 23.41880000 -9.32834171 -320.22438635
v 23.41880000 -9.32834171 -9.97561365
v 23.41880000 -8.96085888 -10.05197746
v 23.41880000 -8.60719700 -10.17766892
v 23.41880000 -8.27394414 -10.35034664
v 23.41880000 -7.96730815 -10.56679395
v 23.41880000 -7.69300110 -10.82297886
v 23.41880000 -7.45613279 -11.11412911
v 23.41880000 -7.26111565 -11.43482115
v 23.41880000 -7.11158246 -11.77908107
v 23.41880000 -7.01031876 -12.14049596
v 23.41880000 -6.95921088 -12.51233336
v 23.41880000 -6.95921088 -12.88766664
v 23.41880000 -7.01031876 -13.25950404
v 23.41880000 -7.11158246 -13.62091893
v 23.41880000 -7.26111565 -13.96517885
v 23.41880000 -7.45613279 -14.28587089
v 23.41880000 -7.69300110 -14.57702114
v 23.41880000 -7.96730815 -14.83320605
v 23.41880000 -8.27394414 -15.04965336
v 23.41880000 -8.60719700 -15.22233108
v 23.41880000 -8.96085888 -15.34802254
v 23.41880000 -9.32834171 -15.42438635
v 23.41880000 -9.32834172 320.22438635
v 23.41880000 -8.96085888 320.14802254
v 23.41880000 -8.60719700 320.02233108
v 23.41880000 -8.27394414 319.84965336
v 23.41880000 -7.96730815 319.63320605
v 23.41880000 -7.69300110 319.37702114
v 23.41880000 -7.45613279 319.08587089
v 23.41880000 -7.26111565 318.76517885
v 23.41880000 -7.11158246 318.42091893
v 23.41880000 -7.01031876 318.05950404
v 23.41880000 -6.95921088 317.68766664
v 23.41880000 -6.95921088 317.31233336
v 23.41880000 -7.01031876 316.94049596
v 23.41880000 -7.11158246 316.57908107
v 23.41880000 -7.26111565 316.23482115
v 23.41880000 -7.45613279 315.91412911
v 23.41880000 -7.69300110 315.62297886
v 23.41880000 -7.96730815 315.36679395
v 23.41880000 -8.27394414 315.15034664
v 23.41880000 -8.60719700 314.97766892
v 23.41880000 -8.96085888 314.85197746
v 23.41880000 -9.32834172 314.77561365
v 23.41880000 -9.32834171 294.82438635
v 23.41880000 -8.96085888 294.74802254
v 23.41880000 -8.60719700 294.62233108
v 23.41880000 -8.27394414 294.44965336
v 23.41880000 -7.96730815 294.23320605
v 23.41880000 -7.69300110 293.97702114
v 23.41880000 -7.45613279 293.68587089
v 23.41880000 -7.26111565 293.36517885
v 23.41880000 -7.11158246 293.02091893
v 23.41880000 -7.01031876 292.65950404
v 23.41880000 -6.95921088 292.28766664
v 23.41880000 -6.95921088 291.91233336
v 23.41880000 -7.01031876 291.54049596
v 23.41880000 -7.11158246 291.17908107
v 23.41880000 -7.26111565 290.83482115
v 23.41880000 -7.45613279 290.51412911
v 23.41880000 -7.69300110 290.22297886
v 23.41880000 -7.96730815 289.96679395
v 23.41880000 -8.27394414 289.75034664
v 23.41880000 -8.60719700 289.57766892
v 23.41880000 -8.96085888 289.45197746
v 23.41880000 -9.32834171 289.37561365
v 23.41880000 -9.32834171 -289.37561365
v 23.41880000 -8.96085888 -289.45197746
v 23.41880000 -8.60719700 -289.57766892
v 23.41880000 -8.27394414 -289.75034664
v 23.41880000 -7.96730815 -289.96679395
v 23.41880000 -7.69300110 -290.22297886
v 23.41880000 -7.45613279 -290.51412911
v 23.41880000 -7.26111565 -290.83482115
v 23.41880000 -7.11158246 -291.17908107
v 23.41880000 -7.01031876 -291.54049596
v 23.41880000 -6.95921088 -291.91233336
v 23.41880000 -6.95921088 -292.28766664
v 23.41880000 -7.01031876 -292.65950404
v 23.41880000 -7.11158246 -293.02091893
v 23.41880000 -7.26111565 -293.36517885
v 23.41880000 -7.45613279 -293.68587089
v 23.41880000 -7.69300110 -293.97702114
v 23.41880000 -7.96730815 -294.23320605
v 23.41880000 -8.27394414 -294.44965336
v 23.41880000 -8.60719700 -294.62233108
v 23.41880000 -8.96085888 -294.74802254
v 23.41880000 -9.32834171 -294.82438635
v 23.41880000 -9.32834171 15.42438635
v 23.41880000 -8.96085888 15.34802254
v 23.41880000 -8.60719700 15.22233108
v 23.41880000 -8.27394414 15.04965336
v 23.41880000 -7.96730815 14.83320605
v 23.41880000 -7.69300110 14.57702114
v 23.41880000 -7.45613279 14.28587089
v 23.41880000 -7.26111565 13.96517885
v 23.41880000 -7.11158246 13.62091893
v 23.41880000 -7.01031876 13.25950404
v 23.41880000 -6.95921088 12.88766664
v 23.41880000 -6.95921088 12.51233336
v 23.41880000 -7.01031876 12.14049596
v 23.41880000 -7.11158246 11.77908107
v 23.41880000 -7.26111565 11.43482115
v 23.41880000 -7.45613279 11.11412911
v 23.41880000 -7.69300110 10.82297886
v 23.41880000 -7.96730815 10.56679395
v 23.41880000 -8.27394414 10.35034664
v 23.41880000 -8.60719700 10.17766892
v 23.41880000 -8.96085888 10.05197746
v 23.41880000 -9.32834171 9.97561365
v 23.41880000 0.37445829 539.46698414
v 23.41880000 0.74194112 539.39062033
v 23.41880000 1.09560300 539.26492887
v 23.41880000 1.42885586 539.09225115
v 23.41880000 1.73549185 538.87580384
v 23.41880000 2.00979890 538.61961893
v 23.41880000 2.24666721 538.32846868
v 23.41880000 2.44168435 538.00777664
v 23.41880000 2.59121754 537.66351672
v 23.41880000 2.69248124 537.30210183
v 23.41880000 2.74358912 536.93026443
v 23.41880000 2.74358912 536.55493115
v 23.41880000 2.69248124 536.18309375
v 23.41880000 2.59121754 535.82167886
v 23.41880000 2.44168435 535.47741894
v 23.41880000 2.24666721 535.15672690
v 23.41880000 2.00979890 534.86557665
v 23.41880000 1.73549185 534.60939174
v 23.41880000 1.42885586 534.39294443
v 23.41880000 1.09560300 534.22026671
v 23.41880000 0.74194112 534.09457525
v 23.41880000 0.37445829 534.01821144
v 23.41880000 0.37445829 -534.01821144
v 23.41880000 0.74194112 -534.09457525
v 23.41880000 1.09560300 -534.22026671
v 23.41880000 1.42885586 -534.39294443
v 23.41880000 1.73549185 -534.60939174
v 23.41880000 2.00979890 -534.86557665
v 23.41880000 2.24666721 -535.15672690
v 23.41880000 2.44168435 -535.47741894
v 23.41880000 2.59121754 -535.82167886
v 23.41880000 2.69248124 -536.18309375
v 23.41880000 2.74358912 -536.55493115
v 23.41880000 2.74358912 -536.93026443
v 23.41880000 2.69248124 -537.30210183
v 23.41880000 2.59121754 -537.66351672
v 23.41880000 2.44168435 -538.00777664
v 23.41880000 2.24666721 -538.32846868
v 23.41880000 2.00979890 -538.61961893
v 23.41880000 1.73549185 -538.87580384
v 23.41880000 1.42885586 -539.09225115
v 23.41880000 1.09560300 -539.26492887
v 23.41880000 0.74194112 -539.39062033
v 23.41880000 0.37445829 -539.46698414
v 18.91880000 38.09959984 570.49259779
v 18.84969206 38.09199571 570.49259779
v 18.78230702 38.07487887 570.49259779
v 18.71794775 38.04858030 570.49259779
v 18.65785864 38.01360846 570.49259779
v 18.60320152 37.97063953 570.49259779
v 18.55503316 37.92050431 570.49259779
v 18.51428491 37.86417217 570.49259779
v 18.48174462 37.80273229 570.49259779
v 18.45804146 37.73737259 570.49259779
v 18.44363373 37.66935680 570.49259779
v 18.43024486 26.26947381 570.49259779
v 18.40472583 26.14118095 570.49259779
v 18.36267953 26.01731657 570.49259779
v 18.30482540 25.90000000 570.49259779
v 18.23215334 25.79123857 570.49259779
v 18.14590678 25.69289322 570.49259779
v 18.04756143 25.60664666 570.49259779
v 17.93880000 25.53397460 570.49259779
v 17.82148343 25.47612047 570.49259779
v 17.69761905 25.43407417 570.49259779
v 17.56932619 25.40855514 570.49259779
v 20.41413498 36.23342098 570.74828015
v 20.39662634 36.30814432 570.74213044
v 20.36827289 36.37859611 570.73240222
v 20.82931455 25.40834214 570.91838568
v 20.74133960 25.43307494 570.87834666
v 20.65553130 25.47568768 570.84132867
v 20.59005171 25.52432135 570.81445515
v 20.54129165 25.57369175 570.79525514
v 20.47625078 25.67066534 570.77059918
v 20.43464854 25.78124975 570.75550442
v 23.37489153 25.69508842 574.36546387
v 23.25919908 25.53376657 573.80483316
v 23.11022410 25.43804807 573.35491324
v 23.02059987 25.41029451 573.14181361
v 22.58269215 23.40560849 572.37986295
v 22.73125993 23.36903635 572.60185913
v 22.86529289 23.31358718 572.83037813
v 23.02046948 23.21769475 573.14147788
v 23.16255637 23.08725746 573.49575227
v 23.27258212 22.93952742 573.85490698
v 23.35171462 22.77900645 574.21882493
v 23.40209251 22.60076557 574.60564342
v 18.92425824 38.09978849 570.49260110
v 19.25127212 37.96481777 570.50499056
v 19.19785794 38.00805894 570.50143978
v 19.11340257 38.05607608 570.49701907
v 19.02124327 38.08716974 570.49386781
v -23.37278119 22.71895359 574.35062196
v -23.25172998 22.97228663 573.77778721
v -23.08903393 23.16106809 573.30161776
v -22.88191053 23.30510504 572.86098688
v -22.74975981 23.36270398 572.63163211
v -22.59295680 23.40386682 572.39431165
v 25.60000000 7.07774169 545.88431147
v 25.60000000 7.07774666 545.83704318
v 25.60000000 5.10880773 545.88860383
v 25.60000000 -18.79671874 545.89289619
v 25.60000000 -20.62428983 545.93788340
v 25.60000000 -20.85928063 573.54154278
v 25.60000000 -20.87507137 547.00796883
v 25.60000000 -20.85835000 546.70390986
v 25.60000000 -20.81143488 546.42676407
v 25.60000000 -20.73214948 546.17022085
v 25.60000000 -19.13339749 573.88765543
v 25.60000000 -19.87661558 573.91190587
v 25.60000000 -20.06917418 573.89693980
v 25.60000000 -20.28227569 573.85456214
v 25.60000000 -20.46166830 573.79204224
v 25.60000000 -20.62907069 573.70714736
v 25.60000000 -20.74394198 573.63207498
v 25.60000000 5.27714453 573.89797359
v 25.60000000 7.07772710 573.94932668
v 25.60000000 7.07774169 573.90226595
v 25.60000000 7.12411038 573.90232378
v 25.60000000 7.07425322 547.17994324
v 25.60000000 7.07409191 572.14803742
v 25.60000000 7.12411205 545.88423988
v 25.60000000 7.12612753 545.83569226
v 25.60000000 34.50416331 545.83577481
v 25.60000000 34.79131913 545.69181572
v 25.60000000 34.64779910 545.78249179
v 25.60000000 34.56934292 545.82279605
v 25.60000000 34.98243905 519.58387803
v 25.60000000 34.88185477 518.09872215
v 25.60000000 32.98086883 517.90729949
v 25.60000000 33.79848001 517.89092358
v 25.60000000 34.22208356 517.91900258
v 25.60000000 34.54797195 517.98283994
v 25.60000000 34.71385904 518.03341043
v 25.60000000 7.12207023 517.77474363
v 25.60000000 7.12335939 517.81608688
v 25.60000000 7.08069022 517.81805848
v 25.60000000 7.08069506 517.77200766
v 25.60000000 7.07413488 463.67434600
v 25.60000000 7.12303131 462.03492538
v 25.60000000 7.07890452 462.03623359
v 25.60000000 7.07890452 461.99046817
v 25.60000000 -20.73433621 462.17903704
v 25.60000000 -20.43694242 462.04793747
v 25.60000000 -20.32810945 462.02401744
v 25.60000000 -20.85225995 463.08670568
v 25.60000000 -20.80004156 462.61228661
v 25.60000000 -20.85936810 517.70654920
v 25.60000000 -19.65106519 517.89054278
v 25.60000000 -19.90121995 517.87398747
v 25.60000000 -20.21582759 517.82525973
v 25.60000000 -14.42971210 517.89987041
v 25.60000000 5.27696445 517.89623841
v 25.60000000 7.12445018 461.99042092
v 25.60000000 8.92765083 461.98480784
v 25.60000000 34.74163670 461.98257911
v 25.60000000 34.97299754 460.97577351
v 25.60000000 34.94422730 461.19004090
v 25.60000000 34.88338805 461.45196730
v 25.60000000 34.82644054 434.13078842
v 25.60000000 34.91530129 434.41137456
v 25.60000000 34.96797264 434.69037333
v 25.60000000 34.98676871 451.19036072
v 25.60000000 32.99861991 433.98336243
v 25.60000000 33.80821975 433.96298131
v 25.60000000 34.21641350 433.98186438
v 25.60000000 34.52214607 434.03332147
v 25.60000000 34.67453406 434.07551380
v 25.60000000 8.92764569 433.97560317
v 25.60000000 7.12240678 433.92554917
v 25.60000000 7.12445018 433.97007263
v 25.60000000 7.07890453 433.97009113
v 25.60000000 7.07890452 433.92425996
v 25.60000000 7.12479316 405.90777526
v 25.60000000 7.07207309 420.02912023
v 25.60000000 7.07695447 405.90539748
v 25.60000000 7.07695516 405.85686085
v 25.60000000 5.12373407 405.98315520
v 25.60000000 -18.77829364 405.99124464
v 25.60000000 -20.63242445 406.04019403
v 25.60000000 -20.85345108 407.91372578
v 25.60000000 -20.87161427 407.10163492
v 25.60000000 -20.83897962 406.68307249
v 25.60000000 -20.77526305 406.39597605
v 25.60000000 -20.71393254 406.21875022
v 25.60000000 -20.80156134 433.66316903
v 25.60000000 -20.86058334 429.51720514
v 25.60000000 -19.30238774 433.96866936
v 25.60000000 -19.96597404 433.98970495
v 25.60000000 -20.13497174 433.97641152
v 25.60000000 -20.30108635 433.94401772
v 25.60000000 -20.43885756 433.89810457
v 25.60000000 -20.56551793 433.83708264
v 25.60000000 -20.68420980 433.76047835
v 25.60000000 -7.51971969 433.97585080
v 25.60000000 7.12709483 405.85339391
v 25.60000000 8.75496116 405.98332029
v 25.60000000 33.00830325 405.98249484
v 25.60000000 34.81258441 405.81352451
v 25.60000000 34.59979269 405.89661873
v 25.60000000 34.38377973 405.95176214
v 25.60000000 34.16524038 405.98408039
v 25.60000000 33.58682082 405.99797457
v 25.60000000 34.83184304 350.27767527
v 25.60000000 34.93981504 350.59045117
v 25.60000000 34.95862176 350.67415488
v 25.60000000 34.96512313 350.75079763
v 25.60000000 34.96789089 378.02562392
v 25.60000000 34.96140899 405.30013117
v 25.60000000 34.95453792 405.37803735
v 25.60000000 34.93441784 405.46409152
v 25.60000000 33.18376621 350.07791553
v 25.60000000 33.91994923 350.04940398
v 25.60000000 34.21958413 350.06496460
v 25.60000000 34.44244749 350.10700197
v 25.60000000 34.61916123 350.16645334
v 25.60000000 34.72601337 350.21628715
v 25.60000000 7.12410702 350.07625580
v 25.60000000 7.12612238 350.12480128
v 25.60000000 7.07774103 350.12332578
v 25.60000000 7.12411072 322.05814934
v 25.60000000 7.07190764 336.06642255
v 25.60000000 7.07774169 322.05822760
v 25.60000000 7.07774036 322.01104189
v 25.60000000 5.10880773 322.06260250
v 25.60000000 -18.79671874 322.06689486
v 25.60000000 -20.62427182 322.11179953
v 25.60000000 -20.85928063 349.71554145
v 25.60000000 -20.87507109 323.18198446
v 25.60000000 -20.85834854 322.87790693
v 25.60000000 -20.81143014 322.60073847
v 25.60000000 -20.73213929 322.34416827
v 25.60000000 -19.13339749 350.06165409
v 25.60000000 -19.87661558 350.08590454
v 25.60000000 -20.06917418 350.07093846
v 25.60000000 -20.28227569 350.02856081
v 25.60000000 -20.46166830 349.96604091
v 25.60000000 -20.62907069 349.88114602
v 25.60000000 -20.74394198 349.80607364
v 25.60000000 5.27714453 350.07197226
v 25.60000000 7.07774169 350.07626462
v 25.60000000 7.12612238 322.00969093
v 25.60000000 34.51676915 322.00531603
v 25.60000000 34.83408636 321.83593298
v 25.60000000 34.71548897 321.91158120
v 25.60000000 34.61231244 321.97721392
v 25.60000000 34.79634603 294.34296691
v 25.60000000 34.93152635 294.72238049
v 25.60000000 34.95239352 294.80779473
v 25.60000000 34.95984046 294.88453150
v 25.60000000 34.96664767 308.14021533
v 25.60000000 34.96324699 321.39479398
v 25.60000000 34.95631253 321.47098504
v 25.60000000 34.93688768 321.55365835
v 25.60000000 33.67279550 294.21708525
v 25.60000000 34.23792418 294.26396069
v 25.60000000 7.91254138 294.21568198
v 25.60000000 7.12468886 294.28710567
v 25.60000000 7.51860929 294.24121380
v 25.60000000 7.12709483 294.34387491
v 25.60000000 7.07695585 294.34041404
v 25.60000000 7.07695447 294.29187134
v 25.60000000 7.07434584 267.40313721
v 25.60000000 7.07417656 292.45904277
v 25.60000000 7.12240682 266.27171979
v 25.60000000 7.07890452 266.27300886
v 25.60000000 7.07890452 266.22723648
v 25.60000000 -20.31061801 266.25608706
v 25.60000000 -20.68114730 266.38386726
v 25.60000000 -20.47292492 266.29796851
v 25.60000000 -20.38212282 266.26600678
v 25.60000000 -20.78390545 293.92966235
v 25.60000000 -20.86074741 291.55220655
v 25.60000000 -20.85569420 267.94793876
v 25.60000000 -20.88445636 267.14207560
v 25.60000000 -20.85473758 266.85637101
v 25.60000000 -20.80643484 266.66035279
v 25.60000000 -20.75275578 266.52020784
v 25.60000000 -18.94660214 294.20032855
v 25.60000000 -19.76139058 294.22984377
v 25.60000000 -20.06207857 294.21044575
v 25.60000000 -20.28695514 294.16622439
v 25.60000000 -20.47326368 294.10333477
v 25.60000000 -20.62926332 294.02814274
v 25.60000000 -11.47018992 294.20685379
v 25.60000000 -11.74625471 293.94032411
v 25.60000000 -11.98253130 293.63796138
v 25.60000000 -12.17441911 293.30565293
v 25.60000000 -12.31818189 292.94986914
v 25.60000000 -12.41102044 292.57753751
v 25.60000000 -12.45112707 292.19590772
v 25.60000000 -12.43772089 291.81241050
v 25.60000000 -12.37106292 291.43451296
v 25.60000000 -12.25245105 291.06957314
v 25.60000000 -12.08419480 290.72469683
v 25.60000000 -11.86957028 290.40659911
v 25.60000000 -11.61275646 290.12147370
v 25.60000000 -11.31875377 289.87487227
v 25.60000000 -10.99328677 289.67159643
v 25.60000000 -10.64269263 289.51560416
v 25.60000000 -10.27379778 289.40993280
v 25.60000000 -9.89378501 289.35663988
v 25.60000000 -9.51005356 289.35676308
v 25.60000000 -9.13007509 289.41029998
v 25.60000000 -8.76124817 289.51620818
v 25.60000000 -8.41075426 289.67242553
v 25.60000000 -8.08541784 289.87591031
v 25.60000000 -7.79157356 290.12270045
v 25.60000000 -7.53494287 290.40799071
v 25.60000000 -7.32052263 290.72622616
v 25.60000000 -7.15248785 291.07121044
v 25.60000000 -7.03411034 291.43622634
v 25.60000000 -6.96769502 291.81416661
v 25.60000000 -6.95453507 292.19767235
v 25.60000000 -6.99488674 292.57927631
v 25.60000000 -7.08796433 292.95154826
v 25.60000000 -7.23195553 293.30723966
v 25.60000000 -7.42405667 293.63942484
v 25.60000000 -7.66052735 293.94163580
v 25.60000000 -7.93676322 294.20798816
v 25.60000000 5.12374436 294.21419617
v 25.60000000 7.12445018 266.22719619
v 25.60000000 8.92765083 266.22166565
v 25.60000000 34.74166242 266.21935438
v 25.60000000 34.97302841 265.21254878
v 25.60000000 34.94426399 265.42681508
v 25.60000000 34.88342213 265.68874257
v 25.60000000 34.82644054 238.36756369
v 25.60000000 34.91530129 238.64814983
v 25.60000000 34.96797264 238.92714860
v 25.60000000 34.98677451 255.42713600
v 25.60000000 32.99861991 238.22013770
v 25.60000000 33.80821975 238.19975659
v 25.60000000 34.21641350 238.21863965
v 25.60000000 34.52214607 238.27009674
v 25.60000000 34.67453406 238.31228907
v 25.60000000 8.92764569 238.21246098
v 25.60000000 7.12303341 238.16234337
v 25.60000000 7.12445018 238.20676535
v 25.60000000 7.07890452 238.20678177
v 25.60000000 7.08069506 182.42526116
v 25.60000000 7.08069018 182.37883581
v 25.60000000 5.61385930 182.30111295
v 25.60000000 -18.97738354 182.29921441
v 25.60000000 -20.56641360 182.33693764
v 25.60000000 -20.85937068 237.81228114
v 25.60000000 -20.85937325 197.59140035
v 25.60000000 -20.87525955 183.34431042
v 25.60000000 -20.85351382 183.05999717
v 25.60000000 -20.82992683 182.93041724
v 25.60000000 -20.79536026 182.79964033
v 25.60000000 -20.75273137 182.67911375
v 25.60000000 -20.69820432 182.55757152
v 25.60000000 -20.63809297 182.44766932
v 25.60000000 -19.48795338 238.20618754
v 25.60000000 -20.08332002 238.21397239
v 25.60000000 -20.23736504 238.19190912
v 25.60000000 -20.37694503 238.15289229
v 25.60000000 -20.50459284 238.09736738
v 25.60000000 -20.62292493 238.02574827
v 25.60000000 -20.74130282 237.93164964
v 25.60000000 -10.05571823 238.21270862
v 25.60000000 7.07890452 238.16103523
v 25.60000000 7.12207251 182.42252994
v 25.60000000 7.12335939 182.38126449
v 25.60000000 34.72019134 182.29516969
v 25.60000000 21.19340491 182.29468439
v 25.60000000 34.97306443 181.28729100
v 25.60000000 34.93600306 181.50159922
v 25.60000000 34.87006509 181.76281411
v 25.60000000 34.86789059 154.54523995
v 25.60000000 34.93751807 154.78978473
v 25.60000000 34.97794507 155.04301930
v 25.60000000 34.98662991 171.83264610
v 25.60000000 34.50415817 154.36149401
v 25.60000000 34.60666511 154.39121127
v 25.60000000 7.12411357 154.31311107
v 25.60000000 7.12612238 154.36149401
v 25.60000000 7.07774663 154.36001901
v 25.60000000 7.07774169 154.31303989
v 25.60000000 7.12410789 126.29500287
v 25.60000000 7.07190313 140.30539395
v 25.60000000 7.07774169 126.29500287
v 25.60000000 7.07774103 126.24781713
v 25.60000000 5.10880773 126.29937777
v 25.60000000 -18.79671874 126.30375267
v 25.60000000 -20.62439530 126.34882243
v 25.60000000 -20.85928063 153.95231672
v 25.60000000 -20.87508049 127.41863597
v 25.60000000 -20.85836519 127.11463802
v 25.60000000 -20.81146741 126.83755575
v 25.60000000 -20.73221173 126.58108171
v 25.60000000 -19.13339749 154.29842937
v 25.60000000 -19.87661558 154.32267981
v 25.60000000 -20.06917418 154.30771374
v 25.60000000 -20.28227569 154.26533608
v 25.60000000 -20.46166830 154.20281618
v 25.60000000 -20.62907069 154.11792130
v 25.60000000 -20.74394198 154.04284892
v 25.60000000 5.27714453 154.30874753
v 25.60000000 7.12612238 126.24646620
v 25.60000000 34.75939806 126.29500287
v 25.60000000 34.97498875 125.28093328
v 25.60000000 34.94533552 125.49627449
v 25.60000000 34.88906389 125.75883988
v 25.60000000 34.85619031 70.61362618
v 25.60000000 34.94073074 70.92936573
v 25.60000000 34.98545162 71.25063132
v 25.60000000 34.98647332 106.79411509
v 25.60000000 33.00829296 70.39137283
v 25.60000000 33.82246895 70.36442840
v 25.60000000 34.19450810 70.38809041
v 25.60000000 34.44612239 70.43957293
v 25.60000000 34.65143907 70.51070890
v 25.60000000 10.10236562 70.38786465
v 25.60000000 7.12530220 70.46454892
v 25.60000000 7.12709483 70.51787357
v 25.60000000 7.07695515 70.51370933
v 25.60000000 7.07774169 14.38200220
v 25.60000000 7.07774663 14.33473500
v 25.60000000 5.10626598 14.38637711
v 25.60000000 -7.53251487 14.38889385
v 25.60000000 -7.78923808 14.67503944
v 25.60000000 -8.08335605 14.92258887
v 25.60000000 -8.40912114 15.12670455
v 25.60000000 -8.76016725 15.28339766
v 25.60000000 -9.12963425 15.38960611
v 25.60000000 -9.51030204 15.44325437
v 25.60000000 -9.89473162 15.44329405
v 25.60000000 -10.27541048 15.38972438
v 25.60000000 -10.64489940 15.28359221
v 25.60000000 -10.99597786 15.12697158
v 25.60000000 -11.32178507 14.92292315
v 25.60000000 -11.61595414 14.67543444
v 25.60000000 -11.87273642 14.38934186
v 25.60000000 -20.73378310 14.44997830
v 25.60000000 -20.85937068 70.02330313
v 25.60000000 -20.85928063 16.69723410
v 25.60000000 -20.85137525 15.48543660
v 25.60000000 -18.98332115 70.37317158
v 25.60000000 -19.80126640 70.40262589
v 25.60000000 -20.01136007 70.38866016
v 25.60000000 -20.24251837 70.34624996
v 25.60000000 -20.43583300 70.28241495
v 25.60000000 -20.61503477 70.19495941
v 25.60000000 -20.73727430 70.11726346
v 25.60000000 -0.77874583 70.38208648
v 25.60000000 5.45796368 70.38848374
v 25.60000000 7.07695447 70.46587001
v 25.60000000 7.12452227 14.38192998
v 25.60000000 7.08067485 -13.68445165
v 25.60000000 7.12612238 14.33338299
v 25.60000000 34.50418389 14.33350681
v 25.60000000 34.79135000 14.18963027
v 25.60000000 34.64782676 14.28028054
v 25.60000000 34.56936997 14.32055453
v 25.60000000 34.88183933 -13.40371094
v 25.60000000 32.98086369 -13.59480342
v 25.60000000 33.79846549 -13.61121511
v 25.60000000 34.22205707 -13.58317981
v 25.60000000 34.54794442 -13.51943111
v 25.60000000 34.71383555 -13.46893103
v 25.60000000 9.08417417 -13.60578195
v 25.60000000 7.12151922 -13.72748011
v 25.60000000 7.12336968 -13.68626367
v 25.60000000 7.08067963 -13.73017779
v 25.60000000 7.12151900 -41.40347436
v 25.60000000 7.07214239 -27.56542803
v 25.60000000 7.08068477 -41.40078145
v 25.60000000 7.08068477 -41.44687538
v 25.60000000 5.44462208 -41.52501219
v 25.60000000 -18.82151623 -41.52649801
v 25.60000000 -20.70990918 -41.47659935
v 25.60000000 -20.79617684 -13.80075406
v 25.60000000 -20.85732255 -27.56547962
v 25.60000000 -20.85186240 -40.42417161
v 25.60000000 -20.82541392 -40.75277710
v 25.60000000 -19.83230111 -13.61527467
v 25.60000000 -20.04348667 -13.63554279
v 25.60000000 -20.30356807 -13.68631526
v 25.60000000 -17.47341201 -13.60243887
v 25.60000000 -12.30064302 -13.60205967
v 25.60000000 -12.15260181 -13.94938829
v 25.60000000 -11.95838175 -14.27316591
v 25.60000000 -11.72164390 -14.56728929
v 25.60000000 -11.44685078 -14.82621421
v 25.60000000 -11.13918224 -15.04505992
v 25.60000000 -10.80443786 -15.21970118
v 25.60000000 -10.44892756 -15.34684598
v 25.60000000 -10.07935273 -15.42409766
v 25.60000000 -9.70267987 -15.45000000
v 25.60000000 -9.32600928 -15.42406475
v 25.60000000 -8.95644120 -15.34678079
v 25.60000000 -8.60094201 -15.21960492
v 25.60000000 -8.26621288 -15.04493442
v 25.60000000 -7.95856347 -14.82606183
v 25.60000000 -7.68379297 -14.56711291
v 25.60000000 -7.44708082 -14.27296884
v 25.60000000 -7.25288905 -13.94917426
v 25.60000000 -7.10487818 -13.60183270
v 25.60000000 5.10757287 -13.60586450
v 25.60000000 7.12336968 -41.44469557
v 25.60000000 34.73309045 -41.53083164
v 25.60000000 21.19994136 -41.53129899
v 25.60000000 34.84314198 -97.26289118
v 25.60000000 34.93365412 -96.90839892
v 25.60000000 34.98099858 -96.55527103
v 25.60000000 34.99811705 -96.08695797
v 25.60000000 34.99054087 -43.39764685
v 25.60000000 34.99211351 -42.86604474
v 25.60000000 34.96428706 -42.48292807
v 25.60000000 32.99907269 -97.44477985
v 25.60000000 33.81161931 -97.46372519
v 25.60000000 34.22360617 -97.43826794
v 25.60000000 34.53346662 -97.37661401
v 25.60000000 34.68837981 -97.32713804
v 25.60000000 8.58045007 -97.45637747
v 25.60000000 7.12155770 -97.57683243
v 25.60000000 7.12336968 -97.53644646
v 25.60000000 7.08067963 -97.53463716
v 25.60000000 7.08067963 -97.58044313
v 25.60000000 7.07428924 -98.71160329
v 25.60000000 7.12151909 -125.25370037
v 25.60000000 7.08068477 -125.25100551
v 25.60000000 7.08067995 -125.29709967
v 25.60000000 5.44462208 -125.37523626
v 25.60000000 -18.82151623 -125.37676335
v 25.60000000 -20.70990661 -125.32686468
v 25.60000000 -20.79617942 -97.65097813
v 25.60000000 -20.85732416 -111.41570368
v 25.60000000 -20.85186756 -124.27438039
v 25.60000000 -20.82541867 -124.60299036
v 25.60000000 -19.83229854 -97.46541618
v 25.60000000 -20.04347540 -97.48571028
v 25.60000000 -20.30356614 -97.53651352
v 25.60000000 -17.47341201 -97.45266293
v 25.60000000 5.10757287 -97.45608856
v 25.60000000 7.12336968 -125.29491964
v 25.60000000 34.72020163 -125.38105571
v 25.60000000 21.19018803 -125.38152307
v 25.60000000 34.97307986 -126.38893439
v 25.60000000 34.93602124 -126.17460653
v 25.60000000 34.87007796 -125.91338033
v 25.60000000 34.85631380 -153.13709380
v 25.60000000 34.92823814 -152.92932514
v 25.60000000 34.97353490 -152.71510586
v 25.60000000 34.98681686 -136.38561962
v 25.60000000 34.50418904 -153.31469011
v 25.60000000 34.60615428 -153.28529669
v 25.60000000 7.12467697 -153.36311325
v 25.60000000 7.12612753 -153.31460757
v 25.60000000 7.07774662 -153.31608498
v 25.60000000 7.07774169 -153.36318550
v 25.60000000 7.12543463 -209.44463926
v 25.60000000 7.07695447 -209.44705331
v 25.60000000 7.07695515 -209.49559495
v 25.60000000 5.12088360 -209.36925432
v 25.60000000 -18.81478368 -209.36066960
v 25.60000000 -20.72936848 -209.29855423
v 25.60000000 -20.85937068 -153.56843451
v 25.60000000 -20.85929350 -207.05885132
v 25.60000000 -20.85142520 -208.27100223
v 25.60000000 -19.67212723 -153.37957075
v 25.60000000 -19.92109382 -153.39622839
v 25.60000000 -20.23501258 -153.44702578
v 25.60000000 -13.09831705 -153.36999549
v 25.60000000 5.27483946 -153.36747786
v 25.60000000 7.12709483 -209.49905688
v 25.60000000 8.75496630 -209.36896541
v 25.60000000 34.82361580 -209.57561768
v 25.60000000 34.67644325 -209.49912029
v 25.60000000 34.52765521 -209.44076782
v 25.60000000 34.37751252 -209.39836638
v 25.60000000 34.22627597 -209.36972207
v 25.60000000 34.02337651 -209.34913771
v 25.60000000 27.61867855 -209.36725692
v 25.60000000 34.83179159 -265.07485807
v 25.60000000 34.93980764 -264.76198697
v 25.60000000 34.95861614 -264.67828996
v 25.60000000 34.96511799 -264.60165302
v 25.60000000 34.96789282 -237.32684751
v 25.60000000 34.96142996 -210.05250776
v 25.60000000 34.95469402 -209.97512375
v 25.60000000 34.93505127 -209.89044031
v 25.60000000 7.12467506 -265.27617458
v 25.60000000 34.32669700 -265.27125927
v 25.60000000 34.51290047 -265.22487335
v 25.60000000 34.67341511 -265.16213734
v 25.60000000 7.12612753 -265.22760823
v 25.60000000 7.07773076 -265.22908630
v 25.60000000 7.12543511 -321.35764159
v 25.60000000 7.07695447 -321.36005397
v 25.60000000 7.07695515 -321.40859553
v 25.60000000 -18.81478368 -321.27364963
v 25.60000000 4.82177544 -321.28187738
v 25.60000000 -20.72936076 -321.21136917
v 25.60000000 -20.85937068 -265.48143517
v 25.60000000 -20.85929350 -318.97183135
v 25.60000000 -20.85141846 -320.18400032
v 25.60000000 -19.67214009 -265.29253015
v 25.60000000 -19.92110305 -265.30918408
v 25.60000000 -20.23502769 -265.35999807
v 25.60000000 -13.09832734 -265.28301680
v 25.60000000 5.27482403 -265.28054044
v 25.60000000 7.07773140 -265.27616553
v 25.60000000 -9.70280000 -314.75000000
v 25.60000000 -10.07725828 -314.77561365
v 25.60000000 -10.44474112 -314.85197746
v 25.60000000 -10.79840300 -314.97766892
v 25.60000000 -11.13165586 -315.15034664
v 25.60000000 -11.43829185 -315.36679395
v 25.60000000 -11.71259890 -315.62297886
v 25.60000000 -11.94946721 -315.91412911
v 25.60000000 -12.14448435 -316.23482115
v 25.60000000 -12.29401754 -316.57908107
v 25.60000000 -12.39528124 -316.94049596
v 25.60000000 -12.44638912 -317.31233336
v 25.60000000 -12.44638912 -317.68766664
v 25.60000000 -12.39528124 -318.05950404
v 25.60000000 -12.29401754 -318.42091893
v 25.60000000 -12.14448435 -318.76517885
v 25.60000000 -11.94946721 -319.08587089
v 25.60000000 -11.71259890 -319.37702114
v 25.60000000 -11.43829185 -319.63320605
v 25.60000000 -11.13165586 -319.84965336
v 25.60000000 -10.79840300 -320.02233108
v 25.60000000 -10.44474112 -320.14802254
v 25.60000000 -10.07725828 -320.22438635
v 25.60000000 -9.70280000 -320.25000000
v 25.60000000 -9.32834171 -320.22438635
v 25.60000000 -8.96085888 -320.14802254
v 25.60000000 -8.60719700 -320.02233108
v 25.60000000 -8.27394414 -319.84965336
v 25.60000000 -7.96730815 -319.63320605
v 25.60000000 -7.69300110 -319.37702114
v 25.60000000 -7.45613279 -319.08587089
v 25.60000000 -7.26111565 -318.76517885
v 25.60000000 -7.11158246 -318.42091893
v 25.60000000 -7.01031876 -318.05950404
v 25.60000000 -6.95921088 -317.68766664
v 25.60000000 -6.95921088 -317.31233336
v 25.60000000 -7.01031876 -316.94049596
v 25.60000000 -7.11158246 -316.57908107
v 25.60000000 -7.26111565 -316.23482115
v 25.60000000 -7.45613279 -315.91412911
v 25.60000000 -7.69300110 -315.62297886
v 25.60000000 -7.96730815 -315.36679395
v 25.60000000 -8.27394414 -315.15034664
v 25.60000000 -8.60719700 -314.97766892
v 25.60000000 -8.96085888 -314.85197746
v 25.60000000 -9.32834171 -314.77561365
v 25.60000000 -9.70280000 -289.35000000
v 25.60000000 -10.07725828 -289.37561365
v 25.60000000 -10.44474112 -289.45197746
v 25.60000000 -10.79840300 -289.57766892
v 25.60000000 -11.13165586 -289.75034664
v 25.60000000 -11.43829185 -289.96679395
v 25.60000000 -11.71259890 -290.22297886
v 25.60000000 -11.94946721 -290.51412911
v 25.60000000 -12.14448435 -290.83482115
v 25.60000000 -12.29401754 -291.17908107
v 25.60000000 -12.39528124 -291.54049596
v 25.60000000 -12.44638912 -291.91233336
v 25.60000000 -12.44638912 -292.28766664
v 25.60000000 -12.39528124 -292.65950404
v 25.60000000 -12.29401754 -293.02091893
v 25.60000000 -12.14448435 -293.36517885
v 25.60000000 -11.94946721 -293.68587089
v 25.60000000 -11.71259890 -293.97702114
v 25.60000000 -11.43829185 -294.23320605
v 25.60000000 -11.13165586 -294.44965336
v 25.60000000 -10.79840300 -294.62233108
v 25.60000000 -10.44474112 -294.74802254
v 25.60000000 -10.07725828 -294.82438635
v 25.60000000 -9.70280000 -294.85000000
v 25.60000000 -9.32834171 -294.82438635
v 25.60000000 -8.96085888 -294.74802254
v 25.60000000 -8.60719700 -294.62233108
v 25.60000000 -8.27394414 -294.44965336
v 25.60000000 -7.96730815 -294.23320605
v 25.60000000 -7.69300110 -293.97702114
v 25.60000000 -7.45613279 -293.68587089
v 25.60000000 -7.26111565 -293.36517885
v 25.60000000 -7.11158246 -293.02091893
v 25.60000000 -7.01031876 -292.65950404
v 25.60000000 -6.95921088 -292.28766664
v 25.60000000 -6.95921088 -291.91233336
v 25.60000000 -7.01031876 -291.54049596
v 25.60000000 -7.11158246 -291.17908107
v 25.60000000 -7.26111565 -290.83482115
v 25.60000000 -7.45613279 -290.51412911
v 25.60000000 -7.69300110 -290.22297886
v 25.60000000 -7.96730815 -289.96679395
v 25.60000000 -8.27394414 -289.75034664
v 25.60000000 -8.60719700 -289.57766892
v 25.60000000 -8.96085888 -289.45197746
v 25.60000000 -9.32834171 -289.37561365
v 25.60000000 7.12709483 -321.41205754
v 25.60000000 33.00830840 -321.28287407
v 25.60000000 9.10532594 -321.28176779
v 25.60000000 34.81258955 -321.45186503
v 25.60000000 34.59979245 -321.36887687
v 25.60000000 34.38377766 -321.31378782
v 25.60000000 34.16523904 -321.28148266
v 25.60000000 33.58682628 -321.26750350
v 25.60000000 34.96513047 -376.51338808
v 25.60000000 34.96367309 -328.02709650
v 25.60000000 34.96141050 -321.96231223
v 25.60000000 34.95093245 -321.86766806
v 25.60000000 34.91910688 -321.75273164
v 25.60000000 34.83183275 -376.98785873
v 25.60000000 34.90661494 -376.77632388
v 25.60000000 34.94777292 -376.64475009
v 25.60000000 34.96087845 -376.57581267
v 25.60000000 7.12467546 -377.18917524
v 25.60000000 34.32670458 -377.18425554
v 25.60000000 34.51291725 -377.13786824
v 25.60000000 34.67344262 -377.07513360
v 25.60000000 7.12612753 -377.14060890
v 25.60000000 7.07773074 -377.14208855
v 25.60000000 7.12543526 -433.27064162
v 25.60000000 7.07695447 -433.27305464
v 25.60000000 7.07695447 -433.32157707
v 25.60000000 -18.81478625 -433.18667093
v 25.60000000 4.82177141 -433.19491013
v 25.60000000 -20.72935047 -433.12448333
v 25.60000000 -20.85937068 -377.39441520
v 25.60000000 -20.85929350 -430.88483202
v 25.60000000 -20.85142244 -432.09700228
v 25.60000000 -19.67212466 -377.20555145
v 25.60000000 -19.92108634 -377.22220229
v 25.60000000 -20.23501515 -377.27300648
v 25.60000000 -13.09831191 -377.19605873
v 25.60000000 5.27484461 -377.19356174
v 25.60000000 7.07773140 -377.18916620
v 25.60000000 7.12709483 -433.32503757
v 25.60000000 34.79836296 -433.37077801
v 25.60000000 34.61147909 -433.28701581
v 25.60000000 34.41978657 -433.22984307
v 25.60000000 34.22414131 -433.19477704
v 25.60000000 17.18310174 -433.19129162
v 25.60000000 34.79836296 -460.93863335
v 25.60000000 11.78878992 -461.11422794
v 25.60000000 34.26505741 -461.10891608
v 25.60000000 34.50931920 -461.05603618
v 25.60000000 34.65531737 -461.00548349
v 25.60000000 7.12486551 -461.03719273
v 25.60000000 7.12709998 -460.98435315
v 25.60000000 7.07695447 -460.98851817
v 25.60000000 7.07695447 -461.03635672
v 25.60000000 7.12411061 -489.05755032
v 25.60000000 7.07194160 -475.08647234
v 25.60000000 7.07773140 -489.05747888
v 25.60000000 7.07773635 -489.10467273
v 25.60000000 5.10641519 -489.05303175
v 25.60000000 -18.82743582 -489.04810998
v 25.60000000 -20.52046918 -488.99682868
v 25.60000000 -20.75488887 -488.75706540
v 25.60000000 -20.71249854 -488.80922208
v 25.60000000 -20.78815284 -461.41788131
v 25.60000000 -20.85453069 -462.22809171
v 25.60000000 -20.83049012 -475.41916636
v 25.60000000 -20.80217222 -488.59948261
v 25.60000000 -20.78973500 -488.67758829
v 25.60000000 5.82175762 -461.10123154
v 25.60000000 4.85679792 -461.11788321
v 25.60000000 -10.28812250 -461.11921679
v 25.60000000 -19.91470908 -461.09784248
v 25.60000000 -20.13872652 -461.12178766
v 25.60000000 -20.30495750 -461.15971477
v 25.60000000 -20.46642135 -461.21797157
v 25.60000000 -20.61288508 -461.29329053
v 25.60000000 -20.70107813 -461.35081988
v 25.60000000 7.08067483 -517.12389309
v 25.60000000 7.12612238 -489.10602586
v 25.60000000 34.79134486 -489.24975794
v 25.60000000 34.60219169 -489.13325800
v 25.60000000 34.50441674 -489.10589247
v 25.60000000 34.88183419 -516.84310947
v 25.60000000 7.12151834 -517.16693697
v 25.60000000 9.40892837 -517.04487300
v 25.60000000 33.59919625 -517.04967554
v 25.60000000 34.16257388 -517.02983400
v 25.60000000 34.51747813 -516.96673009
v 25.60000000 34.69840266 -516.91361067
v 25.60000000 7.12336968 -517.12570347
v 25.60000000 7.08067963 -517.16963307
v 25.60000000 7.12151788 -544.84291701
v 25.60000000 7.07214239 -531.00482017
v 25.60000000 7.08068477 -544.84022125
v 25.60000000 7.08067992 -544.88634127
v 25.60000000 5.44461693 -544.96449843
v 25.60000000 -18.82151365 -544.96594813
v 25.60000000 -20.70990147 -544.91610622
v 25.60000000 -20.79618199 -517.24025578
v 25.60000000 -20.85732255 -531.00493168
v 25.60000000 -20.85186499 -543.86361918
v 25.60000000 -20.82541602 -544.19221383
v 25.60000000 -19.83229339 -517.05471447
v 25.60000000 -20.04347923 -517.07498971
v 25.60000000 -20.30356100 -517.12577828
v 25.60000000 -6.42204712 -517.04132679
v 25.60000000 0.00000000 -539.49259779
v 25.60000000 -0.37445829 -539.46698414
v 25.60000000 -0.74194112 -539.39062033
v 25.60000000 -1.09560300 -539.26492887
v 25.60000000 -1.42885586 -539.09225115
v 25.60000000 -1.73549185 -538.87580384
v 25.60000000 -2.00979890 -538.61961893
v 25.60000000 -2.24666721 -538.32846868
v 25.60000000 -2.44168435 -538.00777664
v 25.60000000 -2.59121754 -537.66351672
v 25.60000000 -2.69248124 -537.30210183
v 25.60000000 -2.74358912 -536.93026443
v 25.60000000 -2.74358912 -536.55493115
v 25.60000000 -2.69248124 -536.18309375
v 25.60000000 -2.59121754 -535.82167886
v 25.60000000 -2.44168435 -535.47741894
v 25.60000000 -2.24666721 -535.15672690
v 25.60000000 -2.00979890 -534.86557665
v 25.60000000 -1.73549185 -534.60939174
v 25.60000000 -1.42885586 -534.39294443
v 25.60000000 -1.09560300 -534.22026671
v 25.60000000 -0.74194112 -534.09457525
v 25.60000000 -0.37445829 -534.01821144
v 25.60000000 0.00000000 -533.99259779
v 25.60000000 0.37445829 -534.01821144
v 25.60000000 0.74194112 -534.09457525
v 25.60000000 1.09560300 -534.22026671
v 25.60000000 1.42885586 -534.39294443
v 25.60000000 1.73549185 -534.60939174
v 25.60000000 2.00979890 -534.86557665
v 25.60000000 2.24666721 -535.15672690
v 25.60000000 2.44168435 -535.47741894
v 25.60000000 2.59121754 -535.82167886
v 25.60000000 2.69248124 -536.18309375
v 25.60000000 2.74358912 -536.55493115
v 25.60000000 2.74358912 -536.93026443
v 25.60000000 2.69248124 -537.30210183
v 25.60000000 2.59121754 -537.66351672
v 25.60000000 2.44168435 -538.00777664
v 25.60000000 2.24666721 -538.32846868
v 25.60000000 2.00979890 -538.61961893
v 25.60000000 1.73549185 -538.87580384
v 25.60000000 1.42885586 -539.09225115
v 25.60000000 1.09560300 -539.26492887
v 25.60000000 0.74194112 -539.39062033
v 25.60000000 0.37445829 -539.46698414
v 25.60000000 7.12336968 -544.88416117
v 25.60000000 34.72019648 -544.97028692
v 25.60000000 21.19018593 -544.97076474
v 25.60000000 34.97309015 -545.97819657
v 25.60000000 34.93602824 -545.76386607
v 25.60000000 34.87008053 -545.50263283
v 25.60000000 34.85627778 -572.72635339
v 25.60000000 34.92822140 -572.51858355
v 25.60000000 34.97353063 -572.30436416
v 25.60000000 34.98682075 -555.97488156
v 25.60000000 7.12120491 -572.95231238
v 25.60000000 34.50440154 -572.90395546
v 25.60000000 34.60595787 -572.87464998
v 25.60000000 7.12612238 -572.90383750
v 25.60000000 7.07773130 -572.90453844
v 25.60000000 7.07772626 -572.95237932
v 25.60000000 7.10000000 -593.89259779
v 25.60000000 7.08161127 -574.39593691
v 25.60000000 7.08153094 -573.36117118
v 25.60000000 -20.88746883 -593.89259779
v 25.60000000 -20.80932550 -573.18335281
v 25.60000000 -4.28782379 -572.95919210
v 25.60000000 -19.23310634 -572.95820455
v 25.60000000 -19.68958259 -572.94534380
v 25.60000000 -20.00421529 -572.95855782
v 25.60000000 -20.32597205 -573.00858757
v 25.60000000 -20.56602503 -573.07834162
v 25.60000000 7.12612238 573.95080262
v 25.60000000 7.09397187 593.89259779
v 25.60000000 34.80189930 593.89259779
v 25.60000000 34.89360649 574.12753220
v 25.60000000 34.98761662 582.40512162
v 25.60000000 34.97558908 592.60807275
v 25.60000000 34.93463983 593.11066751
v 25.60000000 34.47903911 573.94213535
v 25.60000000 34.58714805 573.97023123
v 25.60000000 -16.42590542 585.25698471
v 25.60000000 -16.45194819 585.18115493
v 25.60000000 -16.48412754 585.11233377
v 25.60000000 -16.52250805 585.05055351
v 25.60000000 -16.56715434 584.99584647
v 25.60000000 -16.38008565 585.64145737
v 25.60000000 -16.38909866 585.45424833
v 25.60000000 -16.40393555 585.35051267
v 25.60000000 -16.61641920 586.27328788
v 25.60000000 -16.53891294 586.18509404
v 25.60000000 -16.49578781 586.12007863
v 25.60000000 -16.44635575 586.01938603
v 25.60000000 -16.40999253 585.90613488
v 25.60000000 -16.38755848 585.77929372
v 25.60000000 -17.38191942 586.50238673
v 25.60000000 -17.11749862 586.48566709
v 25.60000000 -16.95163483 586.45241913
v 25.60000000 -16.83075508 586.41115981
v 25.60000000 -16.76967723 586.38253344
v 25.60000000 -16.71359422 586.35001158
v 25.60000000 -16.66250767 586.31359585
v 25.60000000 -18.08058478 586.28706826
v 25.60000000 -17.98701282 586.35764829
v 25.60000000 -17.89071585 586.40921260
v 25.60000000 -17.77195069 586.45274836
v 25.60000000 -17.62611282 586.48481898
v 25.60000000 -17.50846936 586.49799580
v 25.60000000 -18.32036343 585.62767699
v 25.60000000 -18.31370291 585.76944267
v 25.60000000 -18.29372136 585.89846149
v 25.60000000 -18.26153251 586.01165131
v 25.60000000 -18.21478746 586.11644286
v 25.60000000 -18.15447155 586.20824852
v 25.60000000 -18.22493428 585.11952540
v 25.60000000 -18.26955881 585.23990476
v 25.60000000 -18.30020999 585.37275058
v 25.60000000 -18.31532926 585.49571797
v 25.60000000 -17.94622606 584.73849784
v 25.60000000 -18.05875309 584.85619251
v 25.60000000 -18.15168135 584.98322722
v 25.60000000 -18.19077202 585.05022316
v 25.60000000 -17.94622606 584.05395737
v 25.60000000 -20.68404344 584.28684582
v 25.60000000 -20.68404344 587.01742851
v 25.60000000 -19.97848789 587.01742851
v 25.60000000 -19.97848789 584.95037121
v 25.60000000 -18.70139099 584.83737208
v 25.60000000 -18.90602966 585.27834430
v 25.60000000 -18.85182683 585.12114587
v 25.60000000 -18.78361394 584.97412961
v 25.60000000 -18.97665412 585.78270628
v 25.60000000 -18.96875592 585.61068118
v 25.60000000 -18.94516339 585.44256052
v 25.60000000 -18.83885030 586.48826184
v 25.60000000 -18.89758983 586.34016386
v 25.60000000 -18.94015843 586.17711552
v 25.60000000 -18.96649678 585.99905751
v 25.60000000 -18.97411307 585.89322976
v 25.60000000 -18.47918233 586.95748384
v 25.60000000 -18.59299678 586.85238700
v 25.60000000 -18.69445477 586.73131718
v 25.60000000 -18.77113578 586.61558492
v 25.60000000 -17.97103075 587.21862208
v 25.60000000 -18.15452674 587.15336942
v 25.60000000 -18.32393612 587.06637438
v 25.60000000 -17.39604431 587.29992634
v 25.60000000 -17.58852307 587.29079045
v 25.60000000 -17.78015970 587.26358696
v 25.60000000 -16.63054409 587.17624741
v 25.60000000 -16.83424329 587.23927302
v 25.60000000 -17.06021089 587.28010463
v 25.60000000 -17.22319974 587.29496815
v 25.60000000 -16.09793233 586.83414943
v 25.60000000 -16.23461546 586.95659466
v 25.60000000 -16.39107413 587.06212931
v 25.60000000 -16.50639388 587.12300828
v 25.60000000 -15.78373962 586.31531805
v 25.60000000 -15.85499109 586.48789666
v 25.60000000 -15.94596228 586.64596453
v 25.60000000 -16.01756514 586.74328159
v 25.60000000 -15.68142029 585.66970715
v 25.60000000 -15.69286566 585.89511847
v 25.60000000 -15.72704866 586.11034762
v 25.60000000 -16.03798767 584.43498493
v 25.60000000 -15.93904022 584.57254126
v 25.60000000 -15.85613830 584.72692680
v 25.60000000 -15.78928192 584.89813457
v 25.60000000 -15.73847107 585.08615759
v 25.60000000 -15.70370575 585.29098888
v 25.60000000 -15.68699165 585.47451625
v 25.60000000 -17.14214077 583.94853745
v 25.60000000 -16.83362647 583.99092831
v 25.60000000 -16.61125526 584.05158614
v 25.60000000 -16.42731141 584.12871291
v 25.60000000 -16.27980409 584.21532929
v 25.60000000 -16.16165594 584.30719506
v 25.60000000 -16.09732546 584.36871719
v 25.60000000 -17.14214077 584.74573254
v 25.60000000 -16.80693298 584.83392699
v 25.60000000 -16.94456289 584.78682795
v 25.60000000 -17.03978534 584.76377263
v 25.60000000 -16.61779724 584.94738905
v 25.60000000 -16.67464132 584.90429306
v 25.60000000 -16.73768656 584.86649390
v 25.60000000 33.19242683 -584.22477527
v 25.60000000 30.11595656 -584.22477527
v 25.60000000 33.19242683 -583.58278173
v 25.60000000 33.84148282 -583.68165597
v 25.60000000 33.84148282 -584.22477527
v 25.60000000 34.99145569 -584.22477527
v 25.60000000 34.99145569 -584.99389284
v 25.60000000 33.84148282 -584.99389284
v 25.60000000 33.84148282 -587.25869861
v 25.60000000 33.26994148 -587.25869861
v 25.60000000 30.11595656 -584.97976795
v 25.60000000 31.16739970 -584.99389284
v 25.60000000 33.19242683 -586.42619129
v 25.60000000 33.19242683 -584.99389284
f 4 26 3
f 4 27 26
f 5 28 27
f 5 27 4
f 6 29 28
f 6 28 5
f 7 30 29
f 7 29 6
f 8 31 30
f 8 30 7
f 9 32 31
f 9 33 32
f 9 31 8
f 10 33 9
f 11 34 33
f 11 33 10
f 12 35 34
f 12 36 35
f 12 34 11
f 13 36 12
f 14 37 36
f 14 36 13
f 15 37 14
f 15 38 37
f 16 38 15
f 16 39 38
f 16 40 39
f 17 40 16
f 18 40 17
f 18 41 40
f 18 42 41
f 19 42 18
f 20 42 19
f 20 43 42
f 21 43 20
f 21 44 43
f 21 45 44
f 22 45 21
f 22 46 45
f 23 46 22
f 24 46 23
f 24 47 46
f 25 47 24
f 25 48 47
f 2 48 25
f 2 1 48
f 52 74 51
f 52 75 74
f 53 76 75
f 53 75 52
f 54 77 76
f 54 76 53
f 55 78 77
f 55 77 54
f 56 79 78
f 56 78 55
f 57 80 79
f 57 81 80
f 57 79 56
f 58 81 57
f 59 82 81
f 59 81 58
f 60 83 82
f 60 84 83
f 60 82 59
f 61 84 60
f 62 85 84
f 62 84 61
f 63 85 62
f 63 86 85
f 64 86 63
f 64 87 86
f 64 88 87
f 65 88 64
f 66 88 65
f 66 89 88
f 66 90 89
f 67 90 66
f 68 90 67
f 68 91 90
f 69 91 68
f 69 92 91
f 69 93 92
f 70 93 69
f 70 94 93
f 71 94 70
f 72 94 71
f 72 95 94
f 73 95 72
f 73 96 95
f 50 96 73
f 50 49 96
f 100 122 99
f 100 123 122
f 101 124 123
f 101 123 100
f 102 125 124
f 102 124 101
f 103 126 125
f 103 125 102
f 104 127 126
f 104 126 103
f 105 128 127
f 105 129 128
f 105 127 104
f 106 129 105
f 107 130 129
f 107 129 106
f 108 131 130
f 108 132 131
f 108 130 107
f 109 132 108
f 110 133 132
f 110 132 109
f 111 133 110
f 111 134 133
f 112 134 111
f 112 135 134
f 112 136 135
f 113 136 112
f 114 136 113
f 114 137 136
f 114 138 137
f 115 138 114
f 116 138 115
f 116 139 138
f 117 139 116
f 117 140 139
f 117 141 140
f 118 141 117
f 118 142 141
f 119 142 118
f 120 142 119
f 120 143 142
f 121 143 120
f 121 144 143
f 98 144 121
f 98 97 144
f 148 170 147
f 148 171 170
f 149 172 171
f 149 171 148
f 150 173 172
f 150 172 149
f 151 174 173
f 151 173 150
f 152 175 174
f 152 174 151
f 153 176 175
f 153 177 176
f 153 175 152
f 154 177 153
f 155 178 177
f 155 177 154
f 156 179 178
f 156 180 179
f 156 178 155
f 157 180 156
f 158 181 180
f 158 180 157
f 159 181 158
f 159 182 181
f 160 182 159
f 160 183 182
f 160 184 183
f 161 184 160
f 162 184 161
f 162 185 184
f 162 186 185
f 163 186 162
f 164 186 163
f 164 187 186
f 165 187 164
f 165 188 187
f 165 189 188
f 166 189 165
f 166 190 189
f 167 190 166
f 168 190 167
f 168 191 190
f 169 191 168
f 169 192 191
f 146 192 169
f 146 145 192
f 196 218 195
f 196 219 218
f 197 220 219
f 197 219 196
f 198 221 220
f 198 220 197
f 199 222 221
f 199 221 198
f 200 223 222
f 200 222 199
f 201 224 223
f 201 225 224
f 201 223 200
f 202 225 201
f 203 226 225
f 203 225 202
f 204 227 226
f 204 228 227
f 204 226 203
f 205 228 204
f 206 229 228
f 206 228 205
f 207 229 206
f 207 230 229
f 208 230 207
f 208 231 230
f 208 232 231
f 209 232 208
f 210 232 209
f 210 233 232
f 210 234 233
f 211 234 210
f 212 234 211
f 212 235 234
f 213 235 212
f 213 236 235
f 213 237 236
f 214 237 213
f 214 238 237
f 215 238 214
f 216 238 215
f 216 239 238
f 217 239 216
f 217 240 239
f 194 240 217
f 194 193 240
f 264 266 265
f 264 288 266
f 263 287 288
f 263 288 264
f 262 286 287
f 262 287 263
f 261 285 286
f 261 286 262
f 260 284 285
f 260 285 261
f 259 282 283
f 259 283 284
f 259 284 260
f 258 282 259
f 257 281 282
f 257 282 258
f 256 280 281
f 256 281 257
f 255 279 280
f 255 280 256
f 254 277 278
f 254 278 279
f 254 279 255
f 253 277 254
f 252 277 253
f 252 276 277
f 251 276 252
f 251 274 275
f 251 275 276
f 250 274 251
f 249 274 250
f 249 272 273
f 249 273 274
f 248 272 249
f 247 272 248
f 247 270 271
f 247 271 272
f 246 270 247
f 245 269 270
f 245 270 246
f 244 268 269
f 244 269 245
f 243 267 268
f 243 268 244
f 242 241 267
f 242 267 243
f 312 314 313
f 312 336 314
f 311 335 336
f 311 336 312
f 310 334 335
f 310 335 311
f 309 333 334
f 309 334 310
f 308 332 333
f 308 333 309
f 307 330 331
f 307 331 332
f 307 332 308
f 306 330 307
f 305 329 330
f 305 330 306
f 304 328 329
f 304 329 305
f 303 327 328
f 303 328 304
f 302 325 326
f 302 326 327
f 302 327 303
f 301 325 302
f 300 325 301
f 300 324 325
f 299 324 300
f 299 322 323
f 299 323 324
f 298 322 299
f 297 322 298
f 297 320 321
f 297 321 322
f 296 320 297
f 295 320 296
f 295 318 319
f 295 319 320
f 294 318 295
f 293 317 318
f 293 318 294
f 292 316 317
f 292 317 293
f 291 315 316
f 291 316 292
f 290 289 315
f 290 315 291
f 360 362 361
f 360 384 362
f 359 383 384
f 359 384 360
f 358 382 383
f 358 383 359
f 357 381 382
f 357 382 358
f 356 380 381
f 356 381 357
f 355 378 379
f 355 379 380
f 355 380 356
f 354 378 355
f 353 377 378
f 353 378 354
f 352 376 377
f 352 377 353
f 351 375 376
f 351 376 352
f 350 373 374
f 350 374 375
f 350 375 351
f 349 373 350
f 348 373 349
f 348 372 373
f 347 372 348
f 347 370 371
f 347 371 372
f 346 370 347
f 345 370 346
f 345 368 369
f 345 369 370
f 344 368 345
f 343 368 344
f 343 366 367
f 343 367 368
f 342 366 343
f 341 365 366
f 341 366 342
f 340 364 365
f 340 365 341
f 339 363 364
f 339 364 340
f 338 337 363
f 338 363 339
f 408 410 409
f 408 432 410
f 407 431 432
f 407 432 408
f 406 430 431
f 406 431 407
f 405 429 430
f 405 430 406
f 404 428 429
f 404 429 405
f 403 426 427
f 403 427 428
f 403 428 404
f 402 426 403
f 401 425 426
f 401 426 402
f 400 424 425
f 400 425 401
f 399 423 424
f 399 424 400
f 398 421 422
f 398 422 423
f 398 423 399
f 397 421 398
f 396 421 397
f 396 420 421
f 395 420 396
f 395 418 419
f 395 419 420
f 394 418 395
f 393 418 394
f 393 416 417
f 393 417 418
f 392 416 393
f 391 416 392
f 391 414 415
f 391 415 416
f 390 414 391
f 389 413 414
f 389 414 390
f 388 412 413
f 388 413 389
f 387 411 412
f 387 412 388
f 386 385 411
f 386 411 387
f 456 458 457
f 456 480 458
f 455 479 480
f 455 480 456
f 454 478 479
f 454 479 455
f 453 477 478
f 453 478 454
f 452 476 477
f 452 477 453
f 451 474 475
f 451 475 476
f 451 476 452
f 450 474 451
f 449 473 474
f 449 474 450
f 448 472 473
f 448 473 449
f 447 471 472
f 447 472 448
f 446 469 470
f 446 470 471
f 446 471 447
f 445 469 446
f 444 469 445
f 444 468 469
f 443 468 444
f 443 466 467
f 443 467 468
f 442 466 443
f 441 466 442
f 441 464 465
f 441 465 466
f 440 464 441
f 439 464 440
f 439 462 463
f 439 463 464
f 438 462 439
f 437 461 462
f 437 462 438
f 436 460 461
f 436 461 437
f 435 459 460
f 435 460 436
f 434 433 459
f 434 459 435
f 484 506 483
f 484 507 506
f 485 508 507
f 485 507 484
f 486 509 508
f 486 508 485
f 487 510 509
f 487 509 486
f 488 511 510
f 488 510 487
f 489 512 511
f 489 513 512
f 489 511 488
f 490 513 489
f 491 514 513
f 491 513 490
f 492 515 514
f 492 516 515
f 492 514 491
f 493 516 492
f 494 517 516
f 494 516 493
f 495 517 494
f 495 518 517
f 496 518 495
f 496 519 518
f 496 520 519
f 497 520 496
f 498 520 497
f 498 521 520
f 498 522 521
f 499 522 498
f 500 522 499
f 500 523 522
f 501 523 500
f 501 524 523
f 501 525 524
f 502 525 501
f 502 526 525
f 503 526 502
f 504 526 503
f 504 527 526
f 505 527 504
f 505 528 527
f 482 528 505
f 482 481 528
f 532 554 531
f 532 555 554
f 533 556 555
f 533 555 532
f 534 557 556
f 534 556 533
f 535 558 557
f 535 557 534
f 536 559 558
f 536 558 535
f 537 560 559
f 537 561 560
f 537 559 536
f 538 561 537
f 539 562 561
f 539 561 538
f 540 563 562
f 540 564 563
f 540 562 539
f 541 564 540
f 542 565 564
f 542 564 541
f 543 565 542
f 543 566 565
f 544 566 543
f 544 567 566
f 544 568 567
f 545 568 544
f 546 568 545
f 546 569 568
f 546 570 569
f 547 570 546
f 548 570 547
f 548 571 570
f 549 571 548
f 549 572 571
f 549 573 572
f 550 573 549
f 550 574 573
f 551 574 550
f 552 574 551
f 552 575 574
f 553 575 552
f 553 576 575
f 530 576 553
f 530 529 576
f 580 602 579
f 580 603 602
f 581 604 603
f 581 603 580
f 582 605 604
f 582 604 581
f 583 606 605
f 583 605 582
f 584 607 606
f 584 606 583
f 585 608 607
f 585 609 608
f 585 607 584
f 586 609 585
f 587 610 609
f 587 609 586
f 588 611 610
f 588 612 611
f 588 610 587
f 589 612 588
f 590 613 612
f 590 612 589
f 591 613 590
f 591 614 613
f 592 614 591
f 592 615 614
f 592 616 615
f 593 616 592
f 594 616 593
f 594 617 616
f 594 618 617
f 595 618 594
f 596 618 595
f 596 619 618
f 597 619 596
f 597 620 619
f 597 621 620
f 598 621 597
f 598 622 621
f 599 622 598
f 600 622 599
f 600 623 622
f 601 623 600
f 601 624 623
f 578 624 601
f 578 577 624
f 628 650 627
f 628 651 650
f 629 652 651
f 629 651 628
f 630 653 652
f 630 652 629
f 631 654 653
f 631 653 630
f 632 655 654
f 632 654 631
f 633 656 655
f 633 657 656
f 633 655 632
f 634 657 633
f 635 658 657
f 635 657 634
f 636 659 658
f 636 660 659
f 636 658 635
f 637 660 636
f 638 661 660
f 638 660 637
f 639 661 638
f 639 662 661
f 640 662 639
f 640 663 662
f 640 664 663
f 641 664 640
f 642 664 641
f 642 665 664
f 642 666 665
f 643 666 642
f 644 666 643
f 644 667 666
f 645 667 644
f 645 668 667
f 645 669 668
f 646 669 645
f 646 670 669
f 647 670 646
f 648 670 647
f 648 671 670
f 649 671 648
f 649 672 671
f 626 672 649
f 626 625 672
f 676 698 675
f 676 699 698
f 677 700 699
f 677 699 676
f 678 701 700
f 678 700 677
f 679 702 701
f 679 701 678
f 680 703 702
f 680 702 679
f 681 704 703
f 681 705 704
f 681 703 680
f 682 705 681
f 683 706 705
f 683 705 682
f 684 707 706
f 684 708 707
f 684 706 683
f 685 708 684
f 686 709 708
f 686 708 685
f 687 709 686
f 687 710 709
f 688 710 687
f 688 711 710
f 688 712 711
f 689 712 688
f 690 712 689
f 690 713 712
f 690 714 713
f 691 714 690
f 692 714 691
f 692 715 714
f 693 715 692
f 693 716 715
f 693 717 716
f 694 717 693
f 694 718 717
f 695 718 694
f 696 718 695
f 696 719 718
f 697 719 696
f 697 720 719
f 674 720 697
f 674 673 720
f 724 746 723
f 724 747 746
f 725 748 747
f 725 747 724
f 726 749 748
f 726 748 725
f 727 750 749
f 727 749 726
f 728 751 750
f 728 750 727
f 729 752 751
f 729 753 752
f 729 751 728
f 730 753 729
f 731 754 753
f 731 753 730
f 732 755 754
f 732 756 755
f 732 754 731
f 733 756 732
f 734 757 756
f 734 756 733
f 735 757 734
f 735 758 757
f 736 758 735
f 736 759 758
f 736 760 759
f 737 760 736
f 738 760 737
f 738 761 760
f 738 762 761
f 739 762 738
f 740 762 739
f 740 763 762
f 741 763 740
f 741 764 763
f 741 765 764
f 742 765 741
f 742 766 765
f 743 766 742
f 744 766 743
f 744 767 766
f 745 767 744
f 745 768 767
f 722 768 745
f 722 721 768
f 771 816 794
f 772 815 816
f 772 816 771
f 773 814 815
f 773 815 772
f 774 813 814
f 774 814 773
f 775 812 813
f 775 813 774
f 776 811 812
f 776 812 775
f 777 810 811
f 777 811 776
f 778 809 810
f 778 810 777
f 779 808 809
f 779 809 778
f 780 807 808
f 780 808 779
f 781 806 807
f 781 807 780
f 782 805 806
f 782 806 781
f 783 805 782
f 783 804 805
f 784 804 783
f 785 804 784
f 785 802 803
f 785 803 804
f 786 802 785
f 786 801 802
f 787 801 786
f 787 800 801
f 788 800 787
f 788 799 800
f 789 799 788
f 789 798 799
f 790 798 789
f 790 797 798
f 791 797 790
f 792 795 796
f 792 796 797
f 792 797 791
f 793 769 795
f 793 795 792
f 770 769 793
f 829 842 828
f 829 864 842
f 830 863 864
f 830 864 829
f 831 862 863
f 831 863 830
f 832 861 862
f 832 862 831
f 833 860 861
f 833 861 832
f 834 859 860
f 834 860 833
f 835 858 859
f 835 859 834
f 836 857 858
f 836 858 835
f 837 856 857
f 837 857 836
f 838 855 856
f 838 856 837
f 839 854 855
f 839 855 838
f 840 854 839
f 840 853 854
f 841 853 840
f 841 852 853
f 819 852 841
f 819 851 852
f 820 851 819
f 820 850 851
f 821 850 820
f 821 849 850
f 822 849 821
f 822 848 849
f 823 848 822
f 823 847 848
f 824 846 847
f 824 847 823
f 825 846 824
f 825 845 846
f 826 844 845
f 826 845 825
f 827 843 844
f 827 844 826
f 818 817 843
f 818 843 827
f 867 912 890
f 868 911 912
f 868 912 867
f 869 910 911
f 869 911 868
f 870 909 910
f 870 910 869
f 871 908 909
f 871 909 870
f 872 907 908
f 872 908 871
f 873 906 907
f 873 907 872
f 874 905 906
f 874 906 873
f 875 904 905
f 875 905 874
f 876 903 904
f 876 904 875
f 877 902 903
f 877 903 876
f 878 901 902
f 878 902 877
f 879 901 878
f 879 900 901
f 880 900 879
f 881 900 880
f 881 898 899
f 881 899 900
f 882 898 881
f 882 897 898
f 883 897 882
f 883 896 897
f 884 896 883
f 884 895 896
f 885 895 884
f 885 894 895
f 886 894 885
f 886 893 894
f 887 893 886
f 888 891 892
f 888 892 893
f 888 893 887
f 889 865 891
f 889 891 888
f 866 865 889
f 933 960 938
f 934 959 960
f 934 960 933
f 935 958 959
f 935 959 934
f 936 957 958
f 936 958 935
f 937 956 957
f 937 957 936
f 915 955 956
f 915 956 937
f 916 954 955
f 916 955 915
f 917 953 954
f 917 954 916
f 918 952 953
f 918 953 917
f 919 951 952
f 919 952 918
f 920 950 951
f 920 951 919
f 921 949 950
f 921 950 920
f 922 949 921
f 922 948 949
f 923 948 922
f 923 947 948
f 924 947 923
f 924 946 947
f 925 946 924
f 925 945 946
f 926 945 925
f 926 944 945
f 927 944 926
f 927 943 944
f 928 943 927
f 928 942 943
f 929 942 928
f 929 941 942
f 930 940 941
f 930 941 929
f 931 939 940
f 931 940 930
f 932 913 939
f 932 939 931
f 914 913 932
f 963 1008 986
f 964 1007 1008
f 964 1008 963
f 965 1006 1007
f 965 1007 964
f 966 1005 1006
f 966 1006 965
f 967 1004 1005
f 967 1005 966
f 968 1003 1004
f 968 1004 967
f 969 1002 1003
f 969 1003 968
f 970 1001 1002
f 970 1002 969
f 971 1000 1001
f 971 1001 970
f 972 999 1000
f 972 1000 971
f 973 998 999
f 973 999 972
f 974 997 998
f 974 998 973
f 975 997 974
f 975 996 997
f 976 996 975
f 977 996 976
f 977 994 995
f 977 995 996
f 978 994 977
f 978 993 994
f 979 993 978
f 979 992 993
f 980 992 979
f 980 991 992
f 981 991 980
f 981 990 991
f 982 990 981
f 982 989 990
f 983 989 982
f 984 987 988
f 984 988 989
f 984 989 983
f 985 961 987
f 985 987 984
f 962 961 985
f 1028 1034 1027
f 1028 1056 1034
f 1029 1055 1056
f 1029 1056 1028
f 1030 1054 1055
f 1030 1055 1029
f 1031 1053 1054
f 1031 1054 1030
f 1032 1052 1053
f 1032 1053 1031
f 1033 1051 1052
f 1033 1052 1032
f 1011 1050 1051
f 1011 1051 1033
f 1012 1049 1050
f 1012 1050 1011
f 1013 1048 1049
f 1013 1049 1012
f 1014 1047 1048
f 1014 1048 1013
f 1015 1046 1047
f 1015 1047 1014
f 1016 1045 1046
f 1016 1046 1015
f 1017 1045 1016
f 1017 1044 1045
f 1018 1044 1017
f 1018 1043 1044
f 1019 1043 1018
f 1019 1042 1043
f 1020 1042 1019
f 1020 1041 1042
f 1021 1041 1020
f 1021 1040 1041
f 1022 1040 1021
f 1022 1039 1040
f 1023 1039 1022
f 1023 1038 1039
f 1024 1037 1038
f 1024 1038 1023
f 1025 1036 1037
f 1025 1037 1024
f 1026 1035 1036
f 1026 1036 1025
f 1010 1009 1035
f 1010 1035 1026
f 1059 1104 1082
f 1060 1103 1104
f 1060 1104 1059
f 1061 1102 1103
f 1061 1103 1060
f 1062 1101 1102
f 1062 1102 1061
f 1063 1100 1101
f 1063 1101 1062
f 1064 1099 1100
f 1064 1100 1063
f 1065 1098 1099
f 1065 1099 1064
f 1066 1097 1098
f 1066 1098 1065
f 1067 1096 1097
f 1067 1097 1066
f 1068 1095 1096
f 1068 1096 1067
f 1069 1094 1095
f 1069 1095 1068
f 1070 1093 1094
f 1070 1094 1069
f 1071 1093 1070
f 1071 1092 1093
f 1072 1092 1071
f 1073 1092 1072
f 1073 1090 1091
f 1073 1091 1092
f 1074 1090 1073
f 1074 1089 1090
f 1075 1089 1074
f 1075 1088 1089
f 1076 1088 1075
f 1076 1087 1088
f 1077 1087 1076
f 1077 1086 1087
f 1078 1086 1077
f 1078 1085 1086
f 1079 1085 1078
f 1080 1083 1084
f 1080 1084 1085
f 1080 1085 1079
f 1081 1057 1083
f 1081 1083 1080
f 1058 1057 1081
f 1107 1152 1130
f 1108 1151 1152
f 1108 1152 1107
f 1109 1150 1151
f 1109 1151 1108
f 1110 1149 1150
f 1110 1150 1109
f 1111 1148 1149
f 1111 1149 1110
f 1112 1147 1148
f 1112 1148 1111
f 1113 1146 1147
f 1113 1147 1112
f 1114 1145 1146
f 1114 1146 1113
f 1115 1144 1145
f 1115 1145 1114
f 1116 1143 1144
f 1116 1144 1115
f 1117 1142 1143
f 1117 1143 1116
f 1118 1141 1142
f 1118 1142 1117
f 1119 1141 1118
f 1119 1140 1141
f 1120 1140 1119
f 1121 1140 1120
f 1121 1138 1139
f 1121 1139 1140
f 1122 1138 1121
f 1122 1137 1138
f 1123 1137 1122
f 1123 1136 1137
f 1124 1136 1123
f 1124 1135 1136
f 1125 1135 1124
f 1125 1134 1135
f 1126 1134 1125
f 1126 1133 1134
f 1127 1133 1126
f 1128 1131 1132
f 1128 1132 1133
f 1128 1133 1127
f 1129 1105 1131
f 1129 1131 1128
f 1106 1105 1129
f 1156 1178 1155
f 1156 1179 1178
f 1157 1180 1179
f 1157 1179 1156
f 1158 1181 1180
f 1158 1180 1157
f 1159 1182 1181
f 1159 1181 1158
f 1160 1183 1182
f 1160 1182 1159
f 1161 1184 1183
f 1161 1185 1184
f 1161 1183 1160
f 1162 1185 1161
f 1163 1186 1185
f 1163 1185 1162
f 1164 1187 1186
f 1164 1188 1187
f 1164 1186 1163
f 1165 1188 1164
f 1166 1189 1188
f 1166 1188 1165
f 1167 1189 1166
f 1167 1190 1189
f 1168 1190 1167
f 1168 1191 1190
f 1168 1192 1191
f 1169 1192 1168
f 1170 1192 1169
f 1170 1193 1192
f 1170 1194 1193
f 1171 1194 1170
f 1172 1194 1171
f 1172 1195 1194
f 1173 1195 1172
f 1173 1196 1195
f 1173 1197 1196
f 1174 1197 1173
f 1174 1198 1197
f 1175 1198 1174
f 1176 1198 1175
f 1176 1199 1198
f 1177 1199 1176
f 1177 1200 1199
f 1154 1200 1177
f 1154 1153 1200
f 1204 1226 1203
f 1204 1227 1226
f 1205 1228 1227
f 1205 1227 1204
f 1206 1229 1228
f 1206 1228 1205
f 1207 1230 1229
f 1207 1229 1206
f 1208 1231 1230
f 1208 1230 1207
f 1209 1232 1231
f 1209 1233 1232
f 1209 1231 1208
f 1210 1233 1209
f 1211 1234 1233
f 1211 1233 1210
f 1212 1235 1234
f 1212 1236 1235
f 1212 1234 1211
f 1213 1236 1212
f 1214 1237 1236
f 1214 1236 1213
f 1215 1237 1214
f 1215 1238 1237
f 1216 1238 1215
f 1216 1239 1238
f 1216 1240 1239
f 1217 1240 1216
f 1218 1240 1217
f 1218 1241 1240
f 1218 1242 1241
f 1219 1242 1218
f 1220 1242 1219
f 1220 1243 1242
f 1221 1243 1220
f 1221 1244 1243
f 1221 1245 1244
f 1222 1245 1221
f 1222 1246 1245
f 1223 1246 1222
f 1224 1246 1223
f 1224 1247 1246
f 1225 1247 1224
f 1225 1248 1247
f 1202 1248 1225
f 1202 1201 1248
f 1252 1274 1251
f 1252 1275 1274
f 1253 1276 1275
f 1253 1275 1252
f 1254 1277 1276
f 1254 1276 1253
f 1255 1278 1277
f 1255 1277 1254
f 1256 1279 1278
f 1256 1278 1255
f 1257 1280 1279
f 1257 1281 1280
f 1257 1279 1256
f 1258 1281 1257
f 1259 1282 1281
f 1259 1283 1282
f 1259 1281 1258
f 1260 1284 1283
f 1260 1283 1259
f 1261 1285 1284
f 1261 1284 1260
f 1262 1286 1285
f 1262 1285 1261
f 1263 1286 1262
f 1263 1287 1286
f 1264 1287 1263
f 1264 1288 1287
f 1265 1288 1264
f 1265 1289 1288
f 1266 1289 1265
f 1266 1290 1289
f 1267 1290 1266
f 1267 1291 1290
f 1268 1291 1267
f 1268 1292 1291
f 1269 1292 1268
f 1269 1293 1292
f 1270 1293 1269
f 1270 1294 1293
f 1271 1294 1270
f 1271 1295 1294
f 1272 1295 1271
f 1273 1295 1272
f 1273 1296 1295
f 1273 1249 1296
f 1250 1249 1273
f 1300 1322 1299
f 1300 1323 1322
f 1301 1324 1323
f 1301 1323 1300
f 1302 1325 1324
f 1302 1324 1301
f 1303 1326 1325
f 1303 1325 1302
f 1304 1327 1326
f 1304 1326 1303
f 1305 1328 1327
f 1305 1329 1328
f 1305 1327 1304
f 1306 1329 1305
f 1307 1330 1329
f 1307 1329 1306
f 1308 1331 1330
f 1308 1332 1331
f 1308 1330 1307
f 1309 1332 1308
f 1310 1333 1332
f 1310 1332 1309
f 1311 1333 1310
f 1311 1334 1333
f 1312 1334 1311
f 1312 1335 1334
f 1312 1336 1335
f 1313 1336 1312
f 1314 1336 1313
f 1314 1337 1336
f 1314 1338 1337
f 1315 1338 1314
f 1316 1338 1315
f 1316 1339 1338
f 1317 1339 1316
f 1317 1340 1339
f 1317 1341 1340
f 1318 1341 1317
f 1318 1342 1341
f 1319 1342 1318
f 1320 1342 1319
f 1320 1343 1342
f 1321 1343 1320
f 1321 1344 1343
f 1298 1344 1321
f 1298 1297 1344
f 1466 1468 1467
f 1455 1463 1462
f 1455 1464 1463
f 1455 1465 1464
f 1455 1466 1465
f 1454 1466 1455
f 1453 1468 1466
f 1453 1466 1454
f 1456 1461 1460
f 1456 1455 1462
f 1456 1462 1461
f 1452 1468 1453
f 1457 1460 1459
f 1457 1456 1460
f 1451 1468 1452
f 1458 1457 1459
f 1442 1449 1448
f 1442 1450 1449
f 1442 1451 1450
f 1442 1441 1451
f 1440 1451 1441
f 1439 1451 1440
f 1438 1468 1451
f 1438 1451 1439
f 1443 1448 1447
f 1443 1442 1448
f 1437 1468 1438
f 1444 1447 1446
f 1444 1443 1447
f 1436 1468 1437
f 1445 1444 1446
f 1421 1431 1430
f 1421 1432 1431
f 1421 1433 1432
f 1421 1434 1433
f 1421 1435 1434
f 1421 1430 1429
f 1420 1436 1435
f 1420 1435 1421
f 1422 1421 1429
f 1422 1429 1428
f 1419 1436 1420
f 1419 1468 1436
f 1423 1422 1428
f 1423 1427 1426
f 1423 1428 1427
f 1424 1423 1426
f 1424 1426 1425
f 1418 1468 1419
f 1408 1416 1415
f 1408 1417 1416
f 1408 1418 1417
f 1407 1418 1408
f 1409 1408 1415
f 1409 1415 1414
f 1406 1468 1418
f 1406 1418 1407
f 1410 1409 1414
f 1410 1414 1413
f 1411 1410 1413
f 1411 1413 1412
f 1405 1468 1406
f 1395 1403 1402
f 1395 1404 1403
f 1395 1405 1404
f 1394 1405 1395
f 1396 1395 1402
f 1396 1402 1401
f 1393 1468 1405
f 1393 1405 1394
f 1397 1401 1400
f 1397 1396 1401
f 1398 1400 1399
f 1398 1397 1400
f 1392 1468 1393
f 1382 1390 1389
f 1382 1391 1390
f 1382 1392 1391
f 1381 1392 1382
f 1380 1392 1381
f 1383 1389 1388
f 1383 1382 1389
f 1379 1468 1392
f 1379 1392 1380
f 1384 1387 1386
f 1384 1388 1387
f 1384 1383 1388
f 1385 1384 1386
f 1368 1376 1375
f 1368 1377 1376
f 1368 1378 1377
f 1367 1378 1368
f 1366 1378 1367
f 1366 1379 1378
f 1369 1375 1374
f 1369 1368 1375
f 1370 1369 1374
f 1370 1373 1372
f 1370 1374 1373
f 1371 1370 1372
f 841 1360 819
f 840 1360 841
f 839 1360 840
f 838 1360 839
f 837 1360 838
f 836 1360 837
f 835 1360 836
f 834 1361 1360
f 834 1360 835
f 833 1361 834
f 1345 1347 1346
f 1345 1348 1347
f 1345 1349 1348
f 1345 1350 1349
f 1345 1351 1350
f 1345 1352 1351
f 1345 1353 1352
f 1345 1354 1353
f 1345 1355 1354
f 1618 1362 1361
f 1618 1363 1362
f 1618 1364 1363
f 1617 1364 1618
f 1616 1365 1364
f 1616 1364 1617
f 1022 1021 1618
f 1022 1361 833
f 1022 1618 1361
f 1020 1618 1021
f 1023 1022 833
f 1023 833 832
f 1019 1618 1020
f 1024 832 831
f 1024 1023 832
f 1018 1618 1019
f 1025 831 830
f 1025 1024 831
f 1017 1618 1018
f 1026 830 829
f 1026 1025 830
f 1016 1618 1017
f 1010 828 1359
f 1010 829 828
f 1010 1026 829
f 1015 1618 1016
f 1619 1359 1358
f 1619 1010 1359
f 1014 1618 1015
f 1620 1358 1357
f 1620 1619 1358
f 1013 1618 1014
f 1621 1357 1356
f 1621 1620 1357
f 1622 1356 1355
f 1622 1621 1356
f 1623 1622 1355
f 1623 1355 1345
f 1635 1624 1623
f 1635 1625 1624
f 1635 1626 1625
f 1635 1627 1626
f 1635 1628 1627
f 1635 1629 1628
f 1635 1630 1629
f 1635 1631 1630
f 1635 1632 1631
f 1635 1633 1632
f 1635 1634 1633
f 1635 1623 1345
f 1636 1345 1637
f 1636 1635 1345
f 1601 1610 1609
f 1601 1611 1610
f 1601 1612 1611
f 1601 1613 1612
f 1601 1614 1613
f 1601 1615 1614
f 1600 1615 1601
f 1599 1615 1600
f 1598 1615 1599
f 1597 1615 1598
f 1602 1608 1607
f 1602 1601 1609
f 1602 1609 1608
f 1603 1606 1605
f 1603 1607 1606
f 1603 1602 1607
f 1604 1603 1605
f 1583 1591 1590
f 1583 1592 1591
f 1583 1593 1592
f 1583 1594 1593
f 1583 1595 1594
f 1583 1596 1595
f 1582 1596 1583
f 1581 1596 1582
f 1580 1596 1581
f 1579 1596 1580
f 1578 1596 1579
f 1577 1596 1578
f 1576 1596 1577
f 1576 1597 1596
f 1584 1583 1590
f 1584 1589 1588
f 1584 1590 1589
f 1585 1584 1588
f 1585 1588 1587
f 1586 1585 1587
f 1574 1576 1575
f 1560 1571 1570
f 1560 1572 1571
f 1560 1573 1572
f 1560 1574 1573
f 1559 1574 1560
f 1561 1560 1570
f 1558 1574 1559
f 1562 1570 1569
f 1562 1561 1570
f 1563 1567 1566
f 1563 1568 1567
f 1563 1569 1568
f 1563 1562 1569
f 1557 1574 1558
f 1556 1574 1557
f 1554 1556 1555
f 1564 1566 1565
f 1564 1563 1566
f 937 1547 915
f 936 1547 937
f 1541 1543 1542
f 1536 1551 1550
f 1536 1552 1551
f 1536 1553 1552
f 1535 1553 1536
f 1534 1553 1535
f 1533 1553 1534
f 1532 1554 1553
f 1532 1553 1533
f 884 1549 1548
f 885 1548 1547
f 885 884 1548
f 883 1536 1550
f 883 1550 1549
f 883 1549 884
f 886 885 1547
f 882 1536 883
f 887 936 935
f 887 1547 936
f 887 886 1547
f 881 1537 1536
f 881 1536 882
f 888 935 934
f 888 887 935
f 880 1537 881
f 889 934 933
f 889 888 934
f 879 1537 880
f 866 889 933
f 878 1537 879
f 1660 933 1546
f 1660 866 933
f 877 1537 878
f 1661 1546 1545
f 1661 1660 1546
f 876 1537 877
f 1662 1545 1544
f 1662 1661 1545
f 875 1537 876
f 1663 1544 1543
f 1663 1543 1541
f 1663 1662 1544
f 874 1537 875
f 1664 1663 1541
f 873 1537 874
f 1665 1664 1541
f 872 1537 873
f 1666 1665 1541
f 871 1537 872
f 870 1537 871
f 869 1537 870
f 868 1537 869
f 1538 1666 1541
f 1538 1667 1666
f 1538 1668 1667
f 1538 1669 1668
f 1538 1670 1669
f 1538 1671 1670
f 1538 1541 1540
f 1538 1672 1671
f 1538 1673 1672
f 1538 1674 1673
f 1538 1675 1674
f 1538 1676 1675
f 1538 1677 1676
f 1538 1678 1677
f 1538 1679 1678
f 1538 1680 1679
f 1539 1538 1540
f 1518 1526 1525
f 1518 1527 1526
f 1518 1528 1527
f 1518 1529 1528
f 1518 1530 1529
f 1518 1531 1530
f 1517 1531 1518
f 1516 1531 1517
f 1515 1531 1516
f 1514 1531 1515
f 1519 1518 1525
f 1519 1524 1523
f 1519 1525 1524
f 1512 1514 1513
f 1520 1519 1523
f 1521 1520 1523
f 1521 1523 1522
f 1498 1509 1508
f 1498 1510 1509
f 1498 1511 1510
f 1499 1508 1507
f 1499 1498 1508
f 1500 1499 1507
f 1500 1504 1503
f 1500 1505 1504
f 1500 1506 1505
f 1500 1507 1506
f 1497 1511 1498
f 1496 1511 1497
f 1496 1512 1511
f 1501 1503 1502
f 1501 1500 1503
f 1485 1493 1492
f 1485 1494 1493
f 1485 1495 1494
f 1484 1495 1485
f 1483 1495 1484
f 1482 1495 1483
f 1481 1495 1482
f 1486 1485 1492
f 1486 1492 1491
f 1183 1184 1491
f 1185 1491 1184
f 1182 1183 1491
f 1186 1491 1185
f 1181 1182 1491
f 1187 1486 1491
f 1187 1491 1186
f 1180 1181 1491
f 1180 1491 1490
f 1188 1486 1187
f 1179 1180 1490
f 1189 1486 1188
f 1178 1179 1490
f 1190 1486 1189
f 1659 1178 1490
f 1191 1486 1190
f 1658 1659 1490
f 1192 1486 1191
f 1657 1658 1490
f 1193 1486 1192
f 1656 1490 1489
f 1656 1657 1490
f 1194 1486 1193
f 1655 1656 1489
f 1195 1486 1194
f 1654 1655 1489
f 1196 1486 1195
f 1653 1654 1489
f 1197 1486 1196
f 1652 1653 1489
f 1198 1486 1197
f 1651 1652 1489
f 1650 1651 1489
f 1487 1486 1198
f 1487 1198 1199
f 1487 1199 1200
f 1487 1200 1153
f 1487 1153 1638
f 1487 1638 1639
f 1487 1639 1640
f 1487 1640 1641
f 1487 1641 1642
f 1487 1642 1643
f 1487 1643 1644
f 1488 1487 1644
f 1488 1650 1489
f 1488 1644 1645
f 1488 1645 1646
f 1488 1646 1647
f 1488 1647 1648
f 1488 1648 1649
f 1488 1649 1650
f 1737 1475 1474
f 1737 1476 1475
f 1737 1477 1476
f 1737 1478 1477
f 1737 1479 1478
f 1737 1480 1479
f 1738 1474 1473
f 1738 1737 1474
f 1732 1734 1733
f 1731 1734 1732
f 1730 1734 1731
f 1729 1734 1730
f 1728 1734 1729
f 1727 1734 1728
f 1683 1738 1473
f 1726 1734 1727
f 1735 1726 1725
f 1735 1734 1726
f 1684 1683 1473
f 1724 1735 1725
f 1685 1684 1473
f 1723 1735 1724
f 1682 1738 1683
f 1682 1739 1738
f 1682 1740 1739
f 1682 1741 1740
f 1682 1742 1741
f 1682 1743 1742
f 1682 1744 1743
f 1682 1745 1744
f 1682 1746 1745
f 1682 1747 1746
f 1722 1735 1723
f 1686 1685 1473
f 1721 1735 1722
f 1687 1686 1473
f 1720 1735 1721
f 1688 1687 1473
f 1753 1752 1751
f 1719 1735 1720
f 1689 1688 1473
f 1754 1753 1751
f 1754 1751 1750
f 1718 1735 1719
f 1755 1754 1750
f 1755 1750 1749
f 1777 1779 1778
f 1777 1780 1779
f 1777 1781 1780
f 1756 1755 1749
f 1756 1749 1748
f 1776 1782 1781
f 1776 1781 1777
f 1717 1735 1718
f 1775 1783 1782
f 1775 1782 1776
f 1757 1756 1748
f 1757 1748 1747
f 1774 1784 1783
f 1774 1783 1775
f 1758 1757 1747
f 1758 1747 1682
f 1716 1735 1717
f 1773 1785 1784
f 1773 1784 1774
f 1759 1758 1682
f 1715 1735 1716
f 1772 1682 1785
f 1772 1785 1773
f 1760 1682 1772
f 1760 1759 1682
f 1771 1760 1772
f 1761 1771 1770
f 1761 1760 1771
f 1762 1770 1769
f 1762 1761 1770
f 1768 1762 1769
f 1768 1763 1762
f 1767 1763 1768
f 1766 1764 1763
f 1766 1765 1764
f 1766 1763 1767
f 1469 1532 1531
f 1469 1597 1576
f 1469 1512 1496
f 1469 1495 1481
f 1469 1710 1709
f 1469 1480 1737
f 1469 1711 1710
f 1469 1554 1532
f 1469 1712 1711
f 1469 1713 1712
f 1469 1481 1480
f 1469 1714 1713
f 1469 1715 1714
f 1469 1576 1574
f 1469 1496 1495
f 1469 1736 1735
f 1469 1737 1736
f 1469 1531 1514
f 1469 1574 1556
f 1469 1514 1512
f 1469 1735 1715
f 1469 1556 1554
f 1708 1469 1709
f 1707 1469 1708
f 1706 1469 1707
f 1472 1690 1689
f 1472 1691 1690
f 1472 1692 1691
f 1472 1693 1692
f 1472 1694 1693
f 1472 1695 1694
f 1472 1696 1695
f 1472 1689 1473
f 1470 1697 1696
f 1470 1698 1697
f 1470 1699 1698
f 1470 1700 1699
f 1470 1701 1700
f 1470 1702 1701
f 1470 1703 1702
f 1470 1696 1472
f 1470 1472 1471
f 1470 1704 1703
f 1470 1705 1704
f 1470 1706 1705
f 1470 1469 1706
f 1468 1597 1469
f 1468 1615 1597
f 1468 1616 1615
f 1468 1365 1616
f 1468 1366 1365
f 1468 1379 1366
f 1537 867 1538
f 867 1681 1538
f 1681 1680 1538
f 1537 868 867
f 1618 1012 1011
f 1618 1013 1012
f 1937 1936 1935
f 2058 1935 1934
f 2058 1934 2059
f 2049 1934 1933
f 2049 2059 1934
f 2050 2049 1933
f 2056 2058 2057
f 2052 2051 2050
f 2052 2050 1933
f 2053 2052 1933
f 2053 2055 2054
f 1938 2056 2055
f 1938 1937 1935
f 1938 1935 2058
f 1938 2058 2056
f 1939 2055 2053
f 1939 1938 2055
f 1940 1939 2053
f 1941 1940 2053
f 1942 1941 2053
f 1942 2053 1933
f 1948 1950 1949
f 1943 1942 1933
f 1944 1943 1933
f 1952 1951 1950
f 1953 1950 1948
f 1953 1952 1950
f 1953 1948 1947
f 1954 1953 1947
f 1955 1954 1947
f 1956 1955 1947
f 1957 1956 1947
f 1957 1945 1944
f 1957 1946 1945
f 1957 1947 1946
f 1960 1962 1961
f 1964 1963 1962
f 1965 1964 1962
f 1965 1962 1960
f 1966 1965 1960
f 1966 1960 1959
f 1967 1966 1959
f 1968 1967 1959
f 1968 1959 1958
f 1975 1974 1973
f 1976 1975 1973
f 1976 1972 1971
f 1976 1973 1972
f 1977 1976 1971
f 1977 1971 1970
f 1978 1970 1969
f 1978 1977 1970
f 1979 1978 1969
f 1980 1979 1969
f 1981 1980 1969
f 1982 1981 1969
f 1983 1982 1969
f 1996 1995 1994
f 1997 1991 1990
f 1997 1992 1991
f 1997 1993 1992
f 1997 1994 1993
f 1997 1996 1994
f 1998 1990 1989
f 1998 1997 1990
f 1999 1989 1988
f 1999 1998 1989
f 2000 1988 1987
f 2000 1999 1988
f 2001 2000 1987
f 2001 1987 1986
f 2002 2001 1986
f 2002 1986 1985
f 2003 2002 1985
f 2017 2015 2014
f 2017 2016 2015
f 2018 2011 2010
f 2018 2012 2011
f 2018 2013 2012
f 2018 2014 2013
f 2018 2017 2014
f 2019 2009 2008
f 2019 2010 2009
f 2019 2018 2010
f 2020 2008 2007
f 2020 2019 2008
f 2021 2007 2006
f 2021 2020 2007
f 2022 2006 2005
f 2022 2021 2006
f 2030 2029 2028
f 2032 2031 2030
f 2032 2030 2028
f 2033 2028 2027
f 2033 2032 2028
f 2034 2033 2027
f 2035 2034 2027
f 2036 2035 2027
f 2037 2036 2027
f 2038 2027 2026
f 2038 2037 2027
f 2039 2038 2026
f 2039 2025 2024
f 2039 2026 2025
f 2040 2039 2024
f 2041 2040 2024
f 2046 2048 2047
f 1787 1786 2048
f 1788 2048 2046
f 1788 1787 2048
f 1788 2046 2045
f 1789 1788 2045
f 1790 1789 2045
f 1791 1790 2045
f 1792 1791 2045
f 1793 1792 2045
f 1793 2044 2043
f 1793 2045 2044
f 1800 1798 1797
f 1800 1799 1798
f 1801 1800 1797
f 1802 1801 1797
f 1803 1802 1797
f 1804 1797 1796
f 1804 1803 1797
f 1805 1804 1796
f 1806 1795 1794
f 1806 1796 1795
f 1806 1805 1796
f 1807 1806 1794
f 1808 1807 1794
f 1813 1815 1814
f 1817 1816 1815
f 1817 1815 1813
f 1818 1817 1813
f 1819 1818 1813
f 1820 1812 1811
f 1820 1813 1812
f 1820 1819 1813
f 1821 1811 1810
f 1821 1820 1811
f 1830 1828 1827
f 1830 1829 1828
f 1831 1830 1827
f 1831 1827 1826
f 1832 1831 1826
f 1833 1832 1826
f 1834 1833 1826
f 1835 1834 1826
f 1836 1835 1826
f 1837 1836 1826
f 1837 1825 1824
f 1837 1826 1825
f 1838 1837 1824
f 1838 1824 1823
f 1844 1846 1845
f 1847 1846 1844
f 1849 1848 1847
f 1850 1849 1847
f 1851 1847 1844
f 1851 1850 1847
f 1851 1844 1843
f 1852 1851 1843
f 1853 1852 1843
f 1854 1843 1842
f 1854 1853 1843
f 1855 1854 1842
f 1855 1841 1840
f 1855 1842 1841
f 1856 1855 1840
f 1864 1866 1865
f 1868 1866 1864
f 1868 1867 1866
f 1869 1868 1864
f 1870 1869 1864
f 1871 1864 1863
f 1871 1870 1864
f 1872 1871 1863
f 1873 1872 1863
f 1874 1861 1860
f 1874 1862 1861
f 1874 1863 1862
f 1874 1873 1863
f 1875 1860 1859
f 1875 1874 1860
f 1876 1859 1858
f 1876 1875 1859
f 1877 1876 1858
f 1890 1889 1888
f 1887 1890 1888
f 1892 1891 1890
f 1893 1887 1886
f 1893 1890 1887
f 1893 1892 1890
f 1894 1893 1886
f 1894 1886 1885
f 1895 1894 1885
f 1895 1885 1884
f 1896 1895 1884
f 1896 1884 1883
f 1897 1896 1883
f 1898 1897 1883
f 1898 1882 1881
f 1898 1883 1882
f 1899 1898 1881
f 1899 1881 1880
f 1900 1899 1880
f 1900 1880 1879
f 1906 1908 1907
f 1905 1908 1906
f 1910 1909 1908
f 1910 1908 1905
f 1911 1910 1905
f 1912 1911 1905
f 1913 1912 1905
f 1914 1913 1905
f 1915 1903 1902
f 1915 1904 1903
f 1915 1905 1904
f 1915 1914 1905
f 1916 1915 1902
f 1920 1922 1921
f 1920 1923 1922
f 1925 1920 1919
f 1925 1924 1923
f 1925 1923 1920
f 1926 1919 1918
f 1926 1925 1919
f 1927 1918 1917
f 1927 1926 1918
f 1932 1917 1916
f 1932 1928 1927
f 1932 1929 1928
f 1932 1930 1929
f 1932 1931 1930
f 1932 1927 1917
f 1932 2041 1933
f 2041 2024 1933
f 2024 2023 1933
f 2023 2022 1933
f 2022 2005 1933
f 2005 2004 1933
f 2004 2003 1933
f 2003 1985 1933
f 1985 1984 1933
f 1984 1983 1933
f 1983 1969 1933
f 1969 1968 1933
f 1968 1958 1933
f 1958 1957 1933
f 1957 1944 1933
f 1932 2042 2041
f 1932 2043 2042
f 1932 1793 2043
f 1932 1794 1793
f 1932 1808 1794
f 1932 1809 1808
f 1932 1810 1809
f 1932 1821 1810
f 1932 1822 1821
f 1932 1823 1822
f 1932 1838 1823
f 1932 1839 1838
f 1932 1840 1839
f 1932 1856 1840
f 1932 1857 1856
f 1932 1858 1857
f 1932 1877 1858
f 1932 1878 1877
f 1932 1879 1878
f 1932 1900 1879
f 1932 1901 1900
f 1932 1902 1901
f 1932 1916 1902
f 2032 2061 2031
f 2032 1372 2061
f 2039 2035 2036
f 2039 2036 2037
f 2039 2037 2038
f 2040 2034 2035
f 2040 2035 2039
f 2041 2033 2034
f 2041 2032 2033
f 2041 2034 2040
f 1371 1372 2032
f 2060 1371 2032
f 2046 2047 2060
f 2046 2032 2041
f 2046 2060 2032
f 2042 2046 2041
f 2045 2042 2043
f 2045 2043 2044
f 2045 2046 2042
f 1787 2063 1786
f 1787 1637 2063
f 2062 1636 1637
f 2062 1637 1787
f 1793 1788 1789
f 1793 1789 1790
f 1793 1790 1791
f 1793 1791 1792
f 1797 1798 2062
f 1797 1787 1788
f 1797 2062 1787
f 1795 1796 1797
f 1794 1788 1793
f 1794 1797 1788
f 1794 1795 1797
f 1369 1366 1367
f 1369 1367 1368
f 1365 1366 1369
f 2065 1370 1371
f 1361 1364 1365
f 1361 1362 1363
f 1361 1363 1364
f 1360 1361 1365
f 823 1360 1365
f 823 822 1360
f 821 1360 822
f 824 823 1365
f 820 1360 821
f 825 824 1365
f 819 1360 820
f 826 825 1365
f 827 826 1365
f 818 827 1365
f 2066 818 1365
f 2048 2065 2047
f 2048 1369 1370
f 2048 2067 2066
f 2048 2068 2067
f 2048 2069 2068
f 2048 2070 2069
f 2048 2071 2070
f 2048 1365 1369
f 2048 1370 2065
f 2048 2066 1365
f 1345 2072 2071
f 1345 2073 2072
f 1345 1346 2073
f 1345 2071 2048
f 2064 1345 2048
f 1786 2064 2048
f 1637 1345 2064
f 1439 1440 1441
f 1438 1441 1442
f 1438 1439 1441
f 1443 1438 1442
f 1437 1438 1443
f 1444 1437 1443
f 1434 1435 1436
f 2075 1444 1445
f 1433 1434 1436
f 1432 1433 1436
f 1431 1432 1436
f 1430 1431 1436
f 1429 1430 1436
f 1428 1436 1437
f 1428 1429 1436
f 1962 2075 1961
f 1962 1437 1444
f 1962 1444 2075
f 1962 1428 1437
f 1427 1428 1962
f 1426 1427 1962
f 2074 1426 1962
f 1963 2074 1962
f 1425 1426 2074
f 1422 1420 1421
f 1419 1420 1422
f 1423 1419 1422
f 2076 1423 1424
f 1974 1423 2076
f 1415 1416 1417
f 1415 1417 1418
f 1414 1418 1419
f 1414 1419 1423
f 1414 1415 1418
f 1413 1414 1423
f 2077 1423 1974
f 2077 1413 1423
f 1975 2077 1974
f 1412 1413 2077
f 1964 2079 1963
f 1424 1425 2079
f 2078 2079 1964
f 2078 1424 2079
f 1968 1965 1966
f 1968 1966 1967
f 1973 1974 2078
f 1973 1964 1965
f 1973 2078 1964
f 1972 1965 1968
f 1972 1973 1965
f 1969 1970 1971
f 1969 1971 1972
f 1969 1972 1968
f 1561 1559 1560
f 1558 1559 1561
f 1563 1561 1562
f 1563 1558 1561
f 1557 1558 1563
f 1556 1557 1563
f 1555 1556 1563
f 2081 1563 1564
f 1552 1553 1554
f 1550 1551 1552
f 1550 1552 1554
f 1549 1550 1554
f 1548 1549 1554
f 1846 2081 1845
f 1846 1563 2081
f 1846 1555 1563
f 1547 1548 1554
f 928 927 1554
f 926 1554 927
f 929 928 1554
f 929 1554 1555
f 925 1554 926
f 930 929 1555
f 924 1554 925
f 931 930 1555
f 923 1554 924
f 923 1547 1554
f 932 931 1555
f 922 1547 923
f 914 932 1555
f 921 1547 922
f 2082 1555 1846
f 2082 914 1555
f 920 1547 921
f 2083 2082 1846
f 919 1547 920
f 2084 2083 1846
f 918 1547 919
f 2085 2084 1846
f 917 1547 918
f 2086 2085 1846
f 916 1547 917
f 915 1547 916
f 1541 2090 2089
f 1541 2091 2090
f 1541 2092 2091
f 1541 2093 2092
f 1541 2094 2093
f 1541 2095 2094
f 1541 2096 2095
f 1541 2097 2096
f 1541 2098 2097
f 1541 1542 2098
f 1847 2087 2086
f 1847 2088 2087
f 1847 2089 2088
f 1847 2086 1846
f 1847 1541 2089
f 2080 1541 1847
f 1848 2080 1847
f 1540 1541 2080
f 1537 1532 1533
f 1537 1533 1534
f 1537 1534 1535
f 1537 1535 1536
f 2099 1538 1539
f 1527 1528 1529
f 1526 1529 1530
f 1526 1530 1531
f 1526 1527 1529
f 1525 1526 1531
f 1524 1531 1532
f 1524 1532 1537
f 1524 1525 1531
f 1866 1537 1538
f 1866 2099 1865
f 1866 1524 1537
f 1866 1538 2099
f 1523 1524 1866
f 2100 1523 1866
f 1867 2100 1866
f 1522 1523 2100
f 1849 2102 1848
f 1850 2102 1849
f 1539 1540 2102
f 2101 1539 2102
f 2101 2102 1850
f 1854 1852 1853
f 1856 1854 1855
f 1856 1851 1852
f 1856 1852 1854
f 1857 1850 1851
f 1857 2101 1850
f 1857 1851 1856
f 1860 1858 1859
f 1864 1865 2101
f 1864 1857 1858
f 1864 2101 1857
f 1864 1858 1860
f 1862 1863 1864
f 1862 1864 1860
f 1861 1862 1860
f 1938 2104 1937
f 1458 1459 2104
f 2103 1458 2104
f 1941 1938 1939
f 1941 1939 1940
f 1942 1938 1941
f 1948 1949 2103
f 1948 2103 2104
f 1943 2104 1938
f 1943 1938 1942
f 1943 1948 2104
f 1944 1948 1943
f 1946 1944 1945
f 1946 1948 1944
f 1947 1948 1946
f 1952 2106 1951
f 2105 1445 1446
f 2105 1446 2106
f 2105 2106 1952
f 1957 1953 1954
f 1957 1954 1955
f 1957 1955 1956
f 1960 1961 2105
f 1960 1952 1953
f 1960 2105 1952
f 1958 1959 1960
f 1958 1953 1957
f 1958 1960 1953
f 1456 1453 1454
f 1456 1454 1455
f 1452 1453 1456
f 1231 1232 1456
f 1233 1456 1232
f 1230 1231 1456
f 1234 1456 1233
f 1229 1230 1456
f 1235 1456 1234
f 1236 1456 1235
f 1237 1452 1456
f 1237 1456 1236
f 1457 1227 1228
f 1457 1228 1229
f 1457 1229 1456
f 1226 1227 1457
f 1238 1452 1237
f 2130 1226 1457
f 1239 1452 1238
f 2129 2130 1457
f 1240 1452 1239
f 2128 2129 1457
f 1241 1452 1240
f 2108 1457 1458
f 2127 2128 1457
f 1242 1452 1241
f 2126 2127 1457
f 1448 1451 1452
f 1448 1449 1450
f 1448 1450 1451
f 1243 1452 1242
f 2125 2126 1457
f 2124 2125 1457
f 2124 1457 2108
f 2123 2124 2108
f 2122 2123 2108
f 2122 2108 1949
f 2121 2122 1949
f 2120 2121 1949
f 1950 1201 2109
f 1950 2109 2110
f 1950 2110 2111
f 1950 2111 2112
f 1950 2112 2113
f 1950 2113 2114
f 1950 2114 2115
f 1950 2115 2116
f 1950 2116 2117
f 1950 2117 2118
f 1950 2118 2119
f 1950 2119 2120
f 1950 2120 1949
f 1447 1448 1452
f 1447 1452 1243
f 1447 1243 1244
f 1447 1244 1245
f 1447 1245 1246
f 1447 1246 1247
f 1447 1247 1248
f 1447 1248 1201
f 1447 1201 1950
f 2107 1447 1950
f 1951 2107 1950
f 1446 1447 2107
f 2018 2132 2017
f 1385 1386 2132
f 2131 1385 2132
f 2021 2018 2019
f 2021 2019 2020
f 2022 2018 2021
f 2028 2029 2131
f 2028 2131 2132
f 2023 2132 2018
f 2023 2018 2022
f 2023 2028 2132
f 2024 2028 2023
f 2026 2024 2025
f 2026 2028 2024
f 2027 2028 2026
f 2047 1371 2060
f 2047 2065 1371
f 1383 1380 1381
f 1383 1381 1382
f 1379 1380 1383
f 1384 1379 1383
f 2134 1384 1385
f 1375 1378 1379
f 1375 1376 1377
f 1375 1377 1378
f 1374 1375 1379
f 1373 1379 1384
f 1373 1374 1379
f 2030 2134 2029
f 2030 1384 2134
f 2030 1373 1384
f 2133 1373 2030
f 2031 2133 2030
f 1372 1373 2133
f 1464 1465 1466
f 1463 1464 1466
f 1462 1463 1466
f 1461 1466 1467
f 1461 1462 1466
f 1460 1467 1934
f 1460 1461 1467
f 1935 1460 1934
f 1936 1460 1935
f 2135 1460 1936
f 1937 2135 1936
f 1459 1460 2135
f 1949 1458 2103
f 1949 2108 1458
f 1497 1498 1499
f 1497 1499 1500
f 1496 1497 1500
f 2137 1500 1501
f 1908 2137 1907
f 1908 1496 1500
f 1908 1500 2137
f 1492 1493 1494
f 1492 1494 1495
f 1491 1495 1496
f 1491 1496 1908
f 1491 1492 1495
f 1490 1491 1908
f 2136 1490 1908
f 1909 2136 1908
f 1489 1490 2136
f 1486 1481 1482
f 1486 1482 1483
f 1486 1483 1484
f 1486 1484 1485
f 2138 1487 1488
f 1476 1477 1478
f 1475 1478 1479
f 1475 1479 1480
f 1475 1476 1478
f 1474 1475 1480
f 1922 2138 1921
f 1922 1487 2138
f 1473 1480 1481
f 1473 1481 1486
f 1473 1474 1480
f 1472 1486 1487
f 1472 1473 1486
f 1923 1487 1922
f 1923 1472 1487
f 2139 1472 1923
f 1924 2139 1923
f 1471 1472 2139
f 1910 2141 1909
f 2140 1489 2141
f 2140 1488 1489
f 2140 2141 1910
f 1916 1910 1911
f 1916 1911 1912
f 1916 1912 1913
f 1916 1913 1914
f 1916 1914 1915
f 1920 1921 2140
f 1920 1910 1916
f 1920 2140 1910
f 1918 1919 1920
f 1917 1920 1916
f 1917 1918 1920
f 1425 2074 1963
f 2079 1425 1963
f 1446 2107 1951
f 2106 1446 1951
f 1584 1576 1577
f 1584 1577 1578
f 1584 1578 1579
f 1584 1579 1580
f 1584 1580 1581
f 1584 1581 1582
f 1584 1582 1583
f 1575 1576 1584
f 1585 1575 1584
f 2142 1585 1586
f 2142 1575 1585
f 1569 1570 1571
f 1569 1571 1572
f 1569 1572 1573
f 1568 1573 1574
f 1568 1569 1573
f 1567 1568 1574
f 1566 1574 1575
f 1566 1567 1574
f 2143 1575 2142
f 2143 1566 1575
f 1829 2142 1828
f 1829 2143 2142
f 1565 1566 2143
f 1602 1597 1598
f 1602 1598 1599
f 1602 1599 1600
f 1602 1600 1601
f 2145 1603 1604
f 1592 1593 1594
f 1591 1594 1595
f 1591 1595 1596
f 1591 1592 1594
f 1590 1591 1596
f 1589 1596 1597
f 1589 1597 1602
f 1589 1590 1596
f 1815 2145 1814
f 1815 1602 1603
f 1815 1603 2145
f 1815 1589 1602
f 1588 1589 1815
f 2144 1588 1815
f 1816 2144 1815
f 1587 1588 2144
f 1817 2147 1816
f 1586 1587 2147
f 2146 1586 2147
f 1820 1817 1818
f 1820 1818 1819
f 1821 1817 1820
f 1827 1828 2146
f 1827 2146 2147
f 1822 2147 1817
f 1822 1817 1821
f 1822 1827 2147
f 1823 1827 1822
f 1825 1823 1824
f 1825 1827 1823
f 1826 1827 1825
f 1011 1616 1617
f 1011 1617 1618
f 1033 1616 1011
f 1032 1616 1033
f 1031 1616 1032
f 1030 1616 1031
f 1029 1616 1030
f 1028 1616 1029
f 1635 2149 1634
f 1635 2150 2149
f 1635 2151 2150
f 1635 2152 2151
f 1635 2153 2152
f 2148 1635 1636
f 1611 1612 1613
f 1611 1613 1614
f 1610 1614 1615
f 1610 1611 1614
f 1609 1610 1615
f 1608 1028 1027
f 1608 1615 1616
f 1608 1616 1028
f 1608 1609 1615
f 1607 2154 2153
f 1607 1027 2154
f 1607 2153 1635
f 1607 1608 1027
f 1606 1607 1635
f 1606 2148 1798
f 1606 1635 2148
f 1799 2155 1606
f 1799 1606 1798
f 1605 1606 2155
f 1637 2064 1786
f 2063 1637 1786
f 1396 1394 1395
f 1393 1394 1396
f 1397 1393 1396
f 2157 1397 1398
f 2016 1397 2157
f 1389 1390 1391
f 1389 1391 1392
f 1388 1392 1393
f 1388 1393 1397
f 1388 1389 1392
f 1387 1388 1397
f 2156 1387 1397
f 2017 1397 2016
f 2017 2156 1397
f 1386 1387 2156
f 2029 1385 2131
f 2029 2134 1385
f 1519 1513 1514
f 1519 1514 1515
f 1519 1515 1516
f 1519 1516 1517
f 1519 1517 1518
f 2159 1520 1521
f 1507 1508 1509
f 1507 1509 1510
f 1506 1510 1511
f 1506 1507 1510
f 1505 1506 1511
f 1504 1511 1512
f 1504 1505 1511
f 1503 1512 1513
f 1503 1513 1519
f 1503 1504 1512
f 1890 2159 1889
f 1890 1519 1520
f 1890 1520 2159
f 1890 1503 1519
f 2158 1503 1890
f 1891 2158 1890
f 1502 1503 2158
f 1489 2136 1909
f 2141 1489 1909
f 1892 2161 1891
f 2160 1502 2161
f 2160 1501 1502
f 1899 1896 1897
f 1899 1897 1898
f 1900 1893 1894
f 1900 1894 1895
f 1900 1895 1896
f 1900 1896 1899
f 1906 1907 2160
f 1906 2161 1892
f 1906 2160 2161
f 1901 1892 1893
f 1901 1893 1900
f 1901 1906 1892
f 1902 1906 1901
f 1904 1902 1903
f 1905 1902 1904
f 1905 1906 1902
f 1961 1445 2105
f 1961 2075 1445
f 1540 2080 1848
f 2102 1540 1848
f 1828 1586 2146
f 1828 2142 1586
f 1830 2163 1829
f 2162 1565 2163
f 2162 1564 1565
f 2162 2163 1830
f 1837 1834 1835
f 1837 1835 1836
f 1838 1831 1832
f 1838 1832 1833
f 1838 1833 1834
f 1838 1834 1837
f 1844 1845 2162
f 1844 2162 1830
f 1839 1830 1831
f 1839 1831 1838
f 1839 1844 1830
f 1840 1844 1839
f 1842 1840 1841
f 1843 1840 1842
f 1843 1844 1840
f 1470 1471 2164
f 1925 2164 1924
f 1927 1925 1926
f 1928 2164 1925
f 1928 1470 2164
f 1928 1925 1927
f 1929 1470 1928
f 1931 1929 1930
f 1931 1470 1929
f 1921 1488 2140
f 1921 2138 1488
f 1868 2166 1867
f 1875 1871 1872
f 1875 1872 1873
f 1875 1873 1874
f 1877 1875 1876
f 1877 1868 1869
f 1877 1869 1870
f 1877 1870 1871
f 1877 1871 1875
f 2165 1522 2166
f 2165 1521 1522
f 1878 2166 1868
f 1878 2165 2166
f 1878 1868 1877
f 1888 1889 2165
f 1888 2165 1878
f 1887 1888 1878
f 1879 1885 1886
f 1879 1886 1887
f 1879 1887 1878
f 1884 1885 1879
f 1881 1879 1880
f 1881 1884 1879
f 1883 1884 1881
f 1882 1883 1881
f 1502 2158 1891
f 2161 1502 1891
f 1889 1521 2165
f 1889 2159 1521
f 1865 1539 2101
f 1865 2099 1539
f 1845 1564 2162
f 1845 2081 1564
f 1800 2168 1799
f 1807 1804 1805
f 1807 1805 1806
f 1808 1801 1802
f 1808 1802 1803
f 1808 1803 1804
f 1808 1804 1807
f 1604 1605 2168
f 2167 1604 2168
f 1809 1800 1801
f 1809 2168 1800
f 1809 1801 1808
f 1809 2167 2168
f 1810 2167 1809
f 1812 1810 1811
f 1813 1814 2167
f 1813 2167 1810
f 1813 1810 1812
f 1587 2144 1816
f 2147 1587 1816
f 1522 2100 1867
f 2166 1522 1867
f 1907 1501 2160
f 1907 2137 1501
f 1409 1407 1408
f 1406 1407 1409
f 789 788 1409
f 787 1409 788
f 790 789 1409
f 786 1409 787
f 791 790 1409
f 785 1409 786
f 792 791 1409
f 784 1409 785
f 793 792 1409
f 783 1409 784
f 770 793 1409
f 782 1409 783
f 782 1406 1409
f 781 1406 782
f 780 1406 781
f 779 1406 780
f 778 1406 779
f 777 1406 778
f 776 1406 777
f 1410 2171 770
f 1410 2172 2171
f 1410 2173 2172
f 1410 2174 2173
f 1410 2175 2174
f 1410 2176 2175
f 1410 2177 2176
f 1410 2178 2177
f 1410 2179 2178
f 1410 2180 2179
f 1410 2181 2180
f 1410 2182 2181
f 1410 2183 2182
f 1410 2184 2183
f 1410 2185 2184
f 1410 2186 2185
f 1410 2187 2186
f 2169 1410 1411
f 1995 1410 2169
f 981 980 1406
f 981 776 775
f 981 1406 776
f 979 1406 980
f 982 775 774
f 982 981 775
f 978 1406 979
f 983 774 773
f 983 982 774
f 977 1406 978
f 984 773 772
f 984 983 773
f 976 1406 977
f 985 772 771
f 985 984 772
f 975 1406 976
f 962 771 2192
f 962 985 771
f 2193 962 2192
f 2193 2192 2191
f 2194 2193 2191
f 2194 2191 2190
f 2195 2194 2190
f 2195 2190 2189
f 2196 2195 2189
f 2196 2189 2188
f 2197 2188 2187
f 2197 2196 2188
f 2198 2187 1410
f 2198 2197 2187
f 2199 1410 1995
f 2199 2198 1410
f 2200 2199 1995
f 2201 2200 1995
f 2202 2201 1995
f 2203 2202 1995
f 1405 1406 975
f 1405 968 967
f 1405 969 968
f 1405 970 969
f 1405 971 970
f 1405 972 971
f 1405 973 972
f 1405 974 973
f 1405 975 974
f 1402 1405 967
f 1402 1403 1404
f 1402 1404 1405
f 1402 967 966
f 1401 2213 2212
f 1401 2214 2213
f 1401 963 2214
f 1401 1402 966
f 1401 964 963
f 1401 965 964
f 1401 966 965
f 1400 2209 2208
f 1400 2210 2209
f 1400 2211 2210
f 1400 2212 2211
f 1400 1401 2212
f 2170 2208 2207
f 2170 1400 2208
f 1996 2207 2206
f 1996 2170 2207
f 1996 2203 1995
f 1996 2204 2203
f 1996 2205 2204
f 1996 2206 2205
f 1399 1400 2170
f 1410 770 1409
f 1974 1424 2078
f 1974 2076 1424
f 1976 2216 1975
f 1980 1977 1978
f 1980 1978 1979
f 1981 1977 1980
f 1983 1981 1982
f 1983 1976 1977
f 1983 2216 1976
f 1983 1977 1981
f 2215 1412 2216
f 2215 1411 1412
f 1994 1995 2215
f 1994 2215 2216
f 1984 2216 1983
f 1984 1994 2216
f 1993 1994 1984
f 1985 1991 1992
f 1985 1992 1993
f 1985 1993 1984
f 1990 1991 1985
f 1987 1985 1986
f 1987 1990 1985
f 1989 1990 1987
f 1988 1989 1987
f 1386 2156 2017
f 2132 1386 2017
f 1995 1411 2215
f 1995 2169 1411
f 1997 2218 1996
f 2001 1998 1999
f 2001 1999 2000
f 2003 2001 2002
f 2003 1997 1998
f 2003 2218 1997
f 2003 1998 2001
f 2217 1399 2218
f 2217 1398 1399
f 2004 2218 2003
f 2004 2217 2218
f 2015 2016 2217
f 2015 2217 2004
f 2014 2015 2004
f 2005 2012 2013
f 2005 2013 2014
f 2005 2014 2004
f 2011 2012 2005
f 2007 2005 2006
f 2010 2011 2005
f 2010 2005 2007
f 2009 2010 2007
f 2008 2009 2007
f 1565 2143 1829
f 2163 1565 1829
f 1798 1636 2062
f 1798 2148 1636
f 1814 1604 2167
f 1814 2145 1604
f 1372 2133 2031
f 2061 1372 2031
f 1605 2155 1799
f 2168 1605 1799
f 2016 1398 2217
f 2016 2157 1398
f 1399 2170 1996
f 2218 1399 1996
f 1412 2077 1975
f 2216 1412 1975
f 1471 2139 1924
f 2164 1471 1924
f 1459 2135 1937
f 2104 1459 1937
f 1733 1734 1737
f 1733 1737 1738
f 1736 1737 1734
f 1739 1733 1738
f 1740 1733 1739
f 1741 1733 1740
f 1742 1733 1741
f 1743 1733 1742
f 1743 1732 1733
f 1744 1732 1743
f 1744 1731 1732
f 1735 1736 1734
f 1745 1731 1744
f 1745 1730 1731
f 1746 1730 1745
f 1746 1729 1730
f 1747 1727 1728
f 1747 1728 1729
f 1747 1729 1746
f 1748 1727 1747
f 1748 1726 1727
f 1682 1683 1684
f 1749 1724 1725
f 1749 1725 1726
f 1749 1726 1748
f 1785 1682 1684
f 1750 1723 1724
f 1750 1724 1749
f 1784 1785 1684
f 1784 1684 1685
f 1751 1722 1723
f 1751 1723 1750
f 1783 1784 1685
f 1783 1685 1686
f 1752 1720 1721
f 1752 1721 1722
f 1752 1722 1751
f 1782 1783 1686
f 1782 1686 1687
f 1753 1720 1752
f 1781 1782 1687
f 1781 1687 1688
f 1719 1720 1753
f 1780 1688 1689
f 1780 1781 1688
f 1690 1780 1689
f 1779 1780 1690
f 1718 1719 1753
f 1718 1753 1754
f 1691 1778 1779
f 1691 1779 1690
f 1717 1718 1754
f 1717 1754 1755
f 1692 1777 1778
f 1692 1778 1691
f 1716 1755 1756
f 1716 1717 1755
f 1693 1776 1777
f 1693 1777 1692
f 1715 1716 1756
f 1694 1775 1776
f 1694 1774 1775
f 1694 1776 1693
f 1714 1756 1757
f 1714 1715 1756
f 1695 1773 1774
f 1695 1774 1694
f 1713 1757 1758
f 1713 1714 1757
f 1696 1772 1773
f 1696 1773 1695
f 1712 1758 1759
f 1712 1713 1758
f 1697 1771 1772
f 1697 1772 1696
f 1711 1759 1760
f 1711 1712 1759
f 1698 1770 1771
f 1698 1771 1697
f 1710 1711 1760
f 1699 1769 1770
f 1699 1770 1698
f 1709 1760 1761
f 1709 1710 1760
f 1700 1768 1769
f 1700 1769 1699
f 1708 1761 1762
f 1708 1709 1761
f 1707 1762 1763
f 1707 1708 1762
f 1701 1767 1768
f 1701 1768 1700
f 1706 1763 1764
f 1706 1707 1763
f 1702 1767 1701
f 1705 1764 1765
f 1705 1706 1764
f 1703 1767 1702
f 1703 1766 1767
f 1704 1705 1765
f 1704 1766 1703
f 1704 1765 1766
f 2219 2059 2049
f 2219 2058 2059
f 2220 2049 2050
f 2220 2219 2049
f 2051 2221 2220
f 2057 2219 2221
f 2057 2221 2051
f 2054 2057 2051
f 2052 2054 2051
f 2055 2056 2057
f 2055 2057 2054
f 2053 2054 2052
f 2058 2219 2057
f 2051 2220 2050
f 2223 2224 2225
f 2223 2229 2224
f 2223 2228 2222
f 2223 2227 2228
f 2223 2226 2227
f 2223 2225 2226
f 2256 2281 2282
f 2256 2282 2283
f 2257 2281 2256
f 2257 2278 2279
f 2257 2279 2280
f 2257 2280 2281
f 2255 2256 2283
f 2255 2283 2284
f 2255 2284 2285
f 2255 2285 2286
f 2258 2278 2257
f 2258 2276 2277
f 2258 2277 2278
f 2254 2286 2287
f 2254 2287 2288
f 2254 2255 2286
f 2253 2254 2288
f 2259 2276 2258
f 2252 2253 2288
f 2260 2276 2259
f 2251 2252 2288
f 2261 2276 2260
f 2250 2251 2288
f 2262 2276 2261
f 2275 2276 2262
f 2289 2250 2288
f 2272 2273 2274
f 2249 2250 2289
f 2248 2249 2289
f 2247 2248 2289
f 2246 2247 2289
f 2270 2271 2272
f 2270 2274 2275
f 2270 2272 2274
f 2245 2289 2290
f 2245 2290 2291
f 2245 2246 2289
f 2244 2291 2292
f 2244 2292 2293
f 2244 2293 2294
f 2244 2245 2291
f 2243 2244 2294
f 2295 2243 2294
f 2268 2269 2270
f 2268 2270 2275
f 2296 2242 2243
f 2296 2243 2295
f 2297 2242 2296
f 2266 2267 2268
f 2266 2268 2275
f 2298 2242 2297
f 2299 2241 2242
f 2299 2242 2298
f 2264 2265 2266
f 2300 2241 2299
f 2263 2266 2275
f 2263 2264 2266
f 1469 2237 2238
f 1469 2238 2239
f 1469 2239 2240
f 1469 2240 2241
f 1469 2241 2300
f 1470 2237 1469
f 2234 2235 2236
f 2233 2234 2236
f 2231 2232 2233
f 2231 2233 2236
f 1931 2236 1470
f 1931 2231 2236
f 1932 2230 2231
f 1932 2231 1931
f 2301 2230 1932
f 2311 2312 2313
f 2302 2230 2301
f 2310 2311 2313
f 2310 2313 2314
f 2303 2230 2302
f 2309 2310 2314
f 2309 2314 2315
f 2304 2230 2303
f 2308 2309 2315
f 2308 2315 2316
f 2305 2230 2304
f 2305 2318 2230
f 2307 2308 2316
f 2307 2316 2317
f 2306 2318 2305
f 2306 2307 2317
f 2306 2317 2318
f 2236 2237 1470
f 2262 2263 2275
f 79 80 2321
f 81 2321 80
f 78 79 2321
f 82 2321 81
f 77 78 2321
f 83 2332 2321
f 83 2321 82
f 76 77 2321
f 84 2331 2332
f 84 2332 83
f 75 76 2321
f 85 2330 2331
f 85 2331 84
f 74 2321 2319
f 74 75 2321
f 86 2329 2330
f 86 2330 85
f 2421 74 2319
f 87 2328 2329
f 87 2329 86
f 2420 2421 2319
f 88 2327 2328
f 88 2328 87
f 2419 2420 2319
f 89 2327 88
f 89 2326 2327
f 2418 2419 2319
f 2417 2418 2319
f 2416 2417 2319
f 2415 2416 2319
f 2414 2415 2319
f 2413 2414 2319
f 2412 2413 2319
f 2411 2412 2319
f 2410 2411 2319
f 2409 2410 2319
f 2408 2409 2319
f 2407 2408 2319
f 128 91 92
f 127 128 92
f 127 92 93
f 129 91 128
f 129 90 91
f 126 127 93
f 126 93 94
f 130 89 90
f 130 90 129
f 125 126 94
f 125 94 95
f 131 2325 2326
f 131 2326 89
f 131 89 130
f 124 125 95
f 124 95 96
f 132 2324 2325
f 132 2325 131
f 123 124 96
f 123 96 49
f 133 2323 2324
f 133 2324 132
f 122 123 49
f 122 49 2400
f 134 2323 133
f 2399 2400 2401
f 2399 122 2400
f 2398 2401 2402
f 2398 2399 2401
f 2397 2398 2402
f 2397 2402 2403
f 2396 2397 2403
f 2396 2403 2404
f 2395 2396 2404
f 2395 2404 2405
f 2394 2395 2405
f 2394 2405 2406
f 2393 2394 2406
f 2393 2406 2407
f 2392 2393 2407
f 2392 2407 2319
f 2391 2392 2319
f 2390 2391 2319
f 223 139 140
f 223 224 139
f 225 137 138
f 225 138 139
f 225 139 224
f 222 140 141
f 222 223 140
f 226 136 137
f 226 137 225
f 221 141 142
f 221 222 141
f 227 135 136
f 227 136 226
f 220 142 143
f 220 143 144
f 220 221 142
f 228 135 227
f 219 220 144
f 229 2322 2323
f 229 134 135
f 229 135 228
f 229 2323 134
f 218 144 97
f 218 219 144
f 230 2322 229
f 2355 218 97
f 2355 97 2378
f 2354 2378 2379
f 2354 2379 2380
f 2354 2355 2378
f 2353 2354 2380
f 2352 2380 2381
f 2352 2353 2380
f 2351 2381 2382
f 2351 2352 2381
f 2350 2382 2383
f 2350 2351 2382
f 2349 2350 2383
f 2349 2383 2384
f 2348 2349 2384
f 2348 2384 2385
f 2348 2385 2386
f 2347 2348 2386
f 2346 2347 2386
f 2346 2386 2387
f 176 234 235
f 175 235 236
f 175 176 235
f 177 234 176
f 174 236 237
f 174 175 236
f 178 233 234
f 178 234 177
f 173 237 238
f 173 174 237
f 179 232 233
f 179 233 178
f 172 238 239
f 172 173 238
f 180 230 231
f 180 231 232
f 180 232 179
f 171 239 240
f 171 172 239
f 181 230 180
f 170 171 240
f 170 240 193
f 170 193 2334
f 2377 170 2334
f 2376 2334 2335
f 2376 2377 2334
f 2375 2335 2336
f 2375 2336 2337
f 2375 2376 2335
f 2374 2375 2337
f 2373 2337 2338
f 2373 2374 2337
f 2372 2338 2339
f 2372 2373 2338
f 2371 2339 2340
f 2371 2372 2339
f 2370 2340 2341
f 2370 2341 2342
f 2370 2371 2340
f 2369 2370 2342
f 2369 2342 2343
f 2368 2369 2343
f 32 186 187
f 31 32 187
f 31 187 188
f 33 186 32
f 33 185 186
f 30 31 188
f 30 188 189
f 34 185 33
f 34 184 185
f 29 30 189
f 29 189 190
f 35 184 34
f 35 183 184
f 28 29 190
f 28 190 191
f 27 28 191
f 27 191 192
f 26 27 192
f 26 192 145
f 2443 26 145
f 2443 145 2356
f 2442 2443 2356
f 2442 2356 2357
f 2441 2442 2357
f 2441 2357 2358
f 2440 2441 2358
f 2440 2358 2359
f 2439 2440 2359
f 2439 2359 2360
f 2438 2439 2360
f 2438 2360 2361
f 2437 2438 2361
f 2437 2361 2362
f 2436 2437 2362
f 2436 2362 2363
f 2435 2436 2363
f 2435 2363 2364
f 2434 2435 2364
f 2333 35 36
f 2333 36 37
f 2333 37 38
f 2333 38 39
f 2333 39 40
f 2333 40 41
f 2333 41 42
f 2333 42 43
f 2333 43 44
f 2333 44 45
f 2333 45 46
f 2333 46 47
f 2333 47 48
f 2333 183 35
f 2333 230 181
f 2333 181 182
f 2333 182 183
f 2333 2322 230
f 2320 2434 2364
f 2320 2333 48
f 2320 48 1
f 2320 1 2422
f 2320 2422 2423
f 2320 2423 2424
f 2320 2424 2425
f 2320 2425 2426
f 2320 2426 2427
f 2320 2427 2428
f 2320 2428 2429
f 2320 2429 2430
f 2320 2430 2431
f 2320 2431 2432
f 2320 2432 2433
f 2320 2433 2434
f 2320 2364 2365
f 2320 2389 2319
f 2389 2390 2319
f 2320 2388 2389
f 2320 2387 2388
f 2320 2345 2387
f 2345 2346 2387
f 2320 2344 2345
f 2320 2343 2344
f 2320 2367 2343
f 2367 2368 2343
f 2320 2366 2367
f 2320 2365 2366
f 56 2454 57
f 58 57 2454
f 55 2454 56
f 59 58 2454
f 54 2454 55
f 60 2454 2455
f 60 59 2454
f 53 2454 54
f 61 2455 2456
f 61 60 2455
f 52 2454 53
f 62 2456 2457
f 62 61 2456
f 51 2453 2454
f 51 2454 52
f 63 2457 2458
f 63 62 2457
f 2505 2453 51
f 64 2458 2459
f 64 63 2458
f 2504 2453 2505
f 65 64 2459
f 65 2459 2460
f 2503 2453 2504
f 66 2460 2461
f 66 65 2460
f 2502 2453 2503
f 2501 2453 2502
f 2500 2453 2501
f 2499 2453 2500
f 2498 2453 2499
f 2497 2452 2453
f 2497 2453 2498
f 2496 2451 2452
f 2496 2452 2497
f 2495 2450 2451
f 2495 2451 2496
f 2494 2449 2450
f 2494 2450 2495
f 2493 2448 2449
f 2493 2449 2494
f 2492 2447 2448
f 2492 2448 2493
f 2491 2446 2447
f 2491 2447 2492
f 105 69 68
f 104 70 69
f 104 69 105
f 106 68 67
f 106 105 68
f 103 71 70
f 103 70 104
f 107 67 66
f 107 106 67
f 102 72 71
f 102 71 103
f 108 66 2461
f 108 107 66
f 101 73 72
f 101 72 102
f 109 108 2461
f 100 50 73
f 100 73 101
f 110 109 2461
f 99 2484 50
f 99 50 100
f 111 110 2461
f 2527 2484 99
f 2527 2485 2484
f 2526 2485 2527
f 2526 2486 2485
f 2525 2487 2486
f 2525 2486 2526
f 2524 2487 2525
f 2524 2488 2487
f 2523 2488 2524
f 2523 2489 2488
f 2522 2489 2523
f 2522 2490 2489
f 2521 2490 2522
f 2521 2446 2491
f 2521 2491 2490
f 2520 2446 2521
f 2519 2446 2520
f 2518 2446 2519
f 200 116 201
f 200 117 116
f 200 118 117
f 202 201 116
f 202 116 115
f 199 118 200
f 203 202 115
f 203 114 113
f 203 115 114
f 198 118 199
f 198 119 118
f 204 203 113
f 197 120 119
f 197 119 198
f 205 112 111
f 205 113 112
f 205 204 113
f 196 121 120
f 196 120 197
f 206 205 111
f 206 111 2461
f 195 98 121
f 195 121 196
f 207 206 2461
f 2571 2506 98
f 2571 2507 2506
f 2571 98 195
f 2570 2508 2507
f 2570 2507 2571
f 2569 2509 2508
f 2569 2508 2570
f 2568 2509 2569
f 2567 2510 2509
f 2567 2509 2568
f 2566 2511 2510
f 2566 2510 2567
f 2565 2511 2566
f 2565 2512 2511
f 2564 2513 2512
f 2564 2514 2513
f 2564 2512 2565
f 2563 2515 2514
f 2563 2514 2564
f 2562 2515 2563
f 153 213 212
f 152 214 213
f 152 213 153
f 154 153 212
f 154 212 211
f 151 214 152
f 155 154 211
f 155 211 210
f 150 215 214
f 150 214 151
f 156 155 210
f 156 209 208
f 156 210 209
f 149 216 215
f 149 215 150
f 157 208 207
f 157 156 208
f 148 216 149
f 148 217 216
f 158 157 207
f 147 194 217
f 147 217 148
f 2549 2550 194
f 2549 194 147
f 2548 2551 2550
f 2548 2550 2549
f 2547 2552 2551
f 2547 2551 2548
f 2546 2553 2552
f 2546 2552 2547
f 2545 2554 2553
f 2545 2553 2546
f 2544 2555 2554
f 2544 2556 2555
f 2544 2554 2545
f 2543 2556 2544
f 2542 2557 2556
f 2542 2556 2543
f 2541 2557 2542
f 2541 2558 2557
f 2540 2559 2558
f 2540 2558 2541
f 9 164 163
f 8 164 9
f 8 165 164
f 10 9 163
f 10 163 162
f 7 165 8
f 7 166 165
f 11 10 162
f 11 162 161
f 6 166 7
f 6 167 166
f 12 11 161
f 12 161 160
f 5 167 6
f 5 168 167
f 4 168 5
f 4 169 168
f 3 146 169
f 3 169 4
f 2483 146 3
f 2483 2528 146
f 2482 2528 2483
f 2482 2529 2528
f 2481 2529 2482
f 2481 2530 2529
f 2480 2531 2530
f 2480 2530 2481
f 2479 2532 2531
f 2479 2531 2480
f 2478 2533 2532
f 2478 2532 2479
f 2477 2534 2533
f 2477 2533 2478
f 2476 2535 2534
f 2476 2534 2477
f 2475 2536 2535
f 2475 2535 2476
f 2445 13 12
f 2445 14 13
f 2445 15 14
f 2445 16 15
f 2445 17 16
f 2445 18 17
f 2445 19 18
f 2445 20 19
f 2445 21 20
f 2445 22 21
f 2445 12 160
f 2445 23 22
f 2445 24 23
f 2445 25 24
f 2445 2 25
f 2445 207 2461
f 2445 158 207
f 2445 159 158
f 2445 160 159
f 2444 2536 2475
f 2444 2 2445
f 2444 2462 2
f 2444 2463 2462
f 2444 2464 2463
f 2444 2465 2464
f 2444 2466 2465
f 2444 2467 2466
f 2444 2468 2467
f 2444 2469 2468
f 2444 2470 2469
f 2444 2471 2470
f 2444 2472 2471
f 2444 2473 2472
f 2444 2474 2473
f 2444 2475 2474
f 2444 2537 2536
f 2444 2446 2517
f 2517 2446 2518
f 2444 2517 2516
f 2444 2516 2515
f 2444 2515 2561
f 2561 2515 2562
f 2444 2561 2560
f 2444 2560 2559
f 2444 2559 2539
f 2539 2559 2540
f 2444 2539 2538
f 2444 2538 2537
f 2572 2573 2574
f 2572 2574 2575
f 2579 2576 2577
f 2579 2578 2576
f 2582 2581 2580
f 2583 2581 2582
f 2722 2658 2659
f 2722 2659 2660
f 2721 2660 2661
f 2721 2661 2662
f 2721 2662 2663
f 2721 2722 2660
f 2723 2658 2722
f 2723 2655 2656
f 2723 2656 2657
f 2723 2657 2658
f 2720 2721 2663
f 2720 2663 2664
f 2720 2664 2652
f 2724 2655 2723
f 2724 2653 2654
f 2724 2654 2655
f 2725 2653 2724
f 2719 2720 2652
f 2726 2653 2725
f 2718 2719 2652
f 2727 2653 2726
f 2717 2718 2652
f 2715 2653 2727
f 2716 2717 2652
f 2665 2653 2715
f 2728 2716 2652
f 2728 2652 2640
f 2702 2665 2715
f 2739 2728 2640
f 2703 2665 2702
f 2738 2739 2640
f 2704 2665 2703
f 2705 2665 2704
f 2737 2738 2640
f 2736 2737 2640
f 2736 2640 2641
f 2736 2641 2642
f 2706 2675 2676
f 2706 2676 2665
f 2706 2665 2705
f 2735 2736 2642
f 2735 2642 2643
f 2735 2643 2644
f 2735 2644 2645
f 2707 2674 2675
f 2707 2675 2706
f 2707 2672 2673
f 2707 2673 2674
f 2734 2645 2646
f 2734 2735 2645
f 2708 2672 2707
f 2671 2672 2708
f 2647 2733 2734
f 2647 2734 2646
f 2670 2708 2709
f 2670 2671 2708
f 2648 2733 2647
f 2669 2670 2709
f 2649 2733 2648
f 2668 2669 2709
f 2650 2732 2733
f 2650 2733 2649
f 2667 2668 2709
f 2667 2709 2710
f 2651 2732 2650
f 2666 2667 2710
f 2333 2732 2651
f 2333 2445 2729
f 2333 2729 2730
f 2333 2730 2731
f 2333 2731 2732
f 1468 2666 2710
f 1468 2710 2711
f 1468 2711 2712
f 1468 2712 2713
f 1468 2713 2714
f 1467 1468 2714
f 1934 1467 2714
f 2444 2320 2629
f 2444 2629 2630
f 2444 2630 2631
f 2601 2633 2634
f 2600 2634 2635
f 2600 2601 2634
f 2602 2632 2633
f 2602 2633 2601
f 2599 2600 2635
f 2603 2631 2632
f 2603 2632 2602
f 2604 2444 2631
f 2604 2631 2603
f 2598 2635 2636
f 2598 2599 2635
f 2605 2444 2604
f 2597 2598 2636
f 2597 2636 2637
f 2606 2444 2605
f 2596 2637 2638
f 2596 2597 2637
f 2578 2596 2638
f 2578 2638 2639
f 2578 2639 2575
f 2229 2444 2606
f 2223 2444 2229
f 2223 2750 2751
f 2223 2751 2444
f 2584 2750 2223
f 2584 2749 2750
f 2585 2749 2584
f 2585 2748 2749
f 2586 2748 2585
f 2586 2747 2748
f 2587 2747 2586
f 2588 2747 2587
f 2588 2746 2747
f 2589 2746 2588
f 2589 2745 2746
f 2590 2745 2589
f 2590 2744 2745
f 2591 2744 2590
f 2591 2743 2744
f 2592 2743 2591
f 2592 2742 2743
f 2593 2742 2592
f 2593 2741 2742
f 2594 2741 2593
f 2594 2740 2741
f 2595 2740 2594
f 2576 2578 2575
f 2576 2575 2574
f 2608 2609 2610
f 2608 2610 2576
f 2581 2607 2608
f 2581 2576 2574
f 2581 2608 2576
f 2612 2627 2628
f 2612 2628 2611
f 2613 2626 2627
f 2613 2627 2612
f 2614 2625 2626
f 2614 2626 2613
f 2615 2624 2625
f 2615 2625 2614
f 2580 2574 2618
f 2580 2618 2619
f 2580 2619 2620
f 2580 2620 2621
f 2580 2621 2622
f 2580 2581 2574
f 2616 2623 2624
f 2616 2624 2615
f 2617 2622 2623
f 2617 2623 2616
f 2617 2580 2622
f 2701 2699 2700
f 2696 2699 2701
f 2696 2697 2698
f 2696 2698 2699
f 1933 2697 2696
f 1933 2696 2689
f 1933 2595 2697
f 1933 2740 2595
f 1933 1934 2740
f 2688 1933 2689
f 2678 2695 2677
f 2687 2688 2689
f 2679 2694 2695
f 2679 2695 2678
f 2686 2687 2689
f 2680 2693 2694
f 2680 2694 2679
f 2685 2686 2689
f 2681 2692 2693
f 2681 2693 2680
f 2684 2689 2690
f 2684 2685 2689
f 2682 2691 2692
f 2682 2692 2681
f 2683 2690 2691
f 2683 2684 2690
f 2683 2691 2682
f 2320 2445 2333
f 2445 2320 2444
f 2740 1934 2714
f 1327 1328 2276
f 1329 2276 1328
f 1326 1327 2276
f 1330 2276 1329
f 1325 1326 2276
f 1331 2276 1330
f 1324 1325 2276
f 1332 2276 1331
f 1323 1324 2276
f 1333 2276 1332
f 1322 2276 2275
f 1322 1323 2276
f 1334 2276 1333
f 2971 1322 2275
f 1335 2276 1334
f 2970 2971 2275
f 1336 2276 1335
f 2969 2970 2275
f 2968 2969 2275
f 2967 2968 2275
f 2966 2967 2275
f 2965 2966 2275
f 2964 2965 2275
f 2963 2964 2275
f 2962 2963 2275
f 2961 2962 2275
f 2960 2961 2275
f 2959 2960 2275
f 2958 2959 2275
f 1076 1341 1342
f 1077 1342 1343
f 1077 1076 1342
f 1075 1341 1076
f 1078 1077 1343
f 1074 1340 1341
f 1074 1341 1075
f 1079 1343 1344
f 1079 1078 1343
f 1073 1340 1074
f 1080 1079 1344
f 1072 1339 1340
f 1072 1340 1073
f 1081 1344 1297
f 1081 1080 1344
f 1071 1338 1339
f 1071 1339 1072
f 1058 1081 1297
f 1070 1337 1338
f 1070 1338 1071
f 2884 1297 2950
f 2884 1058 1297
f 1069 1337 1070
f 1069 1336 1337
f 2885 2884 2950
f 1068 1336 1069
f 2886 2885 2950
f 2886 2950 2951
f 2887 2886 2951
f 2888 2951 2952
f 2888 2887 2951
f 2889 2888 2952
f 2889 2952 2953
f 2890 2889 2953
f 2891 2953 2954
f 2891 2890 2953
f 2892 2891 2954
f 2893 2892 2954
f 2893 2954 2955
f 2894 2955 2956
f 2894 2893 2955
f 2895 2894 2956
f 2895 2956 2957
f 2896 2895 2957
f 2896 2957 2958
f 2897 2896 2958
f 608 1066 1065
f 607 608 1065
f 607 1065 1064
f 609 1066 608
f 609 1067 1066
f 606 607 1064
f 606 1064 1063
f 610 1067 609
f 610 1068 1067
f 605 606 1063
f 605 1063 1062
f 611 2276 1336
f 611 1068 610
f 611 1336 1068
f 604 605 1062
f 604 1062 1061
f 612 2276 611
f 603 604 1061
f 603 1061 1060
f 613 2276 612
f 602 603 1060
f 602 1060 1059
f 614 2276 613
f 2817 1059 2905
f 2817 602 1059
f 2816 2905 2904
f 2816 2817 2905
f 2815 2904 2903
f 2815 2816 2904
f 2814 2903 2902
f 2814 2815 2903
f 2813 2814 2902
f 2813 2902 2901
f 2812 2901 2900
f 2812 2813 2901
f 2811 2900 2899
f 2811 2812 2900
f 2810 2899 2898
f 2810 2811 2899
f 2809 2898 2897
f 2809 2810 2898
f 2808 2897 2958
f 2808 2958 2275
f 2808 2809 2897
f 2807 2808 2275
f 655 619 620
f 655 620 621
f 655 656 619
f 657 618 619
f 657 619 656
f 654 655 621
f 658 617 618
f 658 618 657
f 653 621 622
f 653 654 621
f 659 616 617
f 659 617 658
f 652 622 623
f 652 653 622
f 660 615 616
f 660 616 659
f 651 623 624
f 651 652 623
f 661 614 615
f 661 615 660
f 661 2276 614
f 650 651 624
f 650 624 577
f 650 577 2796
f 662 2276 661
f 2839 650 2796
f 2838 2796 2797
f 2838 2797 2798
f 2838 2839 2796
f 2837 2838 2798
f 2836 2798 2799
f 2836 2837 2798
f 2835 2799 2800
f 2835 2800 2801
f 2835 2836 2799
f 2834 2835 2801
f 2833 2801 2802
f 2833 2802 2803
f 2833 2834 2801
f 2832 2833 2803
f 2831 2803 2804
f 2831 2804 2805
f 2831 2832 2803
f 2830 2805 2806
f 2830 2831 2805
f 2829 2830 2806
f 752 667 668
f 751 752 668
f 753 667 752
f 753 666 667
f 750 751 668
f 750 668 669
f 754 666 753
f 754 665 666
f 749 750 669
f 749 669 670
f 749 670 671
f 755 664 665
f 755 665 754
f 748 749 671
f 756 664 755
f 756 663 664
f 747 748 671
f 747 671 672
f 747 672 625
f 757 663 756
f 757 662 663
f 757 2276 662
f 746 747 625
f 758 2276 757
f 2883 746 625
f 2883 625 2818
f 2882 2818 2819
f 2882 2883 2818
f 2881 2882 2819
f 2881 2819 2820
f 2881 2820 2821
f 2880 2881 2821
f 2879 2880 2821
f 2879 2821 2822
f 2879 2822 2823
f 2878 2879 2823
f 2877 2878 2823
f 2877 2823 2824
f 2876 2824 2825
f 2876 2877 2824
f 2875 2876 2825
f 2875 2825 2826
f 2875 2826 2827
f 2874 2875 2827
f 559 560 763
f 559 763 764
f 559 764 765
f 561 763 560
f 561 762 763
f 558 559 765
f 558 765 766
f 562 762 561
f 562 760 761
f 562 761 762
f 557 558 766
f 563 760 562
f 556 557 766
f 556 766 767
f 564 760 563
f 564 759 760
f 555 556 767
f 555 767 768
f 565 759 564
f 565 758 759
f 554 555 768
f 554 768 721
f 2795 554 721
f 2795 721 2862
f 2794 2862 2863
f 2794 2795 2862
f 2793 2794 2863
f 2793 2863 2864
f 2792 2864 2865
f 2792 2793 2864
f 2791 2865 2866
f 2791 2792 2865
f 2790 2866 2867
f 2790 2867 2868
f 2790 2791 2866
f 2789 2790 2868
f 2788 2789 2868
f 2788 2868 2869
f 2788 2869 2870
f 2787 2788 2870
f 2786 2787 2870
f 2786 2870 2871
f 2786 2871 2872
f 2785 2786 2872
f 704 571 572
f 703 704 572
f 705 571 704
f 705 570 571
f 702 703 572
f 702 572 573
f 706 570 705
f 706 569 570
f 701 702 573
f 701 573 574
f 707 569 706
f 707 567 568
f 707 568 569
f 700 701 574
f 700 574 575
f 708 567 707
f 699 700 575
f 699 575 576
f 709 567 708
f 709 566 567
f 698 699 576
f 698 576 529
f 2861 529 2774
f 2861 698 529
f 2860 2861 2774
f 2860 2774 2775
f 2859 2775 2776
f 2859 2860 2775
f 2858 2859 2776
f 2858 2776 2777
f 2857 2858 2777
f 2857 2777 2778
f 2857 2778 2779
f 2856 2857 2779
f 2855 2856 2779
f 2855 2779 2780
f 2855 2780 2781
f 2854 2855 2781
f 2853 2854 2781
f 2853 2781 2782
f 2852 2853 2782
f 2852 2782 2783
f 511 715 716
f 511 512 715
f 513 714 715
f 513 715 512
f 510 716 717
f 510 511 716
f 514 713 714
f 514 714 513
f 509 717 718
f 509 718 719
f 509 510 717
f 515 712 713
f 515 713 514
f 508 509 719
f 516 711 712
f 516 712 515
f 507 719 720
f 507 720 673
f 507 508 719
f 517 711 516
f 517 710 711
f 506 507 673
f 2773 673 2840
f 2773 506 673
f 2772 2840 2841
f 2772 2841 2842
f 2772 2773 2840
f 2771 2842 2843
f 2771 2772 2842
f 2770 2771 2843
f 2769 2843 2844
f 2769 2844 2845
f 2769 2770 2843
f 2768 2845 2846
f 2768 2769 2845
f 2767 2768 2846
f 2766 2846 2847
f 2766 2767 2846
f 2765 2847 2848
f 2765 2848 2849
f 2765 2766 2847
f 2764 2765 2849
f 2763 2849 2850
f 2763 2764 2849
f 1124 523 524
f 1125 524 525
f 1125 1124 524
f 1123 522 523
f 1123 523 1124
f 1126 525 526
f 1126 1125 525
f 1122 522 1123
f 1122 521 522
f 1127 1126 526
f 1127 526 527
f 1121 520 521
f 1121 521 1122
f 1128 1127 527
f 1128 527 528
f 1129 1128 528
f 1129 528 481
f 1106 1129 481
f 1106 481 2752
f 2906 2752 2753
f 2906 1106 2752
f 2907 2906 2753
f 2907 2753 2754
f 2908 2754 2755
f 2908 2907 2754
f 2909 2908 2755
f 2909 2755 2756
f 2910 2909 2756
f 2910 2756 2757
f 2911 2757 2758
f 2911 2910 2757
f 2912 2758 2759
f 2912 2911 2758
f 2913 2759 2760
f 2913 2912 2759
f 2914 2913 2760
f 2914 2760 2761
f 1280 1118 1117
f 1279 1116 1115
f 1279 1117 1116
f 1279 1280 1117
f 1281 1119 1118
f 1281 1118 1280
f 1278 1114 1113
f 1278 1115 1114
f 1278 1279 1115
f 1282 1120 1119
f 1282 1119 1281
f 1277 1278 1113
f 1277 1113 1112
f 1283 1120 1282
f 1283 1121 1120
f 1283 520 1121
f 1276 1111 1110
f 1276 1112 1111
f 1276 1277 1112
f 1275 1109 1108
f 1275 1110 1109
f 1275 1276 1110
f 1274 1108 1107
f 1274 1107 2927
f 1274 1275 1108
f 2949 1274 2927
f 2949 2926 2925
f 2949 2927 2926
f 2948 2949 2925
f 2948 2924 2923
f 2948 2925 2924
f 2947 2948 2923
f 2947 2923 2922
f 2946 2921 2920
f 2946 2922 2921
f 2946 2947 2922
f 2945 2919 2918
f 2945 2920 2919
f 2945 2946 2920
f 2944 2945 2918
f 2944 2918 2917
f 2943 2944 2917
f 2943 2917 2916
f 2942 2943 2916
f 2942 2916 2915
f 2941 2942 2915
f 2941 2915 2914
f 2941 2914 2761
f 2652 517 518
f 2652 518 519
f 2652 519 520
f 2652 520 1283
f 2652 710 517
f 2652 566 709
f 2652 2276 758
f 2652 565 566
f 2652 758 565
f 2652 1283 1284
f 2652 1284 1285
f 2652 1285 1286
f 2652 1286 1287
f 2652 1287 1288
f 2652 1288 1289
f 2652 1289 1290
f 2652 1290 1291
f 2652 1291 1292
f 2652 1292 1293
f 2652 1293 1294
f 2652 1294 1295
f 2652 1295 1296
f 2652 1296 1249
f 2652 709 710
f 2640 2935 2936
f 2640 2936 2937
f 2640 2937 2938
f 2640 2938 2939
f 2640 2939 2940
f 2640 2940 2941
f 2640 2761 2762
f 2640 2941 2761
f 2640 2652 1249
f 2640 1249 2928
f 2640 2928 2929
f 2640 2929 2930
f 2640 2930 2931
f 2640 2931 2932
f 2640 2932 2933
f 2640 2933 2934
f 2640 2934 2935
f 2640 2851 2275
f 2851 2852 2275
f 2852 2784 2275
f 2784 2785 2275
f 2785 2872 2275
f 2872 2873 2275
f 2873 2874 2275
f 2874 2828 2275
f 2828 2829 2275
f 2829 2806 2275
f 2806 2807 2275
f 2640 2850 2851
f 2640 2763 2850
f 2640 2762 2763
f 2852 2783 2784
f 2874 2827 2828
f 247 248 2653
f 249 2653 248
f 246 247 2653
f 250 2653 249
f 245 246 2653
f 251 2653 250
f 244 245 2653
f 252 2653 251
f 243 244 2653
f 253 2653 252
f 242 2653 2665
f 242 243 2653
f 254 2653 253
f 2993 242 2665
f 255 2653 254
f 2992 2993 2665
f 256 2653 255
f 2991 2992 2665
f 2990 2991 2665
f 2989 2990 2665
f 2988 2989 2665
f 2987 2988 2665
f 2986 2987 2665
f 2985 2986 2665
f 2984 2985 2665
f 2983 2984 2665
f 2982 2983 2665
f 2981 2982 2665
f 2980 2981 2665
f 392 259 260
f 391 260 261
f 391 392 260
f 393 258 259
f 393 259 392
f 390 391 261
f 390 261 262
f 394 258 393
f 394 257 258
f 389 390 262
f 389 262 263
f 395 257 394
f 395 256 257
f 388 389 263
f 388 263 264
f 396 256 395
f 396 2653 256
f 387 388 264
f 387 264 265
f 397 2653 396
f 386 265 2972
f 386 387 265
f 398 2653 397
f 3059 2972 2973
f 3059 386 2972
f 3058 2973 2974
f 3058 3059 2973
f 3057 2974 2975
f 3057 3058 2974
f 3056 2975 2976
f 3056 3057 2975
f 3055 2976 2977
f 3055 3056 2976
f 3054 2977 2978
f 3054 3055 2977
f 3053 2978 2979
f 3053 3054 2978
f 3052 2979 2980
f 3052 2980 2665
f 3052 3053 2979
f 3051 3052 2665
f 3050 3051 2665
f 440 402 403
f 439 403 404
f 439 440 403
f 441 402 440
f 438 439 404
f 438 404 405
f 442 402 441
f 442 400 401
f 442 401 402
f 437 438 405
f 437 405 406
f 437 406 407
f 443 400 442
f 443 399 400
f 436 437 407
f 436 407 408
f 444 399 443
f 444 398 399
f 435 436 408
f 445 398 444
f 445 2653 398
f 434 435 408
f 434 408 409
f 446 2653 445
f 3081 434 409
f 3081 409 3038
f 3081 3038 3039
f 3080 3081 3039
f 3079 3039 3040
f 3079 3080 3039
f 3078 3040 3041
f 3078 3079 3040
f 3077 3041 3042
f 3077 3042 3043
f 3077 3078 3041
f 3076 3077 3043
f 3075 3043 3044
f 3075 3076 3043
f 3074 3044 3045
f 3074 3045 3046
f 3074 3075 3044
f 3073 3074 3046
f 3072 3046 3047
f 3072 3073 3046
f 344 450 451
f 344 451 452
f 343 344 452
f 345 450 344
f 342 343 452
f 342 452 453
f 346 449 450
f 346 450 345
f 341 342 453
f 341 453 454
f 347 447 448
f 347 448 449
f 347 449 346
f 340 341 454
f 340 454 455
f 348 447 347
f 339 340 455
f 339 455 456
f 349 446 447
f 349 447 348
f 338 339 456
f 338 456 457
f 3037 338 457
f 3037 457 3060
f 3036 3037 3060
f 3036 3060 3061
f 3035 3036 3061
f 3035 3061 3062
f 3034 3035 3062
f 3034 3062 3063
f 3034 3063 3064
f 3033 3034 3064
f 3032 3033 3064
f 3032 3064 3065
f 3032 3065 3066
f 3031 3032 3066
f 3030 3031 3066
f 3030 3066 3067
f 3029 3030 3067
f 3029 3067 3068
f 3029 3068 3069
f 3028 3029 3069
f 296 354 355
f 295 355 356
f 295 296 355
f 297 354 296
f 297 353 354
f 294 295 356
f 294 356 357
f 298 352 353
f 298 353 297
f 293 294 357
f 293 357 358
f 299 351 352
f 299 352 298
f 292 293 358
f 292 358 359
f 291 292 359
f 291 359 360
f 290 291 360
f 290 360 361
f 3015 290 361
f 3015 361 3016
f 3014 3015 3016
f 3014 3016 3017
f 3013 3014 3017
f 3013 3017 3018
f 3012 3013 3018
f 3012 3018 3019
f 3011 3019 3020
f 3011 3012 3019
f 3010 3020 3021
f 3010 3011 3020
f 3009 3021 3022
f 3009 3010 3021
f 3008 3022 3023
f 3008 3009 3022
f 3007 3008 3023
f 2288 351 299
f 2288 446 349
f 2288 349 350
f 2288 350 351
f 2288 2653 446
f 2288 299 300
f 2288 300 301
f 2288 301 302
f 2288 302 303
f 2288 303 304
f 2288 304 305
f 2288 305 306
f 2288 306 307
f 2288 307 308
f 2288 308 309
f 2288 309 310
f 2288 310 311
f 2288 311 312
f 2288 312 313
f 2289 3023 3024
f 2289 3024 3025
f 2289 3007 3023
f 2289 2288 313
f 2289 313 2994
f 2289 2994 2995
f 2289 2995 2996
f 2289 2996 2997
f 2289 2997 2998
f 2289 2998 2999
f 2289 2999 3000
f 2289 3000 3001
f 2289 3001 3002
f 2289 3002 3003
f 2289 3003 3004
f 2289 3004 3005
f 2289 3005 3006
f 2289 3006 3007
f 2289 3049 2665
f 3049 3050 2665
f 2289 3048 3049
f 2289 3047 3048
f 2289 3071 3047
f 3071 3072 3047
f 2289 3070 3071
f 2289 3069 3070
f 2289 3027 3069
f 3027 3028 3069
f 2289 3026 3027
f 2289 3025 3026
f 2221 2219 2220
f 1304 2262 1305
f 1306 1305 2262
f 1303 2262 1304
f 1307 1306 2262
f 1302 2262 1303
f 1308 1307 2262
f 1301 2262 1302
f 1309 1308 2262
f 1300 2262 1301
f 1310 1309 2262
f 1299 2263 2262
f 1299 2262 1300
f 1311 1310 2262
f 3303 2263 1299
f 1312 1311 2262
f 1313 1312 2262
f 3082 3297 3296
f 3082 3298 3297
f 3082 3299 3298
f 3082 3300 3299
f 3082 3301 3300
f 3082 3302 3301
f 3082 3303 3302
f 3082 2263 3303
f 3295 3082 3296
f 3294 3082 3295
f 3083 2263 3082
f 3293 3082 3294
f 1088 1319 1318
f 1087 1319 1088
f 1087 1320 1319
f 1089 1088 1318
f 1086 1320 1087
f 1090 1089 1318
f 1090 1318 1317
f 1085 1321 1320
f 1085 1320 1086
f 1091 1090 1317
f 1084 1321 1085
f 1092 1317 1316
f 1092 1091 1317
f 1083 1321 1084
f 1083 1298 1321
f 1093 1316 1315
f 1093 1092 1316
f 1057 1298 1083
f 1094 1315 1314
f 1094 1093 1315
f 3237 3282 1298
f 3237 1298 1057
f 1095 1314 1313
f 1095 1094 1314
f 3236 3282 3237
f 1096 1095 1313
f 3235 3283 3282
f 3235 3282 3236
f 3234 3283 3235
f 3233 3284 3283
f 3233 3283 3234
f 3232 3285 3284
f 3232 3284 3233
f 3231 3285 3232
f 3230 3285 3231
f 3230 3286 3285
f 3229 3286 3230
f 3228 3287 3286
f 3228 3286 3229
f 3227 3288 3287
f 3227 3287 3228
f 3226 3289 3288
f 3226 3288 3227
f 3225 3289 3226
f 585 1099 1098
f 584 1099 585
f 584 1100 1099
f 586 585 1098
f 586 1098 1097
f 583 1100 584
f 583 1101 1100
f 587 586 1097
f 587 1097 1096
f 582 1101 583
f 582 1102 1101
f 588 1313 2262
f 588 587 1096
f 588 1096 1313
f 581 1103 1102
f 581 1102 582
f 589 588 2262
f 580 1104 1103
f 580 1103 581
f 590 589 2262
f 579 1082 1104
f 579 1104 580
f 591 590 2262
f 3149 3216 1082
f 3149 1082 579
f 3148 3217 3216
f 3148 3216 3149
f 3147 3218 3217
f 3147 3217 3148
f 3146 3219 3218
f 3146 3218 3147
f 3145 3220 3219
f 3145 3219 3146
f 3144 3221 3220
f 3144 3220 3145
f 3143 3222 3221
f 3143 3221 3144
f 3142 3223 3222
f 3142 3222 3143
f 3141 3223 3142
f 632 597 596
f 632 596 633
f 634 596 595
f 634 633 596
f 631 598 597
f 631 597 632
f 635 595 594
f 635 634 595
f 630 599 598
f 630 598 631
f 636 594 593
f 636 635 594
f 629 600 599
f 629 599 630
f 637 593 592
f 637 636 593
f 628 600 629
f 628 601 600
f 638 592 591
f 638 637 592
f 638 591 2262
f 627 578 601
f 627 601 628
f 627 3128 578
f 639 638 2262
f 3171 3128 627
f 3170 3130 3129
f 3170 3128 3171
f 3170 3129 3128
f 3169 3130 3170
f 3168 3131 3130
f 3168 3132 3131
f 3168 3130 3169
f 3167 3132 3168
f 3166 3133 3132
f 3166 3132 3167
f 3165 3134 3133
f 3165 3135 3134
f 3165 3133 3166
f 3164 3135 3165
f 3163 3136 3135
f 3163 3137 3136
f 3163 3135 3164
f 3162 3138 3137
f 3162 3137 3163
f 3161 3138 3162
f 728 644 729
f 728 645 644
f 730 729 644
f 730 644 643
f 727 645 728
f 727 646 645
f 731 730 643
f 731 643 642
f 726 646 727
f 726 647 646
f 726 648 647
f 732 731 642
f 732 642 641
f 725 648 726
f 733 732 641
f 733 641 640
f 724 648 725
f 724 649 648
f 724 626 649
f 734 733 640
f 734 639 2262
f 734 640 639
f 723 626 724
f 735 734 2262
f 3215 3150 626
f 3215 3151 3150
f 3215 626 723
f 3214 3151 3215
f 3213 3152 3151
f 3213 3153 3152
f 3213 3151 3214
f 3212 3154 3153
f 3212 3153 3213
f 3211 3155 3154
f 3211 3154 3212
f 3210 3155 3211
f 3209 3155 3210
f 3209 3156 3155
f 3208 3157 3156
f 3208 3156 3209
f 3207 3158 3157
f 3207 3157 3208
f 3206 3158 3207
f 3206 3159 3158
f 536 741 740
f 536 740 537
f 538 739 738
f 538 740 739
f 538 537 740
f 535 741 536
f 535 742 741
f 539 538 738
f 534 742 535
f 534 743 742
f 540 539 738
f 540 738 737
f 533 744 743
f 533 745 744
f 533 743 534
f 541 540 737
f 541 737 736
f 532 745 533
f 542 541 736
f 542 736 735
f 531 745 532
f 531 722 745
f 3127 3194 722
f 3127 722 531
f 3126 3195 3194
f 3126 3194 3127
f 3125 3196 3195
f 3125 3197 3196
f 3125 3195 3126
f 3124 3197 3125
f 3123 3198 3197
f 3123 3197 3124
f 3122 3199 3198
f 3122 3198 3123
f 3121 3200 3199
f 3121 3199 3122
f 3120 3201 3200
f 3120 3200 3121
f 3119 3201 3120
f 3119 3202 3201
f 3119 3203 3202
f 3118 3203 3119
f 3117 3203 3118
f 3117 3204 3203
f 681 549 548
f 680 549 681
f 682 681 548
f 682 548 547
f 679 549 680
f 679 550 549
f 679 551 550
f 683 682 547
f 683 547 546
f 678 551 679
f 684 683 546
f 684 546 545
f 677 551 678
f 677 552 551
f 677 553 552
f 685 684 545
f 685 545 544
f 676 553 677
f 676 530 553
f 686 685 544
f 686 544 543
f 675 530 676
f 3193 3106 530
f 3193 3107 3106
f 3193 530 675
f 3192 3107 3193
f 3191 3107 3192
f 3191 3108 3107
f 3190 3108 3191
f 3190 3109 3108
f 3189 3109 3190
f 3189 3110 3109
f 3189 3111 3110
f 3188 3111 3189
f 3187 3111 3188
f 3187 3112 3111
f 3187 3113 3112
f 3186 3113 3187
f 3185 3113 3186
f 3185 3114 3113
f 3185 3115 3114
f 3184 3115 3185
f 488 693 692
f 488 692 489
f 490 692 691
f 490 489 692
f 487 693 488
f 487 694 693
f 487 695 694
f 491 691 690
f 491 490 691
f 486 695 487
f 492 690 689
f 492 491 690
f 485 695 486
f 485 696 695
f 493 688 687
f 493 689 688
f 493 492 689
f 484 697 696
f 484 696 485
f 494 493 687
f 483 697 484
f 483 674 697
f 3105 674 483
f 3105 3172 674
f 3105 3173 3172
f 3104 3173 3105
f 3104 3174 3173
f 3103 3175 3174
f 3103 3174 3104
f 3102 3175 3103
f 3101 3175 3102
f 3101 3176 3175
f 3101 3177 3176
f 3100 3177 3101
f 3100 3178 3177
f 3099 3178 3100
f 3098 3178 3099
f 3098 3179 3178
f 3097 3179 3098
f 3097 3180 3179
f 3096 3180 3097
f 3096 3181 3180
f 3096 3182 3181
f 3095 3182 3096
f 1136 501 500
f 1135 502 501
f 1135 501 1136
f 1137 500 499
f 1137 1136 500
f 1134 502 1135
f 1134 503 502
f 1138 1137 499
f 1138 499 498
f 1133 504 503
f 1133 503 1134
f 1139 1138 498
f 1139 498 497
f 1132 504 1133
f 1132 505 504
f 1131 505 1132
f 1131 482 505
f 1105 3084 482
f 1105 482 1131
f 3259 3085 3084
f 3259 3084 1105
f 3258 3086 3085
f 3258 3085 3259
f 3257 3087 3086
f 3257 3086 3258
f 3256 3088 3087
f 3256 3087 3257
f 3255 3089 3088
f 3255 3088 3256
f 3254 3090 3089
f 3254 3089 3255
f 3253 3090 3254
f 3253 3091 3090
f 3252 3092 3091
f 3252 3091 3253
f 3251 3093 3092
f 3251 3092 3252
f 1257 1143 1142
f 1256 1144 1143
f 1256 1145 1144
f 1256 1143 1257
f 1258 1257 1142
f 1258 1142 1141
f 1255 1146 1145
f 1255 1147 1146
f 1255 1145 1256
f 1259 1258 1141
f 1259 1141 1140
f 1254 1148 1147
f 1254 1147 1255
f 1260 1139 497
f 1260 1140 1139
f 1260 1259 1140
f 1253 1148 1254
f 1253 1149 1148
f 1253 1150 1149
f 1252 1151 1150
f 1252 1152 1151
f 1252 1150 1253
f 1251 1152 1252
f 1251 1130 1152
f 1251 3238 1130
f 3281 3239 3238
f 3281 3240 3239
f 3281 3238 1251
f 3280 3241 3240
f 3280 3242 3241
f 3280 3240 3281
f 3279 3243 3242
f 3279 3242 3280
f 3278 3244 3243
f 3278 3245 3244
f 3278 3243 3279
f 3277 3246 3245
f 3277 3247 3246
f 3277 3245 3278
f 3276 3248 3247
f 3276 3247 3277
f 3275 3248 3276
f 3275 3249 3248
f 3274 3250 3249
f 3274 3249 3275
f 3273 3093 3251
f 3273 3251 3250
f 3273 3250 3274
f 2716 1261 1260
f 2716 1260 497
f 2716 1262 1261
f 2716 1263 1262
f 2716 1264 1263
f 2716 1265 1264
f 2716 1266 1265
f 2716 1267 1266
f 2716 1268 1267
f 2716 1269 1268
f 2716 1270 1269
f 2716 1271 1270
f 2716 1272 1271
f 2716 1273 1272
f 2716 1250 1273
f 2716 687 686
f 2716 494 687
f 2716 542 735
f 2716 495 494
f 2716 686 543
f 2716 496 495
f 2716 497 496
f 2716 735 2262
f 2716 543 542
f 2728 3094 3093
f 2728 3093 3273
f 2728 3260 1250
f 2728 3261 3260
f 2728 3262 3261
f 2728 3263 3262
f 2728 3264 3263
f 2728 3265 3264
f 2728 3266 3265
f 2728 3267 3266
f 2728 3268 3267
f 2728 1250 2716
f 2728 3269 3268
f 2728 3270 3269
f 2728 3271 3270
f 2728 3272 3271
f 2728 3273 3272
f 2728 3082 3293
f 2728 3293 3292
f 2728 3292 3291
f 2728 3291 3290
f 2728 3290 3289
f 2728 3289 3225
f 2728 3225 3224
f 2728 3224 3223
f 2728 3223 3139
f 3139 3223 3140
f 3140 3223 3141
f 2728 3139 3138
f 2728 3138 3161
f 2728 3161 3160
f 2728 3160 3159
f 2728 3159 3205
f 3205 3159 3206
f 2728 3205 3204
f 2728 3204 3117
f 2728 3117 3116
f 2728 3116 3115
f 2728 3115 3183
f 3183 3115 3184
f 2728 3183 3182
f 2728 3182 3095
f 2728 3095 3094
f 271 2715 272
f 273 272 2715
f 270 2715 271
f 274 273 2715
f 269 2715 270
f 275 274 2715
f 268 2715 269
f 276 275 2715
f 267 2715 268
f 277 276 2715
f 241 2702 2715
f 241 2715 267
f 278 277 2715
f 3325 2702 241
f 279 278 2715
f 3324 2702 3325
f 280 279 2715
f 3323 2702 3324
f 3322 2702 3323
f 3321 2702 3322
f 3320 2702 3321
f 3319 2702 3320
f 3318 2702 3319
f 3317 2702 3318
f 3316 2702 3317
f 3315 2702 3316
f 3314 2702 3315
f 3313 2702 3314
f 3312 2702 3313
f 416 284 283
f 415 285 284
f 415 284 416
f 417 283 282
f 417 416 283
f 414 286 285
f 414 285 415
f 418 282 281
f 418 417 282
f 413 287 286
f 413 286 414
f 419 281 280
f 419 418 281
f 412 287 413
f 412 288 287
f 420 419 280
f 420 280 2715
f 411 266 288
f 411 288 412
f 421 420 2715
f 385 3304 266
f 385 266 411
f 422 421 2715
f 3391 3305 3304
f 3391 3304 385
f 3390 3306 3305
f 3390 3305 3391
f 3389 3306 3390
f 3389 3307 3306
f 3388 3308 3307
f 3388 3307 3389
f 3387 3309 3308
f 3387 3308 3388
f 3386 3310 3309
f 3386 3309 3387
f 3385 3311 3310
f 3385 3310 3386
f 3384 3312 3311
f 3384 3311 3385
f 3383 2702 3312
f 3383 3312 3384
f 3382 2702 3383
f 463 427 464
f 463 428 427
f 465 464 427
f 465 427 426
f 462 428 463
f 462 429 428
f 462 430 429
f 466 465 426
f 466 426 425
f 461 430 462
f 467 466 425
f 467 424 423
f 467 425 424
f 460 430 461
f 460 431 430
f 468 467 423
f 468 423 422
f 459 432 431
f 459 431 460
f 469 468 422
f 469 422 2715
f 433 432 459
f 433 410 432
f 3413 3370 410
f 3413 410 433
f 3412 3370 3413
f 3412 3371 3370
f 3411 3371 3412
f 3411 3372 3371
f 3410 3372 3411
f 3410 3373 3372
f 3410 3374 3373
f 3409 3374 3410
f 3408 3374 3409
f 3408 3375 3374
f 3407 3375 3408
f 3407 3376 3375
f 3406 3376 3407
f 3406 3377 3376
f 3405 3378 3377
f 3405 3377 3406
f 3405 3379 3378
f 3404 3379 3405
f 368 475 474
f 367 475 368
f 367 476 475
f 369 368 474
f 366 477 476
f 366 476 367
f 370 474 473
f 370 369 474
f 365 478 477
f 365 477 366
f 371 473 472
f 371 370 473
f 364 479 478
f 364 478 365
f 372 472 471
f 372 371 472
f 363 480 479
f 363 458 480
f 363 479 364
f 373 372 471
f 373 471 470
f 337 458 363
f 3369 3392 458
f 3369 458 337
f 3368 3393 3392
f 3368 3392 3369
f 3367 3394 3393
f 3367 3393 3368
f 3366 3395 3394
f 3366 3394 3367
f 3365 3396 3395
f 3365 3395 3366
f 3364 3397 3396
f 3364 3398 3397
f 3364 3396 3365
f 3363 3398 3364
f 3363 3399 3398
f 3362 3399 3363
f 3361 3400 3399
f 3361 3401 3400
f 3361 3399 3362
f 3360 3401 3361
f 320 379 378
f 319 380 379
f 319 379 320
f 321 378 377
f 321 320 378
f 318 381 380
f 318 380 319
f 322 377 376
f 322 321 377
f 317 381 318
f 317 382 381
f 323 376 375
f 323 322 376
f 316 383 382
f 316 382 317
f 315 383 316
f 315 384 383
f 289 384 315
f 289 362 384
f 3347 3348 362
f 3347 362 289
f 3346 3349 3348
f 3346 3348 3347
f 3345 3350 3349
f 3345 3349 3346
f 3344 3351 3350
f 3344 3350 3345
f 3343 3352 3351
f 3343 3351 3344
f 3342 3352 3343
f 3342 3353 3352
f 3341 3354 3353
f 3341 3353 3342
f 3340 3355 3354
f 3340 3354 3341
f 3339 3356 3355
f 3339 3355 3340
f 2250 374 373
f 2250 375 374
f 2250 323 375
f 2250 469 2715
f 2250 373 470
f 2250 324 323
f 2250 325 324
f 2250 326 325
f 2250 327 326
f 2250 328 327
f 2250 329 328
f 2250 330 329
f 2250 331 330
f 2250 332 331
f 2250 333 332
f 2250 334 333
f 2250 335 334
f 2250 336 335
f 2250 314 336
f 2250 470 469
f 2249 314 2250
f 2249 3357 3356
f 2249 3326 314
f 2249 3327 3326
f 2249 3328 3327
f 2249 3329 3328
f 2249 3330 3329
f 2249 3331 3330
f 2249 3332 3331
f 2249 3333 3332
f 2249 3334 3333
f 2249 3335 3334
f 2249 3336 3335
f 2249 3337 3336
f 2249 3338 3337
f 2249 3339 3338
f 2249 3356 3339
f 2249 2702 3381
f 3381 2702 3382
f 2249 3381 3380
f 2249 3380 3379
f 2249 3379 3403
f 3403 3379 3404
f 2249 3403 3402
f 2249 3402 3401
f 2249 3401 3359
f 3359 3401 3360
f 2249 3359 3358
f 2249 3358 3357
f 1208 2714 1209
f 1210 1209 2714
f 1207 2714 1208
f 1211 1210 2714
f 1206 2714 1207
f 1212 1211 2714
f 1205 2714 1206
f 1213 1212 2714
f 1204 2714 1205
f 1214 1213 2714
f 1203 2740 2714
f 1203 2714 1204
f 1215 1214 2714
f 3591 2740 1203
f 1216 1215 2714
f 3590 2740 3591
f 3589 2740 3590
f 3588 2740 3589
f 3587 2740 3588
f 3586 2740 3587
f 800 1220 1219
f 799 1221 1220
f 799 1220 800
f 801 1219 1218
f 801 800 1219
f 798 1221 799
f 798 1222 1221
f 802 801 1218
f 802 1218 1217
f 797 1223 1222
f 797 1222 798
f 803 1216 2714
f 803 1217 1216
f 803 802 1217
f 796 1223 797
f 796 1224 1223
f 804 803 2714
f 795 1225 1224
f 795 1224 796
f 805 804 2714
f 769 1225 795
f 769 1202 1225
f 806 805 2714
f 3437 1202 769
f 3437 3570 1202
f 3436 3571 3570
f 3436 3570 3437
f 3435 3571 3436
f 3435 3572 3571
f 3434 3573 3572
f 3434 3572 3435
f 3433 3573 3434
f 3433 3574 3573
f 3432 3574 3433
f 3432 3575 3574
f 3431 3576 3575
f 3431 3575 3432
f 3430 3577 3576
f 3430 3576 3431
f 3429 3577 3430
f 992 811 810
f 992 812 811
f 991 812 992
f 993 992 810
f 990 813 812
f 990 812 991
f 994 810 809
f 994 993 810
f 989 814 813
f 989 815 814
f 989 813 990
f 995 809 808
f 995 994 809
f 988 816 815
f 988 815 989
f 996 808 807
f 996 995 808
f 987 816 988
f 997 806 2714
f 997 807 806
f 997 996 807
f 961 794 816
f 961 816 987
f 998 997 2714
f 3525 3416 794
f 3525 3417 3416
f 3525 794 961
f 3524 3418 3417
f 3524 3417 3525
f 3523 3418 3524
f 3522 3419 3418
f 3522 3420 3419
f 3522 3418 3523
f 3521 3420 3522
f 3521 3421 3420
f 3520 3421 3521
f 3519 3421 3520
f 3519 3422 3421
f 3518 3423 3422
f 3518 3422 3519
f 3517 3423 3518
f 3517 3424 3423
f 3517 3425 3424
f 3516 3425 3517
f 3516 3426 3425
f 3515 3426 3516
f 847 1004 1003
f 847 1003 848
f 849 1003 1002
f 849 848 1003
f 846 1005 1004
f 846 1004 847
f 850 1002 1001
f 850 849 1002
f 845 1006 1005
f 845 1005 846
f 851 1000 999
f 851 1001 1000
f 851 850 1001
f 844 1006 845
f 844 1007 1006
f 852 999 998
f 852 851 999
f 843 1008 1007
f 843 1007 844
f 853 852 998
f 853 998 2714
f 817 986 1008
f 817 1008 843
f 854 853 2714
f 3459 3504 986
f 3459 986 817
f 3458 3505 3504
f 3458 3504 3459
f 3457 3506 3505
f 3457 3505 3458
f 3456 3507 3506
f 3456 3506 3457
f 3455 3507 3456
f 3455 3508 3507
f 3454 3508 3455
f 3454 3509 3508
f 3453 3509 3454
f 3453 3510 3509
f 3452 3510 3453
f 3452 3511 3510
f 3451 3511 3452
f 3451 3512 3511
f 3450 3512 3451
f 3450 3513 3512
f 1039 859 1040
f 1039 860 859
f 1041 1040 859
f 1041 859 858
f 1038 860 1039
f 1038 861 860
f 1038 862 861
f 1042 1041 858
f 1042 858 857
f 1037 862 1038
f 1043 1042 857
f 1043 857 856
f 1036 862 1037
f 1036 863 862
f 1044 1043 856
f 1044 855 854
f 1044 856 855
f 1035 863 1036
f 1035 864 863
f 1045 1044 854
f 1045 854 2714
f 1009 842 864
f 1009 864 1035
f 3547 842 1009
f 3547 3438 842
f 3546 3439 3438
f 3546 3438 3547
f 3545 3439 3546
f 3545 3440 3439
f 3544 3441 3440
f 3544 3440 3545
f 3543 3442 3441
f 3543 3441 3544
f 3542 3443 3442
f 3542 3444 3443
f 3542 3442 3543
f 3541 3444 3542
f 3540 3445 3444
f 3540 3444 3541
f 3539 3445 3540
f 3539 3446 3445
f 3539 3447 3446
f 3538 3447 3539
f 3537 3448 3447
f 3537 3447 3538
f 943 1051 944
f 943 1052 1051
f 945 944 1051
f 945 1050 1049
f 945 1051 1050
f 942 1053 1052
f 942 1054 1053
f 942 1052 943
f 946 945 1049
f 941 1054 942
f 947 946 1049
f 947 1048 1047
f 947 1049 1048
f 940 1054 941
f 940 1055 1054
f 948 947 1047
f 939 1055 940
f 939 1056 1055
f 949 1047 1046
f 949 948 1047
f 913 1056 939
f 913 1034 1056
f 3503 3526 1034
f 3503 1034 913
f 3503 3527 3526
f 3502 3527 3503
f 3501 3528 3527
f 3501 3529 3528
f 3501 3527 3502
f 3500 3529 3501
f 3499 3529 3500
f 3499 3530 3529
f 3498 3530 3499
f 3498 3531 3530
f 3497 3532 3531
f 3497 3531 3498
f 3496 3533 3532
f 3496 3532 3497
f 3495 3533 3496
f 3495 3534 3533
f 3494 3535 3534
f 3494 3534 3495
f 895 955 896
f 895 956 955
f 895 957 956
f 897 896 955
f 897 954 953
f 897 955 954
f 894 957 895
f 898 897 953
f 898 953 952
f 893 957 894
f 893 958 957
f 893 959 958
f 899 898 952
f 892 959 893
f 900 899 952
f 900 952 951
f 891 959 892
f 891 960 959
f 901 900 951
f 901 951 950
f 865 938 960
f 865 3482 938
f 865 960 891
f 3481 3482 865
f 3480 3482 3481
f 3480 3483 3482
f 3479 3483 3480
f 3479 3484 3483
f 3478 3485 3484
f 3478 3486 3485
f 3478 3484 3479
f 3477 3486 3478
f 3476 3486 3477
f 3476 3487 3486
f 3475 3488 3487
f 3475 3487 3476
f 3474 3489 3488
f 3474 3490 3489
f 3474 3488 3475
f 3473 3490 3474
f 3473 3491 3490
f 3472 3491 3473
f 3471 3492 3491
f 3471 3491 3472
f 1161 908 907
f 1160 909 908
f 1160 908 1161
f 1162 1161 907
f 1162 907 906
f 1159 910 909
f 1159 909 1160
f 1163 906 905
f 1163 1162 906
f 1158 911 910
f 1158 910 1159
f 1164 1163 905
f 1164 905 904
f 1157 912 911
f 1157 911 1158
f 1165 1164 904
f 1156 890 912
f 1156 912 1157
f 1155 890 1156
f 1155 3460 890
f 3569 3461 3460
f 3569 3460 1155
f 3568 3461 3569
f 3568 3462 3461
f 3567 3463 3462
f 3567 3462 3568
f 3566 3464 3463
f 3566 3463 3567
f 3565 3465 3464
f 3565 3464 3566
f 3564 3466 3465
f 3564 3465 3565
f 3563 3467 3466
f 3563 3466 3564
f 3562 3468 3467
f 3562 3467 3563
f 2237 902 901
f 2237 903 902
f 2237 904 903
f 2237 1166 1165
f 2237 1167 1166
f 2237 1168 1167
f 2237 1169 1168
f 2237 1170 1169
f 2237 1171 1170
f 2237 1172 1171
f 2237 1173 1172
f 2237 1174 1173
f 2237 1175 1174
f 2237 1176 1175
f 2237 1165 904
f 2237 1046 1045
f 2237 901 950
f 2237 950 949
f 2237 949 1046
f 2237 1045 2714
f 3415 1177 1176
f 3415 1154 1177
f 3415 3548 1154
f 3415 3549 3548
f 3415 3550 3549
f 3415 3551 3550
f 3415 3552 3551
f 3415 3553 3552
f 3415 3554 3553
f 3415 3555 3554
f 3415 1176 2237
f 2236 3414 3415
f 2236 3415 2237
f 2595 3414 2236
f 2595 2236 2697
f 3415 2740 3581
f 3581 2740 3582
f 3582 2740 3583
f 3583 2740 3584
f 3584 2740 3585
f 3585 2740 3586
f 3415 3581 3580
f 3415 3580 3579
f 3415 3579 3578
f 3415 3578 3577
f 3415 3577 3427
f 3427 3577 3428
f 3428 3577 3429
f 3415 3427 3426
f 3415 3426 3515
f 3415 3515 3514
f 3415 3514 3513
f 3415 3513 3449
f 3449 3513 3450
f 3415 3449 3448
f 3415 3448 3537
f 3415 3537 3536
f 3415 3536 3535
f 3415 3535 3493
f 3493 3535 3494
f 3415 3493 3492
f 3415 3492 3471
f 3415 3471 3470
f 3415 3470 3469
f 3415 3469 3468
f 3415 3468 3559
f 3559 3468 3560
f 3560 3468 3561
f 3561 3468 3562
f 3415 3559 3558
f 3415 3558 3557
f 3415 3557 3556
f 3415 3556 3555
f 2689 2231 2230
f 2689 2696 2231
f 3282 1297 1298
f 3282 2950 1297
f 3283 2951 2950
f 3283 2950 3282
f 3284 2952 2951
f 3284 2951 3283
f 3285 2953 2952
f 3285 2952 3284
f 3286 2954 2953
f 3286 2953 3285
f 3287 2955 2954
f 3287 2956 2955
f 3287 2954 3286
f 3288 2956 3287
f 3289 2957 2956
f 3289 2956 3288
f 3290 2958 2957
f 3290 2957 3289
f 3291 2959 2958
f 3291 2958 3290
f 3292 2960 2959
f 3292 2961 2960
f 3292 2959 3291
f 3293 2961 3292
f 3294 2961 3293
f 3294 2962 2961
f 3295 2962 3294
f 3295 2963 2962
f 3296 2963 3295
f 3296 2964 2963
f 3297 2964 3296
f 3297 2965 2964
f 3298 2965 3297
f 3298 2966 2965
f 3298 2967 2966
f 3299 2967 3298
f 3299 2968 2967
f 3300 2968 3299
f 3301 2968 3300
f 3301 2969 2968
f 3302 2969 3301
f 3302 2970 2969
f 3303 2970 3302
f 3303 2971 2970
f 1299 2971 3303
f 1299 1322 2971
f 3260 1249 1250
f 3260 2928 1249
f 3261 2929 2928
f 3261 2930 2929
f 3261 2928 3260
f 3262 2931 2930
f 3262 2930 3261
f 3263 2932 2931
f 3263 2931 3262
f 3264 2933 2932
f 3264 2932 3263
f 3265 2934 2933
f 3265 2933 3264
f 3266 2934 3265
f 3267 2935 2934
f 3267 2934 3266
f 3268 2936 2935
f 3268 2935 3267
f 3269 2937 2936
f 3269 2936 3268
f 3270 2938 2937
f 3270 2937 3269
f 3271 2938 3270
f 3271 2939 2938
f 3272 2939 3271
f 3272 2940 2939
f 3273 2940 3272
f 3273 2941 2940
f 3274 2941 3273
f 3274 2942 2941
f 3275 2942 3274
f 3275 2943 2942
f 3276 2943 3275
f 3276 2944 2943
f 3277 2944 3276
f 3277 2945 2944
f 3278 2945 3277
f 3278 2946 2945
f 3279 2946 3278
f 3279 2947 2946
f 3280 2947 3279
f 3280 2948 2947
f 3281 2948 3280
f 3281 2949 2948
f 1251 2949 3281
f 1251 1274 2949
f 3570 1201 1202
f 3570 2109 1201
f 3571 2110 2109
f 3571 2109 3570
f 3572 2111 2110
f 3572 2110 3571
f 3573 2112 2111
f 3573 2111 3572
f 3574 2113 2112
f 3574 2112 3573
f 3575 2114 2113
f 3575 2115 2114
f 3575 2113 3574
f 3576 2115 3575
f 3577 2116 2115
f 3577 2115 3576
f 3578 2117 2116
f 3578 2116 3577
f 3579 2118 2117
f 3579 2117 3578
f 3580 2119 2118
f 3580 2120 2119
f 3580 2118 3579
f 3581 2120 3580
f 3582 2120 3581
f 3582 2121 2120
f 3583 2121 3582
f 3583 2122 2121
f 3584 2122 3583
f 3584 2123 2122
f 3585 2123 3584
f 3585 2124 2123
f 3586 2124 3585
f 3586 2125 2124
f 3586 2126 2125
f 3587 2126 3586
f 3587 2127 2126
f 3588 2127 3587
f 3589 2127 3588
f 3589 2128 2127
f 3590 2128 3589
f 3590 2129 2128
f 3591 2129 3590
f 3591 2130 2129
f 1203 2130 3591
f 1203 1226 2130
f 3548 1153 1154
f 3548 1638 1153
f 3549 1639 1638
f 3549 1638 3548
f 3550 1640 1639
f 3550 1639 3549
f 3551 1641 1640
f 3551 1640 3550
f 3552 1642 1641
f 3552 1641 3551
f 3553 1643 1642
f 3553 1644 1643
f 3553 1642 3552
f 3554 1644 3553
f 3555 1645 1644
f 3555 1644 3554
f 3556 1646 1645
f 3556 1645 3555
f 3557 1647 1646
f 3557 1646 3556
f 3558 1648 1647
f 3558 1649 1648
f 3558 1647 3557
f 3559 1649 3558
f 3560 1649 3559
f 3560 1650 1649
f 3561 1650 3560
f 3561 1651 1650
f 3562 1651 3561
f 3562 1652 1651
f 3563 1652 3562
f 3563 1653 1652
f 3564 1653 3563
f 3564 1654 1653
f 3564 1655 1654
f 3565 1655 3564
f 3565 1656 1655
f 3566 1656 3565
f 3567 1656 3566
f 3567 1657 1656
f 3568 1657 3567
f 3568 1658 1657
f 3569 1658 3568
f 3569 1659 1658
f 1155 1659 3569
f 1155 1178 1659
f 2906 1105 1106
f 2906 3259 1105
f 2907 3258 3259
f 2907 3259 2906
f 2908 3257 3258
f 2908 3258 2907
f 2909 3256 3257
f 2909 3257 2908
f 2910 3255 3256
f 2910 3256 2909
f 2911 3254 3255
f 2911 3255 2910
f 2912 3253 3254
f 2912 3254 2911
f 2913 3252 3253
f 2913 3253 2912
f 2914 3251 3252
f 2914 3252 2913
f 2915 3250 3251
f 2915 3251 2914
f 2916 3249 3250
f 2916 3250 2915
f 2917 3249 2916
f 2917 3248 3249
f 2918 3248 2917
f 2918 3247 3248
f 2919 3247 2918
f 2919 3246 3247
f 2920 3246 2919
f 2920 3245 3246
f 2921 3245 2920
f 2921 3243 3244
f 2921 3244 3245
f 2922 3243 2921
f 2923 3243 2922
f 2923 3241 3242
f 2923 3242 3243
f 2924 3241 2923
f 2924 3240 3241
f 2925 3240 2924
f 2926 3238 3239
f 2926 3239 3240
f 2926 3240 2925
f 2927 3238 2926
f 1107 1130 3238
f 1107 3238 2927
f 2884 1057 1058
f 2884 3237 1057
f 2885 3236 3237
f 2885 3237 2884
f 2886 3235 3236
f 2886 3236 2885
f 2887 3234 3235
f 2887 3235 2886
f 2888 3233 3234
f 2888 3234 2887
f 2889 3232 3233
f 2889 3233 2888
f 2890 3231 3232
f 2890 3232 2889
f 2891 3230 3231
f 2891 3231 2890
f 2892 3229 3230
f 2892 3230 2891
f 2893 3228 3229
f 2893 3229 2892
f 2894 3227 3228
f 2894 3228 2893
f 2895 3227 2894
f 2895 3226 3227
f 2896 3226 2895
f 2896 3225 3226
f 2897 3225 2896
f 2897 3224 3225
f 2898 3224 2897
f 2898 3223 3224
f 2899 3223 2898
f 2899 3221 3222
f 2899 3222 3223
f 2900 3221 2899
f 2901 3221 2900
f 2901 3219 3220
f 2901 3220 3221
f 2902 3219 2901
f 2902 3218 3219
f 2903 3218 2902
f 2904 3216 3217
f 2904 3217 3218
f 2904 3218 2903
f 2905 3216 2904
f 1059 1082 3216
f 1059 3216 2905
f 1010 3547 1009
f 1619 3546 3547
f 1619 3547 1010
f 1620 3545 3546
f 1620 3546 1619
f 1621 3544 3545
f 1621 3545 1620
f 1622 3543 3544
f 1622 3544 1621
f 1623 3542 3543
f 1623 3543 1622
f 1624 3541 3542
f 1624 3542 1623
f 1625 3540 3541
f 1625 3541 1624
f 1626 3539 3540
f 1626 3540 1625
f 1627 3538 3539
f 1627 3539 1626
f 1628 3537 3538
f 1628 3538 1627
f 1629 3536 3537
f 1629 3537 1628
f 1630 3536 1629
f 1630 3535 3536
f 1631 3535 1630
f 1631 3534 3535
f 1632 3534 1631
f 1632 3533 3534
f 1633 3533 1632
f 1633 3532 3533
f 1634 3532 1633
f 1634 3531 3532
f 2149 3531 1634
f 2149 3530 3531
f 2150 3530 2149
f 2150 3529 3530
f 2151 3529 2150
f 2151 3528 3529
f 2152 3527 3528
f 2152 3528 2151
f 2153 3526 3527
f 2153 3527 2152
f 2154 1034 3526
f 2154 3526 2153
f 1027 1034 2154
f 2193 961 962
f 2193 3525 961
f 2194 3524 3525
f 2194 3525 2193
f 2195 3523 3524
f 2195 3524 2194
f 2196 3522 3523
f 2196 3523 2195
f 2197 3521 3522
f 2197 3522 2196
f 2198 3520 3521
f 2198 3521 2197
f 2199 3519 3520
f 2199 3520 2198
f 2200 3518 3519
f 2200 3519 2199
f 2201 3517 3518
f 2201 3518 2200
f 2202 3516 3517
f 2202 3517 2201
f 2203 3515 3516
f 2203 3516 2202
f 2204 3515 2203
f 2204 3514 3515
f 2205 3514 2204
f 2205 3513 3514
f 2206 3513 2205
f 2206 3512 3513
f 2207 3512 2206
f 2207 3511 3512
f 2208 3511 2207
f 2208 3509 3510
f 2208 3510 3511
f 2209 3509 2208
f 2210 3509 2209
f 2210 3507 3508
f 2210 3508 3509
f 2211 3507 2210
f 2211 3506 3507
f 2212 3506 2211
f 2213 3504 3505
f 2213 3505 3506
f 2213 3506 2212
f 2214 3504 2213
f 963 986 3504
f 963 3504 2214
f 2082 913 914
f 2082 3503 913
f 2083 3502 3503
f 2083 3503 2082
f 2084 3501 3502
f 2084 3502 2083
f 2085 3500 3501
f 2085 3501 2084
f 2086 3499 3500
f 2086 3500 2085
f 2087 3498 3499
f 2087 3499 2086
f 2088 3497 3498
f 2088 3498 2087
f 2089 3496 3497
f 2089 3497 2088
f 2090 3495 3496
f 2090 3496 2089
f 2091 3494 3495
f 2091 3495 2090
f 2092 3493 3494
f 2092 3494 2091
f 2093 3492 3493
f 2093 3493 2092
f 2094 3492 2093
f 2094 3491 3492
f 2095 3491 2094
f 2095 3490 3491
f 2096 3490 2095
f 2096 3489 3490
f 2097 3489 2096
f 2097 3488 3489
f 2098 3488 2097
f 2098 3487 3488
f 1542 3487 2098
f 1542 3486 3487
f 1543 3485 3486
f 1543 3486 1542
f 1544 3484 3485
f 1544 3485 1543
f 1545 3483 3484
f 1545 3484 1544
f 1546 3482 3483
f 1546 3483 1545
f 933 938 3482
f 933 3482 1546
f 1660 865 866
f 1660 3481 865
f 1661 3480 3481
f 1661 3481 1660
f 1662 3479 3480
f 1662 3480 1661
f 1663 3478 3479
f 1663 3479 1662
f 1664 3477 3478
f 1664 3478 1663
f 1665 3476 3477
f 1665 3477 1664
f 1666 3475 3476
f 1666 3476 1665
f 1667 3474 3475
f 1667 3475 1666
f 1668 3473 3474
f 1668 3474 1667
f 1669 3472 3473
f 1669 3473 1668
f 1670 3471 3472
f 1670 3472 1669
f 1671 3471 1670
f 1671 3470 3471
f 1672 3470 1671
f 1672 3469 3470
f 1673 3469 1672
f 1673 3468 3469
f 1674 3468 1673
f 1674 3467 3468
f 1675 3467 1674
f 1675 3465 3466
f 1675 3466 3467
f 1676 3465 1675
f 1677 3465 1676
f 1677 3463 3464
f 1677 3464 3465
f 1678 3463 1677
f 1678 3462 3463
f 1679 3462 1678
f 1680 3460 3461
f 1680 3461 3462
f 1680 3462 1679
f 1681 3460 1680
f 867 890 3460
f 867 3460 1681
f 818 3459 817
f 2066 3458 3459
f 2066 3459 818
f 2067 3457 3458
f 2067 3458 2066
f 2068 3456 3457
f 2068 3457 2067
f 2069 3455 3456
f 2069 3456 2068
f 2070 3454 3455
f 2070 3455 2069
f 2071 3453 3454
f 2071 3454 2070
f 2072 3452 3453
f 2072 3453 2071
f 2073 3451 3452
f 2073 3452 2072
f 1346 3450 3451
f 1346 3451 2073
f 1347 3449 3450
f 1347 3450 1346
f 1348 3448 3449
f 1348 3449 1347
f 1349 3448 1348
f 1349 3447 3448
f 1350 3447 1349
f 1350 3446 3447
f 1351 3446 1350
f 1351 3445 3446
f 1352 3445 1351
f 1352 3444 3445
f 1353 3444 1352
f 1353 3443 3444
f 1354 3443 1353
f 1354 3442 3443
f 1355 3442 1354
f 1355 3441 3442
f 1356 3441 1355
f 1356 3440 3441
f 1357 3439 3440
f 1357 3440 1356
f 1358 3438 3439
f 1358 3439 1357
f 1359 842 3438
f 1359 3438 1358
f 828 842 1359
f 2171 769 770
f 2171 3437 769
f 2172 3436 3437
f 2172 3437 2171
f 2173 3435 3436
f 2173 3436 2172
f 2174 3434 3435
f 2174 3435 2173
f 2175 3433 3434
f 2175 3434 2174
f 2176 3432 3433
f 2176 3433 2175
f 2177 3431 3432
f 2177 3432 2176
f 2178 3430 3431
f 2178 3431 2177
f 2179 3429 3430
f 2179 3430 2178
f 2180 3428 3429
f 2180 3429 2179
f 2181 3427 3428
f 2181 3428 2180
f 2182 3427 2181
f 2182 3426 3427
f 2183 3426 2182
f 2183 3425 3426
f 2184 3425 2183
f 2184 3424 3425
f 2185 3424 2184
f 2185 3423 3424
f 2186 3423 2185
f 2186 3421 3422
f 2186 3422 3423
f 2187 3421 2186
f 2188 3421 2187
f 2188 3419 3420
f 2188 3420 3421
f 2189 3419 2188
f 2189 3418 3419
f 2190 3418 2189
f 2191 3416 3417
f 2191 3417 3418
f 2191 3418 2190
f 2192 3416 2191
f 771 794 3416
f 771 3416 2192
f 3194 721 722
f 3194 2862 721
f 3195 2863 2862
f 3195 2862 3194
f 3196 2864 2863
f 3196 2863 3195
f 3197 2865 2864
f 3197 2864 3196
f 3198 2866 2865
f 3198 2865 3197
f 3199 2867 2866
f 3199 2868 2867
f 3199 2866 3198
f 3200 2868 3199
f 3201 2869 2868
f 3201 2868 3200
f 3202 2870 2869
f 3202 2869 3201
f 3203 2871 2870
f 3203 2870 3202
f 3204 2872 2871
f 3204 2873 2872
f 3204 2871 3203
f 3205 2873 3204
f 3206 2873 3205
f 3206 2874 2873
f 3207 2874 3206
f 3207 2875 2874
f 3208 2875 3207
f 3208 2876 2875
f 3209 2876 3208
f 3209 2877 2876
f 3210 2877 3209
f 3210 2878 2877
f 3210 2879 2878
f 3211 2879 3210
f 3211 2880 2879
f 3212 2880 3211
f 3213 2880 3212
f 3213 2881 2880
f 3214 2881 3213
f 3214 2882 2881
f 3215 2882 3214
f 3215 2883 2882
f 723 2883 3215
f 723 746 2883
f 3172 673 674
f 3172 2840 673
f 3173 2841 2840
f 3173 2840 3172
f 3174 2842 2841
f 3174 2841 3173
f 3175 2843 2842
f 3175 2842 3174
f 3176 2844 2843
f 3176 2843 3175
f 3177 2845 2844
f 3177 2846 2845
f 3177 2844 3176
f 3178 2846 3177
f 3179 2847 2846
f 3179 2846 3178
f 3180 2848 2847
f 3180 2847 3179
f 3181 2849 2848
f 3181 2848 3180
f 3182 2850 2849
f 3182 2851 2850
f 3182 2849 3181
f 3183 2851 3182
f 3184 2851 3183
f 3184 2852 2851
f 3185 2852 3184
f 3185 2853 2852
f 3186 2853 3185
f 3186 2854 2853
f 3187 2854 3186
f 3187 2855 2854
f 3188 2855 3187
f 3188 2856 2855
f 3188 2857 2856
f 3189 2857 3188
f 3189 2858 2857
f 3190 2858 3189
f 3191 2858 3190
f 3191 2859 2858
f 3192 2859 3191
f 3192 2860 2859
f 3193 2860 3192
f 3193 2861 2860
f 675 2861 3193
f 675 698 2861
f 3150 625 626
f 3150 2818 625
f 3151 2819 2818
f 3151 2818 3150
f 3152 2820 2819
f 3152 2819 3151
f 3153 2821 2820
f 3153 2820 3152
f 3154 2822 2821
f 3154 2821 3153
f 3155 2823 2822
f 3155 2824 2823
f 3155 2822 3154
f 3156 2824 3155
f 3157 2825 2824
f 3157 2824 3156
f 3158 2826 2825
f 3158 2825 3157
f 3159 2827 2826
f 3159 2826 3158
f 3160 2828 2827
f 3160 2829 2828
f 3160 2827 3159
f 3161 2829 3160
f 3162 2829 3161
f 3162 2830 2829
f 3163 2830 3162
f 3163 2831 2830
f 3164 2831 3163
f 3164 2832 2831
f 3165 2832 3164
f 3165 2833 2832
f 3166 2833 3165
f 3166 2834 2833
f 3166 2835 2834
f 3167 2835 3166
f 3167 2836 2835
f 3168 2836 3167
f 3169 2836 3168
f 3169 2837 2836
f 3170 2837 3169
f 3170 2838 2837
f 3171 2838 3170
f 3171 2839 2838
f 627 2839 3171
f 627 650 2839
f 3128 577 578
f 3128 2796 577
f 3129 2797 2796
f 3129 2796 3128
f 3130 2798 2797
f 3130 2797 3129
f 3131 2799 2798
f 3131 2798 3130
f 3132 2800 2799
f 3132 2799 3131
f 3133 2801 2800
f 3133 2802 2801
f 3133 2800 3132
f 3134 2802 3133
f 3135 2803 2802
f 3135 2802 3134
f 3136 2804 2803
f 3136 2803 3135
f 3137 2805 2804
f 3137 2804 3136
f 3138 2806 2805
f 3138 2807 2806
f 3138 2805 3137
f 3139 2807 3138
f 3140 2807 3139
f 3140 2808 2807
f 3141 2808 3140
f 3141 2809 2808
f 3142 2809 3141
f 3142 2810 2809
f 3143 2810 3142
f 3143 2811 2810
f 3144 2811 3143
f 3144 2812 2811
f 3144 2813 2812
f 3145 2813 3144
f 3145 2814 2813
f 3146 2814 3145
f 3147 2814 3146
f 3147 2815 2814
f 3148 2815 3147
f 3148 2816 2815
f 3149 2816 3148
f 3149 2817 2816
f 579 2817 3149
f 579 602 2817
f 3106 529 530
f 3106 2774 529
f 3107 2775 2774
f 3107 2774 3106
f 3108 2776 2775
f 3108 2775 3107
f 3109 2777 2776
f 3109 2776 3108
f 3110 2778 2777
f 3110 2777 3109
f 3111 2779 2778
f 3111 2780 2779
f 3111 2778 3110
f 3112 2780 3111
f 3113 2781 2780
f 3113 2780 3112
f 3114 2782 2781
f 3114 2781 3113
f 3115 2783 2782
f 3115 2782 3114
f 3116 2784 2783
f 3116 2785 2784
f 3116 2783 3115
f 3117 2785 3116
f 3118 2785 3117
f 3118 2786 2785
f 3119 2786 3118
f 3119 2787 2786
f 3120 2787 3119
f 3120 2788 2787
f 3121 2788 3120
f 3121 2789 2788
f 3122 2789 3121
f 3122 2790 2789
f 3122 2791 2790
f 3123 2791 3122
f 3123 2792 2791
f 3124 2792 3123
f 3125 2792 3124
f 3125 2793 2792
f 3126 2793 3125
f 3126 2794 2793
f 3127 2794 3126
f 3127 2795 2794
f 531 2795 3127
f 531 554 2795
f 3084 481 482
f 3084 2752 481
f 3085 2753 2752
f 3085 2752 3084
f 3086 2754 2753
f 3086 2753 3085
f 3087 2755 2754
f 3087 2754 3086
f 3088 2756 2755
f 3088 2755 3087
f 3089 2757 2756
f 3089 2758 2757
f 3089 2756 3088
f 3090 2758 3089
f 3091 2759 2758
f 3091 2758 3090
f 3092 2760 2759
f 3092 2759 3091
f 3093 2761 2760
f 3093 2760 3092
f 3094 2762 2761
f 3094 2763 2762
f 3094 2761 3093
f 3095 2763 3094
f 3096 2763 3095
f 3096 2764 2763
f 3097 2764 3096
f 3097 2765 2764
f 3098 2765 3097
f 3098 2766 2765
f 3099 2766 3098
f 3099 2767 2766
f 3100 2767 3099
f 3100 2768 2767
f 3100 2769 2768
f 3101 2769 3100
f 3101 2770 2769
f 3102 2770 3101
f 3103 2770 3102
f 3103 2771 2770
f 3104 2771 3103
f 3104 2772 2771
f 3105 2772 3104
f 3105 2773 2772
f 483 2773 3105
f 483 506 2773
f 3081 433 434
f 3081 3413 433
f 3080 3412 3413
f 3080 3413 3081
f 3079 3411 3412
f 3079 3412 3080
f 3078 3410 3411
f 3078 3411 3079
f 3077 3408 3409
f 3077 3409 3410
f 3077 3410 3078
f 3076 3408 3077
f 3075 3407 3408
f 3075 3408 3076
f 3074 3405 3406
f 3074 3406 3407
f 3074 3407 3075
f 3073 3405 3074
f 3072 3404 3405
f 3072 3405 3073
f 3071 3403 3404
f 3071 3404 3072
f 3070 3403 3071
f 3070 3402 3403
f 3069 3402 3070
f 3069 3401 3402
f 3068 3401 3069
f 3068 3400 3401
f 3067 3400 3068
f 3067 3399 3400
f 3066 3399 3067
f 3066 3397 3398
f 3066 3398 3399
f 3065 3397 3066
f 3064 3397 3065
f 3064 3395 3396
f 3064 3396 3397
f 3063 3395 3064
f 3063 3394 3395
f 3062 3393 3394
f 3062 3394 3063
f 3061 3393 3062
f 3060 3392 3393
f 3060 3393 3061
f 457 458 3392
f 457 3392 3060
f 3059 385 386
f 3059 3391 385
f 3058 3390 3391
f 3058 3391 3059
f 3057 3389 3390
f 3057 3390 3058
f 3056 3388 3389
f 3056 3389 3057
f 3055 3386 3387
f 3055 3387 3388
f 3055 3388 3056
f 3054 3386 3055
f 3053 3385 3386
f 3053 3386 3054
f 3052 3383 3384
f 3052 3384 3385
f 3052 3385 3053
f 3051 3383 3052
f 3050 3382 3383
f 3050 3383 3051
f 3049 3381 3382
f 3049 3382 3050
f 3048 3381 3049
f 3048 3380 3381
f 3047 3380 3048
f 3047 3379 3380
f 3046 3379 3047
f 3046 3378 3379
f 3045 3378 3046
f 3045 3377 3378
f 3044 3377 3045
f 3044 3375 3376
f 3044 3376 3377
f 3043 3375 3044
f 3042 3375 3043
f 3042 3373 3374
f 3042 3374 3375
f 3041 3373 3042
f 3041 3372 3373
f 3040 3371 3372
f 3040 3372 3041
f 3039 3371 3040
f 3038 3370 3371
f 3038 3371 3039
f 409 410 3370
f 409 3370 3038
f 3037 337 338
f 3037 3369 337
f 3036 3368 3369
f 3036 3369 3037
f 3035 3367 3368
f 3035 3368 3036
f 3034 3366 3367
f 3034 3367 3035
f 3033 3364 3365
f 3033 3365 3366
f 3033 3366 3034
f 3032 3364 3033
f 3031 3363 3364
f 3031 3364 3032
f 3030 3361 3362
f 3030 3362 3363
f 3030 3363 3031
f 3029 3361 3030
f 3028 3360 3361
f 3028 3361 3029
f 3027 3359 3360
f 3027 3360 3028
f 3026 3359 3027
f 3026 3358 3359
f 3025 3358 3026
f 3025 3357 3358
f 3024 3357 3025
f 3024 3356 3357
f 3023 3356 3024
f 3023 3355 3356
f 3022 3355 3023
f 3022 3353 3354
f 3022 3354 3355
f 3021 3353 3022
f 3020 3353 3021
f 3020 3351 3352
f 3020 3352 3353
f 3019 3351 3020
f 3019 3350 3351
f 3018 3349 3350
f 3018 3350 3019
f 3017 3349 3018
f 3016 3348 3349
f 3016 3349 3017
f 361 362 3348
f 361 3348 3016
f 3015 289 290
f 3015 3347 289
f 3014 3346 3347
f 3014 3347 3015
f 3013 3345 3346
f 3013 3346 3014
f 3012 3344 3345
f 3012 3345 3013
f 3011 3342 3343
f 3011 3343 3344
f 3011 3344 3012
f 3010 3342 3011
f 3009 3341 3342
f 3009 3342 3010
f 3008 3339 3340
f 3008 3340 3341
f 3008 3341 3009
f 3007 3339 3008
f 3006 3338 3339
f 3006 3339 3007
f 3005 3337 3338
f 3005 3338 3006
f 3004 3337 3005
f 3004 3336 3337
f 3003 3336 3004
f 3003 3335 3336
f 3002 3335 3003
f 3002 3334 3335
f 3001 3334 3002
f 3001 3333 3334
f 3000 3333 3001
f 3000 3331 3332
f 3000 3332 3333
f 2999 3331 3000
f 2998 3331 2999
f 2998 3329 3330
f 2998 3330 3331
f 2997 3329 2998
f 2997 3328 3329
f 2996 3327 3328
f 2996 3328 2997
f 2995 3327 2996
f 2994 3326 3327
f 2994 3327 2995
f 313 314 3326
f 313 3326 2994
f 2993 241 242
f 2993 3325 241
f 2992 3324 3325
f 2992 3325 2993
f 2991 3323 3324
f 2991 3324 2992
f 2990 3322 3323
f 2990 3323 2991
f 2989 3320 3321
f 2989 3321 3322
f 2989 3322 2990
f 2988 3320 2989
f 2987 3319 3320
f 2987 3320 2988
f 2986 3317 3318
f 2986 3318 3319
f 2986 3319 2987
f 2985 3317 2986
f 2984 3316 3317
f 2984 3317 2985
f 2983 3315 3316
f 2983 3316 2984
f 2982 3315 2983
f 2982 3314 3315
f 2981 3314 2982
f 2981 3313 3314
f 2980 3313 2981
f 2980 3312 3313
f 2979 3312 2980
f 2979 3311 3312
f 2978 3311 2979
f 2978 3309 3310
f 2978 3310 3311
f 2977 3309 2978
f 2976 3309 2977
f 2976 3307 3308
f 2976 3308 3309
f 2975 3307 2976
f 2975 3306 3307
f 2974 3305 3306
f 2974 3306 2975
f 2973 3305 2974
f 2972 3304 3305
f 2972 3305 2973
f 265 266 3304
f 265 3304 2972
f 2550 193 194
f 2550 2334 193
f 2551 2335 2334
f 2551 2334 2550
f 2552 2336 2335
f 2552 2335 2551
f 2553 2337 2336
f 2553 2336 2552
f 2554 2338 2337
f 2554 2337 2553
f 2555 2339 2338
f 2555 2340 2339
f 2555 2338 2554
f 2556 2340 2555
f 2557 2341 2340
f 2557 2340 2556
f 2558 2342 2341
f 2558 2341 2557
f 2559 2343 2342
f 2559 2342 2558
f 2560 2344 2343
f 2560 2345 2344
f 2560 2343 2559
f 2561 2345 2560
f 2562 2345 2561
f 2562 2346 2345
f 2563 2346 2562
f 2563 2347 2346
f 2564 2347 2563
f 2564 2348 2347
f 2565 2348 2564
f 2565 2349 2348
f 2566 2349 2565
f 2566 2350 2349
f 2566 2351 2350
f 2567 2351 2566
f 2567 2352 2351
f 2568 2352 2567
f 2569 2352 2568
f 2569 2353 2352
f 2570 2353 2569
f 2570 2354 2353
f 2571 2354 2570
f 2571 2355 2354
f 195 2355 2571
f 195 218 2355
f 2528 145 146
f 2528 2356 145
f 2529 2357 2356
f 2529 2356 2528
f 2530 2358 2357
f 2530 2357 2529
f 2531 2359 2358
f 2531 2358 2530
f 2532 2360 2359
f 2532 2359 2531
f 2533 2361 2360
f 2533 2362 2361
f 2533 2360 2532
f 2534 2362 2533
f 2535 2363 2362
f 2535 2362 2534
f 2536 2364 2363
f 2536 2363 2535
f 2537 2365 2364
f 2537 2364 2536
f 2538 2366 2365
f 2538 2367 2366
f 2538 2365 2537
f 2539 2367 2538
f 2540 2367 2539
f 2540 2368 2367
f 2541 2368 2540
f 2541 2369 2368
f 2542 2369 2541
f 2542 2370 2369
f 2543 2370 2542
f 2543 2371 2370
f 2544 2371 2543
f 2544 2372 2371
f 2544 2373 2372
f 2545 2373 2544
f 2545 2374 2373
f 2546 2374 2545
f 2547 2374 2546
f 2547 2375 2374
f 2548 2375 2547
f 2548 2376 2375
f 2549 2376 2548
f 2549 2377 2376
f 147 2377 2549
f 147 170 2377
f 2506 97 98
f 2506 2378 97
f 2507 2379 2378
f 2507 2378 2506
f 2508 2380 2379
f 2508 2379 2507
f 2509 2381 2380
f 2509 2380 2508
f 2510 2382 2381
f 2510 2381 2509
f 2511 2383 2382
f 2511 2384 2383
f 2511 2382 2510
f 2512 2384 2511
f 2513 2385 2384
f 2513 2384 2512
f 2514 2386 2385
f 2514 2385 2513
f 2515 2387 2386
f 2515 2386 2514
f 2516 2388 2387
f 2516 2389 2388
f 2516 2387 2515
f 2517 2389 2516
f 2518 2389 2517
f 2518 2390 2389
f 2519 2390 2518
f 2519 2391 2390
f 2520 2391 2519
f 2520 2392 2391
f 2521 2392 2520
f 2521 2393 2392
f 2522 2393 2521
f 2522 2394 2393
f 2522 2395 2394
f 2523 2395 2522
f 2523 2396 2395
f 2524 2396 2523
f 2525 2396 2524
f 2525 2397 2396
f 2526 2397 2525
f 2526 2398 2397
f 2527 2398 2526
f 2527 2399 2398
f 99 2399 2527
f 99 122 2399
f 2484 49 50
f 2484 2400 49
f 2485 2401 2400
f 2485 2400 2484
f 2486 2402 2401
f 2486 2401 2485
f 2487 2403 2402
f 2487 2402 2486
f 2488 2404 2403
f 2488 2403 2487
f 2489 2405 2404
f 2489 2406 2405
f 2489 2404 2488
f 2490 2406 2489
f 2491 2407 2406
f 2491 2406 2490
f 2492 2408 2407
f 2492 2407 2491
f 2493 2409 2408
f 2493 2408 2492
f 2494 2410 2409
f 2494 2411 2410
f 2494 2409 2493
f 2495 2411 2494
f 2496 2411 2495
f 2496 2412 2411
f 2497 2412 2496
f 2497 2413 2412
f 2498 2413 2497
f 2498 2414 2413
f 2499 2414 2498
f 2499 2415 2414
f 2500 2415 2499
f 2500 2416 2415
f 2500 2417 2416
f 2501 2417 2500
f 2501 2418 2417
f 2502 2418 2501
f 2503 2418 2502
f 2503 2419 2418
f 2504 2419 2503
f 2504 2420 2419
f 2505 2420 2504
f 2505 2421 2420
f 51 2421 2505
f 51 74 2421
f 2462 1 2
f 2462 2422 1
f 2463 2423 2422
f 2463 2422 2462
f 2464 2424 2423
f 2464 2423 2463
f 2465 2425 2424
f 2465 2424 2464
f 2466 2426 2425
f 2466 2425 2465
f 2467 2427 2426
f 2467 2428 2427
f 2467 2426 2466
f 2468 2428 2467
f 2469 2429 2428
f 2469 2428 2468
f 2470 2430 2429
f 2470 2429 2469
f 2471 2431 2430
f 2471 2430 2470
f 2472 2432 2431
f 2472 2433 2432
f 2472 2431 2471
f 2473 2433 2472
f 2474 2433 2473
f 2474 2434 2433
f 2475 2434 2474
f 2475 2435 2434
f 2476 2435 2475
f 2476 2436 2435
f 2477 2436 2476
f 2477 2437 2436
f 2478 2437 2477
f 2478 2438 2437
f 2478 2439 2438
f 2479 2439 2478
f 2479 2440 2439
f 2480 2440 2479
f 2481 2440 2480
f 2481 2441 2440
f 2482 2441 2481
f 2482 2442 2441
f 2483 2442 2482
f 2483 2443 2442
f 3 2443 2483
f 3 26 2443
f 2319 2321 2454
f 2319 2454 2453
f 3613 2319 2453
f 3612 3613 2453
f 3611 3612 2453
f 3610 3611 2453
f 3609 3610 2453
f 3608 3609 2453
f 3607 3608 2453
f 3606 3607 2453
f 3605 3606 2453
f 3604 3605 2453
f 3603 3604 2453
f 2572 3603 2453
f 3600 3601 3602
f 3600 3602 2573
f 3597 3598 3599
f 3596 3599 3600
f 3596 3597 3599
f 3593 3594 3595
f 3593 3595 3596
f 3593 3600 2573
f 3593 3596 3600
f 3592 2573 2572
f 3592 3593 2573
f 2453 3592 2572
f 3635 3415 3414
f 3624 3634 3635
f 3624 3635 3414
f 3625 3633 3634
f 3625 3634 3624
f 3632 3633 3625
f 3626 3632 3625
f 3631 3632 3626
f 3627 3631 3626
f 2222 3630 3631
f 2222 3631 3627
f 3629 3630 2222
f 2228 3628 3629
f 2228 3629 2222
f 2446 3628 2228
f 2227 2446 2228
f 2447 2446 2227
f 2226 2447 2227
f 2448 2447 2226
f 2225 2448 2226
f 2449 2448 2225
f 2224 2449 2225
f 3617 2449 2224
f 2450 2449 3617
f 3618 2450 3617
f 3619 2450 3618
f 3620 2450 3619
f 3621 2450 3620
f 3622 2450 3621
f 3623 2450 3622
f 2451 2450 3623
f 2451 3623 2579
f 3615 2577 3614
f 3616 2577 3615
f 2583 2579 2577
f 2583 2451 2579
f 2583 2577 3616
f 2582 2451 2583
f 2582 2452 2451
f 3637 2452 2582
f 3637 2453 2452
f 3638 2453 3637
f 3639 2453 3638
f 3640 2453 3639
f 3636 2453 3640
f 3592 2453 3636
f 2321 2455 2454
f 2332 2456 2455
f 2332 2455 2321
f 2331 2457 2456
f 2331 2456 2332
f 2330 2458 2457
f 2330 2457 2331
f 2329 2459 2458
f 2329 2458 2330
f 2328 2460 2459
f 2328 2459 2329
f 2327 2461 2460
f 2327 2460 2328
f 2326 3645 3646
f 2326 3646 2461
f 2326 2461 2327
f 2325 3644 3645
f 2325 3645 2326
f 2324 3642 3643
f 2324 3643 3644
f 2324 3644 2325
f 2323 3641 3642
f 2323 3642 2324
f 2322 3082 3641
f 2322 3641 2323
f 3083 3082 2322
f 2575 3603 2572
f 2639 3604 3603
f 2639 3603 2575
f 2638 3605 3604
f 2638 3604 2639
f 2637 3606 3605
f 2637 3605 2638
f 2636 3607 3606
f 2636 3606 2637
f 2635 3608 3607
f 2635 3607 2636
f 2634 3609 3608
f 2634 3608 2635
f 2633 3610 3609
f 2633 3609 2634
f 2632 3611 3610
f 2632 3610 2633
f 2631 3612 3611
f 2631 3611 2632
f 2630 3613 3612
f 2630 3612 2631
f 2629 2319 3613
f 2629 3613 2630
f 2320 2319 2629
f 2249 2703 2702
f 2248 2704 2703
f 2248 2703 2249
f 2247 2705 2704
f 2247 2704 2248
f 2246 2706 2705
f 2246 2705 2247
f 2245 2707 2706
f 2245 2706 2246
f 2244 2708 2707
f 2244 2707 2245
f 2243 2709 2708
f 2243 2708 2244
f 2242 2710 2709
f 2242 2709 2243
f 2241 2711 2710
f 2241 2710 2242
f 2240 2712 2711
f 2240 2711 2241
f 2239 2713 2712
f 2239 2712 2240
f 2238 2713 2239
f 2237 2714 2713
f 2237 2713 2238
f 3415 2741 2740
f 3635 2742 2741
f 3635 2741 3415
f 3634 2743 2742
f 3634 2742 3635
f 3633 2744 2743
f 3633 2745 2744
f 3633 2743 3634
f 3632 2746 2745
f 3632 2745 3633
f 3631 2747 2746
f 3631 2748 2747
f 3631 2746 3632
f 3630 2749 2748
f 3630 2748 3631
f 3629 2750 2749
f 3629 2749 3630
f 3628 2751 2750
f 3628 2750 3629
f 2446 2444 2751
f 2446 2751 3628
f 2262 2717 2716
f 2261 2718 2717
f 2261 2717 2262
f 2260 2719 2718
f 2260 2718 2261
f 2259 2720 2719
f 2259 2719 2260
f 2258 2721 2720
f 2258 2720 2259
f 2257 2722 2721
f 2257 2721 2258
f 2256 2723 2722
f 2256 2722 2257
f 2255 2724 2723
f 2255 2723 2256
f 2254 2725 2724
f 2254 2724 2255
f 2253 2726 2725
f 2253 2725 2254
f 2252 2727 2726
f 2252 2726 2253
f 2251 2727 2252
f 2250 2715 2727
f 2250 2727 2251
f 2461 2729 2445
f 3646 2730 2729
f 3646 2729 2461
f 3645 2731 2730
f 3645 2730 3646
f 3644 2732 2731
f 3644 2733 2732
f 3644 2731 3645
f 3643 2734 2733
f 3643 2735 2734
f 3643 2733 3644
f 3642 2736 2735
f 3642 2737 2736
f 3642 2735 3643
f 3641 2738 2737
f 3641 2739 2738
f 3641 2737 3642
f 3082 2728 2739
f 3082 2739 3641
f 2666 1469 2300
f 2666 1468 1469
f 2667 2300 2299
f 2667 2666 2300
f 2668 2299 2298
f 2668 2667 2299
f 2669 2298 2297
f 2669 2668 2298
f 2670 2297 2296
f 2670 2669 2297
f 2671 2296 2295
f 2671 2670 2296
f 2672 2295 2294
f 2672 2671 2295
f 2673 2294 2293
f 2673 2672 2294
f 2674 2293 2292
f 2674 2673 2293
f 2675 2292 2291
f 2675 2674 2292
f 2676 2291 2290
f 2676 2675 2291
f 2665 2290 2289
f 2665 2676 2290
f 2654 2288 2287
f 2654 2653 2288
f 2655 2287 2286
f 2655 2654 2287
f 2656 2286 2285
f 2656 2655 2286
f 2657 2285 2284
f 2657 2656 2285
f 2658 2284 2283
f 2658 2657 2284
f 2659 2283 2282
f 2659 2658 2283
f 2660 2282 2281
f 2660 2659 2282
f 2661 2281 2280
f 2661 2660 2281
f 2662 2280 2279
f 2662 2661 2280
f 2663 2279 2278
f 2663 2662 2279
f 2664 2278 2277
f 2664 2663 2278
f 2652 2277 2276
f 2652 2664 2277
f 2640 2275 2274
f 2641 2274 2273
f 2641 2640 2274
f 2642 2273 2272
f 2642 2641 2273
f 2643 2272 2271
f 2643 2642 2272
f 2644 2271 2270
f 2644 2643 2271
f 2645 2270 2269
f 2645 2644 2270
f 2646 2269 2268
f 2646 2645 2269
f 2647 2268 2267
f 2647 2646 2268
f 2648 2267 2266
f 2648 2647 2267
f 2649 2266 2265
f 2649 2648 2266
f 3083 2264 2263
f 2650 2265 2264
f 2650 2649 2265
f 2651 2650 2264
f 2651 2264 3083
f 2333 3083 2322
f 2333 2651 3083
f 2579 2596 2578
f 3623 2597 2596
f 3623 2598 2597
f 3623 2596 2579
f 3622 2599 2598
f 3622 2600 2599
f 3622 2598 3623
f 3621 2601 2600
f 3621 2600 3622
f 3620 2602 2601
f 3620 2601 3621
f 3619 2603 2602
f 3619 2602 3620
f 3618 2604 2603
f 3618 2605 2604
f 3618 2603 3619
f 3617 2606 2605
f 3617 2605 3618
f 2224 2229 2606
f 2224 2606 3617
f 2594 3414 2595
f 2593 3624 3414
f 2593 3414 2594
f 2592 3624 2593
f 2591 3624 2592
f 2590 3625 3624
f 2590 3624 2591
f 2589 3625 2590
f 2588 3625 2589
f 2587 3626 3625
f 2587 3625 2588
f 2586 3626 2587
f 2585 3627 3626
f 2585 3626 2586
f 2584 2222 3627
f 2584 3627 2585
f 2223 2222 2584
f 2231 2696 2701
f 2232 2701 2700
f 2232 2231 2701
f 2233 2700 2699
f 2233 2232 2700
f 2234 2699 2698
f 2234 2233 2699
f 2235 2698 2697
f 2235 2234 2698
f 2236 2235 2697
f 2612 2611 3636
f 2612 3636 3640
f 2613 3640 3639
f 2613 2612 3640
f 2614 2613 3639
f 2615 3639 3638
f 2615 2614 3639
f 2616 3638 3637
f 2616 2615 3638
f 2617 3637 2582
f 2617 2616 3637
f 2580 2617 2582
f 2618 2574 2573
f 2618 2573 3602
f 2619 3602 3601
f 2619 2618 3602
f 2620 3601 3600
f 2620 2619 3601
f 2621 3600 3599
f 2621 2620 3600
f 2622 3599 3598
f 2622 2621 3599
f 2623 3598 3597
f 2623 2622 3598
f 2624 3597 3596
f 2624 2623 3597
f 2625 3596 3595
f 2625 2624 3596
f 2626 3595 3594
f 2626 2625 3595
f 2627 3594 3593
f 2627 2626 3594
f 2628 3593 3592
f 2628 2627 3593
f 2611 3592 3636
f 2611 2628 3592
f 2607 2581 2583
f 2607 2583 3616
f 2608 3616 3615
f 2608 2607 3616
f 2609 3615 3614
f 2609 2608 3615
f 2610 3614 2577
f 2610 2609 3614
f 2576 2610 2577
f 1932 1933 2688
f 2301 2688 2687
f 2301 1932 2688
f 2302 2687 2686
f 2302 2301 2687
f 2303 2686 2685
f 2303 2302 2686
f 2304 2685 2684
f 2304 2303 2685
f 2305 2684 2683
f 2305 2304 2684
f 2306 2683 2682
f 2306 2305 2683
f 2307 2682 2681
f 2307 2306 2682
f 2308 2681 2680
f 2308 2307 2681
f 2309 2680 2679
f 2309 2308 2680
f 2310 2679 2678
f 2310 2309 2679
f 2311 2678 2677
f 2311 2310 2678
f 2312 2311 2677
f 2689 2230 2318
f 2690 2318 2317
f 2690 2689 2318
f 2691 2317 2316
f 2691 2690 2317
f 2692 2316 2315
f 2692 2691 2316
f 2693 2315 2314
f 2693 2692 2315
f 2694 2693 2314
f 2695 2314 2313
f 2695 2694 2314
f 2677 2313 2312
f 2677 2695 2313
f 3650 3653 3654
f 3650 3654 3655
f 3650 3655 3656
f 3650 3656 3651
f 3647 3649 3648
f 3660 3661 3662
f 3659 3662 3663
f 3659 3663 3652
f 3659 3660 3662
f 3658 3659 3652
f 3668 3647 3670
f 3668 3649 3647
f 3657 3652 3653
f 3657 3653 3650
f 3657 3658 3652
f 3664 3650 3649
f 3664 3657 3650
f 3669 3649 3668
f 3669 3664 3649
f 3666 3664 3669
f 3667 3666 3669
f 3665 3664 3666
f 3678 3684 3683
f 3671 3685 3684
f 3671 3648 3685
f 3671 3684 3678
f 3676 3678 3679
f 3676 3679 3680
f 3676 3680 3681
f 3676 3681 3682
f 3676 3682 3677
f 3672 3670 3671
f 3672 3678 3676
f 3672 3671 3678
f 3674 3675 3672
f 3673 3672 3676
f 3673 3674 3672
f 3695 3691 3692
f 3695 3692 3693
f 3694 3695 3693
f 3689 3693 3690
f 3687 3689 3688
f 3687 3694 3693
f 3687 3693 3689
f 3697 3698 3699
f 3697 3699 3696
f 3700 3696 3694
f 3700 3694 3687
f 3700 3697 3696
f 3701 3700 3687
f 3686 3701 3687
f 3683 3686 3687
f 3685 3701 3686
f 3717 3719 3718
f 3702 3720 3719
f 3702 3690 3720
f 3709 3715 3716
f 3709 3716 3708
f 3710 3712 3713
f 3710 3713 3714
f 3710 3714 3715
f 3710 3715 3709
f 3703 3688 3702
f 3703 3719 3717
f 3703 3702 3719
f 3711 3717 3712
f 3711 3712 3710
f 3711 3703 3717
f 3705 3703 3711
f 3707 3705 3706
f 3704 3705 3707
f 3704 3703 3705
f 3727 3729 3730
f 3727 3730 3731
f 3727 3731 3732
f 3727 3732 3733
f 3727 3733 3728
f 3724 3726 3725
f 3739 3740 3741
f 3739 3741 3742
f 3738 3742 3734
f 3738 3739 3742
f 3737 3738 3734
f 3736 3734 3735
f 3736 3737 3734
f 3743 3735 3729
f 3743 3729 3727
f 3743 3736 3735
f 3723 3724 3722
f 3723 3727 3726
f 3723 3726 3724
f 3723 3743 3727
f 3721 3743 3723
f 3718 3721 3723
f 3720 3743 3721
f 3760 3767 3766
f 3753 3763 3764
f 3753 3764 3765
f 3753 3765 3752
f 3755 3753 3754
f 3755 3760 3761
f 3755 3761 3762
f 3755 3762 3763
f 3755 3763 3753
f 3744 3768 3767
f 3744 3725 3768
f 3756 3767 3760
f 3756 3744 3767
f 3756 3760 3755
f 3745 3722 3744
f 3745 3744 3756
f 3746 3745 3756
f 3757 3750 3751
f 3757 3751 3746
f 3757 3746 3756
f 3749 3750 3757
f 3759 3757 3758
f 3759 3749 3757
f 3748 3749 3759
f 3747 3748 3759
f 3774 3777 3778
f 3774 3778 3779
f 3774 3779 3780
f 3774 3780 3775
f 3771 3773 3772
f 3784 3785 3786
f 3783 3786 3787
f 3783 3787 3776
f 3783 3784 3786
f 3782 3783 3776
f 3781 3776 3777
f 3781 3777 3774
f 3781 3782 3776
f 3770 3771 3769
f 3770 3774 3773
f 3770 3773 3771
f 3770 3781 3774
f 3788 3781 3770
f 3789 3788 3770
f 3766 3789 3770
f 3768 3788 3789
f 3807 3808 3806
f 3805 3808 3807
f 3772 3809 3808
f 3790 3772 3808
f 3790 3808 3805
f 3796 3804 3795
f 3798 3796 3797
f 3798 3803 3804
f 3798 3804 3796
f 3799 3805 3803
f 3799 3790 3805
f 3799 3803 3798
f 3802 3800 3801
f 3791 3769 3790
f 3791 3799 3800
f 3791 3790 3799
f 3791 3800 3802
f 3793 3794 3791
f 3793 3791 3802
f 3792 3793 3802
f 3818 3826 3817
f 3825 3826 3818
f 3816 3818 3819
f 3816 3825 3818
f 3824 3825 3816
f 3823 3824 3816
f 3822 3823 3816
f 3814 3816 3815
f 3832 3820 3821
f 3830 3831 3832
f 3830 3832 3821
f 3829 3830 3821
f 3828 3829 3821
f 3811 3814 3813
f 3811 3816 3814
f 3811 3822 3816
f 3827 3828 3821
f 3844 3821 3845
f 3846 3845 3821
f 3846 3821 3822
f 3843 3821 3844
f 3847 3846 3822
f 3842 3821 3843
f 3848 3847 3822
f 3841 3827 3821
f 3841 3821 3842
f 3849 3848 3822
f 3840 3827 3841
f 3850 3849 3822
f 3839 3827 3840
f 3851 3850 3822
f 3838 3827 3839
f 3852 3822 3811
f 3852 3851 3822
f 3837 3827 3838
f 3853 3852 3811
f 3836 3827 3837
f 3854 3853 3811
f 3835 3827 3836
f 3855 3854 3811
f 3834 3827 3835
f 3856 3855 3811
f 3833 3827 3834
f 3869 3859 3858
f 3869 3860 3859
f 3869 3861 3860
f 3869 3862 3861
f 3869 3863 3862
f 3869 3864 3863
f 3869 3865 3864
f 3869 3866 3865
f 3869 3867 3866
f 3869 3868 3867
f 3812 3857 3856
f 3812 3858 3857
f 3812 3856 3811
f 3812 3869 3858
f 3810 3869 3812
f 3806 3810 3812
f 3809 3869 3810
f 3885 3887 3886
f 3870 3888 3887
f 3870 3815 3888
f 3870 3887 3885
f 3877 3883 3884
f 3877 3884 3876
f 3878 3880 3881
f 3878 3881 3882
f 3878 3882 3883
f 3878 3883 3877
f 3871 3813 3870
f 3871 3870 3885
f 3879 3885 3880
f 3879 3880 3878
f 3879 3871 3885
f 3873 3871 3879
f 3875 3873 3874
f 3872 3873 3875
f 3872 3871 3873
f 3892 3896 3897
f 3892 3897 3898
f 3892 3898 3899
f 3892 3899 3900
f 3892 3900 3901
f 3892 3901 3902
f 3892 3902 3893
f 3895 3896 3892
f 3891 3895 3892
f 3889 3891 3890
f 3889 3895 3891
f 3905 3906 3907
f 3905 3907 3908
f 3905 3908 3909
f 3904 3909 3894
f 3904 3905 3909
f 3903 3904 3894
f 3910 3894 3895
f 3910 3903 3894
f 3911 3895 3889
f 3911 3910 3895
f 3886 3889 3912
f 3886 3911 3889
f 3888 3910 3911
f 3923 3926 3925
f 3890 3927 3926
f 3913 3890 3926
f 3920 3923 3924
f 3920 3924 3919
f 3921 3923 3920
f 3915 3912 3913
f 3915 3913 3926
f 3922 3926 3923
f 3922 3923 3921
f 3922 3915 3926
f 3916 3915 3922
f 3918 3916 3917
f 3918 3915 3916
f 3914 3915 3918
f 3934 3937 3938
f 3934 3938 3939
f 3934 3939 3940
f 3934 3940 3935
f 3931 3933 3932
f 3944 3945 3946
f 3943 3946 3947
f 3943 3947 3936
f 3943 3944 3946
f 3942 3943 3936
f 3941 3936 3937
f 3941 3937 3934
f 3941 3942 3936
f 3930 3931 3929
f 3930 3934 3933
f 3930 3933 3931
f 3930 3941 3934
f 3948 3941 3930
f 3928 3948 3930
f 3925 3928 3930
f 3927 3948 3928
f 3963 3965 3964
f 3955 3961 3962
f 3955 3962 3954
f 3956 3958 3959
f 3956 3959 3960
f 3956 3960 3961
f 3956 3961 3955
f 3932 3966 3965
f 3949 3932 3965
f 3957 3963 3958
f 3957 3965 3963
f 3957 3958 3956
f 3957 3949 3965
f 3951 3949 3957
f 3953 3951 3952
f 3950 3929 3949
f 3950 3949 3951
f 3950 3951 3953
f 3983 3986 3987
f 3983 3987 3984
f 3982 3986 3983
f 3981 3986 3982
f 3980 3986 3981
f 3979 3986 3980
f 3978 3986 3979
f 3977 3986 3978
f 3969 3971 3970
f 3969 3972 3971
f 3969 3973 3972
f 3969 3974 3973
f 3967 3969 3968
f 3991 3992 3993
f 3991 3993 3994
f 3990 3994 3985
f 3990 3991 3994
f 3989 3990 3985
f 3988 3985 3986
f 3988 3986 3977
f 3988 3989 3985
f 3995 3975 3974
f 3995 3976 3975
f 3995 3977 3976
f 3995 3974 3969
f 3995 3988 3977
f 3996 3967 3998
f 3996 3969 3967
f 3996 3995 3969
f 3964 3997 3996
f 3964 3996 3998
f 3966 3996 3997
f 4011 4013 4012
f 4011 3999 4013
f 4000 3968 3999
f 4000 3999 4011
f 4005 4006 4007
f 4005 4007 4008
f 4005 4008 4009
f 4005 4009 4010
f 4001 3998 4000
f 4001 4011 4006
f 4001 4000 4011
f 4003 4004 4001
f 4002 4006 4005
f 4002 4001 4006
f 4002 4003 4001
f 4020 4024 4025
f 4020 4025 4021
f 4023 4024 4020
f 4017 4019 4018
f 4026 4022 4023
f 4026 4027 4028
f 4026 4028 4022
f 4029 4026 4023
f 4034 4029 4023
f 4034 4033 4029
f 4032 4029 4033
f 4035 4034 4023
f 4031 4029 4032
f 4036 4035 4023
f 4030 4029 4031
f 4037 4036 4023
f 4038 4037 4023
f 4039 4038 4023
f 4040 4039 4023
f 4016 4017 4015
f 4016 4020 4019
f 4016 4041 4040
f 4016 4042 4041
f 4016 4043 4042
f 4016 4044 4043
f 4016 4045 4044
f 4016 4023 4020
f 4016 4019 4017
f 4016 4040 4023
f 4049 4046 4045
f 4049 4047 4046
f 4049 4048 4047
f 4049 4045 4016
f 4014 4049 4016
f 4012 4014 4016
f 3999 4049 4014
f 4065 4067 4066
f 4065 4068 4067
f 4054 4062 4063
f 4054 4063 4064
f 4054 4064 4053
f 4055 4061 4062
f 4055 4062 4054
f 4056 4060 4061
f 4056 4065 4060
f 4056 4061 4055
f 4018 4068 4065
f 4050 4018 4065
f 4052 4015 4050
f 4052 4065 4056
f 4052 4050 4065
f 4057 4052 4056
f 4051 4057 4058
f 4051 4058 4059
f 4051 4052 4057
f 4075 4079 4080
f 4075 4080 4076
f 4078 4079 4075
f 4074 4078 4075
f 4072 4074 4073
f 4081 4077 4078
f 4081 4082 4083
f 4081 4083 4077
f 4084 4081 4078
f 4085 4078 4074
f 4085 4084 4078
f 4070 4072 4071
f 4070 4074 4072
f 4070 4085 4074
f 4069 4085 4070
f 4066 4069 4070
f 4068 4085 4069
f 4096 4099 4098
f 4073 4100 4099
f 4086 4073 4099
f 4093 4096 4097
f 4093 4097 4092
f 4094 4096 4093
f 4088 4071 4086
f 4088 4086 4099
f 4095 4099 4096
f 4095 4096 4094
f 4095 4088 4099
f 4089 4088 4095
f 4091 4089 4090
f 4091 4088 4089
f 4087 4088 4091
f 4106 4110 4107
f 4109 4110 4106
f 4105 4109 4106
f 4103 4105 4104
f 4102 4105 4103
f 4111 4112 4113
f 4111 4113 4108
f 4114 4108 4109
f 4114 4109 4105
f 4114 4111 4108
f 4115 4114 4105
f 4101 4115 4105
f 4098 4105 4102
f 4098 4101 4105
f 4100 4115 4101
f 4134 4137 4133
f 4126 4135 4136
f 4126 4136 4125
f 4128 4126 4127
f 4128 4134 4135
f 4128 4137 4134
f 4128 4135 4126
f 4116 4138 4137
f 4116 4104 4138
f 4129 4137 4128
f 4129 4116 4137
f 4117 4102 4116
f 4117 4116 4129
f 4124 4117 4129
f 4130 4122 4123
f 4130 4123 4124
f 4130 4124 4129
f 4121 4122 4130
f 4132 4130 4131
f 4120 4121 4130
f 4120 4130 4132
f 4119 4120 4132
f 4118 4119 4132
f 4142 4147 4144
f 4146 4147 4142
f 4172 4171 4142
f 4170 4142 4171
f 4173 4172 4142
f 4169 4142 4170
f 4174 4173 4142
f 4168 4142 4169
f 4175 4174 4142
f 4167 4142 4168
f 4176 4175 4142
f 4166 4142 4167
f 4177 4176 4142
f 4165 4142 4166
f 4165 4146 4142
f 4164 4146 4165
f 4163 4146 4164
f 4162 4146 4163
f 4161 4146 4162
f 4160 4146 4161
f 4159 4146 4160
f 4143 4178 4177
f 4143 4179 4178
f 4143 4180 4179
f 4143 4181 4180
f 4143 4182 4181
f 4143 4183 4182
f 4143 4184 4183
f 4143 4185 4184
f 4143 4186 4185
f 4143 4187 4186
f 4143 4188 4187
f 4143 4189 4188
f 4143 4190 4189
f 4143 4191 4190
f 4143 4192 4191
f 4143 4193 4192
f 4143 4194 4193
f 4140 4143 4141
f 4139 4143 4140
f 4218 4217 4146
f 4218 4159 4158
f 4218 4146 4159
f 4216 4146 4217
f 4219 4158 4157
f 4219 4218 4158
f 4215 4146 4216
f 4220 4157 4156
f 4220 4219 4157
f 4214 4146 4215
f 4221 4156 4155
f 4221 4220 4156
f 4213 4146 4214
f 4222 4155 4154
f 4222 4221 4155
f 4212 4146 4213
f 4223 4154 4199
f 4223 4222 4154
f 4224 4223 4199
f 4224 4199 4198
f 4225 4224 4198
f 4225 4198 4197
f 4226 4225 4197
f 4226 4197 4196
f 4227 4226 4196
f 4227 4196 4195
f 4228 4195 4194
f 4228 4227 4195
f 4229 4194 4143
f 4229 4228 4194
f 4230 4143 4139
f 4230 4229 4143
f 4231 4230 4139
f 4232 4231 4139
f 4233 4232 4139
f 4234 4233 4139
f 4145 4205 4204
f 4145 4206 4205
f 4145 4207 4206
f 4145 4208 4207
f 4145 4209 4208
f 4145 4210 4209
f 4145 4211 4210
f 4145 4212 4211
f 4145 4146 4212
f 4148 4145 4204
f 4148 4149 4150
f 4148 4150 4145
f 4148 4204 4203
f 4151 4244 4243
f 4151 4245 4244
f 4151 4200 4245
f 4151 4148 4203
f 4151 4201 4200
f 4151 4202 4201
f 4151 4203 4202
f 4152 4240 4239
f 4152 4241 4240
f 4152 4242 4241
f 4152 4243 4242
f 4152 4151 4243
f 4153 4239 4238
f 4153 4152 4239
f 4133 4238 4237
f 4133 4153 4238
f 4133 4234 4139
f 4133 4235 4234
f 4133 4236 4235
f 4133 4237 4236
f 4138 4152 4153
f 4143 4177 4142
f 4264 4267 4263
f 4260 4265 4266
f 4260 4266 4259
f 4261 4265 4260
f 4254 4261 4262
f 4254 4264 4265
f 4254 4267 4264
f 4254 4265 4261
f 4246 4268 4267
f 4246 4141 4268
f 4248 4139 4246
f 4248 4246 4267
f 4255 4267 4254
f 4255 4248 4267
f 4247 4248 4255
f 4256 4252 4253
f 4256 4253 4247
f 4256 4247 4255
f 4251 4252 4256
f 4258 4256 4257
f 4258 4251 4256
f 4250 4251 4258
f 4249 4250 4258
f 4272 4277 4274
f 4276 4277 4272
f 4273 4276 4272
f 4270 4273 4271
f 4269 4273 4270
f 4278 4279 4280
f 4278 4280 4275
f 4281 4275 4276
f 4281 4276 4273
f 4281 4278 4275
f 4282 4281 4273
f 4283 4273 4269
f 4283 4282 4273
f 4263 4283 4269
f 4268 4282 4283
f 4291 4296 4295
f 4271 4297 4296
f 4284 4296 4291
f 4284 4271 4296
f 4290 4292 4293
f 4290 4293 4294
f 4289 4269 4284
f 4289 4291 4292
f 4289 4284 4291
f 4288 4292 4290
f 4288 4289 4292
f 4285 4286 4287
f 4285 4287 4288
f 4285 4288 4290
f 4312 4306 4307
f 4311 4307 4305
f 4311 4312 4307
f 4304 4311 4305
f 4310 4311 4304
f 4303 4310 4304
f 4321 4308 4309
f 4301 4303 4302
f 4320 4321 4309
f 4319 4320 4309
f 4318 4319 4309
f 4317 4318 4309
f 4316 4317 4309
f 4315 4309 4310
f 4315 4316 4309
f 4300 4301 4299
f 4300 4310 4303
f 4300 4303 4301
f 4300 4315 4310
f 4314 4315 4300
f 4313 4314 4300
f 4298 4313 4300
f 4295 4298 4300
f 4297 4313 4298
f 4329 4334 4328
f 4323 4302 4322
f 4323 4322 4334
f 4323 4334 4329
f 4327 4330 4331
f 4327 4331 4332
f 4327 4332 4333
f 4326 4299 4323
f 4326 4329 4330
f 4326 4323 4329
f 4324 4325 4326
f 4324 4330 4327
f 4324 4326 4330
f 4341 4345 4346
f 4341 4346 4342
f 4344 4345 4341
f 4356 4357 4341
f 4358 4341 4357
f 4355 4356 4341
f 4359 4341 4358
f 4354 4355 4341
f 4360 4341 4359
f 4361 4341 4360
f 4362 4344 4341
f 4362 4341 4361
f 4340 4352 4353
f 4340 4353 4354
f 4340 4354 4341
f 4351 4352 4340
f 4363 4344 4362
f 4396 4351 4340
f 4364 4344 4363
f 4395 4396 4340
f 4365 4344 4364
f 4394 4395 4340
f 4366 4344 4365
f 4338 4340 4339
f 4393 4394 4340
f 4367 4344 4366
f 4392 4393 4340
f 4347 4343 4344
f 4347 4348 4349
f 4347 4349 4343
f 4368 4344 4367
f 4391 4392 4340
f 4390 4391 4340
f 4390 4340 4338
f 4389 4390 4338
f 4388 4389 4338
f 4388 4338 4336
f 4387 4388 4336
f 4386 4387 4336
f 4337 4374 4375
f 4337 4375 4376
f 4337 4376 4377
f 4337 4377 4378
f 4337 4378 4379
f 4337 4379 4380
f 4337 4380 4381
f 4337 4381 4382
f 4337 4382 4383
f 4337 4383 4384
f 4337 4384 4385
f 4337 4385 4386
f 4337 4386 4336
f 4350 4347 4344
f 4350 4344 4368
f 4350 4368 4369
f 4350 4369 4370
f 4350 4370 4371
f 4350 4371 4372
f 4350 4372 4373
f 4350 4373 4374
f 4350 4374 4337
f 4335 4350 4337
f 4328 4335 4337
f 4322 4350 4335
f 4408 4410 4407
f 4339 4411 4410
f 4397 4339 4410
f 4404 4408 4409
f 4404 4409 4403
f 4405 4408 4404
f 4399 4336 4397
f 4399 4397 4410
f 4406 4410 4408
f 4406 4408 4405
f 4406 4399 4410
f 4400 4399 4406
f 4402 4400 4401
f 4402 4399 4400
f 4398 4399 4402
f 4422 4423 4417
f 4421 4422 4417
f 4420 4421 4417
f 4419 4417 4416
f 4419 4420 4417
f 4418 4416 4413
f 4418 4419 4416
f 4414 4418 4413
f 4415 4418 4414
f 4412 4418 4415
f 4407 4412 4415
f 4411 4418 4412
f 4425 3665 4424
f 4431 4424 3667
f 4427 4431 4432
f 4428 4424 4431
f 4428 4425 4424
f 4428 4431 4427
f 4429 4425 4428
f 4426 4429 4430
f 4426 4425 4429
f 4479 4478 4475
f 4479 4475 4474
f 4476 4475 4478
f 4470 4479 4474
f 4471 4479 4470
f 4472 4479 4471
f 4473 4479 4472
f 4466 4479 4473
f 4466 4482 4479
f 4467 4482 4466
f 4467 4481 4482
f 4477 4476 4478
f 4468 4481 4467
f 4468 4480 4481
f 4469 4480 4468
f 4469 4485 4480
f 4460 4483 4484
f 4460 4484 4485
f 4460 4485 4469
f 4461 4483 4460
f 4461 4490 4483
f 4530 4523 4524
f 4462 4488 4489
f 4462 4489 4490
f 4462 4490 4461
f 4533 4530 4524
f 4463 4487 4488
f 4463 4488 4462
f 4532 4533 4524
f 4532 4524 4525
f 4464 4486 4487
f 4464 4487 4463
f 4531 4532 4525
f 4531 4525 4526
f 4465 4493 4494
f 4465 4494 4486
f 4465 4486 4464
f 4536 4531 4526
f 4536 4526 4527
f 4454 4493 4465
f 4535 4536 4527
f 4535 4527 4528
f 4492 4493 4454
f 4534 4528 4529
f 4534 4535 4528
f 4516 4534 4529
f 4437 4534 4516
f 4491 4492 4454
f 4491 4454 4455
f 4517 4436 4437
f 4517 4437 4516
f 4497 4491 4455
f 4497 4455 4456
f 4518 4435 4436
f 4518 4436 4517
f 4496 4456 4457
f 4496 4497 4456
f 4519 4434 4435
f 4519 4435 4518
f 4495 4496 4457
f 4520 4433 4434
f 4520 4440 4433
f 4520 4434 4519
f 4500 4457 4458
f 4500 4495 4457
f 4521 4439 4440
f 4521 4440 4520
f 4499 4458 4459
f 4499 4500 4458
f 4522 4438 4439
f 4522 4439 4521
f 4498 4459 4447
f 4498 4499 4459
f 4513 4446 4438
f 4513 4438 4522
f 4504 4447 4448
f 4504 4498 4447
f 4514 4445 4446
f 4514 4446 4513
f 4503 4504 4448
f 4515 4444 4445
f 4515 4445 4514
f 4502 4448 4449
f 4502 4503 4448
f 4509 4443 4444
f 4509 4444 4515
f 4501 4449 4450
f 4501 4502 4449
f 4508 4450 4451
f 4508 4501 4450
f 4510 4442 4443
f 4510 4443 4509
f 4507 4451 4452
f 4507 4508 4451
f 4511 4442 4510
f 4506 4452 4453
f 4506 4507 4452
f 4512 4442 4511
f 4512 4441 4442
f 4505 4506 4453
f 4505 4441 4512
f 4505 4453 4441
f 4548 4547 4546
f 4548 4538 4547
f 4549 4546 4545
f 4549 4548 4546
f 4544 4550 4549
f 4537 4548 4550
f 4541 4550 4544
f 4541 4537 4550
f 4543 4541 4544
f 4540 4539 4537
f 4540 4537 4541
f 4542 4541 4543
f 4538 4548 4537
f 4544 4549 4545

