# https://github.com/mikedh/trimesh
v 1.78034451 6.16039989 3.17487530
v 1.77868114 6.16039989 3.17494457
v 1.77701684 6.16039989 3.17498614
v 1.77535208 6.16039989 3.17500000
v 1.78646332 6.20089361 3.16575681
v 1.79062618 6.23425911 3.14066214
v 1.79210030 6.25462296 3.10400878
v 1.78851143 6.23443247 3.14092427
v 1.78257586 6.20103982 3.16608355
v 3.63730670 -6.16039989 -0.05000000
v 3.64467342 -6.16039989 -0.03420201
v 3.64918493 -6.16039989 -0.01736482
v 3.65070416 -6.16039989 -0.00000000
v 3.64242648 -6.20023724 -0.00000000
v 3.61896386 -6.23347939 -0.00000000
v 3.58420061 -6.25462296 -0.00000000
v 3.61437592 -6.23443247 -0.02156580
v 3.63319671 -6.20103982 -0.03928580
v 3.64527671 -6.18005081 -0.02588190
v -1.86195462 6.16039989 3.12500000
v -1.84089721 6.16039989 3.15052374
v -1.81266343 6.16039989 3.16777857
v -1.78034451 6.16039989 3.17487530
v -1.78646332 6.20089361 3.16575681
v -1.79062618 6.23425911 3.14066214
v -1.79210030 6.25462296 3.10400878
v -1.82586449 6.23443247 3.11935846
v -1.85062086 6.20103982 3.12679775
v -1.82198873 6.23140175 3.12776134
v -1.84449904 6.18661983 3.14231428
v -1.81969543 6.21067598 3.14920230
v -1.84107704 6.16307870 3.15031967
v -1.81612810 6.18442863 3.16309050
v 1.77535208 -6.16039989 -3.17500000
v 1.77701684 -6.16039989 -3.17498614
v 1.77868114 -6.16039989 -3.17494457
v 1.78034451 -6.16039989 -3.17487530
v 1.78646332 -6.20089361 -3.16575681
v 1.79062618 -6.23425911 -3.14066214
v 1.79210030 -6.25462296 -3.10400878
v 1.78851143 -6.23443247 -3.14092427
v 1.78257586 -6.20103982 -3.16608355
v -3.63730670 6.16039989 -0.05000000
v -3.64467342 6.16039989 -0.03420201
v -3.64918493 6.16039989 -0.01736482
v -3.65070416 6.16039989 -0.00000000
v -3.64242648 6.20023724 -0.00000000
v -3.61896386 6.23347939 -0.00000000
v -3.58420061 6.25462296 -0.00000000
v -3.61437592 6.23443247 -0.02156580
v -3.63319671 6.20103982 -0.03928580
v -3.64527671 6.18005081 -0.02588190
v -1.86195462 -6.16039989 -3.12500000
v -1.84089721 -6.16039989 -3.15052374
v -1.81266343 -6.16039989 -3.16777857
v -1.78034451 -6.16039989 -3.17487530
v -1.78646332 -6.20089361 -3.16575681
v -1.79062618 -6.23425911 -3.14066214
v -1.79210030 -6.25462296 -3.10400878
v -1.85062086 -6.20103982 -3.12679775
v -1.82586449 -6.23443247 -3.11935846
v -1.82198873 -6.23140175 -3.12776134
v -1.84449904 -6.18661983 -3.14231428
v -1.81969543 -6.21067598 -3.14920230
v -1.84107704 -6.16307870 -3.15031967
v -1.81612810 -6.18442863 -3.16309050
v 0.00000000 6.35000000 -1.89562136
v 0.25812041 6.35000000 -1.87796544
v 0.51143252 6.35000000 -1.82532657
v 0.75521761 6.35000000 -1.73868533
v 0.98493443 6.35000000 -1.61965567
v 1.19630378 6.35000000 -1.47045489
v 1.38538826 6.35000000 -1.29386232
v 1.54866558 6.35000000 -1.09316753
v 1.68309418 6.35000000 -0.87210911
v 1.78616993 6.35000000 -0.63480494
v 1.85597271 6.35000000 -0.38567556
v 1.89120223 6.35000000 -0.12936178
v 1.89120223 6.35000000 0.12936178
v 1.85597271 6.35000000 0.38567556
v 1.78616993 6.35000000 0.63480494
v 1.68309418 6.35000000 0.87210911
v 1.54866558 6.35000000 1.09316753
v 1.38538826 6.35000000 1.29386232
v 1.19630378 6.35000000 1.47045489
v 0.98493443 6.35000000 1.61965567
v 0.75521761 6.35000000 1.73868533
v 0.51143252 6.35000000 1.82532657
v 0.25812041 6.35000000 1.87796544
v 0.00000000 6.35000000 1.89562136
v 0.00000000 6.34659258 -1.86973945
v 0.00000000 6.33660254 -1.84562136
v 0.00000000 6.32071068 -1.82491068
v 0.00000000 6.32071068 1.82491068
v 0.24849197 6.32071068 1.80791336
v 0.49235501 6.32071068 1.75723804
v 0.72704640 6.32071068 1.67382870
v 0.94819430 6.32071068 1.55923909
v 1.15167913 6.32071068 1.41560382
v 1.33371036 6.32071068 1.24559852
v 1.49089708 6.32071068 1.05239008
v 1.62031122 6.32071068 0.83957760
v 1.71954202 6.32071068 0.61112538
v 1.78674101 6.32071068 0.37128905
v 1.82065639 6.32071068 0.12453631
v 1.82065639 6.32071068 -0.12453631
v 1.78674101 6.32071068 -0.37128905
v 1.71954202 6.32071068 -0.61112538
v 1.62031122 6.32071068 -0.83957760
v 1.49089708 6.32071068 -1.05239008
v 1.33371036 6.32071068 -1.24559852
v 1.15167913 6.32071068 -1.41560382
v 0.94819430 6.32071068 -1.55923909
v 0.72704640 6.32071068 -1.67382870
v 0.49235501 6.32071068 -1.75723804
v 0.24849197 6.32071068 -1.80791336
v 0.00000000 6.34659258 1.86973945
v 0.00000000 6.33660254 1.84562136
v 0.25459616 6.34659258 1.85232460
v 0.25131208 6.33660254 1.82843114
v 0.50444967 6.34659258 1.80040444
v 0.49794268 6.33660254 1.77718071
v 0.74490624 6.34659258 1.71494616
v 0.73529756 6.33660254 1.69282477
v 0.97148661 6.34659258 1.59754167
v 0.95895523 6.33660254 1.57693470
v 1.17997003 6.34659258 1.45037800
v 1.16474939 6.33660254 1.43166932
v 1.36647284 6.34659258 1.27619654
v 1.34884646 6.33660254 1.25973466
v 1.52752084 6.34659258 1.07824195
v 1.50781708 6.33660254 1.06433352
v 1.66011402 6.34659258 0.86020175
v 1.63869992 6.33660254 0.84910586
v 1.76178242 6.34659258 0.62613762
v 1.73905688 6.33660254 0.61806096
v 1.83063215 6.34659258 0.38040973
v 1.80701850 6.33660254 0.37550276
v 1.86538066 6.34659258 0.12759553
v 1.84131879 6.33660254 0.12594966
v 1.86538066 6.34659258 -0.12759553
v 1.84131879 6.33660254 -0.12594966
v 1.83063215 6.34659258 -0.38040973
v 1.80701850 6.33660254 -0.37550276
v 1.76178242 6.34659258 -0.62613762
v 1.73905688 6.33660254 -0.61806096
v 1.66011402 6.34659258 -0.86020175
v 1.63869992 6.33660254 -0.84910586
v 1.52752084 6.34659258 -1.07824195
v 1.50781708 6.33660254 -1.06433352
v 1.36647284 6.34659258 -1.27619654
v 1.34884646 6.33660254 -1.25973466
v 1.17997003 6.34659258 -1.45037800
v 1.16474939 6.33660254 -1.43166932
v 0.97148661 6.34659258 -1.59754167
v 0.95895523 6.33660254 -1.57693470
v 0.74490624 6.34659258 -1.71494616
v 0.73529756 6.33660254 -1.69282477
v 0.50444967 6.34659258 -1.80040444
v 0.49794268 6.33660254 -1.77718071
v 0.25459616 6.34659258 -1.85232460
v 0.25131208 6.33660254 -1.82843114
v 0.00000000 -6.18157864 -1.72720000
v 0.23518704 -6.18157864 -1.71111277
v 0.46599298 -6.18157864 -1.66315074
v 0.68811836 -6.18157864 -1.58420736
v 0.89742540 -6.18157864 -1.47575320
v 1.09001510 -6.18157864 -1.33980854
v 1.26229988 -6.18157864 -1.17890579
v 1.41107040 -6.18157864 -0.99604225
v 1.53355535 -6.18157864 -0.79462433
v 1.62747306 -6.18157864 -0.57840407
v 1.69107404 -6.18157864 -0.35140923
v 1.72317350 -6.18157864 -0.11786830
v 1.72317350 -6.18157864 0.11786830
v 1.69107404 -6.18157864 0.35140923
v 1.62747306 -6.18157864 0.57840407
v 1.53355535 -6.18157864 0.79462433
v 1.41107040 -6.18157864 0.99604225
v 1.26229988 -6.18157864 1.17890579
v 1.09001510 -6.18157864 1.33980854
v 0.89742540 -6.18157864 1.47575320
v 0.68811836 -6.18157864 1.58420736
v 0.46599298 -6.18157864 1.66315074
v 0.23518704 -6.18157864 1.71111277
v 0.00000000 -6.18157864 1.72720000
v 0.00000000 -6.20746055 -1.73060742
v 0.00000000 -6.23157864 -1.74059746
v 0.00000000 -6.25228932 -1.75648932
v 0.00000000 -6.25228932 1.75648932
v 0.23917527 -6.25228932 1.74012929
v 0.47389515 -6.25228932 1.69135393
v 0.69978726 -6.25228932 1.61107186
v 0.91264366 -6.25228932 1.50077856
v 1.10849924 -6.25228932 1.36252860
v 1.28370557 -6.25228932 1.19889731
v 1.43499889 -6.25228932 1.01293283
v 1.55956091 -6.25228932 0.80809933
v 1.65507125 -6.25228932 0.58821246
v 1.71975075 -6.25228932 0.35736831
v 1.75239454 -6.25228932 0.11986707
v 1.75239454 -6.25228932 -0.11986707
v 1.71975075 -6.25228932 -0.35736831
v 1.65507125 -6.25228932 -0.58821246
v 1.55956091 -6.25228932 -0.80809933
v 1.43499889 -6.25228932 -1.01293283
v 1.28370557 -6.25228932 -1.19889731
v 1.10849924 -6.25228932 -1.36252860
v 0.91264366 -6.25228932 -1.50077856
v 0.69978726 -6.25228932 -1.61107186
v 0.47389515 -6.25228932 -1.69135393
v 0.23917527 -6.25228932 -1.74012929
v 0.00000000 -6.20746055 1.73060742
v 0.00000000 -6.23157864 1.74059746
v 0.23565101 -6.20746055 1.71448845
v 0.23701132 -6.23157864 1.72438544
v 0.46691229 -6.20746055 1.66643180
v 0.46960757 -6.23157864 1.67605138
v 0.68947588 -6.20746055 1.58733268
v 0.69345592 -6.23157864 1.59649566
v 0.89919584 -6.20746055 1.47866456
v 0.90438650 -6.23157864 1.48720025
v 1.09216548 -6.20746055 1.34245171
v 1.09847007 -6.23157864 1.35020110
v 1.26479014 -6.20746055 1.18123153
v 1.27209122 -6.23157864 1.18805027
v 1.41385416 -6.20746055 0.99800724
v 1.42201572 -6.23157864 1.00376830
v 1.53658074 -6.20746055 0.79619197
v 1.54545076 -6.23157864 0.80078804
v 1.63068374 -6.20746055 0.57954514
v 1.64009697 -6.23157864 0.58289060
v 1.69441018 -6.20746055 0.35210249
v 1.70419128 -6.23157864 0.35413502
v 1.72657297 -6.20746055 0.11810083
v 1.73653973 -6.23157864 0.11878257
v 1.72657297 -6.20746055 -0.11810083
v 1.73653973 -6.23157864 -0.11878257
v 1.69441018 -6.20746055 -0.35210249
v 1.70419128 -6.23157864 -0.35413502
v 1.63068374 -6.20746055 -0.57954514
v 1.64009697 -6.23157864 -0.58289060
v 1.53658074 -6.20746055 -0.79619197
v 1.54545076 -6.23157864 -0.80078804
v 1.41385416 -6.20746055 -0.99800724
v 1.42201572 -6.23157864 -1.00376830
v 1.26479014 -6.20746055 -1.18123153
v 1.27209122 -6.23157864 -1.18805027
v 1.09216548 -6.20746055 -1.34245171
v 1.09847007 -6.23157864 -1.35020110
v 0.89919584 -6.20746055 -1.47866456
v 0.90438650 -6.23157864 -1.48720025
v 0.68947588 -6.20746055 -1.58733268
v 0.69345592 -6.23157864 -1.59649566
v 0.46691229 -6.20746055 -1.66643180
v 0.46960757 -6.23157864 -1.67605138
v 0.23565101 -6.20746055 -1.71448845
v 0.23701132 -6.23157864 -1.72438544
v 0.00000000 -6.32071068 -1.82491068
v 0.24849197 -6.32071068 -1.80791336
v 0.49235501 -6.32071068 -1.75723804
v 0.72704640 -6.32071068 -1.67382870
v 0.94819430 -6.32071068 -1.55923909
v 1.15167913 -6.32071068 -1.41560382
v 1.33371036 -6.32071068 -1.24559852
v 1.49089708 -6.32071068 -1.05239008
v 1.62031122 -6.32071068 -0.83957760
v 1.71954202 -6.32071068 -0.61112538
v 1.78674101 -6.32071068 -0.37128905
v 1.82065639 -6.32071068 -0.12453631
v 1.82065639 -6.32071068 0.12453631
v 1.78674101 -6.32071068 0.37128905
v 1.71954202 -6.32071068 0.61112538
v 1.62031122 -6.32071068 0.83957760
v 1.49089708 -6.32071068 1.05239008
v 1.33371036 -6.32071068 1.24559852
v 1.15167913 -6.32071068 1.41560382
v 0.94819430 -6.32071068 1.55923909
v 0.72704640 -6.32071068 1.67382870
v 0.49235501 -6.32071068 1.75723804
v 0.24849197 -6.32071068 1.80791336
v 0.00000000 -6.32071068 1.82491068
v 0.00000000 -6.33660254 -1.84562136
v 0.00000000 -6.34659258 -1.86973945
v 0.00000000 -6.35000000 -1.89562136
v 0.00000000 -6.35000000 1.89562136
v 0.25812041 -6.35000000 1.87796544
v 0.51143252 -6.35000000 1.82532657
v 0.75521761 -6.35000000 1.73868533
v 0.98493443 -6.35000000 1.61965567
v 1.19630378 -6.35000000 1.47045489
v 1.38538826 -6.35000000 1.29386232
v 1.54866558 -6.35000000 1.09316753
v 1.68309418 -6.35000000 0.87210911
v 1.78616993 -6.35000000 0.63480494
v 1.85597271 -6.35000000 0.38567556
v 1.89120223 -6.35000000 0.12936178
v 1.89120223 -6.35000000 -0.12936178
v 1.85597271 -6.35000000 -0.38567556
v 1.78616993 -6.35000000 -0.63480494
v 1.68309418 -6.35000000 -0.87210911
v 1.54866558 -6.35000000 -1.09316753
v 1.38538826 -6.35000000 -1.29386232
v 1.19630378 -6.35000000 -1.47045489
v 0.98493443 -6.35000000 -1.61965567
v 0.75521761 -6.35000000 -1.73868533
v 0.51143252 -6.35000000 -1.82532657
v 0.25812041 -6.35000000 -1.87796544
v 0.00000000 -6.33660254 1.84562136
v 0.00000000 -6.34659258 1.86973945
v 0.25131208 -6.33660254 1.82843114
v 0.25459616 -6.34659258 1.85232460
v 0.49794268 -6.33660254 1.77718071
v 0.50444967 -6.34659258 1.80040444
v 0.73529756 -6.33660254 1.69282477
v 0.74490624 -6.34659258 1.71494616
v 0.95895523 -6.33660254 1.57693470
v 0.97148661 -6.34659258 1.59754167
v 1.16474939 -6.33660254 1.43166932
v 1.17997003 -6.34659258 1.45037800
v 1.34884646 -6.33660254 1.25973466
v 1.36647284 -6.34659258 1.27619654
v 1.50781708 -6.33660254 1.06433352
v 1.52752084 -6.34659258 1.07824195
v 1.63869992 -6.33660254 0.84910586
v 1.66011402 -6.34659258 0.86020175
v 1.73905688 -6.33660254 0.61806096
v 1.76178242 -6.34659258 0.62613762
v 1.80701850 -6.33660254 0.37550276
v 1.83063215 -6.34659258 0.38040973
v 1.84131879 -6.33660254 0.12594966
v 1.86538066 -6.34659258 0.12759553
v 1.84131879 -6.33660254 -0.12594966
v 1.86538066 -6.34659258 -0.12759553
v 1.80701850 -6.33660254 -0.37550276
v 1.83063215 -6.34659258 -0.38040973
v 1.73905688 -6.33660254 -0.61806096
v 1.76178242 -6.34659258 -0.62613762
v 1.63869992 -6.33660254 -0.84910586
v 1.66011402 -6.34659258 -0.86020175
v 1.50781708 -6.33660254 -1.06433352
v 1.52752084 -6.34659258 -1.07824195
v 1.34884646 -6.33660254 -1.25973466
v 1.36647284 -6.34659258 -1.27619654
v 1.16474939 -6.33660254 -1.43166932
v 1.17997003 -6.34659258 -1.45037800
v 0.95895523 -6.33660254 -1.57693470
v 0.97148661 -6.34659258 -1.59754167
v 0.73529756 -6.33660254 -1.69282477
v 0.74490624 -6.34659258 -1.71494616
v 0.49794268 -6.33660254 -1.77718071
v 0.50444967 -6.34659258 -1.80040444
v 0.25131208 -6.33660254 -1.82843114
v 0.25459616 -6.34659258 -1.85232460
v 0.00000000 6.22300000 1.72720000
v 0.00000000 6.22300000 -1.72720000
v -0.23518704 6.22300000 -1.71111277
v -0.46599298 6.22300000 -1.66315074
v -0.68811836 6.22300000 -1.58420736
v -0.89742540 6.22300000 -1.47575320
v -1.09001510 6.22300000 -1.33980854
v -1.26229988 6.22300000 -1.17890579
v -1.41107040 6.22300000 -0.99604225
v -1.53355535 6.22300000 -0.79462433
v -1.62747306 6.22300000 -0.57840407
v -1.69107404 6.22300000 -0.35140923
v -1.72317350 6.22300000 -0.11786830
v -1.72317350 6.22300000 0.11786830
v -1.69107404 6.22300000 0.35140923
v -1.62747306 6.22300000 0.57840407
v -1.53355535 6.22300000 0.79462433
v -1.41107040 6.22300000 0.99604225
v -1.26229988 6.22300000 1.17890579
v -1.09001510 6.22300000 1.33980854
v -0.89742540 6.22300000 1.47575320
v -0.68811836 6.22300000 1.58420736
v -0.46599298 6.22300000 1.66315074
v -0.23518704 6.22300000 1.71111277
v -0.23518704 -6.18157864 1.71111277
v -0.46599298 -6.18157864 1.66315074
v -0.68811836 -6.18157864 1.58420736
v -0.89742540 -6.18157864 1.47575320
v -1.09001510 -6.18157864 1.33980854
v -1.26229988 -6.18157864 1.17890579
v -1.41107040 -6.18157864 0.99604225
v -1.53355535 -6.18157864 0.79462433
v -1.62747306 -6.18157864 0.57840407
v -1.69107404 -6.18157864 0.35140923
v -1.72317350 -6.18157864 0.11786830
v -1.72317350 -6.18157864 -0.11786830
v -1.69107404 -6.18157864 -0.35140923
v -1.62747306 -6.18157864 -0.57840407
v -1.53355535 -6.18157864 -0.79462433
v -1.41107040 -6.18157864 -0.99604225
v -1.26229988 -6.18157864 -1.17890579
v -1.09001510 -6.18157864 -1.33980854
v -0.89742540 -6.18157864 -1.47575320
v -0.68811836 -6.18157864 -1.58420736
v -0.46599298 -6.18157864 -1.66315074
v -0.23518704 -6.18157864 -1.71111277
v -0.24849197 6.32071068 -1.80791336
v -0.49235501 6.32071068 -1.75723804
v -0.72704640 6.32071068 -1.67382870
v -0.94819430 6.32071068 -1.55923909
v -1.15167913 6.32071068 -1.41560382
v -1.33371036 6.32071068 -1.24559852
v -1.49089708 6.32071068 -1.05239008
v -1.62031122 6.32071068 -0.83957760
v -1.71954202 6.32071068 -0.61112538
v -1.78674101 6.32071068 -0.37128905
v -1.82065639 6.32071068 -0.12453631
v -1.82065639 6.32071068 0.12453631
v -1.78674101 6.32071068 0.37128905
v -1.71954202 6.32071068 0.61112538
v -1.62031122 6.32071068 0.83957760
v -1.49089708 6.32071068 1.05239008
v -1.33371036 6.32071068 1.24559852
v -1.15167913 6.32071068 1.41560382
v -0.94819430 6.32071068 1.55923909
v -0.72704640 6.32071068 1.67382870
v -0.49235501 6.32071068 1.75723804
v -0.24849197 6.32071068 1.80791336
v 1.79210030 6.25462296 -3.10400878
v 1.38404862 6.31058590 -3.09484605
v 0.89812687 6.33988340 -3.08561288
v -0.00000000 6.34934077 -3.07782565
v 0.00000000 6.34970700 -3.06227747
v 0.00000000 6.34992675 -3.04672653
v 0.00000000 6.35000000 -3.03117421
v 0.00000000 6.35000000 3.03117421
v 0.41274483 6.35000000 3.00294169
v 0.81780101 6.35000000 2.91877005
v 1.20762311 6.35000000 2.78022724
v 1.57494947 6.35000000 2.58989406
v 1.91293750 6.35000000 2.35131606
v 2.21529113 6.35000000 2.06893748
v 2.47637807 6.35000000 1.74801852
v 2.69133477 6.35000000 1.39453728
v 2.85615701 6.35000000 1.01507844
v 2.96777444 6.35000000 0.61671062
v 3.02410784 6.35000000 0.20685464
v 3.02410784 6.35000000 -0.20685464
v 2.96777444 6.35000000 -0.61671062
v 2.85615701 6.35000000 -1.01507844
v 2.69133477 6.35000000 -1.39453728
v 2.47637807 6.35000000 -1.74801852
v 2.21529113 6.35000000 -2.06893748
v 1.91293750 6.35000000 -2.35131606
v 1.57494947 6.35000000 -2.58989406
v 1.20762311 6.35000000 -2.78022724
v 0.81780101 6.35000000 -2.91877005
v 0.41274483 6.35000000 -3.00294169
v -0.00000000 6.34934077 3.07782565
v 0.00000000 6.34970700 3.06227747
v 0.00000000 6.34992675 3.04672653
v 0.89813085 6.33988327 3.08561295
v 1.38351884 6.31068992 3.09483379
v 1.96620031 6.30604383 2.78609202
v 2.16854264 6.33562474 2.41901845
v 2.86330781 6.34866599 1.19945031
v 3.27995510 6.32497161 0.50131658
v 3.58420061 6.25462296 -0.00000000
v 3.39589017 6.30604976 -0.30979374
v 3.17911089 6.33563232 -0.66865667
v 2.47033528 6.34866525 -1.88010100
v 2.07409342 6.32496741 -2.58993305
v 0.83755527 6.34837563 2.98927389
v 1.29429526 6.33560411 2.97976655
v 1.23679364 6.34837563 2.84738454
v 1.70500030 6.30595102 2.95314715
v 1.62436210 6.33560411 2.81347768
v 1.55219661 6.34837563 2.68848339
v 1.87319662 6.33560411 2.65430656
v 2.05023067 6.33560411 2.52007204
v 1.95914513 6.34837563 2.40811287
v 2.26880221 6.34837563 2.11891335
v 2.53619579 6.34837563 1.79024248
v 2.75634485 6.34837563 1.42822278
v 3.18077417 6.33560411 0.66097247
v 3.03946200 6.34837563 0.63160747
v 3.21142990 6.33560411 0.49084303
v 3.24115067 6.33560411 0.22170078
v 3.41000060 6.30595102 0.00000000
v 3.09715616 6.34837563 0.21185128
v 3.24872420 6.33560411 0.00000000
v 3.40205110 6.30595102 -0.23270667
v 3.24115067 6.33560411 -0.22170078
v 3.09715616 6.34837563 -0.21185128
v 3.18077417 6.33560411 -0.66097247
v 3.03946200 6.34837563 -0.63160747
v 2.92514841 6.34837563 -1.03959800
v 2.75634485 6.34837563 -1.42822278
v 2.53619579 6.34837563 -1.79024248
v 2.26880221 6.34837563 -2.11891335
v 2.05023067 6.33560411 -2.52007204
v 1.95914513 6.34837563 -2.40811287
v 1.77178158 6.30595102 -2.91357068
v 1.68798495 6.33560411 -2.77577299
v 1.61299289 6.34837563 -2.65245380
v 1.32627922 6.33560411 -2.96566895
v 1.26735665 6.34837563 -2.83391326
v 0.86758872 6.34837563 -2.98069573
v -0.24849197 -6.32071068 1.80791336
v -0.49235501 -6.32071068 1.75723804
v -0.72704640 -6.32071068 1.67382870
v -0.94819430 -6.32071068 1.55923909
v -1.15167913 -6.32071068 1.41560382
v -1.33371036 -6.32071068 1.24559852
v -1.49089708 -6.32071068 1.05239008
v -1.62031122 -6.32071068 0.83957760
v -1.71954202 -6.32071068 0.61112538
v -1.78674101 -6.32071068 0.37128905
v -1.82065639 -6.32071068 0.12453631
v -1.82065639 -6.32071068 -0.12453631
v -1.78674101 -6.32071068 -0.37128905
v -1.71954202 -6.32071068 -0.61112538
v -1.62031122 -6.32071068 -0.83957760
v -1.49089708 -6.32071068 -1.05239008
v -1.33371036 -6.32071068 -1.24559852
v -1.15167913 -6.32071068 -1.41560382
v -0.94819430 -6.32071068 -1.55923909
v -0.72704640 -6.32071068 -1.67382870
v -0.49235501 -6.32071068 -1.75723804
v -0.24849197 -6.32071068 -1.80791336
v -0.23917527 -6.25228932 -1.74012929
v -0.47389515 -6.25228932 -1.69135393
v -0.69978726 -6.25228932 -1.61107186
v -0.91264366 -6.25228932 -1.50077856
v -1.10849924 -6.25228932 -1.36252860
v -1.28370557 -6.25228932 -1.19889731
v -1.43499889 -6.25228932 -1.01293283
v -1.55956091 -6.25228932 -0.80809933
v -1.65507125 -6.25228932 -0.58821246
v -1.71975075 -6.25228932 -0.35736831
v -1.75239454 -6.25228932 -0.11986707
v -1.75239454 -6.25228932 0.11986707
v -1.71975075 -6.25228932 0.35736831
v -1.65507125 -6.25228932 0.58821246
v -1.55956091 -6.25228932 0.80809933
v -1.43499889 -6.25228932 1.01293283
v -1.28370557 -6.25228932 1.19889731
v -1.10849924 -6.25228932 1.36252860
v -0.91264366 -6.25228932 1.50077856
v -0.69978726 -6.25228932 1.61107186
v -0.47389515 -6.25228932 1.69135393
v -0.23917527 -6.25228932 1.74012929
v 0.00000000 -6.35000000 3.03117421
v 0.41274483 -6.35000000 3.00294169
v 0.81780101 -6.35000000 2.91877005
v 1.20762311 -6.35000000 2.78022724
v 1.57494947 -6.35000000 2.58989406
v 1.91293750 -6.35000000 2.35131606
v 2.21529113 -6.35000000 2.06893748
v 2.47637807 -6.35000000 1.74801852
v 2.69133477 -6.35000000 1.39453728
v 2.85615701 -6.35000000 1.01507844
v 2.96777444 -6.35000000 0.61671062
v 3.02410784 -6.35000000 0.20685464
v 3.02410784 -6.35000000 -0.20685464
v 2.96777444 -6.35000000 -0.61671062
v 2.85615701 -6.35000000 -1.01507844
v 2.69133477 -6.35000000 -1.39453728
v 2.47637807 -6.35000000 -1.74801852
v 2.21529113 -6.35000000 -2.06893748
v 1.91293750 -6.35000000 -2.35131606
v 1.57494947 -6.35000000 -2.58989406
v 1.20762311 -6.35000000 -2.78022724
v 0.81780101 -6.35000000 -2.91877005
v 0.41274483 -6.35000000 -3.00294169
v 0.00000000 -6.35000000 -3.03117421
v 0.00000000 -6.34992675 -3.04672653
v 0.00000000 -6.34970700 -3.06227747
v 0.00000000 -6.34934077 -3.07782565
v 0.89813085 -6.33988327 -3.08561295
v 1.38351884 -6.31068992 -3.09483379
v 1.96620031 -6.30604383 -2.78609202
v 2.16854264 -6.33562474 -2.41901845
v 2.86330781 -6.34866599 -1.19945031
v 3.27995510 -6.32497161 -0.50131658
v 3.39589017 -6.30604976 0.30979374
v 3.17911089 -6.33563232 0.66865667
v 2.47033528 -6.34866525 1.88010100
v 2.07409342 -6.32496741 2.58993305
v 1.79210030 -6.25462296 3.10400878
v 1.38404862 -6.31058590 3.09484605
v 0.89812687 -6.33988340 3.08561288
v -0.00000000 -6.34934077 3.07782565
v 0.00000000 -6.34992675 3.04672653
v 0.00000000 -6.34970700 3.06227747
v 1.28032739 -6.33988340 2.94760929
v 1.32190696 -6.32488883 3.04333505
v 1.60683219 -6.33988340 2.78311499
v 1.65901524 -6.32488883 2.87349868
v 2.00882796 -6.33988340 2.50843556
v 2.07406611 -6.32488883 2.58989884
v 3.14485585 -6.33988340 0.66145326
v 3.20037490 -6.33988340 0.29195759
v 3.30430941 -6.32488883 0.30143913
v 3.21366438 -6.33988340 0.00000000
v 3.31803047 -6.32488883 0.00000000
v 3.20617258 -6.33988340 -0.21930821
v 3.31029538 -6.32488883 -0.22643041
v 3.17677256 -6.33988340 -0.48554592
v 3.14644765 -6.33988340 -0.65383934
v 2.14513901 -6.33988340 -2.39290980
v 1.85298132 -6.33988340 -2.62566162
v 1.91315824 -6.32488883 -2.71093190
v 1.66976843 -6.33988340 -2.74581720
v 1.72399538 -6.32488883 -2.83498962
v 1.31155198 -6.33988340 -2.93384903
v 1.35414559 -6.32488883 -3.02912791
v 0.89813052 -6.33988340 -3.08561182
v 1.86195462 -6.16039989 3.12500000
v 2.24915635 -6.23673330 2.45434693
v 2.94417472 -6.24876845 1.25053980
v 3.34955666 -6.22649948 0.54839768
v 3.63730670 -6.16039989 0.05000000
v 1.86195462 6.16039989 3.12500000
v 3.63730670 6.16039989 0.05000000
v 3.25002145 6.23673995 0.72079772
v 2.55501476 6.24876777 1.92458462
v 2.14966911 6.22649575 2.62666388
v 3.25002145 -6.23673995 -0.72079772
v 2.55501476 -6.24876777 -1.92458462
v 2.14966911 -6.22649575 -2.62666388
v 1.86195462 -6.16039989 -3.12500000
v 3.63730670 6.16039989 -0.05000000
v 1.86195462 6.16039989 -3.12500000
v 2.24915635 6.23673330 -2.45434693
v 2.94417472 6.24876845 -1.25053980
v 3.34955666 6.22649948 -0.54839768
v 1.00077452 -6.23674804 -3.17500000
v -0.38899082 -6.24876908 -3.17500000
v -1.19982287 -6.22650139 -3.17500000
v -1.77535208 -6.16039989 -3.17500000
v 1.77535208 6.16039989 -3.17500000
v -1.77535208 6.16039989 -3.17500000
v -1.00077452 6.23674804 -3.17500000
v 0.38899082 6.24876908 -3.17500000
v 1.19982287 6.22650139 -3.17500000
v -2.24915635 -6.23673330 -2.45434693
v -2.94417472 -6.24876845 -1.25053980
v -3.34955666 -6.22649948 -0.54839768
v -3.63730670 -6.16039989 -0.05000000
v -1.86195462 6.16039989 -3.12500000
v -3.25002145 6.23673995 -0.72079772
v -2.55501476 6.24876777 -1.92458462
v -2.14966911 6.22649575 -2.62666388
v -3.63730670 -6.16039989 0.05000000
v -3.25002145 -6.23673995 0.72079772
v -2.55501476 -6.24876777 1.92458462
v -2.14966911 -6.22649575 2.62666388
v -1.86195462 -6.16039989 3.12500000
v -3.63730670 6.16039989 0.05000000
v -2.24915635 6.23673330 2.45434693
v -2.94417472 6.24876845 1.25053980
v -3.34955666 6.22649948 0.54839768
v -1.77535208 -6.16039989 3.17500000
v -1.00077452 -6.23674804 3.17500000
v 0.38899082 -6.24876908 3.17500000
v 1.19982287 -6.22650139 3.17500000
v 1.77535208 -6.16039989 3.17500000
v -1.77535208 6.16039989 3.17500000
v 1.00077452 6.23674804 3.17500000
v -0.38899082 6.24876908 3.17500000
v -1.19982287 6.22650139 3.17500000
v -0.41274483 -6.35000000 -3.00294169
v -0.81780101 -6.35000000 -2.91877005
v -1.20762311 -6.35000000 -2.78022724
v -1.57494947 -6.35000000 -2.58989406
v -1.91293750 -6.35000000 -2.35131606
v -2.21529113 -6.35000000 -2.06893748
v -2.47637807 -6.35000000 -1.74801852
v -2.69133477 -6.35000000 -1.39453728
v -2.85615701 -6.35000000 -1.01507844
v -2.96777444 -6.35000000 -0.61671062
v -3.02410784 -6.35000000 -0.20685464
v -3.02410784 -6.35000000 0.20685464
v -2.96777444 -6.35000000 0.61671062
v -2.85615701 -6.35000000 1.01507844
v -2.69133477 -6.35000000 1.39453728
v -2.47637807 -6.35000000 1.74801852
v -2.21529113 -6.35000000 2.06893748
v -1.91293750 -6.35000000 2.35131606
v -1.57494947 -6.35000000 2.58989406
v -1.20762311 -6.35000000 2.78022724
v -0.81780101 -6.35000000 2.91877005
v -0.41274483 -6.35000000 3.00294169
v -0.89813085 -6.33988327 3.08561295
v -1.38351884 -6.31068992 3.09483379
v -1.79210030 -6.25462296 3.10400878
v -1.96620031 -6.30604383 2.78609202
v -2.16854264 -6.33562474 2.41901845
v -2.86330781 -6.34866599 1.19945031
v -3.27995510 -6.32497161 0.50131658
v -3.58420061 -6.25462296 -0.00000000
v -3.39589017 -6.30604976 -0.30979374
v -3.17911089 -6.33563232 -0.66865667
v -2.47033528 -6.34866525 -1.88010100
v -2.07409342 -6.32496741 -2.58993305
v -1.38404862 -6.31058590 -3.09484605
v -0.89812687 -6.33988340 -3.08561288
v -1.28032739 -6.33988340 -2.94760928
v -1.32190696 -6.32488883 -3.04333505
v -1.60683219 -6.33988340 -2.78311499
v -1.65901524 -6.32488883 -2.87349868
v -2.00882796 -6.33988340 -2.50843556
v -2.07406611 -6.32488883 -2.58989884
v -3.14485585 -6.33988340 -0.66145326
v -3.20037490 -6.33988340 -0.29195759
v -3.30430941 -6.32488883 -0.30143913
v -3.21366438 -6.33988340 0.00000000
v -3.31803047 -6.32488883 0.00000000
v -3.20617258 -6.33988340 0.21930821
v -3.31029538 -6.32488883 0.22643041
v -3.17677256 -6.33988340 0.48554592
v -3.14644765 -6.33988340 0.65383934
v -2.14513901 -6.33988340 2.39290980
v -1.85298132 -6.33988340 2.62566162
v -1.91315824 -6.32488883 2.71093190
v -1.66976843 -6.33988340 2.74581720
v -1.72399538 -6.32488883 2.83498962
v -1.31155198 -6.33988340 2.93384903
v -1.35414559 -6.32488883 3.02912791
v -0.89813052 -6.33988340 3.08561182
v -0.25812041 -6.35000000 -1.87796544
v -0.51143252 -6.35000000 -1.82532657
v -0.75521761 -6.35000000 -1.73868533
v -0.98493443 -6.35000000 -1.61965567
v -1.19630378 -6.35000000 -1.47045489
v -1.38538826 -6.35000000 -1.29386232
v -1.54866558 -6.35000000 -1.09316753
v -1.68309418 -6.35000000 -0.87210911
v -1.78616993 -6.35000000 -0.63480494
v -1.85597271 -6.35000000 -0.38567556
v -1.89120223 -6.35000000 -0.12936178
v -1.89120223 -6.35000000 0.12936178
v -1.85597271 -6.35000000 0.38567556
v -1.78616993 -6.35000000 0.63480494
v -1.68309418 -6.35000000 0.87210911
v -1.54866558 -6.35000000 1.09316753
v -1.38538826 -6.35000000 1.29386232
v -1.19630378 -6.35000000 1.47045489
v -0.98493443 -6.35000000 1.61965567
v -0.75521761 -6.35000000 1.73868533
v -0.51143252 -6.35000000 1.82532657
v -0.25812041 -6.35000000 1.87796544
v -0.89813085 6.33988327 -3.08561295
v -1.38351884 6.31068992 -3.09483379
v -1.79210030 6.25462296 -3.10400878
v -1.96620031 6.30604383 -2.78609202
v -2.16854264 6.33562474 -2.41901845
v -2.86330781 6.34866599 -1.19945031
v -3.27995510 6.32497161 -0.50131658
v -3.39589017 6.30604976 0.30979374
v -3.17911089 6.33563232 0.66865667
v -2.47033528 6.34866525 1.88010100
v -2.07409342 6.32496741 2.58993305
v -1.38404862 6.31058590 3.09484605
v -0.89812687 6.33988340 3.08561288
v -0.41274483 6.35000000 -3.00294169
v -0.81780101 6.35000000 -2.91877005
v -1.20762311 6.35000000 -2.78022724
v -1.57494947 6.35000000 -2.58989406
v -1.91293750 6.35000000 -2.35131606
v -2.21529113 6.35000000 -2.06893748
v -2.47637807 6.35000000 -1.74801852
v -2.69133477 6.35000000 -1.39453728
v -2.85615701 6.35000000 -1.01507844
v -2.96777444 6.35000000 -0.61671062
v -3.02410784 6.35000000 -0.20685464
v -3.02410784 6.35000000 0.20685464
v -2.96777444 6.35000000 0.61671062
v -2.85615701 6.35000000 1.01507844
v -2.69133477 6.35000000 1.39453728
v -2.47637807 6.35000000 1.74801852
v -2.21529113 6.35000000 2.06893748
v -1.91293750 6.35000000 2.35131606
v -1.57494947 6.35000000 2.58989406
v -1.20762311 6.35000000 2.78022724
v -0.81780101 6.35000000 2.91877005
v -0.41274483 6.35000000 3.00294169
v -0.83755527 6.34837563 -2.98927389
v -1.29429526 6.33560411 -2.97976655
v -1.23679364 6.34837563 -2.84738454
v -1.70500030 6.30595102 -2.95314715
v -1.62436210 6.33560411 -2.81347768
v -1.55219661 6.34837563 -2.68848339
v -1.87319662 6.33560411 -2.65430656
v -2.05023067 6.33560411 -2.52007204
v -1.95914513 6.34837563 -2.40811287
v -2.26880221 6.34837563 -2.11891335
v -2.53619579 6.34837563 -1.79024248
v -2.75634485 6.34837563 -1.42822278
v -3.18077417 6.33560411 -0.66097247
v -3.03946200 6.34837563 -0.63160747
v -3.21142990 6.33560411 -0.49084303
v -3.24115067 6.33560411 -0.22170078
v -3.41000060 6.30595102 0.00000000
v -3.09715616 6.34837563 -0.21185128
v -3.24872420 6.33560411 0.00000000
v -3.40205110 6.30595102 0.23270667
v -3.24115067 6.33560411 0.22170078
v -3.09715616 6.34837563 0.21185128
v -3.18077417 6.33560411 0.66097247
v -3.03946200 6.34837563 0.63160747
v -2.92514841 6.34837563 1.03959800
v -2.75634485 6.34837563 1.42822278
v -2.53619579 6.34837563 1.79024248
v -2.26880221 6.34837563 2.11891335
v -2.05023067 6.33560411 2.52007204
v -1.95914513 6.34837563 2.40811287
v -1.77178158 6.30595102 2.91357068
v -1.68798495 6.33560411 2.77577299
v -1.61299289 6.34837563 2.65245380
v -1.32627922 6.33560411 2.96566895
v -1.26735665 6.34837563 2.83391326
v -0.86758872 6.34837563 2.98069573
v 0.23518704 6.22300000 1.71111277
v 0.46599298 6.22300000 1.66315074
v 0.68811836 6.22300000 1.58420736
v 0.89742540 6.22300000 1.47575320
v 1.09001510 6.22300000 1.33980854
v 1.26229988 6.22300000 1.17890579
v 1.41107040 6.22300000 0.99604225
v 1.53355535 6.22300000 0.79462433
v 1.62747306 6.22300000 0.57840407
v 1.69107404 6.22300000 0.35140923
v 1.72317350 6.22300000 0.11786830
v 1.72317350 6.22300000 -0.11786830
v 1.69107404 6.22300000 -0.35140923
v 1.62747306 6.22300000 -0.57840407
v 1.53355535 6.22300000 -0.79462433
v 1.41107040 6.22300000 -0.99604225
v 1.26229988 6.22300000 -1.17890579
v 1.09001510 6.22300000 -1.33980854
v 0.89742540 6.22300000 -1.47575320
v 0.68811836 6.22300000 -1.58420736
v 0.46599298 6.22300000 -1.66315074
v 0.23518704 6.22300000 -1.71111277
v -0.25812041 6.35000000 1.87796544
v -0.51143252 6.35000000 1.82532657
v -0.75521761 6.35000000 1.73868533
v -0.98493443 6.35000000 1.61965567
v -1.19630378 6.35000000 1.47045489
v -1.38538826 6.35000000 1.29386232
v -1.54866558 6.35000000 1.09316753
v -1.68309418 6.35000000 0.87210911
v -1.78616993 6.35000000 0.63480494
v -1.85597271 6.35000000 0.38567556
v -1.89120223 6.35000000 0.12936178
v -1.89120223 6.35000000 -0.12936178
v -1.85597271 6.35000000 -0.38567556
v -1.78616993 6.35000000 -0.63480494
v -1.68309418 6.35000000 -0.87210911
v -1.54866558 6.35000000 -1.09316753
v -1.38538826 6.35000000 -1.29386232
v -1.19630378 6.35000000 -1.47045489
v -0.98493443 6.35000000 -1.61965567
v -0.75521761 6.35000000 -1.73868533
v -0.51143252 6.35000000 -1.82532657
v -0.25812041 6.35000000 -1.87796544
v -0.25131208 -6.33660254 -1.82843114
v -0.25459616 -6.34659258 -1.85232460
v -0.49794268 -6.33660254 -1.77718071
v -0.50444967 -6.34659258 -1.80040444
v -0.73529756 -6.33660254 -1.69282477
v -0.74490624 -6.34659258 -1.71494616
v -0.95895523 -6.33660254 -1.57693470
v -0.97148661 -6.34659258 -1.59754167
v -1.16474939 -6.33660254 -1.43166932
v -1.17997003 -6.34659258 -1.45037800
v -1.34884646 -6.33660254 -1.25973466
v -1.36647284 -6.34659258 -1.27619654
v -1.50781708 -6.33660254 -1.06433352
v -1.52752084 -6.34659258 -1.07824195
v -1.63869992 -6.33660254 -0.84910586
v -1.66011402 -6.34659258 -0.86020175
v -1.73905688 -6.33660254 -0.61806096
v -1.76178242 -6.34659258 -0.62613762
v -1.80701850 -6.33660254 -0.37550276
v -1.83063215 -6.34659258 -0.38040973
v -1.84131879 -6.33660254 -0.12594966
v -1.86538066 -6.34659258 -0.12759553
v -1.84131879 -6.33660254 0.12594966
v -1.86538066 -6.34659258 0.12759553
v -1.80701850 -6.33660254 0.37550276
v -1.83063215 -6.34659258 0.38040973
v -1.73905688 -6.33660254 0.61806096
v -1.76178242 -6.34659258 0.62613762
v -1.63869992 -6.33660254 0.84910586
v -1.66011402 -6.34659258 0.86020175
v -1.50781708 -6.33660254 1.06433352
v -1.52752084 -6.34659258 1.07824195
v -1.34884646 -6.33660254 1.25973466
v -1.36647284 -6.34659258 1.27619654
v -1.16474939 -6.33660254 1.43166932
v -1.17997003 -6.34659258 1.45037800
v -0.95895523 -6.33660254 1.57693470
v -0.97148661 -6.34659258 1.59754167
v -0.73529756 -6.33660254 1.69282477
v -0.74490624 -6.34659258 1.71494616
v -0.49794268 -6.33660254 1.77718071
v -0.50444967 -6.34659258 1.80040444
v -0.25131208 -6.33660254 1.82843114
v -0.25459616 -6.34659258 1.85232460
v -0.23565101 -6.20746055 -1.71448845
v -0.23701132 -6.23157864 -1.72438544
v -0.46691229 -6.20746055 -1.66643180
v -0.46960757 -6.23157864 -1.67605138
v -0.68947588 -6.20746055 -1.58733268
v -0.69345592 -6.23157864 -1.59649566
v -0.89919584 -6.20746055 -1.47866456
v -0.90438650 -6.23157864 -1.48720025
v -1.09216548 -6.20746055 -1.34245171
v -1.09847007 -6.23157864 -1.35020110
v -1.26479014 -6.20746055 -1.18123153
v -1.27209122 -6.23157864 -1.18805027
v -1.41385416 -6.20746055 -0.99800724
v -1.42201572 -6.23157864 -1.00376830
v -1.53658074 -6.20746055 -0.79619197
v -1.54545076 -6.23157864 -0.80078804
v -1.63068374 -6.20746055 -0.57954514
v -1.64009697 -6.23157864 -0.58289060
v -1.69441018 -6.20746055 -0.35210249
v -1.70419128 -6.23157864 -0.35413502
v -1.72657297 -6.20746055 -0.11810083
v -1.73653973 -6.23157864 -0.11878257
v -1.72657297 -6.20746055 0.11810083
v -1.73653973 -6.23157864 0.11878257
v -1.69441018 -6.20746055 0.35210249
v -1.70419128 -6.23157864 0.35413502
v -1.63068374 -6.20746055 0.57954514
v -1.64009697 -6.23157864 0.58289060
v -1.53658074 -6.20746055 0.79619197
v -1.54545076 -6.23157864 0.80078804
v -1.41385416 -6.20746055 0.99800724
v -1.42201572 -6.23157864 1.00376830
v -1.26479014 -6.20746055 1.18123153
v -1.27209122 -6.23157864 1.18805027
v -1.09216548 -6.20746055 1.34245171
v -1.09847007 -6.23157864 1.35020110
v -0.89919584 -6.20746055 1.47866456
v -0.90438650 -6.23157864 1.48720025
v -0.68947588 -6.20746055 1.58733268
v -0.69345592 -6.23157864 1.59649566
v -0.46691229 -6.20746055 1.66643180
v -0.46960757 -6.23157864 1.67605138
v -0.23565101 -6.20746055 1.71448845
v -0.23701132 -6.23157864 1.72438544
v -0.25459616 6.34659258 -1.85232460
v -0.25131208 6.33660254 -1.82843114
v -0.50444967 6.34659258 -1.80040444
v -0.49794268 6.33660254 -1.77718071
v -0.74490624 6.34659258 -1.71494616
v -0.73529756 6.33660254 -1.69282477
v -0.97148661 6.34659258 -1.59754167
v -0.95895523 6.33660254 -1.57693470
v -1.17997003 6.34659258 -1.45037800
v -1.16474939 6.33660254 -1.43166932
v -1.36647284 6.34659258 -1.27619654
v -1.34884646 6.33660254 -1.25973466
v -1.52752084 6.34659258 -1.07824195
v -1.50781708 6.33660254 -1.06433352
v -1.66011402 6.34659258 -0.86020175
v -1.63869992 6.33660254 -0.84910586
v -1.76178242 6.34659258 -0.62613762
v -1.73905688 6.33660254 -0.61806096
v -1.83063215 6.34659258 -0.38040973
v -1.80701850 6.33660254 -0.37550276
v -1.86538066 6.34659258 -0.12759553
v -1.84131879 6.33660254 -0.12594966
v -1.86538066 6.34659258 0.12759553
v -1.84131879 6.33660254 0.12594966
v -1.83063215 6.34659258 0.38040973
v -1.80701850 6.33660254 0.37550276
v -1.76178242 6.34659258 0.62613762
v -1.73905688 6.33660254 0.61806096
v -1.66011402 6.34659258 0.86020175
v -1.63869992 6.33660254 0.84910586
v -1.52752084 6.34659258 1.07824195
v -1.50781708 6.33660254 1.06433352
v -1.36647284 6.34659258 1.27619654
v -1.34884646 6.33660254 1.25973466
v -1.17997003 6.34659258 1.45037800
v -1.16474939 6.33660254 1.43166932
v -0.97148661 6.34659258 1.59754167
v -0.95895523 6.33660254 1.57693470
v -0.74490624 6.34659258 1.71494616
v -0.73529756 6.33660254 1.69282477
v -0.50444967 6.34659258 1.80040444
v -0.49794268 6.33660254 1.77718071
v -0.25459616 6.34659258 1.85232460
v -0.25131208 6.33660254 1.82843114
v -1.80955409 6.16039989 -3.16896926
v -1.83963084 6.16039989 -3.15160444
v -1.77868114 -6.16039989 -3.17494457
v -1.77701684 -6.16039989 -3.17498614
v -1.78257586 6.20103982 -3.16608355
v -1.78851143 6.23443247 -3.14092427
v -1.82586449 6.23443247 -3.11935846
v -1.85062086 6.20103982 -3.12679775
v -1.83976978 6.16289321 -3.15144700
v -1.84327076 6.18692217 -3.14343699
v -1.81306071 6.18469832 -3.16437363
v -1.81670611 6.21145729 -3.15038558
v -1.81905171 6.23259709 -3.12864613
v -1.78851143 -6.23443247 -3.14092427
v -1.78257586 -6.20103982 -3.16608355
v -1.91307153 6.26501536 -2.96225735
v -3.44963495 6.29125667 -0.26087767
v -1.89510925 6.21606076 -3.04958031
v -2.03903089 6.25392929 -2.79847134
v -2.02033994 6.29982824 -2.75184077
v -2.07192705 6.28224633 -2.71521114
v -2.11591818 6.25587726 -2.67377023
v -2.12243409 6.31677962 -2.56917276
v -2.17358238 6.32294323 -2.47785523
v -2.17509177 6.29744435 -2.53379987
v -2.26924435 6.27312413 -2.40731681
v -2.47192675 6.28317810 -2.05538621
v -2.37698135 6.31326166 -2.17970163
v -2.44651786 6.33932977 -1.99390463
v -2.27367575 6.33157882 -2.29966079
v -2.79552261 6.34135971 -1.38630900
v -2.72589824 6.31908422 -1.57201315
v -3.07414916 6.33473770 -0.91097557
v -3.36857317 6.25660310 -0.50409630
v -3.27050657 6.26861775 -0.67337004
v -3.28030949 6.29761783 -0.61949208
v -3.38254302 6.30185640 -0.39184660
v -3.47869337 6.26342763 -0.28115715
v -3.46513738 6.27985489 -0.27123516
v -3.56374701 6.21426471 -0.16733039
v -1.84726046 6.24312402 -3.08003774
v -2.12347460 6.29062047 -2.62453770
v -2.22561598 6.30281998 -2.44505737
v -2.27610807 6.30711747 -2.35644746
v -2.51311290 6.30170522 -1.96643341
v -2.55116426 6.31823438 -1.87553928
v -2.64678936 6.28548730 -1.75210193
v -3.03643258 6.29968613 -1.06061020
v -3.17471708 6.29274593 -0.82252160
v -3.32995604 6.29128185 -0.53475415
v -3.28172653 6.31734884 -0.56100215
v -3.37959533 6.28358816 -0.45007956
v -3.51809105 6.24962634 -0.22058027
v -3.51269401 6.25832713 -0.21619507
v -3.58022325 6.24424312 -0.08614541
v -2.22364163 6.32775639 -2.38864761
v -2.91858142 6.32474763 -1.22485870
v -2.95395892 6.33506461 -1.13215457
v -3.05734300 6.32068754 -0.98701076
v -3.12697512 6.31704503 -0.86804696
v -3.17767242 6.30719540 -0.79487851
v -3.21974120 6.27308424 -0.76102121
v -3.22960516 6.32325680 -0.64863423
v -3.22893969 6.30293786 -0.70723594
v 1.78257586 6.20103982 -3.16608355
v 1.78851143 6.23443247 -3.14092427
v 1.29268511 6.28422614 -3.15179555
v 1.05053461 6.30055290 -3.15024178
v -1.48575723 6.23422176 -3.16970447
v -1.04554929 6.32366705 -3.12114480
v -0.95030052 6.30522640 -3.14966467
v -1.28800637 6.30762027 -3.12438593
v -1.19205397 6.29203426 -3.15114302
v -1.09613515 6.26636715 -3.16909173
v -0.75159424 6.27933442 -3.16864687
v -0.69956392 6.33592339 -3.11731237
v -0.50142926 6.31678203 -3.14759068
v -0.25071076 6.34120843 -3.11432522
v -0.05590547 6.28560801 -3.16820825
v 0.32152863 6.34090002 -3.11462412
v 0.09735372 6.34149867 -3.11392375
v 0.19471140 6.31890291 -3.14684294
v 0.29195536 6.28521303 -3.16827698
v 0.77054619 6.33413839 -3.11800391
v 0.64314354 6.31447885 -3.14813239
v 0.97463259 6.32699655 -3.12026399
v 0.92208533 6.27418436 -3.16884632
v 0.51596012 6.28352723 -3.16842135
v 1.12558951 6.26469862 -3.16912568
v 1.39155503 6.24423322 -3.16954298
v 1.48514113 6.28770449 -3.12724120
v 1.58404541 6.25193852 -3.15384655
v 1.58614793 6.26826397 -3.13761285
v 1.68063481 6.20757764 -3.17003585
v -1.63923546 6.25657706 -3.14278539
v -1.43610116 6.28314021 -3.14056037
v -1.38774702 6.27549075 -3.15245814
v -0.15328553 6.31898598 -3.14678985
v 0.02069986 6.31908422 -3.14670433
v -0.02796382 6.33206789 -3.13124074
v 0.35540309 6.30243589 -3.15949632
v 0.41887863 6.31768321 -3.14733062
v 0.84657291 6.30910419 -3.14909103
v 1.73749056 6.24043610 -3.14388345
v -1.70824287 6.21092119 -3.16722188
v -0.07664373 6.34151056 -3.11389588
v 1.83963084 6.16039989 -3.15160444
v 1.80955409 6.16039989 -3.16896926
v 1.81266343 -6.16039989 -3.16777857
v 1.84089721 -6.16039989 -3.15052374
v 1.68009094 -6.20767790 -3.17003536
v 1.58535968 -6.26841953 -3.13760531
v 1.58325734 -6.25209258 -3.15384275
v 1.48437279 -6.28786752 -3.12723333
v 1.29108232 -6.25329908 -3.16938736
v 1.28800637 -6.30762027 -3.12438593
v 1.19205397 -6.29203426 -3.15114302
v 1.04554929 -6.32366705 -3.12114480
v 0.95030052 -6.30522640 -3.14966467
v 1.09613515 -6.26636715 -3.16909173
v 0.75159424 -6.27933442 -3.16864687
v 0.69956392 -6.33592339 -3.11731237
v 0.50142927 -6.31678203 -3.14759068
v 0.25071076 -6.34120843 -3.11432522
v 0.05590547 -6.28560801 -3.16820825
v -0.32152863 -6.34090002 -3.11462412
v -0.09735372 -6.34149867 -3.11392375
v -0.19471140 -6.31890291 -3.14684294
v -0.29195536 -6.28521303 -3.16827698
v -0.77054618 -6.33413839 -3.11800391
v -0.64314354 -6.31447885 -3.14813239
v -0.92208533 -6.27418436 -3.16884632
v -0.51596012 -6.28352723 -3.16842135
v -1.05053460 -6.30055290 -3.15024178
v -1.12558950 -6.26469862 -3.16912568
v -1.21737329 -6.31307288 -3.12339531
v -1.29268511 -6.28422614 -3.15179555
v -1.39155503 -6.24423322 -3.16954298
v -1.48514113 -6.28770449 -3.12724120
v -1.58404541 -6.25193852 -3.15384655
v -1.58614793 -6.26826397 -3.13761285
v -1.68063481 -6.20757764 -3.17003585
v 1.73717462 -6.24049573 -3.14388045
v 1.38774702 -6.27549075 -3.15245814
v 1.33809129 -6.29306030 -3.13951986
v 0.82500554 -6.32273216 -3.13472529
v 0.02796382 -6.33206789 -3.13124074
v -0.02069986 -6.31908422 -3.14670433
v -0.35540309 -6.30243589 -3.15949632
v -0.41887863 -6.31768321 -3.14733062
v -0.84657291 -6.30910419 -3.14909103
v -1.73749056 -6.24043610 -3.14388345
v 0.91328430 -6.28306172 -3.16522484
v -3.63319671 -6.20103982 -0.03928580
v -3.61437592 -6.23443247 -0.02156580
v -1.95067074 -6.29123107 -2.85716505
v -2.03055411 -6.30183428 -2.73356394
v -1.98276109 -6.26340188 -2.87218999
v -1.96739099 -6.27982899 -2.86541168
v -2.12074235 -6.25658015 -2.66540274
v -1.92673148 -6.21424569 -3.00272482
v -2.21833431 -6.26860856 -2.49578537
v -2.17658679 -6.29760632 -2.53119627
v -2.49301102 -6.28369442 -2.01879528
v -2.84068783 -6.28548803 -1.41625982
v -2.72428033 -6.31908422 -1.57481542
v -2.94995512 -6.33933130 -1.12192375
v -2.59826780 -6.34135893 -1.72796512
v -3.01590571 -6.28317965 -1.11318678
v -3.07608900 -6.31326469 -0.96881032
v -3.12831740 -6.33158416 -0.81937455
v -3.21935732 -6.27312566 -0.76167551
v -3.28181747 -6.29745347 -0.61689891
v -3.28611280 -6.31679456 -0.55362204
v -3.23259903 -6.32295368 -0.64358462
v -3.39329422 -6.29984433 -0.37381545
v -3.38736515 -6.28225969 -0.43680981
v -3.44634260 -6.24311361 -0.36988248
v -3.37347347 -6.25588586 -0.49562444
v -3.46830972 -6.28354246 -0.24821108
v -3.52188191 -6.26503196 -0.17571392
v -3.53474625 -6.24873550 -0.18565844
v -3.59125067 -6.20579495 -0.11988167
v -1.86468423 -6.24423126 -3.05754758
v -1.94350913 -6.25830288 -2.93410529
v -1.95000517 -6.24960226 -2.93658634
v -2.07949091 -6.28356433 -2.70192825
v -2.12800975 -6.29126360 -2.61658738
v -2.12665421 -6.31733619 -2.56164809
v -2.35251369 -6.32563295 -2.19324895
v -2.55065277 -6.31822904 -1.87642747
v -2.48884498 -6.33037908 -1.95384679
v -2.89977367 -6.31823548 -1.27172942
v -2.95946420 -6.30170651 -1.19332981
v -3.17872434 -6.30712134 -0.79307168
v -3.23021990 -6.30282598 -0.70503515
v -3.33459767 -6.29063318 -0.52681511
v -3.46116964 -6.26751157 -0.31100848
v -2.30982965 -6.28482874 -2.32949624
v -2.28869449 -6.30023331 -2.34662557
v -2.42557147 -6.30754577 -2.10754818
v -3.18036776 -6.32776343 -0.73154758
v -2.18305010 -6.32137871 -2.46915316
v -2.27331962 -6.26899372 -2.40320909
v -2.45058820 -6.33727497 -1.99553882
v -2.23269168 -6.29960629 -2.43881181
v -3.64918493 -6.16039989 0.01736482
v -3.64918493 -6.16039989 -0.01736482
v -3.64918493 6.16039989 0.01736482
v -3.64467342 6.16039989 0.03420201
v -3.61437592 6.23443247 0.02156580
v -3.63319671 6.20103982 0.03928580
v -3.64527671 6.18005081 0.02588190
v 1.85062086 6.20103982 -3.12679775
v 1.82586449 6.23443247 -3.11935846
v 1.81086136 6.17004057 -3.16798467
v 1.81502559 6.19862174 -3.15845719
v 1.84161883 6.17521638 -3.14841110
v 1.81805960 6.22287907 -3.14036374
v 1.84468362 6.19771337 -3.13665097
v 1.82586449 -6.23443247 -3.11935846
v 1.85062086 -6.20103982 -3.12679775
v 1.82101893 -6.22187380 -3.13930783
v 1.81805141 -6.19808906 -3.15719668
v 1.84587870 -6.19718278 -3.13560540
v 1.81397372 -6.17003722 -3.16673598
v 1.84288500 -6.17515598 -3.14726038
v -3.63319671 -6.20103982 0.03928580
v -3.61437592 -6.23443247 0.02156580
v -3.64712542 -6.18043495 -0.01736482
v -3.63116254 -6.21718819 -0.01736482
v -3.64103301 -6.19963202 0.01736482
v -3.61792684 -6.23236914 0.01736482
v -1.95067074 6.29123107 2.85716505
v -1.96739099 6.27982899 2.86541168
v -1.98276109 6.26340188 2.87218999
v -3.52188191 6.26503196 0.17571392
v -3.53474625 6.24873550 0.18565844
v -2.03055411 6.30183428 2.73356394
v -2.12074235 6.25658015 2.66540274
v -2.21833431 6.26860856 2.49578537
v -2.17658679 6.29760632 2.53119627
v -2.22631059 6.32798155 2.38390233
v -2.37756961 6.31329236 2.17866669
v -2.12665421 6.31733619 2.56164809
v -2.49301102 6.28369442 2.01879528
v -2.31932665 6.27661523 2.32032701
v -2.84068783 6.28548803 1.41625982
v -2.72428033 6.31908422 1.57481542
v -2.94995512 6.33933130 1.12192375
v -2.59826780 6.34135893 1.72796512
v -3.01590571 6.28317965 1.11318678
v -3.07608900 6.31326469 0.96881032
v -3.12831740 6.33158416 0.81937455
v -3.21935732 6.27312566 0.76167551
v -3.28181747 6.29745347 0.61689891
v -3.28611280 6.31679456 0.55362204
v -3.23259903 6.32295368 0.64358462
v -3.37347347 6.25588586 0.49562444
v -3.38736515 6.28225969 0.43680981
v -3.39329422 6.29984433 0.37381545
v -3.59125067 6.20579495 0.11988167
v -2.07949091 6.28356433 2.70192825
v -2.12800975 6.29126360 2.61658738
v -2.22688460 6.30293024 2.44284671
v -2.27714906 6.30719064 2.35463107
v -2.55065277 6.31822904 1.87642747
v -2.95946420 6.30170651 1.19332981
v -3.17872434 6.30712134 0.79307168
v -3.23021990 6.30282598 0.70503515
v -3.33459767 6.29063318 0.52681511
v -3.59429577 6.23944253 0.06239026
v -2.26885579 6.27307873 2.40800254
v -3.18036776 6.32776343 0.73154758
v 3.63319671 6.20103982 -0.03928580
v 3.61437592 6.23443247 -0.02156580
v 1.95067074 6.29123107 -2.85716505
v 1.96739099 6.27982899 -2.86541168
v 1.98276109 6.26340188 -2.87218999
v 3.52188191 6.26503196 -0.17571392
v 3.53474625 6.24873550 -0.18565844
v 2.03055411 6.30183428 -2.73356394
v 2.12074235 6.25658015 -2.66540274
v 2.21833431 6.26860856 -2.49578537
v 2.17658679 6.29760632 -2.53119627
v 2.22631059 6.32798155 -2.38390233
v 2.12665421 6.31733619 -2.56164809
v 2.42570930 6.33876823 -2.03056127
v 2.37756961 6.31329236 -2.17866669
v 2.49301102 6.28369442 -2.01879528
v 2.31932665 6.27661523 -2.32032701
v 2.84068783 6.28548803 -1.41625982
v 2.72428033 6.31908422 -1.57481542
v 2.94995512 6.33933130 -1.12192375
v 2.59826780 6.34135893 -1.72796512
v 3.01590571 6.28317965 -1.11318678
v 3.07608900 6.31326469 -0.96881032
v 3.12831740 6.33158416 -0.81937455
v 3.21935732 6.27312566 -0.76167551
v 3.28181747 6.29745347 -0.61689891
v 3.28611280 6.31679456 -0.55362204
v 3.39329422 6.29984433 -0.37381545
v 3.38736515 6.28225969 -0.43680981
v 3.44634260 6.24311361 -0.36988248
v 3.37347347 6.25588586 -0.49562444
v 3.59125067 6.20579495 -0.11988167
v 2.07949091 6.28356433 -2.70192825
v 2.12800975 6.29126360 -2.61658738
v 2.22688460 6.30293024 -2.44284671
v 2.27714906 6.30719064 -2.35463107
v 2.55065277 6.31822904 -1.87642747
v 2.89977367 6.31823548 -1.27172942
v 2.95946420 6.30170651 -1.19332981
v 3.17872434 6.30712134 -0.79307168
v 3.33459767 6.29063318 -0.52681511
v 3.59429577 6.23944253 -0.06239026
v 2.26885579 6.27307873 -2.40800254
v 3.18036776 6.32776343 -0.73154758
v 3.64918493 6.16039989 0.01736482
v 3.64918493 6.16039989 -0.01736482
v 3.64918493 -6.16039989 0.01736482
v 3.64467342 -6.16039989 0.03420201
v 1.91307153 -6.26501536 -2.96225735
v 3.44963495 -6.29125667 -0.26087767
v 1.89510925 -6.21606076 -3.04958031
v 2.03903089 -6.25392929 -2.79847134
v 2.02033994 -6.29982824 -2.75184077
v 2.07192705 -6.28224633 -2.71521114
v 2.11591818 -6.25587726 -2.67377023
v 2.12243409 -6.31677962 -2.56917276
v 2.26924435 -6.27312413 -2.40731681
v 2.27367575 -6.33157882 -2.29966079
v 2.37698135 -6.31326166 -2.17970163
v 2.47192675 -6.28317810 -2.05538621
v 2.44651786 -6.33932977 -1.99390463
v 2.79552261 -6.34135971 -1.38630900
v 2.72589824 -6.31908422 -1.57201315
v 2.99476118 -6.28369489 -1.14973895
v 2.64678936 -6.28548730 -1.75210193
v 2.97129692 -6.33876980 -1.08557437
v 3.07548874 -6.31329467 -0.96983519
v 3.16904555 -6.27661873 -0.84857125
v 3.17761015 -6.32798729 -0.73620089
v 3.28172653 -6.31734884 -0.56100215
v 3.36857317 -6.25660310 -0.50409630
v 3.27050657 -6.26861775 -0.67337004
v 3.28030949 -6.29761783 -0.61949208
v 3.38254302 -6.30185640 -0.39184660
v 3.47869337 -6.26342763 -0.28115715
v 3.46513738 -6.27985489 -0.27123516
v 3.56374701 -6.21426471 -0.16733039
v 2.12347460 -6.29062047 -2.62453770
v 2.19979727 -6.30021805 -2.49040125
v 2.55116426 -6.31823438 -1.87553928
v 2.90028807 -6.31822980 -1.27084137
v 2.93642995 -6.33038019 -1.17860631
v 3.17767242 -6.30719540 -0.79487851
v 3.22893969 -6.30293786 -0.70723594
v 3.32995604 -6.29128185 -0.53475415
v 3.51809105 -6.24962634 -0.22058027
v 3.51269401 -6.25832713 -0.21619507
v 3.58022325 -6.24424312 -0.08614541
v 2.18015087 -6.26451036 -2.56212637
v 3.21974120 -6.27308424 -0.76102121
v -1.85062086 -6.20103982 3.12679775
v -1.82586449 -6.23443247 3.11935846
v -1.91307153 -6.26501536 2.96225735
v -3.44963495 -6.29125667 0.26087767
v -1.89510925 -6.21606076 3.04958031
v -2.03903089 -6.25392929 2.79847134
v -2.02033994 -6.29982824 2.75184077
v -2.07192705 -6.28224633 2.71521114
v -2.11591818 -6.25587726 2.67377023
v -2.12243409 -6.31677962 2.56917276
v -2.17509177 -6.29744435 2.53379987
v -2.37060740 -6.27945660 2.23126411
v -2.44651786 -6.33932977 1.99390463
v -2.64678936 -6.28548730 1.75210193
v -2.79552261 -6.34135971 1.38630900
v -2.72589824 -6.31908422 1.57201315
v -3.07548874 -6.31329467 0.96983519
v -2.97129692 -6.33876980 1.08557437
v -3.16904555 -6.27661873 0.84857125
v -3.17761015 -6.32798729 0.73620089
v -3.28030949 -6.29761783 0.61949208
v -3.36857317 -6.25660310 0.50409630
v -3.27050657 -6.26861775 0.67337004
v -3.38254302 -6.30185640 0.39184660
v -3.47869337 -6.26342763 0.28115715
v -3.46513738 -6.27985489 0.27123516
v -3.56374701 -6.21426471 0.16733039
v -1.84726046 -6.24312402 3.08003774
v -2.12347460 -6.29062047 2.62453770
v -2.27573771 -6.32091098 2.32861579
v -2.51311290 -6.30170522 1.96643341
v -2.55116426 -6.31823438 1.87553928
v -3.17767242 -6.30719540 0.79487851
v -3.22893969 -6.30293786 0.70723594
v -3.37959533 -6.28358816 0.45007956
v -3.51809105 -6.24962634 0.22058027
v -3.51269401 -6.25832713 0.21619507
v -3.58022325 -6.24424312 0.08614541
v -2.22131763 -6.27767990 2.48354502
v -2.32595636 -6.30273091 2.28147942
v -3.21974120 -6.27308424 0.76102121
v -1.80955409 -6.16039989 3.16896926
v -1.83963084 -6.16039989 3.15160444
v -1.77868114 6.16039989 3.17494457
v -1.77701684 6.16039989 3.17498614
v -1.78851143 6.23443247 3.14092427
v -1.78257586 6.20103982 3.16608355
v 3.63319671 6.20103982 0.03928580
v 3.61437592 6.23443247 0.02156580
v 3.64712542 6.18043495 -0.01736482
v 3.63116254 6.21718819 -0.01736482
v 3.64103301 6.19963202 0.01736482
v 3.61792684 6.23236914 0.01736482
v 3.61437592 -6.23443247 0.02156580
v 3.63319671 -6.20103982 0.03928580
v 3.64527671 -6.18005081 0.02588190
v -1.78257586 -6.20103982 3.16608355
v -1.78851143 -6.23443247 3.14092427
v -1.83976978 -6.16289321 3.15144700
v -1.84327076 -6.18692217 3.14343699
v -1.81306071 -6.18469832 3.16437363
v -1.81670611 -6.21145729 3.15038558
v -1.81905171 -6.23259709 3.12864613
v 1.68009094 6.20767790 3.17003536
v 1.58535968 6.26841953 3.13760531
v 1.58325734 6.25209258 3.15384275
v 1.48437279 6.28786752 3.12723333
v 1.29108232 6.25329908 3.16938736
v 1.28800637 6.30762027 3.12438593
v 1.19205397 6.29203426 3.15114302
v 1.04554929 6.32366705 3.12114480
v 0.95030052 6.30522640 3.14966467
v 1.09613515 6.26636715 3.16909173
v 0.75159424 6.27933442 3.16864687
v 0.69956392 6.33592339 3.11731237
v 0.50142926 6.31678203 3.14759068
v 0.25071076 6.34120843 3.11432522
v 0.05590547 6.28560801 3.16820825
v -0.32152863 6.34090002 3.11462412
v -0.09735372 6.34149867 3.11392375
v -0.19471140 6.31890291 3.14684294
v -0.29195536 6.28521303 3.16827698
v -0.77054619 6.33413839 3.11800391
v -0.64314354 6.31447885 3.14813239
v -0.92208533 6.27418436 3.16884632
v -0.97463259 6.32699655 3.12026399
v -1.05053461 6.30055290 3.15024178
v -0.51596012 6.28352723 3.16842135
v -1.12558951 6.26469862 3.16912568
v -1.21737329 6.31307288 3.12339531
v -1.39155503 6.24423322 3.16954298
v -1.48514113 6.28770449 3.12724120
v -1.58404541 6.25193852 3.15384655
v -1.58614793 6.26826397 3.13761285
v -1.68063481 6.20757764 3.17003585
v 1.73717462 6.24049573 3.14388045
v 1.38774702 6.27549075 3.15245814
v 1.33809129 6.29306030 3.13951986
v 0.82500554 6.32273216 3.13472529
v 0.15328553 6.31898598 3.14678985
v -0.02069986 6.31908422 3.14670433
v 0.02796382 6.33206789 3.13124074
v -0.35540309 6.30243589 3.15949632
v -0.41887863 6.31768321 3.14733062
v -0.84657291 6.30910419 3.14909103
v -1.30524511 6.28314533 3.15188320
v -1.73749056 6.24043610 3.14388345
v 0.91328430 6.28306172 3.16522484
v 0.07664373 6.34151056 3.11389588
v -1.25244256 6.25626810 3.16931871
v 1.85062086 6.20103982 3.12679775
v 1.82586449 6.23443247 3.11935846
v 3.44963495 6.29125667 0.26087767
v 1.89941769 6.20578455 3.05022255
v 1.92811555 6.24871900 2.96842564
v 1.91307153 6.26501536 2.96225735
v 1.94906823 6.28352433 2.87961712
v 2.04343533 6.24309614 2.79978692
v 2.02033994 6.29982824 2.75184077
v 2.07192705 6.28224633 2.71521114
v 2.11591818 6.25587726 2.67377023
v 2.12243409 6.31677962 2.56917276
v 2.26924435 6.27312413 2.40731681
v 2.47192675 6.28317810 2.05538621
v 2.37698135 6.31326166 2.17970163
v 2.44651786 6.33932977 1.99390463
v 2.27367575 6.33157882 2.29966079
v 2.79552261 6.34135971 1.38630900
v 2.72589824 6.31908422 1.57201315
v 2.99476118 6.28369489 1.14973895
v 2.64678936 6.28548730 1.75210193
v 2.97129692 6.33876980 1.08557437
v 3.07548874 6.31329467 0.96983519
v 3.16904555 6.27661873 0.84857125
v 3.17761015 6.32798729 0.73620089
v 3.28172653 6.31734884 0.56100215
v 3.36857317 6.25660310 0.50409630
v 3.27050657 6.26861775 0.67337004
v 3.28030949 6.29761783 0.61949208
v 3.38254302 6.30185640 0.39184660
v 3.47869337 6.26342763 0.28115715
v 3.46513738 6.27985489 0.27123516
v 3.56374701 6.21426471 0.16733039
v 1.85116366 6.23943645 3.08158437
v 1.99986962 6.26749222 2.84205331
v 2.12347460 6.29062047 2.62453770
v 2.27610807 6.30711747 2.35644746
v 2.51311290 6.30170522 1.96643341
v 2.55116426 6.31823438 1.87553928
v 2.90028807 6.31822980 1.27084137
v 2.93642995 6.33038019 1.17860631
v 3.17767242 6.30719540 0.79487851
v 3.22893969 6.30293786 0.70723594
v 3.37959533 6.28358816 0.45007956
v 3.51809105 6.24962634 0.22058027
v 3.51269401 6.25832713 0.21619507
v 3.58022325 6.24424312 0.08614541
v 2.22364163 6.32775639 2.38864761
v 3.21974120 6.27308424 0.76102121
v 1.82586449 -6.23443247 3.11935846
v 1.85062086 -6.20103982 3.12679775
v 1.95067074 -6.29123107 2.85716505
v 2.03055411 -6.30183428 2.73356394
v 1.96739099 -6.27982899 2.86541168
v 1.98276109 -6.26340188 2.87218999
v 2.12074235 -6.25658015 2.66540274
v 1.92673148 -6.21424569 3.00272482
v 2.21833431 -6.26860856 2.49578537
v 2.17658679 -6.29760632 2.53119627
v 2.22631059 -6.32798155 2.38390233
v 2.12665421 -6.31733619 2.56164809
v 2.42570930 -6.33876823 2.03056127
v 2.37756961 -6.31329236 2.17866669
v 2.49301102 -6.28369442 2.01879528
v 2.31932665 -6.27661523 2.32032701
v 2.84068783 -6.28548803 1.41625982
v 2.72428033 -6.31908422 1.57481542
v 2.94995512 -6.33933130 1.12192375
v 2.59826780 -6.34135893 1.72796512
v 3.01590571 -6.28317965 1.11318678
v 3.07608900 -6.31326469 0.96881032
v 3.12831740 -6.33158416 0.81937455
v 3.21935732 -6.27312566 0.76167551
v 3.28181747 -6.29745347 0.61689891
v 3.28611280 -6.31679456 0.55362204
v 3.23259903 -6.32295368 0.64358462
v 3.38736515 -6.28225969 0.43680981
v 3.39329422 -6.29984433 0.37381545
v 3.44634260 -6.24311361 0.36988248
v 3.46830972 -6.28354246 0.24821108
v 3.52188191 -6.26503196 0.17571392
v 3.53474625 -6.24873550 0.18565844
v 3.59125067 -6.20579495 0.11988167
v 1.86468423 -6.24423126 3.05754758
v 1.94350913 -6.25830288 2.93410529
v 1.95000517 -6.24960226 2.93658634
v 2.07949091 -6.28356433 2.70192825
v 2.12800975 -6.29126360 2.61658738
v 2.27714906 -6.30719064 2.35463107
v 2.48884498 -6.33037908 1.95384679
v 2.55065277 -6.31822904 1.87642747
v 2.89977367 -6.31823548 1.27172942
v 2.95946420 -6.30170651 1.19332981
v 3.17872434 -6.30712134 0.79307168
v 3.23021990 -6.30282598 0.70503515
v 3.46116964 -6.26751157 0.31100848
v 3.59429577 -6.23944253 0.06239026
v 2.26885579 -6.27307873 2.40800254
v 3.18036776 -6.32776343 0.73154758
v 1.78257586 -6.20103982 3.16608355
v 1.78851143 -6.23443247 3.14092427
v -1.58535968 -6.26841953 3.13760531
v -1.58325734 -6.25209258 3.15384275
v -1.48437279 -6.28786752 3.12723333
v -1.29108232 -6.25329908 3.16938736
v -1.28800637 -6.30762027 3.12438593
v -1.19205397 -6.29203426 3.15114302
v -1.04554929 -6.32366705 3.12114480
v -0.95030052 -6.30522640 3.14966467
v -1.09613515 -6.26636715 3.16909173
v -0.75159424 -6.27933442 3.16864687
v -0.69956392 -6.33592339 3.11731237
v -0.50142926 -6.31678203 3.14759068
v -0.25071076 -6.34120843 3.11432522
v -0.05590547 -6.28560801 3.16820825
v 0.32152863 -6.34090002 3.11462412
v 0.19471140 -6.31890291 3.14684294
v 0.09735372 -6.34149867 3.11392375
v 0.29195536 -6.28521303 3.16827698
v 0.77054619 -6.33413839 3.11800391
v 0.64314354 -6.31447885 3.14813239
v 0.92208533 -6.27418436 3.16884632
v 0.51596012 -6.28352723 3.16842135
v 0.97463259 -6.32699655 3.12026399
v 1.05053461 -6.30055290 3.15024178
v 1.12558951 -6.26469862 3.16912568
v 1.21737329 -6.31307288 3.12339531
v 1.29268511 -6.28422614 3.15179555
v 1.39155503 -6.24423322 3.16954298
v 1.48514113 -6.28770449 3.12724120
v 1.58404541 -6.25193852 3.15384655
v 1.58614793 -6.26826397 3.13761285
v 1.68063481 -6.20757764 3.17003585
v -1.38774702 -6.27549075 3.15245814
v -1.33809129 -6.29306030 3.13951986
v -0.82500554 -6.32273216 3.13472529
v -0.15328553 -6.31898598 3.14678985
v 0.02069986 -6.31908422 3.14670433
v -0.02796382 -6.33206789 3.13124074
v 0.35540309 -6.30243589 3.15949632
v 0.41887863 -6.31768321 3.14733062
v 0.84657291 -6.30910419 3.14909103
v 1.73749056 -6.24043610 3.14388345
v -0.91328430 -6.28306172 3.16522484
v -0.07664373 -6.34151056 3.11389588
v 1.84089721 6.16039989 3.15052374
v 1.81266343 6.16039989 3.16777857
v 1.82101893 6.22187380 3.13930783
v 1.81805141 6.19808906 3.15719668
v 1.84587870 6.19718278 3.13560540
v 1.81397372 6.17003722 3.16673598
v 1.84288500 6.17515598 3.14726038
v 1.80955409 -6.16039989 3.16896926
v 1.83963084 -6.16039989 3.15160444
v 1.81086136 -6.17004057 3.16798467
v 1.81502559 -6.19862174 3.15845719
v 1.84161883 -6.17521638 3.14841110
v 1.81805960 -6.22287907 3.14036374
v 1.84468362 -6.19771337 3.13665097
f 6 7 8
f 5 8 9
f 5 6 8
f 3 9 4
f 2 9 3
f 1 5 9
f 1 9 2
f 15 16 17
f 14 17 18
f 14 15 17
f 19 10 11
f 19 11 12
f 19 12 13
f 19 13 14
f 19 18 10
f 19 14 18
f 29 25 26
f 29 26 27
f 29 27 28
f 30 28 20
f 31 24 25
f 31 28 30
f 31 25 29
f 31 29 28
f 32 20 21
f 32 21 22
f 32 30 20
f 33 22 23
f 33 23 24
f 33 32 22
f 33 30 32
f 33 24 31
f 33 31 30
f 39 40 41
f 38 41 42
f 38 39 41
f 35 42 34
f 36 42 35
f 37 38 42
f 37 42 36
f 48 49 50
f 47 50 51
f 47 48 50
f 52 43 44
f 52 44 45
f 52 45 46
f 52 46 47
f 52 51 43
f 52 47 51
f 62 58 59
f 62 61 60
f 62 59 61
f 63 60 53
f 64 57 58
f 64 62 60
f 64 60 63
f 64 58 62
f 65 53 54
f 65 54 55
f 65 63 53
f 66 55 56
f 66 56 57
f 66 65 55
f 66 63 65
f 66 57 64
f 66 64 63
f 119 90 89
f 119 117 90
f 120 95 94
f 120 117 119
f 120 118 117
f 120 94 118
f 121 89 88
f 121 119 89
f 122 120 119
f 122 95 120
f 122 96 95
f 122 119 121
f 123 88 87
f 123 121 88
f 124 121 123
f 124 97 96
f 124 96 122
f 124 122 121
f 125 87 86
f 125 123 87
f 126 124 123
f 126 97 124
f 126 98 97
f 126 123 125
f 127 86 85
f 127 125 86
f 128 99 98
f 128 98 126
f 128 126 125
f 128 125 127
f 129 85 84
f 129 127 85
f 130 99 128
f 130 100 99
f 130 128 127
f 130 127 129
f 131 84 83
f 131 129 84
f 131 130 129
f 132 101 100
f 132 130 131
f 132 100 130
f 133 82 81
f 133 83 82
f 133 131 83
f 134 102 101
f 134 101 132
f 134 132 131
f 134 131 133
f 135 133 81
f 135 134 133
f 136 103 102
f 136 134 135
f 136 102 134
f 137 80 79
f 137 81 80
f 137 135 81
f 138 104 103
f 138 136 135
f 138 135 137
f 138 103 136
f 139 137 79
f 140 104 138
f 140 105 104
f 140 138 137
f 140 137 139
f 141 139 79
f 141 78 77
f 141 79 78
f 142 106 105
f 142 105 140
f 142 139 141
f 142 140 139
f 143 141 77
f 144 141 143
f 144 107 106
f 144 142 141
f 144 106 142
f 145 77 76
f 145 143 77
f 145 144 143
f 146 108 107
f 146 107 144
f 146 144 145
f 147 76 75
f 147 145 76
f 148 109 108
f 148 146 145
f 148 108 146
f 148 145 147
f 149 75 74
f 149 147 75
f 149 148 147
f 150 110 109
f 150 109 148
f 150 148 149
f 151 73 72
f 151 74 73
f 151 149 74
f 152 111 110
f 152 150 149
f 152 110 150
f 152 149 151
f 153 151 72
f 154 111 152
f 154 151 153
f 154 112 111
f 154 152 151
f 155 72 71
f 155 153 72
f 156 154 153
f 156 112 154
f 156 153 155
f 156 113 112
f 157 70 69
f 157 71 70
f 157 155 71
f 158 156 155
f 158 113 156
f 158 155 157
f 158 114 113
f 159 158 157
f 159 157 69
f 160 114 158
f 160 115 114
f 160 158 159
f 161 68 67
f 161 69 68
f 161 159 69
f 161 160 159
f 161 67 91
f 161 91 92
f 162 115 160
f 162 92 93
f 162 161 92
f 162 116 115
f 162 93 116
f 162 160 161
f 187 164 163
f 189 212 188
f 215 186 185
f 215 213 186
f 216 191 190
f 216 213 215
f 216 214 213
f 216 190 214
f 217 185 184
f 217 215 185
f 218 216 215
f 218 191 216
f 218 192 191
f 218 215 217
f 219 184 183
f 219 217 184
f 220 217 219
f 220 193 192
f 220 192 218
f 220 218 217
f 221 183 182
f 221 219 183
f 222 220 219
f 222 193 220
f 222 194 193
f 222 219 221
f 223 182 181
f 223 221 182
f 224 195 194
f 224 194 222
f 224 222 221
f 224 221 223
f 225 181 180
f 225 223 181
f 225 224 223
f 226 195 224
f 226 196 195
f 226 224 225
f 227 180 179
f 227 225 180
f 228 197 196
f 228 225 227
f 228 226 225
f 228 196 226
f 229 179 178
f 229 228 227
f 229 227 179
f 230 198 197
f 230 197 228
f 230 228 229
f 231 178 177
f 231 229 178
f 232 199 198
f 232 198 230
f 232 230 229
f 232 229 231
f 233 177 176
f 233 232 231
f 233 231 177
f 234 200 199
f 234 232 233
f 234 199 232
f 235 176 175
f 235 234 233
f 235 233 176
f 236 200 234
f 236 201 200
f 236 234 235
f 237 174 173
f 237 175 174
f 237 235 175
f 238 202 201
f 238 201 236
f 238 236 235
f 238 235 237
f 239 237 173
f 240 202 238
f 240 203 202
f 240 238 237
f 240 237 239
f 241 173 172
f 241 240 239
f 241 239 173
f 242 240 241
f 242 204 203
f 242 203 240
f 243 172 171
f 243 241 172
f 244 205 204
f 244 242 241
f 244 204 242
f 244 241 243
f 245 171 170
f 245 243 171
f 245 244 243
f 246 206 205
f 246 205 244
f 246 244 245
f 247 170 169
f 247 245 170
f 248 246 245
f 248 207 206
f 248 206 246
f 248 245 247
f 249 169 168
f 249 247 169
f 250 248 247
f 250 207 248
f 250 247 249
f 250 208 207
f 251 168 167
f 251 249 168
f 252 208 250
f 252 249 251
f 252 250 249
f 252 209 208
f 253 251 167
f 253 167 166
f 254 251 253
f 254 209 252
f 254 252 251
f 254 210 209
f 255 166 165
f 255 253 166
f 256 254 253
f 256 210 254
f 256 253 255
f 256 211 210
f 257 165 164
f 257 255 165
f 257 164 187
f 258 256 255
f 258 211 256
f 258 187 188
f 258 257 187
f 258 212 211
f 258 255 257
f 258 188 212
f 311 282 281
f 311 309 282
f 312 287 286
f 312 309 311
f 312 310 309
f 312 286 310
f 313 281 280
f 313 311 281
f 314 287 312
f 314 288 287
f 314 311 313
f 314 312 311
f 315 280 279
f 315 313 280
f 316 313 315
f 316 289 288
f 316 288 314
f 316 314 313
f 317 279 278
f 317 315 279
f 318 316 315
f 318 289 316
f 318 290 289
f 318 315 317
f 319 278 277
f 319 317 278
f 320 291 290
f 320 290 318
f 320 318 317
f 320 317 319
f 321 277 276
f 321 319 277
f 322 291 320
f 322 292 291
f 322 320 319
f 322 319 321
f 323 276 275
f 323 321 276
f 324 322 321
f 324 293 292
f 324 321 323
f 324 292 322
f 325 275 274
f 325 323 275
f 326 323 325
f 326 294 293
f 326 324 323
f 326 293 324
f 327 274 273
f 327 325 274
f 328 295 294
f 328 326 325
f 328 294 326
f 328 325 327
f 329 273 272
f 329 328 327
f 329 327 273
f 330 328 329
f 330 296 295
f 330 295 328
f 331 272 271
f 331 329 272
f 332 297 296
f 332 298 297
f 332 296 330
f 332 329 331
f 332 330 329
f 333 331 271
f 333 271 270
f 333 332 331
f 334 299 298
f 334 298 332
f 334 332 333
f 335 333 270
f 335 270 269
f 335 334 333
f 336 300 299
f 336 299 334
f 336 334 335
f 337 269 268
f 337 335 269
f 338 301 300
f 338 336 335
f 338 300 336
f 338 335 337
f 339 268 267
f 339 337 268
f 340 301 338
f 340 338 337
f 340 337 339
f 341 267 266
f 341 339 267
f 342 302 301
f 342 301 340
f 342 340 339
f 342 339 341
f 343 266 265
f 343 341 266
f 344 341 343
f 344 303 302
f 344 302 342
f 344 342 341
f 345 264 263
f 345 265 264
f 345 343 265
f 346 343 345
f 346 304 303
f 346 344 343
f 346 303 344
f 347 345 263
f 348 304 346
f 348 346 345
f 348 345 347
f 348 305 304
f 348 306 305
f 349 347 263
f 349 263 262
f 349 348 347
f 350 306 348
f 350 348 349
f 351 262 261
f 351 349 262
f 352 306 350
f 352 350 349
f 352 349 351
f 352 307 306
f 353 260 259
f 353 261 260
f 353 351 261
f 353 259 283
f 354 352 351
f 354 307 352
f 354 283 284
f 354 284 285
f 354 353 283
f 354 308 307
f 354 285 308
f 354 351 353
f 357 163 356
f 357 400 163
f 358 399 400
f 358 400 357
f 359 398 399
f 359 399 358
f 360 397 398
f 360 398 359
f 361 396 397
f 361 397 360
f 362 395 396
f 362 396 361
f 363 394 395
f 363 395 362
f 364 393 394
f 364 394 363
f 365 391 392
f 365 392 393
f 365 393 364
f 366 390 391
f 366 391 365
f 367 390 366
f 368 390 367
f 368 388 389
f 368 389 390
f 369 388 368
f 369 387 388
f 370 387 369
f 370 386 387
f 371 386 370
f 371 385 386
f 372 385 371
f 372 384 385
f 373 384 372
f 373 383 384
f 374 383 373
f 374 382 383
f 375 382 374
f 375 381 382
f 376 380 381
f 376 381 375
f 377 379 380
f 377 380 376
f 378 186 379
f 378 379 377
f 355 186 378
f 401 356 93
f 401 357 356
f 402 358 357
f 402 357 401
f 403 359 358
f 403 358 402
f 404 360 359
f 404 359 403
f 405 361 360
f 405 360 404
f 362 361 405
f 406 362 405
f 407 363 362
f 407 362 406
f 408 364 363
f 408 363 407
f 409 365 364
f 409 364 408
f 410 366 365
f 410 365 409
f 411 367 366
f 411 366 410
f 412 368 367
f 412 367 411
f 413 368 412
f 413 369 368
f 414 369 413
f 414 370 369
f 415 370 414
f 415 371 370
f 416 371 415
f 416 372 371
f 417 372 416
f 417 373 372
f 418 373 417
f 418 374 373
f 419 374 418
f 419 375 374
f 420 375 419
f 420 376 375
f 421 376 420
f 421 377 376
f 422 377 421
f 422 378 377
f 94 378 422
f 94 355 378
f 431 454 453
f 431 455 454
f 431 430 455
f 456 431 453
f 436 435 459
f 439 438 460
f 447 446 465
f 452 451 425
f 426 452 425
f 427 452 426
f 428 452 427
f 429 452 428
f 467 432 431
f 467 431 456
f 468 456 457
f 469 433 432
f 469 432 467
f 469 467 456
f 469 456 468
f 470 457 7
f 470 7 458
f 471 468 457
f 471 457 470
f 472 434 433
f 472 471 434
f 472 468 471
f 472 433 469
f 472 469 468
f 473 470 458
f 473 471 470
f 473 435 434
f 473 434 471
f 474 473 458
f 474 458 459
f 475 435 473
f 475 473 474
f 475 474 459
f 475 459 435
f 476 436 459
f 477 437 436
f 477 436 476
f 477 476 459
f 478 438 437
f 478 459 460
f 478 477 459
f 478 437 477
f 478 460 438
f 479 460 461
f 479 439 460
f 480 439 479
f 480 440 439
f 481 440 480
f 481 441 440
f 481 479 461
f 481 480 479
f 482 461 462
f 482 481 461
f 483 482 462
f 484 481 482
f 484 441 481
f 485 442 441
f 485 482 483
f 485 484 482
f 485 441 484
f 486 485 483
f 486 462 463
f 486 483 462
f 487 485 486
f 487 486 463
f 488 485 487
f 488 442 485
f 489 463 464
f 489 487 463
f 490 443 442
f 490 442 488
f 490 489 464
f 490 487 489
f 490 488 487
f 491 444 443
f 491 443 490
f 491 490 464
f 492 445 444
f 492 491 464
f 492 444 491
f 493 445 492
f 493 465 446
f 493 446 445
f 493 464 465
f 493 492 464
f 494 447 465
f 494 465 466
f 495 494 466
f 496 494 495
f 496 448 447
f 496 449 448
f 496 447 494
f 497 423 424
f 497 466 423
f 498 496 495
f 498 495 466
f 498 497 424
f 498 466 497
f 499 496 498
f 499 449 496
f 500 424 425
f 500 499 498
f 500 498 424
f 501 500 425
f 501 450 449
f 501 425 450
f 501 449 499
f 501 499 500
f 502 450 425
f 502 425 451
f 502 451 450
f 503 190 282
f 503 546 190
f 504 545 546
f 504 546 503
f 505 544 545
f 505 545 504
f 506 543 544
f 506 544 505
f 507 542 543
f 507 543 506
f 508 541 542
f 508 542 507
f 509 540 541
f 509 541 508
f 510 539 540
f 510 540 509
f 511 538 539
f 511 539 510
f 512 537 538
f 512 538 511
f 536 537 512
f 513 536 512
f 535 536 513
f 514 535 513
f 534 535 514
f 515 534 514
f 516 534 515
f 516 533 534
f 532 533 516
f 517 532 516
f 531 532 517
f 518 531 517
f 530 531 518
f 519 530 518
f 520 530 519
f 520 529 530
f 528 529 520
f 521 528 520
f 527 528 521
f 522 527 521
f 526 527 522
f 523 526 522
f 525 526 523
f 524 525 523
f 259 189 525
f 259 525 524
f 548 588 547
f 548 589 588
f 548 587 589
f 586 548 549
f 586 587 548
f 550 586 549
f 582 583 553
f 554 582 553
f 555 582 554
f 581 555 556
f 581 582 555
f 562 578 561
f 563 578 562
f 577 578 563
f 577 563 564
f 571 569 570
f 572 569 571
f 573 574 569
f 573 569 572
f 590 586 550
f 591 585 586
f 591 586 590
f 592 550 551
f 592 590 550
f 593 590 592
f 593 583 584
f 593 584 585
f 593 585 591
f 593 591 590
f 594 551 552
f 594 552 553
f 594 592 551
f 595 593 592
f 595 583 593
f 595 592 594
f 595 594 553
f 595 553 583
f 596 556 557
f 596 581 556
f 597 557 558
f 597 581 596
f 597 596 557
f 598 580 581
f 598 581 597
f 599 558 559
f 599 597 558
f 600 16 580
f 600 597 599
f 600 580 598
f 600 598 597
f 601 600 599
f 601 599 559
f 602 579 16
f 602 600 601
f 602 16 600
f 603 602 601
f 603 559 560
f 603 601 559
f 603 579 602
f 604 560 561
f 604 578 579
f 604 603 560
f 604 579 603
f 604 561 578
f 605 577 564
f 605 564 565
f 606 565 566
f 606 577 605
f 606 605 565
f 607 577 606
f 607 576 577
f 608 606 566
f 608 607 606
f 609 575 40
f 609 40 576
f 609 576 607
f 609 607 608
f 610 608 566
f 610 566 567
f 611 574 575
f 611 608 610
f 611 575 609
f 611 609 608
f 611 610 574
f 612 610 567
f 612 567 568
f 612 568 569
f 612 569 574
f 612 574 610
f 620 615 616
f 620 616 617
f 620 617 619
f 621 614 615
f 621 615 620
f 622 614 621
f 618 613 614
f 618 614 622
f 629 624 625
f 629 625 626
f 629 626 628
f 630 623 624
f 630 624 629
f 631 623 630
f 627 10 623
f 627 623 631
f 638 633 634
f 638 634 635
f 638 635 637
f 639 632 633
f 639 633 638
f 640 632 639
f 636 34 632
f 636 632 640
f 646 642 643
f 646 643 644
f 646 644 43
f 647 641 642
f 647 642 646
f 648 641 647
f 645 53 641
f 645 641 648
f 655 651 652
f 655 652 653
f 655 653 20
f 656 650 651
f 656 651 655
f 657 650 656
f 654 649 650
f 654 650 657
f 664 660 661
f 664 661 662
f 664 662 4
f 665 659 660
f 665 660 664
f 666 659 665
f 663 658 659
f 663 659 666
f 667 571 570
f 667 572 571
f 667 573 572
f 702 667 668
f 702 573 667
f 669 702 668
f 699 700 672
f 673 699 672
f 674 699 673
f 698 674 675
f 698 699 674
f 681 694 680
f 682 694 681
f 693 694 682
f 693 682 683
f 588 688 547
f 589 688 588
f 587 689 688
f 587 688 589
f 703 702 669
f 704 701 702
f 704 702 703
f 705 669 670
f 705 703 669
f 706 700 59
f 706 59 701
f 706 701 704
f 706 704 703
f 706 703 705
f 707 670 671
f 707 671 672
f 707 705 670
f 708 706 705
f 708 707 672
f 708 705 707
f 708 672 700
f 708 700 706
f 709 675 676
f 709 698 675
f 710 676 677
f 710 698 709
f 710 709 676
f 711 697 698
f 711 698 710
f 712 677 678
f 712 710 677
f 712 711 710
f 713 696 697
f 713 711 712
f 713 697 711
f 714 712 678
f 715 695 696
f 715 713 712
f 715 696 713
f 715 712 714
f 716 678 679
f 716 695 715
f 716 715 714
f 716 714 678
f 717 679 680
f 717 716 679
f 717 694 695
f 717 695 716
f 717 680 694
f 718 693 683
f 718 683 684
f 719 684 685
f 719 693 718
f 719 718 684
f 720 693 719
f 720 692 693
f 721 719 685
f 722 690 691
f 722 691 692
f 722 692 720
f 722 719 721
f 722 720 719
f 723 721 685
f 723 685 686
f 724 689 690
f 724 721 723
f 724 690 722
f 724 722 721
f 724 723 689
f 725 723 686
f 725 686 687
f 725 687 688
f 725 688 689
f 725 689 723
f 212 189 259
f 260 212 259
f 211 212 260
f 261 211 260
f 210 211 261
f 262 210 261
f 209 210 262
f 263 209 262
f 208 209 263
f 264 208 263
f 207 208 264
f 265 207 264
f 206 207 265
f 266 206 265
f 205 206 266
f 267 205 266
f 204 205 267
f 268 204 267
f 203 204 268
f 269 203 268
f 202 203 269
f 270 202 269
f 201 202 270
f 271 201 270
f 272 201 271
f 272 200 201
f 199 200 272
f 273 199 272
f 274 199 273
f 274 198 199
f 275 198 274
f 275 197 198
f 196 197 275
f 276 196 275
f 277 196 276
f 277 195 196
f 194 195 277
f 278 194 277
f 279 193 194
f 279 194 278
f 280 192 193
f 280 193 279
f 191 192 280
f 281 191 280
f 282 190 191
f 282 191 281
f 731 673 672
f 730 672 671
f 730 731 672
f 732 673 731
f 729 671 670
f 729 730 671
f 733 674 673
f 733 673 732
f 728 670 669
f 728 729 670
f 734 675 674
f 734 674 733
f 727 668 667
f 727 669 668
f 727 728 669
f 735 676 675
f 735 675 734
f 726 727 667
f 736 677 676
f 736 676 735
f 285 667 570
f 285 726 667
f 737 678 677
f 737 677 736
f 308 285 570
f 308 570 569
f 738 679 678
f 738 678 737
f 307 308 569
f 307 569 568
f 739 680 679
f 739 679 738
f 306 568 567
f 306 307 568
f 740 681 680
f 740 680 739
f 305 567 566
f 305 306 567
f 741 682 681
f 741 681 740
f 304 566 565
f 304 305 566
f 742 683 682
f 742 682 741
f 564 304 565
f 564 303 304
f 684 742 743
f 684 683 742
f 302 303 564
f 563 302 564
f 685 743 744
f 685 744 745
f 685 684 743
f 562 302 563
f 562 301 302
f 686 685 745
f 561 301 562
f 561 300 301
f 687 686 745
f 687 745 746
f 560 300 561
f 560 298 299
f 560 299 300
f 688 687 746
f 688 746 747
f 559 298 560
f 547 747 286
f 547 286 287
f 547 688 747
f 558 298 559
f 558 296 297
f 558 297 298
f 548 547 287
f 548 287 288
f 557 296 558
f 549 548 288
f 556 296 557
f 556 294 295
f 556 295 296
f 550 549 288
f 550 288 289
f 555 294 556
f 551 550 289
f 551 289 290
f 554 294 555
f 554 293 294
f 552 551 290
f 552 290 291
f 553 293 554
f 553 291 292
f 553 292 293
f 553 552 291
f 761 427 426
f 761 428 427
f 761 429 428
f 748 761 426
f 766 765 752
f 769 768 753
f 777 776 757
f 782 781 760
f 453 782 760
f 454 782 453
f 455 782 454
f 430 782 455
f 783 762 761
f 783 761 748
f 784 748 749
f 785 763 762
f 785 762 783
f 785 783 748
f 785 748 784
f 786 749 750
f 786 750 751
f 787 784 749
f 787 749 786
f 788 787 764
f 788 764 763
f 788 763 785
f 788 785 784
f 788 784 787
f 789 787 786
f 789 764 787
f 789 765 764
f 789 786 751
f 790 751 752
f 790 789 751
f 791 765 789
f 791 790 752
f 791 789 790
f 791 752 765
f 792 766 752
f 793 766 792
f 793 792 752
f 793 767 766
f 793 768 767
f 794 752 753
f 794 793 752
f 794 768 793
f 794 753 768
f 795 753 754
f 795 769 753
f 796 769 795
f 796 770 769
f 797 771 770
f 797 796 795
f 797 770 796
f 797 795 754
f 798 754 49
f 798 797 754
f 799 798 49
f 800 771 797
f 800 797 798
f 801 771 800
f 801 772 771
f 801 800 798
f 801 798 799
f 802 49 755
f 802 799 49
f 803 801 799
f 803 802 755
f 803 799 802
f 804 801 803
f 804 772 801
f 805 755 756
f 805 803 755
f 805 804 803
f 806 773 772
f 806 774 773
f 806 804 805
f 806 805 756
f 806 772 804
f 807 774 806
f 807 806 756
f 808 774 807
f 808 775 774
f 808 776 775
f 808 807 756
f 809 757 776
f 809 756 757
f 809 776 808
f 809 808 756
f 810 777 757
f 810 757 758
f 811 810 758
f 812 810 811
f 812 778 777
f 812 777 810
f 813 758 26
f 813 26 759
f 814 758 813
f 814 811 758
f 814 813 759
f 815 779 778
f 815 812 811
f 815 778 812
f 815 811 814
f 816 759 760
f 816 814 759
f 817 816 760
f 817 760 780
f 817 780 779
f 817 779 815
f 817 815 814
f 817 814 816
f 818 780 760
f 818 760 781
f 818 781 780
f 95 355 94
f 95 819 355
f 96 820 819
f 96 819 95
f 97 821 820
f 97 820 96
f 98 822 821
f 98 821 97
f 99 823 822
f 99 822 98
f 100 824 823
f 100 823 99
f 101 825 824
f 101 824 100
f 826 825 101
f 102 826 101
f 827 826 102
f 103 827 102
f 828 827 103
f 104 828 103
f 829 828 104
f 105 829 104
f 830 829 105
f 106 830 105
f 831 830 106
f 107 831 106
f 832 831 107
f 108 832 107
f 833 832 108
f 109 833 108
f 834 833 109
f 110 834 109
f 835 834 110
f 111 835 110
f 836 835 111
f 112 836 111
f 837 836 112
f 113 837 112
f 838 837 113
f 114 838 113
f 839 838 114
f 115 839 114
f 840 839 115
f 116 840 115
f 356 840 116
f 93 356 116
f 857 766 767
f 858 766 857
f 858 765 766
f 856 767 768
f 856 857 767
f 859 765 858
f 859 764 765
f 855 856 768
f 860 763 764
f 860 764 859
f 854 855 768
f 854 768 769
f 861 763 860
f 861 762 763
f 853 769 770
f 853 854 769
f 862 762 861
f 862 761 762
f 852 770 771
f 852 853 770
f 67 761 862
f 67 429 761
f 851 771 772
f 851 852 771
f 68 452 429
f 68 429 67
f 850 772 773
f 850 851 772
f 69 451 452
f 69 452 68
f 849 773 774
f 849 850 773
f 70 450 451
f 70 451 69
f 848 849 774
f 848 774 775
f 71 449 450
f 71 450 70
f 847 775 776
f 847 848 775
f 72 448 449
f 72 449 71
f 846 776 777
f 846 847 776
f 73 448 72
f 447 448 73
f 845 846 777
f 778 845 777
f 844 845 778
f 446 73 74
f 446 447 73
f 779 843 844
f 779 844 778
f 445 446 74
f 445 74 75
f 780 842 843
f 780 843 779
f 444 445 75
f 444 75 76
f 781 842 780
f 781 841 842
f 443 76 77
f 443 444 76
f 782 841 781
f 442 443 77
f 442 77 78
f 430 841 782
f 430 90 841
f 430 89 90
f 441 442 78
f 441 78 79
f 431 89 430
f 431 88 89
f 440 441 79
f 440 79 80
f 432 88 431
f 432 87 88
f 439 440 80
f 439 80 81
f 433 87 432
f 438 439 81
f 438 81 82
f 434 87 433
f 434 85 86
f 434 86 87
f 437 438 82
f 437 82 83
f 435 85 434
f 435 84 85
f 436 437 83
f 436 84 435
f 436 83 84
f 355 185 186
f 819 184 185
f 819 185 355
f 820 183 184
f 820 184 819
f 821 182 183
f 821 183 820
f 822 181 182
f 822 182 821
f 823 180 181
f 823 181 822
f 824 179 180
f 824 180 823
f 825 178 179
f 825 179 824
f 826 177 178
f 826 178 825
f 827 176 177
f 827 177 826
f 828 175 176
f 828 176 827
f 829 174 175
f 829 175 828
f 830 174 829
f 831 174 830
f 831 172 173
f 831 173 174
f 832 172 831
f 833 172 832
f 833 170 171
f 833 171 172
f 834 170 833
f 835 170 834
f 835 169 170
f 836 169 835
f 836 167 168
f 836 168 169
f 837 167 836
f 838 166 167
f 838 167 837
f 839 166 838
f 839 164 165
f 839 165 166
f 840 164 839
f 356 163 164
f 356 164 840
f 286 747 310
f 863 283 259
f 863 259 524
f 864 284 283
f 864 285 284
f 864 726 285
f 864 283 863
f 865 524 523
f 865 863 524
f 866 864 863
f 866 726 864
f 866 727 726
f 866 863 865
f 867 523 522
f 867 865 523
f 868 728 727
f 868 727 866
f 868 866 865
f 868 865 867
f 869 522 521
f 869 867 522
f 870 868 867
f 870 867 869
f 870 729 728
f 870 728 868
f 871 521 520
f 871 869 521
f 872 730 729
f 872 729 870
f 872 870 869
f 872 869 871
f 873 520 519
f 873 871 520
f 874 730 872
f 874 731 730
f 874 872 871
f 874 871 873
f 875 519 518
f 875 873 519
f 876 732 731
f 876 874 873
f 876 873 875
f 876 731 874
f 877 518 517
f 877 875 518
f 878 875 877
f 878 733 732
f 878 732 876
f 878 876 875
f 879 517 516
f 879 878 877
f 879 877 517
f 880 734 733
f 880 733 878
f 880 878 879
f 881 516 515
f 881 879 516
f 882 735 734
f 882 879 881
f 882 880 879
f 882 734 880
f 883 881 515
f 883 515 514
f 884 735 882
f 884 736 735
f 884 881 883
f 884 882 881
f 885 514 513
f 885 883 514
f 886 737 736
f 886 736 884
f 886 884 883
f 886 883 885
f 887 885 513
f 887 512 511
f 887 513 512
f 887 886 885
f 888 738 737
f 888 886 887
f 888 737 886
f 889 511 510
f 889 887 511
f 890 887 889
f 890 739 738
f 890 888 887
f 890 738 888
f 891 889 510
f 892 889 891
f 892 740 739
f 892 890 889
f 892 739 890
f 893 510 509
f 893 891 510
f 894 741 740
f 894 892 891
f 894 740 892
f 894 891 893
f 895 509 508
f 895 893 509
f 896 742 741
f 896 741 894
f 896 894 893
f 896 893 895
f 897 508 507
f 897 895 508
f 897 896 895
f 898 896 897
f 898 742 896
f 898 743 742
f 899 507 506
f 899 897 507
f 899 898 897
f 900 743 898
f 900 898 899
f 900 744 743
f 901 900 899
f 901 506 505
f 901 899 506
f 902 744 900
f 902 900 901
f 902 745 744
f 903 505 504
f 903 901 505
f 903 902 901
f 904 745 902
f 904 902 903
f 904 746 745
f 905 503 282
f 905 504 503
f 905 903 504
f 905 904 903
f 905 282 309
f 906 746 904
f 906 905 309
f 906 309 310
f 906 747 746
f 906 904 905
f 906 310 747
f 907 187 163
f 907 163 400
f 908 188 187
f 908 189 188
f 908 525 189
f 908 187 907
f 909 400 399
f 909 907 400
f 910 908 907
f 910 525 908
f 910 526 525
f 910 907 909
f 911 399 398
f 911 909 399
f 912 527 526
f 912 910 909
f 912 526 910
f 912 909 911
f 913 398 397
f 913 911 398
f 914 912 911
f 914 911 913
f 914 528 527
f 914 527 912
f 915 397 396
f 915 913 397
f 916 914 913
f 916 528 914
f 916 529 528
f 916 913 915
f 917 396 395
f 917 915 396
f 918 530 529
f 918 916 915
f 918 529 916
f 918 915 917
f 919 395 394
f 919 917 395
f 920 917 919
f 920 531 530
f 920 530 918
f 920 918 917
f 921 394 393
f 921 919 394
f 922 920 919
f 922 532 531
f 922 531 920
f 922 919 921
f 923 393 392
f 923 921 393
f 924 922 921
f 924 533 532
f 924 532 922
f 924 921 923
f 925 392 391
f 925 923 392
f 926 924 923
f 926 534 533
f 926 923 925
f 926 533 924
f 927 391 390
f 927 925 391
f 928 535 534
f 928 926 925
f 928 925 927
f 928 534 926
f 929 390 389
f 929 927 390
f 930 536 535
f 930 537 536
f 930 928 927
f 930 927 929
f 930 535 928
f 931 930 929
f 931 389 388
f 931 929 389
f 932 930 931
f 932 537 930
f 933 387 386
f 933 388 387
f 933 931 388
f 933 932 931
f 934 538 537
f 934 537 932
f 934 932 933
f 935 933 386
f 936 933 935
f 936 539 538
f 936 934 933
f 936 538 934
f 937 386 385
f 937 935 386
f 938 540 539
f 938 539 936
f 938 936 935
f 938 935 937
f 939 385 384
f 939 937 385
f 940 541 540
f 940 542 541
f 940 540 938
f 940 938 937
f 940 937 939
f 941 384 383
f 941 939 384
f 942 940 939
f 942 939 941
f 942 542 940
f 943 383 382
f 943 941 383
f 943 942 941
f 944 542 942
f 944 942 943
f 944 543 542
f 945 381 380
f 945 943 382
f 945 382 381
f 946 944 943
f 946 543 944
f 946 943 945
f 946 544 543
f 947 945 380
f 948 946 945
f 948 544 946
f 948 945 947
f 948 545 544
f 948 546 545
f 949 379 186
f 949 380 379
f 949 947 380
f 949 186 213
f 950 948 947
f 950 546 948
f 950 949 213
f 950 213 214
f 950 214 190
f 950 190 546
f 950 947 949
f 951 91 67
f 951 67 862
f 952 92 91
f 952 93 92
f 952 401 93
f 952 91 951
f 953 862 861
f 953 951 862
f 954 952 951
f 954 401 952
f 954 402 401
f 954 951 953
f 955 861 860
f 955 953 861
f 956 403 402
f 956 404 403
f 956 402 954
f 956 954 953
f 956 953 955
f 957 860 859
f 957 955 860
f 958 404 956
f 958 956 955
f 958 955 957
f 959 859 858
f 959 957 859
f 960 405 404
f 960 404 958
f 960 958 957
f 960 957 959
f 961 858 857
f 961 959 858
f 962 406 405
f 962 960 959
f 962 959 961
f 962 405 960
f 963 857 856
f 963 961 857
f 964 961 963
f 964 407 406
f 964 408 407
f 964 962 961
f 964 406 962
f 965 963 856
f 965 856 855
f 966 964 963
f 966 408 964
f 966 963 965
f 967 855 854
f 967 965 855
f 967 966 965
f 968 409 408
f 968 408 966
f 968 966 967
f 969 854 853
f 969 967 854
f 970 409 968
f 970 410 409
f 970 411 410
f 970 967 969
f 970 968 967
f 971 853 852
f 971 969 853
f 972 970 969
f 972 969 971
f 972 411 970
f 973 971 852
f 973 852 851
f 974 411 972
f 974 412 411
f 974 971 973
f 974 972 971
f 975 851 850
f 975 973 851
f 976 973 975
f 976 974 973
f 976 413 412
f 976 412 974
f 977 850 849
f 977 975 850
f 978 975 977
f 978 414 413
f 978 976 975
f 978 413 976
f 979 849 848
f 979 977 849
f 980 415 414
f 980 416 415
f 980 414 978
f 980 978 977
f 980 977 979
f 981 848 847
f 981 979 848
f 982 416 980
f 982 980 979
f 982 979 981
f 983 847 846
f 983 981 847
f 984 417 416
f 984 416 982
f 984 982 981
f 984 981 983
f 985 846 845
f 985 983 846
f 986 983 985
f 986 418 417
f 986 417 984
f 986 984 983
f 987 845 844
f 987 985 845
f 988 986 985
f 988 418 986
f 988 985 987
f 988 419 418
f 989 844 843
f 989 987 844
f 990 988 987
f 990 419 988
f 990 987 989
f 990 420 419
f 991 842 841
f 991 843 842
f 991 989 843
f 992 990 989
f 992 420 990
f 992 989 991
f 992 421 420
f 992 422 421
f 993 841 90
f 993 991 841
f 993 90 117
f 993 117 118
f 994 992 991
f 994 422 992
f 994 993 118
f 994 118 94
f 994 991 993
f 994 94 422
f 54 645 996
f 54 53 645
f 55 996 995
f 55 54 996
f 56 995 637
f 56 55 995
f 997 56 637
f 998 997 637
f 635 998 637
f 1003 995 996
f 1003 996 645
f 1004 645 1002
f 1004 1003 645
f 1005 999 637
f 1005 637 995
f 1005 1003 1004
f 1005 995 1003
f 1006 1000 999
f 1006 999 1005
f 1006 1005 1004
f 1006 1004 1002
f 1007 750 1000
f 1007 1001 750
f 1007 1002 1001
f 1007 1006 1002
f 1007 1000 1006
f 1008 59 58
f 57 1008 58
f 1009 1008 57
f 56 1009 57
f 997 1009 56
f 998 1009 997
f 635 1009 998
f 1010 751 750
f 1011 49 754
f 1012 1002 645
f 1013 645 648
f 1013 1012 645
f 1013 751 1010
f 1013 1010 1012
f 1014 1013 1015
f 1014 751 1013
f 1016 1013 648
f 1016 1015 1013
f 1017 752 751
f 1017 751 1014
f 1017 1014 1015
f 1018 1017 1019
f 1018 752 1017
f 1020 648 647
f 1020 1019 648
f 1021 1022 1020
f 1021 1020 647
f 1023 753 752
f 1023 1022 1021
f 1023 1024 1022
f 1023 752 1024
f 1025 753 1023
f 1025 1023 1026
f 1027 754 753
f 1028 646 43
f 1028 1029 646
f 1028 1030 1029
f 1031 1032 1033
f 1031 1011 754
f 1031 1033 1011
f 1034 1028 43
f 1034 1032 1028
f 1035 750 1001
f 1035 1001 1002
f 1035 1010 750
f 1035 1002 1012
f 1035 1012 1010
f 1036 1019 1017
f 1036 648 1019
f 1036 1015 1016
f 1036 1016 648
f 1036 1017 1015
f 1037 752 1018
f 1037 1018 1019
f 1037 1019 1020
f 1038 1020 1022
f 1038 1022 1024
f 1039 1023 1021
f 1039 1021 647
f 1040 1039 647
f 1040 647 1041
f 1040 1026 1023
f 1040 1023 1039
f 1040 1041 1026
f 1042 647 646
f 1042 1041 647
f 1043 1042 646
f 1044 1030 1028
f 1044 754 1045
f 1044 1045 1030
f 1046 1031 754
f 1046 1032 1031
f 1046 1044 1028
f 1046 754 1044
f 1046 1028 1032
f 1047 1032 1034
f 1048 1032 1047
f 1048 1047 1034
f 1048 1033 1032
f 1048 1011 1033
f 1049 50 49
f 1049 51 50
f 1049 43 51
f 1049 1034 43
f 1049 1048 1034
f 1049 1011 1048
f 1049 49 1011
f 1050 1037 1020
f 1050 1038 1024
f 1050 1020 1038
f 1050 752 1037
f 1050 1024 752
f 1051 1041 1042
f 1051 1026 1041
f 1051 753 1025
f 1051 1025 1026
f 1052 1051 1042
f 1052 1027 753
f 1052 753 1051
f 1053 1052 1042
f 1053 1027 1052
f 1053 1042 1043
f 1054 1043 1055
f 1054 1055 1027
f 1054 1053 1043
f 1054 1027 1053
f 1056 1055 1043
f 1056 1043 646
f 1057 1027 1055
f 1057 754 1027
f 1057 1045 754
f 1057 1029 1030
f 1057 1030 1045
f 1058 646 1029
f 1058 1057 1055
f 1058 1056 646
f 1058 1029 1057
f 1058 1055 1056
f 1061 1062 424
f 1063 638 637
f 1064 749 748
f 1064 748 1065
f 1064 1066 749
f 1064 1065 638
f 1064 1067 1066
f 1068 638 1063
f 1068 1064 638
f 1068 1067 1064
f 1069 1065 748
f 1069 748 1070
f 1069 638 1065
f 1069 1070 1071
f 1072 748 426
f 1072 1070 748
f 1072 1071 1070
f 1073 639 638
f 1073 638 1069
f 1073 1069 1071
f 1074 426 425
f 1074 1075 426
f 1074 1076 1075
f 1077 639 1073
f 1077 1073 1076
f 1077 1076 1074
f 1078 1074 425
f 1078 1079 1074
f 1080 425 424
f 1080 424 1062
f 1081 640 639
f 1081 425 1080
f 1081 639 1082
f 1081 1082 1079
f 1081 1080 1062
f 1083 1061 640
f 1083 640 1081
f 1083 1062 1061
f 1083 1081 1062
f 1084 636 640
f 1084 640 1061
f 1084 1061 424
f 1085 1084 424
f 1085 1086 1084
f 1085 424 423
f 1085 423 1087
f 1085 1087 1086
f 1088 1084 1086
f 1088 1059 636
f 1088 636 1084
f 1088 1086 1087
f 1089 750 749
f 1090 1089 749
f 1090 1063 1089
f 1091 1090 749
f 1091 1063 1090
f 1091 749 1066
f 1091 1066 1067
f 1091 1068 1063
f 1091 1067 1068
f 1092 1071 1072
f 1092 1073 1071
f 1093 1073 1094
f 1093 1094 426
f 1093 1076 1073
f 1093 426 1075
f 1093 1075 1076
f 1095 639 1077
f 1095 1077 1074
f 1096 1095 1074
f 1096 639 1095
f 1096 1074 1079
f 1096 1082 639
f 1096 1079 1082
f 1097 1081 1079
f 1097 1078 425
f 1097 425 1081
f 1097 1079 1078
f 1098 1060 1059
f 1098 423 1060
f 1098 1088 1087
f 1098 1059 1088
f 1098 1087 423
f 1099 637 999
f 1099 999 1000
f 1099 1000 750
f 1099 750 1089
f 1099 1089 1063
f 1099 1063 637
f 1100 1073 1092
f 1100 1092 1072
f 1100 1094 1073
f 1100 426 1094
f 1100 1072 426
f 35 34 636
f 36 35 636
f 37 636 1102
f 37 36 636
f 1103 1102 1101
f 1103 37 1102
f 1104 1101 628
f 1104 1103 1101
f 626 1104 628
f 1105 34 42
f 1105 1106 1107
f 1108 40 575
f 1108 1106 40
f 1108 1107 1106
f 1109 632 34
f 1109 34 1105
f 1109 1105 1107
f 1109 1110 1111
f 1112 575 574
f 1112 574 1113
f 1112 1113 632
f 1112 1110 575
f 1112 1111 1110
f 1114 1112 632
f 1114 632 1109
f 1114 1109 1111
f 1114 1111 1112
f 1115 1116 1117
f 1118 574 573
f 1118 1116 574
f 1118 1117 1116
f 1119 633 632
f 1119 632 1115
f 1119 1115 1117
f 1119 1117 1118
f 1120 573 702
f 1120 1121 573
f 1120 1122 1121
f 1123 633 1119
f 1123 1119 1122
f 1123 1122 1120
f 1124 1125 1120
f 1124 1120 702
f 1126 633 1127
f 1126 1127 1125
f 1126 634 633
f 1126 702 1128
f 1129 634 1126
f 1129 1126 1128
f 1130 1129 1128
f 1130 702 701
f 1130 1128 702
f 1130 634 1129
f 1130 1131 634
f 1130 701 1131
f 1132 635 634
f 1132 634 1131
f 1132 1131 701
f 1133 701 59
f 1133 1132 701
f 1133 1134 1132
f 1133 59 1135
f 1133 1135 1134
f 1136 1009 635
f 1136 1132 1134
f 1136 1134 1135
f 1136 635 1132
f 1137 41 40
f 1137 42 41
f 1137 1105 42
f 1137 40 1106
f 1137 1106 1105
f 1138 1108 575
f 1138 1107 1108
f 1138 1109 1107
f 1139 1109 1138
f 1139 575 1110
f 1139 1138 575
f 1139 1110 1109
f 1140 574 1116
f 1140 1116 1115
f 1141 1118 573
f 1141 1119 1118
f 1142 1141 573
f 1142 1119 1141
f 1142 573 1121
f 1142 1122 1119
f 1142 1121 1122
f 1143 1123 1120
f 1143 633 1123
f 1144 1127 633
f 1144 1125 1127
f 1144 1120 1125
f 1144 1143 1120
f 1144 633 1143
f 1145 1124 702
f 1145 702 1126
f 1145 1126 1125
f 1145 1125 1124
f 1146 59 1008
f 1146 1008 1009
f 1146 1136 1135
f 1146 1135 59
f 1146 1009 1136
f 1147 1113 574
f 1147 632 1113
f 1147 1140 1115
f 1147 1115 632
f 1147 574 1140
f 1150 59 700
f 1151 1150 700
f 1151 1152 1153
f 1151 1153 1150
f 1154 641 53
f 1154 53 1155
f 1154 1155 1152
f 1156 641 1154
f 1156 1154 1157
f 1158 642 641
f 1159 642 1158
f 1159 1158 1160
f 1161 699 698
f 1161 1162 699
f 1161 1160 1162
f 1163 1161 1164
f 1165 1161 698
f 1165 1164 1161
f 1166 643 642
f 1166 1167 643
f 1166 642 1163
f 1166 1163 1164
f 1168 698 697
f 1168 1169 698
f 1168 1167 1169
f 1170 1168 697
f 1170 1171 1168
f 1172 1173 1171
f 1172 1171 1170
f 1172 644 643
f 1172 643 1173
f 1174 697 696
f 1174 696 1175
f 1174 1175 1176
f 1177 644 1172
f 1177 1172 1176
f 1177 1148 644
f 1177 1149 1148
f 1177 696 1149
f 1177 1175 696
f 1177 1176 1175
f 1178 53 60
f 1178 60 61
f 1178 61 59
f 1178 1155 53
f 1178 59 1150
f 1179 1155 1178
f 1179 1178 1150
f 1179 1153 1152
f 1179 1150 1153
f 1180 1179 1152
f 1180 1152 1155
f 1180 1155 1179
f 1181 1152 1151
f 1181 1154 1152
f 1181 1151 700
f 1182 1154 1181
f 1182 1181 700
f 1182 700 1183
f 1182 1157 1154
f 1182 1183 1157
f 1184 700 699
f 1185 699 1162
f 1185 1158 1186
f 1185 1160 1158
f 1185 1186 699
f 1185 1162 1160
f 1187 642 1159
f 1187 1159 1160
f 1187 1160 1161
f 1188 1187 1161
f 1188 642 1187
f 1188 1163 642
f 1188 1161 1163
f 1189 1164 1165
f 1189 1166 1164
f 1190 1167 1166
f 1190 698 1169
f 1190 1169 1167
f 1191 1171 1173
f 1191 643 1167
f 1191 1168 1171
f 1191 1167 1168
f 1191 1173 643
f 1192 1170 697
f 1192 1176 1172
f 1192 1174 1176
f 1192 697 1174
f 1192 1172 1170
f 1193 1158 641
f 1193 1194 1184
f 1195 1193 1184
f 1195 1158 1193
f 1196 1165 698
f 1196 1166 1189
f 1196 698 1190
f 1196 1189 1165
f 1196 1190 1166
f 1197 1183 700
f 1197 1184 1194
f 1197 1157 1183
f 1197 1156 1157
f 1197 700 1184
f 1198 1193 641
f 1198 1194 1193
f 1199 1186 1158
f 1199 1158 1195
f 1199 1195 1184
f 1199 1184 699
f 1199 699 1186
f 1200 1197 1194
f 1200 641 1156
f 1200 1156 1197
f 1200 1194 1198
f 1200 1198 641
f 649 654 1204
f 1201 1203 46
f 1201 1204 1203
f 1201 649 1204
f 1202 45 44
f 1202 46 45
f 1202 1201 46
f 644 44 43
f 644 1202 44
f 1205 49 48
f 47 1205 48
f 1206 1205 47
f 1207 47 46
f 1207 46 1203
f 1207 1203 1204
f 1207 1204 654
f 1207 654 1206
f 1207 1206 47
f 1209 1060 423
f 1210 1101 1102
f 1210 1102 636
f 1210 636 1059
f 1211 1059 1060
f 1211 1210 1059
f 1212 628 1101
f 1212 1210 1211
f 1212 1101 1210
f 1213 1211 1060
f 1213 1060 1209
f 1214 1208 628
f 1214 1209 1208
f 1214 1213 1209
f 1214 1211 1213
f 1214 1212 1211
f 1214 628 1212
f 1215 40 39
f 1217 1216 1215
f 1217 1215 39
f 1218 39 38
f 1218 1217 39
f 1219 626 1216
f 1219 1216 1217
f 1219 1217 1218
f 1220 38 37
f 1220 37 1103
f 1220 1103 1104
f 1220 1218 38
f 1221 1104 626
f 1221 1218 1220
f 1221 1220 1104
f 1221 1219 1218
f 1221 626 1219
f 1222 649 1201
f 1224 1201 1202
f 1224 1202 644
f 1224 644 1148
f 1225 1148 1149
f 1225 1224 1148
f 1226 1224 1225
f 1226 1222 1201
f 1226 1201 1224
f 1227 1149 696
f 1227 1223 1222
f 1227 696 1223
f 1227 1225 1149
f 1227 1222 1226
f 1227 1226 1225
f 1228 27 26
f 1228 26 758
f 1229 27 1228
f 1230 28 27
f 1230 20 28
f 1230 27 1229
f 1231 755 49
f 1232 755 1231
f 1233 1229 1228
f 1233 1228 758
f 1233 1230 1229
f 1234 655 20
f 1234 20 1230
f 1235 655 1234
f 1235 1234 1236
f 1237 758 757
f 1237 757 1238
f 1237 1239 758
f 1240 656 655
f 1240 1238 757
f 1240 1241 1238
f 1240 655 1241
f 1242 1240 1243
f 1242 656 1240
f 1244 757 756
f 1244 1245 757
f 1244 1243 1245
f 1244 1242 1243
f 1246 1244 1247
f 1248 1244 756
f 1248 1247 1244
f 1249 657 656
f 1249 1250 657
f 1249 656 1246
f 1249 1246 1247
f 1251 756 755
f 1251 1252 756
f 1251 1250 1252
f 1253 1232 657
f 1253 1254 1232
f 1255 1254 1251
f 1255 1251 755
f 1255 1232 1254
f 1255 755 1232
f 1256 1206 654
f 1256 654 657
f 1256 657 1232
f 1256 1232 1231
f 1257 1230 1233
f 1257 1233 758
f 1257 1234 1230
f 1258 1257 758
f 1258 1234 1257
f 1258 1236 1234
f 1258 1239 1236
f 1258 758 1239
f 1259 655 1235
f 1259 1236 1239
f 1259 1235 1236
f 1259 1239 1237
f 1260 1237 1238
f 1260 1238 1241
f 1261 757 1245
f 1261 1243 1240
f 1261 1240 757
f 1261 1245 1243
f 1262 656 1242
f 1262 1242 1244
f 1262 1246 656
f 1262 1244 1246
f 1263 1247 1248
f 1263 1249 1247
f 1264 1250 1249
f 1264 756 1252
f 1264 1252 1250
f 1265 1251 1254
f 1265 1250 1251
f 1265 1254 1253
f 1265 1253 657
f 1265 657 1250
f 1266 49 1205
f 1266 1205 1206
f 1266 1256 1231
f 1266 1231 49
f 1266 1206 1256
f 1267 1259 1237
f 1267 1260 1241
f 1267 1237 1260
f 1267 655 1259
f 1267 1241 655
f 1268 1264 1249
f 1268 1249 1263
f 1268 1263 1248
f 1268 756 1264
f 1268 1248 756
f 1271 1209 423
f 1271 423 466
f 1272 1209 1271
f 1273 628 1208
f 1273 1208 1209
f 1273 1209 1272
f 1274 463 462
f 1275 463 1274
f 1276 1271 466
f 1276 1273 1272
f 1276 1272 1271
f 1277 629 628
f 1277 628 1273
f 1278 629 1277
f 1278 1277 1279
f 1280 466 465
f 1280 1281 466
f 1282 1283 1280
f 1282 1280 465
f 1284 630 629
f 1284 1283 1282
f 1284 1285 1283
f 1284 629 1285
f 1284 1282 465
f 1286 630 1284
f 1286 1284 1287
f 1288 465 464
f 1288 1289 465
f 1288 1287 1289
f 1290 1288 1291
f 1292 1291 1288
f 1292 1288 464
f 1293 631 630
f 1293 464 1294
f 1293 1294 631
f 1293 630 1290
f 1293 1290 1291
f 1295 464 463
f 1295 1294 464
f 1296 1297 1295
f 1296 1295 463
f 1298 1299 1297
f 1298 631 1299
f 1298 1296 463
f 1298 627 631
f 1298 1297 1296
f 1298 463 1275
f 1300 1269 627
f 1300 627 1298
f 1300 1298 1275
f 1300 1275 1274
f 1301 1276 466
f 1301 1273 1276
f 1301 1277 1273
f 1302 1301 466
f 1302 1277 1301
f 1302 1279 1277
f 1302 1281 1279
f 1302 466 1281
f 1303 629 1278
f 1303 1279 1281
f 1303 1278 1279
f 1303 1281 1280
f 1304 1280 1283
f 1304 1283 1285
f 1305 465 1289
f 1305 1284 465
f 1305 1287 1284
f 1305 1289 1287
f 1306 630 1286
f 1306 1286 1287
f 1306 1287 1288
f 1307 630 1306
f 1307 1306 1288
f 1307 1290 630
f 1307 1288 1290
f 1308 1291 1292
f 1308 1293 1291
f 1309 1294 1295
f 1309 1295 1297
f 1309 1297 1299
f 1309 1299 631
f 1309 631 1294
f 1310 1270 1269
f 1310 462 1270
f 1310 1300 1274
f 1310 1274 462
f 1310 1269 1300
f 1311 1280 1304
f 1311 1303 1280
f 1311 1304 1285
f 1311 629 1303
f 1311 1285 629
f 1312 464 1293
f 1312 1293 1308
f 1312 1308 1292
f 1312 1292 464
f 11 10 627
f 11 627 1314
f 12 11 1314
f 13 1314 1313
f 13 12 1314
f 1315 13 1313
f 1316 1313 619
f 1316 1315 1313
f 617 1316 619
f 1317 576 40
f 1318 16 579
f 1319 40 1215
f 1319 1215 1216
f 1319 1216 626
f 1319 1317 40
f 1320 626 625
f 1320 1319 626
f 1320 576 1317
f 1320 1317 1319
f 1321 1320 1322
f 1321 576 1320
f 1323 1320 625
f 1323 1322 1320
f 1324 577 576
f 1324 576 1321
f 1324 1321 1322
f 1325 625 624
f 1326 1325 1327
f 1326 577 1325
f 1328 1325 624
f 1328 1327 1325
f 1329 578 577
f 1329 1328 624
f 1329 577 1326
f 1329 1326 1327
f 1329 1327 1328
f 1330 578 1329
f 1330 1329 1331
f 1332 624 623
f 1332 1333 624
f 1332 1331 1333
f 1334 1332 1335
f 1336 1332 623
f 1336 1335 1332
f 1337 579 578
f 1337 578 1334
f 1337 1334 1335
f 1338 579 1337
f 1339 1340 623
f 1339 623 10
f 1339 1341 1340
f 1342 1339 1343
f 1342 579 1339
f 1342 1343 1344
f 1342 1318 579
f 1342 1344 1318
f 1345 1343 1339
f 1345 1339 10
f 1346 1323 625
f 1346 1322 1323
f 1346 1324 1322
f 1347 577 1324
f 1347 1325 577
f 1348 624 1333
f 1348 1329 624
f 1348 1331 1329
f 1348 1333 1331
f 1349 1330 1331
f 1349 578 1330
f 1349 1331 1332
f 1350 578 1349
f 1350 1349 1332
f 1350 1334 578
f 1350 1332 1334
f 1351 1335 1336
f 1351 1337 1335
f 1352 623 1340
f 1352 1341 1338
f 1352 1338 1337
f 1352 1340 1341
f 1353 1338 1341
f 1353 1341 1339
f 1353 579 1338
f 1353 1339 579
f 1354 1343 1345
f 1355 1354 1345
f 1355 1343 1354
f 1355 1344 1343
f 1355 1318 1344
f 1356 17 16
f 1356 18 17
f 1356 10 18
f 1356 1345 10
f 1356 1355 1345
f 1356 1318 1355
f 1356 16 1318
f 1357 1346 625
f 1357 1324 1346
f 1357 1325 1347
f 1357 1347 1324
f 1357 625 1325
f 1358 1337 1351
f 1358 1351 1336
f 1358 1352 1337
f 1358 623 1352
f 1358 1336 623
f 1361 692 691
f 1362 696 695
f 1363 1359 653
f 1364 653 652
f 1364 1363 653
f 1364 692 1361
f 1364 1361 1363
f 1365 1364 1366
f 1365 692 1364
f 1367 1366 1364
f 1367 1364 652
f 1368 693 692
f 1368 1369 693
f 1368 692 1365
f 1368 1365 1366
f 1370 652 651
f 1371 694 693
f 1372 651 650
f 1373 694 1371
f 1373 1374 1375
f 1373 1371 1374
f 1376 694 1373
f 1376 1373 1375
f 1377 1375 1374
f 1377 1372 650
f 1377 1374 1372
f 1378 695 694
f 1378 1379 695
f 1378 694 1376
f 1378 1376 1375
f 1380 650 649
f 1380 695 1379
f 1380 1381 650
f 1380 1379 1381
f 1382 1383 1384
f 1382 1362 695
f 1382 1384 1362
f 1385 1383 1380
f 1385 1380 649
f 1386 1360 1359
f 1386 691 1360
f 1386 1359 1363
f 1386 1361 691
f 1386 1363 1361
f 1387 652 1369
f 1387 1369 1368
f 1387 1366 1367
f 1387 1367 652
f 1387 1368 1366
f 1388 1371 693
f 1389 1370 651
f 1389 1371 1370
f 1390 1371 1389
f 1390 651 1372
f 1390 1374 1371
f 1390 1389 651
f 1390 1372 1374
f 1391 1375 1377
f 1391 1378 1375
f 1392 1379 1378
f 1392 650 1381
f 1392 1381 1379
f 1393 695 1380
f 1393 1380 1383
f 1393 1382 695
f 1393 1383 1382
f 1394 1383 1385
f 1395 1394 1385
f 1395 1383 1394
f 1395 1384 1383
f 1395 1362 1384
f 1396 649 1222
f 1396 1222 1223
f 1396 1223 696
f 1396 1395 1385
f 1396 1362 1395
f 1396 1385 649
f 1396 696 1362
f 1397 693 1369
f 1397 1369 652
f 1397 652 1370
f 1397 1388 693
f 1398 1397 1370
f 1398 1371 1388
f 1398 1388 1397
f 1398 1370 1371
f 1399 1378 1391
f 1399 1391 1377
f 1399 650 1392
f 1399 1392 1378
f 1399 1377 650
f 658 1402 23
f 658 1403 1402
f 658 663 1403
f 1400 23 22
f 1400 658 23
f 1401 22 21
f 1401 1400 22
f 653 21 20
f 653 1401 21
f 1404 26 25
f 24 1404 25
f 1405 1404 24
f 23 1405 24
f 1402 1405 23
f 1403 1405 1402
f 663 1405 1403
f 1406 619 1313
f 1408 1313 1314
f 1408 1314 627
f 1408 627 1269
f 1409 1269 1270
f 1409 1408 1269
f 1410 1408 1409
f 1410 1406 1313
f 1410 1313 1408
f 1411 1270 462
f 1411 1407 1406
f 1411 462 1407
f 1411 1409 1270
f 1411 1406 1410
f 1411 1410 1409
f 1412 16 15
f 14 1412 15
f 1413 1412 14
f 1414 14 13
f 1414 13 1315
f 1414 1315 1316
f 1414 1316 617
f 1414 617 1413
f 1414 1413 14
f 1417 1400 1401
f 1417 1401 653
f 1418 653 1359
f 1418 1417 653
f 1419 658 1400
f 1419 1415 658
f 1419 1417 1418
f 1419 1400 1417
f 1420 1416 1415
f 1420 1415 1419
f 1420 1418 1359
f 1420 1419 1418
f 1421 1359 1360
f 1421 1360 691
f 1421 691 1416
f 1421 1416 1420
f 1421 1420 1359
f 1422 4 9
f 1422 1423 1424
f 1425 7 457
f 1425 1423 7
f 1425 1424 1423
f 1426 664 4
f 1426 4 1422
f 1426 1422 1424
f 1426 1427 1428
f 1429 457 456
f 1429 456 1430
f 1429 1430 664
f 1429 1427 457
f 1429 1428 1427
f 1431 1429 664
f 1431 664 1426
f 1431 1426 1428
f 1431 1428 1429
f 1432 1433 1434
f 1435 456 453
f 1435 1433 456
f 1435 1434 1433
f 1436 665 664
f 1436 664 1432
f 1436 1432 1434
f 1437 453 760
f 1437 1438 453
f 1437 1439 1438
f 1440 665 1436
f 1440 1436 1439
f 1440 1439 1437
f 1441 1442 1437
f 1441 1437 760
f 1443 760 1444
f 1443 1444 1445
f 1443 666 665
f 1443 665 1446
f 1443 1446 1442
f 1447 1443 1445
f 1447 666 1443
f 1448 1444 760
f 1448 1445 1444
f 1448 1447 1445
f 1448 666 1447
f 1448 760 759
f 1449 663 666
f 1450 759 26
f 1450 1449 759
f 1450 1451 1449
f 1450 26 1452
f 1450 1452 1451
f 1453 1405 663
f 1453 1449 1451
f 1453 663 1449
f 1453 1451 1452
f 1454 8 7
f 1454 9 8
f 1454 1422 9
f 1454 7 1423
f 1454 1423 1422
f 1455 1425 457
f 1455 1424 1425
f 1455 1426 1424
f 1456 1455 457
f 1456 1426 1455
f 1456 457 1427
f 1456 1427 1426
f 1457 456 1433
f 1457 1433 1432
f 1458 1434 1435
f 1458 1436 1434
f 1459 1460 453
f 1459 1436 1460
f 1459 453 1438
f 1459 1439 1436
f 1459 1438 1439
f 1461 665 1440
f 1461 1440 1437
f 1462 1437 1442
f 1462 665 1461
f 1462 1461 1437
f 1462 1446 665
f 1462 1442 1446
f 1463 1441 760
f 1463 1443 1442
f 1463 760 1443
f 1463 1442 1441
f 1464 1448 759
f 1464 759 1449
f 1465 26 1404
f 1465 1404 1405
f 1465 1453 1452
f 1465 1452 26
f 1465 1405 1453
f 1466 1430 456
f 1466 664 1430
f 1466 1457 1432
f 1466 456 1457
f 1466 1432 664
f 1467 1435 453
f 1467 1436 1458
f 1467 453 1460
f 1467 1460 1436
f 1467 1458 1435
f 1468 666 1448
f 1468 1449 666
f 1468 1448 1464
f 1468 1464 1449
f 1471 462 461
f 1472 1469 618
f 1472 1473 1474
f 1475 458 7
f 1475 7 1474
f 1475 1474 1473
f 1476 618 622
f 1476 1472 618
f 1476 1473 1472
f 1477 1476 1478
f 1479 1478 1476
f 1479 1476 622
f 1480 459 458
f 1480 458 1477
f 1480 1477 1478
f 1481 622 621
f 1481 459 1480
f 1481 1480 622
f 1482 1481 621
f 1482 1483 1481
f 1484 460 459
f 1484 1485 1483
f 1484 459 1485
f 1484 1483 1482
f 1486 460 1484
f 1486 1484 1487
f 1488 621 620
f 1488 1489 621
f 1488 1487 1489
f 1490 1488 1491
f 1492 1488 620
f 1492 1491 1488
f 1493 461 460
f 1493 460 1490
f 1493 1490 1491
f 1494 461 1493
f 1495 1496 620
f 1495 1497 1496
f 1495 1494 1497
f 1495 461 1494
f 1495 620 619
f 1498 1499 1500
f 1498 1471 461
f 1498 1500 1471
f 1501 1499 1495
f 1501 1495 619
f 1502 1470 1469
f 1502 7 1470
f 1502 1474 7
f 1502 1469 1472
f 1502 1472 1474
f 1503 458 1475
f 1503 1475 1473
f 1503 1473 1476
f 1503 1477 458
f 1503 1476 1477
f 1504 1478 1479
f 1504 1480 1478
f 1504 1479 622
f 1504 622 1480
f 1505 1483 1485
f 1505 1481 1483
f 1506 1482 621
f 1506 1484 1482
f 1507 1484 1506
f 1507 621 1489
f 1507 1487 1484
f 1507 1506 621
f 1507 1489 1487
f 1508 1486 1487
f 1508 1487 1488
f 1508 460 1486
f 1509 1508 1488
f 1509 460 1508
f 1509 1490 460
f 1509 1488 1490
f 1510 1491 1492
f 1510 1493 1491
f 1511 620 1496
f 1511 1496 1497
f 1511 1497 1494
f 1511 1494 1493
f 1512 1495 1499
f 1512 1499 1498
f 1512 1498 461
f 1512 461 1495
f 1513 1499 1501
f 1514 1513 1501
f 1514 1499 1513
f 1514 1500 1499
f 1514 1471 1500
f 1515 619 1406
f 1515 1406 1407
f 1515 1407 462
f 1515 1501 619
f 1515 1514 1501
f 1515 462 1471
f 1515 1471 1514
f 1516 1505 1485
f 1516 1481 1505
f 1516 459 1481
f 1516 1485 459
f 1517 620 1511
f 1517 1492 620
f 1517 1510 1492
f 1517 1493 1510
f 1517 1511 1493
f 1520 584 583
f 1521 1522 1520
f 1521 1520 583
f 1521 1523 1522
f 1524 614 613
f 1524 613 1525
f 1524 1525 1523
f 1526 614 1524
f 1526 1524 1527
f 1528 583 582
f 1528 1527 1529
f 1528 1529 583
f 1528 1526 1527
f 1530 1528 582
f 1530 1531 1528
f 1532 615 614
f 1532 614 1533
f 1532 1533 1531
f 1532 1531 1530
f 1534 615 1532
f 1534 1532 1535
f 1536 582 581
f 1536 1537 582
f 1536 1535 1537
f 1538 1536 1539
f 1540 1536 581
f 1540 1539 1536
f 1541 616 615
f 1541 1542 616
f 1541 615 1538
f 1541 1538 1539
f 1543 1542 1544
f 1543 581 580
f 1543 1545 616
f 1543 616 1542
f 1543 1544 581
f 1546 1543 580
f 1546 1545 1543
f 1547 617 616
f 1547 1545 1546
f 1547 616 1545
f 1548 580 16
f 1548 16 1549
f 1548 1549 1550
f 1551 1413 617
f 1551 1547 1550
f 1551 617 1547
f 1551 1550 1549
f 1552 1518 584
f 1552 1519 1518
f 1552 613 1519
f 1552 1525 613
f 1552 584 1520
f 1553 1520 1522
f 1553 1525 1552
f 1553 1552 1520
f 1553 1522 1523
f 1554 1525 1553
f 1554 1553 1523
f 1554 1523 1525
f 1555 1524 1523
f 1555 1523 1521
f 1555 1521 583
f 1556 1555 583
f 1556 1524 1555
f 1556 1527 1524
f 1556 1529 1527
f 1556 583 1529
f 1557 1528 1531
f 1557 1531 1533
f 1558 1530 582
f 1558 1532 1530
f 1559 582 1537
f 1559 1532 1558
f 1559 1535 1532
f 1559 1558 582
f 1559 1537 1535
f 1560 1534 1535
f 1560 1535 1536
f 1560 615 1534
f 1561 1560 1536
f 1561 615 1560
f 1561 1538 615
f 1561 1536 1538
f 1562 1541 1539
f 1562 1539 1540
f 1563 1544 1542
f 1563 1542 1541
f 1563 581 1544
f 1564 1546 580
f 1564 1547 1546
f 1564 1550 1547
f 1564 1548 1550
f 1564 580 1548
f 1565 16 1412
f 1565 1412 1413
f 1565 1551 1549
f 1565 1549 16
f 1565 1413 1551
f 1566 1528 1557
f 1566 1557 1533
f 1566 614 1526
f 1566 1526 1528
f 1566 1533 614
f 1567 581 1563
f 1567 1541 1562
f 1567 1562 1540
f 1567 1563 1541
f 1567 1540 581
f 1570 1416 691
f 1571 658 1415
f 1571 1415 1416
f 1571 1416 1570
f 1572 691 690
f 1572 1570 691
f 1572 1571 1570
f 1573 659 658
f 1573 658 1571
f 1573 1574 1575
f 1576 690 689
f 1576 689 1577
f 1576 1577 659
f 1576 1574 690
f 1576 1575 1574
f 1578 659 1573
f 1578 1576 659
f 1578 1573 1575
f 1578 1575 1576
f 1579 1580 1581
f 1582 689 587
f 1582 1580 689
f 1582 1581 1580
f 1583 660 659
f 1583 659 1579
f 1583 1579 1581
f 1584 587 586
f 1584 1585 1586
f 1584 1586 587
f 1587 660 1583
f 1587 1583 1585
f 1587 1585 1584
f 1588 1584 586
f 1588 1589 1584
f 1590 1591 1589
f 1590 586 1592
f 1590 1592 1593
f 1590 661 660
f 1590 660 1591
f 1594 1590 1593
f 1594 661 1590
f 1595 1592 586
f 1595 1593 1592
f 1595 586 585
f 1595 1594 1593
f 1595 661 1594
f 1595 1596 661
f 1595 585 1596
f 1597 662 661
f 1597 661 1596
f 1597 1596 585
f 1598 585 584
f 1598 1599 1597
f 1598 1597 585
f 1598 584 1600
f 1598 1600 1599
f 1601 1568 662
f 1601 1597 1599
f 1601 1599 1600
f 1601 662 1597
f 1602 1572 690
f 1602 1571 1572
f 1602 1573 1571
f 1603 1573 1602
f 1603 690 1574
f 1603 1602 690
f 1603 1574 1573
f 1604 689 1580
f 1604 1580 1579
f 1605 1581 1582
f 1605 1583 1581
f 1606 1583 1607
f 1606 1585 1583
f 1606 1607 587
f 1606 1586 1585
f 1606 587 1586
f 1608 660 1587
f 1608 1587 1584
f 1609 1589 1591
f 1609 660 1608
f 1609 1608 1584
f 1609 1584 1589
f 1609 1591 660
f 1610 1588 586
f 1610 1590 1589
f 1610 1589 1588
f 1610 586 1590
f 1611 1569 1568
f 1611 584 1569
f 1611 1601 1600
f 1611 1600 584
f 1611 1568 1601
f 1612 1577 689
f 1612 659 1577
f 1612 1604 1579
f 1612 1579 659
f 1612 689 1604
f 1613 1607 1583
f 1613 1583 1605
f 1613 1605 1582
f 1613 587 1607
f 1613 1582 587
f 1470 7 6
f 1616 1469 1470
f 1616 1470 6
f 1617 6 5
f 1617 1616 6
f 1618 618 1469
f 1618 1616 1617
f 1618 1469 1616
f 1619 5 1
f 1619 1615 1614
f 1619 1 1615
f 1619 1617 5
f 1620 1614 618
f 1620 1617 1619
f 1620 1618 1617
f 1620 1619 1614
f 1620 618 1618
f 1518 1569 584
f 1623 662 1568
f 1623 1621 662
f 1623 1622 1621
f 1624 1568 1569
f 1624 1623 1568
f 1625 613 1622
f 1625 1622 1623
f 1625 1623 1624
f 1626 1624 1569
f 1626 1569 1518
f 1627 1518 1519
f 1627 1519 613
f 1627 1624 1626
f 1627 1626 1518
f 1627 1625 1624
f 1627 613 1625
f 613 618 1614
f 1622 1614 1615
f 1622 613 1614
f 1621 1615 1
f 1621 1622 1615
f 662 1 2
f 662 2 3
f 662 3 4
f 662 1621 1

