# https://github.com/mikedh/trimesh
v 0.00000000 0.00000000 -37.75000000
v 4.61793389 0.00000000 -37.46648084
v 9.16650233 0.00000000 -36.62018207
v 13.57738182 0.00000000 -35.22381585
v 17.78431705 0.00000000 -33.29835682
v 21.72411615 0.00000000 -30.87272708
v 0.00000000 1.10000000 -37.84623753
v 4.63392089 1.10000000 -37.56147591
v 9.19810894 1.10000000 -36.71147623
v 13.62388067 1.10000000 -35.30902959
v 17.84463554 1.10000000 -33.37524049
v 21.79685818 1.10000000 -30.93920924
v 22.43293781 1.10000000 -31.72346386
v 22.48850225 0.00000000 -31.80204029
v 0.00000000 0.00000000 -38.95000000
v 4.78266010 0.00000000 -38.65525401
v 9.49293664 0.00000000 -37.77547688
v 14.05954155 0.00000000 -36.32398369
v 18.41336117 0.00000000 -34.32274218
v 0.00000000 1.10000000 -38.85376247
v 4.77084314 1.10000000 -38.55974473
v 9.46948156 1.10000000 -37.68214135
v 14.02480333 1.10000000 -36.23423450
v 18.36786556 1.10000000 -34.23793762
v -22.50573224 5.53649740 -4.84817610
v -22.51611365 5.52549761 -5.00667258
v -22.54640315 5.51504560 -5.16274793
v -22.59603966 5.50652685 -5.31314565
v -22.63201762 5.50307047 -5.39426330
v -22.67389861 5.50082078 -5.47308091
v -22.71809928 -5.00000000 -4.84817610
v -22.88554657 -5.00000000 -5.47308091
v -22.81527253 -5.00000000 -5.33133757
v -22.76310407 -5.00000000 -5.18053817
v -22.73056454 -5.00000000 -5.02424857
v -22.72119838 -5.00000000 -4.93613399
v -17.64728733 5.50000000 -22.36964607
v -17.64728733 -5.00000000 -22.36964607
v -17.64728733 -5.00000000 -19.36964607
v -17.85153731 -5.00000000 -19.38361715
v -18.05198249 -5.00000000 -19.42527014
v -18.24488897 -5.00000000 -19.49382912
v -18.42666326 -5.00000000 -19.58801696
v -18.59391925 -5.00000000 -19.70607914
v -18.74354128 -5.00000000 -19.84581636
v -18.87274217 -5.00000000 -20.00462559
v -18.97911516 -5.00000000 -20.17954852
v -19.06067872 -5.00000000 -20.36732665
v -19.11591346 -5.00000000 -20.56446205
v -19.14379049 -5.00000000 -20.76728245
v -19.14379049 -5.00000000 -20.97200969
v -19.11591346 -5.00000000 -21.17483009
v -19.06067872 -5.00000000 -21.37196549
v -18.97911516 -5.00000000 -21.55974363
v -18.87274217 -5.00000000 -21.73466655
v -18.74354128 -5.00000000 -21.89347579
v -18.59391925 -5.00000000 -22.03321301
v -18.42666326 -5.00000000 -22.15127518
v -18.24488897 -5.00000000 -22.24546302
v -18.05198249 -5.00000000 -22.31402200
v -17.85153731 -5.00000000 -22.35567499
v -17.64728733 5.50000000 -19.36964607
v -17.85153731 5.50000000 -22.35567499
v -18.05198249 5.50000000 -22.31402200
v -18.24488897 5.50000000 -22.24546302
v -18.42666326 5.50000000 -22.15127518
v -18.59391925 5.50000000 -22.03321301
v -18.74354128 5.50000000 -21.89347579
v -18.87274217 5.50000000 -21.73466655
v -18.97911516 5.50000000 -21.55974363
v -19.06067872 5.50000000 -21.37196549
v -19.11591346 5.50000000 -21.17483009
v -19.14379049 5.50000000 -20.97200969
v -19.14379049 5.50000000 -20.76728245
v -19.11591346 5.50000000 -20.56446205
v -19.06067872 5.50000000 -20.36732665
v -18.97911516 5.50000000 -20.17954852
v -18.87274217 5.50000000 -20.00462559
v -18.74354128 5.50000000 -19.84581636
v -18.59391925 5.50000000 -19.70607914
v -18.42666326 5.50000000 -19.58801696
v -18.24488897 5.50000000 -19.49382912
v -18.05198249 5.50000000 -19.42527014
v -17.85153731 5.50000000 -19.38361715
v -17.64728733 -5.00000000 -18.30292425
v -17.99678924 -5.00000000 -18.32683084
v -18.33978059 -5.00000000 -18.39810526
v -18.66987210 -5.00000000 -18.51541981
v -18.98091479 -5.00000000 -18.67658914
v -19.26711453 -5.00000000 -18.87861098
v -19.52313995 -5.00000000 -19.11772203
v -19.74422178 -5.00000000 -19.38946811
v -19.92624169 -5.00000000 -19.68878710
v -20.06580900 -5.00000000 -20.01010326
v -20.16032382 -5.00000000 -20.34743108
v -20.20802553 -5.00000000 -20.69448678
v -20.20802553 -5.00000000 -21.04480536
v -20.16032382 -5.00000000 -21.39186106
v -20.06580900 -5.00000000 -21.72918888
v -19.92624169 -5.00000000 -22.05050504
v -19.74422178 -5.00000000 -22.34982404
v -19.52313995 -5.00000000 -22.62157012
v -19.26711453 -5.00000000 -22.86068117
v -18.98091479 -5.00000000 -23.06270300
v -18.66987210 -5.00000000 -23.22387233
v -18.33978059 -5.00000000 -23.34118688
v -17.99678924 -5.00000000 -23.41246130
v -17.64728733 -5.00000000 -23.43636789
v -17.64728733 5.50000000 -18.11964607
v -17.85259856 5.50000000 -23.61197123
v -18.23165805 5.50000000 -23.55683994
v -18.59937975 5.50000000 -23.44957243
v -18.94862920 5.50000000 -23.29224991
v -19.27263038 5.50000000 -23.08792468
v -19.56509709 5.50000000 -22.84056102
v -19.82035499 5.50000000 -22.55495820
v -20.03345161 5.50000000 -22.23665742
v -20.20025253 5.50000000 -21.89183425
v -20.31752152 5.50000000 -21.52717888
v -20.38298335 5.50000000 -21.14976622
v -20.39536795 5.50000000 -20.76691876
v -20.35443505 5.50000000 -20.38606438
v -20.26097880 5.50000000 -20.01459232
v -20.11681242 5.50000000 -19.65970978
v -19.92473300 5.50000000 -19.32830210
v -19.68846719 5.50000000 -19.02679915
v -19.41259897 5.50000000 -18.76105061
v -19.10248065 5.50000000 -18.53621246
v -18.76412907 5.50000000 -18.35664696
v -18.40410884 5.50000000 -18.22583798
v -18.02940496 5.50000000 -18.14632345
v -17.64728733 5.50527747 -23.61973819
v -18.31838378 -3.49924608 -23.37421212
v -18.94374612 -3.49924608 -23.11517856
v -19.48075693 -3.49924608 -22.70311567
v -18.32516374 -1.99849215 -23.39951528
v -19.89281982 -3.49924608 -22.16610486
v -18.95684400 -1.99849215 -23.13786475
v -20.15185338 -3.49924608 -21.54074252
v -19.49928013 -1.99849215 -22.72163887
v -18.33194370 -0.49773823 -23.42481844
v -20.24020491 -3.49924608 -20.86964607
v -19.91550601 -1.99849215 -22.17920274
v -18.96994188 -0.49773823 -23.16055094
v -20.15185338 -3.49924608 -20.19854962
v -20.17715654 -1.99849215 -21.54752248
v -19.51780333 -0.49773823 -22.74016207
v -18.33872367 1.00301570 -23.45012160
v -19.89281982 -3.49924608 -19.57318728
v -20.26640066 -1.99849215 -20.86964607
v -19.93819220 -0.49773823 -22.19230062
v -18.98303976 1.00301570 -23.18323714
v -19.48075693 -3.49924608 -19.03617647
v -20.17715654 -1.99849215 -20.19176966
v -20.20245970 -0.49773823 -21.55430244
v -19.53632653 1.00301570 -22.75868527
v -18.34550363 2.50376962 -23.47542476
v -18.94374612 -3.49924608 -18.62411358
v -19.91550601 -1.99849215 -19.56008941
v -20.29259642 -0.49773823 -20.86964607
v -19.96087840 1.00301570 -22.20539850
v -18.99613763 2.50376962 -23.20592333
v -18.31838378 -3.49924608 -18.36508002
v -19.49928013 -1.99849215 -19.01765327
v -20.20245970 -0.49773823 -20.18498970
v -20.22776286 1.00301570 -21.56108241
v -19.55484972 2.50376962 -22.77720846
v -18.35228359 4.00452355 -23.50072792
v -18.95684400 -1.99849215 -18.60142739
v -19.93819220 -0.49773823 -19.54699153
v -20.31879218 1.00301570 -20.86964607
v -19.98356459 2.50376962 -22.21849637
v -19.00923551 4.00452355 -23.22860952
v -18.32516374 -1.99849215 -18.33977686
v -19.51780333 -0.49773823 -18.99913008
v -20.22776286 1.00301570 -20.17820974
v -20.25306602 2.50376962 -21.56786237
v -19.57337292 4.00452355 -22.79573166
v -18.96994188 -0.49773823 -18.57874120
v -19.96087840 1.00301570 -19.53389365
v -20.34498794 2.50376962 -20.86964607
v -20.00625078 4.00452355 -22.23159425
v -18.33194370 -0.49773823 -18.31447370
v -19.53632653 1.00301570 -18.98060688
v -20.25306602 2.50376962 -20.17142978
v -20.27836918 4.00452355 -21.57464233
v -18.98303976 1.00301570 -18.55605501
v -19.98356459 2.50376962 -19.52079577
v -20.37118369 4.00452355 -20.86964607
v -18.33872367 1.00301570 -18.28917054
v -19.55484972 2.50376962 -18.96208368
v -20.27836918 4.00452355 -20.16464982
v -18.99613763 2.50376962 -18.53336882
v -20.00625078 4.00452355 -19.50769789
v -18.34550363 2.50376962 -18.26386739
v -19.57337292 4.00452355 -18.94356048
v -19.00923551 4.00452355 -18.51068263
v -18.35228359 4.00452355 -18.23856423
v 26.89728733 5.50000000 -6.34817610
v 26.69638996 5.50000000 -6.33466197
v 26.49911252 5.50000000 -6.29436309
v 26.30900973 5.50000000 -6.22800561
v 26.12950702 5.50000000 -6.13678519
v 25.96383882 5.50000000 -6.02234554
v 25.81499028 5.50000000 -5.88674872
v 25.68564347 5.50000000 -5.73243803
v 25.57812908 5.50000000 -5.56219396
v 25.49438439 5.50000000 -5.37908412
v 25.43591838 5.50000000 -5.18640793
v 25.40378454 5.50000000 -4.98763720
v 25.39856188 5.50000000 -4.78635355
v 25.42034452 5.50000000 -4.58618386
v 25.46873995 5.50000000 -4.39073497
v 25.54287615 5.50000000 -4.20352864
v 25.64141727 5.50000000 -4.02793810
v 26.89728733 -5.00000000 -6.34817610
v 26.89728733 -5.00000000 -3.34817610
v 26.69303736 -5.00000000 -3.36214718
v 26.49259218 -5.00000000 -3.40380017
v 26.29968570 -5.00000000 -3.47235915
v 26.11791141 -5.00000000 -3.56654699
v 25.95065542 -5.00000000 -3.68460917
v 25.80103339 -5.00000000 -3.82434639
v 25.67183249 -5.00000000 -3.98315562
v 25.56545950 -5.00000000 -4.15807855
v 25.48389595 -5.00000000 -4.34585668
v 25.42866120 -5.00000000 -4.54299208
v 25.40078418 -5.00000000 -4.74581248
v 25.40078418 -5.00000000 -4.95053972
v 25.42866120 -5.00000000 -5.15336012
v 25.48389595 -5.00000000 -5.35049552
v 25.56545950 -5.00000000 -5.53827366
v 25.67183249 -5.00000000 -5.71319658
v 25.80103339 -5.00000000 -5.87200582
v 25.95065542 -5.00000000 -6.01174304
v 26.11791141 -5.00000000 -6.12980521
v 26.29968570 -5.00000000 -6.22399305
v 26.49259218 -5.00000000 -6.29255203
v 26.69303736 -5.00000000 -6.33420502
v 26.89728733 5.57633466 -3.34817610
v 25.76251816 5.50360280 -3.86713779
v 25.84710910 5.50888020 -3.77712397
v 25.93912016 5.51592019 -3.69412439
v 26.06004234 5.52611927 -3.60364732
v 26.16561032 5.53519322 -3.53873322
v 26.27596760 5.54432448 -3.48294671
v 26.38820079 5.55288686 -3.43726358
v 26.50373880 5.56065742 -3.40072746
v 26.62136774 5.56721142 -3.37374535
v 26.74056894 5.57228602 -3.35634206
v 26.81859248 5.57468906 -3.35022165
v 26.89728733 -5.00000000 -2.28145428
v 26.54778542 -5.00000000 -2.30536087
v 26.20479407 -5.00000000 -2.37663529
v 25.87470256 -5.00000000 -2.49394984
v 25.56365987 -5.00000000 -2.65511917
v 25.27746014 -5.00000000 -2.85714101
v 25.02143472 -5.00000000 -3.09625206
v 24.80035288 -5.00000000 -3.36799814
v 24.61833297 -5.00000000 -3.66731713
v 24.47876566 -5.00000000 -3.98863329
v 24.38425084 -5.00000000 -4.32596111
v 24.33654913 -5.00000000 -4.67301681
v 24.33654913 -5.00000000 -5.02333539
v 24.38425084 -5.00000000 -5.37039109
v 24.47876566 -5.00000000 -5.70771891
v 24.61833297 -5.00000000 -6.02903507
v 24.80035288 -5.00000000 -6.32835407
v 25.02143472 -5.00000000 -6.60010015
v 25.27746014 -5.00000000 -6.83921120
v 25.56365987 -5.00000000 -7.04123303
v 25.87470256 -5.00000000 -7.20240236
v 26.20479407 -5.00000000 -7.31971691
v 26.54778542 -5.00000000 -7.39099133
v 26.89728733 -5.00000000 -7.41489792
v 26.89728733 6.05540142 -2.08848153
v 24.30819159 5.50000000 -3.92130867
v 24.41826396 5.50924196 -3.65742457
v 24.55408709 5.53550545 -3.40762502
v 24.71466443 5.57644304 -3.17306482
v 24.89638231 5.62879010 -2.95828614
v 25.09767550 5.68939472 -2.76430401
v 25.31766962 5.75520637 -2.59166812
v 25.55295349 5.82236801 -2.44250544
v 25.80108518 5.88705763 -2.31854091
v 26.06264424 5.94627728 -2.21972114
v 26.33560966 5.99640196 -2.14731352
v 26.61408615 6.03354535 -2.10342377
v 26.89728733 5.50000000 -7.59817610
v 26.52238214 5.50000000 -7.57250099
v 26.15447748 5.50000000 -7.49595508
v 25.80044317 5.50000000 -7.36996770
v 25.46689002 5.50000000 -7.19689139
v 25.16004640 5.50000000 -6.97995797
v 24.88564195 5.50000000 -6.72321820
v 24.64880057 5.50000000 -6.43146612
v 24.45394475 5.50000000 -6.11014957
v 24.30471300 5.50000000 -5.76526843
v 24.20389190 5.50000000 -5.40326261
v 24.15336405 5.50000000 -5.03089175
v 24.15407295 5.50000000 -4.65510909
v 24.20600538 5.50000000 -4.28293153
v 26.22583584 -3.42065694 -7.35406719
v 25.60014266 -3.42065694 -7.09489659
v 25.06284774 -3.42065694 -6.68261570
v 26.21870084 -1.84131388 -7.38069538
v 24.65056685 -3.42065694 -6.14532078
v 25.58635889 -1.84131388 -7.11877077
v 24.39139624 -3.42065694 -5.51962760
v 25.04335455 -1.84131388 -6.70210889
v 26.21156583 -0.26197082 -7.40732358
v 24.30299798 -3.42065694 -4.84817610
v 24.62669266 -1.84131388 -6.15910455
v 25.57257512 -0.26197082 -7.14264496
v 24.39139624 -3.42065694 -4.17672461
v 24.36476805 -1.84131388 -5.52676260
v 25.02386135 -0.26197082 -6.72160208
v 26.20443083 1.31737224 -7.43395177
v 24.65056685 -3.42065694 -3.55103142
v 24.27543044 -1.84131388 -4.84817610
v 24.60281847 -0.26197082 -6.17288831
v 25.55879135 1.31737224 -7.16651915
v 25.06284774 -3.42065694 -3.01373651
v 24.36476805 -1.84131388 -4.16958961
v 24.33813986 -0.26197082 -5.53389760
v 25.00436816 1.31737224 -6.74109527
v 25.60014266 -3.42065694 -2.60145562
v 26.19729583 2.89671530 -7.46057997
v 24.62669266 -1.84131388 -3.53724766
v 24.24786291 -0.26197082 -4.84817610
v 24.57894429 1.31737224 -6.18667208
v 26.22583584 -3.42065694 -2.34228501
v 25.54500758 2.89671530 -7.19039333
v 25.04335455 -1.84131388 -2.99424332
v 24.33813986 -0.26197082 -4.16245460
v 24.31151166 1.31737224 -5.54103260
v 24.98487497 2.89671530 -6.76058846
v 25.58635889 -1.84131388 -2.57758143
v 26.19016082 4.47605836 -7.48720816
v 24.60281847 -0.26197082 -3.52346389
v 24.22029537 1.31737224 -4.84817610
v 24.55507010 2.89671530 -6.20045585
v 26.21870084 -1.84131388 -2.31565682
v 25.53122382 4.47605836 -7.21426752
v 25.02386135 -0.26197082 -2.97475012
v 24.31151166 1.31737224 -4.15531960
v 24.28488347 2.89671530 -5.54816761
v 24.96538178 4.47605836 -6.78008165
v 25.57257512 -0.26197082 -2.55370724
v 24.57894429 1.31737224 -3.50968012
v 24.19272784 2.89671530 -4.84817610
v 24.53119592 4.47605836 -6.21423962
v 26.21156583 -0.26197082 -2.28902862
v 25.00436816 1.31737224 -2.95525693
v 24.28488347 2.89671530 -4.14818460
v 24.25825527 4.47605836 -5.55530261
v 25.55879135 1.31737224 -2.52983306
v 24.55507010 2.89671530 -3.49589635
v 24.16516030 4.47605836 -4.84817610
v 26.20443083 1.31737224 -2.26240043
v 24.98487497 2.89671530 -2.93576374
v 24.25825527 4.47605836 -4.14104959
v 25.54500758 2.89671530 -2.50595887
v 24.53119592 4.47605836 -3.48211259
v 26.19729583 2.89671530 -2.23577224
v 24.96538178 4.47605836 -2.91627055
v 25.53122382 4.47605836 -2.48208469
v 26.19016082 4.47605836 -2.20914404
v 13.65506879 6.20697381 25.71782217
v 13.64227070 6.34802759 25.52077567
v 13.59985942 6.49410927 25.33198679
v 13.55563665 6.59118990 25.21117032
v 13.49726413 6.68538896 25.09291736
v 13.42918806 -5.00000000 25.71782217
v 13.26174076 -5.00000000 25.09291736
v 13.33201480 -5.00000000 25.23466070
v 13.38418326 -5.00000000 25.38546011
v 13.41672279 -5.00000000 25.54174971
v 13.42608895 -5.00000000 25.62986428
v -10.58814566 5.57719028 25.04005658
v -10.66495016 5.57465945 25.21978953
v -10.70017861 5.56986224 25.33440897
v -10.72619614 5.56289654 25.45180522
v -10.74508509 5.55221033 25.59718834
v -10.74999726 5.54237101 25.71737631
v -10.74522114 5.53226999 25.83718870
v -10.72462320 5.51976624 25.99244651
v -10.69781597 5.51150809 26.11003714
v -10.65777214 5.50464264 26.23579315
v -10.61751843 5.50121365 26.33424694
v -10.57004408 5.50000000 26.43020103
v -9.33241191 5.50000000 24.22008779
v -9.52220998 5.50325953 24.24267026
v -9.70644348 5.51189329 24.28895501
v -9.82924960 5.52002373 24.33422156
v -9.95853768 5.53013431 24.39576148
v -10.07076894 5.53979598 24.46229905
v -10.19929218 5.55127458 24.55652513
v -10.33143239 5.56270127 24.67837475
v -10.41765256 5.56928820 24.77622607
v -10.49723473 5.57415009 24.88448875
v -10.54491054 5.57619170 24.96070469
v -9.25000000 5.50000000 24.21782217
v -9.27748294 5.50000000 24.21807397
v -9.30495665 5.50000000 24.21882926
v -9.25000000 -5.00000000 24.21782217
v -9.25000000 -5.00000000 27.21782217
v -9.45424997 -5.00000000 27.20385109
v -9.65469516 -5.00000000 27.16219810
v -9.84760163 -5.00000000 27.09363913
v -10.02937593 -5.00000000 26.99945128
v -10.19663192 -5.00000000 26.88138911
v -10.34625395 -5.00000000 26.74165189
v -10.47545484 -5.00000000 26.58284266
v -10.58182783 -5.00000000 26.40791973
v -10.66339138 -5.00000000 26.22014159
v -10.71862613 -5.00000000 26.02300619
v -10.74650315 -5.00000000 25.82018579
v -10.74650315 -5.00000000 25.61545855
v -10.71862613 -5.00000000 25.41263815
v -10.66339138 -5.00000000 25.21550276
v -10.58182783 -5.00000000 25.02772462
v -10.47545484 -5.00000000 24.85280169
v -10.34625395 -5.00000000 24.69399246
v -10.19663192 -5.00000000 24.55425524
v -10.02937593 -5.00000000 24.43619307
v -9.84760163 -5.00000000 24.34200522
v -9.65469516 -5.00000000 24.27344624
v -9.45424997 -5.00000000 24.23179325
v -9.25000000 5.50000000 27.21782217
v -10.46260415 5.50000000 26.60076678
v -10.33326405 5.50000000 26.75538615
v -10.18435971 5.50000000 26.89126665
v -10.01858042 5.50000000 27.00595421
v -9.83892021 5.50000000 27.09737753
v -9.64862385 5.50000000 27.16388546
v -9.45112816 5.50000000 27.20427684
v -9.25000000 -5.00000000 28.28454399
v -9.59950191 -5.00000000 28.26063741
v -9.94249326 -5.00000000 28.18936298
v -10.27258477 -5.00000000 28.07204843
v -10.58362746 -5.00000000 27.91087910
v -10.86982720 -5.00000000 27.70885727
v -11.12585262 -5.00000000 27.46974622
v -11.34693445 -5.00000000 27.19800014
v -11.52895436 -5.00000000 26.89868114
v -11.66852167 -5.00000000 26.57736498
v -11.76303649 -5.00000000 26.24003716
v -11.81073820 -5.00000000 25.89298146
v -11.81073820 -5.00000000 25.54266288
v -11.76303649 -5.00000000 25.19560719
v -11.66852167 -5.00000000 24.85827937
v -11.52895436 -5.00000000 24.53696320
v -11.34693445 -5.00000000 24.23764421
v -11.12585262 -5.00000000 23.96589813
v -10.86982720 -5.00000000 23.72678708
v -10.58362746 -5.00000000 23.52476525
v -10.27258477 -5.00000000 23.36359591
v -9.94249326 -5.00000000 23.24628136
v -9.59950191 -5.00000000 23.17500694
v -9.25000000 -5.00000000 23.15110036
v -9.25000000 5.50000000 28.46782217
v -11.52226764 5.50000000 27.26678949
v -11.28587806 5.50000000 27.56652457
v -11.01025932 5.50000000 27.83063715
v -10.70072229 5.50000000 28.05403810
v -10.36323143 5.50000000 28.23242270
v -10.00428980 5.50000000 28.36235368
v -9.63081384 5.50000000 28.44132742
v -11.66981139 5.51003733 27.02500830
v -11.79059167 5.53941850 26.77253856
v -11.88508130 5.58704725 26.50978533
v -11.95250426 5.65051628 26.24182908
v -11.99231225 5.72537490 25.97280754
v -12.00531967 5.80746181 25.70171170
v -11.72608895 6.06050313 24.49905676
v -11.81276323 6.05206957 24.69399141
v -11.88280191 6.02526605 24.89214077
v -11.93689466 5.98311782 25.09368366
v -11.97521428 5.92980231 25.29669435
v -11.99783969 5.86999357 25.49928956
v -9.25000000 5.52693928 22.96735195
v -9.58677815 5.57278722 22.98741959
v -9.91702257 5.63529131 23.04754460
v -10.15990405 5.69061656 23.11924220
v -10.39165011 5.74924675 23.21133616
v -10.61385221 5.80926515 23.32366447
v -10.82417100 5.86792001 23.45510281
v -11.02241252 5.92294158 23.60554661
v -11.20849261 5.97209706 23.77563723
v -11.37857581 6.01227883 23.96255346
v -11.53095194 6.04128370 24.16482120
v -11.63427826 6.05482147 24.32826704
v -9.92145479 -3.41992812 23.21191880
v -10.54715104 -3.41992812 23.47109067
v -11.08444859 -3.41992812 23.88337358
v -9.92859308 -1.83985625 23.18527831
v -11.49673150 -3.41992812 24.42067114
v -10.56094117 -1.83985625 23.44720547
v -11.75590338 -3.41992812 25.04636739
v -11.10395078 -1.83985625 23.86387140
v -9.93573138 -0.25978437 23.15863783
v -11.84430208 -3.41992812 25.71782217
v -11.52061671 -1.83985625 24.40688101
v -10.57473129 -0.25978437 23.42332026
v -11.75590338 -3.41992812 26.38927696
v -11.78254386 -1.83985625 25.03922909
v -11.12345296 -0.25978437 23.84436921
v -9.94286967 1.32028750 23.13199735
v -11.49673150 -3.41992812 27.01497321
v -11.87188233 -1.83985625 25.71782217
v -11.54450191 -0.25978437 24.39309088
v -10.58852142 1.32028750 23.39943506
v -11.08444859 -3.41992812 27.55227076
v -11.78254386 -1.83985625 26.39641526
v -11.80918434 -0.25978437 25.03209080
v -11.14295515 1.32028750 23.82486702
v -10.54715104 -3.41992812 27.96455368
v -9.95000797 2.90035938 23.10535687
v -11.52061671 -1.83985625 27.02876334
v -11.89946259 -0.25978437 25.71782217
v -11.56838711 1.32028750 24.37930075
v -9.92145479 -3.41992812 28.22372555
v -10.60231155 2.90035938 23.37554986
v -11.10395078 -1.83985625 27.57177295
v -11.80918434 -0.25978437 26.40355355
v -11.83582482 1.32028750 25.02495250
v -11.16245734 2.90035938 23.80536484
v -10.56094117 -1.83985625 27.98843888
v -9.95714627 4.48043125 23.07871638
v -11.54450191 -0.25978437 27.04255347
v -11.92704285 1.32028750 25.71782217
v -11.59227232 2.90035938 24.36551062
v -9.92859308 -1.83985625 28.25036603
v -10.61610168 4.48043125 23.35166465
v -11.12345296 -0.25978437 27.59127514
v -11.83582482 1.32028750 26.41069185
v -11.86246531 2.90035938 25.01781420
v -11.18195952 4.48043125 23.78586265
v -10.57473129 -0.25978437 28.01232408
v -11.56838711 1.32028750 27.05634360
v -11.95462310 2.90035938 25.71782217
v -11.61615752 4.48043125 24.35172049
v -9.93573138 -0.25978437 28.27700651
v -11.14295515 1.32028750 27.61077732
v -11.86246531 2.90035938 26.41783014
v -11.88910579 4.48043125 25.01067591
v -10.58852142 1.32028750 28.03620929
v -11.59227232 2.90035938 27.07013373
v -11.98220336 4.48043125 25.71782217
v -9.94286967 1.32028750 28.30364700
v -11.16245734 2.90035938 27.63027951
v -11.88910579 4.48043125 26.42496844
v -10.60231155 2.90035938 28.06009449
v -11.61615752 4.48043125 27.08392385
v -9.95000797 2.90035938 28.33028748
v -11.18195952 4.48043125 27.64978170
v -10.61610168 4.48043125 28.08397969
v -9.95714627 4.48043125 28.35692796
v 0.00000000 5.50000000 -31.85857766
v -4.06516954 5.50000000 -31.59815449
v -8.06387884 5.50000000 -30.82114256
v -11.93075420 5.50000000 -29.54024500
v -15.60257724 5.50000000 -27.77640283
v 0.00000000 5.53708207 -31.31517958
v 0.00000000 5.64764074 -30.78185666
v 0.00000000 5.82962613 -30.26849726
v 0.00000000 6.07966406 -29.78461960
v 0.00000000 6.39311855 -29.33919526
v 0.00000000 6.76417784 -28.94048288
v 0.00000000 7.18596211 -28.59587500
v 0.00000000 7.65065103 -28.31176101
v 0.00000000 8.14962880 -28.09340866
v 0.00000000 8.67364384 -27.94486644
v -13.68585697 8.67364384 -24.36417205
v -10.46510413 8.67364384 -25.91133258
v -7.07326044 8.67364384 -27.03487650
v -3.56577814 8.67364384 -27.71643532
v -13.75860476 8.14962880 -24.49368092
v -13.86554172 7.65065103 -24.68405485
v -14.00468511 7.18596211 -24.93176412
v -14.17345508 6.76417784 -25.23221593
v -14.36872245 6.39311855 -25.57983960
v -14.58686676 6.07966406 -25.96818982
v -14.82384340 5.82962613 -26.39006618
v -15.07525857 5.64764074 -26.83764666
v -15.33645077 5.53708207 -27.30263265
v -11.72725645 5.53708207 -29.03638972
v -11.52753175 5.64764074 -28.54187644
v -11.33528322 5.82962613 -28.06587395
v -11.15407534 6.07966406 -27.61720782
v -10.98726788 6.39311855 -27.20419679
v -10.83795364 6.76417784 -26.83449851
v -10.70890105 7.18596211 -26.51496757
v -7.92633672 5.53708207 -30.29543956
v -10.60250288 7.65065103 -26.25152841
v -7.79134477 5.64764074 -29.77948364
v -10.52073187 8.14962880 -26.04906545
v -7.66140589 5.82962613 -29.28284115
v -7.53892927 6.07966406 -28.81472037
v -7.42618576 6.39311855 -28.38380073
v -7.32526574 6.76417784 -27.99807192
v -7.23804037 7.18596211 -27.66468577
v -3.99583169 5.53708207 -31.05919833
v -7.16612690 7.65065103 -27.38982359
v -3.92777943 5.64764074 -30.53023498
v -7.11085868 8.14962880 -27.17858162
v -3.86227453 5.82962613 -30.02107196
v -3.80053151 6.07966406 -29.54114968
v -3.74369516 6.39311855 -29.09936640
v -3.69281927 6.76417784 -28.70391324
v -3.64884714 7.18596211 -28.36212231
v -3.61259406 7.65065103 -28.08033076
v -3.58473220 8.14962880 -27.86376330
v 7.45425640 65.89973317 -14.00124365
v 7.40614017 65.62949441 -14.09124712
v 7.36947551 65.31582939 -14.18513145
v 7.30487138 64.15350591 -14.49387147
v 8.18501586 49.30761799 -17.55045541
v 7.46528472 56.74209504 -16.15393463
v 9.10376839 41.89180217 -18.84755937
v 9.69466144 37.40292941 -19.61371405
v 13.68585697 8.67364384 -24.36417205
v 3.56577814 8.67364384 -27.71643532
v 7.07326044 8.67364384 -27.03487650
v 10.46510413 8.67364384 -25.91133258
v 0.00000000 65.89973317 -15.86192807
v 1.93519984 65.89973317 -15.74343558
v 3.84148685 65.89973317 -15.38972842
v 5.69038016 65.89973317 -14.80609117
v 4.62656362 54.45451531 -17.68329853
v 5.23823782 43.00929744 -20.02119302
v 5.84991203 31.56407957 -22.35908752
v 6.46158624 20.11886171 -24.69698201
v -7.45425640 65.89973317 -14.00124365
v -5.69038016 65.89973317 -14.80609117
v -3.84148685 65.89973317 -15.38972842
v -1.93519984 65.89973317 -15.74343558
v 0.00000000 66.14992941 -15.81735181
v 0.00000000 66.40245137 -15.78875348
v 0.00000000 66.65627971 -15.77624851
v -1.95734592 66.65627971 -15.65435447
v -3.88444526 66.65627971 -15.29055598
v -5.75151883 66.65627971 -14.69047475
v -7.52971501 66.65627971 -13.86338374
v -7.49760036 66.14516052 -13.92823870
v -7.52321152 66.39721125 -13.88159767
v -5.76675772 66.14516427 -14.72939778
v -5.75623402 66.39721336 -14.70251824
v -3.89473726 66.14516427 -15.33106895
v -3.88762979 66.39721336 -15.30309143
v -1.96253199 66.14516427 -15.69583135
v -1.95895058 66.39721336 -15.66718818
v -9.33861780 41.80445564 -18.18483870
v -9.18190719 41.77157610 -17.81444226
v -9.06893028 41.74061752 -17.42829386
v -9.00118881 41.71199143 -17.03152636
v -8.97958323 41.68607834 -16.62941379
v -11.11516894 9.26015365 -18.60427247
v -11.13898295 9.28738530 -19.02564678
v -11.21344305 9.31757781 -19.44086851
v -11.33746203 9.35029034 -19.84387491
v -11.50922907 9.38504523 -20.22878161
v -11.72623615 9.42133503 -20.58996848
v -9.88951140 37.30946802 -18.89147810
v 7.35267283 80.50000000 -13.68437684
v 7.52971501 66.65627971 -13.86338374
v 5.75151883 66.65627971 -14.69047475
v 3.88444526 66.65627971 -15.29055598
v 1.95734592 66.65627971 -15.65435447
v 0.00000000 80.50000000 -15.53460547
v 1.90996488 80.50000000 -15.41674419
v 3.79094790 80.50000000 -15.06494876
v 5.61440695 80.50000000 -14.48455736
v 3.84478018 75.88542657 -15.13442015
v 3.86461272 71.27085314 -15.21248806
v -23.00813338 0.20000000 -32.53687598
v -18.83882992 0.20000000 -35.11582246
v -14.38440866 0.20000000 -37.16330566
v -9.71228539 0.20000000 -38.64833777
v -4.89317074 0.20000000 -39.54844346
v 0.00000000 0.20000000 -39.85000000
v 0.00000000 0.00000000 -39.85000000
v -23.00813338 0.00000000 -32.53687598
v -18.83882992 0.00000000 -35.11582246
v -14.38440866 0.00000000 -37.16330566
v -9.71228539 0.00000000 -38.64833777
v -4.89317074 0.00000000 -39.54844346
v 0.00000000 8.00000000 -34.97649731
v -4.15944773 8.00000000 -34.72829334
v -8.25986202 8.00000000 -33.98720411
v -12.24304727 8.00000000 -32.76374761
v -16.05247169 8.00000000 -31.07528788
v -19.63406956 8.00000000 -28.94578858
v 0.00000000 7.98288972 -35.23754969
v 0.00000000 7.93185165 -35.49413540
v 0.00000000 7.84775907 -35.74186417
v 0.00000000 7.73205081 -35.97649731
v 0.00000000 7.58670668 -36.19402017
v 0.00000000 7.41421356 -36.39071087
v 0.00000000 7.21752286 -36.56320399
v 0.00000000 7.00000000 -36.70854812
v -20.60635691 7.00000000 -30.37919616
v -16.84739681 7.00000000 -32.61414916
v -12.84932811 7.00000000 -34.38622212
v -8.66889385 7.00000000 -35.67026471
v -4.36542532 7.00000000 -36.44805299
v -19.78061141 7.98288972 -29.16182986
v -19.92464589 7.93185165 -29.37417461
v -20.06370853 7.84775907 -29.57918955
v -20.19541993 7.73205081 -29.77336683
v -20.31752646 7.58670668 -29.95338402
v -20.42793886 7.41421356 -30.11616097
v -20.52476794 7.21752286 -30.25891252
v -16.17228174 7.98288972 -31.30722300
v -16.29004181 7.93185165 -31.53518964
v -16.40373699 7.84775907 -31.75528723
v -16.51142192 7.73205081 -31.96374985
v -16.61125409 7.58670668 -32.15701064
v -16.70152533 7.41421356 -32.33176285
v -16.78069109 7.21752286 -32.48501643
v -12.33442511 7.98288972 -33.00828480
v -12.42423945 7.93185165 -33.24863789
v -12.51095354 7.84775907 -33.48069438
v -12.59308368 7.73205081 -33.70048371
v -12.66922460 7.58670668 -33.90424522
v -12.73807350 7.41421356 -34.08849250
v -12.79845237 7.21752286 -34.25007303
v -8.32151075 7.98288972 -34.24087276
v -8.38210465 7.93185165 -34.49020106
v -8.44060695 7.84775907 -34.73092295
v -8.49601665 7.73205081 -34.95891960
v -8.54738569 7.58670668 -35.17028993
v -8.59383511 7.41421356 -35.36141733
v -8.63457016 7.21752286 -35.52903157
v -4.19049240 7.98288972 -34.98749322
v -4.22100588 7.93185165 -35.24225811
v -4.25046609 7.84775907 -35.48822893
v -4.27836895 7.73205081 -35.72119704
v -4.30423703 7.58670668 -35.93717629
v -4.32762773 7.41421356 -36.13247121
v -4.34814082 7.21752286 -36.30374027
v 16.07026047 8.00000000 -27.38612972
v 15.93275303 8.01854103 -27.15179646
v 15.79779513 8.07382037 -26.92180799
v 15.66788901 8.16481307 -26.70042852
v 15.54544328 8.28983203 -26.49176266
v 15.43272820 8.44655928 -26.29967929
v 15.33183363 8.63208892 -26.12773984
v 15.24463026 8.84298105 -25.97913223
v 15.17273493 9.07532552 -25.85661182
v 15.11748064 9.32481440 -25.76245025
v 15.07989189 9.58682192 -25.69839338
v 11.54810298 9.58682192 -27.46728744
v 7.81336594 9.58682192 -28.75346717
v 3.94131561 9.58682192 -29.53432906
v 0.00000000 9.58682192 -29.79615011
v 0.00000000 8.00000000 -31.75300572
v 0.00000000 8.01854103 -31.48130668
v 0.00000000 8.07382037 -31.21464522
v 0.00000000 8.16481307 -30.95796552
v 0.00000000 8.28983203 -30.71602669
v 0.00000000 8.44655928 -30.49331452
v 0.00000000 8.63208892 -30.29395833
v 0.00000000 8.84298105 -30.12165439
v 0.00000000 9.07532552 -29.97959740
v 0.00000000 9.32481440 -29.87042122
v 4.20016065 8.00000000 -31.47398963
v 8.32650704 8.00000000 -30.64184480
v 12.30652211 8.00000000 -29.27119550
v 4.16422139 8.01854103 -31.20467802
v 4.12894848 8.07382037 -30.94035974
v 4.09499591 8.16481307 -30.68593550
v 4.06299321 8.28983203 -30.44612261
v 4.03353374 8.44655928 -30.22536743
v 4.00716370 8.63208892 -30.02776300
v 3.98437202 8.84298105 -29.85697311
v 3.96558129 9.07532552 -29.71616437
v 3.95113990 9.32481440 -29.60794754
v 8.25526011 8.01854103 -30.37965357
v 8.18533418 8.07382037 -30.12232363
v 8.11802574 8.16481307 -29.87462615
v 8.05458276 8.28983203 -29.64115369
v 7.99618153 8.44655928 -29.42623509
v 7.94390488 8.63208892 -29.23385515
v 7.89872207 8.84298105 -29.06758079
v 7.86147084 9.07532552 -28.93049492
v 7.83284186 9.32481440 -28.82513924
v 12.20121963 8.01854103 -29.02073242
v 12.09786956 8.07382037 -28.77491318
v 11.99838813 8.16481307 -28.53829552
v 11.90461983 8.28983203 -28.31526660
v 11.81830320 8.44655928 -28.10996158
v 11.74103867 8.63208892 -27.92618704
v 11.67425877 8.84298105 -27.76735035
v 11.61920170 9.07532552 -27.63639651
v 11.57688826 9.32481440 -27.53575353
v 0.00000000 82.50000000 -15.53460547
v -1.90996488 82.50000000 -15.41674419
v -3.79094790 82.50000000 -15.06494876
v -5.61440695 82.50000000 -14.48455736
v -7.35267283 82.50000000 -13.68437684
v 0.00000000 82.48326731 -15.79277359
v 0.00000000 82.43334923 -16.04662185
v 0.00000000 82.35108101 -16.29190271
v 0.00000000 82.23783923 -16.52451194
v 0.00000000 82.09551872 -16.74055738
v 0.00000000 81.92650090 -16.93642400
v 0.00000000 81.73361388 -17.10883443
v 0.00000000 81.52008518 -17.25490377
v 0.00000000 81.28948771 -17.37218789
v 0.00000000 81.04567999 -17.45872432
v 0.00000000 80.79274158 -17.51306507
v 0.00000000 80.53490481 -17.53430086
v -8.29914721 80.53490481 -15.44590115
v -6.33712268 80.53490481 -16.34908508
v -4.27893847 80.53490481 -17.00418750
v -2.15582552 80.53490481 -17.40126786
v -7.47486620 82.48326731 -13.91179618
v -7.59501493 82.43334923 -14.13541018
v -7.71110864 82.35108101 -14.35147719
v -7.82120475 82.23783923 -14.55638181
v -7.92346106 82.09551872 -14.74669544
v -8.01616654 81.92650090 -14.91923362
v -8.09777000 81.73361388 -15.07110933
v -8.16690597 81.52008518 -15.19978128
v -8.22241763 81.28948771 -15.30309643
v -8.26337613 81.04567999 -15.37932606
v -8.28909611 80.79274158 -15.42719462
v -5.70771224 82.48326731 -14.72527482
v -5.79945628 82.43334923 -14.96196443
v -5.88810395 82.35108101 -15.19066574
v -5.97217193 82.23783923 -15.40755196
v -6.05025354 82.09551872 -15.60899400
v -6.12104227 81.92650090 -15.79162118
v -6.18335362 81.73361388 -15.95237768
v -6.23614497 81.52008518 -16.08857359
v -3.85394929 82.48326731 -15.31531170
v -6.27853296 81.28948771 -16.19792999
v -3.91589651 82.43334923 -15.56148539
v -6.30980835 81.04567999 -16.27861707
v -3.97575300 82.35108101 -15.79935068
v -6.32944779 80.79274158 -16.32928470
v -4.03251720 82.23783923 -16.02492746
v -4.08523930 82.09551872 -16.23444121
v -4.13303711 81.92650090 -16.42438621
v -4.17511085 81.73361388 -16.59158416
v -4.21075651 81.52008518 -16.73323739
v -1.94170640 82.48326731 -15.67295358
v -4.23937764 81.28948771 -16.84697568
v -1.97291680 82.43334923 -15.92487589
v -4.26049534 81.04567999 -16.93089585
v -2.00307385 82.35108101 -16.16829580
v -4.27375625 80.79274158 -16.98359372
v -2.03167293 82.23783923 -16.39914022
v -2.05823551 82.09551872 -16.61354652
v -2.08231713 81.92650090 -16.80792710
v -2.10351482 81.73361388 -16.97902944
v -2.12147391 81.52008518 -17.12399056
v -2.13589388 81.28948771 -17.24038484
v -2.14653345 81.04567999 -17.32626472
v -2.15321459 80.79274158 -17.38019318
v -11.17792217 41.78535796 -15.88226777
v -13.28057766 9.85943326 -17.82667460
v -13.07791518 9.89158978 -18.57382062
v -13.09144357 9.88060410 -18.37881328
v -13.13024062 9.87148495 -18.18712814
v -13.19364538 9.86438771 -18.00203079
v -10.97525969 41.81751447 -16.62941379
v -10.98878808 41.80652879 -16.43440646
v -11.02758513 41.79740965 -16.24272132
v -11.09098989 41.79031240 -16.05762397
v 8.48413307 66.69118452 -15.62061675
v 8.47886920 66.59871250 -15.62777140
v 8.46807609 66.53901778 -15.63896662
v 8.45157987 66.47977559 -15.65521181
v 8.42908772 66.42005722 -15.67677707
v 8.40396291 66.36667127 -15.70047951
v 8.37387370 66.31291125 -15.72855020
v 6.48054422 66.69118452 -16.55254446
v 4.37681245 66.69118452 -17.22868812
v 2.20544645 66.69118452 -17.63859936
v 0.00000000 66.69118452 -17.77594390
v 0.00000000 66.31291125 -17.81878368
v 0.00000000 66.43800937 -17.79649555
v 0.00000000 66.56427035 -17.78219639
v 2.17394173 66.31291125 -17.68567299
v 4.31540371 66.31291125 -17.28832967
v 6.39239144 66.31291125 -16.63269021
v 2.17155145 66.42005881 -17.66622731
v 2.16974775 66.53901661 -17.65155367
v 4.31065885 66.42005881 -17.26932087
v 4.30707840 66.53901661 -17.25497691
v 6.38536290 66.42005881 -16.61440230
v 6.38005919 66.53901661 -16.60060231
v 8.36466649 66.42005881 -15.71125640
v 8.35771876 66.53901661 -15.69820657
v -2.20544645 66.69118452 -17.63859936
v -4.37681245 66.69118452 -17.22868812
v -6.48054422 66.69118452 -16.55254446
v -8.48413307 66.69118452 -15.62061675
v -4.33714738 75.92033138 -17.07255229
v -4.35697992 71.30575795 -17.15062021
v -8.37387370 66.31291125 -15.72855020
v -6.39239144 66.31291125 -16.63269021
v -4.31540371 66.31291125 -17.28832967
v -2.17394173 66.31291125 -17.68567299
v -3.94131561 9.58682192 -29.53432906
v -7.81336594 9.58682192 -28.75346717
v -11.54810298 9.58682192 -27.46728744
v -15.07989189 9.58682192 -25.69839338
v -9.42723765 49.67539499 -19.13552540
v -8.56820075 57.29597668 -17.76426257
v -8.32776694 61.60740820 -16.86866550
v -8.36230078 64.89337301 -16.07334278
v -8.30193444 65.14650637 -16.04446376
v -8.27012482 65.40270624 -16.00000269
v -8.26537738 65.59525783 -15.95668484
v -8.27621760 65.78224225 -15.90657904
v -8.29280444 65.91302541 -15.86678111
v -8.31654651 66.04267249 -15.82342615
v -5.45777101 52.13138892 -20.08479325
v -6.24296932 37.94986659 -22.97435122
v -7.02816763 23.76834425 -25.86390920
v 0.00000000 1.29559851 -40.00198585
v -4.91118519 1.29559851 -39.69935934
v -9.74806133 1.29559851 -38.79605872
v -14.43744370 1.29559851 -37.30575145
v -18.90837925 1.29559851 -35.25098674
v -23.09322017 1.29559851 -32.66285435
v -23.11793794 1.29637881 -32.64481238
v -23.17047603 0.81305092 -32.77212437
v -18.97163518 0.81305092 -35.36891508
v -14.48574260 0.81305092 -37.43055379
v -9.78067241 0.81305092 -38.92584672
v -4.92761503 0.81305092 -39.83216923
v 0.00000000 0.81305092 -40.13580814
v 0.00000000 0.20000000 -40.14650899
v -4.92941906 0.20000000 -39.84272847
v -9.78423828 0.20000000 -38.93598419
v -14.49098679 0.20000000 -37.43999847
v -18.97843457 0.20000000 -35.37741094
v -23.17867039 0.20000000 -32.77943598
v 1.35504261 1.75499815 -36.82507786
v 1.10090919 5.50000000 -34.67034765
v 0.90347491 1.75499815 -36.83892280
v 0.45177141 1.75499815 -36.84723060
v 0.00000000 1.75499815 -36.85000000
v 0.00000000 5.50000000 -34.68782217
v 0.36702452 5.50000000 -34.68588041
v 0.73400794 5.50000000 -34.68005536
v 1.38361976 0.25000000 -36.85030358
v 2.44956227 0.25000000 -36.79482195
v 2.09443206 0.25000000 -36.81674390
v 1.73910686 0.25000000 -36.83523835
v 2.47348891 1.75499815 -36.76689207
v 3.94859275 1.75499815 -36.63783721
v 3.45748243 1.75499815 -36.68744084
v 2.96575174 1.75499815 -36.73046170
v 3.97700586 0.25000000 -36.66118795
v 5.03638860 0.25000000 -36.53072771
v 4.68368609 0.25000000 -36.57762105
v 4.33054756 0.25000000 -36.62110915
v 5.06015120 1.75499815 -36.50092286
v 16.79103606 1.75499815 -32.80218907
v 13.02702135 1.75499815 -34.47055577
v 9.10038737 1.75499815 -35.70861870
v 16.82759661 0.25000000 -32.81297411
v 17.77022105 0.25000000 -32.31220390
v 17.45762839 0.25000000 -32.48215646
v 17.14341050 0.25000000 -32.64908504
v 17.78010228 1.75499815 -32.27677901
v 19.06245943 1.75499815 -31.53640976
v 18.63832573 1.75499815 -31.78891810
v 18.21084777 1.75499815 -32.03572261
v 19.09807891 0.25000000 -31.54556481
v 20.00307085 0.25000000 -30.97961320
v 19.70323181 0.25000000 -31.17117152
v 19.40155847 0.25000000 -31.35982791
v 20.01201100 1.75499815 -30.94255832
v 21.04453693 1.75499815 -30.24979282
v 20.70296632 1.75499815 -30.48458111
v 20.35877650 1.75499815 -30.71551269
v 21.06764710 0.00000000 -30.27103204
v 0.00000000 0.00000000 -36.88063361
v 4.47374569 0.00000000 -36.60828779
v 8.88141844 0.00000000 -35.79527262
v 13.15792115 0.00000000 -34.45359555
v 17.24009396 0.00000000 -32.60307187
v -16.67369447 0.00000000 36.19406599
v -21.45310769 0.00000000 33.58253520
v -25.83179545 0.00000000 30.34371177
v -29.72796766 0.00000000 26.53809411
v -33.06884721 0.00000000 22.23676785
v -35.79202935 0.00000000 17.52007804
v -37.84664742 0.00000000 12.47612837
v -39.19432292 0.00000000 7.19913543
v -39.80988244 0.00000000 1.78766888
v -39.68182787 0.00000000 -3.65718977
v -15.96252274 0.00000000 36.35000000
v -16.14560455 0.00000000 36.34011108
v -16.32655596 0.00000000 36.31055905
v -16.50327138 0.00000000 36.26168779
v 15.96252298 0.00000000 36.35000000
v 16.67369469 0.00000000 36.19406589
v 16.50327161 0.00000000 36.26168772
v 16.32655620 0.00000000 36.31055900
v 16.14560478 0.00000000 36.34011106
v 39.68182785 0.00000000 -3.65719001
v 39.80988245 0.00000000 1.78766864
v 39.19432296 0.00000000 7.19913520
v 37.84664749 0.00000000 12.47612814
v 35.79202946 0.00000000 17.52007783
v 33.06884734 0.00000000 22.23676765
v 29.72796782 0.00000000 26.53809393
v 25.83179563 0.00000000 30.34371162
v 21.45310789 0.00000000 33.58253507
v 39.46128480 0.00000000 -4.35104980
v 39.54426165 0.00000000 -4.18755184
v 39.60914455 0.00000000 -4.01606730
v 39.65517850 0.00000000 -3.83859164
v 23.49876194 0.00000000 -31.99895041
v 23.00813318 0.00000000 -32.53687612
v 23.15190695 0.00000000 -32.42309632
v 23.28258842 0.00000000 -32.29449192
v 23.39865696 0.00000000 -32.15255943
v 4.89317069 0.00000000 -39.54844347
v 9.71228530 0.00000000 -38.64833780
v 14.38440853 0.00000000 -37.16330571
v 18.83882976 0.00000000 -35.11582255
v -23.49876206 0.00000000 -31.99895020
v -23.39865710 0.00000000 -32.15255924
v -23.28258858 0.00000000 -32.29449175
v -23.15190712 0.00000000 -32.42309616
v -39.46128480 0.00000000 -4.35104980
v -39.65517854 0.00000000 -3.83859146
v -39.60914458 0.00000000 -4.01606719
v -39.54426167 0.00000000 -4.18755179
v -1.01564537 0.00000000 -38.93675596
v -0.67713955 0.00000000 -38.94411357
v -0.33858257 0.00000000 -38.94852837
v 22.55614666 0.00000000 -31.74850778
v 22.61763124 0.00000000 -31.68800042
v 22.67224053 0.00000000 -31.62122227
v 22.71933907 0.00000000 -31.54895041
v 31.20060056 0.00000000 -16.85897460
v 31.11399802 0.00000000 -16.80897460
v 38.59525986 0.00000000 -3.85104899
v 38.62941792 0.00000000 -3.78374377
v 38.65612745 0.00000000 -3.71315079
v 38.67507764 0.00000000 -3.64009152
v 38.68604798 0.00000000 -3.56541611
v 38.83688815 0.00000000 1.00926633
v 38.44864464 0.00000000 5.56993942
v 37.52670654 0.00000000 10.05329779
v 36.08387100 0.00000000 14.39710921
v 34.14016561 0.00000000 18.54107850
v 34.22804249 0.00000000 18.58880329
v 31.56794317 0.00000000 22.81594759
v 28.38878962 0.00000000 26.66794188
v 24.74285490 0.00000000 30.08144995
v 20.69008711 0.00000000 33.00034538
v 16.29712365 0.00000000 35.37663439
v 16.21694094 0.00000000 35.40844991
v 16.13379773 0.00000000 35.43144344
v 16.04866152 0.00000000 35.44534740
v 15.96252298 0.00000000 35.45000000
v -1.00000000 0.00000000 35.45000000
v -1.00000000 0.00000000 35.35000000
v -15.96252367 0.00000000 35.35000000
v -16.03789074 0.00000000 35.34592914
v -16.11238081 0.00000000 35.33376378
v -16.18512709 0.00000000 35.31364549
v -16.25528307 0.00000000 35.28580837
v -20.29249435 0.00000000 33.12909858
v -24.04803136 0.00000000 30.51253329
v -27.46976454 0.00000000 27.47243229
v -30.51019782 0.00000000 24.05099435
v -33.12712780 0.00000000 20.29571146
v -33.21239711 0.00000000 20.34795267
v -35.54316180 0.00000000 15.93066693
v -37.28950994 0.00000000 11.25144205
v -38.42272729 0.00000000 6.38721593
v -38.92418099 0.00000000 1.41796835
v -38.78562591 0.00000000 -3.57459410
v -38.77308761 0.00000000 -3.65994213
v -38.75142898 0.00000000 -3.74344302
v -38.72090205 0.00000000 -3.82412512
v -38.68186205 0.00000000 -3.90104959
v -30.20060056 0.00000000 -18.59102540
v -30.11399802 0.00000000 -18.54102540
v -22.63273619 0.00000000 -31.49895101
v -22.59152718 0.00000000 -31.56218537
v -22.54374664 0.00000000 -31.62061299
v -22.48995055 0.00000000 -31.67355397
v -22.43076491 0.00000000 -31.72039227
v -18.54439380 0.00000000 -34.13836491
v -14.40061329 0.00000000 -36.08247271
v -10.05694199 0.00000000 -37.52573008
v -5.57367318 0.00000000 -38.44810356
v -1.01303781 0.00000000 -38.83678996
v 37.69624287 0.00000000 -3.40819209
v 37.83582325 0.00000000 1.03584689
v 37.45330164 0.00000000 5.46559206
v 36.55395649 0.00000000 9.81991674
v 35.15019801 0.00000000 14.03873497
v 33.26139687 0.00000000 18.06383066
v 30.24797262 0.00000000 -16.30897460
v 30.16137008 0.00000000 -16.25897460
v -0.98435463 0.00000000 -37.73716399
v -0.65627775 0.00000000 -37.74429493
v -0.32815127 0.00000000 -37.74857370
v -0.98696219 0.00000000 -37.83712999
v -21.79970237 0.00000000 -30.94180791
v -18.02084191 0.00000000 -33.28470755
v -13.99330925 0.00000000 -35.16830670
v -9.77268088 0.00000000 -36.56661330
v -5.41719789 0.00000000 -37.46033191
v -29.24797262 0.00000000 -18.04102540
v -29.16137008 0.00000000 -17.99102540
v -37.59862401 0.00000000 -3.37727292
v -32.18916537 0.00000000 19.72105811
v -34.44095659 0.00000000 15.45584062
v -36.13053548 0.00000000 10.93832282
v -37.23032144 0.00000000 6.24224842
v -37.72236163 0.00000000 1.44427589
v -32.27443468 0.00000000 19.77329932
v -15.89654050 0.00000000 34.35000000
v -19.81498134 0.00000000 32.24886067
v -23.45999239 0.00000000 29.70271464
v -26.78127561 0.00000000 26.74669656
v -29.73300013 0.00000000 23.42159694
v -1.00000000 0.00000000 34.35000000
v -1.00000000 0.00000000 34.25000000
v 15.87450787 0.00000000 34.25000000
v 33.17352000 0.00000000 18.01610588
v 30.60562891 0.00000000 22.09882302
v 27.53813318 0.00000000 25.82080017
v 24.02110643 0.00000000 29.12127995
v 20.11196043 0.00000000 31.94638552
v -3.47100286 0.00000000 33.38063361
v -3.47100286 0.00000000 33.15000000
v -4.52899714 0.00000000 33.15000000
v -4.52899714 0.00000000 33.38063361
v -15.68165920 0.00000000 33.38063361
v -16.45698826 0.00000000 33.00528250
v -17.22333949 0.00000000 32.61192592
v -17.98029482 0.00000000 32.20077846
v -17.86496608 0.00000000 32.00102322
v -18.17207486 0.00000000 31.82763258
v -18.47750093 0.00000000 31.65129475
v -18.78121601 0.00000000 31.47202607
v -18.89654475 0.00000000 31.67178131
v -23.01273853 0.00000000 28.82004512
v -26.70468382 0.00000000 25.43700055
v -29.90431823 0.00000000 21.58501532
v -29.71537468 0.00000000 21.45271562
v -29.92043170 0.00000000 21.16578056
v -30.12271814 0.00000000 20.87688558
v -30.32221527 0.00000000 20.58605744
v -30.51115882 0.00000000 20.71835714
v -33.04151507 0.00000000 16.38412089
v -34.95999706 0.00000000 11.74647781
v -36.23107769 0.00000000 6.89130937
v -36.83121864 0.00000000 1.90852527
v -36.74930630 0.00000000 -3.10960156
v -27.17297527 0.00000000 -19.69629345
v -26.97324071 0.00000000 -19.58097665
v -26.44424356 0.00000000 -20.49722658
v -26.64397813 0.00000000 -20.61254338
v -21.06764710 0.00000000 -30.27103204
v -20.35491897 0.00000000 -30.75481115
v -19.63108656 0.00000000 -31.22181250
v -18.89654475 0.00000000 -31.67178131
v -18.78121601 0.00000000 -31.47202607
v -18.47750093 0.00000000 -31.65129475
v -18.17207486 0.00000000 -31.82763258
v -17.86496608 0.00000000 -32.00102322
v -17.98029482 0.00000000 -32.20077846
v -13.45252194 0.00000000 -34.33963874
v -8.67674676 0.00000000 -35.84543487
v -3.74101249 0.00000000 -36.69040693
v -3.72090937 0.00000000 -36.46062717
v -3.36988780 0.00000000 -36.49474423
v -3.01855419 0.00000000 -36.52548193
v -2.66694107 0.00000000 -36.55283745
v -2.68704419 0.00000000 -36.78261721
v -1.79224527 0.00000000 -36.83706004
v -0.89638744 0.00000000 -36.86973860
v 30.64397813 0.00000000 -13.68434015
v 30.44424356 0.00000000 -13.56902335
v 30.97324071 0.00000000 -12.65277342
v 31.17297527 0.00000000 -12.76809022
v 36.74930630 0.00000000 -3.10960156
v 36.81190723 0.00000000 -2.25047134
v 36.85442606 0.00000000 -1.39011342
v 36.87683958 0.00000000 -0.52899714
v 36.64618209 0.00000000 -0.52899714
v 36.64957578 0.00000000 -0.17633782
v 36.64957578 0.00000000 0.17633782
v 36.64618209 0.00000000 0.52899714
v 36.87683958 0.00000000 0.52899714
v 36.46526047 0.00000000 5.51959362
v 35.38143059 0.00000000 10.40843432
v 33.64533072 0.00000000 15.10539161
v 33.43628405 0.00000000 15.00791155
v 33.29031951 0.00000000 15.32896367
v 33.14127234 0.00000000 15.64859635
v 32.98915634 0.00000000 15.96678001
v 33.19820302 0.00000000 16.06426007
v 30.70982244 0.00000000 20.42273098
v 27.65274672 0.00000000 24.40300666
v 24.08358782 0.00000000 27.93137900
v 20.06844069 0.00000000 30.94250836
v 15.68165920 0.00000000 33.38063361
v -31.78676259 1.75499815 -11.64371218
v -31.79637802 0.25000000 -11.67959745
v -36.71935750 1.75499815 -3.10020718
v -27.16176259 1.75499815 -19.65444717
v -29.97713184 1.75499815 -14.77808459
v -30.01301711 0.25000000 -14.76846916
v -30.54637802 0.25000000 -13.84466096
v -30.53676259 1.75499815 -13.80877569
v -31.22713184 1.75499815 -12.61302108
v -31.26301711 0.25000000 -12.60340565
v -34.60162574 5.50000000 -2.44387054
v -29.94694629 5.50000000 -10.50601184
v -28.69694629 5.50000000 -12.67107535
v -29.32194629 5.50000000 -11.58854359
v -33.70359414 1.75499815 14.89933697
v -31.71715793 5.50000000 14.04517354
v -33.50099698 1.75499815 15.34945280
v -33.29238879 1.75499815 15.79681450
v -33.07780701 1.75499815 16.24134181
v -31.14662328 5.50000000 15.26868906
v -31.53227636 5.50000000 14.45546798
v -31.34208747 5.50000000 14.86332937
v -36.80304707 1.75499815 1.85963075
v -34.63436707 5.50000000 1.92500000
v -36.36588765 1.75499815 5.95354646
v -35.47476462 1.75499815 9.97314271
v -34.14080206 1.75499815 13.86824195
v -32.20293673 5.50000000 12.89247352
v -34.22265709 5.50000000 5.66169134
v -33.40899477 5.50000000 9.33188491
v -36.84256171 1.75499815 -0.74036925
v -34.68125405 5.50000000 -0.67500000
v -36.84917350 1.75499815 -0.24680451
v -36.84917350 1.75499815 0.24680451
v -36.84256171 1.75499815 0.74036925
v -34.68125405 5.50000000 0.67500000
v -34.68709236 5.50000000 -0.22501262
v -34.68709236 5.50000000 0.22501262
v -36.75190483 1.75499815 -2.68700421
v -36.77980252 1.75499815 -2.27346129
v -36.80304707 1.75499815 -1.85963075
v -34.63436707 5.50000000 -1.92500000
v -34.61340358 5.50000000 -2.27096894
v -34.62431744 5.50000000 -2.09801065
v 25.97713184 1.75499815 -21.70628782
v 26.01301711 0.25000000 -21.69667239
v 30.60213184 1.75499815 -13.69555283
v 27.78676259 1.75499815 -18.57191541
v 27.79637802 0.25000000 -18.60780068
v 27.26301711 0.25000000 -19.53160888
v 27.22713184 1.75499815 -19.54122431
v 26.53676259 1.75499815 -20.73697892
v 26.54637802 0.25000000 -20.77286419
v 19.41726684 5.50000000 -28.74395163
v 24.07194629 5.50000000 -20.68181033
v 25.32194629 5.50000000 -18.51674682
v 24.69694629 5.50000000 -19.59927858
v 3.69510188 5.50000000 -34.49045128
v 2.35023903 5.50000000 -34.60811153
v 2.79902292 5.50000000 -34.57470864
v 3.24733568 5.50000000 -34.53548636
v 15.65008463 5.50000000 -30.95674172
v 4.93625878 5.50000000 -34.33479804
v 8.62284799 5.50000000 -33.59898064
v 12.20816002 5.50000000 -32.46853609
v 17.92519417 5.50000000 -29.69734704
v 16.75605987 5.50000000 -30.37234704
v 17.14867953 5.50000000 -30.15240948
v 17.53841283 5.50000000 -29.92739686
v 18.98428244 5.50000000 -29.03174172
v 19.12908924 5.50000000 -28.93653317
v 19.27341858 5.50000000 -28.84060234
v -3.76881992 1.75499815 -36.65676604
v -8.67960742 1.75499815 -35.81322263
v -13.43170245 1.75499815 -34.31489282
v -17.93822069 1.75499815 -32.18917114
v -3.64537382 5.50000000 -34.49574259
v -16.79982969 5.50000000 -30.34815858
v -12.61310280 5.50000000 -32.31338183
v -8.20214545 5.50000000 -33.70415133
v -16.85205243 -2.50000000 -30.15932998
v -3.49428781 -2.50000000 -34.37101698
v -12.60490090 -2.50000000 -32.16664933
v -8.12470175 -2.50000000 -33.57925069
v -19.31244529 -2.50000000 -28.64622685
v -18.77890933 -2.50000000 -28.99878308
v -18.23893913 -2.50000000 -29.34140342
v -17.69271971 -2.50000000 -29.67397050
v -18.48430250 -2.50000000 -31.04503211
v -18.20553276 -2.50000000 -31.20932608
v -17.92530284 -2.50000000 -31.37111690
v -17.64363522 -2.50000000 -31.53039159
v -3.63226979 -2.50000000 -35.94815814
v -2.66524470 -2.50000000 -36.03276188
v -2.98783466 -2.50000000 -36.00744787
v -3.31018497 -2.50000000 -35.97924587
v -2.52726273 -2.50000000 -34.45562071
v -1.81505765 -2.50000000 -34.50046987
v -1.10207815 -2.50000000 -34.53059917
v -0.38862845 -2.50000000 -34.54599577
v -0.37983048 -2.50000000 -33.32529817
v -4.19066828 -2.50000000 -33.06294102
v -7.94645406 -2.50000000 -32.36624225
v -11.59784877 -2.50000000 -31.24435427
v -15.09688473 -2.50000000 -29.71201510
v -18.39759576 -2.50000000 -27.78935479
v -25.63652016 -2.50000000 -15.25116993
v -26.69369379 -2.50000000 -15.86152942
v -25.13119379 -2.50000000 -18.56785880
v -26.50212603 -2.50000000 -19.35936690
v -26.01676655 -2.50000000 -20.20003418
v -24.64583431 -2.50000000 -19.40852608
v -2.65381755 1.75499815 -36.75431611
v -0.88528711 1.75499815 -36.83936436
v -1.77006321 1.75499815 -36.80746359
v -2.40013044 5.50000000 -34.60468727
v -1.68403830 5.50000000 -34.64691937
v -0.96722597 5.50000000 -34.67433462
v -0.25000000 5.50000000 -34.68692127
v -0.16666747 5.50000000 -34.68742177
v -0.08333397 5.50000000 -34.68772207
v -26.60213184 1.75499815 -20.62375606
v -21.04453693 1.75499815 -30.24979282
v -24.69694629 5.50000000 -19.59927858
v -19.41726684 5.50000000 -28.74395163
v 33.63010057 1.75499815 15.06448923
v 35.35496430 1.75499815 10.38985079
v 36.43342014 1.75499815 5.52525087
v 36.84575028 1.75499815 0.55963075
v 31.69687631 5.50000000 14.09088497
v 34.68219114 5.50000000 0.62500000
v 34.29076094 5.50000000 5.23342347
v 33.28972399 5.50000000 9.74880934
v 34.54477213 -2.50000000 0.48535948
v 31.51331777 -2.50000000 14.15936647
v 34.15958592 -2.50000000 5.16716027
v 33.14283501 -2.50000000 9.75342723
v 34.46458282 -2.50000000 -2.40195481
v 34.50313749 -2.50000000 -1.76362100
v 34.52987031 -2.50000000 -1.12468291
v 34.54477213 -2.50000000 -0.48535948
v 36.12793772 -2.50000000 -0.48535948
v 36.13083561 -2.50000000 -0.16179082
v 36.13083561 -2.50000000 0.16179082
v 36.12793772 -2.50000000 0.48535948
v 32.94815307 -2.50000000 14.82844116
v 32.53790951 -2.50000000 15.70821132
v 32.67728191 -2.50000000 15.41618322
v 32.81403342 -2.50000000 15.12291866
v 31.10307421 -2.50000000 15.03913663
v 30.78581217 -2.50000000 15.67834891
v 30.45541517 -2.50000000 16.31087191
v 30.11202416 -2.50000000 16.93643577
v 29.05047005 -2.50000000 16.33370624
v 30.72868099 -2.50000000 12.90224532
v 32.00321504 -2.50000000 9.30129004
v 32.85732890 -2.50000000 5.57814547
v 33.27980223 -2.50000000 1.78172186
v 33.26508509 -2.50000000 -2.03810790
v 26.02616068 -2.50000000 -14.57629276
v 27.08333431 -2.50000000 -15.18665224
v 28.64583431 -2.50000000 -12.48032285
v 30.01676655 -2.50000000 -13.27183095
v 30.50212603 -2.50000000 -12.43116367
v 29.13119379 -2.50000000 -11.63965557
v 31.21393162 1.75499815 19.58604025
v 31.90393566 1.75499815 18.44075349
v 32.55193624 1.75499815 17.27118835
v 33.15708022 1.75499815 16.07888464
v 31.22148915 0.25000000 19.62340165
v 30.64046940 0.25000000 20.51879413
v 30.83701948 0.25000000 20.22220332
v 31.03069874 0.25000000 19.92372990
v 30.60431810 1.75499815 20.52555027
v 29.75500139 1.75499815 21.73850024
v 30.04351455 1.75499815 21.33798804
v 30.32663705 1.75499815 20.93364720
v 29.76101716 0.25000000 21.77478208
v 29.11834392 0.25000000 22.62700432
v 29.33530600 0.25000000 22.34500167
v 29.54953706 0.25000000 22.06091877
v 29.08065086 1.75499815 22.63268091
v 20.01201100 1.75499815 30.94255832
v 23.33886630 1.75499815 28.51700930
v 26.37437725 1.75499815 25.73547600
v 20.00307085 0.25000000 30.97961320
v 19.09807891 0.25000000 31.54556481
v 19.40155847 0.25000000 31.35982791
v 19.70323181 0.25000000 31.17117152
v 19.06245943 1.75499815 31.53640976
v 17.78010228 1.75499815 32.27677901
v 18.21084777 1.75499815 32.03572261
v 18.63832573 1.75499815 31.78891810
v 17.77022105 0.25000000 32.31220390
v 16.82759661 0.25000000 32.81297411
v 17.14341050 0.25000000 32.64908504
v 17.45762839 0.25000000 32.48215646
v 16.79103606 1.75499815 32.80218907
v 15.67482057 1.75499815 33.35000000
v 16.04893851 1.75499815 33.17158532
v 16.42102603 1.75499815 32.98897398
v 29.47494723 5.50000000 18.28858915
v 29.70990415 5.50000000 17.90437384
v 29.93985299 5.50000000 17.51714046
v 30.16475500 5.50000000 17.12695428
v 31.16860349 5.50000000 15.22376970
v 30.84713149 5.50000000 15.86503974
v 30.51246762 5.50000000 16.49952505
v 31.16176259 1.75499815 -12.72624394
v 36.71935750 1.75499815 -3.10020718
v 29.32194629 5.50000000 -11.58854359
v 34.60162574 5.50000000 -2.44387054
v -0.23918929 5.50000000 -33.18696023
v -4.05620582 5.50000000 -32.93901539
v -7.81934091 5.50000000 -32.25351839
v -11.47860618 5.50000000 -31.13957516
v -14.98539302 5.50000000 -29.61198299
v -18.29311833 5.50000000 -27.69103397
v 1.51759183 5.50000000 -34.65460896
v 1.93405517 5.50000000 -34.63386259
v 4.10943460 5.50000000 -34.44354155
v 4.52317349 5.50000000 -34.39165464
v 16.02107589 5.50000000 -30.76637994
v 16.38975207 5.50000000 -30.57157232
v 18.28088223 5.50000000 -29.47972781
v 18.63392866 5.50000000 -29.25784869
v 25.94694629 5.50000000 -17.43421507
v 27.13444629 5.50000000 -15.37740474
v 25.83540819 5.50000000 -14.62740474
v 33.12769804 5.50000000 -1.99678820
v 28.86034528 5.50000000 16.38633611
v 30.55412701 5.50000000 12.95673041
v 31.84203674 5.50000000 9.35501133
v 32.70696624 5.50000000 5.62902303
v 33.13742604 5.50000000 1.82826045
v 29.25297580 5.50000000 18.64157756
v 29.02677725 5.50000000 18.99187220
v 28.79638424 5.50000000 19.33942247
v 28.02205606 5.50000000 20.44527773
v 28.28494068 5.50000000 20.08001837
v 28.54306456 5.50000000 19.71137927
v 27.77426468 5.50000000 20.78064553
v 27.52245985 5.50000000 21.11301047
v 27.26667795 5.50000000 21.44232452
v 18.98428244 5.50000000 29.03174172
v 22.01449707 5.50000000 26.80684476
v 24.78614678 5.50000000 24.26709573
v 18.63392866 5.50000000 29.25784869
v 18.28088223 5.50000000 29.47972781
v 17.92519417 5.50000000 29.69734704
v 16.75605987 5.50000000 30.37234704
v 17.14867953 5.50000000 30.15240948
v 17.53841283 5.50000000 29.92739686
v 16.38975207 5.50000000 30.57157232
v 16.02107589 5.50000000 30.76637994
v 15.65008463 5.50000000 30.95674172
v 15.18435890 5.50000000 31.18782217
v 15.33998500 5.50000000 31.11157128
v 15.49522820 5.50000000 31.03454382
v 5.87500000 5.50000000 31.18782217
v 4.62500000 5.50000000 31.18782217
v 3.37500000 5.50000000 31.18782217
v 2.12500000 5.50000000 31.18782217
v -0.25000000 5.50000000 31.18782217
v -0.25000000 5.50000000 29.68782217
v -14.83457971 5.50000000 29.68782217
v -28.62115599 5.50000000 16.80062411
v -26.49792120 5.50000000 19.98228498
v -24.02269583 5.50000000 22.89850706
v -21.22836006 5.50000000 25.51055213
v -18.15203301 5.50000000 27.78372254
v -29.91475500 5.50000000 17.55996699
v -30.57585642 5.50000000 16.38175850
v -30.36059466 5.50000000 16.77734482
v -30.14021514 5.50000000 17.17010305
v -30.77056763 5.50000000 16.01303140
v -30.96083242 5.50000000 15.64199038
v -31.88369928 5.50000000 13.66289602
v -32.04563334 5.50000000 13.27864417
v -34.65500455 5.50000000 1.50853125
v -34.67063430 5.50000000 1.09184451
v -34.67063430 5.50000000 -1.09184451
v -34.65500455 5.50000000 -1.50853125
v -28.07194629 5.50000000 -13.75360710
v -26.88444629 5.50000000 -15.81041744
v -25.58540819 5.50000000 -15.06041744
v -17.30740503 5.50000000 -18.14073053
v -16.97273454 5.50000000 -18.20366060
v -16.64840775 5.50000000 -18.30747130
v -16.33939792 5.50000000 -18.45057078
v -16.05044347 5.50000000 -18.63076472
v -15.78597527 5.50000000 -18.84529002
v -15.55004872 5.50000000 -19.09085710
v -15.19918150 5.50000000 -18.58172727
v -22.72068858 5.50000000 -5.55409486
v -24.24441780 5.50000000 -8.19327129
v -24.34011424 5.50000000 -8.33550912
v -24.44505878 5.50000000 -8.45413729
v -24.55348296 5.50000000 -8.55022097
v -24.67333415 5.50000000 -8.63374802
v -24.80231957 5.50000000 -8.70281398
v -24.93776005 5.50000000 -8.75609202
v -25.07677275 5.50000000 -8.79291637
v -25.20249658 5.50000000 -8.81198132
v -25.32678468 5.50000000 -8.81817610
v -29.18936790 5.50000000 -8.81817610
v -33.12769804 5.50000000 -1.99678820
v -31.26789089 5.50000000 11.12432199
v -32.47381845 5.50000000 6.84709105
v -33.09748165 5.50000000 2.44708992
v -30.13731146 5.50000000 10.72209053
v -31.94552914 5.50000000 -1.64436481
v -31.88640619 5.50000000 2.54516557
v -31.28020002 5.50000000 6.69102788
v -30.78862815 5.50000000 -3.64817610
v -30.39161920 5.50000000 -2.96053644
v -30.82513435 5.50000000 -2.50991685
v -31.15907588 5.50000000 -2.05503407
v -31.40669458 5.50000000 -1.61521451
v -31.60318616 5.50000000 -1.14798121
v -31.74533603 5.50000000 -0.65982875
v -31.82982234 5.50000000 -0.16222928
v -31.85129878 5.50000000 0.10557182
v -31.85635910 5.50000000 0.37597317
v -31.54797971 5.50000000 4.43778628
v -30.72383185 5.50000000 8.42704735
v -29.39738927 5.50000000 12.27853715
v -27.59033758 5.50000000 15.92928883
v -25.33221973 5.50000000 19.31961734
v -22.65995301 5.50000000 22.39409521
v -19.61722551 5.50000000 25.10245872
v -16.25378186 5.50000000 27.40042967
v -15.71243085 5.50000000 27.67330472
v -15.14111969 5.50000000 27.86812835
v -14.73300186 5.50000000 27.95632117
v -14.28156659 5.50000000 28.00808655
v -13.82905690 5.50000000 28.01327780
v -13.37504327 5.50000000 27.97193690
v -12.92829966 5.50000000 27.88473832
v -12.49496351 5.50000000 27.75352064
v -12.07488954 5.50000000 27.57852801
v -11.79297474 5.50000000 27.43212571
v -8.88089632 5.50000000 28.44293914
v -8.51847221 5.50000000 28.36874034
v -8.16928639 5.50000000 28.24656852
v -7.83965797 5.50000000 28.07863461
v -7.53555216 5.50000000 27.86797766
v -7.26247229 5.50000000 27.61840988
v -7.02536022 5.50000000 27.33444763
v -6.82850691 5.50000000 27.02122971
v -6.67547475 5.50000000 26.68442434
v -6.56903315 5.50000000 26.33012662
v -6.51110833 5.50000000 25.96474817
v -6.50274857 5.50000000 25.59490116
v -6.54410513 5.50000000 25.22727863
v -6.63442961 5.50000000 24.86853334
v -6.77208741 5.50000000 24.52515742
v -6.95458739 5.50000000 24.20336486
v -7.17862688 5.50000000 23.90897906
v -7.44015150 5.50000000 23.64732745
v -7.73442850 5.50000000 23.42314506
v -8.05613243 5.50000000 23.24048889
v -8.39944147 5.50000000 23.10266440
v -8.75814287 5.50000000 23.01216577
v -8.49265711 5.50000000 22.45374094
v 6.55035704 5.50000000 22.45374094
v 5.02662782 5.50000000 25.09291736
v 4.95129447 5.50000000 25.24691182
v 4.90103173 5.50000000 25.39711055
v 4.87203291 5.50000000 25.53905048
v 4.85962196 5.50000000 25.68460818
v 4.86430179 5.50000000 25.83084582
v 4.88588189 5.50000000 25.97477973
v 4.92349742 5.50000000 26.11358043
v 4.96984861 5.50000000 26.23199293
v 5.02662782 5.50000000 26.34272698
v 6.95791943 5.50000000 29.68782217
v 14.83457971 5.50000000 29.68782217
v 25.26789089 5.50000000 21.51662684
v 22.16666402 5.50000000 24.69960621
v 18.66798286 5.50000000 27.43971495
v 24.35425851 5.50000000 20.73863206
v 14.54870287 5.50000000 28.48782217
v 18.14738113 5.50000000 26.34185501
v 21.43470013 5.50000000 23.74393391
v 12.23490089 5.50000000 28.48782217
v 12.63190983 5.50000000 27.80018251
v 13.23891542 5.50000000 27.95030785
v 13.79982623 5.50000000 28.01206830
v 14.30453049 5.50000000 28.00660261
v 14.80741219 5.50000000 27.94315266
v 15.30123956 5.50000000 27.82218183
v 15.77441649 5.50000000 27.64654938
v 16.01707727 5.50000000 27.53124798
v 16.25378186 5.50000000 27.40042967
v 19.61722551 5.50000000 25.10245872
v 22.65995301 5.50000000 22.39409521
v 25.33221973 5.50000000 19.31961734
v 27.59033758 5.50000000 15.92928883
v 29.39738927 5.50000000 12.27853715
v 30.72383185 5.50000000 8.42704735
v 31.54797971 5.50000000 4.43778628
v 31.85635910 5.50000000 0.37597317
v 31.82200032 5.50000000 -0.22928809
v 31.70506695 5.50000000 -0.82146988
v 31.57738525 5.50000000 -1.21900670
v 31.39649776 5.50000000 -1.63584380
v 31.17473867 5.50000000 -2.03032432
v 30.91192959 5.50000000 -2.40284120
v 30.61304160 5.50000000 -2.74613323
v 30.28273568 5.50000000 -3.05580450
v 29.92115062 5.50000000 -3.33210292
v 29.65340512 5.50000000 -3.50304715
v 29.37486620 5.50000000 -3.65481826
v 29.51263591 5.50000000 -3.99820443
v 29.60306320 5.50000000 -4.35697658
v 29.64451119 5.50000000 -4.72464031
v 29.63622959 5.50000000 -5.09454026
v 29.57836832 5.50000000 -5.45998058
v 29.47197477 5.50000000 -5.81434616
v 29.31897485 5.50000000 -6.15122236
v 29.12213812 5.50000000 -6.46451114
v 28.88502768 5.50000000 -6.74854141
v 28.61193565 5.50000000 -6.99817172
v 28.30780546 5.50000000 -7.20888333
v 27.97814241 5.50000000 -7.37686198
v 27.62891399 5.50000000 -7.49906698
v 27.26644183 5.50000000 -7.57328618
v 23.69183862 5.50000000 -3.87201366
v 16.17033154 5.50000000 -16.89964607
v 19.21778998 5.50000000 -16.89964607
v 19.38881977 5.50000000 -16.91140270
v 19.54402705 5.50000000 -16.94297326
v 19.68145005 5.50000000 -16.98882951
v 19.81371219 5.50000000 -17.05086016
v 19.93801778 5.50000000 -17.12803183
v 20.05187815 5.50000000 -17.21868770
v 20.15327533 5.50000000 -17.32066406
v 20.23264797 5.50000000 -17.42001161
v 20.30015686 5.50000000 -17.52455088
v 22.23144847 5.50000000 -20.86964607
v 18.29311833 5.50000000 -27.69103397
v 6.00000000 5.50000000 -32.64094883
v 10.30715443 5.50000000 -31.54669726
v 14.42949879 5.50000000 -29.88680487
v 5.78305295 5.50000000 -31.46072259
v 17.39682627 5.50000000 -26.84345736
v 13.73902506 5.50000000 -28.88702058
v 9.84549988 5.50000000 -30.43496179
v 18.55372725 5.50000000 -24.83964607
v 17.75970937 5.50000000 -24.83964607
v 17.58621893 5.50000000 -25.44039100
v 17.35924965 5.50000000 -25.95703424
v 17.10216409 5.50000000 -26.39138810
v 16.79577397 5.50000000 -26.79517146
v 16.44409647 5.50000000 -27.16235308
v 16.05540585 5.50000000 -27.48432010
v 15.83422151 5.50000000 -27.63681980
v 15.60257724 5.50000000 -27.77640283
v 11.93075420 5.50000000 -29.54024500
v 8.06387884 5.50000000 -30.82114256
v 4.06516954 5.50000000 -31.59815449
v -16.10956947 5.50000000 -27.44401663
v -16.56394726 5.50000000 -27.04665847
v -16.84438340 5.50000000 -26.73731446
v -17.11493117 5.50000000 -26.37224275
v -17.34568177 5.50000000 -25.98295348
v -17.53688632 5.50000000 -25.56909570
v -17.68474194 5.50000000 -25.13860510
v -17.78777217 5.50000000 -24.69771614
v -17.84626109 5.50000000 -24.24642509
v -17.86043038 5.50000000 -23.92907857
v 5.80963075 1.75499815 33.35000000
v 5.78336091 0.25000000 33.37626984
v -3.44036925 1.75499815 33.35000000
v 2.19036925 1.75499815 33.35000000
v 2.21663909 0.25000000 33.37626984
v 3.28336091 0.25000000 33.37626984
v 3.30963075 1.75499815 33.35000000
v 4.69036925 1.75499815 33.35000000
v 4.71663909 0.25000000 33.37626984
v -29.86128065 1.75499815 21.59227681
v -26.67535688 1.75499815 25.42337183
v -23.00171769 1.75499815 28.78964195
v -18.90752958 1.75499815 31.62954039
v -28.05150250 5.50000000 20.40485763
v -17.88236145 5.50000000 29.72315858
v -21.67765815 5.50000000 27.07995835
v -25.08757854 5.50000000 23.95534200
v -17.69271971 -2.50000000 29.67397050
v -28.01902995 -2.50000000 20.21165051
v -21.55468502 -2.50000000 26.99948906
v -25.01813327 -2.50000000 23.82582346
v -15.15213753 -2.50000000 31.04818165
v -15.72422816 -2.50000000 30.76240407
v -16.29093118 -2.50000000 30.46608634
v -16.85205243 -2.50000000 30.15932998
v -17.64363522 -2.50000000 31.53039159
v -17.92530284 -2.50000000 31.37111690
v -18.20553276 -2.50000000 31.20932608
v -18.48430250 -2.50000000 31.04503211
v -29.31588328 -2.50000000 21.11971698
v -29.87266480 -2.50000000 20.32455056
v -29.68944725 -2.50000000 20.59126465
v -29.50384845 -2.50000000 20.85632721
v -28.57581147 -2.50000000 19.41648408
v -28.97075453 -2.50000000 18.82212097
v -29.35333702 -2.50000000 18.21972726
v -29.72339571 -2.50000000 17.60955999
v -28.67063957 -2.50000000 16.99159193
v -26.53801271 -2.50000000 20.16069570
v -24.05676099 -2.50000000 23.06495221
v -21.25948014 -2.50000000 25.66620879
v -18.18291751 -2.50000000 27.93029324
v -14.86748933 -2.50000000 29.82746269
v -0.38964052 -2.50000000 29.82746269
v -0.38964052 -2.50000000 31.04818165
v -3.51464052 -2.50000000 31.04818165
v -3.51464052 -2.50000000 32.63119785
v -4.48535948 -2.50000000 32.63119785
v -4.48535948 -2.50000000 31.04818165
v -33.09003167 0.25000000 16.27602782
v -33.73802303 0.25000000 14.88640586
v -34.15473252 0.25000000 13.90372339
v -34.01899209 0.25000000 14.23261939
v -33.88008462 0.25000000 14.56019038
v -36.83066745 0.25000000 1.83336091
v -36.86829996 0.25000000 0.76663909
v -36.85918686 0.25000000 1.12232855
v -36.84664230 0.25000000 1.47791352
v -36.86829996 0.25000000 -0.76663909
v -36.83066745 0.25000000 -1.83336091
v -36.84664230 0.25000000 -1.47791352
v -36.85918686 0.25000000 -1.12232855
v -30.50326267 1.75499815 20.67543147
v -32.56897423 1.75499815 17.23903761
v -31.92212882 1.75499815 18.40924202
v -31.23325598 1.75499815 19.55520955
v -32.60510891 0.25000000 17.22690193
v -32.93145153 0.25000000 16.59454058
v -32.76980560 0.25000000 16.91150846
v -28.76847304 5.50000000 19.38091757
v -29.16309319 5.50000000 18.78187963
v -29.54524165 5.50000000 18.17480957
v -4.55963075 1.75499815 33.35000000
v -15.67482057 1.75499815 33.35000000
v -15.18435890 5.50000000 31.18782217
v -4.62500000 5.50000000 31.18782217
v 4.92761503 0.81305092 -39.83216923
v 9.78067241 0.81305092 -38.92584672
v 14.48574260 0.81305092 -37.43055379
v 18.97163518 0.81305092 -35.36891508
v 23.17047603 0.81305092 -32.77212437
v 23.17867039 0.20000000 -32.77943598
v 18.97843457 0.20000000 -35.37741094
v 14.49098679 0.20000000 -37.43999847
v 9.78423828 0.20000000 -38.93598419
v 4.92941906 0.20000000 -39.84272847
v 16.79625423 0.81305092 36.45228304
v 16.79848908 0.20000000 36.46303537
v 21.61326044 0.20000000 33.83207290
v 26.02434112 0.20000000 30.56919779
v 29.94934131 0.20000000 26.73535373
v 33.31495019 0.20000000 22.40214896
v 36.05830519 0.20000000 17.65051871
v 38.12816616 0.20000000 12.56921353
v 39.48587241 0.20000000 7.25314163
v 40.10606482 0.20000000 1.80159615
v 39.97715947 0.20000000 -3.68359939
v 39.96673026 0.81305092 -3.68015867
v 40.09528852 0.81305092 1.80303456
v 39.47509979 0.81305092 7.25255759
v 38.11774559 0.81305092 12.56664499
v 36.04857341 0.81305092 17.64606048
v 33.30622336 0.81305092 22.39595010
v 29.94190659 0.81305092 26.72761353
v 26.01844901 0.81305092 30.56016044
v 21.60911800 0.81305092 33.82202115
v -39.96673026 0.81305092 -3.68015867
v -39.97715947 0.20000000 -3.68359939
v -40.10606482 0.20000000 1.80159615
v -39.48587241 0.20000000 7.25314163
v -38.12816616 0.20000000 12.56921353
v -36.05830519 0.20000000 17.65051871
v -33.31495019 0.20000000 22.40214896
v -29.94934131 0.20000000 26.73535373
v -26.02434112 0.20000000 30.56919779
v -21.61326044 0.20000000 33.83207290
v -16.79848908 0.20000000 36.46303537
v -16.79625423 0.81305092 36.45228304
v -21.60911800 0.81305092 33.82202115
v -26.01844901 0.81305092 30.56016044
v -29.94190659 0.81305092 26.72761353
v -33.30622336 0.81305092 22.39595010
v -36.04857341 0.81305092 17.64606048
v -38.11774559 0.81305092 12.56664499
v -39.47509979 0.81305092 7.25255759
v -40.09528852 0.81305092 1.80303456
v 23.74783520 0.81305092 -32.13915915
v 39.70724588 0.81305092 -4.49664899
v 23.75592911 0.20000000 -32.14654178
v 39.71768638 0.20000000 -4.49996721
v -39.70724588 0.81305092 -4.49664899
v -23.74783520 0.81305092 -32.13915915
v -39.71768638 0.20000000 -4.49996721
v -23.75592911 0.20000000 -32.14654178
v 15.95941068 0.81305092 36.63580814
v -15.95941068 0.81305092 36.63580814
v 15.96175727 0.20000000 36.64650899
v -15.96175727 0.20000000 36.64650899
v 39.93684710 0.20000000 -3.93910829
v 39.86424166 0.20000000 -4.18609263
v 39.79791221 0.20000000 -4.34585697
v 39.73571865 0.81391845 -4.44559331
v 39.83989940 0.81855317 -4.21984258
v 39.91489865 0.81855958 -3.98414104
v 39.96033188 0.81393796 -3.73969744
v 39.88463852 0.61242731 -4.10356860
v 23.61240293 0.20000000 -32.36173964
v 23.44311354 0.20000000 -32.55568271
v 23.31601973 0.20000000 -32.67303433
v 23.21883892 0.81393796 -32.73681384
v 23.40781662 0.81855955 -32.57524546
v 23.57444104 0.81855313 -32.39244274
v 23.71785607 0.81391845 -32.18934514
v 23.49611391 0.61242729 -32.48932588
v 16.21988717 0.20000000 36.62981060
v 16.47249150 0.20000000 36.58017322
v 16.63766789 0.20000000 36.52878257
v 16.74149296 0.81393796 36.47651127
v 16.50708179 0.81855955 36.55938657
v 16.26545779 0.81855313 36.61228619
v 16.01786259 0.81391845 36.63493845
v 16.38852461 0.61242729 36.59289448
v -23.37979139 0.20000000 -32.61676999
v -23.55738339 0.20000000 -32.43039967
v -23.66257864 0.20000000 -32.29307451
v -23.71785607 0.81391845 -32.18934514
v -23.57444057 0.81855317 -32.39244367
v -23.40781668 0.81855958 -32.57524570
v -23.21883892 0.81393796 -32.73681384
v -23.49611391 0.61242731 -32.48932588
v -16.55705570 0.20000000 36.55587827
v -16.30685827 0.20000000 36.61649230
v -16.13533357 0.20000000 36.63893147
v -16.01786259 0.81391845 36.63493845
v -16.26543827 0.81855158 36.61227993
v -16.50709803 0.81855800 36.55937241
v -16.74149296 0.81393796 36.47651127
v -16.38852461 0.61242637 36.59289449
v -39.83229010 0.20000000 -4.26807096
v -39.91560503 0.20000000 -4.02449051
v -39.95368762 0.20000000 -3.85574823
v -39.96033188 0.81393796 -3.73969744
v -39.91489841 0.81855955 -3.98414111
v -39.83989883 0.81855313 -4.21984345
v -39.73571865 0.81391845 -4.44559331
v -39.88463852 0.61242729 -4.10356860
v -39.83347171 1.29559851 -3.66788815
v -39.96160133 1.29559851 1.79702282
v -39.34348046 1.29559851 7.22837585
v -37.99065200 1.29559851 12.52474481
v -35.92837893 1.29559851 17.58722433
v -33.19517252 1.29559851 22.32127670
v -29.84207319 1.29559851 26.63849733
v -25.93169734 1.29559851 30.45826563
v -21.53706808 1.29559851 33.70925052
v -16.74025154 1.29559851 36.33074250
v -16.71226786 1.29637881 36.34312773
v -16.00597717 7.00000000 33.03522665
v -20.22846242 7.00000000 30.63212061
v -24.09660815 7.00000000 27.69243544
v -27.54265652 7.00000000 24.26766524
v -30.50624354 7.00000000 20.41780130
v -32.93545639 7.00000000 16.21028122
v -34.78774285 7.00000000 11.71880762
v -36.03065666 7.00000000 7.02205708
v -36.64242583 7.00000000 2.20230203
v -36.61233408 7.00000000 -2.65603049
v -39.83020579 1.29637881 -3.69831535
v 4.36542532 7.00000000 -36.44805299
v 8.66889385 7.00000000 -35.67026471
v 12.84932811 7.00000000 -34.38622212
v 16.84739681 7.00000000 -32.61414916
v 20.60635691 7.00000000 -30.37919616
v 23.11793794 1.29637881 -32.64481238
v 23.09322017 1.29559851 -32.66285435
v 18.90837925 1.29559851 -35.25098674
v 14.43744370 1.29559851 -37.30575145
v 9.74806133 1.29559851 -38.79605872
v 4.91118519 1.29559851 -39.69935934
v 16.74025154 1.29559851 36.33074250
v 21.53706808 1.29559851 33.70925052
v 25.93169734 1.29559851 30.45826563
v 29.84207319 1.29559851 26.63849733
v 33.19517252 1.29559851 22.32127670
v 35.92837893 1.29559851 17.58722433
v 37.99065200 1.29559851 12.52474481
v 39.34348046 1.29559851 7.22837585
v 39.96160133 1.29559851 1.79702282
v 39.83347171 1.29559851 -3.66788815
v 39.83020579 1.29637881 -3.69831535
v 36.61233408 7.00000000 -2.65603049
v 36.64242583 7.00000000 2.20230203
v 36.03065666 7.00000000 7.02205708
v 34.78774285 7.00000000 11.71880762
v 32.93545639 7.00000000 16.21028122
v 30.50624354 7.00000000 20.41780130
v 27.54265652 7.00000000 24.26766524
v 24.09660815 7.00000000 27.69243544
v 20.22846242 7.00000000 30.63212061
v 16.00597717 7.00000000 33.03522665
v 16.71226786 1.29637881 36.34312773
v 39.59135238 1.29559851 -4.42973785
v 23.63194170 1.29559851 -32.07224800
v 23.61694778 1.29636165 -32.09733703
v 21.13406956 7.00000000 -29.81181398
v 36.38482302 7.00000000 -3.39673413
v 39.60558315 1.29636165 -4.40420822
v -23.63194170 1.29559851 -32.07224800
v -39.59135238 1.29559851 -4.42973785
v -39.60558315 1.29636165 -4.40420822
v -36.38482302 7.00000000 -3.39673413
v -21.13406956 7.00000000 -29.81181398
v -23.61694778 1.29636165 -32.09733703
v -15.25075346 7.00000000 33.20854812
v -15.98863537 1.29636165 36.50154525
v -15.95941068 1.29559851 36.50198585
v 15.95941068 1.29559851 36.50198585
v 15.98863537 1.29636165 36.50154525
v 15.25075346 7.00000000 33.20854812
v -17.52836965 65.84006967 -0.72157353
v -17.48107414 66.11754638 -0.79380501
v -17.44991839 66.40117630 -0.83786678
v -17.43587941 66.69118452 -0.85205879
v -17.58235327 65.56983090 -0.63750521
v -9.34327235 65.56983090 -14.90801199
v -9.38908583 65.84006967 -14.81922663
v -9.45584426 66.69118452 -14.67388511
v -9.45057312 66.40117630 -14.69313923
v -9.42799237 66.11754638 -14.74215178
v -9.28078800 80.53490481 -14.49380538
v -17.19239765 80.53490481 -0.79049549
v 9.38908583 65.84006967 -14.81922663
v 9.42799237 66.11754638 -14.74215178
v 9.45057312 66.40117630 -14.69313923
v 9.45584426 66.69118452 -14.67388511
v 9.34327235 65.56983090 -14.90801199
v 17.58235327 65.56983090 -0.63750521
v 17.52836965 65.84006967 -0.72157353
v 17.43587941 66.69118452 -0.85205879
v 17.44991839 66.40117630 -0.83786678
v 17.48107414 66.11754638 -0.79380501
v 17.19239765 80.53490481 -0.79049549
v 9.28078800 80.53490481 -14.49380538
v 19.63406956 8.00000000 -28.94578858
v 16.05247169 8.00000000 -31.07528788
v 12.24304727 8.00000000 -32.76374761
v 8.25986202 8.00000000 -33.98720411
v 4.15944773 8.00000000 -34.72829334
v 34.88482302 8.00000000 -2.53070873
v 15.25075346 8.00000000 31.47649731
v 19.27400558 8.00000000 29.18677908
v 22.95963729 8.00000000 26.38579958
v 26.24308782 8.00000000 23.12262325
v 29.06684137 8.00000000 19.45441073
v 31.38143459 8.00000000 15.44541767
v 33.14632304 8.00000000 11.16586910
v 34.33059138 8.00000000 6.69072936
v 34.91349492 8.00000000 2.09838893
v -15.25075346 8.00000000 31.47649731
v -34.88482302 8.00000000 -2.53070873
v -34.91349492 8.00000000 2.09838893
v -34.33059138 8.00000000 6.69072936
v -33.14632304 8.00000000 11.16586910
v -31.38143459 8.00000000 15.44541767
v -29.06684137 8.00000000 19.45441073
v -26.24308782 8.00000000 23.12262325
v -22.95963729 8.00000000 26.38579958
v -19.27400558 8.00000000 29.18677908
v -16.07026047 8.00000000 -27.38612972
v -12.30652211 8.00000000 -29.27119550
v -8.32650704 8.00000000 -30.64184480
v -4.20016065 8.00000000 -31.47398963
v -17.27996711 8.00000000 -21.61840662
v -17.56214733 8.00000000 -22.09186588
v -17.77857799 8.00000000 -22.59657948
v -17.92728728 8.00000000 -23.12859329
v -18.00318267 8.00000000 -23.67192638
v -18.00533449 8.00000000 -24.22222048
v -17.93280613 8.00000000 -24.76925088
v -17.78708619 8.00000000 -25.29775684
v -17.56806457 8.00000000 -25.80503845
v -17.28234195 8.00000000 -26.27412901
v -16.97023438 8.00000000 -26.65980444
v -16.64888835 8.00000000 -26.97157138
v -16.36967465 8.00000000 -27.19162718
v -15.16625128 8.00000000 -18.55127543
v -23.64900143 8.00000000 -3.85872118
v -27.36207287 8.00000000 -4.15568718
v -31.75221428 8.00000000 -0.22418895
v -31.71730824 8.00000000 -0.71933795
v -31.62044994 8.00000000 -1.20373178
v -31.46210036 8.00000000 -1.67541965
v -31.24684270 8.00000000 -2.12081082
v -30.97735988 8.00000000 -2.53562994
v -30.65658365 8.00000000 -2.91546437
v -30.29296970 8.00000000 -3.25108017
v -29.88940885 8.00000000 -3.54044683
v -29.45403010 8.00000000 -3.77819543
v -28.99518948 8.00000000 -3.96066351
v -28.51442841 8.00000000 -4.08755488
v -28.02326471 8.00000000 -4.15609102
v -27.69365075 8.00000000 -4.16903838
v -15.68195381 8.00000000 27.61031867
v -19.19633785 8.00000000 25.29335853
v -22.37336250 8.00000000 22.53188902
v -25.15719425 8.00000000 19.37444064
v -27.49890960 8.00000000 15.87650286
v -29.35735490 8.00000000 12.09954899
v -30.69986954 8.00000000 8.10995579
v -31.50285996 8.00000000 3.97783697
v -10.08210577 8.00000000 25.77409380
v -10.35104340 8.00000000 26.25519867
v -10.67992288 8.00000000 26.69498992
v -11.06630570 8.00000000 27.08978285
v -11.49889826 8.00000000 27.42717673
v -11.97439103 8.00000000 27.70418731
v -12.48439743 8.00000000 27.91489111
v -13.01495699 8.00000000 28.05294692
v -13.56378656 8.00000000 28.11690944
v -14.11289221 8.00000000 28.10401167
v -14.60295071 8.00000000 28.02655630
v -15.03362183 8.00000000 27.90414595
v -15.36380258 8.00000000 27.77236769
v -8.48275015 8.00000000 22.40999660
v 8.48275015 8.00000000 22.40999660
v 10.08210577 8.00000000 25.77409380
v 15.68195381 8.00000000 27.61031867
v 15.23568918 8.00000000 27.82766365
v 14.76776267 8.00000000 27.98597882
v 14.28009420 8.00000000 28.08468799
v 13.78674530 8.00000000 28.12096498
v 13.29276000 8.00000000 28.09499556
v 12.80342562 8.00000000 28.00711242
v 12.33096684 8.00000000 27.86002140
v 11.87858753 8.00000000 27.65521078
v 11.45500183 8.00000000 27.39703602
v 11.06755953 8.00000000 27.09090244
v 10.71728785 8.00000000 26.73799682
v 10.41235195 8.00000000 26.34690465
v 10.23633223 8.00000000 26.06792426
v 31.75221428 8.00000000 -0.22418895
v 31.50285996 8.00000000 3.97783697
v 30.69986954 8.00000000 8.10995579
v 29.35735490 8.00000000 12.09954899
v 27.49890960 8.00000000 15.87650286
v 25.15719425 8.00000000 19.37444064
v 22.37336250 8.00000000 22.53188902
v 19.19633785 8.00000000 25.29335853
v 27.36207287 8.00000000 -4.15568718
v 27.91319073 8.00000000 -4.16333279
v 28.45850087 8.00000000 -4.09841044
v 28.99359298 8.00000000 -3.96118956
v 29.50208093 8.00000000 -3.75525035
v 29.97972552 8.00000000 -3.48196683
v 30.41720356 8.00000000 -3.14564023
v 30.80204317 8.00000000 -2.75519008
v 31.13185113 8.00000000 -2.31187098
v 31.39523416 8.00000000 -1.82988266
v 31.57318509 8.00000000 -1.36675187
v 31.68251017 8.00000000 -0.93257456
v 31.73347724 8.00000000 -0.58074051
v 23.64900143 8.00000000 -3.85872118
v 15.16625128 8.00000000 -18.55127543
v 17.27996711 8.00000000 -21.61840662
v 16.48161906 8.00000000 -27.10832570
v 16.85268727 8.00000000 -26.78224704
v 17.18200615 8.00000000 -26.40926834
v 17.46009740 8.00000000 -26.00015415
v 17.68459988 8.00000000 -25.55936563
v 17.85315803 8.00000000 -25.09164805
v 17.96200286 8.00000000 -24.60894123
v 18.01082131 8.00000000 -24.11476395
v 17.99902827 8.00000000 -23.61884059
v 17.92762996 8.00000000 -23.13023893
v 17.79714057 8.00000000 -22.65044194
v 17.61091276 8.00000000 -22.19081363
v 17.45731852 8.00000000 -21.89888588
v -21.28546994 49.67539499 1.40353541
v -29.79540745 9.58682192 -0.21037277
v -29.56142018 9.58682192 3.73269317
v -28.80791599 9.58682192 7.61016019
v -27.54813705 9.58682192 11.35388508
v -25.80422293 9.58682192 14.89807506
v -23.60682144 9.58682192 18.18044398
v -20.99455004 9.58682192 21.14330698
v -18.01331720 9.58682192 23.73459427
v -14.71551556 9.58682192 25.90876615
v -11.85823229 49.67539499 17.73198999
v -11.10020229 57.29597668 16.30241080
v -10.44480938 61.60740820 15.64639048
v -9.73877278 64.89337301 15.27863630
v -9.74394599 65.14650637 15.21191800
v -9.72134639 65.40270624 15.16213953
v -9.68620574 65.59525783 15.13636920
v -9.63739274 65.78224225 15.12070421
v -9.59463329 65.91302541 15.11516987
v -9.54521577 66.04267249 15.11405362
v -9.43438719 66.31291125 15.11626245
v -11.44844809 66.31291125 13.65437982
v -13.23918796 66.31291125 11.92614581
v -14.77167546 66.31291125 9.96527249
v -16.01601687 66.31291125 7.81000996
v -16.94793923 66.31291125 5.50240020
v -17.54926384 66.31291125 3.08745696
v -17.80826088 66.31291125 0.61228775
v -17.86176227 66.04267249 0.70937253
v -17.92241895 65.73856521 0.79545165
v -17.96135656 65.54769904 0.82634861
v -18.00164929 65.35423584 0.83936937
v -18.03944088 65.17646309 0.83488173
v -18.07025844 65.03388770 0.81987589
v -18.10107356 64.89337301 0.79470648
v -18.77325653 61.60410404 1.22256513
v -19.66840429 57.29597077 1.46185194
v -14.66505568 52.13138892 14.76896497
v -18.02469523 52.13138892 10.40656265
v -20.12282669 52.13138892 5.31582828
v -16.77488713 37.94986659 16.89374564
v -20.61787113 37.94986659 11.90373345
v -23.01785646 37.94986659 6.08060558
v -18.88471859 23.76834425 19.01852631
v -23.21104703 23.76834425 13.40090425
v -25.91288622 23.76834425 6.84538289
v -9.28578439 66.69118452 15.15778314
v -9.22696918 80.53490481 14.91022289
v -10.99016166 80.53490481 13.66265177
v -12.58658911 80.53490481 12.20776316
v -13.99202727 80.53490481 10.56763359
v -15.18514999 80.53490481 8.76715043
v -16.14785278 80.53490481 6.83363427
v -16.86552758 80.53490481 4.79642433
v -17.32728435 80.53490481 2.68643331
v -17.52611639 80.53490481 0.53567827
v -17.76991746 66.69118452 0.46283361
v -17.57519611 66.69118452 2.66395631
v -17.10888781 66.69118452 4.82391329
v -16.37819836 66.69118452 6.90932703
v -15.39441899 66.69118452 8.88797195
v -14.17275191 66.69118452 10.72927233
v -12.73207536 66.69118452 12.40477483
v -11.09465190 66.69118452 13.88858815
v -12.61669030 75.92033138 12.29235596
v -15.25490632 75.92033138 8.80742427
v -12.67438283 71.30575795 12.34856539
v -16.95383768 75.92033138 4.78019634
v -15.32466266 71.30575795 8.84769811
v -17.03136275 71.30575795 4.80205481
v 11.85823229 49.67539499 17.73198999
v 14.71551556 9.58682192 25.90876615
v 18.01331720 9.58682192 23.73459427
v 20.99455004 9.58682192 21.14330698
v 23.60682144 9.58682192 18.18044398
v 25.80422293 9.58682192 14.89807506
v 27.54813705 9.58682192 11.35388508
v 28.80791599 9.58682192 7.61016019
v 29.56142018 9.58682192 3.73269317
v 29.79540745 9.58682192 -0.21037277
v 21.28546994 49.67539499 1.40353541
v 19.66840305 57.29597668 1.46185177
v 18.77257632 61.60740820 1.22227502
v 18.10107356 64.89337301 0.79470648
v 18.04588043 65.14650637 0.83254576
v 17.99147120 65.40270624 0.83786316
v 17.95158312 65.59525783 0.82031564
v 17.91361034 65.78224225 0.78587483
v 17.88743774 65.91302541 0.75161124
v 17.86176227 66.04267249 0.70937253
v 17.80826088 66.31291125 0.61228775
v 17.54926384 66.31291125 3.08745696
v 16.94793923 66.31291125 5.50240020
v 16.01601687 66.31291125 7.81000996
v 14.77167546 66.31291125 9.96527249
v 13.23918796 66.31291125 11.92614581
v 11.44844809 66.31291125 13.65437982
v 9.43438719 66.31291125 15.11626245
v 9.54521577 66.04267249 15.11405362
v 9.65009081 65.73856521 15.12354428
v 9.69631717 65.54769904 15.14181676
v 9.72773985 65.35423584 15.17020091
v 9.74274922 65.17646309 15.20517320
v 9.74516257 65.03388770 15.23936492
v 9.73877278 64.89337301 15.27863630
v 10.44540073 61.60410404 15.64683450
v 11.10020306 57.29597077 16.30241179
v 20.12282669 52.13138892 5.31582828
v 18.02469523 52.13138892 10.40656265
v 14.66505568 52.13138892 14.76896497
v 23.01785646 37.94986659 6.08060558
v 20.61787113 37.94986659 11.90373345
v 16.77488713 37.94986659 16.89374564
v 25.91288622 23.76834425 6.84538289
v 23.21104703 23.76834425 13.40090425
v 18.88471859 23.76834425 19.01852631
v 8.31654651 66.04267249 -15.82342615
v 8.27232814 65.73856521 -15.91899593
v 8.26503939 65.54769904 -15.96816537
v 8.27390944 65.35423584 -16.00957028
v 8.29669165 65.17646309 -16.04005493
v 8.32509587 65.03388770 -16.05924081
v 8.36230078 64.89337301 -16.07334278
v 8.32785580 61.60410404 -16.86939963
v 8.56820123 57.29597077 -17.76426373
v 9.42723765 49.67539499 -19.13552540
v 5.45777101 52.13138892 -20.08479325
v 6.24296932 37.94986659 -22.97435122
v 7.02816763 23.76834425 -25.86390920
v 17.76991746 66.69118452 0.46283361
v 17.52611639 80.53490481 0.53567827
v 17.32728435 80.53490481 2.68643331
v 16.86552758 80.53490481 4.79642433
v 16.14785278 80.53490481 6.83363427
v 15.18514999 80.53490481 8.76715043
v 13.99202727 80.53490481 10.56763359
v 12.58658911 80.53490481 12.20776316
v 10.99016166 80.53490481 13.66265177
v 9.22696918 80.53490481 14.91022289
v 9.28578439 66.69118452 15.15778314
v 11.09465190 66.69118452 13.88858815
v 12.73207536 66.69118452 12.40477483
v 14.17275191 66.69118452 10.72927233
v 15.39441899 66.69118452 8.88797195
v 16.37819836 66.69118452 6.90932703
v 17.10888781 66.69118452 4.82391329
v 17.57519611 66.69118452 2.66395631
v 16.95383768 75.92033138 4.78019634
v 15.25490632 75.92033138 8.80742427
v 17.03136275 71.30575795 4.80205481
v 12.61669030 75.92033138 12.29235596
v 15.32466266 71.30575795 8.84769811
v 12.67438283 71.30575795 12.34856539
v 7.54900099 82.50000000 -13.49395768
v 7.51035650 82.50000000 -13.55132267
v 7.46411214 82.50000000 -13.60285444
v 7.41118511 82.50000000 -13.64750768
v 7.35267283 82.50000000 -13.68437684
v 15.46061065 82.50000000 0.20935221
v 15.52735439 82.50000000 0.47458696
v 15.52468003 82.50000000 0.40547121
v 15.51247358 82.50000000 0.33731649
v 15.49096490 82.50000000 0.27149431
v 8.17468156 82.50000000 13.20978988
v 9.73679115 82.50000000 12.10449773
v 11.15115439 82.50000000 10.81553156
v 12.39630967 82.50000000 9.36245020
v 13.45336298 82.50000000 7.76730274
v 14.30627455 82.50000000 6.05429399
v 14.94210228 82.50000000 4.24941720
v 15.35119811 82.50000000 2.38005963
v 7.91160965 82.50000000 13.28460547
v 7.98061144 82.50000000 13.27982085
v 8.04836144 82.50000000 13.26553795
v 8.11349579 82.50000000 13.24202842
v -7.91160965 82.50000000 13.28460547
v -8.17468156 82.50000000 13.20978988
v -8.11348838 82.50000000 13.24203169
v -8.04836144 82.50000000 13.26553795
v -7.98060342 82.50000000 13.27982197
v -15.52735439 82.50000000 0.47458696
v -15.35119811 82.50000000 2.38005963
v -14.94210228 82.50000000 4.24941720
v -14.30627455 82.50000000 6.05429399
v -13.45336298 82.50000000 7.76730274
v -12.39630967 82.50000000 9.36245020
v -11.15115439 82.50000000 10.81553156
v -9.73679115 82.50000000 12.10449773
v -15.46061065 82.50000000 0.20935221
v -15.49096794 82.50000000 0.27150182
v -15.51247358 82.50000000 0.33731649
v -15.52468091 82.50000000 0.40547926
v -7.54900099 82.50000000 -13.49395768
v -7.41119165 82.50000000 -13.64750290
v -7.46411214 82.50000000 -13.60285444
v -7.51036148 82.50000000 -13.55131628
v 5.61440695 82.50000000 -14.48455736
v 3.79094790 82.50000000 -15.06494876
v 1.90996488 82.50000000 -15.41674419
v 2.15582552 80.53490481 -17.40126786
v 4.27893847 80.53490481 -17.00418750
v 6.33712268 80.53490481 -16.34908508
v 8.29914721 80.53490481 -15.44590115
v 4.33714738 75.92033138 -17.07255229
v 4.35697992 71.30575795 -17.15062021
v 9.51992049 41.88659221 18.47186677
v 10.15249845 9.96066751 21.26502326
v 11.88801805 9.96066751 24.91552884
v -10.15249845 9.96066751 21.26502326
v -9.51992049 41.88659221 18.47186677
v -11.88801805 9.96066751 24.91552884
v 11.23714564 41.88659221 -17.48042637
v 13.33980113 9.96066751 -19.42483320
v 15.63347190 9.96066751 -22.75309005
v 23.49229958 9.96066751 -1.84019006
v 20.75706612 41.88659221 -0.99144040
v 27.52148995 9.96066751 -2.16243879
v -20.75706612 41.88659221 -0.99144040
v -23.49229958 9.96066751 -1.84019006
v -27.52148995 9.96066751 -2.16243879
v -13.33980113 9.96066751 -19.42483320
v -11.23714564 41.88659221 -17.48042637
v -15.63347190 9.96066751 -22.75309005
v 8.13928381 65.84006967 15.54080017
v 8.05308177 66.11754638 15.53595679
v 7.99934528 66.40117630 15.53100601
v 7.98003515 66.69118452 15.52594390
v 8.23908093 65.56983090 15.54551720
v -8.23908093 65.56983090 15.54551720
v -8.13928381 65.84006967 15.54080017
v -7.98003515 66.69118452 15.52594390
v -7.99934528 66.40117630 15.53100601
v -8.05308177 66.11754638 15.53595679
v -7.91160965 80.53490481 15.28430086
v 7.91160965 80.53490481 15.28430086
v -8.18579017 49.41482366 16.95400668
v -8.16548628 41.78535796 17.62149844
v -8.65804532 64.76863909 15.61072189
v -8.58591084 65.27148421 15.56672864
v -8.33675241 65.43042423 15.55282319
v 8.33675241 65.43042423 15.55282319
v 8.58591084 65.27148421 15.56672864
v 8.65804532 64.76863909 15.61072189
v 8.18579017 49.41482366 16.95400668
v 8.16548628 41.78535796 17.62149844
v 8.79806424 9.85943326 20.41465493
v 8.79746815 9.82568851 20.41760721
v -8.79746815 9.82568851 20.41760721
v -8.79806424 9.85943326 20.41465493
v 22.07864189 9.85943326 -2.58798033
v 22.08090060 9.82568851 -2.58997270
v 19.34340844 41.78535796 -1.73923067
v 18.77549557 49.41482366 -1.38790111
v 17.84830439 64.76863909 -0.30727375
v 17.77413788 65.27148421 -0.34774742
v 17.63751619 65.43042423 -0.55657223
v 9.30076378 65.43042423 -14.99625097
v 9.18822704 65.27148421 -15.21898122
v 9.19025907 64.76863909 -15.30344814
v 10.58970540 49.41482366 -15.56610558
v 11.17792217 41.78535796 -15.88226777
v 13.28057766 9.85943326 -17.82667460
v 13.28343245 9.82568851 -17.82763451
v -10.58970540 49.41482366 -15.56610558
v -9.19025907 64.76863909 -15.30344814
v -9.18822704 65.27148421 -15.21898122
v -9.30076378 65.43042423 -14.99625097
v -17.63751619 65.43042423 -0.55657223
v -17.77413788 65.27148421 -0.34774742
v -17.84830439 64.76863909 -0.30727375
v -18.77549557 49.41482366 -1.38790111
v -19.34340844 41.78535796 -1.73923067
v -22.07864189 9.85943326 -2.58798033
v -22.08090060 9.82568851 -2.58997270
v -13.28343245 9.82568851 -17.82763451
v 9.29461243 66.59871250 15.15680182
v 9.30970434 66.53901778 15.15305233
v 9.33202120 66.47977559 15.14688877
v 9.36194333 66.42005722 15.13819264
v 9.39503266 66.36667127 15.12828513
v 17.79329557 66.40396475 0.54803706
v 17.78475656 66.46959994 0.51293454
v 17.77482405 66.57751713 0.47538137
v 17.58356419 66.53901661 2.66522470
v 17.53248815 66.40396752 3.08450560
v 17.52303713 66.46959988 3.08284288
v 17.51540768 66.53901661 3.08150062
v 17.11703387 66.53901661 4.82621010
v 16.93173835 66.40396752 5.49714034
v 16.92261117 66.46959988 5.49417707
v 16.91524315 66.53901661 5.49178493
v 16.38599651 66.53901661 6.91261677
v 16.00070684 66.40396752 7.80254422
v 15.99208154 66.46959988 7.79833820
v 15.98511866 66.53901661 7.79494284
v 15.40174874 66.53901661 8.89220378
v 14.75755493 66.40396752 9.95574649
v 14.74959976 66.46959988 9.95037977
v 14.74317785 66.53901661 9.94604742
v 14.17949999 66.53901661 10.73438086
v 13.22653236 66.40396752 11.91474537
v 13.21940250 66.46959988 11.90832264
v 13.21364683 66.53901661 11.90313781
v 12.73813748 66.53901661 12.41068112
v 11.43750429 66.40396752 13.64132733
v 11.43133881 66.46959988 13.63397387
v 11.42636166 66.53901661 13.62803770
v 11.09993439 66.53901661 13.89520093
v 9.42536867 66.40396752 15.10181251
v 9.42028785 66.46959988 15.09367176
v 9.41618630 66.53901661 15.08710005
v -9.37126180 66.40396475 15.13542745
v -9.33659262 66.46959994 15.14558371
v -9.29910437 66.57751713 15.15575849
v -17.77348163 66.59871250 0.47096958
v -17.77778043 66.53901778 0.48591429
v -17.78360106 66.47977559 0.50832304
v -17.79103106 66.42005722 0.53858444
v -17.79899556 66.36667127 0.57219439
v -11.09993439 66.53901661 13.89520093
v -11.43750429 66.40396752 13.64132733
v -11.43133881 66.46959988 13.63397387
v -11.42636166 66.53901661 13.62803770
v -12.73813748 66.53901661 12.41068112
v -13.22653236 66.40396752 11.91474537
v -13.21940250 66.46959988 11.90832264
v -13.21364683 66.53901661 11.90313781
v -14.17949999 66.53901661 10.73438086
v -14.75755493 66.40396752 9.95574649
v -14.74959976 66.46959988 9.95037977
v -14.74317785 66.53901661 9.94604742
v -15.40174874 66.53901661 8.89220378
v -16.00070684 66.40396752 7.80254422
v -15.99208154 66.46959988 7.79833820
v -15.98511866 66.53901661 7.79494284
v -16.38599651 66.53901661 6.91261677
v -16.93173835 66.40396752 5.49714034
v -16.92261117 66.46959988 5.49417707
v -16.91524315 66.53901661 5.49178493
v -17.11703387 66.53901661 4.82621010
v -17.53248815 66.40396752 3.08450560
v -17.52303713 66.46959988 3.08284288
v -17.51540768 66.53901661 3.08150062
v -17.58356419 66.53901661 2.66522470
v -17.79123761 66.40396752 0.61170245
v -17.78164711 66.46959988 0.61137271
v -17.77390506 66.53901661 0.61110652
v -8.42203377 66.40396475 -15.68346451
v -8.44816394 66.46959994 -15.65851825
v -8.47571968 66.57751713 -15.63113987
v -6.48995243 66.40396752 -16.57657483
v -6.48645397 66.46959988 -16.56763910
v -6.48282367 66.56427035 -16.55836663
v -4.38316655 66.40396752 -17.25370009
v -4.38080377 66.46959988 -17.24439935
v -4.37835195 66.56427035 -17.23474811
v -2.20864823 66.40396752 -17.66420643
v -2.20745765 66.46959988 -17.65468440
v -2.20622219 66.56427035 -17.64480354
v 17.61103100 65.50026419 -0.59267463
v 9.31878559 65.50026025 -14.95526541
v -8.29224422 65.50026419 15.54793755
v 8.29224697 65.50026025 15.54793776
v -9.31878679 65.50026419 -14.95526292
v -17.61103256 65.50026025 -0.59267235
v -17.81371096 65.22713532 -0.28387537
v -17.85373093 65.19502220 -0.20872415
v -17.98382520 65.09880414 0.11271971
v -18.06085454 65.01111098 0.41551151
v -18.08856370 64.95363316 0.60538815
v -17.70394451 65.67115040 -0.38854891
v -17.79369938 65.77045150 -0.12565604
v -17.85036808 65.86635147 0.14751271
v -17.87316151 65.95751494 0.42715353
v -17.64891731 65.94127093 -0.47501484
v -17.73817869 66.04048938 -0.21472131
v -17.79493178 66.13636669 0.05574357
v -17.81839961 66.22759028 0.33267702
v -17.78924050 65.99894802 -0.05031308
v -17.58664927 66.69245794 -0.54375146
v -17.69378150 66.69288510 -0.21770072
v -17.75525708 66.69245794 0.11994874
v -17.70500024 66.48669881 -0.20277209
v -17.51364745 80.53592290 0.19874062
v -17.45633348 80.53628737 -0.13190315
v -17.35529127 80.53599822 -0.45181502
v -17.28037229 80.53555313 -0.62389840
v -17.53241251 75.92205156 -0.17296981
v -9.09288043 80.53592290 -14.77375750
v -8.87015105 80.53628737 -15.02475914
v -8.61588492 80.53599822 -15.24362409
v -8.46162346 80.53555313 -15.35053034
v -9.26422721 66.69245794 -14.95860931
v -9.03542510 66.69288510 -15.21441391
v -8.77374989 66.69245794 -15.43647805
v -8.97570347 71.30746846 -15.15574521
v -9.23583358 65.94127093 -15.04690332
v -9.05504345 66.04048938 -15.25435271
v -8.84919055 66.13636669 -15.43873477
v -8.62109305 66.22759028 -15.59752523
v -9.02810590 66.48669881 -15.23159394
v -9.18846548 65.67115040 -15.13779124
v -9.00567101 65.77045150 -15.34696767
v -8.79743429 65.86635147 -15.53262858
v -8.56665494 65.95751494 -15.69218868
v -8.93819266 65.99894802 -15.38077765
v -8.61746583 64.99078457 -15.89317102
v -8.84721351 65.07988885 -15.68157373
v -8.98419993 65.13658377 -15.52518196
v -9.10762588 65.19502220 -15.35742247
v -9.15269106 65.22714591 -15.28519345
v 9.15269876 65.22713532 -15.28518854
v 9.10762588 65.19502220 -15.35742247
v 8.89429447 65.09880414 -15.63080933
v 8.67058375 65.01111098 -15.84891460
v 8.52000033 64.95363316 -15.96784975
v 9.18846548 65.67115040 -15.13779124
v 9.00567101 65.77045150 -15.34696767
v 8.79743429 65.86635147 -15.53262858
v 8.56665494 65.95751494 -15.69218868
v 9.23583358 65.94127093 -15.04690332
v 9.05504345 66.04048938 -15.25435271
v 8.84919055 66.13636669 -15.43873477
v 8.62109305 66.22759028 -15.59752523
v 8.93819266 65.99894802 -15.38077765
v 9.26422721 66.69245794 -14.95860931
v 9.03542510 66.69288510 -15.21441391
v 8.77374989 66.69245794 -15.43647805
v 9.02810590 66.48669881 -15.23159394
v 8.58470929 80.53592290 -15.26663391
v 8.84239822 80.53628737 -15.05167667
v 9.06892892 80.53599822 -14.80421562
v 9.18049801 80.53555313 -14.65329219
v 8.91600250 75.92205156 -15.09702971
v 17.34088952 80.53592290 -0.48778669
v 17.44689862 80.53628737 -0.16939657
v 17.50930816 80.53599822 0.16023683
v 17.52476097 80.53555313 0.34728429
v 17.58664927 66.69245794 -0.54375146
v 17.69378150 66.69288510 -0.21770072
v 17.75525708 66.69245794 0.11994874
v 17.61311210 71.30746846 -0.19531462
v 17.64891731 65.94127093 -0.47501484
v 17.73817869 66.04048938 -0.21472131
v 17.79493178 66.13636669 0.05574357
v 17.81839961 66.22759028 0.33267702
v 17.70500024 66.48669881 -0.20277209
v 17.70394451 65.67115040 -0.38854891
v 17.79369938 65.77045150 -0.12565604
v 17.85036808 65.86635147 0.14751271
v 17.87316151 65.95751494 0.42715353
v 17.78924050 65.99894802 -0.05031308
v 18.07262277 64.99078457 0.48364118
v 18.00424798 65.07988885 0.17887522
v 17.93730194 65.13658377 -0.01795439
v 17.85373093 65.19502220 -0.20872415
v 17.81371136 65.22714591 -0.28386625
v 8.66101220 65.22713532 15.56906391
v 8.74610505 65.19502220 15.56614661
v 9.08953073 65.09880414 15.51808962
v 9.39027079 65.01111098 15.43340309
v 9.56856336 64.95363316 15.36246161
v 8.51547903 65.67115040 15.52634015
v 8.78802837 65.77045150 15.47262371
v 9.05293379 65.86635147 15.38511587
v 9.30650656 65.95751494 15.26503514
v 8.41308373 65.94127093 15.52191816
v 8.68313524 66.04048938 15.46907402
v 8.94574124 66.13636669 15.38299120
v 9.19730656 66.22759028 15.26484820
v 8.85104785 65.99894802 15.43109073
v 8.32242206 66.69245794 15.50236077
v 8.65835640 66.69288510 15.43211462
v 8.98150719 66.69245794 15.31652931
v 8.67689434 66.48669881 15.43436602
v 8.92893815 80.53592290 15.06789329
v 8.61393526 80.53628737 15.18357982
v 8.28636235 80.53599822 15.25603064
v 8.09987428 80.53555313 15.27719059
v 8.61641000 75.92205156 15.26999953
v -8.24800909 80.53592290 15.26154420
v -8.57674757 80.53628737 15.19415571
v -8.89342325 80.53599822 15.08338726
v -9.06313751 80.53555313 15.00324605
v -8.32242206 66.69245794 15.50236077
v -8.65835640 66.69288510 15.43211462
v -8.98150719 66.69245794 15.31652931
v -8.63740863 71.30746846 15.35105983
v -8.41308373 65.94127093 15.52191816
v -8.68313524 66.04048938 15.46907402
v -8.94574124 66.13636669 15.38299120
v -9.19730656 66.22759028 15.26484820
v -8.67689434 66.48669881 15.43436602
v -8.51547903 65.67115040 15.52634015
v -8.78802837 65.77045150 15.47262371
v -9.05293379 65.86635147 15.38511587
v -9.30650656 65.95751494 15.26503514
v -8.85104785 65.99894802 15.43109073
v -9.45515693 64.99078457 15.40952984
v -9.15703447 65.07988885 15.50269851
v -8.95310201 65.13658377 15.54313635
v -8.74610505 65.19502220 15.56614661
v -8.66102030 65.22714591 15.56905970
v -19.75384652 49.42412569 -0.67369155
v -21.28362467 49.68443866 1.14740522
v -21.24974393 49.68654861 0.89336681
v -21.18438409 49.68169021 0.64559200
v -21.08861850 49.66994323 0.40814974
v -20.96401980 49.65150058 0.18493929
v -20.81263417 49.62666512 -0.02037378
v -20.63694765 49.59584471 -0.20441784
v -20.43984535 49.55954548 -0.36417052
v -20.22456409 49.51836352 -0.49700837
v -19.99463921 49.47297514 -0.60074992
v -18.65072860 61.46323438 0.33499698
v -19.34650612 57.50906567 0.29367169
v -19.70278754 53.48473447 -0.21086694
v -19.98197863 51.50291255 -0.33644713
v -20.03219362 53.55299931 0.12840866
v -19.99704423 55.44535603 0.84752537
v -19.59590129 57.42157071 0.86631025
v -19.16124145 59.56964528 0.84466622
v -20.86918334 50.64960447 0.42038393
v -20.80240743 50.63893125 0.29537436
v -20.73031267 50.62684096 0.18016625
v -20.65352622 50.61349468 0.07381327
v -19.95058536 54.48233669 0.28970557
v -20.26408238 50.03348735 -0.39559956
v -27.79977842 9.90669031 -2.16866948
v -28.07635382 9.85419667 -2.14058663
v -28.34867493 9.80368567 -2.07794349
v -28.60956544 9.75651425 -1.98161168
v -28.85726378 9.71303498 -1.85121578
v -29.08584236 9.67433588 -1.68844657
v -29.27033317 9.64447176 -1.51620765
v -29.41718023 9.62196001 -1.34157622
v -29.54297755 9.60405318 -1.15088205
v -29.64511550 9.59118276 -0.94628367
v -29.72217049 9.58356694 -0.72947105
v -29.75616442 9.58159735 -0.59234919
v -29.78333316 9.58201164 -0.42344154
v -29.79238030 9.58381739 -0.31744358
v -20.82133587 45.77261232 -0.72413418
v -23.58046566 32.39368072 -1.24698344
v -23.52693004 36.24234691 -0.65765767
v -22.16535556 39.07624187 -0.99975819
v -26.82410346 22.95091273 -0.45611121
v -22.58879312 42.99787431 0.33405235
v -26.95043388 16.42483018 -1.83580635
v -26.34511189 22.87143444 -1.16402322
v -28.23175277 16.26327527 -0.71500090
v -29.39030245 9.76921802 -1.33088440
v -29.47277277 9.73319723 -1.21954081
v -29.54599512 9.69897622 -1.10512109
v -29.56057578 9.65621248 -1.09604616
v -29.58591655 9.66150137 -1.04293159
v -29.60997762 9.66770210 -0.98784633
v -29.61709568 9.63300038 -0.98956745
v -21.56408611 47.82596850 0.52851528
v -21.82913375 44.41653958 -0.31544762
v -21.15528011 45.83774180 -0.55278577
v -21.04434242 45.81644841 -0.61884220
v -20.93305416 45.79473433 -0.67569378
v -21.37578539 45.87883859 -0.38880476
v -21.26582836 45.85856847 -0.47652029
v -21.48472332 45.89840388 -0.28813178
v -21.87252996 44.42409054 -0.26910746
v -21.91500050 44.43136610 -0.22075690
v -21.95676934 44.43839860 -0.16998227
v -21.99802868 44.44521076 -0.11629725
v -22.50664557 41.07049766 -0.47335447
v -25.32726032 27.70589290 -0.98154612
v -27.06777616 19.70185594 -1.23060076
v -27.12296550 19.68413918 -1.17893362
v -27.09625118 16.39754234 -1.78683774
v -27.23383019 16.36973965 -1.72999072
v -27.82600204 16.33962330 -1.30519512
v -28.92449914 9.80117649 -1.78957176
v -29.68360995 9.69730067 -0.77450295
v -20.70062680 48.64431480 -0.35214028
v -20.80431432 48.66334178 -0.26653043
v -21.45026099 47.81117331 0.27028389
v -20.89972063 48.68043042 -0.17640870
v -21.51061779 47.81946743 0.39509300
v -21.21348167 46.81204781 -0.32333791
v -21.26010096 46.82041611 -0.28003036
v -21.30597942 46.82854604 -0.23458183
v -21.31731794 43.16419081 -0.84176691
v -21.29627247 42.19288943 -0.94039948
v -21.84437591 42.49328426 -0.69062688
v -22.30314457 42.76674437 -0.24376938
v -21.65332206 41.49010346 -0.91030976
v -28.21155744 14.72969782 -1.31460926
v -28.03228300 13.15735751 -1.78464400
v -28.16825402 13.12672155 -1.70580226
v -28.26502513 14.71063571 -1.25758659
v -28.29323651 13.09509861 -1.62127521
v -28.40891363 13.06336353 -1.53094677
v -27.77228167 11.56126472 -2.06733713
v -28.06165374 11.50743310 -1.99114826
v -28.26628714 11.46636179 -1.91074784
v -29.26313459 11.36005014 -0.90271691
v -10.46035725 49.42412569 -16.77048713
v -10.51758430 49.47297514 -17.01549053
v -10.54270392 49.51836352 -17.26648210
v -10.53530360 49.55954548 -17.51934006
v -10.49550487 49.59584471 -17.76991200
v -10.42396130 49.62666512 -18.01408302
v -10.32184778 49.65150058 -18.24784336
v -10.19084120 49.66994323 -18.46735422
v -10.03309297 49.68169021 -18.66901079
v -9.85119361 49.68654861 -18.84950147
v -9.64813027 49.68443866 -19.00586226
v -9.03524840 61.46323438 -16.31950326
v -9.41892592 57.50906567 -16.90140162
v -10.28236107 51.50291255 -17.13667754
v -9.84956618 51.64194974 -18.24409432
v -9.76301303 51.64890144 -18.34582448
v -9.90489165 53.55299931 -17.41259289
v -10.03400989 53.48473447 -16.95768106
v -9.26454327 55.44535898 -17.74171049
v -9.04770366 57.42157365 -17.40370294
v -8.84898246 59.57129451 -17.01614892
v -10.14997145 51.58862013 -17.72334233
v -9.72440011 54.48233816 -17.42256633
v -15.29202271 9.58162390 -25.55590113
v -15.40055469 9.58168901 -25.46489706
v -15.50221275 9.58386194 -25.36562563
v -15.59716760 9.58818771 -25.25764554
v -15.70988146 9.59714754 -25.10405859
v -15.81742232 9.61149107 -24.91902243
v -15.90413396 9.63018977 -24.72243650
v -15.96843516 9.65272862 -24.51904314
v -16.01046867 9.67877576 -24.31092916
v -16.03064762 9.70824641 -24.09831418
v -16.02906509 9.74047918 -23.88551558
v -16.00636831 9.77493609 -23.67556813
v -15.96310662 9.81155599 -23.46842066
v -15.89989040 9.84999563 -23.26584487
v -15.81823153 9.88954820 -23.07127469
v -15.73260941 9.92475611 -22.90887625
v -15.85592625 9.77510884 -24.76622451
v -15.81542377 9.74740563 -24.86451552
v -15.75022111 9.65774650 -25.01842590
v -15.77101625 9.72068784 -24.95829459
v -15.69841469 9.63779766 -25.10604892
v -15.72228815 9.69514949 -25.04869855
v -15.66937328 9.67133191 -25.13547868
v -13.80705363 22.95092675 -23.00229712
v -12.87014898 32.39370401 -19.79778688
v -15.06506919 16.42484972 -22.42185402
v -14.18062399 22.87147508 -22.23351789
v -12.33300936 36.24237502 -20.04608564
v -11.94849179 39.07625643 -18.69587965
v -11.00509633 42.99789137 -19.72949207
v -11.05169494 45.79473536 -17.79070980
v -16.01418250 9.80813444 -24.12000704
v -15.51903563 9.70095579 -25.31128890
v -15.48812738 9.68386620 -25.34962432
v -15.35297254 13.05289449 -24.33870691
v -14.60498516 19.70783724 -22.80039937
v -14.59428127 19.69614418 -22.85024067
v -15.08656108 16.40686763 -22.52218334
v -15.10303408 16.38859573 -22.62057702
v -11.66325754 41.07051362 -19.25464704
v -11.16931757 44.42409972 -18.80761144
v -11.05810414 45.81644943 -17.91551405
v -11.05636642 45.83774282 -18.04461713
v -11.04559269 45.85856949 -18.17848746
v -11.02460732 45.87883961 -18.31757080
v -10.99189091 45.89840490 -18.46225031
v -11.14868002 44.43137528 -18.86856728
v -11.12559231 44.43840778 -18.93012747
v -11.09972939 44.44521994 -18.99270161
v -10.32433523 47.82596929 -18.93930395
v -15.77597065 11.53506540 -23.48263800
v -15.78524814 11.51582902 -23.58633726
v -15.78963281 11.49617909 -23.68713746
v -15.32621681 14.75710229 -23.39138450
v -15.32065066 14.74619197 -23.44387251
v -15.31413596 14.73518755 -23.49435595
v -11.61501134 41.49011147 -18.29717098
v -11.52028720 42.49329276 -18.57246980
v -11.46254556 42.19289370 -17.97291275
v -11.39272176 43.16984263 -18.06999561
v -11.36268094 42.76675712 -19.19320308
v -10.87256372 46.82041709 -18.27177231
v -10.85614337 46.82854702 -18.33422848
v -10.49105762 47.81117410 -18.71161283
v -10.41314816 47.81946822 -18.82628790
v -10.65527576 48.64431528 -17.75119851
v -10.63297920 48.66334226 -17.88379946
v -10.60263465 48.68043090 -18.01148461
v -15.57659483 10.56190008 -24.94693369
v -15.73085117 10.59462201 -24.65967887
v -15.78280667 11.45055753 -23.91152818
v -15.60270744 12.36488067 -23.00854953
v -15.64164834 12.30689626 -23.92463781
v -15.78908207 11.47334680 -23.80034756
v -15.94715534 10.19698503 -24.17637809
v -15.60976993 12.72826642 -23.68070161
v 10.46035725 49.42412569 -16.77048713
v 9.64813027 49.68443866 -19.00586226
v 9.85119361 49.68654861 -18.84950147
v 10.03309297 49.68169021 -18.66901079
v 10.19084120 49.66994323 -18.46735422
v 10.32184778 49.65150058 -18.24784336
v 10.42396130 49.62666512 -18.01408302
v 10.49550487 49.59584471 -17.76991200
v 10.53530360 49.55954548 -17.51934006
v 10.54270392 49.51836352 -17.26648210
v 10.51758430 49.47297514 -17.01549053
v 9.03524840 61.46323438 -16.31950326
v 9.41892592 57.50906567 -16.90140162
v 9.76301303 51.64890144 -18.34582448
v 9.84956618 51.64194974 -18.24409432
v 9.90489165 53.55299931 -17.41259289
v 10.28236107 51.50291255 -17.13667754
v 10.03400989 53.48473447 -16.95768106
v 9.26454361 55.44535603 -17.74171098
v 9.04770396 57.42157071 -17.40370345
v 8.84911812 59.56964531 -17.01645514
v 10.14997145 51.58862013 -17.72334233
v 9.72440030 54.48233669 -17.42256653
v 15.77801207 9.90669031 -22.99097959
v 15.89197931 9.85419667 -23.24454234
v 15.97388932 9.80368567 -23.51170090
v 16.02090878 9.75651425 -23.78580462
v 16.03183178 9.71303498 -24.06551562
v 16.00515881 9.67433588 -24.34485509
v 15.94824093 9.64447176 -24.59074828
v 15.87042920 9.62196001 -24.80523728
v 15.76818187 9.60405318 -25.00952804
v 15.64206344 9.59118276 -25.20028128
v 15.49282570 9.58356694 -25.37541917
v 15.39107166 9.58159735 -25.47341971
v 15.25837771 9.58201164 -25.58140235
v 15.17110435 9.58381739 -25.64223639
v 11.01681918 45.75006945 -17.55215439
v 12.87015220 32.39368075 -19.79779073
v 11.94849380 39.07624191 -18.69588206
v 12.33301327 36.24234691 -20.04609025
v 13.80705562 22.95091273 -23.00229942
v 11.00509874 42.99787431 -19.72949486
v 15.06507187 16.42483018 -22.42185720
v 14.18062962 22.87143444 -22.23352455
v 14.73508533 16.26327527 -24.09191464
v 15.84773093 9.76921802 -24.78730635
v 15.79253971 9.73319723 -24.91439953
v 15.73006050 9.69897622 -25.03502181
v 15.72949171 9.65621248 -25.05218650
v 15.69616353 9.66150137 -25.10068953
v 15.66048883 9.66770210 -25.14906966
v 15.66553839 9.63300038 -25.15437352
v 10.32433534 47.82596850 -18.93930408
v 11.20416086 44.40867155 -18.68591175
v 10.99189105 45.89840391 -18.46225047
v 11.02460746 45.87883862 -18.31757097
v 11.04559283 45.85856849 -18.17848763
v 11.05636656 45.83774182 -18.04461729
v 11.05169508 45.79473436 -17.79070996
v 11.03778655 45.77261235 -17.66973888
v 11.05810428 45.81644843 -17.91551421
v 11.18775251 44.41653959 -18.74686064
v 11.16931885 44.42409055 -18.80761294
v 11.14868130 44.43136611 -18.86856879
v 11.12559360 44.43839861 -18.93012898
v 11.09973068 44.44521077 -18.99270312
v 11.66325976 41.07049767 -19.25464966
v 13.51367402 27.70589291 -21.44327787
v 14.59961960 19.70185594 -22.82608139
v 14.58246921 19.68413918 -22.89971034
v 15.09557247 16.39754234 -22.57262300
v 15.11513101 16.36973965 -22.72019342
v 15.04333315 16.33962330 -23.44542710
v 16.01206417 9.80117649 -24.15456517
v 15.51254420 9.69730067 -25.31950881
v 10.65527582 48.64431481 -17.75119859
v 10.63297927 48.66334179 -17.88379954
v 10.49105774 47.81117331 -18.71161295
v 10.60263472 48.68043043 -18.01148469
v 10.41314827 47.81946744 -18.82628803
v 10.89888931 46.80339442 -18.14773442
v 10.88675965 46.81204782 -18.20974520
v 10.87256386 46.82041613 -18.27177247
v 10.85614350 46.82854606 -18.33422864
v 11.38217557 43.15854511 -18.01126379
v 11.46254615 42.19288948 -17.97291346
v 11.52028837 42.49328429 -18.57247120
v 11.36268273 42.76674438 -19.19320517
v 11.61501245 41.49010349 -18.29717231
v 15.24426374 14.72969782 -23.77462079
v 15.56168854 13.15735751 -23.38434719
v 15.56139511 13.12672155 -23.54152243
v 15.22161450 14.71063571 -23.84943651
v 15.55068377 13.09509861 -23.69202396
v 15.53029561 13.06336353 -23.83736751
v 15.67650730 11.56126471 -23.01783287
v 15.75521184 11.50743310 -23.30653088
v 15.78789974 11.46636179 -23.52394881
v 15.41334307 11.36005014 -24.89125950
v 11.44990563 42.97335428 -18.60090631
v 11.31063069 43.00393225 -19.20458816
v 19.75384652 49.42412569 -0.67369155
v 19.99463921 49.47297514 -0.60074992
v 20.22456409 49.51836352 -0.49700837
v 20.43984535 49.55954548 -0.36417052
v 20.63694765 49.59584471 -0.20441784
v 20.81263417 49.62666512 -0.02037378
v 20.96401980 49.65150058 0.18493929
v 21.08861850 49.66994323 0.40814974
v 21.18438409 49.68169021 0.64559200
v 21.24974393 49.68654861 0.89336681
v 21.28362467 49.68443866 1.14740522
v 18.65072860 61.46323438 0.33499698
v 19.34650612 57.50906567 0.29367169
v 20.76945657 51.64890144 0.71789493
v 20.72463224 51.64194974 0.59207263
v 20.03219362 53.55299931 0.12840866
v 19.70278754 53.48473447 -0.21086694
v 19.99704363 55.44535898 0.84752542
v 19.59590070 57.42157365 0.86631025
v 19.16090842 59.57129448 0.84463059
v 20.49852523 50.58549803 -0.10407050
v 20.58411386 50.60110831 -0.01111106
v 20.66221594 50.61502536 0.08514095
v 19.95058509 54.48233816 0.28970564
v 20.16336130 50.01394699 -0.45648011
v 21.05527470 50.17021557 0.59438501
v 21.09946800 50.17530974 0.72729888
v 20.70336913 50.11474092 -0.00889959
v 29.77807095 9.58162390 -0.46532957
v 29.75352510 9.58168901 -0.60482306
v 29.71838256 9.58386194 -0.74249724
v 29.67234648 9.58818771 -0.87872059
v 29.59569321 9.59714754 -1.05312714
v 29.48921762 9.61149107 -1.23877834
v 29.36232503 9.63018977 -1.41216578
v 29.21833182 9.65272862 -1.56954894
v 29.05911657 9.67877576 -1.71000801
v 28.88507608 9.70824641 -1.83379099
v 28.69999582 9.74047918 -1.93881978
v 28.50682761 9.77493609 -2.02413751
v 28.30580179 9.81155599 -2.09024553
v 28.09875790 9.84999563 -2.13678657
v 27.88942574 9.88954820 -2.16335300
v 27.70597351 9.92475611 -2.17040129
v 29.37614270 9.77510884 -1.34852268
v 29.44101398 9.74740563 -1.26430099
v 29.54170295 9.65774650 -1.13087865
v 29.50002528 9.72068784 -1.17895342
v 29.59168350 9.63779766 -1.04220146
v 29.55395336 9.69514949 -1.09155167
v 29.60264971 9.67133191 -1.00233598
v 26.82410046 22.95092675 -0.45611063
v 28.23174866 16.26329467 -0.71500013
v 23.58046071 32.39370398 -1.24698258
v 26.95042976 16.42484972 -1.83580562
v 26.34510331 22.87147509 -1.16402167
v 22.16535246 39.07625640 -0.99975765
v 23.52692409 36.24237502 -0.65765659
v 22.58878950 42.99789137 0.33405304
v 20.93305395 45.79473533 -0.67569374
v 28.89563009 9.80813444 -1.80868535
v 29.67973701 9.70095579 -0.78423465
v 29.69748232 9.68386620 -0.73829961
v 27.04821765 19.70783724 -1.24808848
v 27.08602954 19.69614418 -1.21389799
v 27.14151139 16.38859573 -1.76932268
v 27.04806346 16.40686763 -1.80425348
v 25.32725632 27.70591176 -0.98154539
v 22.50664218 41.07051361 -0.47335386
v 21.87252801 44.42409971 -0.26910711
v 21.04434221 45.81644940 -0.61884216
v 21.15527990 45.83774279 -0.55278573
v 21.26582815 45.85856946 -0.47652025
v 21.37578518 45.87883959 -0.38880472
v 21.48472311 45.89840488 -0.28813174
v 21.91499855 44.43137527 -0.22075654
v 21.95676739 44.43840777 -0.16998191
v 21.99802673 44.44521994 -0.11629689
v 21.56408594 47.82596928 0.52851531
v 27.77228072 11.56126934 -2.06733695
v 28.03228104 13.15736685 -1.78464364
v 27.91912479 11.53470715 -2.03385198
v 28.12371192 13.13722138 -1.73304027
v 27.96629927 11.52577897 -2.02086612
v 28.20973523 13.11658017 -1.67911572
v 28.11263724 11.49741975 -1.97329745
v 28.30299690 13.09251225 -1.61413066
v 28.16370045 11.48738885 -1.95398123
v 28.39109761 13.06838717 -1.54570382
v 29.25819830 11.36348375 -0.91234611
v 28.21155444 14.72971207 -1.31460871
v 28.24753090 14.71711549 -1.27666946
v 21.65332036 41.49011143 -0.91030946
v 21.84437411 42.49329273 -0.69062656
v 21.29627157 42.19289365 -0.94039933
v 21.34543593 43.16984259 -0.83138873
v 22.30314186 42.76675711 -0.24376888
v 21.26010076 46.82041707 -0.28003033
v 21.30597922 46.82854700 -0.23458180
v 21.45026082 47.81117409 0.27028392
v 21.51061762 47.81946822 0.39509303
v 20.70062671 48.64431527 -0.35214026
v 20.80431422 48.66334225 -0.26653041
v 20.89972053 48.68043089 -0.17640868
v 28.81161581 11.45032632 -1.53130494
v 9.29348927 49.42412569 17.44417868
v 11.63549440 49.68443866 17.85845704
v 11.39855032 49.68654861 17.95613466
v 11.15129112 49.68169021 18.02341878
v 10.89777729 49.66994323 18.05920448
v 10.64217203 49.65150058 18.06290407
v 10.38867287 49.62666512 18.03445680
v 10.14144278 49.59584471 17.97432984
v 9.90454175 49.55954548 17.88351059
v 9.68186017 49.51836352 17.76349047
v 9.47705491 49.47297514 17.61624046
v 9.61548020 61.46323438 15.98450627
v 9.92758020 57.50906567 16.60772993
v 11.00644354 51.64890144 17.62792954
v 10.87506606 51.64194974 17.65202169
v 10.12730197 53.55299931 17.28418424
v 9.66877764 53.48473447 17.16854800
v 10.73250061 55.44535603 16.89418562
v 10.54819733 57.42157071 16.53739320
v 10.31212337 59.56964531 16.17178867
v 10.40484220 50.61502536 17.85143342
v 10.28243447 50.60110831 17.83192105
v 10.15913492 50.58549803 17.80427884
v 10.03471389 50.56804855 17.76786875
v 11.17959330 50.17530974 17.90902586
v 11.04238987 50.17021557 17.93721027
v 12.02176635 9.90669031 25.15964907
v 12.18437451 9.85419667 25.38512896
v 12.37478561 9.80368567 25.58964440
v 12.58865666 9.75651425 25.76741631
v 12.82543199 9.71303498 25.91673140
v 13.08068356 9.67433588 26.03330166
v 13.32209224 9.64447176 26.10695593
v 13.54675103 9.62196001 26.14681350
v 13.77479568 9.60405318 26.16041009
v 14.00305205 9.59118276 26.14656495
v 14.22934478 9.58356694 26.10489022
v 14.36509276 9.58159735 26.06576890
v 14.52495544 9.58201164 26.00484389
v 14.62127594 9.58381739 25.95967997
v 9.69220203 45.75006946 18.31692249
v 10.71031364 32.39368075 21.04477415
v 11.19391677 36.24234691 20.70374793
v 10.21686193 39.07624191 19.69564022
v 13.01704784 22.95091273 23.45841063
v 11.58369439 42.99787431 19.39544251
v 11.88536201 16.42483018 24.25766356
v 12.16448227 22.87143444 23.39754777
v 13.49666744 16.26327527 24.80691554
v 13.54257152 9.76921802 26.11819075
v 13.68023306 9.73319723 26.13394034
v 13.81593463 9.69897622 26.14014290
v 13.83108407 9.65621248 26.14823266
v 13.88975302 9.66150137 26.14362112
v 13.94948879 9.66770210 26.13691599
v 13.95155729 9.63300038 26.14394097
v 11.23975081 47.82596850 18.41078872
v 10.58039385 44.40867155 19.04604381
v 10.49283243 45.89840391 18.75038213
v 10.35117810 45.87883862 18.70637563
v 10.22023570 45.85856850 18.65500782
v 10.09891373 45.83774183 18.59740298
v 9.98623832 45.81644844 18.53435635
v 9.88135927 45.79473436 18.46640369
v 9.78354950 45.77261236 18.39387302
v 10.64138132 44.41653959 19.06230821
v 10.70321118 44.42409055 19.07672035
v 10.76631927 44.43136611 19.08932563
v 10.83117581 44.43839861 19.10011118
v 10.89829807 44.44521077 19.10900031
v 10.84338589 41.07049767 19.72800408
v 11.81358639 27.70589292 22.42482394
v 12.46815656 19.70185594 24.05668216
v 12.54049629 19.68413918 24.07864396
v 12.00067871 16.39754234 24.35946074
v 12.11869918 16.36973965 24.45018415
v 12.78266889 16.33962330 24.75062222
v 12.91243497 9.80117649 25.94413692
v 14.17106574 9.69730067 26.09401177
v 10.04535102 48.64431481 18.10333885
v 10.17133509 48.66334179 18.15032994
v 10.95920332 47.81117331 18.44132899
v 10.29708595 48.68043043 18.18789336
v 11.09746957 47.81946744 18.43119495
v 10.26695440 46.80339443 18.51258223
v 10.32672214 46.81204783 18.53308303
v 10.38753723 46.82041613 18.55180275
v 10.44983604 46.82854606 18.56881039
v 9.90712424 43.15854512 18.86288512
v 10.03830984 41.49010350 19.20748203
v 12.96729370 14.72969782 25.08923005
v 12.47059447 13.15735751 25.16899120
v 12.60685892 13.12672155 25.24732470
v 13.04341063 14.71063571 25.10702310
v 12.74255273 13.09509861 25.31329917
v 12.87861802 13.06336353 25.36831428
v 12.09577436 11.56126472 25.08517002
v 12.30644189 11.50743310 25.29767914
v 12.47838740 11.46636179 25.43469665
v 13.84979152 11.36005014 25.79397641
v 10.69001145 43.11199687 19.31332157
v 10.75575295 42.27745353 19.48379147
v 13.13896615 11.43573588 25.73539176
v -9.29348927 49.42412569 17.44417868
v -9.47705491 49.47297514 17.61624046
v -9.68186017 49.51836352 17.76349047
v -9.90454175 49.55954548 17.88351059
v -10.14144278 49.59584471 17.97432984
v -10.38867287 49.62666512 18.03445680
v -10.64217203 49.65150058 18.06290407
v -10.89777729 49.66994323 18.05920448
v -11.15129112 49.68169021 18.02341878
v -11.39855032 49.68654861 17.95613466
v -11.63549440 49.68443866 17.85845704
v -9.61548020 61.46323438 15.98450627
v -9.92758020 57.50906567 16.60772993
v -9.69961755 51.50291255 17.47312467
v -10.87506606 51.64194974 17.65202169
v -11.00644354 51.64890144 17.62792954
v -10.12730197 53.55299931 17.28418424
v -9.66877764 53.48473447 17.16854800
v -10.73250036 55.44535898 16.89418507
v -10.54819703 57.42157365 16.53739269
v -10.31192600 59.57129451 16.17151807
v -10.27387897 51.58862013 17.65180429
v -10.22618499 54.48233816 17.13286069
v -14.48604824 9.58162390 26.02123070
v -14.35297042 9.58168901 26.06972012
v -14.21616980 9.58386194 26.10812287
v -14.07517888 9.58818771 26.13636614
v -13.88581175 9.59714754 26.15718573
v -13.67179530 9.61149107 26.15780077
v -13.45819107 9.63018977 26.13460228
v -13.24989666 9.65272862 26.08859208
v -13.04864791 9.67877576 26.02093717
v -12.85442846 9.70824641 25.93210517
v -12.67093073 9.74047918 25.82433536
v -12.50045930 9.77493609 25.69970565
v -12.34269517 9.81155599 25.55866619
v -12.19886749 9.84999563 25.40263144
v -12.07119421 9.88954820 25.23462769
v -11.97336411 9.92475611 25.07927754
v -13.52021645 9.77510884 26.11474719
v -13.62559021 9.74740563 26.12881651
v -13.79148184 9.65774650 26.14930455
v -13.72900903 9.72068784 26.13724801
v -13.89326881 9.63779766 26.14825038
v -13.83166520 9.69514949 26.14025022
v -13.93327643 9.67133191 26.13781466
v -13.01704684 22.95092675 23.45840775
v -13.49666605 16.26329467 24.80691160
v -10.71031191 32.39370401 21.04476943
v -11.96150238 16.40686763 24.32643682
v -12.16447931 22.87147508 23.39753957
v -10.21686086 39.07625644 19.69563727
v -11.19391473 36.24237502 20.70374223
v -11.58369317 42.99789137 19.39543903
v -9.88135920 45.79473536 18.46640349
v -12.88144758 9.80813444 25.92869239
v -14.16070138 9.70095579 26.09552355
v -14.20935494 9.68386620 26.08792392
v -12.44323249 19.70783724 24.04848786
v -12.49174827 19.69614418 24.06413867
v -12.73410137 16.35162652 24.73603652
v -12.03847731 16.38859573 24.38989970
v -11.81358502 27.70591177 22.42482011
v -10.84338473 41.07051362 19.72800084
v -10.70321052 44.42409972 19.07671848
v -9.98623825 45.81644944 18.53435615
v -10.09891365 45.83774283 18.59740278
v -10.22023563 45.85856949 18.65500762
v -10.35117802 45.87883961 18.70637542
v -10.49283235 45.89840490 18.75038193
v -10.76631861 44.43137529 19.08932376
v -10.83117515 44.43840779 19.10010931
v -10.89829741 44.44521995 19.10899844
v -11.23975075 47.82596929 18.41078856
v -12.09577405 11.56126934 25.08516911
v -12.47059380 13.15736685 25.16898933
v -12.19819491 11.53470715 25.19559731
v -12.56099906 13.13722138 25.22236911
v -12.23302824 11.52577897 25.22995868
v -12.65071074 13.11658017 25.26990520
v -12.34739290 11.49741975 25.33290674
v -12.75362029 13.09251225 25.31817965
v -12.38965284 11.48738885 25.36747067
v -12.85693003 13.06838717 25.36026369
v -13.83898424 11.36348375 25.79451606
v -12.96729269 14.72971207 25.08922718
v -13.01813726 14.71711549 25.10141408
v -10.03830925 41.49011148 19.20748040
v -10.32408709 42.49329276 19.26309629
v -9.83372628 42.19289371 18.91331206
v -9.95271440 43.16984263 18.90138430
v -10.94046099 42.76675713 19.43697189
v -10.38753716 46.82041709 18.55180255
v -10.44983597 46.82854702 18.56881019
v -10.95920326 47.81117410 18.44132883
v -11.09746952 47.81946822 18.43119479
v -10.04535099 48.64431528 18.10333875
v -10.17133505 48.66334226 18.15032984
v -10.29708592 48.68043090 18.18789326
v -13.07965893 11.45032632 25.71724369
v 20.57006720 41.87049534 -0.98858721
v 20.38412435 41.85511253 -1.00918996
v 20.20214951 41.84068467 -1.05292601
v 20.02699248 41.82743771 -1.11911044
v 19.86139628 41.81557911 -1.20670677
v 19.70795420 41.80529457 -1.31434322
v 19.56906921 41.79674515 -1.44033415
v 19.44691631 41.79006474 -1.58270650
v 23.30530065 9.94457065 -1.83733686
v 23.11935781 9.92918784 -1.85793962
v 22.93738297 9.91475998 -1.90167567
v 22.76222593 9.90151302 -1.96786010
v 22.59662973 9.88965442 -2.05545643
v 22.44318765 9.87936987 -2.16309288
v 22.30430267 9.87082045 -2.28908381
v 22.18214976 9.86414005 -2.43145616
v 19.55474108 49.41614867 -0.73212748
v 19.36550275 49.41065177 -0.81745045
v 19.18975830 49.40774034 -0.92802522
v 19.03087588 49.40747018 -1.06173263
v 18.89190048 49.40984647 -1.21601017
v 19.67354331 44.35026718 -1.11270022
v 20.18918978 43.11254674 -0.99046766
v 19.85729707 42.45240791 -1.15994208
v 19.77587295 42.44700160 -1.20900014
v 19.69573348 42.44189538 -1.26459417
v 20.29758600 42.16646624 -1.01225205
v 18.85117066 53.24797926 -0.74754208
v 17.83806664 64.94046323 -0.29435397
v 9.17395093 64.94046723 -15.30104182
v 11.09412219 41.79006474 -16.05017029
v 11.03190057 41.79674515 -16.22714399
v 10.99223172 41.80529457 -16.41041738
v 10.97573686 41.81557911 -16.59712034
v 10.98267431 41.82743771 -16.78432903
v 11.01293543 41.84068467 -16.96911169
v 11.06604632 41.85511253 -17.14857454
v 11.14117524 41.87049534 -17.31990715
v 13.19677768 9.86414005 -17.99457712
v 13.13455606 9.87082045 -18.17155082
v 13.09488721 9.87936987 -18.35482421
v 13.07839235 9.88965442 -18.54152717
v 13.08532980 9.90151302 -18.72873586
v 13.11559092 9.91475998 -18.91351851
v 13.16870181 9.92918784 -19.09298137
v 13.24383073 9.94457065 -19.26431398
v 10.49904594 49.40984647 -15.75286065
v 10.43492537 49.40747018 -15.95035565
v 10.39857257 49.40774034 -16.15480557
v 10.39068423 49.41065177 -16.36229211
v 10.41141154 49.41614867 -16.56883880
v 10.60900532 46.87919517 -16.30074635
v 10.84858621 44.37295479 -16.87135315
v 10.89258660 43.07978161 -16.47118928
v 10.90133367 43.07513388 -16.37615009
v 10.07297661 53.24796905 -15.95182220
v -17.83806638 64.94046723 -0.29435365
v -19.44691631 41.79006474 -1.58270650
v -19.56906921 41.79674515 -1.44033415
v -19.70795420 41.80529457 -1.31434322
v -19.86139628 41.81557911 -1.20670677
v -20.02699248 41.82743771 -1.11911044
v -20.20214951 41.84068467 -1.05292601
v -20.38412435 41.85511253 -1.00918996
v -20.57006720 41.87049534 -0.98858721
v -22.18214976 9.86414005 -2.43145616
v -22.30430267 9.87082045 -2.28908381
v -22.44318765 9.87936987 -2.16309288
v -22.59662973 9.88965442 -2.05545643
v -22.76222593 9.90151302 -1.96786010
v -22.93738297 9.91475998 -1.90167567
v -23.11935781 9.92918784 -1.85793962
v -23.30530065 9.94457065 -1.83733686
v -18.89190048 49.40984647 -1.21601017
v -19.03087588 49.40747018 -1.06173263
v -19.18975830 49.40774034 -0.92802522
v -19.36550275 49.41065177 -0.81745045
v -19.55474108 49.41614867 -0.73212748
v -19.42136310 46.87919517 -1.03729494
v -20.03531353 44.37295479 -0.95947468
v -19.63282883 43.07513388 -1.25275685
v -19.71076165 43.07978161 -1.19766206
v -20.21287031 42.47811246 -1.01703156
v -18.85117157 53.24796905 -0.74754253
v -13.24679809 9.94511474 -19.27003882
v -13.17318365 9.93021979 -19.10507881
v -13.12003266 9.91620014 -18.93236178
v -13.08812119 9.90326049 -18.75440961
v -11.14414260 41.87103944 -17.32563200
v -11.07052816 41.85614448 -17.16067198
v -11.01737717 41.84212483 -16.98795495
v -10.98546570 41.82918518 -16.81000278
v -10.41141154 49.41614867 -16.56883880
v -10.39068423 49.41065177 -16.36229211
v -10.39857257 49.40774034 -16.15480557
v -10.43492537 49.40747018 -15.95035565
v -10.49904594 49.40984647 -15.75286065
v -10.80039831 44.35026718 -16.48143818
v -10.07297576 53.24797926 -15.95182165
v -9.17395133 64.94046323 -15.30104188
v 8.66411545 64.94046723 15.59539547
v 8.35279411 41.79006474 17.63287680
v 8.53716864 41.79674515 17.66747814
v 8.71572248 41.80529457 17.72476060
v 8.88565942 41.81557911 17.80382712
v 9.04431817 41.82743771 17.90343947
v 9.18921408 41.84068467 18.02203770
v 9.31807804 41.85511253 18.15776450
v 9.42889197 41.87049534 18.30849436
v 8.98537207 9.86414005 20.42603328
v 9.16974660 9.87082045 20.46063463
v 9.34830044 9.87936987 20.51791709
v 9.51823738 9.88965442 20.59698360
v 9.67689613 9.90151302 20.69659595
v 9.82179205 9.91475998 20.81519418
v 9.95065600 9.92918784 20.95092099
v 10.06146993 9.94457065 21.10165084
v 8.39285454 49.40984647 16.96887083
v 8.59595051 49.40747018 17.01208828
v 8.79118573 49.40774034 17.08283079
v 8.97481852 49.41065177 17.17974256
v 9.14332954 49.41614867 17.30096628
v 8.81235778 46.87919517 17.33804129
v 9.18672731 44.37295479 17.83082783
v 8.81817505 43.07978161 17.66885135
v 8.73149516 43.07513388 17.62890694
v 8.77819496 53.24796905 16.69936473
v -9.42889197 41.87049534 18.30849436
v -9.31807804 41.85511253 18.15776450
v -9.18921408 41.84068467 18.02203770
v -9.04431817 41.82743771 17.90343947
v -8.88565942 41.81557911 17.80382712
v -8.71572248 41.80529457 17.72476060
v -8.53716864 41.79674515 17.66747814
v -8.35279411 41.79006474 17.63287680
v -10.06146993 9.94457065 21.10165084
v -9.95065600 9.92918784 20.95092099
v -9.82179205 9.91475998 20.81519418
v -9.67689613 9.90151302 20.69659595
v -9.51823738 9.88965442 20.59698360
v -9.34830044 9.87936987 20.51791709
v -9.16974660 9.87082045 20.46063463
v -8.98537207 9.86414005 20.42603328
v -9.14332954 49.41614867 17.30096628
v -8.97481852 49.41065177 17.17974256
v -8.79118573 49.40774034 17.08283079
v -8.59595051 49.40747018 17.01208828
v -8.39285454 49.40984647 16.96887083
v -8.87314500 44.35026718 17.59413840
v -8.77819490 53.24797926 16.69936372
v -8.66411530 64.94046323 15.59539585
v 7.91160965 80.79274158 15.26306507
v 7.91160965 81.04567999 15.20872432
v 7.91160965 81.28948771 15.12218789
v 7.91160965 81.52008518 15.00490377
v 7.91160965 81.73361388 14.85883443
v 7.91160965 81.92650090 14.68642400
v 7.91160965 82.09551872 14.49055738
v 7.91160965 82.23783923 14.27451194
v 7.91160965 82.35108101 14.04190271
v 7.91160965 82.43334923 13.79662185
v 7.91160965 82.48326731 13.54277359
v 8.31053581 82.48326731 13.42932210
v 8.44411684 82.43334923 13.64518097
v 8.57318951 82.35108101 13.85375457
v 8.69559406 82.23783923 14.05155290
v 8.80928234 82.09551872 14.23526628
v 8.91235205 81.92650090 14.40182068
v 9.00307855 81.73361388 14.54842920
v 9.07994374 81.52008518 14.67263868
v 9.14166145 81.28948771 14.77237077
v 9.18719899 81.04567999 14.84595668
v 9.21579440 80.79274158 14.89216511
v 8.59793202 81.92693035 14.55753546
v 15.78540200 82.48326731 0.48247407
v 16.03913178 82.43334923 0.49022922
v 16.28429814 82.35108101 0.49772262
v 16.51679881 82.23783923 0.50482891
v 16.73274340 82.09551872 0.51142916
v 16.92851860 81.92650090 0.51741294
v 17.10084855 81.73361388 0.52268014
v 17.24684971 81.52008518 0.52714260
v 17.36407909 81.28948771 0.53072567
v 17.45057512 81.04567999 0.53336938
v 17.50489050 80.79274158 0.53502951
v 15.60631819 82.48326731 2.41961361
v 15.85716943 82.43334923 2.45850575
v 16.09955441 82.35108101 2.49608527
v 16.32941737 82.23783923 2.53172337
v 16.54291210 82.09551872 2.56482373
v 16.73646624 81.92650090 2.59483249
v 16.90684113 81.73361388 2.62124752
v 17.05118592 81.52008518 2.64362683
v 15.19042364 82.48326731 4.32003786
v 17.16708534 81.28948771 2.66159595
v 15.43458992 82.43334923 4.38947684
v 17.25260009 81.04567999 2.67485421
v 15.67051555 82.35108101 4.45657224
v 17.30629927 80.79274158 2.68317977
v 15.89425287 82.23783923 4.52020139
v 16.10205815 82.09551872 4.57929959
v 16.29045425 81.92650090 4.63287797
v 16.45628880 81.73361388 4.68004002
v 16.59678693 81.52008518 4.71999659
v 14.54402915 82.48326731 6.15490972
v 16.70959773 81.28948771 4.75207910
v 14.77780548 82.43334923 6.25384187
v 16.79283359 81.04567999 4.77575073
v 15.00369182 82.35108101 6.34943506
v 16.84510173 80.79274158 4.79061538
v 15.21790850 82.23783923 6.44008974
v 15.41687109 82.09551872 6.52428902
v 15.59725042 81.92650090 6.60062402
v 15.75602824 81.73361388 6.66781745
v 15.89054779 81.52008518 6.72474498
v 13.67694312 82.48326731 7.89638679
v 15.99855819 81.28948771 6.77045406
v 13.89678217 82.43334923 8.02331093
v 16.07825213 81.04567999 6.80417986
v 14.10920162 82.35108101 8.14595135
v 16.12829611 80.79274158 6.82535805
v 14.31064713 82.23783923 8.26225597
v 14.49774797 82.09551872 8.37027869
v 14.66737344 81.92650090 8.46821200
v 14.81668524 81.73361388 8.55441721
v 14.94318500 81.52008518 8.62745188
v 12.60232275 82.48326731 9.51804386
v 15.04475604 81.28948771 8.68609395
v 12.80488867 82.43334923 9.67103402
v 15.11969878 81.04567999 8.72936216
v 13.00061797 82.35108101 9.81886074
v 15.16675925 80.79274158 8.75653253
v 13.18623557 82.23783923 9.95905048
v 13.35863558 82.09551872 10.08925750
v 13.51493329 81.92650090 10.20730308
v 13.65251342 81.73361388 10.31121200
v 13.76907388 81.52008518 10.39924558
v 11.33647435 82.48326731 10.99527384
v 13.86266431 81.28948771 10.46993078
v 11.51869341 82.43334923 11.17200855
v 13.93171867 81.04567999 10.52208486
v 11.69476255 82.35108101 11.34277844
v 13.97508152 80.79274158 10.55483513
v 11.86173567 82.23783923 11.50472607
v 12.01681885 82.09551872 11.65514162
v 12.15741714 81.92650090 11.79150824
v 12.28117794 81.73361388 11.91154414
v 12.38603042 81.52008518 12.01324080
v 9.89860595 82.48326731 12.30566121
v 12.47022009 81.28948771 12.09489657
v 10.05771315 82.43334923 12.50345869
v 12.53233825 81.04567999 12.15514512
v 10.21145046 82.35108101 12.69458047
v 12.57134549 80.79274158 12.19297834
v 10.35724544 82.23783923 12.87582859
v 10.49265856 82.09551872 13.04417026
v 10.61542398 81.92650090 13.19678869
v 10.72348751 81.73361388 13.33113015
v 10.81504095 81.52008518 13.44494676
v 10.88855238 81.28948771 13.53633404
v 10.94279175 81.04567999 13.60376285
v 10.97685148 80.79274158 13.64610493
v -7.91160965 80.79274158 15.26306507
v -7.91160965 81.04567999 15.20872432
v -7.91160965 81.28948771 15.12218789
v -7.91160965 81.52008518 15.00490377
v -7.91160965 81.73361388 14.85883443
v -7.91160965 81.92650090 14.68642400
v -7.91160965 82.09551872 14.49055738
v -7.91160965 82.23783923 14.27451194
v -7.91160965 82.35108101 14.04190271
v -7.91160965 82.43334923 13.79662185
v -7.91160965 82.48326731 13.54277359
v 15.68419079 82.48326731 0.08026815
v 15.90402984 82.43334923 -0.04665598
v 16.11644929 82.35108101 -0.16929641
v 16.31789480 82.23783923 -0.28560103
v 16.50499564 82.09551872 -0.39362375
v 16.67462110 81.92650090 -0.49155706
v 16.82393291 81.73361388 -0.57776227
v 16.95043267 81.52008518 -0.65079694
v 17.05200370 81.28948771 -0.70943900
v 17.12694645 81.04567999 -0.75270722
v 17.17400692 80.79274158 -0.77987759
v 16.82065757 81.92693035 -0.17252665
v -9.21579440 80.79274158 14.89216511
v -9.18719899 81.04567999 14.84595668
v -9.14166145 81.28948771 14.77237077
v -9.07994374 81.52008518 14.67263868
v -9.00307855 81.73361388 14.54842920
v -8.91235205 81.92650090 14.40182068
v -8.80928234 82.09551872 14.23526628
v -8.69559406 82.23783923 14.05155290
v -8.57318951 82.35108101 13.85375457
v -8.44411684 82.43334923 13.64518097
v -8.31053581 82.48326731 13.42932210
v -8.26091633 81.92693035 14.65338009
v 7.77258114 82.48326731 -13.62304174
v 7.99242018 82.43334923 -13.74996587
v 8.20483964 82.35108101 -13.87260630
v 8.40628514 82.23783923 -13.98891092
v 8.59338598 82.09551872 -14.09693364
v 8.76301145 81.92650090 -14.19486695
v 8.91232326 81.73361388 -14.28107216
v 9.03882302 81.52008518 -14.35410683
v 9.14039405 81.28948771 -14.41274889
v 9.21533680 81.04567999 -14.45601711
v 9.26239726 80.79274158 -14.48318748
v -17.50489050 80.79274158 0.53502951
v -17.45057512 81.04567999 0.53336938
v -17.36407909 81.28948771 0.53072567
v -17.24684971 81.52008518 0.52714260
v -17.10084855 81.73361388 0.52268014
v -16.92851860 81.92650090 0.51741294
v -16.73274340 82.09551872 0.51142916
v -16.51679881 82.23783923 0.50482891
v -16.28429814 82.35108101 0.49772262
v -16.03913178 82.43334923 0.49022922
v -15.78540200 82.48326731 0.48247407
v -9.89860595 82.48326731 12.30566121
v -10.05771315 82.43334923 12.50345869
v -10.21145046 82.35108101 12.69458047
v -10.35724544 82.23783923 12.87582859
v -10.49265856 82.09551872 13.04417026
v -10.61542398 81.92650090 13.19678869
v -10.72348751 81.73361388 13.33113015
v -10.81504095 81.52008518 13.44494676
v -11.33647435 82.48326731 10.99527384
v -10.88855238 81.28948771 13.53633404
v -11.51869341 82.43334923 11.17200855
v -10.94279175 81.04567999 13.60376285
v -11.69476255 82.35108101 11.34277844
v -10.97685148 80.79274158 13.64610493
v -11.86173567 82.23783923 11.50472607
v -12.01681885 82.09551872 11.65514162
v -12.15741714 81.92650090 11.79150824
v -12.28117794 81.73361388 11.91154414
v -12.38603042 81.52008518 12.01324080
v -12.60232275 82.48326731 9.51804386
v -12.47022009 81.28948771 12.09489657
v -12.80488867 82.43334923 9.67103402
v -12.53233825 81.04567999 12.15514512
v -13.00061797 82.35108101 9.81886074
v -12.57134549 80.79274158 12.19297834
v -13.18623557 82.23783923 9.95905048
v -13.35863558 82.09551872 10.08925750
v -13.51493329 81.92650090 10.20730308
v -13.65251342 81.73361388 10.31121200
v -13.76907388 81.52008518 10.39924558
v -13.67694312 82.48326731 7.89638679
v -13.86266431 81.28948771 10.46993078
v -13.89678217 82.43334923 8.02331093
v -13.93171867 81.04567999 10.52208486
v -14.10920162 82.35108101 8.14595135
v -13.97508152 80.79274158 10.55483513
v -14.31064713 82.23783923 8.26225597
v -14.49774797 82.09551872 8.37027869
v -14.66737344 81.92650090 8.46821200
v -14.81668524 81.73361388 8.55441721
v -14.94318500 81.52008518 8.62745188
v -14.54402915 82.48326731 6.15490972
v -15.04475604 81.28948771 8.68609395
v -14.77780548 82.43334923 6.25384187
v -15.11969878 81.04567999 8.72936216
v -15.00369182 82.35108101 6.34943506
v -15.16675925 80.79274158 8.75653253
v -15.21790850 82.23783923 6.44008974
v -15.41687109 82.09551872 6.52428902
v -15.59725042 81.92650090 6.60062402
v -15.75602824 81.73361388 6.66781745
v -15.89054779 81.52008518 6.72474498
v -15.19042364 82.48326731 4.32003786
v -15.99855819 81.28948771 6.77045406
v -15.43458992 82.43334923 4.38947684
v -16.07825213 81.04567999 6.80417986
v -15.67051555 82.35108101 4.45657224
v -16.12829611 80.79274158 6.82535805
v -15.89425287 82.23783923 4.52020139
v -16.10205815 82.09551872 4.57929959
v -16.29045425 81.92650090 4.63287797
v -16.45628880 81.73361388 4.68004002
v -16.59678693 81.52008518 4.71999659
v -15.60631819 82.48326731 2.41961361
v -16.70959773 81.28948771 4.75207910
v -15.85716943 82.43334923 2.45850575
v -16.79283359 81.04567999 4.77575073
v -16.09955441 82.35108101 2.49608527
v -16.84510173 80.79274158 4.79061538
v -16.32941737 82.23783923 2.53172337
v -16.54291210 82.09551872 2.56482373
v -16.73646624 81.92650090 2.59483249
v -16.90684113 81.73361388 2.62124752
v -17.05118592 81.52008518 2.64362683
v -17.16708534 81.28948771 2.66159595
v -17.25260009 81.04567999 2.67485421
v -17.30629927 80.79274158 2.68317977
v 7.47486620 82.48326731 -13.91179618
v 7.59501493 82.43334923 -14.13541018
v 7.71110864 82.35108101 -14.35147719
v 7.82120475 82.23783923 -14.55638181
v 7.92346106 82.09551872 -14.74669544
v 8.01616654 81.92650090 -14.91923362
v 8.09777000 81.73361388 -15.07110933
v 8.16690597 81.52008518 -15.19978128
v 8.22241763 81.28948771 -15.30309643
v 8.26337613 81.04567999 -15.37932606
v 8.28909611 80.79274158 -15.42719462
v 8.30822952 81.92693035 -14.72479528
v -17.17400692 80.79274158 -0.77987759
v -17.12694645 81.04567999 -0.75270722
v -17.05200370 81.28948771 -0.70943900
v -16.95043267 81.52008518 -0.65079694
v -16.82393291 81.73361388 -0.57776227
v -16.67462110 81.92650090 -0.49155706
v -16.50499564 82.09551872 -0.39362375
v -16.31789480 82.23783923 -0.28560103
v -16.11644929 82.35108101 -0.16929641
v -15.90402984 82.43334923 -0.04665598
v -15.68419079 82.48326731 0.08026815
v -16.90616153 81.92693035 0.16725982
v 1.94170640 82.48326731 -15.67295358
v 1.97291680 82.43334923 -15.92487589
v 2.00307385 82.35108101 -16.16829580
v 2.03167293 82.23783923 -16.39914022
v 2.05823551 82.09551872 -16.61354652
v 2.08231713 81.92650090 -16.80792710
v 2.10351482 81.73361388 -16.97902944
v 2.12147391 81.52008518 -17.12399056
v 3.85394929 82.48326731 -15.31531170
v 2.13589388 81.28948771 -17.24038484
v 3.91589651 82.43334923 -15.56148539
v 2.14653345 81.04567999 -17.32626472
v 3.97575300 82.35108101 -15.79935068
v 2.15321459 80.79274158 -17.38019318
v 4.03251720 82.23783923 -16.02492746
v 4.08523930 82.09551872 -16.23444121
v 4.13303711 81.92650090 -16.42438621
v 4.17511085 81.73361388 -16.59158416
v 4.21075651 81.52008518 -16.73323739
v 5.70771224 82.48326731 -14.72527482
v 4.23937764 81.28948771 -16.84697568
v 5.79945628 82.43334923 -14.96196443
v 4.26049534 81.04567999 -16.93089585
v 5.88810395 82.35108101 -15.19066574
v 4.27375625 80.79274158 -16.98359372
v 5.97217193 82.23783923 -15.40755196
v 6.05025354 82.09551872 -15.60899400
v 6.12104227 81.92650090 -15.79162118
v 6.18335362 81.73361388 -15.95237768
v 6.23614497 81.52008518 -16.08857359
v 6.27853296 81.28948771 -16.19792999
v 6.30980835 81.04567999 -16.27861707
v 6.32944779 80.79274158 -16.32928470
v -9.26239726 80.79274158 -14.48318748
v -9.21533680 81.04567999 -14.45601711
v -9.14039405 81.28948771 -14.41274889
v -9.03882302 81.52008518 -14.35410683
v -8.91232326 81.73361388 -14.28107216
v -8.76301145 81.92650090 -14.19486695
v -8.59338598 82.09551872 -14.09693364
v -8.40628514 82.23783923 -13.98891092
v -8.20483964 82.35108101 -13.87260630
v -7.99242018 82.43334923 -13.74996587
v -7.77258114 82.48326731 -13.62304174
v -8.55974125 81.92693035 -14.48085344
v -11.86837328 9.70324335 24.92486834
v -11.81892447 9.45077059 24.94837724
v -11.74049670 9.20746177 24.98566329
v -11.63439853 8.97737652 25.03610437
v -11.50240023 8.76435383 25.09885887
v -11.34670418 8.57194801 25.17287973
v -11.16990820 8.40336936 25.25693189
v -10.97496215 8.26143062 25.34961294
v -10.76511871 8.14850007 25.44937649
v -10.54387914 8.06646195 25.55455798
v -10.31493484 8.01668509 25.66340244
v -15.54776898 8.01854103 27.37406711
v -15.41607207 8.07382037 27.14219590
v -15.28930488 8.16481307 26.91900417
v -15.16981781 8.28983203 26.70863013
v -15.05982628 8.44655928 26.51497432
v -14.96136963 8.63208892 26.34162733
v -14.87627335 8.84298105 26.19180319
v -14.80611523 9.07532552 26.06827980
v -14.75219606 9.32481440 25.97334740
v -13.99522505 8.44910250 26.84668459
v -10.98656712 8.09136332 26.12238251
v -11.07747732 8.13067393 26.05445280
v -11.21587343 8.12856961 26.23619870
v -11.98487200 9.29186789 25.33145439
v -12.01206387 9.16644590 25.45368534
v -12.01648897 9.40503837 25.30859569
v -12.04840795 9.27656682 25.42458587
v -13.13689469 8.11213507 27.40401641
v -13.36425201 8.11110231 27.44156378
v -13.59406003 8.11020304 27.46287745
v -13.82362113 8.10944704 27.46767486
v -14.05225539 8.10883440 27.45607970
v -14.25739703 8.10840515 27.43153227
v -13.45233841 9.00201701 26.36834024
v -13.57010857 8.99550891 26.38466436
v -13.68884294 8.98970949 26.39431196
v -13.80805729 8.98464388 26.39716767
v -13.92762063 8.98031830 26.39315232
v -14.03393623 8.97711563 26.38371868
v -14.11372495 8.97511039 26.37295529
v -11.68577366 8.53633197 25.77359692
v -12.16861477 8.50443452 26.27513305
v -11.83706639 8.12127396 26.82729405
v -12.27912572 8.49871815 26.35912470
v -11.90654244 8.12061353 26.87694174
v -12.00145402 8.11975004 26.94057792
v -12.43390399 8.49142009 26.46258490
v -12.19840145 8.11808973 27.05840288
v -12.55574746 8.48619150 26.53357192
v -12.27490638 8.11748917 27.09935125
v -12.35292511 8.11689965 27.13853489
v -12.68208512 8.48119220 26.59846135
v -12.40708030 9.09949769 25.88196598
v -12.49773090 9.08742343 25.95421556
v -12.54445522 9.08155429 25.98859139
v -12.60835703 9.07388378 26.03269973
v -12.70777012 9.06271170 26.09508281
v -12.75882786 9.05730821 26.12435899
v -12.81094476 9.05200806 26.15243760
v -13.32128180 8.46147515 26.80928507
v -12.91722356 9.04183888 26.20434253
v -10.14700933 9.82568851 21.27030178
v -10.11931172 9.59823577 21.28926927
v -10.06766489 9.36764818 21.32463734
v -9.99070576 9.13918326 21.37733942
v -9.88814596 8.91868834 21.44757299
v -9.76095327 8.71219771 21.53467532
v -9.61140222 8.52544533 21.63708879
v -9.44296580 8.36336618 21.75243508
v -9.26005326 8.22967208 21.87769470
v -9.06763424 8.12657592 22.00946442
v -8.87081439 8.05470593 22.14424785
v -8.67443431 8.01320856 22.27873012
v -8.98373519 9.81648506 20.43010230
v -9.16711002 9.80945444 20.46560558
v -9.34474534 9.80470582 20.52356578
v -9.51388297 9.80231294 20.60308293
v -9.67189667 9.80231294 20.70292237
v -9.81633293 9.80470582 20.82153384
v -9.94494905 9.80945444 20.95707567
v -10.05574798 9.81648506 21.10744324
v -9.59662838 9.83309133 20.64837850
v -9.59819477 9.86422341 20.64629811
v -31.48052201 8.01854103 -0.22227065
v -31.21386720 8.07382037 -0.22038791
v -30.95719390 8.16481307 -0.21857565
v -30.71526109 8.28983203 -0.21686747
v -30.49255448 8.44655928 -0.21529503
v -30.29320326 8.63208892 -0.21388749
v -30.12090361 8.84298105 -0.21267096
v -29.97885016 9.07532552 -0.21166798
v -29.86967670 9.32481440 -0.21089715
v -19.03208170 8.01854103 25.07693236
v -18.87087102 8.07382037 24.86451896
v -18.71569484 8.16481307 24.66005669
v -18.56943027 8.28983203 24.46733649
v -18.43478922 8.44655928 24.28993159
v -18.31426808 8.63208892 24.13113127
v -18.21010141 8.84298105 23.99387984
v -18.12422059 9.07532552 23.88072210
v -18.05821794 9.32481440 23.79375609
v -22.18192169 8.01854103 22.33909175
v -21.99403039 8.07382037 22.14986915
v -21.81317230 8.16481307 21.96772959
v -21.64270072 8.28983203 21.79605013
v -21.48577636 8.44655928 21.63801388
v -21.34530877 8.63208892 21.49655101
v -21.22390235 8.84298105 21.37428437
v -21.12380812 9.07532552 21.27348092
v -21.04688192 9.32481440 21.19600966
v -24.94193319 8.01854103 19.20866052
v -24.73066330 8.07382037 19.04595414
v -24.52730173 8.16481307 18.88933824
v -24.33561902 8.28983203 18.74171664
v -24.15916916 8.44655928 18.60582640
v -24.00122373 8.63208892 18.48418706
v -23.86471118 8.84298105 18.37905394
v -23.75216261 9.07532552 18.29237632
v -23.66566477 9.32481440 18.22576130
v -27.26361133 8.01854103 15.74065334
v -27.03267573 8.07382037 15.60732261
v -26.81038459 8.16481307 15.47898276
v -26.60085942 8.28983203 15.35801334
v -26.40798502 8.44655928 15.24665726
v -26.23533750 8.63208892 15.14697917
v -26.08611791 8.84298105 15.06082720
v -25.96309294 9.07532552 14.98979870
v -25.86854360 9.32481440 14.93521061
v -29.10615458 8.01854103 11.99601750
v -28.85961177 8.07382037 11.89440560
v -28.62229764 8.16481307 11.79659726
v -28.39861223 8.28983203 11.70440597
v -28.19270290 8.44655928 11.61954103
v -28.00838742 8.63208892 11.54357594
v -27.84908320 8.84298105 11.47791917
v -27.71774389 9.07532552 11.42378805
v -27.61680467 9.32481440 11.38218624
v -30.43718180 8.01854103 8.04056181
v -30.17936457 8.07382037 7.97245448
v -29.93119804 8.16481307 7.90689656
v -29.69728347 8.28983203 7.84510356
v -29.48195789 8.44655928 7.78822121
v -29.28921365 8.63208892 7.73730414
v -29.12262443 8.84298105 7.69329642
v -28.98527896 9.07532552 7.65701400
v -28.87972378 9.32481440 7.62912959
v -31.23330132 8.01854103 3.94380005
v -30.96874058 8.07382037 3.91039422
v -30.71408297 8.16481307 3.87823883
v -30.47405010 8.28983203 3.84793011
v -30.25309243 8.44655928 3.82002999
v -30.05530674 8.63208892 3.79505577
v -29.88436019 8.84298105 3.77347051
v -29.74342229 9.07532552 3.75567441
v -29.63510620 9.32481440 3.74199744
v -8.79223042 9.59823577 20.45076576
v -8.78246380 9.36764818 20.51259544
v -8.76791053 9.13918326 20.60472805
v -8.74851606 8.91868834 20.72750884
v -8.72446342 8.71219771 20.87977921
v -8.69618272 8.52544533 21.05881619
v -8.66433073 8.36336618 21.26046203
v -8.62974125 8.22967208 21.47943813
v -8.59335405 8.12657592 21.70979506
v -8.55613463 8.05470593 21.94542049
v -8.51899838 8.01320856 22.18051943
v -9.54753582 9.39411457 20.72478344
v -9.45817220 9.02304709 20.86621731
v -9.33477847 8.70452439 21.06150988
v -9.18685535 8.44554150 21.29562459
v -9.02241179 8.24770728 21.55588585
v -8.84748242 8.10902555 21.83274276
v -8.66648533 8.02709470 22.11920293
v -27.38262588 8.01668509 -3.89870561
v -27.40283596 8.06646195 -3.64601180
v -27.42236591 8.14850007 -3.40182197
v -27.44088986 8.26143062 -3.17021044
v -27.45809874 8.40336936 -2.95504168
v -27.47370542 8.57194801 -2.75990579
v -27.48744950 8.76435383 -2.58805864
v -27.49910167 8.97737652 -2.44236750
v -27.50846749 9.20746177 -2.32526325
v -27.51539071 9.45077059 -2.23869978
v -27.51975581 9.70324335 -2.18412141
v -30.99411060 8.10794893 -1.03690044
v -29.93126282 9.08524459 -0.62055499
v -29.96416721 8.97149222 -0.75779924
v -30.12883484 8.11340139 -2.50569524
v -29.90249945 9.08624524 -0.74151199
v -29.97639097 8.11455917 -2.64484066
v -29.81551044 8.11581340 -2.77402733
v -29.64629423 8.11716422 -2.89331054
v -29.09388701 8.49316544 -2.48443818
v -29.46973514 8.11860492 -3.00198922
v -29.28709100 8.12012645 -3.09929547
v -29.09978369 8.12171769 -3.18471631
v -28.90797972 8.12337813 -3.25833681
v -29.36782853 9.02028464 -1.73975242
v -29.27127096 9.02979545 -1.82425410
v -29.17105046 9.03991588 -1.90197887
v -29.05472997 9.05194503 -1.98129008
v -28.92043340 9.06618513 -2.06024054
v -28.78223785 9.08119870 -2.12901174
v -28.64141602 9.09685741 -2.18747252
v -28.49820743 9.11314217 -2.23593686
v -30.40542195 8.44530797 -0.87721855
v -30.14616534 8.45219905 -1.49397417
v -30.67975247 8.10956923 -1.79722026
v -29.74850987 8.98593391 -1.26825708
v -29.69017967 8.46857750 -2.06402950
v -28.66763044 8.51226359 -2.65948234
v 8.79223042 9.59823577 20.45076576
v 8.78246380 9.36764818 20.51259544
v 8.76791053 9.13918326 20.60472805
v 8.74851606 8.91868834 20.72750884
v 8.72446342 8.71219771 20.87977921
v 8.69618272 8.52544533 21.05881619
v 8.66433073 8.36336618 21.26046203
v 8.62974125 8.22967208 21.47943813
v 8.59335405 8.12657592 21.70979506
v 8.55613463 8.05470593 21.94542049
v 8.51899838 8.01320856 22.18051943
v -23.49412635 9.82568851 -1.84758303
v -23.30745605 9.81648506 -1.84518841
v -23.12183444 9.80945444 -1.86595932
v -22.94014372 9.80470582 -1.90957323
v -22.76520504 9.80231294 -1.97535296
v -22.59973470 9.80231294 -2.06227712
v -22.44630201 9.80470582 -2.16899603
v -22.30728935 9.80945444 -2.29385263
v -22.18485519 9.81648506 -2.43490825
v -22.67931604 9.86422341 -2.01086856
v -22.68033451 9.83309133 -2.01326528
v -23.63116341 8.01320856 -3.62708458
v -23.61288838 8.05470593 -3.38977331
v -23.59457243 8.12657592 -3.15193061
v -23.57666602 8.22967208 -2.91940598
v -23.55964427 8.36336618 -2.69836927
v -23.54396967 8.52544533 -2.49482591
v -23.53005253 8.71219771 -2.31410416
v -23.51821604 8.91868834 -2.16040089
v -23.50867188 9.13918326 -2.03646472
v -23.50151011 9.36764818 -1.94346512
v -23.49670388 9.59823577 -1.88105361
v 10.14700933 9.82568851 21.27030178
v 10.11931172 9.59823577 21.28926927
v 10.06766489 9.36764818 21.32463734
v 9.99070576 9.13918326 21.37733942
v 9.88814596 8.91868834 21.44757299
v 9.76095327 8.71219771 21.53467532
v 9.61140222 8.52544533 21.63708879
v 9.44296580 8.36336618 21.75243508
v 9.26005326 8.22967208 21.87769470
v 9.06763424 8.12657592 22.00946442
v 8.87081439 8.05470593 22.14424785
v 8.67443431 8.01320856 22.27873012
v 8.98373519 9.81648506 20.43010230
v 9.16711002 9.80945444 20.46560558
v 9.34474534 9.80470582 20.52356578
v 9.51388297 9.80231294 20.60308293
v 9.67189667 9.80231294 20.70292237
v 9.81633293 9.80470582 20.82153384
v 9.94494905 9.80945444 20.95707567
v 10.05574798 9.81648506 21.10744324
v 8.66648533 8.02709470 22.11920293
v 8.84748242 8.10902555 21.83274276
v 9.02241179 8.24770728 21.55588585
v 9.18685535 8.44554150 21.29562459
v 9.33477847 8.70452439 21.06150988
v 9.45817220 9.02304709 20.86621731
v 9.54753582 9.39411457 20.72478344
v 9.59819477 9.86422341 20.64629811
v 9.59662838 9.83309133 20.64837850
v -23.46839249 8.01320856 -3.71259070
v -23.28335895 8.05470593 -3.56288029
v -23.09791105 8.12657592 -3.41283462
v -22.91660970 8.22967208 -3.26614392
v -22.74426558 8.36336618 -3.12670049
v -22.58556116 8.52544533 -2.99829294
v -22.44465093 8.71219771 -2.88428265
v -22.32480724 8.91868834 -2.78731726
v -22.22817320 9.13918326 -2.70913077
v -22.15566065 9.36764818 -2.65046096
v -22.10699789 9.59823577 -2.61108798
v -23.48903431 8.02709470 -3.55420501
v -23.33145108 8.10902555 -3.25422685
v -23.17915064 8.24770728 -2.96430511
v -23.03597956 8.44554150 -2.69176218
v -22.90719183 8.70452439 -2.44659964
v -22.79976037 9.02304709 -2.24209126
v -22.72195686 9.39411457 -2.09398316
v 11.86837328 9.70324335 24.92486834
v 11.81892447 9.45077059 24.94837724
v 11.74049670 9.20746177 24.98566329
v 11.63439853 8.97737652 25.03610437
v 11.50240023 8.76435383 25.09885887
v 11.34670418 8.57194801 25.17287973
v 11.16990820 8.40336936 25.25693189
v 10.97496215 8.26143062 25.34961294
v 10.76511871 8.14850007 25.44937649
v 10.54387914 8.06646195 25.55455798
v 10.31493484 8.01668509 25.66340244
v -14.94939410 8.01320856 -18.46792873
v -14.72722432 8.05470593 -18.38254019
v -14.50455701 8.12657592 -18.29696044
v -14.28686846 8.22967208 -18.21329421
v -14.07993485 8.36336618 -18.13376153
v -13.88937843 8.52544533 -18.06052325
v -13.72018751 8.71219771 -17.99549656
v -13.57629118 8.91868834 -17.94019157
v -13.46026267 9.13918326 -17.89559728
v -13.37319685 9.36764818 -17.86213448
v -13.31476746 9.59823577 -17.83967778
v 14.75219606 9.32481440 25.97334740
v 14.80611523 9.07532552 26.06827980
v 14.87627335 8.84298105 26.19180319
v 14.96136963 8.63208892 26.34162733
v 15.05982628 8.44655928 26.51497432
v 15.16981781 8.28983203 26.70863013
v 15.28930488 8.16481307 26.91900417
v 15.41607207 8.07382037 27.14219590
v 15.54776898 8.01854103 27.37406711
v 14.42821501 9.08524477 26.23151137
v 14.32581019 8.97149251 26.32862945
v 13.77926311 8.45219928 26.85433182
v 12.89442169 8.11340139 27.34518398
v 14.30908149 9.08624554 26.26707999
v 12.69769628 8.11455917 27.28273642
v 12.50537708 8.11581340 27.20800313
v 12.31746668 8.11716422 27.12109920
v 12.39535693 8.49316544 26.43826433
v 12.13506864 8.11860492 27.02253388
v 11.95947688 8.12012645 26.91301254
v 11.79184662 8.12171769 26.79351008
v 11.63218741 8.12337813 26.66421322
v 13.17724454 9.02028495 26.30316161
v 13.05578516 9.02979574 26.26179117
v 12.93836330 9.03991614 26.21386006
v 12.81151744 9.05194503 26.15277929
v 12.67599607 9.06618517 26.07595026
v 12.54734068 9.08119870 25.99065502
v 12.42630124 9.09685741 25.89793013
v 12.31272559 9.11314217 25.79814002
v 14.19525867 8.10852352 27.44038453
v 13.98937047 8.10898930 27.46090872
v 13.78343785 8.10956929 27.46805499
v 13.77591212 8.98593436 26.39709355
v 13.05758791 8.46857762 26.74446446
v 12.03063596 8.51226359 26.15663740
v -13.34711702 9.82568851 -19.42271874
v -13.20112000 9.81648506 -17.99519405
v -13.14017933 9.80945444 -18.17175295
v -13.10155667 9.80470582 -18.35456975
v -13.08585173 9.80231294 -18.54080581
v -13.09330837 9.80231294 -18.72756940
v -13.12381079 9.80470582 -18.91196061
v -13.17688539 9.80945444 -19.09111635
v -13.25170806 9.81648506 -19.26225483
v -13.08370614 9.83309133 -18.63511321
v -13.08112128 9.86422341 -18.63542956
v -14.95672909 8.01320856 -18.65164554
v -14.74207399 8.05470593 -18.75447454
v -14.52693819 8.12657592 -18.85753381
v -14.31661275 8.22967208 -18.95828872
v -14.11667848 8.36336618 -19.05406581
v -13.93256745 8.52544533 -19.14226288
v -13.76909925 8.71219771 -19.22057116
v -13.63007008 8.91868834 -19.28717210
v -13.51796612 9.13918326 -19.34087470
v -13.43384522 9.36764818 -19.38117222
v -13.37739215 9.59823577 -19.40821566
v -13.17442104 9.39411457 -18.63080029
v -13.34158818 9.02304709 -18.62412605
v -13.57241336 8.70452439 -18.61491023
v -13.84912421 8.44554150 -18.60386241
v -14.15673885 8.24770728 -18.59158073
v -14.48396866 8.10902555 -18.57851591
v -14.82254898 8.02709470 -18.56499792
v 29.86967670 9.32481440 -0.21089715
v 29.97885016 9.07532552 -0.21166798
v 30.12090361 8.84298105 -0.21267096
v 30.29320326 8.63208892 -0.21388749
v 30.49255448 8.44655928 -0.21529503
v 30.71526109 8.28983203 -0.21686747
v 30.95719390 8.16481307 -0.21857565
v 31.21386720 8.07382037 -0.22038791
v 31.48052201 8.01854103 -0.22227065
v 31.23330132 8.01854103 3.94380005
v 30.96874058 8.07382037 3.91039422
v 30.71408297 8.16481307 3.87823883
v 30.47405010 8.28983203 3.84793011
v 30.25309243 8.44655928 3.82002999
v 30.05530674 8.63208892 3.79505577
v 29.88436019 8.84298105 3.77347051
v 29.74342229 9.07532552 3.75567441
v 29.63510620 9.32481440 3.74199744
v 30.43718180 8.01854103 8.04056181
v 30.17936457 8.07382037 7.97245448
v 29.93119804 8.16481307 7.90689656
v 29.69728347 8.28983203 7.84510356
v 29.48195789 8.44655928 7.78822121
v 29.28921365 8.63208892 7.73730414
v 29.12262443 8.84298105 7.69329642
v 28.98527896 9.07532552 7.65701400
v 28.87972378 9.32481440 7.62912959
v 29.10615458 8.01854103 11.99601750
v 28.85961177 8.07382037 11.89440560
v 28.62229764 8.16481307 11.79659726
v 28.39861223 8.28983203 11.70440597
v 28.19270290 8.44655928 11.61954103
v 28.00838742 8.63208892 11.54357594
v 27.84908320 8.84298105 11.47791917
v 27.71774389 9.07532552 11.42378805
v 27.61680467 9.32481440 11.38218624
v 27.26361133 8.01854103 15.74065334
v 27.03267573 8.07382037 15.60732261
v 26.81038459 8.16481307 15.47898276
v 26.60085942 8.28983203 15.35801334
v 26.40798502 8.44655928 15.24665726
v 26.23533750 8.63208892 15.14697917
v 26.08611791 8.84298105 15.06082720
v 25.96309294 9.07532552 14.98979870
v 25.86854360 9.32481440 14.93521061
v 24.94193319 8.01854103 19.20866052
v 24.73066330 8.07382037 19.04595414
v 24.52730173 8.16481307 18.88933824
v 24.33561902 8.28983203 18.74171664
v 24.15916916 8.44655928 18.60582640
v 24.00122373 8.63208892 18.48418706
v 23.86471118 8.84298105 18.37905394
v 23.75216261 9.07532552 18.29237632
v 23.66566477 9.32481440 18.22576130
v 22.18192169 8.01854103 22.33909175
v 21.99403039 8.07382037 22.14986915
v 21.81317230 8.16481307 21.96772959
v 21.64270072 8.28983203 21.79605013
v 21.48577636 8.44655928 21.63801388
v 21.34530877 8.63208892 21.49655101
v 21.22390235 8.84298105 21.37428437
v 21.12380812 9.07532552 21.27348092
v 21.04688192 9.32481440 21.19600966
v 19.03208170 8.01854103 25.07693236
v 18.87087102 8.07382037 24.86451896
v 18.71569484 8.16481307 24.66005669
v 18.56943027 8.28983203 24.46733649
v 18.43478922 8.44655928 24.28993159
v 18.31426808 8.63208892 24.13113127
v 18.21010141 8.84298105 23.99387984
v 18.12422059 9.07532552 23.88072210
v 18.05821794 9.32481440 23.79375609
v -17.06769104 8.01668509 -21.76469683
v -16.85895682 8.06646195 -21.90854618
v -16.65724720 8.14850007 -22.04755452
v -16.46592771 8.26143062 -22.17940250
v -16.28819053 8.40336936 -22.30189021
v -16.12700124 8.57194801 -22.41297393
v -15.98504928 8.76435383 -22.51080024
v -15.86470313 8.97737652 -22.59373687
v -15.76797079 9.20746177 -22.66040004
v -15.69646624 9.45077059 -22.70967746
v -15.65138253 9.70324335 -22.74074693
v 27.51975581 9.70324335 -2.18412141
v 27.51539071 9.45077059 -2.23869978
v 27.50846749 9.20746177 -2.32526325
v 27.49910167 8.97737652 -2.44236750
v 27.48744950 8.76435383 -2.58805864
v 27.47370542 8.57194801 -2.75990579
v 27.45809874 8.40336936 -2.95504168
v 27.44088986 8.26143062 -3.17021044
v 27.42236591 8.14850007 -3.40182197
v 27.40283596 8.06646195 -3.64601180
v 27.38262588 8.01668509 -3.89870561
v 30.24752339 8.44910250 -1.30312187
v 28.10255666 8.13067393 -3.43384963
v 28.32915129 8.12856961 -3.40486803
v 27.93011901 9.29186789 -2.28652358
v 28.04957006 9.16644590 -2.32409020
v 27.92613128 9.40503837 -2.24771313
v 28.04254122 9.27656682 -2.27806557
v 30.30102172 8.11213507 -2.32512367
v 30.44721736 8.11110231 -2.14700015
v 30.58057955 8.11020304 -1.95863740
v 30.69951478 8.10944704 -1.76223036
v 30.80379020 8.10883440 -1.55842970
v 30.88510233 8.10840515 -1.36849811
v 29.56182171 9.00201701 -1.53410332
v 29.63484389 8.99550891 -1.44027343
v 29.70256611 8.98970956 -1.34227022
v 29.76464657 8.98464358 -1.24045555
v 29.82095074 8.98031823 -1.13490290
v 29.86593879 8.97711552 -1.03811407
v 29.89651173 8.97511038 -0.96363329
v 28.16347651 8.53633197 -2.76662161
v 28.83924009 8.50443452 -2.59923700
v 29.15165135 8.12127396 -3.16244682
v 28.96723447 8.49871815 -2.54552754
v 29.22938554 8.12061353 -3.12710265
v 29.33195188 8.11975004 -3.07672489
v 29.13422277 8.49142009 -2.46321573
v 29.53246501 8.11808973 -2.96507590
v 29.25662104 8.48619156 -2.39318961
v 29.60617978 8.11748919 -2.91929483
v 29.67912320 8.11689965 -2.87132049
v 29.37598579 8.48119220 -2.31622279
v 28.61798018 9.09949769 -2.19613627
v 28.72587546 9.08742343 -2.15375533
v 28.77900797 9.08155429 -2.13047880
v 28.84915781 9.07388378 -2.09719238
v 28.95288967 9.06271179 -2.04228960
v 29.00377245 9.05730834 -2.01271037
v 29.05414769 9.05200815 -1.98161514
v 29.87816283 8.46147516 -1.86807408
v 29.15223810 9.04183889 -1.91552751
v -15.93275303 8.01854103 -27.15179646
v -15.79779513 8.07382037 -26.92180799
v -15.66788901 8.16481307 -26.70042852
v -15.54544328 8.28983203 -26.49176266
v -15.43272820 8.44655928 -26.29967929
v -15.33183363 8.63208892 -26.12773984
v -15.24463026 8.84298105 -25.97913223
v -15.17273493 9.07532552 -25.85661182
v -15.11748064 9.32481440 -25.76245025
v -16.25229834 8.44910250 -25.54356272
v -17.12936330 8.09136332 -22.57583748
v -17.02507935 8.13067393 -22.62060316
v -17.11327786 8.12856961 -22.83133067
v -15.94524701 9.29186789 -23.04493081
v -16.03750619 9.16644590 -23.12959514
v -15.90964232 9.40503837 -23.06088255
v -15.99413327 9.27656682 -23.14652029
v -17.16412703 8.11213507 -25.07889273
v -17.08296535 8.11110231 -25.29456363
v -16.98651952 8.11020304 -25.50424005
v -16.87589365 8.10944704 -25.70544451
v -16.75153482 8.10883440 -25.89765000
v -16.62770529 8.10840515 -26.06303416
v -16.10948330 9.00201701 -24.83423692
v -16.06473532 8.99550891 -24.94439094
v -16.01372317 8.98970955 -25.05204171
v -15.95658929 8.98464361 -25.15671229
v -15.89333012 8.98031822 -25.25824946
v -15.83200261 8.97711540 -25.34560471
v -15.78278678 8.97511038 -25.40932200
v -16.47770285 8.53633197 -23.00697531
v -16.67062532 8.50443452 -23.67589605
v -17.31458496 8.12127396 -23.66484722
v -16.68810875 8.49871815 -23.81359716
v -17.32284310 8.12061353 -23.74983909
v -17.33049786 8.11975004 -23.86385302
v -16.70031878 8.49142009 -23.99936918
v -17.33406356 8.11808973 -24.09332698
v -16.70087349 8.48619159 -24.14038224
v -17.33127336 8.11748919 -24.18005639
v -17.32619808 8.11689965 -24.26721441
v -16.69390068 8.48119220 -24.28223856
v -16.21089989 9.09949769 -23.68582971
v -16.22814456 9.08742343 -23.80046023
v -16.23455275 9.08155429 -23.85811259
v -16.24080078 9.07388378 -23.93550736
v -16.24511950 9.06271182 -24.05279317
v -16.24494451 9.05730839 -24.11164857
v -16.24320289 9.05200818 -24.17082242
v -16.55688103 8.46147515 -24.94121099
v -16.23501454 9.04183888 -24.28881501
v 23.49412635 9.82568851 -1.84758303
v 23.49670388 9.59823577 -1.88105361
v 23.50151011 9.36764818 -1.94346512
v 23.50867188 9.13918326 -2.03646472
v 23.51821604 8.91868834 -2.16040089
v 23.53005253 8.71219771 -2.31410416
v 23.54396967 8.52544533 -2.49482591
v 23.55964427 8.36336618 -2.69836927
v 23.57666602 8.22967208 -2.91940598
v 23.59457243 8.12657592 -3.15193061
v 23.61288838 8.05470593 -3.38977331
v 23.63116341 8.01320856 -3.62708458
v 22.18485519 9.81648506 -2.43490825
v 22.30728935 9.80945444 -2.29385263
v 22.44630201 9.80470582 -2.16899603
v 22.59973470 9.80231294 -2.06227712
v 22.76520504 9.80231294 -1.97535296
v 22.94014372 9.80470582 -1.90957323
v 23.12183444 9.80945444 -1.86595932
v 23.30745605 9.81648506 -1.84518841
v 22.68033451 9.83309133 -2.01326528
v 22.67931604 9.86422341 -2.01086856
v -12.20121963 8.01854103 -29.02073242
v -12.09786956 8.07382037 -28.77491318
v -11.99838813 8.16481307 -28.53829552
v -11.90461983 8.28983203 -28.31526660
v -11.81830320 8.44655928 -28.10996158
v -11.74103867 8.63208892 -27.92618704
v -11.67425877 8.84298105 -27.76735035
v -11.61920170 9.07532552 -27.63639651
v -11.57688826 9.32481440 -27.53575353
v -8.25526011 8.01854103 -30.37965357
v -8.18533418 8.07382037 -30.12232363
v -8.11802574 8.16481307 -29.87462615
v -8.05458276 8.28983203 -29.64115369
v -7.99618153 8.44655928 -29.42623509
v -7.94390488 8.63208892 -29.23385515
v -7.89872207 8.84298105 -29.06758079
v -7.86147084 9.07532552 -28.93049492
v -7.83284186 9.32481440 -28.82513924
v -4.16422139 8.01854103 -31.20467802
v -4.12894848 8.07382037 -30.94035974
v -4.09499591 8.16481307 -30.68593550
v -4.06299321 8.28983203 -30.44612261
v -4.03353374 8.44655928 -30.22536743
v -4.00716370 8.63208892 -30.02776300
v -3.98437202 8.84298105 -29.85697311
v -3.96558129 9.07532552 -29.71616437
v -3.95113990 9.32481440 -29.60794754
v 22.10699789 9.59823577 -2.61108798
v 22.15566065 9.36764818 -2.65046096
v 22.22817320 9.13918326 -2.70913077
v 22.32480724 8.91868834 -2.78731726
v 22.44465093 8.71219771 -2.88428265
v 22.58556116 8.52544533 -2.99829294
v 22.74426558 8.36336618 -3.12670049
v 22.91660970 8.22967208 -3.26614392
v 23.09791105 8.12657592 -3.41283462
v 23.28335895 8.05470593 -3.56288029
v 23.46839249 8.01320856 -3.71259070
v 22.72195686 9.39411457 -2.09398316
v 22.79976037 9.02304709 -2.24209126
v 22.90719183 8.70452439 -2.44659964
v 23.03597956 8.44554150 -2.69176218
v 23.17915064 8.24770728 -2.96430511
v 23.33145108 8.10902555 -3.25422685
v 23.48903431 8.02709470 -3.55420501
v 17.06769104 8.01668509 -21.76469683
v 16.85895682 8.06646195 -21.90854618
v 16.65724720 8.14850007 -22.04755452
v 16.46592771 8.26143062 -22.17940250
v 16.28819053 8.40336936 -22.30189021
v 16.12700124 8.57194801 -22.41297393
v 15.98504928 8.76435383 -22.51080024
v 15.86470313 8.97737652 -22.59373687
v 15.76797079 9.20746177 -22.66040004
v 15.69646624 9.45077059 -22.70967746
v 15.65138253 9.70324335 -22.74074693
v 16.39503742 8.10794893 -26.32323693
v 15.50304784 9.08524448 -25.61095651
v 15.63835700 8.97149220 -25.57083039
v 17.23441315 8.11340139 -24.83948874
v 15.59341795 9.08624523 -25.52556817
v 17.27869468 8.11455917 -24.63789576
v 17.31013336 8.11581340 -24.43397580
v 17.32882754 8.11716422 -24.22778866
v 16.69853008 8.49316544 -23.95382615
v 17.33466649 8.11860492 -24.02054466
v 17.32761411 8.12012645 -23.81371707
v 17.30793707 8.12171769 -23.60879377
v 17.27579231 8.12337813 -23.40587641
v 16.19058407 9.02028463 -24.56340935
v 16.21548583 9.02979553 -24.43753720
v 16.23268715 9.03991606 -24.31188133
v 16.24321253 9.05194503 -24.17148921
v 16.24443716 9.06618547 -24.01570979
v 16.23489718 9.08119870 -23.86164329
v 16.21511478 9.09685741 -23.71045761
v 16.18548183 9.11314217 -23.56220317
v 15.96240453 8.44530796 -25.89325855
v 16.36690227 8.45219904 -25.36035793
v 16.89631465 8.10956923 -25.67083490
v 15.97259780 8.98593389 -25.12883674
v 16.63259183 8.46857749 -24.68043509
v 16.63699448 8.51226359 -23.49715506
v 13.31476746 9.59823577 -17.83967778
v 13.37319685 9.36764818 -17.86213448
v 13.46026267 9.13918326 -17.89559728
v 13.57629118 8.91868834 -17.94019157
v 13.72018751 8.71219771 -17.99549656
v 13.88937843 8.52544533 -18.06052325
v 14.07993485 8.36336618 -18.13376153
v 14.28686846 8.22967208 -18.21329421
v 14.50455701 8.12657592 -18.29696044
v 14.72722432 8.05470593 -18.38254019
v 14.94939410 8.01320856 -18.46792873
v 13.34711702 9.82568851 -19.42271874
v 14.95672909 8.01320856 -18.65164554
v 14.74207399 8.05470593 -18.75447454
v 14.52693819 8.12657592 -18.85753381
v 14.31661275 8.22967208 -18.95828872
v 14.11667848 8.36336618 -19.05406581
v 13.93256745 8.52544533 -19.14226288
v 13.76909925 8.71219771 -19.22057116
v 13.63007008 8.91868834 -19.28717210
v 13.51796612 9.13918326 -19.34087470
v 13.43384522 9.36764818 -19.38117222
v 13.37739215 9.59823577 -19.40821566
v 13.20112000 9.81648506 -17.99519405
v 13.14017933 9.80945444 -18.17175295
v 13.10155667 9.80470582 -18.35456975
v 13.08585173 9.80231294 -18.54080581
v 13.09330837 9.80231294 -18.72756940
v 13.12381079 9.80470582 -18.91196061
v 13.17688539 9.80945444 -19.09111635
v 13.25170806 9.81648506 -19.26225483
v 14.82254898 8.02709470 -18.56499792
v 14.48396866 8.10902555 -18.57851591
v 14.15673885 8.24770728 -18.59158073
v 13.84912421 8.44554150 -18.60386241
v 13.57241336 8.70452439 -18.61491023
v 13.34158818 9.02304709 -18.62412605
v 13.17442104 9.39411457 -18.63080029
v 13.08112128 9.86422341 -18.63542956
v 13.08370614 9.83309133 -18.63511321
v 39.78272365 1.30858617 -3.94210756
v 39.70772105 1.30858085 -4.17780804
v 36.56439765 7.01715637 -2.91073766
v 36.48813184 7.01715637 -3.15903488
v 37.60427288 5.11670656 -3.37442401
v 23.47194890 1.30858074 -32.29899022
v 23.30532707 1.30858608 -32.48179530
v 20.97987038 7.01715637 -30.02013167
v 20.80297158 7.01715637 -30.21032841
v 22.55680851 3.21374578 -31.63727500
v 36.25895132 7.21752286 -3.32406207
v 36.10956789 7.41421356 -3.23781551
v 35.93922875 7.58670668 -3.13947016
v 35.75084843 7.73205081 -3.03070873
v 35.54765017 7.84775907 -2.91339216
v 35.33311076 7.93185165 -2.78952777
v 35.11090102 7.98288972 -2.66123492
v 19.86014756 7.98288972 -29.07631477
v 20.08235730 7.93185165 -29.20460762
v 20.29689671 7.84775907 -29.32847201
v 20.50009496 7.73205081 -29.44578858
v 20.68847528 7.58670668 -29.55455001
v 20.85881443 7.41421356 -29.65289536
v 21.00819785 7.21752286 -29.73914192
v 36.46737090 7.21752286 -2.64551418
v 36.29532989 7.41421356 -2.63303352
v 36.09915472 7.58670668 -2.61880205
v 35.88220200 7.73205081 -2.60306328
v 35.64818384 7.84775907 -2.58608650
v 35.40110437 7.93185165 -2.56816220
v 35.14519118 7.98288972 -2.54959706
v 35.56602964 7.85055954 -2.86445554
v 35.88090425 7.67255902 -2.98936818
v 36.16577361 7.43918851 -3.06727374
v 35.88090425 7.72740995 -2.68523074
v 36.41205651 7.16497711 -3.08783189
v 36.16577361 7.51157170 -2.80331938
v 36.41205651 7.24536264 -2.87221975
v 19.78061141 7.98288972 -29.16182986
v 19.92464589 7.93185165 -29.37417461
v 20.06370853 7.84775907 -29.57918955
v 20.19541993 7.73205081 -29.77336683
v 20.31752646 7.58670668 -29.95338402
v 20.42793886 7.41421356 -30.11616097
v 20.52476794 7.21752286 -30.25891252
v 20.60839382 7.13227636 -30.27569176
v 20.60839382 7.36560675 -30.03473782
v 20.29958196 7.74820443 -29.65351346
v 20.88924310 7.11858447 -30.02898208
v 20.60839382 7.54857699 -29.75362616
v 20.88924310 7.30500929 -29.79519433
v 15.94260297 7.21752286 32.90442670
v 15.86739103 7.41421356 32.74919449
v 15.78162826 7.58670668 32.57218607
v 15.68678207 7.73205081 32.37643011
v 15.58447531 7.84775907 32.16527606
v 15.47645848 7.93185165 31.94233681
v 15.36457977 7.98288972 31.71142691
v 35.17407708 7.98288972 2.11405057
v 35.43020060 7.93185165 2.12944424
v 35.67748315 7.84775907 2.14430654
v 35.91169365 7.73205081 2.15838318
v 36.12882469 7.58670668 2.17143330
v 36.32516110 7.41421356 2.18323362
v 36.49734351 7.21752286 2.19358221
v 34.58682295 7.98288972 6.74066663
v 34.83867032 7.93185165 6.78974946
v 35.08182433 7.84775907 6.83713803
v 35.31212453 7.73205081 6.88202151
v 35.52563042 7.58670668 6.92363192
v 35.71868887 7.41421356 6.96125731
v 35.88799658 7.21752286 6.99425389
v 33.39371564 7.98288972 11.24920725
v 33.63687529 7.93185165 11.33111947
v 33.87164145 7.84775907 11.41020421
v 34.09399721 7.73205081 11.48510830
v 34.30013801 7.58670668 11.55455012
v 34.48653671 7.41421356 11.61734151
v 34.65000398 7.21752286 11.67240807
v 31.61565468 7.98288972 15.56069688
v 31.84586720 7.93185165 15.67400363
v 32.06813315 7.84775907 15.78339922
v 32.27864949 7.73205081 15.88701185
v 32.47381424 7.58670668 15.98306868
v 32.65028807 7.41421356 16.06992615
v 32.80505147 7.21752286 16.14609810
v 29.28378614 7.98288972 19.59961167
v 29.49701893 7.93185165 19.74232818
v 29.70289126 7.84775907 19.88011835
v 29.89788060 7.73205081 20.01062454
v 30.07865062 7.58670668 20.13161375
v 30.24210832 7.41421356 20.24101584
v 30.38545686 7.21752286 20.33695889
v 26.43895708 7.98288972 23.29520245
v 26.63147496 7.93185165 23.46482877
v 26.81734743 7.84775907 23.62859986
v 26.99339416 7.73205081 23.78371355
v 27.15660294 7.58670668 23.92751580
v 27.30418122 7.41421356 24.05754612
v 27.43360390 7.21752286 24.17157965
v 23.13100002 7.98288972 26.58273399
v 23.29943068 7.93185165 26.77629880
v 23.46204739 7.84775907 26.96318206
v 23.61606772 7.73205081 27.14018615
v 23.75885634 7.58670668 27.30428247
v 23.88797011 7.41421356 27.45266329
v 24.00119984 7.21752286 27.58278978
v 19.41786004 7.98288972 29.40461902
v 19.55925311 7.93185165 29.61873167
v 19.69576551 7.84775907 29.82545348
v 19.82506149 7.73205081 30.02124740
v 19.94492875 7.58670668 30.20276333
v 20.05331632 7.41421356 30.36689550
v 20.14836967 7.21752286 30.51083554
v 16.23577160 1.30858074 36.47679913
v 16.47739635 1.30858608 36.42390294
v 15.50826146 7.01715637 33.17916655
v 15.76142607 7.01715637 33.12106607
v 16.12027960 3.21374578 35.35340670
v -23.30532712 1.30858617 -32.48179553
v -23.47194842 1.30858085 -32.29899114
v -20.80297158 7.01715637 -30.21032841
v -20.97987038 7.01715637 -30.02013167
v -21.72447335 5.11670656 -30.87904360
v 4.19049240 7.98288972 -34.98749322
v 4.22100588 7.93185165 -35.24225811
v 4.25046609 7.84775907 -35.48822893
v 4.27836895 7.73205081 -35.72119704
v 4.30423703 7.58670668 -35.93717629
v 4.32762773 7.41421356 -36.13247121
v 4.34814082 7.21752286 -36.30374027
v 8.32151075 7.98288972 -34.24087276
v 8.38210465 7.93185165 -34.49020106
v 8.44060695 7.84775907 -34.73092295
v 8.49601665 7.73205081 -34.95891960
v 8.54738569 7.58670668 -35.17028993
v 8.59383511 7.41421356 -35.36141733
v 8.63457016 7.21752286 -35.52903157
v 12.33442511 7.98288972 -33.00828480
v 12.42423945 7.93185165 -33.24863789
v 12.51095354 7.84775907 -33.48069438
v 12.59308368 7.73205081 -33.70048371
v 12.66922460 7.58670668 -33.90424522
v 12.73807350 7.41421356 -34.08849250
v 12.79845237 7.21752286 -34.25007303
v 16.17228174 7.98288972 -31.30722300
v 16.29004181 7.93185165 -31.53518964
v 16.40373699 7.84775907 -31.75528723
v 16.51142192 7.73205081 -31.96374985
v 16.61125409 7.58670668 -32.15701064
v 16.70152533 7.41421356 -32.33176285
v 16.78069109 7.21752286 -32.48501643
v 15.25075346 7.21752286 33.06320399
v 15.25075346 7.41421356 32.89071087
v 15.25075346 7.58670668 32.69402017
v 15.25075346 7.73205081 32.47649731
v 15.25075346 7.84775907 32.24186417
v 15.25075346 7.93185165 31.99413540
v 15.25075346 7.98288972 31.73754969
v 15.55334411 7.85486598 32.16053759
v 15.66677792 7.68134579 32.47649731
v 15.94013604 7.08510613 33.00858619
v 15.73766534 7.45265728 32.76207253
v 15.39064500 7.72639229 32.47649731
v 15.75643442 7.18194349 33.00858619
v 15.49742762 7.51210060 32.76207253
v 15.55953813 7.24794057 33.00858619
v 15.35458477 7.28137532 33.00858619
v -19.86014756 7.98288972 -29.07631477
v -20.08235730 7.93185165 -29.20460762
v -20.29689671 7.84775907 -29.32847201
v -20.50009496 7.73205081 -29.44578858
v -20.68847528 7.58670668 -29.55455001
v -20.85881443 7.41421356 -29.65289536
v -21.00819785 7.21752286 -29.73914192
v -20.88924310 7.21742181 -29.91657358
v -20.60839382 7.25473890 -30.16082871
v -20.60839382 7.46385541 -29.89858425
v -20.60839382 7.61898860 -29.60120306
v -20.29958196 7.67217308 -29.81810185
v -20.29958196 7.80808112 -29.48238518
v -19.97167024 7.93495222 -29.32259845
v -15.25075346 7.21752286 33.06320399
v -15.25075346 7.41421356 32.89071087
v -15.25075346 7.58670668 32.69402017
v -15.25075346 7.73205081 32.47649731
v -15.25075346 7.84775907 32.24186417
v -15.25075346 7.93185165 31.99413540
v -15.25075346 7.98288972 31.73754969
v -16.47741275 1.30858198 36.42388948
v -16.23575224 1.30857667 36.47679358
v -15.76142607 7.01715637 33.12106607
v -15.50826146 7.01715637 33.17916655
v -15.87979948 5.11670696 34.25346738
v -39.70772050 1.30858074 -4.17780891
v -39.78272343 1.30858608 -3.94210764
v -36.48813184 7.01715637 -3.15903488
v -36.56439765 7.01715637 -2.91073766
v -38.67708811 3.21374578 -3.71613169
v -35.11090102 7.98288972 -2.66123492
v -35.33311076 7.93185165 -2.78952777
v -35.54765017 7.84775907 -2.91339216
v -35.75084843 7.73205081 -3.03070873
v -35.93922875 7.58670668 -3.13947016
v -36.10956789 7.41421356 -3.23781551
v -36.25895132 7.21752286 -3.32406207
v -15.94260297 7.21752286 32.90442670
v -15.86739103 7.41421356 32.74919449
v -15.78162826 7.58670668 32.57218607
v -15.68678207 7.73205081 32.37643011
v -15.58447531 7.84775907 32.16527606
v -15.47645848 7.93185165 31.94233681
v -15.36457977 7.98288972 31.71142691
v -15.55334411 7.85486598 32.16053759
v -15.39064500 7.72639229 32.47649731
v -15.66677792 7.68134579 32.47649731
v -15.49742762 7.51210060 32.76207253
v -15.35458477 7.28137532 33.00858619
v -15.73766534 7.45265728 32.76207253
v -15.55953813 7.24794057 33.00858619
v -15.75643442 7.18194349 33.00858619
v -15.94013604 7.08510613 33.00858619
v -35.14519118 7.98288972 -2.54959706
v -35.40110437 7.93185165 -2.56816220
v -35.64818384 7.84775907 -2.58608650
v -35.88220200 7.73205081 -2.60306328
v -36.09915472 7.58670668 -2.61880205
v -36.29532989 7.41421356 -2.63303352
v -36.46737090 7.21752286 -2.64551418
v -36.41205651 7.16497711 -3.08783189
v -36.41205651 7.24536264 -2.87221975
v -36.16577361 7.43918851 -3.06727374
v -36.16577361 7.51157170 -2.80331938
v -35.88090425 7.67255902 -2.98936818
v -35.88090425 7.72740995 -2.68523074
v -35.56602964 7.85055954 -2.86445554
v -19.41786004 7.98288972 29.40461902
v -19.55925311 7.93185165 29.61873167
v -19.69576551 7.84775907 29.82545348
v -19.82506149 7.73205081 30.02124740
v -19.94492875 7.58670668 30.20276333
v -20.05331632 7.41421356 30.36689550
v -20.14836967 7.21752286 30.51083554
v -23.13100002 7.98288972 26.58273399
v -23.29943068 7.93185165 26.77629880
v -23.46204739 7.84775907 26.96318206
v -23.61606772 7.73205081 27.14018615
v -23.75885634 7.58670668 27.30428247
v -23.88797011 7.41421356 27.45266329
v -24.00119984 7.21752286 27.58278978
v -26.43895708 7.98288972 23.29520245
v -26.63147496 7.93185165 23.46482877
v -26.81734743 7.84775907 23.62859986
v -26.99339416 7.73205081 23.78371355
v -27.15660294 7.58670668 23.92751580
v -27.30418122 7.41421356 24.05754612
v -27.43360390 7.21752286 24.17157965
v -29.28378614 7.98288972 19.59961167
v -29.49701893 7.93185165 19.74232818
v -29.70289126 7.84775907 19.88011835
v -29.89788060 7.73205081 20.01062454
v -30.07865062 7.58670668 20.13161375
v -30.24210832 7.41421356 20.24101584
v -30.38545686 7.21752286 20.33695889
v -31.61565468 7.98288972 15.56069688
v -31.84586720 7.93185165 15.67400363
v -32.06813315 7.84775907 15.78339922
v -32.27864949 7.73205081 15.88701185
v -32.47381424 7.58670668 15.98306868
v -32.65028807 7.41421356 16.06992615
v -32.80505147 7.21752286 16.14609810
v -33.39371564 7.98288972 11.24920725
v -33.63687529 7.93185165 11.33111947
v -33.87164145 7.84775907 11.41020421
v -34.09399721 7.73205081 11.48510830
v -34.30013801 7.58670668 11.55455012
v -34.48653671 7.41421356 11.61734151
v -34.65000398 7.21752286 11.67240807
v -34.58682295 7.98288972 6.74066663
v -34.83867032 7.93185165 6.78974946
v -35.08182433 7.84775907 6.83713803
v -35.31212453 7.73205081 6.88202151
v -35.52563042 7.58670668 6.92363192
v -35.71868887 7.41421356 6.96125731
v -35.88799658 7.21752286 6.99425389
v -35.17407708 7.98288972 2.11405057
v -35.43020060 7.93185165 2.12944424
v -35.67748315 7.84775907 2.14430654
v -35.91169365 7.73205081 2.15838318
v -36.12882469 7.58670668 2.17143330
v -36.32516110 7.41421356 2.18323362
v -36.49734351 7.21752286 2.19358221
v 23.20743011 0.93996740 -32.73259804
v 23.18656295 1.06369491 -32.71564470
v 23.15657196 1.18313699 -32.68622561
v 23.12565043 1.18230947 -32.70872343
v 23.14956775 1.06283689 -32.74255188
v 23.16458968 0.93909113 -32.76379877
v 23.16198313 1.06294457 -32.73368631
v -23.12565043 1.18230947 -32.70872343
v -23.14956775 1.06283689 -32.74255188
v -23.16458968 0.93909113 -32.76379877
v 18.96681553 0.93909113 -35.35992978
v 18.95451580 1.06283689 -35.33699933
v 18.93493266 1.18230947 -35.30049039
v 14.48206256 0.93909113 -37.42104474
v 14.47267113 1.06283689 -37.39677768
v 14.45771848 1.18230947 -37.35814065
v 9.77818767 0.93909113 -38.91595779
v 9.77184665 1.06283689 -38.89072130
v 9.76175072 1.18230947 -38.85054078
v 4.92636319 0.93909113 -39.82205006
v 4.92316851 1.06283689 -39.79622598
v 4.91808206 1.18230947 -39.75510993
v 0.00000000 0.93909113 -40.12561184
v 0.00000000 1.06283689 -40.09959090
v 0.00000000 1.18230947 -40.05816142
v -4.92636319 0.93909113 -39.82205006
v -4.92316851 1.06283689 -39.79622598
v -4.91808206 1.18230947 -39.75510993
v -9.77818767 0.93909113 -38.91595779
v -9.77184665 1.06283689 -38.89072130
v -9.76175072 1.18230947 -38.85054078
v -14.48206256 0.93909113 -37.42104474
v -14.47267113 1.06283689 -37.39677768
v -14.45771848 1.18230947 -37.35814065
v -18.96681553 0.93909113 -35.35992978
v -18.95451580 1.06283689 -35.33699933
v -18.93493266 1.18230947 -35.30049039
v 23.71261051 0.93994855 -32.17836455
v 23.69380756 1.06367671 -32.15914304
v 23.66174867 1.18311937 -32.13198876
v 23.54832714 1.07252308 -32.36511566
v -23.15657196 1.18313699 -32.68622561
v -23.18656295 1.06369491 -32.71564470
v -23.20743011 0.93996740 -32.73259804
v -23.17431474 1.06323065 -32.72471728
v 23.73900494 0.93909113 -32.13406100
v 23.71647015 1.06283689 -32.12105053
v 23.68059117 1.18230947 -32.10033579
v 23.70902057 1.06294226 -32.13381792
v -23.66174867 1.18311937 -32.13198876
v -23.69380756 1.06367671 -32.15914304
v -23.71261051 0.93994855 -32.17836455
v -23.37821112 1.07252898 -32.55175163
v 39.69841562 0.93909113 -4.49155084
v 39.67588083 1.06283689 -4.47854037
v 39.64000185 1.18230947 -4.45782563
v -23.68059117 1.18230947 -32.10033579
v -23.71647015 1.06283689 -32.12105053
v -23.73900494 0.93909113 -32.13406100
v -23.70146639 1.06322227 -32.14651530
v 39.72358641 0.93994855 -4.44654081
v 39.69753862 1.06367671 -4.43986774
v 39.65799287 1.18311937 -4.42568106
v 39.69043209 1.06322227 -4.45281435
v -39.64000185 1.18230947 -4.45782563
v -39.67588083 1.06283689 -4.47854037
v -39.69841562 0.93909113 -4.49155084
v 39.95097649 0.93996740 -3.73192501
v 39.92586089 1.06369491 -3.72233019
v 39.88538771 1.18313699 -3.71106678
v 39.87974941 1.07252898 -3.97024891
v -39.65799287 1.18311937 -4.42568106
v -39.69753862 1.06367671 -4.43986774
v -39.72358641 0.93994855 -4.44654081
v -39.68321292 1.06294226 -4.46570515
v 39.95657690 0.93909113 -3.67922374
v 39.93066559 1.06283689 -3.67683782
v 39.88941063 1.18230947 -3.67303904
v 39.92759386 1.06323065 -3.70718664
v -39.88538771 1.18313699 -3.71106678
v -39.92586089 1.06369491 -3.72233019
v -39.95097649 0.93996740 -3.73192501
v -39.80317592 1.07252308 -4.21089169
v 16.79198722 0.93909113 36.44302252
v 16.78109784 1.06283689 36.41938970
v 16.76376020 1.18230947 36.38176247
v 21.60362831 0.93909113 33.81342883
v 21.58961864 1.06283689 33.79150126
v 21.56731300 1.18230947 33.75658908
v 26.01183915 0.93909113 30.55239678
v 25.99497081 1.06283689 30.53258395
v 25.96811373 1.18230947 30.50103877
v 29.93430000 0.93909113 26.72082350
v 29.91488800 1.06283689 26.70349540
v 29.88398099 1.18230947 26.67590629
v 33.29776207 0.93909113 22.39026052
v 33.27616891 1.06283689 22.37574073
v 33.24178915 1.18230947 22.35262291
v 36.03941544 0.93909113 17.64157758
v 36.01604436 1.06283689 17.63013725
v 35.97883385 1.18230947 17.61192241
v 38.10806196 0.93909113 12.56345249
v 38.08334939 1.06283689 12.55530526
v 38.04400301 1.18230947 12.54233356
v 39.46507134 0.93909113 7.25071511
v 39.43947875 1.06283689 7.24601312
v 39.39873128 1.18230947 7.23852679
v 40.08510251 0.93909113 1.80257651
v 40.05910784 1.06283689 1.80140756
v 40.01772019 1.18230947 1.79954641
v -39.88941063 1.18230947 -3.67303904
v -39.93066559 1.06283689 -3.67683782
v -39.95657690 0.93909113 -3.67922374
v -39.92919547 1.06294457 -3.69202264
v 16.74354638 0.93996740 36.46452305
v 16.73929794 1.06369491 36.43797489
v 16.72881575 1.18313699 36.39729238
v 16.76721234 1.06294457 36.42570895
v -16.76376020 1.18230947 36.38176247
v -16.78109784 1.06283689 36.41938970
v -16.79198722 0.93909113 36.44302252
v -40.08510251 0.93909113 1.80257651
v -40.05910784 1.06283689 1.80140756
v -40.01772019 1.18230947 1.79954641
v -39.46507134 0.93909113 7.25071511
v -39.43947875 1.06283689 7.24601312
v -39.39873128 1.18230947 7.23852679
v -38.10806196 0.93909113 12.56345249
v -38.08334939 1.06283689 12.55530526
v -38.04400301 1.18230947 12.54233356
v -36.03941544 0.93909113 17.64157758
v -36.01604436 1.06283689 17.63013725
v -35.97883385 1.18230947 17.61192241
v -33.29776207 0.93909113 22.39026052
v -33.27616891 1.06283689 22.37574073
v -33.24178915 1.18230947 22.35262291
v -29.93430000 0.93909113 26.72082350
v -29.91488800 1.06283689 26.70349540
v -29.88398099 1.18230947 26.67590629
v -26.01183915 0.93909113 30.55239678
v -25.99497081 1.06283689 30.53258395
v -25.96811373 1.18230947 30.50103877
v -21.60362831 0.93909113 33.81342883
v -21.58961864 1.06283689 33.79150126
v -21.56731300 1.18230947 33.75658908
v 16.01097590 0.93994855 36.62490537
v 16.00373106 1.06367671 36.59901078
v 15.99624421 1.18311937 36.55766982
v 16.25484879 1.07252308 36.57600735
v -16.72881575 1.18313699 36.39729238
v -16.73929794 1.06369491 36.43797489
v -16.74354638 0.93996740 36.46452305
v -16.75327912 1.06323065 36.43190392
v 15.95941068 0.93909113 36.62561184
v 15.95941068 1.06283689 36.59959090
v 15.95941068 1.18230947 36.55816142
v 15.97419235 1.06294226 36.59952307
v -15.99624421 1.18311937 36.55766982
v -16.00373106 1.06367671 36.59901078
v -16.01097590 0.93994855 36.62490537
v -16.50158232 1.07252558 36.52197860
v -15.95941068 0.93909113 36.62561184
v -15.95941068 1.06283689 36.59959090
v -15.95941068 1.18230947 36.55816142
v -15.98896570 1.06322227 36.59932965
v -16.67369447 0.20000000 36.19406599
v -21.45310769 0.20000000 33.58253520
v -25.83179545 0.20000000 30.34371177
v -29.72796766 0.20000000 26.53809411
v -33.06884721 0.20000000 22.23676785
v -35.79202935 0.20000000 17.52007804
v -37.84664742 0.20000000 12.47612837
v -39.19432292 0.20000000 7.19913543
v -39.80988244 0.20000000 1.78766888
v -39.68182787 0.20000000 -3.65718977
v -15.96252274 0.20000000 36.35000000
v -16.14560455 0.20000000 36.34011108
v -16.32655596 0.20000000 36.31055905
v -16.50327138 0.20000000 36.26168779
v 15.96252298 0.20000000 36.35000000
v 16.67369469 0.20000000 36.19406589
v 16.50327161 0.20000000 36.26168772
v 16.32655620 0.20000000 36.31055900
v 16.14560478 0.20000000 36.34011106
v 39.68182785 0.20000000 -3.65719001
v 39.80988245 0.20000000 1.78766864
v 39.19432296 0.20000000 7.19913520
v 37.84664749 0.20000000 12.47612814
v 35.79202946 0.20000000 17.52007783
v 33.06884734 0.20000000 22.23676765
v 29.72796782 0.20000000 26.53809393
v 25.83179563 0.20000000 30.34371162
v 21.45310789 0.20000000 33.58253507
v 39.46128480 0.20000000 -4.35104980
v 39.54426165 0.20000000 -4.18755184
v 39.60914455 0.20000000 -4.01606730
v 39.65517850 0.20000000 -3.83859164
v 23.49876194 0.20000000 -31.99895041
v 23.00813318 0.20000000 -32.53687612
v 23.15190695 0.20000000 -32.42309632
v 23.28258842 0.20000000 -32.29449192
v 23.39865696 0.20000000 -32.15255943
v 4.89317069 0.20000000 -39.54844347
v 9.71228530 0.20000000 -38.64833780
v 14.38440853 0.20000000 -37.16330571
v 18.83882976 0.20000000 -35.11582255
v -23.49876206 0.20000000 -31.99895020
v -23.39865710 0.20000000 -32.15255924
v -23.28258858 0.20000000 -32.29449175
v -23.15190712 0.20000000 -32.42309616
v -39.46128480 0.20000000 -4.35104980
v -39.65517854 0.20000000 -3.83859146
v -39.60914458 0.20000000 -4.01606719
v -39.54426167 0.20000000 -4.18755179
v -17.93822069 1.75499815 32.18917114
v -17.19272658 1.75499815 32.59344494
v -16.43812665 1.75499815 32.98045622
v 36.84575028 1.75499815 -0.55963075
v 36.82311460 1.75499815 -1.40738449
v 36.78097624 1.75499815 -2.25439284
v -18.90752958 1.75499815 -31.62954039
v -19.63038802 1.75499815 -31.18606045
v -20.34284958 1.75499815 -30.72606338
v -15.46061065 80.50000000 0.20935221
v -15.49101505 80.50000000 0.27159172
v -15.51249072 80.50000000 0.33731217
v -15.52468804 80.50000000 0.40545341
v -15.52735439 80.50000000 0.47458696
v -15.70409240 66.65627971 0.14778891
v -15.73424638 66.65653439 0.20945037
v -15.75567282 66.65661982 0.27466052
v -15.76796794 66.65653439 0.34219041
v -15.77090001 66.65627971 0.41076739
v -15.59356831 75.88577091 0.31648589
v -7.54900099 80.50000000 -13.49395768
v -7.51035650 80.50000000 -13.55132267
v -7.46411214 80.50000000 -13.60285444
v -7.41118511 80.50000000 -13.64750768
v -7.35267283 80.50000000 -13.68437684
v -7.72405725 66.65627971 -13.67403742
v -7.68573384 66.65653439 -13.73098226
v -7.63997342 66.65661982 -13.78214318
v -7.58763838 66.65653439 -13.82655600
v -7.58132127 71.27119554 -13.72243347
v 7.41119165 80.50000000 -13.64750290
v 7.46411214 80.50000000 -13.60285444
v 7.51036148 80.50000000 -13.55131628
v 7.54900099 80.50000000 -13.49395768
v 7.72405725 66.65627971 -13.67403742
v 7.68573384 66.65653439 -13.73098226
v 7.63997342 66.65661982 -13.78214318
v 7.58763838 66.65653439 -13.82655600
v 7.52269933 75.88577091 -13.66266923
v 15.46061065 80.50000000 0.20935221
v 15.49096794 80.50000000 0.27150182
v 15.51247358 80.50000000 0.33731649
v 15.52468091 80.50000000 0.40547926
v 15.52735439 80.50000000 0.47458696
v 15.77090001 66.65627971 0.41076739
v 15.70409240 66.65627971 0.14778891
v 15.73424638 66.65653439 0.20945037
v 15.75567282 66.65661982 0.27466052
v 15.76796794 66.65653439 0.34219041
v 15.67463662 71.27119554 0.29559992
v -5.61440695 80.50000000 -14.48455736
v -3.79094790 80.50000000 -15.06494876
v -1.90996488 80.50000000 -15.41674419
v 15.35119811 80.50000000 2.38005963
v 14.94210228 80.50000000 4.24941720
v 14.30627455 80.50000000 6.05429399
v 13.45336298 80.50000000 7.76730274
v 12.39630967 80.50000000 9.36245020
v 11.15115439 80.50000000 10.81553156
v 9.73679115 80.50000000 12.10449773
v 8.17468156 80.50000000 13.20978988
v 8.11348838 80.50000000 13.24203169
v 8.04836144 80.50000000 13.26553795
v 7.98060342 80.50000000 13.27982197
v 7.91160965 80.50000000 13.28460547
v -7.91160965 80.50000000 13.28460547
v -8.17468156 80.50000000 13.20978988
v -8.11339996 80.50000000 13.24208153
v -8.04836628 80.50000000 13.26555495
v -7.98062948 80.50000000 13.27982832
v -15.35119811 80.50000000 2.38005963
v -14.94210228 80.50000000 4.24941720
v -14.30627455 80.50000000 6.05429399
v -13.45336298 80.50000000 7.76730274
v -12.39630967 80.50000000 9.36245020
v -11.15115439 80.50000000 10.81553156
v -9.73679115 80.50000000 12.10449773
v -8.24118500 66.65627971 13.45261636
v -7.98003515 66.65627971 13.52624851
v -8.04851253 66.65653439 13.52153188
v -8.11569940 66.65661982 13.50748265
v -8.18032956 66.65653439 13.48436559
v -8.09331535 71.27119554 13.42683355
v 7.98003515 66.65627971 13.52624851
v 8.04851253 66.65653439 13.52153188
v 8.11569940 66.65661982 13.50748265
v 8.18032956 66.65653439 13.48436559
v 8.24118500 66.65627971 13.45261636
v 8.07086897 75.88577091 13.34618334
v -8.39830449 65.89973317 13.45619723
v -8.31340837 66.14516052 13.45723173
v -8.26021047 66.39721125 13.45609113
v -8.13928381 65.80516486 13.54110478
v -8.19404380 65.82540511 13.53732837
v -8.24805410 65.84524880 13.52675955
v -8.30057530 65.86442426 13.50954298
v -8.35088836 65.88266898 13.48591438
v -7.99933616 66.36625589 13.53131089
v -8.05306324 66.08267144 13.53626088
v -8.13486116 66.38343156 13.51198170
v -8.18863865 66.11556829 13.51581229
v -15.59808374 66.65627971 2.36427596
v -15.18423254 66.65627971 4.28124972
v -14.53574161 66.65627971 6.13206595
v -13.66263199 66.65627971 7.88812426
v -12.57839570 66.65627971 9.52228853
v -11.29978729 66.65627971 11.00930626
v -9.84656491 66.65627971 12.32619879
v -11.18440223 75.88542657 10.89688738
v -13.52311931 75.88542657 7.80757658
v -11.24209476 71.27085314 10.95309682
v -15.02918241 75.88542657 4.23753277
v -13.59287565 71.27085314 7.84785042
v -15.10670748 71.27085314 4.25939124
v -15.78345280 66.39759415 0.42558453
v -15.81108592 66.14504122 0.47115830
v -15.85256088 65.89973317 0.54504642
v -15.79658264 65.80516486 0.27827416
v -15.74928314 66.08266150 0.20603648
v -15.71812939 66.36628154 0.16197781
v -15.82069217 65.82540511 0.32758590
v -15.83854445 65.84524880 0.37964461
v -15.84989506 65.86442426 0.43373758
v -15.85458863 65.88266898 0.48912427
v -15.76914999 66.38343156 0.28900557
v -15.79937158 66.11548405 0.33369477
v -15.85056627 65.53492609 0.36234248
v -7.61148534 65.53492609 -13.90816429
v -7.65729882 65.80516486 -13.81937894
v -7.71879090 66.36625589 -13.69328378
v -7.69621417 66.08267144 -13.74228779
v -7.62664837 65.82540511 -13.86491428
v -7.59049035 65.84524880 -13.90640415
v -7.54931977 65.86442426 -13.94328056
v -7.50370027 65.88266898 -13.97503866
v -7.63428883 66.38343156 -13.80098727
v -7.61071730 66.11556834 -13.84947540
v -3.84478018 75.88542657 -15.13442015
v -3.86461272 71.27085314 -15.21248806
v 7.52315938 66.39759415 -13.88166335
v 7.49750790 66.14504122 -13.92838122
v 7.65729882 65.80516486 -13.81937894
v 7.69620875 66.08266150 -13.74229753
v 7.71878780 66.36628154 -13.69328826
v 7.62664837 65.82540511 -13.86491428
v 7.59049035 65.84524880 -13.90640415
v 7.54931977 65.86442426 -13.94328056
v 7.50370027 65.88266898 -13.97503866
v 7.63428883 66.38343156 -13.80098727
v 7.61069766 66.11548404 -13.84950451
v 7.61148534 65.53492609 -13.90816429
v 15.85056627 65.53492609 0.36234248
v 15.79658264 65.80516486 0.27827416
v 15.71812706 66.36625589 0.16197288
v 15.74927741 66.08267144 0.20602691
v 15.85256088 65.89973317 0.54504642
v 15.81100873 66.14516052 0.47100698
v 15.78342199 66.39721125 0.42550654
v 15.82069217 65.82540511 0.32758590
v 15.83854445 65.84524880 0.37964461
v 15.84989506 65.86442426 0.43373758
v 15.85458863 65.88266898 0.48912427
v 15.76914999 66.38343156 0.28900557
v 15.79935617 66.11556834 0.33366316
v 9.84656491 66.65627971 12.32619879
v 11.29978729 66.65627971 11.00930626
v 12.57839570 66.65627971 9.52228853
v 13.66263199 66.65627971 7.88812426
v 14.53574161 66.65627971 6.13206595
v 15.18423254 66.65627971 4.28124972
v 15.59808374 66.65627971 2.36427596
v 15.02918241 75.88542657 4.23753277
v 13.52311931 75.88542657 7.80757658
v 15.10670748 71.27085314 4.25939124
v 11.18440223 75.88542657 10.89688738
v 13.59287565 71.27085314 7.84785042
v 11.24209476 71.27085314 10.95309682
v 8.26029342 66.39759415 13.45607882
v 8.31357801 66.14504122 13.45722292
v 8.39830449 65.89973317 13.45619723
v 8.13928381 65.80516486 13.54110478
v 8.05307440 66.08266150 13.53626105
v 7.99934159 66.36628154 13.53131045
v 8.19404380 65.82540511 13.53732837
v 8.24805410 65.84524880 13.52675955
v 8.30057530 65.86442426 13.50954298
v 8.35088836 65.88266898 13.48591438
v 8.13486116 66.38343156 13.51198170
v 8.18867395 66.11548405 13.51580976
v 8.23908093 65.53492609 13.54582181
v -8.23908093 65.53492609 13.54582181
v 8.18579017 49.24051217 14.96161729
v 8.60534818 49.23009057 14.98788664
v 9.01884991 49.22422270 15.06410672
v 9.42032650 49.22299327 15.18917730
v 9.80398268 49.22642001 15.36129299
v 10.16428039 49.23445348 15.57796933
v 10.49601878 49.24697769 15.83607861
v 11.07922338 41.80445564 17.17989961
v 8.16548628 41.61104647 15.62910905
v 8.59477066 41.62179177 15.65470648
v 9.01757002 41.63698293 15.73258910
v 9.42749730 41.65639047 15.86158037
v 9.81835989 41.67972121 16.03973167
v 10.18425319 41.70662271 16.26435174
v 10.51964980 41.73668856 16.53204734
v 10.81948301 41.76946458 16.83877449
v 9.51662039 46.70864106 15.46833511
v 10.32480695 44.23521214 16.17489036
v 9.33793970 42.91668374 15.72558561
v 8.63137810 64.09378926 13.66212393
v 9.28308335 60.39000854 14.07726358
v 9.77768766 56.67564945 14.60029552
v 8.33675241 65.25611274 13.56043380
v -8.33675241 65.25611274 13.56043380
v -10.49601878 49.24697769 15.83607861
v -10.16428039 49.23445348 15.57796933
v -9.80398268 49.22642001 15.36129299
v -9.42032650 49.22299327 15.18917730
v -9.01884991 49.22422270 15.06410672
v -8.60534818 49.23009057 14.98788664
v -8.18579017 49.24051217 14.96161729
v -9.66451044 57.60214841 14.46272727
v -8.63137810 64.09378926 13.66212393
v -11.07922338 41.80445564 17.17989961
v -10.81948301 41.76946458 16.83877449
v -10.51964980 41.73668856 16.53204734
v -10.18425319 41.70662271 16.26435174
v -9.81835989 41.67972121 16.03973167
v -9.42749730 41.65639047 15.86158037
v -9.01757002 41.63698293 15.73258910
v -8.59477066 41.62179177 15.65470648
v -8.16548628 41.61104647 15.62910905
v -9.64684667 44.19373958 15.74955269
v 11.41574425 37.30946802 18.01030715
v 11.96831770 9.42133503 20.45020263
v 11.75591781 9.38377567 20.06900033
v 11.49735197 9.34788244 19.71729734
v 11.19666942 9.31421744 19.40060145
v 10.85857895 9.28330787 19.12387226
v 10.48837520 9.25563780 18.89144344
v 10.09185568 9.23164053 18.70695491
v 9.67523005 9.21169189 18.57329583
v 9.24502282 9.19610427 18.49255936
v 8.80797120 9.18512178 18.46600986
v -8.80797120 9.18512178 18.46600986
v -9.24502282 9.19610427 18.49255936
v -9.67523005 9.21169189 18.57329583
v -10.09185568 9.23164053 18.70695491
v -10.48837520 9.25563780 18.89144344
v -10.85857895 9.28330787 19.12387226
v -11.19666942 9.31421744 19.40060145
v -11.49735197 9.34788244 19.71729734
v -11.75591781 9.38377567 20.06900033
v -11.96831770 9.42133503 20.45020263
v -11.41574425 37.30946802 18.01030715
v -13.46502880 9.80837069 23.58066571
v -11.44736855 37.32322045 18.06615904
v -11.48622888 37.33656639 18.11734908
v -11.53165549 37.34927584 18.16299503
v -11.58286548 37.36112974 18.20231019
v -11.63897625 37.37192380 18.23461699
v -11.69902077 37.38147198 18.25935862
v -11.76196417 37.38960973 18.27610868
v -11.82672167 37.39619680 18.28457848
v -11.89217717 37.40111966 18.28462204
v -11.95720259 37.40429347 18.27623863
v -12.02067723 37.40566352 18.25957271
v -12.08150713 37.40520621 18.23491153
v -12.13864391 37.40292941 18.20268011
v -14.16684024 9.90183209 23.78633797
v -13.49850227 9.82267678 23.63931819
v -13.53994334 9.83652276 23.69276142
v -13.58856208 9.84964470 23.73997671
v -13.64343179 9.86179249 23.78006410
v -13.70350657 9.87273457 23.81225947
v -13.76764136 9.88226239 23.83594916
v -13.83461368 9.89019432 23.85068161
v -13.90314696 9.89637919 23.85617601
v -13.97193489 9.90069909 23.85232762
v -14.03966631 9.90307170 23.83920981
v -14.10505019 9.90345178 23.81707261
v -12.29068099 32.82142073 19.21059001
v -12.25435457 32.81974883 19.21557373
v -12.41163533 28.22022980 20.13047626
v -12.21909349 32.81760834 19.21789317
v -11.93594179 32.78078432 19.14099753
v -11.90718790 32.77459963 19.12129351
v -11.87898440 32.76787938 19.09878536
v -12.22083298 28.18504627 20.02868883
v -13.09059891 19.05230041 21.98572115
v -13.30621208 19.07075298 21.99914798
v -13.64385979 14.48599356 22.92573722
v -13.60545446 14.48402813 22.92993810
v -13.27187982 14.43978742 22.83340398
v -13.24227683 14.43273318 22.80952197
v -12.07127773 32.80307440 19.20056419
v -13.42934308 14.46729821 22.91141846
v -11.11858585 41.81784337 17.23059993
v -11.16442949 41.83072662 17.27567255
v -11.21596594 41.84288385 17.31434237
v -11.27230895 41.85410599 17.34594440
v -11.33248960 41.86420007 17.36993518
v -11.39547299 41.87299248 17.38590216
v -11.46017602 41.88033204 17.39357076
v -11.52548602 41.88609253 17.39280911
v -11.59027986 41.89017489 17.38363030
v -11.65344333 41.89250892 17.36619217
v -11.71389020 41.89305447 17.34079462
v -11.77058102 41.89180217 17.30787438
v -11.66173077 41.14257127 17.52818952
v -11.62563251 41.14066646 17.53468530
v -11.51476383 40.37685958 17.67566478
v -11.29883526 41.09926320 17.46988454
v -11.26850855 41.09275237 17.45021732
v -11.80577449 38.89748089 17.97979619
v -11.49207104 38.85956523 17.91626855
v -11.46319778 38.85360132 17.89807217
v -11.43470625 38.84712044 17.87714241
v -11.45607286 41.12488168 17.53021348
v -11.64362936 38.88325208 17.97375789
v -10.54809855 49.25923491 15.87488358
v -10.60503512 49.27053263 15.90648984
v -10.66583361 49.28067344 15.93034513
v -10.72943166 49.28948016 15.94603260
v -10.79471800 49.29679889 15.95327815
v -10.86055184 49.30250176 15.95195516
v -10.92578284 49.30648911 15.94208676
v -10.98927118 49.30869128 15.92384538
v -11.04990751 49.30906977 15.89754976
v -11.10663230 49.30761799 15.86365937
v -11.06779272 48.07173302 16.17477292
v -11.03223639 48.07020201 16.18348579
v -10.99310448 46.82204324 16.43210668
v -10.72502091 48.03606598 16.15054276
v -11.38515261 44.36293785 16.89991347
v -11.35157338 44.36125352 16.90699893
v -11.07281657 44.33024482 16.87691686
v -11.04295033 44.32494656 16.86337650
v -11.01312192 44.31917151 16.84732867
v -10.87508779 48.05747593 16.19114625
v -11.20999924 44.34935406 16.91181900
v -8.68809640 64.10765443 13.65746688
v -8.74403633 64.12073127 13.64603806
v -8.79843018 64.13284032 13.62799432
v -8.85053148 64.14381541 13.60358327
v -8.89962520 64.15350591 13.57313993
v -10.25697812 56.74278766 14.54198318
v -9.48509522 60.43365440 14.07626202
v -10.51647858 53.01572888 15.25642210
v -10.48608272 53.01295570 15.26036557
v -10.54571027 53.01808128 15.25083768
v -10.57393279 53.02005061 15.24372645
v -10.60128757 53.02166447 15.23515385
v -9.96294700 57.18272622 14.55947458
v -10.52707072 51.13936569 15.58832368
v -10.79178730 50.23109024 15.77169255
v -10.75822280 50.22841829 15.77466878
v -10.82614685 50.23337808 15.76629013
v -10.64672476 49.74725474 15.84761009
v -10.88820251 49.53750538 15.90043888
v -10.85305323 49.53528068 15.90566108
v -10.69135113 49.40165950 15.91784728
v -8.39227672 65.26989806 13.55592182
v -8.44706958 65.28292771 13.54490766
v -8.50040920 65.29503005 13.52753641
v -8.55159290 65.30604564 13.50403691
v -8.59994644 65.31582939 13.47471873
v -8.67276970 64.51443975 13.60420744
v -8.29436055 65.55518999 13.54198640
v -8.34887042 65.57505021 13.53124311
v -8.40185150 65.59423020 13.51374154
v -8.45256605 65.61246290 13.48972540
v -8.50030789 65.62949441 13.45952909
v -8.41218110 65.48672086 13.52548829
v -8.30831501 65.76489667 13.52042042
v -10.19118158 65.89973317 12.15485829
v -11.78526273 65.89973317 10.61641863
v -13.14945273 65.89973317 8.87088807
v -14.25714078 65.89973317 6.95231608
v -15.08671960 65.89973317 4.89812760
v -15.62200685 65.89973317 2.74839300
v -9.87266557 66.14503576 12.35887231
v -9.85463729 66.39721336 12.33630401
v -11.30905104 66.39721336 11.01833187
v -11.75267453 66.14503576 10.58706248
v -11.73121319 66.39721336 10.56772964
v -12.58870767 66.39721336 9.53009506
v -13.11309232 66.14503576 8.84635859
v -13.08914675 66.39721336 8.83020442
v -13.67383284 66.39721336 7.89459107
v -14.21771743 66.14503576 6.93309177
v -14.19175473 66.39721336 6.92043138
v -14.54765826 66.39721336 6.13709312
v -15.04500232 66.14503576 4.88458347
v -15.01752893 66.39721336 4.87566382
v -15.19668083 66.39721336 4.28475956
v -15.57880942 66.14503576 2.74079324
v -15.55036125 66.39721336 2.73578833
v -15.90644807 65.62949441 0.63171803
v -15.87488451 65.55518999 0.41213374
v -15.89283549 65.57505021 0.46471232
v -15.90416923 65.59423020 0.51934607
v -15.90872791 65.61246290 0.57527423
v -15.86318506 65.76489667 0.43500165
v -15.91205636 65.25611274 0.43962247
v -15.96942195 65.31582939 0.71041272
v -15.97063547 65.30604564 0.65387824
v -15.96539478 65.29503005 0.59780210
v -15.95376891 65.28292771 0.54292302
v -15.93591102 65.26989806 0.48996392
v -15.91950701 65.48672086 0.52241839
v -19.29164816 49.30761799 1.68679604
v -17.72236012 56.74209504 1.61184110
v -16.20449659 64.15350591 0.92073155
v -16.20631443 64.14381541 0.86299346
v -16.20140437 64.13284032 0.80566689
v -16.18983379 64.12073127 0.74953856
v -16.17176147 64.10765443 0.69537876
v -16.14743544 64.09378926 0.64393074
v -16.83280955 60.39000854 1.00075422
v -17.53307065 56.67564945 1.16757814
v -18.96245576 49.24697769 1.17177960
v -19.29263570 49.30906977 1.62072574
v -19.28509021 49.30869128 1.55506532
v -19.26914354 49.30648911 1.49096211
v -19.24507433 49.30250176 1.42953621
v -19.21330315 49.29679889 1.37186094
v -19.17438516 49.28948016 1.31894409
v -19.12900038 49.28067344 1.27171029
v -19.07794185 49.27053263 1.23098490
v -19.02210174 49.25923491 1.19747952
v -17.68391243 56.72312728 1.36379478
v -16.53950807 62.26771218 0.94703935
v -16.55251192 62.27423549 0.98014020
v -16.56322140 62.28045329 1.01461324
v -17.30766049 58.57583329 1.28930026
v -20.87434940 41.89180217 1.53968499
v -20.41784118 41.80445564 1.00493910
v -20.87451376 41.89305447 1.47412919
v -20.86628525 41.89250892 1.40908187
v -20.84980538 41.89017489 1.34566165
v -20.82535754 41.88609253 1.28495913
v -20.79336215 41.88033204 1.22801819
v -20.75436944 41.87299248 1.17581802
v -20.70904993 41.86420007 1.12925629
v -20.65818297 41.85410600 1.08913371
v -20.60264331 41.84288385 1.05614025
v -20.54338604 41.83072662 1.03084329
v -20.48143019 41.81784337 1.01367784
v -20.59032404 43.12679192 1.38130656
v -20.57899391 43.12499185 1.34793254
v -20.24090633 44.34744202 1.23879452
v -20.40427097 43.09204184 1.11895286
v -20.37631488 43.08644523 1.10017581
v -20.34617481 43.08035826 1.08285629
v -19.80399452 46.83540860 1.46810075
v -19.79294282 46.83370474 1.43192353
v -19.59829504 46.79702210 1.17899397
v -20.50840100 43.11231224 1.22057567
v -19.71566551 46.81988443 1.28872148
v -21.83330535 37.40292941 1.41103394
v -21.30525565 37.30946802 0.88117095
v -21.83265019 37.40520621 1.34543633
v -21.82359245 37.40566352 1.28042550
v -21.80628823 37.40429347 1.21712189
v -21.78103577 37.40111966 1.15661652
v -21.74827029 37.39619680 1.09995217
v -21.70855648 37.38960973 1.04810543
v -21.66257881 37.38147198 1.00196987
v -21.61112967 37.37192380 0.96234062
v -21.55509578 37.36112974 0.92990066
v -21.49544285 37.34927584 0.90520909
v -21.43319900 37.33656639 0.88869146
v -21.36943695 37.32322045 0.88063245
v -21.64541959 38.15158607 1.24064644
v -21.63218595 38.14990042 1.20673928
v -21.37562896 38.88110582 1.08375197
v -21.61717539 38.14776024 1.17504256
v -21.41431000 38.11143163 0.96612407
v -21.38341075 38.10535040 0.95054113
v -21.35033501 38.09874310 0.93675713
v -21.16929935 40.39468188 1.31503997
v -21.15644555 40.39279697 1.28012042
v -21.14160675 40.39043687 1.24730543
v -20.93048673 40.35076169 1.02869837
v -20.89752790 40.34412405 1.01264268
v -21.53097055 38.13337307 1.05513976
v -21.05244561 40.37451976 1.12082881
v -17.05003574 49.24051217 -0.39170641
v -17.28256467 49.23009057 -0.04149319
v -17.55532406 49.22422270 0.27849978
v -17.86437666 49.22299327 0.56365341
v -18.20526131 49.22642001 0.80985156
v -18.57305737 49.23445348 1.01354036
v -17.61794861 41.61104647 -0.74303597
v -17.85475883 41.62179177 -0.38406351
v -18.13360684 41.63698293 -0.05684983
v -18.45028019 41.65639047 0.23366197
v -18.79999504 41.67972121 0.48308325
v -19.17746838 41.70662271 0.68764611
v -19.57699787 41.73668856 0.84426029
v -19.99254799 41.76946458 0.95055990
v -18.15428135 46.70864106 0.50746746
v -19.17026943 44.23521214 0.85409992
v -18.28772648 42.91668374 0.22410020
v -16.11797659 64.51442744 0.70873735
v -7.57530395 65.25611274 -14.00005627
v -8.46643698 49.24697769 -17.00785821
v -8.40877698 49.23445348 -16.59150969
v -8.40127863 49.22642001 -16.17114455
v -8.44405015 49.22299327 -15.75283071
v -8.53647415 49.22422270 -15.34260650
v -8.67721649 49.23009057 -14.94639345
v -8.86424557 49.24051217 -14.56991088
v -7.69283400 57.60214841 -15.60107518
v -7.51605734 64.09378926 -14.30605467
v -9.45246233 41.61104647 -14.88607307
v -9.01114948 41.66044508 -16.17439668
v -9.10167593 41.63916708 -15.72713135
v -9.24962035 41.62260684 -15.29523753
v -8.81608939 44.19373958 -16.22919062
v -23.69455384 9.42133503 0.13976585
v -23.25822302 9.38377567 0.14642331
v -22.82435637 9.34788244 0.09835022
v -22.39974842 9.31421744 -0.00370057
v -21.99104867 9.28330787 -0.15813091
v -21.60465753 9.25563780 -0.36252235
v -21.24662602 9.23164053 -0.61367406
v -20.92256105 9.21169189 -0.90765290
v -20.63753760 9.19610427 -1.23985506
v -20.39601925 9.18512178 -1.60507812
v -11.58804805 9.18512178 -16.86093175
v -11.38520606 9.19668214 -17.27009620
v -11.23726164 9.21324239 -17.70199002
v -11.14673519 9.23452039 -18.14925535
v -13.68894114 9.80837069 -23.45138985
v -9.92206841 37.32322045 -18.94679149
v -9.94697012 37.33656639 -19.00604054
v -9.96378736 37.34927584 -19.06820412
v -9.97223030 37.36112974 -19.13221085
v -9.97215341 37.37192380 -19.19695761
v -9.96355804 37.38147198 -19.26132849
v -9.94659231 37.38960973 -19.32421411
v -9.92154862 37.39619680 -19.38453064
v -9.88885860 37.40111966 -19.44123856
v -9.84908564 37.40429347 -19.49336051
v -9.80291522 37.40566352 -19.53999821
v -9.75114306 37.40520621 -19.58034786
v -9.69466144 37.40292941 -19.61371405
v -13.51615283 9.90183209 -24.16201253
v -13.72299894 9.82267678 -23.50970498
v -13.74856160 9.83652276 -23.57231561
v -13.76514188 9.84964470 -23.63802832
v -13.77242372 9.86179249 -23.70559057
v -13.77026834 9.87273457 -23.77371455
v -13.75871682 9.88226239 -23.84110175
v -13.73798933 9.89019432 -23.90646770
v -13.70848098 9.89637919 -23.96856646
v -13.67075421 9.90069909 -24.02621437
v -13.62552814 9.90307170 -24.07831259
v -13.57366483 9.90345178 -24.12386809
v -10.51399772 32.81974883 -20.22036923
v -10.53363695 32.81760834 -20.19099196
v -10.60861922 32.78078432 -19.90732757
v -10.60593198 32.77459963 -19.87257396
v -10.60054110 32.76787938 -19.83689495
v -11.12844486 28.23850816 -21.00850991
v -11.22768617 28.22022980 -20.81402963
v -12.49489358 19.05230041 -22.32965178
v -11.23493684 28.18504627 -20.59789623
v -13.03234094 14.48599356 -23.27879779
v -13.05518167 14.48402813 -23.24763824
v -13.13836799 14.43978742 -22.91048707
v -13.13248706 14.43273318 -22.87290912
v -10.59253749 32.80307440 -20.05431526
v -13.12719888 14.46729821 -23.08586149
v -9.36284434 41.81784337 -18.24427777
v -9.37895655 41.83072662 -18.30651584
v -9.38667737 41.84288385 -18.37048262
v -9.38587402 41.85410599 -18.43507811
v -9.37656033 41.86420007 -18.49919147
v -9.35889644 41.87299248 -18.56172018
v -9.33318613 41.88033204 -18.62158895
v -9.29987152 41.88609253 -18.67776824
v -9.25952552 41.89017489 -18.72929195
v -9.21284193 41.89250892 -18.77527405
v -9.16062356 41.89305447 -18.81492380
v -9.10376839 41.89180217 -18.84755937
v -9.34899202 41.14257127 -18.86344986
v -9.37266666 41.14066646 -18.83543574
v -9.55019281 40.37685958 -18.80991038
v -9.47994618 41.09926320 -18.52002064
v -9.47807723 41.09275237 -18.48392333
v -9.64543238 38.89919007 -19.24186128
v -9.66807301 38.89748089 -19.21399871
v -9.76990818 38.85956523 -18.91055974
v -9.76858629 38.85360132 -18.87645658
v -9.76470635 38.84712044 -18.84131730
v -9.45357378 41.12488168 -18.68635687
v -9.74391625 38.88325208 -19.07055776
v -8.47400319 49.25923491 -17.07236309
v -8.47290673 49.27053263 -17.13747474
v -8.46316677 49.28067344 -17.20205543
v -8.44495349 49.28948016 -17.26497669
v -8.41858515 49.29679889 -17.32513909
v -8.38452249 49.30250176 -17.38149137
v -8.34336070 49.30648911 -17.43304887
v -8.29581903 49.30869128 -17.47891070
v -8.24272819 49.30906977 -17.51827549
v -8.18501586 49.30761799 -17.55045541
v -8.47386789 48.07173302 -17.67237612
v -8.49919162 48.07020201 -17.64593987
v -8.73406958 46.82204324 -17.73636109
v -8.62426986 48.03606598 -17.36341195
v -8.94317809 44.36293785 -18.30978812
v -8.96610388 44.36125352 -18.28425039
v -9.07943046 44.33024482 -18.02779887
v -9.08263727 44.32494656 -17.99516377
v -9.08365366 44.31917151 -17.96130769
v -8.58440008 48.05747593 -17.51367542
v -9.04106526 44.34935406 -18.16405362
v -7.48366507 64.10765443 -14.35284564
v -7.44579746 64.12073127 -14.39557662
v -7.40297419 64.13284032 -14.43366121
v -7.35578296 64.14381541 -14.46657673
v -7.30487138 64.15350591 -14.49387147
v -7.46523779 56.74278766 -16.15379521
v -7.44785289 60.43365440 -15.25246442
v -7.89338648 53.02166447 -16.79856128
v -7.62740136 57.18272622 -15.90790249
v -8.22595214 51.14369274 -16.94102599
v -8.23681913 51.13914006 -16.90934351
v -7.93475772 53.01808128 -16.75827183
v -8.21338471 51.14775577 -16.97102923
v -7.91448796 53.02005061 -16.77915764
v -7.81947492 55.31322845 -16.17901710
v -8.24187754 50.23329280 -17.25777116
v -8.21845109 50.23510384 -17.28317620
v -7.65808970 56.03395929 -16.19560713
v -8.39113693 49.75176613 -17.17633084
v -8.37891991 49.75592828 -17.20809425
v -7.69823035 56.82148613 -15.90247745
v -8.32692849 49.53743270 -17.37868494
v -8.30318235 49.53915309 -17.40478965
v -7.60001578 56.78776934 -16.04955424
v -8.43439702 49.40389137 -17.23419211
v -8.42227992 49.40807650 -17.26639253
v -7.54363431 65.26989806 -14.04588574
v -7.50669933 65.28292771 -14.08783067
v -7.46498558 65.29503005 -14.12533851
v -7.41904257 65.30604564 -14.15791515
v -7.36947551 65.31582939 -14.18513145
v -7.44520440 64.51443975 -14.31294260
v -7.58052397 65.55518999 -13.95412014
v -7.54396507 65.57505021 -13.99595543
v -7.50231773 65.59423020 -14.03308761
v -7.45616186 65.61246290 -14.06499963
v -7.40614017 65.62949441 -14.09124712
v -7.50732591 65.48672086 -14.04790668
v -7.55487005 65.76489667 -13.95542207
v 1.92984870 66.14503576 -15.69990237
v 1.92632084 66.39759098 -15.67120217
v 3.83086450 66.14503576 -15.34717328
v 3.82386150 66.39759098 -15.31911789
v 5.67464532 66.14503576 -14.76514988
v 5.66427179 66.39759098 -14.73815846
v 7.43364414 66.14503576 -13.96252789
v 7.42005508 66.39759098 -13.93700370
v 7.58052397 65.55518999 -13.95412014
v 7.54396507 65.57505021 -13.99595543
v 7.50231773 65.59423020 -14.03308761
v 7.45616186 65.61246290 -14.06499963
v 7.55487005 65.76489667 -13.95542207
v 7.57530395 65.25611274 -14.00005627
v 7.41904257 65.30604564 -14.15791515
v 7.46498558 65.29503005 -14.12533851
v 7.50669933 65.28292771 -14.08783067
v 7.54363431 65.26989806 -14.04588574
v 7.50732591 65.48672086 -14.04790668
v 7.35578296 64.14381541 -14.46657673
v 7.40297419 64.13284032 -14.43366121
v 7.44579746 64.12073127 -14.39557662
v 7.48366507 64.10765443 -14.35284564
v 7.51605734 64.09378926 -14.30605467
v 7.54972620 60.39000854 -15.07801780
v 7.75538299 56.67564945 -15.76787367
v 8.46643698 49.24697769 -17.00785821
v 8.24272819 49.30906977 -17.51827549
v 8.29581903 49.30869128 -17.47891070
v 8.34336070 49.30648911 -17.43304887
v 8.38452249 49.30250176 -17.38149137
v 8.41858515 49.29679889 -17.32513909
v 8.44495349 49.28948016 -17.26497669
v 8.46316677 49.28067344 -17.20205543
v 8.47290673 49.27053263 -17.13747474
v 8.47400319 49.25923491 -17.07236309
v 7.66087529 56.72312728 -15.99661480
v 7.42742965 62.27423549 -14.82496592
v 7.40292987 62.28045329 -14.85147712
v 7.53726347 58.57583329 -15.63352379
v 9.33861780 41.80445564 -18.18483870
v 9.16062356 41.89305447 -18.81492380
v 9.21284193 41.89250892 -18.77527405
v 9.25952552 41.89017489 -18.72929195
v 9.29987152 41.88609253 -18.67776824
v 9.33318613 41.88033204 -18.62158895
v 9.35889644 41.87299248 -18.56172018
v 9.37656033 41.86420007 -18.49919147
v 9.38587402 41.85410600 -18.43507811
v 9.38667737 41.84288385 -18.37048262
v 9.37895655 41.83072662 -18.30651584
v 9.36284434 41.81784337 -18.24427777
v 9.09891545 43.12679192 -18.52239697
v 9.12215313 43.12499185 -18.49589778
v 9.04762564 44.34744202 -18.14853633
v 9.23309388 43.09204184 -18.23009344
v 9.23537723 43.08644523 -18.19649423
v 9.23530635 43.08035826 -18.16173240
v 8.63058472 46.83540860 -17.88481272
v 8.65638926 46.83370474 -17.85715306
v 8.77810879 46.79702210 -17.56211836
v 9.19715096 43.11231224 -18.37108409
v 8.74176722 46.81988443 -17.71862793
v 9.88951140 37.30946802 -18.89147810
v 9.75114306 37.40520621 -19.58034786
v 9.80291522 37.40566352 -19.53999821
v 9.84908564 37.40429347 -19.49336051
v 9.88885860 37.40111966 -19.44123856
v 9.92154862 37.39619680 -19.38453064
v 9.94659231 37.38960973 -19.32421411
v 9.96355804 37.38147198 -19.26132849
v 9.97215341 37.37192380 -19.19695761
v 9.97223030 37.36112974 -19.13221085
v 9.96378736 37.34927584 -19.06820412
v 9.94697012 37.33656639 -19.00604054
v 9.92206841 37.32322045 -18.94679149
v 9.74827846 38.15158607 -19.36580646
v 9.77102610 38.14990042 -19.33739221
v 9.74925775 38.88110582 -19.05371369
v 9.79097099 38.14776024 -19.30854433
v 9.87046701 38.11143163 -19.02839850
v 9.86851261 38.10535040 -18.99384749
v 9.86391204 38.09874310 -18.95831106
v 9.44579165 40.39468188 -18.99067100
v 9.46960597 40.39279697 -18.96207952
v 9.49060518 40.39043687 -18.93282124
v 9.57436444 40.35076169 -18.64068240
v 9.57178966 40.34412405 -18.60411138
v 9.85170744 38.13337307 -19.17393734
v 9.55555658 40.37451976 -18.79236711
v 11.72623615 9.42133503 -20.58996848
v 11.50230521 9.38377567 -20.21542364
v 11.32700440 9.34788244 -19.81564755
v 11.20307900 9.31421744 -19.39690088
v 11.13246972 9.28330787 -18.96574135
v 11.11628233 9.25563780 -18.52892108
v 11.15477033 9.23164053 -18.09328085
v 11.24733100 9.21169189 -17.66564293
v 11.39251478 9.19610427 -17.25270430
v 11.58804805 9.18512178 -16.86093175
v 9.45246233 41.61104647 -14.88607307
v 9.25998817 41.62179177 -15.27064297
v 9.11603682 41.63698293 -15.67573927
v 9.02278289 41.65639047 -16.09524234
v 8.98163515 41.67972121 -16.52281492
v 8.99321519 41.70662271 -16.95199785
v 9.05734807 41.73668856 -17.37630763
v 9.17306497 41.76946458 -17.78933439
v 8.86424557 49.24051217 -14.56991088
v 8.67721649 49.23009057 -14.94639345
v 8.53647415 49.22422270 -15.34260650
v 8.44405015 49.22299327 -15.75283071
v 8.40127863 49.22642001 -16.17114455
v 8.40877698 49.23445348 -16.59150969
v 8.63766096 46.70864106 -15.97580257
v 8.84546249 44.23521214 -17.02899029
v 8.94978678 42.91668374 -15.94968581
v 7.44520375 64.51442744 -14.31294586
v 15.91205636 65.25611274 0.43962247
v 18.96245576 49.24697769 1.17177960
v 18.57305737 49.23445348 1.01354036
v 18.20526131 49.22642001 0.80985156
v 17.86437666 49.22299327 0.56365341
v 17.55532406 49.22422270 0.27849978
v 17.28256467 49.23009057 -0.04149319
v 17.05003574 49.24051217 -0.39170641
v 17.35734444 57.60214841 1.13834792
v 16.14743544 64.09378926 0.64393074
v 20.41784118 41.80445564 1.00493910
v 19.99254799 41.76946458 0.95055990
v 19.57699787 41.73668856 0.84426029
v 19.17746838 41.70662271 0.68764611
v 18.79999504 41.67972121 0.48308325
v 18.45028019 41.65639047 0.23366197
v 18.13360684 41.63698293 -0.05684983
v 17.85475883 41.62179177 -0.38406351
v 17.61794861 41.61104647 -0.74303597
v 18.46293606 44.19373958 0.47963793
v 20.39601925 9.18512178 -1.60507812
v 20.63753760 9.19610427 -1.23985506
v 20.92256105 9.21169189 -0.90765290
v 21.24662602 9.23164053 -0.61367406
v 21.60465753 9.25563780 -0.36252235
v 21.99104867 9.28330787 -0.15813091
v 22.39974842 9.31421744 -0.00370057
v 22.82435637 9.34788244 0.09835022
v 23.25822302 9.38377567 0.14642331
v 23.69455384 9.42133503 0.13976585
v 21.30525565 37.30946802 0.88117095
v 27.15396994 9.80837069 -0.12927585
v 21.36943695 37.32322045 0.88063245
v 21.43319900 37.33656639 0.88869146
v 21.49544285 37.34927584 0.90520909
v 21.55509578 37.36112974 0.92990066
v 21.61112967 37.37192380 0.96234062
v 21.66257881 37.38147198 1.00196987
v 21.70855648 37.38960973 1.04810543
v 21.74827029 37.39619680 1.09995217
v 21.78103577 37.40111966 1.15661652
v 21.80628823 37.40429347 1.21712189
v 21.82359245 37.40566352 1.28042550
v 21.83265019 37.40520621 1.34543633
v 21.83330535 37.40292941 1.41103394
v 27.68299307 9.90183209 0.37567455
v 27.22150122 9.82267678 -0.12961321
v 27.28850494 9.83652276 -0.12044581
v 27.35370396 9.84964470 -0.10194839
v 27.41585551 9.86179249 -0.07447353
v 27.47377491 9.87273457 -0.03854492
v 27.52635818 9.88226239 0.00515259
v 27.57260301 9.89019432 0.05578609
v 27.61162794 9.89637919 0.11239046
v 27.64268911 9.90069909 0.17388675
v 27.66519446 9.90307170 0.23910278
v 27.67871502 9.90345178 0.30679548
v 22.78219946 32.82142073 1.03874696
v 22.76835229 32.81974883 1.00479550
v 22.75273044 32.81760834 0.97309878
v 22.54456101 32.78078432 0.76633004
v 22.51311988 32.77459963 0.75128045
v 22.47952551 32.76787938 0.73810958
v 23.75812571 28.23850816 0.86673900
v 25.58549249 19.05230041 0.34393063
v 23.63932150 28.22022980 0.68355336
v 23.45576982 28.18504627 0.56920740
v 26.67620072 14.48599356 0.35306057
v 26.66063613 14.48402813 0.31770015
v 26.41024781 14.43978742 0.07708309
v 26.37476389 14.43273318 0.06338715
v 22.66381522 32.80307440 0.85375108
v 26.55654196 14.46729821 0.17444303
v 20.48143019 41.81784337 1.01367784
v 20.54338604 41.83072662 1.03084329
v 20.60264331 41.84288385 1.05614025
v 20.65818297 41.85410599 1.08913371
v 20.70904993 41.86420007 1.12925629
v 20.75436944 41.87299248 1.17581802
v 20.79336215 41.88033204 1.22801819
v 20.82535754 41.88609253 1.28495913
v 20.84980538 41.89017489 1.34566165
v 20.86628525 41.89250892 1.40908187
v 20.87451376 41.89305447 1.47412919
v 20.87434940 41.89180217 1.53968499
v 20.99829917 41.14066646 1.30075044
v 20.77878145 41.09926320 1.05013610
v 20.74658578 41.09275237 1.03370600
v 21.06495664 40.37685958 1.13424560
v 21.48665688 38.89919007 1.26774117
v 21.47384750 38.89748089 1.23420253
v 21.26197922 38.85956523 0.99429119
v 21.23178407 38.85360132 0.97838440
v 21.19941260 38.84712044 0.96417489
v 20.90964664 41.12488168 1.15614338
v 21.38754561 38.88325208 1.09679987
v 19.02210174 49.25923491 1.19747952
v 19.07794185 49.27053263 1.23098490
v 19.12900038 49.28067344 1.27171029
v 19.17438516 49.28948016 1.31894409
v 19.21330315 49.29679889 1.37186094
v 19.24507433 49.30250176 1.42953621
v 19.26914354 49.30648911 1.49096211
v 19.28509021 49.30869128 1.55506532
v 19.29263570 49.30906977 1.62072574
v 19.29164816 49.30761799 1.68679604
v 19.54166061 48.07173302 1.49760320
v 19.53142801 48.07020201 1.46245408
v 19.72717407 46.82204324 1.30425441
v 19.34929077 48.03606598 1.21286919
v 20.32833069 44.36293785 1.40987465
v 20.31767727 44.36125352 1.37725146
v 20.15224703 44.33024482 1.15088201
v 20.12558761 44.32494656 1.13178727
v 20.09677558 44.31917151 1.11397902
v 19.45948786 48.05747593 1.32252916
v 20.25106450 44.34935406 1.25223462
v 16.17176147 64.10765443 0.69537876
v 16.18983379 64.12073127 0.74953856
v 16.20140437 64.13284032 0.80566689
v 16.20631443 64.14381541 0.86299346
v 16.20449659 64.15350591 0.92073155
v 17.72221591 56.74278766 1.61181203
v 16.93294811 60.43365440 1.17620241
v 18.47068840 53.01572888 1.47932656
v 18.45890562 53.01295570 1.45103124
v 18.48046799 53.01808128 1.50743416
v 18.48842075 53.02005061 1.53543119
v 18.49467405 53.02166447 1.56340743
v 17.59034835 57.18272622 1.34842790
v 18.74004600 51.13451703 1.29895735
v 18.76341967 51.13936569 1.32254883
v 19.04037530 50.22841829 1.42955985
v 19.05458006 50.23109024 1.46011567
v 19.06708120 50.23337808 1.49257313
v 19.02249476 49.74221986 1.27276745
v 19.04779531 49.74725474 1.29652907
v 19.18640797 49.53264412 1.41510618
v 19.20123317 49.53528068 1.44618927
v 19.21428526 49.53750538 1.47924054
v 19.09324309 49.39425501 1.26406575
v 19.11902712 49.39933503 1.28785363
v 15.93591102 65.26989806 0.48996392
v 15.95376891 65.28292771 0.54292302
v 15.96539478 65.29503005 0.59780210
v 15.97063547 65.30604564 0.65387824
v 15.96942195 65.31582939 0.71041272
v 16.11797409 64.51443975 0.70873516
v 15.87488451 65.55518999 0.41213374
v 15.89283549 65.57505021 0.46471232
v 15.90416923 65.59423020 0.51934607
v 15.90872791 65.61246290 0.57527423
v 15.90644807 65.62949441 0.63171803
v 15.91950701 65.48672086 0.52241839
v 15.86318506 65.76489667 0.43500165
v 15.62200685 65.89973317 2.74839300
v 15.08671960 65.89973317 4.89812760
v 14.25714078 65.89973317 6.95231608
v 13.14945273 65.89973317 8.87088807
v 11.78526273 65.89973317 10.61641863
v 10.19118158 65.89973317 12.15485829
v 15.63943017 66.14503576 2.37054303
v 15.61087131 66.39721336 2.36621423
v 15.19668083 66.39721336 4.28475956
v 15.04500232 66.14503576 4.88458347
v 15.01752893 66.39721336 4.87566382
v 14.54765826 66.39721336 6.13709312
v 14.21771743 66.14503576 6.93309177
v 14.19175473 66.39721336 6.92043138
v 13.67383284 66.39721336 7.89459107
v 13.11309232 66.14503576 8.84635859
v 13.08914675 66.39721336 8.83020442
v 12.58870767 66.39721336 9.53009506
v 11.75267453 66.14503576 10.58706248
v 11.73121319 66.39721336 10.56772964
v 11.30905104 66.39721336 11.01833187
v 10.16300128 66.14503576 12.12124810
v 10.14444281 66.39721336 12.09911372
v 8.50030789 65.62949441 13.45952909
v 8.29436055 65.55518999 13.54198640
v 8.34887042 65.57505021 13.53124311
v 8.40185150 65.59423020 13.51374154
v 8.45256605 65.61246290 13.48972540
v 8.30831501 65.76489667 13.52042042
v 8.59994644 65.31582939 13.47471873
v 8.55159290 65.30604564 13.50403691
v 8.50040920 65.29503005 13.52753641
v 8.44706958 65.28292771 13.54490766
v 8.39227672 65.26989806 13.55592182
v 8.41218110 65.48672086 13.52548829
v 8.89962520 64.15350591 13.57313993
v 8.85053148 64.14381541 13.60358327
v 8.79843018 64.13284032 13.62799432
v 8.74403633 64.12073127 13.64603806
v 8.68809640 64.10765443 13.65746688
v 8.67277284 64.51442744 13.60420851
v 11.10663230 49.30761799 15.86365937
v 10.25707540 56.74209504 14.54209352
v 11.04990751 49.30906977 15.89754976
v 10.98927118 49.30869128 15.92384538
v 10.92578284 49.30648911 15.94208676
v 10.86055184 49.30250176 15.95195516
v 10.79471800 49.29679889 15.95327815
v 10.72943166 49.28948016 15.94603260
v 10.66583361 49.28067344 15.93034513
v 10.60503512 49.27053263 15.90648984
v 10.54809855 49.25923491 15.87488358
v 10.02303714 56.72312728 14.63282001
v 9.08991417 62.26771218 13.85011448
v 9.12508227 62.27423549 13.84482572
v 9.16029154 62.28045329 13.83686388
v 9.77039702 58.57583329 14.34422354
v 11.77058102 41.89180217 17.30787438
v 11.71389020 41.89305447 17.34079462
v 11.65344333 41.89250892 17.36619217
v 11.59027986 41.89017489 17.38363030
v 11.52548602 41.88609253 17.39280911
v 11.46017602 41.88033204 17.39357076
v 11.39547299 41.87299248 17.38590216
v 11.33248960 41.86420007 17.36993518
v 11.27230895 41.85410600 17.34594440
v 11.21596594 41.84288385 17.31434237
v 11.16442949 41.83072662 17.27567255
v 11.11858585 41.81784337 17.23059993
v 11.45684078 43.12499185 17.14796524
v 11.17117709 43.09204184 17.11114058
v 11.14093764 43.08644523 17.09631841
v 11.19328068 44.34744202 16.90974182
v 11.11086846 43.08035826 17.07887611
v 11.17340980 46.83540860 16.41671198
v 11.13655356 46.83370474 16.42522954
v 10.82018625 46.79702210 16.38312439
v 11.31125003 43.11231224 17.15050842
v 10.97389829 46.81988443 16.42990645
v 12.13864391 37.40292941 18.20268011
v 12.08150713 37.40520621 18.23491153
v 12.02067723 37.40566352 18.25957271
v 11.95720259 37.40429347 18.27623863
v 11.89217717 37.40111966 18.28462204
v 11.82672167 37.39619680 18.28457848
v 11.76196417 37.38960973 18.27610868
v 11.69902077 37.38147198 18.25935862
v 11.63897625 37.37192380 18.23461699
v 11.58286548 37.36112974 18.20231019
v 11.53165549 37.34927584 18.16299503
v 11.48622888 37.33656639 18.11734908
v 11.44736855 37.32322045 18.06615904
v 11.89714113 38.15158607 18.12516002
v 11.86115985 38.14990042 18.13065293
v 11.62637121 38.88110582 17.96996172
v 11.82620441 38.14776024 18.13350177
v 11.54384299 38.11143163 18.06227443
v 11.51489814 38.10535040 18.04330636
v 11.48642298 38.09874310 18.02155394
v 11.72350770 40.39468188 17.67563103
v 11.68683958 40.39279697 17.68195909
v 11.65100157 40.39043687 17.68551581
v 11.35612228 40.35076169 17.61198404
v 11.32573824 40.34412405 17.59146870
v 11.67926311 38.13337307 18.11879758
v 11.49688903 40.37451976 17.67153830
v 13.49369890 9.42133503 23.65870146
v 8.80737512 9.15137703 18.46896214
v 9.24199821 9.12990231 18.49811737
v 9.66987281 9.11349753 18.58095835
v 10.08435523 9.10241742 18.71619881
v 10.47900970 9.09683402 18.90173884
v 10.84770833 9.09683402 19.13469751
v 11.18472626 9.10241742 19.41145763
v 11.48483054 9.11349753 19.72772188
v 11.74336139 9.12990231 20.07857955
v 11.95630454 9.15137703 20.45858281
v 10.67483241 9.21131327 19.00519703
v 10.67144248 9.15367195 19.00873892
v 9.72603354 5.76013512 21.74328150
v 9.34083544 5.65074660 21.74519088
v 8.94833529 5.58495726 21.74633924
v 8.54849743 5.56298013 21.74672285
v 8.59005328 5.69483496 21.22056658
v 8.62718662 5.88079454 20.75040544
v 8.65953686 6.10360441 20.34080530
v 8.69008952 6.37732160 19.95396503
v 8.71811559 6.69801658 19.59911506
v 8.74296770 7.05958882 19.28445185
v 8.76412859 7.45413937 19.01652487
v 8.78124640 7.87253726 18.79978896
v 8.79415204 8.30509635 18.63638514
v 8.80267052 8.73012241 18.52852903
v 10.14140760 5.97834065 21.50401439
v 10.53923120 6.26637244 21.27485682
v 10.90656197 6.62115560 21.06326399
v 11.23117597 7.03544339 20.87627722
v 11.50281541 7.49819501 20.71980527
v 11.71423305 7.99552496 20.59802278
v 11.86181891 8.51205958 20.51300918
v 11.92081021 8.83268819 20.47902854
v 9.42484511 5.88101030 20.97838723
v 9.98955393 6.58334726 20.08463485
v 10.43889938 7.67814356 19.37346556
v 11.24668941 8.06052172 19.83847466
v -8.80737512 9.15137703 18.46896214
v -8.89158918 5.52641712 22.22394487
v -9.30029436 5.60941185 21.98851922
v -9.70991479 5.75315184 21.75256635
v -10.11037625 5.95934417 21.52188931
v -10.49105285 6.22673236 21.30260891
v -10.84160184 6.55089065 21.10068285
v -11.15284671 6.92439543 20.92139707
v -11.41755946 7.33737668 20.76891509
v -11.63100637 7.77836652 20.64596369
v -11.79117329 8.23529637 20.55370304
v -11.89866042 8.69647154 20.49178744
v -11.95630454 9.15137703 20.45858281
v -11.74336139 9.12990231 20.07857955
v -11.48483054 9.11349753 19.72772188
v -11.18472626 9.10241742 19.41145763
v -10.84770833 9.09683402 19.13469751
v -10.47900970 9.09683402 18.90173884
v -10.08435523 9.10241742 18.71619881
v -9.66987281 9.11349753 18.58095835
v -9.24199821 9.12990231 18.49811737
v -8.52890535 5.52641712 21.99478658
v -8.56604160 5.60941185 21.52458870
v -8.60326101 5.75315184 21.05333784
v -8.63964821 5.95934417 20.59262399
v -8.67423769 6.22673236 20.15467178
v -8.70608969 6.55089065 19.75138011
v -8.73437039 6.92439543 19.39330615
v -8.75842303 7.33737668 19.08876540
v -8.77781749 7.77836652 18.84320383
v -8.79237077 8.23529637 18.65893861
v -8.80213739 8.69647154 18.53527925
v -8.84372072 5.55173597 21.89812019
v -9.19103042 5.70906486 21.34844066
v -9.52946844 5.97743262 20.81280215
v -9.85099249 6.36444839 20.30393304
v -10.00192463 6.60478824 20.06505601
v -10.14376116 6.87697157 19.84057441
v -10.27424543 7.18086395 19.63405980
v -10.39085496 7.51530233 19.44950441
v -10.49091649 7.87822232 19.29113922
v -10.57182418 8.26603856 19.16308836
v -10.67144248 9.15367195 19.00873892
v -10.67483241 9.21131327 19.00519703
v -13.49369890 9.42133503 23.65870146
v -14.22176282 9.15422124 23.93733764
v -13.63906146 9.10082376 23.88653721
v -13.69393553 9.11318419 23.92769048
v -13.75421016 9.12433495 23.96085919
v -13.81871422 9.13405938 23.98539888
v -13.88619439 9.14216853 24.00083273
v -13.95533951 9.14850484 24.00686087
v -14.02480608 9.15294519 24.00336616
v -14.09324437 9.15540331 23.99041650
v -14.15932460 9.15583143 23.96826352
v -13.54900688 9.27778235 23.76434182
v -13.59092690 9.18893440 23.82690338
v -13.80439354 9.38382367 23.93639129
v -13.65750743 9.33313903 23.86900569
v -13.61437856 9.40519201 23.82323900
v -13.98832395 9.27603788 23.98075498
v -13.96121165 9.64988788 23.90535175
v -13.77421359 9.53367207 23.89970360
v -14.25706345 8.67364384 24.03438583
v -13.74185065 8.94697078 23.98378702
v -13.82524358 8.85049484 24.03781563
v -13.87851858 8.79964618 24.06286858
v -13.93273676 8.75555255 24.08164757
v -13.98212649 8.72234947 24.09264314
v -14.07225636 8.67927015 24.09734023
v -14.16854635 8.66032076 24.07859726
v -13.95549853 8.81611788 24.07243224
v -14.11736764 8.74978406 24.07365991
v -27.94292042 8.67364384 0.32978622
v -17.20732020 8.67364384 22.01871232
v -19.87625961 8.67364384 19.64306148
v -22.22024802 8.67364384 16.94627211
v -24.20096425 8.67364384 13.97243322
v -25.78602616 8.67364384 10.77016321
v -26.94952006 8.67364384 7.39181502
v -27.67242433 8.67364384 3.89262026
v -13.00090394 54.45451531 12.84837089
v -15.82965898 54.45451531 9.13925787
v -17.62746756 54.45451531 4.83492764
v -14.71974286 43.00929744 14.54704354
v -17.92248530 43.00929744 10.34755171
v -19.95798069 43.00929744 5.47414948
v -16.43858178 31.56407957 16.24571619
v -20.01531161 31.56407957 11.55584555
v -22.28849381 31.56407957 6.11337133
v -18.15742070 20.11886171 17.94438883
v -22.10813793 20.11886171 12.76413938
v -24.61900693 20.11886171 6.75259317
v -27.23588593 9.42133503 -0.14346469
v -27.93965975 8.66051272 0.24759019
v -27.91857673 8.66936588 0.16861801
v -27.89128698 8.69049320 0.11305541
v -27.85349197 8.72465349 0.05975009
v -27.80694734 8.77027815 0.01126365
v -27.74064039 8.83909007 -0.03940253
v -27.64927816 8.93846481 -0.08721651
v -27.52439754 9.07935993 -0.12817095
v -27.37938862 9.24871971 -0.14799662
v -22.52367886 32.56083191 0.73047414
v -22.55726436 32.56755604 0.74363814
v -23.72737771 27.80616534 0.66818918
v -22.58869768 32.57374369 0.75867981
v -22.79685417 32.61056466 0.96534444
v -22.81248262 32.61270181 0.99702726
v -22.82633860 32.61436964 1.03096472
v -25.48813698 18.61696388 0.21714072
v -25.87899415 18.24969560 0.49331160
v -26.50346719 13.82501687 0.04106285
v -25.76106357 18.22389100 0.31328831
v -26.89389116 13.45764707 0.31477108
v -27.69707623 9.07460955 -0.02464934
v -27.75812368 8.98447993 0.01527820
v -27.81263369 8.89476195 0.05861137
v -27.85542499 8.81936129 0.10072795
v -27.88467571 8.76576312 0.13647907
v -27.90506734 8.72844091 0.16779916
v -27.91895763 8.70353294 0.19479883
v -22.70793132 32.59603822 0.84605483
v -25.71493552 18.44158996 0.32133918
v -26.72966845 13.64928672 0.14422389
v -27.47141475 9.25059705 -0.12689646
v -27.54467847 9.16386518 -0.10903648
v -27.86144236 8.88318595 0.14463586
v -27.88157564 8.83574485 0.16944969
v -27.89978391 8.78886800 0.19394995
v -27.02011160 12.45945544 0.13997286
v -27.10527892 11.45125864 -0.00227776
v -27.16946139 10.43688944 -0.09681552
v -27.58631209 10.07641713 0.14106888
v -27.50379378 10.17210728 0.05538056
v -27.34714787 10.30760923 -0.04435668
v -27.38036402 9.80092033 -0.09787752
v -27.55043932 9.66909918 -0.02084449
v -27.50300858 9.94369954 -0.00179412
v -27.43926301 9.75764758 -0.07760762
v -27.52829530 9.92089577 0.01606857
v -27.39595852 9.54719489 -0.11989038
v -23.69580471 9.15137703 0.12517206
v -20.39827796 9.15137703 -1.60707048
v -20.64083867 9.12990231 -1.24525345
v -20.92651837 9.11349753 -0.91612367
v -21.25088125 9.10241742 -0.62479160
v -21.60889086 9.09683402 -0.37578082
v -21.99498830 9.09683402 -0.17295777
v -22.40317856 9.10241742 -0.01947174
v -22.82712358 9.11349753 0.08229407
v -23.26024066 9.12990231 0.13075951
v -21.79639964 9.21131327 -0.25792247
v -21.79777203 9.15367195 -0.26262918
v -11.59090284 9.15137703 -16.86189166
v -23.69325091 5.76013512 -2.44864862
v -23.50230543 5.65074660 -2.78319466
v -23.30704987 5.58495726 -3.12368393
v -23.10746315 5.56298013 -3.47014549
v -20.46754581 8.61546395 -1.65470518
v -20.58552966 8.13043167 -1.73584129
v -20.73836712 7.70238547 -1.84094582
v -20.93480805 7.29240930 -1.97603596
v -21.17230677 6.91005072 -2.13936105
v -21.44645329 6.56402359 -2.32788841
v -21.75123434 6.26156385 -2.53748278
v -22.07946619 6.00793268 -2.76320398
v -22.42333538 5.80613699 -2.99967881
v -22.76514948 5.66034231 -3.23474037
v -23.69572503 8.63218037 0.04487053
v -23.69557301 8.11342838 -0.10834285
v -23.69534756 7.61028580 -0.33556092
v -23.69505181 7.13825633 -0.63362388
v -23.69469316 6.71169849 -0.99509253
v -23.69428263 6.34241130 -1.40883695
v -23.69383384 6.03857146 -1.86114934
v -23.69354510 5.88608265 -2.15214876
v -22.88023883 5.88101030 -2.32703832
v -22.38858097 6.58334726 -1.39110995
v -21.99736302 7.67814356 -0.64638073
v -21.14153138 8.11461593 -1.02980758
v -22.79789456 8.12336681 -0.15609633
v -11.39884046 9.12990231 -17.25286391
v -11.25664555 9.11349753 -17.66483468
v -11.16652602 9.10241742 -18.09140722
v -11.12988116 9.09683402 -18.52595802
v -11.14727997 9.09683402 -18.96173974
v -11.21845230 9.10241742 -19.39198589
v -11.34229303 9.11349753 -19.81001595
v -11.51687927 9.12990231 -20.20933907
v -11.73950017 9.15137703 -20.58375487
v -11.12632956 9.15367195 -18.74610974
v -11.12156723 9.21131327 -18.74727457
v -13.74218704 9.42133503 -23.51523677
v -11.65095400 8.69647154 -16.89051421
v -11.76292946 8.23529637 -16.94388575
v -11.92978446 7.77836652 -17.02341485
v -12.15214425 7.33737668 -17.12939954
v -12.42791060 6.92439543 -17.26083971
v -12.75215209 6.55089065 -17.41538489
v -13.11733892 6.22673236 -17.58944609
v -13.51391140 5.95934417 -17.77846682
v -13.93109490 5.75315184 -17.97731151
v -14.35781982 5.60941185 -18.18070398
v -14.78359126 5.52641712 -18.38364199
v -11.79707828 8.69647154 -20.55043591
v -11.90444233 8.23529637 -20.48830713
v -12.06442586 7.77836652 -20.39572883
v -12.27762835 7.33737668 -20.27235409
v -12.54203799 6.92439543 -20.11934711
v -12.85292646 6.55089065 -19.93944404
v -13.20307405 6.22673236 -19.73682273
v -13.58331475 5.95934417 -19.51678733
v -13.98331766 5.75315184 -19.28531605
v -14.39246906 5.60941185 -19.04855078
v -14.80070623 5.52641712 -18.81231455
v -14.54246802 5.55173597 -18.60794690
v -13.89277673 5.70906486 -18.63388616
v -13.25968117 5.97743262 -18.65916284
v -12.65822556 6.36444839 -18.68317626
v -12.37588592 6.60478824 -18.69444882
v -12.11056088 6.87697157 -18.70504206
v -11.86647185 7.18086395 -18.71478744
v -11.64833743 7.51530233 -18.72349657
v -11.46115839 7.87822232 -18.73096979
v -11.30980924 8.26603856 -18.73701249
v -13.61946108 9.15422124 -24.28507671
v -13.86681730 9.10082376 -23.75504231
v -13.87502004 9.11318419 -23.82314128
v -13.87360768 9.12433495 -23.89192500
v -13.86260764 9.13405938 -23.96005701
v -13.84223367 9.14216853 -24.02621347
v -13.81288162 9.14850484 -24.08910897
v -13.77512183 9.15294519 -24.14752143
v -13.72968796 9.15540331 -24.20031589
v -13.67746279 9.15583143 -24.24646656
v -13.80602028 9.27778235 -23.61595507
v -13.83924017 9.18893440 -23.68353965
v -13.82732616 9.38382367 -23.92315113
v -13.84241158 9.33313903 -23.76225123
v -13.82434090 9.40519201 -23.70201719
v -13.77378104 9.27603788 -24.10462139
v -13.72203608 9.64988788 -24.04343983
v -13.81064367 9.53367207 -23.87867069
v -13.89964351 8.94697078 -23.89268527
v -13.90473720 8.85049484 -23.99191997
v -13.89979619 8.79964618 -24.05058395
v -13.88895018 8.75555255 -24.10692777
v -13.87377776 8.72234947 -24.15519831
v -13.83278063 8.67927015 -24.23560161
v -13.76840374 8.66032076 -24.30961970
v -13.86958859 8.81611788 -24.12203237
v -13.78971723 8.74978406 -24.26282897
v -4.62656362 54.45451531 -17.68329853
v -5.23823782 43.00929744 -20.02119302
v -5.84991203 31.56407957 -22.35908752
v -6.46158624 20.11886171 -24.69698201
v 13.74218704 9.42133503 -23.51523677
v 13.75541048 8.66051272 -24.32025021
v 13.81326089 8.66936588 -24.26250569
v 13.84773464 8.69049320 -24.21109078
v 13.87500089 8.72465349 -24.15170668
v 13.89371906 8.77027815 -24.08715462
v 13.90444378 8.83909007 -24.00439803
v 13.90017079 8.93846481 -23.90136903
v 13.87319807 9.07935993 -23.77274202
v 13.81786314 9.24871971 -23.63724778
v 10.63462266 32.56755604 -19.90698304
v 10.63731286 32.57374369 -19.94172594
v 11.28502005 27.80616534 -20.88260646
v 10.56241428 32.61056466 -20.22532706
v 10.54279037 32.61270181 -20.25470311
v 10.52032766 32.61436964 -20.28367146
v 12.55601911 18.61696388 -22.18194448
v 12.51227669 18.24969560 -22.65852216
v 13.21617212 13.82501687 -22.97320730
v 13.17434582 13.45764707 -23.44817849
v 13.86988507 9.07460955 -23.97404696
v 13.86583053 8.98447993 -24.04687937
v 13.85555791 8.89476195 -24.11575301
v 13.84047953 8.81936129 -24.17386965
v 13.82414352 8.76576312 -24.21707707
v 13.80721534 8.72844091 -24.25039679
v 13.79077808 8.70353294 -24.27592597
v 10.62126069 32.59603822 -20.08867280
v 12.57917987 18.44158996 -22.43045701
v 12.60921615 18.22389100 -22.46637963
v 12.90966295 16.04549848 -22.82570201
v 13.23993267 13.64928672 -23.22068386
v 13.86676760 9.16386518 -23.79987305
v 13.80546285 8.88318595 -24.20103480
v 13.79404008 8.83574485 -24.23087765
v 13.78192637 8.78886800 -24.25889660
v 13.53097448 11.53779104 -23.35047230
v 13.39749180 12.50559417 -23.40911201
v 13.68993489 10.12485378 -23.90534511
v 13.63649358 10.83518872 -23.62945137
v 13.71246809 10.21824118 -23.78579361
v 13.69992134 9.40416962 -24.15467345
v 13.71837467 10.12966980 -23.55682391
v 13.76696198 9.82238789 -23.63326161
v 13.75454114 9.97745034 -23.77070971
v 13.78159036 9.77934821 -23.69353048
v 13.79666468 9.69205396 -23.76757348
v 13.79028367 9.55740243 -23.62830287
v 13.77844359 9.55478283 -23.97638763
v 13.82426223 9.29238303 -23.99383698
v 13.81462896 9.55997358 -23.80059214
v 13.83299929 9.42802133 -23.80854313
v 13.85366374 9.27415630 -23.81018608
v 11.73950017 9.15137703 -20.58375487
v 11.59090284 9.15137703 -16.86189166
v 11.39884046 9.12990231 -17.25286391
v 11.25664555 9.11349753 -17.66483468
v 11.16652602 9.10241742 -18.09140722
v 11.12988116 9.09683402 -18.52595802
v 11.14727997 9.09683402 -18.96173974
v 11.21845230 9.10241742 -19.39198589
v 11.34229303 9.11349753 -19.81001595
v 11.51687927 9.12990231 -20.20933907
v 11.12156723 9.21131327 -18.74727457
v 11.12632956 9.15367195 -18.74610974
v 20.39827796 9.15137703 -1.60707048
v 13.96721737 5.76013512 -19.29463287
v 14.16147000 5.65074660 -18.96199622
v 14.35871457 5.58495726 -18.62265531
v 14.55896572 5.56298013 -18.27657737
v 11.66678962 8.61546395 -16.89806204
v 11.79604749 8.13043167 -16.95967099
v 11.96348941 7.70238547 -17.03947985
v 12.17870137 7.29240930 -17.14205762
v 12.43889440 6.91005072 -17.26607499
v 12.73923714 6.56402359 -17.40922916
v 13.07314172 6.26156385 -17.56838011
v 13.43273794 6.00793268 -17.73977663
v 13.80946574 5.80613699 -17.91933867
v 14.18394208 5.66034231 -18.09782759
v 11.80900350 8.63218037 -20.54353510
v 11.94161417 8.11342838 -20.46679676
v 12.13827806 7.61028580 -20.35299248
v 12.39626028 7.13825633 -20.20370488
v 12.70912199 6.71169849 -20.02265994
v 13.06722990 6.34241130 -19.81543221
v 13.45871953 6.03857146 -19.58888735
v 13.71058805 5.88608265 -19.44313758
v 13.45539372 5.88101030 -18.65134891
v 12.39902704 6.58334726 -18.69352490
v 11.55846364 7.67814356 -18.72708483
v 11.46260522 8.11461593 -17.79419946
v 11.53413067 8.12336681 -19.66550767
v 20.64083867 9.12990231 -1.24525345
v 20.92651837 9.11349753 -0.91612367
v 21.25088125 9.10241742 -0.62479160
v 21.60889086 9.09683402 -0.37578082
v 21.99498830 9.09683402 -0.17295777
v 22.40317856 9.10241742 -0.01947174
v 22.82712358 9.11349753 0.08229407
v 23.26024066 9.12990231 0.13075951
v 23.69580471 9.15137703 0.12517206
v 21.79777203 9.15367195 -0.26262918
v 21.79639964 9.21131327 -0.25792247
v 27.23588593 9.42133503 -0.14346469
v 20.45309139 8.69647154 -1.64476504
v 20.55530022 8.23529637 -1.71505286
v 20.70760195 7.77836652 -1.81978898
v 20.91056728 7.33737668 -1.95936586
v 21.16228098 6.92439543 -2.13246643
v 21.45824178 6.55089065 -2.33599521
v 21.79157662 6.22673236 -2.56522569
v 22.15355961 5.95934417 -2.81415717
v 22.53435591 5.75315184 -3.07602633
v 22.92386142 5.60941185 -3.34388472
v 23.31249661 5.52641712 -3.61114459
v 23.69229542 5.52641712 -3.41163032
v 23.69276341 5.60941185 -2.93996843
v 23.69323245 5.75315184 -2.46725030
v 23.69369101 5.95934417 -2.00510198
v 23.69412690 6.22673236 -1.56578617
v 23.69452830 6.55089065 -1.16123881
v 23.69488470 6.92439543 -0.80204996
v 23.69518781 7.33737668 -0.49656100
v 23.69543222 7.77836652 -0.25023486
v 23.69561562 8.23529637 -0.06539591
v 23.69573870 8.69647154 0.05864848
v 23.38618874 5.55173597 -3.29017329
v 23.08380716 5.70906486 -2.71455450
v 22.78914961 5.97743262 -2.15363932
v 22.50921805 6.36444839 -1.62075677
v 22.37781055 6.60478824 -1.37060719
v 22.25432204 6.87697157 -1.13553234
v 22.14071728 7.18086395 -0.91927235
v 22.03919240 7.51530233 -0.72600784
v 21.95207487 7.87822232 -0.56016942
v 21.88163343 8.26603856 -0.42607587
v 27.84122391 9.15422124 0.34773907
v 27.50587876 9.10082376 -0.13149489
v 27.56895557 9.11318419 -0.10454919
v 27.62781784 9.12433495 -0.06893419
v 27.68132186 9.13405938 -0.02534188
v 27.72842805 9.14216853 0.02538073
v 27.76822113 9.14850484 0.08224810
v 27.79992791 9.15294519 0.14415527
v 27.82293232 9.15540331 0.20989939
v 27.83678739 9.15583143 0.27820304
v 27.35502717 9.27778235 -0.14838675
v 27.43016708 9.18893440 -0.14336373
v 27.63171970 9.38382367 -0.01324015
v 27.49991901 9.33313903 -0.10675446
v 27.43871946 9.40519201 -0.12122181
v 27.76210499 9.27603788 0.12386641
v 27.68324773 9.64988788 0.13808808
v 27.58485726 9.53367207 -0.02103292
v 27.94292042 8.67364384 0.32978622
v 27.64149416 8.94697078 -0.09110175
v 27.72998078 8.85049484 -0.04589566
v 27.77831477 8.79964618 -0.01228463
v 27.82168695 8.75555255 0.02528019
v 27.85590425 8.72234947 0.06255517
v 27.90503699 8.67927015 0.13826138
v 27.93695008 8.66032076 0.23102244
v 27.82508712 8.81611788 0.04960013
v 27.90708487 8.74978406 0.18916905
v 14.25706345 8.67364384 24.03438583
v 27.67242433 8.67364384 3.89262026
v 26.94952006 8.67364384 7.39181502
v 25.78602616 8.67364384 10.77016321
v 24.20096425 8.67364384 13.97243322
v 22.22024802 8.67364384 16.94627211
v 19.87625961 8.67364384 19.64306148
v 17.20732020 8.67364384 22.01871232
v 17.62746756 54.45451531 4.83492764
v 15.82965898 54.45451531 9.13925787
v 13.00090394 54.45451531 12.84837089
v 19.95798069 43.00929744 5.47414948
v 17.92248530 43.00929744 10.34755171
v 14.71974286 43.00929744 14.54704354
v 22.28849381 31.56407957 6.11337133
v 20.01531161 31.56407957 11.55584555
v 16.43858178 31.56407957 16.24571619
v 24.61900693 20.11886171 6.75259317
v 22.10813793 20.11886171 12.76413938
v 18.15742070 20.11886171 17.94438883
v 14.18424927 8.66051272 24.07266002
v 14.10531584 8.66936588 24.09388768
v 14.04355235 8.69049320 24.09803537
v 13.97849108 8.72465349 24.09195658
v 13.91322828 8.77027815 24.07589097
v 13.83619660 8.83909007 24.04380056
v 13.74910737 8.93846481 23.98858554
v 13.65119947 9.07935993 23.90091297
v 13.56152548 9.24871971 23.78524439
v 11.89444859 32.56083191 19.14084101
v 11.92264170 32.56755604 19.16334490
v 12.44235766 27.80616534 20.21441728
v 11.95138483 32.57374369 19.18304613
v 12.23443990 32.61056466 19.25998262
v 12.26969225 32.61270181 19.25767584
v 12.30601094 32.61436964 19.25270674
v 12.93211787 18.61696388 21.96480376
v 13.36671746 18.24969560 22.16521056
v 13.28729507 13.82501687 22.93214445
v 13.15184742 18.22389100 22.15309132
v 13.71954533 13.45764707 23.13340741
v 13.82719117 9.07460955 23.99869630
v 13.89229315 8.98447993 24.03160117
v 13.95707578 8.89476195 24.05714164
v 14.01494546 8.81936129 24.07314170
v 14.06053219 8.76576312 24.08059801
v 14.09785200 8.72844091 24.08259763
v 14.12817955 8.70353294 24.08112714
v 12.08667063 32.59603822 19.24261798
v 13.13575566 18.44158996 22.10911783
v 13.48973578 13.64928672 23.07645997
v 13.62581183 9.25059706 23.85439129
v 13.67791087 9.16386518 23.90890953
v 14.05597951 8.88318595 24.05639894
v 14.08753556 8.83574485 24.06142795
v 14.11785754 8.78886800 24.06494665
v 13.63127585 12.45945544 23.33011662
v 13.55066686 11.45125864 23.47499900
v 13.50088600 10.43688944 23.57785153
v 13.91532528 10.07641713 23.81991263
v 13.79985786 10.17210728 23.79129384
v 13.63515993 10.30760924 23.70550312
v 13.60541760 9.80092033 23.76102957
v 13.75716780 9.66909918 23.86980258
v 13.74995055 9.94369954 23.81920117
v 13.65242134 9.75764759 23.80190264
v 13.77806344 9.92089577 23.83216877
v 13.59415115 9.54719489 23.78554123
v 12.85537449 7.22846598 23.96217299
v 11.91820679 7.02190304 22.34616207
v 11.85766440 7.00398022 22.25190484
v 11.78534988 6.97207757 22.15975562
v 11.70015100 6.92525599 22.07091447
v 11.61404889 6.87160073 21.99682871
v 11.50006358 6.79451616 21.91770345
v 11.40663431 6.72839163 21.86584499
v 11.30405343 6.65451308 21.81990520
v 11.16432312 6.55314746 21.77408521
v 11.00326185 6.43704094 21.74316184
v 10.91651261 6.37550474 21.73545106
v 10.82870899 6.31430855 21.73360836
v 10.48183419 6.09810305 21.73738225
v 10.11259119 5.91253199 21.74062140
v 13.07427432 7.62781264 23.85810386
v 13.24963276 8.05269422 23.77473513
v 13.37905807 8.49731571 23.71320388
v 13.46078501 8.95561290 23.67434935
v 7.67886266 5.56298013 21.74672285
v 7.51990922 5.56115910 21.75685850
v 7.36444668 5.55594969 21.78705626
v 7.21337487 5.54782301 21.83701461
v 7.07010803 5.53773775 21.90558032
v 6.93685605 5.52676774 21.99180123
v 6.81524274 5.51617615 22.09437613
v 6.70810541 5.50737184 22.21099536
v 6.64961800 5.50337570 22.28943201
v 6.59712220 5.50082078 22.37271266
v -8.97668069 5.50553881 22.98131740
v -9.11331339 5.51433879 22.97095512
v -12.10444936 6.34664593 24.31917704
v -12.44705534 6.68351655 24.15629566
v -12.74839542 7.06569576 24.01303287
v -13.00362194 7.48703548 23.89169334
v -13.20862910 7.94075763 23.79422905
v -13.36011897 8.41956322 23.72220789
v -13.45565452 8.91574972 23.67678848
v -12.32733153 6.04708565 25.34393930
v -12.62493423 6.34910198 25.01328679
v -12.89275022 6.70805353 24.71572890
v -13.12594019 7.11745422 24.45664237
v -13.32029052 7.56990635 24.24070876
v -13.47228939 8.05723436 24.07182989
v -13.57919026 8.57063244 23.95305732
v -12.97429751 7.27968842 24.10429434
v -15.97654808 5.53708207 26.93307230
v -15.70445450 5.64764074 26.47438022
v -15.44254602 5.82962613 26.03285806
v -15.19567869 6.07966406 25.61669209
v -14.96842969 6.39311855 25.23359846
v -14.76501245 6.76417784 24.89068012
v -14.58919853 7.18596211 24.59429514
v -14.44424771 7.65065103 24.34993880
v -14.33284753 8.14962880 24.16214171
v -13.79997813 6.41590042 25.45845994
v -14.16256907 8.15154674 24.23154869
v -14.28278316 6.97289374 24.88652564
v -13.73237409 8.40317806 24.10748579
v -13.93005805 7.48853495 24.55647046
v -13.88354913 7.50006395 24.54511036
v -13.70012154 8.16527031 24.17623887
v -13.41747502 6.92057613 24.83159696
v -13.77388975 5.72092142 26.69731649
v -31.31299885 5.53708207 0.36956035
v -30.77971307 5.64764074 0.36326644
v -30.26638942 5.82962613 0.35720812
v -29.78254546 6.07966406 0.35149773
v -29.33715214 6.39311855 0.34624114
v -28.93846753 6.76417784 0.34153580
v -28.59388364 7.18596211 0.33746898
v -28.30978943 7.65065103 0.33411606
v -28.09145229 8.14962880 0.33153921
v -19.28262291 5.53708207 24.67429686
v -18.95422420 5.64764074 24.25407356
v -18.63811821 5.82962613 23.84958020
v -18.34016589 6.07966406 23.46831651
v -18.06589157 6.39311855 23.11735150
v -17.82038059 6.76417784 22.80319243
v -17.60818497 7.18596211 22.53166414
v -22.27345192 5.53708207 22.01212874
v -17.43323905 7.65065103 22.30780105
v -21.89411696 5.64764074 21.63724432
v -17.29878649 8.14962880 22.13575379
v -21.52898139 5.82962613 21.27639271
v -21.18481521 6.07966406 20.93626445
v -20.86799960 6.39311855 20.62316589
v -20.58440867 6.76417784 20.34290218
v -20.33930048 7.18596211 20.10066972
v -24.90013893 5.53708207 18.99009092
v -20.13721959 7.65065103 19.90095974
v -24.47606936 5.64764074 18.66667426
v -19.98191278 8.14962880 19.74747507
v -24.06787370 5.82962613 18.35536384
v -23.68312033 6.07966406 18.06193168
v -23.32894296 6.39311855 17.79181831
v -23.01190842 6.76417784 17.55003192
v -22.73789485 7.18596211 17.34105547
v -27.11974104 5.53708207 15.65758979
v -22.51198275 7.65065103 17.16876361
v -26.65786984 5.64764074 15.39092833
v -22.33836076 8.14962880 17.03635080
v -26.21328756 5.82962613 15.13424863
v -25.79423721 6.07966406 14.89230980
v -25.40848842 6.39311855 14.66959763
v -25.06319338 6.76417784 14.47024144
v -24.76475420 7.18596211 14.29793750
v -28.89597062 5.53708207 12.06910742
v -24.51870426 7.65065103 14.15588050
v -28.40384879 5.64764074 11.86356072
v -24.32960558 8.14962880 14.04670433
v -27.93014823 5.82962613 11.66570812
v -27.48365184 6.07966406 11.47921801
v -27.07263812 6.39311855 11.30754809
v -26.70472769 6.76417784 11.15388132
v -26.38674199 7.18596211 11.02106684
v -30.19978864 5.53708207 8.28331082
v -26.12457681 7.65065103 10.91156715
v -29.68546173 5.64764074 8.14223932
v -25.92309296 8.14962880 10.82741250
v -29.19038728 5.82962613 8.00644845
v -28.72374448 6.07966406 7.87845592
v -28.29418536 6.39311855 7.76063484
v -27.90967441 6.76417784 7.65516974
v -27.57734085 7.18596211 7.56401605
v -31.00987936 5.53708207 4.36209286
v -27.30334649 7.65065103 7.48886385
v -30.48175595 5.64764074 4.28780288
v -27.09277146 8.14962880 7.43110655
v -29.97340143 5.82962613 4.21629375
v -29.49424122 6.07966406 4.14889131
v -29.05315945 6.39311855 4.08684529
v -28.65833423 6.76417784 4.03130608
v -28.31708603 7.18596211 3.98330343
v -28.03574193 7.65065103 3.94372736
v -27.81951836 8.14962880 3.91331166
v -30.10418951 5.53952315 -2.46131385
v -29.82444429 5.65557930 -1.97272939
v -29.55363287 5.84492095 -1.49706029
v -29.45848842 5.92313270 -1.35306211
v -29.34861013 6.01043289 -1.22732302
v -29.26582275 6.07573246 -1.15132352
v -29.16986958 6.15148964 -1.07823827
v -29.06981411 6.23081782 -1.01594977
v -28.96624500 6.31336728 -0.96415645
v -28.82356129 6.42682000 -0.91097030
v -28.65873065 6.55541688 -0.87271938
v -28.57051902 6.62125929 -0.86187838
v -28.47973596 6.68538896 -0.85748506
v -27.94938611 7.02814067 -0.85150231
v -27.73768077 7.13437842 -0.84964792
v -27.57297600 7.19379528 -0.84861080
v -27.45256679 7.22140569 -0.84812885
v -27.32967208 7.23439227 -0.84790217
v -27.25460346 7.23440612 -0.84790193
v -27.17953778 7.22846598 -0.84800562
v -27.23298046 8.95561290 -0.17979290
v -27.22576600 8.49731571 -0.26999778
v -27.21434097 8.05269422 -0.41284901
v -27.19886119 7.62781264 -0.60639823
v -28.95304847 6.41539364 -0.77174340
v -28.73677393 6.86667628 -0.21591841
v -28.70138162 6.89794841 -0.22962230
v -28.54284566 7.11526114 -0.15935984
v -28.06562956 8.15189589 0.14716308
v -28.09177975 7.66454266 -0.23830873
v -28.04533452 7.68437931 -0.27416759
v -27.88573424 7.88995759 -0.28644617
v -27.56981444 7.95833918 -0.41425968
v -27.54723478 8.16577596 -0.33756734
v -25.31144742 7.02190304 -0.85161119
v -25.19954708 7.00398022 -0.85691382
v -25.08358625 6.97207757 -0.87346542
v -24.96404811 6.92525599 -0.90282924
v -24.85683691 6.87160073 -0.94035298
v -24.73131976 6.79451616 -0.99950452
v -24.63969439 6.72839163 -1.05448741
v -24.54861892 6.65451308 -1.12035517
v -24.43907250 6.55314746 -1.21845516
v -24.33176143 6.43704094 -1.34247664
v -24.28170909 6.37550474 -1.41374829
v -24.23621146 6.31430855 -1.48886710
v -24.06604233 6.09810305 -1.79115644
v -23.88422602 5.91253199 -2.11254984
v -22.67264577 5.56298013 -4.22327129
v -22.60194242 5.56115885 -4.36600723
v -22.55036154 5.55594872 -4.51575201
v -22.51809207 5.54782104 -4.67157496
v -22.50877109 5.54236661 -4.75981950
v -15.36850429 5.51017242 -19.32994034
v -15.21414633 5.53912957 -19.58672664
v -15.08855350 5.58397270 -19.85799150
v -14.99397215 5.64075998 -20.13751623
v -14.92979119 5.70629974 -20.42533408
v -14.89660815 5.77662053 -20.71850466
v -14.89474577 5.84688745 -21.01146729
v -14.92418438 5.91315828 -21.30288502
v -14.98535488 5.97163557 -21.59211528
v -15.07762399 6.01781950 -21.87461237
v -15.20030775 6.04820863 -22.14571770
v -15.35376105 6.06050313 -22.40461930
v -13.77687304 8.91574972 -23.49133288
v -13.86397518 8.41956322 -23.43130637
v -14.00209227 7.94075763 -23.33612288
v -14.18900240 7.48703548 -23.20731361
v -14.42169878 7.06569576 -23.04695072
v -14.69643803 6.68351655 -22.85761396
v -15.00880044 6.34664593 -22.64234916
v -15.47924227 6.05206957 -22.57714875
v -15.61582531 6.02526605 -22.73687871
v -15.76332019 5.98311782 -22.88449585
v -15.91997280 5.92980231 -23.01918696
v -16.08411269 5.86999357 -23.14007874
v -16.25567542 5.80746181 -23.24776766
v -13.95436101 8.57063244 -23.73645238
v -14.11067150 8.05723436 -23.70325981
v -14.33292433 7.56990635 -23.65606436
v -14.61710349 7.11745422 -23.59571884
v -14.95807400 6.70805353 -23.52331367
v -15.34967468 6.34910198 -23.44015716
v -15.78482950 6.04708565 -23.34775192
v -14.38778249 7.27968842 -23.28821841
v -16.60270418 5.69243618 -23.41732840
v -16.82884507 5.62984823 -23.49743861
v -17.06493010 5.57716460 -23.55862762
v -17.28602397 5.54001069 -23.59651803
v -17.46584612 5.51868061 -23.61398794
v -15.22357376 6.43759550 -24.38421372
v -13.90385219 8.15154676 -24.38091895
v -14.01150807 8.40317806 -23.94632771
v -14.47481319 6.97898049 -24.72841456
v -14.32248101 7.50853810 -24.26431061
v -14.08717626 8.16527031 -23.95277272
v -14.33131408 7.52195467 -24.21694832
v -14.62004343 6.76870479 -24.84012603
v 13.75860476 8.14962880 -24.49368092
v 13.86554172 7.65065103 -24.68405485
v 14.00468511 7.18596211 -24.93176412
v 14.17345508 6.76417784 -25.23221593
v 14.36872245 6.39311855 -25.57983960
v 14.58686676 6.07966406 -25.96818982
v 14.82384340 5.82962613 -26.39006618
v 15.07525857 5.64764074 -26.83764666
v 15.33645077 5.53708207 -27.30263265
v 3.99583169 5.53708207 -31.05919833
v 3.92777943 5.64764074 -30.53023498
v 3.86227453 5.82962613 -30.02107196
v 3.80053151 6.07966406 -29.54114968
v 3.74369516 6.39311855 -29.09936640
v 3.69281927 6.76417784 -28.70391324
v 3.64884714 7.18596211 -28.36212231
v 7.92633672 5.53708207 -30.29543956
v 3.61259406 7.65065103 -28.08033076
v 7.79134477 5.64764074 -29.77948364
v 3.58473220 8.14962880 -27.86376330
v 7.66140589 5.82962613 -29.28284115
v 7.53892927 6.07966406 -28.81472037
v 7.42618576 6.39311855 -28.38380073
v 7.32526574 6.76417784 -27.99807192
v 7.23804037 7.18596211 -27.66468577
v 11.72725645 5.53708207 -29.03638972
v 7.16612690 7.65065103 -27.38982359
v 11.52753175 5.64764074 -28.54187644
v 7.11085868 8.14962880 -27.17858162
v 11.33528322 5.82962613 -28.06587395
v 11.15407534 6.07966406 -27.61720782
v 10.98726788 6.39311855 -27.20419679
v 10.83795364 6.76417784 -26.83449851
v 10.70890105 7.18596211 -26.51496757
v 10.60250288 7.65065103 -26.25152841
v 10.52073187 8.14962880 -26.04906545
v 17.18365507 5.53952315 -24.84033595
v 16.62065591 5.65557930 -24.84236172
v 16.07330868 5.84492095 -24.84566669
v 15.90103037 5.92313270 -24.83526828
v 15.73719798 6.01043289 -24.80298043
v 15.62998679 6.07573246 -24.76928420
v 15.51871653 6.15148964 -24.72272895
v 15.41474537 6.23081782 -24.66722261
v 15.31810648 6.31336728 -24.60342580
v 15.20070407 6.42682000 -24.50645116
v 15.08516248 6.55541688 -24.38282909
v 15.03166808 6.62125929 -24.31185608
v 14.98247183 6.68538896 -24.23543230
v 14.71211568 7.02814067 -23.77912724
v 14.60465707 7.13437842 -23.59671223
v 14.52140651 7.19379528 -23.45459228
v 14.46078453 7.22140569 -23.35055581
v 14.39914086 7.23439227 -23.24423922
v 14.36160634 7.23440612 -23.17922800
v 14.32416330 7.22846598 -23.11416738
v 13.77219545 8.95561290 -23.49455644
v 13.84670794 8.49731571 -23.44320611
v 13.96470821 8.05269422 -23.36188612
v 14.12458687 7.62781264 -23.25170563
v 15.14487363 6.41539364 -24.68820379
v 14.55537779 6.86667628 -24.77881704
v 14.54954955 6.89794841 -24.74131446
v 14.40943250 7.11526114 -24.63914951
v 13.90536789 8.15189577 -24.37912969
v 14.25227137 7.66454257 -24.20904046
v 14.26010335 7.68437932 -24.15088837
v 14.19093678 7.88995760 -24.00653118
v 14.14366663 7.95833918 -23.66902985
v 14.06595928 8.16577596 -23.68782145
v 13.39324063 7.02190304 -21.49455088
v 13.34188268 7.00398022 -21.39499102
v 13.29823637 6.97207757 -21.28629020
v 13.26389711 6.92525599 -21.16808523
v 13.24278803 6.87160073 -21.05647573
v 13.23125619 6.79451616 -20.91819893
v 13.23306008 6.72839163 -20.81135758
v 13.24456550 6.65451308 -20.69955003
v 13.27474937 6.55314746 -20.55563004
v 13.32849959 6.43704094 -20.40068520
v 13.36519648 6.37550474 -20.32170277
v 13.40750246 6.31430855 -20.24474126
v 13.58420814 6.09810305 -19.94622581
v 13.77163483 5.91253199 -19.62807156
v 14.99378311 5.56298013 -17.52345156
v 15.08203756 5.56115910 -17.39086167
v 15.18592085 5.55594969 -17.27132604
v 15.30472196 5.54782301 -17.16547319
v 15.43573503 5.53773775 -17.07568332
v 15.57703051 5.52676774 -17.00339418
v 15.72666964 5.51617615 -16.94936141
v 15.88123352 5.50737184 -16.91488738
v 15.97840536 5.50337570 -16.90345412
v 16.07677641 5.50082078 -16.89963174
v 27.07985000 6.06050313 -2.09443746
v 27.11324980 6.34664593 -1.67682788
v 27.14349337 6.68351655 -1.29868170
v 27.17009420 7.06569576 -0.96608215
v 27.19262434 7.48703548 -0.68437973
v 27.21072137 7.94075763 -0.45810617
v 27.22409415 8.41956322 -0.29090152
v 27.23252756 8.91574972 -0.18545560
v 27.29200550 6.05206957 -2.11684266
v 27.49862722 6.02526605 -2.15526206
v 27.70021485 5.98311782 -2.20918781
v 27.89518708 5.92980231 -2.27750739
v 28.08195238 5.86999357 -2.35921082
v 28.26099508 5.80746181 -2.45394404
v 28.11216103 6.04708565 -1.99618738
v 27.97460890 6.34910198 -1.57312963
v 27.85082421 6.70805353 -1.19241524
v 27.74304368 7.11745422 -0.86092353
v 27.65321486 7.56990635 -0.58464440
v 27.58296090 8.05723436 -0.36857008
v 27.53355126 8.57063244 -0.21660493
v 27.36208000 7.27968842 -0.81607594
v 28.55728470 5.70107507 -2.65099169
v 28.82752657 5.60940007 -2.88668095
v 29.01532677 5.55536477 -3.09261027
v 29.17967915 5.51937169 -3.31334289
v 29.28284786 5.50490963 -3.47981257
v 31.31299885 5.53708207 0.36956035
v 30.77971307 5.64764074 0.36326644
v 30.26638942 5.82962613 0.35720812
v 29.78254546 6.07966406 0.35149773
v 29.33715214 6.39311855 0.34624114
v 28.93846753 6.76417784 0.34153580
v 28.59388364 7.18596211 0.33746898
v 28.30978943 7.65065103 0.33411606
v 28.09145229 8.14962880 0.33153921
v 28.94766211 6.41590042 -0.77809833
v 28.06642127 8.15154676 0.14937026
v 28.69375500 6.97289374 -0.07400976
v 27.74388216 8.40317806 -0.16115808
v 28.23155627 7.48853497 -0.21445107
v 28.19846368 7.50006396 -0.24904894
v 27.78729780 8.16527031 -0.22346615
v 28.21353129 6.92057613 -0.79592426
v 30.00749917 5.72092142 -1.42011982
v 15.97654808 5.53708207 26.93307230
v 15.70445450 5.64764074 26.47438022
v 15.44254602 5.82962613 26.03285806
v 15.19567869 6.07966406 25.61669209
v 14.96842969 6.39311855 25.23359846
v 14.76501245 6.76417784 24.89068012
v 14.58919853 7.18596211 24.59429514
v 14.44424771 7.65065103 24.34993880
v 14.33284753 8.14962880 24.16214171
v 31.00987936 5.53708207 4.36209286
v 30.48175595 5.64764074 4.28780288
v 29.97340143 5.82962613 4.21629375
v 29.49424122 6.07966406 4.14889131
v 29.05315945 6.39311855 4.08684529
v 28.65833423 6.76417784 4.03130608
v 28.31708603 7.18596211 3.98330343
v 30.19978864 5.53708207 8.28331082
v 28.03574193 7.65065103 3.94372736
v 29.68546173 5.64764074 8.14223932
v 27.81951836 8.14962880 3.91331166
v 29.19038728 5.82962613 8.00644845
v 28.72374448 6.07966406 7.87845592
v 28.29418536 6.39311855 7.76063484
v 27.90967441 6.76417784 7.65516974
v 27.57734085 7.18596211 7.56401605
v 28.89597062 5.53708207 12.06910742
v 27.30334649 7.65065103 7.48886385
v 28.40384879 5.64764074 11.86356072
v 27.09277146 8.14962880 7.43110655
v 27.93014823 5.82962613 11.66570812
v 27.48365184 6.07966406 11.47921801
v 27.07263812 6.39311855 11.30754809
v 26.70472769 6.76417784 11.15388132
v 26.38674199 7.18596211 11.02106684
v 27.11974104 5.53708207 15.65758979
v 26.12457681 7.65065103 10.91156715
v 26.65786984 5.64764074 15.39092833
v 25.92309296 8.14962880 10.82741250
v 26.21328756 5.82962613 15.13424863
v 25.79423721 6.07966406 14.89230980
v 25.40848842 6.39311855 14.66959763
v 25.06319338 6.76417784 14.47024144
v 24.76475420 7.18596211 14.29793750
v 24.90013893 5.53708207 18.99009092
v 24.51870426 7.65065103 14.15588050
v 24.47606936 5.64764074 18.66667426
v 24.32960558 8.14962880 14.04670433
v 24.06787370 5.82962613 18.35536384
v 23.68312033 6.07966406 18.06193168
v 23.32894296 6.39311855 17.79181831
v 23.01190842 6.76417784 17.55003192
v 22.73789485 7.18596211 17.34105547
v 22.27345192 5.53708207 22.01212874
v 22.51198275 7.65065103 17.16876361
v 21.89411696 5.64764074 21.63724432
v 22.33836076 8.14962880 17.03635080
v 21.52898139 5.82962613 21.27639271
v 21.18481521 6.07966406 20.93626445
v 20.86799960 6.39311855 20.62316589
v 20.58440867 6.76417784 20.34290218
v 20.33930048 7.18596211 20.10066972
v 19.28262291 5.53708207 24.67429686
v 20.13721959 7.65065103 19.90095974
v 18.95422420 5.64764074 24.25407356
v 19.98191278 8.14962880 19.74747507
v 18.63811821 5.82962613 23.84958020
v 18.34016589 6.07966406 23.46831651
v 18.06589157 6.39311855 23.11735150
v 17.82038059 6.76417784 22.80319243
v 17.60818497 7.18596211 22.53166414
v 17.43323905 7.65065103 22.30780105
v 17.29878649 8.14962880 22.13575379
v 12.92053443 5.53952315 27.30164980
v 13.20378838 5.65557930 26.81509110
v 13.48032419 5.84492095 26.34272698
v 13.55502833 5.92008784 26.19409812
v 13.60817595 6.00366420 26.04206993
v 13.63292674 6.06606007 25.93645039
v 13.64885439 6.13495801 25.82643067
v 13.23727043 7.02814067 24.63062955
v 13.13302370 7.13437842 24.44636015
v 13.05156950 7.19379528 24.30320307
v 12.99178226 7.22140569 24.19868466
v 12.93053122 7.23439227 24.09214139
v 12.89299712 7.23440612 24.02712993
v 13.80817484 6.41539364 25.45994719
v 14.19386983 6.85163016 25.00644482
v 14.15183207 6.89794841 24.97093675
v 14.13341316 7.11526114 24.79850936
v 14.16026171 8.15189581 24.23196667
v 13.83950839 7.66454260 24.44734928
v 13.78523117 7.68437932 24.42505595
v 13.69479747 7.88995760 24.29297734
v 13.42614782 7.95833918 24.08328953
v 13.48127550 8.16577596 24.02538879
v 28.69694629 5.50000000 -12.67107535
v -18.91136937 5.50000000 -29.07929015
v -18.39968202 5.50000000 -29.40572578
v -17.88236145 5.50000000 -29.72315858
v -25.32194629 5.50000000 -18.51674682
v -15.72771931 5.50000000 30.91737137
v -16.26626453 5.50000000 30.63745494
v -16.79982969 5.50000000 30.34815858
v -3.37500000 5.50000000 31.18782217
v 34.63908868 5.50000000 -1.83808122
v 34.66594655 5.50000000 -1.23172916
v 34.68219114 5.50000000 -0.62500000
v 14.80159693 -2.50000000 29.54818165
v 25.07081653 -2.50000000 21.53221933
v 22.01220899 -2.50000000 24.65045570
v 18.56908739 -2.50000000 27.33809255
v 7.06373514 -5.00000000 29.50454399
v 11.43626486 -5.00000000 29.50454399
v 11.46145908 -2.50000000 29.54818165
v 11.99303642 -2.50000000 28.62746269
v 14.58225767 -2.50000000 28.62746269
v 18.16976731 -2.50000000 26.49591317
v 21.45073615 -2.50000000 23.91735306
v 24.36981121 -2.50000000 20.93528506
v 7.78531306 -5.00000000 21.93110036
v 10.71468694 -5.00000000 21.93110036
v 11.79705382 -5.00000000 22.55600516
v 5.23825924 -5.00000000 26.34272698
v 5.16292588 -5.00000000 26.18873252
v 5.11266315 -5.00000000 26.03853380
v 5.08366433 -5.00000000 25.89659387
v 5.07125338 -5.00000000 25.75103617
v 5.07593321 -5.00000000 25.60479853
v 5.09751331 -5.00000000 25.46086462
v 5.13512884 -5.00000000 25.32206391
v 5.18148002 -5.00000000 25.20365141
v 5.23825924 -5.00000000 25.09291736
v 6.70294618 -5.00000000 22.55600516
v 6.79864262 -5.00000000 22.41376734
v 6.90358716 -5.00000000 22.29513917
v 7.01201133 -5.00000000 22.19905549
v 7.13186253 -5.00000000 22.11552844
v 7.26084795 -5.00000000 22.04646247
v 7.39628842 -5.00000000 21.99318443
v 7.53530113 -5.00000000 21.95636008
v 7.66102495 -5.00000000 21.93729514
v 10.88571673 -5.00000000 21.94285699
v 11.04092401 -5.00000000 21.97442754
v 11.17834701 -5.00000000 22.02028379
v 11.31060915 -5.00000000 22.08231445
v 11.43491474 -5.00000000 22.15948612
v 11.54877511 -5.00000000 22.25014199
v 11.65017229 -5.00000000 22.35211834
v 11.72954493 -5.00000000 22.45146590
v 13.41917498 -5.00000000 25.87570627
v 13.38895295 -5.00000000 26.03238398
v 13.33898568 -5.00000000 26.18400560
v 13.30303790 -5.00000000 26.26500035
v 13.26174076 -5.00000000 26.34272698
v 7.47176117 -5.00000000 28.79782217
v 11.02823883 -5.00000000 28.79782217
v 12.80647766 -5.00000000 25.71782217
v 11.02823883 -5.00000000 22.63782217
v 7.47176117 -5.00000000 22.63782217
v 5.69352234 -5.00000000 25.71782217
v -9.04575003 -5.00000000 24.23179325
v -8.84530484 -5.00000000 24.27344624
v -8.65239837 -5.00000000 24.34200522
v -8.47062407 -5.00000000 24.43619307
v -8.30336808 -5.00000000 24.55425524
v -8.15374605 -5.00000000 24.69399246
v -8.02454516 -5.00000000 24.85280169
v -7.91817217 -5.00000000 25.02772462
v -7.83660862 -5.00000000 25.21550276
v -7.78137387 -5.00000000 25.41263815
v -7.75349685 -5.00000000 25.61545855
v -7.75349685 -5.00000000 25.82018579
v -7.78137387 -5.00000000 26.02300619
v -7.83660862 -5.00000000 26.22014159
v -7.91817217 -5.00000000 26.40791973
v -8.02454516 -5.00000000 26.58284266
v -8.15374605 -5.00000000 26.74165189
v -8.30336808 -5.00000000 26.88138911
v -8.47062407 -5.00000000 26.99945128
v -8.65239837 -5.00000000 27.09363913
v -8.84530484 -5.00000000 27.16219810
v -9.04575003 -5.00000000 27.20385109
v -9.04575003 5.50000000 27.20385109
v -8.84530484 5.50000000 27.16219810
v -8.65239837 5.50000000 27.09363913
v -8.47062407 5.50000000 26.99945128
v -8.30336808 5.50000000 26.88138911
v -8.15374605 5.50000000 26.74165189
v -8.02454516 5.50000000 26.58284266
v -7.91817217 5.50000000 26.40791973
v -7.83660862 5.50000000 26.22014159
v -7.78137387 5.50000000 26.02300619
v -7.75349685 5.50000000 25.82018579
v -7.75349685 5.50000000 25.61545855
v -7.78137387 5.50000000 25.41263815
v -7.83660862 5.50000000 25.21550276
v -7.91817217 5.50000000 25.02772462
v -8.02454516 5.50000000 24.85280169
v -8.15374605 5.50000000 24.69399246
v -8.30336808 5.50000000 24.55425524
v -8.47062407 5.50000000 24.43619307
v -8.65239837 5.50000000 24.34200522
v -8.84530484 5.50000000 24.27344624
v -9.04575003 5.50000000 24.23179325
v -8.90049809 -5.00000000 23.17500694
v -8.55750674 -5.00000000 23.24628136
v -8.22741523 -5.00000000 23.36359591
v -7.91637254 -5.00000000 23.52476525
v -7.63017280 -5.00000000 23.72678708
v -7.37414738 -5.00000000 23.96589813
v -7.15306555 -5.00000000 24.23764421
v -6.97104564 -5.00000000 24.53696320
v -6.83147833 -5.00000000 24.85827937
v -6.73696351 -5.00000000 25.19560719
v -6.68926180 -5.00000000 25.54266288
v -6.68926180 -5.00000000 25.89298146
v -6.73696351 -5.00000000 26.24003716
v -6.83147833 -5.00000000 26.57736498
v -6.97104564 -5.00000000 26.89868114
v -7.15306555 -5.00000000 27.19800014
v -7.37414738 -5.00000000 27.46974622
v -7.63017280 -5.00000000 27.70885727
v -7.91637254 -5.00000000 27.91087910
v -8.22741523 -5.00000000 28.07204843
v -8.55750674 -5.00000000 28.18936298
v -8.90049809 -5.00000000 28.26063741
v -8.57888957 -3.49615153 28.22244040
v -7.95351420 -3.49615153 27.96340144
v -7.41649220 -3.49615153 27.55132997
v -8.57209563 -1.99230306 28.24779573
v -7.00442073 -3.49615153 27.01430797
v -7.94038932 -1.99230306 27.98613441
v -6.74538177 -3.49615153 26.38893260
v -7.39793081 -1.99230306 27.56989136
v -8.56530169 -0.48845459 28.27315107
v -6.65702841 -3.49615153 25.71782217
v -6.98168776 -1.99230306 27.02743286
v -7.92726443 -0.48845459 28.00886738
v -6.74538177 -3.49615153 25.04671174
v -6.72002644 -1.99230306 26.39572655
v -7.37936942 -0.48845459 27.58845275
v -8.55850775 1.01539388 28.29850640
v -7.00442073 -3.49615153 24.42133638
v -6.63077864 -1.99230306 25.71782217
v -6.95895479 -0.48845459 27.04055774
v -7.91413955 1.01539388 28.03160035
v -7.41649220 -3.49615153 23.88431438
v -6.72002644 -1.99230306 25.03991780
v -6.69467111 -0.48845459 26.40252049
v -7.36080803 1.01539388 27.60701415
v -8.55171380 2.51924234 28.32386173
v -7.95351420 -3.49615153 23.47224290
v -6.98168776 -1.99230306 24.40821149
v -6.60452886 -0.48845459 25.71782217
v -6.93622182 1.01539388 27.05368263
v -7.90101466 2.51924234 28.05433332
v -8.57888957 -3.49615153 23.21320395
v -7.39793081 -1.99230306 23.86575299
v -6.69467111 -0.48845459 25.03312386
v -6.66931577 1.01539388 26.40931443
v -7.34224664 2.51924234 27.62557554
v -8.54491986 4.02309081 28.34921707
v -7.94038932 -1.99230306 23.44950993
v -6.95895479 -0.48845459 24.39508661
v -6.57827909 1.01539388 25.71782217
v -6.91348885 2.51924234 27.06680751
v -7.88788977 4.02309081 28.07706629
v -8.57209563 -1.99230306 23.18784861
v -7.37936942 -0.48845459 23.84719159
v -6.66931577 1.01539388 25.02632992
v -6.64396044 2.51924234 26.41610837
v -7.32368524 4.02309081 27.64413693
v -7.92726443 -0.48845459 23.42677696
v -6.93622182 1.01539388 24.38196172
v -6.55202932 2.51924234 25.71782217
v -6.89075588 4.02309081 27.07993240
v -8.56530169 -0.48845459 23.16249328
v -7.36080803 1.01539388 23.82863020
v -6.64396044 2.51924234 25.01953598
v -6.61860511 4.02309081 26.42290231
v -7.91413955 1.01539388 23.40404399
v -6.91348885 2.51924234 24.36883683
v -6.52577955 4.02309081 25.71782217
v -8.55850775 1.01539388 23.13713795
v -7.34224664 2.51924234 23.81006881
v -6.61860511 4.02309081 25.01274204
v -7.90101466 2.51924234 23.38131102
v -6.89075588 4.02309081 24.35571195
v -8.55171380 2.51924234 23.11178261
v -7.32368524 4.02309081 23.79150742
v -7.88788977 4.02309081 23.35857805
v -8.54491986 4.02309081 23.08642728
v -10.31027195 5.50000000 26.10138389
v -10.08073861 5.50000000 25.75003420
v -9.88187433 5.50000000 25.37583137
v -10.11865440 5.50860134 25.26326163
v -10.35441615 5.53436837 25.15117602
v -10.40970668 5.51829844 25.55547403
v -3.50394786 -1.88741781 32.98487234
v -4.49605214 -1.88741781 32.98487234
v -29.59937148 -1.88741781 21.33127089
v -30.16841912 -1.88741781 20.51858663
v -29.79150695 -1.88741781 21.06209922
v -29.98119469 -1.88741781 20.79119705
v -18.67034375 -1.88741781 31.34587969
v -17.81115624 -1.88741781 31.84193183
v -18.09904697 -1.88741781 31.67917941
v -18.38545065 -1.88741781 31.51382417
v 16.90545887 0.25000000 30.81439186
v 15.96190727 0.25000000 31.31355620
v 16.27810365 0.25000000 31.15035517
v 16.59263159 0.25000000 30.98396137
v 19.13738151 0.25000000 29.48019529
v 18.23331672 0.25000000 30.04775277
v 18.53658186 0.25000000 29.86162116
v 18.83794709 0.25000000 29.67242887
v 28.34427374 0.25000000 20.78276766
v 27.70008155 0.25000000 21.63392632
v 27.91768105 0.25000000 21.35238559
v 28.13241912 0.25000000 21.06865635
v 29.80322678 0.25000000 18.63032364
v 29.22372598 0.25000000 19.52677970
v 29.41991492 0.25000000 19.22992178
v 29.61308845 0.25000000 18.93109289
v 3.28336091 0.25000000 31.64713766
v 2.21663909 0.25000000 31.64713766
v 5.78336091 0.25000000 31.64713766
v 4.71663909 0.25000000 31.64713766
v 12.46006750 -0.06000000 25.71782217
v 10.85503375 -0.06000000 22.93782217
v 12.46006750 -4.70000000 25.71782217
v 10.85503375 -4.70000000 22.93782217
v 7.64496625 -0.06000000 22.93782217
v 7.64496625 -4.70000000 22.93782217
v 6.03993250 -0.06000000 25.71782217
v 6.03993250 -4.70000000 25.71782217
v 7.64496625 -0.06000000 28.49782217
v 7.64496625 -4.70000000 28.49782217
v 10.85503375 -0.06000000 28.49782217
v 10.85503375 -4.70000000 28.49782217
v 8.75132365 5.50000000 22.99782217
v 9.88187433 5.50000000 25.37583137
v 10.82039273 5.96330883 22.99782217
v 10.23109329 5.72985852 22.99782217
v 9.60604403 5.57519009 22.99782217
v 9.17918496 5.51870829 22.99782217
v 11.69552125 6.04063252 24.51358922
v 10.35551831 5.53452958 25.15065204
v 10.82098492 5.63752217 24.92936038
v 11.27023799 5.80719964 24.71577695
v 12.39078546 5.91209240 25.71782217
v 12.08376419 6.01216930 25.18604574
v 11.89037113 6.04216058 24.85107912
v 11.50362760 5.50000000 27.25442467
v 11.77808614 5.53758412 26.77904853
v 12.04628580 5.64925812 26.31451310
v 12.22118576 5.76472997 26.01157748
v 10.17928936 5.50000000 25.90943794
v 10.54209551 5.50000000 26.39758902
v 10.82848093 5.50000000 26.70555211
v 11.15394266 5.50000000 26.99661760
v 11.32052851 5.62506033 25.78088160
v 7.67960727 5.50000000 22.99782217
v 6.10921454 5.50000000 25.71782217
v 10.82039273 5.50000000 28.43782217
v 7.67960727 5.50000000 28.43782217
v 12.39078546 0.00000000 25.71782217
v 10.82039273 0.00000000 28.43782217
v 10.82039273 0.00000000 22.99782217
v 7.67960727 0.00000000 28.43782217
v 6.10921454 0.00000000 25.71782217
v 7.67960727 0.00000000 22.99782217
v -33.00673749 -1.00000000 20.32455572
v -16.21867681 -1.00000000 35.20634613
v -20.23187330 -1.00000000 33.06362938
v -23.96638114 -1.00000000 30.46546997
v -27.37075847 -1.00000000 27.44765684
v -30.39811091 -1.00000000 24.05175956
v -33.18051006 1.10000000 20.21555367
v -32.32139777 1.10000000 19.68920876
v -32.30324450 -1.00000000 19.89355274
v -15.91579155 -1.00000000 34.43748866
v -19.83273003 -1.00000000 32.34062253
v -23.47766401 -1.00000000 29.80020702
v -26.80060348 -1.00000000 26.85108377
v -29.75597454 -1.00000000 23.53369978
v -1.08748866 -1.00000000 34.43748866
v -0.90376247 1.10000000 34.34623753
v -0.90376247 1.10000000 35.35376247
v -1.08748866 -1.00000000 35.26251134
v -15.96252376 -1.00000000 35.26251134
v -16.02846700 -1.00000000 35.25894949
v -16.09364291 -1.00000000 35.24830527
v -16.15729307 -1.00000000 35.23070254
v -16.09832741 -0.75000000 35.26966989
v -16.10301191 -0.50000000 35.29103451
v -16.10769641 -0.25000000 35.31239914
v 15.96252298 1.10000000 35.35376247
v 16.25685669 1.10000000 35.28922596
v 16.18632344 1.10000000 35.31721269
v 16.11318596 1.10000000 35.33743909
v 16.03829532 1.10000000 35.34966979
v 16.11833888 0.82500000 35.36094018
v 16.12349180 0.55000000 35.38444128
v 16.12864472 0.27500000 35.40794237
v 34.09743806 1.10000000 18.62738778
v 31.44478449 1.10000000 22.82192775
v 28.27908073 1.10000000 26.64410725
v 24.65197810 1.10000000 30.03156396
v 20.62265607 1.10000000 32.92902845
v 33.21205385 1.10000000 18.14654717
v 33.37994430 -1.00000000 18.02865399
v 34.10495032 -1.00000000 18.42239530
v 30.63602667 1.10000000 22.22097129
v 27.56299050 1.10000000 25.93490408
v 24.04279930 1.10000000 29.22809431
v 20.13256120 1.10000000 32.04711648
v 15.89571209 1.10000000 34.34623753
v 18.18867748 -2.50000000 -27.59264978
v 6.11204067 -2.50000000 -32.47807367
v 10.34181636 -2.50000000 -31.38836003
v 14.39093895 -2.50000000 -29.75034768
v 22.01981705 -5.00000000 -20.86964607
v 19.83355219 -5.00000000 -24.65636789
v 19.85874641 -2.50000000 -24.70000555
v 18.79559173 -2.50000000 -24.70000555
v 17.50098110 -2.50000000 -26.94233694
v 13.86125025 -2.50000000 -28.98343666
v 9.98766727 -2.50000000 -30.53555897
v 5.94558309 -2.50000000 -31.57251813
v -32.99027441 -2.50000000 -1.95553187
v -31.18285720 -2.50000000 10.94585435
v -32.35402534 -2.50000000 6.73790433
v -32.96002633 -2.50000000 2.41225513
v -29.08355219 -5.00000000 -8.63489792
v -31.26981705 -5.00000000 -4.84817610
v -31.32020549 -2.50000000 -4.84817610
v -30.78862815 -2.50000000 -3.92745714
v -32.08323877 -2.50000000 -1.68512576
v -32.03101756 -2.50000000 2.48752349
v -31.43840342 -2.50000000 6.61820591
v -30.31539430 -2.50000000 10.63723306
v 15.10023351 -5.00000000 -17.70782906
v 13.63554657 -5.00000000 -20.24474126
v 15.10023351 -5.00000000 -24.03146308
v 13.63554657 -5.00000000 -21.49455088
v 20.19434115 -5.00000000 -17.70782906
v 20.09864472 -5.00000000 -17.56559124
v 19.99370017 -5.00000000 -17.44696306
v 19.88527600 -5.00000000 -17.35087939
v 19.76542480 -5.00000000 -17.26735234
v 19.63643938 -5.00000000 -17.19828637
v 19.50099891 -5.00000000 -17.14500833
v 19.36198621 -5.00000000 -17.10818398
v 19.23626238 -5.00000000 -17.08911904
v 19.11197427 -5.00000000 -17.08292425
v 16.18260039 -5.00000000 -17.08292425
v 16.01157060 -5.00000000 -17.09468089
v 15.85636332 -5.00000000 -17.12625144
v 15.71894033 -5.00000000 -17.17210769
v 15.58667818 -5.00000000 -17.23413835
v 15.46237259 -5.00000000 -17.31131001
v 15.34851222 -5.00000000 -17.40196588
v 15.24711504 -5.00000000 -17.50394224
v 15.16774240 -5.00000000 -17.60328980
v 13.56021322 -5.00000000 -20.39873572
v 13.50995048 -5.00000000 -20.54893445
v 13.48095166 -5.00000000 -20.69087438
v 13.46854071 -5.00000000 -20.83643208
v 13.47322054 -5.00000000 -20.98266971
v 13.49480064 -5.00000000 -21.12660362
v 13.53241617 -5.00000000 -21.26540433
v 13.57876736 -5.00000000 -21.38381683
v 15.19592995 -5.00000000 -24.17370091
v 15.30087449 -5.00000000 -24.29232908
v 15.40929867 -5.00000000 -24.38841276
v 15.52914986 -5.00000000 -24.47193981
v 15.65813528 -5.00000000 -24.54100577
v 15.79357575 -5.00000000 -24.59428381
v 15.93258846 -5.00000000 -24.63110816
v 16.05831228 -5.00000000 -24.65017311
v 16.18260039 -5.00000000 -24.65636789
v 21.20376499 -5.00000000 -20.86964607
v 19.42552616 -5.00000000 -23.94964607
v 15.86904850 -5.00000000 -23.94964607
v 14.09080967 -5.00000000 -20.86964607
v 15.86904850 -5.00000000 -17.78964607
v 19.42552616 -5.00000000 -17.78964607
v 27.10153731 -5.00000000 -6.33420502
v 27.30198249 -5.00000000 -6.29255203
v 27.49488897 -5.00000000 -6.22399305
v 27.67666326 -5.00000000 -6.12980521
v 27.84391925 -5.00000000 -6.01174304
v 27.99354128 -5.00000000 -5.87200582
v 28.12274217 -5.00000000 -5.71319658
v 28.22911516 -5.00000000 -5.53827366
v 28.31067872 -5.00000000 -5.35049552
v 28.36591346 -5.00000000 -5.15336012
v 28.39379049 -5.00000000 -4.95053972
v 28.39379049 -5.00000000 -4.74581248
v 28.36591346 -5.00000000 -4.54299208
v 28.31067872 -5.00000000 -4.34585668
v 28.22911516 -5.00000000 -4.15807855
v 28.12274217 -5.00000000 -3.98315562
v 27.99354128 -5.00000000 -3.82434639
v 27.84391925 -5.00000000 -3.68460917
v 27.67666326 -5.00000000 -3.56654699
v 27.49488897 -5.00000000 -3.47235915
v 27.30198249 -5.00000000 -3.40380017
v 27.10153731 -5.00000000 -3.36214718
v 28.17424756 5.50000000 -4.06117383
v 28.26714684 5.50000000 -4.23704197
v 28.33596102 5.50000000 -4.42365517
v 28.37948020 5.50000000 -4.61773237
v 28.39693921 5.50000000 -4.81586127
v 28.38803109 5.50000000 -5.01455834
v 28.35291246 5.50000000 -5.21033004
v 28.29220079 5.50000000 -5.39973430
v 28.20696352 5.50000000 -5.57944096
v 28.09869929 5.50000000 -5.74629040
v 27.96931164 5.50000000 -5.89734905
v 27.82107548 5.50000000 -6.02996096
v 27.65659712 5.50000000 -6.14179453
v 27.47876845 5.50000000 -6.23088349
v 27.29071608 5.50000000 -6.29566145
v 27.09574637 5.50000000 -6.33498948
v 26.97939794 5.57719028 -3.35042517
v 27.17345349 5.57465945 -3.37377699
v 27.29033107 5.56986224 -3.40057799
v 27.40500796 5.56289654 -3.43674426
v 27.54035791 5.55221033 -3.49307752
v 27.64689984 5.54237101 -3.54891744
v 27.74827234 5.53226999 -3.61295987
v 27.87243059 5.51976624 -3.70842712
v 27.96086345 5.51150809 -3.79043817
v 28.04974942 5.50464264 -3.88799515
v 28.11488606 5.50121365 -3.97208278
v 27.24678924 -5.00000000 -7.39099133
v 27.58978059 -5.00000000 -7.31971691
v 27.91987210 -5.00000000 -7.20240236
v 28.23091479 -5.00000000 -7.04123303
v 28.51711453 -5.00000000 -6.83921120
v 28.77313995 -5.00000000 -6.60010015
v 28.99422178 -5.00000000 -6.32835407
v 29.17624169 -5.00000000 -6.02903507
v 29.31580900 -5.00000000 -5.70771891
v 29.41032382 -5.00000000 -5.37039109
v 29.45802553 -5.00000000 -5.02333539
v 29.45802553 -5.00000000 -4.67301681
v 29.41032382 -5.00000000 -4.32596111
v 29.31580900 -5.00000000 -3.98863329
v 29.17624169 -5.00000000 -3.66731713
v 28.99422178 -5.00000000 -3.36799814
v 28.77313995 -5.00000000 -3.09625206
v 28.51711453 -5.00000000 -2.85714101
v 28.23091479 -5.00000000 -2.65511917
v 27.91987210 -5.00000000 -2.49394984
v 27.58978059 -5.00000000 -2.37663529
v 27.24678924 -5.00000000 -2.30536087
v 27.56874212 -3.41992812 -2.34227273
v 28.19443837 -3.41992812 -2.60144460
v 28.73173592 -3.41992812 -3.01372751
v 27.57588041 -1.83985625 -2.31563224
v 29.14401883 -3.41992812 -3.55102506
v 28.20822850 -1.83985625 -2.57755940
v 29.40319071 -3.41992812 -4.17672132
v 28.75123811 -1.83985625 -2.99422532
v 27.58301871 -0.25978437 -2.28899176
v 29.49158941 -3.41992812 -4.84817610
v 29.16790404 -1.83985625 -3.53723494
v 28.22201863 -0.25978437 -2.55367419
v 29.40319071 -3.41992812 -5.51963089
v 29.42983119 -1.83985625 -4.16958302
v 28.77074030 -0.25978437 -2.97472314
v 27.59015701 1.32028750 -2.26235128
v 29.14401883 -3.41992812 -6.14532714
v 29.51916966 -1.83985625 -4.84817610
v 29.19178924 -0.25978437 -3.52344481
v 28.23580876 1.32028750 -2.52978899
v 28.73173592 -3.41992812 -6.68262469
v 29.42983119 -1.83985625 -5.52676918
v 29.45647167 -0.25978437 -4.16244472
v 28.79024248 1.32028750 -2.95522095
v 28.19443837 -3.41992812 -7.09490760
v 27.59729530 2.90035938 -2.23571080
v 29.16790404 -1.83985625 -6.15911727
v 29.54674992 -0.25978437 -4.84817610
v 29.21567444 1.32028750 -3.50965468
v 27.56874212 -3.41992812 -7.35407948
v 28.24959888 2.90035938 -2.50590379
v 28.75123811 -1.83985625 -6.70212688
v 29.45647167 -0.25978437 -5.53390748
v 29.48311216 1.32028750 -4.15530643
v 28.80974467 2.90035938 -2.93571876
v 28.20822850 -1.83985625 -7.11879281
v 27.60443360 4.48043125 -2.20907031
v 29.19178924 -0.25978437 -6.17290740
v 29.57433018 1.32028750 -4.84817610
v 29.23955965 2.90035938 -3.49586455
v 27.57588041 -1.83985625 -7.38071996
v 28.26338901 4.48043125 -2.48201858
v 28.77074030 -0.25978437 -6.72162907
v 29.48311216 1.32028750 -5.54104578
v 29.50975264 2.90035938 -4.14816813
v 28.82924686 4.48043125 -2.91621658
v 28.22201863 -0.25978437 -7.14267801
v 29.21567444 1.32028750 -6.18669753
v 29.60191044 2.90035938 -4.84817610
v 29.26344485 4.48043125 -3.48207442
v 27.58301871 -0.25978437 -7.40736044
v 28.79024248 1.32028750 -6.74113125
v 29.50975264 2.90035938 -5.54818407
v 29.53639312 4.48043125 -4.14102984
v 28.23580876 1.32028750 -7.16656321
v 29.23955965 2.90035938 -6.20048765
v 29.62949069 4.48043125 -4.84817610
v 27.59015701 1.32028750 -7.43400093
v 28.80974467 2.90035938 -6.76063344
v 29.53639312 4.48043125 -5.55532237
v 28.24959888 2.90035938 -7.19044842
v 29.26344485 4.48043125 -6.21427778
v 27.59729530 2.90035938 -7.46064141
v 28.82924686 4.48043125 -6.78013563
v 28.26338901 4.48043125 -7.21433362
v 27.60443360 4.48043125 -7.48728189
v 27.75959749 5.50000000 -4.12173452
v 27.34055307 5.50000000 -4.14484137
v 26.91705177 5.50000000 -4.12996148
v 26.93795356 5.50860134 -3.86861906
v 26.95876545 5.53436837 -3.60840058
v 27.33654306 5.51829844 -3.76266659
v -22.88554657 -5.00000000 -4.22327129
v -24.35023351 -5.00000000 -1.68635909
v -28.36197427 -5.00000000 -1.06145428
v -25.43260039 -5.00000000 -1.06145428
v -25.43260039 -5.00000000 -8.63489792
v -25.26157060 -5.00000000 -8.62314129
v -25.10636332 -5.00000000 -8.59157073
v -24.96894033 -5.00000000 -8.54571448
v -24.83667818 -5.00000000 -8.48368383
v -24.71237259 -5.00000000 -8.40651216
v -24.59851222 -5.00000000 -8.31585629
v -24.49711504 -5.00000000 -8.21387993
v -24.41774240 -5.00000000 -8.11453238
v -24.35023351 -5.00000000 -8.00999311
v -22.72811235 -5.00000000 -4.69029200
v -22.75833438 -5.00000000 -4.53361430
v -22.80830165 -5.00000000 -4.38199268
v -22.84424943 -5.00000000 -4.30099793
v -24.44592995 -5.00000000 -1.54412127
v -24.55087449 -5.00000000 -1.42549309
v -24.65929867 -5.00000000 -1.32940942
v -24.77914986 -5.00000000 -1.24588237
v -24.90813528 -5.00000000 -1.17681640
v -25.04357575 -5.00000000 -1.12353836
v -25.18258846 -5.00000000 -1.08671401
v -25.30831228 -5.00000000 -1.06764907
v -28.53300406 -5.00000000 -1.07321092
v -28.68821135 -5.00000000 -1.10478147
v -28.82563434 -5.00000000 -1.15063772
v -28.95789648 -5.00000000 -1.21266838
v -29.08220207 -5.00000000 -1.28984004
v -29.19606245 -5.00000000 -1.38049591
v -29.29745962 -5.00000000 -1.48247227
v -29.37683226 -5.00000000 -1.58181983
v -29.44434115 -5.00000000 -1.68635909
v -28.67552616 -5.00000000 -7.92817610
v -30.45376499 -5.00000000 -4.84817610
v -28.67552616 -5.00000000 -1.76817610
v -25.11904850 -5.00000000 -1.76817610
v -23.34080967 -5.00000000 -4.84817610
v -25.11904850 -5.00000000 -7.92817610
v -17.44303736 -5.00000000 -22.35567499
v -17.24259218 -5.00000000 -22.31402200
v -17.04968570 -5.00000000 -22.24546302
v -16.86791141 -5.00000000 -22.15127518
v -16.70065542 -5.00000000 -22.03321301
v -16.55103339 -5.00000000 -21.89347579
v -16.42183249 -5.00000000 -21.73466655
v -16.31545950 -5.00000000 -21.55974363
v -16.23389595 -5.00000000 -21.37196549
v -16.17866120 -5.00000000 -21.17483009
v -16.15078418 -5.00000000 -20.97200969
v -16.15078418 -5.00000000 -20.76728245
v -16.17866120 -5.00000000 -20.56446205
v -16.23389595 -5.00000000 -20.36732665
v -16.31545950 -5.00000000 -20.17954852
v -16.42183249 -5.00000000 -20.00462559
v -16.55103339 -5.00000000 -19.84581636
v -16.70065542 -5.00000000 -19.70607914
v -16.86791141 -5.00000000 -19.58801696
v -17.04968570 -5.00000000 -19.49382912
v -17.24259218 -5.00000000 -19.42527014
v -17.44303736 -5.00000000 -19.38361715
v -17.60420348 5.50000000 -22.36902720
v -17.61856257 5.50000000 -22.36937101
v -17.63292429 5.50000000 -22.36957730
v -16.39125228 5.57719028 -21.68963141
v -16.50850333 5.57465945 -21.84601253
v -16.59015246 5.56986224 -21.93383099
v -16.67881182 5.56289654 -22.01506096
v -16.79527283 5.55221033 -22.10411082
v -16.89690258 5.54237101 -22.16845887
v -17.00305120 5.53226999 -22.22422883
v -17.14780739 5.51976624 -22.28401940
v -17.26304747 5.51150809 -22.31959897
v -17.39197729 5.50464264 -22.34779799
v -17.49736762 5.50121365 -22.36216416
v -16.30900535 5.50000000 -20.19214969
v -16.23366331 5.50325953 -20.36781088
v -16.18163033 5.51189329 -20.55050414
v -16.15942925 5.52002373 -20.67949064
v -16.14808035 5.53013431 -20.82222735
v -16.14958794 5.53979598 -20.95269126
v -16.16692850 5.55127458 -21.11110869
v -16.20638327 5.56270127 -21.28647028
v -16.24801490 5.56928820 -21.41006480
v -16.30198205 5.57415009 -21.53311632
v -16.34414909 5.57619170 -21.61251275
v -17.44128424 5.50000000 -19.38385917
v -17.23918507 5.50000000 -19.42622910
v -17.04481977 5.50000000 -19.49595293
v -16.86187170 5.50000000 -19.59170934
v -16.69380788 5.50000000 -19.71168366
v -16.54381326 5.50000000 -19.85360229
v -16.41473034 5.50000000 -20.01477576
v -17.29778542 -5.00000000 -23.41246130
v -16.95479407 -5.00000000 -23.34118688
v -16.62470256 -5.00000000 -23.22387233
v -16.31365987 -5.00000000 -23.06270300
v -16.02746014 -5.00000000 -22.86068117
v -15.77143472 -5.00000000 -22.62157012
v -15.55035288 -5.00000000 -22.34982404
v -15.36833297 -5.00000000 -22.05050504
v -15.22876566 -5.00000000 -21.72918888
v -15.13425084 -5.00000000 -21.39186106
v -15.08654913 -5.00000000 -21.04480536
v -15.08654913 -5.00000000 -20.69448678
v -15.13425084 -5.00000000 -20.34743108
v -15.22876566 -5.00000000 -20.01010326
v -15.36833297 -5.00000000 -19.68878710
v -15.55035288 -5.00000000 -19.38946811
v -15.77143472 -5.00000000 -19.11772203
v -16.02746014 -5.00000000 -18.87861098
v -16.31365987 -5.00000000 -18.67658914
v -16.62470256 -5.00000000 -18.51541981
v -16.95479407 -5.00000000 -18.39810526
v -17.29778542 -5.00000000 -18.32683084
v -16.97583255 -3.41992812 -18.36374270
v -16.35013629 -3.41992812 -18.62291457
v -15.81283874 -3.41992812 -19.03519748
v -16.96869425 -1.83985625 -18.33710221
v -15.40055583 -3.41992812 -19.57249503
v -16.33634617 -1.83985625 -18.59902937
v -15.14138396 -3.41992812 -20.19819129
v -15.79333656 -1.83985625 -19.01569529
v -16.96155595 -0.25978437 -18.31046173
v -15.05298526 -3.41992812 -20.86964607
v -15.37667063 -1.83985625 -19.55870491
v -16.32255604 -0.25978437 -18.57514416
v -15.14138396 -3.41992812 -21.54110086
v -15.11474347 -1.83985625 -20.19105299
v -15.77383437 -0.25978437 -18.99619311
v -16.95441766 1.32028750 -18.28382125
v -15.40055583 -3.41992812 -22.16679711
v -15.02540500 -1.83985625 -20.86964607
v -15.35278542 -0.25978437 -19.54491478
v -16.30876591 1.32028750 -18.55125896
v -15.81283874 -3.41992812 -22.70409466
v -15.11474347 -1.83985625 -21.54823915
v -15.08810299 -0.25978437 -20.18391469
v -15.75433218 1.32028750 -18.97669092
v -16.35013629 -3.41992812 -23.11637757
v -16.94727936 2.90035938 -18.25718077
v -15.37667063 -1.83985625 -22.18058724
v -14.99782474 -0.25978437 -20.86964607
v -15.32890022 1.32028750 -19.53112465
v -16.97583255 -3.41992812 -23.37554945
v -16.29497578 2.90035938 -18.52737376
v -15.79333656 -1.83985625 -22.72359685
v -15.08810299 -0.25978437 -21.55537745
v -15.06146251 1.32028750 -20.17677640
v -15.73482999 2.90035938 -18.95718873
v -16.33634617 -1.83985625 -23.14026278
v -16.94014107 4.48043125 -18.23054028
v -15.35278542 -0.25978437 -22.19437737
v -14.97024449 1.32028750 -20.86964607
v -15.30501502 2.90035938 -19.51733452
v -16.96869425 -1.83985625 -23.40218993
v -16.28118565 4.48043125 -18.50348855
v -15.77383437 -0.25978437 -22.74309904
v -15.06146251 1.32028750 -21.56251575
v -15.03482203 2.90035938 -20.16963810
v -15.71532781 4.48043125 -18.93768655
v -16.32255604 -0.25978437 -23.16414798
v -15.32890022 1.32028750 -22.20816750
v -14.94266423 2.90035938 -20.86964607
v -15.28112981 4.48043125 -19.50354439
v -16.96155595 -0.25978437 -23.42883041
v -15.75433218 1.32028750 -22.76260122
v -15.03482203 2.90035938 -21.56965404
v -15.00818154 4.48043125 -20.16249981
v -16.30876591 1.32028750 -23.18803318
v -15.30501502 2.90035938 -22.22195762
v -14.91508397 4.48043125 -20.86964607
v -16.95441766 1.32028750 -23.45547090
v -15.73482999 2.90035938 -22.78210341
v -15.00818154 4.48043125 -21.57679234
v -16.29497578 2.90035938 -23.21191839
v -15.28112981 4.48043125 -22.23574775
v -16.94727936 2.90035938 -23.48211138
v -15.71532781 4.48043125 -22.80160560
v -16.28118565 4.48043125 -23.23580359
v -16.94014107 4.48043125 -23.50875186
v -17.44932555 5.50000000 -21.97964937
v -17.25981446 5.50000000 -21.60519283
v -17.03517744 5.50000000 -21.24586989
v -16.60434930 5.53436837 -21.54277544
v -16.81929916 5.50860134 -21.39464258
v -16.92683638 5.51829844 -21.79280744
v 30.31771131 -1.88741781 -13.45792831
v 30.81376346 -1.88741781 -12.59874080
v 32.85382683 -1.88741781 15.86732403
v 33.27310822 -1.88741781 14.96817219
v 33.13606645 -1.88741781 15.26915222
v 32.99630216 -1.88741781 15.56887771
v 36.48149999 -1.88741781 0.49605214
v 36.48149999 -1.88741781 -0.49605214
v 36.48449763 -1.88741781 -0.16535524
v 36.48449763 -1.88741781 0.16535524
v -26.81376346 -1.88741781 -19.52694403
v -26.31771131 -1.88741781 -20.38613154
v -3.67373674 -1.88741781 -36.29944308
v -2.68540771 -1.88741781 -36.38591067
v -3.34455951 -1.88741781 -36.33125144
v -3.01510747 -1.88741781 -36.36007476
v -17.81115624 -1.88741781 -31.84193183
v -18.67034375 -1.88741781 -31.34587969
v -18.38545065 -1.88741781 -31.51382417
v -18.09904697 -1.88741781 -31.67917941
v 18.23331672 0.25000000 -30.04775277
v 19.13738151 0.25000000 -29.48019529
v 18.83794709 0.25000000 -29.67242887
v 18.53658186 0.25000000 -29.86162116
v 15.96190727 0.25000000 -31.31355620
v 16.90545887 0.25000000 -30.81439186
v 16.59263159 0.25000000 -30.98396137
v 16.27810365 0.25000000 -31.15035517
v 3.82626788 0.25000000 -34.93824494
v 4.88548900 0.25000000 -34.80593746
v 4.53286783 0.25000000 -34.85361380
v 4.17978206 0.25000000 -34.89771780
v 1.23272017 0.25000000 -35.12551333
v 2.29882429 0.25000000 -35.07187894
v 1.94364332 0.25000000 -35.09335459
v 1.58826314 0.25000000 -35.11123333
v 25.76554471 0.25000000 -18.66704279
v 26.29890562 0.25000000 -17.74323459
v 24.51554471 0.25000000 -20.83210630
v 25.04890562 0.25000000 -19.90829810
v -35.13877559 0.25000000 -0.76663909
v -35.09928879 0.25000000 -1.83336091
v -35.11605074 0.25000000 -1.47792630
v -35.12921345 0.25000000 -1.12234021
v -35.09928879 0.25000000 1.83336091
v -35.13877559 0.25000000 0.76663909
v -35.12921345 0.25000000 1.12234021
v -35.11605074 0.25000000 1.47792630
v -32.17054162 0.25000000 14.15547728
v -32.58557055 0.25000000 13.17201115
v -32.45054888 0.25000000 13.50122821
v -32.31220118 0.25000000 13.82906145
v -31.03594695 0.25000000 16.49518968
v -31.52255026 0.25000000 15.54509924
v -31.36355824 0.25000000 15.86343280
v -31.20135159 0.25000000 16.18014044
v -29.04890562 0.25000000 -12.98009487
v -28.51554471 0.25000000 -13.90390306
v -30.29890562 0.25000000 -10.81503136
v -29.76554471 0.25000000 -11.73883956
v -28.50232108 -0.06000000 -2.06817610
v -25.29225358 -0.06000000 -2.06817610
v -28.50232108 -4.70000000 -2.06817610
v -25.29225358 -4.70000000 -2.06817610
v -23.68721984 -0.06000000 -4.84817610
v -23.68721984 -4.70000000 -4.84817610
v -25.29225358 -0.06000000 -7.62817610
v -25.29225358 -4.70000000 -7.62817610
v -28.50232108 -0.06000000 -7.62817610
v -28.50232108 -4.70000000 -7.62817610
v -30.10735483 -0.06000000 -4.84817610
v -30.10735483 -4.70000000 -4.84817610
v 16.04225358 -0.06000000 -23.64964607
v 14.43721984 -0.06000000 -20.86964607
v 16.04225358 -4.70000000 -23.64964607
v 14.43721984 -4.70000000 -20.86964607
v 16.04225358 -0.06000000 -18.08964607
v 16.04225358 -4.70000000 -18.08964607
v 19.25232108 -0.06000000 -18.08964607
v 19.25232108 -4.70000000 -18.08964607
v 20.85735483 -0.06000000 -20.86964607
v 20.85735483 -4.70000000 -20.86964607
v 19.25232108 -0.06000000 -23.64964607
v 19.25232108 -4.70000000 -23.64964607
v -24.29236006 5.50000000 -3.92004249
v -26.91705177 5.50000000 -4.12996148
v -25.32689460 5.96330883 -2.12817610
v -25.03224488 5.72985852 -2.63852439
v -24.71972025 5.57519009 -3.17983293
v -24.50629071 5.51870829 -3.54950372
v -27.07715163 6.04063252 -2.12817610
v -27.03960971 5.80719964 -2.59757607
v -26.99995185 5.63752217 -3.09343235
v -26.95886274 5.53452958 -3.60718409
v -28.46768006 5.91209240 -2.12817610
v -27.85363753 6.01216930 -2.12817610
v -27.46685140 6.04216058 -2.12817610
v -29.35483793 5.50000000 -3.66477860
v -29.08037939 5.53758412 -3.18940246
v -28.81217973 5.64925812 -2.72486703
v -28.63727977 5.76472997 -2.42193140
v -27.52787613 5.50000000 -4.13919580
v -28.13203045 5.50000000 -4.06907199
v -28.54192701 5.50000000 -3.97503648
v -28.95672799 5.50000000 -3.83871110
v -27.98716265 5.62506033 -3.08657553
v -23.75650187 5.50000000 -4.84817610
v -25.32689460 5.50000000 -7.56817610
v -30.03807280 5.50000000 -4.84817610
v -28.46768006 5.50000000 -7.56817610
v -28.46768006 0.00000000 -2.12817610
v -30.03807280 0.00000000 -4.84817610
v -25.32689460 0.00000000 -2.12817610
v -28.46768006 0.00000000 -7.56817610
v -25.32689460 0.00000000 -7.56817610
v -23.75650187 0.00000000 -4.84817610
v 15.54103641 5.50000000 -19.07777969
v 17.03517744 5.50000000 -21.24586989
v 14.50650187 5.96330883 -20.86964607
v 14.80115159 5.72985852 -20.35929778
v 15.11367622 5.57519009 -19.81798925
v 15.32710575 5.51870829 -19.44831845
v 15.38163038 6.04063252 -22.38541312
v 15.76937172 5.80719964 -22.11820088
v 16.17896693 5.63752217 -21.83592803
v 16.60334443 5.53452958 -21.54346794
v 16.07689460 5.91209240 -23.58964607
v 15.76987333 6.01216930 -23.05786963
v 15.57648027 6.04216058 -22.72290302
v 17.85121033 5.50000000 -23.58964607
v 17.30229324 5.53758412 -23.58964607
v 16.76589394 5.64925812 -23.58964607
v 16.41609401 5.76472997 -23.58964607
v 17.34858678 5.50000000 -21.77024215
v 17.58993494 5.50000000 -22.32851703
v 17.71344608 5.50000000 -22.73051562
v 17.80278533 5.50000000 -23.15790650
v 16.66663415 5.62506033 -22.69430607
v 16.07689460 5.50000000 -18.14964607
v 19.21768006 5.50000000 -18.14964607
v 19.21768006 5.50000000 -23.58964607
v 20.78807280 5.50000000 -20.86964607
v 16.07689460 0.00000000 -23.58964607
v 19.21768006 0.00000000 -23.58964607
v 14.50650187 0.00000000 -20.86964607
v 20.78807280 0.00000000 -20.86964607
v 19.21768006 0.00000000 -18.14964607
v 16.07689460 0.00000000 -18.14964607
v 38.59892853 -1.00000000 -3.55738693
v 38.74987964 -1.00000000 0.98950155
v 38.36706150 -1.00000000 5.52275992
v 37.45574733 -1.00000000 9.97994374
v 36.02849024 -1.00000000 14.29965650
v 37.78163580 -1.00000000 -3.43526453
v 37.92416570 -1.00000000 1.00533677
v 37.54656833 -1.00000000 5.43214995
v 36.65402240 -1.00000000 9.78446157
v 35.25876912 -1.00000000 14.00257998
v 30.36748436 -1.00000000 -16.27695152
v 30.19659546 1.10000000 -16.39043751
v 31.06913765 1.10000000 -16.89419998
v 31.08197495 -1.00000000 -16.68946286
v 38.51949250 -1.00000000 -3.80730459
v 38.54937947 -1.00000000 -3.74841514
v 38.57274926 -1.00000000 -3.68664903
v 38.58932992 -1.00000000 -3.62272501
v 38.59359381 -0.75000000 -3.69327445
v 38.61443837 -0.50000000 -3.69989987
v 38.63528292 -0.25000000 -3.70652528
v -1.09821283 -1.00000000 -38.74695102
v -22.38025172 -1.00000000 -31.64895920
v -18.51800634 -1.00000000 -34.05313093
v -14.40068036 -1.00000000 -35.98822988
v -10.08498886 -1.00000000 -37.42760057
v -5.63037933 -1.00000000 -38.35141606
v -0.91692800 1.10000000 -38.84294146
v -0.89065608 1.10000000 -37.83575593
v -1.07669980 -1.00000000 -37.92220673
v -21.86584425 -1.00000000 -31.00222413
v -18.09143567 -1.00000000 -33.34595930
v -14.06890431 -1.00000000 -35.23235697
v -9.85341892 -1.00000000 -36.63554533
v -5.50279458 -1.00000000 -37.53627976
v -29.27999569 -1.00000000 -18.16053714
v -29.29283299 1.10000000 -17.95580002
v -30.16537518 1.10000000 -18.45956249
v -29.99448629 -1.00000000 -18.57304848
v -22.55696874 -1.00000000 -31.45520675
v -22.52091247 -1.00000000 -31.51053435
v -22.47910635 -1.00000000 -31.56165624
v -22.43203686 -1.00000000 -31.60797752
v -22.49526640 -0.75000000 -31.57639544
v -22.51142646 -0.50000000 -31.59113465
v -22.52758652 -0.25000000 -31.60587385
v -38.59851791 1.10000000 -3.85293083
v -38.68979450 1.10000000 -3.56576210
v -38.67876510 1.10000000 -3.64083906
v -38.65971294 1.10000000 -3.71429117
v -38.63285972 1.10000000 -3.78526372
v -38.68264194 0.82500000 -3.72157915
v -38.70557094 0.55000000 -3.72886714
v -38.72849995 0.27500000 -3.73615512
v -35.48676144 1.10000000 15.82101831
v -37.21401410 1.10000000 11.16834868
v -38.33408635 1.10000000 6.33345731
v -38.82870320 1.10000000 1.39522982
v -34.56193897 1.10000000 15.42109172
v -36.24178103 1.10000000 10.90279794
v -37.33367183 1.10000000 6.20762782
v -37.81989759 1.10000000 1.41175120
v -37.69257027 1.10000000 -3.40702829
v 22.63599493 1.10000000 -31.50083164
v 22.49244167 1.10000000 -31.67637364
v 22.54652698 1.10000000 -31.62314792
v 22.59456440 1.10000000 -31.56440608
v 22.56430306 0.82500000 -31.63936103
v 22.58207914 0.55000000 -31.65557414
v 22.59985522 0.27500000 -31.67178724
v -0.61131687 1.10000000 -38.84895301
v -0.30566789 1.10000000 -38.85256009
v -0.59380118 1.10000000 -37.84157892
v -0.29690973 1.10000000 -37.84507286
f 11 6 5
f 11 12 6
f 10 5 4
f 10 11 5
f 9 4 3
f 9 10 4
f 8 3 2
f 8 9 3
f 7 2 1
f 7 8 2
f 16 20 15
f 16 21 20
f 17 22 21
f 17 21 16
f 18 23 22
f 18 22 17
f 19 24 23
f 19 23 18
f 14 13 24
f 14 24 19
f 32 30 29
f 33 29 28
f 33 32 29
f 34 28 27
f 34 33 28
f 35 27 26
f 35 34 27
f 36 26 25
f 36 35 26
f 31 36 25
f 40 62 39
f 40 84 62
f 41 83 84
f 41 84 40
f 42 82 83
f 42 83 41
f 43 81 82
f 43 82 42
f 44 80 81
f 44 81 43
f 45 79 80
f 45 80 44
f 46 78 79
f 46 79 45
f 47 77 78
f 47 78 46
f 48 76 77
f 48 77 47
f 49 75 76
f 49 76 48
f 50 74 75
f 50 75 49
f 51 74 50
f 51 73 74
f 52 73 51
f 52 72 73
f 53 72 52
f 53 71 72
f 54 71 53
f 54 70 71
f 55 70 54
f 55 69 70
f 56 69 55
f 56 68 69
f 57 68 56
f 57 67 68
f 58 66 67
f 58 67 57
f 59 66 58
f 59 65 66
f 60 64 65
f 60 65 59
f 61 37 63
f 61 63 64
f 61 64 60
f 38 37 61
f 133 106 105
f 133 107 106
f 133 108 107
f 134 104 103
f 134 105 104
f 134 133 105
f 135 102 101
f 135 103 102
f 135 134 103
f 136 108 133
f 137 135 101
f 137 100 99
f 137 101 100
f 138 133 134
f 138 136 133
f 139 98 97
f 139 99 98
f 139 137 99
f 140 134 135
f 140 138 134
f 141 108 136
f 142 97 96
f 142 139 97
f 143 140 135
f 143 135 137
f 144 141 136
f 144 136 138
f 145 95 94
f 145 96 95
f 145 142 96
f 146 137 139
f 146 143 137
f 147 144 138
f 147 138 140
f 148 141 144
f 148 132 108
f 148 108 141
f 149 93 92
f 149 94 93
f 149 145 94
f 150 146 139
f 150 139 142
f 151 140 143
f 151 147 140
f 152 148 144
f 153 91 90
f 153 92 91
f 153 149 92
f 154 145 149
f 154 150 142
f 154 142 145
f 155 143 146
f 155 146 150
f 155 151 143
f 156 152 144
f 156 144 147
f 157 132 148
f 158 89 88
f 158 90 89
f 158 153 90
f 159 154 149
f 160 150 154
f 160 155 150
f 161 156 147
f 161 147 151
f 162 157 148
f 162 148 152
f 163 86 85
f 163 87 86
f 163 88 87
f 163 158 88
f 164 149 153
f 164 159 149
f 165 160 154
f 166 161 151
f 166 151 155
f 167 152 156
f 167 162 152
f 168 111 110
f 168 112 111
f 168 110 132
f 168 132 157
f 169 153 158
f 169 158 163
f 169 164 153
f 170 154 159
f 170 159 164
f 170 165 154
f 171 160 165
f 171 155 160
f 171 166 155
f 172 156 161
f 172 167 156
f 173 113 112
f 173 114 113
f 173 112 168
f 173 157 162
f 173 168 157
f 174 169 163
f 174 163 85
f 175 170 164
f 176 171 165
f 177 172 161
f 177 161 166
f 178 173 162
f 178 114 173
f 178 115 114
f 178 116 115
f 178 162 167
f 179 164 169
f 179 175 164
f 180 165 170
f 180 176 165
f 181 166 171
f 181 177 166
f 182 167 172
f 182 116 178
f 182 117 116
f 182 118 117
f 182 178 167
f 183 174 85
f 183 85 109
f 183 169 174
f 183 179 169
f 184 175 179
f 184 170 175
f 184 180 170
f 185 181 171
f 185 171 176
f 186 172 177
f 186 182 172
f 186 119 118
f 186 120 119
f 186 118 182
f 186 177 181
f 187 184 179
f 188 180 184
f 188 185 176
f 188 176 180
f 189 121 120
f 189 122 121
f 189 120 186
f 189 186 181
f 190 183 109
f 190 187 179
f 190 179 183
f 191 188 184
f 192 181 185
f 192 123 122
f 192 122 189
f 192 124 123
f 192 189 181
f 193 184 187
f 193 187 190
f 193 191 184
f 194 185 188
f 194 192 185
f 194 125 124
f 194 124 192
f 194 188 191
f 195 190 109
f 195 193 190
f 196 126 125
f 196 127 126
f 196 125 194
f 196 194 191
f 197 128 127
f 197 129 128
f 197 191 193
f 197 127 196
f 197 196 191
f 198 130 129
f 198 131 130
f 198 109 131
f 198 129 197
f 198 195 109
f 198 193 195
f 198 197 193
f 217 251 240
f 218 249 250
f 218 250 251
f 218 251 217
f 219 247 248
f 219 248 249
f 219 249 218
f 220 245 246
f 220 246 247
f 220 247 219
f 221 244 245
f 221 245 220
f 222 242 243
f 222 243 244
f 222 244 221
f 223 241 242
f 223 242 222
f 224 215 241
f 224 241 223
f 225 214 215
f 225 215 224
f 226 213 214
f 226 214 225
f 227 213 226
f 227 212 213
f 228 212 227
f 228 211 212
f 229 211 228
f 229 210 211
f 230 209 210
f 230 210 229
f 231 208 209
f 231 209 230
f 232 207 208
f 232 208 231
f 233 206 207
f 233 207 232
f 234 205 206
f 234 206 233
f 235 204 205
f 235 205 234
f 236 203 204
f 236 204 235
f 237 202 203
f 237 203 236
f 238 201 202
f 238 202 237
f 239 200 201
f 239 201 238
f 216 199 200
f 216 200 239
f 303 273 272
f 303 274 273
f 303 275 274
f 304 271 270
f 304 272 271
f 304 303 272
f 305 269 268
f 305 270 269
f 305 304 270
f 306 275 303
f 307 267 266
f 307 268 267
f 307 305 268
f 308 303 304
f 308 306 303
f 309 265 264
f 309 266 265
f 309 307 266
f 310 304 305
f 310 308 304
f 311 289 275
f 311 275 306
f 312 264 263
f 312 309 264
f 313 310 305
f 313 305 307
f 313 307 309
f 314 306 308
f 314 311 306
f 315 262 261
f 315 263 262
f 315 312 263
f 316 313 309
f 317 314 308
f 317 308 310
f 318 289 311
f 318 311 314
f 319 260 259
f 319 261 260
f 319 315 261
f 320 309 312
f 320 316 309
f 321 317 310
f 321 310 313
f 322 318 314
f 323 258 257
f 323 259 258
f 323 319 259
f 324 315 319
f 324 320 312
f 324 312 315
f 325 321 313
f 325 313 316
f 326 314 317
f 326 322 314
f 327 256 255
f 327 257 256
f 327 323 257
f 328 289 318
f 329 324 319
f 330 316 320
f 330 325 316
f 331 317 321
f 331 321 325
f 331 326 317
f 332 253 252
f 332 254 253
f 332 255 254
f 332 327 255
f 333 318 322
f 333 328 318
f 334 319 323
f 334 329 319
f 335 330 320
f 335 320 324
f 335 324 329
f 336 331 325
f 337 333 322
f 337 322 326
f 338 323 327
f 338 334 323
f 339 289 328
f 339 290 289
f 339 291 290
f 339 292 291
f 340 335 329
f 341 325 330
f 341 336 325
f 342 337 326
f 342 326 331
f 342 331 336
f 343 338 327
f 343 332 252
f 343 327 332
f 344 293 292
f 344 294 293
f 344 339 328
f 344 292 339
f 344 328 333
f 345 340 329
f 345 329 334
f 346 330 335
f 346 341 330
f 347 342 336
f 347 336 341
f 348 344 333
f 348 295 294
f 348 296 295
f 348 294 344
f 348 333 337
f 349 345 334
f 349 334 338
f 350 335 340
f 350 346 335
f 350 340 345
f 351 347 341
f 352 337 342
f 352 297 296
f 352 298 297
f 352 348 337
f 352 296 348
f 353 343 252
f 353 349 338
f 353 338 343
f 354 350 345
f 355 341 346
f 355 351 341
f 356 352 342
f 356 347 351
f 356 298 352
f 356 299 298
f 356 300 299
f 356 342 347
f 357 349 353
f 357 354 345
f 357 345 349
f 358 355 346
f 358 350 354
f 358 346 350
f 359 356 351
f 359 301 300
f 359 351 355
f 359 300 356
f 360 252 276
f 360 353 252
f 360 357 353
f 361 358 354
f 362 301 359
f 362 302 301
f 362 277 302
f 362 359 355
f 363 354 357
f 363 357 360
f 363 361 354
f 364 278 277
f 364 279 278
f 364 280 279
f 364 277 362
f 364 362 355
f 364 355 358
f 365 360 276
f 365 363 360
f 366 281 280
f 366 282 281
f 366 358 361
f 366 280 364
f 366 364 358
f 366 361 363
f 367 283 282
f 367 284 283
f 367 285 284
f 367 282 366
f 367 366 363
f 368 286 285
f 368 287 286
f 368 288 287
f 368 276 288
f 368 285 367
f 368 363 365
f 368 365 276
f 368 367 363
f 375 373 372
f 376 372 371
f 376 375 372
f 377 371 370
f 377 376 371
f 378 377 370
f 379 370 369
f 379 378 370
f 374 379 369
f 407 437 430
f 408 436 437
f 408 437 407
f 409 435 436
f 409 436 408
f 410 434 435
f 410 435 409
f 411 433 434
f 411 434 410
f 412 432 433
f 412 433 411
f 413 431 432
f 413 432 412
f 414 391 431
f 414 431 413
f 415 390 391
f 415 391 414
f 416 390 415
f 416 388 389
f 416 389 390
f 417 387 388
f 417 388 416
f 418 387 417
f 418 385 386
f 418 386 387
f 419 383 384
f 419 384 385
f 419 385 418
f 420 383 419
f 420 382 383
f 421 380 381
f 421 381 382
f 421 382 420
f 422 402 380
f 422 380 421
f 423 400 401
f 423 401 402
f 423 402 422
f 424 399 400
f 424 400 423
f 425 397 398
f 425 398 399
f 425 399 424
f 426 396 397
f 426 397 425
f 427 394 395
f 427 395 396
f 427 396 426
f 428 393 394
f 428 394 427
f 429 392 393
f 429 393 428
f 406 403 404
f 406 404 405
f 406 405 392
f 406 392 429
f 494 459 458
f 494 460 459
f 494 461 460
f 495 457 456
f 495 458 457
f 495 494 458
f 496 455 454
f 496 456 455
f 496 495 456
f 497 461 494
f 498 453 452
f 498 454 453
f 498 496 454
f 499 494 495
f 499 497 494
f 500 451 450
f 500 452 451
f 500 498 452
f 501 495 496
f 501 499 495
f 502 482 461
f 502 461 497
f 503 450 449
f 503 500 450
f 504 501 496
f 504 496 498
f 505 502 497
f 505 497 499
f 506 448 447
f 506 449 448
f 506 503 449
f 507 498 500
f 507 504 498
f 508 499 501
f 508 505 499
f 509 482 502
f 510 446 445
f 510 447 446
f 510 506 447
f 511 500 503
f 511 507 500
f 512 501 504
f 512 508 501
f 513 502 505
f 513 509 502
f 514 510 445
f 514 444 443
f 514 445 444
f 515 511 503
f 515 503 506
f 515 506 510
f 516 507 511
f 516 504 507
f 516 512 504
f 517 505 508
f 517 513 505
f 518 442 441
f 518 443 442
f 518 514 443
f 519 509 513
f 519 482 509
f 520 515 510
f 521 516 511
f 522 508 512
f 522 517 508
f 523 439 438
f 523 440 439
f 523 441 440
f 523 518 441
f 524 519 513
f 525 520 510
f 525 510 514
f 526 511 515
f 526 521 511
f 527 512 516
f 527 516 521
f 527 522 512
f 528 513 517
f 528 524 513
f 529 525 514
f 529 514 518
f 530 482 519
f 530 483 482
f 530 484 483
f 530 485 484
f 531 515 520
f 531 526 515
f 532 527 521
f 533 528 517
f 533 517 522
f 534 523 438
f 534 529 518
f 534 518 523
f 535 485 530
f 535 519 524
f 535 486 485
f 535 487 486
f 535 530 519
f 535 488 487
f 535 524 528
f 536 520 525
f 536 525 529
f 536 531 520
f 537 521 526
f 537 532 521
f 538 522 527
f 538 533 522
f 539 488 535
f 539 535 528
f 539 489 488
f 539 490 489
f 539 491 490
f 540 536 529
f 541 526 531
f 541 537 526
f 541 531 536
f 542 538 527
f 542 527 532
f 543 539 528
f 543 477 476
f 543 491 539
f 543 492 491
f 543 493 492
f 543 476 493
f 543 528 533
f 544 534 438
f 544 438 462
f 544 540 529
f 544 529 534
f 545 541 536
f 546 537 541
f 546 542 532
f 546 532 537
f 547 543 533
f 547 477 543
f 547 533 538
f 547 478 477
f 547 479 478
f 547 480 479
f 547 538 542
f 547 481 480
f 548 536 540
f 548 545 536
f 549 546 541
f 550 473 474
f 550 474 475
f 550 475 481
f 550 547 542
f 550 481 547
f 551 544 462
f 551 540 544
f 551 548 540
f 552 541 545
f 552 549 541
f 553 473 550
f 553 471 472
f 553 472 473
f 553 546 549
f 553 542 546
f 553 550 542
f 554 545 548
f 554 552 545
f 555 463 470
f 555 470 471
f 555 549 552
f 555 553 549
f 555 471 553
f 556 551 462
f 556 548 551
f 556 554 548
f 557 464 463
f 557 465 464
f 557 463 555
f 557 555 552
f 558 465 557
f 558 466 465
f 558 467 466
f 558 552 554
f 558 557 552
f 559 558 554
f 559 468 467
f 559 469 468
f 559 462 469
f 559 556 462
f 559 467 558
f 559 554 556
f 565 561 560
f 588 564 563
f 588 587 564
f 589 586 587
f 589 587 588
f 590 585 586
f 590 586 589
f 591 584 585
f 591 585 590
f 592 583 584
f 592 584 591
f 593 582 583
f 593 583 592
f 594 581 582
f 594 582 593
f 595 563 562
f 595 588 563
f 596 580 581
f 596 581 594
f 597 589 588
f 597 588 595
f 598 576 575
f 598 577 576
f 598 575 579
f 598 579 580
f 598 580 596
f 599 589 597
f 599 590 589
f 600 591 590
f 600 590 599
f 601 591 600
f 601 592 591
f 602 592 601
f 602 593 592
f 603 594 593
f 603 593 602
f 604 562 561
f 604 595 562
f 604 561 565
f 605 596 594
f 605 598 596
f 605 594 603
f 606 595 604
f 606 565 566
f 606 597 595
f 606 604 565
f 607 598 605
f 607 578 577
f 607 577 598
f 608 606 566
f 608 566 567
f 608 599 597
f 608 597 606
f 609 567 568
f 609 608 567
f 609 599 608
f 609 600 599
f 610 568 569
f 610 600 609
f 610 609 568
f 610 601 600
f 611 610 569
f 611 569 570
f 611 601 610
f 611 602 601
f 612 605 603
f 612 570 571
f 612 611 570
f 612 602 611
f 612 603 602
f 613 607 605
f 613 571 572
f 613 605 612
f 613 612 571
f 614 578 607
f 614 572 573
f 614 573 574
f 614 574 578
f 614 607 613
f 614 613 572
f 616 615 630
f 617 616 630
f 618 630 629
f 618 617 630
f 620 618 629
f 631 619 620
f 631 628 627
f 631 629 628
f 631 620 629
f 632 621 619
f 632 622 621
f 632 627 574
f 632 619 631
f 632 631 627
f 633 632 574
f 633 622 632
f 634 623 622
f 634 574 624
f 634 624 625
f 634 625 626
f 634 626 623
f 634 622 633
f 634 633 574
f 644 645 647
f 639 638 627
f 641 642 640
f 648 635 636
f 649 646 635
f 649 647 646
f 649 644 647
f 649 635 648
f 649 648 636
f 650 636 637
f 651 643 644
f 651 649 636
f 651 636 650
f 651 644 649
f 652 637 638
f 652 650 637
f 652 638 639
f 653 639 640
f 653 642 643
f 653 650 652
f 653 652 639
f 653 651 650
f 653 643 651
f 653 640 642
f 663 664 665
f 663 665 654
f 662 654 655
f 662 663 654
f 661 655 656
f 661 662 655
f 660 656 657
f 660 661 656
f 659 657 658
f 659 660 657
f 675 667 666
f 675 671 641
f 675 672 671
f 675 673 672
f 675 674 673
f 675 666 674
f 676 668 667
f 676 669 668
f 676 670 669
f 676 641 670
f 676 675 641
f 676 667 675
f 685 677 678
f 685 684 677
f 686 678 679
f 686 685 678
f 687 679 680
f 687 686 679
f 688 680 681
f 688 687 680
f 683 681 682
f 683 688 681
f 693 708 694
f 695 690 689
f 715 708 693
f 716 709 708
f 716 708 715
f 717 710 709
f 717 709 716
f 718 711 710
f 718 710 717
f 719 712 711
f 719 711 718
f 720 713 712
f 720 712 719
f 721 704 703
f 721 714 713
f 721 703 714
f 721 713 720
f 722 693 692
f 722 715 693
f 723 716 715
f 723 715 722
f 724 717 716
f 724 716 723
f 725 718 717
f 725 717 724
f 726 719 718
f 726 718 725
f 727 720 719
f 727 719 726
f 728 705 704
f 728 721 720
f 728 704 721
f 728 720 727
f 729 692 691
f 729 722 692
f 730 723 722
f 730 722 729
f 731 724 723
f 731 723 730
f 732 725 724
f 732 724 731
f 733 726 725
f 733 725 732
f 734 726 733
f 734 727 726
f 735 727 734
f 735 706 705
f 735 705 728
f 735 728 727
f 736 691 690
f 736 729 691
f 736 690 695
f 737 695 696
f 737 729 736
f 737 730 729
f 737 736 695
f 738 696 697
f 738 730 737
f 738 737 696
f 738 731 730
f 739 732 731
f 739 697 698
f 739 738 697
f 739 731 738
f 740 733 732
f 740 698 699
f 740 732 739
f 740 739 698
f 741 734 733
f 741 699 700
f 741 700 701
f 741 733 740
f 741 740 699
f 742 735 734
f 742 701 702
f 742 707 706
f 742 702 707
f 742 734 741
f 742 706 735
f 742 741 701
f 756 767 757
f 753 752 754
f 771 758 759
f 771 768 758
f 772 759 760
f 772 771 759
f 773 760 761
f 773 772 760
f 774 761 762
f 774 773 761
f 775 762 763
f 775 774 762
f 776 763 764
f 776 775 763
f 777 764 765
f 777 776 764
f 778 765 766
f 778 777 765
f 779 766 767
f 779 767 756
f 779 778 766
f 780 769 768
f 780 768 771
f 781 771 772
f 781 780 771
f 782 772 773
f 782 781 772
f 783 782 773
f 783 773 774
f 784 783 774
f 784 774 775
f 785 775 776
f 785 784 775
f 786 776 777
f 786 785 776
f 787 777 778
f 787 786 777
f 788 787 778
f 788 756 755
f 788 778 779
f 788 779 756
f 789 744 743
f 789 770 769
f 789 743 770
f 789 769 780
f 790 745 744
f 790 780 781
f 790 781 782
f 790 789 780
f 790 744 789
f 791 746 745
f 791 745 790
f 791 790 782
f 792 747 746
f 792 791 782
f 792 746 791
f 792 782 783
f 793 748 747
f 793 792 783
f 793 747 792
f 793 783 784
f 794 785 786
f 794 749 748
f 794 748 793
f 794 793 784
f 794 784 785
f 795 750 749
f 795 749 794
f 795 794 786
f 796 786 787
f 796 751 750
f 796 750 795
f 796 795 786
f 797 788 755
f 797 752 751
f 797 755 754
f 797 796 787
f 797 751 796
f 797 787 788
f 797 754 752
f 814 818 813
f 830 802 801
f 830 819 802
f 831 820 819
f 831 819 830
f 832 821 820
f 832 820 831
f 833 822 821
f 833 821 832
f 834 823 822
f 834 822 833
f 835 824 823
f 835 823 834
f 836 825 824
f 836 824 835
f 837 826 825
f 837 825 836
f 838 801 800
f 838 830 801
f 839 827 826
f 839 826 837
f 840 830 838
f 840 831 830
f 841 828 827
f 841 827 839
f 842 832 831
f 842 831 840
f 843 816 815
f 843 829 828
f 843 815 829
f 843 828 841
f 844 833 832
f 844 832 842
f 845 833 844
f 845 834 833
f 846 834 845
f 846 835 834
f 847 835 846
f 847 836 835
f 848 836 847
f 848 837 836
f 849 799 798
f 849 800 799
f 849 798 803
f 849 838 800
f 850 837 848
f 850 839 837
f 851 803 804
f 851 838 849
f 851 849 803
f 851 840 838
f 852 839 850
f 852 841 839
f 853 804 805
f 853 840 851
f 853 842 840
f 853 851 804
f 854 843 841
f 854 841 852
f 854 817 816
f 854 816 843
f 855 844 842
f 855 853 805
f 855 805 806
f 855 842 853
f 856 806 807
f 856 844 855
f 856 845 844
f 856 855 806
f 857 846 845
f 857 807 808
f 857 845 856
f 857 856 807
f 858 808 809
f 858 847 846
f 858 846 857
f 858 857 808
f 859 809 810
f 859 848 847
f 859 858 809
f 859 847 858
f 860 810 811
f 860 852 850
f 860 859 810
f 860 848 859
f 860 850 848
f 861 811 812
f 861 852 860
f 861 860 811
f 862 812 813
f 862 818 817
f 862 817 854
f 862 861 812
f 862 854 852
f 862 852 861
f 862 813 818
f 866 869 865
f 866 870 869
f 867 871 870
f 867 870 866
f 868 872 871
f 868 871 867
f 864 863 872
f 864 872 868
f 889 888 881
f 879 889 880
f 890 884 885
f 890 887 884
f 891 883 882
f 891 885 886
f 891 886 883
f 891 890 885
f 891 882 890
f 892 888 887
f 892 881 888
f 892 887 890
f 892 890 882
f 893 882 881
f 893 881 892
f 893 892 882
f 894 889 881
f 894 880 889
f 895 881 880
f 895 880 894
f 895 894 881
f 896 876 877
f 896 877 878
f 896 878 879
f 896 879 880
f 897 873 874
f 897 874 875
f 897 875 876
f 897 880 873
f 897 876 896
f 897 896 880
f 902 815 816
f 902 816 817
f 902 817 818
f 902 818 814
f 902 901 815
f 903 814 883
f 903 883 898
f 903 898 899
f 903 899 900
f 903 900 901
f 903 901 902
f 903 902 814
f 905 915 916
f 905 916 917
f 905 917 918
f 905 918 919
f 905 919 920
f 905 920 921
f 905 921 904
f 914 915 905
f 906 914 905
f 907 914 906
f 913 914 907
f 922 907 884
f 922 912 913
f 922 913 907
f 923 884 757
f 923 911 912
f 923 922 884
f 923 912 922
f 924 757 908
f 924 908 909
f 924 909 910
f 924 910 911
f 924 911 923
f 924 923 757
f 930 931 703
f 929 703 704
f 929 930 703
f 928 704 705
f 928 929 704
f 927 705 706
f 927 928 705
f 926 706 707
f 926 927 706
f 925 707 702
f 925 926 707
f 942 932 933
f 942 943 932
f 941 933 934
f 941 942 933
f 940 934 935
f 940 941 934
f 939 935 936
f 939 940 935
f 938 936 937
f 938 939 936
f 948 950 949
f 947 951 950
f 947 950 948
f 946 945 951
f 946 951 947
f 944 945 946
f 985 947 948
f 952 944 946
f 952 946 947
f 952 947 985
f 955 952 985
f 954 955 985
f 953 959 956
f 960 957 958
f 960 958 959
f 960 959 953
f 986 953 954
f 986 962 963
f 986 963 960
f 986 954 985
f 986 960 953
f 961 962 986
f 987 964 961
f 987 967 964
f 987 961 986
f 988 966 967
f 988 967 987
f 965 966 988
f 968 965 988
f 989 970 971
f 989 971 968
f 989 968 988
f 969 970 989
f 969 975 972
f 976 969 989
f 976 975 969
f 976 973 974
f 976 974 975
f 977 982 983
f 977 983 980
f 984 982 977
f 984 977 978
f 984 978 979
f 984 979 976
f 984 981 982
f 984 976 989
f 1094 1033 1034
f 1095 1094 1034
f 1095 1034 684
f 1093 1033 1094
f 1093 1032 1033
f 1096 1095 684
f 1092 1032 1093
f 1092 1031 1032
f 1097 684 685
f 1097 1096 684
f 1098 685 686
f 1098 1097 685
f 1090 1031 1092
f 1091 1090 1092
f 1099 686 687
f 1099 1098 686
f 1100 687 688
f 1100 1099 687
f 1089 1035 1090
f 1088 1038 1035
f 1088 1035 1089
f 1087 1037 1038
f 1087 1038 1088
f 1086 1036 1037
f 1086 1037 1087
f 1085 999 1036
f 1085 1036 1086
f 683 1039 688
f 1101 688 1039
f 1101 1100 688
f 1040 1039 683
f 1041 1040 683
f 15 1041 683
f 1084 998 999
f 1084 999 1085
f 1027 15 683
f 16 15 1027
f 1083 998 1084
f 997 998 1083
f 1028 16 1027
f 17 16 1028
f 1082 997 1083
f 996 997 1082
f 1029 17 1028
f 18 17 1029
f 1081 996 1082
f 995 996 1081
f 1030 18 1029
f 19 18 1030
f 994 1080 1079
f 994 995 1080
f 1023 19 1030
f 14 19 1023
f 1024 14 1023
f 1042 14 1024
f 1025 1042 1024
f 1025 1043 1042
f 1026 1043 1025
f 1026 1044 1043
f 1022 1044 1026
f 1022 1045 1044
f 1078 994 1079
f 993 994 1078
f 1077 993 1078
f 992 993 1077
f 1076 992 1077
f 991 992 1076
f 1075 991 1076
f 1046 1045 1022
f 990 991 1075
f 990 1074 1073
f 990 1075 1074
f 1003 990 1073
f 1003 1073 1072
f 1002 1003 1072
f 1002 1072 1071
f 1001 1002 1071
f 1001 1071 1070
f 1000 1001 1070
f 1068 1070 1069
f 1068 1000 1070
f 1048 1047 1046
f 1018 1048 1046
f 1019 1048 1018
f 1019 1049 1048
f 1020 1049 1019
f 1020 1050 1049
f 1021 1050 1020
f 1021 1051 1050
f 1009 1051 1021
f 1009 1052 1051
f 1053 1052 1009
f 1010 1053 1009
f 1054 1053 1010
f 1011 1054 1010
f 1055 1054 1011
f 1012 1055 1011
f 1056 1055 1012
f 1004 1067 1066
f 1004 1068 1067
f 1008 1004 1066
f 1008 1066 1065
f 1007 1008 1065
f 1007 1065 1064
f 1006 1007 1064
f 1006 1064 1063
f 1005 1006 1063
f 1013 1056 1012
f 1013 1057 1056
f 1013 1058 1057
f 1062 1005 1063
f 1017 1005 1062
f 1017 1062 1061
f 1014 1058 1013
f 1016 1017 1061
f 1016 1061 1060
f 1015 1059 1014
f 1015 1016 1060
f 1015 1060 1059
f 1000 1068 1004
f 1018 1046 1022
f 1031 1090 1035
f 1058 1014 1059
f 1080 995 1081
f 1172 1171 1114
f 1173 1114 1115
f 1173 1172 1114
f 1174 1173 1115
f 1179 1174 1115
f 1176 1175 1174
f 1177 1174 1179
f 1177 1176 1174
f 1178 1177 1179
f 1180 1115 1116
f 1170 1119 1114
f 1170 1114 1171
f 1167 1120 1119
f 1167 1119 1170
f 1168 1167 1170
f 1168 1170 1169
f 1117 1180 1116
f 1181 1180 1117
f 1118 1181 1117
f 1184 1183 1182
f 1187 1182 1118
f 1187 1184 1182
f 1187 1185 1184
f 1186 1185 1187
f 1113 1187 1118
f 1188 1113 1110
f 1188 1187 1113
f 1189 1110 1111
f 1189 1111 1112
f 1189 1188 1110
f 985 1189 1112
f 985 1112 1
f 1126 1121 1166
f 1165 1126 1166
f 986 985 1
f 986 1 2
f 1125 1126 1165
f 1164 1125 1165
f 987 986 2
f 987 2 3
f 1124 1125 1164
f 1163 1124 1164
f 988 3 4
f 988 987 3
f 1123 1124 1163
f 1162 1123 1163
f 989 4 5
f 989 988 4
f 1161 1127 1122
f 1159 1161 1160
f 984 989 5
f 6 984 5
f 1156 1161 1159
f 1156 1159 1158
f 1157 1156 1158
f 1132 1127 1161
f 1132 1161 1156
f 1131 1132 1155
f 1154 1131 1155
f 1130 1131 1154
f 1129 1130 1154
f 1151 1153 1152
f 1150 1153 1151
f 1148 1150 1149
f 1148 1129 1153
f 1148 1153 1150
f 1147 1129 1148
f 1190 1109 1108
f 1193 1191 1190
f 1193 1192 1191
f 1193 1190 1108
f 1128 1146 1145
f 1128 1147 1146
f 1128 1129 1147
f 1144 1128 1145
f 1142 1144 1143
f 1141 1144 1142
f 1133 1128 1144
f 1133 1141 1134
f 1133 1144 1141
f 1102 1194 1193
f 1102 1193 1108
f 1195 1194 1102
f 1196 1195 1102
f 1199 1198 1197
f 1202 1200 1199
f 1202 1201 1200
f 1202 1199 1197
f 1103 1197 1196
f 1103 1196 1102
f 1103 1202 1197
f 1104 1203 1103
f 1105 1204 1203
f 1105 1203 1104
f 1205 1207 1206
f 1208 1207 1205
f 1106 1204 1105
f 1210 1209 1208
f 1210 1205 1106
f 1210 1208 1205
f 1107 1210 1106
f 1107 1136 1210
f 1140 1215 1214
f 1140 1135 1215
f 1137 1212 1211
f 1139 1214 1213
f 1139 1140 1214
f 1138 1213 1212
f 1138 1212 1137
f 1138 1139 1213
f 1109 984 6
f 1120 1166 1121
f 1123 1162 1122
f 1134 1215 1135
f 1137 1211 1136
f 1153 1129 1154
f 1155 1132 1156
f 1161 1122 1162
f 1166 1120 1167
f 1179 1115 1180
f 1181 1118 1182
f 984 1109 1190
f 1202 1103 1203
f 1204 1106 1205
f 1210 1136 1211
f 1215 1134 1141
f 1217 1218 1166
f 1216 1218 1217
f 1224 1225 1222
f 1223 1224 1222
f 1167 1221 1222
f 1167 1225 1217
f 1167 1217 1166
f 1167 1222 1225
f 1219 1220 1221
f 1219 1221 1167
f 1226 1216 1227
f 1218 1216 1226
f 1224 1223 1228
f 1224 1228 1229
f 1233 1235 1234
f 1233 1236 1237
f 1233 1237 1235
f 1232 1231 1236
f 1232 1236 1233
f 1230 1231 1232
f 1241 1243 1242
f 1241 1244 1245
f 1241 1245 1243
f 1240 1239 1244
f 1240 1244 1241
f 1238 1239 1240
f 1249 1251 1250
f 1249 1253 1251
f 1248 1247 1252
f 1248 1252 1253
f 1248 1253 1249
f 1246 1247 1248
f 1255 1257 1256
f 1255 1258 1259
f 1255 1259 1257
f 1254 1226 1258
f 1254 1258 1255
f 1218 1226 1254
f 1261 981 984
f 1260 981 1261
f 1267 1268 1265
f 1266 1267 1265
f 1190 1264 1265
f 1190 1268 1261
f 1190 1261 984
f 1190 1265 1268
f 1262 1263 1264
f 1262 1264 1190
f 1260 1269 981
f 1270 1269 1260
f 1272 1267 1266
f 1271 1272 1266
f 959 1274 956
f 959 1275 1274
f 958 1276 1275
f 958 1273 1276
f 958 1275 959
f 957 1273 958
f 967 1278 964
f 967 1279 1278
f 967 1280 1279
f 966 1277 1280
f 966 1280 967
f 965 1277 966
f 975 1282 972
f 975 1283 1282
f 975 1284 1283
f 974 1281 1284
f 974 1284 975
f 973 1281 974
f 983 1285 980
f 983 1286 1285
f 983 1287 1286
f 982 1269 1287
f 982 1287 983
f 981 1269 982
f 1180 1290 1291
f 1180 1291 1179
f 1181 1289 1290
f 1181 1290 1180
f 1288 1289 1181
f 1182 1288 1181
f 1290 1293 1291
f 1290 1294 1293
f 1295 1294 1290
f 1289 1295 1290
f 1292 1295 1289
f 1288 1292 1289
f 1292 1297 1299
f 1295 1292 1299
f 1294 1299 1298
f 1294 1295 1299
f 1293 1298 1296
f 1293 1294 1298
f 1297 1311 1310
f 1297 1308 1311
f 1312 1310 1309
f 1312 1297 1310
f 1296 1305 1306
f 1296 1306 1307
f 1303 1304 1305
f 1303 1305 1296
f 1319 1298 1299
f 1319 1299 1318
f 1317 1299 1297
f 1317 1318 1299
f 1317 1297 1312
f 1320 1298 1319
f 1320 1303 1296
f 1316 1312 1313
f 1316 1313 1314
f 1316 1314 1315
f 1316 1317 1312
f 1321 1300 1301
f 1321 1301 1302
f 1321 1302 1303
f 1321 1303 1320
f 1327 1325 1326
f 1327 1300 1321
f 1324 1325 1327
f 1322 1323 1324
f 1322 1324 1327
f 1296 1298 1320
f 1321 1322 1327
f 1188 1328 1187
f 1188 1330 1328
f 1189 1329 1330
f 1189 1330 1188
f 985 948 1329
f 985 1329 1189
f 1330 1331 1328
f 1330 1332 1331
f 1330 1333 1332
f 1329 1334 1333
f 1329 1333 1330
f 948 1335 1334
f 948 1336 1335
f 948 949 1336
f 948 1334 1329
f 1333 1334 1315
f 1333 1315 1314
f 1332 1314 1313
f 1332 1333 1314
f 1331 1313 1312
f 1331 1332 1313
f 1171 1337 1170
f 1338 1337 1171
f 1337 1340 1339
f 1337 1338 1340
f 1339 1340 1300
f 1339 1300 1327
f 1203 1343 1344
f 1203 1344 1202
f 1204 1342 1343
f 1204 1343 1203
f 1341 1342 1204
f 1205 1341 1204
f 1343 1346 1344
f 1343 1347 1346
f 1348 1347 1343
f 1342 1348 1343
f 1345 1348 1342
f 1341 1345 1342
f 1345 1350 1352
f 1348 1345 1352
f 1347 1352 1351
f 1347 1348 1352
f 1346 1351 1349
f 1346 1347 1351
f 1350 1361 1364
f 1365 1363 1362
f 1365 1364 1363
f 1365 1350 1364
f 1349 1358 1359
f 1349 1359 1360
f 1356 1357 1358
f 1356 1358 1349
f 1372 1351 1352
f 1372 1352 1371
f 1370 1352 1350
f 1370 1350 1365
f 1370 1371 1352
f 1373 1351 1372
f 1373 1356 1349
f 1369 1365 1366
f 1369 1366 1367
f 1369 1367 1368
f 1369 1370 1365
f 1374 1353 1354
f 1374 1354 1355
f 1374 1355 1356
f 1374 1356 1373
f 1380 1353 1374
f 1377 1378 1379
f 1377 1379 1380
f 1375 1376 1377
f 1375 1377 1380
f 1349 1351 1373
f 1374 1375 1380
f 1210 1383 1384
f 1382 1383 1210
f 1385 1381 1382
f 1385 1382 1210
f 1386 1392 1389
f 1211 1386 1387
f 1211 1387 1388
f 1211 1388 1385
f 1211 1385 1210
f 1393 1390 1391
f 1393 1391 1392
f 1393 1392 1386
f 1393 1386 1211
f 1396 1393 1211
f 1395 1396 1211
f 1212 1394 1395
f 1212 1397 1394
f 1212 1395 1211
f 1400 1397 1212
f 1213 1399 1400
f 1213 1400 1212
f 1401 1398 1399
f 1214 1399 1213
f 1214 1401 1399
f 1404 1401 1214
f 1403 1404 1214
f 1402 1403 1214
f 1402 1408 1405
f 1409 1402 1214
f 1409 1408 1402
f 1409 1406 1407
f 1409 1407 1408
f 1410 1415 1416
f 1410 1416 1413
f 1215 1409 1214
f 1215 1415 1410
f 1215 1410 1411
f 1215 1411 1412
f 1215 1412 1409
f 1215 1414 1415
f 1384 1422 1421
f 1383 1423 1422
f 1383 1422 1384
f 1382 1418 1419
f 1382 1419 1420
f 1382 1420 1423
f 1382 1423 1383
f 1381 1417 1418
f 1381 1418 1382
f 1423 1420 1368
f 1423 1368 1367
f 1422 1367 1366
f 1422 1423 1367
f 1421 1366 1365
f 1421 1422 1366
f 1194 1424 1193
f 1425 1424 1194
f 1427 1424 1425
f 1427 1426 1424
f 1426 1427 1353
f 1426 1353 1380
f 1482 1489 1488
f 1482 1490 1489
f 1482 1487 1490
f 1482 1488 1491
f 1545 1485 1484
f 1546 1486 1485
f 1546 1485 1545
f 1544 1483 1482
f 1544 1484 1483
f 1544 1545 1484
f 1547 1486 1546
f 1543 1482 1491
f 1543 1491 1492
f 1543 1492 1235
f 1543 1544 1482
f 1548 1486 1547
f 1548 1481 1486
f 1549 1481 1548
f 1550 1481 1549
f 1523 1243 1245
f 1551 1481 1550
f 1552 1481 1551
f 1542 1494 1243
f 1542 1543 1235
f 1542 1243 1523
f 1542 1236 1231
f 1542 1237 1236
f 1542 1235 1237
f 1542 1231 1493
f 1542 1493 1494
f 1553 1481 1552
f 1526 1542 1523
f 1554 1481 1553
f 1524 1245 1244
f 1541 1542 1526
f 464 1556 1557
f 465 1556 464
f 465 1555 1556
f 463 464 1557
f 466 1481 1554
f 466 1555 465
f 466 1554 1555
f 467 1481 466
f 468 1481 467
f 469 1481 468
f 462 1481 469
f 1525 1244 1239
f 1525 1239 1495
f 1525 1495 1496
f 1522 1247 1497
f 1522 1497 1498
f 1522 1498 1257
f 1522 1258 1226
f 1522 1259 1258
f 1522 1257 1259
f 1580 1575 1576
f 1580 1576 1577
f 1580 1577 1578
f 1580 1578 1579
f 1527 1535 1536
f 1480 1563 1564
f 1480 1564 1565
f 1480 1565 1566
f 1480 1566 1567
f 1480 1567 1568
f 1480 1568 1569
f 1480 1569 1570
f 1534 1535 1527
f 1533 1534 1527
f 1478 1479 1480
f 1530 1531 1532
f 1530 1532 1533
f 1592 1475 1476
f 1591 1478 1480
f 1591 1476 1477
f 1591 1477 1478
f 1591 1592 1476
f 1590 1591 1480
f 1589 1590 1480
f 1588 1589 1480
f 1587 1588 1480
f 1586 1587 1480
f 1585 1586 1480
f 1584 1570 1571
f 1584 1480 1570
f 1584 1585 1480
f 1583 1584 1571
f 1582 1571 1572
f 1582 1572 1573
f 1582 1583 1571
f 1227 1521 1226
f 1229 1521 1227
f 1520 1521 1229
f 1228 1520 1229
f 1472 1475 1592
f 1581 1582 1573
f 1581 1573 1574
f 1581 1574 1575
f 1581 1575 1580
f 1593 1473 1472
f 1593 1474 1473
f 1593 1471 1474
f 1470 1471 1593
f 1603 1601 1602
f 1499 1520 1228
f 1604 1601 1603
f 1469 1470 1593
f 1605 1598 1604
f 1466 1469 1593
f 1606 1598 1605
f 1607 1598 1606
f 1501 1520 1499
f 1501 1499 1500
f 1501 1513 1514
f 1501 1514 1515
f 1501 1515 1516
f 1501 1516 1517
f 1501 1517 1518
f 1501 1518 1519
f 1501 1519 1520
f 1596 1460 1463
f 1596 1463 1464
f 1461 1460 1596
f 127 1501 126
f 125 126 1501
f 128 1501 127
f 124 125 1501
f 129 1501 128
f 123 124 1501
f 130 1501 129
f 130 1512 1513
f 130 1513 1501
f 131 1512 130
f 131 1511 1512
f 109 1511 131
f 109 1510 1511
f 1462 1461 1595
f 1502 1510 109
f 1503 1510 1502
f 1509 1510 1503
f 1509 1503 1504
f 1509 1504 1505
f 1509 1505 1506
f 1509 1506 1507
f 1508 1509 1507
f 1459 1462 1594
f 1613 1594 1597
f 1613 1597 1612
f 1613 1459 1594
f 1687 110 111
f 1686 111 112
f 1686 1687 111
f 1458 1459 1613
f 1685 112 113
f 1685 1686 112
f 1457 1458 1613
f 1684 1685 113
f 1454 1457 1613
f 1455 1454 1613
f 1456 1455 1613
f 1433 113 114
f 1433 114 115
f 1433 115 116
f 1433 116 117
f 1433 1681 1682
f 1433 1682 1683
f 1433 1683 1684
f 1433 1684 113
f 1453 1456 1613
f 1680 1681 1433
f 1679 1680 1433
f 1678 1679 1433
f 1614 1453 1613
f 1614 1451 1452
f 1614 1452 1453
f 1446 1451 1614
f 1446 1418 1417
f 1446 1419 1418
f 1446 1417 1451
f 1420 1419 1446
f 1432 1678 1433
f 1432 564 1678
f 1615 1446 1614
f 1447 1446 1615
f 563 564 1432
f 1431 563 1432
f 1448 1447 1615
f 1448 1615 1616
f 562 563 1431
f 1430 562 1431
f 1449 1448 1616
f 1617 1449 1616
f 561 562 1430
f 302 277 1644
f 301 302 1644
f 1429 561 1430
f 300 301 1644
f 299 300 1644
f 1450 1449 1617
f 1618 1450 1617
f 1619 1450 1618
f 1428 560 561
f 1428 561 1429
f 1645 297 298
f 1645 298 299
f 1645 299 1644
f 1630 1627 1628
f 1630 1628 1629
f 1631 1627 1630
f 1631 1626 1627
f 1632 1626 1631
f 1632 1625 1626
f 1335 1428 1334
f 1336 1428 1335
f 949 1428 1336
f 950 1428 949
f 1445 1625 1632
f 1445 1619 1620
f 1445 1620 1621
f 1445 1621 1622
f 1445 1622 1623
f 1445 1623 1624
f 1445 1624 1625
f 1445 1632 1633
f 1445 1633 1634
f 1445 1450 1619
f 1635 1445 1634
f 951 1428 950
f 1636 1445 1635
f 945 1428 951
f 1646 296 297
f 1646 297 1645
f 1434 1428 945
f 1434 560 1428
f 1647 295 296
f 1647 296 1646
f 1648 295 1647
f 1648 294 295
f 1435 560 1434
f 1274 1677 560
f 1274 560 1435
f 1275 1677 1274
f 1276 1677 1275
f 1273 1677 1276
f 1436 1677 1273
f 1658 1661 1677
f 1676 1677 1661
f 1437 1677 1436
f 1278 1677 1437
f 1278 1658 1677
f 1444 1648 1649
f 1444 1649 1650
f 1444 1650 1651
f 1444 1651 1652
f 1444 1652 1653
f 1444 1653 1654
f 1444 1654 1655
f 1444 294 1648
f 1444 1642 1643
f 1444 1643 289
f 1444 289 290
f 1444 290 291
f 1444 291 292
f 1444 292 293
f 1444 293 294
f 1279 1658 1278
f 1442 1444 1655
f 1442 1443 1444
f 1665 1666 1667
f 1665 1667 1668
f 1271 1442 1655
f 1662 1668 1669
f 1662 1669 1670
f 1662 1670 1671
f 1272 1655 1656
f 1272 1271 1655
f 1280 1659 1279
f 1270 1272 1656
f 1277 1660 1280
f 1438 1660 1277
f 1439 1660 1438
f 1440 1657 1281
f 1441 1657 1440
f 1285 1657 1441
f 1286 1657 1285
f 1287 1657 1286
f 1269 1657 1287
f 1269 1270 1656
f 1444 1445 1636
f 1444 1636 1637
f 1444 1637 1638
f 1444 1638 1639
f 1444 1639 1640
f 1444 1640 1641
f 1444 1641 1642
f 1480 1481 462
f 1480 462 1558
f 1480 1558 1559
f 1480 1559 1560
f 1480 1560 1561
f 1480 1561 1562
f 1480 1562 1563
f 1501 1433 117
f 1501 117 118
f 1501 118 119
f 1501 119 120
f 1501 120 121
f 1501 121 122
f 1501 122 123
f 1521 1522 1226
f 1524 1523 1245
f 1525 1524 1244
f 1522 1525 1247
f 1247 1525 1252
f 1252 1525 1253
f 1253 1525 1251
f 1251 1525 1496
f 1528 1527 1539
f 1539 1527 1538
f 1538 1527 1537
f 1537 1527 1536
f 1529 1528 1540
f 1526 1529 1541
f 1527 1530 1533
f 1539 1540 1528
f 1540 1541 1529
f 1592 1593 1472
f 1595 1594 1462
f 1596 1595 1461
f 1593 1596 1466
f 1466 1596 1467
f 1467 1596 1468
f 1468 1596 1465
f 1465 1596 1464
f 1599 1598 1610
f 1610 1598 1609
f 1609 1598 1608
f 1608 1598 1607
f 1600 1599 1611
f 1597 1600 1612
f 1598 1601 1604
f 1610 1611 1599
f 1611 1612 1600
f 1656 1657 1269
f 1659 1658 1279
f 1660 1659 1280
f 1657 1660 1281
f 1281 1660 1284
f 1284 1660 1283
f 1283 1660 1282
f 1282 1660 1439
f 1663 1662 1674
f 1674 1662 1673
f 1673 1662 1672
f 1672 1662 1671
f 1664 1663 1675
f 1661 1664 1676
f 1662 1665 1668
f 1674 1675 1663
f 1675 1676 1664
f 1692 1141 1690
f 1691 1692 1690
f 1695 1693 1694
f 1695 1696 1693
f 1414 1689 1688
f 1414 1215 1689
f 1215 1141 1692
f 1215 1692 1693
f 1215 1693 1696
f 1215 1696 1689
f 1472 1688 1475
f 1414 1688 1472
f 1694 1477 1476
f 1695 1694 1476
f 1392 1453 1389
f 1392 1455 1456
f 1392 1456 1453
f 1391 1454 1455
f 1391 1455 1392
f 1390 1454 1391
f 1400 1459 1397
f 1400 1461 1462
f 1400 1462 1459
f 1399 1460 1461
f 1399 1461 1400
f 1398 1460 1399
f 1408 1465 1405
f 1408 1468 1465
f 1407 1466 1467
f 1407 1467 1468
f 1407 1468 1408
f 1406 1466 1407
f 1416 1471 1413
f 1416 1473 1474
f 1416 1474 1471
f 1415 1472 1473
f 1415 1473 1416
f 1414 1472 1415
f 1154 1699 1700
f 1154 1700 1153
f 1155 1698 1699
f 1155 1699 1154
f 1697 1698 1155
f 1156 1697 1155
f 1699 1702 1700
f 1699 1703 1702
f 1704 1703 1699
f 1698 1704 1699
f 1701 1704 1698
f 1697 1701 1698
f 1701 1706 1708
f 1704 1701 1708
f 1703 1708 1707
f 1703 1704 1708
f 1702 1707 1705
f 1702 1703 1707
f 1706 1717 1720
f 1721 1719 1718
f 1721 1720 1719
f 1721 1706 1720
f 1705 1715 1716
f 1712 1713 1714
f 1712 1714 1715
f 1712 1715 1705
f 1728 1707 1708
f 1728 1708 1727
f 1726 1708 1706
f 1726 1706 1721
f 1726 1727 1708
f 1729 1712 1705
f 1729 1707 1728
f 1725 1721 1722
f 1725 1722 1723
f 1725 1723 1724
f 1725 1726 1721
f 1730 1709 1710
f 1730 1710 1711
f 1730 1711 1712
f 1730 1712 1729
f 1736 1734 1735
f 1736 1709 1730
f 1733 1734 1736
f 1731 1732 1733
f 1731 1733 1736
f 1705 1707 1729
f 1730 1731 1736
f 1161 1753 1750
f 1752 1753 1161
f 1754 1751 1752
f 1754 1752 1161
f 1737 1233 1234
f 1162 1737 1755
f 1162 1755 1756
f 1162 1756 1754
f 1162 1754 1161
f 1738 1230 1232
f 1738 1232 1233
f 1738 1233 1737
f 1738 1737 1162
f 1741 1738 1162
f 1740 1741 1162
f 1163 1739 1740
f 1163 1242 1739
f 1163 1740 1162
f 1241 1242 1163
f 1164 1240 1241
f 1164 1241 1163
f 1742 1238 1240
f 1165 1240 1164
f 1165 1742 1240
f 1745 1742 1165
f 1744 1745 1165
f 1743 1744 1165
f 1743 1248 1249
f 1743 1249 1250
f 1746 1743 1165
f 1746 1248 1743
f 1746 1246 1248
f 1747 1254 1255
f 1747 1255 1256
f 1166 1746 1165
f 1166 1747 1748
f 1166 1748 1749
f 1166 1254 1747
f 1166 1749 1746
f 1166 1218 1254
f 1750 1758 1757
f 1753 1759 1758
f 1753 1758 1750
f 1752 1487 1759
f 1752 1489 1490
f 1752 1490 1487
f 1752 1759 1753
f 1751 1488 1489
f 1751 1489 1752
f 1759 1487 1724
f 1759 1724 1723
f 1758 1723 1722
f 1758 1759 1723
f 1757 1722 1721
f 1757 1758 1722
f 1760 1144 1145
f 1760 1145 1761
f 1760 1762 1763
f 1760 1761 1762
f 1763 1762 1709
f 1736 1763 1709
f 1764 938 937
f 1773 938 1764
f 1765 1773 1764
f 1772 1773 1765
f 1766 1772 1765
f 1771 1772 1766
f 1767 1771 1766
f 1770 1771 1767
f 1768 1770 1767
f 1769 1770 1768
f 1783 1784 1785
f 1783 1785 1786
f 1782 1786 1787
f 1782 1783 1786
f 1781 1787 1788
f 1781 1782 1787
f 1780 1788 1789
f 1780 1781 1788
f 1779 1789 1790
f 1779 1780 1789
f 1791 1779 1790
f 1778 1779 1791
f 1792 1778 1791
f 1777 1778 1792
f 1793 1777 1792
f 1776 1777 1793
f 1774 1776 1793
f 1775 1776 1774
f 1803 1804 1805
f 1803 1805 1806
f 1802 1806 1807
f 1802 1803 1806
f 1801 1807 1808
f 1801 1802 1807
f 1800 1808 1809
f 1800 1801 1808
f 1810 1800 1809
f 1799 1800 1810
f 1811 1799 1810
f 1798 1799 1811
f 1812 1798 1811
f 1797 1798 1812
f 1813 1797 1812
f 1796 1797 1813
f 1794 1796 1813
f 1795 1796 1794
f 1817 1816 1814
f 1815 1817 1814
f 1821 1820 1818
f 1819 1821 1818
f 1824 1823 1825
f 1822 1823 1824
f 1784 1832 1785
f 1817 1815 1829
f 1817 1829 1828
f 1833 1784 1826
f 1833 1826 1827
f 1833 1827 1828
f 1833 1829 1830
f 1833 1830 1831
f 1833 1831 1832
f 1833 1832 1784
f 1833 1828 1829
f 1816 1840 1814
f 1769 1768 1837
f 1769 1837 1836
f 1841 1816 1834
f 1841 1834 1835
f 1841 1835 1836
f 1841 1837 1838
f 1841 1838 1839
f 1841 1839 1840
f 1841 1840 1816
f 1841 1836 1837
f 1824 1848 1822
f 1775 1774 1845
f 1775 1845 1844
f 1849 1824 1842
f 1849 1842 1843
f 1849 1843 1844
f 1849 1845 1846
f 1849 1846 1847
f 1849 1847 1848
f 1849 1848 1824
f 1849 1844 1845
f 943 1856 932
f 1821 1819 1853
f 1821 1853 1852
f 1857 943 1850
f 1857 1850 1851
f 1857 1851 1852
f 1857 1853 1854
f 1857 1854 1855
f 1857 1855 1856
f 1857 1856 943
f 1857 1852 1853
f 1804 1864 1805
f 1825 1823 1861
f 1825 1861 1860
f 1865 1804 1858
f 1865 1858 1859
f 1865 1859 1860
f 1865 1861 1862
f 1865 1862 1863
f 1865 1863 1864
f 1865 1864 1804
f 1865 1860 1861
f 1820 1872 1818
f 1795 1794 1869
f 1795 1869 1868
f 1873 1820 1866
f 1873 1866 1867
f 1873 1867 1868
f 1873 1869 1870
f 1873 1870 1871
f 1873 1871 1872
f 1873 1872 1820
f 1873 1868 1869
f 1883 1884 1885
f 1882 1885 1886
f 1882 1883 1885
f 1881 1886 1887
f 1881 1882 1886
f 1880 1887 1888
f 1880 1881 1887
f 1879 1888 1889
f 1879 1889 1890
f 1879 1880 1888
f 1878 1890 1891
f 1878 1879 1890
f 1877 1891 1892
f 1877 1878 1891
f 1876 1892 1893
f 1876 1877 1892
f 1875 1893 1894
f 1875 1876 1893
f 1874 1875 1894
f 1895 1874 1894
f 925 702 1896
f 1906 1896 1897
f 1906 925 1896
f 1905 1897 1898
f 1905 1906 1897
f 1904 1898 1899
f 1904 1905 1898
f 1903 1899 1900
f 1903 1904 1899
f 1902 1903 1900
f 1901 1902 1900
f 1916 1917 1918
f 1915 1918 1919
f 1915 1916 1918
f 1914 1919 1920
f 1914 1915 1919
f 1913 1920 1921
f 1913 1914 1920
f 1912 1921 1922
f 1912 1913 1921
f 1911 1922 1923
f 1911 1923 1924
f 1911 1912 1922
f 1910 1924 1925
f 1910 1911 1924
f 1909 1925 1926
f 1909 1910 1925
f 1908 1926 1927
f 1908 1909 1926
f 1907 1908 1927
f 1928 1907 1927
f 1932 1930 1931
f 1933 1929 1930
f 1933 1934 1929
f 1933 1930 1932
f 1935 1939 1940
f 1938 1939 1935
f 1936 1938 1935
f 1937 1938 1936
f 1943 1941 1942
f 1946 1941 1943
f 1944 1946 1943
f 1945 1946 1944
f 1953 1951 1947
f 1953 1952 1951
f 1956 1947 1948
f 1956 1953 1947
f 1955 1948 1949
f 1955 1956 1948
f 1954 1949 1950
f 1954 1950 1958
f 1954 1955 1949
f 1957 1954 1958
f 1964 1963 1959
f 1965 1959 1960
f 1965 1964 1959
f 1968 1960 1961
f 1968 1965 1960
f 1967 1968 1961
f 1966 1961 1962
f 1966 1967 1961
f 1969 1962 1970
f 1969 1966 1962
f 2032 1993 1994
f 2033 1992 1993
f 2033 1993 2032
f 2031 1994 1995
f 2031 2032 1994
f 2034 1991 1992
f 2034 1992 2033
f 2030 1995 1986
f 2030 2031 1995
f 2050 2030 1986
f 2049 2050 1986
f 2048 2049 1986
f 2047 2048 1986
f 2046 2047 1986
f 2035 1990 1991
f 2035 1991 2034
f 2045 2046 1986
f 2044 2045 1986
f 2043 2044 1986
f 2042 2043 1986
f 2036 1989 1990
f 2036 1990 2035
f 2037 1988 1989
f 2037 1989 2036
f 2016 1987 1988
f 2016 1988 2037
f 2017 1987 2016
f 2018 1987 2017
f 2019 1987 2018
f 2020 1987 2019
f 2021 1987 2020
f 2022 1987 2021
f 2023 1987 2022
f 2024 1987 2023
f 2025 1987 2024
f 2065 2041 2064
f 2065 2040 2041
f 2063 1986 1977
f 2063 2064 2041
f 2063 2041 2042
f 2063 2042 1986
f 2066 2040 2065
f 2066 2039 2040
f 2067 2039 2066
f 2067 2038 2039
f 2062 2063 1977
f 2053 2038 2067
f 2053 2051 2038
f 2061 2062 1977
f 2060 2061 1977
f 2059 2060 1977
f 2058 2059 1977
f 2052 2051 2053
f 2057 2058 1977
f 2056 2057 1977
f 2055 2056 1977
f 2054 2055 1977
f 1978 2054 1977
f 2075 2054 1978
f 1979 2075 1978
f 2074 2075 1979
f 1980 2074 1979
f 2013 2015 2014
f 2000 2015 2013
f 2000 2029 2015
f 2001 2028 2029
f 2001 2029 2000
f 2002 2027 2028
f 2002 2028 2001
f 2003 2025 2026
f 2003 2026 2027
f 2003 2027 2002
f 2004 2025 2003
f 2073 2074 1980
f 694 1987 2025
f 694 2025 2004
f 694 2004 2005
f 694 2005 2006
f 694 2006 2007
f 694 2007 2008
f 694 2008 2009
f 1981 2073 1980
f 2010 694 2009
f 2011 694 2010
f 2012 694 2011
f 1996 694 2012
f 2072 2073 1981
f 693 694 1996
f 1982 2072 1981
f 1997 693 1996
f 2071 2072 1982
f 692 693 1997
f 1983 2071 1982
f 1998 692 1997
f 2070 2071 1983
f 691 692 1998
f 1999 691 1998
f 1984 2069 2070
f 1984 2070 1983
f 690 691 1999
f 758 690 1999
f 1985 2068 2069
f 1985 2069 1984
f 689 690 758
f 1976 2080 2081
f 1976 2081 2082
f 1976 2082 2083
f 1976 2083 2084
f 1976 2084 2085
f 1976 2085 2086
f 1976 2086 2087
f 1976 2087 2088
f 1976 2088 2068
f 1976 2068 1985
f 1975 758 768
f 1975 689 758
f 2091 2089 2076
f 2091 2090 2089
f 2104 2076 2077
f 2104 2091 2076
f 2103 2077 2078
f 2103 2104 2077
f 2102 2103 2078
f 2102 2078 2079
f 2101 2102 2079
f 2100 2101 2079
f 2100 2079 2080
f 2100 2080 1976
f 1974 768 769
f 1974 1975 768
f 1973 769 770
f 1973 1974 769
f 1972 1973 770
f 1972 770 743
f 1971 2100 1976
f 1971 1972 743
f 1971 743 2092
f 1971 2092 2093
f 1971 2093 2094
f 1971 2094 2095
f 1971 2095 2096
f 1971 2096 2097
f 1971 2097 2098
f 1971 2098 2099
f 1971 2099 2100
f 2126 2118 2119
f 2126 2119 2120
f 2126 2120 2121
f 2126 2121 2122
f 2126 2122 2123
f 2126 2123 2124
f 2126 2124 2125
f 2117 2118 2126
f 2127 2117 2126
f 2116 2127 2128
f 2116 2117 2127
f 2133 2131 2132
f 2134 2131 2133
f 2135 2131 2134
f 2136 2131 2135
f 2137 2131 2136
f 2138 2131 2137
f 2139 2131 2138
f 2140 2130 2131
f 2140 2131 2139
f 2141 2129 2130
f 2141 2130 2140
f 2142 2115 2116
f 2142 2116 2128
f 2143 2142 2128
f 2143 2128 2129
f 2144 2141 2105
f 2144 2143 2129
f 2144 2129 2141
f 2145 2114 2115
f 2145 2115 2142
f 2146 2145 2142
f 2146 2142 2143
f 2147 2105 2106
f 2147 2144 2105
f 2147 2143 2144
f 2147 2146 2143
f 2148 2111 2112
f 2148 2112 2113
f 2148 2113 2114
f 2148 2114 2145
f 2148 2145 2146
f 2149 2148 2146
f 2149 2109 2110
f 2149 2111 2148
f 2149 2110 2111
f 2150 2106 2107
f 2150 2107 2108
f 2150 2108 2109
f 2150 2149 2146
f 2150 2109 2149
f 2150 2147 2106
f 2150 2146 2147
f 2169 2151 2152
f 2169 2152 2153
f 2169 2153 2154
f 2169 2154 2155
f 2170 2155 2156
f 2170 2156 2157
f 2170 2169 2155
f 2171 2166 2167
f 2171 2167 2168
f 2171 2168 2151
f 2171 2151 2169
f 2171 2169 2170
f 2172 2157 2158
f 2172 2158 2159
f 2172 2159 2160
f 2172 2160 2161
f 2172 2170 2157
f 2173 2164 2165
f 2173 2165 2166
f 2173 2171 2170
f 2173 2166 2171
f 2174 2161 2162
f 2174 2162 2163
f 2174 2163 2164
f 2174 2170 2172
f 2174 2173 2170
f 2174 2164 2173
f 2174 2172 2161
f 2196 2188 2189
f 2196 2189 2190
f 2196 2190 2191
f 2196 2191 2192
f 2196 2192 2193
f 2196 2193 2194
f 2196 2194 2195
f 2187 2188 2196
f 2197 2187 2196
f 2186 2197 2198
f 2186 2187 2197
f 2203 2201 2202
f 2204 2201 2203
f 2205 2201 2204
f 2206 2201 2205
f 2207 2201 2206
f 2208 2201 2207
f 2209 2201 2208
f 2210 2200 2201
f 2210 2201 2209
f 2211 2199 2200
f 2211 2200 2210
f 2212 2185 2186
f 2212 2186 2198
f 2213 2212 2198
f 2213 2198 2199
f 2214 2211 2175
f 2214 2213 2199
f 2214 2199 2211
f 2215 2184 2185
f 2215 2185 2212
f 2216 2215 2212
f 2216 2212 2213
f 2217 2175 2176
f 2217 2214 2175
f 2217 2213 2214
f 2217 2216 2213
f 2218 2181 2182
f 2218 2182 2183
f 2218 2183 2184
f 2218 2184 2215
f 2219 2218 2215
f 2219 2216 2217
f 2219 2179 2180
f 2219 2180 2181
f 2219 2181 2218
f 2219 2215 2216
f 2220 2176 2177
f 2220 2177 2178
f 2220 2178 2179
f 2220 2219 2217
f 2220 2179 2219
f 2220 2217 2176
f 2221 889 879
f 2222 889 2221
f 2223 889 2222
f 2224 889 2223
f 2225 889 2224
f 2226 889 2225
f 2227 889 2226
f 2228 887 888
f 2228 888 889
f 2228 889 2227
f 2229 887 2228
f 2231 884 887
f 2231 2229 2230
f 2231 887 2229
f 2232 757 884
f 2232 2230 753
f 2232 884 2231
f 2232 2231 2230
f 2233 753 754
f 2233 754 755
f 2233 755 756
f 2233 756 757
f 2233 757 2232
f 2233 2232 753
f 2252 2234 2235
f 2252 2235 2236
f 2252 2236 2237
f 2252 2237 2238
f 2253 2238 2239
f 2253 2239 2240
f 2253 2252 2238
f 2254 2249 2250
f 2254 2250 2251
f 2254 2251 2234
f 2254 2234 2252
f 2255 2240 2241
f 2255 2241 2242
f 2255 2242 2243
f 2255 2243 2244
f 2255 2253 2240
f 2256 2247 2248
f 2256 2248 2249
f 2256 2254 2252
f 2256 2249 2254
f 2256 2252 2253
f 2257 2244 2245
f 2257 2245 2246
f 2257 2246 2247
f 2257 2256 2253
f 2257 2253 2255
f 2257 2247 2256
f 2257 2255 2244
f 2283 2281 2282
f 2280 2283 2284
f 2280 2289 2290
f 2280 2290 2291
f 2280 2291 2292
f 2280 2292 2281
f 2280 2281 2283
f 2295 2296 2285
f 2293 2285 2286
f 2293 2286 2287
f 2293 2287 2288
f 2293 2288 2289
f 2293 2294 2295
f 2293 2289 2280
f 2293 2295 2285
f 2278 2276 2277
f 2268 2278 2279
f 2268 2276 2278
f 2269 2276 2268
f 2270 2276 2269
f 2271 2276 2270
f 2272 2276 2271
f 2299 2300 2297
f 802 2299 2297
f 802 2298 2299
f 801 802 2297
f 800 801 2297
f 799 800 2297
f 2266 2264 2265
f 2263 2264 2266
f 2263 2266 2267
f 2263 2272 2273
f 2263 2273 2274
f 2263 2274 2275
f 2263 2275 2264
f 2263 2280 2276
f 2263 2276 2272
f 798 799 2297
f 2258 2280 2263
f 2258 798 2297
f 2258 2297 2293
f 2258 2262 2301
f 2258 2301 2302
f 2258 2302 2303
f 2258 2303 798
f 2258 2293 2280
f 2260 2258 2259
f 2260 2261 2262
f 2260 2262 2258
f 2308 814 2304
f 2308 2304 2305
f 2308 2305 2306
f 2308 2306 2307
f 2308 2307 873
f 2309 883 814
f 2309 873 880
f 2309 880 881
f 2309 881 882
f 2309 882 883
f 2309 814 2308
f 2309 2308 873
f 2310 2311 2312
f 2314 2315 2313
f 2316 2317 2318
f 2320 2321 2319
f 2322 2323 2324
f 2326 2327 2325
f 2332 2334 2333
f 2328 2334 2332
f 2329 2337 2334
f 2329 2334 2328
f 2330 2335 2336
f 2330 2336 2337
f 2330 2337 2329
f 2331 2338 2335
f 2331 2335 2330
f 2339 2338 2331
f 2351 2353 2352
f 2350 2353 2351
f 2341 2353 2350
f 2349 2340 2341
f 2349 2341 2350
f 2344 2343 2342
f 2348 2342 2340
f 2348 2340 2349
f 2347 2342 2348
f 2345 2344 2342
f 2345 2342 2347
f 2346 2345 2347
f 2367 2354 2355
f 2366 2354 2367
f 2356 2354 2366
f 2365 2357 2356
f 2365 2356 2366
f 2360 2359 2358
f 2364 2358 2357
f 2364 2357 2365
f 2363 2358 2364
f 2363 2360 2358
f 2361 2360 2363
f 2362 2361 2363
f 2378 864 2379
f 2377 864 2378
f 863 864 2377
f 2376 2368 863
f 2376 863 2377
f 2371 2370 2369
f 2375 2369 2368
f 2375 2368 2376
f 2374 2369 2375
f 2372 2371 2369
f 2372 2369 2374
f 2373 2372 2374
f 2234 2195 2385
f 2234 2385 2386
f 2234 2386 2387
f 2251 2195 2234
f 2388 2196 2195
f 2388 2195 2251
f 2389 2196 2388
f 2390 2389 2388
f 2391 2251 2250
f 2391 2390 2388
f 2391 2388 2251
f 2392 2197 2196
f 2392 2390 2391
f 2392 2391 2250
f 2392 2389 2390
f 2392 2196 2389
f 2393 2197 2392
f 2394 2393 2392
f 2395 2250 2249
f 2395 2394 2392
f 2395 2392 2250
f 2396 2198 2197
f 2396 2197 2393
f 2396 2394 2395
f 2396 2393 2394
f 2396 2395 2249
f 2397 2198 2396
f 2398 2397 2396
f 2399 2249 2248
f 2399 2396 2249
f 2399 2398 2396
f 2400 2199 2198
f 2400 2198 2397
f 2400 2399 2248
f 2400 2397 2398
f 2400 2398 2399
f 2401 2199 2400
f 2402 2401 2400
f 2403 2248 2247
f 2403 2400 2248
f 2403 2402 2400
f 2404 2200 2199
f 2404 2199 2401
f 2404 2403 2247
f 2404 2401 2402
f 2404 2402 2403
f 2405 2200 2404
f 2406 2405 2404
f 2407 2406 2404
f 2407 2247 2246
f 2407 2404 2247
f 2408 2200 2405
f 2408 2405 2406
f 2408 2406 2407
f 2408 2407 2246
f 2408 2201 2200
f 2409 2201 2408
f 2410 2409 2408
f 2411 2408 2246
f 2411 2246 2245
f 2411 2410 2408
f 2412 2201 2409
f 2412 2409 2410
f 2412 2411 2245
f 2412 2410 2411
f 2412 2202 2201
f 2413 2383 2384
f 2413 2384 2202
f 2413 2202 2412
f 2414 2382 2383
f 2414 2413 2412
f 2414 2383 2413
f 2415 2244 2380
f 2415 2380 2381
f 2415 2381 2382
f 2415 2245 2244
f 2415 2412 2245
f 2415 2414 2412
f 2415 2382 2414
f 2151 2125 2416
f 2151 2416 2417
f 2151 2417 2418
f 2168 2125 2151
f 2424 2126 2125
f 2424 2125 2168
f 2425 2126 2424
f 2426 2425 2424
f 2427 2168 2167
f 2427 2424 2168
f 2427 2426 2424
f 2428 2127 2126
f 2428 2126 2425
f 2428 2426 2427
f 2428 2427 2167
f 2428 2425 2426
f 2429 2127 2428
f 2430 2429 2428
f 2431 2167 2166
f 2431 2430 2428
f 2431 2428 2167
f 2432 2128 2127
f 2432 2127 2429
f 2432 2430 2431
f 2432 2429 2430
f 2432 2431 2166
f 2433 2128 2432
f 2434 2433 2432
f 2435 2166 2165
f 2435 2432 2166
f 2435 2434 2432
f 2436 2129 2128
f 2436 2128 2433
f 2436 2435 2165
f 2436 2433 2434
f 2436 2434 2435
f 2437 2129 2436
f 2438 2437 2436
f 2439 2165 2164
f 2439 2436 2165
f 2439 2438 2436
f 2440 2130 2129
f 2440 2129 2437
f 2440 2439 2164
f 2440 2437 2438
f 2440 2438 2439
f 2441 2130 2440
f 2442 2441 2440
f 2443 2442 2440
f 2443 2164 2163
f 2443 2440 2164
f 2444 2130 2441
f 2444 2441 2442
f 2444 2442 2443
f 2444 2443 2163
f 2444 2131 2130
f 2445 2131 2444
f 2446 2445 2444
f 2447 2444 2163
f 2447 2446 2444
f 2447 2163 2162
f 2448 2131 2445
f 2448 2132 2131
f 2448 2445 2446
f 2448 2446 2447
f 2448 2447 2162
f 2449 2132 2448
f 2449 2422 2423
f 2449 2423 2132
f 2450 2421 2422
f 2450 2449 2448
f 2450 2422 2449
f 2451 2161 2419
f 2451 2419 2420
f 2451 2420 2421
f 2451 2162 2161
f 2451 2448 2162
f 2451 2450 2448
f 2451 2421 2450
f 901 904 2452
f 901 2452 2453
f 901 2453 2454
f 900 904 901
f 899 905 900
f 898 906 899
f 885 884 907
f 886 885 907
f 2455 905 904
f 2456 905 2455
f 2456 2455 904
f 2457 905 2456
f 2457 2456 904
f 2457 900 905
f 2457 904 900
f 2458 906 905
f 2459 906 2458
f 2459 2458 905
f 2460 906 2459
f 2460 2459 905
f 2460 899 906
f 2460 905 899
f 2461 907 906
f 2462 907 2461
f 2462 2461 906
f 2463 898 883
f 2463 883 886
f 2463 906 898
f 2463 886 907
f 2463 907 2462
f 2463 2462 906
f 2465 2464 2360
f 2465 2360 2361
f 1963 1964 2464
f 1963 2464 2465
f 2467 2466 2344
f 2467 2344 2345
f 2332 2333 2466
f 2332 2466 2467
f 2469 2468 2371
f 2469 2371 2372
f 1951 1952 2468
f 1951 2468 2469
f 2475 2469 2372
f 2475 1951 2469
f 2373 2476 2475
f 2373 2475 2372
f 2471 2373 2470
f 2471 2476 2373
f 2472 2477 2476
f 2472 2476 2471
f 2134 2133 2478
f 2135 2134 2478
f 2473 2478 2477
f 2473 2477 2472
f 2473 2135 2478
f 2136 2135 2473
f 2474 2136 2473
f 2137 2136 2474
f 2138 2137 2474
f 2139 2138 2474
f 2479 1947 1951
f 2475 2479 1951
f 2480 2479 2475
f 2476 2480 2475
f 2478 2482 2481
f 2478 2481 2477
f 2133 2132 2482
f 2133 2482 2478
f 2483 2476 2477
f 2483 2481 2480
f 2483 2480 2476
f 2483 2477 2481
f 2484 1950 1949
f 2479 1948 1947
f 2479 1949 1948
f 2479 2484 1949
f 2419 2161 2486
f 2420 2419 2486
f 2421 2420 2486
f 2482 2421 2486
f 2422 2421 2482
f 2423 2422 2482
f 2132 2423 2482
f 2487 2479 2480
f 2487 2480 2481
f 2487 2481 2482
f 2487 2485 2484
f 2487 2486 2485
f 2487 2484 2479
f 2487 2482 2486
f 2492 2161 2160
f 2492 2160 2488
f 2492 2488 2489
f 2492 2489 2490
f 2492 2490 2491
f 2492 2491 1958
f 2492 1958 1950
f 2492 1950 2484
f 2492 2484 2485
f 2492 2485 2486
f 2492 2486 2161
f 2500 1954 1957
f 2500 1957 2493
f 2500 2493 2494
f 2500 2494 2495
f 2500 2495 2496
f 2500 2496 815
f 2500 815 901
f 2500 2497 1954
f 2500 2498 2497
f 2500 2499 2498
f 2500 901 2499
f 2499 901 2454
f 2453 2499 2454
f 2504 2452 904
f 2504 2453 2452
f 2504 2499 2453
f 1955 1954 2497
f 2501 1955 2497
f 1956 1955 2501
f 1953 1956 2501
f 2505 2497 2498
f 2505 2498 2499
f 2505 2502 2501
f 2505 2503 2502
f 2505 2504 2503
f 2505 2499 2504
f 2505 2501 2497
f 2504 904 921
f 2509 2504 921
f 2503 2504 2509
f 2508 2503 2509
f 2506 2501 2502
f 2506 2502 2507
f 1952 1953 2501
f 1952 2501 2506
f 2510 2502 2503
f 2510 2508 2507
f 2510 2507 2502
f 2510 2503 2508
f 2509 920 919
f 2509 921 920
f 918 2509 919
f 2508 2509 918
f 2511 916 915
f 2511 917 916
f 2511 918 917
f 2511 2508 918
f 2512 2508 2511
f 2468 1952 2506
f 2513 2507 2508
f 2513 2508 2512
f 2371 2468 2506
f 2514 2507 2513
f 2370 2506 2507
f 2370 2507 2514
f 2370 2371 2506
f 2515 2370 2514
f 2521 2465 2361
f 2521 1963 2465
f 2362 2522 2521
f 2362 2521 2361
f 2517 2362 2516
f 2517 2522 2362
f 2518 2523 2522
f 2518 2522 2517
f 2222 2221 2524
f 2223 2222 2524
f 2519 2524 2523
f 2519 2523 2518
f 2519 2223 2524
f 2224 2223 2519
f 2520 2224 2519
f 2225 2224 2520
f 2226 2225 2520
f 2227 2226 2520
f 2525 1959 1963
f 2521 2525 1963
f 2526 2525 2521
f 2522 2526 2521
f 2524 2528 2527
f 2524 2527 2523
f 2221 879 2528
f 2221 2528 2524
f 2529 2522 2523
f 2529 2527 2526
f 2529 2523 2527
f 2529 2526 2522
f 2530 1962 1961
f 2525 1960 1959
f 2525 1961 1960
f 2525 2530 1961
f 874 873 2532
f 875 874 2532
f 876 875 2532
f 2528 876 2532
f 877 876 2528
f 878 877 2528
f 879 878 2528
f 2533 2525 2526
f 2533 2526 2527
f 2533 2527 2528
f 2533 2531 2530
f 2533 2532 2531
f 2533 2530 2525
f 2533 2528 2532
f 2538 873 2307
f 2538 2307 2534
f 2538 2534 2535
f 2538 2535 2536
f 2538 2536 2537
f 2538 2537 1970
f 2538 1970 1962
f 2538 1962 2530
f 2538 2530 2531
f 2538 2531 2532
f 2538 2532 873
f 2546 2540 2541
f 2546 1966 1969
f 2546 1969 2539
f 2546 2539 2540
f 2546 2541 2542
f 2546 2542 2235
f 2546 2235 2234
f 2546 2543 1966
f 2546 2544 2543
f 2546 2545 2544
f 2546 2234 2545
f 2545 2234 2387
f 2386 2545 2387
f 2550 2385 2195
f 2550 2386 2385
f 2550 2545 2386
f 1967 1966 2543
f 2547 1967 2543
f 1968 1967 2547
f 1965 1968 2547
f 2551 2543 2544
f 2551 2544 2545
f 2551 2548 2547
f 2551 2549 2548
f 2551 2550 2549
f 2551 2545 2550
f 2551 2547 2543
f 2550 2195 2194
f 2555 2550 2194
f 2549 2550 2555
f 2554 2549 2555
f 2552 2547 2548
f 2552 2548 2553
f 1964 1965 2547
f 1964 2547 2552
f 2556 2548 2549
f 2556 2554 2553
f 2556 2549 2554
f 2556 2553 2548
f 2555 2193 2192
f 2555 2194 2193
f 2191 2555 2192
f 2554 2555 2191
f 2557 2189 2188
f 2557 2190 2189
f 2557 2191 2190
f 2557 2554 2191
f 2558 2554 2557
f 2464 1964 2552
f 2559 2553 2554
f 2559 2554 2558
f 2360 2464 2552
f 2560 2553 2559
f 2359 2552 2553
f 2359 2553 2560
f 2359 2360 2552
f 2561 2359 2560
f 2567 2467 2345
f 2567 2332 2467
f 2346 2568 2567
f 2346 2567 2345
f 2563 2346 2562
f 2563 2568 2346
f 2564 2569 2568
f 2564 2568 2563
f 2204 2203 2570
f 2205 2204 2570
f 2565 2570 2569
f 2565 2569 2564
f 2565 2205 2570
f 2206 2205 2565
f 2566 2206 2565
f 2207 2206 2566
f 2208 2207 2566
f 2209 2208 2566
f 2571 2328 2332
f 2567 2571 2332
f 2572 2571 2567
f 2568 2572 2567
f 2570 2574 2573
f 2570 2573 2569
f 2203 2202 2574
f 2203 2574 2570
f 2575 2568 2569
f 2575 2573 2572
f 2575 2572 2568
f 2575 2569 2573
f 2576 2331 2330
f 2571 2329 2328
f 2571 2330 2329
f 2571 2576 2330
f 2380 2244 2578
f 2381 2380 2578
f 2382 2381 2578
f 2574 2382 2578
f 2383 2382 2574
f 2384 2383 2574
f 2202 2384 2574
f 2579 2571 2572
f 2579 2572 2573
f 2579 2573 2574
f 2579 2577 2576
f 2579 2578 2577
f 2579 2576 2571
f 2579 2574 2578
f 2584 2339 2331
f 2584 2331 2576
f 2584 2244 2243
f 2584 2243 2580
f 2584 2580 2581
f 2584 2581 2582
f 2584 2582 2583
f 2584 2583 2339
f 2584 2576 2577
f 2584 2577 2578
f 2584 2578 2244
f 2592 2335 2338
f 2592 2338 2585
f 2592 2585 2586
f 2592 2586 2587
f 2592 2587 2588
f 2592 2588 2152
f 2592 2152 2151
f 2592 2589 2335
f 2592 2590 2589
f 2592 2591 2590
f 2592 2151 2591
f 2591 2151 2418
f 2417 2591 2418
f 2596 2416 2125
f 2596 2417 2416
f 2596 2591 2417
f 2336 2335 2589
f 2593 2336 2589
f 2337 2336 2593
f 2334 2337 2593
f 2597 2589 2590
f 2597 2590 2591
f 2597 2594 2593
f 2597 2595 2594
f 2597 2596 2595
f 2597 2591 2596
f 2597 2593 2589
f 2596 2125 2124
f 2601 2596 2124
f 2595 2596 2601
f 2600 2595 2601
f 2598 2593 2594
f 2598 2594 2599
f 2333 2334 2593
f 2333 2593 2598
f 2602 2594 2595
f 2602 2600 2599
f 2602 2599 2594
f 2602 2595 2600
f 2601 2123 2122
f 2601 2124 2123
f 2121 2601 2122
f 2600 2601 2121
f 2603 2119 2118
f 2603 2120 2119
f 2603 2121 2120
f 2603 2600 2121
f 2604 2600 2603
f 2466 2333 2598
f 2605 2599 2600
f 2605 2600 2604
f 2344 2466 2598
f 2606 2599 2605
f 2343 2598 2599
f 2343 2599 2606
f 2343 2344 2598
f 2607 2343 2606
f 2474 2140 2139
f 2374 2473 2472
f 2471 2374 2472
f 2619 2474 2473
f 2619 2374 2620
f 2619 2140 2474
f 2619 2473 2374
f 2621 2374 2608
f 2621 2608 2622
f 2621 2620 2374
f 2621 2622 2623
f 2624 2105 2141
f 2624 2623 2105
f 2625 2620 2624
f 2625 2624 2141
f 2626 2141 2140
f 2626 2620 2625
f 2626 2625 2141
f 2626 2619 2620
f 2626 2140 2619
f 2627 2609 2105
f 2627 2610 2609
f 2627 2611 2610
f 2627 2612 2611
f 2627 2613 2612
f 2627 2105 2623
f 2627 2623 2622
f 2628 2613 2627
f 2628 2627 2622
f 2629 2613 2628
f 2629 2628 2622
f 2630 2629 2622
f 2631 2624 2620
f 2631 2623 2624
f 2631 2621 2623
f 2631 2620 2621
f 2632 2614 2613
f 2632 2615 2614
f 2632 2616 2615
f 2632 2617 2616
f 2632 2618 2617
f 2632 2608 2618
f 2632 2622 2608
f 2632 2613 2629
f 2632 2630 2622
f 2632 2629 2630
f 2647 2608 2322
f 2648 2322 2324
f 2648 2649 2650
f 2648 2650 2322
f 2651 2106 2105
f 2651 2105 2652
f 2651 2652 2649
f 2653 2648 2324
f 2653 2654 2648
f 2655 2106 2651
f 2656 2638 2639
f 2656 2639 2640
f 2657 2640 2641
f 2657 2656 2640
f 2658 2657 2641
f 2659 2658 2641
f 2660 2658 2659
f 2660 2659 2641
f 2661 2658 2660
f 2662 2642 2661
f 2662 2641 2642
f 2662 2660 2641
f 2662 2661 2660
f 2663 2105 2609
f 2663 2609 2610
f 2663 2610 2611
f 2663 2652 2105
f 2664 2665 2666
f 2664 2666 2667
f 2664 2668 2669
f 2664 2670 2668
f 2664 2669 2665
f 2664 2667 2647
f 2671 2670 2664
f 2672 2670 2671
f 2673 2670 2672
f 2674 2663 2670
f 2674 2652 2663
f 2674 2670 2673
f 2675 2650 2649
f 2675 2649 2652
f 2676 2649 2648
f 2676 2648 2654
f 2676 2654 2651
f 2676 2651 2649
f 2677 2651 2654
f 2677 2654 2653
f 2678 2655 2651
f 2678 2651 2677
f 2678 2679 2680
f 2678 2677 2653
f 2678 2653 2679
f 2681 2678 2680
f 2681 2655 2678
f 2682 2638 2656
f 2682 2636 2637
f 2682 2637 2638
f 2683 2661 2642
f 2683 2642 2643
f 2683 2643 2644
f 2683 2644 2645
f 2683 2645 2646
f 2683 2658 2661
f 2684 2615 2616
f 2684 2616 2617
f 2684 2617 2618
f 2684 2618 2608
f 2684 2608 2647
f 2685 2615 2684
f 2685 2684 2686
f 2687 2611 2612
f 2687 2612 2613
f 2687 2613 2614
f 2687 2614 2615
f 2687 2686 2688
f 2687 2688 2663
f 2687 2615 2685
f 2687 2685 2686
f 2687 2663 2611
f 2689 2666 2665
f 2689 2667 2666
f 2689 2669 2668
f 2689 2668 2670
f 2689 2665 2669
f 2689 2647 2667
f 2689 2684 2647
f 2689 2686 2684
f 2690 2689 2670
f 2690 2686 2689
f 2691 2690 2670
f 2691 2688 2686
f 2691 2663 2688
f 2691 2670 2663
f 2691 2686 2690
f 2692 2664 2647
f 2692 2647 2322
f 2693 2692 2322
f 2693 2694 2692
f 2695 2692 2694
f 2695 2664 2692
f 2695 2671 2664
f 2695 2672 2671
f 2695 2673 2672
f 2695 2652 2674
f 2695 2674 2673
f 2695 2694 2675
f 2695 2675 2652
f 2696 2693 2322
f 2696 2694 2693
f 2696 2322 2650
f 2696 2650 2675
f 2696 2675 2694
f 2697 2680 2679
f 2697 2681 2680
f 2697 2655 2681
f 2697 2653 2698
f 2697 2698 2699
f 2697 2679 2653
f 2700 2699 2701
f 2700 2697 2699
f 2700 2655 2697
f 2700 2701 2702
f 2703 2324 2633
f 2703 2653 2324
f 2703 2698 2653
f 2703 2699 2698
f 2704 2703 2633
f 2704 2701 2699
f 2704 2699 2703
f 2705 2633 2634
f 2705 2634 2635
f 2705 2635 2636
f 2705 2704 2633
f 2705 2702 2701
f 2705 2636 2682
f 2705 2701 2704
f 2706 2106 2655
f 2706 2657 2658
f 2706 2656 2657
f 2706 2646 2106
f 2706 2655 2700
f 2706 2700 2702
f 2706 2705 2682
f 2706 2702 2705
f 2706 2658 2683
f 2706 2682 2656
f 2706 2683 2646
f 2513 2369 2514
f 2512 2369 2513
f 2718 2511 915
f 2718 2512 2511
f 2718 915 914
f 2718 2719 2369
f 2718 2369 2512
f 2720 2708 2707
f 2720 2709 2708
f 2720 2710 2709
f 2721 2714 2713
f 2721 2715 2714
f 2722 2716 2715
f 2722 2717 2716
f 2722 912 2717
f 2722 913 912
f 2722 2721 2723
f 2722 2715 2721
f 2724 2707 2369
f 2724 2720 2707
f 2724 2369 2719
f 2724 2723 2720
f 2725 913 2722
f 2725 2722 2723
f 2726 2725 2719
f 2726 913 2725
f 2727 914 913
f 2727 2726 2719
f 2727 2719 2718
f 2727 2718 914
f 2727 913 2726
f 2728 2711 2710
f 2728 2712 2711
f 2728 2713 2712
f 2728 2723 2721
f 2728 2721 2713
f 2728 2710 2720
f 2728 2720 2723
f 2729 2725 2723
f 2729 2723 2724
f 2729 2719 2725
f 2729 2724 2719
f 2746 2736 2737
f 2747 2735 2736
f 2747 2736 2746
f 2748 2734 2735
f 2749 2735 2747
f 2749 2748 2735
f 2750 2734 2748
f 2751 2748 2749
f 2751 2750 2748
f 2752 2733 2734
f 2752 2734 2750
f 2752 2750 2751
f 2753 912 911
f 2754 2327 2326
f 2754 2755 2327
f 2754 2753 2756
f 2754 2756 2755
f 2754 2757 2753
f 2758 2757 2754
f 2758 2754 2326
f 2759 912 2753
f 2759 2753 2757
f 2760 2326 2707
f 2761 2738 2739
f 2761 2739 2740
f 2762 2732 2733
f 2762 2752 2751
f 2762 2733 2752
f 2763 2730 2731
f 2763 2731 2732
f 2763 2732 2762
f 2764 2753 911
f 2765 2756 2753
f 2765 2755 2756
f 2766 2753 2764
f 2766 2767 2755
f 2766 2755 2765
f 2766 2768 2767
f 2766 2765 2753
f 2769 2759 2757
f 2769 2757 2758
f 2770 2771 2772
f 2770 2760 2771
f 2770 2772 2773
f 2770 2773 2774
f 2770 2774 2775
f 2776 2770 2775
f 2777 2776 2775
f 2778 2777 2775
f 2779 912 2759
f 2779 2715 2716
f 2779 2716 2717
f 2779 2717 912
f 2779 2759 2778
f 2779 2778 2775
f 2780 2743 2744
f 2780 2744 2745
f 2780 2745 2327
f 2781 2743 2780
f 2782 2743 2781
f 2783 2755 2767
f 2783 2767 2768
f 2784 2783 2768
f 2785 2766 2764
f 2785 2768 2766
f 2785 2784 2768
f 2786 2769 2758
f 2786 2758 2326
f 2786 2787 2769
f 2788 2786 2326
f 2788 2787 2786
f 2789 2760 2770
f 2789 2326 2760
f 2789 2787 2788
f 2789 2788 2326
f 2790 2759 2769
f 2790 2769 2787
f 2790 2789 2770
f 2790 2770 2776
f 2790 2776 2777
f 2790 2778 2759
f 2790 2777 2778
f 2790 2787 2789
f 2791 2772 2771
f 2791 2771 2760
f 2791 2773 2772
f 2791 2774 2773
f 2791 2775 2774
f 2792 2775 2791
f 2792 2791 2793
f 2792 2793 2794
f 2792 2794 2779
f 2792 2779 2775
f 2795 2791 2760
f 2795 2707 2708
f 2795 2708 2709
f 2795 2709 2710
f 2795 2710 2711
f 2795 2793 2791
f 2795 2760 2707
f 2796 2793 2795
f 2796 2795 2711
f 2797 2796 2711
f 2797 2793 2796
f 2797 2711 2712
f 2797 2712 2713
f 2797 2713 2714
f 2797 2714 2715
f 2797 2794 2793
f 2797 2715 2779
f 2797 2779 2794
f 2798 911 2730
f 2798 2799 2800
f 2798 2762 2751
f 2798 2763 2762
f 2798 2764 911
f 2798 2747 2746
f 2798 2749 2747
f 2798 2730 2763
f 2798 2751 2749
f 2798 2746 2799
f 2801 2327 2755
f 2801 2780 2327
f 2801 2755 2783
f 2802 2798 2800
f 2802 2781 2780
f 2802 2764 2798
f 2802 2803 2782
f 2802 2782 2781
f 2802 2800 2803
f 2802 2780 2801
f 2804 2737 2738
f 2804 2740 2741
f 2804 2741 2742
f 2804 2742 2743
f 2804 2800 2799
f 2804 2761 2740
f 2804 2782 2803
f 2804 2743 2782
f 2804 2738 2761
f 2804 2799 2746
f 2804 2803 2800
f 2804 2746 2737
f 2805 2802 2801
f 2805 2801 2783
f 2805 2764 2802
f 2805 2783 2784
f 2805 2785 2764
f 2805 2784 2785
f 2520 2228 2227
f 2363 2519 2518
f 2517 2363 2518
f 2817 2520 2519
f 2817 2363 2818
f 2817 2228 2520
f 2817 2519 2363
f 2819 2807 2230
f 2819 2808 2807
f 2819 2809 2808
f 2819 2230 2229
f 2820 2810 2809
f 2820 2811 2810
f 2820 2809 2819
f 2820 2819 2821
f 2822 2815 2814
f 2822 2816 2815
f 2822 2806 2816
f 2823 2363 2806
f 2823 2806 2822
f 2823 2818 2363
f 2823 2822 2821
f 2824 2821 2819
f 2824 2819 2229
f 2825 2824 2229
f 2825 2818 2824
f 2826 2229 2228
f 2826 2825 2229
f 2826 2228 2817
f 2826 2817 2818
f 2826 2818 2825
f 2827 2812 2811
f 2827 2813 2812
f 2827 2814 2813
f 2827 2820 2821
f 2827 2811 2820
f 2827 2821 2822
f 2827 2822 2814
f 2828 2823 2821
f 2828 2821 2824
f 2828 2824 2818
f 2828 2818 2823
f 2843 2806 2316
f 2844 2316 2318
f 2844 2845 2316
f 2844 2846 2845
f 2847 753 2230
f 2847 2848 2846
f 2847 2230 2848
f 2849 2844 2318
f 2849 2850 2844
f 2851 753 2847
f 2852 2834 2835
f 2852 2835 2836
f 2853 2836 2837
f 2853 2852 2836
f 2854 2853 2837
f 2855 2854 2837
f 2856 2855 2837
f 2856 2854 2855
f 2857 2854 2856
f 2858 2837 2838
f 2858 2838 2857
f 2858 2857 2856
f 2858 2856 2837
f 2859 2230 2807
f 2859 2807 2808
f 2859 2808 2809
f 2859 2848 2230
f 2860 2861 2862
f 2860 2863 2864
f 2860 2865 2866
f 2860 2862 2863
f 2860 2864 2867
f 2860 2867 2865
f 2860 2866 2843
f 2868 2861 2860
f 2869 2861 2868
f 2870 2861 2869
f 2871 2861 2870
f 2872 2859 2861
f 2872 2848 2859
f 2872 2861 2871
f 2873 2846 2848
f 2873 2845 2846
f 2874 2846 2844
f 2874 2844 2850
f 2874 2847 2846
f 2874 2850 2847
f 2875 2847 2850
f 2875 2850 2849
f 2876 2875 2849
f 2876 2849 2877
f 2876 2851 2847
f 2876 2847 2875
f 2876 2877 2878
f 2879 2876 2878
f 2879 2851 2876
f 2880 2832 2833
f 2880 2833 2834
f 2880 2834 2852
f 2881 2838 2839
f 2881 2839 2840
f 2881 2840 2841
f 2881 2857 2838
f 2881 2841 2842
f 2881 2854 2857
f 2882 2813 2814
f 2882 2814 2815
f 2882 2815 2816
f 2882 2816 2806
f 2882 2806 2843
f 2883 2813 2882
f 2883 2882 2884
f 2885 2809 2810
f 2885 2810 2811
f 2885 2811 2812
f 2885 2812 2813
f 2885 2884 2886
f 2885 2886 2859
f 2885 2813 2883
f 2885 2883 2884
f 2885 2859 2809
f 2887 2864 2863
f 2887 2866 2865
f 2887 2863 2862
f 2887 2867 2864
f 2887 2865 2867
f 2887 2843 2866
f 2887 2882 2843
f 2887 2884 2882
f 2888 2884 2887
f 2888 2887 2862
f 2888 2862 2861
f 2889 2888 2861
f 2889 2884 2888
f 2890 2889 2861
f 2890 2884 2889
f 2890 2886 2884
f 2890 2859 2886
f 2890 2861 2859
f 2891 2843 2316
f 2891 2860 2843
f 2892 2893 2891
f 2892 2891 2316
f 2894 2893 2873
f 2894 2873 2848
f 2895 2892 2316
f 2895 2893 2892
f 2895 2873 2893
f 2895 2845 2873
f 2895 2316 2845
f 2896 2877 2849
f 2896 2849 2897
f 2896 2851 2879
f 2896 2879 2878
f 2896 2897 2898
f 2896 2878 2877
f 2899 2851 2896
f 2899 2896 2898
f 2899 2900 2901
f 2899 2898 2900
f 2902 2318 2829
f 2902 2897 2849
f 2902 2898 2897
f 2902 2849 2318
f 2903 2902 2829
f 2903 2898 2902
f 2903 2900 2898
f 2904 2829 2830
f 2904 2830 2831
f 2904 2831 2832
f 2904 2903 2829
f 2904 2900 2903
f 2904 2832 2880
f 2904 2901 2900
f 2905 753 2851
f 2905 2853 2854
f 2905 2852 2853
f 2905 2842 753
f 2905 2899 2901
f 2905 2904 2880
f 2905 2851 2899
f 2905 2901 2904
f 2905 2854 2881
f 2905 2880 2852
f 2905 2881 2842
f 2906 2893 2894
f 2906 2891 2893
f 2906 2868 2860
f 2906 2860 2891
f 2907 2894 2848
f 2907 2906 2894
f 2907 2869 2868
f 2907 2870 2869
f 2907 2868 2906
f 2907 2871 2870
f 2907 2848 2872
f 2907 2872 2871
f 2559 2358 2560
f 2558 2358 2559
f 2919 2557 2188
f 2919 2558 2557
f 2919 2188 2187
f 2919 2920 2358
f 2919 2358 2558
f 2921 2186 2185
f 2921 2922 2923
f 2924 2908 2358
f 2924 2358 2920
f 2924 2923 2922
f 2925 2921 2923
f 2925 2186 2921
f 2926 2186 2925
f 2926 2925 2920
f 2927 2187 2186
f 2927 2920 2919
f 2927 2919 2187
f 2927 2186 2926
f 2927 2926 2920
f 2928 2924 2922
f 2929 2928 2922
f 2930 2922 2921
f 2930 2929 2922
f 2931 2923 2924
f 2931 2924 2920
f 2931 2920 2925
f 2931 2925 2923
f 2932 2909 2908
f 2932 2910 2909
f 2932 2911 2910
f 2932 2908 2924
f 2932 2924 2928
f 2933 2915 2914
f 2933 2916 2915
f 2934 2917 2916
f 2934 2918 2917
f 2934 2185 2918
f 2934 2916 2933
f 2934 2921 2185
f 2934 2930 2921
f 2934 2933 2930
f 2935 2912 2911
f 2935 2913 2912
f 2935 2914 2913
f 2935 2933 2914
f 2935 2911 2932
f 2935 2928 2929
f 2935 2929 2930
f 2935 2932 2928
f 2935 2930 2933
f 2952 2942 2943
f 2952 2943 2944
f 2953 2941 2942
f 2953 2942 2952
f 2954 2940 2941
f 2955 2941 2953
f 2955 2954 2941
f 2956 2940 2954
f 2957 2954 2955
f 2957 2956 2954
f 2958 2939 2940
f 2958 2940 2956
f 2958 2956 2957
f 2959 2185 2184
f 2959 2184 2960
f 2961 2321 2320
f 2961 2962 2321
f 2961 2963 2962
f 2964 2965 2961
f 2964 2961 2320
f 2966 2185 2959
f 2966 2959 2965
f 2967 2320 2908
f 2968 2944 2945
f 2968 2945 2946
f 2968 2946 2947
f 2968 2952 2944
f 2969 2938 2939
f 2969 2939 2958
f 2969 2958 2957
f 2969 2957 2955
f 2970 2184 2936
f 2970 2936 2937
f 2970 2937 2938
f 2970 2938 2969
f 2971 2962 2963
f 2971 2963 2959
f 2972 2971 2959
f 2972 2959 2960
f 2972 2962 2971
f 2972 2960 2973
f 2972 2974 2962
f 2972 2973 2974
f 2975 2961 2965
f 2975 2963 2961
f 2975 2965 2959
f 2975 2959 2963
f 2976 2966 2965
f 2976 2965 2964
f 2977 2978 2979
f 2977 2967 2978
f 2977 2979 2980
f 2977 2980 2981
f 2977 2981 2982
f 2983 2977 2982
f 2984 2983 2982
f 2985 2984 2982
f 2986 2185 2966
f 2986 2916 2917
f 2986 2917 2918
f 2986 2918 2185
f 2986 2966 2985
f 2986 2985 2982
f 2987 2951 2321
f 2987 2962 2988
f 2987 2321 2962
f 2989 2988 2990
f 2989 2987 2988
f 2989 2951 2987
f 2991 2950 2951
f 2991 2951 2989
f 2991 2990 2992
f 2991 2989 2990
f 2993 2992 2994
f 2993 2950 2991
f 2993 2991 2992
f 2995 2947 2948
f 2995 2948 2949
f 2995 2949 2950
f 2995 2994 2996
f 2995 2950 2993
f 2995 2993 2994
f 2997 2970 2969
f 2997 2955 2953
f 2997 2184 2970
f 2997 2960 2184
f 2997 2969 2955
f 2997 2953 2952
f 2998 2988 2962
f 2998 2990 2988
f 2998 2973 2960
f 2998 2962 2974
f 2998 2974 2973
f 2999 2960 2997
f 2999 2997 2996
f 2999 2990 2998
f 2999 2998 2960
f 2999 2994 2992
f 2999 2996 2994
f 2999 2992 2990
f 3000 2964 2320
f 3000 2976 2964
f 3000 3001 2976
f 3002 3000 2320
f 3002 3001 3000
f 3003 3002 2320
f 3003 3001 3002
f 3003 2967 2977
f 3003 2320 2967
f 3004 3003 2977
f 3004 2966 2976
f 3004 2976 3001
f 3004 3001 3003
f 3004 2977 2983
f 3004 2983 2984
f 3004 2985 2966
f 3004 2984 2985
f 3005 2979 2978
f 3005 2978 2967
f 3005 2980 2979
f 3005 2981 2980
f 3005 2982 2981
f 3006 2982 3005
f 3006 3005 3007
f 3006 2986 2982
f 3006 3007 3008
f 3006 3008 2986
f 3009 2908 2909
f 3009 2909 2910
f 3009 2910 2911
f 3009 2911 2912
f 3009 3007 3005
f 3009 3005 2967
f 3009 2967 2908
f 3010 3009 2912
f 3010 3007 3009
f 3011 2912 2913
f 3011 2913 2914
f 3011 2914 2915
f 3011 2915 2916
f 3011 3010 2912
f 3011 3007 3010
f 3011 3008 3007
f 3011 2916 2986
f 3011 2986 3008
f 3012 2996 2997
f 3012 2952 2968
f 3012 2968 2947
f 3012 2997 2952
f 3012 2947 2995
f 3012 2995 2996
f 2566 2210 2209
f 2347 2565 2564
f 2563 2347 2564
f 3024 2566 2565
f 3024 2347 3025
f 3024 2210 2566
f 3024 2565 2347
f 3026 2175 2211
f 3027 3026 3028
f 3029 2347 3013
f 3029 3027 3028
f 3029 3025 2347
f 3030 3028 3026
f 3030 3026 2211
f 3030 3025 3029
f 3030 3029 3028
f 3031 3030 2211
f 3031 3025 3030
f 3032 2211 2210
f 3032 3024 3025
f 3032 2210 3024
f 3032 3025 3031
f 3032 3031 2211
f 3033 3026 3027
f 3034 3020 3019
f 3034 3033 3027
f 3035 3020 3034
f 3035 3034 3027
f 3036 3021 3020
f 3036 3022 3021
f 3036 3023 3022
f 3036 3013 3023
f 3036 3029 3013
f 3036 3020 3035
f 3036 3027 3029
f 3036 3035 3027
f 3037 3014 2175
f 3037 3015 3014
f 3037 3016 3015
f 3037 2175 3026
f 3037 3026 3033
f 3038 3017 3016
f 3038 3018 3017
f 3038 3019 3018
f 3038 3034 3019
f 3038 3016 3037
f 3038 3033 3034
f 3038 3037 3033
f 3053 3013 2310
f 3054 2310 2312
f 3054 3055 3056
f 3054 3056 2310
f 3057 2176 2175
f 3057 2175 3058
f 3057 3058 3055
f 3059 3054 2312
f 3059 3060 3054
f 3061 2176 3057
f 3062 3044 3045
f 3062 3045 3046
f 3063 3046 3047
f 3063 3062 3046
f 3064 3063 3047
f 3065 3064 3047
f 3066 3065 3047
f 3066 3064 3065
f 3067 3064 3066
f 3068 3047 3048
f 3068 3048 3067
f 3068 3067 3066
f 3068 3066 3047
f 3069 2175 3014
f 3069 3014 3015
f 3069 3015 3016
f 3069 3058 2175
f 3070 3071 3072
f 3070 3073 3074
f 3070 3074 3075
f 3070 3075 3076
f 3070 3077 3053
f 3070 3072 3073
f 3070 3076 3077
f 3078 3071 3070
f 3079 3071 3078
f 3080 3071 3079
f 3081 3071 3080
f 3082 3058 3069
f 3082 3069 3071
f 3082 3071 3081
f 3083 3056 3055
f 3083 3055 3058
f 3084 3054 3060
f 3084 3055 3054
f 3084 3060 3057
f 3084 3057 3055
f 3085 3057 3060
f 3085 3060 3059
f 3086 3059 3087
f 3086 3085 3059
f 3086 3061 3057
f 3086 3087 3088
f 3086 3057 3085
f 3089 3086 3088
f 3089 3061 3086
f 3090 3042 3043
f 3090 3043 3044
f 3090 3044 3062
f 3091 3048 3049
f 3091 3049 3050
f 3091 3050 3051
f 3091 3067 3048
f 3091 3051 3052
f 3091 3064 3067
f 3092 3020 3021
f 3092 3021 3022
f 3092 3022 3023
f 3092 3023 3013
f 3092 3013 3053
f 3093 3020 3092
f 3093 3092 3094
f 3095 3016 3017
f 3095 3017 3018
f 3095 3018 3019
f 3095 3019 3020
f 3095 3094 3096
f 3095 3096 3069
f 3095 3020 3093
f 3095 3093 3094
f 3095 3069 3016
f 3097 3074 3073
f 3097 3075 3074
f 3097 3076 3075
f 3097 3053 3077
f 3097 3073 3072
f 3097 3094 3092
f 3097 3077 3076
f 3097 3092 3053
f 3098 3072 3071
f 3098 3097 3072
f 3098 3094 3097
f 3099 3094 3098
f 3099 3098 3071
f 3100 3094 3099
f 3100 3099 3071
f 3100 3096 3094
f 3100 3069 3096
f 3100 3071 3069
f 3101 3070 3053
f 3101 3053 2310
f 3102 3101 2310
f 3102 3056 3083
f 3102 2310 3056
f 3103 3087 3059
f 3103 3059 3104
f 3103 3088 3087
f 3103 3061 3089
f 3103 3089 3088
f 3103 3104 3105
f 3106 3061 3103
f 3106 3103 3105
f 3106 3107 3108
f 3106 3105 3107
f 3109 2312 3039
f 3109 3104 3059
f 3109 3059 2312
f 3109 3105 3104
f 3110 3109 3039
f 3110 3105 3109
f 3110 3107 3105
f 3111 3039 3040
f 3111 3040 3041
f 3111 3041 3042
f 3111 3110 3039
f 3111 3107 3110
f 3111 3108 3107
f 3112 2176 3061
f 3112 3063 3064
f 3112 3062 3063
f 3112 3052 2176
f 3112 3106 3108
f 3112 3061 3106
f 3112 3064 3091
f 3112 3091 3052
f 3113 3078 3070
f 3113 3079 3078
f 3113 3080 3079
f 3113 3058 3082
f 3113 3081 3080
f 3113 3082 3081
f 3113 3070 3101
f 3114 3113 3101
f 3114 3101 3102
f 3114 3102 3083
f 3114 3058 3113
f 3114 3083 3058
f 3115 3108 3111
f 3115 3111 3042
f 3115 3062 3112
f 3115 3042 3090
f 3115 3112 3108
f 3115 3090 3062
f 2605 2342 2606
f 2604 2342 2605
f 3127 3128 2342
f 3127 2603 2118
f 3127 2604 2603
f 3127 2118 2117
f 3127 2342 2604
f 3129 3117 3116
f 3129 3118 3117
f 3129 3119 3118
f 3130 3123 3122
f 3130 3124 3123
f 3131 3125 3124
f 3131 3126 3125
f 3131 2115 3126
f 3131 2116 2115
f 3131 3130 3132
f 3131 3124 3130
f 3133 3116 2342
f 3133 3129 3116
f 3133 3132 3129
f 3133 2342 3128
f 3134 3131 3132
f 3134 2116 3131
f 3135 3134 3128
f 3135 2116 3134
f 3136 2117 2116
f 3136 3128 3127
f 3136 3135 3128
f 3136 3127 2117
f 3136 2116 3135
f 3137 3120 3119
f 3137 3121 3120
f 3137 3122 3121
f 3137 3132 3130
f 3137 3119 3129
f 3137 3130 3122
f 3137 3129 3132
f 3138 3133 3128
f 3138 3128 3134
f 3138 3132 3133
f 3138 3134 3132
f 3155 3145 3146
f 3155 3146 3147
f 3156 3144 3145
f 3156 3145 3155
f 3157 3143 3144
f 3158 3144 3156
f 3158 3157 3144
f 3159 3143 3157
f 3160 3157 3158
f 3160 3159 3157
f 3161 3142 3143
f 3161 3143 3159
f 3161 3159 3160
f 3162 2115 2114
f 3162 2114 3163
f 3164 2315 2314
f 3164 3165 2315
f 3164 3166 3165
f 3167 3164 2314
f 3167 3168 3164
f 3169 2115 3162
f 3169 3162 3168
f 3170 2314 3116
f 3171 3147 3148
f 3171 3148 3149
f 3171 3149 3150
f 3171 3155 3147
f 3172 3141 3142
f 3172 3142 3161
f 3172 3160 3158
f 3172 3161 3160
f 3173 2114 3139
f 3173 3139 3140
f 3173 3140 3141
f 3173 3141 3172
f 3174 3166 3162
f 3174 3165 3166
f 3175 3163 3176
f 3175 3177 3165
f 3175 3165 3174
f 3175 3174 3162
f 3175 3176 3177
f 3175 3162 3163
f 3178 3166 3164
f 3178 3168 3162
f 3178 3162 3166
f 3178 3164 3168
f 3179 3168 3167
f 3179 3169 3168
f 3180 3181 3182
f 3180 3170 3181
f 3180 3182 3183
f 3180 3183 3184
f 3180 3184 3185
f 3186 3180 3185
f 3187 3186 3185
f 3188 3187 3185
f 3189 2115 3169
f 3189 3124 3125
f 3189 3125 3126
f 3189 3126 2115
f 3189 3169 3188
f 3189 3188 3185
f 3190 3154 2315
f 3190 3165 3191
f 3190 2315 3165
f 3192 3154 3190
f 3192 3191 3193
f 3192 3190 3191
f 3194 3153 3154
f 3194 3154 3192
f 3194 3193 3195
f 3194 3192 3193
f 3196 3195 3197
f 3196 3153 3194
f 3196 3194 3195
f 3198 3150 3151
f 3198 3151 3152
f 3198 3152 3153
f 3198 3197 3199
f 3198 3153 3196
f 3198 3196 3197
f 3200 3173 3172
f 3200 3172 3158
f 3200 3158 3156
f 3200 3163 2114
f 3200 3156 3155
f 3200 2114 3173
f 3201 3191 3165
f 3201 3193 3191
f 3201 3176 3163
f 3201 3165 3177
f 3201 3177 3176
f 3202 3163 3200
f 3202 3195 3193
f 3202 3197 3195
f 3202 3193 3201
f 3202 3199 3197
f 3202 3200 3199
f 3202 3201 3163
f 3203 3167 2314
f 3203 3179 3167
f 3203 3204 3179
f 3205 3203 2314
f 3205 3204 3203
f 3206 3205 2314
f 3206 3204 3205
f 3206 2314 3170
f 3206 3170 3180
f 3207 3206 3180
f 3207 3169 3179
f 3207 3179 3204
f 3207 3204 3206
f 3207 3180 3186
f 3207 3186 3187
f 3207 3188 3169
f 3207 3187 3188
f 3208 3182 3181
f 3208 3181 3170
f 3208 3183 3182
f 3208 3184 3183
f 3208 3185 3184
f 3209 3185 3208
f 3209 3208 3210
f 3209 3210 3211
f 3209 3211 3189
f 3209 3189 3185
f 3212 3208 3170
f 3212 3116 3117
f 3212 3117 3118
f 3212 3118 3119
f 3212 3119 3120
f 3212 3210 3208
f 3212 3170 3116
f 3213 3210 3212
f 3213 3212 3120
f 3214 3120 3121
f 3214 3121 3122
f 3214 3122 3123
f 3214 3123 3124
f 3214 3213 3120
f 3214 3210 3213
f 3214 3211 3210
f 3214 3124 3189
f 3214 3189 3211
f 3215 3198 3199
f 3215 3155 3171
f 3215 3171 3150
f 3215 3200 3155
f 3215 3199 3200
f 3215 3150 3198
f 3224 3216 2320
f 3224 2320 2319
f 3225 3217 3216
f 3225 3216 3224
f 3226 3218 3217
f 3226 3217 3225
f 3227 3219 3218
f 3227 3218 3226
f 3228 3220 3219
f 3228 3219 3227
f 3229 3221 3220
f 3229 3220 3228
f 3230 3222 3221
f 3230 3221 3229
f 3231 3223 3222
f 3231 3222 3230
f 2354 2356 3223
f 2354 3223 3231
f 3237 3232 2908
f 3237 3233 3232
f 3237 3234 3233
f 3237 3235 3234
f 3237 3236 3235
f 3237 2357 3236
f 3237 2356 2357
f 3238 2908 2320
f 3238 3237 2908
f 3239 3219 3220
f 3240 3239 3220
f 3240 3238 3239
f 3241 3220 3221
f 3241 3221 3222
f 3241 3222 3223
f 3241 3223 2356
f 3241 3238 3240
f 3241 3237 3238
f 3241 2356 3237
f 3241 3240 3220
f 3242 2320 3216
f 3242 3216 3217
f 3242 3217 3218
f 3242 3218 3219
f 3242 3219 3239
f 3242 3238 2320
f 3242 3239 3238
f 3243 2358 2908
f 3243 2358 2358
f 3243 2357 2358
f 3243 2908 3232
f 3243 3232 3233
f 3243 3233 3234
f 3243 3234 3235
f 3243 3235 3236
f 3243 3236 2357
f 3244 2560 2358
f 3244 2358 2358
f 3244 2358 2359
f 3244 2561 2560
f 3244 2359 2561
f 3245 2516 2362
f 3245 2517 2516
f 3245 2362 2363
f 3245 2363 2363
f 3245 2363 2517
f 2366 3246 2365
f 3254 3247 3246
f 3254 3246 2366
f 3255 3248 3247
f 3255 3247 3254
f 3256 3249 3248
f 3256 3248 3255
f 3257 3250 3249
f 3257 3249 3256
f 3258 3251 3250
f 3258 3250 3257
f 3259 3252 3251
f 3259 3251 3258
f 3260 3253 3252
f 3260 3252 3259
f 3261 2316 3253
f 3261 3253 3260
f 2317 2316 3261
f 3267 2364 2365
f 3267 3262 2364
f 3267 3263 3262
f 3267 3264 3263
f 3267 3265 3264
f 3267 3266 3265
f 3267 2806 3266
f 3268 2316 2806
f 3268 2806 3267
f 3269 3249 3250
f 3269 3250 3251
f 3269 3251 3252
f 3269 3252 3253
f 3269 3253 2316
f 3269 2316 3268
f 3270 2365 3246
f 3270 3246 3247
f 3270 3247 3248
f 3270 3248 3249
f 3270 3249 3269
f 3270 3267 2365
f 3270 3268 3267
f 3270 3269 3268
f 3271 2364 3262
f 3271 3262 3263
f 3271 3263 3264
f 3271 3264 3265
f 3271 3265 3266
f 3271 3266 2806
f 3271 2363 2364
f 3271 2363 2363
f 3271 2806 2363
f 3272 2470 2373
f 3272 2471 2470
f 3272 2373 2374
f 3272 2374 2374
f 3272 2374 2471
f 2377 3273 2376
f 3281 3274 3273
f 3281 3273 2377
f 3282 3275 3274
f 3282 3274 3281
f 3283 3276 3275
f 3283 3275 3282
f 3284 3277 3276
f 3284 3276 3283
f 3285 3278 3277
f 3285 3277 3284
f 3286 3279 3278
f 3286 3278 3285
f 3287 3280 3279
f 3287 3279 3286
f 3288 2322 3280
f 3288 3280 3287
f 2323 2322 3288
f 3294 2375 2376
f 3294 3289 2375
f 3294 3290 3289
f 3294 3291 3290
f 3294 3292 3291
f 3294 3293 3292
f 3294 2608 3293
f 3295 2322 2608
f 3295 2608 3294
f 3296 2376 3273
f 3296 3273 3274
f 3296 3297 3295
f 3296 3295 3294
f 3296 3294 2376
f 3298 3274 3275
f 3298 3275 3276
f 3298 3276 3277
f 3298 3277 3278
f 3298 3278 3279
f 3298 3279 3280
f 3298 3280 2322
f 3298 3295 3297
f 3298 3296 3274
f 3298 2322 3295
f 3298 3297 3296
f 3299 2375 3289
f 3299 3289 3290
f 3299 3290 3291
f 3299 3291 3292
f 3299 3292 3293
f 3299 3293 2608
f 3299 2374 2375
f 3299 2374 2374
f 3299 2608 2374
f 3300 2326 2325
f 3300 3304 2326
f 3301 3305 3304
f 3301 3304 3300
f 3302 3306 3305
f 3302 3305 3301
f 3303 3307 3306
f 3303 3306 3302
f 865 869 3307
f 865 3307 3303
f 3313 2707 2326
f 3313 3308 2707
f 3313 3309 3308
f 3313 3310 3309
f 3313 3311 3310
f 3313 3312 3311
f 3313 2368 3312
f 3313 863 2368
f 3313 869 870
f 3313 870 871
f 3313 871 872
f 3313 872 863
f 3313 2326 3304
f 3313 3304 3305
f 3313 3305 3306
f 3313 3306 3307
f 3313 3307 869
f 3314 2369 2707
f 3314 2369 2369
f 3314 2368 2369
f 3314 2707 3308
f 3314 3308 3309
f 3314 3309 3310
f 3314 3310 3311
f 3314 3311 3312
f 3314 3312 2368
f 3315 2514 2369
f 3315 2369 2369
f 3315 2369 2370
f 3315 2515 2514
f 3315 2370 2515
f 3316 2562 2346
f 3316 2563 2562
f 3316 2346 2347
f 3316 2347 2347
f 3316 2347 2563
f 2350 3317 2349
f 3325 3318 3317
f 3325 3317 2350
f 3326 3319 3318
f 3326 3318 3325
f 3327 3320 3319
f 3327 3319 3326
f 3328 3321 3320
f 3328 3320 3327
f 3329 3322 3321
f 3329 3321 3328
f 3330 3323 3322
f 3330 3322 3329
f 3331 3324 3323
f 3331 3323 3330
f 3332 2310 3324
f 3332 3324 3331
f 2311 2310 3332
f 3338 2348 2349
f 3338 3333 2348
f 3338 3334 3333
f 3338 3335 3334
f 3338 3336 3335
f 3338 3337 3336
f 3338 3013 3337
f 3339 2310 3013
f 3339 3013 3338
f 3340 3320 3321
f 3340 3321 3322
f 3340 3322 3323
f 3340 3323 3324
f 3340 3324 2310
f 3340 2310 3339
f 3341 2349 3317
f 3341 3317 3318
f 3341 3318 3319
f 3341 3319 3320
f 3341 3320 3340
f 3341 3338 2349
f 3341 3339 3338
f 3341 3340 3339
f 3342 2348 3333
f 3342 3333 3334
f 3342 3334 3335
f 3342 3335 3336
f 3342 3336 3337
f 3342 3337 3013
f 3342 2347 2348
f 3342 2347 2347
f 3342 3013 2347
f 3351 3343 2314
f 3351 2314 2313
f 3352 3344 3343
f 3352 3343 3351
f 3353 3345 3344
f 3353 3344 3352
f 3354 3346 3345
f 3354 3345 3353
f 3355 3347 3346
f 3355 3346 3354
f 3356 3348 3347
f 3356 3347 3355
f 3357 3349 3348
f 3357 3348 3356
f 3358 3350 3349
f 3358 3349 3357
f 2353 2341 3350
f 2353 3350 3358
f 3364 2341 2340
f 3364 3116 2314
f 3364 3359 3116
f 3364 3360 3359
f 3364 3361 3360
f 3364 3362 3361
f 3364 3363 3362
f 3364 2340 3363
f 3364 2314 3343
f 3364 3343 3344
f 3364 3344 3345
f 3364 3345 3346
f 3364 3346 3347
f 3364 3347 3348
f 3364 3348 3349
f 3364 3349 3350
f 3364 3350 2341
f 3365 2342 3116
f 3365 2342 2342
f 3365 2340 2342
f 3365 3116 3359
f 3365 3359 3360
f 3365 3360 3361
f 3365 3361 3362
f 3365 3362 3363
f 3365 3363 2340
f 3366 2606 2342
f 3366 2342 2342
f 3366 2342 2343
f 3366 2607 2606
f 3366 2343 2607
f 3378 2268 2279
f 2278 3378 2279
f 3379 3378 2278
f 3377 2277 2276
f 3377 2278 2277
f 3376 3379 2278
f 3376 2278 3377
f 3375 3380 3379
f 3375 3379 3376
f 3374 3381 3380
f 3374 3380 3375
f 3369 3386 3385
f 3369 3385 3370
f 2580 2243 3388
f 3368 3387 3386
f 3368 3386 3369
f 2581 3388 3387
f 2581 2580 3388
f 2581 3387 3368
f 3367 2581 3368
f 2582 2581 3367
f 2583 2582 3367
f 2339 2583 3367
f 3389 3371 3370
f 3389 3372 3371
f 3389 3373 3372
f 3389 3374 3373
f 3389 3382 3381
f 3389 3383 3382
f 3389 3384 3383
f 3389 3385 3384
f 3389 3381 3374
f 3389 3370 3385
f 2243 2242 3388
f 3401 3390 2264
f 3401 2264 2275
f 3402 3390 3401
f 3402 3391 3390
f 3403 3392 3391
f 3403 3391 3402
f 3404 3393 3392
f 3404 3392 3403
f 3405 3394 3393
f 3405 3393 3404
f 3406 3395 3394
f 3406 3394 3405
f 3407 3395 3406
f 3407 3396 3395
f 3408 3396 3407
f 3408 3397 3396
f 3409 3401 2275
f 3409 2275 2274
f 3410 3398 3397
f 3410 3397 3408
f 3411 3401 3409
f 3411 3402 3401
f 3412 3398 3410
f 3412 3399 3398
f 3413 3402 3411
f 3413 3403 3402
f 3414 2236 2235
f 3414 3400 3399
f 3414 2235 3400
f 3414 3399 3412
f 3415 3404 3403
f 3415 3403 3413
f 3416 3405 3404
f 3416 3404 3415
f 3417 3405 3416
f 3417 3406 3405
f 3418 3407 3406
f 3418 3406 3417
f 3419 3407 3418
f 3419 3408 3407
f 3420 2274 2273
f 3420 3409 2274
f 3421 3408 3419
f 3421 3410 3408
f 3422 3409 3420
f 3422 3411 3409
f 3423 3410 3421
f 3423 3412 3410
f 3423 3414 3412
f 3424 3411 3422
f 3424 3413 3411
f 3425 2237 2236
f 3425 3414 3423
f 3425 2236 3414
f 3426 3413 3424
f 3426 3415 3413
f 3427 3416 3415
f 3427 3415 3426
f 3428 3416 3427
f 3428 3417 3416
f 3429 3419 3418
f 3429 3417 3428
f 3429 3418 3417
f 3430 3419 3429
f 3431 2273 2272
f 3431 3420 2273
f 3432 3421 3419
f 3432 3419 3430
f 3433 3422 3420
f 3433 3420 3431
f 3434 3423 3421
f 3434 3421 3432
f 3435 3424 3422
f 3435 3422 3433
f 3436 2238 2237
f 3436 2237 3425
f 3436 3425 3423
f 3436 3423 3434
f 3437 3426 3424
f 3437 3424 3435
f 3438 3426 3437
f 3438 3428 3427
f 3438 3427 3426
f 3439 3428 3438
f 3440 3429 3428
f 3440 3428 3439
f 3441 3429 3440
f 3441 3430 3429
f 3442 2272 2271
f 3442 3431 2272
f 3443 3432 3430
f 3443 3434 3432
f 3443 3430 3441
f 3444 3431 3442
f 3444 3433 3431
f 3445 3434 3443
f 3446 3435 3433
f 3446 3433 3444
f 3447 2239 2238
f 3447 2238 3436
f 3447 3436 3434
f 3447 3434 3445
f 3448 3435 3446
f 3448 3437 3435
f 3449 3437 3448
f 3449 3438 3437
f 3450 3438 3449
f 3450 3439 3438
f 3451 3439 3450
f 3451 3440 3439
f 3452 3443 3441
f 3452 3440 3451
f 3452 3441 3440
f 3453 2271 2270
f 3453 3442 2271
f 3453 3444 3442
f 3454 3443 3452
f 3455 3446 3444
f 3455 3444 3453
f 3456 3443 3454
f 3456 3445 3443
f 3457 3446 3455
f 3458 3445 3456
f 3458 3447 3445
f 3458 2240 2239
f 3458 2239 3447
f 3459 3448 3446
f 3459 3449 3448
f 3459 3446 3457
f 3460 3449 3459
f 3461 3450 3449
f 3461 3451 3450
f 3461 3449 3460
f 3462 3452 3451
f 3462 3451 3461
f 3463 3452 3462
f 3464 2268 3378
f 3464 3453 2270
f 3464 2269 2268
f 3464 2270 2269
f 3465 3454 3452
f 3465 3452 3463
f 3466 3378 3379
f 3466 3453 3464
f 3466 3464 3378
f 3466 3455 3453
f 3467 3456 3454
f 3467 3454 3465
f 3468 3379 3380
f 3468 3380 3381
f 3468 3457 3455
f 3468 3455 3466
f 3468 3466 3379
f 3469 2241 2240
f 3469 2240 3458
f 3469 3456 3467
f 3469 3458 3456
f 3470 3457 3468
f 3470 3459 3457
f 3470 3460 3459
f 3470 3468 3381
f 3471 3381 3382
f 3471 3460 3470
f 3471 3470 3381
f 3472 3382 3383
f 3472 3383 3384
f 3472 3461 3460
f 3472 3460 3471
f 3472 3471 3382
f 3473 3461 3472
f 3473 3462 3461
f 3473 3463 3462
f 3473 3472 3384
f 3474 3384 3385
f 3474 3385 3386
f 3474 3473 3384
f 3474 3463 3473
f 3475 3474 3386
f 3475 3465 3463
f 3475 3463 3474
f 3476 3386 3387
f 3476 3387 3388
f 3476 3475 3386
f 3476 3467 3465
f 3476 3465 3475
f 3477 3467 3476
f 3477 2242 2241
f 3477 3388 2242
f 3477 3476 3388
f 3477 2241 3469
f 3477 3469 3467
f 3377 2276 2280
f 3377 2280 3488
f 3376 3488 3487
f 3376 3377 3488
f 3375 3487 3486
f 3375 3376 3487
f 3374 3486 3485
f 3374 3375 3486
f 3373 3485 3484
f 3373 3374 3485
f 3372 3484 3483
f 3372 3373 3484
f 3371 3483 3482
f 3371 3372 3483
f 3370 3482 3481
f 3370 3371 3482
f 3369 3481 3480
f 3369 3370 3481
f 3368 3480 3479
f 3368 3369 3480
f 3367 3479 3478
f 3367 3368 3479
f 2339 3478 2338
f 2339 3367 3478
f 3489 2263 2267
f 2266 3489 2267
f 3490 3489 2266
f 3390 2265 2264
f 3390 2266 2265
f 3391 3490 2266
f 3391 2266 3390
f 3392 3491 3490
f 3392 3490 3391
f 3393 3492 3491
f 3393 3491 3392
f 3398 3497 3496
f 3398 3496 3397
f 2539 1969 3499
f 3399 3498 3497
f 3399 3497 3398
f 2540 3499 3498
f 2540 2539 3499
f 2540 3498 3399
f 3400 2540 3399
f 2541 2540 3400
f 2542 2541 3400
f 2235 2542 3400
f 3500 3393 3394
f 3500 3394 3395
f 3500 3395 3396
f 3500 3396 3397
f 3500 3493 3492
f 3500 3494 3493
f 3500 3495 3494
f 3500 3496 3495
f 3500 3492 3393
f 3500 3397 3496
f 3488 2280 2284
f 2283 3488 2284
f 3487 3488 2283
f 3511 2282 2281
f 3511 2283 2282
f 3510 3487 2283
f 3510 2283 3511
f 3509 3486 3487
f 3509 3487 3510
f 3508 3485 3486
f 3508 3486 3509
f 3503 3480 3481
f 3503 3481 3504
f 2585 2338 3478
f 3502 3479 3480
f 3502 3480 3503
f 2586 3478 3479
f 2586 2585 3478
f 2586 3479 3502
f 3501 2586 3502
f 2587 2586 3501
f 2588 2587 3501
f 2152 2588 3501
f 3512 3481 3482
f 3512 3482 3483
f 3512 3483 3484
f 3512 3484 3485
f 3512 3505 3504
f 3512 3506 3505
f 3512 3507 3506
f 3512 3508 3507
f 3512 3485 3508
f 3512 3504 3481
f 2258 2263 3489
f 3513 3489 3490
f 3513 2258 3489
f 3514 3513 3490
f 3515 3490 3491
f 3515 3514 3490
f 3516 3491 3492
f 3516 3515 3491
f 3517 3492 3493
f 3517 3516 3492
f 3518 3493 3494
f 3518 3517 3493
f 3519 3494 3495
f 3519 3518 3494
f 3520 3495 3496
f 3520 3519 3495
f 3521 3496 3497
f 3521 3520 3496
f 3522 3497 3498
f 3522 3521 3497
f 3523 3498 3499
f 3523 3522 3498
f 1970 3499 1969
f 1970 3523 3499
f 2160 2159 3524
f 3535 3511 2281
f 3535 2281 2292
f 3536 3510 3511
f 3536 3511 3535
f 3537 3509 3510
f 3537 3510 3536
f 3538 3508 3509
f 3538 3509 3537
f 3539 3507 3508
f 3539 3508 3538
f 3540 3505 3506
f 3540 3506 3507
f 3540 3507 3539
f 3541 3505 3540
f 3542 3504 3505
f 3542 3505 3541
f 3543 2292 2291
f 3543 3535 2292
f 3544 3503 3504
f 3544 3504 3542
f 3545 3536 3535
f 3545 3535 3543
f 3546 3502 3503
f 3546 3503 3544
f 3547 3536 3545
f 3547 3537 3536
f 3548 2152 3501
f 3548 3502 3546
f 3548 3501 3502
f 3548 2153 2152
f 3549 3538 3537
f 3549 3537 3547
f 3550 3539 3538
f 3550 3538 3549
f 3551 3540 3539
f 3551 3539 3550
f 3552 3540 3551
f 3552 3541 3540
f 3553 3542 3541
f 3553 3541 3552
f 3554 2291 2290
f 3554 3543 2291
f 3555 3542 3553
f 3555 3544 3542
f 3556 3543 3554
f 3556 3545 3543
f 3557 3544 3555
f 3557 3546 3544
f 3558 3547 3545
f 3558 3545 3556
f 3559 2154 2153
f 3559 3546 3557
f 3559 3548 3546
f 3559 2153 3548
f 3560 3549 3547
f 3560 3547 3558
f 3561 3550 3549
f 3561 3549 3560
f 3562 3550 3561
f 3562 3551 3550
f 3563 3551 3562
f 3563 3552 3551
f 3564 3553 3552
f 3564 3552 3563
f 3565 2290 2289
f 3565 3554 2290
f 3566 3553 3564
f 3566 3555 3553
f 3567 3556 3554
f 3567 3554 3565
f 3568 3557 3555
f 3568 3555 3566
f 3568 3559 3557
f 3569 3558 3556
f 3569 3556 3567
f 3570 2155 2154
f 3570 2154 3559
f 3570 3559 3568
f 3571 3560 3558
f 3571 3558 3569
f 3572 3561 3560
f 3572 3560 3571
f 3573 3562 3561
f 3573 3561 3572
f 3574 3562 3573
f 3574 3563 3562
f 3575 3563 3574
f 3575 3564 3563
f 3576 2289 2288
f 3576 3565 2289
f 3577 3566 3564
f 3577 3564 3575
f 3578 3567 3565
f 3578 3565 3576
f 3579 3568 3566
f 3579 3570 3568
f 3579 3566 3577
f 3580 3571 3569
f 3580 3567 3578
f 3580 3569 3567
f 3581 3570 3579
f 3581 2156 2155
f 3581 2155 3570
f 3582 3571 3580
f 3583 3571 3582
f 3583 3572 3571
f 3584 3572 3583
f 3584 3573 3572
f 3585 3573 3584
f 3585 3574 3573
f 3586 3574 3585
f 3586 3575 3574
f 3587 2288 2287
f 3587 3576 2288
f 3588 3577 3575
f 3588 3575 3586
f 3589 3578 3576
f 3589 3576 3587
f 3589 3580 3578
f 3590 3579 3577
f 3590 3577 3588
f 3591 3580 3589
f 3592 3581 3579
f 3592 2156 3581
f 3592 3579 3590
f 3592 2157 2156
f 3593 3582 3580
f 3593 3583 3582
f 3593 3580 3591
f 3594 3583 3593
f 3595 3584 3583
f 3595 3583 3594
f 3596 3584 3595
f 3596 3585 3584
f 3597 3586 3585
f 3597 3585 3596
f 3598 2286 2285
f 3598 2287 2286
f 3598 2285 3534
f 3598 3587 2287
f 3598 3589 3587
f 3599 3588 3586
f 3599 3586 3597
f 3600 3534 3533
f 3600 3589 3598
f 3600 3598 3534
f 3601 3590 3588
f 3601 3588 3599
f 3602 3600 3533
f 3602 3589 3600
f 3602 3591 3589
f 3602 3533 3532
f 3602 3593 3591
f 3603 2158 2157
f 3603 3592 3590
f 3603 2157 3592
f 3603 3590 3601
f 3604 3532 3531
f 3604 3602 3532
f 3604 3593 3602
f 3605 3531 3530
f 3605 3594 3593
f 3605 3595 3594
f 3605 3604 3531
f 3605 3593 3604
f 3606 3605 3530
f 3606 3530 3529
f 3606 3595 3605
f 3607 3529 3528
f 3607 3596 3595
f 3607 3597 3596
f 3607 3606 3529
f 3607 3595 3606
f 3608 3528 3527
f 3608 3597 3607
f 3608 3607 3528
f 3608 3599 3597
f 3609 3527 3526
f 3609 3608 3527
f 3609 3599 3608
f 3610 3526 3525
f 3610 3601 3599
f 3610 3609 3526
f 3610 3599 3609
f 3611 3601 3610
f 3611 3524 2159
f 3611 3525 3524
f 3611 2159 2158
f 3611 2158 3603
f 3611 3603 3601
f 3611 3610 3525
f 3612 2262 2261
f 2260 3612 2261
f 3613 3612 2260
f 3513 2259 2258
f 3513 2260 2259
f 3514 3613 2260
f 3514 2260 3513
f 3515 3614 3613
f 3515 3613 3514
f 3516 3615 3614
f 3516 3614 3515
f 3521 3620 3619
f 3521 3619 3520
f 2534 2307 3622
f 3522 3621 3620
f 3522 3620 3521
f 2535 3622 3621
f 2535 2534 3622
f 2535 3621 3522
f 3523 2535 3522
f 2536 2535 3523
f 2537 2536 3523
f 1970 2537 3523
f 3623 3516 3517
f 3623 3517 3518
f 3623 3518 3519
f 3623 3519 3520
f 3623 3616 3615
f 3623 3617 3616
f 3623 3618 3617
f 3623 3619 3618
f 3623 3615 3516
f 3623 3520 3619
f 3534 2285 2296
f 2295 3534 2296
f 3533 3534 2295
f 3634 2294 2293
f 3634 2295 2294
f 3633 3533 2295
f 3633 2295 3634
f 3632 3532 3533
f 3632 3533 3633
f 3631 3531 3532
f 3631 3532 3632
f 3626 3526 3527
f 3626 3527 3627
f 2488 2160 3524
f 3625 3525 3526
f 3625 3526 3626
f 2489 3524 3525
f 2489 2488 3524
f 2489 3525 3625
f 3624 2489 3625
f 2490 2489 3624
f 2491 2490 3624
f 1958 2491 3624
f 3635 3527 3528
f 3635 3528 3529
f 3635 3529 3530
f 3635 3530 3531
f 3635 3628 3627
f 3635 3629 3628
f 3635 3630 3629
f 3635 3631 3630
f 3635 3531 3631
f 3635 3627 3527
f 2304 814 813
f 2307 2306 3622
f 3636 803 798
f 3636 798 2303
f 3637 804 803
f 3637 803 3636
f 3638 805 804
f 3638 804 3637
f 3639 806 805
f 3639 805 3638
f 3640 807 806
f 3640 806 3639
f 3641 808 807
f 3641 807 3640
f 3642 809 808
f 3642 808 3641
f 3643 810 809
f 3643 809 3642
f 3644 2303 2302
f 3644 3636 2303
f 3645 811 810
f 3645 810 3643
f 3646 3636 3644
f 3646 3637 3636
f 3647 812 811
f 3647 811 3645
f 3648 3638 3637
f 3648 3637 3646
f 3649 813 812
f 3649 2304 813
f 3649 812 3647
f 3650 3639 3638
f 3650 3638 3648
f 3651 3640 3639
f 3651 3639 3650
f 3652 3640 3651
f 3652 3641 3640
f 3653 3641 3652
f 3653 3642 3641
f 3654 3642 3653
f 3654 3643 3642
f 3655 2301 2262
f 3655 2302 2301
f 3655 2262 3612
f 3655 3644 2302
f 3656 3643 3654
f 3656 3645 3643
f 3657 3612 3613
f 3657 3655 3612
f 3657 3644 3655
f 3657 3646 3644
f 3658 3645 3656
f 3658 3647 3645
f 3659 3613 3614
f 3659 3646 3657
f 3659 3648 3646
f 3659 3657 3613
f 3660 2304 3649
f 3660 3649 3647
f 3660 3647 3658
f 3660 2305 2304
f 3661 3614 3615
f 3661 3648 3659
f 3661 3659 3614
f 3661 3650 3648
f 3662 3661 3615
f 3662 3615 3616
f 3662 3650 3661
f 3662 3651 3650
f 3663 3662 3616
f 3663 3616 3617
f 3663 3651 3662
f 3663 3652 3651
f 3664 3653 3652
f 3664 3652 3663
f 3664 3617 3618
f 3664 3663 3617
f 3665 3618 3619
f 3665 3653 3664
f 3665 3654 3653
f 3665 3664 3618
f 3666 3619 3620
f 3666 3620 3621
f 3666 3658 3656
f 3666 3656 3654
f 3666 3654 3665
f 3666 3665 3619
f 3667 3658 3666
f 3667 3666 3621
f 3668 3621 3622
f 3668 2306 2305
f 3668 3660 3658
f 3668 2305 3660
f 3668 3667 3621
f 3668 3658 3667
f 3668 3622 2306
f 3634 2293 2297
f 3634 2297 3679
f 3633 3679 3678
f 3633 3634 3679
f 3632 3678 3677
f 3632 3633 3678
f 3631 3677 3676
f 3631 3632 3677
f 3630 3676 3675
f 3630 3631 3676
f 3629 3675 3674
f 3629 3630 3675
f 3628 3674 3673
f 3628 3629 3674
f 3627 3673 3672
f 3627 3628 3673
f 3626 3672 3671
f 3626 3627 3672
f 3625 3671 3670
f 3625 3626 3671
f 3624 3670 3669
f 3624 3625 3670
f 1958 3669 1957
f 1958 3624 3669
f 3679 2297 2300
f 2299 3679 2300
f 3678 3679 2299
f 819 2298 802
f 819 2299 2298
f 820 3678 2299
f 820 2299 819
f 821 3677 3678
f 821 3678 820
f 822 3676 3677
f 822 3677 821
f 827 3671 3672
f 827 3672 826
f 2493 1957 3669
f 828 3670 3671
f 828 3671 827
f 2494 3669 3670
f 2494 2493 3669
f 2494 3670 828
f 829 2494 828
f 2495 2494 829
f 2496 2495 829
f 815 2496 829
f 3680 822 823
f 3680 823 824
f 3680 824 825
f 3680 825 826
f 3680 3672 3673
f 3680 3673 3674
f 3680 3674 3675
f 3680 3675 3676
f 3680 3676 822
f 3680 826 3672
f 2039 2038 3691
f 3154 3681 2315
f 3692 2050 2049
f 3692 2030 2050
f 3693 3692 2049
f 3139 3699 3140
f 3700 3699 3139
f 2114 3700 3139
f 3701 3696 3695
f 3701 3697 3696
f 3702 3690 3689
f 3702 3691 3690
f 3702 2040 2039
f 3702 2039 3691
f 3703 3702 3689
f 3703 3688 3687
f 3703 3689 3688
f 3704 2041 2040
f 3704 3702 3703
f 3704 2040 3702
f 3705 3683 3682
f 3705 3684 3683
f 3706 3685 3684
f 3706 3684 3705
f 3707 3705 3682
f 3707 3153 3152
f 3707 3154 3153
f 3707 3682 3681
f 3707 3681 3154
f 3708 3152 3151
f 3708 3706 3705
f 3708 3707 3152
f 3708 3705 3707
f 3709 2045 2044
f 3710 2046 2045
f 3710 2045 3709
f 3711 2046 3710
f 3712 2047 2046
f 3712 3711 3701
f 3712 2046 3711
f 3713 2047 3712
f 3713 3712 3701
f 3714 2048 2047
f 3714 2049 2048
f 3714 3713 3701
f 3714 3694 3693
f 3714 3695 3694
f 3714 3701 3695
f 3714 3693 2049
f 3714 2047 3713
f 3715 3146 3145
f 3716 3145 3144
f 3716 3715 3145
f 3717 3716 3144
f 3718 3144 3143
f 3718 3717 3144
f 3718 3701 3717
f 3719 3718 3143
f 3719 3701 3718
f 3720 3143 3142
f 3720 3701 3719
f 3720 3719 3143
f 3721 3720 3142
f 3721 3141 3140
f 3721 3142 3141
f 3721 3698 3697
f 3721 3699 3698
f 3721 3140 3699
f 3721 3701 3720
f 3721 3697 3701
f 3722 3723 3704
f 3722 3686 3685
f 3722 3687 3686
f 3722 3704 3703
f 3722 3703 3687
f 3722 3685 3706
f 3724 3704 3723
f 3724 2041 3704
f 3724 2042 2041
f 3724 3723 3725
f 3726 2042 3724
f 3726 3724 3725
f 3727 2043 2042
f 3727 2042 3726
f 3727 3726 3725
f 3727 3725 3728
f 3729 3727 3728
f 3729 3728 3730
f 3729 2043 3727
f 3731 2043 3729
f 3731 3729 3730
f 3732 3733 3709
f 3732 2044 2043
f 3732 3709 2044
f 3732 2043 3731
f 3732 3731 3730
f 3732 3730 3733
f 3734 3723 3722
f 3734 3706 3708
f 3734 3151 3150
f 3734 3708 3151
f 3734 3722 3706
f 3735 3150 3149
f 3735 3723 3734
f 3735 3725 3723
f 3735 3734 3150
f 3736 3725 3735
f 3736 3735 3149
f 3737 3725 3736
f 3737 3736 3149
f 3737 3728 3725
f 3738 3728 3737
f 3738 3730 3728
f 3738 3149 3148
f 3738 3737 3149
f 3739 3730 3738
f 3739 3738 3148
f 3740 3739 3148
f 3740 3730 3739
f 3740 3733 3730
f 3741 3711 3710
f 3741 3709 3733
f 3741 3710 3709
f 3741 3715 3716
f 3741 3701 3711
f 3741 3716 3717
f 3741 3717 3701
f 3742 3147 3146
f 3742 3148 3147
f 3742 3740 3148
f 3742 3733 3740
f 3742 3741 3733
f 3742 3715 3741
f 3742 3146 3715
f 2315 3743 2313
f 3681 3744 3743
f 3681 3743 2315
f 3682 3745 3744
f 3682 3744 3681
f 3683 3746 3745
f 3683 3745 3682
f 3684 3747 3746
f 3684 3746 3683
f 3685 3748 3747
f 3685 3747 3684
f 3686 3749 3748
f 3686 3748 3685
f 3687 3750 3749
f 3687 3749 3686
f 3688 3751 3750
f 3688 3750 3687
f 3689 3752 3751
f 3689 3751 3688
f 3690 3753 3752
f 3690 3752 3689
f 3691 3754 3753
f 3691 3753 3690
f 2038 2051 3754
f 2038 3754 3691
f 3762 2313 3743
f 3351 2313 3762
f 3761 3351 3762
f 3352 3351 3761
f 3760 3352 3761
f 3353 3352 3760
f 3759 3353 3760
f 3354 3353 3759
f 3356 3758 3757
f 3356 3355 3758
f 3357 3757 3756
f 3357 3356 3757
f 3358 3756 3755
f 3358 3357 3756
f 2353 3755 2352
f 2353 3358 3755
f 3763 3759 3758
f 3763 3354 3759
f 3763 3758 3355
f 3764 3355 3354
f 3764 3763 3355
f 3764 3354 3763
f 2106 3773 2107
f 3774 2031 2030
f 3774 2030 3692
f 3775 3692 3693
f 3775 3774 3692
f 3776 3775 3693
f 3776 3693 3694
f 3777 3694 3695
f 3777 3776 3694
f 3778 3777 3695
f 3778 3695 3696
f 3779 3696 3697
f 3779 3778 3696
f 3780 3697 3698
f 3780 3779 3697
f 3781 3698 3699
f 3781 3780 3698
f 3782 2114 2113
f 3782 3699 3700
f 3782 3700 2114
f 3782 3781 3699
f 3783 2032 2031
f 3783 2031 3774
f 3784 3783 3774
f 3784 3774 3775
f 3785 3776 3777
f 3785 3775 3776
f 3785 3784 3775
f 3786 3785 3777
f 3787 3786 3777
f 3787 3777 3778
f 3788 3787 3778
f 3788 3778 3779
f 3789 3788 3779
f 3789 3779 3780
f 3790 3789 3780
f 3790 3780 3781
f 3791 3790 3781
f 3791 2113 2112
f 3791 3782 2113
f 3791 3781 3782
f 3792 2033 2032
f 3792 2034 2033
f 3792 2032 3783
f 3793 3792 3783
f 3793 3783 3784
f 3794 3793 3784
f 3794 3784 3785
f 3795 3794 3785
f 3795 3785 3786
f 3796 3795 3786
f 3796 3786 3787
f 3797 3787 3788
f 3797 3796 3787
f 3798 3797 3788
f 3798 3788 3789
f 3799 3789 3790
f 3799 3798 3789
f 3800 3790 3791
f 3800 3791 2112
f 3800 2112 2111
f 3800 3799 3790
f 3801 2034 3792
f 3802 3801 3792
f 3802 3792 3793
f 3803 3794 3795
f 3803 3793 3794
f 3803 3802 3793
f 3804 3803 3795
f 3805 3795 3796
f 3805 3796 3797
f 3805 3804 3795
f 3806 3805 3797
f 3807 3797 3798
f 3807 3806 3797
f 3808 3798 3799
f 3808 3807 3798
f 3809 2111 2110
f 3809 3800 2111
f 3809 3799 3800
f 3809 3808 3799
f 3810 2035 2034
f 3810 2036 2035
f 3810 2034 3801
f 3811 3801 3802
f 3811 3802 3803
f 3811 3810 3801
f 3812 3811 3803
f 3813 3803 3804
f 3813 3812 3803
f 3814 3804 3805
f 3814 3813 3804
f 3815 3805 3806
f 3815 3806 3807
f 3815 3814 3805
f 3816 3815 3807
f 3817 3807 3808
f 3817 3808 3809
f 3817 3816 3807
f 3818 2110 2109
f 3818 3809 2110
f 3818 3817 3809
f 3819 2036 3810
f 3820 3810 3811
f 3820 3811 3812
f 3820 3819 3810
f 3821 3820 3812
f 3822 3821 3812
f 3822 3812 3813
f 3823 3822 3813
f 3823 3813 3814
f 3823 3814 3815
f 3824 3823 3815
f 3824 3815 3816
f 3825 3824 3816
f 3826 3825 3816
f 3826 3816 3817
f 3827 3817 3818
f 3827 3826 3817
f 3827 2109 2108
f 3827 3818 2109
f 3828 2037 2036
f 3828 2016 2037
f 3828 3765 2016
f 3828 2036 3819
f 3828 3819 3820
f 3829 3765 3828
f 3829 3766 3765
f 3829 3828 3820
f 3829 3820 3821
f 3830 3767 3766
f 3830 3829 3821
f 3830 3766 3829
f 3831 3768 3767
f 3831 3822 3823
f 3831 3830 3821
f 3831 3821 3822
f 3831 3767 3830
f 3832 3768 3831
f 3832 3831 3823
f 3832 3769 3768
f 3833 3770 3769
f 3833 3823 3824
f 3833 3824 3825
f 3833 3769 3832
f 3833 3832 3823
f 3834 3771 3770
f 3834 3770 3833
f 3834 3833 3825
f 3835 3772 3771
f 3835 3825 3826
f 3835 3834 3825
f 3835 3771 3834
f 3836 3835 3826
f 3836 2107 3773
f 3836 3773 3772
f 3836 2108 2107
f 3836 3827 2108
f 3836 3772 3835
f 3836 3826 3827
f 3837 2352 3755
f 3837 3755 3756
f 3744 3761 3762
f 3744 3762 3743
f 3848 3838 3837
f 3848 3744 3745
f 3848 3756 3757
f 3848 3757 3758
f 3848 3758 3759
f 3848 3759 3760
f 3848 3760 3761
f 3848 3837 3756
f 3848 3761 3744
f 3849 3839 3838
f 3849 3840 3839
f 3849 3745 3746
f 3849 3746 3747
f 3849 3838 3848
f 3849 3848 3745
f 3850 3841 3840
f 3850 3747 3748
f 3850 3849 3747
f 3850 3840 3849
f 3851 3842 3841
f 3851 3843 3842
f 3851 3748 3749
f 3851 3749 3750
f 3851 3850 3748
f 3851 3841 3850
f 3852 3844 3843
f 3852 3750 3751
f 3852 3851 3750
f 3852 3843 3851
f 3853 3845 3844
f 3853 3846 3845
f 3853 3751 3752
f 3853 3752 3753
f 3853 3852 3751
f 3853 3844 3852
f 3854 3847 3846
f 3854 2051 3847
f 3854 2051 2051
f 3854 3753 3754
f 3854 3754 2051
f 3854 3853 3753
f 3854 3846 3853
f 2017 2016 3765
f 2646 3773 2106
f 2645 3773 2646
f 3855 2029 2028
f 3855 2015 2029
f 3856 3855 2028
f 3857 3856 2028
f 3864 3863 2634
f 2633 3864 2634
f 3865 3864 2633
f 2324 3865 2633
f 3866 2018 2017
f 3866 2019 2018
f 3866 3765 3766
f 3866 3766 3767
f 3866 3767 3768
f 3866 2017 3765
f 3867 2645 2644
f 3867 3771 3772
f 3867 3772 3773
f 3867 3773 2645
f 3868 3771 3867
f 3868 3770 3771
f 3869 2022 2021
f 3870 2643 2642
f 3870 2644 2643
f 3870 3867 2644
f 3870 3868 3867
f 3871 2023 2022
f 3871 2022 3869
f 3872 2023 3871
f 3873 2024 2023
f 3873 3872 3874
f 3873 2023 3872
f 3875 2024 3873
f 3875 3873 3874
f 3876 2025 2024
f 3876 2024 3875
f 3876 3875 3874
f 3877 3876 3874
f 3877 2025 3876
f 3878 2026 2025
f 3878 2027 2026
f 3878 2028 2027
f 3878 2025 3877
f 3878 3858 3857
f 3878 3857 2028
f 3879 2639 2638
f 3879 2640 2639
f 3880 3879 2638
f 3881 3880 2638
f 3882 3881 2638
f 3882 3874 3881
f 3882 2638 2637
f 3883 3882 2637
f 3883 3874 3882
f 3884 3874 3883
f 3884 2637 2636
f 3884 3883 2637
f 3885 3874 3884
f 3885 3884 2636
f 3886 3863 3862
f 3886 2635 2634
f 3886 2636 2635
f 3886 2634 3863
f 3886 3885 2636
f 3887 3770 3868
f 3887 3768 3769
f 3887 3769 3770
f 3887 3866 3768
f 3887 3888 3866
f 3889 2020 2019
f 3889 2021 2020
f 3889 3869 2021
f 3889 2019 3866
f 3889 3866 3888
f 3890 3879 3888
f 3890 2641 2640
f 3890 2642 2641
f 3890 3887 3868
f 3890 3888 3887
f 3890 3868 3870
f 3890 2640 3879
f 3890 3870 2642
f 3891 3872 3871
f 3891 3881 3874
f 3891 3880 3881
f 3891 3888 3879
f 3891 3879 3880
f 3891 3874 3872
f 3891 3871 3869
f 3891 3869 3889
f 3891 3889 3888
f 3892 3859 3858
f 3892 3860 3859
f 3892 3861 3860
f 3892 3862 3861
f 3892 3858 3878
f 3892 3878 3877
f 3892 3874 3885
f 3892 3877 3874
f 3892 3885 3886
f 3892 3886 3862
f 3903 2051 2052
f 3903 3846 3847
f 3903 3847 2051
f 3902 3845 3846
f 3902 3846 3903
f 3901 3844 3845
f 3901 3845 3902
f 3900 3843 3844
f 3900 3844 3901
f 3899 3842 3843
f 3899 3843 3900
f 3898 3841 3842
f 3898 3842 3899
f 3897 3840 3841
f 3897 3841 3898
f 3896 3839 3840
f 3896 3840 3897
f 3895 3838 3839
f 3895 3839 3896
f 3894 3837 3838
f 3894 3838 3895
f 3893 2352 3837
f 3893 3837 3894
f 2351 2352 3893
f 3905 2323 3288
f 3905 3904 2323
f 3906 3288 3287
f 3906 3905 3288
f 3907 3287 3286
f 3907 3906 3287
f 3908 3286 3285
f 3908 3907 3286
f 3283 3909 3284
f 3910 3909 3283
f 3282 3910 3283
f 3911 3910 3282
f 3281 3911 3282
f 3912 3911 3281
f 2377 3912 3281
f 2378 3912 2377
f 3913 3285 3284
f 3914 3909 3908
f 3914 3908 3285
f 3914 3284 3909
f 3914 3913 3284
f 3914 3285 3913
f 2015 3915 2014
f 3855 3916 3915
f 3855 3915 2015
f 3856 3917 3916
f 3856 3916 3855
f 3857 3918 3917
f 3857 3917 3856
f 3858 3919 3918
f 3858 3918 3857
f 3859 3920 3919
f 3859 3919 3858
f 3860 3921 3920
f 3860 3920 3859
f 3861 3922 3921
f 3861 3921 3860
f 3862 3923 3922
f 3862 3922 3861
f 3863 3924 3923
f 3863 3923 3862
f 3864 3925 3924
f 3864 3924 3863
f 3865 3904 3925
f 3865 3925 3864
f 2324 2323 3904
f 2324 3904 3865
f 3938 2351 3893
f 3939 3938 3893
f 3945 3944 3927
f 3926 3945 3927
f 3946 3937 3936
f 3946 2052 3937
f 3946 2052 2052
f 3946 3902 3903
f 3946 3903 2052
f 3947 3935 3934
f 3947 3936 3935
f 3947 3900 3901
f 3947 3901 3902
f 3947 3902 3946
f 3947 3946 3936
f 3948 3947 3934
f 3948 3934 3933
f 3948 3899 3900
f 3948 3900 3947
f 3949 3932 3931
f 3949 3933 3932
f 3949 3897 3898
f 3949 3898 3899
f 3949 3899 3948
f 3949 3948 3933
f 3950 3931 3930
f 3950 3896 3897
f 3950 3949 3931
f 3950 3897 3949
f 3951 3929 3928
f 3951 3930 3929
f 3951 3894 3895
f 3951 3895 3896
f 3951 3950 3930
f 3951 3896 3950
f 3952 3927 3944
f 3952 3928 3927
f 3952 3893 3894
f 3952 3940 3939
f 3952 3941 3940
f 3952 3942 3941
f 3952 3943 3942
f 3952 3944 3943
f 3952 3951 3928
f 3952 3939 3893
f 3952 3894 3951
f 3945 2311 3332
f 3945 3926 2311
f 3944 3332 3331
f 3944 3945 3332
f 3943 3331 3330
f 3943 3944 3331
f 3942 3330 3329
f 3942 3943 3330
f 3327 3941 3328
f 3940 3941 3327
f 3326 3940 3327
f 3939 3940 3326
f 3325 3939 3326
f 3938 3939 3325
f 2350 3938 3325
f 2351 3938 2350
f 3953 3329 3328
f 3954 3941 3942
f 3954 3329 3953
f 3954 3953 3328
f 3954 3942 3329
f 3954 3328 3941
f 3912 2378 3965
f 3911 3912 3965
f 3905 3906 3925
f 3904 3905 3925
f 3966 2014 2014
f 3966 3955 2014
f 3966 3956 3955
f 3966 2014 3915
f 3966 3915 3916
f 3967 3957 3956
f 3967 3958 3957
f 3967 3916 3917
f 3967 3917 3918
f 3967 3966 3916
f 3967 3956 3966
f 3968 3958 3967
f 3968 3959 3958
f 3968 3918 3919
f 3968 3967 3918
f 3969 3960 3959
f 3969 3961 3960
f 3969 3919 3920
f 3969 3920 3921
f 3969 3968 3919
f 3969 3959 3968
f 3970 3962 3961
f 3970 3921 3922
f 3970 3969 3921
f 3970 3961 3969
f 3971 3963 3962
f 3971 3964 3963
f 3971 3922 3923
f 3971 3923 3924
f 3971 3962 3970
f 3971 3970 3922
f 3972 3925 3906
f 3972 3965 3964
f 3972 3906 3907
f 3972 3907 3908
f 3972 3908 3909
f 3972 3909 3910
f 3972 3910 3911
f 3972 3924 3925
f 3972 3964 3971
f 3972 3911 3965
f 3972 3971 3924
f 2053 3937 2052
f 3983 3936 3937
f 3983 3937 2053
f 3982 3935 3936
f 3982 3936 3983
f 3981 3934 3935
f 3981 3935 3982
f 3980 3933 3934
f 3980 3934 3981
f 3979 3932 3933
f 3979 3933 3980
f 3978 3931 3932
f 3978 3932 3979
f 3977 3930 3931
f 3977 3931 3978
f 3976 3929 3930
f 3976 3930 3977
f 3975 3928 3929
f 3975 3929 3976
f 3974 3927 3928
f 3974 3928 3975
f 3973 3926 3927
f 3973 3927 3974
f 2312 2311 3926
f 2312 3926 3973
f 2014 3984 2013
f 3955 3985 3984
f 3955 3984 2014
f 3956 3986 3985
f 3956 3985 3955
f 3957 3986 3956
f 3958 3987 3986
f 3958 3986 3957
f 3959 3988 3987
f 3959 3987 3958
f 3960 3989 3988
f 3960 3988 3959
f 3961 3990 3989
f 3961 3989 3960
f 3962 3991 3990
f 3962 3990 3961
f 3963 3992 3991
f 3963 3991 3962
f 3964 3993 3992
f 3964 3992 3963
f 3965 3994 3993
f 3965 3993 3964
f 2378 2379 3994
f 2378 3994 3965
f 2055 2054 4003
f 4002 2055 4003
f 2056 2055 4002
f 3052 3995 2176
f 3051 3995 3052
f 3983 2067 2066
f 3983 2053 2067
f 3982 3983 2066
f 3981 3982 2066
f 3974 3975 3040
f 3039 3974 3040
f 3973 3974 3039
f 2312 3973 3039
f 4004 3051 3050
f 4004 3996 3995
f 4004 3997 3996
f 4004 3995 3051
f 4005 3998 3997
f 4005 3999 3998
f 4005 3997 4004
f 4006 3999 4005
f 4007 2060 2059
f 4008 3049 3048
f 4008 3050 3049
f 4008 4004 3050
f 4008 4005 4004
f 4009 2060 4007
f 4009 2061 2060
f 4010 2061 4009
f 4011 2062 2061
f 4011 4010 4012
f 4011 2061 4010
f 4013 4011 4012
f 4013 2062 4011
f 4014 2063 2062
f 4014 4013 4012
f 4014 2062 4013
f 4015 2063 4014
f 4015 4014 4012
f 4016 2063 4015
f 4016 3981 2066
f 4016 2064 2063
f 4016 2065 2064
f 4016 2066 2065
f 4016 3980 3981
f 4017 3045 3044
f 4017 3046 3045
f 4018 4017 3044
f 4019 4018 3044
f 4020 4019 3044
f 4020 3044 3043
f 4020 4012 4019
f 4021 4012 4020
f 4021 4020 3043
f 4022 3043 3042
f 4022 4021 3043
f 4022 4012 4021
f 4023 4022 3042
f 4023 4012 4022
f 4024 3041 3040
f 4024 3042 3041
f 4024 3975 3976
f 4024 4023 3042
f 4024 3040 3975
f 4025 3999 4006
f 4025 4000 3999
f 4025 4001 4000
f 4025 4002 4001
f 4025 2057 2056
f 4025 2056 4002
f 4026 2058 2057
f 4026 2057 4025
f 4026 4025 4006
f 4027 4007 2059
f 4027 2059 2058
f 4027 4026 4006
f 4027 2058 4026
f 4028 3047 3046
f 4028 3048 3047
f 4028 4008 3048
f 4028 3046 4017
f 4028 4005 4008
f 4028 4006 4005
f 4028 4017 4006
f 4029 4009 4007
f 4029 4017 4018
f 4029 4019 4012
f 4029 4018 4019
f 4029 4027 4006
f 4029 4007 4027
f 4029 4012 4010
f 4029 4006 4017
f 4029 4010 4009
f 4030 3980 4016
f 4030 4024 3976
f 4030 3976 3977
f 4030 3977 3978
f 4030 3978 3979
f 4030 3979 3980
f 4030 4012 4023
f 4030 4023 4024
f 4030 4016 4015
f 4030 4015 4012
f 3300 2325 4031
f 3300 4031 4039
f 3301 4039 4038
f 3301 3300 4039
f 3302 4038 4037
f 3302 3301 4038
f 3303 4037 4036
f 3303 3302 4037
f 866 4035 4034
f 866 865 4035
f 867 4034 4033
f 867 866 4034
f 868 4033 4032
f 868 867 4033
f 864 4032 2379
f 864 868 4032
f 4040 4036 4035
f 4040 4035 865
f 4041 865 3303
f 4041 3303 4036
f 4041 4040 865
f 4041 4036 4040
f 3994 2379 4032
f 3994 4032 4033
f 4052 4038 4039
f 4052 4039 4031
f 4053 4052 4051
f 4053 4033 4034
f 4053 4034 4035
f 4053 4035 4036
f 4053 4036 4037
f 4053 4037 4038
f 4053 3993 3994
f 4053 3994 4033
f 4053 4038 4052
f 4054 4050 4049
f 4054 4051 4050
f 4054 3991 3992
f 4054 3992 3993
f 4054 4053 4051
f 4054 3993 4053
f 4055 4049 4048
f 4055 3990 3991
f 4055 3991 4054
f 4055 4054 4049
f 4056 4047 4046
f 4056 4048 4047
f 4056 3988 3989
f 4056 3989 3990
f 4056 4055 4048
f 4056 3990 4055
f 4057 4046 4045
f 4057 3987 3988
f 4057 3988 4056
f 4057 4056 4046
f 4058 4044 4043
f 4058 4045 4044
f 4058 3985 3986
f 4058 3986 3987
f 4058 3987 4057
f 4058 4057 4045
f 4059 4058 4043
f 4059 2013 2013
f 4059 4042 2013
f 4059 4043 4042
f 4059 2013 3984
f 4059 3984 3985
f 4059 3985 4058
f 4003 2054 2075
f 2176 3995 2177
f 4069 2068 4068
f 4069 2069 2068
f 4070 4068 4067
f 4070 4069 4068
f 4071 4067 4066
f 4071 4070 4067
f 4072 4066 4065
f 4072 4071 4066
f 4073 4065 4064
f 4073 4072 4065
f 4074 4064 4063
f 4074 4073 4064
f 4075 4063 4062
f 4075 4074 4063
f 4076 4062 4061
f 4076 4075 4062
f 4077 4076 4061
f 4077 2184 2183
f 4077 4060 2184
f 4077 4061 4060
f 4078 2070 2069
f 4078 2071 2070
f 4078 2069 4069
f 4078 4069 4070
f 4079 4078 4070
f 4079 4070 4071
f 4080 4079 4071
f 4081 4071 4072
f 4081 4080 4071
f 4082 4072 4073
f 4082 4081 4072
f 4083 4073 4074
f 4083 4082 4073
f 4084 4083 4074
f 4084 4074 4075
f 4085 4084 4075
f 4085 4075 4076
f 4086 2183 2182
f 4086 4076 4077
f 4086 4085 4076
f 4086 4077 2183
f 4087 2071 4078
f 4088 4087 4078
f 4088 4078 4079
f 4089 4088 4079
f 4089 4079 4080
f 4090 4089 4080
f 4090 4080 4081
f 4091 4082 4083
f 4091 4090 4081
f 4091 4081 4082
f 4092 4091 4083
f 4093 4083 4084
f 4093 4092 4083
f 4094 4084 4085
f 4094 4093 4084
f 4095 2182 2181
f 4095 4085 4086
f 4095 4086 2182
f 4095 4094 4085
f 4096 2072 2071
f 4096 2071 4087
f 4097 4096 4087
f 4097 4088 4089
f 4097 4087 4088
f 4098 4097 4089
f 4099 4089 4090
f 4099 4098 4089
f 4100 4090 4091
f 4100 4099 4090
f 4101 4091 4092
f 4101 4100 4091
f 4102 4092 4093
f 4102 4101 4092
f 4103 4102 4093
f 4103 4093 4094
f 4104 2181 2180
f 4104 4095 2181
f 4104 4094 4095
f 4104 4103 4094
f 4105 2073 2072
f 4105 2072 4096
f 4105 4096 4097
f 4106 4105 4097
f 4107 4097 4098
f 4107 4106 4097
f 4108 4098 4099
f 4108 4107 4098
f 4109 4099 4100
f 4109 4100 4101
f 4109 4108 4099
f 4110 4109 4101
f 4111 4101 4102
f 4111 4102 4103
f 4111 4110 4101
f 4112 4111 4103
f 4113 2180 2179
f 4113 4104 2180
f 4113 4103 4104
f 4113 4112 4103
f 4114 2074 2073
f 4114 2073 4105
f 4114 4105 4106
f 4115 4114 4106
f 4116 4115 4106
f 4116 4106 4107
f 4117 4116 4107
f 4117 4107 4108
f 4118 4117 4108
f 4118 4108 4109
f 4119 4118 4109
f 4119 4109 4110
f 4120 4119 4110
f 4120 4110 4111
f 4121 4120 4111
f 4121 4111 4112
f 4122 4112 4113
f 4122 2179 2178
f 4122 4121 4112
f 4122 4113 2179
f 4123 2075 2074
f 4123 2074 4114
f 4123 4003 2075
f 4124 4114 4115
f 4124 4123 4114
f 4124 4003 4123
f 4124 4002 4003
f 4125 4001 4002
f 4125 4002 4124
f 4125 4124 4115
f 4125 4115 4116
f 4126 4116 4117
f 4126 4000 4001
f 4126 4125 4116
f 4126 4001 4125
f 4127 4117 4118
f 4127 4126 4117
f 4127 3999 4000
f 4127 4000 4126
f 4128 4127 4118
f 4128 4118 4119
f 4128 4119 4120
f 4128 3998 3999
f 4128 3999 4127
f 4129 4128 4120
f 4129 3997 3998
f 4129 3998 4128
f 4130 4129 4120
f 4130 4120 4121
f 4130 3996 3997
f 4130 3997 4129
f 4131 2178 2177
f 4131 4130 4121
f 4131 2177 3995
f 4131 4122 2178
f 4131 3995 3996
f 4131 4121 4122
f 4131 3996 4130
f 2327 4031 2325
f 4142 4052 4031
f 4142 4031 2327
f 4141 4051 4052
f 4141 4052 4142
f 4140 4050 4051
f 4140 4051 4141
f 4139 4049 4050
f 4139 4050 4140
f 4138 4048 4049
f 4138 4049 4139
f 4137 4047 4048
f 4137 4048 4138
f 4136 4046 4047
f 4136 4047 4137
f 4135 4045 4046
f 4135 4046 4136
f 4134 4044 4045
f 4134 4045 4135
f 4133 4043 4044
f 4133 4044 4134
f 4132 4042 4043
f 4132 4043 4133
f 2000 2013 4042
f 2000 4042 4132
f 2077 2076 4153
f 4152 2077 4153
f 2951 4143 2321
f 4068 2088 2087
f 4068 2068 2088
f 4067 4068 2087
f 2936 4061 2937
f 4060 4061 2936
f 2184 4060 2936
f 4154 4063 4064
f 4154 4064 4065
f 4155 4150 4149
f 4155 4151 4150
f 4155 4152 4151
f 4155 2078 2077
f 4155 2077 4152
f 4156 2078 4155
f 4156 2079 2078
f 4157 4145 4144
f 4157 4146 4145
f 4158 4147 4146
f 4158 4146 4157
f 4159 2950 2949
f 4159 2951 2950
f 4159 4144 4143
f 4159 4157 4144
f 4159 4143 2951
f 4160 2949 2948
f 4160 4158 4157
f 4160 4157 4159
f 4160 4159 2949
f 4161 2083 2082
f 4162 2083 4161
f 4162 2084 2083
f 4163 2084 4162
f 4164 2085 2084
f 4164 2084 4163
f 4164 4163 4154
f 4165 4164 4154
f 4165 2085 4164
f 4166 4154 4065
f 4166 4165 4154
f 4166 2086 2085
f 4166 2087 2086
f 4166 4065 4066
f 4166 4066 4067
f 4166 2085 4165
f 4166 4067 2087
f 4167 2943 2942
f 4168 2942 2941
f 4168 4167 2942
f 4169 4168 2941
f 4170 2941 2940
f 4170 4154 4169
f 4170 4169 2941
f 4171 4154 4170
f 4171 4170 2940
f 4172 2940 2939
f 4172 4154 4171
f 4172 4171 2940
f 4173 2938 2937
f 4173 2939 2938
f 4173 4061 4062
f 4173 4062 4063
f 4173 2937 4061
f 4173 4172 2939
f 4173 4154 4172
f 4173 4063 4154
f 4174 4147 4158
f 4174 4148 4147
f 4174 4149 4148
f 4174 4155 4149
f 4174 4175 4156
f 4174 4156 4155
f 4176 2080 2079
f 4176 2079 4156
f 4176 4156 4175
f 4176 4175 4177
f 4178 2080 4176
f 4178 4176 4177
f 4179 2081 2080
f 4179 4177 4180
f 4179 4178 4177
f 4179 2080 4178
f 4181 4180 4182
f 4181 2081 4179
f 4181 4179 4180
f 4183 2081 4181
f 4183 4181 4182
f 4184 2082 2081
f 4184 4185 4161
f 4184 4182 4185
f 4184 4161 2082
f 4184 2081 4183
f 4184 4183 4182
f 4186 2948 2947
f 4186 4174 4158
f 4186 4158 4160
f 4186 4160 2948
f 4186 4175 4174
f 4187 2947 2946
f 4187 4186 2947
f 4187 4177 4175
f 4187 4175 4186
f 4188 4177 4187
f 4188 4187 2946
f 4189 4188 2946
f 4189 4180 4177
f 4189 4177 4188
f 4190 4189 2946
f 4190 4180 4189
f 4190 4182 4180
f 4190 2946 2945
f 4191 4190 2945
f 4191 4182 4190
f 4192 4191 2945
f 4192 4182 4191
f 4192 4185 4182
f 4193 4162 4161
f 4193 4163 4162
f 4193 4167 4168
f 4193 4168 4169
f 4193 4169 4154
f 4193 4161 4185
f 4193 4154 4163
f 4194 2943 4167
f 4194 2944 2943
f 4194 2945 2944
f 4194 4192 2945
f 4194 4185 4192
f 4194 4193 4185
f 4194 4167 4193
f 2001 2000 4132
f 2745 4142 2327
f 4195 2012 2011
f 4195 1996 2012
f 4196 4195 2011
f 2730 4202 2731
f 4203 4202 2730
f 911 4203 2730
f 4204 4199 4198
f 4204 4200 4199
f 4205 2002 2001
f 4205 4132 4133
f 4205 4133 4134
f 4205 2001 4132
f 4206 4134 4135
f 4206 4135 4136
f 4206 4205 4134
f 4207 2003 2002
f 4207 4205 4206
f 4207 2002 4205
f 4208 4139 4140
f 4208 4140 4141
f 4209 4139 4208
f 4209 4138 4139
f 4210 2744 2743
f 4210 2745 2744
f 4210 4141 4142
f 4210 4208 4141
f 4210 4142 2745
f 4211 2743 2742
f 4211 4208 4210
f 4211 4209 4208
f 4211 4210 2743
f 4212 2007 2006
f 4213 2008 2007
f 4213 2007 4212
f 4214 2008 4213
f 4215 2008 4214
f 4215 2009 2008
f 4215 4214 4204
f 4216 2009 4215
f 4216 4215 4204
f 4217 2010 2009
f 4217 2011 2010
f 4217 4197 4196
f 4217 4198 4197
f 4217 4196 2011
f 4217 4204 4198
f 4217 4216 4204
f 4217 2009 4216
f 4218 2737 2736
f 4219 2736 2735
f 4219 4218 2736
f 4220 4219 2735
f 4221 2735 2734
f 4221 4220 2735
f 4221 4204 4220
f 4222 4221 2734
f 4222 4204 4221
f 4223 2734 2733
f 4223 4222 2734
f 4223 4204 4222
f 4224 4223 2733
f 4224 4201 4200
f 4224 4202 4201
f 4224 2732 2731
f 4224 2733 2732
f 4224 4200 4204
f 4224 2731 4202
f 4224 4204 4223
f 4225 4207 4206
f 4225 4206 4136
f 4225 4136 4137
f 4225 4137 4138
f 4225 4226 4207
f 4225 4138 4209
f 4227 2004 2003
f 4227 4226 4228
f 4227 2003 4207
f 4227 4207 4226
f 4229 2004 4227
f 4229 4227 4228
f 4230 2005 2004
f 4230 4228 4231
f 4230 2004 4229
f 4230 4229 4228
f 4232 4231 4233
f 4232 2005 4230
f 4232 4230 4231
f 4234 2005 4232
f 4234 4232 4233
f 4235 4236 4212
f 4235 2005 4234
f 4235 2006 2005
f 4235 4233 4236
f 4235 4212 2006
f 4235 4234 4233
f 4237 2742 2741
f 4237 4211 2742
f 4237 4209 4211
f 4237 4225 4209
f 4237 4226 4225
f 4238 4237 2741
f 4238 4228 4226
f 4238 2741 2740
f 4238 4226 4237
f 4239 4238 2740
f 4239 4228 4238
f 4240 4239 2740
f 4240 4228 4239
f 4240 4231 4228
f 4241 4240 2740
f 4241 4231 4240
f 4241 4233 4231
f 4241 2740 2739
f 4242 4233 4241
f 4242 4241 2739
f 4243 4233 4242
f 4243 4242 2739
f 4243 4236 4233
f 4244 4212 4236
f 4244 4219 4220
f 4244 4213 4212
f 4244 4204 4214
f 4244 4214 4213
f 4244 4218 4219
f 4244 4220 4204
f 4245 4218 4244
f 4245 4236 4243
f 4245 2738 2737
f 4245 2739 2738
f 4245 4243 2739
f 4245 2737 4218
f 4245 4244 4236
f 2321 4246 2319
f 4143 4247 4246
f 4143 4246 2321
f 4144 4248 4247
f 4144 4247 4143
f 4145 4249 4248
f 4145 4248 4144
f 4146 4250 4249
f 4146 4249 4145
f 4147 4251 4250
f 4147 4250 4146
f 4148 4252 4251
f 4148 4251 4147
f 4149 4253 4252
f 4149 4252 4148
f 4150 4254 4253
f 4150 4253 4149
f 4151 4255 4254
f 4151 4254 4150
f 4152 4256 4255
f 4152 4255 4151
f 4153 4257 4256
f 4153 4256 4152
f 2076 2089 4257
f 2076 4257 4153
f 4265 2319 4246
f 3224 2319 4265
f 4264 3224 4265
f 3225 3224 4264
f 4263 3225 4264
f 3226 3225 4263
f 4262 3226 4263
f 3227 3226 4262
f 3229 4261 4260
f 3229 3228 4261
f 3230 4260 4259
f 3230 3229 4260
f 3231 4259 4258
f 3231 3230 4259
f 2354 4258 2355
f 2354 3231 4258
f 4266 4262 4261
f 4266 3227 4262
f 4266 4261 3228
f 4267 3228 3227
f 4267 4266 3228
f 4267 3227 4266
f 757 767 908
f 4268 1996 4195
f 4268 1997 1996
f 4269 4195 4196
f 4269 4268 4195
f 4270 4196 4197
f 4270 4269 4196
f 4271 4197 4198
f 4271 4270 4197
f 4272 4198 4199
f 4272 4271 4198
f 4273 4199 4200
f 4273 4272 4199
f 4274 4200 4201
f 4274 4273 4200
f 4275 4201 4202
f 4275 4274 4201
f 4276 911 910
f 4276 4202 4203
f 4276 4203 911
f 4276 4275 4202
f 4277 1998 1997
f 4277 1997 4268
f 4278 4277 4268
f 4278 4268 4269
f 4279 4269 4270
f 4279 4278 4269
f 4280 4270 4271
f 4280 4279 4270
f 4281 4280 4271
f 4281 4271 4272
f 4282 4272 4273
f 4282 4281 4272
f 4283 4273 4274
f 4283 4282 4273
f 4284 4283 4274
f 4284 4274 4275
f 4285 4284 4275
f 4285 910 909
f 4285 4276 910
f 4285 4275 4276
f 4286 1999 1998
f 4286 758 1999
f 4286 759 758
f 4286 1998 4277
f 4287 760 759
f 4287 4277 4278
f 4287 4286 4277
f 4287 759 4286
f 4288 760 4287
f 4288 761 760
f 4288 4287 4278
f 4288 4278 4279
f 4288 4279 4280
f 4289 762 761
f 4289 761 4288
f 4289 4288 4280
f 4290 4289 4280
f 4290 763 762
f 4290 4280 4281
f 4290 762 4289
f 4291 4282 4283
f 4291 4290 4281
f 4291 764 763
f 4291 763 4290
f 4291 4281 4282
f 4292 4291 4283
f 4292 765 764
f 4292 764 4291
f 4293 4283 4284
f 4293 4292 4283
f 4293 766 765
f 4293 765 4292
f 4294 909 908
f 4294 4284 4285
f 4294 4293 4284
f 4294 767 766
f 4294 766 4293
f 4294 4285 909
f 4294 908 767
f 4295 2355 4258
f 4295 4258 4259
f 4247 4264 4265
f 4247 4265 4246
f 4306 4296 4295
f 4306 4247 4248
f 4306 4259 4260
f 4306 4260 4261
f 4306 4261 4262
f 4306 4262 4263
f 4306 4263 4264
f 4306 4295 4259
f 4306 4264 4247
f 4307 4297 4296
f 4307 4298 4297
f 4307 4248 4249
f 4307 4249 4250
f 4307 4296 4306
f 4307 4306 4248
f 4308 4299 4298
f 4308 4250 4251
f 4308 4298 4307
f 4308 4307 4250
f 4309 4300 4299
f 4309 4301 4300
f 4309 4251 4252
f 4309 4252 4253
f 4309 4299 4308
f 4309 4308 4251
f 4310 4302 4301
f 4310 4253 4254
f 4310 4309 4253
f 4310 4301 4309
f 4311 4303 4302
f 4311 4304 4303
f 4311 4254 4255
f 4311 4255 4256
f 4311 4310 4254
f 4311 4302 4310
f 4312 4305 4304
f 4312 2089 4305
f 4312 2089 2089
f 4312 4256 4257
f 4312 4257 2089
f 4312 4311 4256
f 4312 4304 4311
f 2092 743 744
f 2842 752 753
f 2841 752 2842
f 4313 2104 2103
f 4313 2091 2104
f 4314 4313 2103
f 4315 4314 2103
f 4322 4321 2830
f 2829 4322 2830
f 4323 4322 2829
f 2318 4323 2829
f 4324 2093 2092
f 4324 2094 2093
f 4324 744 745
f 4324 745 746
f 4324 746 747
f 4324 2092 744
f 4325 2841 2840
f 4325 750 751
f 4325 751 752
f 4325 752 2841
f 4326 750 4325
f 4326 749 750
f 4327 2097 2096
f 4328 2839 2838
f 4328 2840 2839
f 4328 4325 2840
f 4328 4326 4325
f 4329 2098 2097
f 4329 2097 4327
f 4330 2098 4329
f 4331 2099 2098
f 4331 2098 4330
f 4331 4330 4332
f 4333 2099 4331
f 4333 4331 4332
f 4334 2100 2099
f 4334 2099 4333
f 4334 4333 4332
f 4335 4334 4332
f 4335 2100 4334
f 4336 2101 2100
f 4336 2102 2101
f 4336 2103 2102
f 4336 2100 4335
f 4336 4316 4315
f 4336 4315 2103
f 4337 2835 2834
f 4337 2836 2835
f 4338 4337 2834
f 4339 4338 2834
f 4340 4339 2834
f 4340 2834 2833
f 4340 4332 4339
f 4341 4340 2833
f 4341 4332 4340
f 4342 4332 4341
f 4342 2833 2832
f 4342 4341 2833
f 4343 4332 4342
f 4343 4342 2832
f 4344 4321 4320
f 4344 2831 2830
f 4344 2832 2831
f 4344 2830 4321
f 4344 4343 2832
f 4345 4346 4324
f 4345 749 4326
f 4345 747 748
f 4345 748 749
f 4345 4324 747
f 4347 2095 2094
f 4347 2096 2095
f 4347 4324 4346
f 4347 4327 2096
f 4347 2094 4324
f 4348 4337 4346
f 4348 2837 2836
f 4348 2838 2837
f 4348 4346 4345
f 4348 4326 4328
f 4348 2836 4337
f 4348 4328 2838
f 4348 4345 4326
f 4349 4338 4339
f 4349 4346 4337
f 4349 4337 4338
f 4349 4330 4329
f 4349 4329 4327
f 4349 4347 4346
f 4349 4327 4347
f 4349 4332 4330
f 4349 4339 4332
f 4350 4317 4316
f 4350 4318 4317
f 4350 4319 4318
f 4350 4320 4319
f 4350 4316 4336
f 4350 4336 4335
f 4350 4332 4343
f 4350 4335 4332
f 4350 4343 4344
f 4350 4344 4320
f 2090 4305 2089
f 4361 4304 4305
f 4361 4305 2090
f 4360 4303 4304
f 4360 4304 4361
f 4359 4303 4360
f 4358 4301 4302
f 4358 4302 4303
f 4358 4303 4359
f 4357 4300 4301
f 4357 4301 4358
f 4356 4299 4300
f 4356 4300 4357
f 4355 4298 4299
f 4355 4299 4356
f 4354 4298 4355
f 4353 4296 4297
f 4353 4297 4298
f 4353 4298 4354
f 4352 4295 4296
f 4352 4296 4353
f 4351 4295 4352
f 2367 2355 4295
f 2367 4295 4351
f 2091 4363 2090
f 4313 4364 4363
f 4313 4363 2091
f 4314 4365 4364
f 4314 4364 4313
f 4315 4366 4365
f 4315 4365 4314
f 4316 4367 4366
f 4316 4366 4315
f 4317 4368 4367
f 4317 4367 4316
f 4318 4369 4368
f 4318 4368 4317
f 4319 4370 4369
f 4319 4369 4318
f 4320 4371 4370
f 4320 4370 4319
f 4321 4372 4371
f 4321 4371 4320
f 4322 4373 4372
f 4322 4372 4321
f 4323 4362 4373
f 4323 4373 4322
f 2318 2317 4362
f 2318 4362 4323
f 4374 2367 4351
f 4375 4374 4351
f 4381 4380 4373
f 4362 4381 4373
f 4382 2090 4363
f 4382 4363 4364
f 4382 2090 2090
f 4382 4360 4361
f 4382 4361 2090
f 4383 4364 4365
f 4383 4365 4366
f 4383 4358 4359
f 4383 4359 4360
f 4383 4382 4364
f 4383 4360 4382
f 4384 4383 4366
f 4384 4366 4367
f 4384 4357 4358
f 4384 4358 4383
f 4385 4384 4367
f 4385 4367 4368
f 4385 4368 4369
f 4385 4355 4356
f 4385 4356 4357
f 4385 4357 4384
f 4386 4369 4370
f 4386 4354 4355
f 4386 4385 4369
f 4386 4355 4385
f 4387 4370 4371
f 4387 4371 4372
f 4387 4352 4353
f 4387 4353 4354
f 4387 4386 4370
f 4387 4354 4386
f 4388 4373 4380
f 4388 4376 4375
f 4388 4377 4376
f 4388 4378 4377
f 4388 4379 4378
f 4388 4380 4379
f 4388 4372 4373
f 4388 4351 4352
f 4388 4352 4387
f 4388 4375 4351
f 4388 4387 4372
f 4381 2317 3261
f 4381 4362 2317
f 4380 3261 3260
f 4380 4381 3261
f 4379 3260 3259
f 4379 4380 3260
f 4378 3259 3258
f 4378 4379 3259
f 3256 4377 3257
f 4376 4377 3256
f 3255 4376 3256
f 4375 4376 3255
f 3254 4375 3255
f 4374 4375 3254
f 2366 4374 3254
f 2367 4374 2366
f 4389 3258 3257
f 4390 4377 4378
f 4390 3258 4389
f 4390 4389 3257
f 4390 4378 3258
f 4390 3257 4377
f 4395 1934 1933
f 4395 1918 1917
f 4395 1917 4391
f 4395 4391 4392
f 4395 4392 1934
f 4395 4393 1918
f 4395 4394 4393
f 4395 1933 4394
f 4400 1901 1900
f 4400 1932 1931
f 4400 1931 4396
f 4400 4396 4397
f 4400 4397 1901
f 4400 4398 1932
f 4400 4399 4398
f 4400 1900 4399
f 4401 1933 1932
f 4401 1932 4414
f 4402 4414 4413
f 4402 4401 4414
f 4403 4413 4412
f 4403 4402 4413
f 4404 4412 4411
f 4404 4403 4412
f 4405 4411 4410
f 4405 4404 4411
f 4406 4410 4409
f 4406 4405 4410
f 4407 4409 4408
f 4407 4406 4409
f 1976 4408 1971
f 1976 4407 4408
f 4421 4406 4407
f 4421 4407 1976
f 4420 4406 4421
f 4394 1933 4401
f 4422 4404 4405
f 4422 4405 4406
f 4422 4420 4419
f 4422 4406 4420
f 4423 4403 4404
f 4424 4401 4402
f 4424 4402 4403
f 4424 4403 4423
f 4425 4418 4417
f 4425 4419 4418
f 4425 4422 4419
f 4425 4423 4404
f 4425 4404 4422
f 4426 4393 4394
f 4426 4401 4424
f 4426 4394 4401
f 4427 4417 4416
f 4427 4424 4423
f 4427 4425 4417
f 4427 4423 4425
f 4428 1918 4393
f 4428 4415 1918
f 4428 4416 4415
f 4428 4393 4426
f 4428 4427 4416
f 4428 4424 4427
f 4428 4426 4424
f 4408 4429 1971
f 4408 4430 4429
f 4409 4431 4430
f 4409 4430 4408
f 4410 4431 4409
f 4436 4399 1900
f 4436 1900 4435
f 4437 4434 4433
f 4437 4435 4434
f 4437 4436 4435
f 4438 4410 4411
f 4438 4432 4431
f 4438 4433 4432
f 4438 4431 4410
f 4439 4414 1932
f 4439 1932 4398
f 4439 4398 4399
f 4439 4436 4437
f 4439 4399 4436
f 4440 4411 4412
f 4440 4412 4413
f 4440 4438 4411
f 4440 4437 4433
f 4440 4433 4438
f 4441 4413 4414
f 4441 4437 4440
f 4441 4439 4437
f 4441 4414 4439
f 4441 4440 4413
f 1927 1926 4442
f 4449 4420 4421
f 4449 4421 1976
f 4449 1976 1985
f 4450 4420 4449
f 4451 4419 4420
f 4451 4420 4450
f 4452 4418 4419
f 4452 4419 4451
f 4453 4416 4417
f 4453 4417 4418
f 4453 4418 4452
f 4454 4416 4453
f 4455 1918 4415
f 4455 4415 4416
f 4455 1919 1918
f 4455 4416 4454
f 4456 1985 1984
f 4456 4449 1985
f 4457 4449 4456
f 4457 4450 4449
f 4458 4450 4457
f 4458 4451 4450
f 4459 4452 4451
f 4459 4451 4458
f 4460 4452 4459
f 4460 4453 4452
f 4461 4453 4460
f 4461 4454 4453
f 4462 4455 4454
f 4462 1920 1919
f 4462 1919 4455
f 4462 4454 4461
f 4463 1984 1983
f 4463 4456 1984
f 4464 4456 4463
f 4464 4457 4456
f 4465 4457 4464
f 4465 4458 4457
f 4466 4458 4465
f 4466 4459 4458
f 4467 4459 4466
f 4467 4460 4459
f 4468 4460 4467
f 4468 4461 4460
f 4469 4462 4461
f 4469 4461 4468
f 4469 1921 1920
f 4469 1920 4462
f 4470 1983 1982
f 4470 4463 1983
f 4471 4464 4463
f 4471 4463 4470
f 4472 4464 4471
f 4472 4465 4464
f 4473 4465 4472
f 4473 4466 4465
f 4474 4466 4473
f 4474 4467 4466
f 4475 4468 4467
f 4475 4467 4474
f 4476 4469 4468
f 4476 1921 4469
f 4476 1922 1921
f 4476 4468 4475
f 4477 1981 1980
f 4477 1982 1981
f 4477 4470 1982
f 4477 4471 4470
f 4478 4471 4477
f 4479 4472 4471
f 4479 4471 4478
f 4480 4473 4472
f 4480 4472 4479
f 4481 4474 4473
f 4481 4475 4474
f 4481 4473 4480
f 4482 4475 4481
f 4483 1923 1922
f 4483 1922 4476
f 4483 4476 4475
f 4483 4475 4482
f 4484 4477 1980
f 4485 4478 4477
f 4485 4477 4484
f 4486 4479 4478
f 4486 4478 4485
f 4487 4480 4479
f 4487 4481 4480
f 4487 4479 4486
f 4488 4481 4487
f 4489 4482 4481
f 4489 4483 4482
f 4489 4481 4488
f 4490 1924 1923
f 4490 1923 4483
f 4490 4483 4489
f 4491 1980 1979
f 4491 4484 1980
f 4492 4485 4484
f 4492 4486 4485
f 4492 4484 4491
f 4493 4486 4492
f 4494 4487 4486
f 4494 4488 4487
f 4494 4486 4493
f 4495 4489 4488
f 4495 4488 4494
f 4496 4489 4495
f 4497 4489 4496
f 4497 1925 1924
f 4497 1924 4490
f 4497 4490 4489
f 4498 1978 1977
f 4498 1979 1978
f 4498 1977 4448
f 4498 4491 1979
f 4499 4491 4498
f 4499 4448 4447
f 4499 4498 4448
f 4499 4492 4491
f 4500 4494 4493
f 4500 4492 4499
f 4500 4447 4446
f 4500 4493 4492
f 4500 4499 4447
f 4501 4500 4446
f 4501 4446 4445
f 4501 4494 4500
f 4502 4495 4494
f 4502 4445 4444
f 4502 4501 4445
f 4502 4494 4501
f 4503 4496 4495
f 4503 4497 4496
f 4503 4495 4502
f 4503 4444 4443
f 4503 4502 4444
f 4504 4442 1926
f 4504 4497 4503
f 4504 1925 4497
f 4504 4443 4442
f 4504 4503 4443
f 4504 1926 1925
f 4509 1946 1945
f 4509 1945 4505
f 4509 4505 4506
f 4509 4506 1928
f 4509 1928 1927
f 4509 4507 1946
f 4509 4508 4507
f 4509 1927 4508
f 4514 703 931
f 4514 931 4510
f 4514 4510 4511
f 4514 4511 1940
f 4514 1940 1939
f 4514 4512 703
f 4514 4513 4512
f 4514 1939 4513
f 4429 1972 1971
f 1900 1899 4435
f 4515 695 689
f 4515 689 1975
f 4516 696 695
f 4516 695 4515
f 4517 697 696
f 4517 696 4516
f 4518 698 697
f 4518 697 4517
f 4519 699 698
f 4519 698 4518
f 4520 700 699
f 4520 699 4519
f 4521 701 700
f 4521 702 701
f 4521 1896 702
f 4521 700 4520
f 4522 1975 1974
f 4522 4515 1975
f 4523 4515 4522
f 4523 4516 4515
f 4524 4517 4516
f 4524 4516 4523
f 4525 4517 4524
f 4525 4518 4517
f 4526 4519 4518
f 4526 4518 4525
f 4527 4520 4519
f 4527 4519 4526
f 4528 1897 1896
f 4528 1896 4521
f 4528 4521 4520
f 4528 4520 4527
f 4529 1974 1973
f 4529 4522 1974
f 4530 4523 4522
f 4530 4522 4529
f 4531 4523 4530
f 4531 4524 4523
f 4532 4525 4524
f 4532 4524 4531
f 4533 4526 4525
f 4533 4525 4532
f 4534 4526 4533
f 4534 4527 4526
f 4535 4527 4534
f 4535 1898 1897
f 4535 1897 4528
f 4535 4528 4527
f 4536 1973 1972
f 4536 1972 4429
f 4536 4529 1973
f 4537 4529 4536
f 4537 4429 4430
f 4537 4430 4431
f 4537 4536 4429
f 4537 4530 4529
f 4537 4531 4530
f 4538 4431 4432
f 4538 4531 4537
f 4538 4537 4431
f 4539 4532 4531
f 4539 4531 4538
f 4539 4538 4432
f 4540 4534 4533
f 4540 4533 4532
f 4540 4432 4433
f 4540 4532 4539
f 4540 4539 4432
f 4541 4433 4434
f 4541 4434 4435
f 4541 4534 4540
f 4541 4540 4433
f 4542 4535 4534
f 4542 1899 1898
f 4542 4534 4541
f 4542 1898 4535
f 4542 4541 4435
f 4542 4435 1899
f 4549 4448 1977
f 4447 4448 4549
f 4548 4447 4549
f 1946 4507 4543
f 4550 4445 4446
f 4550 4446 4447
f 4550 4548 4547
f 4550 4447 4548
f 4551 4444 4445
f 4552 4508 1927
f 4552 1927 4442
f 4553 4443 4444
f 4554 4546 4545
f 4554 4547 4546
f 4554 4551 4445
f 4554 4550 4547
f 4554 4445 4550
f 4555 4507 4508
f 4555 4442 4443
f 4555 4443 4553
f 4555 4508 4552
f 4555 4552 4442
f 4556 4545 4544
f 4556 4553 4444
f 4556 4444 4551
f 4556 4554 4545
f 4556 4551 4554
f 4557 4553 4556
f 4557 4507 4555
f 4557 4555 4553
f 4558 4544 4543
f 4558 4557 4556
f 4558 4556 4544
f 4558 4507 4557
f 4558 4543 4507
f 714 703 4512
f 694 708 4559
f 4566 4512 4513
f 4566 4513 1939
f 4566 4565 4564
f 4566 1939 4565
f 4567 713 714
f 4567 714 4512
f 4567 4512 4566
f 4568 712 713
f 4568 713 4567
f 4568 4566 4564
f 4568 4567 4566
f 4569 4563 4562
f 4569 4564 4563
f 4569 4568 4564
f 4570 711 712
f 4570 4569 4562
f 4570 4568 4569
f 4570 712 4568
f 4571 710 711
f 4571 4562 4561
f 4571 4570 4562
f 4571 4561 710
f 4571 711 4570
f 4572 708 709
f 4572 709 710
f 4572 4560 4559
f 4572 4561 4560
f 4572 710 4561
f 4572 4559 708
f 1977 1986 4579
f 4549 4579 4578
f 4549 1977 4579
f 4548 4578 4577
f 4548 4549 4578
f 4547 4577 4576
f 4547 4548 4577
f 4546 4576 4575
f 4546 4547 4576
f 4545 4575 4574
f 4545 4546 4575
f 4544 4574 4573
f 4544 4545 4574
f 4543 4573 1941
f 4543 4544 4573
f 1946 4543 1941
f 4584 1885 1884
f 4584 1884 4580
f 4584 4580 4581
f 4584 4581 1942
f 4584 1942 1941
f 4584 4582 1885
f 4584 4583 4582
f 4584 1941 4583
f 4589 1895 1894
f 4589 1938 1937
f 4589 1937 4585
f 4589 4585 4586
f 4589 4586 1895
f 4589 4587 1938
f 4589 4588 4587
f 4589 1894 4588
f 4565 1939 1938
f 4565 1938 4596
f 4564 4596 4595
f 4564 4565 4596
f 4563 4595 4594
f 4563 4564 4595
f 4562 4593 4592
f 4562 4594 4593
f 4562 4563 4594
f 4561 4592 4591
f 4561 4562 4592
f 4560 4591 4590
f 4560 4561 4591
f 4559 4590 1987
f 4559 4560 4590
f 694 4559 1987
f 4603 4579 1986
f 4602 4578 4579
f 4602 4579 4603
f 4583 1941 4573
f 4604 4577 4578
f 4604 4601 4600
f 4604 4602 4601
f 4604 4578 4602
f 4605 4575 4576
f 4605 4576 4577
f 4605 4604 4600
f 4605 4577 4604
f 4606 4600 4599
f 4606 4605 4600
f 4607 4574 4575
f 4607 4605 4606
f 4607 4606 4599
f 4607 4575 4605
f 4608 4573 4574
f 4608 4574 4607
f 4608 4583 4573
f 4609 4599 4598
f 4609 4607 4599
f 4610 4608 4607
f 4610 4607 4609
f 4610 4583 4608
f 4611 4582 4583
f 4611 4598 4597
f 4611 4610 4609
f 4611 4583 4610
f 4611 4609 4598
f 4612 1885 4582
f 4612 4597 1885
f 4612 4582 4611
f 4612 4611 4597
f 4596 1938 4587
f 4613 4590 4591
f 4613 4591 4614
f 1987 4590 4613
f 4620 4587 4588
f 4620 4596 4587
f 4621 4588 1894
f 4621 4619 4618
f 4621 1894 4619
f 4621 4620 4588
f 4622 4594 4595
f 4622 4595 4596
f 4622 4620 4621
f 4622 4596 4620
f 4623 4618 4617
f 4623 4622 4621
f 4623 4621 4618
f 4624 4593 4594
f 4624 4594 4622
f 4624 4622 4623
f 4625 4616 4615
f 4625 4617 4616
f 4625 4623 4617
f 4625 4624 4623
f 4625 4593 4624
f 4626 4591 4592
f 4626 4592 4593
f 4626 4615 4614
f 4626 4625 4615
f 4626 4593 4625
f 4626 4614 4591
f 4613 1988 1987
f 1894 1893 4619
f 4627 4603 1986
f 4627 1986 1995
f 4628 4602 4603
f 4628 4603 4627
f 4629 4601 4602
f 4629 4602 4628
f 4630 4601 4629
f 4630 4600 4601
f 4631 4600 4630
f 4631 4599 4600
f 4632 4598 4599
f 4632 4599 4631
f 4633 1885 4597
f 4633 4597 4598
f 4633 1886 1885
f 4633 4598 4632
f 4634 1994 1993
f 4634 1995 1994
f 4634 4627 1995
f 4635 4627 4634
f 4635 4628 4627
f 4636 4628 4635
f 4636 4629 4628
f 4637 4630 4629
f 4637 4629 4636
f 4638 4630 4637
f 4638 4631 4630
f 4639 4632 4631
f 4639 4631 4638
f 4640 1887 1886
f 4640 4632 4639
f 4640 1886 4633
f 4640 4633 4632
f 4641 4634 1993
f 4642 4634 4641
f 4642 4635 4634
f 4643 4635 4642
f 4643 4636 4635
f 4644 4637 4636
f 4644 4636 4643
f 4645 4637 4644
f 4645 4638 4637
f 4646 4638 4645
f 4646 4639 4638
f 4647 4640 4639
f 4647 4639 4646
f 4647 1888 1887
f 4647 1887 4640
f 4648 1993 1992
f 4648 4641 1993
f 4649 4641 4648
f 4649 4642 4641
f 4650 4643 4642
f 4650 4642 4649
f 4651 4644 4643
f 4651 4643 4650
f 4652 4644 4651
f 4652 4645 4644
f 4653 4646 4645
f 4653 4645 4652
f 4654 1888 4647
f 4654 1889 1888
f 4654 4646 4653
f 4654 4647 4646
f 4655 1992 1991
f 4655 4648 1992
f 4656 4648 4655
f 4656 4649 4648
f 4657 4650 4649
f 4657 4649 4656
f 4658 4651 4650
f 4658 4650 4657
f 4659 4652 4651
f 4659 4651 4658
f 4660 4652 4659
f 4660 4653 4652
f 4661 1889 4654
f 4661 1890 1889
f 4661 4654 4653
f 4661 4653 4660
f 4662 1991 1990
f 4662 4655 1991
f 4663 4656 4655
f 4663 4657 4656
f 4663 4655 4662
f 4664 4657 4663
f 4665 4658 4657
f 4665 4657 4664
f 4666 4658 4665
f 4666 4659 4658
f 4666 4660 4659
f 4667 4661 4660
f 4667 4660 4666
f 4668 1891 1890
f 4668 1892 1891
f 4668 1890 4661
f 4668 4661 4667
f 4669 1990 1989
f 4669 4663 4662
f 4669 4662 1990
f 4670 4663 4669
f 4671 4664 4663
f 4671 4663 4670
f 4672 4665 4664
f 4672 4664 4671
f 4673 4666 4665
f 4673 4665 4672
f 4674 4667 4666
f 4674 4666 4673
f 4675 1893 1892
f 4675 4667 4674
f 4675 1892 4668
f 4675 4668 4667
f 4676 1989 1988
f 4676 4669 1989
f 4676 1988 4613
f 4677 4669 4676
f 4677 4613 4614
f 4677 4614 4615
f 4677 4676 4613
f 4677 4670 4669
f 4677 4671 4670
f 4678 4677 4615
f 4678 4615 4616
f 4678 4671 4677
f 4679 4672 4671
f 4679 4678 4616
f 4679 4671 4678
f 4680 4673 4672
f 4680 4672 4679
f 4680 4679 4616
f 4680 4616 4617
f 4681 4674 4673
f 4681 4673 4680
f 4681 4617 4618
f 4681 4680 4617
f 4682 4619 1893
f 4682 1893 4675
f 4682 4675 4674
f 4682 4618 4619
f 4682 4681 4618
f 4682 4674 4681
f 4686 1902 1901
f 4685 4686 1901
f 1837 1768 4688
f 1837 4688 4683
f 4689 4684 4683
f 4689 4685 4684
f 4689 4687 4686
f 4689 4688 4687
f 4689 4686 4685
f 4689 4683 4688
f 4692 933 932
f 4693 4688 1768
f 4693 1768 1767
f 4694 4687 4688
f 4694 4688 4693
f 4695 1902 4686
f 4695 4686 4687
f 4695 1903 1902
f 4695 4687 4694
f 4696 1767 1766
f 4696 4693 1767
f 4696 4694 4693
f 4697 4694 4696
f 4698 1904 1903
f 4698 1905 1904
f 4698 4695 4694
f 4698 4694 4697
f 4698 1903 4695
f 4699 1766 1765
f 4699 4696 1766
f 4700 4696 4699
f 4700 4697 4696
f 4701 1905 4698
f 4701 4698 4697
f 4701 4697 4700
f 4702 1765 1764
f 4702 4699 1765
f 4703 4700 4699
f 4703 4699 4702
f 4704 1906 1905
f 4704 1905 4701
f 4704 4701 4700
f 4704 4700 4703
f 4705 1764 937
f 4705 4702 1764
f 4706 4703 4702
f 4706 4702 4705
f 4707 925 1906
f 4707 1906 4704
f 4707 4704 4703
f 4707 4703 4706
f 4708 937 936
f 4708 4706 4705
f 4708 4705 937
f 4709 4706 4708
f 4710 4706 4709
f 4710 926 925
f 4710 925 4707
f 4710 4707 4706
f 4711 936 935
f 4711 4708 936
f 4712 4708 4711
f 4712 4709 4708
f 4713 926 4710
f 4713 4709 4712
f 4713 927 926
f 4713 4710 4709
f 4714 935 934
f 4714 4711 935
f 4715 4712 4711
f 4715 4713 4712
f 4715 4711 4714
f 4716 4713 4715
f 4716 927 4713
f 4716 928 927
f 4717 934 933
f 4717 4715 4714
f 4717 4714 934
f 4717 933 4692
f 4718 4692 4691
f 4718 4715 4717
f 4718 4717 4692
f 4719 4716 4715
f 4719 4690 930
f 4719 4691 4690
f 4719 4718 4691
f 4719 929 928
f 4719 930 929
f 4719 928 4716
f 4719 4715 4718
f 1839 4720 1840
f 4396 1931 4722
f 4683 1838 1837
f 4684 1838 4683
f 4685 4397 4684
f 1901 4397 4685
f 4723 4397 4396
f 4723 4721 4720
f 4723 4722 4721
f 4723 1839 1838
f 4723 4720 1839
f 4723 4396 4722
f 4723 1838 4684
f 4723 4684 4397
f 4690 4724 931
f 4690 931 930
f 1856 4726 4692
f 932 1856 4692
f 4727 4690 4691
f 4727 4691 4692
f 4727 4725 4724
f 4727 4726 4725
f 4727 4724 4690
f 4727 4692 4726
f 4728 1814 1840
f 4720 4728 1840
f 1931 1930 4730
f 1931 4730 4722
f 4731 4720 4721
f 4731 4721 4722
f 4731 4729 4728
f 4731 4730 4729
f 4731 4728 4720
f 4731 4722 4730
f 1855 4726 1856
f 4510 931 4724
f 4734 1854 1853
f 4733 1854 4734
f 4732 4511 4733
f 1940 4511 4732
f 4735 4724 4725
f 4735 4725 4726
f 4735 1855 1854
f 4735 4511 4510
f 4735 4726 1855
f 4735 4510 4724
f 4735 1854 4733
f 4735 4733 4511
f 1815 1814 4728
f 4736 4728 4729
f 4736 1815 4728
f 4737 4729 4730
f 4737 4736 4729
f 4738 4730 1930
f 4738 4737 4730
f 1929 4738 1930
f 4741 4734 1853
f 4741 1853 1819
f 1940 4732 4739
f 1935 1940 4739
f 4742 4732 4733
f 4742 4733 4734
f 4742 4740 4739
f 4742 4741 4740
f 4742 4734 4741
f 4742 4739 4732
f 4736 4743 1829
f 4736 1829 1815
f 1934 4745 4738
f 1929 1934 4738
f 4746 4736 4737
f 4746 4737 4738
f 4746 4744 4743
f 4746 4745 4744
f 4746 4743 4736
f 4746 4738 4745
f 4741 1819 1818
f 4741 1818 4749
f 4740 4749 4748
f 4740 4741 4749
f 4739 4748 4747
f 4739 4740 4748
f 1935 4747 1936
f 1935 4739 4747
f 1831 4750 1832
f 4391 1917 4752
f 4743 1830 1829
f 4744 1830 4743
f 4745 4392 4744
f 1934 4392 4745
f 4753 4392 4391
f 4753 4751 4750
f 4753 4752 4751
f 4753 1831 1830
f 4753 4750 1831
f 4753 4391 4752
f 4753 1830 4744
f 4753 4744 4392
f 4749 1818 1872
f 4756 4749 1872
f 1937 1936 4747
f 1937 4747 4754
f 4757 4747 4748
f 4757 4748 4749
f 4757 4755 4754
f 4757 4756 4755
f 4757 4749 4756
f 4757 4754 4747
f 4760 4752 1917
f 4760 1917 1916
f 1832 4750 4758
f 1785 1832 4758
f 4761 4750 4751
f 4761 4751 4752
f 4761 4759 4758
f 4761 4760 4759
f 4761 4752 4760
f 4761 4758 4750
f 1871 4756 1872
f 4585 1937 4754
f 4764 1870 1869
f 4763 1870 4764
f 4762 4586 4763
f 1895 4586 4762
f 4765 4754 4755
f 4765 4755 4756
f 4765 1871 1870
f 4765 4586 4585
f 4765 4756 1871
f 4765 4585 4754
f 4765 1870 4763
f 4765 4763 4586
f 1793 4766 1774
f 4758 1786 1785
f 4769 4767 4766
f 4769 4766 1793
f 4770 4767 4769
f 4771 1908 1907
f 4771 4768 4767
f 4771 1907 4768
f 4771 4767 4770
f 4772 1793 1792
f 4772 4769 1793
f 4773 4769 4772
f 4773 4770 4769
f 4773 4771 4770
f 4774 1909 1908
f 4774 1908 4771
f 4774 4771 4773
f 4775 1792 1791
f 4775 4772 1792
f 4776 4772 4775
f 4776 4773 4772
f 4777 1910 1909
f 4777 4773 4776
f 4777 1909 4774
f 4777 4774 4773
f 4778 1791 1790
f 4778 4775 1791
f 4778 4776 4775
f 4779 4776 4778
f 4780 1911 1910
f 4780 4776 4779
f 4780 4777 4776
f 4780 1910 4777
f 4781 1790 1789
f 4781 4778 1790
f 4782 4779 4778
f 4782 4778 4781
f 4783 1912 1911
f 4783 1911 4780
f 4783 4780 4779
f 4783 4779 4782
f 4784 1789 1788
f 4784 4781 1789
f 4785 4782 4781
f 4785 4781 4784
f 4786 1913 1912
f 4786 1912 4783
f 4786 4782 4785
f 4786 4783 4782
f 4787 1788 1787
f 4787 4784 1788
f 4788 4786 4785
f 4788 4784 4787
f 4788 4785 4784
f 4789 1914 1913
f 4789 4786 4788
f 4789 1913 4786
f 4790 1787 1786
f 4790 4787 1787
f 4790 1786 4758
f 4790 4788 4787
f 4791 4758 4759
f 4791 4788 4790
f 4791 4790 4758
f 4792 4759 4760
f 4792 4760 1916
f 4792 4789 4788
f 4792 1914 4789
f 4792 1915 1914
f 4792 1916 1915
f 4792 4788 4791
f 4792 4791 4759
f 4793 1874 1895
f 4762 4793 1895
f 1869 1794 4795
f 1869 4795 4764
f 4796 4762 4763
f 4796 4763 4764
f 4796 4794 4793
f 4796 4795 4794
f 4796 4793 4762
f 4796 4764 4795
f 4768 1907 1928
f 4799 4768 1928
f 1845 1774 4766
f 1845 4766 4797
f 4800 4766 4767
f 4800 4767 4768
f 4800 4798 4797
f 4800 4799 4798
f 4800 4768 4799
f 4800 4797 4766
f 4803 1806 1805
f 1883 1882 4801
f 4804 4795 1794
f 4804 1794 1813
f 4805 4794 4795
f 4805 4795 4804
f 4806 1874 4793
f 4806 4793 4794
f 4806 1875 1874
f 4806 4794 4805
f 4807 1813 1812
f 4807 4804 1813
f 4807 4805 4804
f 4808 4805 4807
f 4809 1876 1875
f 4809 1875 4806
f 4809 4806 4805
f 4809 4805 4808
f 4810 1811 1810
f 4810 1812 1811
f 4810 4807 1812
f 4811 4808 4807
f 4811 4807 4810
f 4812 1877 1876
f 4812 4808 4811
f 4812 1876 4809
f 4812 4809 4808
f 4813 4810 1810
f 4814 4810 4813
f 4814 4811 4810
f 4815 1878 1877
f 4815 1877 4812
f 4815 4812 4811
f 4815 4811 4814
f 4816 1810 1809
f 4816 4813 1810
f 4817 4814 4813
f 4817 4813 4816
f 4818 1879 1878
f 4818 1878 4815
f 4818 4814 4817
f 4818 4815 4814
f 4819 1809 1808
f 4819 4816 1809
f 4820 4817 4816
f 4820 4816 4819
f 4821 1880 1879
f 4821 1879 4818
f 4821 4818 4817
f 4821 4817 4820
f 4822 1808 1807
f 4822 4819 1808
f 4823 4821 4820
f 4823 4819 4822
f 4823 4820 4819
f 4824 4821 4823
f 4824 1881 1880
f 4824 1880 4821
f 4825 1807 1806
f 4825 1806 4803
f 4825 4822 1807
f 4826 4825 4803
f 4826 4822 4825
f 4826 4803 4802
f 4826 4823 4822
f 4827 1881 4824
f 4827 4802 4801
f 4827 4826 4802
f 4827 4823 4826
f 4827 1882 1881
f 4827 4824 4823
f 4827 4801 1882
f 1847 4828 1848
f 4505 1945 4830
f 4797 1846 1845
f 4798 1846 4797
f 4799 4506 4798
f 1928 4506 4799
f 4831 4506 4505
f 4831 4829 4828
f 4831 4830 4829
f 4831 1847 1846
f 4831 4828 1847
f 4831 4505 4830
f 4831 1846 4798
f 4831 4798 4506
f 4801 4832 1884
f 4801 1884 1883
f 1864 4834 4803
f 1805 1864 4803
f 4835 4801 4802
f 4835 4802 4803
f 4835 4833 4832
f 4835 4834 4833
f 4835 4832 4801
f 4835 4803 4834
f 4836 1822 1848
f 4828 4836 1848
f 1945 1944 4838
f 1945 4838 4830
f 4839 4828 4829
f 4839 4829 4830
f 4839 4837 4836
f 4839 4838 4837
f 4839 4836 4828
f 4839 4830 4838
f 1863 4834 1864
f 4580 1884 4832
f 4842 1862 1861
f 4841 1862 4842
f 4840 4581 4841
f 1942 4581 4840
f 4843 4832 4833
f 4843 4833 4834
f 4843 1863 1862
f 4843 4581 4580
f 4843 4834 1863
f 4843 4580 4832
f 4843 1862 4841
f 4843 4841 4581
f 1823 1822 4836
f 4844 4836 4837
f 4844 1823 4836
f 4845 4837 4838
f 4845 4844 4837
f 4846 4838 1944
f 4846 4845 4838
f 1943 4846 1944
f 4844 4842 1861
f 4844 1861 1823
f 1942 4840 4846
f 1943 1942 4846
f 4847 4840 4841
f 4847 4841 4842
f 4847 4844 4845
f 4847 4845 4846
f 4847 4842 4844
f 4847 4846 4840
f 4851 1802 1801
f 4850 1802 4851
f 1803 1802 4850
f 4852 4851 1801
f 4852 1801 1800
f 4849 1803 4850
f 4853 1800 1799
f 4853 4852 1800
f 1804 1803 4849
f 4848 1804 4849
f 4861 1858 1804
f 4861 1804 4848
f 4860 1859 1858
f 4860 1858 4861
f 4859 1860 1859
f 4859 1859 4860
f 4858 1825 1860
f 4858 1860 4859
f 1798 4853 1799
f 4854 4853 1798
f 1797 4854 1798
f 4855 4854 1797
f 1796 4855 1797
f 4856 4855 1796
f 1795 4856 1796
f 4857 1795 1868
f 4857 4856 1795
f 4894 1868 1867
f 4894 4857 1868
f 4895 4894 1867
f 1866 4895 1867
f 4896 4895 1866
f 1820 4896 1866
f 4893 4896 1820
f 1824 1825 4858
f 4862 1824 4858
f 4866 1842 1824
f 4866 1824 4862
f 4865 1843 1842
f 4865 1842 4866
f 4864 1844 1843
f 4864 1843 4865
f 4863 1775 1844
f 4863 1844 4864
f 4875 1776 1775
f 4875 1775 4863
f 4874 1777 1776
f 4874 1776 4875
f 4873 1777 4874
f 1778 1777 4873
f 4889 1820 1821
f 4889 4893 1820
f 1852 4889 1821
f 4890 4889 1852
f 1851 4890 1852
f 4891 4890 1851
f 1850 4891 1851
f 4892 4891 1850
f 943 677 4892
f 943 4892 1850
f 4872 1778 4873
f 1779 1778 4872
f 678 677 943
f 942 678 943
f 1780 1779 4872
f 1780 4872 4871
f 679 678 942
f 941 679 942
f 1781 1780 4871
f 1781 4871 4870
f 680 679 941
f 940 680 941
f 1782 1781 4870
f 1782 4870 4869
f 681 680 940
f 939 681 940
f 1783 1782 4869
f 1783 4869 4868
f 682 681 939
f 938 682 939
f 1784 1783 4868
f 1784 4868 4867
f 1784 4867 4879
f 1826 4879 4878
f 1826 1784 4879
f 1827 4878 4877
f 1827 1826 4878
f 1828 1827 4877
f 1828 4877 4876
f 1817 1828 4876
f 1773 682 938
f 1773 4885 682
f 1772 4886 4885
f 1772 4885 1773
f 1771 4886 1772
f 1771 4887 4886
f 1770 4887 1771
f 1770 4888 4887
f 1816 1817 4876
f 1816 4876 4880
f 1816 4880 4884
f 1769 4888 1770
f 1769 4881 4888
f 1834 1816 4884
f 1834 4884 4883
f 1836 4881 1769
f 1836 4882 4881
f 1835 1834 4883
f 1835 4882 1836
f 1835 4883 4882
f 1036 999 4857
f 1036 4857 4894
f 1037 4894 4895
f 1037 1036 4894
f 1038 4895 4896
f 1038 1037 4895
f 1035 4896 4893
f 1035 1038 4896
f 991 990 4848
f 991 4848 4849
f 992 4849 4850
f 992 991 4849
f 993 4850 4851
f 993 992 4850
f 994 4851 4852
f 994 993 4851
f 995 4852 4853
f 995 994 4852
f 996 4853 4854
f 996 995 4853
f 997 4854 4855
f 997 996 4854
f 998 4855 4856
f 998 997 4855
f 999 4856 4857
f 999 998 4856
f 1001 1000 4858
f 1001 4858 4859
f 1002 4859 4860
f 1002 1001 4859
f 1003 4860 4861
f 1003 1002 4860
f 990 4861 4848
f 990 1003 4861
f 1004 4858 1000
f 4862 4858 1004
f 1005 4863 4864
f 1006 1005 4864
f 1007 4864 4865
f 1007 1006 4864
f 1008 4865 4866
f 1008 1007 4865
f 1004 4866 4862
f 1004 1008 4866
f 1010 1009 4867
f 1010 4867 4868
f 1011 4868 4869
f 1011 1010 4868
f 1012 4869 4870
f 1012 1011 4869
f 1013 4870 4871
f 1013 1012 4870
f 1014 4871 4872
f 1014 1013 4871
f 1015 4872 4873
f 1015 1014 4872
f 1016 4873 4874
f 1016 1015 4873
f 1017 4874 4875
f 1017 1016 4874
f 1005 4875 4863
f 1005 1017 4875
f 1019 1018 4876
f 1019 4876 4877
f 1020 4877 4878
f 1020 1019 4877
f 1021 4878 4879
f 1021 1020 4878
f 1009 4879 4867
f 1009 1021 4879
f 4880 1018 1022
f 4880 4876 1018
f 1024 1023 4881
f 1024 4881 4882
f 1025 4882 4883
f 1025 1024 4882
f 1026 4883 4884
f 1026 1025 4883
f 1022 4884 4880
f 1022 1026 4884
f 1027 683 682
f 1027 682 4885
f 1028 4885 4886
f 1028 1027 4885
f 1029 4886 4887
f 1029 1028 4886
f 1030 4887 4888
f 1030 1029 4887
f 1023 4888 4881
f 1023 1030 4888
f 1032 1031 4889
f 1032 4889 4890
f 1033 4890 4891
f 1033 1032 4890
f 1034 4891 4892
f 1034 1033 4891
f 684 4892 677
f 684 1034 4892
f 1035 4889 1031
f 4893 4889 1035
f 1146 1761 1145
f 1146 4898 4899
f 1146 4899 1761
f 1147 4897 4898
f 1147 4898 1146
f 1148 4897 1147
f 1195 1425 1194
f 1195 4901 4902
f 1195 4902 1425
f 1196 4900 4901
f 1196 4901 1195
f 1197 4900 1196
f 1172 1338 1171
f 1172 4904 4905
f 1172 4905 1338
f 1173 4903 4904
f 1173 4904 1172
f 1174 4903 1173
f 4916 4915 4914
f 4916 4906 4907
f 4916 4907 4908
f 4916 4908 4909
f 4916 4909 4910
f 4916 4911 4906
f 4916 4912 4911
f 4916 4913 4912
f 4916 4914 4913
f 4916 4910 4915
f 4926 4917 4922
f 4926 4918 4917
f 4926 4919 4918
f 4926 4920 4919
f 4926 4921 4920
f 4926 645 4921
f 4926 4922 4923
f 4926 4923 4924
f 4926 4924 4925
f 4926 4925 645
f 4935 4927 666
f 4935 4928 4927
f 4935 4929 4928
f 4935 4930 4929
f 4935 4931 4930
f 4935 4932 4931
f 4935 4933 4932
f 4935 4934 4933
f 4935 667 4934
f 4935 666 667
f 4946 4937 4936
f 4946 4936 4942
f 4946 4938 4937
f 4946 4939 4938
f 4946 4940 4939
f 4946 4941 4940
f 4946 4942 4943
f 4946 4943 4944
f 4946 4944 4945
f 4946 4945 4941
f 4966 4964 4963
f 4966 4965 4964
f 4962 4971 4970
f 4962 4972 4971
f 4962 4973 4972
f 4962 4963 4973
f 4962 4966 4963
f 4907 4909 4908
f 4906 4967 4910
f 4906 4968 4967
f 4906 4969 4968
f 4906 4970 4969
f 4906 4910 4909
f 4906 4962 4970
f 4906 4909 4907
f 4959 4960 4961
f 4957 4958 4959
f 4957 4959 4961
f 4956 4957 4961
f 4955 4956 4961
f 4954 4955 4961
f 4953 4954 4961
f 4919 4917 4918
f 4921 4917 4919
f 4921 4919 4920
f 4947 4917 4921
f 4948 4917 4947
f 4949 4917 4948
f 4938 4939 4940
f 4936 4937 4938
f 4936 4940 4950
f 4936 4950 4951
f 4936 4951 4952
f 4936 4952 4953
f 4936 4938 4940
f 4936 4953 4961
f 671 4917 4949
f 4930 671 672
f 4930 4917 671
f 4930 672 673
f 4930 673 674
f 4930 674 666
f 4930 4961 4962
f 4930 4906 4917
f 4930 4962 4906
f 4930 4936 4961
f 4928 4930 666
f 4928 666 4927
f 4928 4929 4930
f 4979 4963 4964
f 4979 4964 4965
f 4979 4965 4966
f 4979 4966 4962
f 4979 4974 4963
f 4979 4975 4976
f 4979 4976 4977
f 4979 4977 4978
f 4979 4978 4974
f 4979 4962 4975
f 4985 4958 4957
f 4985 4959 4958
f 4985 4960 4959
f 4985 4961 4960
f 4985 4980 4961
f 4985 4981 4980
f 4985 4982 4981
f 4985 4983 4982
f 4985 4984 4983
f 4985 4957 4984
f 4988 4974 4978
f 4994 4976 4975
f 4993 4986 4987
f 4989 4990 4995
f 4996 4994 4995
f 4996 4977 4976
f 4996 4978 4977
f 4996 4976 4994
f 4996 4988 4978
f 4997 4987 4988
f 4997 4990 4991
f 4997 4991 4992
f 4997 4992 4993
f 4997 4988 4996
f 4997 4996 4995
f 4997 4993 4987
f 4997 4995 4990
f 5005 4971 4972
f 5005 4972 4973
f 5005 4973 4963
f 5005 4963 4974
f 5006 4969 4970
f 5006 4970 4971
f 5006 4971 5005
f 5007 5003 5002
f 5007 5004 5003
f 5007 4974 5004
f 5007 5005 4974
f 5007 5006 5005
f 5008 4910 4967
f 5008 4967 4968
f 5008 4968 4969
f 5008 4915 4910
f 5008 4969 5006
f 5009 5001 5000
f 5009 5002 5001
f 5009 5008 5006
f 5009 5006 5007
f 5009 5007 5002
f 5010 4998 4915
f 5010 4999 4998
f 5010 5000 4999
f 5010 5008 5009
f 5010 5009 5000
f 5010 4915 5008
f 5016 4911 4912
f 5011 4914 4915
f 5017 5014 5015
f 5013 5020 5012
f 5021 4912 4913
f 5021 4913 4914
f 5021 5015 5016
f 5021 5016 4912
f 5021 4914 5011
f 5022 5011 5012
f 5022 5018 5017
f 5022 5019 5018
f 5022 5020 5019
f 5022 5015 5021
f 5022 5021 5011
f 5022 5017 5015
f 5022 5012 5020
f 5025 5014 5023
f 5025 5023 5024
f 5027 5015 5014
f 5027 5014 5025
f 5026 5016 5015
f 5026 4911 5016
f 5026 5015 5027
f 4922 4906 4911
f 4922 4911 5026
f 4917 4906 4922
f 647 645 4925
f 5026 4923 4922
f 5031 635 646
f 5025 5028 5027
f 5032 5026 5027
f 5032 4924 4923
f 5032 4925 4924
f 5032 4923 5026
f 5032 647 4925
f 5033 646 647
f 5033 5028 5029
f 5033 5029 5030
f 5033 5030 5031
f 5033 647 5032
f 5033 5032 5027
f 5033 5031 646
f 5033 5027 5028
f 5034 4921 645
f 5034 4947 4921
f 5034 4948 4947
f 5034 4949 4948
f 5034 671 4949
f 5034 641 671
f 5035 642 641
f 5035 643 642
f 5035 644 643
f 5035 645 644
f 5035 5034 645
f 5035 641 5034
f 5040 4931 4932
f 5036 4934 667
f 5041 5038 5039
f 615 5044 5037
f 5045 4932 4933
f 5045 4933 4934
f 5045 5039 5040
f 5045 5040 4932
f 5045 4934 5036
f 5046 5036 5037
f 5046 5042 5041
f 5046 5043 5042
f 5046 5044 5043
f 5046 5039 5045
f 5046 5045 5036
f 5046 5041 5039
f 5046 5037 5044
f 5049 5038 5047
f 5049 5047 5048
f 5051 5039 5038
f 5051 5038 5049
f 5050 5040 5039
f 5050 4931 5040
f 5050 5039 5051
f 4942 4931 5050
f 4936 4930 4931
f 4936 4931 4942
f 5054 4941 4945
f 5050 4943 4942
f 5058 5052 5053
f 5049 5055 5051
f 5059 5050 5051
f 5059 4944 4943
f 5059 4945 4944
f 5059 4943 5050
f 5059 5054 4945
f 5060 5053 5054
f 5060 5055 5056
f 5060 5056 5057
f 5060 5057 5058
f 5060 5054 5059
f 5060 5059 5051
f 5060 5058 5053
f 5060 5051 5055
f 5068 4950 4940
f 5068 4951 4950
f 5068 4952 4951
f 5068 4940 4941
f 5069 4953 4952
f 5069 4954 4953
f 5069 4952 5068
f 5070 5066 5065
f 5070 5067 5066
f 5070 4941 5067
f 5070 5068 4941
f 5071 4955 4954
f 5071 4956 4955
f 5071 4957 4956
f 5071 4984 4957
f 5071 4954 5069
f 5072 5064 5063
f 5072 5065 5064
f 5072 5070 5065
f 5072 5068 5070
f 5072 5069 5068
f 5073 5061 4984
f 5073 5062 5061
f 5073 5063 5062
f 5073 5069 5072
f 5073 5071 5069
f 5073 5072 5063
f 5073 4984 5071
f 5079 4980 4981
f 5074 4983 4984
f 5080 5077 5078
f 5076 5083 5075
f 5084 4981 4982
f 5084 4982 4983
f 5084 5078 5079
f 5084 5079 4981
f 5084 4983 5074
f 5085 5074 5075
f 5085 5081 5080
f 5085 5082 5081
f 5085 5083 5082
f 5085 5078 5084
f 5085 5084 5074
f 5085 5080 5078
f 5085 5075 5083
f 5086 5087 4989
f 5077 4989 4995
f 5077 5086 4989
f 5078 4995 4994
f 5078 5077 4995
f 5079 5078 4994
f 4980 4994 4975
f 4980 4975 4962
f 4980 5079 4994
f 4961 4980 4962
f 5104 5088 5089
f 5104 5089 5090
f 5104 5090 5091
f 5104 5091 5092
f 5104 5092 5093
f 5104 5093 5094
f 5104 5096 5088
f 5105 5094 5095
f 5105 5103 5102
f 5105 5095 5103
f 5105 5104 5094
f 5106 5097 5096
f 5106 5098 5097
f 5106 5099 5098
f 5106 5100 5099
f 5106 5101 5100
f 5106 5102 5101
f 5106 5096 5104
f 5106 5105 5102
f 5106 5104 5105
f 5093 5109 5094
f 5092 5109 5093
f 5091 5109 5092
f 5090 5109 5091
f 5089 5109 5090
f 5088 5109 5089
f 5088 5107 5108
f 5088 5108 5109
f 5086 5110 5111
f 5086 5111 5087
f 5118 5119 5120
f 5117 5119 5118
f 5116 5119 5117
f 5115 5119 5116
f 5114 5119 5115
f 5113 5119 5114
f 5112 5119 5113
f 5130 5118 5129
f 5130 5122 5121
f 5130 5123 5122
f 5130 5124 5123
f 5130 5125 5124
f 5130 5126 5125
f 5130 5127 5126
f 5130 5128 5127
f 5130 5129 5128
f 5130 5121 5112
f 5130 5112 5113
f 5130 5113 5114
f 5130 5114 5115
f 5130 5115 5116
f 5130 5116 5117
f 5130 5117 5118
f 5141 5096 5097
f 5140 5097 5098
f 5140 5141 5097
f 5139 5098 5099
f 5139 5140 5098
f 5138 5099 5100
f 5138 5139 5099
f 5137 5100 5101
f 5137 5138 5100
f 5136 5101 5102
f 5136 5137 5101
f 5135 5102 5103
f 5135 5136 5102
f 5134 5103 5095
f 5134 5135 5103
f 5133 5095 5131
f 5133 5134 5095
f 5132 5133 5131
f 5150 5151 5152
f 5150 5152 5121
f 5149 5121 5122
f 5149 5150 5121
f 5148 5122 5123
f 5148 5149 5122
f 5147 5123 5124
f 5147 5148 5123
f 5146 5124 5125
f 5146 5147 5124
f 5145 5125 5126
f 5145 5146 5125
f 5144 5126 5127
f 5144 5145 5126
f 5143 5127 5128
f 5143 5144 5127
f 5142 5128 5129
f 5142 5143 5128
f 5179 5164 5163
f 5179 5165 5164
f 5179 5166 5165
f 5180 5163 5162
f 5180 5179 5163
f 5180 5181 5179
f 5182 5162 5161
f 5182 5180 5162
f 5182 5181 5180
f 5183 5158 5157
f 5184 5157 5156
f 5184 5183 5157
f 5185 5154 5152
f 5185 5155 5154
f 5185 5156 5155
f 5185 5184 5156
f 5186 5152 5153
f 5186 5184 5185
f 5186 5185 5152
f 5186 5187 5181
f 5186 5181 5183
f 5186 5183 5184
f 5188 5167 5166
f 5188 5181 5187
f 5188 5166 5179
f 5188 5179 5181
f 5189 5176 5177
f 5189 5177 5178
f 5189 5178 5167
f 5189 5167 5188
f 5190 5174 5175
f 5190 5175 5176
f 5190 5176 5189
f 5190 5189 5188
f 5190 5188 5187
f 5191 5170 5171
f 5191 5171 5172
f 5192 5153 5168
f 5192 5168 5169
f 5192 5169 5170
f 5192 5186 5153
f 5192 5187 5186
f 5192 5170 5191
f 5192 5191 5187
f 5193 5159 5158
f 5193 5160 5159
f 5193 5161 5160
f 5193 5182 5161
f 5193 5181 5182
f 5193 5158 5183
f 5193 5183 5181
f 5194 5172 5173
f 5194 5173 5174
f 5194 5174 5190
f 5194 5191 5172
f 5194 5190 5187
f 5194 5187 5191
f 5207 5204 5203
f 5207 5205 5204
f 5207 5206 5205
f 5208 5202 5201
f 5208 5203 5202
f 5208 5207 5203
f 5208 5209 5207
f 5210 5198 5197
f 5210 5199 5198
f 5211 5195 5121
f 5211 5196 5195
f 5211 5197 5196
f 5211 5209 5210
f 5211 5210 5197
f 5212 5166 5206
f 5212 5161 5162
f 5212 5162 5163
f 5212 5163 5164
f 5212 5164 5165
f 5212 5165 5166
f 5212 5206 5207
f 5212 5207 5209
f 5213 5157 5158
f 5214 5156 5157
f 5214 5213 5209
f 5214 5157 5213
f 5215 5121 5152
f 5215 5152 5154
f 5215 5154 5155
f 5215 5155 5156
f 5215 5214 5209
f 5215 5209 5211
f 5215 5156 5214
f 5215 5211 5121
f 5216 5200 5199
f 5216 5201 5200
f 5216 5208 5201
f 5216 5210 5209
f 5216 5199 5210
f 5216 5209 5208
f 5217 5158 5159
f 5217 5159 5160
f 5217 5160 5161
f 5217 5161 5212
f 5217 5212 5209
f 5217 5209 5213
f 5217 5213 5158
f 5228 5225 5224
f 5228 5226 5225
f 5228 5227 5226
f 5229 5224 5223
f 5229 5228 5224
f 5229 5230 5228
f 5231 5218 5112
f 5231 5219 5218
f 5231 5220 5219
f 5231 5221 5220
f 5232 5206 5227
f 5232 5203 5204
f 5232 5204 5205
f 5232 5205 5206
f 5232 5227 5228
f 5232 5228 5230
f 5233 5201 5202
f 5233 5202 5203
f 5233 5203 5232
f 5233 5232 5230
f 5234 5198 5199
f 5235 5197 5198
f 5235 5234 5230
f 5235 5198 5234
f 5236 5112 5121
f 5236 5121 5195
f 5236 5195 5196
f 5236 5196 5197
f 5236 5235 5230
f 5236 5230 5231
f 5236 5231 5112
f 5236 5197 5235
f 5237 5222 5221
f 5237 5223 5222
f 5237 5230 5229
f 5237 5229 5223
f 5237 5231 5230
f 5237 5221 5231
f 5238 5199 5200
f 5238 5200 5201
f 5238 5201 5233
f 5238 5234 5199
f 5238 5230 5234
f 5238 5233 5230
f 5245 5120 5119
f 5245 5239 5120
f 5245 5240 5239
f 5245 5241 5240
f 5245 5242 5241
f 5245 5243 5242
f 5245 5244 5243
f 5246 5244 5247
f 5248 5244 5246
f 5249 5244 5248
f 5250 5227 5244
f 5250 5244 5249
f 5251 5119 5247
f 5251 5247 5244
f 5251 5245 5119
f 5251 5244 5245
f 5252 5119 5112
f 5252 5247 5119
f 5252 5249 5248
f 5252 5248 5246
f 5252 5246 5247
f 5252 5250 5249
f 5253 5252 5254
f 5255 5250 5252
f 5255 5227 5250
f 5255 5252 5253
f 5256 5252 5112
f 5256 5254 5252
f 5256 5253 5254
f 5256 5255 5253
f 5257 5223 5224
f 5257 5224 5225
f 5257 5225 5226
f 5257 5226 5227
f 5257 5258 5223
f 5257 5227 5255
f 5257 5255 5256
f 5257 5256 5258
f 5259 5112 5218
f 5259 5218 5219
f 5259 5219 5220
f 5259 5220 5221
f 5259 5221 5222
f 5259 5222 5223
f 5259 5256 5112
f 5259 5223 5258
f 5259 5258 5256
f 5265 5111 5120
f 5265 5260 5111
f 5265 5261 5260
f 5265 5262 5261
f 5265 5263 5262
f 5265 5264 5263
f 5265 5243 5264
f 5265 5120 5239
f 5265 5239 5240
f 5265 5240 5241
f 5265 5241 5242
f 5265 5242 5243
f 5271 5266 5087
f 5271 5267 5266
f 5271 5268 5267
f 5271 5269 5268
f 5271 5270 5269
f 5271 5264 5270
f 5271 5111 5260
f 5271 5260 5261
f 5271 5261 5262
f 5271 5262 5263
f 5271 5263 5264
f 5271 5087 5111
f 5272 5270 4986
f 5272 5087 5266
f 5272 5266 5267
f 5272 5267 5268
f 5272 5268 5269
f 5272 5269 5270
f 5272 4989 5087
f 5272 4990 4989
f 5272 4991 4990
f 5272 4992 4991
f 5272 4993 4992
f 5272 4986 4993
f 5004 4974 4988
f 5003 5004 5273
f 5013 4998 5278
f 5012 4998 5013
f 5011 4998 5012
f 4915 4998 5011
f 5279 4986 5273
f 5280 4987 4986
f 5280 4988 4987
f 5280 5004 4988
f 5280 5273 5004
f 5280 5279 5273
f 5280 4986 5279
f 5281 5273 5274
f 5281 5003 5273
f 5282 5281 5274
f 5283 5002 5003
f 5283 5003 5281
f 5283 5281 5282
f 5284 5274 5275
f 5284 5283 5282
f 5284 5282 5274
f 5284 5002 5283
f 5285 5284 5275
f 5286 5001 5002
f 5286 5284 5285
f 5286 5002 5284
f 5287 5275 5276
f 5287 5001 5286
f 5287 5286 5285
f 5287 5285 5275
f 5288 5287 5276
f 5289 5000 5001
f 5289 5001 5287
f 5289 5287 5288
f 5290 5276 5277
f 5290 5000 5289
f 5290 5288 5276
f 5290 5289 5288
f 5291 5290 5277
f 5292 4999 5000
f 5292 5000 5290
f 5292 5290 5291
f 5293 5277 5278
f 5293 4999 5292
f 5293 5291 5277
f 5293 5292 5291
f 5294 5293 5278
f 5294 5278 4998
f 5295 4998 4999
f 5295 5294 4998
f 5295 4999 5293
f 5295 5293 5294
f 5301 5013 5296
f 5301 5014 5017
f 5301 5017 5018
f 5301 5018 5019
f 5301 5019 5020
f 5301 5020 5013
f 5301 5023 5014
f 5301 5297 5023
f 5301 5298 5297
f 5301 5299 5298
f 5301 5300 5299
f 5301 5296 5300
f 5308 5023 5297
f 5308 5297 5298
f 5308 5298 5299
f 5308 5299 5300
f 5308 5300 5296
f 5308 5302 5023
f 5308 5303 5304
f 5308 5304 5305
f 5308 5305 5306
f 5308 5306 5307
f 5308 5307 5302
f 5308 5296 5303
f 5328 5319 5318
f 5327 5328 5318
f 5326 5327 5318
f 5325 5326 5318
f 5324 5325 5318
f 5320 5321 5310
f 5309 5320 5310
f 5329 5321 5322
f 5329 5322 5323
f 5329 5323 5324
f 5329 5324 5318
f 5329 5310 5321
f 5330 5315 5314
f 5330 5316 5315
f 5330 5317 5316
f 5331 5330 5314
f 5331 5317 5330
f 5332 5311 5310
f 5332 5312 5311
f 5332 5313 5312
f 5332 5314 5313
f 5332 5317 5331
f 5332 5331 5314
f 5333 5318 5317
f 5333 5317 5332
f 5333 5310 5329
f 5333 5329 5318
f 5333 5332 5310
f 5347 5334 5336
f 5347 5336 5337
f 5347 5337 5338
f 5348 5338 5339
f 5348 5339 5340
f 5348 5349 5347
f 5348 5347 5338
f 5350 5342 5343
f 5351 5343 5344
f 5351 5349 5350
f 5351 5350 5343
f 5352 5344 5345
f 5352 5345 5346
f 5352 5346 5335
f 5352 5349 5351
f 5352 5351 5344
f 5353 5309 5334
f 5353 5320 5309
f 5353 5321 5320
f 5353 5322 5321
f 5353 5347 5349
f 5353 5334 5347
f 5354 5323 5322
f 5354 5322 5353
f 5354 5353 5349
f 5355 5326 5325
f 5355 5327 5326
f 5355 5328 5327
f 5355 5319 5328
f 5355 5335 5319
f 5355 5352 5335
f 5355 5349 5352
f 5356 5340 5341
f 5356 5341 5342
f 5356 5350 5349
f 5356 5349 5348
f 5356 5342 5350
f 5356 5348 5340
f 5357 5324 5323
f 5357 5325 5324
f 5357 5355 5325
f 5357 5354 5349
f 5357 5323 5354
f 5357 5349 5355
f 5372 5358 5360
f 5372 5360 5361
f 5372 5361 5362
f 5373 5362 5363
f 5373 5374 5372
f 5373 5372 5362
f 5375 5363 5364
f 5375 5373 5363
f 5375 5374 5373
f 5376 5367 5368
f 5377 5368 5369
f 5377 5376 5368
f 5377 5374 5376
f 5378 5369 5370
f 5378 5370 5371
f 5378 5371 5359
f 5378 5377 5369
f 5378 5374 5377
f 5379 5334 5358
f 5379 5336 5334
f 5379 5337 5336
f 5379 5338 5337
f 5379 5372 5374
f 5379 5358 5372
f 5380 5339 5338
f 5380 5379 5374
f 5380 5338 5379
f 5381 5340 5339
f 5381 5339 5380
f 5381 5380 5374
f 5382 5343 5342
f 5382 5344 5343
f 5383 5345 5344
f 5383 5346 5345
f 5383 5335 5346
f 5383 5359 5335
f 5383 5382 5374
f 5383 5378 5359
f 5383 5374 5378
f 5383 5344 5382
f 5384 5364 5365
f 5384 5365 5366
f 5384 5366 5367
f 5384 5375 5364
f 5384 5367 5376
f 5384 5374 5375
f 5384 5376 5374
f 5385 5341 5340
f 5385 5342 5341
f 5385 5381 5374
f 5385 5374 5382
f 5385 5382 5342
f 5385 5340 5381
f 5400 5386 5387
f 5400 5387 5388
f 5400 5388 5389
f 5400 5389 5390
f 5400 5390 5391
f 5400 5391 5319
f 5400 5392 5386
f 5401 5319 5335
f 5401 5399 5398
f 5401 5335 5399
f 5401 5400 5319
f 5402 5393 5392
f 5402 5394 5393
f 5402 5395 5394
f 5402 5396 5395
f 5402 5397 5396
f 5402 5398 5397
f 5402 5401 5398
f 5402 5400 5401
f 5402 5392 5400
f 5391 5318 5319
f 5390 5318 5391
f 5389 5318 5390
f 5388 5318 5389
f 5387 5318 5388
f 5386 5318 5387
f 5386 5316 5317
f 5386 5317 5318
f 5403 5316 5302
f 5403 5311 5312
f 5403 5312 5313
f 5403 5313 5314
f 5403 5314 5315
f 5403 5315 5316
f 5403 5303 5311
f 5403 5304 5303
f 5403 5305 5304
f 5403 5306 5305
f 5403 5307 5306
f 5403 5302 5307
f 5023 5302 5404
f 5023 5404 5024
f 5411 5412 5413
f 5410 5412 5411
f 5409 5412 5410
f 5408 5412 5409
f 5407 5412 5408
f 5406 5412 5407
f 5405 5412 5406
f 5418 655 654
f 5418 656 655
f 5418 657 656
f 5418 658 657
f 5418 654 5405
f 5418 5405 5406
f 5418 5406 5407
f 5418 5407 5408
f 5418 5408 5409
f 5418 5409 5410
f 5418 5410 5411
f 5418 5411 5414
f 5418 5415 658
f 5418 5416 5415
f 5418 5417 5416
f 5418 5414 5417
f 5428 5392 5393
f 5427 5393 5394
f 5427 5428 5393
f 5426 5394 5395
f 5426 5427 5394
f 5425 5395 5396
f 5425 5426 5395
f 5424 5396 5397
f 5424 5425 5396
f 5423 5397 5398
f 5423 5424 5397
f 5422 5398 5399
f 5422 5423 5398
f 5421 5399 5335
f 5421 5422 5399
f 5420 5335 5359
f 5420 5421 5335
f 5419 5420 5359
f 659 658 5415
f 5432 5415 5416
f 5432 659 5415
f 5431 5416 5417
f 5431 5432 5416
f 5430 5417 5414
f 5430 5431 5417
f 5429 5430 5414
f 5459 5443 5442
f 5459 5444 5443
f 5459 5445 5444
f 5459 5446 5445
f 5460 5442 5441
f 5460 5459 5442
f 5461 5438 5437
f 5462 5437 5436
f 5462 5461 5437
f 5463 5434 665
f 5463 5435 5434
f 5463 5436 5435
f 5463 5462 5436
f 5464 5447 5446
f 5464 5459 5460
f 5464 5460 5465
f 5464 5446 5459
f 5464 5465 5466
f 5467 665 5433
f 5467 5465 5461
f 5467 5462 5463
f 5467 5463 665
f 5467 5466 5465
f 5467 5461 5462
f 5468 5456 5457
f 5468 5457 5458
f 5468 5458 5447
f 5468 5447 5464
f 5468 5464 5466
f 5469 5454 5455
f 5469 5455 5456
f 5469 5456 5468
f 5469 5468 5466
f 5470 5450 5451
f 5470 5451 5452
f 5471 5433 5448
f 5471 5448 5449
f 5471 5449 5450
f 5471 5467 5433
f 5471 5466 5467
f 5471 5450 5470
f 5471 5470 5466
f 5472 5439 5438
f 5472 5440 5439
f 5472 5441 5440
f 5472 5465 5460
f 5472 5438 5461
f 5472 5461 5465
f 5472 5460 5441
f 5473 5452 5453
f 5473 5453 5454
f 5473 5454 5469
f 5473 5470 5452
f 5473 5469 5466
f 5473 5466 5470
f 5486 5483 5482
f 5486 5484 5483
f 5486 5485 5484
f 5487 5481 5480
f 5487 5482 5481
f 5487 5486 5482
f 5487 5488 5486
f 5489 5477 5476
f 5489 5478 5477
f 5490 5474 654
f 5490 5475 5474
f 5490 5476 5475
f 5490 5488 5489
f 5490 5489 5476
f 5491 5446 5485
f 5491 5443 5444
f 5491 5444 5445
f 5491 5445 5446
f 5491 5486 5488
f 5491 5485 5486
f 5492 5441 5442
f 5492 5442 5443
f 5492 5491 5488
f 5492 5443 5491
f 5493 5437 5438
f 5494 5436 5437
f 5494 5437 5493
f 5494 5493 5488
f 5495 654 665
f 5495 665 5434
f 5495 5434 5435
f 5495 5435 5436
f 5495 5488 5490
f 5495 5490 654
f 5495 5494 5488
f 5495 5436 5494
f 5496 5479 5478
f 5496 5480 5479
f 5496 5488 5487
f 5496 5489 5488
f 5496 5478 5489
f 5496 5487 5480
f 5497 5438 5439
f 5497 5439 5440
f 5497 5440 5441
f 5497 5493 5438
f 5497 5441 5492
f 5497 5492 5488
f 5497 5488 5493
f 5508 5505 5504
f 5508 5506 5505
f 5508 5507 5506
f 5509 5504 5503
f 5509 5508 5504
f 5509 5510 5508
f 5511 5498 5405
f 5511 5499 5498
f 5511 5500 5499
f 5511 5501 5500
f 5512 5485 5507
f 5512 5482 5483
f 5512 5483 5484
f 5512 5484 5485
f 5512 5508 5510
f 5512 5507 5508
f 5513 5480 5481
f 5513 5481 5482
f 5513 5482 5512
f 5513 5512 5510
f 5514 5477 5478
f 5515 5476 5477
f 5515 5514 5510
f 5515 5477 5514
f 5516 5405 654
f 5516 654 5474
f 5516 5474 5475
f 5516 5475 5476
f 5516 5511 5405
f 5516 5515 5510
f 5516 5510 5511
f 5516 5476 5515
f 5517 5502 5501
f 5517 5503 5502
f 5517 5510 5509
f 5517 5511 5510
f 5517 5509 5503
f 5517 5501 5511
f 5518 5478 5479
f 5518 5479 5480
f 5518 5514 5478
f 5518 5510 5514
f 5518 5480 5513
f 5518 5513 5510
f 5525 5413 5412
f 5525 5519 5413
f 5525 5520 5519
f 5525 5521 5520
f 5525 5522 5521
f 5525 5523 5522
f 5525 5524 5523
f 5526 5507 5524
f 5527 5525 5412
f 5527 5524 5525
f 5528 5530 5529
f 5531 5526 5532
f 5531 5530 5528
f 5531 5532 5530
f 5533 5412 5405
f 5533 5532 5526
f 5533 5405 5529
f 5533 5529 5530
f 5533 5530 5532
f 5534 5528 5529
f 5534 5531 5528
f 5535 5526 5531
f 5535 5507 5526
f 5535 5531 5534
f 5536 5533 5526
f 5536 5526 5524
f 5537 5529 5405
f 5537 5534 5529
f 5538 5535 5534
f 5538 5534 5537
f 5539 5533 5536
f 5539 5527 5412
f 5539 5412 5533
f 5540 5538 5537
f 5541 5504 5505
f 5541 5505 5506
f 5541 5506 5507
f 5541 5540 5504
f 5541 5507 5535
f 5541 5535 5538
f 5541 5538 5540
f 5542 5524 5527
f 5542 5536 5524
f 5542 5539 5536
f 5542 5527 5539
f 5543 5405 5498
f 5543 5498 5499
f 5543 5499 5500
f 5543 5500 5501
f 5543 5537 5405
f 5543 5540 5537
f 5544 5501 5502
f 5544 5502 5503
f 5544 5503 5504
f 5544 5543 5501
f 5544 5504 5540
f 5544 5540 5543
f 5550 5404 5413
f 5550 5545 5404
f 5550 5546 5545
f 5550 5547 5546
f 5550 5548 5547
f 5550 5549 5548
f 5550 5523 5549
f 5550 5413 5519
f 5550 5519 5520
f 5550 5520 5521
f 5550 5521 5522
f 5550 5522 5523
f 5556 5551 5024
f 5556 5552 5551
f 5556 5553 5552
f 5556 5554 5553
f 5556 5555 5554
f 5556 5549 5555
f 5556 5404 5545
f 5556 5545 5546
f 5556 5546 5547
f 5556 5547 5548
f 5556 5548 5549
f 5556 5024 5404
f 5557 5555 635
f 5557 5024 5551
f 5557 5551 5552
f 5557 5552 5553
f 5557 5553 5554
f 5557 5554 5555
f 5557 5025 5024
f 5557 5028 5025
f 5557 5029 5028
f 5557 5030 5029
f 5557 5031 5030
f 5557 635 5031
f 5558 639 627
f 5558 627 628
f 5559 640 639
f 5559 641 640
f 5559 670 641
f 5559 639 5558
f 5560 628 629
f 5560 5558 628
f 5561 669 670
f 5561 5559 5558
f 5561 670 5559
f 5561 5558 5560
f 5562 629 630
f 5562 5560 629
f 5563 668 669
f 5563 5561 5560
f 5563 5560 5562
f 5563 669 5561
f 5563 5562 668
f 5564 630 615
f 5564 615 5037
f 5564 5562 630
f 5564 668 5562
f 5565 5036 667
f 5565 5037 5036
f 5565 667 668
f 5565 5564 5037
f 5565 668 5564
f 5570 615 616
f 5570 5038 5041
f 5570 5041 5042
f 5570 5042 5043
f 5570 5043 5044
f 5570 5044 615
f 5570 5047 5038
f 5570 5566 5047
f 5570 5567 5566
f 5570 5568 5567
f 5570 5569 5568
f 5570 616 5569
f 5576 5047 5566
f 5576 5566 5567
f 5576 5567 5568
f 5576 5568 5569
f 5576 5569 616
f 5576 5571 5047
f 5576 617 5572
f 5576 5572 5573
f 5576 5573 5574
f 5576 5574 5575
f 5576 5575 5571
f 5576 616 617
f 5593 5584 5583
f 5592 5593 5583
f 5591 5592 5583
f 5590 5591 5583
f 5589 5590 5583
f 5585 5586 620
f 619 5585 620
f 5594 5586 5587
f 5594 5587 5588
f 5594 5588 5589
f 5594 5589 5583
f 5594 620 5586
f 5595 5580 5579
f 5595 5581 5580
f 5595 5582 5581
f 5596 618 620
f 5596 5577 618
f 5596 5578 5577
f 5596 5579 5578
f 5596 5595 5579
f 5596 5582 5595
f 5597 5583 5582
f 5597 5596 620
f 5597 620 5594
f 5597 5594 5583
f 5597 5582 5596
f 5610 621 5599
f 5610 5599 5600
f 5610 5600 5601
f 5611 5601 5602
f 5611 5602 5603
f 5611 5612 5610
f 5611 5610 5601
f 5613 5605 5606
f 5614 5606 5607
f 5614 5613 5606
f 5614 5612 5613
f 5615 5607 5608
f 5615 5608 5609
f 5615 5609 5598
f 5615 5614 5607
f 5615 5612 5614
f 5616 619 621
f 5616 5585 619
f 5616 5586 5585
f 5616 5587 5586
f 5616 621 5610
f 5616 5610 5612
f 5617 5588 5587
f 5617 5616 5612
f 5617 5587 5616
f 5618 5591 5590
f 5618 5592 5591
f 5618 5593 5592
f 5618 5584 5593
f 5618 5598 5584
f 5618 5612 5615
f 5618 5615 5598
f 5619 5603 5604
f 5619 5604 5605
f 5619 5612 5611
f 5619 5605 5613
f 5619 5611 5603
f 5619 5613 5612
f 5620 5589 5588
f 5620 5590 5589
f 5620 5618 5590
f 5620 5588 5617
f 5620 5612 5618
f 5620 5617 5612
f 5634 622 5622
f 5634 5622 5623
f 5634 5623 5624
f 5635 5624 5625
f 5635 5636 5634
f 5635 5634 5624
f 5637 5625 5626
f 5637 5635 5625
f 5637 5636 5635
f 5638 5629 5630
f 5639 5630 5631
f 5639 5636 5638
f 5639 5638 5630
f 5640 5631 5632
f 5640 5632 5633
f 5640 5633 5621
f 5640 5639 5631
f 5640 5636 5639
f 5641 621 622
f 5641 5599 621
f 5641 5600 5599
f 5641 5601 5600
f 5641 5634 5636
f 5641 622 5634
f 5642 5602 5601
f 5642 5601 5641
f 5642 5641 5636
f 5643 5603 5602
f 5643 5642 5636
f 5643 5602 5642
f 5644 5606 5605
f 5644 5607 5606
f 5645 5608 5607
f 5645 5609 5608
f 5645 5598 5609
f 5645 5621 5598
f 5645 5636 5640
f 5645 5644 5636
f 5645 5640 5621
f 5645 5607 5644
f 5646 5626 5627
f 5646 5627 5628
f 5646 5628 5629
f 5646 5629 5638
f 5646 5638 5636
f 5646 5636 5637
f 5646 5637 5626
f 5647 5604 5603
f 5647 5605 5604
f 5647 5636 5644
f 5647 5603 5643
f 5647 5644 5605
f 5647 5643 5636
f 5657 5658 5659
f 5656 5659 5660
f 5656 5657 5659
f 5655 5660 5661
f 5655 5656 5660
f 5654 5661 5662
f 5654 5655 5661
f 5653 5662 5663
f 5653 5654 5662
f 5652 5663 5664
f 5652 5653 5663
f 5651 5664 5665
f 5651 5652 5664
f 5650 5665 5598
f 5650 5651 5665
f 5649 5598 5621
f 5649 5650 5598
f 5648 5649 5621
f 5672 5666 5667
f 5672 5667 5668
f 5672 5668 5669
f 5672 5669 5670
f 5672 5670 5671
f 5672 5671 5584
f 5672 5658 5666
f 5673 5584 5598
f 5673 5665 5664
f 5673 5598 5665
f 5673 5672 5584
f 5674 5659 5658
f 5674 5660 5659
f 5674 5661 5660
f 5674 5662 5661
f 5674 5663 5662
f 5674 5664 5663
f 5674 5658 5672
f 5674 5673 5664
f 5674 5672 5673
f 5671 5583 5584
f 5670 5583 5671
f 5669 5583 5670
f 5668 5583 5669
f 5667 5583 5668
f 5666 5583 5667
f 5666 5581 5582
f 5666 5582 5583
f 5675 5581 5571
f 5675 618 5577
f 5675 5577 5578
f 5675 5578 5579
f 5675 5579 5580
f 5675 5580 5581
f 5675 617 618
f 5675 5572 617
f 5675 5573 5572
f 5675 5574 5573
f 5675 5575 5574
f 5675 5571 5575
f 5047 5571 5676
f 5047 5676 5048
f 5683 5684 5685
f 5682 5684 5683
f 5681 5684 5682
f 5680 5684 5681
f 5679 5684 5680
f 5678 5684 5679
f 5677 5684 5678
f 5695 5687 5686
f 5695 5688 5687
f 5695 5689 5688
f 5695 5690 5689
f 5695 5691 5690
f 5695 5692 5691
f 5695 5693 5692
f 5695 5694 5693
f 5695 5686 5677
f 5695 5677 5678
f 5695 5678 5679
f 5695 5679 5680
f 5695 5680 5681
f 5695 5681 5682
f 5695 5682 5683
f 5695 5683 5694
f 5704 5705 5706
f 5704 5706 5686
f 5703 5686 5687
f 5703 5704 5686
f 5702 5687 5688
f 5702 5703 5687
f 5701 5688 5689
f 5701 5702 5688
f 5700 5689 5690
f 5700 5701 5689
f 5699 5690 5691
f 5699 5700 5690
f 5698 5691 5692
f 5698 5699 5691
f 5697 5692 5693
f 5697 5698 5692
f 5696 5693 5694
f 5696 5697 5693
f 5733 5718 5717
f 5733 5719 5718
f 5733 5720 5719
f 5734 5717 5716
f 5734 5733 5717
f 5735 5716 5715
f 5735 5734 5716
f 5736 5712 5711
f 5737 5711 5710
f 5737 5736 5711
f 5738 5708 5706
f 5738 5709 5708
f 5738 5710 5709
f 5738 5737 5710
f 5739 5721 5720
f 5739 5741 5740
f 5739 5720 5733
f 5739 5735 5741
f 5739 5734 5735
f 5739 5733 5734
f 5742 5706 5707
f 5742 5738 5706
f 5742 5740 5741
f 5742 5741 5736
f 5742 5737 5738
f 5742 5736 5737
f 5743 5730 5731
f 5743 5731 5732
f 5743 5732 5721
f 5743 5721 5739
f 5743 5739 5740
f 5744 5728 5729
f 5744 5729 5730
f 5744 5743 5740
f 5744 5730 5743
f 5745 5724 5725
f 5745 5725 5726
f 5746 5707 5722
f 5746 5722 5723
f 5746 5723 5724
f 5746 5724 5745
f 5746 5740 5742
f 5746 5742 5707
f 5746 5745 5740
f 5747 5713 5712
f 5747 5714 5713
f 5747 5715 5714
f 5747 5735 5715
f 5747 5741 5735
f 5747 5736 5741
f 5747 5712 5736
f 5748 5726 5727
f 5748 5727 5728
f 5748 5745 5726
f 5748 5728 5744
f 5748 5744 5740
f 5748 5740 5745
f 5761 5756 5755
f 5761 5757 5756
f 5761 5758 5757
f 5761 5759 5758
f 5761 5760 5759
f 5762 5752 5751
f 5762 5753 5752
f 5763 5749 5686
f 5763 5750 5749
f 5763 5751 5750
f 5763 5764 5762
f 5763 5762 5751
f 5765 5720 5760
f 5765 5717 5718
f 5765 5718 5719
f 5765 5719 5720
f 5765 5761 5764
f 5765 5760 5761
f 5766 5715 5716
f 5766 5716 5717
f 5766 5717 5765
f 5766 5765 5764
f 5767 5711 5712
f 5768 5710 5711
f 5768 5767 5764
f 5768 5711 5767
f 5769 5686 5706
f 5769 5706 5708
f 5769 5708 5709
f 5769 5709 5710
f 5769 5763 5686
f 5769 5710 5768
f 5769 5768 5764
f 5769 5764 5763
f 5770 5754 5753
f 5770 5755 5754
f 5770 5762 5764
f 5770 5761 5755
f 5770 5753 5762
f 5770 5764 5761
f 5771 5712 5713
f 5771 5713 5714
f 5771 5714 5715
f 5771 5764 5767
f 5771 5767 5712
f 5771 5766 5764
f 5771 5715 5766
f 5782 5779 5778
f 5782 5780 5779
f 5782 5781 5780
f 5783 5778 5777
f 5783 5784 5782
f 5783 5782 5778
f 5785 5772 5677
f 5785 5773 5772
f 5785 5774 5773
f 5785 5775 5774
f 5786 5760 5781
f 5786 5757 5758
f 5786 5758 5759
f 5786 5759 5760
f 5786 5781 5782
f 5786 5782 5784
f 5787 5755 5756
f 5787 5756 5757
f 5787 5786 5784
f 5787 5757 5786
f 5788 5752 5753
f 5789 5751 5752
f 5789 5788 5784
f 5789 5752 5788
f 5790 5677 5686
f 5790 5686 5749
f 5790 5749 5750
f 5790 5750 5751
f 5790 5785 5677
f 5790 5751 5789
f 5790 5789 5784
f 5790 5784 5785
f 5791 5776 5775
f 5791 5777 5776
f 5791 5775 5785
f 5791 5783 5777
f 5791 5784 5783
f 5791 5785 5784
f 5792 5753 5754
f 5792 5754 5755
f 5792 5784 5788
f 5792 5755 5787
f 5792 5787 5784
f 5792 5788 5753
f 5799 5685 5684
f 5799 5793 5685
f 5799 5794 5793
f 5799 5795 5794
f 5799 5796 5795
f 5799 5797 5796
f 5799 5798 5797
f 5800 5798 5801
f 5802 5798 5800
f 5803 5798 5802
f 5804 5781 5798
f 5804 5798 5803
f 5805 5684 5801
f 5805 5801 5798
f 5805 5799 5684
f 5805 5798 5799
f 5806 5684 5677
f 5806 5801 5684
f 5807 5803 5802
f 5807 5802 5800
f 5807 5801 5806
f 5807 5800 5801
f 5807 5804 5803
f 5808 5807 5806
f 5809 5807 5808
f 5810 5781 5804
f 5810 5804 5807
f 5810 5807 5809
f 5811 5806 5677
f 5811 5808 5806
f 5812 5809 5808
f 5812 5810 5809
f 5812 5808 5811
f 5813 5812 5811
f 5814 5813 5777
f 5814 5812 5813
f 5815 5777 5778
f 5815 5778 5779
f 5815 5779 5780
f 5815 5780 5781
f 5815 5814 5777
f 5815 5781 5810
f 5815 5810 5812
f 5815 5812 5814
f 5816 5677 5772
f 5816 5772 5773
f 5816 5773 5774
f 5816 5811 5677
f 5816 5813 5811
f 5817 5774 5775
f 5817 5775 5776
f 5817 5776 5777
f 5817 5816 5774
f 5817 5777 5813
f 5817 5813 5816
f 5823 5676 5685
f 5823 5818 5676
f 5823 5819 5818
f 5823 5820 5819
f 5823 5821 5820
f 5823 5822 5821
f 5823 5797 5822
f 5823 5685 5793
f 5823 5793 5794
f 5823 5794 5795
f 5823 5795 5796
f 5823 5796 5797
f 5829 5824 5048
f 5829 5825 5824
f 5829 5826 5825
f 5829 5827 5826
f 5829 5828 5827
f 5829 5822 5828
f 5829 5676 5818
f 5829 5818 5819
f 5829 5819 5820
f 5829 5820 5821
f 5829 5821 5822
f 5829 5048 5676
f 5830 5828 5052
f 5830 5048 5824
f 5830 5824 5825
f 5830 5825 5826
f 5830 5826 5827
f 5830 5827 5828
f 5830 5049 5048
f 5830 5055 5049
f 5830 5056 5055
f 5830 5057 5056
f 5830 5058 5057
f 5830 5052 5058
f 5067 4941 5054
f 5066 5067 5831
f 5076 5061 5836
f 5075 5061 5076
f 5074 5061 5075
f 4984 5061 5074
f 5837 5052 5831
f 5838 5053 5052
f 5838 5054 5053
f 5838 5052 5837
f 5838 5831 5067
f 5838 5837 5831
f 5838 5067 5054
f 5839 5831 5832
f 5839 5066 5831
f 5840 5839 5832
f 5841 5065 5066
f 5841 5839 5840
f 5841 5066 5839
f 5842 5832 5833
f 5842 5841 5840
f 5842 5840 5832
f 5842 5065 5841
f 5843 5842 5833
f 5844 5064 5065
f 5844 5842 5843
f 5844 5065 5842
f 5845 5833 5834
f 5845 5064 5844
f 5845 5843 5833
f 5845 5844 5843
f 5846 5845 5834
f 5847 5063 5064
f 5847 5064 5845
f 5847 5845 5846
f 5848 5834 5835
f 5848 5063 5847
f 5848 5846 5834
f 5848 5847 5846
f 5849 5848 5835
f 5850 5062 5063
f 5850 5063 5848
f 5850 5848 5849
f 5851 5835 5836
f 5851 5062 5850
f 5851 5849 5835
f 5851 5850 5849
f 5852 5851 5836
f 5852 5836 5061
f 5853 5061 5062
f 5853 5852 5061
f 5853 5062 5851
f 5853 5851 5852
f 5859 5076 5854
f 5859 5077 5080
f 5859 5080 5081
f 5859 5081 5082
f 5859 5082 5083
f 5859 5083 5076
f 5859 5086 5077
f 5859 5855 5086
f 5859 5856 5855
f 5859 5857 5856
f 5859 5858 5857
f 5859 5854 5858
f 5865 5086 5855
f 5865 5855 5856
f 5865 5856 5857
f 5865 5857 5858
f 5865 5858 5854
f 5865 5110 5086
f 5865 5860 5861
f 5865 5861 5862
f 5865 5862 5863
f 5865 5863 5864
f 5865 5864 5110
f 5865 5854 5860
f 5871 5107 5110
f 5871 5866 5867
f 5871 5867 5868
f 5871 5868 5869
f 5871 5869 5870
f 5871 5870 5107
f 5871 5860 5866
f 5871 5861 5860
f 5871 5862 5861
f 5871 5863 5862
f 5871 5864 5863
f 5871 5110 5864
f 5882 5094 5109
f 5881 5882 5109
f 5880 5881 5109
f 5879 5880 5109
f 5878 5879 5109
f 5874 5875 5873
f 5872 5874 5873
f 5883 5875 5876
f 5883 5876 5877
f 5883 5877 5878
f 5883 5878 5109
f 5883 5873 5875
f 5884 5870 5869
f 5884 5107 5870
f 5884 5108 5107
f 5885 5884 5869
f 5885 5108 5884
f 5886 5866 5873
f 5886 5867 5866
f 5886 5868 5867
f 5886 5869 5868
f 5886 5108 5885
f 5886 5885 5869
f 5887 5109 5108
f 5887 5108 5886
f 5887 5873 5883
f 5887 5883 5109
f 5887 5886 5873
f 5900 5888 5889
f 5900 5889 5890
f 5900 5890 5891
f 5900 5891 5892
f 5900 5892 5893
f 5901 5895 5896
f 5902 5896 5897
f 5902 5903 5901
f 5902 5901 5896
f 5904 5897 5898
f 5904 5898 5899
f 5904 5899 5095
f 5904 5902 5897
f 5904 5903 5902
f 5905 5872 5888
f 5905 5874 5872
f 5905 5875 5874
f 5905 5876 5875
f 5905 5900 5903
f 5905 5888 5900
f 5906 5877 5876
f 5906 5876 5905
f 5906 5905 5903
f 5907 5880 5879
f 5907 5881 5880
f 5907 5882 5881
f 5907 5094 5882
f 5907 5095 5094
f 5907 5904 5095
f 5907 5903 5904
f 5908 5893 5894
f 5908 5894 5895
f 5908 5901 5903
f 5908 5903 5900
f 5908 5895 5901
f 5908 5900 5893
f 5909 5878 5877
f 5909 5879 5878
f 5909 5903 5907
f 5909 5906 5903
f 5909 5877 5906
f 5909 5907 5879
f 5923 5910 5911
f 5923 5911 5912
f 5923 5912 5913
f 5924 5913 5914
f 5924 5925 5923
f 5924 5923 5913
f 5926 5914 5915
f 5926 5924 5914
f 5926 5925 5924
f 5927 5918 5919
f 5928 5919 5920
f 5928 5927 5919
f 5928 5925 5927
f 5929 5920 5921
f 5929 5921 5922
f 5929 5922 5131
f 5929 5928 5920
f 5929 5925 5928
f 5930 5888 5910
f 5930 5889 5888
f 5930 5890 5889
f 5930 5891 5890
f 5930 5923 5925
f 5930 5910 5923
f 5931 5892 5891
f 5931 5930 5925
f 5931 5891 5930
f 5932 5893 5892
f 5932 5931 5925
f 5932 5892 5931
f 5933 5896 5895
f 5933 5897 5896
f 5934 5898 5897
f 5934 5899 5898
f 5934 5095 5899
f 5934 5131 5095
f 5934 5929 5131
f 5934 5925 5929
f 5934 5897 5933
f 5934 5933 5925
f 5935 5915 5916
f 5935 5916 5917
f 5935 5917 5918
f 5935 5926 5915
f 5935 5918 5927
f 5935 5925 5926
f 5935 5927 5925
f 5936 5894 5893
f 5936 5895 5894
f 5936 5933 5895
f 5936 5932 5925
f 5936 5893 5932
f 5936 5925 5933
f 5131 5937 5132
f 5946 5133 5132
f 5946 5132 5947
f 5945 5134 5133
f 5945 5133 5946
f 5944 5135 5134
f 5944 5134 5945
f 5943 5136 5135
f 5943 5135 5944
f 5138 5137 5942
f 5941 5138 5942
f 5139 5138 5941
f 5940 5139 5941
f 5140 5139 5940
f 5939 5140 5940
f 5141 5140 5939
f 5938 5141 5939
f 5948 5137 5136
f 5949 5943 5942
f 5949 5948 5136
f 5949 5137 5948
f 5949 5136 5943
f 5949 5942 5137
f 5952 5953 5954
f 5964 5950 5951
f 5939 5963 5938
f 5940 5962 5963
f 5940 5963 5939
f 5941 5962 5940
f 5971 5970 5945
f 5946 5971 5945
f 5947 5971 5946
f 5972 5951 5952
f 5972 5954 5955
f 5972 5955 5956
f 5972 5956 5957
f 5972 5965 5964
f 5972 5952 5954
f 5972 5964 5951
f 5973 5957 5958
f 5973 5958 5959
f 5973 5959 5960
f 5973 5966 5965
f 5973 5967 5966
f 5973 5968 5967
f 5973 5972 5957
f 5973 5965 5972
f 5974 5960 5961
f 5974 5961 5962
f 5974 5941 5942
f 5974 5942 5943
f 5974 5973 5960
f 5974 5968 5973
f 5974 5962 5941
f 5975 5943 5944
f 5975 5944 5945
f 5975 5969 5968
f 5975 5970 5969
f 5975 5974 5943
f 5975 5968 5974
f 5975 5945 5970
f 5141 5938 5976
f 5141 5976 5142
f 5129 5141 5142
f 5096 5129 5118
f 5096 5141 5129
f 5088 5118 5120
f 5088 5096 5118
f 5107 5088 5120
f 5110 5120 5111
f 5110 5107 5120
f 5989 5987 5988
f 5990 5987 5989
f 5996 6007 5995
f 5976 6007 5996
f 6008 1580 1580
f 6008 1580 5977
f 6008 5977 5978
f 6008 5997 1580
f 6008 5998 5997
f 6009 5978 5979
f 6009 5979 5980
f 6009 5999 5998
f 6009 6000 5999
f 6009 6008 5978
f 6009 5998 6008
f 6010 6009 5980
f 6010 5980 5981
f 6010 6001 6000
f 6010 6000 6009
f 6011 5981 5982
f 6011 6002 6001
f 6011 6001 6010
f 6011 6010 5981
f 6012 5982 5983
f 6012 6003 6002
f 6012 6002 6011
f 6012 6011 5982
f 6013 5983 5984
f 6013 6004 6003
f 6013 6003 6012
f 6013 6012 5983
f 6014 5984 5985
f 6014 6005 6004
f 6014 6013 5984
f 6014 6004 6013
f 6015 6014 5985
f 6015 6005 6014
f 6016 5985 5986
f 6016 6006 6005
f 6016 6005 6015
f 6016 6015 5985
f 6017 5995 6007
f 6017 5986 5987
f 6017 5990 5991
f 6017 5991 5992
f 6017 5992 5993
f 6017 5993 5994
f 6017 5994 5995
f 6017 6007 6006
f 6017 6006 6016
f 6017 5987 5990
f 6017 6016 5986
f 5989 5988 5151
f 5150 5989 5151
f 5990 5989 5150
f 5149 5990 5150
f 5991 5990 5149
f 5148 5991 5149
f 5992 5991 5148
f 5147 5992 5148
f 5145 5994 5993
f 5145 5993 5146
f 5144 5995 5994
f 5144 5994 5145
f 5143 5996 5995
f 5143 5995 5144
f 5142 5976 5996
f 5142 5996 5143
f 6018 5993 5992
f 6018 5992 5147
f 6018 5146 5993
f 6019 5147 5146
f 6019 5146 6018
f 6019 6018 5147
f 5153 5151 6020
f 5152 5151 5153
f 6023 6032 6022
f 5168 5153 6020
f 5169 5168 6020
f 6033 6024 6025
f 6033 6025 6026
f 6034 6023 6024
f 6034 6031 6032
f 6034 6032 6023
f 6034 6024 6033
f 6035 5170 5169
f 6035 6020 6031
f 6035 6031 6034
f 6035 6034 6033
f 6035 5169 6020
f 6036 6026 6027
f 6036 6027 6028
f 6036 6028 6029
f 6036 6029 6030
f 6036 6030 6021
f 6036 6033 6026
f 6037 5174 5173
f 6037 5175 5174
f 6037 5176 5175
f 6037 5177 5176
f 6037 5178 5177
f 6037 5167 5178
f 6037 6021 5167
f 6037 6033 6036
f 6037 6036 6021
f 6038 5171 5170
f 6038 5172 5171
f 6038 5173 5172
f 6038 5170 6035
f 6038 6035 6033
f 6038 6033 6037
f 6038 6037 5173
f 6023 6022 6040
f 6024 6023 6040
f 6025 6024 6040
f 6026 6040 6041
f 6026 6025 6040
f 6027 6026 6041
f 6047 6041 6042
f 6047 6042 6043
f 6047 6043 6044
f 6047 6028 6027
f 6047 6029 6028
f 6047 6027 6041
f 6048 6039 6021
f 6048 6044 6045
f 6048 6045 6046
f 6048 6046 6039
f 6048 6030 6029
f 6048 6021 6030
f 6048 6047 6044
f 6048 6029 6047
f 5273 5264 5243
f 5273 5270 5264
f 5273 4986 5270
f 5274 5273 5243
f 5244 5274 5243
f 5296 5013 5278
f 5303 5296 5278
f 5311 5278 5277
f 5311 5303 5278
f 5310 5311 5277
f 6050 5167 6021
f 6050 6021 6039
f 6057 5244 5227
f 6057 5275 5274
f 6057 5274 5244
f 6058 5276 5275
f 6058 5275 6057
f 6059 5277 5276
f 6059 5309 5310
f 6059 5276 6058
f 6059 5310 5277
f 6060 5206 5166
f 6060 5227 5206
f 6060 6057 5227
f 6061 6057 6060
f 6061 6058 6057
f 6061 6059 6058
f 6062 5334 5309
f 6062 5358 5334
f 6062 6059 6061
f 6062 5309 6059
f 6063 6060 5166
f 6064 6061 6060
f 6064 6060 6063
f 6065 6061 6064
f 6065 6062 6061
f 6065 5358 6062
f 6066 5166 5167
f 6066 6050 6051
f 6066 6051 6052
f 6066 6063 5166
f 6066 5167 6050
f 6067 6052 6053
f 6067 6053 6054
f 6067 6064 6063
f 6067 6063 6066
f 6067 6066 6052
f 6068 6049 5358
f 6068 6054 6055
f 6068 6055 6056
f 6068 6056 6049
f 6068 6067 6054
f 6068 6064 6067
f 6068 6065 6064
f 6068 5358 6065
f 6079 5370 5369
f 6079 5371 5370
f 6079 5359 5371
f 6080 5369 5368
f 6080 6079 5369
f 6080 6081 6079
f 6082 5368 5367
f 6082 6081 6080
f 6082 6080 5368
f 6083 5364 5363
f 6084 5363 5362
f 6084 6083 5363
f 6084 6081 6083
f 6085 5360 5358
f 6085 5361 5360
f 6085 5362 5361
f 6085 6081 6084
f 6085 6084 5362
f 6086 6069 5359
f 6086 5359 6079
f 6086 6079 6081
f 6087 5358 6049
f 6087 6085 5358
f 6087 6081 6085
f 6088 6086 6089
f 6088 6069 6086
f 6088 6089 6087
f 6090 6087 6049
f 6091 6076 6077
f 6092 6075 6076
f 6092 6076 6091
f 6093 6074 6075
f 6093 6075 6092
f 6094 6073 6074
f 6094 6074 6093
f 6095 6072 6073
f 6095 6073 6094
f 6096 6071 6072
f 6096 6072 6095
f 6097 6070 6071
f 6097 6071 6096
f 6098 5365 5364
f 6098 5366 5365
f 6098 5367 5366
f 6098 5364 6083
f 6098 6083 6081
f 6098 6082 5367
f 6098 6081 6082
f 6099 6086 6081
f 6099 6081 6087
f 6099 6089 6086
f 6099 6087 6089
f 6100 6088 6087
f 6100 6087 6090
f 6101 6077 6078
f 6102 6077 6101
f 6102 6091 6077
f 6103 6092 6091
f 6103 6093 6092
f 6103 6094 6093
f 6104 6094 6103
f 6104 6103 6049
f 6104 6095 6094
f 6105 6096 6095
f 6105 6097 6096
f 6105 6049 6070
f 6105 6104 6049
f 6105 6070 6097
f 6105 6095 6104
f 6106 6088 6100
f 6106 6100 6090
f 6106 6107 6088
f 6108 6069 6088
f 6108 6088 6107
f 6109 6106 6090
f 6109 6107 6106
f 6109 6049 6103
f 6109 6090 6049
f 6109 6110 6107
f 6111 6108 6107
f 6111 6107 6110
f 6112 6069 6108
f 6112 6108 6111
f 6113 6091 6102
f 6113 6102 6101
f 6113 6109 6103
f 6113 6103 6091
f 6114 6110 6109
f 6114 6111 6110
f 6114 6112 6111
f 6114 6115 6112
f 6116 6114 6109
f 6116 6109 6113
f 6116 6113 6115
f 6116 6115 6114
f 6117 6101 6078
f 6117 6078 6069
f 6117 6113 6101
f 6117 6069 6112
f 6117 6112 6115
f 6117 6115 6113
f 5359 6069 5419
f 6127 5420 5419
f 6127 5419 6118
f 6126 5421 5420
f 6126 5420 6127
f 6125 5422 5421
f 6125 5421 6126
f 6124 5423 5422
f 6124 5422 6125
f 5425 5424 6123
f 6122 5425 6123
f 5426 5425 6122
f 6121 5426 6122
f 5427 5426 6121
f 6120 5427 6121
f 5428 5427 6120
f 6119 5428 6120
f 6128 5424 5423
f 6129 6124 6123
f 6129 5423 6124
f 6129 5424 6128
f 6129 6128 5423
f 6129 6123 5424
f 6119 6130 5429
f 5428 6119 5429
f 5414 5428 5429
f 5392 5414 5411
f 5392 5428 5414
f 5386 5411 5413
f 5386 5392 5411
f 5316 5386 5413
f 5302 5413 5404
f 5302 5316 5413
f 6133 6144 6143
f 6133 6134 6144
f 6152 6131 6132
f 6120 6135 6119
f 6121 6135 6120
f 6127 6145 6126
f 6118 6145 6127
f 6153 6132 6133
f 6153 6142 6141
f 6153 6143 6142
f 6153 6150 6151
f 6153 6151 6152
f 6153 6133 6143
f 6153 6152 6132
f 6154 6139 6138
f 6154 6140 6139
f 6154 6141 6140
f 6154 6148 6149
f 6154 6149 6150
f 6154 6153 6141
f 6154 6150 6153
f 6155 6138 6137
f 6155 6123 6124
f 6155 6147 6148
f 6155 6154 6138
f 6155 6148 6154
f 6156 6136 6135
f 6156 6137 6136
f 6156 6121 6122
f 6156 6122 6123
f 6156 6123 6155
f 6156 6135 6121
f 6156 6155 6137
f 6157 6124 6125
f 6157 6125 6126
f 6157 6145 6146
f 6157 6146 6147
f 6157 6147 6155
f 6157 6155 6124
f 6157 6126 6145
f 663 6165 6166
f 663 6166 664
f 662 6164 6165
f 662 6165 663
f 661 6163 6164
f 661 6164 662
f 660 6162 6163
f 660 6163 661
f 5432 6160 6161
f 5432 6161 659
f 5431 6159 6160
f 5431 6160 5432
f 5430 6158 6159
f 5430 6159 5431
f 5429 6130 6158
f 5429 6158 5430
f 6167 6161 6162
f 6167 659 6161
f 6168 660 659
f 6168 659 6167
f 6168 6167 6162
f 6168 6162 660
f 5433 664 6169
f 665 664 5433
f 6165 6181 6166
f 6164 6181 6165
f 6158 6170 6159
f 6130 6170 6158
f 6192 6179 6180
f 6192 6180 1509
f 6192 1509 1509
f 6192 6191 6190
f 6192 1509 6191
f 6193 6177 6178
f 6193 6178 6179
f 6193 6189 6188
f 6193 6190 6189
f 6193 6192 6190
f 6193 6179 6192
f 6194 6176 6177
f 6194 6188 6187
f 6194 6193 6188
f 6194 6177 6193
f 6195 6175 6176
f 6195 6187 6186
f 6195 6176 6194
f 6195 6194 6187
f 6196 6174 6175
f 6196 6186 6185
f 6196 6175 6195
f 6196 6195 6186
f 6197 6196 6185
f 6197 6173 6174
f 6197 6185 6184
f 6197 6174 6196
f 6198 6172 6173
f 6198 6184 6183
f 6198 6197 6184
f 6198 6173 6197
f 6199 6172 6198
f 6199 6198 6183
f 6200 6171 6172
f 6200 6183 6182
f 6200 6199 6183
f 6200 6172 6199
f 6201 6159 6170
f 6201 6160 6159
f 6201 6161 6160
f 6201 6162 6161
f 6201 6163 6162
f 6201 6164 6163
f 6201 6170 6171
f 6201 6182 6181
f 6201 6200 6182
f 6201 6171 6200
f 6201 6181 6164
f 6204 6213 6203
f 5448 5433 6169
f 5449 5448 6169
f 6214 6205 6206
f 6214 6206 6207
f 6215 6204 6205
f 6215 6212 6213
f 6215 6213 6204
f 6215 6205 6214
f 6216 5450 5449
f 6216 6169 6212
f 6216 6212 6215
f 6216 6215 6214
f 6216 5449 6169
f 6217 6207 6208
f 6217 6208 6209
f 6217 6209 6210
f 6217 6210 6211
f 6217 6211 6202
f 6217 6214 6207
f 6218 5454 5453
f 6218 5455 5454
f 6218 5456 5455
f 6218 5457 5456
f 6218 5458 5457
f 6218 5447 5458
f 6218 6202 5447
f 6218 6214 6217
f 6218 6217 6202
f 6219 5451 5450
f 6219 5452 5451
f 6219 5453 5452
f 6219 5450 6216
f 6219 6216 6214
f 6219 6214 6218
f 6219 6218 5453
f 6204 6203 6220
f 6205 6204 6220
f 6206 6205 6220
f 6207 6220 6221
f 6207 6206 6220
f 6208 6207 6221
f 6227 6221 6222
f 6227 6222 6223
f 6227 6223 6224
f 6227 6209 6208
f 6227 6210 6209
f 6227 6208 6221
f 6228 575 6202
f 6228 6224 6225
f 6228 6225 6226
f 6228 6226 575
f 6228 6211 6210
f 6228 6202 6211
f 6228 6210 6227
f 6228 6227 6224
f 636 5549 5523
f 636 5555 5549
f 636 635 5555
f 637 636 5523
f 5524 637 5523
f 576 6202 575
f 576 5447 6202
f 6229 5524 5507
f 6229 638 637
f 6229 627 638
f 6229 637 5524
f 6230 5485 5446
f 6230 5507 5485
f 6230 574 627
f 6230 627 6229
f 6230 6229 5507
f 6231 6230 5446
f 6231 574 6230
f 6232 576 577
f 6232 577 578
f 6232 578 574
f 6232 5446 5447
f 6232 574 6231
f 6232 6231 5446
f 6232 5447 576
f 6243 5631 5630
f 6243 5632 5631
f 6243 5633 5632
f 6243 5621 5633
f 6244 5630 5629
f 6244 6245 6243
f 6244 6243 5630
f 6246 5626 5625
f 6247 5625 5624
f 6247 6246 5625
f 6247 6245 6246
f 6248 5622 622
f 6248 5623 5622
f 6248 5624 5623
f 6248 6247 5624
f 6248 6245 6247
f 6249 6233 5621
f 6249 6243 6245
f 6249 5621 6243
f 6250 622 623
f 6250 6245 6248
f 6250 6248 622
f 6251 6233 6249
f 6252 6250 623
f 6253 6240 6241
f 6254 6239 6240
f 6254 6240 6253
f 6255 6238 6239
f 6255 6239 6254
f 6256 6237 6238
f 6256 6238 6255
f 6257 6236 6237
f 6257 6237 6256
f 6258 6235 6236
f 6258 6236 6257
f 6259 6234 6235
f 6259 6235 6258
f 6260 5627 5626
f 6260 5628 5627
f 6260 5629 5628
f 6260 6245 6244
f 6260 5626 6246
f 6260 6246 6245
f 6260 6244 5629
f 6261 6250 6262
f 6261 6249 6245
f 6261 6245 6250
f 6261 6262 6249
f 6263 6262 6250
f 6263 6251 6249
f 6263 6249 6262
f 6263 6250 6252
f 6264 6251 6263
f 6264 6263 6252
f 6265 6241 6242
f 6265 6253 6241
f 6266 6255 6254
f 6266 6256 6255
f 6267 6256 6266
f 6267 6266 623
f 6267 6257 6256
f 6268 6259 6258
f 6268 623 6234
f 6268 6267 623
f 6268 6257 6267
f 6268 6234 6259
f 6268 6258 6257
f 6269 6233 6251
f 6270 6251 6264
f 6270 6264 6252
f 6270 6269 6251
f 6271 6270 6252
f 6272 6270 6271
f 6272 6271 6273
f 6272 6269 6270
f 6274 6271 6252
f 6274 6252 623
f 6274 623 6266
f 6274 6266 6254
f 6275 6272 6273
f 6275 6269 6272
f 6275 6233 6269
f 6275 6276 6233
f 6277 6273 6271
f 6277 6275 6273
f 6277 6278 6276
f 6277 6279 6278
f 6277 6276 6275
f 6280 6242 6233
f 6280 6276 6278
f 6280 6278 6279
f 6280 6233 6276
f 6281 6277 6271
f 6281 6279 6277
f 6281 6271 6274
f 6282 6253 6265
f 6282 6281 6274
f 6282 6274 6254
f 6282 6254 6253
f 6283 6280 6279
f 6283 6279 6281
f 6284 6242 6280
f 6284 6280 6283
f 6284 6281 6282
f 6284 6283 6281
f 6285 6282 6265
f 6285 6242 6284
f 6285 6265 6242
f 6285 6284 6282
f 5621 6233 5648
f 6295 5649 5648
f 6295 5648 6286
f 6294 5650 5649
f 6294 5649 6295
f 6293 5651 5650
f 6293 5650 6294
f 6292 5652 5651
f 6292 5651 6293
f 5654 5653 6291
f 6290 5654 6291
f 5655 5654 6290
f 6289 5655 6290
f 5656 5655 6289
f 6288 5656 6289
f 5657 5656 6288
f 6287 5657 6288
f 6296 5653 5652
f 6297 6292 6291
f 6297 5652 6292
f 6297 5653 6296
f 6297 6291 5653
f 6297 6296 5652
f 5657 6287 6298
f 5657 6298 5696
f 5694 5657 5696
f 5658 5694 5683
f 5658 5657 5694
f 5666 5683 5685
f 5666 5658 5683
f 5581 5666 5685
f 5571 5685 5676
f 5571 5581 5685
f 6301 6312 6311
f 6301 6302 6312
f 6320 6299 6300
f 6288 6303 6287
f 6289 6303 6288
f 6295 6313 6294
f 6286 6313 6295
f 6321 6300 6301
f 6321 6310 6309
f 6321 6311 6310
f 6321 6318 6319
f 6321 6319 6320
f 6321 6301 6311
f 6321 6320 6300
f 6322 6307 6306
f 6322 6308 6307
f 6322 6309 6308
f 6322 6316 6317
f 6322 6317 6318
f 6322 6321 6309
f 6322 6318 6321
f 6323 6306 6305
f 6323 6291 6292
f 6323 6315 6316
f 6323 6322 6306
f 6323 6316 6322
f 6324 6304 6303
f 6324 6305 6304
f 6324 6289 6290
f 6324 6290 6291
f 6324 6291 6323
f 6324 6303 6289
f 6324 6323 6305
f 6325 6292 6293
f 6325 6293 6294
f 6325 6313 6314
f 6325 6314 6315
f 6325 6315 6323
f 6325 6323 6292
f 6325 6294 6313
f 6333 6334 5705
f 5704 6333 5705
f 6332 6333 5704
f 5703 6332 5704
f 6331 6332 5703
f 5702 6331 5703
f 6330 6331 5702
f 5701 6330 5702
f 5699 6328 6329
f 5699 6329 5700
f 5698 6327 6328
f 5698 6328 5699
f 5697 6326 6327
f 5697 6327 5698
f 5696 6298 6326
f 5696 6326 5697
f 6335 6329 6330
f 6335 6330 5701
f 6335 5700 6329
f 6336 5701 5700
f 6336 5700 6335
f 6336 6335 5701
f 5707 5705 6337
f 5706 5705 5707
f 6333 6359 6334
f 6332 6359 6333
f 6326 6338 6327
f 6298 6338 6326
f 6360 6347 6348
f 6360 6348 1644
f 6360 1644 1644
f 6360 1644 6349
f 6360 6349 6350
f 6361 6345 6346
f 6361 6346 6347
f 6361 6350 6351
f 6361 6351 6352
f 6361 6347 6360
f 6361 6360 6350
f 6362 6344 6345
f 6362 6352 6353
f 6362 6361 6352
f 6362 6345 6361
f 6363 6343 6344
f 6363 6353 6354
f 6363 6344 6362
f 6363 6362 6353
f 6364 6342 6343
f 6364 6354 6355
f 6364 6363 6354
f 6364 6343 6363
f 6365 6341 6342
f 6365 6355 6356
f 6365 6342 6364
f 6365 6364 6355
f 6366 6340 6341
f 6366 6356 6357
f 6366 6341 6365
f 6366 6365 6356
f 6367 6340 6366
f 6367 6366 6357
f 6368 6339 6340
f 6368 6357 6358
f 6368 6340 6367
f 6368 6367 6357
f 6369 6327 6338
f 6369 6338 6339
f 6369 6358 6359
f 6369 6328 6327
f 6369 6329 6328
f 6369 6330 6329
f 6369 6331 6330
f 6369 6332 6331
f 6369 6368 6358
f 6369 6339 6368
f 6369 6359 6332
f 6372 6381 6371
f 5722 5707 6337
f 5723 5722 6337
f 6382 6373 6374
f 6382 6374 6375
f 6383 6372 6373
f 6383 6380 6381
f 6383 6381 6372
f 6383 6373 6382
f 6384 5724 5723
f 6384 6337 6380
f 6384 6380 6383
f 6384 6383 6382
f 6384 5723 6337
f 6385 6375 6376
f 6385 6376 6377
f 6385 6377 6378
f 6385 6378 6379
f 6385 6379 6370
f 6385 6382 6375
f 6386 5728 5727
f 6386 5729 5728
f 6386 5730 5729
f 6386 5731 5730
f 6386 5732 5731
f 6386 5721 5732
f 6386 6370 5721
f 6386 6382 6385
f 6386 6385 6370
f 6387 5725 5724
f 6387 5726 5725
f 6387 5727 5726
f 6387 5724 6384
f 6387 6384 6382
f 6387 6382 6386
f 6387 6386 5727
f 6372 6371 6389
f 6373 6372 6389
f 6374 6373 6389
f 6375 6389 6390
f 6375 6374 6389
f 6376 6375 6390
f 6396 6390 6391
f 6396 6391 6392
f 6396 6392 6393
f 6396 6377 6376
f 6396 6378 6377
f 6396 6376 6390
f 6397 6388 6370
f 6397 6393 6394
f 6397 6394 6395
f 6397 6395 6388
f 6397 6379 6378
f 6397 6370 6379
f 6397 6378 6396
f 6397 6396 6393
f 5831 5822 5797
f 5831 5828 5822
f 5831 5052 5828
f 5832 5831 5797
f 5798 5832 5797
f 5854 5076 5836
f 5860 5854 5836
f 5866 5836 5835
f 5866 5860 5836
f 5873 5866 5835
f 6399 5721 6370
f 6399 6370 6388
f 6406 5798 5781
f 6406 5833 5832
f 6406 5832 5798
f 6407 5834 5833
f 6407 5833 6406
f 6408 5835 5834
f 6408 5872 5873
f 6408 5834 6407
f 6408 5873 5835
f 6409 5760 5720
f 6409 5781 5760
f 6409 6407 6406
f 6409 6406 5781
f 6410 6407 6409
f 6411 5888 5872
f 6411 5910 5888
f 6411 6407 6410
f 6411 5872 6408
f 6411 6408 6407
f 6412 6409 5720
f 6413 6410 6409
f 6413 6409 6412
f 6414 6410 6413
f 6414 6411 6410
f 6414 5910 6411
f 6415 5720 5721
f 6415 6399 6400
f 6415 6400 6401
f 6415 6412 5720
f 6415 5721 6399
f 6416 6401 6402
f 6416 6402 6403
f 6416 6412 6415
f 6416 6415 6401
f 6416 6414 6413
f 6416 6413 6412
f 6417 6398 5910
f 6417 6403 6404
f 6417 6404 6405
f 6417 6405 6398
f 6417 6414 6416
f 6417 6416 6403
f 6417 5910 6414
f 6427 5921 5920
f 6427 5922 5921
f 6427 5131 5922
f 6428 5920 5919
f 6428 6429 6427
f 6428 6427 5920
f 6430 5919 5918
f 6430 6429 6428
f 6430 6428 5919
f 6431 5915 5914
f 6432 5914 5913
f 6432 6431 5914
f 6432 6429 6431
f 6433 5911 5910
f 6433 5912 5911
f 6433 5913 5912
f 6433 6429 6432
f 6433 6432 5913
f 6434 5937 5131
f 6434 5131 6427
f 6434 6427 6429
f 6435 5910 6398
f 6435 6433 5910
f 6435 6429 6433
f 6436 6434 6437
f 6436 6437 6435
f 6436 5937 6434
f 6438 6435 6398
f 6439 6424 6425
f 6440 6423 6424
f 6440 6424 6439
f 6441 6422 6423
f 6441 6423 6440
f 6442 6421 6422
f 6442 6422 6441
f 6443 6420 6421
f 6443 6421 6442
f 6444 6419 6420
f 6444 6420 6443
f 6445 6418 6419
f 6445 6419 6444
f 6446 5916 5915
f 6446 5917 5916
f 6446 5918 5917
f 6446 5915 6431
f 6446 6431 6429
f 6446 6429 6430
f 6446 6430 5918
f 6447 6437 6434
f 6447 6435 6437
f 6447 6429 6435
f 6447 6434 6429
f 6448 6436 6435
f 6448 6435 6438
f 6449 6425 6426
f 6450 6425 6449
f 6450 6439 6425
f 6451 6440 6439
f 6451 6441 6440
f 6451 6442 6441
f 6452 6442 6451
f 6452 6451 6398
f 6452 6443 6442
f 6453 6444 6443
f 6453 6445 6444
f 6453 6398 6418
f 6453 6452 6398
f 6453 6418 6445
f 6453 6443 6452
f 6454 6436 6448
f 6454 6455 6436
f 6454 6448 6438
f 6456 6436 6455
f 6456 5937 6436
f 6457 6458 6455
f 6457 6455 6454
f 6457 6454 6438
f 6457 6398 6451
f 6457 6438 6398
f 6459 6456 6455
f 6459 6455 6458
f 6460 5937 6456
f 6460 6456 6459
f 6461 6439 6450
f 6461 6450 6449
f 6461 6457 6451
f 6461 6451 6439
f 6462 6458 6457
f 6462 6459 6458
f 6462 6463 6460
f 6462 6460 6459
f 6464 6461 6463
f 6464 6462 6457
f 6464 6463 6462
f 6464 6457 6461
f 6465 5937 6460
f 6465 6463 6461
f 6465 6449 6426
f 6465 6426 5937
f 6465 6460 6463
f 6465 6461 6449
f 5964 6480 5950
f 6479 6480 5964
f 5965 6479 5964
f 6478 6479 5965
f 6477 6478 5965
f 6476 6477 5965
f 5966 6476 5965
f 6475 6476 5966
f 6474 6475 5966
f 6473 6474 5966
f 6472 5966 5967
f 6472 6473 5966
f 6471 6472 5967
f 6470 6471 5967
f 6469 6470 5967
f 6468 6469 5967
f 5968 6467 6468
f 5968 6468 5967
f 6481 6466 6467
f 6481 5968 5969
f 6481 6467 5968
f 6482 5969 5970
f 6482 6481 5969
f 6483 5970 5971
f 6483 6482 5970
f 6484 5971 5947
f 6484 6483 5971
f 5937 5947 5132
f 5937 6484 5947
f 6494 1581 1580
f 6493 6494 1580
f 6492 1580 5997
f 6492 6493 1580
f 6491 6492 5997
f 6490 6491 5997
f 6489 6490 5997
f 6488 5997 5998
f 6488 6489 5997
f 6487 6488 5998
f 6486 6487 5998
f 5954 5953 6485
f 5954 6485 6486
f 5954 5998 5999
f 5954 6486 5998
f 5955 5999 6000
f 5955 5954 5999
f 5956 6000 6001
f 5956 5955 6000
f 5957 6001 6002
f 5957 5956 6001
f 5958 6002 6003
f 5958 5957 6002
f 5959 6003 6004
f 5959 5958 6003
f 5960 6004 6005
f 5960 5959 6004
f 5961 6005 6006
f 5961 5960 6005
f 5962 5961 6006
f 5962 6006 6007
f 5963 5962 6007
f 5963 6007 5976
f 5938 5963 5976
f 1580 1579 6495
f 5977 6495 6496
f 5977 6496 482
f 5977 482 483
f 5977 1580 6495
f 5978 483 484
f 5978 5977 483
f 5979 484 485
f 5979 485 486
f 5979 486 487
f 5979 5978 484
f 6497 491 492
f 6497 492 493
f 6497 493 476
f 5980 487 488
f 5980 488 489
f 5980 489 490
f 5980 5979 487
f 5981 490 491
f 5981 5980 490
f 5981 491 6497
f 5982 6497 6498
f 5982 5981 6497
f 5983 6498 6499
f 5983 5982 6498
f 5984 6499 6500
f 5984 5983 6499
f 5985 6500 6501
f 5985 5984 6500
f 5986 5985 6501
f 5986 6501 6502
f 5987 5986 6502
f 5987 6502 6503
f 5988 5987 6503
f 5988 6503 6020
f 5151 5988 6020
f 6497 476 477
f 6497 477 478
f 6504 478 479
f 6504 479 480
f 6504 480 481
f 6504 481 475
f 6505 6498 6497
f 6505 6497 478
f 6505 478 6504
f 6506 6499 6498
f 6506 6498 6505
f 6508 6501 6500
f 6509 6502 6501
f 6509 6501 6508
f 6510 6503 6502
f 6510 6502 6509
f 6031 6020 6503
f 6031 6503 6510
f 6032 6031 6510
f 6022 6032 6510
f 6511 6506 6507
f 6511 6507 6508
f 6511 6500 6499
f 6511 6499 6506
f 6511 6508 6500
f 6520 6039 6046
f 6510 6040 6022
f 1548 1547 6512
f 1549 1548 6512
f 1550 1549 6512
f 474 6504 475
f 471 1555 1554
f 1556 1555 471
f 470 1556 471
f 1557 1556 470
f 463 1557 470
f 6521 6515 6516
f 6521 6505 6504
f 6522 6519 6520
f 6522 6045 6044
f 6522 6046 6045
f 6522 6520 6046
f 6523 6516 6517
f 6523 6517 6518
f 6523 6518 6519
f 6523 6521 6516
f 6523 6519 6522
f 6524 6041 6040
f 6524 6042 6041
f 6524 6043 6042
f 6524 6040 6510
f 6525 6521 6523
f 6525 6522 6044
f 6525 6044 6043
f 6525 6523 6522
f 6526 6525 6043
f 6526 6521 6525
f 6527 6526 6043
f 6527 6509 6508
f 6527 6510 6509
f 6527 6524 6510
f 6527 6043 6524
f 6528 6526 6527
f 6528 6527 6508
f 6528 6506 6505
f 6528 6507 6506
f 6528 6508 6507
f 6528 6505 6521
f 6528 6521 6526
f 6529 472 471
f 6529 6504 474
f 6529 473 472
f 6529 474 473
f 6529 1551 1550
f 6529 1552 1551
f 6529 1553 1552
f 6529 1554 1553
f 6529 6512 6513
f 6529 471 1554
f 6529 6513 6514
f 6529 6514 6515
f 6529 6515 6521
f 6529 6521 6504
f 6529 1550 6512
f 6530 1540 1539
f 6539 6512 1547
f 6539 1547 1546
f 6540 6513 6512
f 6540 6512 6539
f 6541 6514 6513
f 6541 6513 6540
f 6542 6515 6514
f 6542 6514 6541
f 6543 6515 6542
f 6543 6516 6515
f 6544 6517 6516
f 6544 6516 6543
f 6545 6517 6544
f 6545 6518 6517
f 6546 1546 1545
f 6546 6539 1546
f 6547 6519 6518
f 6547 6518 6545
f 6548 6539 6546
f 6548 6540 6539
f 6549 6050 6039
f 6549 6520 6519
f 6549 6039 6520
f 6549 6519 6547
f 6550 6540 6548
f 6550 6541 6540
f 6551 6541 6550
f 6551 6542 6541
f 6552 6542 6551
f 6552 6543 6542
f 6553 6543 6552
f 6553 6544 6543
f 6554 6544 6553
f 6554 6545 6544
f 6555 1545 1544
f 6555 6546 1545
f 6556 6545 6554
f 6556 6547 6545
f 6557 6546 6555
f 6557 6548 6546
f 6558 6051 6050
f 6558 6547 6556
f 6558 6549 6547
f 6558 6050 6549
f 6559 6548 6557
f 6559 6550 6548
f 6560 6550 6559
f 6560 6552 6551
f 6560 6551 6550
f 6561 6552 6560
f 6562 6553 6552
f 6562 6554 6553
f 6562 6552 6561
f 6563 6554 6562
f 6564 1544 1543
f 6564 6557 6555
f 6564 6555 1544
f 6565 6554 6563
f 6565 6556 6554
f 6566 6557 6564
f 6566 6559 6557
f 6567 6052 6051
f 6567 6051 6558
f 6567 6558 6556
f 6567 6556 6565
f 6568 6559 6566
f 6569 6560 6559
f 6569 6559 6568
f 6570 6561 6560
f 6570 6560 6569
f 6571 6562 6561
f 6571 6561 6570
f 6572 6563 6562
f 6572 6562 6571
f 6573 6564 1543
f 6573 1543 1542
f 6573 6566 6564
f 6574 6565 6563
f 6574 6563 6572
f 6575 6566 6573
f 6575 6568 6566
f 6576 6053 6052
f 6576 6052 6567
f 6576 6567 6565
f 6576 6565 6574
f 6577 6568 6575
f 6578 6569 6568
f 6578 6568 6577
f 6579 6570 6569
f 6579 6569 6578
f 6580 6570 6579
f 6580 6571 6570
f 6581 6572 6571
f 6581 6571 6580
f 6582 1541 1540
f 6582 1542 1541
f 6582 6573 1542
f 6582 6575 6573
f 6583 6574 6572
f 6583 6572 6581
f 6584 6575 6582
f 6585 6054 6053
f 6585 6574 6583
f 6585 6053 6576
f 6585 6576 6574
f 6586 6577 6575
f 6586 6575 6584
f 6587 6578 6577
f 6587 6577 6586
f 6588 6578 6587
f 6588 6580 6579
f 6588 6579 6578
f 6589 6580 6588
f 6590 6580 6589
f 6590 6581 6580
f 6591 6582 1540
f 6591 1540 6530
f 6592 6583 6581
f 6592 6581 6590
f 6593 6530 6531
f 6593 6582 6591
f 6593 6584 6582
f 6593 6591 6530
f 6594 6054 6585
f 6594 6585 6583
f 6594 6055 6054
f 6594 6583 6592
f 6595 6531 6532
f 6595 6587 6586
f 6595 6593 6531
f 6595 6584 6593
f 6595 6586 6584
f 6596 6532 6533
f 6596 6595 6532
f 6596 6587 6595
f 6597 6596 6533
f 6597 6533 6534
f 6597 6588 6587
f 6597 6587 6596
f 6598 6534 6535
f 6598 6597 6534
f 6598 6588 6597
f 6598 6589 6588
f 6599 6589 6598
f 6599 6535 6536
f 6599 6590 6589
f 6599 6598 6535
f 6600 6536 6537
f 6600 6537 6538
f 6600 6592 6590
f 6600 6599 6536
f 6600 6590 6599
f 6601 6592 6600
f 6601 6538 6049
f 6601 6056 6055
f 6601 6049 6056
f 6601 6055 6594
f 6601 6594 6592
f 6601 6600 6538
f 6530 1537 1536
f 6530 1538 1537
f 6530 1539 1538
f 1535 6530 1536
f 6531 6530 1535
f 6602 1532 1531
f 6602 1533 1532
f 6602 1534 1533
f 6603 1535 1534
f 6603 6531 1535
f 6603 1534 6602
f 6604 6532 6531
f 6604 6531 6603
f 6605 6532 6604
f 6606 6533 6532
f 6606 6532 6605
f 6607 6533 6606
f 6608 6533 6607
f 6070 6049 6538
f 6625 6618 6619
f 6625 6619 6620
f 6625 6620 6621
f 6069 6078 6622
f 6626 6608 6609
f 6626 6609 6610
f 6626 6610 6611
f 6626 6611 6612
f 6626 6534 6533
f 6626 6533 6608
f 6627 6534 6626
f 6627 6535 6534
f 6627 6536 6535
f 6628 6612 6613
f 6628 6613 6614
f 6628 6626 6612
f 6628 6627 6626
f 6629 6537 6536
f 6629 6627 6628
f 6629 6536 6627
f 6629 6628 6614
f 6630 6070 6538
f 6630 6071 6070
f 6630 6072 6071
f 6630 6073 6072
f 6630 6538 6537
f 6630 6537 6629
f 6631 6073 6630
f 6631 6074 6073
f 6631 6630 6629
f 6631 6629 6614
f 6632 6631 6614
f 6632 6614 6615
f 6633 6631 6632
f 6633 6632 6615
f 6633 6075 6074
f 6633 6076 6075
f 6633 6074 6631
f 6634 6615 6616
f 6634 6616 6617
f 6634 6617 6618
f 6634 6624 6623
f 6634 6625 6624
f 6634 6633 6615
f 6634 6618 6625
f 6635 6623 6622
f 6635 6076 6633
f 6635 6077 6076
f 6635 6078 6077
f 6635 6622 6078
f 6635 6634 6623
f 6635 6633 6634
f 6649 6131 6152
f 6151 6649 6152
f 6648 6649 6151
f 6150 6648 6151
f 6647 6648 6150
f 6646 6647 6150
f 6645 6646 6150
f 6149 6645 6150
f 6644 6645 6149
f 6643 6644 6149
f 6642 6643 6149
f 6641 6642 6149
f 6640 6149 6148
f 6640 6641 6149
f 6639 6640 6148
f 6638 6639 6148
f 6637 6638 6148
f 6636 6637 6148
f 6147 6636 6148
f 6625 6621 6636
f 6625 6636 6147
f 6624 6147 6146
f 6624 6625 6147
f 6623 6146 6145
f 6623 6624 6146
f 6622 6145 6118
f 6622 6623 6145
f 6069 6118 5419
f 6069 6622 6118
f 30 1510 1509
f 29 30 1509
f 28 1509 6180
f 28 29 1509
f 27 28 6180
f 26 27 6180
f 25 26 6180
f 6654 25 6180
f 6653 6180 6179
f 6653 6654 6180
f 6652 6653 6179
f 6651 6652 6179
f 6144 6134 6650
f 6144 6650 6651
f 6144 6179 6178
f 6144 6651 6179
f 6143 6178 6177
f 6143 6144 6178
f 6142 6177 6176
f 6142 6143 6177
f 6141 6176 6175
f 6141 6142 6176
f 6140 6175 6174
f 6140 6141 6175
f 6139 6140 6174
f 6138 6174 6173
f 6138 6139 6174
f 6137 6173 6172
f 6137 6138 6173
f 6136 6137 6172
f 6136 6172 6171
f 6135 6136 6171
f 6135 6171 6170
f 6119 6135 6170
f 6119 6170 6130
f 6655 1509 1508
f 6191 6655 6656
f 6191 1509 6655
f 6190 6656 6657
f 6190 6657 6658
f 6190 6191 6656
f 6189 6658 6659
f 6189 6659 6660
f 6189 6190 6658
f 6673 6664 6665
f 6673 6665 6666
f 6188 6660 6661
f 6188 6661 6662
f 6188 6662 6663
f 6188 6189 6660
f 6187 6663 6664
f 6187 6188 6663
f 6187 6664 6673
f 6186 6673 6672
f 6186 6187 6673
f 6185 6672 6671
f 6185 6186 6672
f 6184 6671 6670
f 6184 6185 6671
f 6183 6670 6669
f 6183 6184 6670
f 6182 6669 6668
f 6182 6183 6669
f 6181 6668 6667
f 6181 6182 6668
f 6166 6181 6667
f 6166 6667 6169
f 664 6166 6169
f 6673 6666 6674
f 6673 6674 6675
f 6686 6675 6676
f 6686 6676 6677
f 6686 6677 6678
f 6686 6678 6679
f 6685 6672 6673
f 6685 6673 6675
f 6685 6675 6686
f 6684 6671 6672
f 6684 6672 6685
f 6682 6669 6670
f 6681 6668 6669
f 6681 6669 6682
f 6680 6667 6668
f 6680 6668 6681
f 6212 6169 6667
f 6212 6667 6680
f 6213 6212 6680
f 6203 6213 6680
f 6687 6683 6682
f 6687 6684 6683
f 6687 6670 6671
f 6687 6671 6684
f 6687 6682 6670
f 579 575 6226
f 6680 6220 6203
f 1678 564 587
f 1679 1678 587
f 1680 587 586
f 1680 1679 587
f 1681 1680 586
f 1682 1681 586
f 6688 6686 6679
f 6689 1682 586
f 6689 1683 1682
f 6689 586 585
f 6690 1683 6689
f 6690 1684 1683
f 6691 1685 1684
f 6691 1684 6690
f 6692 1685 6691
f 1686 1685 6692
f 132 1686 6692
f 1687 1686 132
f 110 1687 132
f 6693 6688 6689
f 6693 6689 585
f 6693 6686 6688
f 6693 585 584
f 6693 6683 6684
f 6693 6684 6685
f 6693 6685 6686
f 6694 580 579
f 6694 6225 6224
f 6694 6226 6225
f 6694 579 6226
f 6695 6221 6220
f 6695 6222 6221
f 6695 6223 6222
f 6695 6220 6680
f 6696 581 580
f 6696 582 581
f 6696 580 6694
f 6697 6696 6694
f 6697 6224 6223
f 6697 6693 6696
f 6697 6694 6224
f 6698 6680 6681
f 6698 6681 6682
f 6698 6697 6223
f 6698 6223 6695
f 6698 6695 6680
f 6699 6698 6682
f 6699 6693 6697
f 6699 6682 6683
f 6699 6683 6693
f 6699 6697 6698
f 6700 583 582
f 6700 584 583
f 6700 582 6696
f 6700 6696 6693
f 6700 6693 584
f 1677 565 560
f 623 626 6701
f 6710 565 1677
f 6711 566 565
f 6711 565 6710
f 6712 567 566
f 6712 566 6711
f 6713 568 567
f 6713 567 6712
f 6714 569 568
f 6714 568 6713
f 6715 570 569
f 6715 569 6714
f 6716 571 570
f 6716 570 6715
f 6717 1677 1676
f 6717 6710 1677
f 6718 572 571
f 6718 571 6716
f 6719 6711 6710
f 6719 6710 6717
f 6720 573 572
f 6720 574 573
f 6720 624 574
f 6720 572 6718
f 6721 6712 6711
f 6721 6711 6719
f 6722 6712 6721
f 6722 6713 6712
f 6723 6714 6713
f 6723 6713 6722
f 6724 6716 6715
f 6724 6715 6714
f 6724 6714 6723
f 6725 6716 6724
f 6726 1675 1674
f 6726 1676 1675
f 6726 1674 6709
f 6726 6717 1676
f 6727 6720 6718
f 6727 6718 6716
f 6727 6716 6725
f 6728 6717 6726
f 6728 6709 6708
f 6728 6719 6717
f 6728 6726 6709
f 6729 625 624
f 6729 6720 6727
f 6729 624 6720
f 6730 6719 6728
f 6730 6707 6706
f 6730 6708 6707
f 6730 6728 6708
f 6730 6721 6719
f 6731 6721 6730
f 6731 6722 6721
f 6731 6730 6706
f 6732 6722 6731
f 6732 6706 6705
f 6732 6731 6706
f 6732 6723 6722
f 6733 6705 6704
f 6733 6723 6732
f 6733 6732 6705
f 6733 6724 6723
f 6734 6725 6724
f 6734 6733 6704
f 6734 6724 6733
f 6734 6704 6703
f 6735 6727 6725
f 6735 6729 6727
f 6735 6703 6702
f 6735 6725 6734
f 6735 6734 6703
f 6736 6729 6735
f 6736 6702 6701
f 6736 626 625
f 6736 6735 6702
f 6736 6701 626
f 6736 625 6729
f 6709 1672 1671
f 6709 1673 1672
f 6709 1674 1673
f 1670 6709 1671
f 6708 6709 1670
f 6737 1667 1666
f 6737 1668 1667
f 6737 1669 1668
f 6738 1670 1669
f 6738 6708 1670
f 6738 1669 6737
f 6739 6707 6708
f 6739 6708 6738
f 6740 6707 6739
f 6741 6706 6707
f 6741 6707 6740
f 6742 6706 6741
f 6743 6706 6742
f 6234 623 6701
f 6760 6753 6754
f 6760 6754 6755
f 6760 6755 6756
f 6233 6242 6757
f 6761 6743 6744
f 6761 6744 6745
f 6761 6745 6746
f 6761 6746 6747
f 6761 6705 6706
f 6761 6706 6743
f 6762 6703 6704
f 6762 6704 6705
f 6762 6705 6761
f 6763 6747 6748
f 6763 6748 6749
f 6763 6761 6747
f 6763 6762 6761
f 6764 6702 6703
f 6764 6703 6762
f 6764 6762 6763
f 6764 6763 6749
f 6765 6234 6701
f 6765 6235 6234
f 6765 6236 6235
f 6765 6237 6236
f 6765 6701 6702
f 6765 6702 6764
f 6766 6237 6765
f 6766 6238 6237
f 6766 6765 6764
f 6766 6764 6749
f 6767 6749 6750
f 6767 6766 6749
f 6768 6239 6238
f 6768 6240 6239
f 6768 6767 6750
f 6768 6238 6766
f 6768 6766 6767
f 6769 6750 6751
f 6769 6751 6752
f 6769 6752 6753
f 6769 6768 6750
f 6769 6759 6758
f 6769 6760 6759
f 6769 6753 6760
f 6770 6758 6757
f 6770 6241 6240
f 6770 6242 6241
f 6770 6240 6768
f 6770 6757 6242
f 6770 6768 6769
f 6770 6769 6758
f 6784 6299 6320
f 6319 6784 6320
f 6783 6784 6319
f 6318 6783 6319
f 6782 6783 6318
f 6781 6782 6318
f 6780 6781 6318
f 6317 6780 6318
f 6779 6780 6317
f 6778 6779 6317
f 6777 6778 6317
f 6776 6777 6317
f 6775 6317 6316
f 6775 6776 6317
f 6774 6775 6316
f 6773 6774 6316
f 6772 6773 6316
f 6771 6772 6316
f 6315 6771 6316
f 6760 6756 6771
f 6760 6771 6315
f 6759 6315 6314
f 6759 6760 6315
f 6758 6314 6313
f 6758 6759 6314
f 6757 6313 6286
f 6757 6758 6313
f 6233 6286 5648
f 6233 6757 6286
f 6794 1645 1644
f 6793 6794 1644
f 6792 1644 6348
f 6792 6793 1644
f 6791 6792 6348
f 6790 6791 6348
f 6789 6790 6348
f 6788 6348 6347
f 6788 6789 6348
f 6787 6788 6347
f 6786 6787 6347
f 6312 6302 6785
f 6312 6785 6786
f 6312 6347 6346
f 6312 6786 6347
f 6311 6346 6345
f 6311 6312 6346
f 6310 6345 6344
f 6310 6311 6345
f 6309 6344 6343
f 6309 6310 6344
f 6308 6343 6342
f 6308 6309 6343
f 6307 6308 6342
f 6306 6342 6341
f 6306 6307 6342
f 6305 6341 6340
f 6305 6306 6341
f 6304 6340 6339
f 6304 6305 6340
f 6303 6304 6339
f 6303 6339 6338
f 6287 6303 6338
f 6287 6338 6298
f 278 1644 277
f 6349 278 279
f 6349 1644 278
f 280 6349 279
f 6350 280 281
f 6350 6349 280
f 6351 281 282
f 6351 282 283
f 6351 283 284
f 6351 6350 281
f 6796 288 276
f 6796 276 6795
f 6352 284 285
f 6352 285 286
f 6352 6351 284
f 6353 286 287
f 6353 287 288
f 6353 6352 286
f 6353 288 6796
f 6354 6796 6797
f 6354 6353 6796
f 6355 6797 6798
f 6355 6354 6797
f 6356 6798 6799
f 6356 6355 6798
f 6357 6799 6800
f 6357 6356 6799
f 6358 6800 6801
f 6358 6357 6800
f 6359 6358 6801
f 6359 6801 6802
f 6334 6359 6802
f 6334 6802 6337
f 5705 6334 6337
f 6796 6795 6803
f 6796 6803 6804
f 6809 6804 6805
f 6809 6805 6806
f 6809 6806 6807
f 6809 6807 6808
f 6810 6797 6796
f 6810 6796 6804
f 6810 6804 6809
f 6811 6798 6797
f 6811 6797 6810
f 6813 6800 6799
f 6814 6801 6800
f 6814 6800 6813
f 6815 6802 6801
f 6815 6801 6814
f 6380 6337 6802
f 6380 6802 6815
f 6381 6380 6815
f 6371 6381 6815
f 6816 6811 6812
f 6816 6812 6813
f 6816 6799 6798
f 6816 6798 6811
f 6816 6813 6799
f 6830 6388 6395
f 6815 6389 6371
f 1619 1618 6822
f 1620 1619 6822
f 1621 1620 6822
f 6817 6809 6808
f 1626 1625 6819
f 6820 1626 6819
f 1627 1626 6820
f 6821 1627 6820
f 1628 1627 6821
f 1629 1628 6821
f 6831 6825 6826
f 6831 6810 6809
f 6832 6829 6830
f 6832 6394 6393
f 6832 6395 6394
f 6832 6830 6395
f 6833 6826 6827
f 6833 6827 6828
f 6833 6828 6829
f 6833 6831 6826
f 6833 6829 6832
f 6834 6390 6389
f 6834 6391 6390
f 6834 6392 6391
f 6834 6389 6815
f 6835 6831 6833
f 6835 6832 6393
f 6835 6393 6392
f 6835 6833 6832
f 6836 6831 6835
f 6836 6835 6392
f 6837 6836 6392
f 6837 6814 6813
f 6837 6815 6814
f 6837 6834 6815
f 6837 6392 6834
f 6838 6831 6836
f 6838 6836 6837
f 6838 6811 6810
f 6838 6812 6811
f 6838 6813 6812
f 6838 6837 6813
f 6838 6810 6831
f 6839 6817 6818
f 6839 6818 6819
f 6839 6809 6817
f 6839 1622 1621
f 6839 1623 1622
f 6839 1624 1623
f 6839 1625 1624
f 6839 6822 6823
f 6839 6819 1625
f 6839 6823 6824
f 6839 6824 6825
f 6839 6825 6831
f 6839 6831 6809
f 6839 1621 6822
f 6840 1611 1610
f 6398 6405 6848
f 6849 6822 1618
f 6849 1618 1617
f 6850 6823 6822
f 6850 6822 6849
f 6851 6824 6823
f 6851 6823 6850
f 6852 6825 6824
f 6852 6824 6851
f 6853 6825 6852
f 6853 6826 6825
f 6854 6827 6826
f 6854 6826 6853
f 6855 6827 6854
f 6855 6828 6827
f 6856 1617 1616
f 6856 6849 1617
f 6857 6829 6828
f 6857 6828 6855
f 6858 6849 6856
f 6858 6850 6849
f 6859 6399 6388
f 6859 6830 6829
f 6859 6388 6830
f 6859 6829 6857
f 6860 6850 6858
f 6860 6851 6850
f 6861 6851 6860
f 6861 6852 6851
f 6862 6853 6852
f 6862 6852 6861
f 6863 6853 6862
f 6863 6854 6853
f 6864 6854 6863
f 6864 6855 6854
f 6865 1616 1615
f 6865 6856 1616
f 6866 6855 6864
f 6866 6857 6855
f 6867 6856 6865
f 6867 6858 6856
f 6868 6400 6399
f 6868 6857 6866
f 6868 6859 6857
f 6868 6399 6859
f 6869 6861 6860
f 6869 6858 6867
f 6869 6860 6858
f 6870 6861 6869
f 6871 6861 6870
f 6871 6862 6861
f 6872 6863 6862
f 6872 6862 6871
f 6873 6863 6872
f 6873 6864 6863
f 6874 1615 1614
f 6874 6865 1615
f 6875 6864 6873
f 6875 6866 6864
f 6876 6867 6865
f 6876 6865 6874
f 6877 6401 6400
f 6877 6400 6868
f 6877 6868 6866
f 6877 6866 6875
f 6878 6869 6867
f 6878 6867 6876
f 6879 6869 6878
f 6879 6870 6869
f 6880 6871 6870
f 6880 6870 6879
f 6881 6872 6871
f 6881 6871 6880
f 6882 6873 6872
f 6882 6872 6881
f 6883 1613 1612
f 6883 1614 1613
f 6883 6874 1614
f 6884 6873 6882
f 6884 6875 6873
f 6885 6876 6874
f 6885 6878 6876
f 6885 6874 6883
f 6886 6402 6401
f 6886 6401 6877
f 6886 6877 6875
f 6886 6875 6884
f 6887 6879 6878
f 6887 6878 6885
f 6888 6879 6887
f 6889 6880 6879
f 6889 6879 6888
f 6890 6881 6880
f 6890 6880 6889
f 6891 6882 6881
f 6891 6881 6890
f 6892 6883 1612
f 6893 6884 6882
f 6893 6882 6891
f 6893 6886 6884
f 6894 6885 6883
f 6894 6883 6892
f 6895 6886 6893
f 6895 6403 6402
f 6895 6402 6886
f 6896 6887 6885
f 6896 6885 6894
f 6897 6888 6887
f 6897 6887 6896
f 6898 6888 6897
f 6898 6889 6888
f 6899 6889 6898
f 6899 6890 6889
f 6900 6890 6899
f 6900 6891 6890
f 6901 1612 1611
f 6901 6894 6892
f 6901 6892 1612
f 6901 1611 6840
f 6902 6893 6891
f 6902 6891 6900
f 6903 6840 6841
f 6903 6901 6840
f 6903 6894 6901
f 6904 6403 6895
f 6904 6404 6403
f 6904 6895 6893
f 6904 6893 6902
f 6905 6841 6842
f 6905 6896 6894
f 6905 6894 6903
f 6905 6903 6841
f 6906 6842 6843
f 6906 6897 6896
f 6906 6896 6905
f 6906 6905 6842
f 6907 6843 6844
f 6907 6844 6845
f 6907 6898 6897
f 6907 6906 6843
f 6907 6897 6906
f 6908 6845 6846
f 6908 6899 6898
f 6908 6898 6907
f 6908 6907 6845
f 6909 6908 6846
f 6909 6900 6899
f 6909 6902 6900
f 6909 6899 6908
f 6910 6846 6847
f 6910 6909 6846
f 6910 6902 6909
f 6911 6910 6847
f 6911 6404 6904
f 6911 6848 6405
f 6911 6847 6848
f 6911 6405 6404
f 6911 6904 6902
f 6911 6902 6910
f 6840 1608 1607
f 6840 1609 1608
f 6840 1610 1609
f 1606 6840 1607
f 6841 6840 1606
f 6912 1603 1602
f 6912 1604 1603
f 6912 1605 1604
f 6913 1606 1605
f 6913 6841 1606
f 6913 1605 6912
f 6914 6842 6841
f 6914 6841 6913
f 6915 6842 6914
f 6916 6843 6842
f 6916 6842 6915
f 6917 6843 6916
f 6918 6843 6917
f 6418 6398 6848
f 6481 6922 6923
f 6481 6923 6924
f 6481 6924 6466
f 5937 6426 6484
f 6925 6918 369
f 6925 369 370
f 6925 370 371
f 6925 371 372
f 6925 6844 6843
f 6925 6843 6918
f 6926 6844 6925
f 6926 6845 6844
f 6926 6846 6845
f 6927 372 373
f 6927 6925 372
f 6927 6926 6925
f 6928 6926 6927
f 6928 6847 6846
f 6928 6846 6926
f 6928 6927 373
f 6929 6418 6848
f 6929 6419 6418
f 6929 6420 6419
f 6929 6421 6420
f 6929 6848 6847
f 6929 6847 6928
f 6930 6422 6421
f 6930 6929 6928
f 6930 6928 373
f 6930 6421 6929
f 6931 6930 373
f 6931 373 6919
f 6932 6423 6422
f 6932 6424 6423
f 6932 6931 6919
f 6932 6930 6931
f 6932 6422 6930
f 6933 6919 6920
f 6933 6932 6919
f 6933 6920 6921
f 6933 6921 6922
f 6933 6481 6482
f 6933 6482 6483
f 6933 6922 6481
f 6934 6933 6483
f 6934 6424 6932
f 6934 6483 6484
f 6934 6425 6424
f 6934 6426 6425
f 6934 6484 6426
f 6934 6932 6933
f 1443 1263 1262
f 1443 1442 1263
f 6935 1443 1262
f 4905 1340 1338
f 4905 6936 1340
f 4904 6937 6936
f 4904 6938 6937
f 4904 6936 4905
f 4903 6938 4904
f 1500 1219 6939
f 1220 1500 1499
f 1220 1219 1500
f 4899 1762 1761
f 4899 6940 1762
f 4898 6941 6940
f 4898 6942 6941
f 4898 6940 4899
f 4897 6942 4898
f 1690 6943 1479
f 1691 1479 1478
f 1691 1690 1479
f 4902 1427 1425
f 4902 6944 1427
f 4901 6945 6944
f 4901 6946 6945
f 4901 6944 4902
f 4900 6946 4901
f 6942 1712 1711
f 6941 1711 1710
f 6941 6942 1711
f 6940 1710 1709
f 6940 6941 1710
f 1762 6940 1709
f 1482 1725 1724
f 1487 1482 1724
f 1729 1481 1730
f 1729 1486 1481
f 1728 1485 1486
f 1728 1486 1729
f 1727 1484 1485
f 1727 1485 1728
f 1726 1483 1484
f 1726 1484 1727
f 1725 1482 1483
f 1725 1483 1726
f 1731 1730 1481
f 1480 1731 1481
f 1480 1732 1731
f 1479 1732 1480
f 1732 1479 6943
f 1732 6943 1733
f 1596 1593 6947
f 1596 6950 6949
f 1596 6947 6950
f 1595 6949 6948
f 1595 1596 6949
f 1594 1595 6948
f 6953 1593 1592
f 6953 1592 6951
f 6952 6953 6951
f 6947 1593 6953
f 1601 6955 6954
f 1598 6955 1601
f 6958 1600 1597
f 6957 1599 1600
f 6957 1600 6958
f 6956 1598 1599
f 6956 1599 6957
f 6955 1598 6956
f 1597 1594 6948
f 1597 6948 6958
f 6947 6953 6954
f 6955 6947 6954
f 6950 6947 6955
f 6956 6950 6955
f 6949 6950 6956
f 6957 6949 6956
f 6948 6957 6958
f 6948 6949 6957
f 5953 6959 6485
f 5952 6960 6959
f 5952 6959 5953
f 5951 6960 5952
f 5950 6960 5951
f 6480 6960 5950
f 6479 6960 6480
f 6478 6960 6479
f 373 375 6961
f 6924 6923 6922
f 6466 6919 373
f 6466 6920 6919
f 6466 6921 6920
f 6466 6922 6921
f 6466 6924 6922
f 6467 373 6961
f 6467 6466 373
f 6962 6994 6951
f 6999 6962 6963
f 6999 6963 6964
f 6999 6964 6965
f 6999 6965 6966
f 6999 6966 6967
f 6999 6967 6968
f 6999 6968 6969
f 6999 6994 6962
f 6970 6999 6969
f 6971 6999 6970
f 6952 6951 6994
f 6995 6952 6994
f 6998 6971 6972
f 6998 6972 6973
f 6998 6973 6974
f 6998 6974 6975
f 6998 6999 6971
f 6976 6998 6975
f 6977 6998 6976
f 6978 6998 6977
f 6979 6998 6978
f 6980 6998 6979
f 6959 6998 6980
f 6993 6952 6995
f 6996 6993 6995
f 6996 6992 6993
f 6991 6992 6996
f 6990 6991 6996
f 6989 6990 6996
f 374 6989 6996
f 379 374 6996
f 378 379 6996
f 377 378 6996
f 376 377 6996
f 375 376 6996
f 6997 6998 6959
f 6997 375 6996
f 6960 6997 6959
f 6981 6997 6960
f 6982 6997 6981
f 6983 6997 6982
f 6984 6997 6983
f 6961 375 6997
f 6985 6997 6984
f 6988 6961 6997
f 6987 6988 6997
f 6986 6997 6985
f 6986 6987 6997
f 1581 6972 6971
f 1581 6494 6972
f 1582 1581 6971
f 1591 6962 6951
f 1592 1591 6951
f 6954 6953 6952
f 6993 6954 6952
f 1602 1601 6954
f 6912 1602 6954
f 6913 6912 6954
f 6914 6954 6993
f 6914 6913 6954
f 406 7043 403
f 7000 7042 7043
f 7000 7043 406
f 7001 7041 7042
f 7001 7042 7000
f 7002 7040 7041
f 7002 7041 7001
f 7003 7039 7040
f 7003 7040 7002
f 7004 7038 7039
f 7004 7039 7003
f 7005 7037 7038
f 7005 7038 7004
f 7006 7036 7037
f 7006 7037 7005
f 7007 7035 7036
f 7007 7036 7006
f 7008 7034 7035
f 7008 7035 7007
f 7009 7033 7034
f 7009 7034 7008
f 7010 7033 7009
f 7011 7033 7010
f 7011 7032 7033
f 7012 7032 7011
f 7012 7031 7032
f 7013 7031 7012
f 7013 7030 7031
f 7014 7030 7013
f 7014 7029 7030
f 7015 7029 7014
f 7015 7028 7029
f 7016 7028 7015
f 7016 7026 7027
f 7016 7027 7028
f 7017 7026 7016
f 7017 7025 7026
f 7018 7025 7017
f 7019 7024 7025
f 7019 7025 7018
f 7020 7023 7024
f 7020 7024 7019
f 7021 430 7022
f 7021 7022 7023
f 7021 7023 7020
f 407 430 7021
f 7066 7064 7063
f 7066 7065 7064
f 7066 438 7065
f 7067 7062 7061
f 7067 7063 7062
f 7067 7066 7063
f 7068 7060 7059
f 7068 7061 7060
f 7068 7067 7061
f 7069 438 7066
f 7070 7068 7059
f 7070 7058 7057
f 7070 7059 7058
f 7071 7066 7067
f 7071 7069 7066
f 7072 7056 7055
f 7072 7057 7056
f 7072 7070 7057
f 7073 7067 7068
f 7073 7071 7067
f 7074 462 438
f 7074 438 7069
f 7074 7069 7071
f 7075 7055 7054
f 7075 7072 7055
f 7076 7068 7070
f 7076 7073 7068
f 7077 7074 7071
f 7078 7053 7052
f 7078 7054 7053
f 7078 7075 7054
f 7079 7070 7072
f 7079 7076 7070
f 7080 7071 7073
f 7080 7077 7071
f 7081 462 7074
f 7082 7051 7050
f 7082 7052 7051
f 7082 7078 7052
f 7083 7072 7075
f 7083 7079 7072
f 7084 7080 7073
f 7084 7076 7079
f 7084 7073 7076
f 7085 7081 7074
f 7085 7074 7077
f 7086 7049 7048
f 7086 7050 7049
f 7086 7082 7050
f 7087 7075 7078
f 7087 7083 7075
f 7088 7084 7079
f 7089 7080 7084
f 7089 7085 7077
f 7089 7077 7080
f 7090 462 7081
f 7091 7047 7046
f 7091 7048 7047
f 7091 7086 7048
f 7092 7078 7082
f 7092 7087 7078
f 7093 7079 7083
f 7093 7088 7079
f 7094 7089 7084
f 7094 7084 7088
f 7095 7085 7089
f 7095 7081 7085
f 7095 7090 7081
f 7096 7044 461
f 7096 7045 7044
f 7096 7046 7045
f 7096 7091 7046
f 7097 7092 7082
f 7097 7082 7086
f 7097 7086 7091
f 7098 7093 7083
f 7098 7087 7092
f 7098 7083 7087
f 7099 7088 7093
f 7099 7094 7088
f 7100 7089 7094
f 7100 7095 7089
f 7101 462 7090
f 7101 1558 462
f 7101 1559 1558
f 7101 1560 1559
f 7102 7091 7096
f 7102 7097 7091
f 7103 7098 7092
f 7104 7099 7093
f 7105 7100 7094
f 7106 7095 7100
f 7106 1561 1560
f 7106 1562 1561
f 7106 7101 7090
f 7106 7090 7095
f 7106 1560 7101
f 7107 7102 7096
f 7107 7096 461
f 7108 7092 7097
f 7108 7103 7092
f 7109 7098 7103
f 7109 7104 7093
f 7109 7093 7098
f 7110 7105 7094
f 7110 7094 7099
f 7111 7106 7100
f 7111 1563 1562
f 7111 1564 1563
f 7111 1562 7106
f 7112 7097 7102
f 7112 7108 7097
f 7112 7102 7107
f 7113 7109 7103
f 7114 7099 7104
f 7114 7110 7099
f 7115 7100 7105
f 7115 7105 7110
f 7115 1565 1564
f 7115 1566 1565
f 7115 1564 7111
f 7115 7111 7100
f 7116 7107 461
f 7116 7112 7107
f 7117 7108 7112
f 7117 7103 7108
f 7117 7113 7103
f 7118 7109 7113
f 7118 7114 7104
f 7118 7104 7109
f 7119 1566 7115
f 7119 1567 1566
f 7119 1568 1567
f 7119 7115 7110
f 7120 7117 7112
f 7121 7118 7113
f 7122 1569 1568
f 7122 1570 1569
f 7122 7119 7110
f 7122 7110 7114
f 7122 1568 7119
f 7123 461 482
f 7123 7120 7112
f 7123 7116 461
f 7123 7112 7116
f 7124 7117 7120
f 7124 7113 7117
f 7124 7121 7113
f 7125 1571 1570
f 7125 1570 7122
f 7125 1572 1571
f 7125 7118 7121
f 7125 7122 7114
f 7125 7114 7118
f 7126 7120 7123
f 7126 7124 7120
f 7127 7125 7121
f 7127 1573 1572
f 7127 1574 1573
f 7127 1572 7125
f 7128 7123 482
f 7128 7126 7123
f 7129 7121 7124
f 7129 1575 1574
f 7129 7127 7121
f 7129 1574 7127
f 7130 1576 1575
f 7130 1577 1576
f 7130 7129 7124
f 7130 1575 7129
f 7130 7124 7126
f 7131 6495 1579
f 7131 6496 6495
f 7131 482 6496
f 7131 7126 7128
f 7131 1578 1577
f 7131 7130 7126
f 7131 1579 1578
f 7131 1577 7130
f 7131 7128 482
f 412 444 413
f 412 443 444
f 414 413 444
f 414 444 445
f 414 445 446
f 411 443 412
f 411 442 443
f 415 414 446
f 410 441 442
f 410 442 411
f 416 415 446
f 416 446 447
f 409 440 441
f 409 441 410
f 417 447 448
f 417 416 447
f 408 440 409
f 408 439 440
f 418 417 448
f 418 448 449
f 407 439 408
f 407 7065 438
f 407 438 439
f 419 449 450
f 419 418 449
f 7021 7065 407
f 420 419 450
f 420 450 451
f 7020 7064 7065
f 7020 7065 7021
f 421 451 452
f 421 420 451
f 7019 7063 7064
f 7019 7064 7020
f 422 452 453
f 422 421 452
f 7018 7062 7063
f 7018 7063 7019
f 423 453 454
f 423 422 453
f 7017 7061 7062
f 7017 7062 7018
f 424 454 455
f 424 423 454
f 7060 7017 7016
f 7060 7061 7017
f 425 424 455
f 456 425 455
f 7059 7016 7015
f 7059 7060 7016
f 7014 7059 7015
f 457 426 425
f 457 427 426
f 457 425 456
f 7058 7059 7014
f 458 427 457
f 7057 7058 7014
f 7057 7013 7012
f 7057 7014 7013
f 459 428 427
f 459 427 458
f 7056 7057 7012
f 460 428 459
f 460 429 428
f 7055 7056 7012
f 7055 7012 7011
f 461 429 460
f 461 406 429
f 7054 7055 7011
f 7054 7010 7009
f 7054 7011 7010
f 7044 406 461
f 7044 7000 406
f 7053 7054 7009
f 7045 7000 7044
f 7045 7001 7000
f 7045 7002 7001
f 7052 7009 7008
f 7052 7053 7009
f 7046 7002 7045
f 7051 7052 7008
f 7051 7007 7006
f 7051 7008 7007
f 7047 7003 7002
f 7047 7002 7046
f 7050 7006 7005
f 7050 7051 7006
f 7048 7004 7003
f 7048 7003 7047
f 7049 7005 7004
f 7049 7050 7005
f 7049 7004 7048
f 7133 7135 7134
f 381 380 7136
f 390 7132 391
f 389 7132 390
f 388 7132 389
f 387 386 7132
f 387 7132 388
f 7137 7133 7132
f 7137 382 381
f 7137 383 382
f 7137 384 383
f 7137 385 384
f 7137 386 385
f 7137 7136 7135
f 7137 7135 7133
f 7137 381 7136
f 7137 7132 386
f 402 7136 380
f 401 7136 402
f 400 7136 401
f 399 7135 7136
f 399 7136 400
f 398 7135 399
f 393 392 7134
f 397 7135 398
f 394 393 7134
f 396 7134 7135
f 396 7135 397
f 395 394 7134
f 395 7134 396
f 7132 431 391
f 7132 432 431
f 7132 433 432
f 7132 434 433
f 7132 435 434
f 7133 7022 430
f 7133 7023 7022
f 7133 436 435
f 7133 437 436
f 7133 430 437
f 7133 435 7132
f 7024 7023 7133
f 7025 7024 7133
f 7134 7025 7133
f 7026 7025 7134
f 7027 7026 7134
f 7028 7027 7134
f 7029 7028 7134
f 7030 7029 7134
f 7031 7030 7134
f 7032 7031 7134
f 405 7134 392
f 404 7134 405
f 403 7134 404
f 7033 7032 7134
f 7043 7134 403
f 7034 7033 7134
f 7042 7134 7043
f 7035 7034 7134
f 7041 7134 7042
f 7036 7035 7134
f 7040 7134 7041
f 7037 7036 7134
f 7039 7134 7040
f 7038 7037 7134
f 7038 7134 7039
f 7138 1734 1733
f 1142 7138 1733
f 1690 1141 1142
f 1690 1142 1733
f 6943 1690 1733
f 1144 1760 1143
f 1736 1760 1763
f 1736 1143 1760
f 7139 1143 1736
f 1735 7139 1736
f 1735 1734 7138
f 7139 1735 7138
f 1706 7140 1717
f 1157 7140 1706
f 1697 1156 1157
f 1697 1157 1706
f 1701 1697 1706
f 7141 1721 1718
f 1160 1721 7141
f 1750 1160 1161
f 1750 1721 1160
f 1757 1721 1750
f 7143 7141 1718
f 7143 1718 1719
f 7142 1719 1720
f 7142 1720 1717
f 7142 7143 1719
f 7140 7142 1717
f 7144 1705 1716
f 1152 1705 7144
f 1700 1152 1153
f 1700 1705 1152
f 1702 1705 1700
f 1712 7145 1713
f 1149 7145 1712
f 4897 1148 1149
f 4897 1149 1712
f 6942 4897 1712
f 7147 7144 1716
f 7147 1716 1715
f 7146 1714 1713
f 7146 1715 1714
f 7146 7147 1715
f 7145 7146 1713
f 1410 7149 7150
f 1411 7150 7151
f 1411 1410 7150
f 1412 7151 7148
f 1412 1411 7151
f 1409 1412 7148
f 1413 7149 1410
f 1471 7149 1413
f 7148 1469 1466
f 7151 1469 7148
f 7150 1470 1469
f 7150 1469 7151
f 7149 1471 1470
f 7149 1470 7150
f 7148 1406 1409
f 1466 1406 7148
f 1403 7153 7154
f 1403 1402 7153
f 1404 7154 7155
f 1404 1403 7154
f 1401 7155 7152
f 1401 1404 7155
f 1405 7153 1402
f 1465 7153 1405
f 7152 1463 1460
f 7155 1464 1463
f 7155 1463 7152
f 7154 1464 7155
f 7153 1465 1464
f 7153 1464 7154
f 7152 1398 1401
f 1460 1398 7152
f 1396 7156 1393
f 1396 7159 7156
f 1395 7158 7159
f 1395 7159 1396
f 1394 7157 7158
f 1394 7158 1395
f 1397 7157 1394
f 1459 7157 1397
f 7156 1457 1454
f 7159 1457 7156
f 7158 1458 1457
f 7158 1457 7159
f 7157 1459 1458
f 7157 1458 7158
f 7156 1390 1393
f 1454 1390 7156
f 1385 7163 7160
f 1388 7162 7163
f 1388 7163 1385
f 1387 7161 7162
f 1387 7162 1388
f 1386 7161 1387
f 1389 7161 1386
f 1453 7161 1389
f 7160 1451 1417
f 7163 1452 1451
f 7163 1451 7160
f 7162 1452 7163
f 7161 1453 1452
f 7161 1452 7162
f 7160 1381 1385
f 1417 1381 7160
f 1692 7165 7164
f 1693 1692 7164
f 1691 1478 7165
f 1692 1691 7165
f 1478 7164 7165
f 1477 7164 1478
f 1694 1693 7164
f 1477 1694 7164
f 1696 7167 7166
f 1689 1696 7166
f 1695 1476 7167
f 1696 1695 7167
f 1476 7166 7167
f 1475 7166 1476
f 1688 1689 7166
f 1475 1688 7166
f 6962 1591 1590
f 6963 1590 1589
f 6963 6962 1590
f 6964 1589 1588
f 6964 6963 1589
f 6965 1588 1587
f 6965 6964 1588
f 6966 1587 1586
f 6966 6965 1587
f 6967 1586 1585
f 6967 6966 1586
f 6968 1585 1584
f 6968 6967 1585
f 6969 1584 1583
f 6969 6968 1584
f 6970 1583 1582
f 6970 6969 1583
f 6971 6970 1582
f 374 369 6918
f 6989 6918 6917
f 6989 374 6918
f 6990 6917 6916
f 6990 6989 6917
f 6991 6916 6915
f 6991 6990 6916
f 6992 6915 6914
f 6992 6991 6915
f 6993 6992 6914
f 6972 6494 6493
f 6973 6493 6492
f 6973 6972 6493
f 6974 6492 6491
f 6974 6973 6492
f 6975 6491 6490
f 6975 6974 6491
f 6976 6490 6489
f 6976 6975 6490
f 6977 6489 6488
f 6977 6976 6489
f 6978 6488 6487
f 6978 6977 6488
f 6979 6487 6486
f 6979 6978 6487
f 6980 6486 6485
f 6980 6979 6486
f 6959 6980 6485
f 6960 6478 6477
f 6981 6477 6476
f 6981 6960 6477
f 6982 6476 6475
f 6982 6981 6476
f 6983 6474 6473
f 6983 6475 6474
f 6983 6982 6475
f 6984 6473 6472
f 6984 6983 6473
f 6985 6472 6471
f 6985 6984 6472
f 6986 6471 6470
f 6986 6985 6471
f 6987 6470 6469
f 6987 6986 6470
f 6988 6469 6468
f 6988 6987 6469
f 6961 6468 6467
f 6961 6988 6468
f 7169 7170 7168
f 7169 7171 7170
f 7169 7173 7171
f 7172 7173 7169
f 7174 7173 7172
f 7174 7175 7173
f 7176 7175 7174
f 7176 7177 7175
f 7178 7177 7176
f 7178 7179 7177
f 7178 7170 7179
f 7168 7170 7178
f 7181 7180 7185
f 7187 7185 7184
f 7187 7181 7185
f 7188 7184 7183
f 7188 7187 7184
f 7189 7183 7182
f 7189 7188 7183
f 7186 7189 7182
f 7194 7193 7200
f 7199 7194 7200
f 7187 7197 7181
f 7191 7190 7196
f 7186 7192 7189
f 7201 7187 7188
f 7201 7188 7189
f 7201 7192 7191
f 7201 7195 7194
f 7201 7196 7195
f 7201 7198 7197
f 7201 7199 7198
f 7201 7194 7199
f 7201 7191 7196
f 7201 7197 7187
f 7201 7189 7192
f 7198 7204 7205
f 7198 7199 7204
f 7200 7204 7199
f 7193 7204 7200
f 7197 7198 7205
f 7181 7205 7203
f 7181 7197 7205
f 7202 7181 7203
f 7180 7181 7202
f 7193 7207 7204
f 7193 7206 7207
f 7194 7206 7193
f 7195 7206 7194
f 7196 7206 7195
f 7190 7206 7196
f 7191 7206 7190
f 7192 7206 7191
f 7186 7208 7206
f 7186 7206 7192
f 7182 7208 7186
f 7204 7209 7205
f 7204 7207 7209
f 7205 7210 7203
f 7205 7209 7210
f 7203 7211 7202
f 7203 7210 7211
f 7183 7208 7182
f 7184 7208 7183
f 7185 7211 7208
f 7185 7208 7184
f 7180 7211 7185
f 7202 7211 7180
f 7174 7210 7209
f 7174 7209 7176
f 7172 7211 7210
f 7172 7210 7174
f 7209 7207 7178
f 7176 7209 7178
f 7169 7208 7211
f 7169 7211 7172
f 7178 7206 7168
f 7178 7207 7206
f 7206 7208 7169
f 7168 7206 7169
f 7175 6998 7173
f 6999 6998 7175
f 6998 6997 7171
f 6998 7171 7173
f 6994 6999 7175
f 6994 7175 7177
f 6997 6996 7170
f 6997 7170 7171
f 7179 6994 7177
f 6995 6994 7179
f 7170 6995 7179
f 6996 6995 7170
f 1078 1079 7212
f 1078 7212 7217
f 1077 7217 7216
f 1077 1078 7217
f 1076 7216 7215
f 1076 1077 7216
f 1075 7215 7214
f 1075 1076 7215
f 1074 7214 7213
f 1074 1075 7214
f 1127 7220 7212
f 1079 1127 7212
f 7219 1122 1127
f 7218 1079 1080
f 7218 7219 1127
f 7218 1127 1079
f 7222 1128 7221
f 7222 1129 1128
f 7223 1130 1129
f 7223 1129 7222
f 7224 1131 1130
f 7224 1130 7223
f 7225 1132 1131
f 7225 1131 7224
f 7220 1127 1132
f 7220 1132 7225
f 7226 7221 1128
f 1133 7226 1128
f 1069 7226 1133
f 1069 7229 7226
f 7227 1133 1134
f 7228 1068 1069
f 7228 1069 1133
f 7228 1133 7227
f 7229 1069 1070
f 7229 1070 7230
f 7234 7231 7230
f 7234 7232 7231
f 7234 7233 7232
f 7234 7213 7233
f 7235 1074 7213
f 7235 7230 1070
f 7235 7234 7230
f 7235 7213 7234
f 7236 1070 1071
f 7236 1071 1072
f 7236 1072 1073
f 7236 1073 1074
f 7236 7235 1070
f 7236 1074 7235
f 7225 7217 7212
f 7225 7212 7220
f 7224 7217 7225
f 7216 7217 7224
f 7223 7216 7224
f 7215 7216 7223
f 7222 7215 7223
f 7214 7215 7222
f 7221 7214 7222
f 7213 7214 7221
f 7233 7213 7221
f 7232 7233 7221
f 7231 7232 7221
f 7230 7231 7221
f 7229 7221 7226
f 7229 7230 7221
f 1067 1068 7228
f 7237 1067 7228
f 7242 7239 7238
f 7242 7240 7239
f 7242 7241 7240
f 7242 7237 7241
f 7243 7238 1063
f 7243 1067 7237
f 7243 7242 7238
f 7243 7237 7242
f 7244 1063 1064
f 7244 1064 1065
f 7244 1065 1066
f 7244 1066 1067
f 7244 7243 1063
f 7244 1067 7243
f 1059 7245 1058
f 1059 7246 7245
f 1060 7247 7246
f 1060 7246 1059
f 1061 7248 7247
f 1061 7247 1060
f 1062 7249 7248
f 1062 7248 1061
f 1063 7238 7249
f 1063 7249 1062
f 1107 7251 7252
f 1057 1107 7252
f 7250 1136 1107
f 7245 1057 1058
f 7245 7250 1107
f 7245 1107 1057
f 7256 1135 1140
f 7256 7257 1135
f 7255 1140 1139
f 7255 7256 1140
f 7254 1139 1138
f 7254 7255 1139
f 7253 1138 1137
f 7253 7254 1138
f 7250 1137 1136
f 7250 7253 1137
f 1135 7257 7227
f 1135 7227 1134
f 7257 7228 7227
f 7237 7228 7257
f 7241 7237 7257
f 7240 7241 7257
f 7239 7240 7257
f 7238 7239 7257
f 7253 7250 7245
f 7249 7257 7256
f 7249 7238 7257
f 7246 7254 7253
f 7246 7253 7245
f 7248 7256 7255
f 7248 7249 7256
f 7247 7255 7254
f 7247 7254 7246
f 7247 7248 7255
f 1151 1152 7144
f 1151 7147 7146
f 1151 7144 7147
f 1150 7146 7145
f 1150 1151 7146
f 1149 1150 7145
f 1159 7143 7142
f 1159 7141 7143
f 1159 1160 7141
f 1158 7142 7140
f 1158 1159 7142
f 1157 1158 7140
f 7139 1142 1143
f 7138 1142 7139
f 6946 1356 1355
f 6945 1355 1354
f 6945 6946 1355
f 6944 1354 1353
f 6944 6945 1354
f 1427 6944 1353
f 1446 1369 1368
f 1420 1446 1368
f 1373 1445 1374
f 1373 1450 1445
f 1372 1449 1450
f 1372 1450 1373
f 1371 1448 1449
f 1371 1449 1372
f 1370 1447 1448
f 1370 1448 1371
f 1369 1446 1447
f 1369 1447 1370
f 1445 1444 1375
f 1445 1375 1374
f 1444 1443 1376
f 1444 1376 1375
f 6935 1377 1376
f 1443 6935 1376
f 6938 1303 1302
f 6937 1302 1301
f 6937 6938 1302
f 6936 1301 1300
f 6936 6937 1301
f 1340 6936 1300
f 1428 1316 1315
f 1428 1315 1334
f 1320 1433 1321
f 1320 1432 1433
f 1319 1431 1432
f 1319 1432 1320
f 1318 1430 1431
f 1318 1431 1319
f 1317 1429 1430
f 1317 1430 1318
f 1316 1428 1429
f 1316 1429 1317
f 1433 1501 1322
f 1433 1322 1321
f 1501 1500 1323
f 1501 1323 1322
f 6939 1324 1323
f 1500 6939 1323
f 1660 1657 7258
f 1660 7261 7260
f 1660 7258 7261
f 1659 7260 7259
f 1659 1660 7260
f 1658 1659 7259
f 7264 7262 7263
f 1656 7262 7264
f 1657 7264 7258
f 1657 1656 7264
f 1665 7266 7265
f 1665 1662 7266
f 7269 1664 1661
f 7268 1663 1664
f 7268 1664 7269
f 7267 1662 1663
f 7267 1663 7268
f 7266 1662 7267
f 1661 1658 7259
f 1661 7259 7269
f 7258 7264 7265
f 7266 7258 7265
f 7261 7258 7266
f 7267 7261 7266
f 7260 7261 7267
f 7268 7260 7267
f 7259 7268 7269
f 7259 7260 7268
f 1525 1522 7270
f 1525 7273 7272
f 1525 7270 7273
f 1524 7272 7271
f 1524 1525 7272
f 1523 1524 7271
f 7276 7274 7275
f 1521 7274 7276
f 1522 7276 7270
f 1522 1521 7276
f 1530 7278 7277
f 1530 1527 7278
f 7281 1529 1526
f 7280 1528 1529
f 7280 1529 7281
f 7279 1527 1528
f 7279 1528 7280
f 7278 1527 7279
f 1526 1523 7271
f 1526 7271 7281
f 7270 7276 7277
f 7278 7270 7277
f 7273 7270 7278
f 7279 7273 7278
f 7272 7273 7279
f 7280 7272 7279
f 7271 7280 7281
f 7271 7272 7280
f 6783 6782 7283
f 6784 6783 7283
f 6299 6784 7283
f 6300 6299 7283
f 6301 7283 7282
f 6301 6300 7283
f 6302 6301 7282
f 6785 6302 7282
f 6749 7284 7285
f 6755 6754 6753
f 6756 6750 6749
f 6756 6751 6750
f 6756 6752 6751
f 6756 6753 6752
f 6756 6755 6753
f 6771 6749 7285
f 6771 6756 6749
f 7286 7322 7262
f 7327 7286 7287
f 7327 7287 7288
f 7327 7288 7289
f 7327 7289 7290
f 7327 7290 7291
f 7327 7291 7292
f 7327 7292 7293
f 7327 7322 7286
f 7294 7327 7293
f 7295 7327 7294
f 7263 7262 7322
f 7323 7263 7322
f 7296 7327 7295
f 7326 7296 7297
f 7326 7297 7298
f 7326 7298 7299
f 7326 7327 7296
f 7300 7326 7299
f 7301 7326 7300
f 7302 7326 7301
f 7303 7326 7302
f 7304 7326 7303
f 7282 7326 7304
f 7321 7263 7323
f 7324 7321 7323
f 7324 7320 7321
f 7319 7320 7324
f 7318 7319 7324
f 7317 7318 7324
f 7316 7317 7324
f 7315 7316 7324
f 7314 7315 7324
f 7313 7314 7324
f 7284 7313 7324
f 7325 7326 7282
f 7283 7325 7282
f 7305 7325 7283
f 7306 7325 7305
f 7307 7325 7306
f 7308 7325 7307
f 7285 7284 7324
f 7285 7324 7325
f 7309 7325 7308
f 7312 7285 7325
f 7311 7312 7325
f 7310 7325 7309
f 7310 7311 7325
f 7296 1645 6794
f 7295 1646 1645
f 7295 1645 7296
f 1656 1655 7286
f 1656 7286 7262
f 7265 7263 7321
f 7264 7263 7265
f 6739 7265 7321
f 6738 7265 6739
f 6737 7265 6738
f 1666 7265 6737
f 1665 7265 1666
f 216 7365 199
f 7328 7364 7365
f 7328 7365 216
f 7329 7363 7364
f 7329 7364 7328
f 7330 7362 7363
f 7330 7363 7329
f 7331 7361 7362
f 7331 7362 7330
f 7332 7360 7361
f 7332 7361 7331
f 7333 7359 7360
f 7333 7360 7332
f 7334 7358 7359
f 7334 7359 7333
f 7335 7357 7358
f 7335 7358 7334
f 7336 7356 7357
f 7336 7357 7335
f 7337 7355 7356
f 7337 7356 7336
f 7338 7354 7355
f 7338 7355 7337
f 7339 7354 7338
f 7339 7353 7354
f 7340 7353 7339
f 7340 7352 7353
f 7341 7352 7340
f 7341 7351 7352
f 7342 7351 7341
f 7342 7350 7351
f 7343 7350 7342
f 7343 7375 7376
f 7343 7376 7350
f 7344 7375 7343
f 7344 7374 7375
f 7345 7374 7344
f 7345 7372 7373
f 7345 7373 7374
f 7346 7372 7345
f 7346 7370 7371
f 7346 7371 7372
f 7347 7370 7346
f 7347 7369 7370
f 7348 7367 7368
f 7348 7368 7369
f 7348 7369 7347
f 7349 7366 7367
f 7349 7367 7348
f 217 240 7366
f 217 7366 7349
f 7399 7397 7396
f 7399 7398 7397
f 7399 252 7398
f 7400 7395 7394
f 7400 7396 7395
f 7400 7399 7396
f 7401 7393 7392
f 7401 7394 7393
f 7401 7400 7394
f 7402 252 7399
f 7403 7391 7390
f 7403 7392 7391
f 7403 7401 7392
f 7404 7402 7399
f 7404 7399 7400
f 7405 7389 7388
f 7405 7390 7389
f 7405 7403 7390
f 7406 7400 7401
f 7406 7404 7400
f 7407 276 252
f 7407 252 7402
f 7407 7402 7404
f 7408 7388 7387
f 7408 7405 7388
f 7409 7406 7401
f 7409 7401 7403
f 7410 7407 7404
f 7411 7386 7385
f 7411 7387 7386
f 7411 7408 7387
f 7412 7403 7405
f 7412 7409 7403
f 7413 7410 7404
f 7413 7404 7406
f 7414 276 7407
f 7415 7384 7383
f 7415 7385 7384
f 7415 7411 7385
f 7416 7405 7408
f 7416 7412 7405
f 7417 7413 7406
f 7417 7409 7412
f 7417 7406 7409
f 7418 7414 7407
f 7418 7407 7410
f 7419 7382 7381
f 7419 7383 7382
f 7419 7415 7383
f 7420 7416 7408
f 7420 7408 7411
f 7421 7417 7412
f 7421 7412 7416
f 7422 7410 7413
f 7422 7418 7410
f 7423 7380 7379
f 7423 7381 7380
f 7423 7419 7381
f 7424 276 7414
f 7425 7420 7411
f 7425 7411 7415
f 7426 7416 7420
f 7426 7421 7416
f 7427 7422 7413
f 7427 7413 7417
f 7428 7377 275
f 7428 7378 7377
f 7428 7379 7378
f 7428 7423 7379
f 7429 7418 7422
f 7429 7424 7414
f 7429 7414 7418
f 7430 7415 7419
f 7430 7419 7423
f 7430 7425 7415
f 7431 7426 7420
f 7432 7417 7421
f 7432 7427 7417
f 7433 7422 7427
f 7433 7429 7422
f 7434 7430 7423
f 7435 6803 6795
f 7435 6804 6803
f 7435 6805 6804
f 7435 6806 6805
f 7435 6807 6806
f 7435 6795 276
f 7435 276 7424
f 7436 7420 7425
f 7436 7425 7430
f 7436 7431 7420
f 7437 7432 7421
f 7437 7421 7426
f 7438 7427 7432
f 7438 7433 7427
f 7439 7434 7423
f 7439 7428 275
f 7439 7423 7428
f 7440 7429 7433
f 7440 6807 7435
f 7440 7435 7424
f 7440 6817 6808
f 7440 6818 6817
f 7440 6808 6807
f 7440 7424 7429
f 7441 7436 7430
f 7442 7437 7426
f 7442 7426 7431
f 7443 7438 7432
f 7444 6818 7440
f 7444 6819 6818
f 7444 6820 6819
f 7444 7440 7433
f 7445 7430 7434
f 7445 7441 7430
f 7446 7442 7431
f 7446 7431 7436
f 7447 7443 7432
f 7447 7432 7437
f 7448 7444 7433
f 7448 6821 6820
f 7448 1629 6821
f 7448 7438 7443
f 7448 6820 7444
f 7448 7433 7438
f 7449 7434 7439
f 7449 7439 275
f 7449 275 289
f 7449 7445 7434
f 7450 7436 7441
f 7450 7446 7436
f 7451 7442 7446
f 7451 7447 7437
f 7451 7437 7442
f 7452 1630 1629
f 7452 1631 1630
f 7452 7443 7447
f 7452 1629 7448
f 7452 7448 7443
f 7453 7441 7445
f 7453 7450 7441
f 7453 7445 7449
f 7454 7451 7446
f 7455 1631 7452
f 7455 1632 1631
f 7455 1633 1632
f 7455 7452 7447
f 7456 7449 289
f 7456 7453 7449
f 7457 7454 7446
f 7457 7446 7450
f 7457 7450 7453
f 7458 1634 1633
f 7458 1635 1634
f 7458 1633 7455
f 7458 7447 7451
f 7458 7451 7454
f 7458 7455 7447
f 7459 7453 7456
f 7459 7457 7453
f 7460 1636 1635
f 7460 1637 1636
f 7460 1635 7458
f 7460 7458 7454
f 7461 7456 289
f 7461 7459 7456
f 7462 7457 7459
f 7462 1638 1637
f 7462 1639 1638
f 7462 7454 7457
f 7462 1637 7460
f 7462 7460 7454
f 7463 1640 1639
f 7463 1641 1640
f 7463 7462 7459
f 7463 1639 7462
f 7464 1642 1641
f 7464 1643 1642
f 7464 289 1643
f 7464 1641 7463
f 7464 7461 289
f 7464 7459 7461
f 7464 7463 7459
f 7340 7388 7389
f 7341 7340 7389
f 7341 7389 7390
f 7339 7388 7340
f 7342 7390 7391
f 7342 7341 7390
f 7338 7388 7339
f 7338 7387 7388
f 7343 7342 7391
f 7343 7391 7392
f 7337 7386 7387
f 7337 7387 7338
f 7344 7392 7393
f 7344 7393 7394
f 7344 7343 7392
f 7336 7385 7386
f 7336 7386 7337
f 7345 7394 7395
f 7345 7344 7394
f 7335 7384 7385
f 7335 7385 7336
f 7346 7345 7395
f 7346 7395 7396
f 7334 7383 7384
f 7334 7384 7335
f 7347 7396 7397
f 7347 7346 7396
f 7333 7382 7383
f 7333 7383 7334
f 7348 7397 7398
f 7348 7347 7397
f 7332 7381 7382
f 7332 7382 7333
f 7349 7348 7398
f 7331 7380 7381
f 7331 7381 7332
f 217 7398 252
f 217 7349 7398
f 7330 7379 7380
f 7330 7380 7331
f 218 252 253
f 218 217 252
f 7329 7378 7379
f 7329 7379 7330
f 254 219 218
f 254 218 253
f 7377 7329 7328
f 7377 7378 7329
f 255 220 219
f 255 219 254
f 275 7328 216
f 275 216 239
f 275 7377 7328
f 256 221 220
f 256 222 221
f 256 220 255
f 274 275 239
f 257 222 256
f 273 274 239
f 273 238 237
f 273 239 238
f 258 222 257
f 258 223 222
f 272 273 237
f 272 237 236
f 259 223 258
f 259 224 223
f 271 272 236
f 260 224 259
f 260 225 224
f 270 271 236
f 270 235 234
f 270 236 235
f 261 225 260
f 261 226 225
f 269 270 234
f 269 234 233
f 262 227 226
f 262 226 261
f 268 269 233
f 263 227 262
f 263 228 227
f 267 268 233
f 267 233 232
f 264 228 263
f 264 229 228
f 266 267 232
f 266 231 230
f 266 232 231
f 265 266 230
f 265 229 264
f 265 230 229
f 7466 7468 7467
f 7367 7366 7469
f 7376 7465 7350
f 7375 7465 7376
f 7374 7465 7375
f 7373 7372 7465
f 7373 7465 7374
f 7470 7466 7465
f 7470 7368 7367
f 7470 7369 7368
f 7470 7370 7369
f 7470 7371 7370
f 7470 7372 7371
f 7470 7469 7468
f 7470 7468 7466
f 7470 7367 7469
f 7470 7465 7372
f 240 7469 7366
f 251 7469 240
f 250 7469 251
f 249 7469 250
f 248 7468 7469
f 248 7469 249
f 247 7468 248
f 241 215 7467
f 246 7468 247
f 242 241 7467
f 245 7468 246
f 243 242 7467
f 244 7467 7468
f 244 7468 245
f 244 243 7467
f 7467 209 208
f 7467 210 209
f 7467 211 210
f 7467 212 211
f 7467 213 212
f 7467 214 213
f 7467 215 214
f 207 7467 208
f 206 7467 207
f 205 7467 206
f 204 7467 205
f 203 7467 204
f 7351 7350 7465
f 202 7467 203
f 7352 7351 7465
f 201 7467 202
f 7353 7352 7465
f 200 7467 201
f 7354 7353 7465
f 199 7467 200
f 7355 7465 7466
f 7355 7354 7465
f 7365 7467 199
f 7356 7355 7466
f 7364 7467 7365
f 7357 7356 7466
f 7363 7467 7364
f 7358 7357 7466
f 7362 7466 7467
f 7362 7467 7363
f 7359 7358 7466
f 7361 7466 7362
f 7360 7359 7466
f 7360 7466 7361
f 6648 6647 7472
f 6649 6648 7472
f 6131 6649 7472
f 6132 6131 7472
f 6133 7472 7471
f 6133 6132 7472
f 6134 6133 7471
f 6650 6134 7471
f 6620 6619 6618
f 6621 6615 6614
f 6621 6616 6615
f 6621 6617 6616
f 6621 6618 6617
f 6621 6620 6618
f 6636 6621 6614
f 7474 6614 7473
f 7474 6636 6614
f 7475 7506 7274
f 7511 7475 7476
f 7511 7476 7477
f 7511 7477 7478
f 7511 7478 7479
f 7511 7479 7480
f 7511 7480 7481
f 7511 7481 7482
f 7511 7506 7475
f 7483 7511 7482
f 7484 7511 7483
f 7507 7275 7274
f 7507 7274 7506
f 7510 7484 32
f 7510 32 33
f 7510 33 34
f 7510 34 35
f 7510 7511 7484
f 36 7510 35
f 31 7510 36
f 7485 7510 31
f 7486 7510 7485
f 7487 7510 7486
f 7488 7510 7487
f 7471 7510 7488
f 7505 7275 7507
f 7508 7505 7507
f 7508 7504 7505
f 7503 7504 7508
f 7502 7503 7508
f 7501 7502 7508
f 7500 7501 7508
f 7499 7500 7508
f 7498 7499 7508
f 7497 7498 7508
f 7473 7497 7508
f 7509 7510 7471
f 7509 7473 7508
f 7472 7509 7471
f 7489 7509 7472
f 7490 7509 7489
f 7491 7509 7490
f 7492 7509 7491
f 7474 7473 7509
f 7493 7509 7492
f 7496 7474 7509
f 7495 7496 7509
f 7494 7509 7493
f 7494 7495 7509
f 1510 32 7484
f 1510 30 32
f 1511 1510 7484
f 1521 7475 7274
f 1520 7475 1521
f 7277 7276 7275
f 7505 7277 7275
f 1531 1530 7277
f 6602 1531 7277
f 6603 6602 7277
f 6604 7277 7505
f 6604 6603 7277
f 38 7534 7535
f 38 7535 7536
f 38 7536 37
f 38 7547 7534
f 7512 7546 7547
f 7512 7547 38
f 7513 7544 7545
f 7513 7545 7546
f 7513 7546 7512
f 7514 7543 7544
f 7514 7544 7513
f 7515 7541 7542
f 7515 7542 7543
f 7515 7543 7514
f 7516 7539 7540
f 7516 7540 7541
f 7516 7541 7515
f 7517 7538 7539
f 7517 7539 7516
f 7518 7537 7538
f 7518 7558 7537
f 7518 7538 7517
f 7519 7558 7518
f 7519 7556 7557
f 7519 7557 7558
f 7520 7556 7519
f 7520 7555 7556
f 7521 7555 7520
f 7521 7554 7555
f 7522 7554 7521
f 7522 7552 7553
f 7522 7553 7554
f 7523 7552 7522
f 7523 7551 7552
f 7524 7551 7523
f 7524 7550 7551
f 7525 7548 7549
f 7525 7549 7550
f 7525 7550 7524
f 7526 7548 7525
f 7526 7565 7548
f 7527 7565 7526
f 7527 7564 7565
f 7528 7564 7527
f 7528 7563 7564
f 7529 7563 7528
f 7529 7562 7563
f 7530 7561 7562
f 7530 7562 7529
f 7531 7560 7561
f 7531 7561 7530
f 7532 7559 7560
f 7532 7560 7531
f 7533 62 7559
f 7533 7559 7532
f 39 62 7533
f 7588 7586 7585
f 7588 7587 7586
f 7588 85 7587
f 7589 7584 7583
f 7589 7585 7584
f 7589 7588 7585
f 7590 7582 7581
f 7590 7583 7582
f 7590 7589 7583
f 7591 85 7588
f 7592 7580 7579
f 7592 7581 7580
f 7592 7590 7581
f 7593 7591 7588
f 7593 7588 7589
f 7594 7592 7579
f 7594 7578 7577
f 7594 7579 7578
f 7595 7593 7589
f 7595 7589 7590
f 7596 109 85
f 7596 85 7591
f 7597 7577 7576
f 7597 7594 7577
f 7598 7590 7592
f 7598 7595 7590
f 7599 7596 7591
f 7599 7591 7593
f 7600 7575 7574
f 7600 7576 7575
f 7600 7597 7576
f 7601 7592 7594
f 7601 7598 7592
f 7602 7595 7598
f 7602 7593 7595
f 7602 7599 7593
f 7603 109 7596
f 7603 7596 7599
f 7604 7573 7572
f 7604 7574 7573
f 7604 7600 7574
f 7605 7594 7597
f 7605 7601 7594
f 7606 7602 7598
f 7607 7603 7599
f 7608 7571 7570
f 7608 7572 7571
f 7608 7604 7572
f 7609 7597 7600
f 7609 7605 7597
f 7610 7606 7598
f 7610 7598 7601
f 7611 7599 7602
f 7611 7607 7599
f 7612 7569 7568
f 7612 7570 7569
f 7612 7608 7570
f 7613 109 7603
f 7614 7609 7600
f 7614 7600 7604
f 7615 7601 7605
f 7615 7610 7601
f 7616 7602 7606
f 7616 7611 7602
f 7617 7566 108
f 7617 7567 7566
f 7617 7568 7567
f 7617 7612 7568
f 7618 7603 7607
f 7618 7613 7603
f 7619 7604 7608
f 7619 7608 7612
f 7619 7614 7604
f 7620 7605 7609
f 7620 7609 7614
f 7620 7615 7605
f 7621 7606 7610
f 7621 7616 7606
f 7622 7607 7611
f 7622 7618 7607
f 7623 7619 7612
f 7624 1502 109
f 7624 1503 1502
f 7624 1504 1503
f 7624 109 7613
f 7624 7613 7618
f 7625 7620 7614
f 7626 7621 7610
f 7626 7610 7615
f 7627 7622 7611
f 7627 7611 7616
f 7628 7623 7612
f 7628 7617 108
f 7628 7612 7617
f 7629 1505 1504
f 7629 1506 1505
f 7629 1504 7624
f 7629 7624 7618
f 7630 7614 7619
f 7630 7625 7614
f 7631 7615 7620
f 7631 7626 7615
f 7632 7616 7621
f 7632 7627 7616
f 7633 7618 7622
f 7633 1506 7629
f 7633 1507 1506
f 7633 1508 1507
f 7633 7629 7618
f 7633 7622 7627
f 7634 7619 7623
f 7634 7630 7619
f 7634 7623 7628
f 7635 7620 7625
f 7635 7625 7630
f 7635 7631 7620
f 7636 7632 7621
f 7636 7621 7626
f 7637 1508 7633
f 7637 6655 1508
f 7637 6656 6655
f 7637 6657 6656
f 7637 7633 7627
f 7638 108 132
f 7638 7628 108
f 7638 7634 7628
f 7639 7635 7630
f 7640 7631 7635
f 7640 7636 7626
f 7640 7626 7631
f 7641 6658 6657
f 7641 6659 6658
f 7641 7627 7632
f 7641 6657 7637
f 7641 7637 7627
f 7642 7639 7630
f 7642 7630 7634
f 7643 7640 7635
f 7644 7641 7632
f 7644 6660 6659
f 7644 6661 6660
f 7644 7632 7636
f 7644 6659 7641
f 7645 7634 7638
f 7645 7642 7634
f 7645 7638 132
f 7646 7635 7639
f 7646 7643 7635
f 7647 6662 6661
f 7647 6663 6662
f 7647 6664 6663
f 7647 6661 7644
f 7647 7636 7640
f 7647 7640 7643
f 7647 7644 7636
f 7648 7639 7642
f 7648 7646 7639
f 7648 7642 7645
f 7649 6674 6666
f 7649 6665 6664
f 7649 6666 6665
f 7649 7647 7643
f 7649 6664 7647
f 7650 7645 132
f 7650 7648 7645
f 7651 6675 6674
f 7651 6676 6675
f 7651 6677 6676
f 7651 6678 6677
f 7651 7643 7646
f 7651 6674 7649
f 7651 7649 7643
f 7652 6688 6679
f 7652 6689 6688
f 7652 7651 7646
f 7652 6679 6678
f 7652 6678 7651
f 7652 7646 7648
f 7653 7652 7648
f 7653 6690 6689
f 7653 6691 6690
f 7653 6692 6691
f 7653 132 6692
f 7653 6689 7652
f 7653 7650 132
f 7653 7648 7650
f 60 105 106
f 61 60 106
f 61 106 107
f 59 105 60
f 59 104 105
f 38 61 107
f 38 107 108
f 58 104 59
f 58 103 104
f 7512 108 7566
f 7512 38 108
f 57 103 58
f 57 102 103
f 7513 7566 7567
f 7513 7567 7568
f 7513 7512 7566
f 56 102 57
f 56 101 102
f 7514 7568 7569
f 7514 7513 7568
f 55 101 56
f 55 100 101
f 7515 7569 7570
f 7515 7514 7569
f 54 99 100
f 54 100 55
f 7516 7570 7571
f 7516 7515 7570
f 53 98 99
f 53 99 54
f 7517 7571 7572
f 7517 7516 7571
f 52 97 98
f 52 98 53
f 7518 7572 7573
f 7518 7517 7572
f 51 96 97
f 51 97 52
f 7519 7518 7573
f 50 96 51
f 7520 7573 7574
f 7520 7519 7573
f 49 95 96
f 49 96 50
f 7575 7521 7520
f 7575 7520 7574
f 94 49 48
f 94 95 49
f 7576 7522 7521
f 7576 7521 7575
f 93 48 47
f 93 94 48
f 7577 7523 7522
f 7577 7522 7576
f 92 93 47
f 92 47 46
f 7578 7523 7577
f 7578 7524 7523
f 91 92 46
f 91 46 45
f 7579 7524 7578
f 7579 7525 7524
f 90 91 45
f 90 45 44
f 7580 7526 7525
f 7580 7525 7579
f 89 90 44
f 89 44 43
f 7581 7526 7580
f 7581 7527 7526
f 88 89 43
f 88 42 41
f 88 43 42
f 7582 7527 7581
f 7582 7528 7527
f 87 88 41
f 7583 7528 7582
f 7583 7529 7528
f 86 87 41
f 86 41 40
f 7584 7529 7583
f 7584 7530 7529
f 85 86 40
f 85 39 7533
f 85 40 39
f 7585 7531 7530
f 7585 7530 7584
f 7587 7533 7532
f 7587 85 7533
f 7586 7532 7531
f 7586 7531 7585
f 7586 7587 7532
f 7655 7658 7656
f 7538 7537 7657
f 7547 7654 7534
f 7546 7654 7547
f 7545 7654 7546
f 7544 7543 7654
f 7544 7654 7545
f 7659 7655 7654
f 7659 7539 7538
f 7659 7540 7539
f 7659 7541 7540
f 7659 7542 7541
f 7659 7543 7542
f 7659 7657 7658
f 7659 7658 7655
f 7659 7538 7657
f 7659 7654 7543
f 7558 7657 7537
f 7557 7657 7558
f 7556 7657 7557
f 7555 7658 7657
f 7555 7657 7556
f 7554 7658 7555
f 7549 7548 7656
f 7553 7658 7554
f 7550 7549 7656
f 7552 7656 7658
f 7552 7658 7553
f 7551 7550 7656
f 7551 7656 7552
f 7656 7559 62
f 7656 7560 7559
f 7656 7561 7560
f 7656 7562 7561
f 7656 7563 7562
f 7656 7564 7563
f 7656 7565 7564
f 7656 7548 7565
f 7656 75 74
f 7656 76 75
f 7656 77 76
f 7656 78 77
f 7656 79 78
f 7656 80 79
f 7656 81 80
f 7656 82 81
f 7656 83 82
f 7656 84 83
f 7656 62 84
f 7655 67 66
f 7655 68 67
f 7655 69 68
f 7655 70 69
f 7655 71 70
f 7655 72 71
f 7655 73 72
f 7655 74 73
f 7655 7656 74
f 7654 64 63
f 7654 65 64
f 7654 66 65
f 7654 7655 66
f 37 7654 63
f 7536 7654 37
f 7535 7654 7536
f 7534 7654 7535
f 1377 7660 1378
f 1191 7660 1377
f 1262 1190 1191
f 1262 1191 1377
f 6935 1262 1377
f 7661 1380 1379
f 1192 1380 7661
f 1424 1192 1193
f 1424 1380 1192
f 1426 1380 1424
f 7660 7661 1379
f 1378 7660 1379
f 7662 1365 1362
f 1209 1365 7662
f 1384 1209 1210
f 1384 1365 1209
f 1421 1365 1384
f 1350 7663 1361
f 1206 7663 1350
f 1341 1205 1206
f 1341 1206 1350
f 1345 1341 1350
f 7665 7662 1362
f 7665 1362 1363
f 7664 1363 1364
f 7664 1364 1361
f 7664 7665 1363
f 7663 7664 1361
f 1202 1344 1201
f 1349 1344 1346
f 1349 1201 1344
f 7666 1201 1349
f 1360 7666 1349
f 7667 1357 1356
f 1198 7667 1356
f 4900 1197 1198
f 4900 1198 1356
f 6946 4900 1356
f 7669 7666 1360
f 7669 1360 1359
f 7668 1358 1357
f 7668 1359 1358
f 7668 7669 1359
f 7667 7668 1357
f 1324 7670 1325
f 1168 7670 1324
f 1219 1167 1168
f 1219 1168 1324
f 6939 1219 1324
f 7671 1327 1326
f 1169 1327 7671
f 1337 1169 1170
f 1337 1327 1169
f 1339 1327 1337
f 7670 1326 1325
f 7671 1326 7670
f 1297 7672 1308
f 1183 7672 1297
f 1288 1182 1183
f 1288 1183 1297
f 1292 1288 1297
f 7673 1312 1309
f 1186 1312 7673
f 1328 1186 1187
f 1328 1312 1186
f 1331 1312 1328
f 7675 7673 1309
f 7675 1309 1310
f 7674 1310 1311
f 7674 1311 1308
f 7674 7675 1310
f 7672 7674 1308
f 7676 1296 1307
f 1178 1296 7676
f 1291 1178 1179
f 1291 1296 1178
f 1293 1296 1291
f 1303 7677 1304
f 1175 7677 1303
f 4903 1174 1175
f 4903 1175 1303
f 6938 4903 1303
f 7679 7676 1307
f 7679 1307 1306
f 7678 1305 1304
f 7678 1306 1305
f 7678 7679 1306
f 7677 7678 1304
f 977 7681 7682
f 978 7682 7683
f 978 977 7682
f 979 7683 7680
f 979 978 7683
f 976 979 7680
f 980 7681 977
f 1285 7681 980
f 7680 1440 1281
f 7683 1440 7680
f 7682 1441 1440
f 7682 1440 7683
f 7681 1285 1441
f 7681 1441 7682
f 7680 973 976
f 1281 973 7680
f 970 7685 7686
f 970 969 7685
f 971 7686 7687
f 971 970 7686
f 968 7687 7684
f 968 971 7687
f 972 7685 969
f 1282 7685 972
f 7684 1438 1277
f 7687 1439 1438
f 7687 1438 7684
f 7686 1439 7687
f 7685 1282 1439
f 7685 1439 7686
f 7684 965 968
f 1277 965 7684
f 963 7688 960
f 963 7691 7688
f 962 7690 7691
f 962 7691 963
f 961 7689 7690
f 961 7690 962
f 964 7689 961
f 1278 7689 964
f 7688 1436 1273
f 7691 1436 7688
f 7690 1437 1436
f 7690 1436 7691
f 7689 1278 1437
f 7689 1437 7690
f 7688 957 960
f 1273 957 7688
f 952 7695 7692
f 955 7694 7695
f 955 7695 952
f 954 7693 7694
f 954 7694 955
f 953 7693 954
f 956 7693 953
f 1274 7693 956
f 7692 1434 945
f 7695 1435 1434
f 7695 1434 7692
f 7694 1435 7695
f 7693 1274 1435
f 7693 1435 7694
f 7692 944 952
f 945 944 7692
f 1264 7697 7696
f 1265 1264 7696
f 1263 7697 1264
f 1442 7697 1263
f 1271 7696 7697
f 1442 1271 7697
f 7696 1266 1265
f 1271 1266 7696
f 1268 7699 7698
f 1261 1268 7698
f 1267 7699 1268
f 1272 7699 1267
f 1270 7698 7699
f 1272 1270 7699
f 7698 1260 1261
f 1270 1260 7698
f 1747 7701 7702
f 1748 7702 7703
f 1748 1747 7702
f 1749 7703 7700
f 1749 1748 7703
f 1746 1749 7700
f 7701 1747 1256
f 1257 7701 1256
f 7700 1497 1247
f 7703 1497 7700
f 7702 1498 1497
f 7702 1497 7703
f 7701 1257 1498
f 7701 1498 7702
f 7700 1247 1246
f 7700 1246 1746
f 1744 7705 7706
f 1744 1743 7705
f 1745 7706 7707
f 1745 1744 7706
f 1742 7707 7704
f 1742 1745 7707
f 7705 1743 1250
f 1251 7705 1250
f 7704 1495 1239
f 7707 1496 1495
f 7707 1495 7704
f 7706 1496 7707
f 7705 1251 1496
f 7705 1496 7706
f 7704 1239 1238
f 7704 1238 1742
f 1741 7708 1738
f 1741 7711 7708
f 1740 7710 7711
f 1740 7711 1741
f 1739 7709 7710
f 1739 7710 1740
f 1242 7709 1739
f 1243 7709 1242
f 7708 1493 1231
f 7711 1493 7708
f 7710 1494 1493
f 7710 1493 7711
f 7709 1243 1494
f 7709 1494 7710
f 7708 1230 1738
f 1231 1230 7708
f 1754 7715 7712
f 1756 7714 7715
f 1756 7715 1754
f 1755 7713 7714
f 1755 7714 1756
f 1737 7713 1755
f 1234 7713 1737
f 1235 7713 1234
f 7712 1491 1488
f 7715 1492 1491
f 7715 1491 7712
f 7714 1492 7715
f 7713 1235 1492
f 7713 1492 7714
f 7712 1751 1754
f 1488 1751 7712
f 1221 7717 7716
f 1222 1221 7716
f 1220 7717 1221
f 1499 7717 1220
f 1228 7716 7717
f 1499 1228 7717
f 7716 1223 1222
f 1228 1223 7716
f 1225 7719 7718
f 1217 1225 7718
f 1224 7719 1225
f 1229 7719 1224
f 1227 7718 7719
f 1229 1227 7719
f 7718 1216 1217
f 1227 1216 7718
f 7286 1655 1654
f 7287 1654 1653
f 7287 7286 1654
f 7288 1653 1652
f 7288 7287 1653
f 7289 1652 1651
f 7289 7288 1652
f 7290 1651 1650
f 7290 7289 1651
f 7291 1650 1649
f 7291 7290 1650
f 7292 1649 1648
f 7292 7291 1649
f 7293 1648 1647
f 7293 7292 1648
f 7294 1647 1646
f 7294 7293 1647
f 7295 7294 1646
f 7284 6749 6748
f 7313 6748 6747
f 7313 7284 6748
f 7314 6747 6746
f 7314 7313 6747
f 7315 6746 6745
f 7315 7314 6746
f 7316 6744 6743
f 7316 6745 6744
f 7316 7315 6745
f 7317 6743 6742
f 7317 7316 6743
f 7318 6742 6741
f 7318 7317 6742
f 7319 6741 6740
f 7319 7318 6741
f 7320 6740 6739
f 7320 7319 6740
f 7321 7320 6739
f 7296 6794 6793
f 7297 6793 6792
f 7297 7296 6793
f 7298 6792 6791
f 7298 7297 6792
f 7299 6791 6790
f 7299 7298 6791
f 7300 6790 6789
f 7300 7299 6790
f 7301 6789 6788
f 7301 7300 6789
f 7302 6788 6787
f 7302 7301 6788
f 7303 6787 6786
f 7303 7302 6787
f 7304 6786 6785
f 7304 7303 6786
f 7282 7304 6785
f 7283 6782 6781
f 7305 6781 6780
f 7305 7283 6781
f 7306 6780 6779
f 7306 7305 6780
f 7307 6778 6777
f 7307 6779 6778
f 7307 7306 6779
f 7308 6777 6776
f 7308 7307 6777
f 7309 6776 6775
f 7309 7308 6776
f 7310 6775 6774
f 7310 7309 6775
f 7311 6774 6773
f 7311 7310 6774
f 7312 6773 6772
f 7312 7311 6773
f 7285 6772 6771
f 7285 7312 6772
f 7475 1520 1519
f 7476 1519 1518
f 7476 7475 1519
f 7477 1518 1517
f 7477 7476 1518
f 7478 1517 1516
f 7478 7477 1517
f 7479 1516 1515
f 7479 7478 1516
f 7480 1515 1514
f 7480 7479 1515
f 7481 1514 1513
f 7481 7480 1514
f 7482 1513 1512
f 7482 7481 1513
f 7483 1512 1511
f 7483 7482 1512
f 7484 7483 1511
f 7473 6614 6613
f 7497 6613 6612
f 7497 7473 6613
f 7498 6612 6611
f 7498 7497 6612
f 7499 6611 6610
f 7499 7498 6611
f 7500 6609 6608
f 7500 6610 6609
f 7500 7499 6610
f 7501 6608 6607
f 7501 7500 6608
f 7502 6607 6606
f 7502 7501 6607
f 7503 6606 6605
f 7503 7502 6606
f 7504 6605 6604
f 7504 7503 6605
f 7505 7504 6604
f 31 25 6654
f 7485 6654 6653
f 7485 31 6654
f 7486 6653 6652
f 7486 7485 6653
f 7487 6652 6651
f 7487 7486 6652
f 7488 6651 6650
f 7488 7487 6651
f 7471 7488 6650
f 7472 6647 6646
f 7489 6646 6645
f 7489 7472 6646
f 7490 6645 6644
f 7490 7489 6645
f 7491 6643 6642
f 7491 6644 6643
f 7491 7490 6644
f 7492 6642 6641
f 7492 7491 6642
f 7493 6641 6640
f 7493 7492 6641
f 7494 6640 6639
f 7494 7493 6640
f 7495 6639 6638
f 7495 7494 6639
f 7496 6638 6637
f 7496 7495 6638
f 7474 6637 6636
f 7474 7496 6637
f 7720 7723 7722
f 7721 7723 7720
f 7724 7723 7721
f 7724 7725 7723
f 7726 7725 7724
f 7726 7727 7725
f 7728 7727 7726
f 7728 7729 7727
f 7730 7729 7728
f 7730 7731 7729
f 7720 7731 7730
f 7720 7722 7731
f 7733 7734 7732
f 7733 7735 7734
f 7733 7737 7735
f 7736 7737 7733
f 7736 7739 7737
f 7738 7739 7736
f 7740 7739 7738
f 7740 7741 7739
f 7740 7743 7741
f 7742 7743 7740
f 7742 7734 7743
f 7732 7734 7742
f 7745 7744 7749
f 7753 7749 7748
f 7753 7745 7749
f 7752 7748 7747
f 7752 7753 7748
f 7751 7747 7746
f 7751 7752 7747
f 7750 7751 7746
f 7758 7757 7764
f 7763 7758 7764
f 7753 7761 7745
f 7755 7754 7760
f 7750 7756 7751
f 7765 7752 7751
f 7765 7753 7752
f 7765 7756 7755
f 7765 7759 7758
f 7765 7760 7759
f 7765 7762 7761
f 7765 7763 7762
f 7765 7758 7763
f 7765 7755 7760
f 7765 7761 7753
f 7765 7751 7756
f 7764 7757 7768
f 7763 7764 7768
f 7762 7763 7768
f 7769 7745 7761
f 7769 7761 7762
f 7769 7762 7768
f 7766 7744 7745
f 7767 7745 7769
f 7767 7766 7745
f 7757 7771 7768
f 7757 7770 7771
f 7758 7770 7757
f 7759 7770 7758
f 7760 7770 7759
f 7754 7770 7760
f 7755 7770 7754
f 7756 7770 7755
f 7750 7772 7770
f 7750 7770 7756
f 7746 7772 7750
f 7768 7773 7769
f 7768 7771 7773
f 7769 7774 7767
f 7769 7773 7774
f 7766 7774 7775
f 7767 7774 7766
f 7747 7772 7746
f 7748 7772 7747
f 7749 7775 7772
f 7749 7772 7748
f 7744 7775 7749
f 7766 7775 7744
f 7777 7776 7781
f 7785 7781 7780
f 7785 7777 7781
f 7784 7780 7779
f 7784 7785 7780
f 7783 7779 7778
f 7783 7784 7779
f 7782 7783 7778
f 7790 7789 7796
f 7795 7790 7796
f 7785 7793 7777
f 7787 7786 7792
f 7782 7788 7783
f 7797 7784 7783
f 7797 7785 7784
f 7797 7788 7787
f 7797 7791 7790
f 7797 7792 7791
f 7797 7794 7793
f 7797 7795 7794
f 7797 7790 7795
f 7797 7787 7792
f 7797 7793 7785
f 7797 7783 7788
f 7777 7799 7798
f 7777 7798 7776
f 7801 7777 7793
f 7801 7793 7794
f 7801 7799 7777
f 7800 7794 7795
f 7800 7795 7796
f 7800 7796 7789
f 7800 7801 7794
f 7789 7803 7800
f 7789 7802 7803
f 7790 7802 7789
f 7791 7802 7790
f 7792 7802 7791
f 7786 7802 7792
f 7787 7802 7786
f 7788 7802 7787
f 7782 7804 7802
f 7782 7802 7788
f 7778 7804 7782
f 7800 7805 7801
f 7800 7803 7805
f 7799 7805 7806
f 7801 7805 7799
f 7798 7806 7807
f 7799 7806 7798
f 7779 7804 7778
f 7780 7804 7779
f 7781 7807 7804
f 7781 7804 7780
f 7776 7807 7781
f 7798 7807 7776
f 7806 7805 7740
f 7738 7806 7740
f 7807 7806 7738
f 7736 7807 7738
f 7805 7803 7742
f 7740 7805 7742
f 7733 7804 7807
f 7733 7807 7736
f 7742 7802 7732
f 7742 7803 7802
f 7732 7802 7804
f 7732 7804 7733
f 7726 7774 7773
f 7726 7773 7728
f 7724 7775 7774
f 7724 7774 7726
f 7728 7771 7730
f 7728 7773 7771
f 7721 7772 7775
f 7721 7775 7724
f 7730 7770 7720
f 7730 7771 7770
f 7770 7772 7721
f 7720 7770 7721
f 7739 7326 7737
f 7327 7326 7739
f 7326 7325 7735
f 7326 7735 7737
f 7322 7327 7739
f 7322 7739 7741
f 7325 7324 7734
f 7325 7734 7735
f 7323 7322 7741
f 7323 7741 7743
f 7734 7323 7743
f 7324 7323 7734
f 7511 7510 7725
f 7511 7725 7727
f 7510 7509 7723
f 7510 7723 7725
f 7506 7511 7727
f 7506 7727 7729
f 7723 7508 7722
f 7509 7508 7723
f 7507 7506 7729
f 7507 7729 7731
f 7508 7507 7731
f 7508 7731 7722
f 1056 1057 7252
f 1056 7252 7812
f 1055 7812 7811
f 1055 1056 7812
f 1054 7811 7810
f 1054 1055 7811
f 1053 7810 7809
f 1053 1054 7810
f 1052 7809 7808
f 1052 1053 7809
f 7814 1102 7813
f 7814 1103 1102
f 7815 1104 1103
f 7815 1103 7814
f 7816 1105 1104
f 7816 1104 7815
f 7817 1106 1105
f 7817 1105 7816
f 7251 1107 1106
f 7251 1106 7817
f 1102 1108 7818
f 1102 7818 7813
f 1047 7821 7818
f 1108 1047 7818
f 7820 1046 1047
f 7820 1047 1108
f 7819 1108 1109
f 7819 7820 1108
f 7821 1048 7822
f 1047 1048 7821
f 7826 7823 7822
f 7826 7824 7823
f 7826 7825 7824
f 7826 7808 7825
f 7827 1052 7808
f 7827 7822 1048
f 7827 7826 7822
f 7827 7808 7826
f 7828 1048 1049
f 7828 1049 1050
f 7828 1050 1051
f 7828 1051 1052
f 7828 7827 1048
f 7828 1052 7827
f 7817 7812 7252
f 7817 7252 7251
f 7816 7812 7817
f 7811 7812 7816
f 7815 7811 7816
f 7810 7811 7815
f 7814 7810 7815
f 7809 7810 7814
f 7813 7809 7814
f 7808 7809 7813
f 7825 7808 7813
f 7824 7825 7813
f 7823 7824 7813
f 7822 7823 7813
f 7821 7813 7818
f 7821 7822 7813
f 1100 1101 7829
f 1100 7829 7834
f 1099 7834 7833
f 1099 1100 7834
f 1098 7833 7832
f 1098 1099 7833
f 1097 7832 7831
f 1097 1098 7832
f 1096 7831 7830
f 1096 1097 7831
f 1113 7829 1101
f 1113 7837 7829
f 7835 1101 1039
f 7835 1113 1101
f 7836 1110 1113
f 7836 1113 7835
f 7839 1114 7838
f 7839 1115 1114
f 7840 1116 1115
f 7840 1115 7839
f 7841 1117 1116
f 7841 1116 7840
f 7842 1118 1117
f 7842 1117 7841
f 7837 1113 1118
f 7837 1118 7842
f 1114 1119 7843
f 1114 7843 7838
f 1119 1091 7846
f 1119 7846 7843
f 7845 1090 1091
f 7845 1091 1119
f 7844 1119 1120
f 7844 7845 1119
f 7846 1092 7847
f 1091 1092 7846
f 7851 7848 7847
f 7851 7849 7848
f 7851 7850 7849
f 7851 7830 7850
f 7852 1096 7830
f 7852 7847 1092
f 7852 7851 7847
f 7852 7830 7851
f 7853 1092 1093
f 7853 1093 1094
f 7853 1094 1095
f 7853 1095 1096
f 7853 7852 1092
f 7853 1096 7852
f 7842 7834 7829
f 7842 7829 7837
f 7841 7834 7842
f 7833 7834 7841
f 7840 7833 7841
f 7832 7833 7840
f 7839 7832 7840
f 7831 7832 7839
f 7838 7831 7839
f 7830 7831 7838
f 7850 7830 7838
f 7849 7850 7838
f 7848 7849 7838
f 7847 7848 7838
f 7846 7838 7843
f 7846 7847 7838
f 7845 1089 1090
f 7845 7854 1089
f 7859 7856 7855
f 7859 7857 7856
f 7859 7858 7857
f 7859 7854 7858
f 7860 7855 1085
f 7860 1089 7854
f 7860 7859 7855
f 7860 7854 7859
f 7861 1085 1086
f 7861 1086 1087
f 7861 1087 1088
f 7861 1088 1089
f 7861 7860 1085
f 7861 1089 7860
f 1081 7218 1080
f 1081 7862 7218
f 1082 7863 7862
f 1082 7862 1081
f 1083 7864 7863
f 1083 7863 1082
f 1084 7865 7864
f 1084 7864 1083
f 1085 7855 7865
f 1085 7865 1084
f 7869 1121 1126
f 7869 7870 1121
f 7868 1126 1125
f 7868 7869 1126
f 7867 1125 1124
f 7867 7868 1125
f 7866 1124 1123
f 7866 7867 1124
f 7219 1123 1122
f 7219 7866 1123
f 1121 7844 1120
f 7870 7844 1121
f 7870 7845 7844
f 7854 7845 7870
f 7858 7854 7870
f 7857 7858 7870
f 7856 7857 7870
f 7855 7856 7870
f 7866 7219 7218
f 7865 7870 7869
f 7865 7855 7870
f 7862 7867 7866
f 7862 7866 7218
f 7864 7869 7868
f 7864 7865 7869
f 7863 7868 7867
f 7863 7867 7862
f 7863 7864 7868
f 7820 1045 1046
f 7820 7871 1045
f 7875 7872 13
f 7875 7873 7872
f 7875 7874 7873
f 7875 7871 7874
f 7876 13 14
f 7876 1045 7871
f 7876 7875 13
f 7876 7871 7875
f 7877 14 1042
f 7877 1042 1043
f 7877 1043 1044
f 7877 1044 1045
f 7877 7876 14
f 7877 1045 7876
f 1040 7835 1039
f 1040 7878 7835
f 1041 7879 7878
f 1041 7878 1040
f 15 20 7879
f 15 7879 1041
f 7881 7 1
f 7881 1 1112
f 7880 1112 1111
f 7880 7881 1112
f 7836 1111 1110
f 7836 7880 1111
f 6 7819 1109
f 12 7819 6
f 12 7820 7819
f 7871 7820 12
f 7874 7871 12
f 7873 7874 12
f 7872 7873 12
f 13 7872 12
f 7878 7880 7836
f 7878 7836 7835
f 7879 7881 7880
f 7879 7880 7878
f 20 8 7
f 20 7 7881
f 20 7881 7879
f 24 12 11
f 24 13 12
f 21 9 8
f 21 8 20
f 23 11 10
f 23 24 11
f 22 10 9
f 22 9 21
f 22 23 10
f 1177 1178 7676
f 1177 7679 7678
f 1177 7676 7679
f 1176 7678 7677
f 1176 1177 7678
f 1175 1176 7677
f 1185 7675 7674
f 1185 7673 7675
f 1185 1186 7673
f 1184 7674 7672
f 1184 1185 7674
f 1183 1184 7672
f 1169 7671 7670
f 1168 1169 7670
f 1200 1201 7666
f 1200 7669 7668
f 1200 7666 7669
f 1199 7668 7667
f 1199 1200 7668
f 1198 1199 7667
f 1208 1209 7662
f 1208 7665 7664
f 1208 7662 7665
f 1207 7664 7663
f 1207 1208 7664
f 1206 1207 7663
f 1192 7661 7660
f 1191 1192 7660

