# https://github.com/mikedh/trimesh
v -0.00000000 25.40000000 -545.84259779
v -0.00000000 23.41880000 -545.84259779
v -0.00000000 23.41880000 -540.34259779
v -0.37445829 23.41880000 -540.36821144
v -0.74194112 23.41880000 -540.44457525
v -1.09560300 23.41880000 -540.57026671
v -1.42885586 23.41880000 -540.74294443
v -1.73549185 23.41880000 -540.95939174
v -2.00979890 23.41880000 -541.21557665
v -2.24666721 23.41880000 -541.50672690
v -2.44168435 23.41880000 -541.82741894
v -2.59121754 23.41880000 -542.17167886
v -2.69248124 23.41880000 -542.53309375
v -2.74358912 23.41880000 -542.90493115
v -2.74358912 23.41880000 -543.28026443
v -2.69248124 23.41880000 -543.65210183
v -2.59121754 23.41880000 -544.01351672
v -2.44168435 23.41880000 -544.35777664
v -2.24666721 23.41880000 -544.67846868
v -2.00979890 23.41880000 -544.96961893
v -1.73549185 23.41880000 -545.22580384
v -1.42885586 23.41880000 -545.44225115
v -1.09560300 23.41880000 -545.61492887
v -0.74194112 23.41880000 -545.74062033
v -0.37445829 23.41880000 -545.81698414
v -0.00000000 25.40000000 -540.34259779
v -0.37445829 25.40000000 -540.36821144
v -0.74194112 25.40000000 -540.44457525
v -1.09560300 25.40000000 -540.57026671
v -1.42885586 25.40000000 -540.74294443
v -1.73549185 25.40000000 -540.95939174
v -2.00979890 25.40000000 -541.21557665
v -2.24666721 25.40000000 -541.50672690
v -2.44168435 25.40000000 -541.82741894
v -2.59121754 25.40000000 -542.17167886
v -2.69248124 25.40000000 -542.53309375
v -2.74358912 25.40000000 -542.90493115
v -2.74358912 25.40000000 -543.28026443
v -2.69248124 25.40000000 -543.65210183
v -2.59121754 25.40000000 -544.01351672
v -2.44168435 25.40000000 -544.35777664
v -2.24666721 25.40000000 -544.67846868
v -2.00979890 25.40000000 -544.96961893
v -1.73549185 25.40000000 -545.22580384
v -1.42885586 25.40000000 -545.44225115
v -1.09560300 25.40000000 -545.61492887
v -0.74194112 25.40000000 -545.74062033
v -0.37445829 25.40000000 -545.81698414
v -0.00000000 25.40000000 540.34259779
v -0.00000000 23.41880000 540.34259779
v -0.00000000 23.41880000 545.84259779
v -0.37445829 23.41880000 545.81698414
v -0.74194112 23.41880000 545.74062033
v -1.09560300 23.41880000 545.61492887
v -1.42885586 23.41880000 545.44225115
v -1.73549185 23.41880000 545.22580384
v -2.00979890 23.41880000 544.96961893
v -2.24666721 23.41880000 544.67846868
v -2.44168435 23.41880000 544.35777664
v -2.59121754 23.41880000 544.01351672
v -2.69248124 23.41880000 543.65210183
v -2.74358912 23.41880000 543.28026443
v -2.74358912 23.41880000 542.90493115
v -2.69248124 23.41880000 542.53309375
v -2.59121754 23.41880000 542.17167886
v -2.44168435 23.41880000 541.82741894
v -2.24666721 23.41880000 541.50672690
v -2.00979890 23.41880000 541.21557665
v -1.73549185 23.41880000 540.95939174
v -1.42885586 23.41880000 540.74294443
v -1.09560300 23.41880000 540.57026671
v -0.74194112 23.41880000 540.44457525
v -0.37445829 23.41880000 540.36821144
v -0.00000000 25.40000000 545.84259779
v -0.37445829 25.40000000 545.81698414
v -0.74194112 25.40000000 545.74062033
v -1.09560300 25.40000000 545.61492887
v -1.42885586 25.40000000 545.44225115
v -1.73549185 25.40000000 545.22580384
v -2.00979890 25.40000000 544.96961893
v -2.24666721 25.40000000 544.67846868
v -2.44168435 25.40000000 544.35777664
v -2.59121754 25.40000000 544.01351672
v -2.69248124 25.40000000 543.65210183
v -2.74358912 25.40000000 543.28026443
v -2.74358912 25.40000000 542.90493115
v -2.69248124 25.40000000 542.53309375
v -2.59121754 25.40000000 542.17167886
v -2.44168435 25.40000000 541.82741894
v -2.24666721 25.40000000 541.50672690
v -2.00979890 25.40000000 541.21557665
v -1.73549185 25.40000000 540.95939174
v -1.42885586 25.40000000 540.74294443
v -1.09560300 25.40000000 540.57026671
v -0.74194112 25.40000000 540.44457525
v -0.37445829 25.40000000 540.36821144
v 13.25880000 25.40000000 301.62500000
v 13.25880000 23.41880000 301.62500000
v 13.25880000 23.41880000 307.97500000
v 12.82647089 23.41880000 307.94542788
v 12.40219525 23.41880000 307.85726239
v 11.99387654 23.41880000 307.71214588
v 11.60912096 23.41880000 307.51278161
v 11.25509578 23.41880000 307.26288335
v 10.93839581 23.41880000 306.96710623
v 10.66492059 23.41880000 306.63096002
v 10.43976443 23.41880000 306.26070649
v 10.26712157 23.41880000 305.86324277
v 10.15020802 23.41880000 305.44597284
v 10.09120166 23.41880000 305.01666966
v 10.09120166 23.41880000 304.58333034
v 10.15020802 23.41880000 304.15402716
v 10.26712157 23.41880000 303.73675723
v 10.43976443 23.41880000 303.33929351
v 10.66492059 23.41880000 302.96903998
v 10.93839581 23.41880000 302.63289377
v 11.25509578 23.41880000 302.33711665
v 11.60912096 23.41880000 302.08721839
v 11.99387654 23.41880000 301.88785412
v 12.40219525 23.41880000 301.74273761
v 12.82647089 23.41880000 301.65457212
v 13.25880000 25.40000000 307.97500000
v 12.82647089 25.40000000 307.94542788
v 12.40219525 25.40000000 307.85726239
v 11.99387654 25.40000000 307.71214588
v 11.60912096 25.40000000 307.51278161
v 11.25509578 25.40000000 307.26288335
v 10.93839581 25.40000000 306.96710623
v 10.66492059 25.40000000 306.63096002
v 10.43976443 25.40000000 306.26070649
v 10.26712157 25.40000000 305.86324277
v 10.15020802 25.40000000 305.44597284
v 10.09120166 25.40000000 305.01666966
v 10.09120166 25.40000000 304.58333034
v 10.15020802 25.40000000 304.15402716
v 10.26712157 25.40000000 303.73675723
v 10.43976443 25.40000000 303.33929351
v 10.66492059 25.40000000 302.96903998
v 10.93839581 25.40000000 302.63289377
v 11.25509578 25.40000000 302.33711665
v 11.60912096 25.40000000 302.08721839
v 11.99387654 25.40000000 301.88785412
v 12.40219525 25.40000000 301.74273761
v 12.82647089 25.40000000 301.65457212
v 13.25880000 25.40000000 -307.97500000
v 13.25880000 23.41880000 -307.97500000
v 13.25880000 23.41880000 -301.62500000
v 12.82647089 23.41880000 -301.65457212
v 12.40219525 23.41880000 -301.74273761
v 11.99387654 23.41880000 -301.88785412
v 11.60912096 23.41880000 -302.08721839
v 11.25509578 23.41880000 -302.33711665
v 10.93839581 23.41880000 -302.63289377
v 10.66492059 23.41880000 -302.96903998
v 10.43976443 23.41880000 -303.33929351
v 10.26712157 23.41880000 -303.73675723
v 10.15020802 23.41880000 -304.15402716
v 10.09120166 23.41880000 -304.58333034
v 10.09120166 23.41880000 -305.01666966
v 10.15020802 23.41880000 -305.44597284
v 10.26712157 23.41880000 -305.86324277
v 10.43976443 23.41880000 -306.26070649
v 10.66492059 23.41880000 -306.63096002
v 10.93839581 23.41880000 -306.96710623
v 11.25509578 23.41880000 -307.26288335
v 11.60912096 23.41880000 -307.51278161
v 11.99387654 23.41880000 -307.71214588
v 12.40219525 23.41880000 -307.85726239
v 12.82647089 23.41880000 -307.94542788
v 13.25880000 25.40000000 -301.62500000
v 12.82647089 25.40000000 -301.65457212
v 12.40219525 25.40000000 -301.74273761
v 11.99387654 25.40000000 -301.88785412
v 11.60912096 25.40000000 -302.08721839
v 11.25509578 25.40000000 -302.33711665
v 10.93839581 25.40000000 -302.63289377
v 10.66492059 25.40000000 -302.96903998
v 10.43976443 25.40000000 -303.33929351
v 10.26712157 25.40000000 -303.73675723
v 10.15020802 25.40000000 -304.15402716
v 10.09120166 25.40000000 -304.58333034
v 10.09120166 25.40000000 -305.01666966
v 10.15020802 25.40000000 -305.44597284
v 10.26712157 25.40000000 -305.86324277
v 10.43976443 25.40000000 -306.26070649
v 10.66492059 25.40000000 -306.63096002
v 10.93839581 25.40000000 -306.96710623
v 11.25509578 25.40000000 -307.26288335
v 11.60912096 25.40000000 -307.51278161
v 11.99387654 25.40000000 -307.71214588
v 12.40219525 25.40000000 -307.85726239
v 12.82647089 25.40000000 -307.94542788
v 13.25880000 25.40000000 -3.17500000
v 13.25880000 23.41880000 -3.17500000
v 13.25880000 23.41880000 3.17500000
v 12.82647089 23.41880000 3.14542788
v 12.40219525 23.41880000 3.05726239
v 11.99387654 23.41880000 2.91214588
v 11.60912096 23.41880000 2.71278161
v 11.25509578 23.41880000 2.46288335
v 10.93839581 23.41880000 2.16710623
v 10.66492059 23.41880000 1.83096002
v 10.43976443 23.41880000 1.46070649
v 10.26712157 23.41880000 1.06324277
v 10.15020802 23.41880000 0.64597284
v 10.09120166 23.41880000 0.21666966
v 10.09120166 23.41880000 -0.21666966
v 10.15020802 23.41880000 -0.64597284
v 10.26712157 23.41880000 -1.06324277
v 10.43976443 23.41880000 -1.46070649
v 10.66492059 23.41880000 -1.83096002
v 10.93839581 23.41880000 -2.16710623
v 11.25509578 23.41880000 -2.46288335
v 11.60912096 23.41880000 -2.71278161
v 11.99387654 23.41880000 -2.91214588
v 12.40219525 23.41880000 -3.05726239
v 12.82647089 23.41880000 -3.14542788
v 13.25880000 25.40000000 3.17500000
v 12.82647089 25.40000000 3.14542788
v 12.40219525 25.40000000 3.05726239
v 11.99387654 25.40000000 2.91214588
v 11.60912096 25.40000000 2.71278161
v 11.25509578 25.40000000 2.46288335
v 10.93839581 25.40000000 2.16710623
v 10.66492059 25.40000000 1.83096002
v 10.43976443 25.40000000 1.46070649
v 10.26712157 25.40000000 1.06324277
v 10.15020802 25.40000000 0.64597284
v 10.09120166 25.40000000 0.21666966
v 10.09120166 25.40000000 -0.21666966
v 10.15020802 25.40000000 -0.64597284
v 10.26712157 25.40000000 -1.06324277
v 10.43976443 25.40000000 -1.46070649
v 10.66492059 25.40000000 -1.83096002
v 10.93839581 25.40000000 -2.16710623
v 11.25509578 25.40000000 -2.46288335
v 11.60912096 25.40000000 -2.71278161
v 11.99387654 25.40000000 -2.91214588
v 12.40219525 25.40000000 -3.05726239
v 12.82647089 25.40000000 -3.14542788
v -0.00000000 -23.41880000 -545.84259779
v -0.00000000 -25.40000000 -545.84259779
v -0.37445829 -25.40000000 -545.81698414
v -0.74194112 -25.40000000 -545.74062033
v -1.09560300 -25.40000000 -545.61492887
v -1.42885586 -25.40000000 -545.44225115
v -1.73549185 -25.40000000 -545.22580384
v -2.00979890 -25.40000000 -544.96961893
v -2.24666721 -25.40000000 -544.67846868
v -2.44168435 -25.40000000 -544.35777664
v -2.59121754 -25.40000000 -544.01351672
v -2.69248124 -25.40000000 -543.65210183
v -2.74358912 -25.40000000 -543.28026443
v -2.74358912 -25.40000000 -542.90493115
v -2.69248124 -25.40000000 -542.53309375
v -2.59121754 -25.40000000 -542.17167886
v -2.44168435 -25.40000000 -541.82741894
v -2.24666721 -25.40000000 -541.50672690
v -2.00979890 -25.40000000 -541.21557665
v -1.73549185 -25.40000000 -540.95939174
v -1.42885586 -25.40000000 -540.74294443
v -1.09560300 -25.40000000 -540.57026671
v -0.74194112 -25.40000000 -540.44457525
v -0.37445829 -25.40000000 -540.36821144
v -0.00000000 -25.40000000 -540.34259779
v -0.00000000 -23.41880000 -540.34259779
v -0.37445829 -23.41880000 -545.81698414
v -0.74194112 -23.41880000 -545.74062033
v -1.09560300 -23.41880000 -545.61492887
v -1.42885586 -23.41880000 -545.44225115
v -1.73549185 -23.41880000 -545.22580384
v -2.00979890 -23.41880000 -544.96961893
v -2.24666721 -23.41880000 -544.67846868
v -2.44168435 -23.41880000 -544.35777664
v -2.59121754 -23.41880000 -544.01351672
v -2.69248124 -23.41880000 -543.65210183
v -2.74358912 -23.41880000 -543.28026443
v -2.74358912 -23.41880000 -542.90493115
v -2.69248124 -23.41880000 -542.53309375
v -2.59121754 -23.41880000 -542.17167886
v -2.44168435 -23.41880000 -541.82741894
v -2.24666721 -23.41880000 -541.50672690
v -2.00979890 -23.41880000 -541.21557665
v -1.73549185 -23.41880000 -540.95939174
v -1.42885586 -23.41880000 -540.74294443
v -1.09560300 -23.41880000 -540.57026671
v -0.74194112 -23.41880000 -540.44457525
v -0.37445829 -23.41880000 -540.36821144
v -0.00000000 -23.41880000 540.34259779
v -0.00000000 -25.40000000 540.34259779
v -0.37445829 -25.40000000 540.36821144
v -0.74194112 -25.40000000 540.44457525
v -1.09560300 -25.40000000 540.57026671
v -1.42885586 -25.40000000 540.74294443
v -1.73549185 -25.40000000 540.95939174
v -2.00979890 -25.40000000 541.21557665
v -2.24666721 -25.40000000 541.50672690
v -2.44168435 -25.40000000 541.82741894
v -2.59121754 -25.40000000 542.17167886
v -2.69248124 -25.40000000 542.53309375
v -2.74358912 -25.40000000 542.90493115
v -2.74358912 -25.40000000 543.28026443
v -2.69248124 -25.40000000 543.65210183
v -2.59121754 -25.40000000 544.01351672
v -2.44168435 -25.40000000 544.35777664
v -2.24666721 -25.40000000 544.67846868
v -2.00979890 -25.40000000 544.96961893
v -1.73549185 -25.40000000 545.22580384
v -1.42885586 -25.40000000 545.44225115
v -1.09560300 -25.40000000 545.61492887
v -0.74194112 -25.40000000 545.74062033
v -0.37445829 -25.40000000 545.81698414
v -0.00000000 -25.40000000 545.84259779
v -0.00000000 -23.41880000 545.84259779
v -0.37445829 -23.41880000 540.36821144
v -0.74194112 -23.41880000 540.44457525
v -1.09560300 -23.41880000 540.57026671
v -1.42885586 -23.41880000 540.74294443
v -1.73549185 -23.41880000 540.95939174
v -2.00979890 -23.41880000 541.21557665
v -2.24666721 -23.41880000 541.50672690
v -2.44168435 -23.41880000 541.82741894
v -2.59121754 -23.41880000 542.17167886
v -2.69248124 -23.41880000 542.53309375
v -2.74358912 -23.41880000 542.90493115
v -2.74358912 -23.41880000 543.28026443
v -2.69248124 -23.41880000 543.65210183
v -2.59121754 -23.41880000 544.01351672
v -2.44168435 -23.41880000 544.35777664
v -2.24666721 -23.41880000 544.67846868
v -2.00979890 -23.41880000 544.96961893
v -1.73549185 -23.41880000 545.22580384
v -1.42885586 -23.41880000 545.44225115
v -1.09560300 -23.41880000 545.61492887
v -0.74194112 -23.41880000 545.74062033
v -0.37445829 -23.41880000 545.81698414
v 13.25880000 -23.41880000 301.62500000
v 13.25880000 -25.40000000 301.62500000
v 12.82647089 -25.40000000 301.65457212
v 12.40219525 -25.40000000 301.74273761
v 11.99387654 -25.40000000 301.88785412
v 11.60912096 -25.40000000 302.08721839
v 11.25509578 -25.40000000 302.33711665
v 10.93839581 -25.40000000 302.63289377
v 10.66492059 -25.40000000 302.96903998
v 10.43976443 -25.40000000 303.33929351
v 10.26712157 -25.40000000 303.73675723
v 10.15020802 -25.40000000 304.15402716
v 10.09120166 -25.40000000 304.58333034
v 10.09120166 -25.40000000 305.01666966
v 10.15020802 -25.40000000 305.44597284
v 10.26712157 -25.40000000 305.86324277
v 10.43976443 -25.40000000 306.26070649
v 10.66492059 -25.40000000 306.63096002
v 10.93839581 -25.40000000 306.96710623
v 11.25509578 -25.40000000 307.26288335
v 11.60912096 -25.40000000 307.51278161
v 11.99387654 -25.40000000 307.71214588
v 12.40219525 -25.40000000 307.85726239
v 12.82647089 -25.40000000 307.94542788
v 13.25880000 -25.40000000 307.97500000
v 13.25880000 -23.41880000 307.97500000
v 12.82647089 -23.41880000 301.65457212
v 12.40219525 -23.41880000 301.74273761
v 11.99387654 -23.41880000 301.88785412
v 11.60912096 -23.41880000 302.08721839
v 11.25509578 -23.41880000 302.33711665
v 10.93839581 -23.41880000 302.63289377
v 10.66492059 -23.41880000 302.96903998
v 10.43976443 -23.41880000 303.33929351
v 10.26712157 -23.41880000 303.73675723
v 10.15020802 -23.41880000 304.15402716
v 10.09120166 -23.41880000 304.58333034
v 10.09120166 -23.41880000 305.01666966
v 10.15020802 -23.41880000 305.44597284
v 10.26712157 -23.41880000 305.86324277
v 10.43976443 -23.41880000 306.26070649
v 10.66492059 -23.41880000 306.63096002
v 10.93839581 -23.41880000 306.96710623
v 11.25509578 -23.41880000 307.26288335
v 11.60912096 -23.41880000 307.51278161
v 11.99387654 -23.41880000 307.71214588
v 12.40219525 -23.41880000 307.85726239
v 12.82647089 -23.41880000 307.94542788
v 13.25880000 -23.41880000 -307.97500000
v 13.25880000 -25.40000000 -307.97500000
v 12.82647089 -25.40000000 -307.94542788
v 12.40219525 -25.40000000 -307.85726239
v 11.99387654 -25.40000000 -307.71214588
v 11.60912096 -25.40000000 -307.51278161
v 11.25509578 -25.40000000 -307.26288335
v 10.93839581 -25.40000000 -306.96710623
v 10.66492059 -25.40000000 -306.63096002
v 10.43976443 -25.40000000 -306.26070649
v 10.26712157 -25.40000000 -305.86324277
v 10.15020802 -25.40000000 -305.44597284
v 10.09120166 -25.40000000 -305.01666966
v 10.09120166 -25.40000000 -304.58333034
v 10.15020802 -25.40000000 -304.15402716
v 10.26712157 -25.40000000 -303.73675723
v 10.43976443 -25.40000000 -303.33929351
v 10.66492059 -25.40000000 -302.96903998
v 10.93839581 -25.40000000 -302.63289377
v 11.25509578 -25.40000000 -302.33711665
v 11.60912096 -25.40000000 -302.08721839
v 11.99387654 -25.40000000 -301.88785412
v 12.40219525 -25.40000000 -301.74273761
v 12.82647089 -25.40000000 -301.65457212
v 13.25880000 -25.40000000 -301.62500000
v 13.25880000 -23.41880000 -301.62500000
v 12.82647089 -23.41880000 -307.94542788
v 12.40219525 -23.41880000 -307.85726239
v 11.99387654 -23.41880000 -307.71214588
v 11.60912096 -23.41880000 -307.51278161
v 11.25509578 -23.41880000 -307.26288335
v 10.93839581 -23.41880000 -306.96710623
v 10.66492059 -23.41880000 -306.63096002
v 10.43976443 -23.41880000 -306.26070649
v 10.26712157 -23.41880000 -305.86324277
v 10.15020802 -23.41880000 -305.44597284
v 10.09120166 -23.41880000 -305.01666966
v 10.09120166 -23.41880000 -304.58333034
v 10.15020802 -23.41880000 -304.15402716
v 10.26712157 -23.41880000 -303.73675723
v 10.43976443 -23.41880000 -303.33929351
v 10.66492059 -23.41880000 -302.96903998
v 10.93839581 -23.41880000 -302.63289377
v 11.25509578 -23.41880000 -302.33711665
v 11.60912096 -23.41880000 -302.08721839
v 11.99387654 -23.41880000 -301.88785412
v 12.40219525 -23.41880000 -301.74273761
v 12.82647089 -23.41880000 -301.65457212
v 13.25880000 -23.41880000 -3.17500000
v 13.25880000 -25.40000000 -3.17500000
v 12.82647089 -25.40000000 -3.14542788
v 12.40219525 -25.40000000 -3.05726239
v 11.99387654 -25.40000000 -2.91214588
v 11.60912096 -25.40000000 -2.71278161
v 11.25509578 -25.40000000 -2.46288335
v 10.93839581 -25.40000000 -2.16710623
v 10.66492059 -25.40000000 -1.83096002
v 10.43976443 -25.40000000 -1.46070649
v 10.26712157 -25.40000000 -1.06324277
v 10.15020802 -25.40000000 -0.64597284
v 10.09120166 -25.40000000 -0.21666966
v 10.09120166 -25.40000000 0.21666966
v 10.15020802 -25.40000000 0.64597284
v 10.26712157 -25.40000000 1.06324277
v 10.43976443 -25.40000000 1.46070649
v 10.66492059 -25.40000000 1.83096002
v 10.93839581 -25.40000000 2.16710623
v 11.25509578 -25.40000000 2.46288335
v 11.60912096 -25.40000000 2.71278161
v 11.99387654 -25.40000000 2.91214588
v 12.40219525 -25.40000000 3.05726239
v 12.82647089 -25.40000000 3.14542788
v 13.25880000 -25.40000000 3.17500000
v 13.25880000 -23.41880000 3.17500000
v 12.82647089 -23.41880000 -3.14542788
v 12.40219525 -23.41880000 -3.05726239
v 11.99387654 -23.41880000 -2.91214588
v 11.60912096 -23.41880000 -2.71278161
v 11.25509578 -23.41880000 -2.46288335
v 10.93839581 -23.41880000 -2.16710623
v 10.66492059 -23.41880000 -1.83096002
v 10.43976443 -23.41880000 -1.46070649
v 10.26712157 -23.41880000 -1.06324277
v 10.15020802 -23.41880000 -0.64597284
v 10.09120166 -23.41880000 -0.21666966
v 10.09120166 -23.41880000 0.21666966
v 10.15020802 -23.41880000 0.64597284
v 10.26712157 -23.41880000 1.06324277
v 10.43976443 -23.41880000 1.46070649
v 10.66492059 -23.41880000 1.83096002
v 10.93839581 -23.41880000 2.16710623
v 11.25509578 -23.41880000 2.46288335
v 11.60912096 -23.41880000 2.71278161
v 11.99387654 -23.41880000 2.91214588
v 12.40219525 -23.41880000 3.05726239
v 12.82647089 -23.41880000 3.14542788
v -25.40000000 -9.70280000 -320.25000000
v -23.41880000 -9.70280000 -320.25000000
v -23.41880000 -9.70280000 -314.75000000
v -23.41880000 -10.07725828 -314.77561365
v -23.41880000 -10.44474112 -314.85197746
v -23.41880000 -10.79840300 -314.97766892
v -23.41880000 -11.13165586 -315.15034664
v -23.41880000 -11.43829185 -315.36679395
v -23.41880000 -11.71259890 -315.62297886
v -23.41880000 -11.94946721 -315.91412911
v -23.41880000 -12.14448435 -316.23482115
v -23.41880000 -12.29401754 -316.57908107
v -23.41880000 -12.39528124 -316.94049596
v -23.41880000 -12.44638912 -317.31233336
v -23.41880000 -12.44638912 -317.68766664
v -23.41880000 -12.39528124 -318.05950404
v -23.41880000 -12.29401754 -318.42091893
v -23.41880000 -12.14448435 -318.76517885
v -23.41880000 -11.94946721 -319.08587089
v -23.41880000 -11.71259890 -319.37702114
v -23.41880000 -11.43829185 -319.63320605
v -23.41880000 -11.13165586 -319.84965336
v -23.41880000 -10.79840300 -320.02233108
v -23.41880000 -10.44474112 -320.14802254
v -23.41880000 -10.07725828 -320.22438635
v -25.40000000 -9.70280000 -314.75000000
v -25.40000000 -10.07725828 -314.77561365
v -25.40000000 -10.44474112 -314.85197746
v -25.40000000 -10.79840300 -314.97766892
v -25.40000000 -11.13165586 -315.15034664
v -25.40000000 -11.43829185 -315.36679395
v -25.40000000 -11.71259890 -315.62297886
v -25.40000000 -11.94946721 -315.91412911
v -25.40000000 -12.14448435 -316.23482115
v -25.40000000 -12.29401754 -316.57908107
v -25.40000000 -12.39528124 -316.94049596
v -25.40000000 -12.44638912 -317.31233336
v -25.40000000 -12.44638912 -317.68766664
v -25.40000000 -12.39528124 -318.05950404
v -25.40000000 -12.29401754 -318.42091893
v -25.40000000 -12.14448435 -318.76517885
v -25.40000000 -11.94946721 -319.08587089
v -25.40000000 -11.71259890 -319.37702114
v -25.40000000 -11.43829185 -319.63320605
v -25.40000000 -11.13165586 -319.84965336
v -25.40000000 -10.79840300 -320.02233108
v -25.40000000 -10.44474112 -320.14802254
v -25.40000000 -10.07725828 -320.22438635
v -25.40000000 -9.70280000 -15.45000000
v -23.41880000 -9.70280000 -15.45000000
v -23.41880000 -9.70280000 -9.95000000
v -23.41880000 -10.07725829 -9.97561365
v -23.41880000 -10.44474112 -10.05197746
v -23.41880000 -10.79840300 -10.17766892
v -23.41880000 -11.13165586 -10.35034664
v -23.41880000 -11.43829185 -10.56679395
v -23.41880000 -11.71259890 -10.82297886
v -23.41880000 -11.94946721 -11.11412911
v -23.41880000 -12.14448435 -11.43482115
v -23.41880000 -12.29401754 -11.77908107
v -23.41880000 -12.39528124 -12.14049596
v -23.41880000 -12.44638912 -12.51233336
v -23.41880000 -12.44638912 -12.88766664
v -23.41880000 -12.39528124 -13.25950404
v -23.41880000 -12.29401754 -13.62091893
v -23.41880000 -12.14448435 -13.96517885
v -23.41880000 -11.94946721 -14.28587089
v -23.41880000 -11.71259890 -14.57702114
v -23.41880000 -11.43829185 -14.83320605
v -23.41880000 -11.13165586 -15.04965336
v -23.41880000 -10.79840300 -15.22233108
v -23.41880000 -10.44474112 -15.34802254
v -23.41880000 -10.07725829 -15.42438635
v -25.40000000 -9.70280000 -9.95000000
v -25.40000000 -10.07725829 -9.97561365
v -25.40000000 -10.44474112 -10.05197746
v -25.40000000 -10.79840300 -10.17766892
v -25.40000000 -11.13165586 -10.35034664
v -25.40000000 -11.43829185 -10.56679395
v -25.40000000 -11.71259890 -10.82297886
v -25.40000000 -11.94946721 -11.11412911
v -25.40000000 -12.14448435 -11.43482115
v -25.40000000 -12.29401754 -11.77908107
v -25.40000000 -12.39528124 -12.14049596
v -25.40000000 -12.44638912 -12.51233336
v -25.40000000 -12.44638912 -12.88766664
v -25.40000000 -12.39528124 -13.25950404
v -25.40000000 -12.29401754 -13.62091893
v -25.40000000 -12.14448435 -13.96517885
v -25.40000000 -11.94946721 -14.28587089
v -25.40000000 -11.71259890 -14.57702114
v -25.40000000 -11.43829185 -14.83320605
v -25.40000000 -11.13165586 -15.04965336
v -25.40000000 -10.79840300 -15.22233108
v -25.40000000 -10.44474112 -15.34802254
v -25.40000000 -10.07725829 -15.42438635
v -25.40000000 -9.70280000 314.75000000
v -23.41880000 -9.70280000 314.75000000
v -23.41880000 -9.70280000 320.25000000
v -23.41880000 -10.07725829 320.22438635
v -23.41880000 -10.44474112 320.14802254
v -23.41880000 -10.79840300 320.02233108
v -23.41880000 -11.13165586 319.84965336
v -23.41880000 -11.43829185 319.63320605
v -23.41880000 -11.71259890 319.37702114
v -23.41880000 -11.94946721 319.08587089
v -23.41880000 -12.14448435 318.76517885
v -23.41880000 -12.29401754 318.42091893
v -23.41880000 -12.39528124 318.05950404
v -23.41880000 -12.44638912 317.68766664
v -23.41880000 -12.44638912 317.31233336
v -23.41880000 -12.39528124 316.94049596
v -23.41880000 -12.29401754 316.57908107
v -23.41880000 -12.14448435 316.23482115
v -23.41880000 -11.94946721 315.91412911
v -23.41880000 -11.71259890 315.62297886
v -23.41880000 -11.43829185 315.36679395
v -23.41880000 -11.13165586 315.15034664
v -23.41880000 -10.79840300 314.97766892
v -23.41880000 -10.44474112 314.85197746
v -23.41880000 -10.07725829 314.77561365
v -25.40000000 -9.70280000 320.25000000
v -25.40000000 -10.07725829 320.22438635
v -25.40000000 -10.44474112 320.14802254
v -25.40000000 -10.79840300 320.02233108
v -25.40000000 -11.13165586 319.84965336
v -25.40000000 -11.43829185 319.63320605
v -25.40000000 -11.71259890 319.37702114
v -25.40000000 -11.94946721 319.08587089
v -25.40000000 -12.14448435 318.76517885
v -25.40000000 -12.29401754 318.42091893
v -25.40000000 -12.39528124 318.05950404
v -25.40000000 -12.44638912 317.68766664
v -25.40000000 -12.44638912 317.31233336
v -25.40000000 -12.39528124 316.94049596
v -25.40000000 -12.29401754 316.57908107
v -25.40000000 -12.14448435 316.23482115
v -25.40000000 -11.94946721 315.91412911
v -25.40000000 -11.71259890 315.62297886
v -25.40000000 -11.43829185 315.36679395
v -25.40000000 -11.13165586 315.15034664
v -25.40000000 -10.79840300 314.97766892
v -25.40000000 -10.44474112 314.85197746
v -25.40000000 -10.07725829 314.77561365
v -25.40000000 -9.70280000 289.35000000
v -23.41880000 -9.70280000 289.35000000
v -23.41880000 -9.70280000 294.85000000
v -23.41880000 -10.07725829 294.82438635
v -23.41880000 -10.44474112 294.74802254
v -23.41880000 -10.79840300 294.62233108
v -23.41880000 -11.13165586 294.44965336
v -23.41880000 -11.43829185 294.23320605
v -23.41880000 -11.71259890 293.97702114
v -23.41880000 -11.94946721 293.68587089
v -23.41880000 -12.14448435 293.36517885
v -23.41880000 -12.29401754 293.02091893
v -23.41880000 -12.39528124 292.65950404
v -23.41880000 -12.44638912 292.28766664
v -23.41880000 -12.44638912 291.91233336
v -23.41880000 -12.39528124 291.54049596
v -23.41880000 -12.29401754 291.17908107
v -23.41880000 -12.14448435 290.83482115
v -23.41880000 -11.94946721 290.51412911
v -23.41880000 -11.71259890 290.22297886
v -23.41880000 -11.43829185 289.96679395
v -23.41880000 -11.13165586 289.75034664
v -23.41880000 -10.79840300 289.57766892
v -23.41880000 -10.44474112 289.45197746
v -23.41880000 -10.07725829 289.37561365
v -25.40000000 -9.70280000 294.85000000
v -25.40000000 -10.07725829 294.82438635
v -25.40000000 -10.44474112 294.74802254
v -25.40000000 -10.79840300 294.62233108
v -25.40000000 -11.13165586 294.44965336
v -25.40000000 -11.43829185 294.23320605
v -25.40000000 -11.71259890 293.97702114
v -25.40000000 -11.94946721 293.68587089
v -25.40000000 -12.14448435 293.36517885
v -25.40000000 -12.29401754 293.02091893
v -25.40000000 -12.39528124 292.65950404
v -25.40000000 -12.44638912 292.28766664
v -25.40000000 -12.44638912 291.91233336
v -25.40000000 -12.39528124 291.54049596
v -25.40000000 -12.29401754 291.17908107
v -25.40000000 -12.14448435 290.83482115
v -25.40000000 -11.94946721 290.51412911
v -25.40000000 -11.71259890 290.22297886
v -25.40000000 -11.43829185 289.96679395
v -25.40000000 -11.13165586 289.75034664
v -25.40000000 -10.79840300 289.57766892
v -25.40000000 -10.44474112 289.45197746
v -25.40000000 -10.07725829 289.37561365
v -25.40000000 -9.70280000 -294.85000000
v -23.41880000 -9.70280000 -294.85000000
v -23.41880000 -9.70280000 -289.35000000
v -23.41880000 -10.07725828 -289.37561365
v -23.41880000 -10.44474112 -289.45197746
v -23.41880000 -10.79840300 -289.57766892
v -23.41880000 -11.13165586 -289.75034664
v -23.41880000 -11.43829185 -289.96679395
v -23.41880000 -11.71259890 -290.22297886
v -23.41880000 -11.94946721 -290.51412911
v -23.41880000 -12.14448435 -290.83482115
v -23.41880000 -12.29401754 -291.17908107
v -23.41880000 -12.39528124 -291.54049596
v -23.41880000 -12.44638912 -291.91233336
v -23.41880000 -12.44638912 -292.28766664
v -23.41880000 -12.39528124 -292.65950404
v -23.41880000 -12.29401754 -293.02091893
v -23.41880000 -12.14448435 -293.36517885
v -23.41880000 -11.94946721 -293.68587089
v -23.41880000 -11.71259890 -293.97702114
v -23.41880000 -11.43829185 -294.23320605
v -23.41880000 -11.13165586 -294.44965336
v -23.41880000 -10.79840300 -294.62233108
v -23.41880000 -10.44474112 -294.74802254
v -23.41880000 -10.07725828 -294.82438635
v -25.40000000 -9.70280000 -289.35000000
v -25.40000000 -10.07725828 -289.37561365
v -25.40000000 -10.44474112 -289.45197746
v -25.40000000 -10.79840300 -289.57766892
v -25.40000000 -11.13165586 -289.75034664
v -25.40000000 -11.43829185 -289.96679395
v -25.40000000 -11.71259890 -290.22297886
v -25.40000000 -11.94946721 -290.51412911
v -25.40000000 -12.14448435 -290.83482115
v -25.40000000 -12.29401754 -291.17908107
v -25.40000000 -12.39528124 -291.54049596
v -25.40000000 -12.44638912 -291.91233336
v -25.40000000 -12.44638912 -292.28766664
v -25.40000000 -12.39528124 -292.65950404
v -25.40000000 -12.29401754 -293.02091893
v -25.40000000 -12.14448435 -293.36517885
v -25.40000000 -11.94946721 -293.68587089
v -25.40000000 -11.71259890 -293.97702114
v -25.40000000 -11.43829185 -294.23320605
v -25.40000000 -11.13165586 -294.44965336
v -25.40000000 -10.79840300 -294.62233108
v -25.40000000 -10.44474112 -294.74802254
v -25.40000000 -10.07725828 -294.82438635
v -25.40000000 -9.70280000 9.95000000
v -23.41880000 -9.70280000 9.95000000
v -23.41880000 -9.70280000 15.45000000
v -23.41880000 -10.07725829 15.42438635
v -23.41880000 -10.44474112 15.34802254
v -23.41880000 -10.79840300 15.22233108
v -23.41880000 -11.13165586 15.04965336
v -23.41880000 -11.43829185 14.83320605
v -23.41880000 -11.71259890 14.57702114
v -23.41880000 -11.94946721 14.28587089
v -23.41880000 -12.14448435 13.96517885
v -23.41880000 -12.29401754 13.62091893
v -23.41880000 -12.39528124 13.25950404
v -23.41880000 -12.44638912 12.88766664
v -23.41880000 -12.44638912 12.51233336
v -23.41880000 -12.39528124 12.14049596
v -23.41880000 -12.29401754 11.77908107
v -23.41880000 -12.14448435 11.43482115
v -23.41880000 -11.94946721 11.11412911
v -23.41880000 -11.71259890 10.82297886
v -23.41880000 -11.43829185 10.56679395
v -23.41880000 -11.13165586 10.35034664
v -23.41880000 -10.79840300 10.17766892
v -23.41880000 -10.44474112 10.05197746
v -23.41880000 -10.07725829 9.97561365
v -25.40000000 -9.70280000 15.45000000
v -25.40000000 -10.07725829 15.42438635
v -25.40000000 -10.44474112 15.34802254
v -25.40000000 -10.79840300 15.22233108
v -25.40000000 -11.13165586 15.04965336
v -25.40000000 -11.43829185 14.83320605
v -25.40000000 -11.71259890 14.57702114
v -25.40000000 -11.94946721 14.28587089
v -25.40000000 -12.14448435 13.96517885
v -25.40000000 -12.29401754 13.62091893
v -25.40000000 -12.39528124 13.25950404
v -25.40000000 -12.44638912 12.88766664
v -25.40000000 -12.44638912 12.51233336
v -25.40000000 -12.39528124 12.14049596
v -25.40000000 -12.29401754 11.77908107
v -25.40000000 -12.14448435 11.43482115
v -25.40000000 -11.94946721 11.11412911
v -25.40000000 -11.71259890 10.82297886
v -25.40000000 -11.43829185 10.56679395
v -25.40000000 -11.13165586 10.35034664
v -25.40000000 -10.79840300 10.17766892
v -25.40000000 -10.44474112 10.05197746
v -25.40000000 -10.07725829 9.97561365
v 23.41880000 -9.70280000 -320.25000000
v 25.40000000 -9.70280000 -320.25000000
v 25.40000000 -9.70280000 -314.75000000
v 25.40000000 -10.07725828 -314.77561365
v 25.40000000 -10.44474112 -314.85197746
v 25.40000000 -10.79840300 -314.97766892
v 25.40000000 -11.13165586 -315.15034664
v 25.40000000 -11.43829185 -315.36679395
v 25.40000000 -11.71259890 -315.62297886
v 25.40000000 -11.94946721 -315.91412911
v 25.40000000 -12.14448435 -316.23482115
v 25.40000000 -12.29401754 -316.57908107
v 25.40000000 -12.39528124 -316.94049596
v 25.40000000 -12.44638912 -317.31233336
v 25.40000000 -12.44638912 -317.68766664
v 25.40000000 -12.39528124 -318.05950404
v 25.40000000 -12.29401754 -318.42091893
v 25.40000000 -12.14448435 -318.76517885
v 25.40000000 -11.94946721 -319.08587089
v 25.40000000 -11.71259890 -319.37702114
v 25.40000000 -11.43829185 -319.63320605
v 25.40000000 -11.13165586 -319.84965336
v 25.40000000 -10.79840300 -320.02233108
v 25.40000000 -10.44474112 -320.14802254
v 25.40000000 -10.07725828 -320.22438635
v 23.41880000 -9.70280000 -314.75000000
v 23.41880000 -10.07725828 -320.22438635
v 23.41880000 -10.44474112 -320.14802254
v 23.41880000 -10.79840300 -320.02233108
v 23.41880000 -11.13165586 -319.84965336
v 23.41880000 -11.43829185 -319.63320605
v 23.41880000 -11.71259890 -319.37702114
v 23.41880000 -11.94946721 -319.08587089
v 23.41880000 -12.14448435 -318.76517885
v 23.41880000 -12.29401754 -318.42091893
v 23.41880000 -12.39528124 -318.05950404
v 23.41880000 -12.44638912 -317.68766664
v 23.41880000 -12.44638912 -317.31233336
v 23.41880000 -12.39528124 -316.94049596
v 23.41880000 -12.29401754 -316.57908107
v 23.41880000 -12.14448435 -316.23482115
v 23.41880000 -11.94946721 -315.91412911
v 23.41880000 -11.71259890 -315.62297886
v 23.41880000 -11.43829185 -315.36679395
v 23.41880000 -11.13165586 -315.15034664
v 23.41880000 -10.79840300 -314.97766892
v 23.41880000 -10.44474112 -314.85197746
v 23.41880000 -10.07725828 -314.77561365
v 23.41880000 -9.70280000 314.75000000
v 25.40000000 -9.70280000 314.75000000
v 25.40000000 -9.70280000 320.25000000
v 25.40000000 -10.07725829 320.22438635
v 25.40000000 -10.44474112 320.14802254
v 25.40000000 -10.79840300 320.02233108
v 25.40000000 -11.13165586 319.84965336
v 25.40000000 -11.43829185 319.63320605
v 25.40000000 -11.71259890 319.37702114
v 25.40000000 -11.94946721 319.08587089
v 25.40000000 -12.14448435 318.76517885
v 25.40000000 -12.29401754 318.42091893
v 25.40000000 -12.39528124 318.05950404
v 25.40000000 -12.44638912 317.68766664
v 25.40000000 -12.44638912 317.31233336
v 25.40000000 -12.39528124 316.94049596
v 25.40000000 -12.29401754 316.57908107
v 25.40000000 -12.14448435 316.23482115
v 25.40000000 -11.94946721 315.91412911
v 25.40000000 -11.71259890 315.62297886
v 25.40000000 -11.43829185 315.36679395
v 25.40000000 -11.13165586 315.15034664
v 25.40000000 -10.79840300 314.97766892
v 25.40000000 -10.44474112 314.85197746
v 25.40000000 -10.07725829 314.77561365
v 23.41880000 -9.70280000 320.25000000
v 23.41880000 -10.07725829 314.77561365
v 23.41880000 -10.44474112 314.85197746
v 23.41880000 -10.79840300 314.97766892
v 23.41880000 -11.13165586 315.15034664
v 23.41880000 -11.43829185 315.36679395
v 23.41880000 -11.71259890 315.62297886
v 23.41880000 -11.94946721 315.91412911
v 23.41880000 -12.14448435 316.23482115
v 23.41880000 -12.29401754 316.57908107
v 23.41880000 -12.39528124 316.94049596
v 23.41880000 -12.44638912 317.31233336
v 23.41880000 -12.44638912 317.68766664
v 23.41880000 -12.39528124 318.05950404
v 23.41880000 -12.29401754 318.42091893
v 23.41880000 -12.14448435 318.76517885
v 23.41880000 -11.94946721 319.08587089
v 23.41880000 -11.71259890 319.37702114
v 23.41880000 -11.43829185 319.63320605
v 23.41880000 -11.13165586 319.84965336
v 23.41880000 -10.79840300 320.02233108
v 23.41880000 -10.44474112 320.14802254
v 23.41880000 -10.07725829 320.22438635
v 23.41880000 -9.70280000 289.35000000
v 25.40000000 -9.70280000 289.35000000
v 25.40000000 -9.70280000 294.85000000
v 25.40000000 -10.07725829 294.82438635
v 25.40000000 -10.44474112 294.74802254
v 25.40000000 -10.79840300 294.62233108
v 25.40000000 -11.13165586 294.44965336
v 25.40000000 -11.43829185 294.23320605
v 25.40000000 -11.71259890 293.97702114
v 25.40000000 -11.94946721 293.68587089
v 25.40000000 -12.14448435 293.36517885
v 25.40000000 -12.29401754 293.02091893
v 25.40000000 -12.39528124 292.65950404
v 25.40000000 -12.44638912 292.28766664
v 25.40000000 -12.44638912 291.91233336
v 25.40000000 -12.39528124 291.54049596
v 25.40000000 -12.29401754 291.17908107
v 25.40000000 -12.14448435 290.83482115
v 25.40000000 -11.94946721 290.51412911
v 25.40000000 -11.71259890 290.22297886
v 25.40000000 -11.43829185 289.96679395
v 25.40000000 -11.13165586 289.75034664
v 25.40000000 -10.79840300 289.57766892
v 25.40000000 -10.44474112 289.45197746
v 25.40000000 -10.07725829 289.37561365
v 23.41880000 -9.70280000 294.85000000
v 23.41880000 -10.07725829 289.37561365
v 23.41880000 -10.44474112 289.45197746
v 23.41880000 -10.79840300 289.57766892
v 23.41880000 -11.13165586 289.75034664
v 23.41880000 -11.43829185 289.96679395
v 23.41880000 -11.71259890 290.22297886
v 23.41880000 -11.94946721 290.51412911
v 23.41880000 -12.14448435 290.83482115
v 23.41880000 -12.29401754 291.17908107
v 23.41880000 -12.39528124 291.54049596
v 23.41880000 -12.44638912 291.91233336
v 23.41880000 -12.44638912 292.28766664
v 23.41880000 -12.39528124 292.65950404
v 23.41880000 -12.29401754 293.02091893
v 23.41880000 -12.14448435 293.36517885
v 23.41880000 -11.94946721 293.68587089
v 23.41880000 -11.71259890 293.97702114
v 23.41880000 -11.43829185 294.23320605
v 23.41880000 -11.13165586 294.44965336
v 23.41880000 -10.79840300 294.62233108
v 23.41880000 -10.44474112 294.74802254
v 23.41880000 -10.07725829 294.82438635
v -23.41880000 0.00000000 539.49259779
v -25.40000000 0.00000000 539.49259779
v -25.40000000 0.00000000 533.99259779
v -25.40000000 -0.37445829 534.01821144
v -25.40000000 -0.74194112 534.09457525
v -25.40000000 -1.09560300 534.22026671
v -25.40000000 -1.42885586 534.39294443
v -25.40000000 -1.73549185 534.60939174
v -25.40000000 -2.00979890 534.86557665
v -25.40000000 -2.24666721 535.15672690
v -25.40000000 -2.44168435 535.47741894
v -25.40000000 -2.59121754 535.82167886
v -25.40000000 -2.69248124 536.18309375
v -25.40000000 -2.74358912 536.55493115
v -25.40000000 -2.74358912 536.93026443
v -25.40000000 -2.69248124 537.30210183
v -25.40000000 -2.59121754 537.66351672
v -25.40000000 -2.44168435 538.00777664
v -25.40000000 -2.24666721 538.32846868
v -25.40000000 -2.00979890 538.61961893
v -25.40000000 -1.73549185 538.87580384
v -25.40000000 -1.42885586 539.09225115
v -25.40000000 -1.09560300 539.26492887
v -25.40000000 -0.74194112 539.39062033
v -25.40000000 -0.37445829 539.46698414
v -23.41880000 0.00000000 533.99259779
v -23.41880000 -0.37445829 539.46698414
v -23.41880000 -0.74194112 539.39062033
v -23.41880000 -1.09560300 539.26492887
v -23.41880000 -1.42885586 539.09225115
v -23.41880000 -1.73549185 538.87580384
v -23.41880000 -2.00979890 538.61961893
v -23.41880000 -2.24666721 538.32846868
v -23.41880000 -2.44168435 538.00777664
v -23.41880000 -2.59121754 537.66351672
v -23.41880000 -2.69248124 537.30210183
v -23.41880000 -2.74358912 536.93026443
v -23.41880000 -2.74358912 536.55493115
v -23.41880000 -2.69248124 536.18309375
v -23.41880000 -2.59121754 535.82167886
v -23.41880000 -2.44168435 535.47741894
v -23.41880000 -2.24666721 535.15672690
v -23.41880000 -2.00979890 534.86557665
v -23.41880000 -1.73549185 534.60939174
v -23.41880000 -1.42885586 534.39294443
v -23.41880000 -1.09560300 534.22026671
v -23.41880000 -0.74194112 534.09457525
v -23.41880000 -0.37445829 534.01821144
v -23.41880000 0.00000000 -533.99259779
v -25.40000000 0.00000000 -533.99259779
v -25.40000000 0.00000000 -539.49259779
v -25.40000000 -0.37445829 -539.46698414
v -25.40000000 -0.74194112 -539.39062033
v -25.40000000 -1.09560300 -539.26492887
v -25.40000000 -1.42885586 -539.09225115
v -25.40000000 -1.73549185 -538.87580384
v -25.40000000 -2.00979890 -538.61961893
v -25.40000000 -2.24666721 -538.32846868
v -25.40000000 -2.44168435 -538.00777664
v -25.40000000 -2.59121754 -537.66351672
v -25.40000000 -2.69248124 -537.30210183
v -25.40000000 -2.74358912 -536.93026443
v -25.40000000 -2.74358912 -536.55493115
v -25.40000000 -2.69248124 -536.18309375
v -25.40000000 -2.59121754 -535.82167886
v -25.40000000 -2.44168435 -535.47741894
v -25.40000000 -2.24666721 -535.15672690
v -25.40000000 -2.00979890 -534.86557665
v -25.40000000 -1.73549185 -534.60939174
v -25.40000000 -1.42885586 -534.39294443
v -25.40000000 -1.09560300 -534.22026671
v -25.40000000 -0.74194112 -534.09457525
v -25.40000000 -0.37445829 -534.01821144
v -23.41880000 0.00000000 -539.49259779
v -23.41880000 -0.37445829 -534.01821144
v -23.41880000 -0.74194112 -534.09457525
v -23.41880000 -1.09560300 -534.22026671
v -23.41880000 -1.42885586 -534.39294443
v -23.41880000 -1.73549185 -534.60939174
v -23.41880000 -2.00979890 -534.86557665
v -23.41880000 -2.24666721 -535.15672690
v -23.41880000 -2.44168435 -535.47741894
v -23.41880000 -2.59121754 -535.82167886
v -23.41880000 -2.69248124 -536.18309375
v -23.41880000 -2.74358912 -536.55493115
v -23.41880000 -2.74358912 -536.93026443
v -23.41880000 -2.69248124 -537.30210183
v -23.41880000 -2.59121754 -537.66351672
v -23.41880000 -2.44168435 -538.00777664
v -23.41880000 -2.24666721 -538.32846868
v -23.41880000 -2.00979890 -538.61961893
v -23.41880000 -1.73549185 -538.87580384
v -23.41880000 -1.42885586 -539.09225115
v -23.41880000 -1.09560300 -539.26492887
v -23.41880000 -0.74194112 -539.39062033
v -23.41880000 -0.37445829 -539.46698414
v 25.40000000 0.00000000 539.49259779
v 23.41880000 0.00000000 539.49259779
v 23.41880000 0.00000000 533.99259779
v 23.41880000 -0.37445829 534.01821144
v 23.41880000 -0.74194112 534.09457525
v 23.41880000 -1.09560300 534.22026671
v 23.41880000 -1.42885586 534.39294443
v 23.41880000 -1.73549185 534.60939174
v 23.41880000 -2.00979890 534.86557665
v 23.41880000 -2.24666721 535.15672690
v 23.41880000 -2.44168435 535.47741894
v 23.41880000 -2.59121754 535.82167886
v 23.41880000 -2.69248124 536.18309375
v 23.41880000 -2.74358912 536.55493115
v 23.41880000 -2.74358912 536.93026443
v 23.41880000 -2.69248124 537.30210183
v 23.41880000 -2.59121754 537.66351672
v 23.41880000 -2.44168435 538.00777664
v 23.41880000 -2.24666721 538.32846868
v 23.41880000 -2.00979890 538.61961893
v 23.41880000 -1.73549185 538.87580384
v 23.41880000 -1.42885586 539.09225115
v 23.41880000 -1.09560300 539.26492887
v 23.41880000 -0.74194112 539.39062033
v 23.41880000 -0.37445829 539.46698414
v 25.40000000 0.00000000 533.99259779
v 25.40000000 -0.37445829 534.01821144
v 25.40000000 -0.74194112 534.09457525
v 25.40000000 -1.09560300 534.22026671
v 25.40000000 -1.42885586 534.39294443
v 25.40000000 -1.73549185 534.60939174
v 25.40000000 -2.00979890 534.86557665
v 25.40000000 -2.24666721 535.15672690
v 25.40000000 -2.44168435 535.47741894
v 25.40000000 -2.59121754 535.82167886
v 25.40000000 -2.69248124 536.18309375
v 25.40000000 -2.74358912 536.55493115
v 25.40000000 -2.74358912 536.93026443
v 25.40000000 -2.69248124 537.30210183
v 25.40000000 -2.59121754 537.66351672
v 25.40000000 -2.44168435 538.00777664
v 25.40000000 -2.24666721 538.32846868
v 25.40000000 -2.00979890 538.61961893
v 25.40000000 -1.73549185 538.87580384
v 25.40000000 -1.42885586 539.09225115
v 25.40000000 -1.09560300 539.26492887
v 25.40000000 -0.74194112 539.39062033
v 25.40000000 -0.37445829 539.46698414
v -25.40000000 0.00000000 -567.16759779
v -23.41880000 0.00000000 -567.16759779
v -23.41880000 0.00000000 -548.11759779
v -23.41880000 -1.29698733 -548.20631415
v -23.41880000 -2.56981425 -548.47081063
v -23.41880000 -3.79477038 -548.90616014
v -23.41880000 -4.94903712 -549.50425296
v -23.41880000 -6.01111267 -550.25394775
v -23.41880000 -6.96121256 -551.14127910
v -23.41880000 -7.78163823 -552.14971772
v -23.41880000 -8.45710671 -553.26047831
v -23.41880000 -8.97503528 -554.45286948
v -23.41880000 -9.32577594 -555.70467927
v -23.41880000 -9.50279503 -556.99258880
v -23.41880000 -9.50279503 -558.29260678
v -23.41880000 -9.32577594 -559.58051631
v -23.41880000 -8.97503528 -560.83232610
v -23.41880000 -8.45710671 -562.02471727
v -23.41880000 -7.78163823 -563.13547786
v -23.41880000 -6.96121256 -564.14391648
v -23.41880000 -6.01111267 -565.03124783
v -23.41880000 -4.94903712 -565.78094262
v -23.41880000 -3.79477038 -566.37903544
v -23.41880000 -2.56981425 -566.81438495
v -23.41880000 -1.29698733 -567.07888143
v -25.40000000 0.00000000 -548.11759779
v -25.40000000 -1.29698733 -548.20631415
v -25.40000000 -2.56981425 -548.47081063
v -25.40000000 -3.79477038 -548.90616014
v -25.40000000 -4.94903712 -549.50425296
v -25.40000000 -6.01111267 -550.25394775
v -25.40000000 -6.96121256 -551.14127910
v -25.40000000 -7.78163823 -552.14971772
v -25.40000000 -8.45710671 -553.26047831
v -25.40000000 -8.97503528 -554.45286948
v -25.40000000 -9.32577594 -555.70467927
v -25.40000000 -9.50279503 -556.99258880
v -25.40000000 -9.50279503 -558.29260678
v -25.40000000 -9.32577594 -559.58051631
v -25.40000000 -8.97503528 -560.83232610
v -25.40000000 -8.45710671 -562.02471727
v -25.40000000 -7.78163823 -563.13547786
v -25.40000000 -6.96121256 -564.14391648
v -25.40000000 -6.01111267 -565.03124783
v -25.40000000 -4.94903712 -565.78094262
v -25.40000000 -3.79477038 -566.37903544
v -25.40000000 -2.56981425 -566.81438495
v -25.40000000 -1.29698733 -567.07888143
v -25.40000000 0.00000000 548.11759779
v -23.41880000 0.00000000 548.11759779
v -23.41880000 0.00000000 567.16759779
v -23.41880000 -1.29698733 567.07888143
v -23.41880000 -2.56981425 566.81438495
v -23.41880000 -3.79477038 566.37903544
v -23.41880000 -4.94903712 565.78094262
v -23.41880000 -6.01111267 565.03124783
v -23.41880000 -6.96121256 564.14391648
v -23.41880000 -7.78163823 563.13547786
v -23.41880000 -8.45710671 562.02471727
v -23.41880000 -8.97503528 560.83232610
v -23.41880000 -9.32577594 559.58051631
v -23.41880000 -9.50279503 558.29260678
v -23.41880000 -9.50279503 556.99258880
v -23.41880000 -9.32577594 555.70467927
v -23.41880000 -8.97503528 554.45286948
v -23.41880000 -8.45710671 553.26047831
v -23.41880000 -7.78163823 552.14971772
v -23.41880000 -6.96121256 551.14127910
v -23.41880000 -6.01111267 550.25394775
v -23.41880000 -4.94903712 549.50425296
v -23.41880000 -3.79477038 548.90616014
v -23.41880000 -2.56981425 548.47081063
v -23.41880000 -1.29698733 548.20631415
v -25.40000000 0.00000000 567.16759779
v -25.40000000 -1.29698733 567.07888143
v -25.40000000 -2.56981425 566.81438495
v -25.40000000 -3.79477038 566.37903544
v -25.40000000 -4.94903712 565.78094262
v -25.40000000 -6.01111267 565.03124783
v -25.40000000 -6.96121256 564.14391648
v -25.40000000 -7.78163823 563.13547786
v -25.40000000 -8.45710671 562.02471727
v -25.40000000 -8.97503528 560.83232610
v -25.40000000 -9.32577594 559.58051631
v -25.40000000 -9.50279503 558.29260678
v -25.40000000 -9.50279503 556.99258880
v -25.40000000 -9.32577594 555.70467927
v -25.40000000 -8.97503528 554.45286948
v -25.40000000 -8.45710671 553.26047831
v -25.40000000 -7.78163823 552.14971772
v -25.40000000 -6.96121256 551.14127910
v -25.40000000 -6.01111267 550.25394775
v -25.40000000 -4.94903712 549.50425296
v -25.40000000 -3.79477038 548.90616014
v -25.40000000 -2.56981425 548.47081063
v -25.40000000 -1.29698733 548.20631415
v 23.41880000 -9.70280000 -15.45000000
v 25.40000000 -9.70280000 -15.45000000
v 25.40000000 -12.23001429 -13.78429144
v 25.40000000 -12.06882872 -14.10157344
v 25.40000000 -11.86801943 -14.39538338
v 25.40000000 -11.63094937 -14.66080086
v 25.40000000 -11.36158872 -14.89338095
v 25.40000000 -11.06444846 -15.08922864
v 25.40000000 -10.74450476 -15.24506408
v 25.40000000 -10.40711571 -15.35827752
v 25.40000000 -10.05793154 -15.42697297
v 25.39900000 -12.23001429 -13.78429144
v 25.39900000 -12.35054673 -13.44292479
v 25.39900000 -12.42519332 -13.08868315
v 25.39900000 -12.45266043 -12.72770557
v 25.39900000 -12.43247205 -12.36624784
v 25.39900000 -12.36497804 -12.01057410
v 25.39900000 -12.25134809 -11.66684820
v 25.39900000 -12.09355142 -11.34102698
v 25.39900000 -11.89432267 -11.03875697
v 25.39900000 -11.65711450 -10.76527655
v 25.39900000 -11.38603777 -10.52532517
v 25.39900000 -11.08579027 -10.32306123
v 25.39900000 -10.76157535 -10.16199000
v 25.39900000 -10.41901170 -10.04490286
v 25.39900000 -10.06403599 -9.97382896
v 25.39900000 -9.70280000 -9.95000000
v 23.41880000 -9.70280000 -9.95000000
v 23.41880000 -10.07725829 -15.42438635
v 23.41880000 -10.44474112 -15.34802254
v 23.41880000 -10.79840300 -15.22233108
v 23.41880000 -11.13165586 -15.04965336
v 23.41880000 -11.43829185 -14.83320605
v 23.41880000 -11.71259890 -14.57702114
v 23.41880000 -11.94946721 -14.28587089
v 23.41880000 -12.14448435 -13.96517885
v 23.41880000 -12.29401754 -13.62091893
v 23.41880000 -12.39528124 -13.25950404
v 23.41880000 -12.44638912 -12.88766664
v 23.41880000 -12.44638912 -12.51233336
v 23.41880000 -12.39528124 -12.14049596
v 23.41880000 -12.29401754 -11.77908107
v 23.41880000 -12.14448435 -11.43482115
v 23.41880000 -11.94946721 -11.11412911
v 23.41880000 -11.71259890 -10.82297886
v 23.41880000 -11.43829185 -10.56679395
v 23.41880000 -11.13165586 -10.35034664
v 23.41880000 -10.79840300 -10.17766892
v 23.41880000 -10.44474112 -10.05197746
v 23.41880000 -10.07725829 -9.97561365
v 23.41880000 -9.70280000 -294.85000000
v 25.40000000 -9.70280000 -294.85000000
v 25.40000000 -12.05138885 -293.53060492
v 25.40000000 -11.84962472 -293.81861678
v 25.40000000 -11.61275640 -294.07852636
v 25.40000000 -11.34465708 -294.30608371
v 25.40000000 -11.04971063 -294.49756788
v 25.40000000 -10.73273993 -294.64984779
v 25.40000000 -10.39892798 -294.76043339
v 25.40000000 -10.05373316 -294.82751644
v 25.39900000 -12.05138885 -293.53060492
v 25.39900000 -12.21965869 -293.20811657
v 25.39900000 -12.34389359 -292.86624061
v 25.39900000 -12.42191991 -292.51095851
v 25.39900000 -12.45237253 -292.14848629
v 25.39900000 -12.43471863 -291.78516574
v 25.39900000 -12.36926709 -291.42735354
v 25.39900000 -12.25716305 -291.08130996
v 25.39900000 -12.10036788 -290.75308937
v 25.39900000 -11.90162488 -290.44843433
v 25.39900000 -11.66441124 -290.17267508
v 25.39900000 -11.39287725 -289.93063630
v 25.39900000 -11.09177368 -289.72655269
v 25.39900000 -10.76636863 -289.56399492
v 25.39900000 -10.42235539 -289.44580708
v 25.39900000 -10.06575280 -289.37405700
v 25.39900000 -9.70280000 -289.35000000
v 23.41880000 -9.70280000 -289.35000000
v 23.41880000 -10.07725828 -294.82438635
v 23.41880000 -10.44474112 -294.74802254
v 23.41880000 -10.79840300 -294.62233108
v 23.41880000 -11.13165586 -294.44965336
v 23.41880000 -11.43829185 -294.23320605
v 23.41880000 -11.71259890 -293.97702114
v 23.41880000 -11.94946721 -293.68587089
v 23.41880000 -12.14448435 -293.36517885
v 23.41880000 -12.29401754 -293.02091893
v 23.41880000 -12.39528124 -292.65950404
v 23.41880000 -12.44638912 -292.28766664
v 23.41880000 -12.44638912 -291.91233336
v 23.41880000 -12.39528124 -291.54049596
v 23.41880000 -12.29401754 -291.17908107
v 23.41880000 -12.14448435 -290.83482115
v 23.41880000 -11.94946721 -290.51412911
v 23.41880000 -11.71259890 -290.22297886
v 23.41880000 -11.43829185 -289.96679395
v 23.41880000 -11.13165586 -289.75034664
v 23.41880000 -10.79840300 -289.57766892
v 23.41880000 -10.44474112 -289.45197746
v 23.41880000 -10.07725828 -289.37561365
v 23.41880000 -9.70280000 9.95000000
v 25.39900000 -9.70280000 9.95000000
v 25.39900000 -10.07725829 9.97561365
v 25.39900000 -10.44474112 10.05197746
v 25.39900000 -10.79840300 10.17766892
v 25.39900000 -11.13165586 10.35034664
v 25.39900000 -11.43829185 10.56679395
v 25.39900000 -11.71259890 10.82297886
v 25.39900000 -11.94946721 11.11412911
v 25.39900000 -12.14448435 11.43482115
v 25.39900000 -12.29401754 11.77908107
v 25.39900000 -12.39528124 12.14049596
v 25.39900000 -12.44638912 12.51233336
v 25.39900000 -12.44638912 12.88766664
v 25.39900000 -12.39528124 13.25950404
v 25.39900000 -12.29401754 13.62091893
v 25.39900000 -12.14448435 13.96517885
v 25.39900000 -11.94946721 14.28587089
v 25.39900000 -11.71259890 14.57702114
v 25.39900000 -11.43829185 14.83320605
v 25.39900000 -11.13165586 15.04965336
v 25.39900000 -10.79840300 15.22233108
v 25.39900000 -10.44474112 15.34802254
v 25.39900000 -10.07725829 15.42438635
v 25.39900000 -9.70280000 15.45000000
v 23.41880000 -9.70280000 15.45000000
v 23.41880000 -10.07725829 9.97561365
v 23.41880000 -10.44474112 10.05197746
v 23.41880000 -10.79840300 10.17766892
v 23.41880000 -11.13165586 10.35034664
v 23.41880000 -11.43829185 10.56679395
v 23.41880000 -11.71259890 10.82297886
v 23.41880000 -11.94946721 11.11412911
v 23.41880000 -12.14448435 11.43482115
v 23.41880000 -12.29401754 11.77908107
v 23.41880000 -12.39528124 12.14049596
v 23.41880000 -12.44638912 12.51233336
v 23.41880000 -12.44638912 12.88766664
v 23.41880000 -12.39528124 13.25950404
v 23.41880000 -12.29401754 13.62091893
v 23.41880000 -12.14448435 13.96517885
v 23.41880000 -11.94946721 14.28587089
v 23.41880000 -11.71259890 14.57702114
v 23.41880000 -11.43829185 14.83320605
v 23.41880000 -11.13165586 15.04965336
v 23.41880000 -10.79840300 15.22233108
v 23.41880000 -10.44474112 15.34802254
v 23.41880000 -10.07725829 15.42438635
v 25.39900000 0.00000000 -533.99259779
v 23.41880000 0.00000000 -533.99259779
v 23.41880000 0.00000000 -539.49259779
v 23.41880000 -0.37445829 -539.46698414
v 23.41880000 -0.74194112 -539.39062033
v 23.41880000 -1.09560300 -539.26492887
v 23.41880000 -1.42885586 -539.09225115
v 23.41880000 -1.73549185 -538.87580384
v 23.41880000 -2.00979890 -538.61961893
v 23.41880000 -2.24666721 -538.32846868
v 23.41880000 -2.44168435 -538.00777664
v 23.41880000 -2.59121754 -537.66351672
v 23.41880000 -2.69248124 -537.30210183
v 23.41880000 -2.74358912 -536.93026443
v 23.41880000 -2.74358912 -536.55493115
v 23.41880000 -2.69248124 -536.18309375
v 23.41880000 -2.59121754 -535.82167886
v 23.41880000 -2.44168435 -535.47741894
v 23.41880000 -2.24666721 -535.15672690
v 23.41880000 -2.00979890 -534.86557665
v 23.41880000 -1.73549185 -534.60939174
v 23.41880000 -1.42885586 -534.39294443
v 23.41880000 -1.09560300 -534.22026671
v 23.41880000 -0.74194112 -534.09457525
v 23.41880000 -0.37445829 -534.01821144
v 25.39900000 0.00000000 -539.49259779
v 25.39900000 -0.37445829 -539.46698414
v 25.39900000 -0.74194112 -539.39062033
v 25.39900000 -1.09560300 -539.26492887
v 25.39900000 -1.42885586 -539.09225115
v 25.39900000 -1.73549185 -538.87580384
v 25.39900000 -2.00979890 -538.61961893
v 25.39900000 -2.24666721 -538.32846868
v 25.39900000 -2.44168435 -538.00777664
v 25.39900000 -2.59121754 -537.66351672
v 25.39900000 -2.69248124 -537.30210183
v 25.39900000 -2.74358912 -536.93026443
v 25.39900000 -2.74358912 -536.55493115
v 25.39900000 -2.69248124 -536.18309375
v 25.39900000 -2.59121754 -535.82167886
v 25.39900000 -2.44168435 -535.47741894
v 25.39900000 -2.24666721 -535.15672690
v 25.39900000 -2.00979890 -534.86557665
v 25.39900000 -1.73549185 -534.60939174
v 25.39900000 -1.42885586 -534.39294443
v 25.39900000 -1.09560300 -534.22026671
v 25.39900000 -0.74194112 -534.09457525
v 25.39900000 -0.37445829 -534.01821144
v 25.40000000 34.22607633 -593.89259779
v 25.40000000 37.60000000 -593.89259779
v 24.91454176 38.09978849 -593.89259779
v 24.97845611 38.09380628 -593.89259779
v 25.04107723 38.07968450 -593.89259779
v 25.10137294 38.05765592 -593.89259779
v 25.15834934 38.02808366 -593.89259779
v 25.21106730 37.99145515 -593.89259779
v 25.25865783 37.94837417 -593.89259779
v 25.30033649 37.89955082 -593.89259779
v 25.33541628 37.84578988 -593.89259779
v 25.36331896 37.78797750 -593.89259779
v 25.38358460 37.72706664 -593.89259779
v 25.39587917 37.66406129 -593.89259779
v 24.51950750 37.88678822 -593.89259779
v 24.56114757 37.93856038 -593.89259779
v 24.60928429 37.98435459 -593.89259779
v 24.66306770 38.02336224 -593.89259779
v 24.72154816 38.05489457 -593.89259779
v 24.78369308 38.07839483 -593.89259779
v 24.84840515 38.09344807 -593.89259779
v 23.50922398 36.44395382 -593.89259779
v 23.41880000 36.15716560 -593.89259779
v 23.42252692 36.21810027 -593.89259779
v 23.43365214 36.27812654 -593.89259779
v 23.45200979 36.33634957 -593.89259779
v 23.47732620 36.39190138 -593.89259779
v 23.41880000 -22.41880000 -593.89259779
v 22.41880000 -23.41880000 -593.89259779
v 22.54932619 -23.41024486 -593.89259779
v 22.67761905 -23.38472583 -593.89259779
v 22.80148343 -23.34267953 -593.89259779
v 22.91880000 -23.28482540 -593.89259779
v 23.02756143 -23.21215334 -593.89259779
v 23.12590678 -23.12590678 -593.89259779
v 23.21215334 -23.02756143 -593.89259779
v 23.28482540 -22.91880000 -593.89259779
v 23.34267953 -22.80148343 -593.89259779
v 23.38472583 -22.67761905 -593.89259779
v 23.41024486 -22.54932619 -593.89259779
v -22.41880000 -23.41880000 -593.89259779
v -23.41880000 -22.41880000 -593.89259779
v -23.41024486 -22.54932619 -593.89259779
v -23.38472583 -22.67761905 -593.89259779
v -23.34267953 -22.80148343 -593.89259779
v -23.28482540 -22.91880000 -593.89259779
v -23.21215334 -23.02756143 -593.89259779
v -23.12590678 -23.12590678 -593.89259779
v -23.02756143 -23.21215334 -593.89259779
v -22.91880000 -23.28482540 -593.89259779
v -22.80148343 -23.34267953 -593.89259779
v -22.67761905 -23.38472583 -593.89259779
v -22.54932619 -23.41024486 -593.89259779
v -23.41880000 25.39991164 -593.89259779
v -25.40000000 23.40000000 -593.89259779
v -25.38309361 23.65949902 -593.89259779
v -25.33266026 23.91461084 -593.89259779
v -25.24955260 24.16102246 -593.89259779
v -25.13517568 24.39456793 -593.89259779
v -24.99146320 24.61129884 -593.89259779
v -24.82084482 24.80755106 -593.89259779
v -24.62620508 24.98000668 -593.89259779
v -24.41083464 25.12575008 -593.89259779
v -24.17837463 25.24231727 -593.89259779
v -23.93275511 25.32773753 -593.89259779
v -23.67812863 25.38056670 -593.89259779
v -25.40000000 -23.40000000 -593.89259779
v -23.40000000 -25.40000000 -593.89259779
v -23.66105238 -25.38288972 -593.89259779
v -23.91763809 -25.33185165 -593.89259779
v -24.16536686 -25.24775907 -593.89259779
v -24.40000000 -25.13205081 -593.89259779
v -24.61752286 -24.98670668 -593.89259779
v -24.81421356 -24.81421356 -593.89259779
v -24.98670668 -24.61752286 -593.89259779
v -25.13205081 -24.40000000 -593.89259779
v -25.24775907 -24.16536686 -593.89259779
v -25.33185165 -23.91763809 -593.89259779
v -25.38288972 -23.66105238 -593.89259779
v 23.40000000 -25.40000000 -593.89259779
v 25.40000000 -23.40000000 -593.89259779
v 25.38288972 -23.66105238 -593.89259779
v 25.33185165 -23.91763809 -593.89259779
v 25.24775907 -24.16536686 -593.89259779
v 25.13205081 -24.40000000 -593.89259779
v 24.98670668 -24.61752286 -593.89259779
v 24.81421356 -24.81421356 -593.89259779
v 24.61752286 -24.98670668 -593.89259779
v 24.40000000 -25.13205081 -593.89259779
v 24.16536686 -25.24775907 -593.89259779
v 23.91763809 -25.33185165 -593.89259779
v 23.66105238 -25.38288972 -593.89259779
v 25.40000000 7.63753498 -593.89259779
v 25.39900000 7.63753498 -593.89259779
v 25.39900000 34.22607633 -593.89259779
v 25.40000000 -23.40000000 593.89259779
v 25.40000000 7.10000000 593.89259779
v 25.39900000 7.10000000 593.89259779
v 25.39900000 35.08746884 593.89259779
v 25.40000000 35.08746884 593.89259779
v 25.40000000 37.60000000 593.89259779
v 25.39587917 37.66406129 593.89259779
v 25.38358460 37.72706664 593.89259779
v 25.36331896 37.78797750 593.89259779
v 25.33541628 37.84578988 593.89259779
v 25.30033649 37.89955082 593.89259779
v 25.25865783 37.94837417 593.89259779
v 25.21106730 37.99145515 593.89259779
v 25.15834934 38.02808366 593.89259779
v 25.10137294 38.05765592 593.89259779
v 25.04107723 38.07968450 593.89259779
v 24.97845611 38.09380628 593.89259779
v 24.91454176 38.09978849 593.89259779
v 24.84840515 38.09344807 593.89259779
v 24.78369308 38.07839483 593.89259779
v 24.72154816 38.05489457 593.89259779
v 24.66306770 38.02336224 593.89259779
v 24.60928429 37.98435459 593.89259779
v 24.56114757 37.93856038 593.89259779
v 24.51950750 37.88678822 593.89259779
v 23.50922398 36.44395382 593.89259779
v 23.47732620 36.39190138 593.89259779
v 23.45200979 36.33634957 593.89259779
v 23.43365214 36.27812654 593.89259779
v 23.42252692 36.21810027 593.89259779
v 23.41880000 36.15716560 593.89259779
v 23.41880000 25.90000000 593.89259779
v 23.41452243 25.83473690 593.89259779
v 23.40176291 25.77059048 593.89259779
v 23.38073977 25.70865828 593.89259779
v 23.35181270 25.65000000 593.89259779
v 23.31547667 25.59561929 593.89259779
v 23.27235339 25.54644661 593.89259779
v 23.22318071 25.50332333 593.89259779
v 23.16880000 25.46698730 593.89259779
v 23.11014172 25.43806023 593.89259779
v 23.04820952 25.41703709 593.89259779
v 22.98406310 25.40427757 593.89259779
v 22.91880000 25.40000000 593.89259779
v 20.92000000 25.40000000 593.89259779
v 20.85473690 25.40427757 593.89259779
v 20.79059048 25.41703709 593.89259779
v 20.72865828 25.43806023 593.89259779
v 20.67000000 25.46698730 593.89259779
v 20.61561929 25.50332333 593.89259779
v 20.56644661 25.54644661 593.89259779
v 20.52332333 25.59561929 593.89259779
v 20.48698730 25.65000000 593.89259779
v 20.45806023 25.70865828 593.89259779
v 20.43703709 25.77059048 593.89259779
v 20.42427757 25.83473690 593.89259779
v 20.42000000 25.90000000 593.89259779
v 20.42000000 36.15716560 593.89259779
v 20.41627308 36.21810027 593.89259779
v 20.40514786 36.27812654 593.89259779
v 20.38679021 36.33634957 593.89259779
v 20.36147380 36.39190138 593.89259779
v 20.32957602 36.44395382 593.89259779
v 19.31929250 37.88678822 593.89259779
v 19.27765243 37.93856038 593.89259779
v 19.22951571 37.98435459 593.89259779
v 19.17573230 38.02336224 593.89259779
v 19.11725184 38.05489457 593.89259779
v 19.05510692 38.07839483 593.89259779
v 18.99039485 38.09344807 593.89259779
v 18.92425824 38.09978849 593.89259779
v 18.86034389 38.09380628 593.89259779
v 18.79772277 38.07968450 593.89259779
v 18.73742706 38.05765592 593.89259779
v 18.68045066 38.02808366 593.89259779
v 18.62773270 37.99145515 593.89259779
v 18.58014217 37.94837417 593.89259779
v 18.53846351 37.89955082 593.89259779
v 18.50338372 37.84578988 593.89259779
v 18.47548104 37.78797750 593.89259779
v 18.45521540 37.72706664 593.89259779
v 18.44292083 37.66406129 593.89259779
v 18.43880000 37.60000000 593.89259779
v 18.43880000 26.40000000 593.89259779
v 18.43024486 26.26947381 593.89259779
v 18.40472583 26.14118095 593.89259779
v 18.36267953 26.01731657 593.89259779
v 18.30482540 25.90000000 593.89259779
v 18.23215334 25.79123857 593.89259779
v 18.14590678 25.69289322 593.89259779
v 18.04756143 25.60664666 593.89259779
v 17.93880000 25.53397460 593.89259779
v 17.82148343 25.47612047 593.89259779
v 17.69761905 25.43407417 593.89259779
v 17.56932619 25.40855514 593.89259779
v 17.43880000 25.40000000 593.89259779
v -23.40000000 25.40000000 593.89259779
v -23.66105238 25.38288972 593.89259779
v -23.91763809 25.33185165 593.89259779
v -24.16536686 25.24775907 593.89259779
v -24.40000000 25.13205081 593.89259779
v -24.61752286 24.98670668 593.89259779
v -24.81421356 24.81421356 593.89259779
v -24.98670668 24.61752286 593.89259779
v -25.13205081 24.40000000 593.89259779
v -25.24775907 24.16536686 593.89259779
v -25.33185165 23.91763809 593.89259779
v -25.38288972 23.66105238 593.89259779
v -25.40000000 23.40000000 593.89259779
v -25.40000000 -23.40000000 593.89259779
v -25.38288972 -23.66105238 593.89259779
v -25.33185165 -23.91763809 593.89259779
v -25.24775907 -24.16536686 593.89259779
v -25.13205081 -24.40000000 593.89259779
v -24.98670668 -24.61752286 593.89259779
v -24.81421356 -24.81421356 593.89259779
v -24.61752286 -24.98670668 593.89259779
v -24.40000000 -25.13205081 593.89259779
v -24.16536686 -25.24775907 593.89259779
v -23.91763809 -25.33185165 593.89259779
v -23.66105238 -25.38288972 593.89259779
v -23.40000000 -25.40000000 593.89259779
v 23.40000000 -25.40000000 593.89259779
v 23.66105238 -25.38288972 593.89259779
v 23.91763809 -25.33185165 593.89259779
v 24.16536686 -25.24775907 593.89259779
v 24.40000000 -25.13205081 593.89259779
v 24.61752286 -24.98670668 593.89259779
v 24.81421356 -24.81421356 593.89259779
v 24.98670668 -24.61752286 593.89259779
v 25.13205081 -24.40000000 593.89259779
v 25.24775907 -24.16536686 593.89259779
v 25.33185165 -23.91763809 593.89259779
v 25.38288972 -23.66105238 593.89259779
v -23.41880000 22.41880000 593.89259779
v -23.41880000 -22.41880000 593.89259779
v -23.41024486 22.54932619 593.89259779
v -23.38472583 22.67761905 593.89259779
v -23.34267953 22.80148343 593.89259779
v -23.28482540 22.91880000 593.89259779
v -23.21215334 23.02756143 593.89259779
v -23.12590678 23.12590678 593.89259779
v -23.02756143 23.21215334 593.89259779
v -22.91880000 23.28482540 593.89259779
v -22.80148343 23.34267953 593.89259779
v -22.67761905 23.38472583 593.89259779
v -22.54932619 23.41024486 593.89259779
v -22.41880000 23.41880000 593.89259779
v 22.41880000 23.41880000 593.89259779
v 22.54932619 23.41024486 593.89259779
v 22.67761905 23.38472583 593.89259779
v 22.80148343 23.34267953 593.89259779
v 22.91880000 23.28482540 593.89259779
v 23.02756143 23.21215334 593.89259779
v 23.12590678 23.12590678 593.89259779
v 23.21215334 23.02756143 593.89259779
v 23.28482540 22.91880000 593.89259779
v 23.34267953 22.80148343 593.89259779
v 23.38472583 22.67761905 593.89259779
v 23.41024486 22.54932619 593.89259779
v 23.41880000 22.41880000 593.89259779
v 23.41880000 -22.41880000 593.89259779
v 23.41024486 -22.54932619 593.89259779
v 23.38472583 -22.67761905 593.89259779
v 23.34267953 -22.80148343 593.89259779
v 23.28482540 -22.91880000 593.89259779
v 23.21215334 -23.02756143 593.89259779
v 23.12590678 -23.12590678 593.89259779
v 23.02756143 -23.21215334 593.89259779
v 22.91880000 -23.28482540 593.89259779
v 22.80148343 -23.34267953 593.89259779
v 22.67761905 -23.38472583 593.89259779
v 22.54932619 -23.41024486 593.89259779
v 22.41880000 -23.41880000 593.89259779
v -22.41880000 -23.41880000 593.89259779
v -22.54932619 -23.41024486 593.89259779
v -22.67761905 -23.38472583 593.89259779
v -22.80148343 -23.34267953 593.89259779
v -22.91880000 -23.28482540 593.89259779
v -23.02756143 -23.21215334 593.89259779
v -23.12590678 -23.12590678 593.89259779
v -23.21215334 -23.02756143 593.89259779
v -23.28482540 -22.91880000 593.89259779
v -23.34267953 -22.80148343 593.89259779
v -23.38472583 -22.67761905 593.89259779
v -23.41024486 -22.54932619 593.89259779
v 25.40000000 34.98057134 -592.46773995
v 25.40000000 34.93995161 -593.05212493
v 25.40000000 34.87064844 -593.69357697
v 25.40000000 34.98638032 -589.09076401
v 25.40000000 34.97796271 -574.90722335
v 25.40000000 34.59712236 -573.22103601
v 25.40000000 34.72250293 -573.36119509
v 25.40000000 34.82012581 -573.50249620
v 25.40000000 34.89321048 -573.64461617
v 25.40000000 34.94497638 -573.78723184
v 25.40000000 34.97864298 -573.93002005
v 25.40000000 34.99742972 -574.07265764
v 25.40000000 35.00490044 -574.25938644
v 25.40000000 34.99670537 -574.49643514
v 25.40000000 33.17666579 -573.22103472
v 25.40000000 8.42203329 -573.22320024
v 25.40000000 7.12324081 -573.27016447
v 25.40000000 7.07423264 -575.07926978
v 25.40000000 7.07970203 -591.96444855
v 25.40000000 7.34068916 -593.78341887
v 25.40000000 7.24668756 -593.63717015
v 25.40000000 7.17452272 -593.48878498
v 25.40000000 7.12158468 -593.33861344
v 25.40000000 7.08526346 -593.18700563
v 25.40000000 7.06294909 -593.03431165
v 25.40000000 7.04987466 -592.78965413
v 25.40000000 7.05747112 -592.49638351
v 25.40000000 7.48835498 -593.84397201
v 25.40000000 7.08046867 574.47718922
v 25.40000000 7.22344453 573.53386174
v 25.40000000 7.13177662 574.00552282
v 25.40000000 7.09293887 574.26176498
v 25.40000000 10.52850465 573.63093432
v 25.40000000 33.05115796 573.64067467
v 25.40000000 34.92993704 573.84332350
v 25.40000000 34.66400921 573.73969542
v 25.40000000 34.40232884 573.67379296
v 25.40000000 34.14466822 573.63789412
v 25.40000000 33.58992393 573.62650094
v 25.40000000 34.98396205 575.70133672
v 25.40000000 34.99088240 592.04894746
v 25.40000000 8.83909097 154.04146061
v 25.40000000 7.21461128 153.94344174
v 25.40000000 33.07227402 154.05252168
v 25.40000000 34.82202079 154.22091419
v 25.40000000 34.66275352 154.14685649
v 25.40000000 34.49869978 154.09367843
v 25.40000000 34.33058108 154.05831804
v 25.40000000 34.04635076 154.03078808
v 25.40000000 33.70629957 154.03111219
v 25.40000000 34.80513411 182.01442787
v 25.40000000 32.93283803 182.04917946
v 25.40000000 9.03619995 182.05735145
v 25.40000000 7.23719136 182.19594742
v 25.40000000 7.07859093 155.50882726
v 25.40000000 7.07142272 168.21218785
v 25.40000000 7.07948145 180.61543877
v 25.40000000 7.06875296 211.44217434
v 25.40000000 7.07062068 236.94348627
v 25.40000000 7.00352643 210.29332323
v 25.40000000 8.25555906 210.05433941
v 25.40000000 7.91743639 210.08727917
v 25.40000000 7.46102774 210.18415790
v 25.40000000 12.29753577 210.04179252
v 25.40000000 33.01409165 210.04790088
v 25.40000000 34.83780123 210.24237771
v 25.40000000 34.64113692 210.15347488
v 25.40000000 34.44272749 210.09172679
v 25.40000000 34.24302131 210.05270524
v 25.40000000 33.95914962 210.02770996
v 25.40000000 33.62605910 210.02815322
v 25.40000000 34.98062279 212.08569786
v 25.40000000 35.00267172 211.26799120
v 25.40000000 34.98540482 210.85649370
v 25.40000000 34.93489495 210.54859076
v 25.40000000 34.89298050 210.39521267
v 25.40000000 34.98639575 227.28502028
v 25.40000000 34.97971723 236.57343548
v 25.40000000 34.64835866 237.88640177
v 25.40000000 34.75103095 237.78393190
v 25.40000000 34.83177230 237.67879220
v 25.40000000 34.89306786 237.57140486
v 25.40000000 34.94029131 237.45338882
v 25.40000000 34.97268252 237.32415326
v 25.40000000 34.98959410 237.19372446
v 25.40000000 34.99065241 236.88047861
v 25.40000000 33.88235083 237.96135295
v 25.40000000 34.28794878 237.93214221
v 25.40000000 8.11299476 237.95640022
v 25.40000000 7.04056819 237.74215401
v 25.40000000 7.57673794 237.87942837
v 25.40000000 7.86795158 237.93751944
v 25.40000000 7.99451919 237.95162833
v 25.40000000 32.97635132 -69.77438765
v 25.40000000 9.05273161 -69.78602655
v 25.40000000 34.81106142 -69.63257475
v 25.40000000 34.56329542 -69.71382974
v 25.40000000 34.31473969 -69.76364164
v 25.40000000 34.00413974 -69.79185735
v 25.40000000 33.64231305 -69.79339473
v 25.40000000 34.98139458 -67.78013334
v 25.40000000 35.00006397 -68.59790024
v 25.40000000 34.97638883 -69.01145311
v 25.40000000 34.91836289 -69.32218934
v 25.40000000 34.87170178 -69.47747319
v 25.40000000 34.98626712 -15.74981990
v 25.40000000 34.97853383 -14.90566991
v 25.40000000 34.99180469 -15.32692461
v 25.40000000 34.83817684 -13.98665128
v 25.40000000 32.92104514 -13.79266972
v 25.40000000 33.74349038 -13.77039380
v 25.40000000 34.17046938 -13.79684896
v 25.40000000 34.49979723 -13.86321637
v 25.40000000 34.66778484 -13.91683356
v 25.40000000 8.99743572 -13.77764646
v 25.40000000 7.22828863 -13.60186703
v 25.40000000 7.36922983 -13.67530204
v 25.40000000 7.51243784 -13.73051452
v 25.40000000 7.65758649 -13.76976467
v 25.40000000 7.80434963 -13.79531272
v 25.40000000 8.00198147 -13.81196892
v 25.40000000 8.50100754 -13.79977572
v 25.40000000 7.07951680 -15.36507604
v 25.40000000 7.13551179 -14.48248778
v 25.40000000 7.07191214 -22.44515556
v 25.40000000 7.07979464 -67.79160714
v 25.40000000 7.25415577 -69.91599481
v 25.40000000 8.15501312 -69.83452878
v 25.40000000 7.07866269 43.65187559
v 25.40000000 7.07890966 96.54326082
v 25.40000000 7.22630925 42.03306765
v 25.40000000 7.13234703 42.84245492
v 25.40000000 9.02057386 42.12874885
v 25.40000000 32.95124770 42.13873683
v 25.40000000 34.80330755 42.27873374
v 25.40000000 34.52231895 42.19091922
v 25.40000000 34.24198596 42.14098743
v 25.40000000 33.94210951 42.11906439
v 25.40000000 33.59211021 42.12015928
v 25.40000000 34.98080802 44.27777569
v 25.40000000 35.00446559 43.38772624
v 25.40000000 34.98128100 42.94105468
v 25.40000000 34.91957384 42.60817280
v 25.40000000 34.86919274 42.44293156
v 25.40000000 34.98629285 95.98546064
v 25.40000000 34.97841034 96.99895241
v 25.40000000 34.84111477 97.94975099
v 25.40000000 32.92862922 98.12119768
v 25.40000000 33.75018296 98.13955151
v 25.40000000 34.17593820 98.11568854
v 25.40000000 34.50408871 98.05742376
v 25.40000000 34.67141898 98.01059628
v 25.40000000 8.99797082 98.13531293
v 25.40000000 7.22818801 98.31094764
v 25.40000000 7.36920006 98.23759833
v 25.40000000 7.51247310 98.18245088
v 25.40000000 7.65768173 98.14324725
v 25.40000000 7.80450056 98.11772944
v 25.40000000 8.00220133 98.10109195
v 25.40000000 8.50138446 98.11325615
v 25.40000000 7.13340839 97.42794678
v 25.40000000 7.07954767 435.13032494
v 25.40000000 7.07749987 488.34235757
v 25.40000000 7.24436804 433.51750064
v 25.40000000 7.13934261 434.32391468
v 25.40000000 9.01255243 433.72433005
v 25.40000000 8.21314092 433.76411015
v 25.40000000 7.89049172 433.75158471
v 25.40000000 7.67633938 433.71352387
v 25.40000000 7.50120568 433.65683973
v 25.40000000 7.37153902 433.59602806
v 25.40000000 32.44081935 433.73349258
v 25.40000000 33.95703913 433.74686493
v 25.40000000 34.97281232 433.98154135
v 25.40000000 34.43582361 433.83748940
v 25.40000000 34.17087448 433.77569922
v 25.40000000 34.96581994 488.95946659
v 25.40000000 34.77620757 489.69279946
v 25.40000000 34.95037751 489.10662648
v 25.40000000 34.96174718 489.03256537
v 25.40000000 32.92536714 489.72548741
v 25.40000000 8.99143637 489.72961468
v 25.40000000 7.19468427 489.79011189
v 25.40000000 7.12037940 489.06692640
v 25.40000000 33.69696869 517.72519948
v 25.40000000 8.28544345 517.72858384
v 25.40000000 34.91308721 517.87419390
v 25.40000000 34.27032845 517.77750230
v 25.40000000 33.95827231 517.73824263
v 25.40000000 34.98324172 519.59988675
v 25.40000000 34.98640090 532.59301968
v 25.40000000 34.97910495 544.06740076
v 25.40000000 34.67555640 545.56064609
v 25.40000000 34.77531550 545.44043685
v 25.40000000 34.85299930 545.31830671
v 25.40000000 34.91116873 545.19460132
v 25.40000000 34.95238477 545.06966636
v 25.40000000 34.97920835 544.94384748
v 25.40000000 34.99420044 544.81749033
v 25.40000000 34.99379726 544.43864588
v 25.40000000 33.56106664 545.63997217
v 25.40000000 34.13552813 545.60975025
v 25.40000000 8.31782161 545.63493690
v 25.40000000 7.06824130 545.44553279
v 25.40000000 7.69228696 545.56600741
v 25.40000000 8.03278335 545.61803852
v 25.40000000 7.07029653 519.25179302
v 25.40000000 7.03496714 517.94553302
v 25.40000000 7.94836067 517.75463564
v 25.40000000 7.49225913 517.84377570
v 25.40000000 32.94346810 265.96527472
v 25.40000000 9.02017253 265.95470891
v 25.40000000 34.77820392 266.11137998
v 25.40000000 34.53194953 266.02404764
v 25.40000000 34.28426478 265.97119453
v 25.40000000 34.03569475 265.94539967
v 25.40000000 33.48749101 265.94736421
v 25.40000000 34.95190721 266.57569756
v 25.40000000 34.93596682 266.46975218
v 25.40000000 34.91679634 266.41260328
v 25.40000000 34.88820529 266.34567463
v 25.40000000 34.97228236 320.96895411
v 25.40000000 34.85031446 321.62890416
v 25.40000000 34.92800757 321.29258346
v 25.40000000 34.96125312 321.11770497
v 25.40000000 33.00089926 321.81388828
v 25.40000000 33.81538552 321.83065280
v 25.40000000 34.22808920 321.80379941
v 25.40000000 34.53893964 321.74182734
v 25.40000000 34.69459577 321.69258374
v 25.40000000 11.60470354 321.81818064
v 25.40000000 8.06715068 321.80266211
v 25.40000000 6.98781735 321.54029759
v 25.40000000 7.52652637 321.70305400
v 25.40000000 7.82137089 321.77517389
v 25.40000000 7.94955767 321.79422815
v 25.40000000 7.06811495 319.54314833
v 25.40000000 7.07866269 267.98540700
v 25.40000000 7.22758953 265.85905100
v 25.40000000 7.07707796 351.35084224
v 25.40000000 7.07810186 376.30141162
v 25.40000000 7.18533521 349.74069225
v 25.40000000 12.34751663 349.80617116
v 25.40000000 33.06010553 349.81508606
v 25.40000000 34.81373695 349.97051894
v 25.40000000 34.63532493 349.89601250
v 25.40000000 34.45145694 349.84480146
v 25.40000000 34.26304766 349.81303394
v 25.40000000 34.00101375 349.79410536
v 25.40000000 33.66542932 349.79632722
v 25.40000000 34.97559075 376.88054977
v 25.40000000 34.79979850 377.77996388
v 25.40000000 34.91030216 377.29277092
v 25.40000000 34.95563417 377.06449155
v 25.40000000 32.92476000 377.81248674
v 25.40000000 9.01266048 377.81859510
v 25.40000000 7.21228134 377.91942636
v 25.40000000 7.12642917 377.10954869
v 25.40000000 7.08866914 -461.28250063
v 25.40000000 7.07996444 -434.59697362
v 25.40000000 7.87761549 -461.35761801
v 25.40000000 7.48344439 -461.33092566
v 25.40000000 33.66180014 -461.35751483
v 25.40000000 34.88860533 -461.24229184
v 25.40000000 34.24108015 -461.31702117
v 25.40000000 34.98200172 -459.69473167
v 25.40000000 34.98641633 -453.78053295
v 25.40000000 34.98095724 -435.36198326
v 25.40000000 34.77816791 -433.48399407
v 25.40000000 34.88178831 -433.74545559
v 25.40000000 34.94768345 -434.00451395
v 25.40000000 34.98357974 -434.26112864
v 25.40000000 34.99500598 -434.81780476
v 25.40000000 33.78539394 -433.38191643
v 25.40000000 34.27444896 -433.42056958
v 25.40000000 30.58349592 -433.37572553
v 25.40000000 9.01241866 -433.36664554
v 25.40000000 7.24356659 -433.16066572
v 25.40000000 7.38255005 -433.24496622
v 25.40000000 7.52443467 -433.30852079
v 25.40000000 7.66880940 -433.35389127
v 25.40000000 7.81526323 -433.38363949
v 25.40000000 7.96338514 -433.40032731
v 25.40000000 8.19371901 -433.40639657
v 25.40000000 8.48901376 -433.39287059
v 25.40000000 7.13917216 -433.87880798
v 25.40000000 -19.31066387 -349.45894927
v 25.40000000 -8.70064994 -349.45110747
v 25.40000000 -20.85934753 -349.82984616
v 25.40000000 -20.72605111 -349.71388177
v 25.40000000 -20.59301073 -349.62282758
v 25.40000000 -20.46038083 -349.55384998
v 25.40000000 -20.32831584 -349.50411534
v 25.40000000 -20.19697017 -349.47079002
v 25.40000000 -20.06649827 -349.45104040
v 25.40000000 -19.88968408 -349.44085863
v 25.40000000 -19.68186943 -349.44490947
v 25.40000000 -20.85934753 -351.39469957
v 25.40000000 -20.85937583 -360.17574979
v 25.40000000 -20.85151905 -375.54257736
v 25.40000000 -20.59082005 -377.42613836
v 25.40000000 -20.70605683 -377.21288659
v 25.40000000 -20.78668440 -377.00104486
v 25.40000000 -20.83829247 -376.79077216
v 25.40000000 -20.86647076 -376.58222747
v 25.40000000 -20.87044568 -376.05480547
v 25.40000000 -18.77584966 -377.45471969
v 25.40000000 -0.41879517 -377.45463715
v 25.40000000 7.11090528 -377.42530338
v 25.40000000 7.07527198 -376.80190981
v 25.40000000 7.08493627 -349.43433915
v 25.40000000 33.69695756 -517.21642076
v 25.40000000 8.28562270 -517.21317054
v 25.40000000 34.91313269 -517.06738514
v 25.40000000 34.27032247 -517.16410894
v 25.40000000 33.95828001 -517.20336523
v 25.40000000 34.98325201 -515.34178497
v 25.40000000 34.98641119 -502.34881198
v 25.40000000 34.97911524 -490.87451345
v 25.40000000 34.67574162 -489.38114430
v 25.40000000 34.77545307 -489.50137469
v 25.40000000 34.85309868 -489.62352223
v 25.40000000 34.91123835 -489.74724178
v 25.40000000 34.95243203 -489.87218822
v 25.40000000 34.97923961 -489.99801644
v 25.40000000 34.99422102 -490.12438131
v 25.40000000 34.99380739 -490.50324463
v 25.40000000 33.56127759 -489.30166345
v 25.40000000 34.13573008 -489.33194727
v 25.40000000 8.31821779 -489.30665744
v 25.40000000 7.06852891 -489.49589637
v 25.40000000 7.69263060 -489.37552596
v 25.40000000 8.03314026 -489.32355407
v 25.40000000 7.07031197 -515.68979616
v 25.40000000 7.03514851 -516.99605440
v 25.40000000 7.94854500 -517.18708537
v 25.40000000 7.49244465 -517.09786674
v 25.40000000 17.87812434 -209.54755737
v 25.40000000 8.62237348 -209.53690902
v 25.40000000 33.02400653 -209.54136647
v 25.40000000 34.91681153 -209.30483278
v 25.40000000 34.67535037 -209.41504794
v 25.40000000 34.43738112 -209.48922611
v 25.40000000 34.20275213 -209.53386763
v 25.40000000 33.92423994 -209.55764697
v 25.40000000 33.60383166 -209.55826008
v 25.40000000 34.98325201 -207.66535836
v 25.40000000 34.98641119 -194.67230799
v 25.40000000 34.97911524 -183.19800945
v 25.40000000 34.67539689 -181.70476412
v 25.40000000 34.77519186 -181.82496390
v 25.40000000 34.85290632 -181.94708630
v 25.40000000 34.91110160 -182.07078567
v 25.40000000 34.95233903 -182.19571633
v 25.40000000 34.97917994 -182.32153264
v 25.40000000 34.99418565 -182.44788893
v 25.40000000 34.99380490 -182.82674112
v 25.40000000 33.56097402 -181.62539677
v 25.40000000 34.13539050 -181.65565480
v 25.40000000 8.31782675 -181.63043203
v 25.40000000 7.06828753 -181.81995026
v 25.40000000 7.69230955 -181.69940621
v 25.40000000 8.03278480 -181.64735421
v 25.40000000 7.07030682 -208.01361718
v 25.40000000 7.03531724 -209.31787192
v 25.40000000 8.25425446 -209.51560976
v 25.40000000 7.82956605 -209.45673049
v 25.40000000 7.08862808 -125.54337516
v 25.40000000 7.07995415 -98.85825020
v 25.40000000 7.87757947 -125.61858504
v 25.40000000 7.48340424 -125.59186226
v 25.40000000 33.66177955 -125.61846123
v 25.40000000 34.88861562 -125.50322792
v 25.40000000 34.24106728 -125.57797789
v 25.40000000 34.98201201 -123.95570902
v 25.40000000 34.98641633 -118.04154126
v 25.40000000 34.98095724 -99.62295030
v 25.40000000 34.77815247 -97.74496110
v 25.40000000 34.88177832 -98.00643611
v 25.40000000 34.94767744 -98.26550210
v 25.40000000 34.98357649 -98.52211947
v 25.40000000 34.99500558 -99.07878858
v 25.40000000 33.78539908 -97.64289378
v 25.40000000 34.27560535 -97.68163851
v 25.40000000 30.58350107 -97.63674415
v 25.40000000 9.01240837 -97.62766417
v 25.40000000 7.24344012 -97.42210500
v 25.40000000 7.38246857 -97.50621236
v 25.40000000 7.52438527 -97.56962373
v 25.40000000 7.66878113 -97.61489459
v 25.40000000 7.81524707 -97.64458044
v 25.40000000 7.96337402 -97.66123674
v 25.40000000 8.19371306 -97.66730306
v 25.40000000 8.48899273 -97.65382093
v 25.40000000 7.13911827 -98.14016061
v 25.40000000 33.85485467 -349.44326566
v 25.40000000 7.75469572 -349.44512293
v 25.40000000 34.84349187 -349.32737199
v 25.40000000 34.33857665 -349.40121396
v 25.40000000 34.07709763 -349.43272537
v 25.40000000 34.98278380 -347.25265660
v 25.40000000 34.99517981 -348.23877549
v 25.40000000 34.95168243 -348.82608055
v 25.40000000 34.90774993 -349.07461378
v 25.40000000 34.98627741 -295.75604010
v 25.40000000 34.97524087 -294.57487809
v 25.40000000 34.99361517 -295.16436021
v 25.40000000 34.76589651 -293.56635967
v 25.40000000 34.89152654 -294.09798266
v 25.40000000 34.94569088 -294.35623603
v 25.40000000 32.85559769 -293.53548771
v 25.40000000 19.88970206 -293.53412572
v 25.40000000 8.60770440 -293.54013089
v 25.40000000 7.02177322 -293.76070977
v 25.40000000 7.14497538 -293.68338356
v 25.40000000 7.27109121 -293.62379333
v 25.40000000 7.39973526 -293.57983344
v 25.40000000 7.53052211 -293.54939827
v 25.40000000 7.66306630 -293.53038219
v 25.40000000 7.86980958 -293.51857015
v 25.40000000 8.13524531 -293.52335113
v 25.40000000 7.06976143 -295.76159127
v 25.40000000 7.07437156 -347.41205166
v 25.40000000 7.12891217 -349.39269854
v 25.40000000 7.44180193 -349.42647744
v 25.40000000 7.07708310 -264.00177366
v 25.40000000 7.07810186 -239.05091537
v 25.40000000 7.18529469 -265.61192214
v 25.40000000 12.34743945 -265.54611456
v 25.40000000 33.06003864 -265.53732348
v 25.40000000 34.81367521 -265.38203505
v 25.40000000 34.63526805 -265.45656825
v 25.40000000 34.45140166 -265.50778210
v 25.40000000 34.26299153 -265.53953416
v 25.40000000 34.00098074 -265.55842175
v 25.40000000 33.66536383 -265.55613895
v 25.40000000 34.97558046 -238.47202485
v 25.40000000 34.79982422 -237.57240439
v 25.40000000 34.91032146 -238.05977791
v 25.40000000 34.95563608 -238.28807612
v 25.40000000 32.92481660 -237.53996407
v 25.40000000 9.01269650 -237.53389698
v 25.40000000 7.21235104 -237.43278171
v 25.40000000 7.12645261 -238.24276105
v 25.40000000 -19.91783942 586.97664529
v 25.40000000 -17.86111742 586.00650641
v 25.40000000 -20.56000522 586.97664529
v 25.40000000 -20.56000522 583.59700662
v 25.40000000 -19.85444967 583.59700662
v 25.40000000 -19.85444967 586.07368577
v 25.40000000 -15.68450609 584.39454623
v 25.40000000 -17.60570494 585.05367759
v 25.40000000 -18.75125472 585.53646560
v 25.40000000 -15.68450609 585.29061556
v 25.40000000 0.37445829 539.46698414
v 25.40000000 0.74194112 539.39062033
v 25.40000000 1.09560300 539.26492887
v 25.40000000 1.42885586 539.09225115
v 25.40000000 1.73549185 538.87580384
v 25.40000000 2.00979890 538.61961893
v 25.40000000 2.24666721 538.32846868
v 25.40000000 2.44168435 538.00777664
v 25.40000000 2.59121754 537.66351672
v 25.40000000 2.69248124 537.30210183
v 25.40000000 2.74358912 536.93026443
v 25.40000000 2.74358912 536.55493115
v 25.40000000 2.69248124 536.18309375
v 25.40000000 2.59121754 535.82167886
v 25.40000000 2.44168435 535.47741894
v 25.40000000 2.24666721 535.15672690
v 25.40000000 2.00979890 534.86557665
v 25.40000000 1.73549185 534.60939174
v 25.40000000 1.42885586 534.39294443
v 25.40000000 1.09560300 534.22026671
v 25.40000000 0.74194112 534.09457525
v 25.40000000 0.37445829 534.01821144
v 25.40000000 -9.32834171 289.37561365
v 25.40000000 -8.96085888 289.45197746
v 25.40000000 -8.60719700 289.57766892
v 25.40000000 -8.27394414 289.75034664
v 25.40000000 -7.96730815 289.96679395
v 25.40000000 -7.69300110 290.22297886
v 25.40000000 -7.45613279 290.51412911
v 25.40000000 -7.26111565 290.83482115
v 25.40000000 -7.11158246 291.17908107
v 25.40000000 -7.01031876 291.54049596
v 25.40000000 -6.95921088 291.91233336
v 25.40000000 -6.95921088 292.28766664
v 25.40000000 -7.01031876 292.65950404
v 25.40000000 -7.11158246 293.02091893
v 25.40000000 -7.26111565 293.36517885
v 25.40000000 -7.45613279 293.68587089
v 25.40000000 -7.69300110 293.97702114
v 25.40000000 -7.96730815 294.23320605
v 25.40000000 -8.27394414 294.44965336
v 25.40000000 -8.60719700 294.62233108
v 25.40000000 -8.96085888 294.74802254
v 25.40000000 -9.32834171 294.82438635
v 25.40000000 -9.32834172 314.77561365
v 25.40000000 -8.96085888 314.85197746
v 25.40000000 -8.60719700 314.97766892
v 25.40000000 -8.27394414 315.15034664
v 25.40000000 -7.96730815 315.36679395
v 25.40000000 -7.69300110 315.62297886
v 25.40000000 -7.45613279 315.91412911
v 25.40000000 -7.26111565 316.23482115
v 25.40000000 -7.11158246 316.57908107
v 25.40000000 -7.01031876 316.94049596
v 25.40000000 -6.95921088 317.31233336
v 25.40000000 -6.95921088 317.68766664
v 25.40000000 -7.01031876 318.05950404
v 25.40000000 -7.11158246 318.42091893
v 25.40000000 -7.26111565 318.76517885
v 25.40000000 -7.45613279 319.08587089
v 25.40000000 -7.69300110 319.37702114
v 25.40000000 -7.96730815 319.63320605
v 25.40000000 -8.27394414 319.84965336
v 25.40000000 -8.60719700 320.02233108
v 25.40000000 -8.96085888 320.14802254
v 25.40000000 -9.32834172 320.22438635
v 25.40000000 -9.32834171 -320.22438635
v 25.40000000 -8.96085888 -320.14802254
v 25.40000000 -8.60719700 -320.02233108
v 25.40000000 -8.27394414 -319.84965336
v 25.40000000 -7.96730815 -319.63320605
v 25.40000000 -7.69300110 -319.37702114
v 25.40000000 -7.45613279 -319.08587089
v 25.40000000 -7.26111565 -318.76517885
v 25.40000000 -7.11158246 -318.42091893
v 25.40000000 -7.01031876 -318.05950404
v 25.40000000 -6.95921088 -317.68766664
v 25.40000000 -6.95921088 -317.31233336
v 25.40000000 -7.01031876 -316.94049596
v 25.40000000 -7.11158246 -316.57908107
v 25.40000000 -7.26111565 -316.23482115
v 25.40000000 -7.45613279 -315.91412911
v 25.40000000 -7.69300110 -315.62297886
v 25.40000000 -7.96730815 -315.36679395
v 25.40000000 -8.27394414 -315.15034664
v 25.40000000 -8.60719700 -314.97766892
v 25.40000000 -8.96085888 -314.85197746
v 25.40000000 -9.32834171 -314.77561365
v 25.40000000 -20.69401944 -585.08411317
v 25.40000000 -20.67292305 -584.73233112
v 25.40000000 -20.62490556 -584.48475117
v 25.40000000 -20.56374450 -584.30396315
v 25.40000000 -20.49226296 -584.16108557
v 25.40000000 -20.45041743 -584.09631104
v 25.40000000 -20.40463142 -584.03628738
v 25.40000000 -20.54588033 -585.81430116
v 25.40000000 -20.62807776 -585.58112561
v 25.40000000 -20.67750850 -585.33772961
v 25.40000000 -20.05908834 -586.41047493
v 25.40000000 -20.24506148 -586.25016534
v 25.40000000 -20.38317026 -586.09232047
v 25.40000000 -20.47331587 -585.95740918
v 25.40000000 -19.16646410 -586.81268983
v 25.40000000 -19.51180302 -586.70217244
v 25.40000000 -19.80929340 -586.56807529
v 25.40000000 -19.94014323 -586.49220823
v 25.40000000 -17.80117276 -586.96082893
v 25.40000000 -18.47151178 -586.93154799
v 25.40000000 -18.83884509 -586.88353389
v 25.40000000 -17.01431295 -586.88675938
v 25.40000000 -17.36671266 -586.93799159
v 25.40000000 -17.58476234 -586.95512329
v 25.40000000 -16.29118741 -586.61873095
v 25.40000000 -16.51579487 -586.73472859
v 25.40000000 -16.75686224 -586.82404588
v 25.40000000 -15.76202074 -586.08956429
v 25.40000000 -15.89559398 -586.27794039
v 25.40000000 -16.03426087 -586.42576718
v 25.40000000 -16.15718225 -586.52877033
v 25.40000000 -15.55738207 -585.22518983
v 25.40000000 -15.57579955 -585.52524438
v 25.40000000 -15.61771957 -585.74269946
v 25.40000000 -15.67808287 -585.92361180
v 25.40000000 -15.71729818 -586.00920178
v 25.40000000 -15.66349101 -584.55494650
v 25.40000000 -15.60459263 -584.76741320
v 25.40000000 -15.56919747 -584.99078936
v 25.40000000 -15.98078430 -584.01165494
v 25.40000000 -15.85151666 -584.17551389
v 25.40000000 -15.74567567 -584.35663660
v 25.40000000 -16.50650587 -583.64475227
v 25.40000000 -16.30850220 -583.74511939
v 25.40000000 -16.14980939 -583.85420317
v 25.40000000 -16.06187978 -583.92961157
v 25.40000000 -17.22963142 -583.51073806
v 25.40000000 -16.96735757 -583.52565405
v 25.40000000 -16.72629021 -583.57035097
v 25.40000000 -16.61373288 -583.60384336
v 25.40000000 -17.89281230 -583.60237760
v 25.40000000 -17.68749737 -583.55151778
v 25.40000000 -17.46641155 -583.52094575
v 25.40000000 -18.40096388 -583.87764073
v 25.40000000 -18.26628683 -583.77580664
v 25.40000000 -18.11642931 -583.69046456
v 25.40000000 -18.00803558 -583.64274585
v 25.40000000 -18.72549188 -584.33980029
v 25.40000000 -18.64875237 -584.18112315
v 25.40000000 -18.56457612 -584.05300372
v 25.40000000 -18.48730861 -583.96092180
v 25.40000000 -18.83849101 -584.99230137
v 25.40000000 -18.82588451 -584.75365833
v 25.40000000 -18.78816709 -584.53618349
v 25.40000000 -18.75993964 -584.43536022
v 25.40000000 -18.70413228 -585.66616205
v 25.40000000 -18.76961666 -585.48256085
v 25.40000000 -18.81352096 -585.28305365
v 25.40000000 -18.83080155 -585.14121218
v 25.40000000 -18.30932434 -586.17775873
v 25.40000000 -18.45734941 -586.03987412
v 25.40000000 -18.56896049 -585.90431531
v 25.40000000 -18.64310850 -585.78864611
v 25.40000000 -19.52992167 -585.91662049
v 25.40000000 -19.34653067 -586.00035473
v 25.40000000 -19.13527112 -586.06825700
v 25.40000000 -18.89614303 -586.12031155
v 25.40000000 -18.61781262 -586.15762733
v 25.40000000 -19.99535407 -585.23225227
v 25.40000000 -19.97865376 -585.35020550
v 25.40000000 -19.94860264 -585.45720426
v 25.40000000 -19.90397034 -585.55849224
v 25.40000000 -19.84457866 -585.65280691
v 25.40000000 -19.76808941 -585.74188441
v 25.40000000 -19.68169584 -585.81823664
v 25.40000000 -19.60950376 -585.86947916
v 25.40000000 -19.98846388 -584.90066183
v 25.40000000 -20.00299392 -585.02144964
v 25.40000000 -20.00361093 -585.12241867
v 25.40000000 -19.92851922 -584.69602316
v 25.40000000 -19.96288405 -584.78955750
v 25.40000000 -19.82964498 -584.54788406
v 25.40000000 -19.88462620 -584.61702704
v 25.40000000 -19.68495097 -584.43850227
v 25.40000000 -19.76371613 -584.48896465
v 25.40000000 -19.48031230 -584.34324538
v 25.40000000 -19.40968784 -584.31499560
v 25.40000000 -19.51579678 -583.57412782
v 25.40000000 -20.31083869 -583.93687813
v 25.40000000 -20.20309333 -583.84809266
v 25.40000000 -20.08139533 -583.76992747
v 25.40000000 -19.94574470 -583.70237908
v 25.40000000 -19.79614143 -583.64544399
v 25.40000000 -19.66081377 -583.60610295
v 25.40000000 7.06801205 -211.32352052
v 25.40000000 7.07634219 -235.58822060
v 25.40000000 6.98471431 -209.36238427
v 25.40000000 5.04917955 -209.54128393
v 25.40000000 6.01698787 -209.47581981
v 25.40000000 -18.86554919 -209.55482136
v 25.40000000 -20.60233510 -209.67707102
v 25.40000000 -20.43172998 -209.61443542
v 25.40000000 -20.25381808 -209.57198166
v 25.40000000 -20.06967620 -209.54631540
v 25.40000000 -19.47631957 -209.53657756
v 25.40000000 -20.76503529 -209.88657111
v 25.40000000 -20.83955894 -210.21324432
v 25.40000000 -20.83528201 -210.14905322
v 25.40000000 -20.82276830 -210.07954213
v 25.40000000 -20.85741807 -235.37401543
v 25.40000000 -20.81372727 -237.05979778
v 25.40000000 -20.77335772 -237.21981194
v 25.40000000 -20.80178411 -237.14462041
v 25.40000000 -20.56900424 -237.45230091
v 25.40000000 -20.73477720 -237.27284029
v 25.40000000 -19.19866744 -237.53286517
v 25.40000000 5.72655033 -237.52976972
v 25.40000000 7.17164389 -237.38279737
v 25.40000000 6.44912066 -237.47633162
v 25.40000000 6.98987015 -293.71882022
v 25.40000000 6.84885643 -293.64246218
v 25.40000000 6.70546137 -293.58528105
v 25.40000000 6.56003118 -293.54488281
v 25.40000000 6.41291207 -293.51887342
v 25.40000000 6.21472444 -293.50243908
v 25.40000000 5.71419757 -293.51740584
v 25.40000000 5.21670340 -293.54151352
v 25.40000000 7.06834649 -291.76146438
v 25.40000000 7.07469057 -267.46620188
v 25.40000000 7.13462654 -265.66635045
v 25.40000000 6.02864278 -265.55106728
v 25.40000000 6.58230066 -265.59302519
v 25.40000000 -19.55887794 -265.54968465
v 25.40000000 -20.57565703 -265.63511908
v 25.40000000 -20.78562397 -265.87844213
v 25.40000000 -20.85499466 -266.71685522
v 25.40000000 -20.83229708 -266.29726948
v 25.40000000 -20.81008186 -293.04421908
v 25.40000000 -20.76278939 -293.20509996
v 25.40000000 -20.79797966 -293.12043866
v 25.40000000 -20.58379423 -293.41658114
v 25.40000000 -20.72700956 -293.25562293
v 25.40000000 -18.85575780 -293.52706809
v 25.40000000 -19.66053239 -293.54903783
v 25.40000000 -20.04786750 -293.53726397
v 25.40000000 -20.32412413 -293.49672599
v 25.40000000 -20.45627869 -293.46230355
v 25.40000000 -9.35200513 -294.82753423
v 25.40000000 -9.00694180 -294.76050397
v 25.40000000 -8.67324793 -294.65000442
v 25.40000000 -8.35637564 -294.49784100
v 25.40000000 -8.06150224 -294.30649986
v 25.40000000 -7.79344558 -294.07910730
v 25.40000000 -7.55658537 -293.81937860
v 25.40000000 -7.35479162 -293.53155741
v 25.40000000 7.07840543 -71.07662305
v 25.40000000 7.07783945 -96.25097287
v 25.40000000 7.21398202 -69.94613828
v 25.40000000 7.12891435 -70.51264790
v 25.40000000 7.09113961 -70.81688849
v 25.40000000 5.42242551 -69.78895691
v 25.40000000 6.31714408 -69.84617812
v 25.40000000 -10.06641519 -69.78161037
v 25.40000000 -19.49439523 -69.78850291
v 25.40000000 -20.85937583 -70.18550476
v 25.40000000 -20.74442455 -70.06681584
v 25.40000000 -20.62889625 -69.97288953
v 25.40000000 -20.51302966 -69.90096643
v 25.40000000 -20.39706348 -69.84828714
v 25.40000000 -20.28123644 -69.81209227
v 25.40000000 -20.12742941 -69.78470556
v 25.40000000 -19.97916955 -69.77526157
v 25.40000000 -19.80540322 -69.77766308
v 25.40000000 -20.85937326 -72.74614397
v 25.40000000 -20.85032278 -95.70435758
v 25.40000000 -20.56595054 -97.60182747
v 25.40000000 -20.66818113 -97.43722577
v 25.40000000 -20.74670248 -97.27356660
v 25.40000000 -20.80434376 -97.11092062
v 25.40000000 -20.84393411 -96.94935848
v 25.40000000 -20.86830270 -96.78895082
v 25.40000000 -20.88258751 -96.54445216
v 25.40000000 -20.87456736 -96.23763564
v 25.40000000 -18.95716276 -97.63294707
v 25.40000000 -9.02408999 -97.63455670
v 25.40000000 5.45461928 -97.62865471
v 25.40000000 7.21142090 -97.39434040
v 25.40000000 7.07379144 -97.47471521
v 25.40000000 6.93333177 -97.53688020
v 25.40000000 6.79041254 -97.58297928
v 25.40000000 6.64540442 -97.61515639
v 25.40000000 6.44945153 -97.64010839
v 25.40000000 5.95197125 -97.64423157
v 25.40000000 7.09007303 -96.51692846
v 25.40000000 7.12618751 -96.82385807
v 25.40000000 7.07056408 -127.55910234
v 25.40000000 7.06933437 -179.64282262
v 25.40000000 7.04088082 -125.58359538
v 25.40000000 5.23699108 -125.62366158
v 25.40000000 -15.31017322 -125.62568394
v 25.40000000 -19.85734300 -125.63814829
v 25.40000000 -20.80006665 -125.84269566
v 25.40000000 -20.32539676 -125.71482260
v 25.40000000 -20.06605337 -125.65756281
v 25.40000000 -19.96171329 -125.64401454
v 25.40000000 -20.85666686 -127.10386475
v 25.40000000 -20.80796202 -181.13858558
v 25.40000000 -20.76052806 -181.29946646
v 25.40000000 -20.79573645 -181.21599487
v 25.40000000 -20.57041918 -181.51140164
v 25.40000000 -20.72330465 -181.34946875
v 25.40000000 -18.84707264 -181.61421187
v 25.40000000 -19.65185346 -181.63578214
v 25.40000000 -20.03811861 -181.62523321
v 25.40000000 -20.31290500 -181.58718018
v 25.40000000 -20.44407368 -181.55467542
v 25.40000000 5.06846390 -181.62576822
v 25.40000000 7.01476514 -181.77108789
v 25.40000000 -14.29203065 -461.36469627
v 25.40000000 5.23764452 -461.36269455
v 25.40000000 -19.67943348 -461.37441599
v 25.40000000 -20.78898124 -461.55353939
v 25.40000000 -20.23168651 -461.44169431
v 25.40000000 -19.93429499 -461.39247354
v 25.40000000 -20.85588993 -462.66361954
v 25.40000000 -20.80510127 -488.82463388
v 25.40000000 -20.75739718 -488.98515363
v 25.40000000 -20.79231218 -488.90526756
v 25.40000000 -20.50484053 -489.23302699
v 25.40000000 -20.71514556 -489.03574083
v 25.40000000 -18.83765428 -489.29224296
v 25.40000000 5.06935403 -489.30197299
v 25.40000000 7.01517552 -489.44705469
v 25.40000000 7.06925205 -487.49321871
v 25.40000000 7.07045089 -467.82999868
v 25.40000000 7.04039631 -461.32278431
v 25.40000000 -18.87012589 -517.23120154
v 25.40000000 5.04875764 -517.21753513
v 25.40000000 -20.72600350 -517.41172306
v 25.40000000 -20.47241509 -517.31589068
v 25.40000000 -20.21923421 -517.25569174
v 25.40000000 -19.96676207 -517.22373228
v 25.40000000 -19.41437998 -517.21641538
v 25.40000000 -20.85497665 -519.41417000
v 25.40000000 -20.87413511 -518.52597017
v 25.40000000 -20.85798319 -518.07950574
v 25.40000000 -20.81256541 -517.74504325
v 25.40000000 -20.85927293 -570.92751483
v 25.40000000 -20.85232428 -572.10952292
v 25.40000000 -20.74277441 -573.00844047
v 25.40000000 -20.32910487 -573.17701999
v 25.40000000 -20.43678596 -573.15178701
v 25.40000000 7.07748984 -573.22461708
v 25.40000000 7.06812010 -519.17529924
v 25.40000000 6.98440046 -517.03857801
v 25.40000000 6.01661830 -517.15204852
v 25.40000000 30.40094282 -405.44483575
v 25.40000000 9.02187046 -405.45509201
v 25.40000000 33.93585618 -405.43197931
v 25.40000000 34.95793743 -405.21562796
v 25.40000000 34.41585172 -405.35420096
v 25.40000000 34.15483598 -405.41064096
v 25.40000000 34.04503400 -405.42526339
v 25.40000000 34.98519691 -403.31077025
v 25.40000000 34.98639575 -388.28825997
v 25.40000000 34.98038097 -378.83590971
v 25.40000000 34.60235507 -377.47279712
v 25.40000000 34.71311020 -377.58693369
v 25.40000000 34.80107568 -377.70168505
v 25.40000000 34.86876553 -377.81683710
v 25.40000000 34.91869374 -377.93217574
v 25.40000000 34.95870195 -378.07052694
v 25.40000000 34.98384574 -378.23597517
v 25.40000000 34.98884015 -378.54013171
v 25.40000000 7.15368932 -377.47372174
v 25.40000000 7.07623928 -378.43160260
v 25.40000000 7.10392141 -377.95297600
v 25.40000000 7.08041722 -404.23123342
v 25.40000000 7.25502755 -405.68339438
v 25.40000000 7.14406459 -404.95734519
v 25.40000000 7.09605869 -404.56196439
v 25.40000000 8.22113369 -405.41038569
v 25.40000000 7.92986625 -405.42026983
v 25.40000000 7.73649403 -405.45241646
v 25.40000000 7.57829262 -405.50036670
v 25.40000000 7.43480069 -405.56540686
v 25.40000000 7.34413791 -405.61924902
v 25.40000000 7.07950137 -406.67591706
v 25.40000000 7.07808128 -432.15970874
v 25.40000000 7.23597102 -405.70727198
v 25.40000000 7.13781931 -406.19256209
v 25.40000000 7.09417588 -406.45333106
v 25.40000000 5.29246191 -405.45457610
v 25.40000000 6.17195610 -405.42545616
v 25.40000000 6.52601074 -405.44732862
v 25.40000000 6.76105552 -405.49294778
v 25.40000000 6.95342061 -405.55656987
v 25.40000000 7.09598657 -405.62294367
v 25.40000000 -15.94687347 -405.44729148
v 25.40000000 -19.82374201 -405.45957010
v 25.40000000 -20.79464872 -405.63757914
v 25.40000000 -20.29658149 -405.52554447
v 25.40000000 -20.03374194 -405.47657895
v 25.40000000 -20.85516960 -406.56055994
v 25.40000000 -20.85196411 -432.25156108
v 25.40000000 -20.71162770 -433.30949320
v 25.40000000 -20.80311939 -432.74598191
v 25.40000000 -20.84028178 -432.47178115
v 25.40000000 -18.98953661 -433.37069026
v 25.40000000 -9.04413327 -433.37351744
v 25.40000000 5.45255089 -433.36762576
v 25.40000000 7.21142004 -433.13314438
v 25.40000000 7.07363619 -433.21366399
v 25.40000000 6.93301492 -433.27592931
v 25.40000000 6.78992807 -433.32209047
v 25.40000000 6.64474751 -433.35429760
v 25.40000000 6.44855922 -433.37925046
v 25.40000000 5.95048048 -433.38327107
v 25.40000000 7.09025456 -432.38627525
v 25.40000000 7.12627305 -432.64760701
v 25.40000000 -10.88144686 433.73126385
v 25.40000000 5.28126072 433.72391732
v 25.40000000 -19.46786123 433.72366968
v 25.40000000 -20.68167984 433.58359023
v 25.40000000 -20.09738193 433.66941675
v 25.40000000 -20.82781493 433.14461407
v 25.40000000 -20.80641365 433.25618107
v 25.40000000 -20.85714794 379.29401064
v 25.40000000 -20.81211423 378.28415086
v 25.40000000 -20.76780086 378.12615906
v 25.40000000 -20.79813787 378.20121356
v 25.40000000 -20.56685095 377.89759100
v 25.40000000 -20.72912754 378.07359475
v 25.40000000 -19.19063572 377.81958564
v 25.40000000 5.72688477 377.82272237
v 25.40000000 7.17049688 377.96933826
v 25.40000000 6.44871438 377.87602062
v 25.40000000 7.07631646 379.26280849
v 25.40000000 7.11041052 378.61607133
v 25.40000000 7.07803497 432.17289024
v 25.40000000 7.21597606 433.48673660
v 25.40000000 7.12880579 432.82981342
v 25.40000000 6.15530368 433.75264369
v 25.40000000 6.54624805 433.72761211
v 25.40000000 6.77974855 433.67996842
v 25.40000000 6.97860107 433.61169479
v 25.40000000 7.09814481 433.55541554
v 25.40000000 -19.55607636 349.80278680
v 25.40000000 6.02872511 349.80130098
v 25.40000000 -20.65765671 349.71041856
v 25.40000000 -20.85551947 323.32256959
v 25.40000000 -20.75671801 322.01232730
v 25.40000000 -18.86181632 321.82560972
v 25.40000000 -19.68112656 321.80956128
v 25.40000000 -20.10333157 321.83678086
v 25.40000000 -20.42675678 321.89905788
v 25.40000000 -20.59087922 321.94846858
v 25.40000000 -3.54460023 321.82032682
v 25.40000000 5.54469184 321.81174210
v 25.40000000 6.96571328 321.58934551
v 25.40000000 6.86935444 321.66741276
v 25.40000000 6.76178818 321.73281365
v 25.40000000 6.65420498 321.77970114
v 25.40000000 6.52012914 321.81762848
v 25.40000000 6.35336074 321.84079008
v 25.40000000 6.17900853 321.84515501
v 25.40000000 5.94743019 321.83324718
v 25.40000000 7.06732258 323.56137328
v 25.40000000 7.07469571 347.88426784
v 25.40000000 7.13467911 349.68625477
v 25.40000000 6.58236796 349.75943543
v 25.40000000 -19.37245048 573.62911832
v 25.40000000 5.89579270 573.62730232
v 25.40000000 -20.57457139 573.54294098
v 25.40000000 -20.77541067 573.31305218
v 25.40000000 -20.85328901 572.64699378
v 25.40000000 -20.82772682 572.98064207
v 25.40000000 -20.80961622 546.13268534
v 25.40000000 -20.76225686 545.97163937
v 25.40000000 -20.79753945 546.05635088
v 25.40000000 -20.58056559 545.75982801
v 25.40000000 -20.72619906 545.92126409
v 25.40000000 -18.85261921 545.65128088
v 25.40000000 -19.65785785 545.62955186
v 25.40000000 -20.04515673 545.64105137
v 25.40000000 -20.32123143 545.68091886
v 25.40000000 -20.45323847 545.71480349
v 25.40000000 5.06796996 545.63955944
v 25.40000000 7.01484031 545.49427012
v 25.40000000 7.06927263 547.45167745
v 25.40000000 7.07649655 571.69425538
v 25.40000000 7.17600184 573.49537984
v 25.40000000 6.53502172 573.58007925
v 25.40000000 -18.52032935 517.71562411
v 25.40000000 5.04958087 517.72429137
v 25.40000000 -19.86631372 517.70200413
v 25.40000000 -19.19454964 517.72342465
v 25.40000000 -20.85176859 517.46542916
v 25.40000000 -20.33691406 517.60826357
v 25.40000000 -20.08263086 517.67006885
v 25.40000000 -20.84745688 490.55894778
v 25.40000000 -20.73170186 489.81529675
v 25.40000000 -20.80878430 490.22649640
v 25.40000000 -20.83854488 490.41437983
v 25.40000000 -19.04935001 489.73250377
v 25.40000000 5.53071222 489.73382449
v 25.40000000 7.13773110 489.84087377
v 25.40000000 7.07474716 491.63913620
v 25.40000000 7.06798632 515.93900060
v 25.40000000 6.98441522 517.90306577
v 25.40000000 6.01703711 517.78969494
v 25.40000000 -19.73269185 154.03824134
v 25.40000000 6.06274029 154.03650789
v 25.40000000 -20.58335174 153.95107345
v 25.40000000 -20.19991723 154.00298416
v 25.40000000 -20.78698746 153.70368505
v 25.40000000 -20.85602628 152.69473327
v 25.40000000 -20.81370668 98.60062106
v 25.40000000 -20.75685951 98.44882016
v 25.40000000 -20.80030121 98.53575694
v 25.40000000 -20.55957816 98.19565358
v 25.40000000 -20.71874414 98.39365879
v 25.40000000 -19.01275450 98.13201112
v 25.40000000 -12.26885814 98.12879185
v 25.40000000 5.26528990 98.13613839
v 25.40000000 7.18456368 98.34883081
v 25.40000000 7.03267701 98.26902388
v 25.40000000 6.87812430 98.20813248
v 25.40000000 6.72126611 98.16386827
v 25.40000000 6.56246301 98.13394292
v 25.40000000 6.34832335 98.11239219
v 25.40000000 5.80626042 98.11664525
v 25.40000000 7.07657887 99.99902178
v 25.40000000 7.07627016 152.26269092
v 25.40000000 7.17210327 153.89125441
v 25.40000000 6.32014540 154.02326235
v 25.40000000 6.61744341 153.98405983
v 25.40000000 7.18469173 -13.56401710
v 25.40000000 7.03282415 -13.64389407
v 25.40000000 6.87828560 -13.70483944
v 25.40000000 6.72143733 -13.74914364
v 25.40000000 6.56264058 -13.77909706
v 25.40000000 6.34850496 -13.80067024
v 25.40000000 5.80643999 -13.79642877
v 25.40000000 5.26546998 -13.77694483
v 25.40000000 7.07657887 -11.91360743
v 25.40000000 7.07637821 40.35782097
v 25.40000000 7.17564877 41.99411980
v 25.40000000 6.06310560 42.12462158
v 25.40000000 6.32138773 42.11285081
v 25.40000000 6.61851768 42.07808722
v 25.40000000 -19.73246546 42.12519940
v 25.40000000 -20.58310991 42.03803151
v 25.40000000 -20.19971496 42.08997317
v 25.40000000 -20.78697717 41.79089074
v 25.40000000 -20.85602371 40.78193896
v 25.40000000 -20.81371955 -13.31242089
v 25.40000000 -20.75689552 -13.46430433
v 25.40000000 -20.80031574 -13.37732477
v 25.40000000 -20.55957559 -13.71747091
v 25.40000000 -20.71901274 -13.51911378
v 25.40000000 -19.01270047 -13.78103082
v 25.40000000 -12.26876810 -13.78429136
v 25.40000000 -9.34775973 -15.42698486
v 25.40000000 -8.99866222 -15.35832466
v 25.40000000 -8.66135078 -15.24516866
v 25.40000000 -8.34147141 -15.08941090
v 25.40000000 -8.04437835 -14.89365850
v 25.40000000 -7.77504442 -14.66118801
v 25.40000000 -7.53797782 -14.39589060
v 25.40000000 -7.33714663 -14.10220688
v 25.40000000 -7.17591243 -13.78505263
v 25.40000000 -14.31401626 265.95710273
v 25.40000000 5.39083374 265.95107692
v 25.40000000 -19.87166992 265.94439074
v 25.40000000 -20.84264866 265.72688375
v 25.40000000 -20.34056782 265.86538453
v 25.40000000 -20.08673248 265.92365280
v 25.40000000 -19.97903947 265.93833206
v 25.40000000 -20.83652582 238.63368480
v 25.40000000 -20.68383569 238.13362509
v 25.40000000 -20.77251015 238.37023379
v 25.40000000 -20.81784737 238.50437218
v 25.40000000 -20.83203669 238.57298543
v 25.40000000 -18.86537426 237.97530311
v 25.40000000 -19.67829807 237.95566117
v 25.40000000 -20.08467159 237.97674001
v 25.40000000 -20.38641307 238.03133841
v 25.40000000 -20.53576067 238.07570844
v 25.40000000 5.04989988 237.96184822
v 25.40000000 6.98612625 237.78493682
v 25.40000000 6.01805232 237.89712545
v 25.40000000 7.06807379 239.74656117
v 25.40000000 7.07649655 264.01596634
v 25.40000000 7.17590463 265.81748129
v 25.40000000 6.28247141 265.90273860
v 25.40000000 3.00776973 210.03972889
v 25.40000000 6.03935517 210.05244087
v 25.40000000 -18.88918385 210.03246490
v 25.40000000 -20.67019824 209.85144295
v 25.40000000 -20.53165063 209.92283980
v 25.40000000 -20.38998401 209.97694169
v 25.40000000 -20.24559570 210.01586554
v 25.40000000 -20.09888303 210.04172832
v 25.40000000 -19.90033720 210.05955370
v 25.40000000 -19.39516521 210.05192632
v 25.40000000 -20.81612495 209.51779466
v 25.40000000 -20.78587329 209.62304108
v 25.40000000 -20.85724056 208.67674011
v 25.40000000 -20.80823472 182.50185815
v 25.40000000 -20.75525162 182.34840635
v 25.40000000 -20.79487293 182.43120316
v 25.40000000 -20.56808581 182.13585208
v 25.40000000 -20.71638191 182.29691169
v 25.40000000 -19.33896011 182.05652600
v 25.40000000 5.75831190 182.06081836
v 25.40000000 7.20769374 182.23333632
v 25.40000000 6.48303247 182.12384634
v 25.40000000 6.08679823 182.07618579
v 25.40000000 7.07804526 184.03332197
v 25.40000000 7.12644953 183.13490417
v 25.40000000 7.06699843 208.29249152
v 25.40000000 6.96173793 210.25414073
v 25.40000000 6.24104135 210.07255367
v 25.40000000 6.60061025 210.15675286
v 23.41880000 0.37445829 -534.01821144
v 23.41880000 0.74194112 -534.09457525
v 23.41880000 1.09560300 -534.22026671
v 23.41880000 1.42885586 -534.39294443
v 23.41880000 1.73549185 -534.60939174
v 23.41880000 2.00979890 -534.86557665
v 23.41880000 2.24666721 -535.15672690
v 23.41880000 2.44168435 -535.47741894
v 23.41880000 2.59121754 -535.82167886
v 23.41880000 2.69248124 -536.18309375
v 23.41880000 2.74358912 -536.55493115
v 23.41880000 2.74358912 -536.93026443
v 23.41880000 2.69248124 -537.30210183
v 23.41880000 2.59121754 -537.66351672
v 23.41880000 2.44168435 -538.00777664
v 23.41880000 2.24666721 -538.32846868
v 23.41880000 2.00979890 -538.61961893
v 23.41880000 1.73549185 -538.87580384
v 23.41880000 1.42885586 -539.09225115
v 23.41880000 1.09560300 -539.26492887
v 23.41880000 0.74194112 -539.39062033
v 23.41880000 0.37445829 -539.46698414
v 25.39900000 0.37445829 -534.01821144
v 25.39900000 0.74194112 -534.09457525
v 25.39900000 1.09560300 -534.22026671
v 25.39900000 1.42885586 -534.39294443
v 25.39900000 1.73549185 -534.60939174
v 25.39900000 2.00979890 -534.86557665
v 25.39900000 2.24666721 -535.15672690
v 25.39900000 2.44168435 -535.47741894
v 25.39900000 2.59121754 -535.82167886
v 25.39900000 2.69248124 -536.18309375
v 25.39900000 2.74358912 -536.55493115
v 25.39900000 2.74358912 -536.93026443
v 25.39900000 2.69248124 -537.30210183
v 25.39900000 2.59121754 -537.66351672
v 25.39900000 2.44168435 -538.00777664
v 25.39900000 2.24666721 -538.32846868
v 25.39900000 2.00979890 -538.61961893
v 25.39900000 1.73549185 -538.87580384
v 25.39900000 1.42885586 -539.09225115
v 25.39900000 1.09560300 -539.26492887
v 25.39900000 0.74194112 -539.39062033
v 25.39900000 0.37445829 -539.46698414
v 25.39900000 -9.32834171 15.42438635
v 25.39900000 -8.96085888 15.34802254
v 25.39900000 -8.60719700 15.22233108
v 25.39900000 -8.27394414 15.04965336
v 25.39900000 -7.96730815 14.83320605
v 25.39900000 -7.69300110 14.57702114
v 25.39900000 -7.45613279 14.28587089
v 25.39900000 -7.26111565 13.96517885
v 25.39900000 -7.11158246 13.62091893
v 25.39900000 -7.01031876 13.25950404
v 25.39900000 -6.95921088 12.88766664
v 25.39900000 -6.95921088 12.51233336
v 25.39900000 -7.01031876 12.14049596
v 25.39900000 -7.11158246 11.77908107
v 25.39900000 -7.26111565 11.43482115
v 25.39900000 -7.45613279 11.11412911
v 25.39900000 -7.69300110 10.82297886
v 25.39900000 -7.96730815 10.56679395
v 25.39900000 -8.27394414 10.35034664
v 25.39900000 -8.60719700 10.17766892
v 25.39900000 -8.96085888 10.05197746
v 25.39900000 -9.32834171 9.97561365
v 23.41880000 -9.32834171 15.42438635
v 23.41880000 -8.96085888 15.34802254
v 23.41880000 -8.60719700 15.22233108
v 23.41880000 -8.27394414 15.04965336
v 23.41880000 -7.96730815 14.83320605
v 23.41880000 -7.69300110 14.57702114
v 23.41880000 -7.45613279 14.28587089
v 23.41880000 -7.26111565 13.96517885
v 23.41880000 -7.11158246 13.62091893
v 23.41880000 -7.01031876 13.25950404
v 23.41880000 -6.95921088 12.88766664
v 23.41880000 -6.95921088 12.51233336
v 23.41880000 -7.01031876 12.14049596
v 23.41880000 -7.11158246 11.77908107
v 23.41880000 -7.26111565 11.43482115
v 23.41880000 -7.45613279 11.11412911
v 23.41880000 -7.69300110 10.82297886
v 23.41880000 -7.96730815 10.56679395
v 23.41880000 -8.27394414 10.35034664
v 23.41880000 -8.60719700 10.17766892
v 23.41880000 -8.96085888 10.05197746
v 23.41880000 -9.32834171 9.97561365
v 25.39900000 -9.33977809 -289.37406620
v 25.39900000 -8.98311004 -289.44584357
v 25.39900000 -8.63903850 -289.56407581
v 25.39900000 -8.31358565 -289.72669355
v 25.39900000 -8.01244779 -289.93085054
v 25.39900000 -7.74089563 -290.17297347
v 25.39900000 -7.50368208 -290.44882455
v 25.39900000 -7.30495900 -290.75357564
v 25.39900000 -7.14820459 -291.08189278
v 25.39900000 -7.03616248 -291.42802953
v 25.39900000 -6.97079368 -291.78592757
v 25.39900000 -6.95324235 -292.14932273
v 25.39900000 -6.98381567 -292.51185460
v 25.39900000 -7.06197853 -292.86717791
v 25.39900000 -7.18636286 -293.20907355
v 25.39900000 -7.35479162 -293.53155741
v 23.41880000 -9.32834171 -289.37561365
v 23.41880000 -8.96085888 -289.45197746
v 23.41880000 -8.60719700 -289.57766892
v 23.41880000 -8.27394414 -289.75034664
v 23.41880000 -7.96730815 -289.96679395
v 23.41880000 -7.69300110 -290.22297886
v 23.41880000 -7.45613279 -290.51412911
v 23.41880000 -7.26111565 -290.83482115
v 23.41880000 -7.11158246 -291.17908107
v 23.41880000 -7.01031876 -291.54049596
v 23.41880000 -6.95921088 -291.91233336
v 23.41880000 -6.95921088 -292.28766664
v 23.41880000 -7.01031876 -292.65950404
v 23.41880000 -7.11158246 -293.02091893
v 23.41880000 -7.26111565 -293.36517885
v 23.41880000 -7.45613279 -293.68587089
v 23.41880000 -7.69300110 -293.97702114
v 23.41880000 -7.96730815 -294.23320605
v 23.41880000 -8.27394414 -294.44965336
v 23.41880000 -8.60719700 -294.62233108
v 23.41880000 -8.96085888 -294.74802254
v 23.41880000 -9.32834171 -294.82438635
v 25.39900000 -9.34150927 -9.97383621
v 25.39900000 -8.98648167 -10.04493163
v 25.39900000 -8.64387175 -10.16205379
v 25.39900000 -8.31961880 -10.32317233
v 25.39900000 -8.01934389 -10.52549419
v 25.39900000 -7.74825241 -10.76551203
v 25.39900000 -7.51104384 -11.03906504
v 25.39900000 -7.31183030 -11.34141107
v 25.39900000 -7.15406523 -11.66730882
v 25.39900000 -7.04048357 -12.01110870
v 25.39900000 -6.97305429 -12.36685081
v 25.39900000 -6.95294632 -12.72836821
v 25.39900000 -6.98050824 -13.08939383
v 25.39900000 -7.05526224 -13.44366914
v 25.39900000 -7.17591243 -13.78505263
v 23.41880000 -9.32834171 -9.97561365
v 23.41880000 -8.96085888 -10.05197746
v 23.41880000 -8.60719700 -10.17766892
v 23.41880000 -8.27394414 -10.35034664
v 23.41880000 -7.96730815 -10.56679395
v 23.41880000 -7.69300110 -10.82297886
v 23.41880000 -7.45613279 -11.11412911
v 23.41880000 -7.26111565 -11.43482115
v 23.41880000 -7.11158246 -11.77908107
v 23.41880000 -7.01031876 -12.14049596
v 23.41880000 -6.95921088 -12.51233336
v 23.41880000 -6.95921088 -12.88766664
v 23.41880000 -7.01031876 -13.25950404
v 23.41880000 -7.11158246 -13.62091893
v 23.41880000 -7.26111565 -13.96517885
v 23.41880000 -7.45613279 -14.28587089
v 23.41880000 -7.69300110 -14.57702114
v 23.41880000 -7.96730815 -14.83320605
v 23.41880000 -8.27394414 -15.04965336
v 23.41880000 -8.60719700 -15.22233108
v 23.41880000 -8.96085888 -15.34802254
v 23.41880000 -9.32834171 -15.42438635
v 22.91880000 25.40000000 -572.93104498
v 20.92000000 25.40000000 -570.96206451
v 22.62594979 25.40000000 -572.44170766
v 22.27356325 25.40000000 -571.99333729
v 21.86729967 25.40000000 -571.59313464
v 21.41368358 25.40000000 -571.24752691
v -18.91880000 25.40000000 -570.49259779
v 17.43880000 25.40000000 -570.49259779
v -23.40000000 25.40000000 -574.58168836
v -19.52216832 25.40000000 -570.53323162
v -20.11464011 25.40000000 -570.65439927
v -20.68551566 25.40000000 -570.85391252
v -21.22448525 25.40000000 -571.12816827
v -21.72181537 25.40000000 -571.47221360
v -22.16852449 25.40000000 -571.87983523
v -22.55654528 25.40000000 -572.34367173
v -22.87887029 25.40000000 -572.85534645
v -23.12967850 25.40000000 -573.40561881
v -23.30444044 25.40000000 -573.98455119
v 13.69112911 25.40000000 -3.14542788
v 14.11540475 25.40000000 -3.05726239
v 14.52372346 25.40000000 -2.91214588
v 14.90847904 25.40000000 -2.71278161
v 15.26250422 25.40000000 -2.46288335
v 15.57920419 25.40000000 -2.16710623
v 15.85267941 25.40000000 -1.83096002
v 16.07783557 25.40000000 -1.46070649
v 16.25047843 25.40000000 -1.06324277
v 16.36739198 25.40000000 -0.64597284
v 16.42639834 25.40000000 -0.21666966
v 16.42639834 25.40000000 0.21666966
v 16.36739198 25.40000000 0.64597284
v 16.25047843 25.40000000 1.06324277
v 16.07783557 25.40000000 1.46070649
v 15.85267941 25.40000000 1.83096002
v 15.57920419 25.40000000 2.16710623
v 15.26250422 25.40000000 2.46288335
v 14.90847904 25.40000000 2.71278161
v 14.52372346 25.40000000 2.91214588
v 14.11540475 25.40000000 3.05726239
v 13.69112911 25.40000000 3.14542788
v 13.69112911 25.40000000 -307.94542788
v 14.11540475 25.40000000 -307.85726239
v 14.52372346 25.40000000 -307.71214588
v 14.90847904 25.40000000 -307.51278161
v 15.26250422 25.40000000 -307.26288335
v 15.57920419 25.40000000 -306.96710623
v 15.85267941 25.40000000 -306.63096002
v 16.07783557 25.40000000 -306.26070649
v 16.25047843 25.40000000 -305.86324277
v 16.36739198 25.40000000 -305.44597284
v 16.42639834 25.40000000 -305.01666966
v 16.42639834 25.40000000 -304.58333034
v 16.36739198 25.40000000 -304.15402716
v 16.25047843 25.40000000 -303.73675723
v 16.07783557 25.40000000 -303.33929351
v 15.85267941 25.40000000 -302.96903998
v 15.57920419 25.40000000 -302.63289377
v 15.26250422 25.40000000 -302.33711665
v 14.90847904 25.40000000 -302.08721839
v 14.52372346 25.40000000 -301.88785412
v 14.11540475 25.40000000 -301.74273761
v 13.69112911 25.40000000 -301.65457212
v 13.69112911 25.40000000 301.65457212
v 14.11540475 25.40000000 301.74273761
v 14.52372346 25.40000000 301.88785412
v 14.90847904 25.40000000 302.08721839
v 15.26250422 25.40000000 302.33711665
v 15.57920419 25.40000000 302.63289377
v 15.85267941 25.40000000 302.96903998
v 16.07783557 25.40000000 303.33929351
v 16.25047843 25.40000000 303.73675723
v 16.36739198 25.40000000 304.15402716
v 16.42639834 25.40000000 304.58333034
v 16.42639834 25.40000000 305.01666966
v 16.36739198 25.40000000 305.44597284
v 16.25047843 25.40000000 305.86324277
v 16.07783557 25.40000000 306.26070649
v 15.85267941 25.40000000 306.63096002
v 15.57920419 25.40000000 306.96710623
v 15.26250422 25.40000000 307.26288335
v 14.90847904 25.40000000 307.51278161
v 14.52372346 25.40000000 307.71214588
v 14.11540475 25.40000000 307.85726239
v 13.69112911 25.40000000 307.94542788
v 0.37445829 25.40000000 540.36821144
v 0.74194112 25.40000000 540.44457525
v 1.09560300 25.40000000 540.57026671
v 1.42885586 25.40000000 540.74294443
v 1.73549185 25.40000000 540.95939174
v 2.00979890 25.40000000 541.21557665
v 2.24666721 25.40000000 541.50672690
v 2.44168435 25.40000000 541.82741894
v 2.59121754 25.40000000 542.17167886
v 2.69248124 25.40000000 542.53309375
v 2.74358912 25.40000000 542.90493115
v 2.74358912 25.40000000 543.28026443
v 2.69248124 25.40000000 543.65210183
v 2.59121754 25.40000000 544.01351672
v 2.44168435 25.40000000 544.35777664
v 2.24666721 25.40000000 544.67846868
v 2.00979890 25.40000000 544.96961893
v 1.73549185 25.40000000 545.22580384
v 1.42885586 25.40000000 545.44225115
v 1.09560300 25.40000000 545.61492887
v 0.74194112 25.40000000 545.74062033
v 0.37445829 25.40000000 545.81698414
v 0.37445829 25.40000000 -545.81698414
v 0.74194112 25.40000000 -545.74062033
v 1.09560300 25.40000000 -545.61492887
v 1.42885586 25.40000000 -545.44225115
v 1.73549185 25.40000000 -545.22580384
v 2.00979890 25.40000000 -544.96961893
v 2.24666721 25.40000000 -544.67846868
v 2.44168435 25.40000000 -544.35777664
v 2.59121754 25.40000000 -544.01351672
v 2.69248124 25.40000000 -543.65210183
v 2.74358912 25.40000000 -543.28026443
v 2.74358912 25.40000000 -542.90493115
v 2.69248124 25.40000000 -542.53309375
v 2.59121754 25.40000000 -542.17167886
v 2.44168435 25.40000000 -541.82741894
v 2.24666721 25.40000000 -541.50672690
v 2.00979890 25.40000000 -541.21557665
v 1.73549185 25.40000000 -540.95939174
v 1.42885586 25.40000000 -540.74294443
v 1.09560300 25.40000000 -540.57026671
v 0.74194112 25.40000000 -540.44457525
v 0.37445829 25.40000000 -540.36821144
v 18.91880000 23.41880000 -570.49259779
v 19.49011841 23.41880000 -570.52901232
v 20.05219046 23.41880000 -570.63766655
v 20.59591946 23.41880000 -570.81680202
v 21.11250556 23.41880000 -571.06351954
v 21.59358822 23.41880000 -571.37382618
v 22.03138149 23.41880000 -571.74269987
v 22.41880000 23.41880000 -572.16417067
v -22.41880000 23.41880000 -572.16417067
v -22.03138149 23.41880000 -571.74269987
v -21.59358822 23.41880000 -571.37382618
v -21.11250556 23.41880000 -571.06351954
v -20.59591946 23.41880000 -570.81680202
v -20.05219046 23.41880000 -570.63766655
v -19.49011841 23.41880000 -570.52901232
v -18.91880000 23.41880000 -570.49259779
v 0.37445829 23.41880000 -545.81698414
v 0.74194112 23.41880000 -545.74062033
v 1.09560300 23.41880000 -545.61492887
v 1.42885586 23.41880000 -545.44225115
v 1.73549185 23.41880000 -545.22580384
v 2.00979890 23.41880000 -544.96961893
v 2.24666721 23.41880000 -544.67846868
v 2.44168435 23.41880000 -544.35777664
v 2.59121754 23.41880000 -544.01351672
v 2.69248124 23.41880000 -543.65210183
v 2.74358912 23.41880000 -543.28026443
v 2.74358912 23.41880000 -542.90493115
v 2.69248124 23.41880000 -542.53309375
v 2.59121754 23.41880000 -542.17167886
v 2.44168435 23.41880000 -541.82741894
v 2.24666721 23.41880000 -541.50672690
v 2.00979890 23.41880000 -541.21557665
v 1.73549185 23.41880000 -540.95939174
v 1.42885586 23.41880000 -540.74294443
v 1.09560300 23.41880000 -540.57026671
v 0.74194112 23.41880000 -540.44457525
v 0.37445829 23.41880000 -540.36821144
v 0.37445829 23.41880000 540.36821144
v 0.74194112 23.41880000 540.44457525
v 1.09560300 23.41880000 540.57026671
v 1.42885586 23.41880000 540.74294443
v 1.73549185 23.41880000 540.95939174
v 2.00979890 23.41880000 541.21557665
v 2.24666721 23.41880000 541.50672690
v 2.44168435 23.41880000 541.82741894
v 2.59121754 23.41880000 542.17167886
v 2.69248124 23.41880000 542.53309375
v 2.74358912 23.41880000 542.90493115
v 2.74358912 23.41880000 543.28026443
v 2.69248124 23.41880000 543.65210183
v 2.59121754 23.41880000 544.01351672
v 2.44168435 23.41880000 544.35777664
v 2.24666721 23.41880000 544.67846868
v 2.00979890 23.41880000 544.96961893
v 1.73549185 23.41880000 545.22580384
v 1.42885586 23.41880000 545.44225115
v 1.09560300 23.41880000 545.61492887
v 0.74194112 23.41880000 545.74062033
v 0.37445829 23.41880000 545.81698414
v 13.69112911 23.41880000 301.65457212
v 14.11540475 23.41880000 301.74273761
v 14.52372346 23.41880000 301.88785412
v 14.90847904 23.41880000 302.08721839
v 15.26250422 23.41880000 302.33711665
v 15.57920419 23.41880000 302.63289377
v 15.85267941 23.41880000 302.96903998
v 16.07783557 23.41880000 303.33929351
v 16.25047843 23.41880000 303.73675723
v 16.36739198 23.41880000 304.15402716
v 16.42639834 23.41880000 304.58333034
v 16.42639834 23.41880000 305.01666966
v 16.36739198 23.41880000 305.44597284
v 16.25047843 23.41880000 305.86324277
v 16.07783557 23.41880000 306.26070649
v 15.85267941 23.41880000 306.63096002
v 15.57920419 23.41880000 306.96710623
v 15.26250422 23.41880000 307.26288335
v 14.90847904 23.41880000 307.51278161
v 14.52372346 23.41880000 307.71214588
v 14.11540475 23.41880000 307.85726239
v 13.69112911 23.41880000 307.94542788
v 13.69112911 23.41880000 -307.94542788
v 14.11540475 23.41880000 -307.85726239
v 14.52372346 23.41880000 -307.71214588
v 14.90847904 23.41880000 -307.51278161
v 15.26250422 23.41880000 -307.26288335
v 15.57920419 23.41880000 -306.96710623
v 15.85267941 23.41880000 -306.63096002
v 16.07783557 23.41880000 -306.26070649
v 16.25047843 23.41880000 -305.86324277
v 16.36739198 23.41880000 -305.44597284
v 16.42639834 23.41880000 -305.01666966
v 16.42639834 23.41880000 -304.58333034
v 16.36739198 23.41880000 -304.15402716
v 16.25047843 23.41880000 -303.73675723
v 16.07783557 23.41880000 -303.33929351
v 15.85267941 23.41880000 -302.96903998
v 15.57920419 23.41880000 -302.63289377
v 15.26250422 23.41880000 -302.33711665
v 14.90847904 23.41880000 -302.08721839
v 14.52372346 23.41880000 -301.88785412
v 14.11540475 23.41880000 -301.74273761
v 13.69112911 23.41880000 -301.65457212
v 13.69112911 23.41880000 -3.14542788
v 14.11540475 23.41880000 -3.05726239
v 14.52372346 23.41880000 -2.91214588
v 14.90847904 23.41880000 -2.71278161
v 15.26250422 23.41880000 -2.46288335
v 15.57920419 23.41880000 -2.16710623
v 15.85267941 23.41880000 -1.83096002
v 16.07783557 23.41880000 -1.46070649
v 16.25047843 23.41880000 -1.06324277
v 16.36739198 23.41880000 -0.64597284
v 16.42639834 23.41880000 -0.21666966
v 16.42639834 23.41880000 0.21666966
v 16.36739198 23.41880000 0.64597284
v 16.25047843 23.41880000 1.06324277
v 16.07783557 23.41880000 1.46070649
v 15.85267941 23.41880000 1.83096002
v 15.57920419 23.41880000 2.16710623
v 15.26250422 23.41880000 2.46288335
v 14.90847904 23.41880000 2.71278161
v 14.52372346 23.41880000 2.91214588
v 14.11540475 23.41880000 3.05726239
v 13.69112911 23.41880000 3.14542788
v 18.43880000 37.60000000 -570.49259779
v 18.43880000 26.40000000 -570.49259779
v 20.42000000 36.15716560 -570.75038156
v 20.42000000 25.90000000 -570.75038156
v 20.32957602 36.44395382 -570.71945948
v 19.31929250 37.88678822 -570.51045480
v -25.40000000 -9.32834171 -320.22438635
v -25.40000000 -8.96085888 -320.14802254
v -25.40000000 -8.60719700 -320.02233108
v -25.40000000 -8.27394414 -319.84965336
v -25.40000000 -7.96730815 -319.63320605
v -25.40000000 -7.69300110 -319.37702114
v -25.40000000 -7.45613279 -319.08587089
v -25.40000000 -7.26111565 -318.76517885
v -25.40000000 -7.11158246 -318.42091893
v -25.40000000 -7.01031876 -318.05950404
v -25.40000000 -6.95921088 -317.68766664
v -25.40000000 -6.95921088 -317.31233336
v -25.40000000 -7.01031876 -316.94049596
v -25.40000000 -7.11158246 -316.57908107
v -25.40000000 -7.26111565 -316.23482115
v -25.40000000 -7.45613279 -315.91412911
v -25.40000000 -7.69300110 -315.62297886
v -25.40000000 -7.96730815 -315.36679395
v -25.40000000 -8.27394414 -315.15034664
v -25.40000000 -8.60719700 -314.97766892
v -25.40000000 -8.96085888 -314.85197746
v -25.40000000 -9.32834171 -314.77561365
v -25.40000000 -9.32834171 -15.42438635
v -25.40000000 -8.96085888 -15.34802254
v -25.40000000 -8.60719700 -15.22233108
v -25.40000000 -8.27394414 -15.04965336
v -25.40000000 -7.96730815 -14.83320605
v -25.40000000 -7.69300110 -14.57702114
v -25.40000000 -7.45613279 -14.28587089
v -25.40000000 -7.26111565 -13.96517885
v -25.40000000 -7.11158246 -13.62091893
v -25.40000000 -7.01031876 -13.25950404
v -25.40000000 -6.95921088 -12.88766664
v -25.40000000 -6.95921088 -12.51233336
v -25.40000000 -7.01031876 -12.14049596
v -25.40000000 -7.11158246 -11.77908107
v -25.40000000 -7.26111565 -11.43482115
v -25.40000000 -7.45613279 -11.11412911
v -25.40000000 -7.69300110 -10.82297886
v -25.40000000 -7.96730815 -10.56679395
v -25.40000000 -8.27394414 -10.35034664
v -25.40000000 -8.60719700 -10.17766892
v -25.40000000 -8.96085888 -10.05197746
v -25.40000000 -9.32834171 -9.97561365
v -25.40000000 -9.32834172 314.77561365
v -25.40000000 -8.96085888 314.85197746
v -25.40000000 -8.60719700 314.97766892
v -25.40000000 -8.27394414 315.15034664
v -25.40000000 -7.96730815 315.36679395
v -25.40000000 -7.69300110 315.62297886
v -25.40000000 -7.45613279 315.91412911
v -25.40000000 -7.26111565 316.23482115
v -25.40000000 -7.11158246 316.57908107
v -25.40000000 -7.01031876 316.94049596
v -25.40000000 -6.95921088 317.31233336
v -25.40000000 -6.95921088 317.68766664
v -25.40000000 -7.01031876 318.05950404
v -25.40000000 -7.11158246 318.42091893
v -25.40000000 -7.26111565 318.76517885
v -25.40000000 -7.45613279 319.08587089
v -25.40000000 -7.69300110 319.37702114
v -25.40000000 -7.96730815 319.63320605
v -25.40000000 -8.27394414 319.84965336
v -25.40000000 -8.60719700 320.02233108
v -25.40000000 -8.96085888 320.14802254
v -25.40000000 -9.32834172 320.22438635
v -25.40000000 -9.32834171 289.37561365
v -25.40000000 -8.96085888 289.45197746
v -25.40000000 -8.60719700 289.57766892
v -25.40000000 -8.27394414 289.75034664
v -25.40000000 -7.96730815 289.96679395
v -25.40000000 -7.69300110 290.22297886
v -25.40000000 -7.45613279 290.51412911
v -25.40000000 -7.26111565 290.83482115
v -25.40000000 -7.11158246 291.17908107
v -25.40000000 -7.01031876 291.54049596
v -25.40000000 -6.95921088 291.91233336
v -25.40000000 -6.95921088 292.28766664
v -25.40000000 -7.01031876 292.65950404
v -25.40000000 -7.11158246 293.02091893
v -25.40000000 -7.26111565 293.36517885
v -25.40000000 -7.45613279 293.68587089
v -25.40000000 -7.69300110 293.97702114
v -25.40000000 -7.96730815 294.23320605
v -25.40000000 -8.27394414 294.44965336
v -25.40000000 -8.60719700 294.62233108
v -25.40000000 -8.96085888 294.74802254
v -25.40000000 -9.32834171 294.82438635
v -25.40000000 -9.32834171 -294.82438635
v -25.40000000 -8.96085888 -294.74802254
v -25.40000000 -8.60719700 -294.62233108
v -25.40000000 -8.27394414 -294.44965336
v -25.40000000 -7.96730815 -294.23320605
v -25.40000000 -7.69300110 -293.97702114
v -25.40000000 -7.45613279 -293.68587089
v -25.40000000 -7.26111565 -293.36517885
v -25.40000000 -7.11158246 -293.02091893
v -25.40000000 -7.01031876 -292.65950404
v -25.40000000 -6.95921088 -292.28766664
v -25.40000000 -6.95921088 -291.91233336
v -25.40000000 -7.01031876 -291.54049596
v -25.40000000 -7.11158246 -291.17908107
v -25.40000000 -7.26111565 -290.83482115
v -25.40000000 -7.45613279 -290.51412911
v -25.40000000 -7.69300110 -290.22297886
v -25.40000000 -7.96730815 -289.96679395
v -25.40000000 -8.27394414 -289.75034664
v -25.40000000 -8.60719700 -289.57766892
v -25.40000000 -8.96085888 -289.45197746
v -25.40000000 -9.32834171 -289.37561365
v -25.40000000 -9.32834171 9.97561365
v -25.40000000 -8.96085888 10.05197746
v -25.40000000 -8.60719700 10.17766892
v -25.40000000 -8.27394414 10.35034664
v -25.40000000 -7.96730815 10.56679395
v -25.40000000 -7.69300110 10.82297886
v -25.40000000 -7.45613279 11.11412911
v -25.40000000 -7.26111565 11.43482115
v -25.40000000 -7.11158246 11.77908107
v -25.40000000 -7.01031876 12.14049596
v -25.40000000 -6.95921088 12.51233336
v -25.40000000 -6.95921088 12.88766664
v -25.40000000 -7.01031876 13.25950404
v -25.40000000 -7.11158246 13.62091893
v -25.40000000 -7.26111565 13.96517885
v -25.40000000 -7.45613279 14.28587089
v -25.40000000 -7.69300110 14.57702114
v -25.40000000 -7.96730815 14.83320605
v -25.40000000 -8.27394414 15.04965336
v -25.40000000 -8.60719700 15.22233108
v -25.40000000 -8.96085888 15.34802254
v -25.40000000 -9.32834171 15.42438635
v -25.40000000 0.37445829 539.46698414
v -25.40000000 0.74194112 539.39062033
v -25.40000000 1.09560300 539.26492887
v -25.40000000 1.42885586 539.09225115
v -25.40000000 1.73549185 538.87580384
v -25.40000000 2.00979890 538.61961893
v -25.40000000 2.24666721 538.32846868
v -25.40000000 2.44168435 538.00777664
v -25.40000000 2.59121754 537.66351672
v -25.40000000 2.69248124 537.30210183
v -25.40000000 2.74358912 536.93026443
v -25.40000000 2.74358912 536.55493115
v -25.40000000 2.69248124 536.18309375
v -25.40000000 2.59121754 535.82167886
v -25.40000000 2.44168435 535.47741894
v -25.40000000 2.24666721 535.15672690
v -25.40000000 2.00979890 534.86557665
v -25.40000000 1.73549185 534.60939174
v -25.40000000 1.42885586 534.39294443
v -25.40000000 1.09560300 534.22026671
v -25.40000000 0.74194112 534.09457525
v -25.40000000 0.37445829 534.01821144
v -25.40000000 0.37445829 -534.01821144
v -25.40000000 0.74194112 -534.09457525
v -25.40000000 1.09560300 -534.22026671
v -25.40000000 1.42885586 -534.39294443
v -25.40000000 1.73549185 -534.60939174
v -25.40000000 2.00979890 -534.86557665
v -25.40000000 2.24666721 -535.15672690
v -25.40000000 2.44168435 -535.47741894
v -25.40000000 2.59121754 -535.82167886
v -25.40000000 2.69248124 -536.18309375
v -25.40000000 2.74358912 -536.55493115
v -25.40000000 2.74358912 -536.93026443
v -25.40000000 2.69248124 -537.30210183
v -25.40000000 2.59121754 -537.66351672
v -25.40000000 2.44168435 -538.00777664
v -25.40000000 2.24666721 -538.32846868
v -25.40000000 2.00979890 -538.61961893
v -25.40000000 1.73549185 -538.87580384
v -25.40000000 1.42885586 -539.09225115
v -25.40000000 1.09560300 -539.26492887
v -25.40000000 0.74194112 -539.39062033
v -25.40000000 0.37445829 -539.46698414
v -25.40000000 1.29698733 -567.07888143
v -25.40000000 2.56981425 -566.81438495
v -25.40000000 3.79477038 -566.37903544
v -25.40000000 4.94903712 -565.78094262
v -25.40000000 6.01111267 -565.03124783
v -25.40000000 6.96121256 -564.14391648
v -25.40000000 7.78163823 -563.13547786
v -25.40000000 8.45710671 -562.02471727
v -25.40000000 8.97503528 -560.83232610
v -25.40000000 9.32577594 -559.58051631
v -25.40000000 9.50279503 -558.29260678
v -25.40000000 9.50279503 -556.99258880
v -25.40000000 9.32577594 -555.70467927
v -25.40000000 8.97503528 -554.45286948
v -25.40000000 8.45710671 -553.26047831
v -25.40000000 7.78163823 -552.14971772
v -25.40000000 6.96121256 -551.14127910
v -25.40000000 6.01111267 -550.25394775
v -25.40000000 4.94903712 -549.50425296
v -25.40000000 3.79477038 -548.90616014
v -25.40000000 2.56981425 -548.47081063
v -25.40000000 1.29698733 -548.20631415
v -25.40000000 1.29698733 548.20631415
v -25.40000000 2.56981425 548.47081063
v -25.40000000 3.79477038 548.90616014
v -25.40000000 4.94903712 549.50425296
v -25.40000000 6.01111267 550.25394775
v -25.40000000 6.96121256 551.14127910
v -25.40000000 7.78163823 552.14971772
v -25.40000000 8.45710671 553.26047831
v -25.40000000 8.97503528 554.45286948
v -25.40000000 9.32577594 555.70467927
v -25.40000000 9.50279503 556.99258880
v -25.40000000 9.50279503 558.29260678
v -25.40000000 9.32577594 559.58051631
v -25.40000000 8.97503528 560.83232610
v -25.40000000 8.45710671 562.02471727
v -25.40000000 7.78163823 563.13547786
v -25.40000000 6.96121256 564.14391648
v -25.40000000 6.01111267 565.03124783
v -25.40000000 4.94903712 565.78094262
v -25.40000000 3.79477038 566.37903544
v -25.40000000 2.56981425 566.81438495
v -25.40000000 1.29698733 567.07888143
v 0.37445829 -25.40000000 -540.36821144
v 0.74194112 -25.40000000 -540.44457525
v 1.09560300 -25.40000000 -540.57026671
v 1.42885586 -25.40000000 -540.74294443
v 1.73549185 -25.40000000 -540.95939174
v 2.00979890 -25.40000000 -541.21557665
v 2.24666721 -25.40000000 -541.50672690
v 2.44168435 -25.40000000 -541.82741894
v 2.59121754 -25.40000000 -542.17167886
v 2.69248124 -25.40000000 -542.53309375
v 2.74358912 -25.40000000 -542.90493115
v 2.74358912 -25.40000000 -543.28026443
v 2.69248124 -25.40000000 -543.65210183
v 2.59121754 -25.40000000 -544.01351672
v 2.44168435 -25.40000000 -544.35777664
v 2.24666721 -25.40000000 -544.67846868
v 2.00979890 -25.40000000 -544.96961893
v 1.73549185 -25.40000000 -545.22580384
v 1.42885586 -25.40000000 -545.44225115
v 1.09560300 -25.40000000 -545.61492887
v 0.74194112 -25.40000000 -545.74062033
v 0.37445829 -25.40000000 -545.81698414
v 0.37445829 -25.40000000 545.81698414
v 0.74194112 -25.40000000 545.74062033
v 1.09560300 -25.40000000 545.61492887
v 1.42885586 -25.40000000 545.44225115
v 1.73549185 -25.40000000 545.22580384
v 2.00979890 -25.40000000 544.96961893
v 2.24666721 -25.40000000 544.67846868
v 2.44168435 -25.40000000 544.35777664
v 2.59121754 -25.40000000 544.01351672
v 2.69248124 -25.40000000 543.65210183
v 2.74358912 -25.40000000 543.28026443
v 2.74358912 -25.40000000 542.90493115
v 2.69248124 -25.40000000 542.53309375
v 2.59121754 -25.40000000 542.17167886
v 2.44168435 -25.40000000 541.82741894
v 2.24666721 -25.40000000 541.50672690
v 2.00979890 -25.40000000 541.21557665
v 1.73549185 -25.40000000 540.95939174
v 1.42885586 -25.40000000 540.74294443
v 1.09560300 -25.40000000 540.57026671
v 0.74194112 -25.40000000 540.44457525
v 0.37445829 -25.40000000 540.36821144
v 13.69112911 -25.40000000 307.94542788
v 14.11540475 -25.40000000 307.85726239
v 14.52372346 -25.40000000 307.71214588
v 14.90847904 -25.40000000 307.51278161
v 15.26250422 -25.40000000 307.26288335
v 15.57920419 -25.40000000 306.96710623
v 15.85267941 -25.40000000 306.63096002
v 16.07783557 -25.40000000 306.26070649
v 16.25047843 -25.40000000 305.86324277
v 16.36739198 -25.40000000 305.44597284
v 16.42639834 -25.40000000 305.01666966
v 16.42639834 -25.40000000 304.58333034
v 16.36739198 -25.40000000 304.15402716
v 16.25047843 -25.40000000 303.73675723
v 16.07783557 -25.40000000 303.33929351
v 15.85267941 -25.40000000 302.96903998
v 15.57920419 -25.40000000 302.63289377
v 15.26250422 -25.40000000 302.33711665
v 14.90847904 -25.40000000 302.08721839
v 14.52372346 -25.40000000 301.88785412
v 14.11540475 -25.40000000 301.74273761
v 13.69112911 -25.40000000 301.65457212
v 13.69112911 -25.40000000 -301.65457212
v 14.11540475 -25.40000000 -301.74273761
v 14.52372346 -25.40000000 -301.88785412
v 14.90847904 -25.40000000 -302.08721839
v 15.26250422 -25.40000000 -302.33711665
v 15.57920419 -25.40000000 -302.63289377
v 15.85267941 -25.40000000 -302.96903998
v 16.07783557 -25.40000000 -303.33929351
v 16.25047843 -25.40000000 -303.73675723
v 16.36739198 -25.40000000 -304.15402716
v 16.42639834 -25.40000000 -304.58333034
v 16.42639834 -25.40000000 -305.01666966
v 16.36739198 -25.40000000 -305.44597284
v 16.25047843 -25.40000000 -305.86324277
v 16.07783557 -25.40000000 -306.26070649
v 15.85267941 -25.40000000 -306.63096002
v 15.57920419 -25.40000000 -306.96710623
v 15.26250422 -25.40000000 -307.26288335
v 14.90847904 -25.40000000 -307.51278161
v 14.52372346 -25.40000000 -307.71214588
v 14.11540475 -25.40000000 -307.85726239
v 13.69112911 -25.40000000 -307.94542788
v 13.69112911 -25.40000000 3.14542788
v 14.11540475 -25.40000000 3.05726239
v 14.52372346 -25.40000000 2.91214588
v 14.90847904 -25.40000000 2.71278161
v 15.26250422 -25.40000000 2.46288335
v 15.57920419 -25.40000000 2.16710623
v 15.85267941 -25.40000000 1.83096002
v 16.07783557 -25.40000000 1.46070649
v 16.25047843 -25.40000000 1.06324277
v 16.36739198 -25.40000000 0.64597284
v 16.42639834 -25.40000000 0.21666966
v 16.42639834 -25.40000000 -0.21666966
v 16.36739198 -25.40000000 -0.64597284
v 16.25047843 -25.40000000 -1.06324277
v 16.07783557 -25.40000000 -1.46070649
v 15.85267941 -25.40000000 -1.83096002
v 15.57920419 -25.40000000 -2.16710623
v 15.26250422 -25.40000000 -2.46288335
v 14.90847904 -25.40000000 -2.71278161
v 14.52372346 -25.40000000 -2.91214588
v 14.11540475 -25.40000000 -3.05726239
v 13.69112911 -25.40000000 -3.14542788
v -23.41880000 25.39991164 -574.99259779
v -23.41880000 22.41880000 -574.99259779
v -23.41880000 -9.32834171 -320.22438635
v -23.41880000 -8.96085888 -320.14802254
v -23.41880000 -8.60719700 -320.02233108
v -23.41880000 -8.27394414 -319.84965336
v -23.41880000 -7.96730815 -319.63320605
v -23.41880000 -7.69300110 -319.37702114
v -23.41880000 -7.45613279 -319.08587089
v -23.41880000 -7.26111565 -318.76517885
v -23.41880000 -7.11158246 -318.42091893
v -23.41880000 -7.01031876 -318.05950404
v -23.41880000 -6.95921088 -317.68766664
v -23.41880000 -6.95921088 -317.31233336
v -23.41880000 -7.01031876 -316.94049596
v -23.41880000 -7.11158246 -316.57908107
v -23.41880000 -7.26111565 -316.23482115
v -23.41880000 -7.45613279 -315.91412911
v -23.41880000 -7.69300110 -315.62297886
v -23.41880000 -7.96730815 -315.36679395
v -23.41880000 -8.27394414 -315.15034664
v -23.41880000 -8.60719700 -314.97766892
v -23.41880000 -8.96085888 -314.85197746
v -23.41880000 -9.32834171 -314.77561365
v -23.41880000 -9.32834171 -15.42438635
v -23.41880000 -8.96085888 -15.34802254
v -23.41880000 -8.60719700 -15.22233108
v -23.41880000 -8.27394414 -15.04965336
v -23.41880000 -7.96730815 -14.83320605
v -23.41880000 -7.69300110 -14.57702114
v -23.41880000 -7.45613279 -14.28587089
v -23.41880000 -7.26111565 -13.96517885
v -23.41880000 -7.11158246 -13.62091893
v -23.41880000 -7.01031876 -13.25950404
v -23.41880000 -6.95921088 -12.88766664
v -23.41880000 -6.95921088 -12.51233336
v -23.41880000 -7.01031876 -12.14049596
v -23.41880000 -7.11158246 -11.77908107
v -23.41880000 -7.26111565 -11.43482115
v -23.41880000 -7.45613279 -11.11412911
v -23.41880000 -7.69300110 -10.82297886
v -23.41880000 -7.96730815 -10.56679395
v -23.41880000 -8.27394414 -10.35034664
v -23.41880000 -8.60719700 -10.17766892
v -23.41880000 -8.96085888 -10.05197746
v -23.41880000 -9.32834171 -9.97561365
v -23.41880000 -9.32834172 314.77561365
v -23.41880000 -8.96085888 314.85197746
v -23.41880000 -8.60719700 314.97766892
v -23.41880000 -8.27394414 315.15034664
v -23.41880000 -7.96730815 315.36679395
v -23.41880000 -7.69300110 315.62297886
v -23.41880000 -7.45613279 315.91412911
v -23.41880000 -7.26111565 316.23482115
v -23.41880000 -7.11158246 316.57908107
v -23.41880000 -7.01031876 316.94049596
v -23.41880000 -6.95921088 317.31233336
v -23.41880000 -6.95921088 317.68766664
v -23.41880000 -7.01031876 318.05950404
v -23.41880000 -7.11158246 318.42091893
v -23.41880000 -7.26111565 318.76517885
v -23.41880000 -7.45613279 319.08587089
v -23.41880000 -7.69300110 319.37702114
v -23.41880000 -7.96730815 319.63320605
v -23.41880000 -8.27394414 319.84965336
v -23.41880000 -8.60719700 320.02233108
v -23.41880000 -8.96085888 320.14802254
v -23.41880000 -9.32834172 320.22438635
v -23.41880000 -9.32834171 289.37561365
v -23.41880000 -8.96085888 289.45197746
v -23.41880000 -8.60719700 289.57766892
v -23.41880000 -8.27394414 289.75034664
v -23.41880000 -7.96730815 289.96679395
v -23.41880000 -7.69300110 290.22297886
v -23.41880000 -7.45613279 290.51412911
v -23.41880000 -7.26111565 290.83482115
v -23.41880000 -7.11158246 291.17908107
v -23.41880000 -7.01031876 291.54049596
v -23.41880000 -6.95921088 291.91233336
v -23.41880000 -6.95921088 292.28766664
v -23.41880000 -7.01031876 292.65950404
v -23.41880000 -7.11158246 293.02091893
v -23.41880000 -7.26111565 293.36517885
v -23.41880000 -7.45613279 293.68587089
v -23.41880000 -7.69300110 293.97702114
v -23.41880000 -7.96730815 294.23320605
v -23.41880000 -8.27394414 294.44965336
v -23.41880000 -8.60719700 294.62233108
v -23.41880000 -8.96085888 294.74802254
v -23.41880000 -9.32834171 294.82438635
v -23.41880000 -9.32834171 -294.82438635
v -23.41880000 -8.96085888 -294.74802254
v -23.41880000 -8.60719700 -294.62233108
v -23.41880000 -8.27394414 -294.44965336
v -23.41880000 -7.96730815 -294.23320605
v -23.41880000 -7.69300110 -293.97702114
v -23.41880000 -7.45613279 -293.68587089
v -23.41880000 -7.26111565 -293.36517885
v -23.41880000 -7.11158246 -293.02091893
v -23.41880000 -7.01031876 -292.65950404
v -23.41880000 -6.95921088 -292.28766664
v -23.41880000 -6.95921088 -291.91233336
v -23.41880000 -7.01031876 -291.54049596
v -23.41880000 -7.11158246 -291.17908107
v -23.41880000 -7.26111565 -290.83482115
v -23.41880000 -7.45613279 -290.51412911
v -23.41880000 -7.69300110 -290.22297886
v -23.41880000 -7.96730815 -289.96679395
v -23.41880000 -8.27394414 -289.75034664
v -23.41880000 -8.60719700 -289.57766892
v -23.41880000 -8.96085888 -289.45197746
v -23.41880000 -9.32834171 -289.37561365
v -23.41880000 -9.32834171 9.97561365
v -23.41880000 -8.96085888 10.05197746
v -23.41880000 -8.60719700 10.17766892
v -23.41880000 -8.27394414 10.35034664
v -23.41880000 -7.96730815 10.56679395
v -23.41880000 -7.69300110 10.82297886
v -23.41880000 -7.45613279 11.11412911
v -23.41880000 -7.26111565 11.43482115
v -23.41880000 -7.11158246 11.77908107
v -23.41880000 -7.01031876 12.14049596
v -23.41880000 -6.95921088 12.51233336
v -23.41880000 -6.95921088 12.88766664
v -23.41880000 -7.01031876 13.25950404
v -23.41880000 -7.11158246 13.62091893
v -23.41880000 -7.26111565 13.96517885
v -23.41880000 -7.45613279 14.28587089
v -23.41880000 -7.69300110 14.57702114
v -23.41880000 -7.96730815 14.83320605
v -23.41880000 -8.27394414 15.04965336
v -23.41880000 -8.60719700 15.22233108
v -23.41880000 -8.96085888 15.34802254
v -23.41880000 -9.32834171 15.42438635
v -23.41880000 0.37445829 534.01821144
v -23.41880000 0.74194112 534.09457525
v -23.41880000 1.09560300 534.22026671
v -23.41880000 1.42885586 534.39294443
v -23.41880000 1.73549185 534.60939174
v -23.41880000 2.00979890 534.86557665
v -23.41880000 2.24666721 535.15672690
v -23.41880000 2.44168435 535.47741894
v -23.41880000 2.59121754 535.82167886
v -23.41880000 2.69248124 536.18309375
v -23.41880000 2.74358912 536.55493115
v -23.41880000 2.74358912 536.93026443
v -23.41880000 2.69248124 537.30210183
v -23.41880000 2.59121754 537.66351672
v -23.41880000 2.44168435 538.00777664
v -23.41880000 2.24666721 538.32846868
v -23.41880000 2.00979890 538.61961893
v -23.41880000 1.73549185 538.87580384
v -23.41880000 1.42885586 539.09225115
v -23.41880000 1.09560300 539.26492887
v -23.41880000 0.74194112 539.39062033
v -23.41880000 0.37445829 539.46698414
v -23.41880000 0.37445829 -539.46698414
v -23.41880000 0.74194112 -539.39062033
v -23.41880000 1.09560300 -539.26492887
v -23.41880000 1.42885586 -539.09225115
v -23.41880000 1.73549185 -538.87580384
v -23.41880000 2.00979890 -538.61961893
v -23.41880000 2.24666721 -538.32846868
v -23.41880000 2.44168435 -538.00777664
v -23.41880000 2.59121754 -537.66351672
v -23.41880000 2.69248124 -537.30210183
v -23.41880000 2.74358912 -536.93026443
v -23.41880000 2.74358912 -536.55493115
v -23.41880000 2.69248124 -536.18309375
v -23.41880000 2.59121754 -535.82167886
v -23.41880000 2.44168435 -535.47741894
v -23.41880000 2.24666721 -535.15672690
v -23.41880000 2.00979890 -534.86557665
v -23.41880000 1.73549185 -534.60939174
v -23.41880000 1.42885586 -534.39294443
v -23.41880000 1.09560300 -534.22026671
v -23.41880000 0.74194112 -534.09457525
v -23.41880000 0.37445829 -534.01821144
v -23.41880000 1.29698733 -567.07888143
v -23.41880000 2.56981425 -566.81438495
v -23.41880000 3.79477038 -566.37903544
v -23.41880000 4.94903712 -565.78094262
v -23.41880000 6.01111267 -565.03124783
v -23.41880000 6.96121256 -564.14391648
v -23.41880000 7.78163823 -563.13547786
v -23.41880000 8.45710671 -562.02471727
v -23.41880000 8.97503528 -560.83232610
v -23.41880000 9.32577594 -559.58051631
v -23.41880000 9.50279503 -558.29260678
v -23.41880000 9.50279503 -556.99258880
v -23.41880000 9.32577594 -555.70467927
v -23.41880000 8.97503528 -554.45286948
v -23.41880000 8.45710671 -553.26047831
v -23.41880000 7.78163823 -552.14971772
v -23.41880000 6.96121256 -551.14127910
v -23.41880000 6.01111267 -550.25394775
v -23.41880000 4.94903712 -549.50425296
v -23.41880000 3.79477038 -548.90616014
v -23.41880000 2.56981425 -548.47081063
v -23.41880000 1.29698733 -548.20631415
v -23.41880000 1.29698733 548.20631415
v -23.41880000 2.56981425 548.47081063
v -23.41880000 3.79477038 548.90616014
v -23.41880000 4.94903712 549.50425296
v -23.41880000 6.01111267 550.25394775
v -23.41880000 6.96121256 551.14127910
v -23.41880000 7.78163823 552.14971772
v -23.41880000 8.45710671 553.26047831
v -23.41880000 8.97503528 554.45286948
v -23.41880000 9.32577594 555.70467927
v -23.41880000 9.50279503 556.99258880
v -23.41880000 9.50279503 558.29260678
v -23.41880000 9.32577594 559.58051631
v -23.41880000 8.97503528 560.83232610
v -23.41880000 8.45710671 562.02471727
v -23.41880000 7.78163823 563.13547786
v -23.41880000 6.96121256 564.14391648
v -23.41880000 6.01111267 565.03124783
v -23.41880000 4.94903712 565.78094262
v -23.41880000 3.79477038 566.37903544
v -23.41880000 2.56981425 566.81438495
v -23.41880000 1.29698733 567.07888143
v 0.37445829 -23.41880000 -540.36821144
v 0.74194112 -23.41880000 -540.44457525
v 1.09560300 -23.41880000 -540.57026671
v 1.42885586 -23.41880000 -540.74294443
v 1.73549185 -23.41880000 -540.95939174
v 2.00979890 -23.41880000 -541.21557665
v 2.24666721 -23.41880000 -541.50672690
v 2.44168435 -23.41880000 -541.82741894
v 2.59121754 -23.41880000 -542.17167886
v 2.69248124 -23.41880000 -542.53309375
v 2.74358912 -23.41880000 -542.90493115
v 2.74358912 -23.41880000 -543.28026443
v 2.69248124 -23.41880000 -543.65210183
v 2.59121754 -23.41880000 -544.01351672
v 2.44168435 -23.41880000 -544.35777664
v 2.24666721 -23.41880000 -544.67846868
v 2.00979890 -23.41880000 -544.96961893
v 1.73549185 -23.41880000 -545.22580384
v 1.42885586 -23.41880000 -545.44225115
v 1.09560300 -23.41880000 -545.61492887
v 0.74194112 -23.41880000 -545.74062033
v 0.37445829 -23.41880000 -545.81698414
v 0.37445829 -23.41880000 545.81698414
v 0.74194112 -23.41880000 545.74062033
v 1.09560300 -23.41880000 545.61492887
v 1.42885586 -23.41880000 545.44225115
v 1.73549185 -23.41880000 545.22580384
v 2.00979890 -23.41880000 544.96961893
v 2.24666721 -23.41880000 544.67846868
v 2.44168435 -23.41880000 544.35777664
v 2.59121754 -23.41880000 544.01351672
v 2.69248124 -23.41880000 543.65210183
v 2.74358912 -23.41880000 543.28026443
v 2.74358912 -23.41880000 542.90493115
v 2.69248124 -23.41880000 542.53309375
v 2.59121754 -23.41880000 542.17167886
v 2.44168435 -23.41880000 541.82741894
v 2.24666721 -23.41880000 541.50672690
v 2.00979890 -23.41880000 541.21557665
v 1.73549185 -23.41880000 540.95939174
v 1.42885586 -23.41880000 540.74294443
v 1.09560300 -23.41880000 540.57026671
v 0.74194112 -23.41880000 540.44457525
v 0.37445829 -23.41880000 540.36821144
v 13.69112911 -23.41880000 307.94542788
v 14.11540475 -23.41880000 307.85726239
v 14.52372346 -23.41880000 307.71214588
v 14.90847904 -23.41880000 307.51278161
v 15.26250422 -23.41880000 307.26288335
v 15.57920419 -23.41880000 306.96710623
v 15.85267941 -23.41880000 306.63096002
v 16.07783557 -23.41880000 306.26070649
v 16.25047843 -23.41880000 305.86324277
v 16.36739198 -23.41880000 305.44597284
v 16.42639834 -23.41880000 305.01666966
v 16.42639834 -23.41880000 304.58333034
v 16.36739198 -23.41880000 304.15402716
v 16.25047843 -23.41880000 303.73675723
v 16.07783557 -23.41880000 303.33929351
v 15.85267941 -23.41880000 302.96903998
v 15.57920419 -23.41880000 302.63289377
v 15.26250422 -23.41880000 302.33711665
v 14.90847904 -23.41880000 302.08721839
v 14.52372346 -23.41880000 301.88785412
v 14.11540475 -23.41880000 301.74273761
v 13.69112911 -23.41880000 301.65457212
v 13.69112911 -23.41880000 -301.65457212
v 14.11540475 -23.41880000 -301.74273761
v 14.52372346 -23.41880000 -301.88785412
v 14.90847904 -23.41880000 -302.08721839
v 15.26250422 -23.41880000 -302.33711665
v 15.57920419 -23.41880000 -302.63289377
v 15.85267941 -23.41880000 -302.96903998
v 16.07783557 -23.41880000 -303.33929351
v 16.25047843 -23.41880000 -303.73675723
v 16.36739198 -23.41880000 -304.15402716
v 16.42639834 -23.41880000 -304.58333034
v 16.42639834 -23.41880000 -305.01666966
v 16.36739198 -23.41880000 -305.44597284
v 16.25047843 -23.41880000 -305.86324277
v 16.07783557 -23.41880000 -306.26070649
v 15.85267941 -23.41880000 -306.63096002
v 15.57920419 -23.41880000 -306.96710623
v 15.26250422 -23.41880000 -307.26288335
v 14.90847904 -23.41880000 -307.51278161
v 14.52372346 -23.41880000 -307.71214588
v 14.11540475 -23.41880000 -307.85726239
v 13.69112911 -23.41880000 -307.94542788
v 13.69112911 -23.41880000 3.14542788
v 14.11540475 -23.41880000 3.05726239
v 14.52372346 -23.41880000 2.91214588
v 14.90847904 -23.41880000 2.71278161
v 15.26250422 -23.41880000 2.46288335
v 15.57920419 -23.41880000 2.16710623
v 15.85267941 -23.41880000 1.83096002
v 16.07783557 -23.41880000 1.46070649
v 16.25047843 -23.41880000 1.06324277
v 16.36739198 -23.41880000 0.64597284
v 16.42639834 -23.41880000 0.21666966
v 16.42639834 -23.41880000 -0.21666966
v 16.36739198 -23.41880000 -0.64597284
v 16.25047843 -23.41880000 -1.06324277
v 16.07783557 -23.41880000 -1.46070649
v 15.85267941 -23.41880000 -1.83096002
v 15.57920419 -23.41880000 -2.16710623
v 15.26250422 -23.41880000 -2.46288335
v 14.90847904 -23.41880000 -2.71278161
v 14.52372346 -23.41880000 -2.91214588
v 14.11540475 -23.41880000 -3.05726239
v 13.69112911 -23.41880000 -3.14542788
v 23.41880000 22.41880000 -574.99259779
v 23.41880000 25.90000000 -574.99259779
v 23.41880000 -9.32834171 -314.77561365
v 23.41880000 -8.96085888 -314.85197746
v 23.41880000 -8.60719700 -314.97766892
v 23.41880000 -8.27394414 -315.15034664
v 23.41880000 -7.96730815 -315.36679395
v 23.41880000 -7.69300110 -315.62297886
v 23.41880000 -7.45613279 -315.91412911
v 23.41880000 -7.26111565 -316.23482115
v 23.41880000 -7.11158246 -316.57908107
v 23.41880000 -7.01031876 -316.94049596
v 23.41880000 -6.95921088 -317.31233336
v 23.41880000 -6.95921088 -317.68766664
v 23.41880000 -7.01031876 -318.05950404
v 23.41880000 -7.11158246 -318.42091893
v 23.41880000 -7.26111565 -318.76517885
v 23.41880000 -7.45613279 -319.08587089
v 23.41880000 -7.69300110 -319.37702114
v 23.41880000 -7.96730815 -319.63320605
v 23.41880000 -8.27394414 -319.84965336
v 23.41880000 -8.60719700 -320.02233108
v 23.41880000 -8.96085888 -320.14802254
v 23.41880000 -9.32834171 -320.22438635
v 23.41880000 -9.32834172 320.22438635
v 23.41880000 -8.96085888 320.14802254
v 23.41880000 -8.60719700 320.02233108
v 23.41880000 -8.27394414 319.84965336
v 23.41880000 -7.96730815 319.63320605
v 23.41880000 -7.69300110 319.37702114
v 23.41880000 -7.45613279 319.08587089
v 23.41880000 -7.26111565 318.76517885
v 23.41880000 -7.11158246 318.42091893
v 23.41880000 -7.01031876 318.05950404
v 23.41880000 -6.95921088 317.68766664
v 23.41880000 -6.95921088 317.31233336
v 23.41880000 -7.01031876 316.94049596
v 23.41880000 -7.11158246 316.57908107
v 23.41880000 -7.26111565 316.23482115
v 23.41880000 -7.45613279 315.91412911
v 23.41880000 -7.69300110 315.62297886
v 23.41880000 -7.96730815 315.36679395
v 23.41880000 -8.27394414 315.15034664
v 23.41880000 -8.60719700 314.97766892
v 23.41880000 -8.96085888 314.85197746
v 23.41880000 -9.32834172 314.77561365
v 23.41880000 -9.32834171 294.82438635
v 23.41880000 -8.96085888 294.74802254
v 23.41880000 -8.60719700 294.62233108
v 23.41880000 -8.27394414 294.44965336
v 23.41880000 -7.96730815 294.23320605
v 23.41880000 -7.69300110 293.97702114
v 23.41880000 -7.45613279 293.68587089
v 23.41880000 -7.26111565 293.36517885
v 23.41880000 -7.11158246 293.02091893
v 23.41880000 -7.01031876 292.65950404
v 23.41880000 -6.95921088 292.28766664
v 23.41880000 -6.95921088 291.91233336
v 23.41880000 -7.01031876 291.54049596
v 23.41880000 -7.11158246 291.17908107
v 23.41880000 -7.26111565 290.83482115
v 23.41880000 -7.45613279 290.51412911
v 23.41880000 -7.69300110 290.22297886
v 23.41880000 -7.96730815 289.96679395
v 23.41880000 -8.27394414 289.75034664
v 23.41880000 -8.60719700 289.57766892
v 23.41880000 -8.96085888 289.45197746
v 23.41880000 -9.32834171 289.37561365
v 23.41880000 0.37445829 539.46698414
v 23.41880000 0.74194112 539.39062033
v 23.41880000 1.09560300 539.26492887
v 23.41880000 1.42885586 539.09225115
v 23.41880000 1.73549185 538.87580384
v 23.41880000 2.00979890 538.61961893
v 23.41880000 2.24666721 538.32846868
v 23.41880000 2.44168435 538.00777664
v 23.41880000 2.59121754 537.66351672
v 23.41880000 2.69248124 537.30210183
v 23.41880000 2.74358912 536.93026443
v 23.41880000 2.74358912 536.55493115
v 23.41880000 2.69248124 536.18309375
v 23.41880000 2.59121754 535.82167886
v 23.41880000 2.44168435 535.47741894
v 23.41880000 2.24666721 535.15672690
v 23.41880000 2.00979890 534.86557665
v 23.41880000 1.73549185 534.60939174
v 23.41880000 1.42885586 534.39294443
v 23.41880000 1.09560300 534.22026671
v 23.41880000 0.74194112 534.09457525
v 23.41880000 0.37445829 534.01821144
v 18.44363373 37.66935680 -570.49259779
v 18.45804146 37.73737259 -570.49259779
v 18.48174462 37.80273229 -570.49259779
v 18.51428491 37.86417217 -570.49259779
v 18.55503316 37.92050431 -570.49259779
v 18.60320152 37.97063953 -570.49259779
v 18.65785864 38.01360846 -570.49259779
v 18.71794775 38.04858030 -570.49259779
v 18.78230702 38.07487887 -570.49259779
v 18.84969206 38.09199571 -570.49259779
v 18.91880000 38.09959984 -570.49259779
v 17.56932619 25.40855514 -570.49259779
v 17.69761905 25.43407417 -570.49259779
v 17.82148343 25.47612047 -570.49259779
v 17.93880000 25.53397460 -570.49259779
v 18.04756143 25.60664666 -570.49259779
v 18.14590678 25.69289322 -570.49259779
v 18.23215334 25.79123857 -570.49259779
v 18.30482540 25.90000000 -570.49259779
v 18.36267953 26.01731657 -570.49259779
v 18.40472583 26.14118095 -570.49259779
v 18.43024486 26.26947381 -570.49259779
v 23.37278119 22.71895359 -574.35062196
v 23.25172998 22.97228663 -573.77778721
v 23.08903393 23.16106809 -573.30161776
v 22.88191053 23.30510504 -572.86098688
v 22.74975981 23.36270398 -572.63163211
v 22.59295680 23.40386682 -572.39431165
v 23.05966692 25.42008887 -573.23095675
v 23.17652705 25.47153867 -573.53600408
v 23.27035346 25.54445995 -573.84634852
v 23.34068491 25.63160811 -574.15770597
v 23.39926269 25.76161888 -574.57379690
v 20.42865738 25.80899006 -570.75339445
v 20.44352407 25.75032100 -570.75867669
v 20.48778936 25.64976392 -570.77489608
v 20.53961395 25.57571320 -570.79460753
v 20.59175632 25.52284605 -570.81513995
v 20.64019708 25.48576453 -570.83493600
v 20.72847941 25.43845444 -570.87269654
v 20.82298298 25.40969783 -570.91544583
v 20.36827024 36.37859909 -570.73240134
v 20.39662398 36.30814554 -570.74212966
v 20.41411607 36.23353633 -570.74827345
v 18.92425824 38.09978849 -570.49260110
v 19.02680036 38.08583727 -570.49400702
v 19.09227674 38.06497206 -570.49614063
v 19.17881283 38.02079644 -570.50031804
v 19.25544789 37.96088436 -570.50529448
v -22.58269215 23.40560849 -572.37986295
v -22.73125993 23.36903635 -572.60185913
v -22.86529289 23.31358718 -572.83037813
v -23.02046948 23.21769475 -573.14147788
v -23.16255637 23.08725746 -573.49575227
v -23.27258212 22.93952742 -573.85490698
v -23.35171462 22.77900645 -574.21882493
v -23.40209251 22.60076557 -574.60564342
v 25.39900000 6.06310560 42.12462158
v 25.39900000 6.32138773 42.11285081
v 25.39900000 6.61851768 42.07808722
v 25.39900000 7.17564877 41.99411980
v 25.39900000 7.07637821 40.35782097
v 25.39900000 7.07657887 -11.91360743
v 25.39900000 7.18469173 -13.56401710
v 25.39900000 7.03282415 -13.64389407
v 25.39900000 6.87828560 -13.70483944
v 25.39900000 6.72143733 -13.74914364
v 25.39900000 6.56264058 -13.77909706
v 25.39900000 6.34850496 -13.80067024
v 25.39900000 5.80643999 -13.79642877
v 25.39900000 5.26546998 -13.77694483
v 25.39900000 -12.26876810 -13.78429136
v 25.39900000 -19.01270047 -13.78103082
v 25.39900000 -20.55957559 -13.71747091
v 25.39900000 -20.71901274 -13.51911378
v 25.39900000 -20.75689552 -13.46430433
v 25.39900000 -20.80031574 -13.37732477
v 25.39900000 -20.81371955 -13.31242089
v 25.39900000 -20.85602371 40.78193896
v 25.39900000 -20.78697717 41.79089074
v 25.39900000 -20.58310991 42.03803151
v 25.39950000 -20.73456325 41.87104743
v 25.39900000 -20.19971496 42.08997317
v 25.39900000 -19.73246546 42.12519940
v 25.39900000 7.06834649 -291.76146438
v 25.39900000 6.98987015 -293.71882022
v 25.39900000 6.84885643 -293.64246218
v 25.39900000 6.70546137 -293.58528105
v 25.39900000 6.56003118 -293.54488281
v 25.39900000 6.41291207 -293.51887342
v 25.39900000 6.21472444 -293.50243908
v 25.39900000 5.71419757 -293.51740584
v 25.39900000 5.21670340 -293.54151352
v 25.39900000 -18.85575780 -293.52706809
v 25.39900000 -19.66053239 -293.54903783
v 25.39900000 -20.04786750 -293.53726397
v 25.39900000 -20.32412413 -293.49672599
v 25.39900000 -20.45627869 -293.46230355
v 25.39900000 -20.58379423 -293.41658114
v 25.39900000 -20.72700956 -293.25562293
v 25.39900000 -20.76278939 -293.20509996
v 25.39900000 -20.79797966 -293.12043866
v 25.39900000 -20.81008186 -293.04421908
v 25.39900000 -20.85499466 -266.71685522
v 25.39900000 -20.83229708 -266.29726948
v 25.39900000 -20.78562397 -265.87844213
v 25.39900000 -20.57565703 -265.63511908
v 25.39950000 -20.73127544 -265.79917280
v 25.39900000 -19.55887794 -265.54968465
v 25.39900000 6.02864278 -265.55106728
v 25.39900000 6.58230066 -265.59302519
v 25.39900000 7.13462654 -265.66635045
v 25.39900000 7.07469057 -267.46620188
v 25.39900000 5.04875764 -517.21753513
v 25.39900000 6.01661830 -517.15204852
v 25.39900000 6.98440046 -517.03857801
v 25.39900000 7.06812010 -519.17529924
v 25.39900000 7.07748984 -573.22461708
v 25.39900000 -20.32910487 -573.17701999
v 25.39900000 -20.43678596 -573.15178701
v 25.39900000 -20.74277441 -573.00844047
v 25.39900000 -20.85232428 -572.10952292
v 25.39900000 -20.85927293 -570.92751483
v 25.39900000 -20.85497665 -519.41417000
v 25.39900000 -20.87413511 -518.52597017
v 25.39900000 -20.85798319 -518.07950574
v 25.39900000 -20.81256541 -517.74504325
v 25.39900000 -20.72600350 -517.41172306
v 25.39900000 -20.47241509 -517.31589068
v 25.39900000 -20.21923421 -517.25569174
v 25.39900000 -19.96676207 -517.22373228
v 25.39900000 -19.41437998 -517.21641538
v 25.39900000 -18.87012589 -517.23120154
v 25.40000000 -16.21367276 -585.22518983
v 25.40000000 -16.22393185 -585.06558075
v 25.40000000 -16.25071739 -584.93228109
v 25.40000000 -16.28779561 -584.82372538
v 25.40000000 -16.34137660 -584.71625944
v 25.40000000 -16.40786584 -584.61937924
v 25.40000000 -16.48116254 -584.53779460
v 25.40000000 -16.54342408 -584.48369462
v 25.40000000 -16.61237264 -584.43624203
v 25.40000000 -16.71878431 -584.38170247
v 25.40000000 -16.84429182 -584.33845583
v 25.40000000 -16.98369454 -584.30971228
v 25.40000000 -17.18769832 -584.29401271
v 25.40000000 -17.41456476 -584.30558701
v 25.40000000 -17.58288531 -584.33766674
v 25.40000000 -17.71088238 -584.37996080
v 25.40000000 -17.81897477 -584.43146861
v 25.40000000 -17.91761698 -584.49500184
v 25.39900000 -16.21367276 -585.22518983
v 25.39900000 -16.22393185 -585.06558075
v 25.39900000 -16.25071739 -584.93228109
v 25.39900000 -16.28779561 -584.82372538
v 25.39900000 -16.34137660 -584.71625944
v 25.39900000 -16.40786584 -584.61937924
v 25.39900000 -16.48116254 -584.53779460
v 25.39900000 -16.54342408 -584.48369462
v 25.39900000 -16.61237264 -584.43624203
v 25.39900000 -16.71878431 -584.38170247
v 25.39900000 -16.84429182 -584.33845583
v 25.39900000 -16.98369454 -584.30971228
v 25.39900000 -17.18769832 -584.29401271
v 25.39900000 -17.41456476 -584.30558701
v 25.39900000 -17.58288531 -584.33766674
v 25.39900000 -17.71088238 -584.37996080
v 25.39900000 -17.81897477 -584.43146861
v 25.39900000 -17.91761698 -584.49500184
v 25.40000000 -17.98340338 -584.55168569
v 25.40000000 -18.04008483 -584.61750246
v 25.40000000 -18.09271319 -584.70198031
v 25.40000000 -18.13789264 -584.80952261
v 25.40000000 -18.16887205 -584.93106099
v 25.40000000 -18.18752277 -585.09847171
v 25.40000000 -18.18511935 -585.27225092
v 25.40000000 -18.16539713 -585.41492935
v 25.40000000 -18.12914585 -585.54971782
v 25.39900000 -17.98340338 -584.55168569
v 25.39900000 -18.04008483 -584.61750246
v 25.39900000 -18.09271319 -584.70198031
v 25.39900000 -18.13789264 -584.80952261
v 25.39900000 -18.16887205 -584.93106099
v 25.39900000 -18.18752277 -585.09847171
v 25.39900000 -18.18511935 -585.27225092
v 25.39900000 -18.16539713 -585.41492935
v 25.39900000 -18.12914585 -585.54971782
v 25.40000000 -18.08714221 -585.65146355
v 25.40000000 -18.02826058 -585.75205045
v 25.40000000 -17.98768585 -585.80598868
v 25.40000000 -17.94242167 -585.85667583
v 25.39900000 -18.08714221 -585.65146355
v 25.39900000 -18.02826058 -585.75205045
v 25.39900000 -17.98768585 -585.80598868
v 25.39900000 -17.94242167 -585.85667583
v 25.40000000 -17.86075224 -585.92967913
v 25.40000000 -17.76042988 -585.99629884
v 25.40000000 -17.69644810 -586.02913494
v 25.40000000 -17.62822896 -586.05769715
v 25.39900000 -17.86075224 -585.92967913
v 25.39900000 -17.76042988 -585.99629884
v 25.39900000 -17.69644810 -586.02913494
v 25.39900000 -17.62822896 -586.05769715
v 25.40000000 -17.52237628 -586.08919085
v 25.40000000 -17.39712934 -586.10810279
v 25.40000000 -17.29544881 -586.11202429
v 25.40000000 -17.18725674 -586.10713427
v 25.39900000 -17.52237628 -586.08919085
v 25.39900000 -17.39712934 -586.10810279
v 25.39900000 -17.29544881 -586.11202429
v 25.39900000 -17.18725674 -586.10713427
v 25.40000000 -17.06189354 -586.10086930
v 25.40000000 -16.93951610 -586.08204887
v 25.40000000 -16.82035407 -586.05063471
v 25.39900000 -17.06189354 -586.10086930
v 25.39900000 -16.93951610 -586.08204887
v 25.39900000 -16.82035407 -586.05063471
v 25.40000000 -16.69886805 -586.00318890
v 25.40000000 -16.58829054 -585.94199494
v 25.40000000 -16.49827301 -585.87520456
v 25.40000000 -16.42087909 -585.79995467
v 25.40000000 -16.35237975 -585.71207217
v 25.40000000 -16.29497701 -585.61327984
v 25.39900000 -16.69886805 -586.00318890
v 25.39900000 -16.58829054 -585.94199494
v 25.39900000 -16.49827301 -585.87520456
v 25.39900000 -16.42087909 -585.79995467
v 25.39900000 -16.35237975 -585.71207217
v 25.39900000 -16.29497701 -585.61327984
v 25.39900000 -20.40463142 -584.03628738
v 25.39900000 -20.31083869 -583.93687813
v 25.39900000 -20.20309333 -583.84809266
v 25.39900000 -20.08139533 -583.76992747
v 25.39900000 -19.94574470 -583.70237908
v 25.39900000 -19.79614143 -583.64544399
v 25.39900000 -19.66081377 -583.60610295
v 25.39900000 -19.51579678 -583.57412782
v 25.39900000 -19.40968784 -584.31499560
v 25.39900000 -19.48031230 -584.34324538
v 25.39900000 -19.68495097 -584.43850227
v 25.39900000 -19.76371613 -584.48896465
v 25.39900000 -19.82964498 -584.54788406
v 25.39900000 -19.88462620 -584.61702704
v 25.39900000 -19.92851922 -584.69602316
v 25.39900000 -19.96288405 -584.78955750
v 25.39900000 -19.98846388 -584.90066183
v 25.39900000 -20.00299392 -585.02144964
v 25.39900000 -20.00361093 -585.12241867
v 25.39900000 -19.99535407 -585.23225227
v 25.39900000 -19.97865376 -585.35020550
v 25.39900000 -19.94860264 -585.45720426
v 25.39900000 -19.90397034 -585.55849224
v 25.39900000 -19.84457866 -585.65280691
v 25.39900000 -19.76808941 -585.74188441
v 25.39900000 -19.68169584 -585.81823664
v 25.39900000 -19.60950376 -585.86947916
v 25.39900000 -19.52992167 -585.91662049
v 25.39900000 -19.34653067 -586.00035473
v 25.39900000 -19.13527112 -586.06825700
v 25.39900000 -18.89614303 -586.12031155
v 25.39900000 -18.61781262 -586.15762733
v 25.39900000 -18.30932434 -586.17775873
v 25.39900000 -18.45734941 -586.03987412
v 25.39900000 -18.56896049 -585.90431531
v 25.39900000 -18.64310850 -585.78864611
v 25.39900000 -18.70413228 -585.66616205
v 25.39900000 -18.76961666 -585.48256085
v 25.39900000 -18.81352096 -585.28305365
v 25.39900000 -18.83080155 -585.14121218
v 25.39900000 -18.83849101 -584.99230137
v 25.39900000 -18.82588451 -584.75365833
v 25.39900000 -18.78816709 -584.53618349
v 25.39900000 -18.75993964 -584.43536022
v 25.39900000 -18.72549188 -584.33980029
v 25.39900000 -18.64875237 -584.18112315
v 25.39900000 -18.56457612 -584.05300372
v 25.39900000 -18.48730861 -583.96092180
v 25.39900000 -18.40096388 -583.87764073
v 25.39900000 -18.26628683 -583.77580664
v 25.39900000 -18.11642931 -583.69046456
v 25.39900000 -18.00803558 -583.64274585
v 25.39900000 -17.89281230 -583.60237760
v 25.39900000 -17.68749737 -583.55151778
v 25.39900000 -17.46641155 -583.52094575
v 25.39900000 -17.22963142 -583.51073806
v 25.39900000 -16.96735757 -583.52565405
v 25.39900000 -16.72629021 -583.57035097
v 25.39900000 -16.61373288 -583.60384336
v 25.39900000 -16.50650587 -583.64475227
v 25.39900000 -16.30850220 -583.74511939
v 25.39900000 -16.14980939 -583.85420317
v 25.39900000 -16.06187978 -583.92961157
v 25.39900000 -15.98078430 -584.01165494
v 25.39900000 -15.85151666 -584.17551389
v 25.39900000 -15.74567567 -584.35663660
v 25.39900000 -15.66349101 -584.55494650
v 25.39900000 -15.60459263 -584.76741320
v 25.39900000 -15.56919747 -584.99078936
v 25.39900000 -15.55738207 -585.22518983
v 25.39900000 -15.57579955 -585.52524438
v 25.39900000 -15.61771957 -585.74269946
v 25.39900000 -15.67808287 -585.92361180
v 25.39900000 -15.71729818 -586.00920178
v 25.39900000 -15.76202074 -586.08956429
v 25.39900000 -15.89559398 -586.27794039
v 25.39900000 -16.03426087 -586.42576718
v 25.39900000 -16.15718225 -586.52877033
v 25.39900000 -16.29118741 -586.61873095
v 25.39900000 -16.51579487 -586.73472859
v 25.39900000 -16.75686224 -586.82404588
v 25.39900000 -17.01431295 -586.88675938
v 25.39900000 -17.36671266 -586.93799159
v 25.39900000 -17.58476234 -586.95512329
v 25.39900000 -17.80117276 -586.96082893
v 25.39900000 -18.47151178 -586.93154799
v 25.39900000 -18.83884509 -586.88353389
v 25.39900000 -19.16646410 -586.81268983
v 25.39900000 -19.51180302 -586.70217244
v 25.39900000 -19.80929340 -586.56807529
v 25.39900000 -19.94014323 -586.49220823
v 25.39900000 -20.05908834 -586.41047493
v 25.39900000 -20.24506148 -586.25016534
v 25.39900000 -20.38317026 -586.09232047
v 25.39900000 -20.47331587 -585.95740918
v 25.39900000 -20.54588033 -585.81430116
v 25.39900000 -20.62807776 -585.58112561
v 25.39900000 -20.67750850 -585.33772961
v 25.39900000 -20.69401944 -585.08411317
v 25.39900000 -20.67292305 -584.73233112
v 25.39900000 -20.62490556 -584.48475117
v 25.39900000 -20.56374450 -584.30396315
v 25.39900000 -20.49226296 -584.16108557
v 25.39900000 -20.45041743 -584.09631104
v 25.40000000 -16.25341056 -585.51020086
v 25.40000000 -16.22716555 -585.39904297
v 25.40000000 -16.21704009 -585.31476679
v 25.39900000 -16.25341056 -585.51020086
v 25.39900000 -16.22716555 -585.39904297
v 25.39900000 -16.21704009 -585.31476679
v 25.39900000 -17.86111742 586.00650641
v 25.39900000 -15.68450609 585.29061556
v 25.39900000 -15.68450609 584.39454623
v 25.39900000 -17.60570494 585.05367759
v 25.39900000 -18.75125472 585.53646560
v 25.39900000 -19.85444967 586.07368577
v 25.39900000 -19.85444967 583.59700662
v 25.39900000 -20.56000522 583.59700662
v 25.39900000 -20.56000522 586.97664529
v 25.39900000 -19.91783942 586.97664529
v 25.39900000 10.52850465 573.63093432
v 25.39900000 7.22344453 573.53386174
v 25.39900000 7.13177662 574.00552282
v 25.39900000 7.09293887 574.26176498
v 25.39900000 7.08046867 574.47718922
v 25.39900000 34.99088240 592.04894746
v 25.39900000 34.98396205 575.70133672
v 25.39900000 34.92993704 573.84332350
v 25.39900000 34.66400921 573.73969542
v 25.39900000 34.40232884 573.67379296
v 25.39900000 34.14466822 573.63789412
v 25.39900000 33.58992393 573.62650094
v 25.39900000 33.05115796 573.64067467
v 25.39900000 7.07810186 -239.05091537
v 25.39900000 7.12645261 -238.24276105
v 25.39900000 7.21235104 -237.43278171
v 25.39900000 9.01269650 -237.53389698
v 25.39900000 32.92481660 -237.53996407
v 25.39900000 34.79982422 -237.57240439
v 25.39900000 34.91032146 -238.05977791
v 25.39900000 34.95563608 -238.28807612
v 25.39900000 34.97558046 -238.47202485
v 25.39900000 34.81367521 -265.38203505
v 25.39900000 34.63526805 -265.45656825
v 25.39900000 34.45140166 -265.50778210
v 25.39900000 34.26299153 -265.53953416
v 25.39900000 34.00098074 -265.55842175
v 25.39900000 33.66536383 -265.55613895
v 25.39900000 33.06003864 -265.53732348
v 25.39900000 12.34743945 -265.54611456
v 25.39900000 7.18529469 -265.61192214
v 25.39900000 7.07708310 -264.00177366
v 25.39900000 7.07634219 -235.58822060
v 25.39900000 7.17164389 -237.38279737
v 25.39900000 6.44912066 -237.47633162
v 25.39900000 5.72655033 -237.52976972
v 25.39900000 -19.19866744 -237.53286517
v 25.39900000 -20.56900424 -237.45230091
v 25.39900000 -20.73477720 -237.27284029
v 25.39900000 -20.77335772 -237.21981194
v 25.39900000 -20.80178411 -237.14462041
v 25.39900000 -20.81372727 -237.05979778
v 25.39900000 -20.85741807 -235.37401543
v 25.39900000 -20.83955894 -210.21324432
v 25.39900000 -20.83528201 -210.14905322
v 25.39900000 -20.82276830 -210.07954213
v 25.39900000 -20.76503529 -209.88657111
v 25.39900000 -20.60233510 -209.67707102
v 25.39900000 -20.43172998 -209.61443542
v 25.39900000 -20.25381808 -209.57198166
v 25.39900000 -20.06967620 -209.54631540
v 25.39900000 -19.47631957 -209.53657756
v 25.39900000 -18.86554919 -209.55482136
v 25.39900000 5.04917955 -209.54128393
v 25.39900000 6.01698787 -209.47581981
v 25.39900000 6.98471431 -209.36238427
v 25.39900000 7.06801205 -211.32352052
v 25.39900000 7.75469572 -349.44512293
v 25.39900000 7.44180193 -349.42647744
v 25.39900000 7.12891217 -349.39269854
v 25.39900000 7.07437156 -347.41205166
v 25.39900000 7.06976143 -295.76159127
v 25.39900000 7.02177322 -293.76070977
v 25.39900000 7.14497538 -293.68338356
v 25.39900000 7.27109121 -293.62379333
v 25.39900000 7.39973526 -293.57983344
v 25.39900000 7.53052211 -293.54939827
v 25.39900000 7.66306630 -293.53038219
v 25.39900000 7.86980958 -293.51857015
v 25.39900000 8.13524531 -293.52335113
v 25.39900000 8.60770440 -293.54013089
v 25.39900000 19.88970206 -293.53412572
v 25.39900000 32.85559769 -293.53548771
v 25.39900000 34.76589651 -293.56635967
v 25.39900000 34.89152654 -294.09798266
v 25.39900000 34.94569088 -294.35623603
v 25.39900000 34.97524087 -294.57487809
v 25.39900000 34.99361517 -295.16436021
v 25.39900000 34.98627741 -295.75604010
v 25.39900000 34.98278380 -347.25265660
v 25.39900000 34.99517981 -348.23877549
v 25.39900000 34.95168243 -348.82608055
v 25.39900000 34.90774993 -349.07461378
v 25.39900000 34.84349187 -349.32737199
v 25.39900000 34.33857665 -349.40121396
v 25.39900000 34.07709763 -349.43272537
v 25.39900000 33.85485467 -349.44326566
v 25.39900000 7.07995415 -98.85825020
v 25.39900000 7.13911827 -98.14016061
v 25.39900000 7.24344012 -97.42210500
v 25.39900000 7.38246857 -97.50621236
v 25.39900000 7.52438527 -97.56962373
v 25.39900000 7.66878113 -97.61489459
v 25.39900000 7.81524707 -97.64458044
v 25.39900000 7.96337402 -97.66123674
v 25.39900000 8.19371306 -97.66730306
v 25.39900000 8.48899273 -97.65382093
v 25.39900000 9.01240837 -97.62766417
v 25.39900000 30.58350107 -97.63674415
v 25.39900000 33.78539908 -97.64289378
v 25.39900000 34.27560535 -97.68163851
v 25.39900000 34.77815247 -97.74496110
v 25.39900000 34.88177832 -98.00643611
v 25.39900000 34.94767744 -98.26550210
v 25.39900000 34.98357649 -98.52211947
v 25.39900000 34.99500558 -99.07878858
v 25.39900000 34.98095724 -99.62295030
v 25.39900000 34.98641633 -118.04154126
v 25.39900000 34.98201201 -123.95570902
v 25.39900000 34.88861562 -125.50322792
v 25.39900000 34.24106728 -125.57797789
v 25.39900000 33.66177955 -125.61846123
v 25.39900000 7.87757947 -125.61858504
v 25.39900000 7.48340424 -125.59186226
v 25.39900000 7.08862808 -125.54337516
v 25.39900000 7.07783945 -96.25097287
v 25.39900000 7.09007303 -96.51692846
v 25.39900000 7.12618751 -96.82385807
v 25.39900000 7.21142090 -97.39434040
v 25.39900000 7.07379144 -97.47471521
v 25.39900000 6.93333177 -97.53688020
v 25.39900000 6.79041254 -97.58297928
v 25.39900000 6.64540442 -97.61515639
v 25.39900000 6.44945153 -97.64010839
v 25.39900000 5.95197125 -97.64423157
v 25.39900000 5.45461928 -97.62865471
v 25.39900000 -9.02408999 -97.63455670
v 25.39900000 -18.95716276 -97.63294707
v 25.39900000 -20.56595054 -97.60182747
v 25.39900000 -20.66818113 -97.43722577
v 25.39900000 -20.74670248 -97.27356660
v 25.39900000 -20.80434376 -97.11092062
v 25.39900000 -20.84393411 -96.94935848
v 25.39900000 -20.86830270 -96.78895082
v 25.39900000 -20.88258751 -96.54445216
v 25.39900000 -20.87456736 -96.23763564
v 25.39900000 -20.85032278 -95.70435758
v 25.39900000 -20.85937326 -72.74614397
v 25.39900000 -20.85937583 -70.18550476
v 25.39900000 -20.74442455 -70.06681584
v 25.39900000 -20.62889625 -69.97288953
v 25.39900000 -20.51302966 -69.90096643
v 25.39900000 -20.39706348 -69.84828714
v 25.39900000 -20.28123644 -69.81209227
v 25.39900000 -20.12742941 -69.78470556
v 25.39900000 -19.97916955 -69.77526157
v 25.39900000 -19.80540322 -69.77766308
v 25.39900000 -19.49439523 -69.78850291
v 25.39900000 -10.06641519 -69.78161037
v 25.39900000 5.42242551 -69.78895691
v 25.39900000 6.31714408 -69.84617812
v 25.39900000 7.21398202 -69.94613828
v 25.39900000 7.12891435 -70.51264790
v 25.39900000 7.09113961 -70.81688849
v 25.39900000 7.07840543 -71.07662305
v 25.39900000 8.62237348 -209.53690902
v 25.39900000 8.25425446 -209.51560976
v 25.39900000 7.82956605 -209.45673049
v 25.39900000 7.03531724 -209.31787192
v 25.39900000 7.07030682 -208.01361718
v 25.39900000 7.06828753 -181.81995026
v 25.39900000 7.69230955 -181.69940621
v 25.39900000 8.03278480 -181.64735421
v 25.39900000 8.31782675 -181.63043203
v 25.39900000 33.56097402 -181.62539677
v 25.39900000 34.13539050 -181.65565480
v 25.39900000 34.67539689 -181.70476412
v 25.39900000 34.77519186 -181.82496390
v 25.39900000 34.85290632 -181.94708630
v 25.39900000 34.91110160 -182.07078567
v 25.39900000 34.95233903 -182.19571633
v 25.39900000 34.97917994 -182.32153264
v 25.39900000 34.99418565 -182.44788893
v 25.39900000 34.99380490 -182.82674112
v 25.39900000 34.97911524 -183.19800945
v 25.39900000 34.98641119 -194.67230799
v 25.39900000 34.98325201 -207.66535836
v 25.39900000 34.91681153 -209.30483278
v 25.39900000 34.67535037 -209.41504794
v 25.39900000 34.43738112 -209.48922611
v 25.39900000 34.20275213 -209.53386763
v 25.39900000 33.92423994 -209.55764697
v 25.39900000 33.60383166 -209.55826008
v 25.39900000 33.02400653 -209.54136647
v 25.39900000 17.87812434 -209.54755737
v 25.39900000 7.06933437 -179.64282262
v 25.39900000 7.01476514 -181.77108789
v 25.39900000 5.06846390 -181.62576822
v 25.39900000 -18.84707264 -181.61421187
v 25.39900000 -19.65185346 -181.63578214
v 25.39900000 -20.03811861 -181.62523321
v 25.39900000 -20.31290500 -181.58718018
v 25.39900000 -20.44407368 -181.55467542
v 25.39900000 -20.57041918 -181.51140164
v 25.39900000 -20.72330465 -181.34946875
v 25.39900000 -20.76052806 -181.29946646
v 25.39900000 -20.79573645 -181.21599487
v 25.39900000 -20.80796202 -181.13858558
v 25.39900000 -20.85666686 -127.10386475
v 25.39900000 -20.80006665 -125.84269566
v 25.39900000 -20.32539676 -125.71482260
v 25.39900000 -20.06605337 -125.65756281
v 25.39900000 -19.96171329 -125.64401454
v 25.39900000 -19.85734300 -125.63814829
v 25.39900000 -15.31017322 -125.62568394
v 25.39900000 5.23699108 -125.62366158
v 25.39900000 7.04088082 -125.58359538
v 25.39900000 7.07056408 -127.55910234
v 25.39900000 8.28562270 -517.21317054
v 25.39900000 7.94854500 -517.18708537
v 25.39900000 7.49244465 -517.09786674
v 25.39900000 7.03514851 -516.99605440
v 25.39900000 7.07031197 -515.68979616
v 25.39900000 7.06852891 -489.49589637
v 25.39900000 7.69263060 -489.37552596
v 25.39900000 8.03314026 -489.32355407
v 25.39900000 8.31821779 -489.30665744
v 25.39900000 33.56127759 -489.30166345
v 25.39900000 34.13573008 -489.33194727
v 25.39900000 34.67574162 -489.38114430
v 25.39900000 34.77545307 -489.50137469
v 25.39900000 34.85309868 -489.62352223
v 25.39900000 34.91123835 -489.74724178
v 25.39900000 34.95243203 -489.87218822
v 25.39900000 34.97923961 -489.99801644
v 25.39900000 34.99422102 -490.12438131
v 25.39900000 34.99380739 -490.50324463
v 25.39900000 34.97911524 -490.87451345
v 25.39900000 34.98641119 -502.34881198
v 25.39900000 34.98325201 -515.34178497
v 25.39900000 34.91313269 -517.06738514
v 25.39900000 34.27032247 -517.16410894
v 25.39900000 33.95828001 -517.20336523
v 25.39900000 33.69695756 -517.21642076
v 25.39900000 5.23764452 -461.36269455
v 25.39900000 7.04039631 -461.32278431
v 25.39900000 7.07045089 -467.82999868
v 25.39900000 7.06925205 -487.49321871
v 25.39900000 7.01517552 -489.44705469
v 25.39900000 5.06935403 -489.30197299
v 25.39900000 -18.83765428 -489.29224296
v 25.39900000 -20.50484053 -489.23302699
v 25.39900000 -20.71514556 -489.03574083
v 25.39900000 -20.75739718 -488.98515363
v 25.39900000 -20.79231218 -488.90526756
v 25.39900000 -20.80510127 -488.82463388
v 25.39900000 -20.85588993 -462.66361954
v 25.39900000 -20.78898124 -461.55353939
v 25.39900000 -20.23168651 -461.44169431
v 25.39900000 -19.93429499 -461.39247354
v 25.39900000 -19.67943348 -461.37441599
v 25.39900000 -14.29203065 -461.36469627
v 25.39900000 7.07423264 -575.07926978
v 25.39900000 7.12324081 -573.27016447
v 25.39900000 8.42203329 -573.22320024
v 25.39900000 33.17666579 -573.22103472
v 25.39900000 34.59712236 -573.22103601
v 25.39900000 34.72250293 -573.36119509
v 25.39900000 34.82012581 -573.50249620
v 25.39900000 34.89321048 -573.64461617
v 25.39900000 34.94497638 -573.78723184
v 25.39900000 34.97864298 -573.93002005
v 25.39900000 34.99742972 -574.07265764
v 25.39900000 35.00490044 -574.25938644
v 25.39900000 34.99670537 -574.49643514
v 25.39900000 34.97796271 -574.90722335
v 25.39900000 34.98638032 -589.09076401
v 25.39900000 34.98057134 -592.46773995
v 25.39900000 34.93995161 -593.05212493
v 25.39900000 34.87064844 -593.69357697
v 25.39900000 7.48835498 -593.84397201
v 25.39900000 7.34068916 -593.78341887
v 25.39900000 7.24668756 -593.63717015
v 25.39900000 7.17452272 -593.48878498
v 25.39900000 7.12158468 -593.33861344
v 25.39900000 7.08526346 -593.18700563
v 25.39900000 7.06294909 -593.03431165
v 25.39900000 7.04987466 -592.78965413
v 25.39900000 7.05747112 -592.49638351
v 25.39900000 7.07970203 -591.96444855
v 25.39900000 -8.70064994 -349.45110747
v 25.39900000 7.08493627 -349.43433915
v 25.39900000 7.07527198 -376.80190981
v 25.39900000 7.11090528 -377.42530338
v 25.39900000 -0.41879517 -377.45463715
v 25.39900000 -18.77584966 -377.45471969
v 25.39900000 -20.59082005 -377.42613836
v 25.39900000 -20.70605683 -377.21288659
v 25.39900000 -20.78668440 -377.00104486
v 25.39900000 -20.83829247 -376.79077216
v 25.39900000 -20.86647076 -376.58222747
v 25.39900000 -20.87044568 -376.05480547
v 25.39900000 -20.85151905 -375.54257736
v 25.39900000 -20.85937583 -360.17574979
v 25.39900000 -20.85934753 -351.39469957
v 25.39900000 -20.85934753 -349.82984616
v 25.39900000 -20.72605111 -349.71388177
v 25.39900000 -20.59301073 -349.62282758
v 25.39900000 -20.46038083 -349.55384998
v 25.39900000 -20.32831584 -349.50411534
v 25.39900000 -20.19697017 -349.47079002
v 25.39900000 -20.06649827 -349.45104040
v 25.39900000 -19.88968408 -349.44085863
v 25.39900000 -19.68186943 -349.44490947
v 25.39900000 -19.31066387 -349.45894927
v 25.39900000 9.02187046 -405.45509201
v 25.39900000 8.22113369 -405.41038569
v 25.39900000 7.92986625 -405.42026983
v 25.39900000 7.73649403 -405.45241646
v 25.39900000 7.57829262 -405.50036670
v 25.39900000 7.43480069 -405.56540686
v 25.39900000 7.34413791 -405.61924902
v 25.39900000 7.25502755 -405.68339438
v 25.39900000 7.14406459 -404.95734519
v 25.39900000 7.09605869 -404.56196439
v 25.39900000 7.08041722 -404.23123342
v 25.39900000 7.07623928 -378.43160260
v 25.39900000 7.10392141 -377.95297600
v 25.39900000 7.15368932 -377.47372174
v 25.39900000 34.60235507 -377.47279712
v 25.39900000 34.71311020 -377.58693369
v 25.39900000 34.80107568 -377.70168505
v 25.39900000 34.86876553 -377.81683710
v 25.39900000 34.91869374 -377.93217574
v 25.39900000 34.95870195 -378.07052694
v 25.39900000 34.98384574 -378.23597517
v 25.39900000 34.98884015 -378.54013171
v 25.39900000 34.98038097 -378.83590971
v 25.39900000 34.98639575 -388.28825997
v 25.39900000 34.98519691 -403.31077025
v 25.39900000 34.95793743 -405.21562796
v 25.39900000 34.41585172 -405.35420096
v 25.39900000 34.15483598 -405.41064096
v 25.39900000 34.04503400 -405.42526339
v 25.39900000 33.93585618 -405.43197931
v 25.39900000 30.40094282 -405.44483575
v 25.39900000 7.07996444 -434.59697362
v 25.39900000 7.13917216 -433.87880798
v 25.39900000 7.24356659 -433.16066572
v 25.39900000 7.38255005 -433.24496622
v 25.39900000 7.52443467 -433.30852079
v 25.39900000 7.66880940 -433.35389127
v 25.39900000 7.81526323 -433.38363949
v 25.39900000 7.96338514 -433.40032731
v 25.39900000 8.19371901 -433.40639657
v 25.39900000 8.48901376 -433.39287059
v 25.39900000 9.01241866 -433.36664554
v 25.39900000 30.58349592 -433.37572553
v 25.39900000 33.78539394 -433.38191643
v 25.39900000 34.27444896 -433.42056958
v 25.39900000 34.77816791 -433.48399407
v 25.39900000 34.88178831 -433.74545559
v 25.39900000 34.94768345 -434.00451395
v 25.39900000 34.98357974 -434.26112864
v 25.39900000 34.99500598 -434.81780476
v 25.39900000 34.98095724 -435.36198326
v 25.39900000 34.98641633 -453.78053295
v 25.39900000 34.98200172 -459.69473167
v 25.39900000 34.88860533 -461.24229184
v 25.39900000 34.24108015 -461.31702117
v 25.39900000 33.66180014 -461.35751483
v 25.39900000 7.87761549 -461.35761801
v 25.39900000 7.48344439 -461.33092566
v 25.39900000 7.08866914 -461.28250063
v 25.39900000 7.07808128 -432.15970874
v 25.39900000 7.09025456 -432.38627525
v 25.39900000 7.12627305 -432.64760701
v 25.39900000 7.21142004 -433.13314438
v 25.39900000 7.07363619 -433.21366399
v 25.39900000 6.93301492 -433.27592931
v 25.39900000 6.78992807 -433.32209047
v 25.39900000 6.64474751 -433.35429760
v 25.39900000 6.44855922 -433.37925046
v 25.39900000 5.95048048 -433.38327107
v 25.39900000 5.45255089 -433.36762576
v 25.39900000 -9.04413327 -433.37351744
v 25.39900000 -18.98953661 -433.37069026
v 25.39900000 -20.71162770 -433.30949320
v 25.39900000 -20.80311939 -432.74598191
v 25.39900000 -20.84028178 -432.47178115
v 25.39900000 -20.85196411 -432.25156108
v 25.39900000 -20.85516960 -406.56055994
v 25.39900000 -20.79464872 -405.63757914
v 25.39900000 -20.29658149 -405.52554447
v 25.39900000 -20.03374194 -405.47657895
v 25.39900000 -19.82374201 -405.45957010
v 25.39900000 -15.94687347 -405.44729148
v 25.39900000 5.29246191 -405.45457610
v 25.39900000 6.17195610 -405.42545616
v 25.39900000 6.52601074 -405.44732862
v 25.39900000 6.76105552 -405.49294778
v 25.39900000 6.95342061 -405.55656987
v 25.39900000 7.09598657 -405.62294367
v 25.39900000 7.23597102 -405.70727198
v 25.39900000 7.13781931 -406.19256209
v 25.39900000 7.09417588 -406.45333106
v 25.39900000 7.07950137 -406.67591706
v 25.39900000 7.07810186 376.30141162
v 25.39900000 7.12642917 377.10954869
v 25.39900000 7.21228134 377.91942636
v 25.39900000 9.01266048 377.81859510
v 25.39900000 32.92476000 377.81248674
v 25.39900000 34.79979850 377.77996388
v 25.39900000 34.91030216 377.29277092
v 25.39900000 34.95563417 377.06449155
v 25.39900000 34.97559075 376.88054977
v 25.39900000 34.81373695 349.97051894
v 25.39900000 34.63532493 349.89601250
v 25.39900000 34.45145694 349.84480146
v 25.39900000 34.26304766 349.81303394
v 25.39900000 34.00101375 349.79410536
v 25.39900000 33.66542932 349.79632722
v 25.39900000 33.06010553 349.81508606
v 25.39900000 12.34751663 349.80617116
v 25.39900000 7.18533521 349.74069225
v 25.39900000 7.07707796 351.35084224
v 25.39900000 5.28126072 433.72391732
v 25.39900000 6.15530368 433.75264369
v 25.39900000 6.54624805 433.72761211
v 25.39900000 6.77974855 433.67996842
v 25.39900000 6.97860107 433.61169479
v 25.39900000 7.09814481 433.55541554
v 25.39900000 7.21597606 433.48673660
v 25.39900000 7.12880579 432.82981342
v 25.39900000 7.07803497 432.17289024
v 25.39900000 7.07631646 379.26280849
v 25.39900000 7.11041052 378.61607133
v 25.39900000 7.17049688 377.96933826
v 25.39900000 6.44871438 377.87602062
v 25.39900000 5.72688477 377.82272237
v 25.39900000 -19.19063572 377.81958564
v 25.39900000 -20.56685095 377.89759100
v 25.39900000 -20.72912754 378.07359475
v 25.39900000 -20.76780086 378.12615906
v 25.39900000 -20.79813787 378.20121356
v 25.39900000 -20.81211423 378.28415086
v 25.39900000 -20.85714794 379.29401064
v 25.39900000 -20.82781493 433.14461407
v 25.39900000 -20.80641365 433.25618107
v 25.39900000 -20.68167984 433.58359023
v 25.39900000 -20.09738193 433.66941675
v 25.39900000 -19.46786123 433.72366968
v 25.39900000 -10.88144686 433.73126385
v 25.39900000 9.02017253 265.95470891
v 25.39900000 7.22758953 265.85905100
v 25.39900000 7.07866269 267.98540700
v 25.39900000 7.06811495 319.54314833
v 25.39900000 6.98781735 321.54029759
v 25.39900000 7.52652637 321.70305400
v 25.39900000 7.82137089 321.77517389
v 25.39900000 7.94955767 321.79422815
v 25.39900000 8.06715068 321.80266211
v 25.39900000 11.60470354 321.81818064
v 25.39900000 33.00089926 321.81388828
v 25.39900000 33.81538552 321.83065280
v 25.39900000 34.22808920 321.80379941
v 25.39900000 34.53893964 321.74182734
v 25.39900000 34.69459577 321.69258374
v 25.39900000 34.85031446 321.62890416
v 25.39900000 34.92800757 321.29258346
v 25.39900000 34.96125312 321.11770497
v 25.39900000 34.97228236 320.96895411
v 25.39900000 34.95190721 266.57569756
v 25.39900000 34.93596682 266.46975218
v 25.39900000 34.91679634 266.41260328
v 25.39900000 34.88820529 266.34567463
v 25.39900000 34.77820392 266.11137998
v 25.39900000 34.53194953 266.02404764
v 25.39900000 34.28426478 265.97119453
v 25.39900000 34.03569475 265.94539967
v 25.39900000 33.48749101 265.94736421
v 25.39900000 32.94346810 265.96527472
v 25.39900000 6.02872511 349.80130098
v 25.39900000 6.58236796 349.75943543
v 25.39900000 7.13467911 349.68625477
v 25.39900000 7.07469571 347.88426784
v 25.39900000 7.06732258 323.56137328
v 25.39900000 6.96571328 321.58934551
v 25.39900000 6.86935444 321.66741276
v 25.39900000 6.76178818 321.73281365
v 25.39900000 6.65420498 321.77970114
v 25.39900000 6.52012914 321.81762848
v 25.39900000 6.35336074 321.84079008
v 25.39900000 6.17900853 321.84515501
v 25.39900000 5.94743019 321.83324718
v 25.39900000 5.54469184 321.81174210
v 25.39900000 -3.54460023 321.82032682
v 25.39900000 -18.86181632 321.82560972
v 25.39900000 -19.68112656 321.80956128
v 25.39900000 -20.10333157 321.83678086
v 25.39900000 -20.42675678 321.89905788
v 25.39900000 -20.59087922 321.94846858
v 25.39900000 -20.75671801 322.01232730
v 25.39900000 -20.85551947 323.32256959
v 25.39900000 -20.65765671 349.71041856
v 25.39900000 -19.55607636 349.80278680
v 25.39900000 8.28544345 517.72858384
v 25.39900000 7.94836067 517.75463564
v 25.39900000 7.49225913 517.84377570
v 25.39900000 7.03496714 517.94553302
v 25.39900000 7.07029653 519.25179302
v 25.39900000 7.06824130 545.44553279
v 25.39900000 7.69228696 545.56600741
v 25.39900000 8.03278335 545.61803852
v 25.39900000 8.31782161 545.63493690
v 25.39900000 33.56106664 545.63997217
v 25.39900000 34.13552813 545.60975025
v 25.39900000 34.67555640 545.56064609
v 25.39900000 34.77531550 545.44043685
v 25.39900000 34.85299930 545.31830671
v 25.39900000 34.91116873 545.19460132
v 25.39900000 34.95238477 545.06966636
v 25.39900000 34.97920835 544.94384748
v 25.39900000 34.99420044 544.81749033
v 25.39900000 34.99379726 544.43864588
v 25.39900000 34.97910495 544.06740076
v 25.39900000 34.98640090 532.59301968
v 25.39900000 34.98324172 519.59988675
v 25.39900000 34.91308721 517.87419390
v 25.39900000 34.27032845 517.77750230
v 25.39900000 33.95827231 517.73824263
v 25.39900000 33.69696869 517.72519948
v 25.39900000 5.89579270 573.62730232
v 25.39900000 6.53502172 573.58007925
v 25.39900000 7.17600184 573.49537984
v 25.39900000 7.07649655 571.69425538
v 25.39900000 7.06927263 547.45167745
v 25.39900000 7.01484031 545.49427012
v 25.39900000 5.06796996 545.63955944
v 25.39900000 -18.85261921 545.65128088
v 25.39900000 -19.65785785 545.62955186
v 25.39900000 -20.04515673 545.64105137
v 25.39900000 -20.32123143 545.68091886
v 25.39900000 -20.45323847 545.71480349
v 25.39900000 -20.58056559 545.75982801
v 25.39900000 -20.72619906 545.92126409
v 25.39900000 -20.76225686 545.97163937
v 25.39900000 -20.79753945 546.05635088
v 25.39900000 -20.80961622 546.13268534
v 25.39900000 -20.85328901 572.64699378
v 25.39900000 -20.82772682 572.98064207
v 25.39900000 -20.77541067 573.31305218
v 25.39900000 -20.57457139 573.54294098
v 25.39900000 -19.37245048 573.62911832
v 25.39900000 7.07749987 488.34235757
v 25.39900000 7.12037940 489.06692640
v 25.39900000 7.19468427 489.79011189
v 25.39900000 8.99143637 489.72961468
v 25.39900000 32.92536714 489.72548741
v 25.39900000 34.77620757 489.69279946
v 25.39900000 34.95037751 489.10662648
v 25.39900000 34.96174718 489.03256537
v 25.39900000 34.96581994 488.95946659
v 25.39900000 34.97281232 433.98154135
v 25.39900000 34.43582361 433.83748940
v 25.39900000 34.17087448 433.77569922
v 25.39900000 33.95703913 433.74686493
v 25.39900000 32.44081935 433.73349258
v 25.39900000 9.01255243 433.72433005
v 25.39900000 8.21314092 433.76411015
v 25.39900000 7.89049172 433.75158471
v 25.39900000 7.67633938 433.71352387
v 25.39900000 7.50120568 433.65683973
v 25.39900000 7.37153902 433.59602806
v 25.39900000 7.24436804 433.51750064
v 25.39900000 7.13934261 434.32391468
v 25.39900000 7.07954767 435.13032494
v 25.39900000 5.04958087 517.72429137
v 25.39900000 6.01703711 517.78969494
v 25.39900000 6.98441522 517.90306577
v 25.39900000 7.06798632 515.93900060
v 25.39900000 7.07474716 491.63913620
v 25.39900000 7.13773110 489.84087377
v 25.39900000 5.53071222 489.73382449
v 25.39900000 -19.04935001 489.73250377
v 25.39900000 -20.73170186 489.81529675
v 25.39900000 -20.80878430 490.22649640
v 25.39900000 -20.83854488 490.41437983
v 25.39900000 -20.84745688 490.55894778
v 25.39900000 -20.85176859 517.46542916
v 25.39900000 -20.33691406 517.60826357
v 25.39900000 -20.08263086 517.67006885
v 25.39900000 -19.86631372 517.70200413
v 25.39900000 -19.19454964 517.72342465
v 25.39900000 -18.52032935 517.71562411
v 25.39900000 7.07890966 96.54326082
v 25.39900000 7.13340839 97.42794678
v 25.39900000 7.22818801 98.31094764
v 25.39900000 7.36920006 98.23759833
v 25.39900000 7.51247310 98.18245088
v 25.39900000 7.65768173 98.14324725
v 25.39900000 7.80450056 98.11772944
v 25.39900000 8.00220133 98.10109195
v 25.39900000 8.50138446 98.11325615
v 25.39900000 8.99797082 98.13531293
v 25.39900000 32.92862922 98.12119768
v 25.39900000 33.75018296 98.13955151
v 25.39900000 34.17593820 98.11568854
v 25.39900000 34.50408871 98.05742376
v 25.39900000 34.67141898 98.01059628
v 25.39900000 34.84111477 97.94975099
v 25.39900000 34.97841034 96.99895241
v 25.39900000 34.98629285 95.98546064
v 25.39900000 34.98080802 44.27777569
v 25.39900000 35.00446559 43.38772624
v 25.39900000 34.98128100 42.94105468
v 25.39900000 34.91957384 42.60817280
v 25.39900000 34.86919274 42.44293156
v 25.39900000 34.80330755 42.27873374
v 25.39900000 34.52231895 42.19091922
v 25.39900000 34.24198596 42.14098743
v 25.39900000 33.94210951 42.11906439
v 25.39900000 33.59211021 42.12015928
v 25.39900000 32.95124770 42.13873683
v 25.39900000 9.02057386 42.12874885
v 25.39900000 7.22630925 42.03306765
v 25.39900000 7.13234703 42.84245492
v 25.39900000 7.07866269 43.65187559
v 25.39900000 6.06274029 154.03650789
v 25.39900000 6.32014540 154.02326235
v 25.39900000 6.61744341 153.98405983
v 25.39900000 7.17210327 153.89125441
v 25.39900000 7.07627016 152.26269092
v 25.39900000 7.07657887 99.99902178
v 25.39900000 7.18456368 98.34883081
v 25.39900000 7.03267701 98.26902388
v 25.39900000 6.87812430 98.20813248
v 25.39900000 6.72126611 98.16386827
v 25.39900000 6.56246301 98.13394292
v 25.39900000 6.34832335 98.11239219
v 25.39900000 5.80626042 98.11664525
v 25.39900000 5.26528990 98.13613839
v 25.39900000 -12.26885814 98.12879185
v 25.39900000 -19.01275450 98.13201112
v 25.39900000 -20.55957816 98.19565358
v 25.39900000 -20.71874414 98.39365879
v 25.39900000 -20.75685951 98.44882016
v 25.39900000 -20.80030121 98.53575694
v 25.39900000 -20.81370668 98.60062106
v 25.39900000 -20.85602628 152.69473327
v 25.39900000 -20.78698746 153.70368505
v 25.39900000 -20.58335174 153.95107345
v 25.39950000 -20.73463432 153.78391912
v 25.39900000 -20.19991723 154.00298416
v 25.39900000 -19.73269185 154.03824134
v 25.39900000 9.05273161 -69.78602655
v 25.39900000 8.15501312 -69.83452878
v 25.39900000 7.25415577 -69.91599481
v 25.39900000 7.07979464 -67.79160714
v 25.39900000 7.07191214 -22.44515556
v 25.39900000 7.07951680 -15.36507604
v 25.39900000 7.13551179 -14.48248778
v 25.39900000 7.22828863 -13.60186703
v 25.39900000 7.36922983 -13.67530204
v 25.39900000 7.51243784 -13.73051452
v 25.39900000 7.65758649 -13.76976467
v 25.39900000 7.80434963 -13.79531272
v 25.39900000 8.00198147 -13.81196892
v 25.39900000 8.50100754 -13.79977572
v 25.39900000 8.99743572 -13.77764646
v 25.39900000 32.92104514 -13.79266972
v 25.39900000 33.74349038 -13.77039380
v 25.39900000 34.17046938 -13.79684896
v 25.39900000 34.49979723 -13.86321637
v 25.39900000 34.66778484 -13.91683356
v 25.39900000 34.83817684 -13.98665128
v 25.39900000 34.97853383 -14.90566991
v 25.39900000 34.99180469 -15.32692461
v 25.39900000 34.98626712 -15.74981990
v 25.39900000 34.98139458 -67.78013334
v 25.39900000 35.00006397 -68.59790024
v 25.39900000 34.97638883 -69.01145311
v 25.39900000 34.91836289 -69.32218934
v 25.39900000 34.87170178 -69.47747319
v 25.39900000 34.81106142 -69.63257475
v 25.39900000 34.56329542 -69.71382974
v 25.39900000 34.31473969 -69.76364164
v 25.39900000 34.00413974 -69.79185735
v 25.39900000 33.64231305 -69.79339473
v 25.39900000 32.97635132 -69.77438765
v 25.39900000 7.07062068 236.94348627
v 25.39900000 7.04056819 237.74215401
v 25.39900000 7.57673794 237.87942837
v 25.39900000 7.86795158 237.93751944
v 25.39900000 7.99451919 237.95162833
v 25.39900000 8.11299476 237.95640022
v 25.39900000 33.88235083 237.96135295
v 25.39900000 34.28794878 237.93214221
v 25.39900000 34.64835866 237.88640177
v 25.39900000 34.75103095 237.78393190
v 25.39900000 34.83177230 237.67879220
v 25.39900000 34.89306786 237.57140486
v 25.39900000 34.94029131 237.45338882
v 25.39900000 34.97268252 237.32415326
v 25.39900000 34.98959410 237.19372446
v 25.39900000 34.99065241 236.88047861
v 25.39900000 34.97971723 236.57343548
v 25.39900000 34.98639575 227.28502028
v 25.39900000 34.98062279 212.08569786
v 25.39900000 35.00267172 211.26799120
v 25.39900000 34.98540482 210.85649370
v 25.39900000 34.93489495 210.54859076
v 25.39900000 34.89298050 210.39521267
v 25.39900000 34.83780123 210.24237771
v 25.39900000 34.64113692 210.15347488
v 25.39900000 34.44272749 210.09172679
v 25.39900000 34.24302131 210.05270524
v 25.39900000 33.95914962 210.02770996
v 25.39900000 33.62605910 210.02815322
v 25.39900000 33.01409165 210.04790088
v 25.39900000 12.29753577 210.04179252
v 25.39900000 8.25555906 210.05433941
v 25.39900000 7.91743639 210.08727917
v 25.39900000 7.46102774 210.18415790
v 25.39900000 7.00352643 210.29332323
v 25.39900000 7.06875296 211.44217434
v 25.39900000 5.39083374 265.95107692
v 25.39900000 6.28247141 265.90273860
v 25.39900000 7.17590463 265.81748129
v 25.39900000 7.07649655 264.01596634
v 25.39900000 7.06807379 239.74656117
v 25.39900000 6.98612625 237.78493682
v 25.39900000 6.01805232 237.89712545
v 25.39900000 5.04989988 237.96184822
v 25.39900000 -18.86537426 237.97530311
v 25.39900000 -19.67829807 237.95566117
v 25.39900000 -20.08467159 237.97674001
v 25.39900000 -20.38641307 238.03133841
v 25.39900000 -20.53576067 238.07570844
v 25.39900000 -20.68383569 238.13362509
v 25.39900000 -20.77251015 238.37023379
v 25.39900000 -20.81784737 238.50437218
v 25.39900000 -20.83203669 238.57298543
v 25.39900000 -20.83652582 238.63368480
v 25.39900000 -20.84264866 265.72688375
v 25.39900000 -20.34056782 265.86538453
v 25.39900000 -20.08673248 265.92365280
v 25.39900000 -19.97903947 265.93833206
v 25.39900000 -19.87166992 265.94439074
v 25.39900000 -14.31401626 265.95710273
v 25.39900000 7.21461128 153.94344174
v 25.39900000 7.07859093 155.50882726
v 25.39900000 7.07142272 168.21218785
v 25.39900000 7.07948145 180.61543877
v 25.39900000 7.23719136 182.19594742
v 25.39900000 9.03619995 182.05735145
v 25.39900000 32.93283803 182.04917946
v 25.39900000 34.80513411 182.01442787
v 25.39900000 34.82202079 154.22091419
v 25.39900000 34.66275352 154.14685649
v 25.39900000 34.49869978 154.09367843
v 25.39900000 34.33058108 154.05831804
v 25.39900000 34.04635076 154.03078808
v 25.39900000 33.70629957 154.03111219
v 25.39900000 33.07227402 154.05252168
v 25.39900000 8.83909097 154.04146061
v 25.39900000 6.03935517 210.05244087
v 25.39900000 6.24104135 210.07255367
v 25.39900000 6.60061025 210.15675286
v 25.39900000 6.96173793 210.25414073
v 25.39900000 7.06699843 208.29249152
v 25.39900000 7.07804526 184.03332197
v 25.39900000 7.12644953 183.13490417
v 25.39900000 7.20769374 182.23333632
v 25.39900000 6.48303247 182.12384634
v 25.39900000 6.08679823 182.07618579
v 25.39900000 5.75831190 182.06081836
v 25.39900000 -19.33896011 182.05652600
v 25.39900000 -20.56808581 182.13585208
v 25.39900000 -20.71638191 182.29691169
v 25.39900000 -20.75525162 182.34840635
v 25.39900000 -20.79487293 182.43120316
v 25.39900000 -20.80823472 182.50185815
v 25.39900000 -20.85724056 208.67674011
v 25.39900000 -20.81612495 209.51779466
v 25.39900000 -20.78587329 209.62304108
v 25.39900000 -20.67019824 209.85144295
v 25.39900000 -20.53165063 209.92283980
v 25.39900000 -20.38998401 209.97694169
v 25.39900000 -20.24559570 210.01586554
v 25.39900000 -20.09888303 210.04172832
v 25.39900000 -19.90033720 210.05955370
v 25.39900000 -19.39516521 210.05192632
v 25.39900000 -18.88918385 210.03246490
v 25.39900000 3.00776973 210.03972889
v 25.59900000 7.07423264 -575.07926978
v 25.59900000 7.12324081 -573.27016447
v 25.59900000 7.07970203 -591.96444855
v 25.59900000 7.34068916 -593.78341887
v 25.59900000 7.24668756 -593.63717015
v 25.59900000 7.17452272 -593.48878498
v 25.59900000 7.12158468 -593.33861344
v 25.59900000 7.08526346 -593.18700563
v 25.59900000 7.06294909 -593.03431165
v 25.59900000 7.04987466 -592.78965413
v 25.59900000 7.05747112 -592.49638351
v 25.59900000 7.63753498 -593.89259779
v 25.59900000 7.48835498 -593.84397201
v 25.59900000 34.22607633 -593.89259779
v 25.59900000 34.87064844 -593.69357697
v 25.59900000 34.98057134 -592.46773995
v 25.59900000 34.93995161 -593.05212493
v 25.59900000 34.98638032 -589.09076401
v 25.59900000 34.97796271 -574.90722335
v 25.59900000 34.59712236 -573.22103601
v 25.59900000 34.72250293 -573.36119509
v 25.59900000 34.82012581 -573.50249620
v 25.59900000 34.89321048 -573.64461617
v 25.59900000 34.94497638 -573.78723184
v 25.59900000 34.97864298 -573.93002005
v 25.59900000 34.99742972 -574.07265764
v 25.59900000 35.00490044 -574.25938644
v 25.59900000 34.99670537 -574.49643514
v 25.59900000 33.17666579 -573.22103472
v 25.59900000 8.42203329 -573.22320024
v 25.59900000 5.04875764 -517.21753513
v 25.59900000 6.01661830 -517.15204852
v 25.59900000 6.98440046 -517.03857801
v 25.59900000 -18.87012589 -517.23120154
v 25.59900000 -20.72600350 -517.41172306
v 25.59900000 -20.47241509 -517.31589068
v 25.59900000 -20.21923421 -517.25569174
v 25.59900000 -19.96676207 -517.22373228
v 25.59900000 -19.41437998 -517.21641538
v 25.59900000 -20.85497665 -519.41417000
v 25.59900000 -20.87413511 -518.52597017
v 25.59900000 -20.85798319 -518.07950574
v 25.59900000 -20.81256541 -517.74504325
v 25.59900000 -20.85927293 -570.92751483
v 25.59900000 -20.85232428 -572.10952292
v 25.59900000 -20.74277441 -573.00844047
v 25.59900000 -20.32910487 -573.17701999
v 25.59900000 -20.43678596 -573.15178701
v 25.59900000 7.07748984 -573.22461708
v 25.59900000 7.06812010 -519.17529924
v 25.59900000 0.00000000 -539.49259779
v 25.59900000 -0.37445829 -539.46698414
v 25.59900000 -0.74194112 -539.39062033
v 25.59900000 -1.09560300 -539.26492887
v 25.59900000 -1.42885586 -539.09225115
v 25.59900000 -1.73549185 -538.87580384
v 25.59900000 -2.00979890 -538.61961893
v 25.59900000 -2.24666721 -538.32846868
v 25.59900000 -2.44168435 -538.00777664
v 25.59900000 -2.59121754 -537.66351672
v 25.59900000 -2.69248124 -537.30210183
v 25.59900000 -2.74358912 -536.93026443
v 25.59900000 -2.74358912 -536.55493115
v 25.59900000 -2.69248124 -536.18309375
v 25.59900000 -2.59121754 -535.82167886
v 25.59900000 -2.44168435 -535.47741894
v 25.59900000 -2.24666721 -535.15672690
v 25.59900000 -2.00979890 -534.86557665
v 25.59900000 -1.73549185 -534.60939174
v 25.59900000 -1.42885586 -534.39294443
v 25.59900000 -1.09560300 -534.22026671
v 25.59900000 -0.74194112 -534.09457525
v 25.59900000 -0.37445829 -534.01821144
v 25.59900000 0.00000000 -533.99259779
v 25.59900000 0.37445829 -534.01821144
v 25.59900000 0.74194112 -534.09457525
v 25.59900000 1.09560300 -534.22026671
v 25.59900000 1.42885586 -534.39294443
v 25.59900000 1.73549185 -534.60939174
v 25.59900000 2.00979890 -534.86557665
v 25.59900000 2.24666721 -535.15672690
v 25.59900000 2.44168435 -535.47741894
v 25.59900000 2.59121754 -535.82167886
v 25.59900000 2.69248124 -536.18309375
v 25.59900000 2.74358912 -536.55493115
v 25.59900000 2.74358912 -536.93026443
v 25.59900000 2.69248124 -537.30210183
v 25.59900000 2.59121754 -537.66351672
v 25.59900000 2.44168435 -538.00777664
v 25.59900000 2.24666721 -538.32846868
v 25.59900000 2.00979890 -538.61961893
v 25.59900000 1.73549185 -538.87580384
v 25.59900000 1.42885586 -539.09225115
v 25.59900000 1.09560300 -539.26492887
v 25.59900000 0.74194112 -539.39062033
v 25.59900000 0.37445829 -539.46698414
v 25.59900000 8.28562270 -517.21317054
v 25.59900000 7.94854500 -517.18708537
v 25.59900000 7.49244465 -517.09786674
v 25.59900000 7.03514851 -516.99605440
v 25.59900000 33.69695756 -517.21642076
v 25.59900000 34.91313269 -517.06738514
v 25.59900000 34.27032247 -517.16410894
v 25.59900000 33.95828001 -517.20336523
v 25.59900000 34.98325201 -515.34178497
v 25.59900000 34.98641119 -502.34881198
v 25.59900000 34.97911524 -490.87451345
v 25.59900000 34.67574162 -489.38114430
v 25.59900000 34.77545307 -489.50137469
v 25.59900000 34.85309868 -489.62352223
v 25.59900000 34.91123835 -489.74724178
v 25.59900000 34.95243203 -489.87218822
v 25.59900000 34.97923961 -489.99801644
v 25.59900000 34.99422102 -490.12438131
v 25.59900000 34.99380739 -490.50324463
v 25.59900000 33.56127759 -489.30166345
v 25.59900000 34.13573008 -489.33194727
v 25.59900000 8.31821779 -489.30665744
v 25.59900000 7.06852891 -489.49589637
v 25.59900000 7.69263060 -489.37552596
v 25.59900000 8.03314026 -489.32355407
v 25.59900000 7.07031197 -515.68979616
v 25.59900000 5.23764452 -461.36269455
v 25.59900000 7.04039631 -461.32278431
v 25.59900000 -14.29203065 -461.36469627
v 25.59900000 -19.67943348 -461.37441599
v 25.59900000 -20.78898124 -461.55353939
v 25.59900000 -20.23168651 -461.44169431
v 25.59900000 -19.93429499 -461.39247354
v 25.59900000 -20.85588993 -462.66361954
v 25.59900000 -20.80510127 -488.82463388
v 25.59900000 -20.75739718 -488.98515363
v 25.59900000 -20.79231218 -488.90526756
v 25.59900000 -20.50484053 -489.23302699
v 25.59900000 -20.71514556 -489.03574083
v 25.59900000 -18.83765428 -489.29224296
v 25.59900000 5.06935403 -489.30197299
v 25.59900000 7.01517552 -489.44705469
v 25.59900000 7.06925205 -487.49321871
v 25.59900000 7.07045089 -467.82999868
v 25.59900000 7.07996444 -434.59697362
v 25.59900000 7.13917216 -433.87880798
v 25.59900000 7.24356659 -433.16066572
v 25.59900000 7.08866914 -461.28250063
v 25.59900000 7.87761549 -461.35761801
v 25.59900000 7.48344439 -461.33092566
v 25.59900000 33.66180014 -461.35751483
v 25.59900000 34.88860533 -461.24229184
v 25.59900000 34.24108015 -461.31702117
v 25.59900000 34.98200172 -459.69473167
v 25.59900000 34.98641633 -453.78053295
v 25.59900000 34.98095724 -435.36198326
v 25.59900000 34.77816791 -433.48399407
v 25.59900000 34.88178831 -433.74545559
v 25.59900000 34.94768345 -434.00451395
v 25.59900000 34.98357974 -434.26112864
v 25.59900000 34.99500598 -434.81780476
v 25.59900000 33.78539394 -433.38191643
v 25.59900000 34.27444896 -433.42056958
v 25.59900000 30.58349592 -433.37572553
v 25.59900000 9.01241866 -433.36664554
v 25.59900000 7.38255005 -433.24496622
v 25.59900000 7.52443467 -433.30852079
v 25.59900000 7.66880940 -433.35389127
v 25.59900000 7.81526323 -433.38363949
v 25.59900000 7.96338514 -433.40032731
v 25.59900000 8.19371901 -433.40639657
v 25.59900000 8.48901376 -433.39287059
v 25.59900000 7.07808128 -432.15970874
v 25.59900000 7.09025456 -432.38627525
v 25.59900000 7.12627305 -432.64760701
v 25.59900000 7.21142004 -433.13314438
v 25.59900000 7.07950137 -406.67591706
v 25.59900000 7.23597102 -405.70727198
v 25.59900000 7.13781931 -406.19256209
v 25.59900000 7.09417588 -406.45333106
v 25.59900000 5.29246191 -405.45457610
v 25.59900000 6.17195610 -405.42545616
v 25.59900000 6.52601074 -405.44732862
v 25.59900000 6.76105552 -405.49294778
v 25.59900000 6.95342061 -405.55656987
v 25.59900000 7.09598657 -405.62294367
v 25.59900000 -15.94687347 -405.44729148
v 25.59900000 -19.82374201 -405.45957010
v 25.59900000 -20.79464872 -405.63757914
v 25.59900000 -20.29658149 -405.52554447
v 25.59900000 -20.03374194 -405.47657895
v 25.59900000 -20.85516960 -406.56055994
v 25.59900000 -20.85196411 -432.25156108
v 25.59900000 -20.71162770 -433.30949320
v 25.59900000 -20.80311939 -432.74598191
v 25.59900000 -20.84028178 -432.47178115
v 25.59900000 -18.98953661 -433.37069026
v 25.59900000 -9.04413327 -433.37351744
v 25.59900000 5.45255089 -433.36762576
v 25.59900000 7.07363619 -433.21366399
v 25.59900000 6.93301492 -433.27592931
v 25.59900000 6.78992807 -433.32209047
v 25.59900000 6.64474751 -433.35429760
v 25.59900000 6.44855922 -433.37925046
v 25.59900000 5.95048048 -433.38327107
v 25.59900000 9.02187046 -405.45509201
v 25.59900000 8.22113369 -405.41038569
v 25.59900000 7.92986625 -405.42026983
v 25.59900000 7.73649403 -405.45241646
v 25.59900000 7.57829262 -405.50036670
v 25.59900000 7.43480069 -405.56540686
v 25.59900000 7.34413791 -405.61924902
v 25.59900000 7.25502755 -405.68339438
v 25.59900000 30.40094282 -405.44483575
v 25.59900000 33.93585618 -405.43197931
v 25.59900000 34.95793743 -405.21562796
v 25.59900000 34.41585172 -405.35420096
v 25.59900000 34.15483598 -405.41064096
v 25.59900000 34.04503400 -405.42526339
v 25.59900000 34.98519691 -403.31077025
v 25.59900000 34.98639575 -388.28825997
v 25.59900000 34.98038097 -378.83590971
v 25.59900000 34.60235507 -377.47279712
v 25.59900000 34.71311020 -377.58693369
v 25.59900000 34.80107568 -377.70168505
v 25.59900000 34.86876553 -377.81683710
v 25.59900000 34.91869374 -377.93217574
v 25.59900000 34.95870195 -378.07052694
v 25.59900000 34.98384574 -378.23597517
v 25.59900000 34.98884015 -378.54013171
v 25.59900000 7.15368932 -377.47372174
v 25.59900000 7.07623928 -378.43160260
v 25.59900000 7.10392141 -377.95297600
v 25.59900000 7.08041722 -404.23123342
v 25.59900000 7.14406459 -404.95734519
v 25.59900000 7.09605869 -404.56196439
v 25.59900000 -8.70064994 -349.45110747
v 25.59900000 7.08493627 -349.43433915
v 25.59900000 -19.31066387 -349.45894927
v 25.59900000 -20.85934753 -349.82984616
v 25.59900000 -20.72605111 -349.71388177
v 25.59900000 -20.59301073 -349.62282758
v 25.59900000 -20.46038083 -349.55384998
v 25.59900000 -20.32831584 -349.50411534
v 25.59900000 -20.19697017 -349.47079002
v 25.59900000 -20.06649827 -349.45104040
v 25.59900000 -19.88968408 -349.44085863
v 25.59900000 -19.68186943 -349.44490947
v 25.59900000 -20.85934753 -351.39469957
v 25.59900000 -20.85937583 -360.17574979
v 25.59900000 -20.85151905 -375.54257736
v 25.59900000 -20.59082005 -377.42613836
v 25.59900000 -20.70605683 -377.21288659
v 25.59900000 -20.78668440 -377.00104486
v 25.59900000 -20.83829247 -376.79077216
v 25.59900000 -20.86647076 -376.58222747
v 25.59900000 -20.87044568 -376.05480547
v 25.59900000 -18.77584966 -377.45471969
v 25.59900000 -0.41879517 -377.45463715
v 25.59900000 7.11090528 -377.42530338
v 25.59900000 7.07527198 -376.80190981
v 25.59900000 7.75469572 -349.44512293
v 25.59900000 7.44180193 -349.42647744
v 25.59900000 7.12891217 -349.39269854
v 25.59900000 33.85485467 -349.44326566
v 25.59900000 34.84349187 -349.32737199
v 25.59900000 34.33857665 -349.40121396
v 25.59900000 34.07709763 -349.43272537
v 25.59900000 34.98278380 -347.25265660
v 25.59900000 34.99517981 -348.23877549
v 25.59900000 34.95168243 -348.82608055
v 25.59900000 34.90774993 -349.07461378
v 25.59900000 34.98627741 -295.75604010
v 25.59900000 34.97524087 -294.57487809
v 25.59900000 34.99361517 -295.16436021
v 25.59900000 34.76589651 -293.56635967
v 25.59900000 34.89152654 -294.09798266
v 25.59900000 34.94569088 -294.35623603
v 25.59900000 32.85559769 -293.53548771
v 25.59900000 19.88970206 -293.53412572
v 25.59900000 8.60770440 -293.54013089
v 25.59900000 7.02177322 -293.76070977
v 25.59900000 7.14497538 -293.68338356
v 25.59900000 7.27109121 -293.62379333
v 25.59900000 7.39973526 -293.57983344
v 25.59900000 7.53052211 -293.54939827
v 25.59900000 7.66306630 -293.53038219
v 25.59900000 7.86980958 -293.51857015
v 25.59900000 8.13524531 -293.52335113
v 25.59900000 7.06976143 -295.76159127
v 25.59900000 7.07437156 -347.41205166
v 25.59900000 7.06834649 -291.76146438
v 25.59900000 6.98987015 -293.71882022
v 25.59900000 7.07469057 -267.46620188
v 25.59900000 7.13462654 -265.66635045
v 25.59900000 6.02864278 -265.55106728
v 25.59900000 6.58230066 -265.59302519
v 25.59900000 -19.55887794 -265.54968465
v 25.59900000 -20.57565703 -265.63511908
v 25.59900000 -20.78562397 -265.87844213
v 25.59900000 -20.85499466 -266.71685522
v 25.59900000 -20.83229708 -266.29726948
v 25.59900000 -20.81008186 -293.04421908
v 25.59900000 -20.76278939 -293.20509996
v 25.59900000 -20.79797966 -293.12043866
v 25.59900000 -20.58379423 -293.41658114
v 25.59900000 -20.72700956 -293.25562293
v 25.59900000 -18.85575780 -293.52706809
v 25.59900000 -19.66053239 -293.54903783
v 25.59900000 -20.04786750 -293.53726397
v 25.59900000 -20.32412413 -293.49672599
v 25.59900000 -20.45627869 -293.46230355
v 25.59900000 -12.05138885 -293.53060492
v 25.59900000 -12.22438172 -293.19732659
v 25.59900000 -12.35036031 -292.84358888
v 25.59900000 -12.42697578 -292.47598714
v 25.59900000 -12.45279966 -292.10137521
v 25.59900000 -12.42735046 -291.72673764
v 25.59900000 -12.35110268 -291.35905945
v 25.59900000 -12.22547795 -291.00519592
v 25.59900000 -12.05281849 -290.67174474
v 25.59900000 -11.83634352 -290.36492304
v 25.59900000 -11.58008914 -290.09045143
v 25.59900000 -11.28883317 -289.85344735
v 25.59900000 -10.96800599 -289.65832971
v 25.59900000 -10.62358936 -289.50873642
v 25.59900000 -10.26200483 -289.40745660
v 25.59900000 -9.88999406 -289.35637860
v 25.59900000 -9.51449311 -289.35645475
v 25.59900000 -9.14250309 -289.40768364
v 25.59900000 -8.78095967 -289.50911011
v 25.59900000 -8.43660374 -289.65884310
v 25.59900000 -8.11585573 -289.85409085
v 25.59900000 -7.82469591 -290.09121304
v 25.59900000 -7.56855289 -290.36578857
v 25.59900000 -7.35220238 -290.67269806
v 25.59900000 -7.17967819 -291.00621924
v 25.59900000 -7.05419700 -291.36013369
v 25.59900000 -6.97809836 -291.72784278
v 25.59900000 -6.95280113 -292.10249064
v 25.59900000 -6.97877695 -292.47709207
v 25.59900000 -7.05554152 -292.84466270
v 25.59900000 -7.18166358 -293.19834929
v 25.59900000 -7.35479162 -293.53155741
v 25.59900000 5.21670340 -293.54151352
v 25.59900000 6.84885643 -293.64246218
v 25.59900000 6.70546137 -293.58528105
v 25.59900000 6.56003118 -293.54488281
v 25.59900000 6.41291207 -293.51887342
v 25.59900000 6.21472444 -293.50243908
v 25.59900000 5.71419757 -293.51740584
v 25.59900000 7.07810186 -239.05091537
v 25.59900000 7.12645261 -238.24276105
v 25.59900000 7.21235104 -237.43278171
v 25.59900000 7.07708310 -264.00177366
v 25.59900000 7.18529469 -265.61192214
v 25.59900000 12.34743945 -265.54611456
v 25.59900000 33.06003864 -265.53732348
v 25.59900000 34.81367521 -265.38203505
v 25.59900000 34.63526805 -265.45656825
v 25.59900000 34.45140166 -265.50778210
v 25.59900000 34.26299153 -265.53953416
v 25.59900000 34.00098074 -265.55842175
v 25.59900000 33.66536383 -265.55613895
v 25.59900000 34.97558046 -238.47202485
v 25.59900000 34.79982422 -237.57240439
v 25.59900000 34.91032146 -238.05977791
v 25.59900000 34.95563608 -238.28807612
v 25.59900000 32.92481660 -237.53996407
v 25.59900000 9.01269650 -237.53389698
v 25.59900000 7.07634219 -235.58822060
v 25.59900000 7.17164389 -237.38279737
v 25.59900000 7.06801205 -211.32352052
v 25.59900000 6.98471431 -209.36238427
v 25.59900000 5.04917955 -209.54128393
v 25.59900000 6.01698787 -209.47581981
v 25.59900000 -18.86554919 -209.55482136
v 25.59900000 -20.60233510 -209.67707102
v 25.59900000 -20.43172998 -209.61443542
v 25.59900000 -20.25381808 -209.57198166
v 25.59900000 -20.06967620 -209.54631540
v 25.59900000 -19.47631957 -209.53657756
v 25.59900000 -20.76503529 -209.88657111
v 25.59900000 -20.83955894 -210.21324432
v 25.59900000 -20.83528201 -210.14905322
v 25.59900000 -20.82276830 -210.07954213
v 25.59900000 -20.85741807 -235.37401543
v 25.59900000 -20.81372727 -237.05979778
v 25.59900000 -20.77335772 -237.21981194
v 25.59900000 -20.80178411 -237.14462041
v 25.59900000 -20.56900424 -237.45230091
v 25.59900000 -20.73477720 -237.27284029
v 25.59900000 -19.19866744 -237.53286517
v 25.59900000 5.72655033 -237.52976972
v 25.59900000 6.44912066 -237.47633162
v 25.59900000 8.62237348 -209.53690902
v 25.59900000 8.25425446 -209.51560976
v 25.59900000 7.82956605 -209.45673049
v 25.59900000 7.03531724 -209.31787192
v 25.59900000 17.87812434 -209.54755737
v 25.59900000 33.02400653 -209.54136647
v 25.59900000 34.91681153 -209.30483278
v 25.59900000 34.67535037 -209.41504794
v 25.59900000 34.43738112 -209.48922611
v 25.59900000 34.20275213 -209.53386763
v 25.59900000 33.92423994 -209.55764697
v 25.59900000 33.60383166 -209.55826008
v 25.59900000 34.98325201 -207.66535836
v 25.59900000 34.98641119 -194.67230799
v 25.59900000 34.97911524 -183.19800945
v 25.59900000 34.67539689 -181.70476412
v 25.59900000 34.77519186 -181.82496390
v 25.59900000 34.85290632 -181.94708630
v 25.59900000 34.91110160 -182.07078567
v 25.59900000 34.95233903 -182.19571633
v 25.59900000 34.97917994 -182.32153264
v 25.59900000 34.99418565 -182.44788893
v 25.59900000 34.99380490 -182.82674112
v 25.59900000 33.56097402 -181.62539677
v 25.59900000 34.13539050 -181.65565480
v 25.59900000 8.31782675 -181.63043203
v 25.59900000 7.06828753 -181.81995026
v 25.59900000 7.69230955 -181.69940621
v 25.59900000 8.03278480 -181.64735421
v 25.59900000 7.07030682 -208.01361718
v 25.59900000 7.06933437 -179.64282262
v 25.59900000 7.01476514 -181.77108789
v 25.59900000 7.07056408 -127.55910234
v 25.59900000 7.04088082 -125.58359538
v 25.59900000 5.23699108 -125.62366158
v 25.59900000 -15.31017322 -125.62568394
v 25.59900000 -19.85734300 -125.63814829
v 25.59900000 -20.80006665 -125.84269566
v 25.59900000 -20.32539676 -125.71482260
v 25.59900000 -20.06605337 -125.65756281
v 25.59900000 -19.96171329 -125.64401454
v 25.59900000 -20.85666686 -127.10386475
v 25.59900000 -20.80796202 -181.13858558
v 25.59900000 -20.76052806 -181.29946646
v 25.59900000 -20.79573645 -181.21599487
v 25.59900000 -20.57041918 -181.51140164
v 25.59900000 -20.72330465 -181.34946875
v 25.59900000 -18.84707264 -181.61421187
v 25.59900000 -19.65185346 -181.63578214
v 25.59900000 -20.03811861 -181.62523321
v 25.59900000 -20.31290500 -181.58718018
v 25.59900000 -20.44407368 -181.55467542
v 25.59900000 5.06846390 -181.62576822
v 25.59900000 7.07995415 -98.85825020
v 25.59900000 7.13911827 -98.14016061
v 25.59900000 7.24344012 -97.42210500
v 25.59900000 7.08862808 -125.54337516
v 25.59900000 7.87757947 -125.61858504
v 25.59900000 7.48340424 -125.59186226
v 25.59900000 33.66177955 -125.61846123
v 25.59900000 34.88861562 -125.50322792
v 25.59900000 34.24106728 -125.57797789
v 25.59900000 34.98201201 -123.95570902
v 25.59900000 34.98641633 -118.04154126
v 25.59900000 34.98095724 -99.62295030
v 25.59900000 34.77815247 -97.74496110
v 25.59900000 34.88177832 -98.00643611
v 25.59900000 34.94767744 -98.26550210
v 25.59900000 34.98357649 -98.52211947
v 25.59900000 34.99500558 -99.07878858
v 25.59900000 33.78539908 -97.64289378
v 25.59900000 34.27560535 -97.68163851
v 25.59900000 30.58350107 -97.63674415
v 25.59900000 9.01240837 -97.62766417
v 25.59900000 7.38246857 -97.50621236
v 25.59900000 7.52438527 -97.56962373
v 25.59900000 7.66878113 -97.61489459
v 25.59900000 7.81524707 -97.64458044
v 25.59900000 7.96337402 -97.66123674
v 25.59900000 8.19371306 -97.66730306
v 25.59900000 8.48899273 -97.65382093
v 25.59900000 7.07783945 -96.25097287
v 25.59900000 7.09007303 -96.51692846
v 25.59900000 7.12618751 -96.82385807
v 25.59900000 7.21142090 -97.39434040
v 25.59900000 7.07840543 -71.07662305
v 25.59900000 7.21398202 -69.94613828
v 25.59900000 7.12891435 -70.51264790
v 25.59900000 7.09113961 -70.81688849
v 25.59900000 5.42242551 -69.78895691
v 25.59900000 6.31714408 -69.84617812
v 25.59900000 -10.06641519 -69.78161037
v 25.59900000 -19.49439523 -69.78850291
v 25.59900000 -20.85937583 -70.18550476
v 25.59900000 -20.74442455 -70.06681584
v 25.59900000 -20.62889625 -69.97288953
v 25.59900000 -20.51302966 -69.90096643
v 25.59900000 -20.39706348 -69.84828714
v 25.59900000 -20.28123644 -69.81209227
v 25.59900000 -20.12742941 -69.78470556
v 25.59900000 -19.97916955 -69.77526157
v 25.59900000 -19.80540322 -69.77766308
v 25.59900000 -20.85937326 -72.74614397
v 25.59900000 -20.85032278 -95.70435758
v 25.59900000 -20.56595054 -97.60182747
v 25.59900000 -20.66818113 -97.43722577
v 25.59900000 -20.74670248 -97.27356660
v 25.59900000 -20.80434376 -97.11092062
v 25.59900000 -20.84393411 -96.94935848
v 25.59900000 -20.86830270 -96.78895082
v 25.59900000 -20.88258751 -96.54445216
v 25.59900000 -20.87456736 -96.23763564
v 25.59900000 -18.95716276 -97.63294707
v 25.59900000 -9.02408999 -97.63455670
v 25.59900000 5.45461928 -97.62865471
v 25.59900000 7.07379144 -97.47471521
v 25.59900000 6.93333177 -97.53688020
v 25.59900000 6.79041254 -97.58297928
v 25.59900000 6.64540442 -97.61515639
v 25.59900000 6.44945153 -97.64010839
v 25.59900000 5.95197125 -97.64423157
v 25.59900000 9.05273161 -69.78602655
v 25.59900000 8.15501312 -69.83452878
v 25.59900000 7.25415577 -69.91599481
v 25.59900000 32.97635132 -69.77438765
v 25.59900000 34.81106142 -69.63257475
v 25.59900000 34.56329542 -69.71382974
v 25.59900000 34.31473969 -69.76364164
v 25.59900000 34.00413974 -69.79185735
v 25.59900000 33.64231305 -69.79339473
v 25.59900000 34.98139458 -67.78013334
v 25.59900000 35.00006397 -68.59790024
v 25.59900000 34.97638883 -69.01145311
v 25.59900000 34.91836289 -69.32218934
v 25.59900000 34.87170178 -69.47747319
v 25.59900000 34.98626712 -15.74981990
v 25.59900000 34.97853383 -14.90566991
v 25.59900000 34.99180469 -15.32692461
v 25.59900000 34.83817684 -13.98665128
v 25.59900000 32.92104514 -13.79266972
v 25.59900000 33.74349038 -13.77039380
v 25.59900000 34.17046938 -13.79684896
v 25.59900000 34.49979723 -13.86321637
v 25.59900000 34.66778484 -13.91683356
v 25.59900000 8.99743572 -13.77764646
v 25.59900000 7.22828863 -13.60186703
v 25.59900000 7.36922983 -13.67530204
v 25.59900000 7.51243784 -13.73051452
v 25.59900000 7.65758649 -13.76976467
v 25.59900000 7.80434963 -13.79531272
v 25.59900000 8.00198147 -13.81196892
v 25.59900000 8.50100754 -13.79977572
v 25.59900000 7.07951680 -15.36507604
v 25.59900000 7.13551179 -14.48248778
v 25.59900000 7.07191214 -22.44515556
v 25.59900000 7.07979464 -67.79160714
v 25.59900000 6.06310560 42.12462158
v 25.59900000 6.32138773 42.11285081
v 25.59900000 6.61851768 42.07808722
v 25.59900000 7.17564877 41.99411980
v 25.59900000 -19.73246546 42.12519940
v 25.59900000 -20.58310991 42.03803151
v 25.59900000 -20.19971496 42.08997317
v 25.59900000 -20.78697717 41.79089074
v 25.59900000 -20.85602371 40.78193896
v 25.59900000 -20.81371955 -13.31242089
v 25.59900000 -20.75689552 -13.46430433
v 25.59900000 -20.80031574 -13.37732477
v 25.59900000 -20.55957559 -13.71747091
v 25.59900000 -20.71901274 -13.51911378
v 25.59900000 -19.01270047 -13.78103082
v 25.59900000 -12.26876810 -13.78429136
v 25.59900000 -12.23001431 -13.78429140
v 25.59900000 -12.35390191 -13.43086159
v 25.59900000 -12.42861985 -13.06387657
v 25.59900000 -12.45278233 -12.69014278
v 25.59900000 -12.42594123 -12.31659181
v 25.59900000 -12.34859436 -11.95015186
v 25.59900000 -12.22217625 -11.59761926
v 25.59900000 -12.04903158 -11.26553238
v 25.59900000 -11.83237164 -10.96005040
v 25.59900000 -11.57621479 -10.68683905
v 25.59900000 -11.28531194 -10.45096555
v 25.59900000 -10.96505844 -10.25680463
v 25.59900000 -10.62139398 -10.10795735
v 25.59900000 -10.26069247 -10.00718437
v 25.59900000 -9.88964379 -9.95635472
v 25.59900000 -9.51512975 -9.95641113
v 25.59900000 -9.14409640 -10.00735255
v 25.59900000 -8.78342526 -10.10823418
v 25.59900000 -8.43980565 -10.25718497
v 25.59900000 -8.11961065 -10.45144235
v 25.59900000 -7.82877887 -10.68740347
v 25.59900000 -7.57270433 -10.96069197
v 25.59900000 -7.35613642 -11.26623920
v 25.59900000 -7.18309179 -11.59837822
v 25.59900000 -7.05677989 -11.95094889
v 25.59900000 -6.97954340 -12.31741212
v 25.59900000 -6.95281482 -12.69097116
v 25.59900000 -6.97708989 -13.06469765
v 25.59900000 -7.05191837 -13.43166015
v 25.59900000 -7.17591243 -13.78505263
v 25.59900000 5.26546998 -13.77694483
v 25.59900000 7.18469173 -13.56401710
v 25.59900000 7.03282415 -13.64389407
v 25.59900000 6.87828560 -13.70483944
v 25.59900000 6.72143733 -13.74914364
v 25.59900000 6.56264058 -13.77909706
v 25.59900000 6.34850496 -13.80067024
v 25.59900000 5.80643999 -13.79642877
v 25.59900000 7.07657887 -11.91360743
v 25.59900000 7.07637821 40.35782097
v 25.59900000 -9.70280000 9.95000000
v 25.59900000 -10.07725829 9.97561365
v 25.59900000 -10.44474112 10.05197746
v 25.59900000 -10.79840300 10.17766892
v 25.59900000 -11.13165586 10.35034664
v 25.59900000 -11.43829185 10.56679395
v 25.59900000 -11.71259890 10.82297886
v 25.59900000 -11.94946721 11.11412911
v 25.59900000 -12.14448435 11.43482115
v 25.59900000 -12.29401754 11.77908107
v 25.59900000 -12.39528124 12.14049596
v 25.59900000 -12.44638912 12.51233336
v 25.59900000 -12.44638912 12.88766664
v 25.59900000 -12.39528124 13.25950404
v 25.59900000 -12.29401754 13.62091893
v 25.59900000 -12.14448435 13.96517885
v 25.59900000 -11.94946721 14.28587089
v 25.59900000 -11.71259890 14.57702114
v 25.59900000 -11.43829185 14.83320605
v 25.59900000 -11.13165586 15.04965336
v 25.59900000 -10.79840300 15.22233108
v 25.59900000 -10.44474112 15.34802254
v 25.59900000 -10.07725829 15.42438635
v 25.59900000 -9.70280000 15.45000000
v 25.59900000 -9.32834171 15.42438635
v 25.59900000 -8.96085888 15.34802254
v 25.59900000 -8.60719700 15.22233108
v 25.59900000 -8.27394414 15.04965336
v 25.59900000 -7.96730815 14.83320605
v 25.59900000 -7.69300110 14.57702114
v 25.59900000 -7.45613279 14.28587089
v 25.59900000 -7.26111565 13.96517885
v 25.59900000 -7.11158246 13.62091893
v 25.59900000 -7.01031876 13.25950404
v 25.59900000 -6.95921088 12.88766664
v 25.59900000 -6.95921088 12.51233336
v 25.59900000 -7.01031876 12.14049596
v 25.59900000 -7.11158246 11.77908107
v 25.59900000 -7.26111565 11.43482115
v 25.59900000 -7.45613279 11.11412911
v 25.59900000 -7.69300110 10.82297886
v 25.59900000 -7.96730815 10.56679395
v 25.59900000 -8.27394414 10.35034664
v 25.59900000 -8.60719700 10.17766892
v 25.59900000 -8.96085888 10.05197746
v 25.59900000 -9.32834171 9.97561365
v 25.59900000 7.07890966 96.54326082
v 25.59900000 7.13340839 97.42794678
v 25.59900000 7.22818801 98.31094764
v 25.59900000 7.07866269 43.65187559
v 25.59900000 7.22630925 42.03306765
v 25.59900000 7.13234703 42.84245492
v 25.59900000 9.02057386 42.12874885
v 25.59900000 32.95124770 42.13873683
v 25.59900000 34.80330755 42.27873374
v 25.59900000 34.52231895 42.19091922
v 25.59900000 34.24198596 42.14098743
v 25.59900000 33.94210951 42.11906439
v 25.59900000 33.59211021 42.12015928
v 25.59900000 34.98080802 44.27777569
v 25.59900000 35.00446559 43.38772624
v 25.59900000 34.98128100 42.94105468
v 25.59900000 34.91957384 42.60817280
v 25.59900000 34.86919274 42.44293156
v 25.59900000 34.98629285 95.98546064
v 25.59900000 34.97841034 96.99895241
v 25.59900000 34.84111477 97.94975099
v 25.59900000 32.92862922 98.12119768
v 25.59900000 33.75018296 98.13955151
v 25.59900000 34.17593820 98.11568854
v 25.59900000 34.50408871 98.05742376
v 25.59900000 34.67141898 98.01059628
v 25.59900000 8.99797082 98.13531293
v 25.59900000 7.36920006 98.23759833
v 25.59900000 7.51247310 98.18245088
v 25.59900000 7.65768173 98.14324725
v 25.59900000 7.80450056 98.11772944
v 25.59900000 8.00220133 98.10109195
v 25.59900000 8.50138446 98.11325615
v 25.59900000 6.06274029 154.03650789
v 25.59900000 6.32014540 154.02326235
v 25.59900000 6.61744341 153.98405983
v 25.59900000 7.17210327 153.89125441
v 25.59900000 -19.73269185 154.03824134
v 25.59900000 -20.58335174 153.95107345
v 25.59900000 -20.19991723 154.00298416
v 25.59900000 -20.78698746 153.70368505
v 25.59900000 -20.85602628 152.69473327
v 25.59900000 -20.81370668 98.60062106
v 25.59900000 -20.75685951 98.44882016
v 25.59900000 -20.80030121 98.53575694
v 25.59900000 -20.55957816 98.19565358
v 25.59900000 -20.71874414 98.39365879
v 25.59900000 -19.01275450 98.13201112
v 25.59900000 -12.26885814 98.12879185
v 25.59900000 5.26528990 98.13613839
v 25.59900000 7.18456368 98.34883081
v 25.59900000 7.03267701 98.26902388
v 25.59900000 6.87812430 98.20813248
v 25.59900000 6.72126611 98.16386827
v 25.59900000 6.56246301 98.13394292
v 25.59900000 6.34832335 98.11239219
v 25.59900000 5.80626042 98.11664525
v 25.59900000 7.07657887 99.99902178
v 25.59900000 7.07627016 152.26269092
v 25.59900000 7.21461128 153.94344174
v 25.59900000 7.07859093 155.50882726
v 25.59900000 7.07142272 168.21218785
v 25.59900000 7.07948145 180.61543877
v 25.59900000 7.23719136 182.19594742
v 25.59900000 8.83909097 154.04146061
v 25.59900000 33.07227402 154.05252168
v 25.59900000 34.82202079 154.22091419
v 25.59900000 34.66275352 154.14685649
v 25.59900000 34.49869978 154.09367843
v 25.59900000 34.33058108 154.05831804
v 25.59900000 34.04635076 154.03078808
v 25.59900000 33.70629957 154.03111219
v 25.59900000 34.80513411 182.01442787
v 25.59900000 32.93283803 182.04917946
v 25.59900000 9.03619995 182.05735145
v 25.59900000 6.03935517 210.05244087
v 25.59900000 6.24104135 210.07255367
v 25.59900000 6.60061025 210.15675286
v 25.59900000 6.96173793 210.25414073
v 25.59900000 3.00776973 210.03972889
v 25.59900000 -18.88918385 210.03246490
v 25.59900000 -20.67019824 209.85144295
v 25.59900000 -20.53165063 209.92283980
v 25.59900000 -20.38998401 209.97694169
v 25.59900000 -20.24559570 210.01586554
v 25.59900000 -20.09888303 210.04172832
v 25.59900000 -19.90033720 210.05955370
v 25.59900000 -19.39516521 210.05192632
v 25.59900000 -20.81612495 209.51779466
v 25.59900000 -20.78587329 209.62304108
v 25.59900000 -20.85724056 208.67674011
v 25.59900000 -20.80823472 182.50185815
v 25.59900000 -20.75525162 182.34840635
v 25.59900000 -20.79487293 182.43120316
v 25.59900000 -20.56808581 182.13585208
v 25.59900000 -20.71638191 182.29691169
v 25.59900000 -19.33896011 182.05652600
v 25.59900000 5.75831190 182.06081836
v 25.59900000 7.20769374 182.23333632
v 25.59900000 6.48303247 182.12384634
v 25.59900000 6.08679823 182.07618579
v 25.59900000 7.07804526 184.03332197
v 25.59900000 7.12644953 183.13490417
v 25.59900000 7.06699843 208.29249152
v 25.59900000 7.07062068 236.94348627
v 25.59900000 7.04056819 237.74215401
v 25.59900000 7.06875296 211.44217434
v 25.59900000 7.00352643 210.29332323
v 25.59900000 8.25555906 210.05433941
v 25.59900000 7.91743639 210.08727917
v 25.59900000 7.46102774 210.18415790
v 25.59900000 12.29753577 210.04179252
v 25.59900000 33.01409165 210.04790088
v 25.59900000 34.83780123 210.24237771
v 25.59900000 34.64113692 210.15347488
v 25.59900000 34.44272749 210.09172679
v 25.59900000 34.24302131 210.05270524
v 25.59900000 33.95914962 210.02770996
v 25.59900000 33.62605910 210.02815322
v 25.59900000 34.98062279 212.08569786
v 25.59900000 35.00267172 211.26799120
v 25.59900000 34.98540482 210.85649370
v 25.59900000 34.93489495 210.54859076
v 25.59900000 34.89298050 210.39521267
v 25.59900000 34.98639575 227.28502028
v 25.59900000 34.97971723 236.57343548
v 25.59900000 34.64835866 237.88640177
v 25.59900000 34.75103095 237.78393190
v 25.59900000 34.83177230 237.67879220
v 25.59900000 34.89306786 237.57140486
v 25.59900000 34.94029131 237.45338882
v 25.59900000 34.97268252 237.32415326
v 25.59900000 34.98959410 237.19372446
v 25.59900000 34.99065241 236.88047861
v 25.59900000 33.88235083 237.96135295
v 25.59900000 34.28794878 237.93214221
v 25.59900000 8.11299476 237.95640022
v 25.59900000 7.57673794 237.87942837
v 25.59900000 7.86795158 237.93751944
v 25.59900000 7.99451919 237.95162833
v 25.59900000 5.39083374 265.95107692
v 25.59900000 6.28247141 265.90273860
v 25.59900000 7.17590463 265.81748129
v 25.59900000 -14.31401626 265.95710273
v 25.59900000 -19.87166992 265.94439074
v 25.59900000 -20.84264866 265.72688375
v 25.59900000 -20.34056782 265.86538453
v 25.59900000 -20.08673248 265.92365280
v 25.59900000 -19.97903947 265.93833206
v 25.59900000 -20.83652582 238.63368480
v 25.59900000 -20.68383569 238.13362509
v 25.59900000 -20.77251015 238.37023379
v 25.59900000 -20.81784737 238.50437218
v 25.59900000 -20.83203669 238.57298543
v 25.59900000 -18.86537426 237.97530311
v 25.59900000 -19.67829807 237.95566117
v 25.59900000 -20.08467159 237.97674001
v 25.59900000 -20.38641307 238.03133841
v 25.59900000 -20.53576067 238.07570844
v 25.59900000 5.04989988 237.96184822
v 25.59900000 6.98612625 237.78493682
v 25.59900000 6.01805232 237.89712545
v 25.59900000 7.06807379 239.74656117
v 25.59900000 7.07649655 264.01596634
v 25.59900000 9.02017253 265.95470891
v 25.59900000 7.22758953 265.85905100
v 25.59900000 32.94346810 265.96527472
v 25.59900000 34.77820392 266.11137998
v 25.59900000 34.53194953 266.02404764
v 25.59900000 34.28426478 265.97119453
v 25.59900000 34.03569475 265.94539967
v 25.59900000 33.48749101 265.94736421
v 25.59900000 34.95190721 266.57569756
v 25.59900000 34.93596682 266.46975218
v 25.59900000 34.91679634 266.41260328
v 25.59900000 34.88820529 266.34567463
v 25.59900000 34.97228236 320.96895411
v 25.59900000 34.85031446 321.62890416
v 25.59900000 34.92800757 321.29258346
v 25.59900000 34.96125312 321.11770497
v 25.59900000 33.00089926 321.81388828
v 25.59900000 33.81538552 321.83065280
v 25.59900000 34.22808920 321.80379941
v 25.59900000 34.53893964 321.74182734
v 25.59900000 34.69459577 321.69258374
v 25.59900000 11.60470354 321.81818064
v 25.59900000 8.06715068 321.80266211
v 25.59900000 6.98781735 321.54029759
v 25.59900000 7.52652637 321.70305400
v 25.59900000 7.82137089 321.77517389
v 25.59900000 7.94955767 321.79422815
v 25.59900000 7.06811495 319.54314833
v 25.59900000 7.07866269 267.98540700
v 25.59900000 6.02872511 349.80130098
v 25.59900000 6.58236796 349.75943543
v 25.59900000 7.13467911 349.68625477
v 25.59900000 -19.55607636 349.80278680
v 25.59900000 -20.65765671 349.71041856
v 25.59900000 -20.85551947 323.32256959
v 25.59900000 -20.75671801 322.01232730
v 25.59900000 -18.86181632 321.82560972
v 25.59900000 -19.68112656 321.80956128
v 25.59900000 -20.10333157 321.83678086
v 25.59900000 -20.42675678 321.89905788
v 25.59900000 -20.59087922 321.94846858
v 25.59900000 -3.54460023 321.82032682
v 25.59900000 5.54469184 321.81174210
v 25.59900000 6.96571328 321.58934551
v 25.59900000 6.86935444 321.66741276
v 25.59900000 6.76178818 321.73281365
v 25.59900000 6.65420498 321.77970114
v 25.59900000 6.52012914 321.81762848
v 25.59900000 6.35336074 321.84079008
v 25.59900000 6.17900853 321.84515501
v 25.59900000 5.94743019 321.83324718
v 25.59900000 7.06732258 323.56137328
v 25.59900000 7.07469571 347.88426784
v 25.59900000 7.07810186 376.30141162
v 25.59900000 7.12642917 377.10954869
v 25.59900000 7.21228134 377.91942636
v 25.59900000 7.07707796 351.35084224
v 25.59900000 7.18533521 349.74069225
v 25.59900000 12.34751663 349.80617116
v 25.59900000 33.06010553 349.81508606
v 25.59900000 34.81373695 349.97051894
v 25.59900000 34.63532493 349.89601250
v 25.59900000 34.45145694 349.84480146
v 25.59900000 34.26304766 349.81303394
v 25.59900000 34.00101375 349.79410536
v 25.59900000 33.66542932 349.79632722
v 25.59900000 34.97559075 376.88054977
v 25.59900000 34.79979850 377.77996388
v 25.59900000 34.91030216 377.29277092
v 25.59900000 34.95563417 377.06449155
v 25.59900000 32.92476000 377.81248674
v 25.59900000 9.01266048 377.81859510
v 25.59900000 5.28126072 433.72391732
v 25.59900000 6.15530368 433.75264369
v 25.59900000 6.54624805 433.72761211
v 25.59900000 6.77974855 433.67996842
v 25.59900000 6.97860107 433.61169479
v 25.59900000 7.09814481 433.55541554
v 25.59900000 7.21597606 433.48673660
v 25.59900000 -10.88144686 433.73126385
v 25.59900000 -19.46786123 433.72366968
v 25.59900000 -20.68167984 433.58359023
v 25.59900000 -20.09738193 433.66941675
v 25.59900000 -20.82781493 433.14461407
v 25.59900000 -20.80641365 433.25618107
v 25.59900000 -20.85714794 379.29401064
v 25.59900000 -20.81211423 378.28415086
v 25.59900000 -20.76780086 378.12615906
v 25.59900000 -20.79813787 378.20121356
v 25.59900000 -20.56685095 377.89759100
v 25.59900000 -20.72912754 378.07359475
v 25.59900000 -19.19063572 377.81958564
v 25.59900000 5.72688477 377.82272237
v 25.59900000 7.17049688 377.96933826
v 25.59900000 6.44871438 377.87602062
v 25.59900000 7.07631646 379.26280849
v 25.59900000 7.11041052 378.61607133
v 25.59900000 7.07803497 432.17289024
v 25.59900000 7.12880579 432.82981342
v 25.59900000 7.07749987 488.34235757
v 25.59900000 7.12037940 489.06692640
v 25.59900000 7.19468427 489.79011189
v 25.59900000 7.07954767 435.13032494
v 25.59900000 7.24436804 433.51750064
v 25.59900000 7.13934261 434.32391468
v 25.59900000 9.01255243 433.72433005
v 25.59900000 8.21314092 433.76411015
v 25.59900000 7.89049172 433.75158471
v 25.59900000 7.67633938 433.71352387
v 25.59900000 7.50120568 433.65683973
v 25.59900000 7.37153902 433.59602806
v 25.59900000 32.44081935 433.73349258
v 25.59900000 33.95703913 433.74686493
v 25.59900000 34.97281232 433.98154135
v 25.59900000 34.43582361 433.83748940
v 25.59900000 34.17087448 433.77569922
v 25.59900000 34.96581994 488.95946659
v 25.59900000 34.77620757 489.69279946
v 25.59900000 34.95037751 489.10662648
v 25.59900000 34.96174718 489.03256537
v 25.59900000 32.92536714 489.72548741
v 25.59900000 8.99143637 489.72961468
v 25.59900000 5.04958087 517.72429137
v 25.59900000 6.01703711 517.78969494
v 25.59900000 6.98441522 517.90306577
v 25.59900000 -18.52032935 517.71562411
v 25.59900000 -19.86631372 517.70200413
v 25.59900000 -19.19454964 517.72342465
v 25.59900000 -20.85176859 517.46542916
v 25.59900000 -20.33691406 517.60826357
v 25.59900000 -20.08263086 517.67006885
v 25.59900000 -20.84745688 490.55894778
v 25.59900000 -20.73170186 489.81529675
v 25.59900000 -20.80878430 490.22649640
v 25.59900000 -20.83854488 490.41437983
v 25.59900000 -19.04935001 489.73250377
v 25.59900000 5.53071222 489.73382449
v 25.59900000 7.13773110 489.84087377
v 25.59900000 7.07474716 491.63913620
v 25.59900000 7.06798632 515.93900060
v 25.59900000 8.28544345 517.72858384
v 25.59900000 7.94836067 517.75463564
v 25.59900000 7.49225913 517.84377570
v 25.59900000 7.03496714 517.94553302
v 25.59900000 33.69696869 517.72519948
v 25.59900000 34.91308721 517.87419390
v 25.59900000 34.27032845 517.77750230
v 25.59900000 33.95827231 517.73824263
v 25.59900000 34.98324172 519.59988675
v 25.59900000 34.98640090 532.59301968
v 25.59900000 34.97910495 544.06740076
v 25.59900000 34.67555640 545.56064609
v 25.59900000 34.77531550 545.44043685
v 25.59900000 34.85299930 545.31830671
v 25.59900000 34.91116873 545.19460132
v 25.59900000 34.95238477 545.06966636
v 25.59900000 34.97920835 544.94384748
v 25.59900000 34.99420044 544.81749033
v 25.59900000 34.99379726 544.43864588
v 25.59900000 33.56106664 545.63997217
v 25.59900000 34.13552813 545.60975025
v 25.59900000 8.31782161 545.63493690
v 25.59900000 7.06824130 545.44553279
v 25.59900000 7.69228696 545.56600741
v 25.59900000 8.03278335 545.61803852
v 25.59900000 7.07029653 519.25179302
v 25.59900000 5.89579270 573.62730232
v 25.59900000 6.53502172 573.58007925
v 25.59900000 7.17600184 573.49537984
v 25.59900000 -19.37245048 573.62911832
v 25.59900000 -20.57457139 573.54294098
v 25.59900000 -20.77541067 573.31305218
v 25.59900000 -20.85328901 572.64699378
v 25.59900000 -20.82772682 572.98064207
v 25.59900000 -20.80961622 546.13268534
v 25.59900000 -20.76225686 545.97163937
v 25.59900000 -20.79753945 546.05635088
v 25.59900000 -20.58056559 545.75982801
v 25.59900000 -20.72619906 545.92126409
v 25.59900000 -18.85261921 545.65128088
v 25.59900000 -19.65785785 545.62955186
v 25.59900000 -20.04515673 545.64105137
v 25.59900000 -20.32123143 545.68091886
v 25.59900000 -20.45323847 545.71480349
v 25.59900000 5.06796996 545.63955944
v 25.59900000 7.01484031 545.49427012
v 25.59900000 7.06927263 547.45167745
v 25.59900000 7.07649655 571.69425538
v 25.59900000 10.52850465 573.63093432
v 25.59900000 7.22344453 573.53386174
v 25.59900000 33.05115796 573.64067467
v 25.59900000 34.92993704 573.84332350
v 25.59900000 34.66400921 573.73969542
v 25.59900000 34.40232884 573.67379296
v 25.59900000 34.14466822 573.63789412
v 25.59900000 33.58992393 573.62650094
v 25.59900000 34.98396205 575.70133672
v 25.59900000 34.99088240 592.04894746
v 25.59900000 35.08746884 593.89259779
v 25.59900000 7.10000000 593.89259779
v 25.59900000 7.08046867 574.47718922
v 25.59900000 7.13177662 574.00552282
v 25.59900000 7.09293887 574.26176498
v 25.59900000 -17.86111742 586.00650641
v 25.59900000 -15.68450609 585.29061556
v 25.59900000 -19.91783942 586.97664529
v 25.59900000 -20.56000522 586.97664529
v 25.59900000 -20.56000522 583.59700662
v 25.59900000 -19.85444967 583.59700662
v 25.59900000 -19.85444967 586.07368577
v 25.59900000 -15.68450609 584.39454623
v 25.59900000 -17.60570494 585.05367759
v 25.59900000 -18.75125472 585.53646560
v 25.59900000 -20.40463142 -584.03628738
v 25.59900000 -20.31083869 -583.93687813
v 25.59900000 -20.20309333 -583.84809266
v 25.59900000 -20.08139533 -583.76992747
v 25.59900000 -19.94574470 -583.70237908
v 25.59900000 -19.79614143 -583.64544399
v 25.59900000 -19.66081377 -583.60610295
v 25.59900000 -19.51579678 -583.57412782
v 25.59900000 -20.69401944 -585.08411317
v 25.59900000 -20.67292305 -584.73233112
v 25.59900000 -20.62490556 -584.48475117
v 25.59900000 -20.56374450 -584.30396315
v 25.59900000 -20.49226296 -584.16108557
v 25.59900000 -20.45041743 -584.09631104
v 25.59900000 -20.54588033 -585.81430116
v 25.59900000 -20.62807776 -585.58112561
v 25.59900000 -20.67750850 -585.33772961
v 25.59900000 -20.05908834 -586.41047493
v 25.59900000 -20.24506148 -586.25016534
v 25.59900000 -20.38317026 -586.09232047
v 25.59900000 -20.47331587 -585.95740918
v 25.59900000 -19.16646410 -586.81268983
v 25.59900000 -19.51180302 -586.70217244
v 25.59900000 -19.80929340 -586.56807529
v 25.59900000 -19.94014323 -586.49220823
v 25.59900000 -17.80117276 -586.96082893
v 25.59900000 -18.47151178 -586.93154799
v 25.59900000 -18.83884509 -586.88353389
v 25.59900000 -17.01431295 -586.88675938
v 25.59900000 -17.36671266 -586.93799159
v 25.59900000 -17.58476234 -586.95512329
v 25.59900000 -16.29118741 -586.61873095
v 25.59900000 -16.51579487 -586.73472859
v 25.59900000 -16.75686224 -586.82404588
v 25.59900000 -15.76202074 -586.08956429
v 25.59900000 -15.89559398 -586.27794039
v 25.59900000 -16.03426087 -586.42576718
v 25.59900000 -16.15718225 -586.52877033
v 25.59900000 -15.55738207 -585.22518983
v 25.59900000 -15.57579955 -585.52524438
v 25.59900000 -15.61771957 -585.74269946
v 25.59900000 -15.67808287 -585.92361180
v 25.59900000 -15.71729818 -586.00920178
v 25.59900000 -15.66349101 -584.55494650
v 25.59900000 -15.60459263 -584.76741320
v 25.59900000 -15.56919747 -584.99078936
v 25.59900000 -15.98078430 -584.01165494
v 25.59900000 -15.85151666 -584.17551389
v 25.59900000 -15.74567567 -584.35663660
v 25.59900000 -16.50650587 -583.64475227
v 25.59900000 -16.30850220 -583.74511939
v 25.59900000 -16.14980939 -583.85420317
v 25.59900000 -16.06187978 -583.92961157
v 25.59900000 -17.22963142 -583.51073806
v 25.59900000 -16.96735757 -583.52565405
v 25.59900000 -16.72629021 -583.57035097
v 25.59900000 -16.61373288 -583.60384336
v 25.59900000 -17.89281230 -583.60237760
v 25.59900000 -17.68749737 -583.55151778
v 25.59900000 -17.46641155 -583.52094575
v 25.59900000 -18.40096388 -583.87764073
v 25.59900000 -18.26628683 -583.77580664
v 25.59900000 -18.11642931 -583.69046456
v 25.59900000 -18.00803558 -583.64274585
v 25.59900000 -18.72549188 -584.33980029
v 25.59900000 -18.64875237 -584.18112315
v 25.59900000 -18.56457612 -584.05300372
v 25.59900000 -18.48730861 -583.96092180
v 25.59900000 -18.83849101 -584.99230137
v 25.59900000 -18.82588451 -584.75365833
v 25.59900000 -18.78816709 -584.53618349
v 25.59900000 -18.75993964 -584.43536022
v 25.59900000 -18.70413228 -585.66616205
v 25.59900000 -18.76961666 -585.48256085
v 25.59900000 -18.81352096 -585.28305365
v 25.59900000 -18.83080155 -585.14121218
v 25.59900000 -18.30932434 -586.17775873
v 25.59900000 -18.45734941 -586.03987412
v 25.59900000 -18.56896049 -585.90431531
v 25.59900000 -18.64310850 -585.78864611
v 25.59900000 -19.52992167 -585.91662049
v 25.59900000 -19.34653067 -586.00035473
v 25.59900000 -19.13527112 -586.06825700
v 25.59900000 -18.89614303 -586.12031155
v 25.59900000 -18.61781262 -586.15762733
v 25.59900000 -19.99535407 -585.23225227
v 25.59900000 -19.97865376 -585.35020550
v 25.59900000 -19.94860264 -585.45720426
v 25.59900000 -19.90397034 -585.55849224
v 25.59900000 -19.84457866 -585.65280691
v 25.59900000 -19.76808941 -585.74188441
v 25.59900000 -19.68169584 -585.81823664
v 25.59900000 -19.60950376 -585.86947916
v 25.59900000 -19.98846388 -584.90066183
v 25.59900000 -20.00299392 -585.02144964
v 25.59900000 -20.00361093 -585.12241867
v 25.59900000 -19.92851922 -584.69602316
v 25.59900000 -19.96288405 -584.78955750
v 25.59900000 -19.82964498 -584.54788406
v 25.59900000 -19.88462620 -584.61702704
v 25.59900000 -19.68495097 -584.43850227
v 25.59900000 -19.76371613 -584.48896465
v 25.59900000 -19.48031230 -584.34324538
v 25.59900000 -19.40968784 -584.31499560
v 25.59900000 -16.21367276 -585.22518983
v 25.59900000 -16.22393185 -585.06558075
v 25.59900000 -16.25071739 -584.93228109
v 25.59900000 -16.28779561 -584.82372538
v 25.59900000 -16.34137660 -584.71625944
v 25.59900000 -16.40786584 -584.61937924
v 25.59900000 -16.48116254 -584.53779460
v 25.59900000 -16.54342408 -584.48369462
v 25.59900000 -16.61237264 -584.43624203
v 25.59900000 -16.71878431 -584.38170247
v 25.59900000 -16.84429182 -584.33845583
v 25.59900000 -16.98369454 -584.30971228
v 25.59900000 -17.18769832 -584.29401271
v 25.59900000 -17.41456476 -584.30558701
v 25.59900000 -17.58288531 -584.33766674
v 25.59900000 -17.71088238 -584.37996080
v 25.59900000 -17.81897477 -584.43146861
v 25.59900000 -17.91761698 -584.49500184
v 25.59900000 -16.29497701 -585.61327984
v 25.59900000 -16.25341056 -585.51020086
v 25.59900000 -16.22716555 -585.39904297
v 25.59900000 -16.21704009 -585.31476679
v 25.59900000 -16.82035407 -586.05063471
v 25.59900000 -16.69886805 -586.00318890
v 25.59900000 -16.58829054 -585.94199494
v 25.59900000 -16.49827301 -585.87520456
v 25.59900000 -16.42087909 -585.79995467
v 25.59900000 -16.35237975 -585.71207217
v 25.59900000 -17.18725674 -586.10713427
v 25.59900000 -17.06189354 -586.10086930
v 25.59900000 -16.93951610 -586.08204887
v 25.59900000 -17.62822896 -586.05769715
v 25.59900000 -17.52237628 -586.08919085
v 25.59900000 -17.39712934 -586.10810279
v 25.59900000 -17.29544881 -586.11202429
v 25.59900000 -17.94242167 -585.85667583
v 25.59900000 -17.86075224 -585.92967913
v 25.59900000 -17.76042988 -585.99629884
v 25.59900000 -17.69644810 -586.02913494
v 25.59900000 -18.12914585 -585.54971782
v 25.59900000 -18.08714221 -585.65146355
v 25.59900000 -18.02826058 -585.75205045
v 25.59900000 -17.98768585 -585.80598868
v 25.59900000 -17.98340338 -584.55168569
v 25.59900000 -18.04008483 -584.61750246
v 25.59900000 -18.09271319 -584.70198031
v 25.59900000 -18.13789264 -584.80952261
v 25.59900000 -18.16887205 -584.93106099
v 25.59900000 -18.18752277 -585.09847171
v 25.59900000 -18.18511935 -585.27225092
v 25.59900000 -18.16539713 -585.41492935
f 4 26 3
f 4 27 26
f 5 28 27
f 5 27 4
f 6 29 28
f 6 28 5
f 7 30 29
f 7 29 6
f 8 31 30
f 8 30 7
f 9 32 31
f 9 33 32
f 9 31 8
f 10 33 9
f 11 34 33
f 11 33 10
f 12 35 34
f 12 36 35
f 12 34 11
f 13 36 12
f 14 37 36
f 14 36 13
f 15 37 14
f 15 38 37
f 16 38 15
f 16 39 38
f 16 40 39
f 17 40 16
f 18 40 17
f 18 41 40
f 18 42 41
f 19 42 18
f 20 42 19
f 20 43 42
f 21 43 20
f 21 44 43
f 21 45 44
f 22 45 21
f 22 46 45
f 23 46 22
f 24 46 23
f 24 47 46
f 25 47 24
f 25 48 47
f 2 48 25
f 2 1 48
f 52 74 51
f 52 75 74
f 53 76 75
f 53 75 52
f 54 77 76
f 54 76 53
f 55 78 77
f 55 77 54
f 56 79 78
f 56 78 55
f 57 80 79
f 57 81 80
f 57 79 56
f 58 81 57
f 59 82 81
f 59 81 58
f 60 83 82
f 60 84 83
f 60 82 59
f 61 84 60
f 62 85 84
f 62 84 61
f 63 85 62
f 63 86 85
f 64 86 63
f 64 87 86
f 64 88 87
f 65 88 64
f 66 88 65
f 66 89 88
f 66 90 89
f 67 90 66
f 68 90 67
f 68 91 90
f 69 91 68
f 69 92 91
f 69 93 92
f 70 93 69
f 70 94 93
f 71 94 70
f 72 94 71
f 72 95 94
f 73 95 72
f 73 96 95
f 50 96 73
f 50 49 96
f 100 122 99
f 100 123 122
f 101 124 123
f 101 123 100
f 102 125 124
f 102 124 101
f 103 126 125
f 103 125 102
f 104 127 126
f 104 126 103
f 105 128 127
f 105 129 128
f 105 127 104
f 106 129 105
f 107 130 129
f 107 129 106
f 108 131 130
f 108 132 131
f 108 130 107
f 109 132 108
f 110 133 132
f 110 132 109
f 111 133 110
f 111 134 133
f 112 134 111
f 112 135 134
f 112 136 135
f 113 136 112
f 114 136 113
f 114 137 136
f 114 138 137
f 115 138 114
f 116 138 115
f 116 139 138
f 117 139 116
f 117 140 139
f 117 141 140
f 118 141 117
f 118 142 141
f 119 142 118
f 120 142 119
f 120 143 142
f 121 143 120
f 121 144 143
f 98 144 121
f 98 97 144
f 148 170 147
f 148 171 170
f 149 172 171
f 149 171 148
f 150 173 172
f 150 172 149
f 151 174 173
f 151 173 150
f 152 175 174
f 152 174 151
f 153 176 175
f 153 177 176
f 153 175 152
f 154 177 153
f 155 178 177
f 155 177 154
f 156 179 178
f 156 180 179
f 156 178 155
f 157 180 156
f 158 181 180
f 158 180 157
f 159 181 158
f 159 182 181
f 160 182 159
f 160 183 182
f 160 184 183
f 161 184 160
f 162 184 161
f 162 185 184
f 162 186 185
f 163 186 162
f 164 186 163
f 164 187 186
f 165 187 164
f 165 188 187
f 165 189 188
f 166 189 165
f 166 190 189
f 167 190 166
f 168 190 167
f 168 191 190
f 169 191 168
f 169 192 191
f 146 192 169
f 146 145 192
f 196 218 195
f 196 219 218
f 197 220 219
f 197 219 196
f 198 221 220
f 198 220 197
f 199 222 221
f 199 221 198
f 200 223 222
f 200 222 199
f 201 224 223
f 201 225 224
f 201 223 200
f 202 225 201
f 203 226 225
f 203 225 202
f 204 227 226
f 204 228 227
f 204 226 203
f 205 228 204
f 206 229 228
f 206 228 205
f 207 229 206
f 207 230 229
f 208 230 207
f 208 231 230
f 208 232 231
f 209 232 208
f 210 232 209
f 210 233 232
f 210 234 233
f 211 234 210
f 212 234 211
f 212 235 234
f 213 235 212
f 213 236 235
f 213 237 236
f 214 237 213
f 214 238 237
f 215 238 214
f 216 238 215
f 216 239 238
f 217 239 216
f 217 240 239
f 194 240 217
f 194 193 240
f 264 266 265
f 264 288 266
f 263 287 288
f 263 288 264
f 262 286 287
f 262 287 263
f 261 285 286
f 261 286 262
f 260 284 285
f 260 285 261
f 259 282 283
f 259 283 284
f 259 284 260
f 258 282 259
f 257 281 282
f 257 282 258
f 256 280 281
f 256 281 257
f 255 279 280
f 255 280 256
f 254 277 278
f 254 278 279
f 254 279 255
f 253 277 254
f 252 277 253
f 252 276 277
f 251 276 252
f 251 274 275
f 251 275 276
f 250 274 251
f 249 274 250
f 249 272 273
f 249 273 274
f 248 272 249
f 247 272 248
f 247 270 271
f 247 271 272
f 246 270 247
f 245 269 270
f 245 270 246
f 244 268 269
f 244 269 245
f 243 267 268
f 243 268 244
f 242 241 267
f 242 267 243
f 312 314 313
f 312 336 314
f 311 335 336
f 311 336 312
f 310 334 335
f 310 335 311
f 309 333 334
f 309 334 310
f 308 332 333
f 308 333 309
f 307 330 331
f 307 331 332
f 307 332 308
f 306 330 307
f 305 329 330
f 305 330 306
f 304 328 329
f 304 329 305
f 303 327 328
f 303 328 304
f 302 325 326
f 302 326 327
f 302 327 303
f 301 325 302
f 300 325 301
f 300 324 325
f 299 324 300
f 299 322 323
f 299 323 324
f 298 322 299
f 297 322 298
f 297 320 321
f 297 321 322
f 296 320 297
f 295 320 296
f 295 318 319
f 295 319 320
f 294 318 295
f 293 317 318
f 293 318 294
f 292 316 317
f 292 317 293
f 291 315 316
f 291 316 292
f 290 289 315
f 290 315 291
f 360 362 361
f 360 384 362
f 359 383 384
f 359 384 360
f 358 382 383
f 358 383 359
f 357 381 382
f 357 382 358
f 356 380 381
f 356 381 357
f 355 378 379
f 355 379 380
f 355 380 356
f 354 378 355
f 353 377 378
f 353 378 354
f 352 376 377
f 352 377 353
f 351 375 376
f 351 376 352
f 350 373 374
f 350 374 375
f 350 375 351
f 349 373 350
f 348 373 349
f 348 372 373
f 347 372 348
f 347 370 371
f 347 371 372
f 346 370 347
f 345 370 346
f 345 368 369
f 345 369 370
f 344 368 345
f 343 368 344
f 343 366 367
f 343 367 368
f 342 366 343
f 341 365 366
f 341 366 342
f 340 364 365
f 340 365 341
f 339 363 364
f 339 364 340
f 338 337 363
f 338 363 339
f 408 410 409
f 408 432 410
f 407 431 432
f 407 432 408
f 406 430 431
f 406 431 407
f 405 429 430
f 405 430 406
f 404 428 429
f 404 429 405
f 403 426 427
f 403 427 428
f 403 428 404
f 402 426 403
f 401 425 426
f 401 426 402
f 400 424 425
f 400 425 401
f 399 423 424
f 399 424 400
f 398 421 422
f 398 422 423
f 398 423 399
f 397 421 398
f 396 421 397
f 396 420 421
f 395 420 396
f 395 418 419
f 395 419 420
f 394 418 395
f 393 418 394
f 393 416 417
f 393 417 418
f 392 416 393
f 391 416 392
f 391 414 415
f 391 415 416
f 390 414 391
f 389 413 414
f 389 414 390
f 388 412 413
f 388 413 389
f 387 411 412
f 387 412 388
f 386 385 411
f 386 411 387
f 456 458 457
f 456 480 458
f 455 479 480
f 455 480 456
f 454 478 479
f 454 479 455
f 453 477 478
f 453 478 454
f 452 476 477
f 452 477 453
f 451 474 475
f 451 475 476
f 451 476 452
f 450 474 451
f 449 473 474
f 449 474 450
f 448 472 473
f 448 473 449
f 447 471 472
f 447 472 448
f 446 469 470
f 446 470 471
f 446 471 447
f 445 469 446
f 444 469 445
f 444 468 469
f 443 468 444
f 443 466 467
f 443 467 468
f 442 466 443
f 441 466 442
f 441 464 465
f 441 465 466
f 440 464 441
f 439 464 440
f 439 462 463
f 439 463 464
f 438 462 439
f 437 461 462
f 437 462 438
f 436 460 461
f 436 461 437
f 435 459 460
f 435 460 436
f 434 433 459
f 434 459 435
f 484 506 483
f 484 507 506
f 485 508 507
f 485 507 484
f 486 509 508
f 486 508 485
f 487 510 509
f 487 509 486
f 488 511 510
f 488 510 487
f 489 512 511
f 489 513 512
f 489 511 488
f 490 513 489
f 491 514 513
f 491 513 490
f 492 515 514
f 492 516 515
f 492 514 491
f 493 516 492
f 494 517 516
f 494 516 493
f 495 517 494
f 495 518 517
f 496 518 495
f 496 519 518
f 496 520 519
f 497 520 496
f 498 520 497
f 498 521 520
f 498 522 521
f 499 522 498
f 500 522 499
f 500 523 522
f 501 523 500
f 501 524 523
f 501 525 524
f 502 525 501
f 502 526 525
f 503 526 502
f 504 526 503
f 504 527 526
f 505 527 504
f 505 528 527
f 482 528 505
f 482 481 528
f 532 554 531
f 532 555 554
f 533 556 555
f 533 555 532
f 534 557 556
f 534 556 533
f 535 558 557
f 535 557 534
f 536 559 558
f 536 558 535
f 537 560 559
f 537 561 560
f 537 559 536
f 538 561 537
f 539 562 561
f 539 561 538
f 540 563 562
f 540 564 563
f 540 562 539
f 541 564 540
f 542 565 564
f 542 564 541
f 543 565 542
f 543 566 565
f 544 566 543
f 544 567 566
f 544 568 567
f 545 568 544
f 546 568 545
f 546 569 568
f 546 570 569
f 547 570 546
f 548 570 547
f 548 571 570
f 549 571 548
f 549 572 571
f 549 573 572
f 550 573 549
f 550 574 573
f 551 574 550
f 552 574 551
f 552 575 574
f 553 575 552
f 553 576 575
f 530 576 553
f 530 529 576
f 580 602 579
f 580 603 602
f 581 604 603
f 581 603 580
f 582 605 604
f 582 604 581
f 583 606 605
f 583 605 582
f 584 607 606
f 584 606 583
f 585 608 607
f 585 609 608
f 585 607 584
f 586 609 585
f 587 610 609
f 587 609 586
f 588 611 610
f 588 612 611
f 588 610 587
f 589 612 588
f 590 613 612
f 590 612 589
f 591 613 590
f 591 614 613
f 592 614 591
f 592 615 614
f 592 616 615
f 593 616 592
f 594 616 593
f 594 617 616
f 594 618 617
f 595 618 594
f 596 618 595
f 596 619 618
f 597 619 596
f 597 620 619
f 597 621 620
f 598 621 597
f 598 622 621
f 599 622 598
f 600 622 599
f 600 623 622
f 601 623 600
f 601 624 623
f 578 624 601
f 578 577 624
f 628 650 627
f 628 651 650
f 629 652 651
f 629 651 628
f 630 653 652
f 630 652 629
f 631 654 653
f 631 653 630
f 632 655 654
f 632 654 631
f 633 656 655
f 633 657 656
f 633 655 632
f 634 657 633
f 635 658 657
f 635 657 634
f 636 659 658
f 636 660 659
f 636 658 635
f 637 660 636
f 638 661 660
f 638 660 637
f 639 661 638
f 639 662 661
f 640 662 639
f 640 663 662
f 640 664 663
f 641 664 640
f 642 664 641
f 642 665 664
f 642 666 665
f 643 666 642
f 644 666 643
f 644 667 666
f 645 667 644
f 645 668 667
f 645 669 668
f 646 669 645
f 646 670 669
f 647 670 646
f 648 670 647
f 648 671 670
f 649 671 648
f 649 672 671
f 626 672 649
f 626 625 672
f 676 698 675
f 676 699 698
f 677 700 699
f 677 699 676
f 678 701 700
f 678 700 677
f 679 702 701
f 679 701 678
f 680 703 702
f 680 702 679
f 681 704 703
f 681 705 704
f 681 703 680
f 682 705 681
f 683 706 705
f 683 705 682
f 684 707 706
f 684 708 707
f 684 706 683
f 685 708 684
f 686 709 708
f 686 708 685
f 687 709 686
f 687 710 709
f 688 710 687
f 688 711 710
f 688 712 711
f 689 712 688
f 690 712 689
f 690 713 712
f 690 714 713
f 691 714 690
f 692 714 691
f 692 715 714
f 693 715 692
f 693 716 715
f 693 717 716
f 694 717 693
f 694 718 717
f 695 718 694
f 696 718 695
f 696 719 718
f 697 719 696
f 697 720 719
f 674 720 697
f 674 673 720
f 724 746 723
f 724 747 746
f 725 748 747
f 725 747 724
f 726 749 748
f 726 748 725
f 727 750 749
f 727 749 726
f 728 751 750
f 728 750 727
f 729 752 751
f 729 753 752
f 729 751 728
f 730 753 729
f 731 754 753
f 731 753 730
f 732 755 754
f 732 756 755
f 732 754 731
f 733 756 732
f 734 757 756
f 734 756 733
f 735 757 734
f 735 758 757
f 736 758 735
f 736 759 758
f 736 760 759
f 737 760 736
f 738 760 737
f 738 761 760
f 738 762 761
f 739 762 738
f 740 762 739
f 740 763 762
f 741 763 740
f 741 764 763
f 741 765 764
f 742 765 741
f 742 766 765
f 743 766 742
f 744 766 743
f 744 767 766
f 745 767 744
f 745 768 767
f 722 768 745
f 722 721 768
f 771 816 794
f 772 815 816
f 772 816 771
f 773 814 815
f 773 815 772
f 774 813 814
f 774 814 773
f 775 812 813
f 775 813 774
f 776 811 812
f 776 812 775
f 777 810 811
f 777 811 776
f 778 809 810
f 778 810 777
f 779 808 809
f 779 809 778
f 780 807 808
f 780 808 779
f 781 806 807
f 781 807 780
f 782 805 806
f 782 806 781
f 783 805 782
f 783 804 805
f 784 804 783
f 785 804 784
f 785 802 803
f 785 803 804
f 786 802 785
f 786 801 802
f 787 801 786
f 787 800 801
f 788 800 787
f 788 799 800
f 789 799 788
f 789 798 799
f 790 798 789
f 790 797 798
f 791 797 790
f 792 795 796
f 792 796 797
f 792 797 791
f 793 769 795
f 793 795 792
f 770 769 793
f 819 864 842
f 820 863 864
f 820 864 819
f 821 862 863
f 821 863 820
f 822 861 862
f 822 862 821
f 823 860 861
f 823 861 822
f 824 859 860
f 824 860 823
f 825 858 859
f 825 859 824
f 826 857 858
f 826 858 825
f 827 856 857
f 827 857 826
f 828 855 856
f 828 856 827
f 829 854 855
f 829 855 828
f 830 853 854
f 830 854 829
f 831 853 830
f 831 852 853
f 832 852 831
f 833 852 832
f 833 850 851
f 833 851 852
f 834 850 833
f 834 849 850
f 835 849 834
f 835 848 849
f 836 848 835
f 836 847 848
f 837 847 836
f 837 846 847
f 838 846 837
f 838 845 846
f 839 845 838
f 840 843 844
f 840 844 845
f 840 845 839
f 841 817 843
f 841 843 840
f 818 817 841
f 867 912 890
f 868 911 912
f 868 912 867
f 869 910 911
f 869 911 868
f 870 909 910
f 870 910 869
f 871 908 909
f 871 909 870
f 872 907 908
f 872 908 871
f 873 906 907
f 873 907 872
f 874 905 906
f 874 906 873
f 875 904 905
f 875 905 874
f 876 903 904
f 876 904 875
f 877 902 903
f 877 903 876
f 878 901 902
f 878 902 877
f 879 901 878
f 879 900 901
f 880 900 879
f 881 900 880
f 881 898 899
f 881 899 900
f 882 898 881
f 882 897 898
f 883 897 882
f 883 896 897
f 884 896 883
f 884 895 896
f 885 895 884
f 885 894 895
f 886 894 885
f 886 893 894
f 887 893 886
f 888 891 892
f 888 892 893
f 888 893 887
f 889 865 891
f 889 891 888
f 866 865 889
f 915 960 938
f 916 959 960
f 916 960 915
f 917 958 959
f 917 959 916
f 918 957 958
f 918 958 917
f 919 956 957
f 919 957 918
f 920 955 956
f 920 956 919
f 921 954 955
f 921 955 920
f 922 953 954
f 922 954 921
f 923 952 953
f 923 953 922
f 924 951 952
f 924 952 923
f 925 950 951
f 925 951 924
f 926 949 950
f 926 950 925
f 927 949 926
f 927 948 949
f 928 948 927
f 929 948 928
f 929 946 947
f 929 947 948
f 930 946 929
f 930 945 946
f 931 945 930
f 931 944 945
f 932 944 931
f 932 943 944
f 933 943 932
f 933 942 943
f 934 942 933
f 934 941 942
f 935 941 934
f 936 939 940
f 936 940 941
f 936 941 935
f 937 913 939
f 937 939 936
f 914 913 937
f 963 1008 986
f 964 1007 1008
f 964 1008 963
f 965 1006 1007
f 965 1007 964
f 966 1005 1006
f 966 1006 965
f 967 1004 1005
f 967 1005 966
f 968 1003 1004
f 968 1004 967
f 969 1002 1003
f 969 1003 968
f 970 1001 1002
f 970 1002 969
f 971 1000 1001
f 971 1001 970
f 972 999 1000
f 972 1000 971
f 973 998 999
f 973 999 972
f 974 997 998
f 974 998 973
f 975 997 974
f 975 996 997
f 976 996 975
f 977 996 976
f 977 994 995
f 977 995 996
f 978 994 977
f 978 993 994
f 979 993 978
f 979 992 993
f 980 992 979
f 980 991 992
f 981 991 980
f 981 990 991
f 982 990 981
f 982 989 990
f 983 989 982
f 984 987 988
f 984 988 989
f 984 989 983
f 985 961 987
f 985 987 984
f 962 961 985
f 1012 1034 1011
f 1012 1035 1034
f 1013 1036 1035
f 1013 1035 1012
f 1014 1037 1036
f 1014 1036 1013
f 1015 1038 1037
f 1015 1037 1014
f 1016 1039 1038
f 1016 1038 1015
f 1017 1040 1039
f 1017 1041 1040
f 1017 1039 1016
f 1018 1041 1017
f 1019 1042 1041
f 1019 1041 1018
f 1020 1043 1042
f 1020 1044 1043
f 1020 1042 1019
f 1021 1044 1020
f 1022 1045 1044
f 1022 1044 1021
f 1023 1045 1022
f 1023 1046 1045
f 1024 1046 1023
f 1024 1047 1046
f 1024 1048 1047
f 1025 1048 1024
f 1026 1048 1025
f 1026 1049 1048
f 1026 1050 1049
f 1027 1050 1026
f 1028 1050 1027
f 1028 1051 1050
f 1029 1051 1028
f 1029 1052 1051
f 1029 1053 1052
f 1030 1053 1029
f 1030 1054 1053
f 1031 1054 1030
f 1032 1054 1031
f 1032 1055 1054
f 1033 1055 1032
f 1033 1056 1055
f 1010 1056 1033
f 1010 1009 1056
f 1060 1082 1059
f 1060 1083 1082
f 1061 1084 1083
f 1061 1083 1060
f 1062 1085 1084
f 1062 1084 1061
f 1063 1086 1085
f 1063 1085 1062
f 1064 1087 1086
f 1064 1086 1063
f 1065 1088 1087
f 1065 1089 1088
f 1065 1087 1064
f 1066 1089 1065
f 1067 1090 1089
f 1067 1091 1090
f 1067 1089 1066
f 1068 1092 1091
f 1068 1091 1067
f 1069 1093 1092
f 1069 1092 1068
f 1070 1094 1093
f 1070 1093 1069
f 1071 1094 1070
f 1071 1095 1094
f 1072 1095 1071
f 1072 1096 1095
f 1073 1096 1072
f 1073 1097 1096
f 1074 1097 1073
f 1074 1098 1097
f 1075 1098 1074
f 1075 1099 1098
f 1076 1099 1075
f 1076 1100 1099
f 1077 1100 1076
f 1077 1101 1100
f 1078 1101 1077
f 1078 1102 1101
f 1079 1102 1078
f 1079 1103 1102
f 1080 1103 1079
f 1081 1103 1080
f 1081 1104 1103
f 1081 1057 1104
f 1058 1057 1081
f 1108 1130 1107
f 1108 1131 1130
f 1109 1132 1131
f 1109 1131 1108
f 1110 1133 1132
f 1110 1132 1109
f 1111 1134 1133
f 1111 1133 1110
f 1112 1135 1134
f 1112 1134 1111
f 1113 1136 1135
f 1113 1137 1136
f 1113 1135 1112
f 1114 1137 1113
f 1115 1138 1137
f 1115 1137 1114
f 1116 1139 1138
f 1116 1140 1139
f 1116 1138 1115
f 1117 1140 1116
f 1118 1141 1140
f 1118 1140 1117
f 1119 1141 1118
f 1119 1142 1141
f 1120 1142 1119
f 1120 1143 1142
f 1120 1144 1143
f 1121 1144 1120
f 1122 1144 1121
f 1122 1145 1144
f 1122 1146 1145
f 1123 1146 1122
f 1124 1146 1123
f 1124 1147 1146
f 1125 1147 1124
f 1125 1148 1147
f 1125 1149 1148
f 1126 1149 1125
f 1126 1150 1149
f 1127 1150 1126
f 1128 1150 1127
f 1128 1151 1150
f 1129 1151 1128
f 1129 1152 1151
f 1106 1152 1129
f 1106 1105 1152
f 1178 1180 1179
f 1178 1202 1180
f 1177 1201 1202
f 1177 1202 1178
f 1176 1200 1201
f 1176 1201 1177
f 1175 1199 1200
f 1175 1200 1176
f 1174 1198 1199
f 1174 1199 1175
f 1173 1197 1198
f 1173 1198 1174
f 1172 1196 1197
f 1172 1197 1173
f 1171 1195 1196
f 1171 1196 1172
f 1170 1194 1195
f 1170 1195 1171
f 1169 1193 1194
f 1169 1194 1170
f 1168 1192 1193
f 1168 1193 1169
f 1167 1192 1168
f 1167 1191 1192
f 1166 1191 1167
f 1166 1190 1191
f 1165 1190 1166
f 1165 1189 1190
f 1164 1189 1165
f 1164 1188 1189
f 1156 1164 1155
f 1156 1188 1164
f 1156 1187 1188
f 1157 1187 1156
f 1157 1186 1187
f 1158 1186 1157
f 1158 1185 1186
f 1159 1184 1185
f 1159 1185 1158
f 1160 1183 1184
f 1160 1184 1159
f 1161 1182 1183
f 1161 1183 1160
f 1162 1181 1182
f 1162 1182 1161
f 1163 1153 1181
f 1163 1181 1162
f 1154 1153 1163
f 1228 1230 1229
f 1228 1252 1230
f 1227 1251 1252
f 1227 1252 1228
f 1226 1250 1251
f 1226 1251 1227
f 1225 1249 1250
f 1225 1250 1226
f 1224 1248 1249
f 1224 1249 1225
f 1223 1247 1248
f 1223 1248 1224
f 1222 1246 1247
f 1222 1247 1223
f 1221 1245 1246
f 1221 1246 1222
f 1220 1244 1245
f 1220 1245 1221
f 1219 1243 1244
f 1219 1244 1220
f 1218 1242 1243
f 1218 1243 1219
f 1217 1242 1218
f 1217 1241 1242
f 1216 1241 1217
f 1216 1240 1241
f 1215 1240 1216
f 1215 1239 1240
f 1214 1239 1215
f 1214 1238 1239
f 1213 1238 1214
f 1213 1237 1238
f 1206 1213 1205
f 1206 1237 1213
f 1206 1236 1237
f 1207 1236 1206
f 1207 1235 1236
f 1208 1234 1235
f 1208 1235 1207
f 1209 1233 1234
f 1209 1234 1208
f 1210 1232 1233
f 1210 1233 1209
f 1211 1231 1232
f 1211 1232 1210
f 1212 1203 1231
f 1212 1231 1211
f 1204 1203 1212
f 1277 1300 1278
f 1276 1299 1300
f 1276 1300 1277
f 1275 1298 1299
f 1275 1299 1276
f 1274 1297 1298
f 1274 1298 1275
f 1273 1296 1297
f 1273 1297 1274
f 1272 1295 1296
f 1272 1296 1273
f 1271 1294 1295
f 1271 1295 1272
f 1270 1293 1294
f 1270 1294 1271
f 1269 1292 1293
f 1269 1293 1270
f 1268 1291 1292
f 1268 1292 1269
f 1267 1290 1291
f 1267 1291 1268
f 1266 1289 1290
f 1266 1290 1267
f 1265 1289 1266
f 1265 1288 1289
f 1264 1288 1265
f 1264 1287 1288
f 1263 1287 1264
f 1262 1287 1263
f 1262 1286 1287
f 1261 1286 1262
f 1261 1285 1286
f 1260 1285 1261
f 1260 1284 1285
f 1259 1284 1260
f 1259 1282 1283
f 1259 1283 1284
f 1258 1282 1259
f 1258 1281 1282
f 1257 1281 1258
f 1256 1281 1257
f 1256 1280 1281
f 1255 1279 1280
f 1255 1280 1256
f 1254 1253 1279
f 1254 1279 1255
f 1304 1326 1303
f 1304 1327 1326
f 1305 1328 1327
f 1305 1327 1304
f 1306 1329 1328
f 1306 1328 1305
f 1307 1330 1329
f 1307 1329 1306
f 1308 1331 1330
f 1308 1330 1307
f 1309 1332 1331
f 1309 1331 1308
f 1310 1333 1332
f 1310 1334 1333
f 1310 1332 1309
f 1311 1335 1334
f 1311 1334 1310
f 1312 1336 1335
f 1312 1335 1311
f 1313 1337 1336
f 1313 1336 1312
f 1314 1338 1337
f 1314 1337 1313
f 1315 1338 1314
f 1315 1339 1338
f 1316 1339 1315
f 1316 1340 1339
f 1317 1340 1316
f 1317 1341 1340
f 1318 1341 1317
f 1318 1342 1341
f 1319 1342 1318
f 1319 1343 1342
f 1320 1343 1319
f 1320 1344 1343
f 1321 1344 1320
f 1321 1345 1344
f 1322 1345 1321
f 1322 1346 1345
f 1323 1346 1322
f 1323 1347 1346
f 1324 1347 1323
f 1324 1348 1347
f 1325 1348 1324
f 1302 1348 1325
f 1302 1301 1348
f 1396 1421 1422
f 1396 1422 1423
f 1397 1421 1396
f 1397 1418 1419
f 1397 1419 1420
f 1397 1420 1421
f 1395 1396 1423
f 1395 1423 1424
f 1395 1424 1425
f 1395 1425 1426
f 1398 1418 1397
f 1398 1416 1417
f 1398 1417 1418
f 1394 1395 1426
f 1394 1426 1427
f 1394 1427 1415
f 1399 1416 1398
f 1393 1394 1415
f 1400 1416 1399
f 1392 1393 1415
f 1401 1416 1400
f 1391 1392 1415
f 1389 1416 1401
f 1390 1391 1415
f 1403 1390 1415
f 1428 1416 1389
f 1406 1404 1405
f 1377 1428 1389
f 1378 1428 1377
f 1407 1404 1406
f 1379 1428 1378
f 1380 1428 1379
f 1381 1428 1380
f 1381 1439 1440
f 1381 1440 1428
f 1382 1439 1381
f 1382 1436 1437
f 1382 1437 1438
f 1382 1438 1439
f 1409 1407 1408
f 1409 1404 1407
f 1383 1436 1382
f 1435 1436 1383
f 1434 1383 1384
f 1434 1435 1383
f 1411 1409 1410
f 1433 1434 1384
f 1412 1409 1411
f 1432 1433 1384
f 1431 1432 1384
f 1431 1384 1385
f 1414 1412 1413
f 1430 1431 1385
f 1402 1412 1414
f 1402 1403 1404
f 1402 1404 1409
f 1402 1409 1412
f 1429 1385 1386
f 1429 1386 1387
f 1429 1387 1388
f 1429 1388 1376
f 1429 1430 1385
f 1441 1376 1442
f 1441 1429 1376
f 1443 1442 1371
f 1374 1371 1372
f 1374 1372 1373
f 1370 1374 1375
f 1370 1443 1371
f 1370 1371 1374
f 1350 1370 1363
f 1350 1443 1370
f 1350 1349 1443
f 1362 1350 1363
f 1352 1369 1351
f 1361 1362 1363
f 1353 1368 1369
f 1353 1369 1352
f 1360 1361 1363
f 1354 1367 1368
f 1354 1368 1353
f 1359 1360 1363
f 1355 1366 1367
f 1355 1367 1354
f 1358 1363 1364
f 1358 1359 1363
f 1356 1365 1366
f 1356 1366 1355
f 1357 1364 1365
f 1357 1358 1364
f 1357 1365 1356
f 1371 1442 1376
f 1390 1403 1402
f 1624 1558 1559
f 1624 1559 1560
f 1625 1555 1556
f 1625 1556 1557
f 1625 1557 1558
f 1625 1558 1624
f 1623 1560 1561
f 1623 1561 1562
f 1623 1562 1563
f 1623 1624 1560
f 1626 1553 1554
f 1626 1554 1555
f 1626 1555 1625
f 1622 1563 1564
f 1622 1623 1563
f 1622 1564 1565
f 1627 1553 1626
f 1621 1622 1565
f 1620 1621 1565
f 1628 1553 1627
f 1629 1553 1628
f 1619 1620 1565
f 1579 1553 1629
f 1618 1619 1565
f 1566 1618 1565
f 1578 1552 1553
f 1578 1553 1579
f 1617 1618 1566
f 1580 1552 1578
f 1616 1617 1566
f 1615 1616 1566
f 1581 1552 1580
f 1582 1552 1581
f 1614 1615 1566
f 1583 1550 1551
f 1583 1551 1552
f 1583 1552 1582
f 1613 1566 1567
f 1613 1567 1568
f 1613 1614 1566
f 1584 1547 1548
f 1584 1548 1549
f 1584 1549 1550
f 1584 1550 1583
f 1612 1568 1569
f 1612 1569 1570
f 1612 1570 1571
f 1612 1613 1568
f 1611 1612 1571
f 1585 1546 1547
f 1585 1547 1584
f 1572 1611 1571
f 1545 1585 1586
f 1545 1546 1585
f 1573 1610 1611
f 1573 1611 1572
f 1544 1545 1586
f 1574 1610 1573
f 1543 1544 1586
f 1575 1610 1574
f 1542 1543 1586
f 1542 1586 1587
f 1576 1609 1610
f 1576 1610 1575
f 1541 1542 1587
f 1577 1609 1576
f 1540 1541 1587
f 1540 1587 1588
f 1540 1588 1589
f 1540 1589 1590
f 1540 1590 1591
f 1444 1609 1577
f 1444 1605 1606
f 1444 1606 1607
f 1444 1607 1608
f 1444 1608 1609
f 1445 1446 1605
f 1445 1605 1444
f 1592 1536 1537
f 1592 1537 1538
f 1592 1538 1539
f 1494 1533 1534
f 1495 1533 1494
f 1495 1532 1533
f 1493 1494 1534
f 1493 1534 1535
f 1496 1532 1495
f 1492 1535 1536
f 1492 1493 1535
f 1497 1531 1532
f 1497 1532 1496
f 1491 1536 1592
f 1491 1492 1536
f 1490 1491 1592
f 1498 1531 1497
f 1498 1530 1531
f 1499 1530 1498
f 1499 1529 1530
f 1489 1490 1592
f 1500 1529 1499
f 1500 1527 1528
f 1500 1528 1529
f 1488 1489 1592
f 1487 1592 1593
f 1487 1593 1594
f 1487 1488 1592
f 1486 1487 1594
f 1486 1594 1595
f 1485 1486 1595
f 1485 1595 1596
f 1484 1485 1596
f 1484 1596 1597
f 1483 1484 1597
f 1482 1483 1597
f 1482 1597 1598
f 1481 1482 1598
f 1481 1598 1599
f 1480 1599 1600
f 1480 1481 1599
f 1479 1480 1600
f 1479 1600 1601
f 1478 1479 1601
f 1478 1601 1602
f 1477 1478 1602
f 1477 1602 1603
f 1476 1477 1603
f 1476 1603 1604
f 1475 1476 1604
f 1501 1527 1500
f 1501 1526 1527
f 1503 1501 1502
f 1504 1501 1503
f 1506 1504 1505
f 1506 1526 1501
f 1506 1501 1504
f 1513 1514 1515
f 1513 1515 1516
f 1512 1516 1517
f 1512 1513 1516
f 1511 1517 1518
f 1511 1512 1517
f 1510 1518 1519
f 1510 1511 1518
f 1507 1521 1522
f 1507 1522 1523
f 1507 1523 1524
f 1507 1524 1525
f 1507 1525 1526
f 1507 1526 1506
f 1509 1519 1520
f 1509 1510 1519
f 1508 1509 1520
f 1508 1520 1521
f 1508 1521 1507
f 1470 1471 1472
f 1470 1472 1473
f 1469 1470 1473
f 1469 1473 1474
f 1447 1474 1475
f 1447 1469 1474
f 1449 1447 1448
f 1449 1469 1447
f 1449 1468 1469
f 1450 1468 1449
f 1460 1461 1462
f 1451 1468 1450
f 1459 1462 1463
f 1459 1460 1462
f 1452 1468 1451
f 1458 1463 1464
f 1458 1459 1463
f 1453 1468 1452
f 1457 1464 1465
f 1457 1458 1464
f 1454 1467 1468
f 1454 1468 1453
f 1456 1465 1466
f 1456 1457 1465
f 1455 1466 1467
f 1455 1467 1454
f 1455 1456 1466
f 1446 1447 1604
f 1604 1447 1475
f 1539 1540 1591
f 1591 1592 1539
f 1604 1605 1446
f 2184 1429 2183
f 2182 2183 1429
f 2189 2182 1429
f 2185 1429 2184
f 2188 2189 1429
f 2179 1429 2185
f 2187 2188 1429
f 2180 1429 2179
f 2181 1429 2180
f 2186 2187 1429
f 2172 1429 2181
f 2192 2186 1429
f 2173 1429 2172
f 2191 2192 1429
f 2190 2191 1429
f 2195 2190 1429
f 2241 2242 2249
f 2243 2248 2249
f 2243 2249 2242
f 2244 2248 2243
f 2237 2247 2248
f 2237 2248 2244
f 2194 2195 1429
f 2266 2263 2264
f 2266 2264 2261
f 2238 2245 2246
f 2238 2246 2247
f 2238 2247 2237
f 2265 2261 2262
f 2265 2266 2261
f 2239 2253 2254
f 2239 2254 2255
f 2239 2255 2256
f 2239 2256 2257
f 2239 2257 2245
f 2239 2245 2238
f 2240 2250 2251
f 2240 2251 2252
f 2240 2252 2253
f 2240 2260 2250
f 2240 2253 2239
f 2193 2194 1429
f 2233 2258 2259
f 2233 2259 2260
f 2233 2262 2258
f 2233 2260 2240
f 2233 2265 2262
f 2267 2265 2233
f 2198 2193 1429
f 2234 2267 2233
f 2234 2268 2267
f 2235 2268 2234
f 2197 2198 1429
f 2236 2268 2235
f 2229 2268 2236
f 2196 2197 1429
f 2230 2268 2229
f 2230 2269 2268
f 2231 2269 2230
f 2232 2269 2231
f 2225 2269 2232
f 2226 2269 2225
f 2227 2269 2226
f 2228 2269 2227
f 2222 2269 2228
f 2223 2269 2222
f 2431 1429 2173
f 2431 2178 2270
f 2431 2270 2271
f 2431 2271 2272
f 2431 2173 2174
f 2431 2174 2175
f 2431 2175 2176
f 2431 2176 2177
f 2431 2177 2178
f 2433 2431 2272
f 2433 2272 2273
f 2433 2273 2274
f 2432 2274 2275
f 2432 2275 2269
f 2432 2269 2223
f 2432 2433 2274
f 2432 2214 2215
f 2432 2215 2216
f 2432 2216 2217
f 2432 2218 2219
f 2432 2219 2220
f 2432 2220 2221
f 2432 2221 2214
f 2432 2223 2224
f 2432 2224 2218
f 2430 1429 2431
f 2429 1429 2430
f 1650 2196 1429
f 1650 1429 1649
f 1657 1649 1429
f 1651 2196 1650
f 1651 2202 2196
f 1441 1657 1429
f 1652 2202 1651
f 1652 2201 2202
f 1653 2200 2201
f 1653 2201 1652
f 1654 2200 1653
f 1655 2200 1654
f 1655 2199 2200
f 1656 2199 1655
f 1656 2207 2199
f 1648 2207 1656
f 1648 2203 2204
f 1648 2204 2205
f 1648 2205 2206
f 1648 2206 2207
f 1648 2210 2203
f 1647 2210 1648
f 1647 2208 2209
f 1647 2209 2210
f 1647 2211 2212
f 1647 2212 2213
f 1647 2213 2208
f 1647 2217 2211
f 2434 2217 1647
f 2434 2432 2217
f 1646 2434 1647
f 1645 2434 1646
f 1350 1630 1631
f 1350 1631 1632
f 1350 1632 1349
f 1633 1630 1350
f 2425 1429 2429
f 1634 1633 1350
f 1643 1634 1350
f 2426 1429 2425
f 1642 1643 1350
f 1641 1642 1350
f 2435 1645 1644
f 2435 2434 1645
f 2408 2420 2411
f 2410 2411 2420
f 2410 2420 2421
f 2410 2421 2422
f 2410 2422 2423
f 2409 2428 2420
f 2409 2420 2408
f 2407 2426 2427
f 2407 2427 2428
f 2407 1429 2426
f 2407 2428 2409
f 1966 2436 2435
f 1966 1964 2436
f 1965 1966 2435
f 1942 1965 2435
f 1963 2419 2437
f 1963 2437 2436
f 1963 2436 1964
f 2412 2410 2423
f 2412 2418 2419
f 2412 2423 2424
f 2412 2424 2418
f 2413 2412 2419
f 2413 2419 1963
f 2406 1429 2407
f 1941 1644 1635
f 1941 1942 2435
f 1941 2435 1644
f 1945 1941 1635
f 1944 1945 1635
f 1960 2413 1963
f 1960 2414 2413
f 1943 1635 1636
f 1943 1636 1637
f 1943 1637 1638
f 1943 1638 1639
f 1943 1639 1640
f 1943 1640 1641
f 1943 1944 1635
f 1943 1641 1350
f 1961 2414 1960
f 2415 1961 1962
f 2415 1962 1959
f 2415 2414 1961
f 1946 1943 1350
f 1957 2415 1959
f 1957 2416 2415
f 1956 1948 1947
f 1888 2401 2417
f 2487 2403 2404
f 2487 2404 2405
f 2487 2405 2402
f 1891 1888 2417
f 1891 2417 2416
f 2488 2403 2487
f 1890 1891 2416
f 2489 2406 2403
f 2489 2403 2488
f 2486 1429 2406
f 2486 2406 2489
f 2490 2487 2402
f 2490 2402 2400
f 2491 2490 2400
f 2491 2400 2401
f 1892 1957 1958
f 1892 2416 1957
f 1892 1890 2416
f 1889 2491 2401
f 1889 2492 2491
f 1889 2401 1888
f 2499 2492 1889
f 2485 1429 2486
f 1894 1958 1949
f 1894 1892 1958
f 2498 2499 1889
f 1915 2498 1889
f 2497 2498 1915
f 2496 2497 1915
f 1893 1949 1950
f 1893 1950 1951
f 1893 1951 1952
f 1893 1952 1953
f 1893 1953 1954
f 1893 1954 1955
f 1893 1894 1949
f 2495 2496 1915
f 2494 2495 1915
f 1907 2493 2494
f 2501 2493 1907
f 2501 1907 1908
f 2501 1908 1909
f 2501 1909 1910
f 2501 1910 1911
f 1912 2501 1911
f 1913 2501 1912
f 1913 2500 2501
f 2470 2500 1913
f 1914 2470 1913
f 1895 1893 1955
f 1906 2470 1914
f 1902 1897 1896
f 2469 2470 1906
f 2460 2479 2471
f 2468 2471 2472
f 2468 2460 2471
f 2467 2468 2472
f 1930 2482 2483
f 1930 2483 2484
f 1930 2484 2481
f 2466 2467 2472
f 1931 2482 1930
f 2461 2476 2477
f 2461 2477 2478
f 2461 2478 2479
f 1932 2482 1931
f 2465 2466 2472
f 1933 2482 1932
f 2464 2465 2472
f 2462 2476 2461
f 2462 2475 2476
f 1934 2482 1933
f 1934 2485 2482
f 2463 2464 2472
f 2463 2472 2473
f 2463 2473 2469
f 2459 2475 2462
f 2459 2474 2475
f 1935 1429 2485
f 1935 2485 1934
f 2439 2463 2469
f 2439 2469 1906
f 1936 1930 2481
f 1936 2481 2480
f 1928 1935 1929
f 1928 1429 1935
f 1937 2474 2459
f 1937 1936 2480
f 1937 2480 2474
f 2438 1905 1903
f 2438 1906 1905
f 2438 2439 1906
f 1927 1429 1928
f 2440 2438 1903
f 2444 2440 1903
f 2444 1903 1904
f 2457 1937 2459
f 2443 2444 1904
f 2443 1904 1898
f 2442 2443 1898
f 2458 1937 2457
f 1918 1429 1927
f 1938 2458 2456
f 1938 1937 2458
f 2441 2442 1898
f 2441 1898 1899
f 2441 1899 1900
f 2441 1900 1901
f 1939 1938 2456
f 2455 2447 2446
f 2448 1939 2456
f 2054 2053 1940
f 2026 2054 1940
f 2026 1940 1939
f 2052 1917 1940
f 2052 1940 2053
f 788 1922 1923
f 789 788 1923
f 789 1923 1924
f 789 1924 1925
f 787 1922 788
f 787 1920 1921
f 787 1921 1922
f 790 1925 1926
f 790 1926 1916
f 790 789 1925
f 786 1920 787
f 786 1919 1920
f 791 790 1916
f 785 1919 786
f 785 1918 1919
f 792 791 1916
f 792 1916 1917
f 784 1918 785
f 793 792 1917
f 783 1918 784
f 770 793 1917
f 2150 770 1917
f 2151 2150 1917
f 2152 2151 1917
f 2152 1917 2052
f 2153 2152 2052
f 2154 2153 2052
f 2155 2154 2052
f 2156 2155 2052
f 2157 2156 2052
f 2158 2157 2052
f 2159 2158 2052
f 2025 2026 1939
f 2025 1939 2448
f 2029 2025 2448
f 2028 2029 2448
f 2027 2028 2448
f 2027 2448 2449
f 2027 2449 2450
f 2027 2450 2451
f 2027 2451 2452
f 2027 2452 2453
f 2033 2027 2453
f 2322 780 779
f 2322 781 780
f 2322 782 781
f 2323 783 782
f 2323 782 2322
f 2320 1918 783
f 2320 783 2323
f 2328 779 778
f 2328 2322 779
f 2321 1918 2320
f 2032 2033 2453
f 2032 2453 2454
f 2319 1918 2321
f 2319 1429 1918
f 2327 778 777
f 2327 2328 778
f 2326 2327 777
f 2031 2032 2454
f 2325 777 776
f 2325 2326 777
f 2324 2325 776
f 2324 776 775
f 1206 2324 1207
f 1208 1207 2324
f 1205 2324 1206
f 1209 2324 775
f 1209 1208 2324
f 1209 775 774
f 1210 1209 774
f 1210 774 773
f 1211 1210 773
f 1211 773 772
f 1212 1211 772
f 1212 772 771
f 1204 1212 771
f 2329 1204 771
f 2329 771 2171
f 2330 2329 2171
f 2330 2171 2170
f 2331 2170 2169
f 2331 2330 2170
f 2332 2169 2168
f 2332 2331 2169
f 2333 2332 2168
f 2051 2334 2333
f 2051 2161 2160
f 2051 2162 2161
f 2051 2163 2162
f 2051 2164 2163
f 2051 2165 2164
f 2051 2166 2165
f 2051 2167 2166
f 2051 2168 2167
f 2051 2333 2168
f 2308 2335 2334
f 2308 2336 2335
f 2308 2334 2051
f 2307 2308 2051
f 2317 1429 2319
f 2306 2307 2051
f 2305 2306 2051
f 2043 2302 2303
f 2043 2303 2304
f 2043 2304 2305
f 2043 2305 2051
f 2301 2302 2043
f 2044 2301 2043
f 2309 2046 2047
f 2309 2047 2048
f 2309 2048 2049
f 2309 2049 2050
f 2309 2050 2042
f 2041 2309 2042
f 2057 2311 2310
f 2057 2313 2311
f 2295 2315 2314
f 2296 2315 2295
f 2296 2316 2315
f 2293 2316 2296
f 2294 2316 2293
f 2292 2316 2294
f 2292 2317 2318
f 2292 2318 2316
f 2055 2313 2057
f 2055 2312 2313
f 2055 2314 2312
f 2297 2295 2314
f 2297 2314 2055
f 2291 2317 2292
f 2058 2309 2041
f 2058 2057 2310
f 2058 2310 2309
f 2059 2041 2040
f 2059 2058 2041
f 2056 2297 2055
f 2065 2059 2040
f 2298 2297 2056
f 2064 2040 2037
f 2064 2065 2040
f 2063 2064 2037
f 2073 2298 2056
f 2062 2063 2037
f 2300 2298 2073
f 2061 2062 2037
f 2060 2035 2036
f 2060 2037 2038
f 2060 2038 2039
f 2060 2039 2035
f 2060 2061 2037
f 2072 2300 2073
f 2299 2300 2072
f 2071 2299 2072
f 2277 2299 2071
f 1994 2280 2278
f 2391 2282 2283
f 2392 2282 2391
f 2392 2287 2282
f 2389 2287 2392
f 2390 2289 2290
f 2390 2290 2287
f 2390 2287 2389
f 2397 2391 2283
f 2388 2288 2289
f 2388 2289 2390
f 2396 2397 2283
f 2396 2283 2284
f 2395 2284 2285
f 2395 2396 2284
f 1996 1994 2278
f 1996 2278 2276
f 2394 2395 2285
f 2394 2285 2286
f 1995 1996 2276
f 1993 2280 1994
f 1993 2279 2280
f 1968 1995 2276
f 2393 2394 2286
f 2393 2281 2279
f 2393 2286 2281
f 1967 2277 2071
f 1967 2276 2277
f 1967 2071 2070
f 1967 1968 2276
f 2398 2393 2279
f 2398 2279 1993
f 1969 1967 2070
f 1975 1969 2070
f 1974 2070 2067
f 1974 1975 2070
f 1973 1974 2067
f 1972 1973 2067
f 1990 2399 2398
f 1990 2398 1993
f 1971 1972 2067
f 1970 2067 2068
f 1970 2068 2069
f 1970 2069 2066
f 1970 1971 2067
f 1991 2399 1990
f 1976 1970 2066
f 2378 1991 1992
f 2378 1992 1989
f 2378 2399 1991
f 1987 2378 1989
f 2387 2288 2388
f 1986 1978 1977
f 1997 2380 2379
f 2357 2383 2384
f 2357 2384 2385
f 2357 2385 2386
f 2357 2386 2382
f 2000 2379 2377
f 2000 1997 2379
f 2358 2383 2357
f 2359 2383 2358
f 2360 2383 2359
f 2361 2383 2360
f 1999 2000 2377
f 2362 2383 2361
f 2363 2387 2383
f 2363 2383 2362
f 2365 2357 2382
f 2365 2382 2381
f 2366 2381 2380
f 2366 2365 2381
f 2355 2363 2364
f 2355 2364 2356
f 2001 1999 2377
f 2001 2378 1987
f 2001 2377 2378
f 2001 1987 1988
f 1998 2367 2366
f 1998 2366 2380
f 1998 2380 1997
f 2374 2367 1998
f 2003 1988 1979
f 2003 2001 1988
f 2373 2374 1998
f 2346 2363 2355
f 2024 2373 1998
f 2372 2373 2024
f 2371 2372 2024
f 2002 1979 1980
f 2002 1980 1981
f 2002 1981 1982
f 2002 1982 1983
f 2002 1983 1984
f 2002 1984 1985
f 2002 2003 1979
f 2370 2371 2024
f 2369 2370 2024
f 2016 2368 2369
f 2376 2016 2017
f 2376 2017 2018
f 2376 2018 2019
f 2376 2019 2020
f 2376 2020 2021
f 2376 2368 2016
f 2022 2376 2021
f 2375 2376 2022
f 2023 2375 2022
f 2023 2338 2375
f 2004 2002 1985
f 2015 2338 2023
f 2011 2006 2005
f 1756 2339 2340
f 1756 2343 2339
f 1757 2340 2341
f 1757 2341 2337
f 1757 1756 2340
f 1724 2337 2338
f 1724 2338 2015
f 1724 1757 2337
f 1724 2015 2014
f 1755 2342 2343
f 1755 2344 2342
f 1755 2343 1756
f 1723 2014 2012
f 1723 1724 2014
f 1729 1723 2012
f 1728 1729 2012
f 1728 2012 2013
f 1727 2013 2007
f 1727 1728 2013
f 1726 1727 2007
f 1725 2007 2008
f 1725 1726 2007
f 1734 1725 2008
f 1733 1734 2008
f 1733 2008 2009
f 2641 2346 2347
f 2641 2347 2348
f 2641 2348 2349
f 2641 2349 2350
f 2641 2350 2351
f 2641 2351 2352
f 2641 2352 2353
f 2642 2346 2641
f 2639 2346 2642
f 2640 2346 2639
f 2638 2346 2640
f 1732 1733 2009
f 1732 2009 2010
f 1731 1732 2010
f 2643 2641 2353
f 1157 2643 1158
f 1159 1158 2643
f 1156 2643 1157
f 1160 1159 2643
f 2644 2643 1156
f 1155 2644 1156
f 1161 2353 2354
f 1161 2643 2353
f 1161 1160 2643
f 1162 1161 2354
f 1162 2354 2345
f 1163 2345 2344
f 1163 1162 2345
f 1154 1163 2344
f 1754 2645 1154
f 1754 2646 2645
f 1754 2647 2646
f 1754 2648 2647
f 1754 2649 2648
f 1754 2650 2649
f 1754 2651 2650
f 1754 1154 2344
f 1754 2344 1755
f 2626 2652 2651
f 2626 2653 2652
f 2626 2651 1754
f 1752 2626 1754
f 2625 2626 1752
f 2624 2625 1752
f 1753 2624 1752
f 2623 2624 1753
f 2622 2623 1753
f 2621 2622 1753
f 2620 2621 1753
f 1745 2619 2620
f 1746 2619 1745
f 1747 2619 1746
f 2627 2619 1747
f 2627 1747 1748
f 2627 1748 1749
f 2627 1749 1750
f 2627 1750 1751
f 1744 2627 1751
f 1739 2627 1744
f 1760 2629 2628
f 1760 2632 2629
f 1761 2630 2631
f 1761 2631 2632
f 1761 2632 1760
f 1758 2633 2630
f 1758 2630 1761
f 1762 1760 2628
f 1763 2628 2627
f 1763 2627 1739
f 1763 1762 2628
f 1768 1739 1740
f 1768 1763 1739
f 1767 1740 1741
f 1767 1768 1740
f 1766 1767 1741
f 1765 1741 1742
f 1765 1766 1741
f 1764 1742 1743
f 1764 1743 1738
f 1764 1765 1742
f 1773 1764 1738
f 1772 1773 1738
f 2602 2634 2635
f 2602 2635 2633
f 2602 2636 2634
f 2603 2636 2602
f 2600 2636 2603
f 2601 2636 2600
f 2599 2637 2636
f 2599 2636 2601
f 1771 1738 1736
f 1771 1772 1738
f 1770 1771 1736
f 2604 2602 2633
f 2605 2633 1758
f 2605 2604 2633
f 1759 2606 2605
f 1759 2605 1758
f 2613 2606 1759
f 2612 2613 1759
f 1790 2612 1759
f 2611 2612 1790
f 2610 2611 1790
f 2609 2610 1790
f 2608 2609 1790
f 1783 2607 2608
f 1784 2607 1783
f 1785 2607 1784
f 2614 2607 1785
f 2614 1785 1786
f 2614 1786 1787
f 2614 1787 1788
f 2614 1788 1789
f 1782 2614 1789
f 1777 2614 1782
f 1672 2618 2616
f 2694 2595 2596
f 2694 2596 2593
f 2695 2595 2694
f 2695 2597 2595
f 2692 2597 2695
f 2693 2597 2692
f 2691 2598 2597
f 2691 2597 2693
f 1684 2618 1672
f 1684 2594 2617
f 1684 2617 2618
f 2696 2694 2593
f 1671 1672 2616
f 1671 2616 2615
f 1685 2593 2594
f 1685 2594 1684
f 1685 2696 2593
f 1673 1671 2615
f 1673 2614 1777
f 1673 2615 2614
f 1679 1777 1778
f 1679 1673 1777
f 2697 1685 1686
f 2697 2696 1685
f 2690 2598 2691
f 1678 1679 1778
f 1678 1778 1779
f 2700 2697 1686
f 1677 1779 1780
f 1677 1678 1779
f 1676 1780 1781
f 1676 1677 1780
f 2699 2700 1686
f 1675 1676 1781
f 1675 1781 1776
f 1674 1675 1776
f 1674 1776 1775
f 1683 2699 1686
f 2698 2699 1683
f 2702 2698 1683
f 1682 2702 1683
f 2701 2702 1682
f 1689 2706 2704
f 2662 2681 2682
f 2662 2689 2681
f 2670 2662 2682
f 2670 2682 2683
f 2663 2689 2662
f 2669 2670 2683
f 2669 2683 2684
f 1692 1689 2704
f 1692 2704 2703
f 2664 2689 2663
f 2664 2688 2689
f 2665 2688 2664
f 2661 2688 2665
f 2661 2690 2688
f 2668 2669 2684
f 2668 2684 2685
f 2668 2685 2686
f 1691 1692 2703
f 2667 2668 2686
f 2667 2686 2687
f 1690 1691 2703
f 1687 2706 1689
f 1687 2678 2679
f 1687 2679 2705
f 1687 2705 2706
f 2666 2680 2678
f 2666 2667 2687
f 2666 2687 2680
f 1693 2701 1682
f 1693 1682 1681
f 1693 1690 2703
f 1693 2703 2701
f 2671 2666 2678
f 1694 1693 1681
f 1700 1694 1681
f 1699 1681 1680
f 1699 1700 1681
f 1688 2678 1687
f 1688 2671 2678
f 1688 2673 2671
f 1698 1699 1680
f 1697 1698 1680
f 2672 2673 1688
f 1719 2672 1688
f 1696 1697 1680
f 1695 1696 1680
f 1705 1695 1680
f 1720 2672 1719
f 1704 1705 1680
f 1703 1704 1680
f 1702 1703 1680
f 2674 1720 1721
f 2674 1721 1722
f 2674 2672 1720
f 2674 1722 1718
f 1706 1701 1702
f 1716 2674 1718
f 1715 1707 1706
f 1868 2676 2675
f 1868 2677 2676
f 1841 1868 2675
f 1867 2654 2655
f 1867 2677 1868
f 1867 2655 2677
f 884 2658 2659
f 884 2659 2660
f 885 2660 2656
f 885 884 2660
f 883 2658 884
f 883 2657 2658
f 886 885 2656
f 886 2656 2654
f 882 2657 883
f 887 886 2654
f 881 2657 882
f 888 887 2654
f 880 2657 881
f 889 888 2654
f 879 2657 880
f 866 889 2654
f 878 2657 879
f 2106 866 2654
f 2107 2106 2654
f 2107 2654 1867
f 2108 2107 1867
f 2109 2108 1867
f 2110 2109 1867
f 2111 2110 1867
f 2112 2111 1867
f 2113 2112 1867
f 2114 2113 1867
f 2115 2114 1867
f 2116 2115 1867
f 2117 2116 1867
f 1840 2675 2674
f 1840 2674 1716
f 1840 1841 2675
f 1846 1840 1716
f 1845 1846 1716
f 1845 1716 1717
f 1844 1845 1717
f 1844 1717 1708
f 1843 1844 1708
f 1842 1843 1708
f 1842 1708 1709
f 1842 1709 1710
f 1842 1710 1711
f 1850 1842 1711
f 2533 2657 878
f 2533 875 874
f 2533 876 875
f 2533 877 876
f 2533 878 877
f 1849 1850 1711
f 1849 1711 1712
f 2538 2533 874
f 1848 1712 1713
f 1848 1849 1712
f 1847 1713 1714
f 1847 1848 1713
f 2532 2657 2533
f 837 873 872
f 837 836 873
f 835 874 873
f 835 2537 2538
f 835 873 836
f 835 2538 874
f 838 871 870
f 838 872 871
f 838 837 872
f 834 2536 2537
f 834 2537 835
f 839 838 870
f 833 2534 2535
f 833 2535 2536
f 833 2536 834
f 840 839 870
f 840 870 869
f 832 2534 833
f 841 869 868
f 841 840 869
f 831 2534 832
f 818 868 867
f 818 841 868
f 830 2534 831
f 2128 867 2127
f 2128 818 867
f 829 2534 830
f 2129 2128 2127
f 2129 2127 2126
f 828 2534 829
f 2130 2129 2126
f 2130 2125 2124
f 2130 2126 2125
f 827 2534 828
f 2131 2130 2124
f 826 2534 827
f 2132 2131 2124
f 2132 2123 2122
f 2132 2124 2123
f 825 2534 826
f 2133 2132 2122
f 824 2534 825
f 823 2534 824
f 822 2534 823
f 821 2534 822
f 820 2534 821
f 2539 2138 2137
f 2539 2139 2138
f 2539 2140 2139
f 2539 2141 2140
f 2539 2142 2141
f 2539 2143 2142
f 2539 2144 2143
f 2539 2145 2144
f 2539 2146 2145
f 2539 2147 2146
f 2539 2148 2147
f 2539 2149 2148
f 2539 819 2149
f 1866 2118 2117
f 1866 2119 2118
f 1866 2120 2119
f 1866 2121 2120
f 1866 2122 2121
f 1866 2133 2122
f 1866 2134 2133
f 1866 2135 2134
f 1866 2136 2135
f 1866 2137 2136
f 1866 2539 2137
f 2540 2539 1866
f 2548 2540 1866
f 2547 2548 1866
f 1862 2547 1866
f 1862 2543 2544
f 1862 2544 2545
f 1862 2545 2546
f 1862 2546 2547
f 2542 2543 1862
f 2541 2542 1862
f 1863 2541 1862
f 2549 1863 1864
f 2549 1864 1865
f 2549 1865 1861
f 1860 2549 1861
f 2550 2549 1860
f 1871 2551 2550
f 1871 2552 2551
f 2513 2531 2529
f 2514 2531 2513
f 2511 2531 2514
f 2512 2531 2511
f 2510 2531 2512
f 1869 2529 2530
f 1869 2530 2552
f 1869 2552 1871
f 2509 2532 2531
f 2509 2531 2510
f 2515 2513 2529
f 2515 2529 1869
f 1872 1860 1855
f 1872 2550 1860
f 1872 1871 2550
f 1873 1872 1855
f 1870 2515 1869
f 1879 1855 1856
f 1879 1873 1855
f 2516 2515 1870
f 1878 1856 1857
f 1878 1879 1856
f 1877 1878 1857
f 1887 2516 1870
f 1876 1857 1858
f 1876 1877 1857
f 2518 2516 1887
f 1875 1858 1859
f 1875 1859 1852
f 1875 1876 1858
f 1874 1852 1853
f 1874 1853 1854
f 1874 1854 1851
f 1874 1875 1852
f 1886 2518 1887
f 2517 2518 1886
f 2520 2517 1886
f 1885 2520 1886
f 1885 2519 2520
f 1884 2519 1885
f 1793 2528 2522
f 1800 1793 2522
f 1800 2522 2523
f 1799 1800 2523
f 1798 1799 2523
f 1794 2526 2527
f 1794 2524 2525
f 1794 2525 2526
f 1797 1798 2523
f 1796 1797 2523
f 1796 2523 2521
f 1791 2524 1794
f 1791 2502 2503
f 1791 2503 2524
f 1795 1796 2521
f 1801 2519 1884
f 1801 1795 2521
f 1801 2521 2519
f 1802 1884 1881
f 1802 1801 1884
f 1805 1802 1881
f 1804 1805 1881
f 1803 1804 1881
f 1803 1881 1882
f 1803 1882 1883
f 1803 1883 1880
f 2583 2505 2506
f 2583 2506 2504
f 2583 2507 2508
f 2583 2508 2505
f 2584 2507 2583
f 2585 2507 2584
f 2582 2507 2585
f 2586 2583 2504
f 2586 2504 2502
f 1792 2586 2502
f 1792 2587 2586
f 1792 2502 1791
f 1813 2587 1792
f 2588 2587 1813
f 1812 2588 1813
f 2589 2588 1812
f 1811 2589 1812
f 1810 2589 1811
f 2590 2589 1810
f 2563 2579 2562
f 2560 2579 2563
f 2561 2579 2560
f 2568 2562 2579
f 2568 2579 2580
f 2559 2579 2561
f 1839 1837 2591
f 1839 2591 2590
f 2567 2568 2580
f 2567 2580 2581
f 2566 2581 2577
f 2566 2567 2581
f 1838 1839 2590
f 2565 2577 2578
f 2565 2566 2577
f 1815 1838 2590
f 1836 2591 1837
f 1836 2576 2592
f 1836 2592 2591
f 2564 2578 2575
f 2564 2565 2578
f 1039 1040 2575
f 1041 2575 1040
f 1038 1039 2575
f 1042 2575 1041
f 1037 2575 2576
f 1037 1038 2575
f 1043 2564 2575
f 1043 2575 1042
f 1036 1037 2576
f 1044 2564 1043
f 1035 1036 2576
f 1045 2564 1044
f 1034 1035 2576
f 1046 2564 1045
f 2105 2576 1836
f 2105 1034 2576
f 1047 2564 1046
f 2104 2105 1836
f 1048 2564 1047
f 2103 2104 1836
f 1049 2564 1048
f 2102 2103 1836
f 1050 2564 1049
f 2101 2102 1836
f 1051 2564 1050
f 2100 2101 1836
f 1052 2564 1051
f 2099 2100 1836
f 1053 2564 1052
f 2098 2099 1836
f 1054 2564 1053
f 2097 2098 1836
f 2569 2564 1054
f 2569 1054 1055
f 2569 1055 1056
f 2569 1056 1009
f 2569 1009 2084
f 2569 2084 2085
f 2569 2085 2086
f 2569 2086 2087
f 2569 2087 2088
f 2569 2088 2089
f 2569 2089 2090
f 1814 2590 1810
f 1814 1815 2590
f 1814 1810 1807
f 1818 1814 1807
f 1817 1818 1807
f 1833 2569 2090
f 1833 2570 2569
f 1833 2090 2091
f 1833 2091 2092
f 1816 1817 1807
f 1816 1807 1808
f 1816 1808 1809
f 1816 1809 1806
f 1834 2570 1833
f 2571 1834 1835
f 2571 1835 1832
f 2571 2570 1834
f 1819 1816 1806
f 2077 2555 2553
f 2077 2556 2555
f 2078 2077 2553
f 2082 2079 2078
f 2081 2082 2078
f 2080 2078 2553
f 2080 2081 2078
f 1444 2657 2532
f 1444 2557 2558
f 1444 2558 2556
f 1444 2559 2557
f 1444 2579 2559
f 1444 2074 2075
f 1444 2076 2074
f 1444 2077 2076
f 1444 2582 2579
f 1444 2075 2083
f 1444 2532 2509
f 1444 2509 2507
f 1444 2556 2077
f 1444 2507 2582
f 1830 2571 1832
f 1829 1821 1820
f 2554 2080 2553
f 1659 2573 2572
f 1660 2574 2573
f 1660 2573 1659
f 1661 2574 1660
f 1658 2554 2574
f 1658 2574 1661
f 1662 2571 1830
f 1662 2572 2571
f 1662 1659 2572
f 1445 2080 2554
f 1445 1444 2083
f 1445 2554 1658
f 1445 2083 2080
f 1663 1662 1830
f 1668 1663 1830
f 1667 1830 1831
f 1667 1831 1822
f 1667 1668 1830
f 1666 1667 1822
f 1665 1666 1822
f 1664 1824 1825
f 1664 1825 1826
f 1664 1826 1827
f 1664 1827 1828
f 1664 1665 1822
f 1664 1822 1823
f 1664 1823 1824
f 1449 1828 1829
f 1449 1829 1820
f 1449 1669 1664
f 1449 1670 1669
f 1449 1448 1670
f 1449 1664 1828
f 1429 2363 1444
f 2363 2346 1444
f 2346 2638 1444
f 2638 2637 1444
f 2637 2599 1444
f 2599 2598 1444
f 2598 2690 1444
f 2690 2661 1444
f 2661 2657 1444
f 1429 2387 2363
f 1429 2288 2387
f 1429 2291 2288
f 1429 2317 2291
f 1449 1770 1350
f 1770 1737 1350
f 1737 1735 1350
f 1735 1731 1350
f 1731 2011 1350
f 2011 2005 1350
f 2005 2004 1350
f 2004 1985 1350
f 1985 1986 1350
f 1986 1977 1350
f 1977 1976 1350
f 1976 2066 1350
f 2066 2060 1350
f 2060 2036 1350
f 2036 2034 1350
f 2034 2031 1350
f 2031 2455 1350
f 2455 2446 1350
f 2446 2445 1350
f 2445 2441 1350
f 2441 1902 1350
f 1902 1896 1350
f 1896 1895 1350
f 1895 1955 1350
f 1955 1956 1350
f 1956 1947 1350
f 1947 1946 1350
f 1449 1769 1770
f 1449 1774 1769
f 1449 1775 1774
f 1449 1674 1775
f 1449 1702 1674
f 1702 1680 1674
f 1770 1736 1737
f 1735 1730 1731
f 1731 2010 2011
f 2034 2030 2031
f 2031 2454 2455
f 2441 1901 1902
f 1449 1706 1702
f 1449 1715 1706
f 1449 1714 1715
f 1449 1847 1714
f 1449 1851 1847
f 1449 1874 1851
f 1449 1880 1874
f 1449 1803 1880
f 1449 1806 1803
f 1449 1819 1806
f 1449 1820 1819
f 1745 2620 1753
f 1783 2608 1790
f 1794 2528 1793
f 1794 2527 2528
f 1833 2094 1836
f 2094 2095 1836
f 2095 2096 1836
f 2096 2097 1836
f 1833 2093 2094
f 1833 2092 2093
f 1866 2117 1867
f 1907 2494 1915
f 2016 2369 2024
f 2051 2160 2052
f 2160 2159 2052
f 2301 2044 2309
f 2044 2045 2309
f 2045 2046 2309
f 2461 2479 2460
f 2534 819 2539
f 2534 820 819
f 2541 1863 2549
f 2707 1301 1302
f 2707 2729 1301
f 2708 2730 2729
f 2708 2729 2707
f 2709 2731 2730
f 2709 2732 2731
f 2709 2730 2708
f 2710 2732 2709
f 2711 2733 2732
f 2711 2734 2733
f 2711 2732 2710
f 2712 2734 2711
f 2713 2735 2734
f 2713 2734 2712
f 2714 2736 2735
f 2714 2735 2713
f 2715 2737 2736
f 2715 2736 2714
f 2716 2738 2737
f 2716 2737 2715
f 2717 2739 2738
f 2717 2738 2716
f 2718 2739 2717
f 2718 2740 2739
f 2719 2740 2718
f 2719 2741 2740
f 2720 2741 2719
f 2720 2742 2741
f 2721 2742 2720
f 2721 2743 2742
f 2722 2743 2721
f 2722 2744 2743
f 2723 2744 2722
f 2723 2745 2744
f 2724 2745 2723
f 2724 2746 2745
f 2725 2746 2724
f 2725 2747 2746
f 2726 2747 2725
f 2726 2748 2747
f 2727 2748 2726
f 2727 2749 2748
f 2728 2749 2727
f 2728 2750 2749
f 1303 2750 2728
f 1303 1326 2750
f 2772 1253 1254
f 2772 2794 1253
f 2771 2793 2794
f 2771 2794 2772
f 2770 2792 2793
f 2770 2793 2771
f 2769 2791 2792
f 2769 2792 2770
f 2768 2790 2791
f 2768 2791 2769
f 2767 2789 2790
f 2767 2790 2768
f 2766 2788 2789
f 2766 2789 2767
f 2765 2787 2788
f 2765 2788 2766
f 2764 2786 2787
f 2764 2787 2765
f 2763 2785 2786
f 2763 2786 2764
f 2762 2784 2785
f 2762 2785 2763
f 2761 2784 2762
f 2761 2783 2784
f 2760 2783 2761
f 2760 2782 2783
f 2759 2782 2760
f 2759 2781 2782
f 2758 2781 2759
f 2758 2780 2781
f 2757 2780 2758
f 2757 2779 2780
f 2756 2779 2757
f 2756 2778 2779
f 2755 2778 2756
f 2755 2776 2777
f 2755 2777 2778
f 2754 2776 2755
f 2754 2775 2776
f 2753 2775 2754
f 2752 2775 2753
f 2752 2774 2775
f 2751 2773 2774
f 2751 2774 2752
f 1277 1278 2773
f 1277 2773 2751
f 2329 1203 1204
f 2329 2832 1203
f 2330 2831 2832
f 2330 2832 2329
f 2331 2830 2831
f 2331 2831 2330
f 2332 2829 2830
f 2332 2830 2331
f 2333 2828 2829
f 2333 2829 2332
f 2334 2827 2828
f 2334 2828 2333
f 2335 2826 2827
f 2335 2827 2334
f 2810 2825 2826
f 2810 2826 2335
f 2336 2810 2335
f 2809 2824 2825
f 2809 2825 2810
f 2808 2823 2824
f 2808 2824 2809
f 2807 2822 2823
f 2807 2823 2808
f 2806 2821 2822
f 2806 2822 2807
f 2805 2821 2806
f 2805 2820 2821
f 2804 2820 2805
f 2804 2819 2820
f 2803 2819 2804
f 2803 2818 2819
f 2802 2818 2803
f 2802 2817 2818
f 2801 2817 2802
f 2801 2816 2817
f 2800 2816 2801
f 2800 2815 2816
f 2799 2815 2800
f 2799 2814 2815
f 2798 2813 2814
f 2798 2814 2799
f 2797 2812 2813
f 2797 2813 2798
f 2796 2811 2812
f 2796 2812 2797
f 2795 1230 2811
f 2795 2811 2796
f 1229 1230 2795
f 2645 1153 1154
f 2645 2869 1153
f 2646 2868 2869
f 2646 2869 2645
f 2647 2867 2868
f 2647 2868 2646
f 2648 2866 2867
f 2648 2867 2647
f 2649 2865 2866
f 2649 2866 2648
f 2650 2864 2865
f 2650 2865 2649
f 2651 2863 2864
f 2651 2864 2650
f 2652 2862 2863
f 2652 2863 2651
f 2847 2861 2862
f 2847 2862 2652
f 2653 2847 2652
f 2846 2860 2861
f 2846 2861 2847
f 2845 2859 2860
f 2845 2860 2846
f 2844 2858 2859
f 2844 2859 2845
f 2843 2858 2844
f 2843 2857 2858
f 2842 2857 2843
f 2842 2856 2857
f 2841 2856 2842
f 2841 2855 2856
f 2840 2855 2841
f 2840 2854 2855
f 2839 2854 2840
f 2839 2853 2854
f 2838 2853 2839
f 2838 2852 2853
f 2837 2852 2838
f 2837 2851 2852
f 2836 2850 2851
f 2836 2851 2837
f 2835 2849 2850
f 2835 2850 2836
f 2834 2848 2849
f 2834 2849 2835
f 2833 1180 2848
f 2833 2848 2834
f 1179 1180 2833
f 2871 1488 1487
f 2875 2871 1487
f 2870 2872 1487
f 2872 2873 1487
f 2873 2874 1487
f 2874 2875 1487
f 79 80 1540
f 81 1540 80
f 78 79 1540
f 82 1540 81
f 77 78 1540
f 83 1540 82
f 76 77 1540
f 84 1540 83
f 75 1540 1539
f 75 76 1540
f 85 1540 84
f 74 75 1539
f 86 1540 85
f 2976 74 1539
f 87 1540 86
f 2975 2976 1539
f 88 1540 87
f 2974 2975 1539
f 2973 2974 1539
f 2972 2973 1539
f 2971 2972 1539
f 2970 2971 1539
f 2969 2970 1539
f 2968 2969 1539
f 2967 2968 1539
f 2966 2967 1539
f 2965 2966 1539
f 2964 2965 1539
f 128 91 92
f 127 128 92
f 127 92 93
f 129 91 128
f 129 90 91
f 126 127 93
f 126 93 94
f 130 90 129
f 130 89 90
f 125 126 94
f 125 94 95
f 131 89 130
f 131 88 89
f 124 125 95
f 124 95 96
f 132 88 131
f 132 1540 88
f 123 124 96
f 123 96 49
f 133 1540 132
f 122 123 49
f 122 49 2955
f 134 1540 133
f 2954 2955 2956
f 2954 122 2955
f 2953 2954 2956
f 2953 2956 2957
f 2952 2957 2958
f 2952 2953 2957
f 2951 2952 2958
f 2951 2958 2959
f 2950 2951 2959
f 2950 2959 2960
f 2949 2950 2960
f 2949 2960 2961
f 2948 2961 2962
f 2948 2949 2961
f 2947 2948 2962
f 2947 2962 2963
f 2946 2964 1539
f 2946 2963 2964
f 2946 2947 2963
f 2945 2946 1539
f 223 224 139
f 223 139 140
f 223 140 141
f 225 139 224
f 225 137 138
f 225 138 139
f 222 223 141
f 226 137 225
f 221 222 141
f 221 141 142
f 227 137 226
f 227 135 136
f 227 136 137
f 220 142 143
f 220 221 142
f 228 134 135
f 228 135 227
f 219 143 144
f 219 144 97
f 219 220 143
f 229 134 228
f 229 1540 134
f 218 219 97
f 2910 218 97
f 2910 97 2933
f 2909 2933 2934
f 2909 2910 2933
f 2908 2934 2935
f 2908 2935 2936
f 2908 2909 2934
f 2907 2908 2936
f 2906 2936 2937
f 2906 2907 2936
f 2905 2937 2938
f 2905 2906 2937
f 2904 2905 2938
f 2904 2938 2939
f 2903 2939 2940
f 2903 2904 2939
f 2902 2940 2941
f 2902 2941 2942
f 2902 2903 2940
f 2901 2902 2942
f 175 176 235
f 175 235 236
f 177 235 176
f 177 234 235
f 174 236 237
f 174 175 236
f 178 234 177
f 178 233 234
f 173 174 237
f 173 237 238
f 179 233 178
f 179 232 233
f 172 238 239
f 172 173 238
f 180 230 231
f 180 231 232
f 180 232 179
f 171 172 239
f 171 239 240
f 181 230 180
f 170 240 193
f 170 193 2889
f 170 171 240
f 2932 2889 2890
f 2932 170 2889
f 2931 2932 2890
f 2930 2890 2891
f 2930 2931 2890
f 2929 2891 2892
f 2929 2930 2891
f 2928 2892 2893
f 2928 2929 2892
f 2927 2893 2894
f 2927 2928 2893
f 2926 2894 2895
f 2926 2927 2894
f 2925 2895 2896
f 2925 2896 2897
f 2925 2926 2895
f 2924 2925 2897
f 2923 2897 2898
f 2923 2924 2897
f 32 186 187
f 31 187 188
f 31 32 187
f 33 186 32
f 33 185 186
f 30 31 188
f 30 188 189
f 34 185 33
f 34 184 185
f 29 189 190
f 29 30 189
f 28 29 190
f 28 190 191
f 27 28 191
f 27 191 192
f 26 192 145
f 26 27 192
f 2998 26 145
f 2998 145 2911
f 2997 2911 2912
f 2997 2998 2911
f 2996 2997 2912
f 2996 2912 2913
f 2995 2996 2913
f 2995 2913 2914
f 2994 2995 2914
f 2994 2914 2915
f 2993 2994 2915
f 2993 2915 2916
f 2992 2993 2916
f 2992 2916 2917
f 2991 2992 2917
f 2991 2917 2918
f 2884 34 35
f 2883 35 36
f 2883 2884 35
f 2885 184 34
f 2885 34 2884
f 2882 36 37
f 2882 2883 36
f 2886 183 184
f 2886 184 2885
f 2881 37 38
f 2881 2882 37
f 2887 183 2886
f 2887 182 183
f 2880 38 39
f 2880 2881 38
f 2888 182 2887
f 2888 230 181
f 2888 181 182
f 2879 39 40
f 2879 2880 39
f 2878 230 2888
f 2878 229 230
f 2878 1540 229
f 2876 40 41
f 2876 41 42
f 2876 42 43
f 2876 43 44
f 2876 44 45
f 2876 45 46
f 2876 46 47
f 2876 47 48
f 2876 48 1
f 2876 2879 40
f 2877 2991 2918
f 2877 1 2977
f 2877 2977 2978
f 2877 2978 2979
f 2877 2979 2980
f 2877 2980 2981
f 2877 2981 2982
f 2877 2982 2983
f 2877 2983 2984
f 2877 2984 2985
f 2877 2985 2986
f 2877 2986 2987
f 2877 2987 2988
f 2877 2988 2989
f 2877 2989 2990
f 2877 2990 2991
f 2877 2918 2919
f 2877 2919 2920
f 2877 2876 1
f 2877 2944 1539
f 2944 2945 1539
f 2877 2943 2944
f 2877 2942 2943
f 2877 2900 2942
f 2900 2901 2942
f 2877 2899 2900
f 2877 2898 2899
f 2877 2922 2898
f 2922 2923 2898
f 2877 2921 2922
f 2877 2920 2921
f 56 1591 57
f 58 57 1591
f 55 1591 56
f 59 58 1591
f 54 1591 55
f 60 59 1591
f 53 1591 54
f 61 60 1591
f 52 1591 53
f 62 61 1591
f 51 1592 1591
f 51 1591 52
f 63 62 1591
f 3058 1592 51
f 64 63 1591
f 3057 1592 3058
f 65 64 1591
f 3056 1592 3057
f 3055 1592 3056
f 3054 1592 3055
f 3053 1592 3054
f 3052 1592 3053
f 3051 1592 3052
f 3050 1592 3051
f 3049 1592 3050
f 3048 1592 3049
f 3047 1592 3048
f 3046 1592 3047
f 3045 1592 3046
f 105 69 68
f 104 70 69
f 104 69 105
f 106 68 67
f 106 105 68
f 103 71 70
f 103 70 104
f 107 67 66
f 107 106 67
f 102 72 71
f 102 71 103
f 108 66 65
f 108 107 66
f 101 73 72
f 101 72 102
f 109 108 65
f 109 65 1591
f 100 50 73
f 100 73 101
f 110 109 1591
f 99 50 100
f 99 3037 50
f 111 110 1591
f 3080 3037 99
f 3080 3038 3037
f 3079 3038 3080
f 3079 3039 3038
f 3078 3039 3079
f 3078 3040 3039
f 3077 3041 3040
f 3077 3040 3078
f 3076 3041 3077
f 3076 3042 3041
f 3075 3043 3042
f 3075 3042 3076
f 3074 3044 3043
f 3074 3043 3075
f 3073 3045 3044
f 3073 3044 3074
f 3072 1592 3045
f 3072 3045 3073
f 3071 1592 3072
f 200 117 116
f 200 118 117
f 200 116 201
f 202 115 114
f 202 116 115
f 202 201 116
f 199 118 200
f 203 114 113
f 203 202 114
f 198 118 199
f 198 119 118
f 204 203 113
f 197 119 198
f 197 120 119
f 205 112 111
f 205 113 112
f 205 204 113
f 196 120 197
f 196 121 120
f 196 98 121
f 206 205 111
f 206 111 1591
f 195 98 196
f 3124 3059 98
f 3124 3060 3059
f 3124 98 195
f 3123 3061 3060
f 3123 3060 3124
f 3122 3061 3123
f 3121 3062 3061
f 3121 3061 3122
f 3120 3063 3062
f 3120 3062 3121
f 3119 3064 3063
f 3119 3063 3120
f 3118 3065 3064
f 3118 3066 3065
f 3118 3064 3119
f 3117 3066 3118
f 3117 3067 3066
f 3116 3067 3117
f 3115 3068 3067
f 3115 3067 3116
f 152 213 212
f 152 212 153
f 154 212 211
f 154 153 212
f 151 214 213
f 151 213 152
f 155 211 210
f 155 154 211
f 150 214 151
f 150 215 214
f 156 210 209
f 156 155 210
f 149 215 150
f 149 216 215
f 149 217 216
f 157 156 209
f 157 209 208
f 148 217 149
f 158 208 207
f 158 157 208
f 147 217 148
f 147 194 217
f 3102 3103 194
f 3102 194 147
f 3101 3104 3103
f 3101 3103 3102
f 3100 3105 3104
f 3100 3104 3101
f 3099 3106 3105
f 3099 3105 3100
f 3098 3107 3106
f 3098 3106 3099
f 3097 3108 3107
f 3097 3107 3098
f 3096 3109 3108
f 3096 3108 3097
f 3095 3110 3109
f 3095 3109 3096
f 3094 3111 3110
f 3094 3110 3095
f 3093 3112 3111
f 3093 3111 3094
f 9 164 163
f 8 164 9
f 8 165 164
f 10 9 163
f 10 163 162
f 7 165 8
f 7 166 165
f 11 10 162
f 11 162 161
f 6 166 7
f 6 167 166
f 5 167 6
f 5 168 167
f 4 168 5
f 4 169 168
f 3 146 169
f 3 169 4
f 3036 146 3
f 3036 3081 146
f 3035 3081 3036
f 3035 3082 3081
f 3034 3083 3082
f 3034 3082 3035
f 3033 3083 3034
f 3033 3084 3083
f 3032 3084 3033
f 3032 3085 3084
f 3031 3085 3032
f 3031 3086 3085
f 3030 3086 3031
f 3030 3087 3086
f 3029 3087 3030
f 3008 12 11
f 3007 11 161
f 3007 207 206
f 3007 158 207
f 3007 206 1591
f 3007 3008 11
f 3007 159 158
f 3007 160 159
f 3007 161 160
f 3009 13 12
f 3009 12 3008
f 3010 14 13
f 3010 13 3009
f 3011 15 14
f 3011 14 3010
f 3012 15 3011
f 3012 16 15
f 3013 16 3012
f 3013 17 16
f 3014 17 3013
f 3014 18 17
f 3014 19 18
f 3014 20 19
f 3014 21 20
f 3014 22 21
f 3014 23 22
f 3014 24 23
f 3014 25 24
f 3014 2 25
f 2999 2 3014
f 2999 3015 2
f 2999 3016 3015
f 2999 3017 3016
f 2999 3018 3017
f 2999 3019 3018
f 2999 3020 3019
f 2999 3021 3020
f 2999 3022 3021
f 2999 3023 3022
f 3000 3024 3023
f 3000 3023 2999
f 3001 3025 3024
f 3001 3024 3000
f 3002 3026 3025
f 3002 3025 3001
f 3003 3026 3002
f 3003 3027 3026
f 3004 3027 3003
f 3004 3028 3027
f 3005 3029 3028
f 3005 3028 3004
f 3006 3088 3087
f 3006 3089 3088
f 3006 3090 3089
f 3006 3087 3029
f 3006 3029 3005
f 3006 1592 3070
f 3070 1592 3071
f 3006 3070 3069
f 3006 3069 3068
f 3006 3068 3114
f 3114 3068 3115
f 3006 3114 3113
f 3006 3113 3112
f 3006 3112 3092
f 3092 3112 3093
f 3006 3092 3091
f 3006 3091 3090
f 1527 1526 3125
f 1527 3125 3126
f 1500 3127 1501
f 1500 3128 3127
f 1506 3129 3130
f 1506 3130 1507
f 1135 1136 1553
f 1137 1553 1136
f 1134 1135 1553
f 1138 1553 1137
f 1133 1134 1553
f 1139 1553 1138
f 1132 1133 1553
f 1140 1553 1139
f 1131 1132 1553
f 1141 1553 1140
f 1130 1553 1552
f 1130 1131 1553
f 1142 1553 1141
f 3350 1130 1552
f 1143 1553 1142
f 3349 3350 1552
f 1144 1553 1143
f 3348 3349 1552
f 3347 3348 1552
f 3346 3347 1552
f 3345 3346 1552
f 3344 3345 1552
f 3343 3344 1552
f 3342 3343 1552
f 3341 3342 1552
f 3340 3341 1552
f 3339 3340 1552
f 3338 3339 1552
f 3337 3338 1552
f 932 1149 1150
f 933 1150 1151
f 933 932 1150
f 931 1149 932
f 934 933 1151
f 930 1148 1149
f 930 1149 931
f 935 1151 1152
f 935 934 1151
f 929 1148 930
f 936 935 1152
f 928 1147 1148
f 928 1148 929
f 937 1152 1105
f 937 936 1152
f 927 1146 1147
f 927 1147 928
f 914 937 1105
f 926 1145 1146
f 926 1146 927
f 3263 1105 3329
f 3263 914 1105
f 925 1145 926
f 925 1144 1145
f 3264 3263 3329
f 924 1144 925
f 3265 3264 3329
f 3265 3329 3330
f 3266 3265 3330
f 3267 3330 3331
f 3267 3266 3330
f 3268 3267 3331
f 3268 3331 3332
f 3269 3268 3332
f 3270 3332 3333
f 3270 3269 3332
f 3271 3270 3333
f 3272 3271 3333
f 3272 3333 3334
f 3273 3334 3335
f 3273 3272 3334
f 3274 3273 3335
f 3274 3335 3336
f 3275 3274 3336
f 3275 3336 3337
f 3276 3275 3337
f 608 922 921
f 607 608 921
f 607 921 920
f 609 922 608
f 609 923 922
f 606 607 920
f 606 920 919
f 610 923 609
f 610 924 923
f 605 606 919
f 605 919 918
f 611 1553 1144
f 611 924 610
f 611 1144 924
f 604 605 918
f 604 918 917
f 612 1553 611
f 603 604 917
f 603 917 916
f 613 1553 612
f 602 603 916
f 602 916 915
f 614 1553 613
f 3196 915 3284
f 3196 602 915
f 3195 3284 3283
f 3195 3196 3284
f 3194 3283 3282
f 3194 3195 3283
f 3193 3282 3281
f 3193 3194 3282
f 3192 3193 3281
f 3192 3281 3280
f 3191 3280 3279
f 3191 3192 3280
f 3190 3279 3278
f 3190 3191 3279
f 3189 3278 3277
f 3189 3190 3278
f 3188 3277 3276
f 3188 3189 3277
f 3187 3276 3337
f 3187 3337 1552
f 3187 3188 3276
f 3186 3187 1552
f 655 619 620
f 655 620 621
f 655 656 619
f 657 618 619
f 657 619 656
f 654 655 621
f 658 617 618
f 658 618 657
f 653 621 622
f 653 654 621
f 659 616 617
f 659 617 658
f 652 622 623
f 652 653 622
f 660 615 616
f 660 616 659
f 651 623 624
f 651 652 623
f 661 614 615
f 661 615 660
f 661 1553 614
f 650 651 624
f 650 624 577
f 650 577 3175
f 662 1553 661
f 3218 650 3175
f 3217 3175 3176
f 3217 3176 3177
f 3217 3218 3175
f 3216 3217 3177
f 3215 3177 3178
f 3215 3216 3177
f 3214 3178 3179
f 3214 3179 3180
f 3214 3215 3178
f 3213 3214 3180
f 3212 3180 3181
f 3212 3181 3182
f 3212 3213 3180
f 3211 3212 3182
f 3210 3182 3183
f 3210 3183 3184
f 3210 3211 3182
f 3209 3184 3185
f 3209 3210 3184
f 3208 3209 3185
f 752 667 668
f 751 752 668
f 753 667 752
f 753 666 667
f 750 751 668
f 750 668 669
f 754 666 753
f 754 665 666
f 749 750 669
f 749 669 670
f 749 670 671
f 755 664 665
f 755 665 754
f 748 749 671
f 756 664 755
f 756 663 664
f 747 748 671
f 747 671 672
f 747 672 625
f 757 663 756
f 757 662 663
f 757 1553 662
f 746 747 625
f 758 1553 757
f 3262 746 625
f 3262 625 3197
f 3261 3197 3198
f 3261 3262 3197
f 3260 3261 3198
f 3260 3198 3199
f 3260 3199 3200
f 3259 3260 3200
f 3258 3259 3200
f 3258 3200 3201
f 3258 3201 3202
f 3257 3258 3202
f 3256 3257 3202
f 3256 3202 3203
f 3255 3203 3204
f 3255 3256 3203
f 3254 3255 3204
f 3254 3204 3205
f 3254 3205 3206
f 3253 3254 3206
f 559 560 763
f 559 763 764
f 559 764 765
f 561 763 560
f 561 762 763
f 558 559 765
f 558 765 766
f 562 762 561
f 562 760 761
f 562 761 762
f 557 558 766
f 563 760 562
f 556 557 766
f 556 766 767
f 564 760 563
f 564 759 760
f 555 556 767
f 555 767 768
f 565 759 564
f 565 758 759
f 554 555 768
f 554 768 721
f 3174 554 721
f 3174 721 3241
f 3173 3241 3242
f 3173 3174 3241
f 3172 3173 3242
f 3172 3242 3243
f 3171 3243 3244
f 3171 3172 3243
f 3170 3244 3245
f 3170 3171 3244
f 3169 3245 3246
f 3169 3246 3247
f 3169 3170 3245
f 3168 3169 3247
f 3167 3168 3247
f 3167 3247 3248
f 3167 3248 3249
f 3166 3167 3249
f 3165 3166 3249
f 3165 3249 3250
f 3165 3250 3251
f 3164 3165 3251
f 704 571 572
f 703 704 572
f 705 571 704
f 705 570 571
f 702 703 572
f 702 572 573
f 706 570 705
f 706 569 570
f 701 702 573
f 701 573 574
f 707 569 706
f 707 567 568
f 707 568 569
f 700 701 574
f 700 574 575
f 708 567 707
f 699 700 575
f 699 575 576
f 709 567 708
f 709 566 567
f 698 699 576
f 698 576 529
f 3240 529 3153
f 3240 698 529
f 3239 3240 3153
f 3239 3153 3154
f 3238 3154 3155
f 3238 3239 3154
f 3237 3238 3155
f 3237 3155 3156
f 3236 3237 3156
f 3236 3156 3157
f 3236 3157 3158
f 3235 3236 3158
f 3234 3235 3158
f 3234 3158 3159
f 3234 3159 3160
f 3233 3234 3160
f 3232 3233 3160
f 3232 3160 3161
f 3231 3232 3161
f 3231 3161 3162
f 511 715 716
f 511 512 715
f 513 714 715
f 513 715 512
f 510 716 717
f 510 511 716
f 514 713 714
f 514 714 513
f 509 717 718
f 509 718 719
f 509 510 717
f 515 712 713
f 515 713 514
f 508 509 719
f 516 711 712
f 516 712 515
f 507 719 720
f 507 720 673
f 507 508 719
f 517 711 516
f 517 710 711
f 506 507 673
f 3152 673 3219
f 3152 506 673
f 3151 3219 3220
f 3151 3220 3221
f 3151 3152 3219
f 3150 3221 3222
f 3150 3151 3221
f 3149 3150 3222
f 3148 3222 3223
f 3148 3223 3224
f 3148 3149 3222
f 3147 3224 3225
f 3147 3148 3224
f 3146 3147 3225
f 3145 3225 3226
f 3145 3146 3225
f 3144 3226 3227
f 3144 3227 3228
f 3144 3145 3226
f 3143 3144 3228
f 3142 3228 3229
f 3142 3143 3228
f 980 523 524
f 981 524 525
f 981 980 524
f 979 522 523
f 979 523 980
f 982 525 526
f 982 981 525
f 978 522 979
f 978 521 522
f 983 982 526
f 983 526 527
f 977 520 521
f 977 521 978
f 984 983 527
f 984 527 528
f 985 984 528
f 985 528 481
f 962 985 481
f 962 481 3131
f 3285 3131 3132
f 3285 962 3131
f 3286 3285 3132
f 3286 3132 3133
f 3287 3133 3134
f 3287 3286 3133
f 3288 3287 3134
f 3288 3134 3135
f 3289 3288 3135
f 3289 3135 3136
f 3290 3136 3137
f 3290 3289 3136
f 3291 3137 3138
f 3291 3290 3137
f 3292 3138 3139
f 3292 3291 3138
f 3293 3292 3139
f 3293 3139 3140
f 1088 974 973
f 1087 972 971
f 1087 973 972
f 1087 1088 973
f 1089 975 974
f 1089 974 1088
f 1086 970 969
f 1086 971 970
f 1086 1087 971
f 1090 976 975
f 1090 975 1089
f 1085 1086 969
f 1085 969 968
f 1091 976 1090
f 1091 977 976
f 1091 520 977
f 1084 967 966
f 1084 968 967
f 1084 1085 968
f 1083 965 964
f 1083 966 965
f 1083 1084 966
f 1082 964 963
f 1082 963 3306
f 1082 1083 964
f 3328 1082 3306
f 3328 3305 3304
f 3328 3306 3305
f 3327 3328 3304
f 3327 3303 3302
f 3327 3304 3303
f 3326 3327 3302
f 3326 3302 3301
f 3325 3300 3299
f 3325 3301 3300
f 3325 3326 3301
f 3324 3298 3297
f 3324 3299 3298
f 3324 3325 3299
f 3323 3324 3297
f 3323 3297 3296
f 3322 3323 3296
f 3322 3296 3295
f 3321 3322 3295
f 3321 3295 3294
f 3320 3321 3294
f 3320 3294 3293
f 3320 3293 3140
f 1415 517 518
f 1415 518 519
f 1415 519 520
f 1415 520 1091
f 1415 710 517
f 1415 566 709
f 1415 1553 758
f 1415 565 566
f 1415 758 565
f 1415 1091 1092
f 1415 1092 1093
f 1415 1093 1094
f 1415 1094 1095
f 1415 1095 1096
f 1415 1096 1097
f 1415 1097 1098
f 1415 1098 1099
f 1415 1099 1100
f 1415 1100 1101
f 1415 1101 1102
f 1415 1102 1103
f 1415 1103 1104
f 1415 1104 1057
f 1415 709 710
f 1403 3314 3315
f 1403 3315 3316
f 1403 3316 3317
f 1403 3317 3318
f 1403 3318 3319
f 1403 3319 3320
f 1403 3140 3141
f 1403 3320 3140
f 1403 1415 1057
f 1403 1057 3307
f 1403 3307 3308
f 1403 3308 3309
f 1403 3309 3310
f 1403 3310 3311
f 1403 3311 3312
f 1403 3312 3313
f 1403 3313 3314
f 1403 3230 1552
f 3230 3231 1552
f 3231 3163 1552
f 3163 3164 1552
f 3164 3251 1552
f 3251 3252 1552
f 3252 3253 1552
f 3253 3207 1552
f 3207 3208 1552
f 3208 3185 1552
f 3185 3186 1552
f 1403 3229 3230
f 1403 3142 3229
f 1403 3141 3142
f 3231 3162 3163
f 3253 3206 3207
f 247 248 1416
f 249 1416 248
f 246 247 1416
f 250 1416 249
f 245 246 1416
f 251 1416 250
f 244 245 1416
f 252 1416 251
f 243 244 1416
f 253 1416 252
f 242 1416 1428
f 242 243 1416
f 254 1416 253
f 3372 242 1428
f 255 1416 254
f 3371 3372 1428
f 256 1416 255
f 3370 3371 1428
f 3369 3370 1428
f 3368 3369 1428
f 3367 3368 1428
f 3366 3367 1428
f 3365 3366 1428
f 3364 3365 1428
f 3363 3364 1428
f 3362 3363 1428
f 3361 3362 1428
f 3360 3361 1428
f 3359 3360 1428
f 392 259 260
f 391 260 261
f 391 392 260
f 393 258 259
f 393 259 392
f 390 391 261
f 390 261 262
f 394 258 393
f 394 257 258
f 389 390 262
f 389 262 263
f 395 257 394
f 395 256 257
f 388 389 263
f 388 263 264
f 396 256 395
f 396 1416 256
f 387 388 264
f 387 264 265
f 397 1416 396
f 386 265 3351
f 386 387 265
f 398 1416 397
f 3438 3351 3352
f 3438 386 3351
f 3437 3352 3353
f 3437 3438 3352
f 3436 3353 3354
f 3436 3437 3353
f 3435 3354 3355
f 3435 3436 3354
f 3434 3355 3356
f 3434 3435 3355
f 3433 3356 3357
f 3433 3434 3356
f 3432 3357 3358
f 3432 3433 3357
f 3431 3358 3359
f 3431 3359 1428
f 3431 3432 3358
f 3430 3431 1428
f 3429 3430 1428
f 440 402 403
f 439 403 404
f 439 440 403
f 441 402 440
f 438 439 404
f 438 404 405
f 442 402 441
f 442 400 401
f 442 401 402
f 437 438 405
f 437 405 406
f 437 406 407
f 443 400 442
f 443 399 400
f 436 437 407
f 436 407 408
f 444 399 443
f 444 398 399
f 435 436 408
f 445 398 444
f 445 1416 398
f 434 435 408
f 434 408 409
f 446 1416 445
f 3460 434 409
f 3460 409 3417
f 3460 3417 3418
f 3459 3460 3418
f 3458 3418 3419
f 3458 3459 3418
f 3457 3419 3420
f 3457 3458 3419
f 3456 3420 3421
f 3456 3421 3422
f 3456 3457 3420
f 3455 3456 3422
f 3454 3422 3423
f 3454 3455 3422
f 3453 3423 3424
f 3453 3424 3425
f 3453 3454 3423
f 3452 3453 3425
f 3451 3425 3426
f 3451 3452 3425
f 344 450 451
f 344 451 452
f 343 344 452
f 345 450 344
f 342 343 452
f 342 452 453
f 346 449 450
f 346 450 345
f 341 342 453
f 341 453 454
f 347 447 448
f 347 448 449
f 347 449 346
f 340 341 454
f 340 454 455
f 348 447 347
f 339 340 455
f 339 455 456
f 349 446 447
f 349 447 348
f 338 339 456
f 338 456 457
f 3416 338 457
f 3416 457 3439
f 3415 3416 3439
f 3415 3439 3440
f 3414 3415 3440
f 3414 3440 3441
f 3413 3414 3441
f 3413 3441 3442
f 3413 3442 3443
f 3412 3413 3443
f 3411 3412 3443
f 3411 3443 3444
f 3411 3444 3445
f 3410 3411 3445
f 3409 3410 3445
f 3409 3445 3446
f 3408 3409 3446
f 3408 3446 3447
f 3408 3447 3448
f 3407 3408 3448
f 296 354 355
f 295 355 356
f 295 296 355
f 297 354 296
f 297 353 354
f 294 295 356
f 294 356 357
f 298 352 353
f 298 353 297
f 293 294 357
f 293 357 358
f 299 351 352
f 299 352 298
f 292 293 358
f 292 358 359
f 291 292 359
f 291 359 360
f 290 291 360
f 290 360 361
f 3394 290 361
f 3394 361 3395
f 3393 3394 3395
f 3393 3395 3396
f 3392 3393 3396
f 3392 3396 3397
f 3391 3392 3397
f 3391 3397 3398
f 3390 3398 3399
f 3390 3391 3398
f 3389 3399 3400
f 3389 3390 3399
f 3388 3400 3401
f 3388 3389 3400
f 3387 3401 3402
f 3387 3388 3401
f 3386 3387 3402
f 1565 351 299
f 1565 446 349
f 1565 349 350
f 1565 350 351
f 1565 1416 446
f 1565 299 300
f 1565 300 301
f 1565 301 302
f 1565 302 303
f 1565 303 304
f 1565 304 305
f 1565 305 306
f 1565 306 307
f 1565 307 308
f 1565 308 309
f 1565 309 310
f 1565 310 311
f 1565 311 312
f 1565 312 313
f 1566 3402 3403
f 1566 3403 3404
f 1566 3386 3402
f 1566 1565 313
f 1566 313 3373
f 1566 3373 3374
f 1566 3374 3375
f 1566 3375 3376
f 1566 3376 3377
f 1566 3377 3378
f 1566 3378 3379
f 1566 3379 3380
f 1566 3380 3381
f 1566 3381 3382
f 1566 3382 3383
f 1566 3383 3384
f 1566 3384 3385
f 1566 3385 3386
f 1566 3428 1428
f 3428 3429 1428
f 1566 3427 3428
f 1566 3426 3427
f 1566 3450 3426
f 3450 3451 3426
f 1566 3449 3450
f 1566 3448 3449
f 1566 3406 3448
f 3406 3407 3448
f 1566 3405 3406
f 1566 3404 3405
f 1112 1579 1113
f 1114 1113 1579
f 1111 1579 1112
f 1115 1114 1579
f 1110 1579 1111
f 1116 1115 1579
f 1109 1579 1110
f 1117 1116 1579
f 1108 1579 1109
f 1118 1117 1579
f 1107 1578 1579
f 1107 1579 1108
f 1119 1118 1579
f 3682 1578 1107
f 1120 1119 1579
f 3681 1578 3682
f 1121 1120 1579
f 3680 1578 3681
f 3679 1578 3680
f 3678 1578 3679
f 3677 1578 3678
f 3676 1578 3677
f 3675 1578 3676
f 3674 1578 3675
f 3673 1578 3674
f 3672 1578 3673
f 3671 1578 3672
f 3670 1578 3671
f 3669 1578 3670
f 944 1127 1126
f 943 1128 1127
f 943 1127 944
f 945 944 1126
f 942 1128 943
f 946 945 1126
f 946 1126 1125
f 941 1129 1128
f 941 1128 942
f 947 946 1125
f 940 1129 941
f 948 1125 1124
f 948 947 1125
f 939 1129 940
f 939 1106 1129
f 949 1124 1123
f 949 948 1124
f 913 1106 939
f 950 949 1123
f 950 1123 1122
f 3616 3661 1106
f 3616 1106 913
f 951 1122 1121
f 951 950 1122
f 3615 3661 3616
f 952 951 1121
f 3614 3662 3661
f 3614 3661 3615
f 3613 3662 3614
f 3612 3663 3662
f 3612 3662 3613
f 3611 3664 3663
f 3611 3663 3612
f 3610 3664 3611
f 3609 3664 3610
f 3609 3665 3664
f 3608 3665 3609
f 3607 3666 3665
f 3607 3665 3608
f 3606 3666 3607
f 3606 3667 3666
f 3605 3667 3606
f 3605 3668 3667
f 3604 3668 3605
f 3604 3669 3668
f 3603 3669 3604
f 585 955 954
f 584 955 585
f 584 956 955
f 586 585 954
f 586 954 953
f 583 956 584
f 583 957 956
f 587 586 953
f 587 953 952
f 582 957 583
f 582 958 957
f 588 1121 1579
f 588 587 952
f 588 952 1121
f 581 959 958
f 581 958 582
f 589 588 1579
f 580 960 959
f 580 959 581
f 590 589 1579
f 579 938 960
f 579 960 580
f 591 590 1579
f 3528 3595 938
f 3528 938 579
f 3527 3596 3595
f 3527 3595 3528
f 3526 3597 3596
f 3526 3596 3527
f 3525 3598 3597
f 3525 3597 3526
f 3524 3599 3598
f 3524 3598 3525
f 3523 3600 3599
f 3523 3599 3524
f 3522 3601 3600
f 3522 3600 3523
f 3521 3602 3601
f 3521 3601 3522
f 3520 3603 3602
f 3520 3602 3521
f 3519 3603 3520
f 3519 3669 3603
f 3519 1578 3669
f 3518 1578 3519
f 632 596 633
f 632 597 596
f 634 633 596
f 634 596 595
f 631 598 597
f 631 597 632
f 635 634 595
f 635 595 594
f 630 599 598
f 630 598 631
f 636 594 593
f 636 635 594
f 629 600 599
f 629 599 630
f 637 593 592
f 637 636 593
f 628 601 600
f 628 600 629
f 638 592 591
f 638 637 592
f 638 591 1579
f 627 578 601
f 627 601 628
f 627 3507 578
f 639 638 1579
f 3550 3507 627
f 3549 3509 3508
f 3549 3507 3550
f 3549 3508 3507
f 3548 3509 3549
f 3547 3510 3509
f 3547 3511 3510
f 3547 3509 3548
f 3546 3511 3547
f 3545 3512 3511
f 3545 3511 3546
f 3544 3513 3512
f 3544 3514 3513
f 3544 3512 3545
f 3543 3514 3544
f 3542 3515 3514
f 3542 3516 3515
f 3542 3514 3543
f 3541 3517 3516
f 3541 3516 3542
f 3540 3517 3541
f 728 644 729
f 728 645 644
f 730 729 644
f 730 644 643
f 727 645 728
f 727 646 645
f 731 730 643
f 731 643 642
f 726 646 727
f 726 647 646
f 726 648 647
f 732 731 642
f 732 642 641
f 725 648 726
f 733 732 641
f 733 641 640
f 724 648 725
f 724 649 648
f 724 626 649
f 734 733 640
f 734 639 1579
f 734 640 639
f 723 626 724
f 735 734 1579
f 3594 3529 626
f 3594 3530 3529
f 3594 626 723
f 3593 3530 3594
f 3592 3531 3530
f 3592 3532 3531
f 3592 3530 3593
f 3591 3532 3592
f 3591 3533 3532
f 3590 3534 3533
f 3590 3533 3591
f 3589 3534 3590
f 3588 3535 3534
f 3588 3534 3589
f 3587 3536 3535
f 3587 3535 3588
f 3586 3537 3536
f 3586 3536 3587
f 3585 3538 3537
f 3585 3537 3586
f 536 740 537
f 536 741 740
f 538 537 740
f 538 739 738
f 538 740 739
f 535 741 536
f 535 742 741
f 539 538 738
f 534 742 535
f 534 743 742
f 540 539 738
f 540 738 737
f 533 743 534
f 533 744 743
f 533 745 744
f 541 540 737
f 541 737 736
f 532 745 533
f 542 541 736
f 542 736 735
f 531 745 532
f 531 722 745
f 3506 3573 722
f 3506 722 531
f 3505 3574 3573
f 3505 3573 3506
f 3504 3575 3574
f 3504 3576 3575
f 3504 3574 3505
f 3503 3576 3504
f 3502 3577 3576
f 3502 3576 3503
f 3501 3578 3577
f 3501 3577 3502
f 3500 3579 3578
f 3500 3578 3501
f 3499 3580 3579
f 3499 3579 3500
f 3498 3581 3580
f 3498 3582 3581
f 3498 3580 3499
f 3497 3582 3498
f 3496 3583 3582
f 3496 3582 3497
f 681 549 548
f 680 549 681
f 682 681 548
f 682 548 547
f 679 549 680
f 679 550 549
f 679 551 550
f 683 682 547
f 683 547 546
f 678 551 679
f 684 683 546
f 684 546 545
f 677 551 678
f 677 552 551
f 677 553 552
f 685 684 545
f 685 545 544
f 676 553 677
f 676 530 553
f 686 685 544
f 686 544 543
f 675 530 676
f 3572 3485 530
f 3572 3486 3485
f 3572 530 675
f 3571 3486 3572
f 3570 3486 3571
f 3570 3487 3486
f 3569 3488 3487
f 3569 3487 3570
f 3568 3488 3569
f 3568 3489 3488
f 3568 3490 3489
f 3567 3490 3568
f 3566 3491 3490
f 3566 3492 3491
f 3566 3490 3567
f 3565 3492 3566
f 3564 3493 3492
f 3564 3494 3493
f 3564 3492 3565
f 3563 3494 3564
f 488 693 692
f 488 692 489
f 490 692 691
f 490 489 692
f 487 694 693
f 487 695 694
f 487 693 488
f 491 691 690
f 491 490 691
f 486 695 487
f 492 491 690
f 492 690 689
f 485 695 486
f 485 696 695
f 493 492 689
f 493 688 687
f 493 689 688
f 484 696 485
f 484 697 696
f 494 493 687
f 483 697 484
f 483 674 697
f 3484 674 483
f 3484 3551 674
f 3484 3552 3551
f 3483 3552 3484
f 3483 3553 3552
f 3482 3553 3483
f 3482 3554 3553
f 3481 3554 3482
f 3480 3554 3481
f 3480 3555 3554
f 3480 3556 3555
f 3479 3556 3480
f 3479 3557 3556
f 3478 3557 3479
f 3477 3557 3478
f 3477 3558 3557
f 3476 3558 3477
f 3476 3559 3558
f 3475 3559 3476
f 3475 3560 3559
f 3475 3561 3560
f 3474 3561 3475
f 992 501 500
f 991 501 992
f 991 502 501
f 993 500 499
f 993 992 500
f 990 503 502
f 990 502 991
f 994 993 499
f 994 499 498
f 989 504 503
f 989 503 990
f 995 994 498
f 995 498 497
f 988 504 989
f 988 505 504
f 987 505 988
f 987 482 505
f 961 3463 482
f 961 482 987
f 3638 3464 3463
f 3638 3463 961
f 3637 3465 3464
f 3637 3464 3638
f 3636 3465 3637
f 3636 3466 3465
f 3635 3467 3466
f 3635 3466 3636
f 3634 3468 3467
f 3634 3467 3635
f 3633 3469 3468
f 3633 3468 3634
f 3632 3470 3469
f 3632 3469 3633
f 3631 3471 3470
f 3631 3470 3632
f 1065 999 998
f 1064 1000 999
f 1064 1001 1000
f 1064 999 1065
f 1066 1065 998
f 1066 998 997
f 1063 1001 1064
f 1063 1002 1001
f 1063 1003 1002
f 1067 997 996
f 1067 1066 997
f 1062 1004 1003
f 1062 1003 1063
f 1068 995 497
f 1068 1067 996
f 1068 996 995
f 1061 1005 1004
f 1061 1006 1005
f 1061 1004 1062
f 1060 1007 1006
f 1060 1008 1007
f 1060 1006 1061
f 1059 1008 1060
f 1059 986 1008
f 1059 3617 986
f 3660 3618 3617
f 3660 3619 3618
f 3660 3617 1059
f 3659 3620 3619
f 3659 3621 3620
f 3659 3619 3660
f 3658 3622 3621
f 3658 3621 3659
f 3657 3622 3658
f 3657 3623 3622
f 3657 3624 3623
f 3656 3625 3624
f 3656 3626 3625
f 3656 3624 3657
f 3655 3626 3656
f 3655 3627 3626
f 3654 3627 3655
f 3654 3628 3627
f 3653 3628 3654
f 3653 3629 3628
f 1390 1069 1068
f 1390 1070 1069
f 1390 1071 1070
f 1390 1072 1071
f 1390 1073 1072
f 1390 1074 1073
f 1390 1075 1074
f 1390 1076 1075
f 1390 1077 1076
f 1390 1078 1077
f 1390 1079 1078
f 1390 1080 1079
f 1390 1081 1080
f 1390 1058 1081
f 1390 687 686
f 1390 494 687
f 1390 686 543
f 1390 495 494
f 1390 735 1579
f 1390 496 495
f 1390 497 496
f 1390 543 542
f 1390 542 735
f 1390 1068 497
f 3462 3640 3639
f 3462 3641 3640
f 3462 3642 3641
f 3462 3643 3642
f 3462 3644 3643
f 3462 3645 3644
f 3462 3646 3645
f 3462 3647 3646
f 3462 3648 3647
f 3462 3649 3648
f 1402 3461 3462
f 1402 3462 3639
f 1402 1058 1390
f 1402 3639 1058
f 3462 1578 3650
f 3650 1578 3651
f 3651 1578 3652
f 3652 1578 3653
f 3653 1578 3629
f 3629 1578 3630
f 3630 1578 3631
f 3631 1578 3473
f 3473 1578 3474
f 3474 1578 3561
f 3561 1578 3562
f 3562 1578 3563
f 3563 1578 3495
f 3495 1578 3496
f 3496 1578 3583
f 3583 1578 3584
f 3584 1578 3585
f 3585 1578 3539
f 3539 1578 3540
f 3540 1578 3517
f 3517 1578 3518
f 3462 3650 3649
f 3631 3473 3472
f 3631 3472 3471
f 3563 3495 3494
f 3585 3539 3538
f 271 1389 272
f 273 272 1389
f 270 1389 271
f 274 273 1389
f 269 1389 270
f 275 274 1389
f 268 1389 269
f 276 275 1389
f 267 1389 268
f 277 276 1389
f 241 1377 1389
f 241 1389 267
f 278 277 1389
f 3704 1377 241
f 279 278 1389
f 3703 1377 3704
f 280 279 1389
f 3702 1377 3703
f 3701 1377 3702
f 3700 1377 3701
f 3699 1377 3700
f 3698 1377 3699
f 3697 1377 3698
f 3696 1377 3697
f 3695 1377 3696
f 3694 1377 3695
f 3693 1377 3694
f 3692 1377 3693
f 3691 1377 3692
f 416 284 283
f 415 285 284
f 415 284 416
f 417 283 282
f 417 416 283
f 414 286 285
f 414 285 415
f 418 282 281
f 418 417 282
f 413 287 286
f 413 286 414
f 419 281 280
f 419 418 281
f 412 287 413
f 412 288 287
f 420 419 280
f 420 280 1389
f 411 266 288
f 411 288 412
f 421 420 1389
f 385 3683 266
f 385 266 411
f 422 421 1389
f 3770 3684 3683
f 3770 3683 385
f 3769 3685 3684
f 3769 3684 3770
f 3768 3685 3769
f 3768 3686 3685
f 3767 3687 3686
f 3767 3686 3768
f 3766 3688 3687
f 3766 3687 3767
f 3765 3689 3688
f 3765 3688 3766
f 3764 3690 3689
f 3764 3689 3765
f 3763 3691 3690
f 3763 3690 3764
f 3762 1377 3691
f 3762 3691 3763
f 3761 1377 3762
f 463 427 464
f 463 428 427
f 465 464 427
f 465 427 426
f 462 428 463
f 462 429 428
f 462 430 429
f 466 465 426
f 466 426 425
f 461 430 462
f 467 466 425
f 467 424 423
f 467 425 424
f 460 430 461
f 460 431 430
f 468 467 423
f 468 423 422
f 459 432 431
f 459 431 460
f 469 468 422
f 469 422 1389
f 433 432 459
f 433 410 432
f 3792 3749 410
f 3792 410 433
f 3791 3749 3792
f 3791 3750 3749
f 3790 3750 3791
f 3790 3751 3750
f 3789 3751 3790
f 3789 3752 3751
f 3789 3753 3752
f 3788 3753 3789
f 3787 3753 3788
f 3787 3754 3753
f 3786 3754 3787
f 3786 3755 3754
f 3785 3755 3786
f 3785 3756 3755
f 3784 3757 3756
f 3784 3756 3785
f 3784 3758 3757
f 3783 3758 3784
f 368 475 474
f 367 475 368
f 367 476 475
f 369 368 474
f 366 477 476
f 366 476 367
f 370 474 473
f 370 369 474
f 365 478 477
f 365 477 366
f 371 473 472
f 371 370 473
f 364 479 478
f 364 478 365
f 372 472 471
f 372 371 472
f 363 480 479
f 363 458 480
f 363 479 364
f 373 372 471
f 373 471 470
f 337 458 363
f 3748 3771 458
f 3748 458 337
f 3747 3772 3771
f 3747 3771 3748
f 3746 3773 3772
f 3746 3772 3747
f 3745 3774 3773
f 3745 3773 3746
f 3744 3775 3774
f 3744 3774 3745
f 3743 3776 3775
f 3743 3777 3776
f 3743 3775 3744
f 3742 3777 3743
f 3742 3778 3777
f 3741 3778 3742
f 3740 3779 3778
f 3740 3780 3779
f 3740 3778 3741
f 3739 3780 3740
f 320 379 378
f 319 380 379
f 319 379 320
f 321 378 377
f 321 320 378
f 318 381 380
f 318 380 319
f 322 377 376
f 322 321 377
f 317 381 318
f 317 382 381
f 323 376 375
f 323 322 376
f 316 383 382
f 316 382 317
f 315 383 316
f 315 384 383
f 289 384 315
f 289 362 384
f 3726 3727 362
f 3726 362 289
f 3725 3728 3727
f 3725 3727 3726
f 3724 3729 3728
f 3724 3728 3725
f 3723 3730 3729
f 3723 3729 3724
f 3722 3731 3730
f 3722 3730 3723
f 3721 3731 3722
f 3721 3732 3731
f 3720 3733 3732
f 3720 3732 3721
f 3719 3734 3733
f 3719 3733 3720
f 3718 3735 3734
f 3718 3734 3719
f 1618 374 373
f 1618 375 374
f 1618 323 375
f 1618 469 1389
f 1618 373 470
f 1618 324 323
f 1618 325 324
f 1618 326 325
f 1618 327 326
f 1618 328 327
f 1618 329 328
f 1618 330 329
f 1618 331 330
f 1618 332 331
f 1618 333 332
f 1618 334 333
f 1618 335 334
f 1618 336 335
f 1618 314 336
f 1618 470 469
f 1617 314 1618
f 1617 3736 3735
f 1617 3705 314
f 1617 3706 3705
f 1617 3707 3706
f 1617 3708 3707
f 1617 3709 3708
f 1617 3710 3709
f 1617 3711 3710
f 1617 3712 3711
f 1617 3713 3712
f 1617 3714 3713
f 1617 3715 3714
f 1617 3716 3715
f 1617 3717 3716
f 1617 3718 3717
f 1617 3735 3718
f 1617 1377 3760
f 3760 1377 3761
f 1617 3760 3759
f 1617 3759 3758
f 1617 3758 3782
f 3782 3758 3783
f 1617 3782 3781
f 1617 3781 3780
f 1617 3780 3738
f 3738 3780 3739
f 1617 3738 3737
f 1617 3737 3736
f 3793 1371 1376
f 3794 1371 3793
f 1308 1376 1309
f 1310 1309 1376
f 1307 1376 1308
f 1311 1310 1376
f 1306 1376 1307
f 1312 1311 1376
f 1305 3793 1376
f 1305 1376 1306
f 1313 1312 1376
f 1304 3793 1305
f 1314 1313 1376
f 1303 3793 1304
f 1315 1314 1376
f 2728 3793 1303
f 1316 1315 1376
f 2727 3793 2728
f 2726 3793 2727
f 2725 3793 2726
f 2724 3793 2725
f 2723 3793 2724
f 2722 3793 2723
f 2721 3793 2722
f 800 1320 1319
f 799 1321 1320
f 799 1320 800
f 801 1319 1318
f 801 800 1319
f 798 1321 799
f 798 1322 1321
f 802 801 1318
f 802 1318 1317
f 797 1323 1322
f 797 1322 798
f 803 1316 1376
f 803 1317 1316
f 803 802 1317
f 796 1324 1323
f 796 1323 797
f 804 803 1376
f 795 1325 1324
f 795 1324 796
f 805 804 1376
f 769 1302 1325
f 769 1325 795
f 806 805 1376
f 3816 2707 1302
f 3816 1302 769
f 3815 2708 2707
f 3815 2707 3816
f 3814 2708 3815
f 3814 2709 2708
f 3813 2710 2709
f 3813 2709 3814
f 3812 2710 3813
f 3812 2711 2710
f 3811 2711 3812
f 3811 2712 2711
f 3810 2712 3811
f 3810 2713 2712
f 3809 2713 3810
f 3809 2714 2713
f 3808 2714 3809
f 1236 811 810
f 1236 812 811
f 1235 812 1236
f 1237 1236 810
f 1234 812 1235
f 1234 813 812
f 1238 810 809
f 1238 1237 810
f 1233 814 813
f 1233 815 814
f 1233 813 1234
f 1239 809 808
f 1239 1238 809
f 1232 816 815
f 1232 815 1233
f 1240 808 807
f 1240 1239 808
f 1231 816 1232
f 1241 806 1376
f 1241 1240 807
f 1241 807 806
f 1203 794 816
f 1203 816 1231
f 1242 1241 1376
f 2832 3795 794
f 2832 3796 3795
f 2832 794 1203
f 2831 3797 3796
f 2831 3796 2832
f 2830 3797 2831
f 2829 3798 3797
f 2829 3799 3798
f 2829 3797 2830
f 2828 3800 3799
f 2828 3799 2829
f 2827 3800 2828
f 2826 3800 2827
f 2826 3801 3800
f 2825 3802 3801
f 2825 3801 2826
f 2824 3802 2825
f 2824 3803 3802
f 2824 3804 3803
f 2823 3804 2824
f 2823 3805 3804
f 2822 3805 2823
f 1185 1248 1247
f 1185 1247 1186
f 1187 1247 1246
f 1187 1186 1247
f 1184 1249 1248
f 1184 1248 1185
f 1188 1246 1245
f 1188 1187 1246
f 1183 1250 1249
f 1183 1249 1184
f 1189 1244 1243
f 1189 1245 1244
f 1189 1188 1245
f 1182 1250 1183
f 1182 1251 1250
f 1190 1243 1242
f 1190 1189 1243
f 1181 1252 1251
f 1181 1251 1182
f 1191 1190 1242
f 1191 1242 1376
f 1153 1230 1252
f 1153 1252 1181
f 1192 1191 1376
f 2869 2811 1230
f 2869 1230 1153
f 2868 2812 2811
f 2868 2811 2869
f 2867 2813 2812
f 2867 2812 2868
f 2866 2814 2813
f 2866 2813 2867
f 2865 2815 2814
f 2865 2814 2866
f 2864 2816 2815
f 2864 2815 2865
f 2863 2817 2816
f 2863 2816 2864
f 2862 2817 2863
f 2862 2818 2817
f 2861 2818 2862
f 2861 2819 2818
f 2860 2819 2861
f 2860 2820 2819
f 1283 1197 1284
f 1283 1198 1197
f 1285 1284 1197
f 1285 1197 1196
f 1282 1198 1283
f 1282 1199 1198
f 1282 1200 1199
f 1286 1285 1196
f 1286 1196 1195
f 1281 1200 1282
f 1287 1286 1195
f 1287 1195 1194
f 1280 1200 1281
f 1280 1201 1200
f 1288 1287 1194
f 1288 1193 1192
f 1288 1194 1193
f 1279 1201 1280
f 1279 1202 1201
f 1289 1288 1192
f 1289 1192 1376
f 1253 1180 1202
f 1253 1202 1279
f 2794 1180 1253
f 2794 2848 1180
f 2793 2849 2848
f 2793 2848 2794
f 2792 2849 2793
f 2792 2850 2849
f 2791 2851 2850
f 2791 2850 2792
f 2790 2852 2851
f 2790 2851 2791
f 2789 2853 2852
f 2789 2854 2853
f 2789 2852 2790
f 2788 2854 2789
f 2787 2855 2854
f 2787 2854 2788
f 2786 2855 2787
f 2786 2856 2855
f 2786 2857 2856
f 2785 2857 2786
f 2784 2858 2857
f 2784 2857 2785
f 895 1295 896
f 895 1296 1295
f 897 896 1295
f 897 1294 1293
f 897 1295 1294
f 894 1297 1296
f 894 1298 1297
f 894 1296 895
f 898 897 1293
f 893 1298 894
f 899 898 1293
f 899 1292 1291
f 899 1293 1292
f 892 1298 893
f 892 1299 1298
f 900 899 1291
f 891 1299 892
f 891 1300 1299
f 901 1291 1290
f 901 900 1291
f 865 1300 891
f 865 1278 1300
f 3860 2773 1278
f 3860 1278 865
f 3860 2774 2773
f 3859 2774 3860
f 3858 2775 2774
f 3858 2776 2775
f 3858 2774 3859
f 3857 2776 3858
f 3856 2776 3857
f 3856 2777 2776
f 3855 2777 3856
f 3855 2778 2777
f 3854 2779 2778
f 3854 2778 3855
f 3853 2780 2779
f 3853 2779 3854
f 3852 2780 3853
f 3852 2781 2780
f 3851 2782 2781
f 3851 2781 3852
f 847 907 848
f 847 908 907
f 847 909 908
f 849 848 907
f 849 906 905
f 849 907 906
f 846 909 847
f 850 849 905
f 850 905 904
f 845 909 846
f 845 910 909
f 845 911 910
f 851 850 904
f 844 911 845
f 852 851 904
f 852 904 903
f 843 911 844
f 843 912 911
f 853 852 903
f 853 903 902
f 817 890 912
f 817 3839 890
f 817 912 843
f 3838 3839 817
f 3837 3839 3838
f 3837 3840 3839
f 3836 3840 3837
f 3836 3841 3840
f 3835 3842 3841
f 3835 3843 3842
f 3835 3841 3836
f 3834 3843 3835
f 3833 3843 3834
f 3833 3844 3843
f 3832 3845 3844
f 3832 3844 3833
f 3831 3846 3845
f 3831 3847 3846
f 3831 3845 3832
f 3830 3847 3831
f 3830 3848 3847
f 3829 3848 3830
f 3828 3849 3848
f 3828 3848 3829
f 1017 860 859
f 1016 861 860
f 1016 860 1017
f 1018 1017 859
f 1018 859 858
f 1015 862 861
f 1015 861 1016
f 1019 858 857
f 1019 1018 858
f 1014 863 862
f 1014 862 1015
f 1020 1019 857
f 1020 857 856
f 1013 864 863
f 1013 863 1014
f 1021 1020 856
f 1012 842 864
f 1012 864 1013
f 1011 842 1012
f 1011 3817 842
f 3882 3818 3817
f 3882 3817 1011
f 3881 3818 3882
f 3881 3819 3818
f 3880 3820 3819
f 3880 3819 3881
f 3879 3821 3820
f 3879 3820 3880
f 3878 3822 3821
f 3878 3821 3879
f 3877 3823 3822
f 3877 3822 3878
f 3876 3824 3823
f 3876 3823 3877
f 3875 3825 3824
f 3875 3824 3876
f 1605 854 853
f 1605 855 854
f 1605 856 855
f 1605 1022 1021
f 1605 1023 1022
f 1605 1024 1023
f 1605 1025 1024
f 1605 1026 1025
f 1605 1027 1026
f 1605 1028 1027
f 1605 1029 1028
f 1605 1030 1029
f 1605 1031 1030
f 1605 1032 1031
f 1605 1033 1032
f 1605 1010 1033
f 1605 1021 856
f 1605 1290 1289
f 1605 853 902
f 1605 902 901
f 1605 901 1290
f 1605 1289 1376
f 1604 1010 1605
f 1604 3861 1010
f 1604 3862 3861
f 1604 3863 3862
f 1604 3864 3863
f 1604 3865 3864
f 1604 3866 3865
f 3794 1475 1474
f 3794 1474 1371
f 1604 3793 2718
f 2718 3793 2719
f 2719 3793 2720
f 2720 3793 2721
f 1604 2718 2717
f 1604 2717 2716
f 1604 2716 2715
f 1604 2715 2714
f 1604 2714 3806
f 3806 2714 3807
f 3807 2714 3808
f 1604 3806 3805
f 1604 3805 2822
f 1604 2822 2821
f 1604 2821 2820
f 1604 2820 2859
f 2859 2820 2860
f 1604 2859 2858
f 1604 2858 2784
f 1604 2784 2783
f 1604 2783 2782
f 1604 2782 3850
f 3850 2782 3851
f 1604 3850 3849
f 1604 3849 3828
f 1604 3828 3827
f 1604 3827 3826
f 1604 3826 3825
f 1604 3825 3872
f 3872 3825 3873
f 3873 3825 3874
f 3874 3825 3875
f 1604 3872 3871
f 1604 3871 3870
f 1604 3870 3869
f 1604 3869 3868
f 1604 3868 3867
f 1604 3867 3866
f 1363 1469 1468
f 1363 1370 1469
f 3661 1105 1106
f 3661 3329 1105
f 3662 3330 3329
f 3662 3329 3661
f 3663 3331 3330
f 3663 3330 3662
f 3664 3332 3331
f 3664 3331 3663
f 3665 3333 3332
f 3665 3332 3664
f 3666 3334 3333
f 3666 3335 3334
f 3666 3333 3665
f 3667 3335 3666
f 3668 3336 3335
f 3668 3335 3667
f 3669 3337 3336
f 3669 3336 3668
f 3670 3338 3337
f 3670 3337 3669
f 3671 3339 3338
f 3671 3340 3339
f 3671 3338 3670
f 3672 3340 3671
f 3673 3340 3672
f 3673 3341 3340
f 3674 3341 3673
f 3674 3342 3341
f 3675 3342 3674
f 3675 3343 3342
f 3676 3343 3675
f 3676 3344 3343
f 3677 3344 3676
f 3677 3345 3344
f 3677 3346 3345
f 3678 3346 3677
f 3678 3347 3346
f 3679 3347 3678
f 3680 3347 3679
f 3680 3348 3347
f 3681 3348 3680
f 3681 3349 3348
f 3682 3349 3681
f 3682 3350 3349
f 1107 3350 3682
f 1107 1130 3350
f 3639 1057 1058
f 3639 3307 1057
f 3640 3308 3307
f 3640 3309 3308
f 3640 3307 3639
f 3641 3310 3309
f 3641 3309 3640
f 3642 3311 3310
f 3642 3310 3641
f 3643 3312 3311
f 3643 3311 3642
f 3644 3313 3312
f 3644 3312 3643
f 3645 3313 3644
f 3646 3314 3313
f 3646 3313 3645
f 3647 3315 3314
f 3647 3314 3646
f 3648 3316 3315
f 3648 3315 3647
f 3649 3317 3316
f 3649 3316 3648
f 3650 3317 3649
f 3650 3318 3317
f 3651 3318 3650
f 3651 3319 3318
f 3652 3319 3651
f 3652 3320 3319
f 3653 3320 3652
f 3653 3321 3320
f 3654 3321 3653
f 3654 3322 3321
f 3655 3322 3654
f 3655 3323 3322
f 3656 3323 3655
f 3656 3324 3323
f 3657 3324 3656
f 3657 3325 3324
f 3658 3325 3657
f 3658 3326 3325
f 3659 3326 3658
f 3659 3327 3326
f 3660 3327 3659
f 3660 3328 3327
f 1059 3328 3660
f 1059 1082 3328
f 3861 1009 1010
f 3861 2084 1009
f 3862 2085 2084
f 3862 2084 3861
f 3863 2086 2085
f 3863 2085 3862
f 3864 2087 2086
f 3864 2086 3863
f 3865 2088 2087
f 3865 2087 3864
f 3866 2089 2088
f 3866 2090 2089
f 3866 2088 3865
f 3867 2090 3866
f 3868 2091 2090
f 3868 2090 3867
f 3869 2092 2091
f 3869 2091 3868
f 3870 2093 2092
f 3870 2092 3869
f 3871 2094 2093
f 3871 2095 2094
f 3871 2093 3870
f 3872 2095 3871
f 3873 2095 3872
f 3873 2096 2095
f 3874 2096 3873
f 3874 2097 2096
f 3875 2097 3874
f 3875 2098 2097
f 3876 2098 3875
f 3876 2099 2098
f 3877 2099 3876
f 3877 2100 2099
f 3877 2101 2100
f 3878 2101 3877
f 3878 2102 2101
f 3879 2102 3878
f 3880 2102 3879
f 3880 2103 2102
f 3881 2103 3880
f 3881 2104 2103
f 3882 2104 3881
f 3882 2105 2104
f 1011 2105 3882
f 1011 1034 2105
f 3285 961 962
f 3285 3638 961
f 3286 3637 3638
f 3286 3638 3285
f 3287 3636 3637
f 3287 3637 3286
f 3288 3635 3636
f 3288 3636 3287
f 3289 3634 3635
f 3289 3635 3288
f 3290 3633 3634
f 3290 3634 3289
f 3291 3632 3633
f 3291 3633 3290
f 3292 3631 3632
f 3292 3632 3291
f 3293 3630 3631
f 3293 3631 3292
f 3294 3629 3630
f 3294 3630 3293
f 3295 3628 3629
f 3295 3629 3294
f 3296 3628 3295
f 3296 3627 3628
f 3297 3627 3296
f 3297 3626 3627
f 3298 3626 3297
f 3298 3625 3626
f 3299 3625 3298
f 3299 3624 3625
f 3300 3624 3299
f 3300 3622 3623
f 3300 3623 3624
f 3301 3622 3300
f 3302 3622 3301
f 3302 3620 3621
f 3302 3621 3622
f 3303 3620 3302
f 3303 3619 3620
f 3304 3619 3303
f 3305 3617 3618
f 3305 3618 3619
f 3305 3619 3304
f 3306 3617 3305
f 963 986 3617
f 963 3617 3306
f 3263 913 914
f 3263 3616 913
f 3264 3615 3616
f 3264 3616 3263
f 3265 3614 3615
f 3265 3615 3264
f 3266 3613 3614
f 3266 3614 3265
f 3267 3612 3613
f 3267 3613 3266
f 3268 3611 3612
f 3268 3612 3267
f 3269 3610 3611
f 3269 3611 3268
f 3270 3609 3610
f 3270 3610 3269
f 3271 3608 3609
f 3271 3609 3270
f 3272 3607 3608
f 3272 3608 3271
f 3273 3606 3607
f 3273 3607 3272
f 3274 3606 3273
f 3274 3605 3606
f 3275 3605 3274
f 3275 3604 3605
f 3276 3604 3275
f 3276 3603 3604
f 3277 3603 3276
f 3277 3602 3603
f 3278 3602 3277
f 3278 3600 3601
f 3278 3601 3602
f 3279 3600 3278
f 3280 3600 3279
f 3280 3598 3599
f 3280 3599 3600
f 3281 3598 3280
f 3281 3597 3598
f 3282 3597 3281
f 3283 3595 3596
f 3283 3596 3597
f 3283 3597 3282
f 3284 3595 3283
f 915 938 3595
f 915 3595 3284
f 2106 865 866
f 2106 3860 865
f 2107 3859 3860
f 2107 3860 2106
f 2108 3858 3859
f 2108 3859 2107
f 2109 3857 3858
f 2109 3858 2108
f 2110 3856 3857
f 2110 3857 2109
f 2111 3855 3856
f 2111 3856 2110
f 2112 3854 3855
f 2112 3855 2111
f 2113 3853 3854
f 2113 3854 2112
f 2114 3852 3853
f 2114 3853 2113
f 2115 3851 3852
f 2115 3852 2114
f 2116 3850 3851
f 2116 3851 2115
f 2117 3850 2116
f 2117 3849 3850
f 2118 3849 2117
f 2118 3848 3849
f 2119 3848 2118
f 2119 3847 3848
f 2120 3847 2119
f 2120 3846 3847
f 2121 3846 2120
f 2121 3844 3845
f 2121 3845 3846
f 2122 3844 2121
f 2123 3844 2122
f 2123 3842 3843
f 2123 3843 3844
f 2124 3842 2123
f 2124 3841 3842
f 2125 3841 2124
f 2126 3839 3840
f 2126 3840 3841
f 2126 3841 2125
f 2127 3839 2126
f 867 890 3839
f 867 3839 2127
f 2128 817 818
f 2128 3838 817
f 2129 3837 3838
f 2129 3838 2128
f 2130 3836 3837
f 2130 3837 2129
f 2131 3835 3836
f 2131 3836 2130
f 2132 3834 3835
f 2132 3835 2131
f 2133 3833 3834
f 2133 3834 2132
f 2134 3832 3833
f 2134 3833 2133
f 2135 3831 3832
f 2135 3832 2134
f 2136 3830 3831
f 2136 3831 2135
f 2137 3829 3830
f 2137 3830 2136
f 2138 3828 3829
f 2138 3829 2137
f 2139 3828 2138
f 2139 3827 3828
f 2140 3827 2139
f 2140 3826 3827
f 2141 3826 2140
f 2141 3825 3826
f 2142 3825 2141
f 2142 3824 3825
f 2143 3824 2142
f 2143 3822 3823
f 2143 3823 3824
f 2144 3822 2143
f 2145 3822 2144
f 2145 3820 3821
f 2145 3821 3822
f 2146 3820 2145
f 2146 3819 3820
f 2147 3819 2146
f 2148 3817 3818
f 2148 3818 3819
f 2148 3819 2147
f 2149 3817 2148
f 819 842 3817
f 819 3817 2149
f 2150 769 770
f 2150 3816 769
f 2151 3815 3816
f 2151 3816 2150
f 2152 3814 3815
f 2152 3815 2151
f 2153 3813 3814
f 2153 3814 2152
f 2154 3812 3813
f 2154 3813 2153
f 2155 3811 3812
f 2155 3812 2154
f 2156 3810 3811
f 2156 3811 2155
f 2157 3809 3810
f 2157 3810 2156
f 2158 3808 3809
f 2158 3809 2157
f 2159 3807 3808
f 2159 3808 2158
f 2160 3806 3807
f 2160 3807 2159
f 2161 3806 2160
f 2161 3805 3806
f 2162 3805 2161
f 2162 3804 3805
f 2163 3804 2162
f 2163 3803 3804
f 2164 3803 2163
f 2164 3802 3803
f 2165 3802 2164
f 2165 3800 3801
f 2165 3801 3802
f 2166 3800 2165
f 2167 3800 2166
f 2167 3798 3799
f 2167 3799 3800
f 2168 3798 2167
f 2168 3797 3798
f 2169 3797 2168
f 2170 3795 3796
f 2170 3796 3797
f 2170 3797 2169
f 2171 3795 2170
f 771 794 3795
f 771 3795 2171
f 3573 721 722
f 3573 3241 721
f 3574 3242 3241
f 3574 3241 3573
f 3575 3243 3242
f 3575 3242 3574
f 3576 3244 3243
f 3576 3243 3575
f 3577 3245 3244
f 3577 3244 3576
f 3578 3246 3245
f 3578 3247 3246
f 3578 3245 3577
f 3579 3247 3578
f 3580 3248 3247
f 3580 3247 3579
f 3581 3249 3248
f 3581 3248 3580
f 3582 3250 3249
f 3582 3249 3581
f 3583 3251 3250
f 3583 3252 3251
f 3583 3250 3582
f 3584 3252 3583
f 3585 3252 3584
f 3585 3253 3252
f 3586 3253 3585
f 3586 3254 3253
f 3587 3254 3586
f 3587 3255 3254
f 3588 3255 3587
f 3588 3256 3255
f 3589 3256 3588
f 3589 3257 3256
f 3589 3258 3257
f 3590 3258 3589
f 3590 3259 3258
f 3591 3259 3590
f 3592 3259 3591
f 3592 3260 3259
f 3593 3260 3592
f 3593 3261 3260
f 3594 3261 3593
f 3594 3262 3261
f 723 3262 3594
f 723 746 3262
f 3551 673 674
f 3551 3219 673
f 3552 3220 3219
f 3552 3219 3551
f 3553 3221 3220
f 3553 3220 3552
f 3554 3222 3221
f 3554 3221 3553
f 3555 3223 3222
f 3555 3222 3554
f 3556 3224 3223
f 3556 3225 3224
f 3556 3223 3555
f 3557 3225 3556
f 3558 3226 3225
f 3558 3225 3557
f 3559 3227 3226
f 3559 3226 3558
f 3560 3228 3227
f 3560 3227 3559
f 3561 3229 3228
f 3561 3230 3229
f 3561 3228 3560
f 3562 3230 3561
f 3563 3230 3562
f 3563 3231 3230
f 3564 3231 3563
f 3564 3232 3231
f 3565 3232 3564
f 3565 3233 3232
f 3566 3233 3565
f 3566 3234 3233
f 3567 3234 3566
f 3567 3235 3234
f 3567 3236 3235
f 3568 3236 3567
f 3568 3237 3236
f 3569 3237 3568
f 3570 3237 3569
f 3570 3238 3237
f 3571 3238 3570
f 3571 3239 3238
f 3572 3239 3571
f 3572 3240 3239
f 675 3240 3572
f 675 698 3240
f 3529 625 626
f 3529 3197 625
f 3530 3198 3197
f 3530 3197 3529
f 3531 3199 3198
f 3531 3198 3530
f 3532 3200 3199
f 3532 3199 3531
f 3533 3201 3200
f 3533 3200 3532
f 3534 3202 3201
f 3534 3203 3202
f 3534 3201 3533
f 3535 3203 3534
f 3536 3204 3203
f 3536 3203 3535
f 3537 3205 3204
f 3537 3204 3536
f 3538 3206 3205
f 3538 3205 3537
f 3539 3207 3206
f 3539 3208 3207
f 3539 3206 3538
f 3540 3208 3539
f 3541 3208 3540
f 3541 3209 3208
f 3542 3209 3541
f 3542 3210 3209
f 3543 3210 3542
f 3543 3211 3210
f 3544 3211 3543
f 3544 3212 3211
f 3545 3212 3544
f 3545 3213 3212
f 3545 3214 3213
f 3546 3214 3545
f 3546 3215 3214
f 3547 3215 3546
f 3548 3215 3547
f 3548 3216 3215
f 3549 3216 3548
f 3549 3217 3216
f 3550 3217 3549
f 3550 3218 3217
f 627 3218 3550
f 627 650 3218
f 3507 577 578
f 3507 3175 577
f 3508 3176 3175
f 3508 3175 3507
f 3509 3177 3176
f 3509 3176 3508
f 3510 3178 3177
f 3510 3177 3509
f 3511 3179 3178
f 3511 3178 3510
f 3512 3180 3179
f 3512 3181 3180
f 3512 3179 3511
f 3513 3181 3512
f 3514 3182 3181
f 3514 3181 3513
f 3515 3183 3182
f 3515 3182 3514
f 3516 3184 3183
f 3516 3183 3515
f 3517 3185 3184
f 3517 3186 3185
f 3517 3184 3516
f 3518 3186 3517
f 3519 3186 3518
f 3519 3187 3186
f 3520 3187 3519
f 3520 3188 3187
f 3521 3188 3520
f 3521 3189 3188
f 3522 3189 3521
f 3522 3190 3189
f 3523 3190 3522
f 3523 3191 3190
f 3523 3192 3191
f 3524 3192 3523
f 3524 3193 3192
f 3525 3193 3524
f 3526 3193 3525
f 3526 3194 3193
f 3527 3194 3526
f 3527 3195 3194
f 3528 3195 3527
f 3528 3196 3195
f 579 3196 3528
f 579 602 3196
f 3485 529 530
f 3485 3153 529
f 3486 3154 3153
f 3486 3153 3485
f 3487 3155 3154
f 3487 3154 3486
f 3488 3156 3155
f 3488 3155 3487
f 3489 3157 3156
f 3489 3156 3488
f 3490 3158 3157
f 3490 3159 3158
f 3490 3157 3489
f 3491 3159 3490
f 3492 3160 3159
f 3492 3159 3491
f 3493 3161 3160
f 3493 3160 3492
f 3494 3162 3161
f 3494 3161 3493
f 3495 3163 3162
f 3495 3164 3163
f 3495 3162 3494
f 3496 3164 3495
f 3497 3164 3496
f 3497 3165 3164
f 3498 3165 3497
f 3498 3166 3165
f 3499 3166 3498
f 3499 3167 3166
f 3500 3167 3499
f 3500 3168 3167
f 3501 3168 3500
f 3501 3169 3168
f 3501 3170 3169
f 3502 3170 3501
f 3502 3171 3170
f 3503 3171 3502
f 3504 3171 3503
f 3504 3172 3171
f 3505 3172 3504
f 3505 3173 3172
f 3506 3173 3505
f 3506 3174 3173
f 531 3174 3506
f 531 554 3174
f 3463 481 482
f 3463 3131 481
f 3464 3132 3131
f 3464 3131 3463
f 3465 3133 3132
f 3465 3132 3464
f 3466 3134 3133
f 3466 3133 3465
f 3467 3135 3134
f 3467 3134 3466
f 3468 3136 3135
f 3468 3137 3136
f 3468 3135 3467
f 3469 3137 3468
f 3470 3138 3137
f 3470 3137 3469
f 3471 3139 3138
f 3471 3138 3470
f 3472 3140 3139
f 3472 3139 3471
f 3473 3141 3140
f 3473 3142 3141
f 3473 3140 3472
f 3474 3142 3473
f 3475 3142 3474
f 3475 3143 3142
f 3476 3143 3475
f 3476 3144 3143
f 3477 3144 3476
f 3477 3145 3144
f 3478 3145 3477
f 3478 3146 3145
f 3479 3146 3478
f 3479 3147 3146
f 3479 3148 3147
f 3480 3148 3479
f 3480 3149 3148
f 3481 3149 3480
f 3482 3149 3481
f 3482 3150 3149
f 3483 3150 3482
f 3483 3151 3150
f 3484 3151 3483
f 3484 3152 3151
f 483 3152 3484
f 483 506 3152
f 3460 433 434
f 3460 3792 433
f 3459 3791 3792
f 3459 3792 3460
f 3458 3790 3791
f 3458 3791 3459
f 3457 3789 3790
f 3457 3790 3458
f 3456 3787 3788
f 3456 3788 3789
f 3456 3789 3457
f 3455 3787 3456
f 3454 3786 3787
f 3454 3787 3455
f 3453 3784 3785
f 3453 3785 3786
f 3453 3786 3454
f 3452 3784 3453
f 3451 3783 3784
f 3451 3784 3452
f 3450 3782 3783
f 3450 3783 3451
f 3449 3782 3450
f 3449 3781 3782
f 3448 3781 3449
f 3448 3780 3781
f 3447 3780 3448
f 3447 3779 3780
f 3446 3779 3447
f 3446 3778 3779
f 3445 3778 3446
f 3445 3776 3777
f 3445 3777 3778
f 3444 3776 3445
f 3443 3776 3444
f 3443 3774 3775
f 3443 3775 3776
f 3442 3774 3443
f 3442 3773 3774
f 3441 3772 3773
f 3441 3773 3442
f 3440 3772 3441
f 3439 3771 3772
f 3439 3772 3440
f 457 458 3771
f 457 3771 3439
f 3438 385 386
f 3438 3770 385
f 3437 3769 3770
f 3437 3770 3438
f 3436 3768 3769
f 3436 3769 3437
f 3435 3767 3768
f 3435 3768 3436
f 3434 3765 3766
f 3434 3766 3767
f 3434 3767 3435
f 3433 3765 3434
f 3432 3764 3765
f 3432 3765 3433
f 3431 3762 3763
f 3431 3763 3764
f 3431 3764 3432
f 3430 3762 3431
f 3429 3761 3762
f 3429 3762 3430
f 3428 3760 3761
f 3428 3761 3429
f 3427 3760 3428
f 3427 3759 3760
f 3426 3759 3427
f 3426 3758 3759
f 3425 3758 3426
f 3425 3757 3758
f 3424 3757 3425
f 3424 3756 3757
f 3423 3756 3424
f 3423 3754 3755
f 3423 3755 3756
f 3422 3754 3423
f 3421 3754 3422
f 3421 3752 3753
f 3421 3753 3754
f 3420 3752 3421
f 3420 3751 3752
f 3419 3750 3751
f 3419 3751 3420
f 3418 3750 3419
f 3417 3749 3750
f 3417 3750 3418
f 409 410 3749
f 409 3749 3417
f 3416 337 338
f 3416 3748 337
f 3415 3747 3748
f 3415 3748 3416
f 3414 3746 3747
f 3414 3747 3415
f 3413 3745 3746
f 3413 3746 3414
f 3412 3743 3744
f 3412 3744 3745
f 3412 3745 3413
f 3411 3743 3412
f 3410 3742 3743
f 3410 3743 3411
f 3409 3740 3741
f 3409 3741 3742
f 3409 3742 3410
f 3408 3740 3409
f 3407 3739 3740
f 3407 3740 3408
f 3406 3738 3739
f 3406 3739 3407
f 3405 3738 3406
f 3405 3737 3738
f 3404 3737 3405
f 3404 3736 3737
f 3403 3736 3404
f 3403 3735 3736
f 3402 3735 3403
f 3402 3734 3735
f 3401 3734 3402
f 3401 3732 3733
f 3401 3733 3734
f 3400 3732 3401
f 3399 3732 3400
f 3399 3730 3731
f 3399 3731 3732
f 3398 3730 3399
f 3398 3729 3730
f 3397 3728 3729
f 3397 3729 3398
f 3396 3728 3397
f 3395 3727 3728
f 3395 3728 3396
f 361 362 3727
f 361 3727 3395
f 3394 289 290
f 3394 3726 289
f 3393 3725 3726
f 3393 3726 3394
f 3392 3724 3725
f 3392 3725 3393
f 3391 3723 3724
f 3391 3724 3392
f 3390 3721 3722
f 3390 3722 3723
f 3390 3723 3391
f 3389 3721 3390
f 3388 3720 3721
f 3388 3721 3389
f 3387 3718 3719
f 3387 3719 3720
f 3387 3720 3388
f 3386 3718 3387
f 3385 3717 3718
f 3385 3718 3386
f 3384 3716 3717
f 3384 3717 3385
f 3383 3716 3384
f 3383 3715 3716
f 3382 3715 3383
f 3382 3714 3715
f 3381 3714 3382
f 3381 3713 3714
f 3380 3713 3381
f 3380 3712 3713
f 3379 3712 3380
f 3379 3710 3711
f 3379 3711 3712
f 3378 3710 3379
f 3377 3710 3378
f 3377 3708 3709
f 3377 3709 3710
f 3376 3708 3377
f 3376 3707 3708
f 3375 3706 3707
f 3375 3707 3376
f 3374 3706 3375
f 3373 3705 3706
f 3373 3706 3374
f 313 314 3705
f 313 3705 3373
f 3372 241 242
f 3372 3704 241
f 3371 3703 3704
f 3371 3704 3372
f 3370 3702 3703
f 3370 3703 3371
f 3369 3701 3702
f 3369 3702 3370
f 3368 3699 3700
f 3368 3700 3701
f 3368 3701 3369
f 3367 3699 3368
f 3366 3698 3699
f 3366 3699 3367
f 3365 3696 3697
f 3365 3697 3698
f 3365 3698 3366
f 3364 3696 3365
f 3363 3695 3696
f 3363 3696 3364
f 3362 3694 3695
f 3362 3695 3363
f 3361 3694 3362
f 3361 3693 3694
f 3360 3693 3361
f 3360 3692 3693
f 3359 3692 3360
f 3359 3691 3692
f 3358 3691 3359
f 3358 3690 3691
f 3357 3690 3358
f 3357 3688 3689
f 3357 3689 3690
f 3356 3688 3357
f 3355 3688 3356
f 3355 3686 3687
f 3355 3687 3688
f 3354 3686 3355
f 3354 3685 3686
f 3353 3684 3685
f 3353 3685 3354
f 3352 3684 3353
f 3351 3683 3684
f 3351 3684 3352
f 265 266 3683
f 265 3683 3351
f 3103 193 194
f 3103 2889 193
f 3104 2890 2889
f 3104 2889 3103
f 3105 2891 2890
f 3105 2890 3104
f 3106 2892 2891
f 3106 2891 3105
f 3107 2893 2892
f 3107 2892 3106
f 3108 2894 2893
f 3108 2895 2894
f 3108 2893 3107
f 3109 2895 3108
f 3110 2896 2895
f 3110 2895 3109
f 3111 2897 2896
f 3111 2896 3110
f 3112 2898 2897
f 3112 2897 3111
f 3113 2899 2898
f 3113 2900 2899
f 3113 2898 3112
f 3114 2900 3113
f 3115 2900 3114
f 3115 2901 2900
f 3116 2901 3115
f 3116 2902 2901
f 3117 2902 3116
f 3117 2903 2902
f 3118 2903 3117
f 3118 2904 2903
f 3119 2904 3118
f 3119 2905 2904
f 3119 2906 2905
f 3120 2906 3119
f 3120 2907 2906
f 3121 2907 3120
f 3122 2907 3121
f 3122 2908 2907
f 3123 2908 3122
f 3123 2909 2908
f 3124 2909 3123
f 3124 2910 2909
f 195 2910 3124
f 195 218 2910
f 3081 145 146
f 3081 2911 145
f 3082 2912 2911
f 3082 2911 3081
f 3083 2913 2912
f 3083 2912 3082
f 3084 2914 2913
f 3084 2913 3083
f 3085 2915 2914
f 3085 2914 3084
f 3086 2916 2915
f 3086 2917 2916
f 3086 2915 3085
f 3087 2917 3086
f 3088 2918 2917
f 3088 2917 3087
f 3089 2919 2918
f 3089 2918 3088
f 3090 2920 2919
f 3090 2919 3089
f 3091 2921 2920
f 3091 2922 2921
f 3091 2920 3090
f 3092 2922 3091
f 3093 2922 3092
f 3093 2923 2922
f 3094 2923 3093
f 3094 2924 2923
f 3095 2924 3094
f 3095 2925 2924
f 3096 2925 3095
f 3096 2926 2925
f 3097 2926 3096
f 3097 2927 2926
f 3097 2928 2927
f 3098 2928 3097
f 3098 2929 2928
f 3099 2929 3098
f 3100 2929 3099
f 3100 2930 2929
f 3101 2930 3100
f 3101 2931 2930
f 3102 2931 3101
f 3102 2932 2931
f 147 2932 3102
f 147 170 2932
f 3059 97 98
f 3059 2933 97
f 3060 2934 2933
f 3060 2933 3059
f 3061 2935 2934
f 3061 2934 3060
f 3062 2936 2935
f 3062 2935 3061
f 3063 2937 2936
f 3063 2936 3062
f 3064 2938 2937
f 3064 2939 2938
f 3064 2937 3063
f 3065 2939 3064
f 3066 2940 2939
f 3066 2939 3065
f 3067 2941 2940
f 3067 2940 3066
f 3068 2942 2941
f 3068 2941 3067
f 3069 2943 2942
f 3069 2944 2943
f 3069 2942 3068
f 3070 2944 3069
f 3071 2944 3070
f 3071 2945 2944
f 3072 2945 3071
f 3072 2946 2945
f 3073 2946 3072
f 3073 2947 2946
f 3074 2947 3073
f 3074 2948 2947
f 3075 2948 3074
f 3075 2949 2948
f 3075 2950 2949
f 3076 2950 3075
f 3076 2951 2950
f 3077 2951 3076
f 3078 2951 3077
f 3078 2952 2951
f 3079 2952 3078
f 3079 2953 2952
f 3080 2953 3079
f 3080 2954 2953
f 99 2954 3080
f 99 122 2954
f 3037 49 50
f 3037 2955 49
f 3038 2956 2955
f 3038 2955 3037
f 3039 2957 2956
f 3039 2956 3038
f 3040 2958 2957
f 3040 2957 3039
f 3041 2959 2958
f 3041 2958 3040
f 3042 2960 2959
f 3042 2961 2960
f 3042 2959 3041
f 3043 2961 3042
f 3044 2962 2961
f 3044 2961 3043
f 3045 2963 2962
f 3045 2962 3044
f 3046 2964 2963
f 3046 2963 3045
f 3047 2965 2964
f 3047 2966 2965
f 3047 2964 3046
f 3048 2966 3047
f 3049 2966 3048
f 3049 2967 2966
f 3050 2967 3049
f 3050 2968 2967
f 3051 2968 3050
f 3051 2969 2968
f 3052 2969 3051
f 3052 2970 2969
f 3053 2970 3052
f 3053 2971 2970
f 3053 2972 2971
f 3054 2972 3053
f 3054 2973 2972
f 3055 2973 3054
f 3056 2973 3055
f 3056 2974 2973
f 3057 2974 3056
f 3057 2975 2974
f 3058 2975 3057
f 3058 2976 2975
f 51 2976 3058
f 51 74 2976
f 3015 1 2
f 3015 2977 1
f 3016 2978 2977
f 3016 2977 3015
f 3017 2979 2978
f 3017 2978 3016
f 3018 2980 2979
f 3018 2979 3017
f 3019 2981 2980
f 3019 2980 3018
f 3020 2982 2981
f 3020 2983 2982
f 3020 2981 3019
f 3021 2983 3020
f 3022 2984 2983
f 3022 2983 3021
f 3023 2985 2984
f 3023 2984 3022
f 3024 2986 2985
f 3024 2985 3023
f 3025 2987 2986
f 3025 2988 2987
f 3025 2986 3024
f 3026 2988 3025
f 3027 2988 3026
f 3027 2989 2988
f 3028 2989 3027
f 3028 2990 2989
f 3029 2990 3028
f 3029 2991 2990
f 3030 2991 3029
f 3030 2992 2991
f 3031 2992 3030
f 3031 2993 2992
f 3031 2994 2993
f 3032 2994 3031
f 3032 2995 2994
f 3033 2995 3032
f 3034 2995 3033
f 3034 2996 2995
f 3035 2996 3034
f 3035 2997 2996
f 3036 2997 3035
f 3036 2998 2997
f 3 2998 3036
f 3 26 2998
f 3898 3899 2999
f 3900 2999 3899
f 3901 2999 3900
f 3897 3898 2999
f 3896 3897 2999
f 3902 2999 3901
f 3903 2999 3902
f 3895 3896 2999
f 3894 3895 2999
f 3904 2999 3903
f 3126 2999 3904
f 2877 3894 2999
f 3893 3126 3125
f 3890 3891 3892
f 3886 3125 3883
f 3886 3883 3884
f 3886 3884 3885
f 3889 3892 3893
f 3889 3890 3892
f 3887 3125 3886
f 3888 3893 3125
f 3888 3889 3893
f 3888 3125 3887
f 3014 2877 2999
f 2876 2877 3014
f 3893 2999 3126
f 3927 2999 3893
f 3928 2999 3927
f 3929 2999 3928
f 3930 2999 3929
f 3931 3000 2999
f 3931 2999 3930
f 3130 3001 3000
f 3130 3000 3931
f 3916 3002 3001
f 3916 3001 3128
f 3917 3002 3916
f 3918 3002 3917
f 3919 3002 3918
f 3920 3002 3919
f 3921 3002 3920
f 3922 3002 3921
f 3923 3002 3922
f 3003 3923 2871
f 3003 3002 3923
f 3129 3001 3130
f 3129 3128 3001
f 3127 3129 3924
f 3127 3924 3925
f 3127 3925 3926
f 3127 3128 3129
f 2875 3003 2871
f 3004 3003 2875
f 2874 3004 2875
f 3005 3004 2874
f 2873 3005 2874
f 3006 3005 2873
f 2872 3910 3006
f 2872 3006 2873
f 3909 3910 2872
f 2870 3908 3909
f 2870 3909 2872
f 3907 3908 2870
f 3911 3907 2870
f 3912 3907 3911
f 3906 3907 3912
f 3913 3906 3912
f 3914 3905 3906
f 3914 3906 3913
f 3915 3905 3914
f 3793 3905 3915
f 3794 3793 3915
f 3461 3939 3462
f 2878 3938 3939
f 2878 3939 3461
f 2888 3936 3937
f 2888 3937 3938
f 2888 3938 2878
f 2887 3935 3936
f 2887 3936 2888
f 2886 3933 3934
f 2886 3934 3935
f 2886 3935 2887
f 2885 3007 3932
f 2885 3932 3933
f 2885 3933 2886
f 2884 3008 3007
f 2884 3007 2885
f 2883 3009 3008
f 2883 3008 2884
f 2882 3010 3009
f 2882 3009 2883
f 2881 3011 3010
f 2881 3010 2882
f 2880 3012 3011
f 2880 3011 2881
f 2879 3013 3012
f 2879 3012 2880
f 2876 3014 3013
f 2876 3013 2879
f 3126 1528 1527
f 3904 1529 1528
f 3904 1528 3126
f 3903 1530 1529
f 3903 1529 3904
f 3902 1531 1530
f 3902 1530 3903
f 3901 1532 1531
f 3901 1531 3902
f 3900 1532 3901
f 3899 1533 1532
f 3899 1534 1533
f 3899 1532 3900
f 3898 1534 3899
f 3897 1535 1534
f 3897 1534 3898
f 3896 1536 1535
f 3896 1535 3897
f 3895 1537 1536
f 3895 1536 3896
f 3894 1538 1537
f 3894 1539 1538
f 3894 1537 3895
f 2877 1539 3894
f 1617 1378 1377
f 1616 1379 1378
f 1616 1378 1617
f 1615 1380 1379
f 1615 1379 1616
f 1614 1381 1380
f 1614 1380 1615
f 1613 1382 1381
f 1613 1381 1614
f 1612 1383 1382
f 1612 1382 1613
f 1611 1384 1383
f 1611 1383 1612
f 1610 1385 1384
f 1610 1384 1611
f 1609 1386 1385
f 1609 1385 1610
f 1608 1387 1386
f 1608 1386 1609
f 1607 1388 1387
f 1607 1387 1608
f 1606 1388 1607
f 1605 1376 1388
f 1605 1388 1606
f 1603 3793 1604
f 1603 3905 3793
f 1602 3905 1603
f 1601 3906 3905
f 1601 3905 1602
f 1600 3906 1601
f 1599 3907 3906
f 1599 3906 1600
f 1598 3907 1599
f 1597 3908 3907
f 1597 3907 1598
f 1596 3908 1597
f 1595 3909 3908
f 1595 3908 1596
f 1594 3910 3909
f 1594 3909 1595
f 1593 3006 3910
f 1593 3910 1594
f 1592 3006 1593
f 1579 1391 1390
f 1629 1392 1391
f 1629 1391 1579
f 1628 1393 1392
f 1628 1392 1629
f 1627 1394 1393
f 1627 1393 1628
f 1626 1395 1394
f 1626 1394 1627
f 1625 1396 1395
f 1625 1395 1626
f 1624 1397 1396
f 1624 1396 1625
f 1623 1398 1397
f 1623 1397 1624
f 1622 1399 1398
f 1622 1398 1623
f 1621 1400 1399
f 1621 1399 1622
f 1620 1401 1400
f 1620 1400 1621
f 1619 1401 1620
f 1618 1389 1401
f 1618 1401 1619
f 1590 3007 1591
f 1590 3932 3007
f 1589 3933 3932
f 1589 3932 1590
f 1588 3934 3933
f 1588 3933 1589
f 1587 3935 3934
f 1587 3934 1588
f 1586 3935 1587
f 1585 3936 3935
f 1585 3935 1586
f 1584 3937 3936
f 1584 3936 1585
f 1583 3937 1584
f 1582 3938 3937
f 1582 3937 1583
f 1581 3939 3938
f 1581 3938 1582
f 1580 3462 3939
f 1580 3939 1581
f 1578 3462 1580
f 1430 1444 1577
f 1430 1429 1444
f 1431 1577 1576
f 1431 1430 1577
f 1432 1576 1575
f 1432 1431 1576
f 1433 1575 1574
f 1433 1432 1575
f 1434 1574 1573
f 1434 1433 1574
f 1435 1573 1572
f 1435 1434 1573
f 1436 1572 1571
f 1436 1435 1572
f 1437 1571 1570
f 1437 1436 1571
f 1438 1570 1569
f 1438 1437 1570
f 1439 1569 1568
f 1439 1438 1569
f 1440 1568 1567
f 1440 1439 1568
f 1428 1567 1566
f 1428 1440 1567
f 1417 1565 1564
f 1417 1416 1565
f 1418 1564 1563
f 1418 1417 1564
f 1419 1563 1562
f 1419 1418 1563
f 1420 1562 1561
f 1420 1419 1562
f 1421 1561 1560
f 1421 1420 1561
f 1422 1560 1559
f 1422 1421 1560
f 1423 1559 1558
f 1423 1422 1559
f 1424 1558 1557
f 1424 1423 1558
f 1425 1557 1556
f 1425 1424 1557
f 1426 1556 1555
f 1426 1425 1556
f 1427 1555 1554
f 1427 1426 1555
f 1415 1554 1553
f 1415 1427 1554
f 1404 1552 1551
f 1404 1403 1552
f 1405 1551 1550
f 1405 1404 1551
f 1406 1550 1549
f 1406 1405 1550
f 1407 1549 1548
f 1407 1406 1549
f 1408 1548 1547
f 1408 1407 1548
f 1409 1547 1546
f 1409 1408 1547
f 1410 1546 1545
f 1410 1409 1546
f 1411 1545 1544
f 1411 1410 1545
f 1412 1544 1543
f 1412 1411 1544
f 1413 1543 1542
f 1413 1412 1543
f 1414 1542 1541
f 1414 1413 1542
f 3461 1541 1540
f 3461 1414 1541
f 1402 1414 3461
f 2878 3461 1540
f 1499 3128 1500
f 1499 3916 3128
f 1498 3917 3916
f 1498 3916 1499
f 1497 3918 3917
f 1497 3917 1498
f 1496 3918 1497
f 1495 3919 3918
f 1495 3918 1496
f 1494 3920 3919
f 1494 3919 1495
f 1493 3921 3920
f 1493 3920 1494
f 1492 3922 3921
f 1492 3921 1493
f 1491 3922 1492
f 1490 3923 3922
f 1490 3922 1491
f 1489 2871 3923
f 1489 3923 1490
f 1488 2871 1489
f 3794 1476 1475
f 3915 1477 1476
f 3915 1478 1477
f 3915 1476 3794
f 3914 1479 1478
f 3914 1480 1479
f 3914 1478 3915
f 3913 1481 1480
f 3913 1482 1481
f 3913 1480 3914
f 3912 1483 1482
f 3912 1484 1483
f 3912 1482 3913
f 3911 1485 1484
f 3911 1486 1485
f 3911 1484 3912
f 2870 1487 1486
f 2870 1486 3911
f 1469 1370 1375
f 1470 1375 1374
f 1470 1469 1375
f 1471 1374 1373
f 1471 1470 1374
f 1472 1373 1372
f 1472 1471 1373
f 1473 1372 1371
f 1473 1472 1372
f 1474 1473 1371
f 3927 1514 1513
f 3928 1513 1512
f 3928 3927 1513
f 3929 1512 1511
f 3929 3928 1512
f 3930 1510 1509
f 3930 1511 1510
f 3930 3929 1511
f 3931 1509 1508
f 3931 3930 1509
f 3130 1508 1507
f 3130 3931 1508
f 3125 1526 1525
f 3883 1525 1524
f 3883 3125 1525
f 3884 1524 1523
f 3884 3883 1524
f 3885 1523 1522
f 3885 3884 1523
f 3886 1522 1521
f 3886 3885 1522
f 3887 1521 1520
f 3887 3886 1521
f 3888 1520 1519
f 3888 3887 1520
f 3889 1519 1518
f 3889 3888 1519
f 3890 1518 1517
f 3890 3889 1518
f 3891 1517 1516
f 3891 3890 1517
f 3892 1516 1515
f 3892 3891 1516
f 3893 1515 1514
f 3893 3892 1515
f 3927 3893 1514
f 3129 1506 1505
f 3924 1505 1504
f 3924 3129 1505
f 3925 1504 1503
f 3925 3924 1504
f 3926 1503 1502
f 3926 3925 1503
f 3127 1502 1501
f 3127 3926 1502
f 1449 1350 1362
f 1450 1362 1361
f 1450 1449 1362
f 1451 1361 1360
f 1451 1450 1361
f 1452 1360 1359
f 1452 1451 1360
f 1453 1359 1358
f 1453 1452 1359
f 1454 1358 1357
f 1454 1453 1358
f 1455 1357 1356
f 1455 1454 1357
f 1456 1356 1355
f 1456 1455 1356
f 1457 1355 1354
f 1457 1456 1355
f 1458 1354 1353
f 1458 1457 1354
f 1459 1353 1352
f 1459 1458 1353
f 1460 1352 1351
f 1460 1459 1352
f 1461 1460 1351
f 1363 1468 1467
f 1364 1467 1466
f 1364 1363 1467
f 1365 1466 1465
f 1365 1364 1466
f 1366 1465 1464
f 1366 1365 1465
f 1367 1464 1463
f 1367 1366 1464
f 1368 1367 1463
f 1369 1463 1462
f 1369 1368 1463
f 1351 1462 1461
f 1351 1369 1462
f 2631 2630 3940
f 2631 3940 3941
f 2632 3941 3942
f 2632 2631 3941
f 2629 3942 3943
f 2629 2632 3942
f 2628 2629 3943
f 2628 3943 3944
f 2627 2628 3944
f 2627 3944 3945
f 2619 2627 3945
f 2619 3945 3946
f 2620 2619 3946
f 2620 3946 3947
f 2621 3947 3948
f 2621 2620 3947
f 2622 3948 3949
f 2622 2621 3948
f 2623 3949 3950
f 2623 2622 3949
f 2624 3950 3951
f 2624 2623 3950
f 2625 3951 3952
f 2625 2624 3951
f 2626 3952 3953
f 2626 2625 3952
f 2653 2626 3953
f 2653 3953 2847
f 2644 1155 1164
f 2644 1164 3954
f 2643 2644 3954
f 2643 3954 3955
f 2641 2643 3955
f 2641 3955 3956
f 2642 2641 3956
f 2642 3956 3957
f 2639 3957 3958
f 2639 2642 3957
f 2640 2639 3958
f 2640 3958 3959
f 2638 3959 3960
f 2638 2640 3959
f 2637 2638 3960
f 2637 3960 3961
f 2636 2637 3961
f 2636 3961 3962
f 3964 2634 2636
f 3964 2636 3962
f 3964 3962 3963
f 3964 3963 2634
f 2635 2634 3963
f 2635 3963 3965
f 2633 3965 3966
f 2633 2635 3965
f 3940 2633 3966
f 2630 2633 3940
f 3965 3963 3962
f 3961 3966 3965
f 3961 3965 3962
f 3944 3941 3940
f 3944 3942 3941
f 3944 3943 3942
f 3944 3940 3966
f 1272 3961 1271
f 1270 1271 3961
f 1273 3961 1272
f 1269 1270 3961
f 1274 3961 1273
f 1268 1269 3961
f 1275 3961 1274
f 1267 1268 3961
f 1276 3961 1275
f 1266 1267 3961
f 1277 3961 1276
f 2751 3966 3961
f 2751 3944 3966
f 2751 3961 1277
f 2752 3944 2751
f 2753 3944 2752
f 2754 3944 2753
f 2755 3944 2754
f 2756 3944 2755
f 2757 3944 2756
f 2758 3944 2757
f 2759 3944 2758
f 2760 3944 2759
f 2761 3944 2760
f 3960 1266 3961
f 3960 1259 1260
f 3960 1260 1261
f 3960 1261 1262
f 3960 1262 1263
f 3960 1263 1264
f 3960 1264 1265
f 3960 1265 1266
f 3958 3960 3959
f 3957 3960 3958
f 3956 3960 3957
f 3955 3960 3956
f 1174 1259 3960
f 1174 3960 1173
f 1174 1258 1259
f 1172 1173 3960
f 1172 3960 3955
f 1175 1257 1258
f 1175 1258 1174
f 1171 1172 3955
f 1176 1257 1175
f 1176 1256 1257
f 1170 1171 3955
f 1177 1255 1256
f 1177 1256 1176
f 1169 1170 3955
f 1178 1255 1177
f 1178 1254 1255
f 1168 1169 3955
f 1179 1254 1178
f 1167 1168 3955
f 2833 2772 1254
f 2833 1254 1179
f 1166 1167 3955
f 2834 2771 2772
f 2834 2772 2833
f 1165 1166 3955
f 3954 1165 3955
f 2835 2770 2771
f 2835 2771 2834
f 1164 1165 3954
f 2836 2770 2835
f 2836 2769 2770
f 2837 2769 2836
f 2837 2768 2769
f 3945 2837 2838
f 3945 2838 2839
f 3945 2839 2840
f 3945 2768 2837
f 3945 3944 2761
f 3945 2761 2762
f 3945 2762 2763
f 3945 2763 2764
f 3945 2764 2765
f 3945 2765 2766
f 3945 2766 2767
f 3945 2767 2768
f 3953 2840 2841
f 3953 2841 2842
f 3953 2842 2843
f 3953 2843 2844
f 3953 2844 2845
f 3953 2845 2846
f 3953 2846 2847
f 3953 3945 2840
f 3952 3945 3953
f 3951 3945 3952
f 3950 3945 3951
f 3949 3945 3950
f 3948 3945 3949
f 3947 3945 3948
f 3946 3945 3947
f 3968 2309 3967
f 2301 2309 3968
f 2302 2301 3968
f 2302 3968 3969
f 2303 3969 3970
f 2303 2302 3969
f 2304 3970 3971
f 2304 2303 3970
f 2305 3971 3972
f 2305 2304 3971
f 2306 3972 3973
f 2306 2305 3972
f 2307 3973 3974
f 2307 2306 3973
f 2308 3974 3975
f 2308 2307 3974
f 2336 2308 3975
f 2336 3975 2810
f 2324 1205 1213
f 2324 1213 3976
f 2325 2324 3976
f 2325 3976 3977
f 2326 3977 3978
f 2326 2325 3977
f 2327 3978 3979
f 2327 2326 3978
f 2328 3979 3980
f 2328 2327 3979
f 3981 2328 3980
f 2322 2328 3981
f 2323 2322 3981
f 2323 3981 3982
f 2320 3982 3983
f 2320 2323 3982
f 2321 2320 3983
f 2321 3983 3984
f 2319 3984 3985
f 2319 2321 3984
f 3986 2319 3985
f 2317 2319 3986
f 2318 2317 3986
f 2318 3986 3987
f 2316 3987 3988
f 2316 2318 3987
f 3990 2315 2316
f 3990 2316 3988
f 3990 3988 3989
f 3990 3989 2315
f 2314 2315 3989
f 2314 3989 3991
f 2312 2314 3991
f 2312 3991 3992
f 2313 2312 3992
f 2313 3992 3993
f 3994 2313 3993
f 2311 2313 3994
f 2310 2311 3994
f 2310 3994 3995
f 2309 2310 3995
f 2309 3995 3967
f 3987 3989 3988
f 3991 3987 3986
f 3991 3989 3987
f 3982 3984 3983
f 3982 3985 3984
f 3980 3982 3981
f 3980 3985 3982
f 3979 3985 3980
f 3978 3985 3979
f 3977 3985 3978
f 3995 3993 3992
f 3995 3994 3993
f 3995 3992 3991
f 3976 3985 3977
f 1224 3985 1223
f 1224 3986 3985
f 1222 3985 3976
f 1222 1223 3985
f 1225 3986 1224
f 1221 1222 3976
f 1226 3986 1225
f 1220 1221 3976
f 1227 3986 1226
f 1219 1220 3976
f 1228 3986 1227
f 1228 3991 3986
f 1218 1219 3976
f 1229 3991 1228
f 1217 1218 3976
f 2795 3991 1229
f 2795 3995 3991
f 1216 1217 3976
f 2796 3995 2795
f 1215 1216 3976
f 2797 3995 2796
f 1214 1215 3976
f 2798 3995 2797
f 1213 1214 3976
f 2799 3995 2798
f 3975 2802 2803
f 3975 2803 2804
f 3975 2804 2805
f 3975 2805 2806
f 3975 2806 2807
f 3975 2807 2808
f 3975 2808 2809
f 3975 2809 2810
f 3967 2799 2800
f 3967 2800 2801
f 3967 2801 2802
f 3967 3995 2799
f 3967 2802 3975
f 3974 3967 3975
f 3973 3967 3974
f 3972 3967 3973
f 3971 3967 3972
f 3970 3967 3971
f 3969 3967 3970
f 3968 3967 3969
f 2437 2419 3996
f 2437 3996 3997
f 2436 3997 3998
f 2436 2437 3997
f 2435 2436 3998
f 2435 3998 3999
f 2434 2435 3999
f 2434 3999 4000
f 2432 2434 4000
f 2432 4000 4001
f 2433 2432 4001
f 2433 4001 4002
f 2431 4002 4003
f 2431 2433 4002
f 2430 2431 4003
f 2430 4003 4004
f 2429 2430 4004
f 2429 4004 4005
f 4006 2429 4005
f 2425 2429 4006
f 2426 2425 4006
f 2426 4006 4007
f 2427 4007 4008
f 2427 2426 4007
f 2428 4008 4009
f 2428 2427 4008
f 2420 4009 4010
f 2420 2428 4009
f 2421 2420 4010
f 2421 4010 4011
f 2422 4011 4012
f 2422 2421 4011
f 2423 4012 4013
f 2423 2422 4012
f 2424 4013 4014
f 2424 2423 4013
f 2418 4014 4015
f 2418 2424 4014
f 2419 2418 4015
f 2419 4015 3996
f 4009 4011 4010
f 4012 4011 4009
f 4008 4012 4009
f 4013 4012 4008
f 4007 4013 4008
f 4014 4013 4007
f 4006 4015 4014
f 4006 4014 4007
f 3999 3997 3996
f 3999 3998 3997
f 1343 4015 4006
f 1344 4015 1343
f 1342 1343 4006
f 1345 4015 1344
f 1341 1342 4006
f 1346 3996 4015
f 1346 4015 1345
f 1340 1341 4006
f 1347 3996 1346
f 1339 1340 4006
f 1348 3996 1347
f 1338 1339 4006
f 1301 3996 1348
f 1301 3999 3996
f 1337 1338 4006
f 2729 3999 1301
f 1336 1337 4006
f 2730 3999 2729
f 1335 1336 4006
f 2731 3999 2730
f 2732 3999 2731
f 2733 3999 2732
f 2734 3999 2733
f 2735 3999 2734
f 2736 3999 2735
f 2737 3999 2736
f 2738 3999 2737
f 2739 3999 2738
f 4005 1335 4006
f 4005 1328 1329
f 4005 1329 1330
f 4005 1330 1331
f 4005 1331 1332
f 4005 1332 1333
f 4005 1333 1334
f 4005 1334 1335
f 4002 4004 4003
f 4001 4005 4004
f 4001 4004 4002
f 4000 2743 2744
f 4000 2744 2745
f 4000 2745 2746
f 4000 2746 2747
f 4000 2747 2748
f 4000 2748 2749
f 4000 2749 2750
f 4000 2750 1326
f 4000 1326 1327
f 4000 1327 1328
f 4000 1328 4005
f 4000 4005 4001
f 4000 3999 2739
f 4000 2739 2740
f 4000 2740 2741
f 4000 2741 2742
f 4000 2742 2743
f 4017 4016 4034
f 4017 4034 4035
f 4018 4035 4036
f 4018 4017 4035
f 4019 4036 4037
f 4019 4018 4036
f 4020 4037 4038
f 4020 4019 4037
f 4021 4038 4039
f 4021 4020 4038
f 4022 4039 4040
f 4022 4021 4039
f 4023 4040 4041
f 4023 4022 4040
f 4024 4041 4042
f 4024 4023 4041
f 4025 4042 4043
f 4025 4024 4042
f 4026 4043 4044
f 4026 4025 4043
f 4027 4044 4045
f 4027 4026 4044
f 4028 4045 4046
f 4028 4027 4045
f 4047 4028 4046
f 4029 4028 4047
f 4048 4029 4047
f 4030 4029 4048
f 4049 4030 4048
f 4031 4030 4049
f 4032 4031 4049
f 4032 4049 4050
f 4033 4032 4050
f 4033 4050 4051
f 4052 4033 4051
f 4052 4051 4061
f 4053 4061 4062
f 4053 4052 4061
f 4054 4062 4063
f 4054 4053 4062
f 4055 4063 4064
f 4055 4054 4063
f 4056 4064 4065
f 4056 4055 4064
f 4057 4065 4066
f 4057 4056 4065
f 4058 4066 4067
f 4058 4057 4066
f 4059 4067 4068
f 4059 4058 4067
f 4060 4068 4069
f 4060 4059 4068
f 4070 4060 4069
f 4070 4069 4074
f 4071 4074 4075
f 4071 4070 4074
f 4072 4075 4076
f 4072 4071 4075
f 4073 4076 4077
f 4073 4072 4076
f 4078 4073 4077
f 4078 4077 4082
f 4079 4082 4083
f 4079 4078 4082
f 4080 4083 4084
f 4080 4079 4083
f 4081 4084 4085
f 4081 4080 4084
f 4090 4081 4085
f 4086 4081 4090
f 4091 4086 4090
f 4087 4086 4091
f 4092 4087 4091
f 4088 4087 4092
f 4093 4088 4092
f 4089 4088 4093
f 4094 4089 4093
f 4094 4093 4097
f 4095 4097 4098
f 4095 4094 4097
f 4099 4095 4098
f 4096 4095 4099
f 4100 4096 4099
f 4100 4099 4106
f 4101 4106 4107
f 4101 4100 4106
f 4102 4107 4108
f 4102 4101 4107
f 4103 4108 4109
f 4103 4102 4108
f 4104 4109 4110
f 4104 4103 4109
f 4111 4104 4110
f 4105 4104 4111
f 2270 2178 4112
f 2270 4112 4113
f 2271 4113 4114
f 2271 2270 4113
f 2272 4114 4115
f 2272 2271 4114
f 2273 4115 4116
f 2273 2272 4115
f 2274 4116 4117
f 2274 2273 4116
f 2275 4117 4118
f 2275 2274 4117
f 2269 4118 4119
f 2269 2275 4118
f 2268 2269 4119
f 2268 4119 4120
f 4121 2268 4120
f 2267 2268 4121
f 2265 2267 4121
f 2265 4121 4122
f 2266 2265 4122
f 2266 4122 4123
f 4124 2266 4123
f 2263 2266 4124
f 2264 2263 4124
f 2264 4124 4125
f 2261 4125 4126
f 2261 2264 4125
f 4127 2261 4126
f 2262 2261 4127
f 4128 2262 4127
f 2258 2262 4128
f 4129 2258 4128
f 2259 2258 4129
f 4130 2259 4129
f 2260 2259 4130
f 4131 2260 4130
f 2250 2260 4131
f 4132 2250 4131
f 2251 2250 4132
f 4133 2251 4132
f 2252 2251 4133
f 4134 2252 4133
f 2253 2252 4134
f 4135 2253 4134
f 2254 2253 4135
f 4136 2254 4135
f 2255 2254 4136
f 4137 2255 4136
f 2256 2255 4137
f 2257 4137 4138
f 2257 2256 4137
f 2245 4138 4139
f 2245 2257 4138
f 2246 2245 4139
f 2246 4139 4140
f 2247 4140 4141
f 2247 2246 4140
f 2248 4141 4142
f 2248 2247 4141
f 2249 4142 4143
f 2249 2248 4142
f 2241 4143 4144
f 2241 2249 4143
f 2242 2241 4144
f 2242 4144 4145
f 2243 4145 4146
f 2243 2242 4145
f 2244 4146 4147
f 2244 2243 4146
f 2237 4147 4148
f 2237 2244 4147
f 2238 2237 4148
f 2238 4148 4149
f 2239 4149 4150
f 2239 2238 4149
f 2240 4150 4151
f 2240 2239 4150
f 2233 4151 4152
f 2233 2240 4151
f 2234 2233 4152
f 2234 4152 4153
f 2235 4153 4154
f 2235 2234 4153
f 2236 4154 4155
f 2236 2235 4154
f 2229 4155 4156
f 2229 2236 4155
f 2230 2229 4156
f 2230 4156 4157
f 2231 4157 4158
f 2231 2230 4157
f 2232 4158 4159
f 2232 2231 4158
f 2225 4159 4160
f 2225 2232 4159
f 2226 2225 4160
f 2226 4160 4161
f 2227 4161 4162
f 2227 2226 4161
f 2228 4162 4163
f 2228 2227 4162
f 2222 4163 4164
f 2222 2228 4163
f 4165 2222 4164
f 2223 2222 4165
f 4166 2223 4165
f 2224 2223 4166
f 4167 2224 4166
f 2218 2224 4167
f 2219 2218 4167
f 2219 4167 4168
f 2220 4168 4169
f 2220 2219 4168
f 2221 4169 4170
f 2221 2220 4169
f 2214 4170 4171
f 2214 2221 4170
f 2215 2214 4171
f 2215 4171 4172
f 2216 4172 4173
f 2216 2215 4172
f 2217 4173 4174
f 2217 2216 4173
f 2211 4174 4175
f 2211 2217 4174
f 4176 2211 4175
f 2212 2211 4176
f 4177 2212 4176
f 2213 2212 4177
f 4178 2213 4177
f 2208 2213 4178
f 2209 2208 4178
f 2209 4178 4179
f 2210 4179 4180
f 2210 2209 4179
f 2203 4180 4181
f 2203 2210 4180
f 2204 2203 4181
f 2204 4181 4182
f 2205 4182 4183
f 2205 2204 4182
f 2206 4183 4184
f 2206 2205 4183
f 2207 4184 4185
f 2207 2206 4184
f 2199 4185 4186
f 2199 2207 4185
f 2200 2199 4186
f 2200 4186 4187
f 2201 4187 4188
f 2201 2200 4187
f 2202 4188 4189
f 2202 2201 4188
f 4190 2202 4189
f 2196 2202 4190
f 4191 2196 4190
f 2197 2196 4191
f 4192 2197 4191
f 2198 2197 4192
f 4193 2198 4192
f 2193 2198 4193
f 2194 2193 4193
f 2194 4193 4194
f 2195 4194 4195
f 2195 2194 4194
f 2190 4195 4196
f 2190 2195 4195
f 2191 2190 4196
f 2191 4196 4197
f 2192 4197 4198
f 2192 2191 4197
f 2186 4198 4199
f 2186 2192 4198
f 4200 2186 4199
f 2187 2186 4200
f 4201 2187 4200
f 2188 2187 4201
f 4202 2188 4201
f 2189 2188 4202
f 4203 2189 4202
f 2182 2189 4203
f 2183 2182 4203
f 2183 4203 4204
f 2184 4204 4205
f 2184 2183 4204
f 2185 4205 4206
f 2185 2184 4205
f 2179 4206 4207
f 2179 2185 4206
f 2180 2179 4207
f 2180 4207 4208
f 2181 4208 4209
f 2181 2180 4208
f 2172 4209 4210
f 2172 2181 4209
f 2173 2172 4210
f 2173 4210 4211
f 2174 4211 4212
f 2174 2173 4211
f 2175 4212 4213
f 2175 2174 4212
f 2176 4213 4214
f 2176 2175 4213
f 4215 2176 4214
f 2177 2176 4215
f 2178 4215 4112
f 2178 2177 4215
f 4216 4105 4111
f 4216 4111 4219
f 4217 4219 4220
f 4217 4216 4219
f 4218 4220 4221
f 4218 4217 4220
f 4016 4221 4034
f 4016 4218 4221
f 4124 4113 4112
f 4124 4215 4214
f 4124 4112 4215
f 4123 4114 4113
f 4123 4113 4124
f 4125 4214 4213
f 4125 4124 4214
f 4122 4115 4114
f 4122 4116 4115
f 4122 4114 4123
f 4126 4213 4212
f 4126 4125 4213
f 4127 4212 4211
f 4127 4126 4212
f 4121 4117 4116
f 4121 4118 4117
f 4121 4116 4122
f 4120 4119 4118
f 4120 4118 4121
f 4128 4127 4211
f 4129 4211 4210
f 4129 4128 4211
f 4130 4129 4210
f 4130 4210 4209
f 4131 4130 4209
f 4132 4131 4209
f 4132 4209 4208
f 4133 4208 4207
f 4133 4132 4208
f 4134 4207 4206
f 4134 4133 4207
f 4135 4206 4205
f 4135 4134 4206
f 4136 4135 4205
f 4204 4136 4205
f 4137 4136 4204
f 4203 4137 4204
f 4203 4138 4137
f 4202 4138 4203
f 4202 4139 4138
f 4061 4158 4157
f 4061 4159 4158
f 4051 4159 4061
f 4051 4161 4160
f 4051 4160 4159
f 4062 4061 4157
f 4062 4157 4156
f 4063 4062 4156
f 4063 4155 4154
f 4063 4156 4155
f 4050 4161 4051
f 4050 4162 4161
f 4049 4163 4162
f 4049 4164 4163
f 4049 4162 4050
f 4064 4154 4153
f 4064 4063 4154
f 4048 4164 4049
f 4048 4165 4164
f 4201 4139 4202
f 4201 4140 4139
f 4065 4153 4152
f 4065 4064 4153
f 4047 4165 4048
f 4047 4166 4165
f 4047 4167 4166
f 4066 4065 4152
f 4066 4151 4150
f 4066 4152 4151
f 4067 4066 4150
f 4067 4150 4149
f 4046 4167 4047
f 4046 4168 4167
f 4200 4140 4201
f 4200 4141 4140
f 4068 4149 4148
f 4068 4067 4149
f 4045 4168 4046
f 4045 4169 4168
f 4069 4068 4148
f 4069 4147 4146
f 4069 4148 4147
f 4044 4169 4045
f 4044 4170 4169
f 4044 4171 4170
f 4074 4069 4146
f 4145 4074 4146
f 4199 4141 4200
f 4199 4142 4141
f 4043 4171 4044
f 4043 4172 4171
f 4075 4074 4145
f 4042 4172 4043
f 4042 4173 4172
f 4144 4076 4075
f 4144 4075 4145
f 4077 4076 4144
f 4041 4174 4173
f 4041 4173 4042
f 4175 4174 4041
f 4198 4142 4199
f 4198 4143 4142
f 4040 4175 4041
f 4082 4077 4144
f 4083 4082 4144
f 4176 4040 4039
f 4176 4175 4040
f 4084 4083 4144
f 4197 4143 4198
f 4197 4144 4143
f 4177 4039 4038
f 4177 4176 4039
f 4178 4038 4037
f 4178 4177 4038
f 4196 4090 4085
f 4196 4085 4084
f 4196 4084 4144
f 4196 4144 4197
f 4179 4037 4036
f 4179 4178 4037
f 4195 4091 4090
f 4195 4090 4196
f 4180 4035 4034
f 4180 4036 4035
f 4180 4179 4036
f 4194 4091 4195
f 4194 4092 4091
f 4181 4180 4034
f 4181 4034 4221
f 4193 4097 4093
f 4193 4093 4092
f 4193 4092 4194
f 4182 4220 4219
f 4182 4221 4220
f 4182 4181 4221
f 4192 4097 4193
f 4192 4098 4097
f 4192 4099 4098
f 4183 4219 4111
f 4183 4182 4219
f 4191 4106 4099
f 4191 4099 4192
f 4184 4183 4111
f 4185 4184 4111
f 4185 4111 4110
f 4190 4107 4106
f 4190 4106 4191
f 4186 4110 4109
f 4186 4185 4110
f 4189 4107 4190
f 4187 4109 4108
f 4187 4186 4109
f 4188 4108 4107
f 4188 4187 4108
f 4188 4107 4189
f 2083 2075 4222
f 2083 4222 4223
f 2080 2083 4223
f 2080 4223 4224
f 2081 2080 4224
f 2081 4224 4225
f 2082 4225 4226
f 2082 2081 4225
f 2079 4226 4227
f 2079 2082 4226
f 2078 2079 4227
f 2078 4227 4228
f 2078 4228 4229
f 2078 4229 2077
f 2076 2077 4229
f 2076 4229 4230
f 4231 2074 2076
f 4231 2076 4230
f 4222 2074 4231
f 2075 2074 4222
f 4227 4231 4230
f 4226 4231 4227
f 4229 4227 4230
f 4222 4231 4226
f 4228 4227 4229
f 4225 4222 4226
f 4223 4222 4225
f 4224 4223 4225
f 1659 1662 4232
f 1659 4232 4233
f 4234 1659 4233
f 1660 1659 4234
f 4235 1660 4234
f 1661 1660 4235
f 4236 1661 4235
f 1658 1661 4236
f 1446 1658 4236
f 1445 1658 1446
f 1670 1448 1447
f 1670 1447 4237
f 4238 1670 4237
f 1669 1670 4238
f 1664 1669 4238
f 1664 4238 4239
f 4240 1664 4239
f 1665 1664 4240
f 4241 1665 4240
f 1666 1665 4241
f 4242 1666 4241
f 1667 1666 4242
f 4243 1667 4242
f 1668 1667 4243
f 4244 1668 4243
f 1663 1668 4244
f 4232 1663 4244
f 1662 1663 4232
f 4232 1446 4236
f 4232 4234 4233
f 4232 4235 4234
f 4232 4236 4235
f 4237 1447 1446
f 4237 1446 4232
f 4244 4238 4237
f 4244 4237 4232
f 4243 4238 4244
f 4242 4238 4243
f 4241 4238 4242
f 4240 4238 4241
f 4239 4238 4240
f 2073 2056 4245
f 2073 4245 4246
f 2072 4246 4247
f 2072 2073 4246
f 2071 2072 4247
f 2071 4247 4248
f 2070 2071 4248
f 2070 4248 4249
f 2067 2070 4249
f 2067 4249 4250
f 2068 2067 4250
f 2068 4250 4251
f 2069 4251 4252
f 2069 2068 4251
f 2066 4252 4253
f 2066 2069 4252
f 4254 2066 4253
f 2060 2066 4254
f 2061 2060 4254
f 2061 4254 4255
f 2062 4255 4256
f 2062 2061 4255
f 2063 4256 4257
f 2063 2062 4256
f 2064 4257 4258
f 2064 2063 4257
f 2065 4258 4259
f 2065 2064 4258
f 2059 4259 4260
f 2059 2065 4259
f 2058 2059 4260
f 2058 4260 4261
f 4262 2058 4261
f 2057 2058 4262
f 2055 2057 4262
f 2055 4262 4263
f 4245 2055 4263
f 2056 2055 4245
f 4248 4246 4245
f 4248 4247 4246
f 4251 4250 4249
f 4252 4251 4249
f 4253 4252 4249
f 4261 4245 4263
f 4261 4263 4262
f 4261 4249 4248
f 4261 4248 4245
f 4260 4249 4261
f 4260 4253 4249
f 4254 4256 4255
f 4254 4257 4256
f 4254 4258 4257
f 4254 4259 4258
f 4254 4260 4259
f 4254 4253 4260
f 4265 2277 4264
f 2299 2277 4265
f 4266 2299 4265
f 2300 2299 4266
f 4267 2300 4266
f 2298 2300 4267
f 2297 2298 4267
f 2297 4267 4268
f 2295 2297 4268
f 2295 4268 4269
f 2296 2295 4269
f 2296 4269 4270
f 2293 4270 4271
f 2293 2296 4270
f 4272 2293 4271
f 2294 2293 4272
f 4273 2294 4272
f 2292 2294 4273
f 2291 2292 4273
f 2291 4273 4274
f 2288 2291 4274
f 2288 4274 4275
f 2289 2288 4275
f 2289 4275 4276
f 2290 4276 4277
f 2290 2289 4276
f 2287 4277 4278
f 2287 2290 4277
f 2282 2287 4278
f 2282 4278 4279
f 2283 2282 4279
f 2283 4279 4280
f 2284 4280 4281
f 2284 2283 4280
f 2285 4281 4282
f 2285 2284 4281
f 2286 4282 4283
f 2286 2285 4282
f 2281 4283 4284
f 2281 2286 4283
f 2279 2281 4284
f 2279 4284 4285
f 2280 2279 4285
f 2280 4285 4286
f 2278 4286 4287
f 2278 2280 4286
f 2276 2278 4287
f 2276 4287 4288
f 2277 2276 4288
f 2277 4288 4264
f 4280 4279 4278
f 4277 4280 4278
f 4281 4280 4277
f 4275 4277 4276
f 4275 4281 4277
f 4282 4281 4275
f 4283 4282 4275
f 4284 4283 4275
f 4274 4284 4275
f 4285 4284 4274
f 4270 4272 4271
f 4270 4273 4272
f 4269 4273 4270
f 4268 4274 4273
f 4268 4273 4269
f 4288 4286 4285
f 4288 4287 4286
f 4264 4285 4274
f 4264 4274 4268
f 4264 4288 4285
f 4267 4264 4268
f 4266 4264 4267
f 4265 4264 4266
f 2054 2026 4289
f 2054 4289 4290
f 2053 4290 4291
f 2053 2054 4290
f 2052 2053 4291
f 2052 4291 4292
f 2051 2052 4292
f 2051 4292 4293
f 2043 2051 4293
f 2043 4293 4294
f 4295 2043 4294
f 2044 2043 4295
f 4296 2044 4295
f 2045 2044 4296
f 4297 2045 4296
f 2046 2045 4297
f 4298 2046 4297
f 2047 2046 4298
f 4299 2047 4298
f 2048 2047 4299
f 4300 2048 4299
f 2049 2048 4300
f 4301 2049 4300
f 2050 2049 4301
f 4302 2050 4301
f 2042 2050 4302
f 2041 2042 4302
f 2041 4302 4303
f 4304 2041 4303
f 2040 2041 4304
f 2037 2040 4304
f 2037 4304 4305
f 2038 2037 4305
f 2038 4305 4306
f 4307 2038 4306
f 2039 2038 4307
f 4308 2039 4307
f 2035 2039 4308
f 2036 2035 4308
f 2036 4308 4309
f 2034 4309 4310
f 2034 2036 4309
f 2030 2034 4310
f 2030 4310 4311
f 2031 2030 4311
f 2031 4311 4312
f 2032 4312 4313
f 2032 2031 4312
f 2033 4313 4314
f 2033 2032 4313
f 4315 2033 4314
f 2027 2033 4315
f 2028 2027 4315
f 2028 4315 4316
f 2029 4316 4317
f 2029 2028 4316
f 2025 4317 4318
f 2025 2029 4317
f 2026 2025 4318
f 2026 4318 4289
f 4296 4295 4294
f 4293 4297 4296
f 4293 4298 4297
f 4293 4299 4298
f 4293 4300 4299
f 4293 4301 4300
f 4293 4302 4301
f 4293 4296 4294
f 4303 4302 4293
f 4306 4305 4304
f 4307 4306 4304
f 4308 4307 4304
f 4309 4308 4304
f 4310 4304 4303
f 4310 4309 4304
f 4292 4303 4293
f 4290 4292 4291
f 4289 4292 4290
f 4311 4310 4303
f 4311 4303 4292
f 4318 4312 4311
f 4318 4292 4289
f 4318 4311 4292
f 4317 4312 4318
f 4313 4317 4316
f 4313 4312 4317
f 4314 4313 4316
f 4315 4314 4316
f 2024 1998 4319
f 2024 4319 4320
f 2016 4320 4321
f 2016 2024 4320
f 4322 2016 4321
f 2017 2016 4322
f 4323 2017 4322
f 2018 2017 4323
f 4324 2018 4323
f 2019 2018 4324
f 4325 2019 4324
f 2020 2019 4325
f 4326 2020 4325
f 2021 2020 4326
f 4327 2021 4326
f 2022 2021 4327
f 4328 2022 4327
f 2023 2022 4328
f 4329 2023 4328
f 2015 2023 4329
f 4330 2015 4329
f 2014 2015 4330
f 2012 2014 4330
f 2012 4330 4331
f 2013 2012 4331
f 2013 4331 4332
f 2007 4332 4333
f 2007 2013 4332
f 2008 2007 4333
f 2008 4333 4334
f 2009 4334 4335
f 2009 2008 4334
f 2010 4335 4336
f 2010 2009 4335
f 2011 4336 4337
f 2011 2010 4336
f 2006 4337 4338
f 2006 2011 4337
f 2005 2006 4338
f 2005 4338 4339
f 2004 2005 4339
f 2004 4339 4340
f 2002 2004 4340
f 2002 4340 4341
f 2003 2002 4341
f 2003 4341 4342
f 2001 4342 4343
f 2001 2003 4342
f 4344 2001 4343
f 1999 2001 4344
f 4345 1999 4344
f 2000 1999 4345
f 4346 2000 4345
f 1997 2000 4346
f 1998 1997 4346
f 1998 4346 4319
f 4320 4322 4321
f 4320 4323 4322
f 4324 4323 4320
f 4325 4324 4320
f 4326 4325 4320
f 4319 4327 4326
f 4319 4326 4320
f 4328 4327 4319
f 4329 4328 4319
f 4334 4333 4332
f 4335 4334 4332
f 4344 4319 4346
f 4344 4346 4345
f 4344 4329 4319
f 4336 4332 4331
f 4336 4335 4332
f 4337 4336 4331
f 4338 4331 4330
f 4338 4337 4331
f 4339 4330 4329
f 4339 4329 4344
f 4339 4338 4330
f 4343 4340 4339
f 4343 4339 4344
f 4342 4340 4343
f 4341 4340 4342
f 2375 2338 4347
f 2375 4347 4348
f 2376 4348 4349
f 2376 2375 4348
f 2368 4349 4350
f 2368 2376 4349
f 2369 2368 4350
f 2369 4350 4351
f 2370 4351 4352
f 2370 2369 4351
f 2371 4352 4353
f 2371 2370 4352
f 4354 2371 4353
f 2372 2371 4354
f 2373 4354 4355
f 2373 2372 4354
f 2374 4355 4356
f 2374 2373 4355
f 2367 4356 4357
f 2367 2374 4356
f 2366 2367 4357
f 2366 4357 4358
f 2365 2366 4358
f 2365 4358 4359
f 2357 2365 4359
f 2357 4359 4360
f 4361 2357 4360
f 2358 2357 4361
f 4362 2358 4361
f 2359 2358 4362
f 4363 2359 4362
f 2360 2359 4363
f 4364 2360 4363
f 2361 2360 4364
f 4365 2361 4364
f 2362 2361 4365
f 4366 2362 4365
f 2363 2362 4366
f 4367 2363 4366
f 2364 2363 4367
f 4368 2364 4367
f 2356 2364 4368
f 4369 2356 4368
f 2355 2356 4369
f 2346 2355 4369
f 2346 4369 4370
f 2347 2346 4370
f 2347 4370 4371
f 2348 4371 4372
f 2348 2347 4371
f 2349 4372 4373
f 2349 2348 4372
f 2350 4373 4374
f 2350 2349 4373
f 2351 4374 4375
f 2351 2350 4374
f 2352 4375 4376
f 2352 2351 4375
f 2353 4376 4377
f 2353 2352 4376
f 2354 4377 4378
f 2354 2353 4377
f 2345 4378 4379
f 2345 2354 4378
f 2344 2345 4379
f 2344 4379 4380
f 2342 2344 4380
f 2342 4380 4381
f 2343 2342 4381
f 2343 4381 4382
f 2339 4382 4383
f 2339 2343 4382
f 4384 2339 4383
f 2340 2339 4384
f 4385 2340 4384
f 2341 2340 4385
f 2337 4385 4386
f 2337 2341 4385
f 2338 2337 4386
f 2338 4386 4347
f 4375 4373 4372
f 4375 4374 4373
f 4376 4371 4370
f 4376 4372 4371
f 4376 4375 4372
f 4377 4376 4370
f 4378 4377 4370
f 4369 4379 4378
f 4369 4378 4370
f 4380 4379 4369
f 4384 4383 4382
f 4385 4384 4382
f 4386 4382 4381
f 4386 4381 4380
f 4386 4385 4382
f 4359 4361 4360
f 4359 4362 4361
f 4359 4363 4362
f 4359 4364 4363
f 4359 4365 4364
f 4359 4366 4365
f 4359 4367 4366
f 4359 4368 4367
f 4358 4369 4368
f 4358 4380 4369
f 4358 4368 4359
f 4358 4386 4380
f 4347 4386 4358
f 4347 4358 4357
f 4356 4347 4357
f 4348 4347 4356
f 4355 4349 4348
f 4355 4348 4356
f 4354 4349 4355
f 4353 4349 4354
f 4352 4349 4353
f 4351 4349 4352
f 4350 4349 4351
f 1995 1968 4387
f 1995 4387 4388
f 1996 4388 4389
f 1996 1995 4388
f 4390 1996 4389
f 1994 1996 4390
f 1993 1994 4390
f 1993 4390 4391
f 1990 1993 4391
f 1990 4391 4392
f 1991 1990 4392
f 1991 4392 4393
f 1992 4393 4394
f 1992 1991 4393
f 1989 4394 4395
f 1989 1992 4394
f 4396 1989 4395
f 1987 1989 4396
f 1988 1987 4396
f 1988 4396 4397
f 1979 4397 4398
f 1979 1988 4397
f 1980 1979 4398
f 1980 4398 4399
f 1981 4399 4400
f 1981 1980 4399
f 1982 4400 4401
f 1982 1981 4400
f 1983 4401 4402
f 1983 1982 4401
f 1984 4402 4403
f 1984 1983 4402
f 1985 4403 4404
f 1985 1984 4403
f 1986 4404 4405
f 1986 1985 4404
f 1978 4405 4406
f 1978 1986 4405
f 1977 1978 4406
f 1977 4406 4407
f 1976 1977 4407
f 1976 4407 4408
f 1970 1976 4408
f 1970 4408 4409
f 1971 1970 4409
f 1971 4409 4410
f 1972 4410 4411
f 1972 1971 4410
f 1973 4411 4412
f 1973 1972 4411
f 1974 4412 4413
f 1974 1973 4412
f 1975 4413 4414
f 1975 1974 4413
f 1969 4414 4415
f 1969 1975 4414
f 1967 1969 4415
f 1967 4415 4416
f 1968 1967 4416
f 1968 4416 4387
f 4395 4393 4392
f 4395 4394 4393
f 4391 4395 4392
f 4399 4398 4397
f 4400 4399 4397
f 4401 4400 4397
f 4402 4401 4397
f 4389 4391 4390
f 4403 4402 4397
f 4404 4403 4397
f 4388 4391 4389
f 4405 4397 4396
f 4405 4404 4397
f 4387 4391 4388
f 4406 4405 4396
f 4416 4395 4391
f 4416 4391 4387
f 4407 4396 4395
f 4407 4406 4396
f 4407 4395 4416
f 4415 4407 4416
f 4408 4407 4415
f 4414 4408 4415
f 4413 4408 4414
f 4412 4408 4413
f 4411 4408 4412
f 4410 4408 4411
f 4409 4408 4410
f 2399 2378 4417
f 2399 4417 4418
f 2398 2399 4418
f 2398 4418 4419
f 2393 2398 4419
f 2393 4419 4420
f 2394 2393 4420
f 2394 4420 4421
f 2395 4421 4422
f 2395 2394 4421
f 2396 4422 4423
f 2396 2395 4422
f 2397 4423 4424
f 2397 2396 4423
f 4425 2397 4424
f 2391 2397 4425
f 4426 2391 4425
f 2392 2391 4426
f 2389 4426 4427
f 2389 2392 4426
f 2390 2389 4427
f 2390 4427 4428
f 2388 4428 4429
f 2388 2390 4428
f 4430 2388 4429
f 2387 2388 4430
f 2383 2387 4430
f 2383 4430 4431
f 2384 2383 4431
f 2384 4431 4432
f 2385 4432 4433
f 2385 2384 4432
f 2386 4433 4434
f 2386 2385 4433
f 2382 4434 4435
f 2382 2386 4434
f 2381 2382 4435
f 2381 4435 4436
f 2380 2381 4436
f 2380 4436 4437
f 2379 2380 4437
f 2379 4437 4438
f 2377 2379 4438
f 2377 4438 4439
f 2378 2377 4439
f 2378 4439 4417
f 4430 4432 4431
f 4430 4433 4432
f 4430 4434 4433
f 4430 4435 4434
f 4436 4435 4430
f 4439 4438 4437
f 4439 4437 4436
f 4426 4428 4427
f 4426 4429 4428
f 4424 4426 4425
f 4424 4429 4426
f 4423 4429 4424
f 4422 4429 4423
f 4421 4429 4422
f 4420 4430 4429
f 4420 4436 4430
f 4420 4429 4421
f 4417 4420 4419
f 4417 4439 4436
f 4417 4436 4420
f 4418 4417 4419
f 1965 1942 4440
f 1965 4440 4441
f 1966 4441 4442
f 1966 1965 4441
f 4443 1966 4442
f 1964 1966 4443
f 1963 1964 4443
f 1963 4443 4444
f 1960 1963 4444
f 1960 4444 4445
f 4446 1960 4445
f 1961 1960 4446
f 4447 1961 4446
f 1962 1961 4447
f 4448 1962 4447
f 1959 1962 4448
f 4449 1959 4448
f 1957 1959 4449
f 1958 1957 4449
f 1958 4449 4450
f 1949 4450 4451
f 1949 1958 4450
f 1950 1949 4451
f 1950 4451 4452
f 1951 4452 4453
f 1951 1950 4452
f 1952 4453 4454
f 1952 1951 4453
f 1953 4454 4455
f 1953 1952 4454
f 1954 4455 4456
f 1954 1953 4455
f 1955 4456 4457
f 1955 1954 4456
f 1956 4457 4458
f 1956 1955 4457
f 1948 4458 4459
f 1948 1956 4458
f 1947 1948 4459
f 1947 4459 4460
f 1946 1947 4460
f 1946 4460 4461
f 1943 1946 4461
f 1943 4461 4462
f 1944 1943 4462
f 1944 4462 4463
f 1945 4463 4464
f 1945 1944 4463
f 4465 1945 4464
f 1941 1945 4465
f 1942 1941 4465
f 1942 4465 4440
f 4448 4446 4445
f 4448 4447 4446
f 4444 4448 4445
f 4452 4451 4450
f 4453 4452 4450
f 4442 4444 4443
f 4454 4453 4450
f 4455 4454 4450
f 4456 4455 4450
f 4457 4456 4450
f 4441 4444 4442
f 4458 4450 4449
f 4458 4457 4450
f 4440 4444 4441
f 4459 4458 4449
f 4460 4449 4448
f 4460 4448 4444
f 4460 4459 4449
f 4460 4444 4440
f 4465 4461 4460
f 4465 4460 4440
f 4464 4461 4465
f 4463 4461 4464
f 4462 4461 4463
f 2417 2401 4466
f 2417 4466 4467
f 2416 2417 4467
f 2416 4467 4468
f 4469 2416 4468
f 2415 2416 4469
f 2414 2415 4469
f 2414 4469 4470
f 2413 2414 4470
f 2413 4470 4471
f 2412 2413 4471
f 2412 4471 4472
f 2410 2412 4472
f 2410 4472 4473
f 2411 2410 4473
f 2411 4473 4474
f 2408 4474 4475
f 2408 2411 4474
f 4476 2408 4475
f 2409 2408 4476
f 4477 2409 4476
f 2407 2409 4477
f 2406 2407 4477
f 2406 4477 4478
f 2403 2406 4478
f 2403 4478 4479
f 2404 2403 4479
f 2404 4479 4480
f 2405 4480 4481
f 2405 2404 4480
f 2402 4481 4482
f 2402 2405 4481
f 2400 2402 4482
f 2400 4482 4483
f 4466 2400 4483
f 2401 2400 4466
f 4478 4480 4479
f 4478 4481 4480
f 4478 4482 4481
f 4483 4482 4478
f 4474 4476 4475
f 4474 4477 4476
f 4473 4477 4474
f 4472 4478 4477
f 4472 4483 4478
f 4472 4477 4473
f 4468 4467 4466
f 4468 4466 4483
f 4468 4483 4472
f 4471 4468 4472
f 4469 4468 4471
f 4470 4469 4471
f 1646 1647 4484
f 1646 4484 4485
f 1645 1646 4485
f 1645 4485 4486
f 1644 1645 4486
f 1644 4486 4487
f 1635 1644 4487
f 1635 4487 4488
f 1636 1635 4488
f 1636 4488 4489
f 1637 4489 4490
f 1637 1636 4489
f 1638 4490 4491
f 1638 1637 4490
f 1639 4491 4492
f 1639 1638 4491
f 1640 4492 4493
f 1640 1639 4492
f 1641 4493 4494
f 1641 1640 4493
f 1642 4494 4495
f 1642 1641 4494
f 1643 4495 4496
f 1643 1642 4495
f 1634 4496 4497
f 1634 1643 4496
f 1633 1634 4497
f 1633 4497 4498
f 1630 1633 4498
f 1630 4498 4499
f 1631 1630 4499
f 1631 4499 4500
f 1632 4500 4501
f 1632 1631 4500
f 1349 1632 4501
f 1349 4501 1443
f 1657 1441 1442
f 1657 1442 4502
f 1649 4502 4503
f 1649 1657 4502
f 1650 1649 4503
f 1650 4503 4504
f 1651 4504 4505
f 1651 1650 4504
f 1652 4505 4506
f 1652 1651 4505
f 1653 4506 4507
f 1653 1652 4506
f 1654 4507 4508
f 1654 1653 4507
f 1655 4508 4509
f 1655 1654 4508
f 1656 4509 4510
f 1656 1655 4509
f 1648 4510 4511
f 1648 1656 4510
f 1647 1648 4511
f 1647 4511 4484
f 4484 4486 4485
f 4502 4504 4503
f 4502 4505 4504
f 1442 4506 4505
f 1442 4507 4506
f 1442 4508 4507
f 1442 4509 4508
f 1442 4510 4509
f 1442 4511 4510
f 1442 4505 4502
f 4489 4488 4487
f 4490 4489 4487
f 4491 4490 4487
f 4492 4491 4487
f 4493 4492 4487
f 4494 4493 4487
f 4495 4494 4487
f 4496 4495 4487
f 4497 4496 4487
f 4498 4484 4511
f 4498 4487 4486
f 4498 4486 4484
f 4498 4511 1442
f 4498 4497 4487
f 1443 4500 4499
f 1443 4499 4498
f 1443 4498 1442
f 4501 4500 1443
f 4513 1917 4512
f 1940 1917 4513
f 1939 1940 4513
f 1939 4513 4514
f 4515 1939 4514
f 1938 1939 4515
f 1937 1938 4515
f 1937 4515 4516
f 4517 1937 4516
f 1936 1937 4517
f 1930 1936 4517
f 1930 4517 4518
f 4519 1930 4518
f 1931 1930 4519
f 4520 1931 4519
f 1932 1931 4520
f 4521 1932 4520
f 1933 1932 4521
f 4522 1933 4521
f 1934 1933 4522
f 4523 1934 4522
f 1935 1934 4523
f 4524 1935 4523
f 1929 1935 4524
f 1928 1929 4524
f 1928 4524 4525
f 1927 1928 4525
f 1927 4525 4526
f 1918 1927 4526
f 1918 4526 4527
f 1919 1918 4527
f 1919 4527 4528
f 1920 4528 4529
f 1920 1919 4528
f 1921 4529 4530
f 1921 1920 4529
f 1922 4530 4531
f 1922 1921 4530
f 1923 4531 4532
f 1923 1922 4531
f 1924 4532 4533
f 1924 1923 4532
f 1925 4533 4534
f 1925 1924 4533
f 1926 4534 4535
f 1926 1925 4534
f 1916 4535 4536
f 1916 1926 4535
f 4512 1916 4536
f 1917 1916 4512
f 4526 4528 4527
f 4526 4529 4528
f 4526 4530 4529
f 4526 4531 4530
f 4526 4532 4531
f 4526 4533 4532
f 4526 4534 4533
f 4526 4535 4534
f 4526 4536 4535
f 4512 4526 4525
f 4512 4536 4526
f 4517 4525 4524
f 4517 4519 4518
f 4517 4520 4519
f 4517 4521 4520
f 4517 4522 4521
f 4517 4523 4522
f 4517 4524 4523
f 4516 4513 4512
f 4516 4512 4525
f 4516 4525 4517
f 4514 4513 4516
f 4515 4514 4516
f 2463 2439 4537
f 2463 4537 4538
f 2464 4538 4539
f 2464 2463 4538
f 2465 4539 4540
f 2465 2464 4539
f 2466 4540 4541
f 2466 2465 4540
f 2467 4541 4542
f 2467 2466 4541
f 2468 4542 4543
f 2468 2467 4542
f 2460 4543 4544
f 2460 2468 4543
f 2461 2460 4544
f 2461 4544 4545
f 2462 4545 4546
f 2462 2461 4545
f 2459 4546 4547
f 2459 2462 4546
f 2457 2459 4547
f 2457 4547 4548
f 2458 2457 4548
f 2458 4548 4549
f 2456 4549 4550
f 2456 2458 4549
f 2448 2456 4550
f 2448 4550 4551
f 2449 2448 4551
f 2449 4551 4552
f 2450 4552 4553
f 2450 2449 4552
f 2451 4553 4554
f 2451 2450 4553
f 2452 4554 4555
f 2452 2451 4554
f 2453 4555 4556
f 2453 2452 4555
f 2454 4556 4557
f 2454 2453 4556
f 2455 4557 4558
f 2455 2454 4557
f 2447 4558 4559
f 2447 2455 4558
f 4560 2447 4559
f 2446 2447 4560
f 2445 2446 4560
f 2445 4560 4561
f 4562 2445 4561
f 2441 2445 4562
f 2442 2441 4562
f 2442 4562 4563
f 2443 4563 4564
f 2443 2442 4563
f 2444 4564 4565
f 2444 2443 4564
f 2440 4565 4566
f 2440 2444 4565
f 2438 2440 4566
f 2438 4566 4567
f 2439 2438 4567
f 2439 4567 4537
f 4548 4550 4549
f 4551 4550 4548
f 4555 4554 4553
f 4543 4545 4544
f 4542 4545 4543
f 4556 4553 4552
f 4556 4555 4553
f 4541 4545 4542
f 4540 4545 4541
f 4557 4552 4551
f 4557 4556 4552
f 4539 4546 4545
f 4539 4545 4540
f 4558 4557 4551
f 4538 4547 4546
f 4538 4546 4539
f 4559 4551 4548
f 4559 4558 4551
f 4537 4548 4547
f 4537 4547 4538
f 4560 4548 4537
f 4560 4559 4548
f 4567 4560 4537
f 4561 4560 4567
f 4566 4561 4567
f 4565 4561 4566
f 4564 4561 4565
f 4563 4561 4564
f 4562 4561 4563
f 1915 1889 4568
f 1915 4568 4569
f 4570 1915 4569
f 1907 1915 4570
f 1908 1907 4570
f 1908 4570 4571
f 1909 4571 4572
f 1909 1908 4571
f 1910 4572 4573
f 1910 1909 4572
f 1911 4573 4574
f 1911 1910 4573
f 1912 4574 4575
f 1912 1911 4574
f 1913 4575 4576
f 1913 1912 4575
f 1914 4576 4577
f 1914 1913 4576
f 1906 4577 4578
f 1906 1914 4577
f 1905 1906 4578
f 1905 4578 4579
f 1903 1905 4579
f 1903 4579 4580
f 4581 1903 4580
f 1904 1903 4581
f 1898 4581 4582
f 1898 1904 4581
f 1899 1898 4582
f 1899 4582 4583
f 1900 4583 4584
f 1900 1899 4583
f 1901 4584 4585
f 1901 1900 4584
f 1902 4585 4586
f 1902 1901 4585
f 1897 4586 4587
f 1897 1902 4586
f 4588 1897 4587
f 1896 1897 4588
f 1895 1896 4588
f 1895 4588 4589
f 1893 1895 4589
f 1893 4589 4590
f 1894 1893 4590
f 1894 4590 4591
f 1892 4591 4592
f 1892 1894 4591
f 1890 1892 4592
f 1890 4592 4593
f 1891 1890 4593
f 1891 4593 4594
f 4595 1891 4594
f 1888 1891 4595
f 4568 1888 4595
f 1889 1888 4568
f 4569 4571 4570
f 4569 4572 4571
f 4573 4572 4569
f 4574 4573 4569
f 4575 4574 4569
f 4568 4576 4575
f 4568 4575 4569
f 4577 4576 4568
f 4578 4577 4568
f 4583 4582 4581
f 4584 4583 4581
f 4593 4568 4595
f 4593 4595 4594
f 4593 4578 4568
f 4585 4581 4580
f 4585 4584 4581
f 4586 4585 4580
f 4587 4580 4579
f 4587 4586 4580
f 4588 4579 4578
f 4588 4578 4593
f 4588 4587 4579
f 4592 4589 4588
f 4592 4588 4593
f 4591 4589 4592
f 4590 4589 4591
f 2500 2470 4596
f 2500 4596 4597
f 2501 4597 4598
f 2501 2500 4597
f 2493 4598 4599
f 2493 2501 4598
f 2494 2493 4599
f 2494 4599 4600
f 4601 2494 4600
f 2495 2494 4601
f 4602 2495 4601
f 2496 2495 4602
f 4603 2496 4602
f 2497 2496 4603
f 2498 4603 4604
f 2498 2497 4603
f 4605 2498 4604
f 2499 2498 4605
f 2492 4605 4606
f 2492 2499 4605
f 2491 2492 4606
f 2491 4606 4607
f 2490 2491 4607
f 2490 4607 4608
f 4609 2490 4608
f 2487 2490 4609
f 2488 2487 4609
f 2488 4609 4610
f 2489 4610 4611
f 2489 2488 4610
f 2486 4611 4612
f 2486 2489 4611
f 2485 2486 4612
f 2485 4612 4613
f 2482 2485 4613
f 2482 4613 4614
f 2483 2482 4614
f 2483 4614 4615
f 2484 4615 4616
f 2484 2483 4615
f 2481 4616 4617
f 2481 2484 4616
f 2480 2481 4617
f 2480 4617 4618
f 2474 2480 4618
f 2474 4618 4619
f 2475 2474 4619
f 2475 4619 4620
f 2476 4620 4621
f 2476 2475 4620
f 2477 4621 4622
f 2477 2476 4621
f 2478 4622 4623
f 2478 2477 4622
f 2479 4623 4624
f 2479 2478 4623
f 2471 4624 4625
f 2471 2479 4624
f 4626 2471 4625
f 2472 2471 4626
f 4627 2472 4626
f 2473 2472 4627
f 4628 2473 4627
f 2469 2473 4628
f 2470 2469 4628
f 2470 4628 4596
f 4613 4615 4614
f 4613 4616 4615
f 4613 4617 4616
f 4618 4617 4613
f 4612 4618 4613
f 4626 4622 4621
f 4626 4623 4622
f 4626 4624 4623
f 4626 4625 4624
f 4627 4621 4620
f 4627 4626 4621
f 4628 4620 4619
f 4628 4627 4620
f 4608 4610 4609
f 4608 4611 4610
f 4608 4612 4611
f 4607 4619 4618
f 4607 4618 4612
f 4607 4612 4608
f 4607 4628 4619
f 4596 4607 4606
f 4596 4628 4607
f 4605 4596 4606
f 4597 4596 4605
f 4604 4598 4597
f 4604 4597 4605
f 4603 4598 4604
f 4602 4598 4603
f 4601 4598 4602
f 4600 4598 4601
f 4599 4598 4600
f 1887 1870 4629
f 1887 4629 4630
f 1886 4630 4631
f 1886 1887 4630
f 1885 1886 4631
f 1885 4631 4632
f 4633 1885 4632
f 1884 1885 4633
f 1881 1884 4633
f 1881 4633 4634
f 1882 1881 4634
f 1882 4634 4635
f 1883 4635 4636
f 1883 1882 4635
f 1880 4636 4637
f 1880 1883 4636
f 4638 1880 4637
f 1874 1880 4638
f 1875 1874 4638
f 1875 4638 4639
f 1876 4639 4640
f 1876 1875 4639
f 1877 4640 4641
f 1877 1876 4640
f 1878 4641 4642
f 1878 1877 4641
f 1879 4642 4643
f 1879 1878 4642
f 1873 4643 4644
f 1873 1879 4643
f 4645 1873 4644
f 1872 1873 4645
f 1871 1872 4645
f 1871 4645 4646
f 1869 1871 4646
f 1869 4646 4647
f 1870 1869 4647
f 1870 4647 4629
f 4632 4630 4629
f 4632 4631 4630
f 4635 4634 4633
f 4636 4635 4633
f 4637 4636 4633
f 4645 4629 4647
f 4645 4647 4646
f 4645 4633 4632
f 4645 4632 4629
f 4644 4633 4645
f 4644 4637 4633
f 4638 4640 4639
f 4638 4641 4640
f 4638 4642 4641
f 4638 4643 4642
f 4638 4644 4643
f 4638 4637 4644
f 2524 2503 4648
f 2524 4648 4649
f 2525 4649 4650
f 2525 2524 4649
f 2526 4650 4651
f 2526 2525 4650
f 2527 4651 4652
f 2527 2526 4651
f 2528 4652 4653
f 2528 2527 4652
f 2522 4653 4654
f 2522 2528 4653
f 4655 2522 4654
f 2523 2522 4655
f 4656 2523 4655
f 2521 2523 4656
f 2519 2521 4656
f 2519 4656 4657
f 2520 2519 4657
f 2520 4657 4658
f 4659 2520 4658
f 2517 2520 4659
f 2518 2517 4659
f 2518 4659 4660
f 2516 4660 4661
f 2516 2518 4660
f 4662 2516 4661
f 2515 2516 4662
f 2513 2515 4662
f 2513 4662 4663
f 2514 2513 4663
f 2514 4663 4664
f 2511 4664 4665
f 2511 2514 4664
f 4666 2511 4665
f 2512 2511 4666
f 4667 2512 4666
f 2510 2512 4667
f 2509 2510 4667
f 2509 4667 4668
f 2507 2509 4668
f 2507 4668 4669
f 2508 2507 4669
f 2508 4669 4670
f 4671 2508 4670
f 2505 2508 4671
f 2506 2505 4671
f 2506 4671 4672
f 2504 4672 4673
f 2504 2506 4672
f 4674 2504 4673
f 2502 2504 4674
f 2503 2502 4674
f 2503 4674 4648
f 4672 4670 4669
f 4672 4671 4670
f 4673 4672 4669
f 4674 4673 4669
f 4655 4650 4649
f 4655 4651 4650
f 4655 4652 4651
f 4655 4653 4652
f 4655 4654 4653
f 4656 4649 4648
f 4656 4648 4674
f 4656 4655 4649
f 4668 4674 4669
f 4664 4666 4665
f 4664 4667 4666
f 4663 4667 4664
f 4662 4668 4667
f 4662 4667 4663
f 4657 4656 4674
f 4657 4674 4668
f 4657 4668 4662
f 4661 4657 4662
f 4660 4658 4657
f 4660 4657 4661
f 4659 4658 4660
f 1868 1841 4675
f 1868 4675 4676
f 1867 1868 4676
f 1867 4676 4677
f 4678 1867 4677
f 1866 1867 4678
f 1862 1866 4678
f 1862 4678 4679
f 1863 1862 4679
f 1863 4679 4680
f 1864 4680 4681
f 1864 1863 4680
f 1865 4681 4682
f 1865 1864 4681
f 1861 4682 4683
f 1861 1865 4682
f 1860 1861 4683
f 1860 4683 4684
f 1855 1860 4684
f 1855 4684 4685
f 1856 1855 4685
f 1856 4685 4686
f 1857 4686 4687
f 1857 1856 4686
f 1858 4687 4688
f 1858 1857 4687
f 1859 4688 4689
f 1859 1858 4688
f 1852 4689 4690
f 1852 1859 4689
f 1853 1852 4690
f 1853 4690 4691
f 1854 4691 4692
f 1854 1853 4691
f 1851 4692 4693
f 1851 1854 4692
f 4694 1851 4693
f 1847 1851 4694
f 1848 1847 4694
f 1848 4694 4695
f 1849 4695 4696
f 1849 1848 4695
f 1850 4696 4697
f 1850 1849 4696
f 1842 4697 4698
f 1842 1850 4697
f 1843 1842 4698
f 1843 4698 4699
f 1844 4699 4700
f 1844 1843 4699
f 1845 4700 4701
f 1845 1844 4700
f 1846 4701 4702
f 1846 1845 4701
f 1840 4702 4703
f 1840 1846 4702
f 1841 1840 4703
f 1841 4703 4675
f 4678 4680 4679
f 4678 4681 4680
f 4678 4682 4681
f 4678 4683 4682
f 4684 4683 4678
f 4685 4684 4678
f 4691 4688 4687
f 4691 4689 4688
f 4691 4690 4689
f 4692 4691 4687
f 4693 4686 4685
f 4693 4687 4686
f 4693 4685 4678
f 4693 4692 4687
f 4675 4677 4676
f 4703 4678 4677
f 4703 4693 4678
f 4703 4677 4675
f 4694 4701 4700
f 4694 4702 4701
f 4694 4703 4702
f 4694 4693 4703
f 4696 4695 4694
f 4699 4694 4700
f 4697 4696 4694
f 4697 4694 4699
f 4698 4697 4699
f 2552 2530 4704
f 2552 4704 4705
f 4706 2552 4705
f 2551 2552 4706
f 2550 2551 4706
f 2550 4706 4707
f 2549 2550 4707
f 2549 4707 4708
f 2541 2549 4708
f 2541 4708 4709
f 2542 2541 4709
f 2542 4709 4710
f 2543 4710 4711
f 2543 2542 4710
f 2544 4711 4712
f 2544 2543 4711
f 2545 4712 4713
f 2545 2544 4712
f 2546 4713 4714
f 2546 2545 4713
f 2547 4714 4715
f 2547 2546 4714
f 2548 4715 4716
f 2548 2547 4715
f 2540 4716 4717
f 2540 2548 4716
f 2539 2540 4717
f 2539 4717 4718
f 4719 2539 4718
f 2534 2539 4719
f 2535 2534 4719
f 2535 4719 4720
f 2536 4720 4721
f 2536 2535 4720
f 2537 4721 4722
f 2537 2536 4721
f 2538 4722 4723
f 2538 2537 4722
f 2533 4723 4724
f 2533 2538 4723
f 2532 2533 4724
f 2532 4724 4725
f 2531 2532 4725
f 2531 4725 4726
f 2529 2531 4726
f 2529 4726 4727
f 2530 2529 4727
f 2530 4727 4704
f 4725 4727 4726
f 4723 4725 4724
f 4722 4725 4723
f 4721 4725 4722
f 4720 4725 4721
f 4707 4705 4704
f 4707 4706 4705
f 4707 4704 4727
f 4719 4725 4720
f 4718 4707 4727
f 4718 4727 4725
f 4718 4725 4719
f 4708 4707 4718
f 4717 4708 4718
f 4716 4708 4717
f 4715 4708 4716
f 4714 4708 4715
f 4713 4708 4714
f 4712 4708 4713
f 4711 4708 4712
f 4710 4708 4711
f 4709 4708 4710
f 1838 1815 4728
f 1838 4728 4729
f 1839 4729 4730
f 1839 1838 4729
f 1837 4730 4731
f 1837 1839 4730
f 1836 1837 4731
f 1836 4731 4732
f 1833 1836 4732
f 1833 4732 4733
f 1834 1833 4733
f 1834 4733 4734
f 1835 4734 4735
f 1835 1834 4734
f 4736 1835 4735
f 1832 1835 4736
f 4737 1832 4736
f 1830 1832 4737
f 1831 1830 4737
f 1831 4737 4738
f 4739 1831 4738
f 1822 1831 4739
f 1823 1822 4739
f 1823 4739 4740
f 1824 4740 4741
f 1824 1823 4740
f 1825 4741 4742
f 1825 1824 4741
f 1826 4742 4743
f 1826 1825 4742
f 1827 4743 4744
f 1827 1826 4743
f 1828 4744 4745
f 1828 1827 4744
f 1829 4745 4746
f 1829 1828 4745
f 1821 4746 4747
f 1821 1829 4746
f 1820 1821 4747
f 1820 4747 4748
f 4749 1820 4748
f 1819 1820 4749
f 1816 1819 4749
f 1816 4749 4750
f 1817 1816 4750
f 1817 4750 4751
f 1818 4751 4752
f 1818 1817 4751
f 1814 4752 4753
f 1814 1818 4752
f 4728 1814 4753
f 1815 1814 4728
f 4736 4734 4733
f 4736 4735 4734
f 4732 4736 4733
f 4740 4739 4738
f 4741 4740 4738
f 4730 4732 4731
f 4742 4741 4738
f 4743 4742 4738
f 4744 4743 4738
f 4745 4744 4738
f 4729 4732 4730
f 4746 4738 4737
f 4746 4745 4738
f 4728 4732 4729
f 4747 4746 4737
f 4748 4737 4736
f 4748 4736 4732
f 4748 4747 4737
f 4748 4732 4728
f 4753 4749 4748
f 4753 4748 4728
f 4752 4749 4753
f 4751 4749 4752
f 4750 4749 4751
f 2574 2554 4754
f 2574 4754 4755
f 2573 4755 4756
f 2573 2574 4755
f 2572 2573 4756
f 2572 4756 4757
f 4758 2572 4757
f 2571 2572 4758
f 2570 2571 4758
f 2570 4758 4759
f 2569 2570 4759
f 2569 4759 4760
f 2564 2569 4760
f 2564 4760 4761
f 2565 2564 4761
f 2565 4761 4762
f 2566 4762 4763
f 2566 2565 4762
f 2567 4763 4764
f 2567 2566 4763
f 2568 4764 4765
f 2568 2567 4764
f 4766 2568 4765
f 2562 2568 4766
f 2563 2562 4766
f 2563 4766 4767
f 2560 4767 4768
f 2560 2563 4767
f 4769 2560 4768
f 2561 2560 4769
f 4770 2561 4769
f 2559 2561 4770
f 2557 2559 4770
f 2557 4770 4771
f 2558 2557 4771
f 2558 4771 4772
f 2556 4772 4773
f 2556 2558 4772
f 2555 2556 4773
f 2555 4773 4774
f 2553 2555 4774
f 2553 4774 4775
f 2554 2553 4775
f 2554 4775 4754
f 4772 4774 4773
f 4775 4772 4771
f 4775 4774 4772
f 4767 4769 4768
f 4767 4770 4769
f 4765 4767 4766
f 4765 4770 4767
f 4764 4770 4765
f 4763 4770 4764
f 4762 4770 4763
f 4757 4755 4754
f 4757 4756 4755
f 4757 4754 4775
f 4761 4771 4770
f 4761 4775 4771
f 4761 4757 4775
f 4761 4770 4762
f 4760 4757 4761
f 4758 4757 4760
f 4759 4758 4760
f 1813 1792 4776
f 1813 4776 4777
f 1812 4777 4778
f 1812 1813 4777
f 1811 1812 4778
f 1811 4778 4779
f 4780 1811 4779
f 1810 1811 4780
f 1807 1810 4780
f 1807 4780 4781
f 4782 1807 4781
f 1808 1807 4782
f 4783 1808 4782
f 1809 1808 4783
f 4784 1809 4783
f 1806 1809 4784
f 1803 1806 4784
f 1803 4784 4785
f 1804 1803 4785
f 1804 4785 4786
f 1805 4786 4787
f 1805 1804 4786
f 1802 4787 4788
f 1802 1805 4787
f 1801 1802 4788
f 1801 4788 4789
f 1795 1801 4789
f 1795 4789 4790
f 1796 1795 4790
f 1796 4790 4791
f 1797 4791 4792
f 1797 1796 4791
f 1798 4792 4793
f 1798 1797 4792
f 1799 4793 4794
f 1799 1798 4793
f 1800 4794 4795
f 1800 1799 4794
f 1793 4795 4796
f 1793 1800 4795
f 1794 1793 4796
f 1794 4796 4797
f 1791 4797 4798
f 1791 1794 4797
f 1792 1791 4798
f 1792 4798 4776
f 4779 4777 4776
f 4779 4778 4777
f 4780 4779 4776
f 4782 4781 4780
f 4784 4783 4782
f 4784 4782 4780
f 4795 4797 4796
f 4794 4797 4795
f 4793 4797 4794
f 4792 4797 4793
f 4791 4798 4797
f 4791 4797 4792
f 4790 4798 4791
f 4789 4776 4798
f 4789 4780 4776
f 4789 4784 4780
f 4789 4798 4790
f 4786 4789 4788
f 4786 4788 4787
f 4785 4784 4789
f 4785 4789 4786
f 2592 2576 4799
f 2592 4799 4800
f 2591 4800 4801
f 2591 2592 4800
f 2590 2591 4801
f 2590 4801 4802
f 2589 2590 4802
f 2589 4802 4803
f 2588 2589 4803
f 2588 4803 4804
f 2587 2588 4804
f 2587 4804 4805
f 4806 2587 4805
f 2586 2587 4806
f 2583 2586 4806
f 2583 4806 4807
f 4808 2583 4807
f 2584 2583 4808
f 4809 2584 4808
f 2585 2584 4809
f 2582 4809 4810
f 2582 2585 4809
f 2579 2582 4810
f 2579 4810 4811
f 2580 2579 4811
f 2580 4811 4812
f 2581 4812 4813
f 2581 2580 4812
f 4814 2581 4813
f 2577 2581 4814
f 2578 2577 4814
f 2578 4814 4815
f 2575 4815 4816
f 2575 2578 4815
f 2576 2575 4816
f 2576 4816 4799
f 4814 4813 4812
f 4815 4812 4811
f 4815 4814 4812
f 4816 4815 4811
f 4810 4816 4811
f 4802 4800 4799
f 4802 4801 4800
f 4806 4808 4807
f 4806 4809 4808
f 4806 4810 4809
f 4806 4816 4810
f 4803 4799 4816
f 4803 4802 4799
f 4803 4816 4806
f 4805 4803 4806
f 4804 4803 4805
f 1790 1759 4817
f 1790 4817 4818
f 1783 4818 4819
f 1783 1790 4818
f 1784 1783 4819
f 1784 4819 4820
f 1785 4820 4821
f 1785 1784 4820
f 1786 4821 4822
f 1786 1785 4821
f 1787 4822 4823
f 1787 1786 4822
f 1788 4823 4824
f 1788 1787 4823
f 1789 4824 4825
f 1789 1788 4824
f 1782 4825 4826
f 1782 1789 4825
f 1777 1782 4826
f 1777 4826 4827
f 1778 1777 4827
f 1778 4827 4828
f 1779 4828 4829
f 1779 1778 4828
f 4830 1779 4829
f 1780 1779 4830
f 1781 4830 4831
f 1781 1780 4830
f 1776 4831 4832
f 1776 1781 4831
f 1775 1776 4832
f 1775 4832 4833
f 1774 1775 4833
f 1774 4833 4834
f 1769 1774 4834
f 1769 4834 4835
f 1770 1769 4835
f 1770 4835 4836
f 1771 4836 4837
f 1771 1770 4836
f 1772 4837 4838
f 1772 1771 4837
f 1773 4838 4839
f 1773 1772 4838
f 1764 4839 4840
f 1764 1773 4839
f 1765 1764 4840
f 1765 4840 4841
f 1766 4841 4842
f 1766 1765 4841
f 1767 4842 4843
f 1767 1766 4842
f 1768 4843 4844
f 1768 1767 4843
f 1763 4844 4845
f 1763 1768 4844
f 4846 1763 4845
f 1762 1763 4846
f 1760 1762 4846
f 1760 4846 4847
f 4848 1760 4847
f 1761 1760 4848
f 4849 1761 4848
f 1758 1761 4849
f 1759 1758 4849
f 1759 4849 4817
f 4818 4820 4819
f 4818 4821 4820
f 4818 4822 4821
f 4818 4823 4822
f 4824 4823 4818
f 4817 4825 4824
f 4817 4824 4818
f 4826 4825 4817
f 4833 4828 4827
f 4833 4829 4828
f 4833 4830 4829
f 4833 4831 4830
f 4833 4832 4831
f 4834 4827 4826
f 4834 4826 4817
f 4834 4833 4827
f 4846 4848 4847
f 4846 4849 4848
f 4835 4817 4849
f 4835 4834 4817
f 4835 4849 4846
f 4845 4835 4846
f 4844 4835 4845
f 4836 4835 4844
f 4843 4836 4844
f 4837 4836 4843
f 4842 4837 4843
f 4838 4837 4842
f 4841 4838 4842
f 4839 4838 4841
f 4840 4839 4841
f 2617 2594 4850
f 2617 4850 4851
f 2618 4851 4852
f 2618 2617 4851
f 2616 4852 4853
f 2616 2618 4852
f 2615 2616 4853
f 2615 4853 4854
f 2614 2615 4854
f 2614 4854 4855
f 2607 2614 4855
f 2607 4855 4856
f 2608 2607 4856
f 2608 4856 4857
f 2609 4857 4858
f 2609 2608 4857
f 2610 4858 4859
f 2610 2609 4858
f 2611 4859 4860
f 2611 2610 4859
f 2612 4860 4861
f 2612 2611 4860
f 2613 4861 4862
f 2613 2612 4861
f 2606 4862 4863
f 2606 2613 4862
f 2605 2606 4863
f 2605 4863 4864
f 2604 2605 4864
f 2604 4864 4865
f 2602 2604 4865
f 2602 4865 4866
f 2603 2602 4866
f 2603 4866 4867
f 2600 4867 4868
f 2600 2603 4867
f 2601 2600 4868
f 2601 4868 4869
f 2599 4869 4870
f 2599 2601 4869
f 2598 2599 4870
f 2598 4870 4871
f 2597 2598 4871
f 2597 4871 4872
f 4874 2595 2597
f 4874 2597 4872
f 4874 4872 4873
f 4874 4873 2595
f 2596 2595 4873
f 2596 4873 4875
f 2593 4875 4876
f 2593 2596 4875
f 2594 2593 4876
f 2594 4876 4850
f 4875 4873 4872
f 4871 4876 4875
f 4871 4875 4872
f 4854 4851 4850
f 4854 4852 4851
f 4854 4853 4852
f 4854 4850 4876
f 4854 4876 4871
f 4868 4870 4869
f 4867 4870 4868
f 4866 4870 4867
f 4865 4870 4866
f 4864 4871 4870
f 4864 4854 4871
f 4864 4870 4865
f 4855 4854 4864
f 4863 4855 4864
f 4862 4855 4863
f 4861 4855 4862
f 4860 4855 4861
f 4859 4855 4860
f 4858 4855 4859
f 4857 4855 4858
f 4856 4855 4857
f 1757 1724 4877
f 1757 4877 4878
f 1756 4878 4879
f 1756 1757 4878
f 1755 1756 4879
f 1755 4879 4880
f 1754 1755 4880
f 1754 4880 4881
f 1752 1754 4881
f 1752 4881 4882
f 1753 1752 4882
f 1753 4882 4883
f 1745 4883 4884
f 1745 1753 4883
f 1746 1745 4884
f 1746 4884 4885
f 1747 4885 4886
f 1747 1746 4885
f 1748 4886 4887
f 1748 1747 4886
f 1749 4887 4888
f 1749 1748 4887
f 1750 4888 4889
f 1750 1749 4888
f 1751 4889 4890
f 1751 1750 4889
f 1744 4890 4891
f 1744 1751 4890
f 4892 1744 4891
f 1739 1744 4892
f 1740 1739 4892
f 1740 4892 4893
f 1741 4893 4894
f 1741 1740 4893
f 1742 4894 4895
f 1742 1741 4894
f 4896 1742 4895
f 1743 1742 4896
f 1738 4896 4897
f 1738 1743 4896
f 1736 1738 4897
f 1736 4897 4898
f 4899 1736 4898
f 1737 1736 4899
f 4900 1737 4899
f 1735 1737 4900
f 1730 1735 4900
f 1730 4900 4901
f 1731 1730 4901
f 1731 4901 4902
f 1732 4902 4903
f 1732 1731 4902
f 1733 4903 4904
f 1733 1732 4903
f 1734 4904 4905
f 1734 1733 4904
f 1725 4905 4906
f 1725 1734 4905
f 1726 1725 4906
f 1726 4906 4907
f 1727 4907 4908
f 1727 1726 4907
f 1728 4908 4909
f 1728 1727 4908
f 1729 4909 4910
f 1729 1728 4909
f 1723 4910 4911
f 1723 1729 4910
f 4877 1723 4911
f 1724 1723 4877
f 4883 4885 4884
f 4883 4886 4885
f 4883 4887 4886
f 4883 4888 4887
f 4889 4888 4883
f 4882 4890 4889
f 4882 4889 4883
f 4891 4890 4882
f 4881 4891 4882
f 4892 4891 4881
f 4898 4894 4893
f 4898 4895 4894
f 4898 4896 4895
f 4898 4897 4896
f 4899 4893 4892
f 4899 4898 4893
f 4900 4892 4881
f 4900 4899 4892
f 4878 4880 4879
f 4877 4880 4878
f 4911 4880 4877
f 4901 4881 4880
f 4901 4900 4881
f 4901 4880 4911
f 4910 4901 4911
f 4902 4901 4910
f 4909 4902 4910
f 4903 4902 4909
f 4908 4903 4909
f 4904 4903 4908
f 4907 4904 4908
f 4905 4904 4907
f 4906 4905 4907
f 4913 1688 4912
f 1719 1688 4913
f 1720 1719 4913
f 1720 4913 4914
f 1721 4914 4915
f 1721 1720 4914
f 1722 4915 4916
f 1722 1721 4915
f 1718 4916 4917
f 1718 1722 4916
f 1716 1718 4917
f 1716 4917 4918
f 1717 1716 4918
f 1717 4918 4919
f 1708 4919 4920
f 1708 1717 4919
f 1709 1708 4920
f 1709 4920 4921
f 1710 4921 4922
f 1710 1709 4921
f 1711 4922 4923
f 1711 1710 4922
f 1712 4923 4924
f 1712 1711 4923
f 1713 4924 4925
f 1713 1712 4924
f 1714 4925 4926
f 1714 1713 4925
f 1715 4926 4927
f 1715 1714 4926
f 1707 4927 4928
f 1707 1715 4927
f 1706 1707 4928
f 1706 4928 4929
f 1701 1706 4929
f 1701 4929 4930
f 1702 1701 4930
f 1702 4930 4931
f 1703 4931 4932
f 1703 1702 4931
f 1704 4932 4933
f 1704 1703 4932
f 1705 4933 4934
f 1705 1704 4933
f 1695 4934 4935
f 1695 1705 4934
f 4936 1695 4935
f 1696 1695 4936
f 4937 1696 4936
f 1697 1696 4937
f 4938 1697 4937
f 1698 1697 4938
f 4939 1698 4938
f 1699 1698 4939
f 4940 1699 4939
f 1700 1699 4940
f 4941 1700 4940
f 1694 1700 4941
f 4942 1694 4941
f 1693 1694 4942
f 1690 1693 4942
f 1690 4942 4943
f 4944 1690 4943
f 1691 1690 4944
f 4945 1691 4944
f 1692 1691 4945
f 4946 1692 4945
f 1689 1692 4946
f 1687 1689 4946
f 1687 4946 4947
f 4912 1687 4947
f 1688 1687 4912
f 4912 4914 4913
f 4912 4915 4914
f 4912 4916 4915
f 4917 4916 4912
f 4921 4920 4919
f 4922 4921 4919
f 4945 4947 4946
f 4923 4922 4919
f 4924 4923 4919
f 4925 4924 4919
f 4926 4925 4919
f 4944 4947 4945
f 4927 4919 4918
f 4927 4926 4919
f 4943 4947 4944
f 4928 4927 4918
f 4942 4912 4947
f 4942 4947 4943
f 4929 4918 4917
f 4929 4917 4912
f 4929 4912 4942
f 4929 4928 4918
f 4941 4930 4929
f 4941 4929 4942
f 4940 4930 4941
f 4931 4930 4940
f 4939 4931 4940
f 4932 4931 4939
f 4938 4932 4939
f 4937 4932 4938
f 4933 4932 4937
f 4936 4933 4937
f 4934 4933 4936
f 4935 4934 4936
f 2677 2655 4948
f 2677 4948 4949
f 4950 2677 4949
f 2676 2677 4950
f 2675 2676 4950
f 2675 4950 4951
f 2674 2675 4951
f 2674 4951 4952
f 2672 2674 4952
f 2672 4952 4953
f 2673 2672 4953
f 2673 4953 4954
f 2671 4954 4955
f 2671 2673 4954
f 2666 2671 4955
f 2666 4955 4956
f 2667 2666 4956
f 2667 4956 4957
f 2668 4957 4958
f 2668 2667 4957
f 2669 4958 4959
f 2669 2668 4958
f 2670 4959 4960
f 2670 2669 4959
f 2662 4960 4961
f 2662 2670 4960
f 2663 2662 4961
f 2663 4961 4962
f 2664 4962 4963
f 2664 2663 4962
f 2665 4963 4964
f 2665 2664 4963
f 2661 4964 4965
f 2661 2665 4964
f 4966 2661 4965
f 2657 2661 4966
f 2658 2657 4966
f 2658 4966 4967
f 2659 4967 4968
f 2659 2658 4967
f 2660 4968 4969
f 2660 2659 4968
f 2656 4969 4970
f 2656 2660 4969
f 2654 2656 4970
f 2654 4970 4971
f 4948 2654 4971
f 2655 2654 4948
f 4970 4967 4966
f 4970 4968 4967
f 4970 4969 4968
f 4965 4971 4970
f 4965 4970 4966
f 4963 4965 4964
f 4960 4962 4961
f 4959 4963 4962
f 4959 4965 4963
f 4959 4962 4960
f 4958 4965 4959
f 4957 4965 4958
f 4951 4949 4948
f 4951 4950 4949
f 4951 4948 4971
f 4956 4971 4965
f 4956 4965 4957
f 4955 4971 4956
f 4952 4951 4971
f 4952 4971 4955
f 4954 4952 4955
f 4953 4952 4954
f 1684 1672 4972
f 1684 4972 4973
f 1685 4973 4974
f 1685 1684 4973
f 1686 4974 4975
f 1686 1685 4974
f 1683 4975 4976
f 1683 1686 4975
f 1682 1683 4976
f 1682 4976 4977
f 1681 1682 4977
f 1681 4977 4978
f 1680 1681 4978
f 1680 4978 4979
f 4980 1680 4979
f 1674 1680 4980
f 1675 1674 4980
f 1675 4980 4981
f 1676 4981 4982
f 1676 1675 4981
f 1677 4982 4983
f 1677 1676 4982
f 1678 4983 4984
f 1678 1677 4983
f 1679 4984 4985
f 1679 1678 4984
f 1673 4985 4986
f 1673 1679 4985
f 1671 1673 4986
f 1671 4986 4987
f 1672 1671 4987
f 1672 4987 4972
f 4977 4976 4975
f 4974 4977 4975
f 4978 4977 4974
f 4987 4973 4972
f 4987 4974 4973
f 4986 4978 4974
f 4986 4974 4987
f 4980 4982 4981
f 4980 4983 4982
f 4980 4984 4983
f 4980 4985 4984
f 4980 4986 4985
f 4980 4979 4978
f 4980 4978 4986
f 2705 2679 4988
f 2705 4988 4989
f 2706 4989 4990
f 2706 2705 4989
f 4991 2706 4990
f 2704 2706 4991
f 2703 2704 4991
f 2703 4991 4992
f 4993 2703 4992
f 2701 2703 4993
f 2702 2701 4993
f 2702 4993 4994
f 2698 4994 4995
f 2698 2702 4994
f 2699 2698 4995
f 2699 4995 4996
f 2700 4996 4997
f 2700 2699 4996
f 2697 4997 4998
f 2697 2700 4997
f 2696 2697 4998
f 2696 4998 4999
f 2694 2696 4999
f 2694 4999 5000
f 5001 2694 5000
f 2695 2694 5001
f 5002 2695 5001
f 2692 2695 5002
f 5003 2692 5002
f 2693 2692 5003
f 5004 2693 5003
f 2691 2693 5004
f 2690 2691 5004
f 2690 5004 5005
f 2688 2690 5005
f 2688 5005 5006
f 2689 2688 5006
f 2689 5006 5007
f 2681 5007 5008
f 2681 2689 5007
f 2682 2681 5008
f 2682 5008 5009
f 2683 5009 5010
f 2683 2682 5009
f 2684 5010 5011
f 2684 2683 5010
f 2685 5011 5012
f 2685 2684 5011
f 2686 5012 5013
f 2686 2685 5012
f 2687 5013 5014
f 2687 2686 5013
f 2680 5014 5015
f 2680 2687 5014
f 5016 2680 5015
f 2678 2680 5016
f 2679 2678 5016
f 2679 5016 4988
f 5007 5009 5008
f 5010 5009 5007
f 5006 5010 5007
f 5011 5010 5006
f 5012 5011 5006
f 5005 5013 5012
f 5005 5012 5006
f 5014 5013 5005
f 5015 5014 5005
f 5002 5004 5003
f 5001 5004 5002
f 5000 5004 5001
f 4999 5016 5015
f 4999 5005 5004
f 4999 5015 5005
f 4999 5004 5000
f 4992 4989 4988
f 4992 4990 4989
f 4992 4991 4990
f 4992 4988 5016
f 4993 4992 5016
f 4993 5016 4999
f 4998 4993 4999
f 4994 4993 4998
f 4997 4994 4998
f 4996 4994 4997
f 4995 4994 4996
f 4078 4072 4073
f 4070 4078 4079
f 4070 4071 4072
f 4070 4072 4078
f 4060 4079 4080
f 4060 4080 4081
f 4060 4070 4079
f 4086 4060 4081
f 4087 4059 4060
f 4087 4060 4086
f 4088 4058 4059
f 4088 4059 4087
f 4089 4058 4088
f 4033 4052 4053
f 4033 4053 4054
f 4033 4054 4055
f 4032 4055 4056
f 4032 4033 4055
f 4031 4032 4056
f 4031 4056 4057
f 4104 4102 4103
f 4030 4031 4057
f 4029 4057 4058
f 4029 4058 4089
f 4029 4030 4057
f 4217 4105 4216
f 4217 4101 4102
f 4217 4102 4104
f 4217 4104 4105
f 4218 4100 4101
f 4218 4101 4217
f 4028 4089 4094
f 4028 4029 4089
f 4016 4100 4218
f 4016 4096 4100
f 4016 4095 4096
f 4027 4028 4094
f 4027 4094 4095
f 4017 4095 4016
f 4017 4027 4095
f 4026 4017 4018
f 4026 4027 4017
f 4019 4026 4018
f 4020 4026 4019
f 4020 4025 4026
f 4021 4024 4025
f 4021 4025 4020
f 4022 4023 4024
f 4022 4024 4021
f 5017 5046 5018
f 5029 5021 5020
f 5029 5022 5021
f 5028 5023 5022
f 5028 5024 5023
f 5028 5025 5024
f 5028 5026 5025
f 5028 5027 5026
f 5028 5019 5027
f 5028 5022 5029
f 5037 5036 5045
f 5038 5037 5045
f 5039 5038 5045
f 5040 5039 5045
f 5041 5040 5045
f 5042 5041 5045
f 5043 5042 5045
f 5044 5043 5045
f 5035 5044 5045
f 5034 5017 5019
f 5034 5045 5046
f 5034 5046 5017
f 5034 5019 5028
f 5034 5035 5045
f 5030 5033 5032
f 5030 5032 5034
f 5030 5034 5028
f 5031 5033 5030
f 5059 5052 5051
f 5053 5052 5059
f 5058 5053 5059
f 5054 5053 5058
f 5057 5054 5058
f 5055 5054 5057
f 5056 5050 5055
f 5056 5055 5057
f 5066 5048 5047
f 5066 5049 5048
f 5084 5050 5056
f 5085 5050 5084
f 5083 5084 5056
f 5086 5050 5085
f 5082 5083 5056
f 5087 5047 5050
f 5087 5050 5086
f 5081 5082 5056
f 5088 5047 5087
f 5080 5081 5056
f 5089 5047 5088
f 5079 5080 5056
f 5090 5047 5089
f 5090 5066 5047
f 5078 5079 5056
f 5091 5066 5090
f 5077 5078 5056
f 5092 5066 5091
f 5076 5077 5056
f 5093 5066 5092
f 5094 5066 5093
f 5095 5066 5094
f 5096 5066 5095
f 5097 5066 5096
f 5098 5066 5097
f 5099 5066 5098
f 5100 5066 5099
f 5101 5066 5100
f 5060 5076 5056
f 5060 5069 5070
f 5060 5070 5071
f 5060 5071 5072
f 5060 5072 5073
f 5060 5073 5074
f 5060 5074 5075
f 5060 5075 5076
f 5064 5061 5062
f 5063 5060 5061
f 5063 5061 5064
f 5065 5067 5068
f 5065 5068 5069
f 5065 5069 5060
f 5065 5105 5106
f 5065 5106 5107
f 5065 5107 5108
f 5065 5108 5109
f 5065 5109 5110
f 5065 5110 5111
f 5065 5111 5112
f 5065 5112 5067
f 5065 5060 5063
f 5065 5066 5101
f 5065 5101 5102
f 5065 5102 5103
f 5065 5103 5104
f 5065 5104 5105
f 5134 5136 5135
f 5134 5137 5136
f 5138 5134 5135
f 5125 5124 5133
f 5126 5125 5133
f 5115 5138 5116
f 5127 5126 5133
f 5128 5127 5133
f 5129 5128 5133
f 5130 5129 5133
f 5114 5138 5115
f 5131 5133 5132
f 5131 5130 5133
f 5113 5138 5114
f 5123 5131 5132
f 5122 5132 5134
f 5122 5134 5138
f 5122 5123 5132
f 5122 5138 5113
f 5117 5121 5122
f 5117 5122 5113
f 5120 5121 5117
f 5119 5121 5120
f 5118 5121 5119
f 5146 5144 5143
f 5146 5145 5144
f 5146 5142 5145
f 5141 5142 5146
f 5151 5149 5148
f 5151 5147 5149
f 5150 5147 5151
f 5152 5146 5147
f 5152 5141 5146
f 5152 5147 5150
f 5156 5140 5139
f 5156 5139 5141
f 5156 5141 5152
f 5153 5156 5152
f 5155 5156 5153
f 5154 5155 5153
f 5158 5178 5159
f 5158 5179 5178
f 5180 5179 5158
f 5181 5180 5158
f 5182 5181 5158
f 5157 5183 5182
f 5157 5182 5158
f 5184 5183 5157
f 5177 5184 5157
f 5170 5169 5175
f 5171 5170 5175
f 5161 5157 5160
f 5161 5160 5162
f 5161 5177 5157
f 5172 5175 5174
f 5172 5171 5175
f 5173 5172 5174
f 5168 5174 5176
f 5168 5173 5174
f 5167 5176 5177
f 5167 5177 5161
f 5167 5168 5176
f 5163 5166 5167
f 5163 5167 5161
f 5165 5166 5163
f 5164 5166 5165
f 5204 5202 5201
f 5204 5203 5202
f 5204 5200 5203
f 5199 5200 5204
f 5205 5199 5204
f 5191 5196 5195
f 5191 5197 5196
f 5191 5198 5197
f 5191 5190 5198
f 5192 5195 5194
f 5192 5191 5195
f 5189 5194 5193
f 5189 5192 5194
f 5209 5207 5206
f 5209 5208 5207
f 5209 5205 5208
f 5210 5193 5199
f 5210 5199 5205
f 5210 5205 5209
f 5210 5189 5193
f 5185 5210 5211
f 5185 5189 5210
f 5217 5185 5211
f 5186 5185 5217
f 5216 5187 5186
f 5216 5186 5217
f 5215 5187 5216
f 5214 5187 5215
f 5213 5187 5214
f 5212 5187 5213
f 5188 5187 5212
f 5244 5243 5245
f 5235 5243 5244
f 5239 5238 5237
f 5224 5247 5225
f 5223 5247 5224
f 5240 5237 5236
f 5240 5239 5237
f 5222 5247 5223
f 5221 5247 5222
f 5241 5236 5235
f 5241 5240 5236
f 5220 5248 5247
f 5220 5247 5221
f 5242 5241 5235
f 5219 5246 5248
f 5219 5248 5220
f 5234 5235 5244
f 5234 5242 5235
f 5218 5244 5246
f 5218 5246 5219
f 5233 5244 5218
f 5233 5234 5244
f 5226 5233 5218
f 5232 5233 5226
f 5227 5232 5226
f 5231 5232 5227
f 5230 5232 5231
f 5229 5232 5230
f 5228 5232 5229
f 5261 5253 5252
f 5261 5254 5253
f 5261 5255 5254
f 5261 5256 5255
f 5261 5257 5256
f 5261 5258 5257
f 5261 5259 5258
f 5261 5260 5259
f 5261 5251 5260
f 5249 5261 5262
f 5249 5251 5261
f 5270 5262 5263
f 5270 5265 5264
f 5270 5266 5265
f 5270 5267 5266
f 5270 5268 5267
f 5270 5269 5268
f 5270 5263 5269
f 5271 5250 5249
f 5271 5249 5262
f 5271 5262 5270
f 5273 5250 5271
f 5272 5273 5271
f 5296 5295 5294
f 5302 5297 5296
f 5302 5298 5297
f 5302 5299 5298
f 5302 5300 5299
f 5302 5301 5300
f 5302 5293 5301
f 5302 5296 5294
f 5292 5293 5302
f 5289 5288 5291
f 5290 5289 5291
f 5286 5290 5291
f 5287 5286 5291
f 5285 5291 5292
f 5285 5287 5291
f 5303 5292 5302
f 5275 5303 5276
f 5274 5303 5275
f 5281 5285 5292
f 5281 5292 5303
f 5277 5282 5281
f 5277 5303 5274
f 5277 5281 5303
f 5280 5282 5277
f 5283 5280 5279
f 5283 5282 5280
f 5284 5283 5279
f 5278 5284 5279
f 5314 5311 5312
f 5310 5314 5313
f 5310 5311 5314
f 5319 5317 5316
f 5319 5315 5317
f 5324 5319 5318
f 5324 5315 5319
f 5323 5315 5324
f 5322 5315 5323
f 5321 5315 5322
f 5306 5309 5308
f 5306 5307 5309
f 5306 5308 5310
f 5320 5315 5321
f 5335 5313 5315
f 5334 5335 5315
f 5334 5315 5320
f 5336 5313 5335
f 5333 5334 5320
f 5337 5313 5336
f 5332 5333 5320
f 5338 5313 5337
f 5331 5332 5320
f 5339 5313 5338
f 5330 5331 5320
f 5340 5313 5339
f 5340 5310 5313
f 5329 5330 5320
f 5341 5310 5340
f 5328 5329 5320
f 5342 5310 5341
f 5342 5306 5310
f 5327 5328 5320
f 5343 5306 5342
f 5326 5327 5320
f 5344 5306 5343
f 5325 5326 5320
f 5345 5306 5344
f 5346 5306 5345
f 5357 5348 5349
f 5357 5349 5350
f 5357 5350 5351
f 5357 5351 5352
f 5357 5352 5353
f 5357 5353 5354
f 5357 5354 5355
f 5357 5355 5356
f 5304 5346 5347
f 5304 5347 5348
f 5304 5306 5346
f 5304 5348 5357
f 5363 5304 5357
f 5362 5304 5363
f 5361 5304 5362
f 5360 5304 5361
f 5359 5304 5360
f 5358 5304 5359
f 5305 5304 5358
f 5382 5365 5364
f 5382 5366 5365
f 5379 5378 5381
f 5380 5379 5381
f 5377 5380 5381
f 5369 5364 5367
f 5369 5367 5368
f 5369 5381 5382
f 5369 5382 5364
f 5370 5381 5369
f 5370 5377 5381
f 5371 5373 5372
f 5371 5374 5373
f 5371 5375 5374
f 5371 5376 5375
f 5371 5370 5376
f 5371 5377 5370
f 5391 5390 5395
f 5398 5391 5395
f 5392 5391 5398
f 5396 5398 5397
f 5396 5392 5398
f 5393 5392 5396
f 5394 5393 5396
f 5389 5394 5396
f 5399 5389 5396
f 5387 5389 5399
f 5404 5402 5401
f 5404 5400 5402
f 5403 5400 5404
f 5405 5399 5400
f 5405 5400 5403
f 5385 5388 5387
f 5385 5386 5388
f 5383 5387 5399
f 5383 5399 5405
f 5383 5385 5387
f 5406 5383 5405
f 5407 5383 5406
f 5384 5383 5407
f 5433 5435 5434
f 5433 5436 5435
f 5437 5433 5434
f 5424 5423 5432
f 5425 5424 5432
f 5426 5425 5432
f 5427 5426 5432
f 5410 5437 5411
f 5428 5427 5432
f 5429 5428 5432
f 5409 5437 5410
f 5430 5432 5431
f 5430 5429 5432
f 5408 5437 5409
f 5422 5430 5431
f 5412 5433 5437
f 5412 5437 5408
f 5421 5431 5433
f 5421 5422 5431
f 5421 5433 5412
f 5413 5421 5412
f 5420 5421 5413
f 5419 5420 5413
f 5418 5420 5419
f 5417 5420 5418
f 5416 5420 5417
f 5415 5420 5416
f 5414 5420 5415
f 5449 5446 5445
f 5449 5447 5446
f 5449 5448 5447
f 5449 5444 5448
f 5443 5444 5449
f 5440 5441 5442
f 5440 5442 5443
f 5454 5452 5451
f 5454 5450 5452
f 5459 5454 5453
f 5459 5450 5454
f 5458 5450 5459
f 5457 5450 5458
f 5456 5450 5457
f 5455 5449 5450
f 5455 5443 5449
f 5455 5450 5456
f 5438 5455 5460
f 5438 5440 5443
f 5438 5443 5455
f 5439 5438 5460
f 5462 5482 5463
f 5462 5483 5482
f 5484 5483 5462
f 5485 5484 5462
f 5486 5485 5462
f 5461 5487 5486
f 5461 5486 5462
f 5488 5487 5461
f 5481 5488 5461
f 5474 5473 5479
f 5475 5474 5479
f 5465 5461 5464
f 5465 5464 5466
f 5465 5481 5461
f 5476 5479 5478
f 5476 5475 5479
f 5477 5476 5478
f 5472 5478 5480
f 5472 5477 5478
f 5471 5480 5481
f 5471 5481 5465
f 5471 5472 5480
f 5467 5470 5471
f 5467 5471 5465
f 5469 5470 5467
f 5468 5470 5469
f 5506 5504 5503
f 5506 5505 5504
f 5507 5502 5501
f 5507 5503 5502
f 5507 5506 5503
f 5508 5507 5501
f 5509 5508 5501
f 5510 5500 5509
f 5510 5509 5501
f 5499 5500 5510
f 5495 5494 5498
f 5496 5495 5498
f 5493 5498 5497
f 5493 5497 5499
f 5493 5496 5498
f 5520 5513 5512
f 5520 5514 5513
f 5520 5515 5514
f 5520 5516 5515
f 5520 5517 5516
f 5520 5518 5517
f 5520 5519 5518
f 5520 5511 5519
f 5521 5510 5511
f 5521 5499 5510
f 5521 5511 5520
f 5521 5493 5499
f 5489 5493 5521
f 5489 5521 5522
f 5528 5489 5522
f 5490 5489 5528
f 5527 5491 5490
f 5527 5490 5528
f 5526 5491 5527
f 5525 5491 5526
f 5524 5491 5525
f 5523 5491 5524
f 5492 5491 5523
f 5561 5554 5553
f 5561 5555 5554
f 5561 5556 5555
f 5561 5557 5556
f 5558 5557 5561
f 5560 5559 5558
f 5560 5558 5561
f 5552 5559 5560
f 5562 5552 5560
f 5547 5552 5562
f 5544 5549 5548
f 5544 5550 5549
f 5544 5551 5550
f 5544 5546 5551
f 5545 5548 5547
f 5545 5544 5548
f 5543 5547 5562
f 5543 5545 5547
f 5530 5563 5531
f 5529 5563 5530
f 5532 5563 5529
f 5538 5562 5563
f 5538 5543 5562
f 5538 5563 5532
f 5537 5538 5532
f 5539 5538 5537
f 5536 5539 5537
f 5540 5539 5536
f 5535 5540 5536
f 5541 5540 5535
f 5534 5541 5535
f 5542 5541 5534
f 5533 5542 5534
f 5570 5569 5571
f 5572 5568 5570
f 5572 5570 5571
f 5619 5565 5564
f 5619 5566 5565
f 5619 5567 5566
f 5619 5564 5568
f 5638 5572 5637
f 5636 5637 5572
f 5639 5572 5638
f 5635 5636 5572
f 5640 5572 5639
f 5634 5635 5572
f 5641 5572 5640
f 5633 5634 5572
f 5642 5572 5641
f 5632 5633 5572
f 5643 5572 5642
f 5644 5568 5572
f 5644 5619 5568
f 5644 5572 5643
f 5645 5619 5644
f 5646 5619 5645
f 5647 5619 5646
f 5648 5619 5647
f 5649 5619 5648
f 5650 5619 5649
f 5651 5619 5650
f 5652 5619 5651
f 5653 5619 5652
f 5654 5619 5653
f 5573 5632 5572
f 5573 5625 5626
f 5573 5626 5627
f 5573 5627 5628
f 5573 5628 5629
f 5573 5629 5630
f 5573 5630 5631
f 5573 5631 5632
f 5574 5573 5575
f 5577 5573 5574
f 5576 5573 5577
f 5578 5573 5576
f 5588 5573 5578
f 5588 5589 5573
f 5590 5573 5589
f 5590 5624 5625
f 5590 5625 5573
f 5587 5588 5578
f 5591 5624 5590
f 5591 5623 5624
f 5586 5587 5578
f 5592 5623 5591
f 5592 5622 5623
f 5585 5586 5578
f 5593 5622 5592
f 5593 5621 5622
f 5584 5585 5578
f 5594 5620 5621
f 5594 5621 5593
f 5583 5584 5578
f 5595 5665 5620
f 5595 5620 5594
f 5582 5583 5578
f 5596 5664 5665
f 5596 5665 5595
f 5581 5582 5578
f 5597 5664 5596
f 5597 5663 5664
f 5579 5581 5578
f 5580 5581 5579
f 5598 5663 5597
f 5598 5662 5663
f 5599 5662 5598
f 5599 5661 5662
f 5618 5599 5600
f 5618 5600 5601
f 5618 5601 5602
f 5618 5661 5599
f 5618 5619 5654
f 5618 5654 5655
f 5618 5655 5656
f 5618 5656 5657
f 5618 5657 5658
f 5618 5658 5659
f 5618 5659 5660
f 5618 5660 5661
f 5610 5602 5603
f 5610 5603 5604
f 5610 5604 5605
f 5610 5605 5606
f 5610 5606 5607
f 5610 5607 5608
f 5610 5608 5609
f 5610 5618 5602
f 5617 5618 5610
f 5616 5618 5617
f 5615 5618 5616
f 5614 5618 5615
f 5613 5618 5614
f 5612 5618 5613
f 5611 5618 5612
f 5667 5693 5668
f 5667 5694 5693
f 5667 5695 5694
f 5667 5696 5695
f 5697 5696 5667
f 5666 5698 5697
f 5666 5697 5667
f 5692 5698 5666
f 5685 5688 5687
f 5685 5689 5688
f 5685 5690 5689
f 5685 5691 5690
f 5685 5686 5691
f 5684 5687 5692
f 5684 5692 5666
f 5684 5685 5687
f 5672 5671 5670
f 5672 5669 5671
f 5679 5666 5669
f 5679 5684 5666
f 5679 5669 5672
f 5673 5679 5672
f 5678 5679 5673
f 5680 5679 5678
f 5677 5680 5678
f 5681 5680 5677
f 5676 5681 5677
f 5682 5681 5676
f 5675 5682 5676
f 5683 5682 5675
f 5674 5683 5675
f 5705 5704 5706
f 5707 5703 5705
f 5707 5705 5706
f 5724 5700 5699
f 5724 5701 5700
f 5724 5702 5701
f 5724 5699 5703
f 5724 5703 5707
f 5709 5708 5710
f 5712 5708 5709
f 5711 5708 5712
f 5713 5708 5711
f 5714 5707 5708
f 5714 5724 5707
f 5714 5708 5713
f 5723 5724 5714
f 5715 5723 5714
f 5722 5723 5715
f 5721 5723 5722
f 5720 5723 5721
f 5719 5723 5720
f 5718 5723 5719
f 5717 5723 5718
f 5716 5723 5717
f 5740 5729 5728
f 5727 5740 5728
f 5739 5740 5727
f 5730 5726 5725
f 5730 5727 5726
f 5731 5739 5727
f 5731 5727 5730
f 5732 5734 5733
f 5732 5735 5734
f 5732 5736 5735
f 5732 5737 5736
f 5732 5731 5737
f 5732 5738 5739
f 5732 5739 5731
f 5755 5748 5747
f 5749 5748 5755
f 5754 5749 5755
f 5750 5749 5754
f 5751 5750 5754
f 5756 5752 5751
f 5756 5751 5754
f 5753 5752 5756
f 5746 5753 5756
f 5758 5757 5759
f 5761 5757 5758
f 5760 5757 5761
f 5762 5745 5746
f 5762 5756 5757
f 5762 5746 5756
f 5762 5757 5760
f 5769 5742 5741
f 5769 5743 5742
f 5769 5744 5743
f 5769 5741 5745
f 5767 5769 5745
f 5767 5745 5762
f 5763 5767 5762
f 5768 5767 5763
f 5766 5768 5763
f 5765 5768 5766
f 5764 5768 5765
f 5770 5803 5771
f 5770 5804 5803
f 5770 5805 5804
f 5802 5805 5770
f 5793 5792 5801
f 5794 5793 5801
f 5776 5772 5773
f 5795 5794 5801
f 5796 5795 5801
f 5797 5796 5801
f 5798 5797 5801
f 5775 5772 5776
f 5799 5801 5800
f 5799 5798 5801
f 5774 5772 5775
f 5791 5799 5800
f 5777 5770 5772
f 5777 5772 5774
f 5790 5800 5802
f 5790 5802 5770
f 5790 5770 5777
f 5790 5791 5800
f 5778 5785 5790
f 5778 5790 5777
f 5784 5785 5778
f 5786 5785 5784
f 5783 5786 5784
f 5787 5786 5783
f 5782 5787 5783
f 5781 5787 5782
f 5788 5787 5781
f 5780 5788 5781
f 5789 5788 5780
f 5779 5789 5780
f 5810 5812 5811
f 5810 5813 5812
f 5810 5814 5813
f 5815 5809 5810
f 5815 5810 5811
f 5818 5815 5819
f 5824 5817 5816
f 5823 5818 5817
f 5823 5815 5818
f 5823 5817 5824
f 5822 5815 5823
f 5821 5815 5822
f 5829 5807 5806
f 5829 5808 5807
f 5829 5806 5809
f 5820 5809 5815
f 5820 5815 5821
f 5825 5809 5820
f 5828 5829 5809
f 5828 5809 5825
f 5827 5828 5825
f 5826 5828 5827
f 5857 5854 5853
f 5857 5855 5854
f 5857 5856 5855
f 5857 5852 5856
f 5851 5852 5857
f 5846 5851 5857
f 5844 5849 5848
f 5844 5850 5849
f 5844 5843 5850
f 5845 5844 5848
f 5842 5847 5846
f 5842 5848 5847
f 5842 5846 5857
f 5842 5845 5848
f 5830 5858 5831
f 5832 5857 5858
f 5832 5842 5857
f 5832 5858 5830
f 5838 5836 5835
f 5838 5837 5836
f 5838 5832 5837
f 5838 5842 5832
f 5840 5839 5838
f 5834 5838 5835
f 5841 5840 5838
f 5841 5838 5834
f 5833 5841 5834
f 5864 5862 5863
f 5870 5864 5865
f 5869 5864 5870
f 5868 5864 5869
f 5867 5864 5868
f 5882 5860 5859
f 5882 5861 5860
f 5882 5859 5862
f 5866 5864 5867
f 5871 5882 5862
f 5871 5862 5864
f 5871 5864 5866
f 5881 5882 5871
f 5872 5881 5871
f 5880 5881 5872
f 5879 5881 5880
f 5878 5881 5879
f 5877 5881 5878
f 5876 5881 5877
f 5875 5881 5876
f 5874 5881 5875
f 5873 5881 5874
f 5901 5884 5883
f 5901 5885 5884
f 5898 5897 5900
f 5899 5898 5900
f 5896 5899 5900
f 5888 5883 5886
f 5888 5886 5887
f 5888 5900 5901
f 5888 5901 5883
f 5889 5900 5888
f 5889 5896 5900
f 5890 5892 5891
f 5890 5893 5892
f 5890 5894 5893
f 5890 5895 5894
f 5890 5889 5895
f 5890 5896 5889
f 5912 5914 5913
f 5912 5911 5914
f 5910 5912 5913
f 5909 5910 5913
f 5928 5904 5903
f 5928 5905 5904
f 5928 5906 5905
f 5928 5907 5906
f 5928 5908 5907
f 5927 5903 5902
f 5927 5902 5909
f 5927 5928 5903
f 5915 5909 5913
f 5920 5918 5917
f 5920 5916 5918
f 5919 5916 5920
f 5921 5915 5916
f 5921 5916 5919
f 5925 5927 5909
f 5925 5909 5915
f 5925 5915 5921
f 5922 5925 5921
f 5924 5926 5925
f 5924 5925 5922
f 5923 5926 5924
f 5951 5930 5929
f 5951 5931 5930
f 5950 5951 5929
f 5948 5947 5950
f 5946 5949 5948
f 5946 5948 5950
f 5940 5934 5933
f 5939 5934 5940
f 5938 5934 5939
f 5937 5934 5938
f 5936 5932 5934
f 5936 5934 5937
f 5935 5932 5936
f 5941 5929 5932
f 5941 5950 5929
f 5941 5946 5950
f 5941 5932 5935
f 5944 5941 5942
f 5944 5942 5945
f 5943 5946 5941
f 5943 5941 5944
f 5956 5960 5959
f 5957 5959 5958
f 5957 5956 5959
f 5955 5957 5958
f 5961 5955 5958
f 5969 5953 5952
f 5969 5954 5953
f 5965 5963 5962
f 5965 5964 5963
f 5965 5961 5964
f 5965 5955 5961
f 5968 5952 5955
f 5968 5969 5952
f 5968 5955 5965
f 5966 5968 5965
f 5967 5968 5966
f 5991 5993 5992
f 5991 5994 5993
f 5995 5991 5992
f 5982 5981 5990
f 5983 5982 5990
f 5972 5995 5973
f 5984 5983 5990
f 5985 5984 5990
f 5986 5985 5990
f 5987 5986 5990
f 5971 5995 5972
f 5988 5990 5989
f 5988 5987 5990
f 5970 5995 5971
f 5980 5988 5989
f 5979 5989 5991
f 5979 5991 5995
f 5979 5980 5989
f 5979 5995 5970
f 5974 5978 5979
f 5974 5979 5970
f 5977 5978 5974
f 5976 5978 5977
f 5975 5978 5976
f 6003 6000 6001
f 5999 6003 6002
f 5999 6000 6003
f 6008 6006 6005
f 6008 6004 6006
f 6013 6008 6007
f 6013 6004 6008
f 6012 6004 6013
f 6011 6004 6012
f 6010 6004 6011
f 6017 5997 5996
f 6017 5998 5997
f 6017 5996 5999
f 6009 6002 6004
f 6009 5999 6002
f 6009 6017 5999
f 6009 6004 6010
f 6014 6017 6009
f 6016 6017 6014
f 6015 6016 6014
f 6018 6029 6030
f 6018 6031 6019
f 6018 6032 6031
f 6018 6030 6032
f 6027 6028 6029
f 6027 6029 6018
f 6020 6026 6027
f 6020 6027 6018
f 6025 6026 6020
f 6024 6026 6025
f 6023 6026 6024
f 6022 6026 6023
f 6021 6026 6022
f 6039 6035 6036
f 6042 6035 6039
f 6037 6039 6036
f 6033 6035 6042
f 6038 6039 6037
f 6041 6033 6042
f 6034 6033 6041
f 6040 6034 6041
f 6141 6044 6043
f 6141 6056 6055
f 6141 6043 6056
f 6144 6045 6044
f 6144 6044 6141
f 6142 6055 6054
f 6142 6141 6055
f 6143 6046 6045
f 6143 6047 6046
f 6143 6045 6144
f 6139 6054 6053
f 6139 6142 6054
f 6140 6053 6052
f 6140 6139 6053
f 6145 6048 6047
f 6145 6049 6048
f 6145 6047 6143
f 6146 6050 6049
f 6146 6049 6145
f 6136 6140 6052
f 6137 6052 6051
f 6137 6136 6052
f 6138 6137 6051
f 6138 6051 6059
f 6128 6138 6059
f 6129 6128 6059
f 6129 6059 6058
f 6130 6058 6057
f 6130 6129 6058
f 6131 6057 6063
f 6131 6130 6057
f 6132 6063 6062
f 6132 6131 6063
f 6133 6132 6062
f 6061 6133 6062
f 6134 6133 6061
f 6060 6134 6061
f 6060 6135 6134
f 6067 6135 6060
f 6067 6123 6135
f 6190 6109 6108
f 6190 6110 6109
f 6164 6110 6190
f 6164 6104 6103
f 6164 6103 6110
f 6191 6190 6108
f 6191 6108 6107
f 6192 6191 6107
f 6192 6114 6113
f 6192 6107 6114
f 6163 6104 6164
f 6163 6105 6104
f 6162 6106 6105
f 6162 6100 6106
f 6162 6105 6163
f 6193 6113 6112
f 6193 6192 6113
f 6161 6100 6162
f 6161 6101 6100
f 6066 6123 6067
f 6066 6124 6123
f 6194 6112 6111
f 6194 6193 6112
f 6160 6101 6161
f 6160 6102 6101
f 6160 6096 6102
f 6195 6194 6111
f 6195 6118 6117
f 6195 6111 6118
f 6196 6195 6117
f 6196 6117 6116
f 6159 6096 6160
f 6159 6097 6096
f 6065 6124 6066
f 6065 6125 6124
f 6197 6116 6115
f 6197 6196 6116
f 6158 6097 6159
f 6158 6098 6097
f 6186 6197 6115
f 6186 6122 6121
f 6186 6115 6122
f 6157 6098 6158
f 6157 6099 6098
f 6157 6092 6099
f 6187 6186 6121
f 6120 6187 6121
f 6064 6125 6065
f 6064 6126 6125
f 6156 6092 6157
f 6156 6093 6092
f 6188 6187 6120
f 6155 6093 6156
f 6155 6094 6093
f 6119 6189 6188
f 6119 6188 6120
f 6182 6189 6119
f 6154 6095 6094
f 6154 6094 6155
f 6089 6095 6154
f 6070 6126 6064
f 6070 6127 6126
f 6153 6089 6154
f 6183 6182 6119
f 6184 6183 6119
f 6090 6153 6152
f 6090 6089 6153
f 6185 6184 6119
f 6069 6127 6070
f 6069 6119 6127
f 6091 6152 6151
f 6091 6090 6152
f 6086 6151 6150
f 6086 6091 6151
f 6068 6179 6178
f 6068 6178 6185
f 6068 6185 6119
f 6068 6119 6069
f 6087 6150 6149
f 6087 6086 6150
f 6073 6180 6179
f 6073 6179 6068
f 6088 6148 6147
f 6088 6149 6148
f 6088 6087 6149
f 6072 6180 6073
f 6072 6181 6180
f 6081 6088 6147
f 6081 6147 6168
f 6071 6176 6175
f 6071 6175 6181
f 6071 6181 6072
f 6082 6167 6166
f 6082 6168 6167
f 6082 6081 6168
f 6076 6176 6071
f 6076 6177 6176
f 6076 6169 6177
f 6083 6166 6165
f 6083 6082 6166
f 6075 6170 6169
f 6075 6169 6076
f 6084 6083 6165
f 6085 6084 6165
f 6085 6165 6174
f 6074 6171 6170
f 6074 6170 6075
f 6077 6174 6173
f 6077 6085 6174
f 6080 6171 6074
f 6078 6173 6172
f 6078 6077 6173
f 6079 6172 6171
f 6079 6078 6172
f 6079 6171 6080

